step,train_loss,val_loss,val_perplexity,learning_rate,tokens_per_sec,avg_seq_len,batch_size,block_size,total_tokens,grad_norm,timestamp
0,12.096848,N/A,N/A,2.50e-07,0.00,747.50,2990,N/A,2025-08-09 12:16:44
1,12.078823,N/A,N/A,5.00e-07,13999.21,636.75,5537,N/A,2025-08-09 12:16:44
2,12.127132,N/A,N/A,7.50e-07,13598.74,814.00,8793,N/A,2025-08-09 12:16:44
3,12.035375,N/A,N/A,1.00e-06,13706.32,857.25,12222,N/A,2025-08-09 12:16:44
4,12.081900,N/A,N/A,1.25e-06,13214.94,680.75,14945,N/A,2025-08-09 12:16:45
5,12.005817,N/A,N/A,1.50e-06,13461.68,913.00,18597,N/A,2025-08-09 12:16:45
6,12.026003,N/A,N/A,1.75e-06,13577.01,733.25,21530,N/A,2025-08-09 12:16:45
7,12.012918,N/A,N/A,2.00e-06,13363.35,893.75,25105,N/A,2025-08-09 12:16:45
8,12.102915,N/A,N/A,2.25e-06,13617.08,776.00,28209,N/A,2025-08-09 12:16:46
9,12.042420,N/A,N/A,2.50e-06,13716.75,746.25,31194,N/A,2025-08-09 12:16:46
10,11.967248,N/A,N/A,2.75e-06,14943.38,809.25,34431,22.2956,2025-08-09 12:16:46
11,12.008332,N/A,N/A,3.00e-06,15720.44,816.25,37696,N/A,2025-08-09 12:16:46
12,12.089398,N/A,N/A,3.25e-06,16187.04,982.50,41626,N/A,2025-08-09 12:16:46
13,12.044629,N/A,N/A,3.50e-06,16233.00,714.75,44485,N/A,2025-08-09 12:16:47
14,11.981054,N/A,N/A,3.75e-06,16945.81,814.00,47741,N/A,2025-08-09 12:16:47
15,12.043483,N/A,N/A,4.00e-06,16834.98,896.50,51327,N/A,2025-08-09 12:16:47
16,11.985386,N/A,N/A,4.25e-06,17990.61,890.00,54887,N/A,2025-08-09 12:16:47
17,12.034696,N/A,N/A,4.50e-06,17622.72,887.75,58438,N/A,2025-08-09 12:16:48
18,11.971325,N/A,N/A,4.75e-06,17035.59,793.50,61612,N/A,2025-08-09 12:16:48
19,11.955102,N/A,N/A,5.00e-06,17441.33,838.50,64966,N/A,2025-08-09 12:16:48
20,11.908637,N/A,N/A,5.25e-06,17483.33,926.25,68671,38.1955,2025-08-09 12:16:48
21,11.900111,N/A,N/A,5.50e-06,17493.65,945.00,72451,N/A,2025-08-09 12:16:48
22,11.932679,N/A,N/A,5.75e-06,16947.60,889.00,76007,N/A,2025-08-09 12:16:49
23,11.971195,N/A,N/A,6.00e-06,16813.00,725.50,78909,N/A,2025-08-09 12:16:49
24,11.980280,N/A,N/A,6.25e-06,16796.36,881.25,82434,N/A,2025-08-09 12:16:49
25,11.887931,N/A,N/A,6.50e-06,16428.22,680.50,85156,N/A,2025-08-09 12:16:49
26,11.851744,N/A,N/A,6.75e-06,15899.87,781.50,88282,N/A,2025-08-09 12:16:50
27,11.899478,N/A,N/A,7.00e-06,16243.32,765.75,91345,N/A,2025-08-09 12:16:50
28,11.823879,N/A,N/A,7.25e-06,16738.00,1024.00,95441,N/A,2025-08-09 12:16:50
29,11.844672,N/A,N/A,7.50e-06,16808.47,876.25,98946,N/A,2025-08-09 12:16:50
30,11.800088,N/A,N/A,7.75e-06,17266.70,948.00,102738,52.2699,2025-08-09 12:16:50
31,11.783471,N/A,N/A,8.00e-06,17334.05,880.50,106260,N/A,2025-08-09 12:16:51
32,11.830948,N/A,N/A,8.25e-06,17811.86,1024.00,110356,N/A,2025-08-09 12:16:51
33,11.755259,N/A,N/A,8.50e-06,17909.35,794.75,113535,N/A,2025-08-09 12:16:51
34,11.824015,N/A,N/A,8.75e-06,17270.06,872.00,117023,N/A,2025-08-09 12:16:51
35,11.766044,N/A,N/A,9.00e-06,17821.60,773.25,120116,N/A,2025-08-09 12:16:52
36,11.667235,N/A,N/A,9.25e-06,17918.74,810.75,123359,N/A,2025-08-09 12:16:52
37,11.621853,N/A,N/A,9.50e-06,17294.41,943.50,127133,N/A,2025-08-09 12:16:52
38,11.713688,N/A,N/A,9.75e-06,16549.63,962.75,130984,N/A,2025-08-09 12:16:52
39,11.677655,N/A,N/A,1.00e-05,16280.34,937.75,134735,N/A,2025-08-09 12:16:53
40,11.686245,N/A,N/A,1.03e-05,15446.65,613.50,137189,64.6132,2025-08-09 12:16:53
41,11.645108,N/A,N/A,1.05e-05,15277.63,928.50,140903,N/A,2025-08-09 12:16:53
42,11.613003,N/A,N/A,1.08e-05,15162.29,919.75,144582,N/A,2025-08-09 12:16:53
43,11.610036,N/A,N/A,1.10e-05,15218.64,589.75,146941,N/A,2025-08-09 12:16:54
44,11.558209,N/A,N/A,1.12e-05,14652.30,928.25,150654,N/A,2025-08-09 12:16:54
45,11.570461,N/A,N/A,1.15e-05,14438.93,737.50,153604,N/A,2025-08-09 12:16:54
46,11.472581,N/A,N/A,1.17e-05,15190.55,824.25,156901,N/A,2025-08-09 12:16:54
47,11.483949,N/A,N/A,1.20e-05,15627.37,990.50,160863,N/A,2025-08-09 12:16:55
48,11.439657,N/A,N/A,1.23e-05,14642.30,647.00,163451,N/A,2025-08-09 12:16:55
49,11.543203,N/A,N/A,1.25e-05,14787.70,842.50,166821,N/A,2025-08-09 12:16:55
50,11.424395,N/A,N/A,1.28e-05,15358.16,943.00,170593,75.3507,2025-08-09 12:16:55
51,11.408912,N/A,N/A,1.30e-05,15514.54,999.50,174591,N/A,2025-08-09 12:16:56
52,11.371055,N/A,N/A,1.33e-05,15361.85,866.75,178058,N/A,2025-08-09 12:16:56
53,11.420594,N/A,N/A,1.35e-05,16201.53,626.25,180563,N/A,2025-08-09 12:16:56
54,11.293721,N/A,N/A,1.38e-05,15355.06,810.50,183805,N/A,2025-08-09 12:16:56
55,11.358119,N/A,N/A,1.40e-05,15266.54,836.25,187150,N/A,2025-08-09 12:16:57
56,11.401872,N/A,N/A,1.43e-05,15615.18,821.75,190437,N/A,2025-08-09 12:16:57
57,11.351661,N/A,N/A,1.45e-05,16160.35,819.00,193713,N/A,2025-08-09 12:16:57
58,11.277367,N/A,N/A,1.48e-05,16323.67,734.75,196652,N/A,2025-08-09 12:16:57
59,11.262951,N/A,N/A,1.50e-05,16637.73,906.50,200278,N/A,2025-08-09 12:16:57
60,11.164920,N/A,N/A,1.52e-05,16198.57,678.00,202990,83.9181,2025-08-09 12:16:58
61,11.177855,N/A,N/A,1.55e-05,16151.03,939.50,206748,N/A,2025-08-09 12:16:58
62,11.162704,N/A,N/A,1.57e-05,16289.09,866.00,210212,N/A,2025-08-09 12:16:58
63,11.302608,N/A,N/A,1.60e-05,16728.44,631.50,212738,N/A,2025-08-09 12:16:58
64,11.193367,N/A,N/A,1.63e-05,17452.17,815.75,216001,N/A,2025-08-09 12:16:58
65,11.199025,N/A,N/A,1.65e-05,17441.08,837.25,219350,N/A,2025-08-09 12:16:59
66,11.068556,N/A,N/A,1.68e-05,16928.05,820.75,222633,N/A,2025-08-09 12:16:59
67,11.175280,N/A,N/A,1.70e-05,16707.26,847.25,226022,N/A,2025-08-09 12:16:59
68,11.018087,N/A,N/A,1.73e-05,16258.06,687.25,228771,N/A,2025-08-09 12:16:59
69,10.870394,N/A,N/A,1.75e-05,16132.03,815.25,232032,N/A,2025-08-09 12:17:00
70,11.118992,N/A,N/A,1.78e-05,15684.37,662.25,234681,90.2981,2025-08-09 12:17:00
71,10.984354,N/A,N/A,1.80e-05,15428.57,878.75,238196,N/A,2025-08-09 12:17:00
72,11.112678,N/A,N/A,1.82e-05,15700.16,834.00,241532,N/A,2025-08-09 12:17:00
73,10.974300,N/A,N/A,1.85e-05,15970.08,995.25,245513,N/A,2025-08-09 12:17:00
74,11.166513,N/A,N/A,1.87e-05,15816.80,750.50,248515,N/A,2025-08-09 12:17:01
75,10.920036,N/A,N/A,1.90e-05,16366.39,851.25,251920,N/A,2025-08-09 12:17:01
76,10.912452,N/A,N/A,1.93e-05,16494.16,803.25,255133,N/A,2025-08-09 12:17:01
77,10.838435,N/A,N/A,1.95e-05,17190.07,998.75,259128,N/A,2025-08-09 12:17:01
78,10.770785,N/A,N/A,1.97e-05,17775.33,982.25,263057,N/A,2025-08-09 12:17:01
79,10.743994,N/A,N/A,2.00e-05,18910.21,859.25,266494,N/A,2025-08-09 12:17:02
80,10.678775,N/A,N/A,2.03e-05,20168.66,760.75,269537,95.5098,2025-08-09 12:17:02
81,10.671375,N/A,N/A,2.05e-05,19911.83,823.50,272831,N/A,2025-08-09 12:17:02
82,10.684015,N/A,N/A,2.07e-05,21520.42,793.75,276006,N/A,2025-08-09 12:17:02
83,10.703221,N/A,N/A,2.10e-05,22104.05,826.25,279311,N/A,2025-08-09 12:17:02
84,10.770658,N/A,N/A,2.13e-05,23530.10,1020.50,283393,N/A,2025-08-09 12:17:02
85,10.711453,N/A,N/A,2.15e-05,25049.09,651.75,286000,N/A,2025-08-09 12:17:02
86,10.516656,N/A,N/A,2.18e-05,27272.38,963.25,289853,N/A,2025-08-09 12:17:02
87,10.568410,N/A,N/A,2.20e-05,26957.85,806.00,293077,N/A,2025-08-09 12:17:03
88,10.582875,N/A,N/A,2.22e-05,25950.40,959.75,296916,N/A,2025-08-09 12:17:03
89,10.603027,N/A,N/A,2.25e-05,24611.38,785.50,300058,N/A,2025-08-09 12:17:03
90,10.525671,N/A,N/A,2.28e-05,25947.78,785.75,303201,98.9997,2025-08-09 12:17:03
91,10.491759,N/A,N/A,2.30e-05,24988.18,813.00,306453,N/A,2025-08-09 12:17:03
92,10.510933,N/A,N/A,2.32e-05,23869.53,916.00,310117,N/A,2025-08-09 12:17:04
93,10.561210,N/A,N/A,2.35e-05,23468.82,762.75,313168,N/A,2025-08-09 12:17:04
94,10.379905,N/A,N/A,2.38e-05,22124.23,793.25,316341,N/A,2025-08-09 12:17:04
95,10.453286,N/A,N/A,2.40e-05,22158.98,800.00,319541,N/A,2025-08-09 12:17:04
96,10.339311,N/A,N/A,2.42e-05,22611.53,785.50,322683,N/A,2025-08-09 12:17:04
97,10.385388,N/A,N/A,2.45e-05,23797.51,956.25,326508,N/A,2025-08-09 12:17:04
98,10.471695,N/A,N/A,2.48e-05,24481.18,787.75,329659,N/A,2025-08-09 12:17:04
99,10.446356,N/A,N/A,2.50e-05,23228.54,886.00,333203,N/A,2025-08-09 12:17:05
100,10.238060,N/A,N/A,2.53e-05,23087.76,899.00,336799,101.2142,2025-08-09 12:17:05
101,10.385272,N/A,N/A,2.55e-05,11010.60,779.25,339916,N/A,2025-08-09 12:17:07
102,10.293661,N/A,N/A,2.58e-05,11159.59,803.00,343128,N/A,2025-08-09 12:17:07
103,10.156635,N/A,N/A,2.60e-05,11507.19,970.50,347010,N/A,2025-08-09 12:17:07
104,10.237632,N/A,N/A,2.62e-05,10971.88,812.75,350261,N/A,2025-08-09 12:17:07
105,10.411084,N/A,N/A,2.65e-05,11050.06,899.50,353859,N/A,2025-08-09 12:17:07
106,10.060019,N/A,N/A,2.67e-05,11423.47,854.50,357277,N/A,2025-08-09 12:17:07
107,10.224454,N/A,N/A,2.70e-05,11439.55,794.00,360453,N/A,2025-08-09 12:17:07
108,10.068587,N/A,N/A,2.72e-05,12309.00,1024.00,364549,N/A,2025-08-09 12:17:07
109,10.234913,N/A,N/A,2.75e-05,12561.31,799.50,367747,N/A,2025-08-09 12:17:08
110,10.133839,N/A,N/A,2.78e-05,33006.35,733.75,370682,102.6981,2025-08-09 12:17:08
111,10.070262,N/A,N/A,2.80e-05,31226.90,800.25,373883,N/A,2025-08-09 12:17:08
112,10.290938,N/A,N/A,2.83e-05,29137.35,748.50,376877,N/A,2025-08-09 12:17:08
113,10.121016,N/A,N/A,2.85e-05,35889.96,926.50,380583,N/A,2025-08-09 12:17:08
114,10.130686,N/A,N/A,2.88e-05,39438.93,1003.75,384598,N/A,2025-08-09 12:17:08
115,10.087118,N/A,N/A,2.90e-05,35883.35,626.50,387104,N/A,2025-08-09 12:17:08
116,10.188555,N/A,N/A,2.93e-05,33504.80,993.75,391079,N/A,2025-08-09 12:17:08
117,10.093599,N/A,N/A,2.95e-05,34110.27,675.25,393780,N/A,2025-08-09 12:17:08
118,9.941195,N/A,N/A,2.98e-05,32188.32,800.25,396981,N/A,2025-08-09 12:17:09
119,9.976458,N/A,N/A,3.00e-05,32535.52,933.50,400715,N/A,2025-08-09 12:17:09
120,10.042102,N/A,N/A,3.03e-05,34402.73,755.50,403737,103.8082,2025-08-09 12:17:09
121,9.943809,N/A,N/A,3.05e-05,38415.56,768.75,406812,N/A,2025-08-09 12:17:09
122,9.984109,N/A,N/A,3.08e-05,37980.24,768.50,409886,N/A,2025-08-09 12:17:09
123,9.820305,N/A,N/A,3.10e-05,37173.69,906.00,413510,N/A,2025-08-09 12:17:09
124,9.980307,N/A,N/A,3.13e-05,39205.88,946.75,417297,N/A,2025-08-09 12:17:09
125,9.935643,N/A,N/A,3.15e-05,43390.04,804.50,420515,N/A,2025-08-09 12:17:09
126,9.873006,N/A,N/A,3.17e-05,41721.57,816.00,423779,N/A,2025-08-09 12:17:09
127,9.836396,N/A,N/A,3.20e-05,44118.69,818.00,427051,N/A,2025-08-09 12:17:09
128,9.749195,N/A,N/A,3.22e-05,45860.67,999.25,431048,N/A,2025-08-09 12:17:09
129,9.703659,N/A,N/A,3.25e-05,46092.90,1024.00,435144,N/A,2025-08-09 12:17:09
130,9.838050,N/A,N/A,3.28e-05,47032.08,895.25,438725,104.5486,2025-08-09 12:17:10
131,9.800340,N/A,N/A,3.30e-05,49878.87,919.75,442404,N/A,2025-08-09 12:17:10
132,9.778691,N/A,N/A,3.33e-05,47869.66,770.00,445484,N/A,2025-08-09 12:17:10
133,9.903364,N/A,N/A,3.35e-05,44070.16,956.50,449310,N/A,2025-08-09 12:17:10
134,9.639107,N/A,N/A,3.38e-05,44980.13,904.25,452927,N/A,2025-08-09 12:17:10
135,9.822217,N/A,N/A,3.40e-05,46520.54,809.00,456163,N/A,2025-08-09 12:17:10
136,9.682155,N/A,N/A,3.43e-05,46359.34,942.25,459932,N/A,2025-08-09 12:17:10
137,9.594205,N/A,N/A,3.45e-05,45972.25,740.25,462893,N/A,2025-08-09 12:17:10
138,9.759750,N/A,N/A,3.48e-05,46574.61,880.75,466416,N/A,2025-08-09 12:17:10
139,9.620393,N/A,N/A,3.50e-05,47490.56,936.75,470163,N/A,2025-08-09 12:17:10
140,9.681148,N/A,N/A,3.53e-05,46676.85,1024.00,474259,104.9765,2025-08-09 12:17:10
141,9.594920,N/A,N/A,3.55e-05,48418.42,712.25,477108,N/A,2025-08-09 12:17:10
142,9.537817,N/A,N/A,3.58e-05,52952.92,882.50,480638,N/A,2025-08-09 12:17:11
143,9.432734,N/A,N/A,3.60e-05,50500.55,933.50,484372,N/A,2025-08-09 12:17:11
144,9.528460,N/A,N/A,3.63e-05,47726.94,782.00,487500,N/A,2025-08-09 12:17:11
145,9.552174,N/A,N/A,3.65e-05,46580.93,732.50,490430,N/A,2025-08-09 12:17:11
146,9.539001,N/A,N/A,3.67e-05,45032.32,794.25,493607,N/A,2025-08-09 12:17:11
147,9.506160,N/A,N/A,3.70e-05,45100.13,815.25,496868,N/A,2025-08-09 12:17:11
148,9.606008,N/A,N/A,3.72e-05,43220.01,709.75,499707,N/A,2025-08-09 12:17:11
149,9.343901,N/A,N/A,3.75e-05,44489.23,906.00,503331,N/A,2025-08-09 12:17:11
150,9.436190,N/A,N/A,3.77e-05,42664.09,802.00,506539,105.3810,2025-08-09 12:17:11
151,9.453595,N/A,N/A,3.80e-05,43415.97,823.75,509834,N/A,2025-08-09 12:17:11
152,9.461152,N/A,N/A,3.83e-05,45627.63,1009.75,513873,N/A,2025-08-09 12:17:11
153,9.470557,N/A,N/A,3.85e-05,45785.22,904.75,517492,N/A,2025-08-09 12:17:11
154,9.294929,N/A,N/A,3.87e-05,46585.11,832.75,520823,N/A,2025-08-09 12:17:12
155,9.339055,N/A,N/A,3.90e-05,44813.46,611.75,523270,N/A,2025-08-09 12:17:12
156,9.397763,N/A,N/A,3.92e-05,46485.81,889.75,526829,N/A,2025-08-09 12:17:12
157,9.534246,N/A,N/A,3.95e-05,47653.18,737.50,529779,N/A,2025-08-09 12:17:12
158,9.414013,N/A,N/A,3.98e-05,47874.14,900.25,533380,N/A,2025-08-09 12:17:12
159,9.271817,N/A,N/A,4.00e-05,49355.38,714.50,536238,N/A,2025-08-09 12:17:12
160,9.426744,N/A,N/A,4.03e-05,49267.37,642.00,538806,105.6269,2025-08-09 12:17:12
161,9.340219,N/A,N/A,4.05e-05,48904.58,625.00,541306,N/A,2025-08-09 12:17:12
162,9.360019,N/A,N/A,4.08e-05,51254.51,953.25,545119,N/A,2025-08-09 12:17:12
163,9.172579,N/A,N/A,4.10e-05,53222.56,794.50,548297,N/A,2025-08-09 12:17:12
164,9.236123,N/A,N/A,4.12e-05,56274.34,843.25,551670,N/A,2025-08-09 12:17:12
165,9.272345,N/A,N/A,4.15e-05,58011.39,1012.50,555720,N/A,2025-08-09 12:17:12
166,9.039487,N/A,N/A,4.18e-05,57949.10,834.25,559057,N/A,2025-08-09 12:17:12
167,8.993353,N/A,N/A,4.20e-05,60315.82,957.75,562888,N/A,2025-08-09 12:17:12
168,9.102578,N/A,N/A,4.23e-05,58782.73,1014.25,566945,N/A,2025-08-09 12:17:12
169,9.231578,N/A,N/A,4.25e-05,60973.72,771.75,570032,N/A,2025-08-09 12:17:13
170,9.187762,N/A,N/A,4.28e-05,60100.29,909.75,573671,105.8812,2025-08-09 12:17:13
171,9.011162,N/A,N/A,4.30e-05,59360.35,764.25,576728,N/A,2025-08-09 12:17:13
172,8.725101,N/A,N/A,4.33e-05,56463.55,632.75,579259,N/A,2025-08-09 12:17:13
173,9.014664,N/A,N/A,4.35e-05,57365.27,882.75,582790,N/A,2025-08-09 12:17:13
174,8.802196,N/A,N/A,4.38e-05,58519.36,896.75,586377,N/A,2025-08-09 12:17:13
175,9.298323,N/A,N/A,4.40e-05,55916.05,840.25,589738,N/A,2025-08-09 12:17:13
176,8.937519,N/A,N/A,4.42e-05,52748.67,801.75,592945,N/A,2025-08-09 12:17:13
177,9.022938,N/A,N/A,4.45e-05,53950.98,872.75,596436,N/A,2025-08-09 12:17:13
178,8.987136,N/A,N/A,4.47e-05,50828.29,558.50,598670,N/A,2025-08-09 12:17:13
179,8.720300,N/A,N/A,4.50e-05,51577.38,840.25,602031,N/A,2025-08-09 12:17:13
180,8.992030,N/A,N/A,4.52e-05,49151.90,847.50,605421,105.9744,2025-08-09 12:17:13
181,8.967254,N/A,N/A,4.55e-05,48792.08,630.25,607942,N/A,2025-08-09 12:17:13
182,8.873190,N/A,N/A,4.58e-05,49812.79,790.75,611105,N/A,2025-08-09 12:17:13
183,8.758611,N/A,N/A,4.60e-05,49795.15,811.25,614350,N/A,2025-08-09 12:17:13
184,8.552591,N/A,N/A,4.62e-05,50221.64,788.25,617503,N/A,2025-08-09 12:17:14
185,8.834167,N/A,N/A,4.65e-05,54196.70,891.25,621068,N/A,2025-08-09 12:17:14
186,8.890150,N/A,N/A,4.67e-05,52901.82,757.00,624096,N/A,2025-08-09 12:17:14
187,8.790804,N/A,N/A,4.70e-05,51746.85,724.25,626993,N/A,2025-08-09 12:17:14
188,8.636844,N/A,N/A,4.73e-05,55784.78,851.25,630398,N/A,2025-08-09 12:17:14
189,8.703671,N/A,N/A,4.75e-05,58985.70,681.00,633122,N/A,2025-08-09 12:17:14
190,8.725376,N/A,N/A,4.78e-05,56857.98,809.25,636359,106.0877,2025-08-09 12:17:14
191,8.800792,N/A,N/A,4.80e-05,58563.40,834.75,639698,N/A,2025-08-09 12:17:14
192,8.679358,N/A,N/A,4.83e-05,55777.34,889.00,643254,N/A,2025-08-09 12:17:14
193,8.736498,N/A,N/A,4.85e-05,52342.26,871.50,646740,N/A,2025-08-09 12:17:14
194,8.572751,N/A,N/A,4.87e-05,50679.36,942.25,650509,N/A,2025-08-09 12:17:14
195,8.328953,N/A,N/A,4.90e-05,49440.36,656.75,653136,N/A,2025-08-09 12:17:14
196,8.683111,N/A,N/A,4.93e-05,50353.05,827.00,656444,N/A,2025-08-09 12:17:14
197,8.542200,N/A,N/A,4.95e-05,51033.17,850.75,659847,N/A,2025-08-09 12:17:14
198,8.421190,N/A,N/A,4.98e-05,50367.91,817.00,663115,N/A,2025-08-09 12:17:14
199,8.451141,N/A,N/A,5.00e-05,52434.55,991.50,667081,N/A,2025-08-09 12:17:15
200,8.537960,N/A,N/A,5.03e-05,52771.23,926.00,670785,106.2449,2025-08-09 12:17:15
201,8.554750,N/A,N/A,5.05e-05,24183.22,900.75,674388,N/A,2025-08-09 12:17:16
202,8.451522,N/A,N/A,5.08e-05,24393.81,700.25,677189,N/A,2025-08-09 12:17:16
203,8.405374,N/A,N/A,5.10e-05,24902.11,860.75,680632,N/A,2025-08-09 12:17:16
204,8.429249,N/A,N/A,5.13e-05,24759.53,821.00,683916,N/A,2025-08-09 12:17:16
205,8.612094,N/A,N/A,5.15e-05,25578.99,929.25,687633,N/A,2025-08-09 12:17:16
206,8.660121,N/A,N/A,5.18e-05,24870.65,603.50,690047,N/A,2025-08-09 12:17:16
207,8.546224,N/A,N/A,5.20e-05,24531.40,732.75,692978,N/A,2025-08-09 12:17:16
208,8.388386,N/A,N/A,5.22e-05,24936.45,888.75,696533,N/A,2025-08-09 12:17:16
209,8.423880,N/A,N/A,5.25e-05,24262.81,757.00,699561,N/A,2025-08-09 12:17:16
210,8.304114,N/A,N/A,5.28e-05,59906.85,801.75,702768,106.2624,2025-08-09 12:17:16
211,8.166986,N/A,N/A,5.30e-05,58583.68,805.50,705990,N/A,2025-08-09 12:17:16
212,8.457316,N/A,N/A,5.33e-05,58988.59,805.25,709211,N/A,2025-08-09 12:17:16
213,8.097590,N/A,N/A,5.35e-05,56492.30,581.75,711538,N/A,2025-08-09 12:17:16
214,8.224566,N/A,N/A,5.37e-05,56641.34,913.75,715193,N/A,2025-08-09 12:17:16
215,8.749705,N/A,N/A,5.40e-05,56511.77,914.25,718850,N/A,2025-08-09 12:17:16
216,8.320811,N/A,N/A,5.43e-05,58408.74,847.50,722240,N/A,2025-08-09 12:17:16
217,8.414627,N/A,N/A,5.45e-05,57093.03,661.75,724887,N/A,2025-08-09 12:17:16
218,8.167443,N/A,N/A,5.48e-05,57550.16,898.25,728480,N/A,2025-08-09 12:17:17
219,8.105355,N/A,N/A,5.50e-05,58821.48,774.50,731578,N/A,2025-08-09 12:17:17
220,8.617765,N/A,N/A,5.53e-05,59114.02,892.50,735148,106.3183,2025-08-09 12:17:17
221,8.422370,N/A,N/A,5.55e-05,57464.32,632.00,737676,N/A,2025-08-09 12:17:17
222,8.347768,N/A,N/A,5.57e-05,59162.89,982.00,741604,N/A,2025-08-09 12:17:17
223,8.189336,N/A,N/A,5.60e-05,61946.49,884.00,745140,N/A,2025-08-09 12:17:17
224,8.384584,N/A,N/A,5.62e-05,62603.49,939.25,748897,N/A,2025-08-09 12:17:17
225,8.219427,N/A,N/A,5.65e-05,60690.06,630.25,751418,N/A,2025-08-09 12:17:17
226,8.178002,N/A,N/A,5.68e-05,61871.25,875.00,754918,N/A,2025-08-09 12:17:17
227,7.905418,N/A,N/A,5.70e-05,63971.59,996.50,758904,N/A,2025-08-09 12:17:17
228,8.019670,N/A,N/A,5.73e-05,61707.48,695.25,761685,N/A,2025-08-09 12:17:17
229,8.167092,N/A,N/A,5.75e-05,59926.89,655.25,764306,N/A,2025-08-09 12:17:17
230,8.366360,N/A,N/A,5.78e-05,59594.12,862.25,767755,106.3768,2025-08-09 12:17:17
231,8.291261,N/A,N/A,5.80e-05,61246.94,872.75,771246,N/A,2025-08-09 12:17:17
232,8.000481,N/A,N/A,5.83e-05,59896.10,936.00,774990,N/A,2025-08-09 12:17:17
233,8.070089,N/A,N/A,5.85e-05,59272.96,840.50,778352,N/A,2025-08-09 12:17:17
234,8.286766,N/A,N/A,5.88e-05,57727.72,678.00,781064,N/A,2025-08-09 12:17:17
235,8.069415,N/A,N/A,5.90e-05,59293.30,821.25,784349,N/A,2025-08-09 12:17:18
236,8.119000,N/A,N/A,5.93e-05,59820.42,871.50,787835,N/A,2025-08-09 12:17:18
237,7.851467,N/A,N/A,5.95e-05,59425.86,837.75,791186,N/A,2025-08-09 12:17:18
238,8.228994,N/A,N/A,5.97e-05,63782.22,1024.00,795282,N/A,2025-08-09 12:17:18
239,8.160973,N/A,N/A,6.00e-05,65241.03,705.75,798105,N/A,2025-08-09 12:17:18
240,8.119087,N/A,N/A,6.03e-05,62493.81,799.00,801301,106.3466,2025-08-09 12:17:18
241,8.023085,N/A,N/A,6.05e-05,63455.55,947.75,805092,N/A,2025-08-09 12:17:18
242,8.267901,N/A,N/A,6.07e-05,61917.81,775.00,808192,N/A,2025-08-09 12:17:18
243,8.296049,N/A,N/A,6.10e-05,59835.82,625.50,810694,N/A,2025-08-09 12:17:18
244,8.035827,N/A,N/A,6.12e-05,60723.30,776.00,813798,N/A,2025-08-09 12:17:18
245,8.084829,N/A,N/A,6.15e-05,60720.35,825.50,817100,N/A,2025-08-09 12:17:18
246,7.981894,N/A,N/A,6.17e-05,60186.22,805.75,820323,N/A,2025-08-09 12:17:18
247,8.074999,N/A,N/A,6.20e-05,60192.10,838.25,823676,N/A,2025-08-09 12:17:18
248,7.844271,N/A,N/A,6.22e-05,58093.18,721.00,826560,N/A,2025-08-09 12:17:18
249,7.813307,N/A,N/A,6.25e-05,61792.94,921.00,830244,N/A,2025-08-09 12:17:18
250,8.032144,N/A,N/A,6.27e-05,63016.27,1024.00,834340,106.4528,2025-08-09 12:17:18
251,7.906240,N/A,N/A,6.30e-05,62182.74,764.25,837397,N/A,2025-08-09 12:17:18
252,7.773912,N/A,N/A,6.33e-05,61926.58,860.75,840840,N/A,2025-08-09 12:17:19
253,7.963563,N/A,N/A,6.35e-05,62429.25,782.00,843968,N/A,2025-08-09 12:17:19
254,7.805200,N/A,N/A,6.38e-05,61384.88,851.75,847375,N/A,2025-08-09 12:17:19
255,7.772851,N/A,N/A,6.40e-05,60894.45,849.25,850772,N/A,2025-08-09 12:17:19
256,7.981160,N/A,N/A,6.43e-05,59905.88,861.25,854217,N/A,2025-08-09 12:17:19
257,8.079172,N/A,N/A,6.45e-05,59196.68,822.00,857505,N/A,2025-08-09 12:17:19
258,7.764911,N/A,N/A,6.48e-05,58403.91,618.75,859980,N/A,2025-08-09 12:17:19
259,7.938142,N/A,N/A,6.50e-05,59628.91,975.00,863880,N/A,2025-08-09 12:17:19
260,8.046547,N/A,N/A,6.53e-05,57036.74,738.75,866835,106.4045,2025-08-09 12:17:19
261,7.727317,N/A,N/A,6.55e-05,57901.84,718.25,869708,N/A,2025-08-09 12:17:19
262,7.720295,N/A,N/A,6.57e-05,58816.93,936.25,873453,N/A,2025-08-09 12:17:19
263,7.929123,N/A,N/A,6.60e-05,58259.17,634.25,875990,N/A,2025-08-09 12:17:19
264,7.895382,N/A,N/A,6.62e-05,58080.54,788.50,879144,N/A,2025-08-09 12:17:19
265,7.950421,N/A,N/A,6.65e-05,58034.87,779.75,882263,N/A,2025-08-09 12:17:19
266,7.949492,N/A,N/A,6.68e-05,57946.28,932.25,885992,N/A,2025-08-09 12:17:19
267,7.630856,N/A,N/A,6.70e-05,58614.67,917.50,889662,N/A,2025-08-09 12:17:19
268,7.877612,N/A,N/A,6.73e-05,59677.84,878.75,893177,N/A,2025-08-09 12:17:20
269,7.724367,N/A,N/A,6.75e-05,59431.96,1024.00,897273,N/A,2025-08-09 12:17:20
270,7.723028,N/A,N/A,6.78e-05,59274.56,789.00,900429,106.4471,2025-08-09 12:17:20
271,7.673050,N/A,N/A,6.80e-05,60645.93,838.75,903784,N/A,2025-08-09 12:17:20
272,7.897318,N/A,N/A,6.83e-05,60656.96,937.75,907535,N/A,2025-08-09 12:17:20
273,8.050150,N/A,N/A,6.85e-05,62706.32,919.50,911213,N/A,2025-08-09 12:17:20
274,8.002307,N/A,N/A,6.88e-05,62092.68,646.25,913798,N/A,2025-08-09 12:17:20
275,8.036237,N/A,N/A,6.90e-05,64510.90,1024.00,917894,N/A,2025-08-09 12:17:20
276,7.443532,N/A,N/A,6.93e-05,61794.45,710.75,920737,N/A,2025-08-09 12:17:20
277,7.821450,N/A,N/A,6.95e-05,60111.78,712.00,923585,N/A,2025-08-09 12:17:20
278,7.882801,N/A,N/A,6.98e-05,60624.77,810.75,926828,N/A,2025-08-09 12:17:20
279,7.655660,N/A,N/A,7.00e-05,57883.85,696.25,929613,N/A,2025-08-09 12:17:20
280,7.786057,N/A,N/A,7.03e-05,58304.93,1024.00,933709,106.4361,2025-08-09 12:17:20
281,7.563368,N/A,N/A,7.05e-05,58758.53,770.50,936791,N/A,2025-08-09 12:17:20
282,7.529667,N/A,N/A,7.08e-05,57407.61,707.00,939619,N/A,2025-08-09 12:17:20
283,7.896900,N/A,N/A,7.10e-05,55976.59,679.50,942337,N/A,2025-08-09 12:17:20
284,8.194317,N/A,N/A,7.13e-05,57986.35,911.50,945983,N/A,2025-08-09 12:17:21
285,7.794967,N/A,N/A,7.15e-05,57264.11,772.75,949074,N/A,2025-08-09 12:17:21
286,7.897588,N/A,N/A,7.18e-05,58342.08,715.75,951937,N/A,2025-08-09 12:17:21
287,8.077628,N/A,N/A,7.20e-05,58568.42,827.25,955246,N/A,2025-08-09 12:17:21
288,7.957021,N/A,N/A,7.22e-05,59172.28,775.00,958346,N/A,2025-08-09 12:17:21
289,7.738577,N/A,N/A,7.25e-05,62401.83,974.25,962243,N/A,2025-08-09 12:17:21
290,7.811778,N/A,N/A,7.27e-05,58886.62,807.00,965471,106.4283,2025-08-09 12:17:21
291,7.960378,N/A,N/A,7.30e-05,58985.08,797.00,968659,N/A,2025-08-09 12:17:21
292,7.724947,N/A,N/A,7.32e-05,59249.95,831.75,971986,N/A,2025-08-09 12:17:21
293,7.714714,N/A,N/A,7.35e-05,60651.80,803.25,975199,N/A,2025-08-09 12:17:21
294,8.131517,N/A,N/A,7.37e-05,60349.48,842.50,978569,N/A,2025-08-09 12:17:21
295,7.616318,N/A,N/A,7.40e-05,59867.73,692.50,981339,N/A,2025-08-09 12:17:21
296,8.060764,N/A,N/A,7.43e-05,61718.07,838.00,984691,N/A,2025-08-09 12:17:21
297,7.913821,N/A,N/A,7.45e-05,62085.95,867.75,988162,N/A,2025-08-09 12:17:21
298,7.829115,N/A,N/A,7.48e-05,61418.25,703.25,990975,N/A,2025-08-09 12:17:21
299,7.539636,N/A,N/A,7.50e-05,61900.83,815.25,994236,N/A,2025-08-09 12:17:21
300,7.635289,N/A,N/A,7.52e-05,60883.54,743.25,997209,106.4121,2025-08-09 12:17:21
301,7.912908,N/A,N/A,7.55e-05,24831.07,836.50,1000555,N/A,2025-08-09 12:17:22
302,7.664792,N/A,N/A,7.57e-05,24339.87,672.75,1003246,N/A,2025-08-09 12:17:22
303,8.081628,N/A,N/A,7.60e-05,24109.46,733.75,1006181,N/A,2025-08-09 12:17:22
304,8.031082,N/A,N/A,7.62e-05,23876.45,861.00,1009625,N/A,2025-08-09 12:17:22
305,7.611181,N/A,N/A,7.65e-05,23927.16,712.75,1012476,N/A,2025-08-09 12:17:23
306,8.054197,N/A,N/A,7.67e-05,23866.71,817.75,1015747,N/A,2025-08-09 12:17:23
307,7.747900,N/A,N/A,7.70e-05,24085.76,1024.00,1019843,N/A,2025-08-09 12:17:23
308,7.889838,N/A,N/A,7.73e-05,24214.27,760.50,1022885,N/A,2025-08-09 12:17:23
309,7.799525,N/A,N/A,7.75e-05,24477.36,888.25,1026438,N/A,2025-08-09 12:17:23
310,7.662366,N/A,N/A,7.78e-05,56270.87,650.50,1029040,106.3720,2025-08-09 12:17:23
311,7.933146,N/A,N/A,7.80e-05,55856.38,844.25,1032417,N/A,2025-08-09 12:17:23
312,7.657178,N/A,N/A,7.83e-05,57554.27,965.00,1036277,N/A,2025-08-09 12:17:23
313,7.885180,N/A,N/A,7.85e-05,58756.80,737.75,1039228,N/A,2025-08-09 12:17:23
314,7.792801,N/A,N/A,7.88e-05,58966.27,966.50,1043094,N/A,2025-08-09 12:17:23
315,8.210588,N/A,N/A,7.90e-05,58936.99,816.00,1046358,N/A,2025-08-09 12:17:23
316,7.996484,N/A,N/A,7.93e-05,59910.67,784.25,1049495,N/A,2025-08-09 12:17:23
317,7.906048,N/A,N/A,7.95e-05,57570.20,658.25,1052128,N/A,2025-08-09 12:17:23
318,7.597225,N/A,N/A,7.98e-05,56729.64,830.50,1055450,N/A,2025-08-09 12:17:23
319,7.628308,N/A,N/A,8.00e-05,58768.68,933.75,1059185,N/A,2025-08-09 12:17:23
320,7.697918,N/A,N/A,8.02e-05,60054.03,876.50,1062691,106.4186,2025-08-09 12:17:23
321,7.700950,N/A,N/A,8.05e-05,60765.80,1014.00,1066747,N/A,2025-08-09 12:17:24
322,7.814070,N/A,N/A,8.07e-05,59994.50,874.50,1070245,N/A,2025-08-09 12:17:24
323,7.886988,N/A,N/A,8.10e-05,60576.82,756.00,1073269,N/A,2025-08-09 12:17:24
324,7.790683,N/A,N/A,8.12e-05,60138.05,804.75,1076488,N/A,2025-08-09 12:17:24
325,7.694354,N/A,N/A,8.15e-05,61478.19,938.50,1080242,N/A,2025-08-09 12:17:24
326,8.069431,N/A,N/A,8.18e-05,59333.39,670.50,1082924,N/A,2025-08-09 12:17:24
327,7.776531,N/A,N/A,8.20e-05,62927.38,924.75,1086623,N/A,2025-08-09 12:17:24
328,7.756211,N/A,N/A,8.23e-05,63358.83,842.50,1089993,N/A,2025-08-09 12:17:24
329,7.970089,N/A,N/A,8.25e-05,62723.21,780.00,1093113,N/A,2025-08-09 12:17:24
330,7.841241,N/A,N/A,8.28e-05,62725.80,862.00,1096561,106.4002,2025-08-09 12:17:24
331,7.910097,N/A,N/A,8.30e-05,60337.39,770.75,1099644,N/A,2025-08-09 12:17:24
332,7.672194,N/A,N/A,8.33e-05,59641.28,746.50,1102630,N/A,2025-08-09 12:17:24
333,7.748589,N/A,N/A,8.35e-05,61437.49,1024.00,1106726,N/A,2025-08-09 12:17:24
334,7.782980,N/A,N/A,8.38e-05,61201.00,817.25,1109995,N/A,2025-08-09 12:17:24
335,7.774540,N/A,N/A,8.40e-05,60889.07,691.50,1112761,N/A,2025-08-09 12:17:24
336,7.851192,N/A,N/A,8.43e-05,59247.55,649.00,1115357,N/A,2025-08-09 12:17:24
337,8.053308,N/A,N/A,8.45e-05,55152.49,571.75,1117644,N/A,2025-08-09 12:17:25
338,7.904631,N/A,N/A,8.48e-05,54829.44,964.75,1121503,N/A,2025-08-09 12:17:25
339,8.252872,N/A,N/A,8.50e-05,55545.11,839.25,1124860,N/A,2025-08-09 12:17:25
340,7.559641,N/A,N/A,8.53e-05,54837.93,840.00,1128220,106.2980,2025-08-09 12:17:25
341,7.582351,N/A,N/A,8.55e-05,54987.45,812.50,1131470,N/A,2025-08-09 12:17:25
342,7.910141,N/A,N/A,8.58e-05,56761.32,984.25,1135407,N/A,2025-08-09 12:17:25
343,7.835855,N/A,N/A,8.60e-05,56362.92,946.50,1139193,N/A,2025-08-09 12:17:25
344,8.008861,N/A,N/A,8.63e-05,53796.69,690.75,1141956,N/A,2025-08-09 12:17:25
345,7.830873,N/A,N/A,8.65e-05,55833.25,850.25,1145357,N/A,2025-08-09 12:17:25
346,7.733948,N/A,N/A,8.68e-05,56876.91,879.00,1148873,N/A,2025-08-09 12:17:25
347,7.758802,N/A,N/A,8.70e-05,59951.72,849.75,1152272,N/A,2025-08-09 12:17:25
348,7.822951,N/A,N/A,8.73e-05,58296.63,742.75,1155243,N/A,2025-08-09 12:17:25
349,7.815115,N/A,N/A,8.75e-05,58637.02,869.50,1158721,N/A,2025-08-09 12:17:25
350,7.850609,N/A,N/A,8.78e-05,57789.01,877.75,1162232,106.3350,2025-08-09 12:17:25
351,7.654879,N/A,N/A,8.80e-05,57265.49,795.75,1165415,N/A,2025-08-09 12:17:25
352,7.609640,N/A,N/A,8.82e-05,54804.81,827.75,1168726,N/A,2025-08-09 12:17:26
353,7.572549,N/A,N/A,8.85e-05,53142.11,575.50,1171028,N/A,2025-08-09 12:17:26
354,7.699564,N/A,N/A,8.87e-05,54341.22,815.50,1174290,N/A,2025-08-09 12:17:26
355,7.735414,N/A,N/A,8.90e-05,56375.69,845.50,1177672,N/A,2025-08-09 12:17:26
356,7.416451,N/A,N/A,8.93e-05,56568.48,871.75,1181159,N/A,2025-08-09 12:17:26
357,7.670284,N/A,N/A,8.95e-05,56649.37,997.75,1185150,N/A,2025-08-09 12:17:26
358,7.851997,N/A,N/A,8.97e-05,57045.56,792.75,1188321,N/A,2025-08-09 12:17:26
359,7.851275,N/A,N/A,9.00e-05,57758.30,802.00,1191529,N/A,2025-08-09 12:17:26
360,7.983479,N/A,N/A,9.02e-05,56209.46,874.50,1195027,106.3779,2025-08-09 12:17:26
361,7.804292,N/A,N/A,9.05e-05,58010.53,805.50,1198249,N/A,2025-08-09 12:17:26
362,7.696051,N/A,N/A,9.07e-05,57013.40,728.00,1201161,N/A,2025-08-09 12:17:26
363,7.907685,N/A,N/A,9.10e-05,58676.11,836.75,1204508,N/A,2025-08-09 12:17:26
364,7.778533,N/A,N/A,9.12e-05,59286.63,899.00,1208104,N/A,2025-08-09 12:17:26
365,7.788662,N/A,N/A,9.15e-05,58357.83,903.25,1211717,N/A,2025-08-09 12:17:26
366,7.673800,N/A,N/A,9.17e-05,60169.99,940.50,1215479,N/A,2025-08-09 12:17:26
367,7.798844,N/A,N/A,9.20e-05,60316.69,804.25,1218696,N/A,2025-08-09 12:17:26
368,7.792285,N/A,N/A,9.22e-05,59570.63,896.25,1222281,N/A,2025-08-09 12:17:27
369,7.762375,N/A,N/A,9.25e-05,60453.38,832.25,1225610,N/A,2025-08-09 12:17:27
370,7.726995,N/A,N/A,9.28e-05,58185.22,860.25,1229051,106.3069,2025-08-09 12:17:27
371,7.829581,N/A,N/A,9.30e-05,59407.70,796.25,1232236,N/A,2025-08-09 12:17:27
372,7.518042,N/A,N/A,9.33e-05,60031.35,771.00,1235320,N/A,2025-08-09 12:17:27
373,7.837648,N/A,N/A,9.35e-05,58922.25,895.00,1238900,N/A,2025-08-09 12:17:27
374,7.676470,N/A,N/A,9.38e-05,57510.33,701.00,1241704,N/A,2025-08-09 12:17:27
375,8.045001,N/A,N/A,9.40e-05,57445.79,843.00,1245076,N/A,2025-08-09 12:17:27
376,7.473206,N/A,N/A,9.43e-05,56964.30,852.25,1248485,N/A,2025-08-09 12:17:27
377,7.446540,N/A,N/A,9.45e-05,59180.08,893.50,1252059,N/A,2025-08-09 12:17:27
378,8.133882,N/A,N/A,9.47e-05,59356.83,773.50,1255153,N/A,2025-08-09 12:17:27
379,7.663573,N/A,N/A,9.50e-05,60813.27,738.50,1258107,N/A,2025-08-09 12:17:27
380,7.519384,N/A,N/A,9.52e-05,58027.44,743.50,1261081,106.3390,2025-08-09 12:17:27
381,7.727240,N/A,N/A,9.55e-05,56792.86,840.00,1264441,N/A,2025-08-09 12:17:27
382,8.059894,N/A,N/A,9.57e-05,57614.60,671.75,1267128,N/A,2025-08-09 12:17:27
383,7.739975,N/A,N/A,9.60e-05,58954.70,872.25,1270617,N/A,2025-08-09 12:17:27
384,7.729537,N/A,N/A,9.63e-05,59173.19,955.00,1274437,N/A,2025-08-09 12:17:28
385,7.621810,N/A,N/A,9.65e-05,56755.09,721.00,1277321,N/A,2025-08-09 12:17:28
386,7.838975,N/A,N/A,9.68e-05,57153.24,921.75,1281008,N/A,2025-08-09 12:17:28
387,7.792321,N/A,N/A,9.70e-05,55717.86,854.00,1284424,N/A,2025-08-09 12:17:28
388,8.069441,N/A,N/A,9.73e-05,55108.62,734.00,1287360,N/A,2025-08-09 12:17:28
389,7.767804,N/A,N/A,9.75e-05,58302.05,953.00,1291172,N/A,2025-08-09 12:17:28
390,7.480882,N/A,N/A,9.78e-05,59672.98,806.75,1294399,106.3205,2025-08-09 12:17:28
391,7.847822,N/A,N/A,9.80e-05,59480.92,902.25,1298008,N/A,2025-08-09 12:17:28
392,7.649512,N/A,N/A,9.83e-05,60647.76,840.50,1301370,N/A,2025-08-09 12:17:28
393,7.668015,N/A,N/A,9.85e-05,61417.68,798.00,1304562,N/A,2025-08-09 12:17:28
394,7.213248,N/A,N/A,9.88e-05,60857.34,780.25,1307683,N/A,2025-08-09 12:17:28
395,7.619239,N/A,N/A,9.90e-05,60669.26,826.50,1310989,N/A,2025-08-09 12:17:28
396,7.718019,N/A,N/A,9.93e-05,61047.98,850.75,1314392,N/A,2025-08-09 12:17:28
397,7.692180,N/A,N/A,9.95e-05,60637.22,815.25,1317653,N/A,2025-08-09 12:17:28
398,7.983426,N/A,N/A,9.97e-05,60892.43,857.25,1321082,N/A,2025-08-09 12:17:28
399,8.088805,N/A,N/A,1.00e-04,58633.94,630.25,1323603,N/A,2025-08-09 12:17:28
400,7.614247,N/A,N/A,1.00e-04,58832.48,915.00,1327263,106.2821,2025-08-09 12:17:29
401,7.699318,N/A,N/A,1.01e-04,22574.08,766.50,1330329,N/A,2025-08-09 12:17:29
402,7.640483,N/A,N/A,1.01e-04,22253.91,771.50,1333415,N/A,2025-08-09 12:17:30
403,7.745528,N/A,N/A,1.01e-04,22565.03,922.50,1337105,N/A,2025-08-09 12:17:30
404,7.703309,N/A,N/A,1.01e-04,22168.13,627.25,1339614,N/A,2025-08-09 12:17:30
405,7.816556,N/A,N/A,1.02e-04,22009.58,846.00,1342998,N/A,2025-08-09 12:17:30
406,8.163657,N/A,N/A,1.02e-04,21765.81,791.75,1346165,N/A,2025-08-09 12:17:30
407,7.881707,N/A,N/A,1.02e-04,21922.23,930.00,1349885,N/A,2025-08-09 12:17:30
408,7.843648,N/A,N/A,1.02e-04,22276.38,982.25,1353814,N/A,2025-08-09 12:17:30
409,7.638633,N/A,N/A,1.03e-04,23179.05,920.50,1357496,N/A,2025-08-09 12:17:30
410,8.083513,N/A,N/A,1.03e-04,56269.48,864.75,1360955,106.4267,2025-08-09 12:17:30
411,7.747576,N/A,N/A,1.03e-04,57911.50,950.00,1364755,N/A,2025-08-09 12:17:30
412,7.694528,N/A,N/A,1.03e-04,57348.42,722.75,1367646,N/A,2025-08-09 12:17:30
413,7.688498,N/A,N/A,1.04e-04,56806.78,803.25,1370859,N/A,2025-08-09 12:17:30
414,7.943060,N/A,N/A,1.04e-04,58215.99,696.50,1373645,N/A,2025-08-09 12:17:30
415,7.518860,N/A,N/A,1.04e-04,57144.81,545.00,1375825,N/A,2025-08-09 12:17:30
416,7.581329,N/A,N/A,1.04e-04,59001.90,846.50,1379211,N/A,2025-08-09 12:17:30
417,7.541212,N/A,N/A,1.04e-04,57883.61,883.25,1382744,N/A,2025-08-09 12:17:31
418,7.779582,N/A,N/A,1.05e-04,57936.15,954.00,1386560,N/A,2025-08-09 12:17:31
419,7.645329,N/A,N/A,1.05e-04,59123.26,1000.25,1390561,N/A,2025-08-09 12:17:31
420,7.858186,N/A,N/A,1.05e-04,58311.48,840.50,1393923,106.2863,2025-08-09 12:17:31
421,7.882566,N/A,N/A,1.06e-04,59059.24,935.50,1397665,N/A,2025-08-09 12:17:31
422,7.710799,N/A,N/A,1.06e-04,60609.70,962.75,1401516,N/A,2025-08-09 12:17:31
423,7.889354,N/A,N/A,1.06e-04,60563.15,648.00,1404108,N/A,2025-08-09 12:17:31
424,7.834738,N/A,N/A,1.06e-04,61483.73,894.75,1407687,N/A,2025-08-09 12:17:31
425,7.634811,N/A,N/A,1.07e-04,64319.92,923.50,1411381,N/A,2025-08-09 12:17:31
426,7.940921,N/A,N/A,1.07e-04,64898.89,780.25,1414502,N/A,2025-08-09 12:17:31
427,7.737053,N/A,N/A,1.07e-04,63590.07,723.00,1417394,N/A,2025-08-09 12:17:31
428,8.085412,N/A,N/A,1.07e-04,63631.78,963.25,1421247,N/A,2025-08-09 12:17:31
429,7.928215,N/A,N/A,1.07e-04,63360.82,829.75,1424566,N/A,2025-08-09 12:17:31
430,7.995158,N/A,N/A,1.08e-04,61839.85,777.50,1427676,106.3317,2025-08-09 12:17:31
431,8.008578,N/A,N/A,1.08e-04,59327.10,585.00,1430016,N/A,2025-08-09 12:17:31
432,7.882030,N/A,N/A,1.08e-04,58312.49,821.75,1433303,N/A,2025-08-09 12:17:31
433,7.650288,N/A,N/A,1.09e-04,61149.71,949.75,1437102,N/A,2025-08-09 12:17:31
434,7.654826,N/A,N/A,1.09e-04,59502.90,799.00,1440298,N/A,2025-08-09 12:17:32
435,7.822264,N/A,N/A,1.09e-04,58070.59,891.75,1443865,N/A,2025-08-09 12:17:32
436,7.873922,N/A,N/A,1.09e-04,58263.34,936.00,1447609,N/A,2025-08-09 12:17:32
437,7.808276,N/A,N/A,1.10e-04,58525.44,912.25,1451258,N/A,2025-08-09 12:17:32
438,7.251859,N/A,N/A,1.10e-04,57429.11,782.50,1454388,N/A,2025-08-09 12:17:32
439,8.198306,N/A,N/A,1.10e-04,58974.59,924.25,1458085,N/A,2025-08-09 12:17:32
440,7.915179,N/A,N/A,1.10e-04,56894.35,543.50,1460259,106.2912,2025-08-09 12:17:32
441,7.748836,N/A,N/A,1.11e-04,57699.12,834.50,1463597,N/A,2025-08-09 12:17:32
442,7.642465,N/A,N/A,1.11e-04,57610.52,826.00,1466901,N/A,2025-08-09 12:17:32
443,7.661263,N/A,N/A,1.11e-04,57890.12,1003.50,1470915,N/A,2025-08-09 12:17:32
444,7.982762,N/A,N/A,1.11e-04,59074.07,880.00,1474435,N/A,2025-08-09 12:17:32
445,7.652302,N/A,N/A,1.11e-04,60297.49,963.75,1478290,N/A,2025-08-09 12:17:32
446,7.551694,N/A,N/A,1.12e-04,61869.88,942.50,1482060,N/A,2025-08-09 12:17:32
447,7.847491,N/A,N/A,1.12e-04,59266.29,533.00,1484192,N/A,2025-08-09 12:17:32
448,7.778600,N/A,N/A,1.12e-04,59449.93,805.00,1487412,N/A,2025-08-09 12:17:32
449,7.795671,N/A,N/A,1.12e-04,59180.57,794.00,1490588,N/A,2025-08-09 12:17:32
450,7.951899,N/A,N/A,1.13e-04,60949.27,759.25,1493625,106.3149,2025-08-09 12:17:33
451,7.777617,N/A,N/A,1.13e-04,60545.29,791.25,1496790,N/A,2025-08-09 12:17:33
452,7.781650,N/A,N/A,1.13e-04,61575.34,821.75,1500077,N/A,2025-08-09 12:17:33
453,7.617527,N/A,N/A,1.14e-04,62187.60,994.50,1504055,N/A,2025-08-09 12:17:33
454,7.799487,N/A,N/A,1.14e-04,59759.40,786.25,1507200,N/A,2025-08-09 12:17:33
455,7.748829,N/A,N/A,1.14e-04,57352.75,855.00,1510620,N/A,2025-08-09 12:17:33
456,7.770357,N/A,N/A,1.14e-04,54937.89,788.50,1513774,N/A,2025-08-09 12:17:33
457,7.824287,N/A,N/A,1.15e-04,56622.64,802.00,1516982,N/A,2025-08-09 12:17:33
458,7.567785,N/A,N/A,1.15e-04,55494.00,725.75,1519885,N/A,2025-08-09 12:17:33
459,7.853638,N/A,N/A,1.15e-04,56903.84,959.00,1523721,N/A,2025-08-09 12:17:33
460,7.899960,N/A,N/A,1.15e-04,55585.24,816.75,1526988,106.3496,2025-08-09 12:17:33
461,7.942945,N/A,N/A,1.16e-04,55418.24,770.75,1530071,N/A,2025-08-09 12:17:33
462,7.655721,N/A,N/A,1.16e-04,55230.16,868.00,1533543,N/A,2025-08-09 12:17:33
463,7.906533,N/A,N/A,1.16e-04,54952.55,726.75,1536450,N/A,2025-08-09 12:17:33
464,7.744165,N/A,N/A,1.16e-04,57599.97,967.75,1540321,N/A,2025-08-09 12:17:33
465,7.701590,N/A,N/A,1.17e-04,58261.98,812.75,1543572,N/A,2025-08-09 12:17:34
466,7.408173,N/A,N/A,1.17e-04,59872.53,987.25,1547521,N/A,2025-08-09 12:17:34
467,7.744897,N/A,N/A,1.17e-04,60140.52,803.25,1550734,N/A,2025-08-09 12:17:34
468,7.945800,N/A,N/A,1.17e-04,59949.57,738.00,1553686,N/A,2025-08-09 12:17:34
469,8.001742,N/A,N/A,1.18e-04,58176.45,747.50,1556676,N/A,2025-08-09 12:17:34
470,7.672749,N/A,N/A,1.18e-04,56989.93,821.50,1559962,106.3353,2025-08-09 12:17:34
471,7.776695,N/A,N/A,1.18e-04,57730.32,830.75,1563285,N/A,2025-08-09 12:17:34
472,7.858894,N/A,N/A,1.18e-04,58064.75,919.75,1566964,N/A,2025-08-09 12:17:34
473,7.712828,N/A,N/A,1.19e-04,58278.82,943.25,1570737,N/A,2025-08-09 12:17:34
474,7.893269,N/A,N/A,1.19e-04,55691.47,929.00,1574453,N/A,2025-08-09 12:17:34
475,7.846813,N/A,N/A,1.19e-04,53927.59,794.25,1577630,N/A,2025-08-09 12:17:34
476,7.658209,N/A,N/A,1.19e-04,52548.81,803.50,1580844,N/A,2025-08-09 12:17:34
477,7.744422,N/A,N/A,1.19e-04,52517.54,926.00,1584548,N/A,2025-08-09 12:17:34
478,7.873870,N/A,N/A,1.20e-04,51426.52,1024.00,1588644,N/A,2025-08-09 12:17:34
479,7.730809,N/A,N/A,1.20e-04,49647.01,814.00,1591900,N/A,2025-08-09 12:17:35
480,7.913783,N/A,N/A,1.20e-04,47142.32,858.75,1595335,106.3473,2025-08-09 12:17:35
481,7.504028,N/A,N/A,1.21e-04,45671.21,885.50,1598877,N/A,2025-08-09 12:17:35
482,7.552320,N/A,N/A,1.21e-04,44529.45,892.00,1602445,N/A,2025-08-09 12:17:35
483,7.950471,N/A,N/A,1.21e-04,43035.98,781.25,1605570,N/A,2025-08-09 12:17:35
484,7.925916,N/A,N/A,1.21e-04,41795.69,830.00,1608890,N/A,2025-08-09 12:17:35
485,7.649479,N/A,N/A,1.21e-04,40709.87,899.50,1612488,N/A,2025-08-09 12:17:35
486,7.671473,N/A,N/A,1.22e-04,40648.81,989.00,1616444,N/A,2025-08-09 12:17:35
487,7.664491,N/A,N/A,1.22e-04,40574.21,730.75,1619367,N/A,2025-08-09 12:17:35
488,7.637109,N/A,N/A,1.22e-04,40661.72,938.00,1623119,N/A,2025-08-09 12:17:35
489,7.542957,N/A,N/A,1.22e-04,42090.04,949.25,1626916,N/A,2025-08-09 12:17:35
490,7.847836,N/A,N/A,1.23e-04,42284.43,851.75,1630323,106.4637,2025-08-09 12:17:36
491,7.926724,N/A,N/A,1.23e-04,43185.91,874.25,1633820,N/A,2025-08-09 12:17:36
492,7.715127,N/A,N/A,1.23e-04,43564.47,677.00,1636528,N/A,2025-08-09 12:17:36
493,7.623508,N/A,N/A,1.23e-04,45650.42,943.75,1640303,N/A,2025-08-09 12:17:36
494,7.761202,N/A,N/A,1.24e-04,47164.58,870.50,1643785,N/A,2025-08-09 12:17:36
495,7.717409,N/A,N/A,1.24e-04,48227.02,799.00,1646981,N/A,2025-08-09 12:17:36
496,7.745853,N/A,N/A,1.24e-04,49185.25,817.75,1650252,N/A,2025-08-09 12:17:36
497,7.764023,N/A,N/A,1.24e-04,51361.93,857.00,1653680,N/A,2025-08-09 12:17:36
498,7.689578,N/A,N/A,1.25e-04,51166.16,610.00,1656120,N/A,2025-08-09 12:17:36
499,7.917148,N/A,N/A,1.25e-04,51582.33,684.00,1658856,N/A,2025-08-09 12:17:36
500,7.436538,N/A,N/A,1.25e-04,51932.68,856.00,1662280,106.4072,2025-08-09 12:17:36
501,7.775304,N/A,N/A,1.25e-04,24435.64,894.50,1665858,N/A,2025-08-09 12:17:37
502,7.566191,N/A,N/A,1.26e-04,24817.18,770.50,1668940,N/A,2025-08-09 12:17:37
503,7.823367,N/A,N/A,1.26e-04,25186.28,949.25,1672737,N/A,2025-08-09 12:17:37
504,7.840888,N/A,N/A,1.26e-04,25861.34,1024.00,1676833,N/A,2025-08-09 12:17:37
505,7.699582,N/A,N/A,1.27e-04,26205.71,822.25,1680122,N/A,2025-08-09 12:17:37
506,8.008736,N/A,N/A,1.27e-04,26587.90,911.00,1683766,N/A,2025-08-09 12:17:37
507,7.462003,N/A,N/A,1.27e-04,26355.46,774.25,1686863,N/A,2025-08-09 12:17:37
508,7.655366,N/A,N/A,1.27e-04,27006.59,814.00,1690119,N/A,2025-08-09 12:17:37
509,7.710476,N/A,N/A,1.28e-04,27214.58,703.75,1692934,N/A,2025-08-09 12:17:38
510,7.732953,N/A,N/A,1.28e-04,60706.26,695.75,1695717,106.4052,2025-08-09 12:17:38
511,8.019320,N/A,N/A,1.28e-04,61396.59,892.50,1699287,N/A,2025-08-09 12:17:38
512,7.490552,N/A,N/A,1.28e-04,62366.12,915.75,1702950,N/A,2025-08-09 12:17:38
513,7.561111,N/A,N/A,1.29e-04,61024.51,922.25,1706639,N/A,2025-08-09 12:17:38
514,7.712137,N/A,N/A,1.29e-04,60160.77,964.75,1710498,N/A,2025-08-09 12:17:38
515,7.748527,N/A,N/A,1.29e-04,59243.71,654.75,1713117,N/A,2025-08-09 12:17:38
516,7.853058,N/A,N/A,1.29e-04,58743.30,821.00,1716401,N/A,2025-08-09 12:17:38
517,7.544688,N/A,N/A,1.30e-04,56465.02,813.75,1719656,N/A,2025-08-09 12:17:38
518,7.610132,N/A,N/A,1.30e-04,54357.41,869.75,1723135,N/A,2025-08-09 12:17:38
519,7.475181,N/A,N/A,1.30e-04,55737.25,828.00,1726447,N/A,2025-08-09 12:17:38
520,7.581565,N/A,N/A,1.30e-04,57756.46,1024.00,1730543,106.4359,2025-08-09 12:17:38
521,7.750766,N/A,N/A,1.31e-04,58252.18,1020.50,1734625,N/A,2025-08-09 12:17:38
522,7.567238,N/A,N/A,1.31e-04,57870.58,759.00,1737661,N/A,2025-08-09 12:17:38
523,7.685699,N/A,N/A,1.31e-04,56806.19,719.25,1740538,N/A,2025-08-09 12:17:38
524,7.494516,N/A,N/A,1.31e-04,54840.97,703.50,1743352,N/A,2025-08-09 12:17:38
525,7.625247,N/A,N/A,1.31e-04,55559.77,744.25,1746329,N/A,2025-08-09 12:17:39
526,7.481486,N/A,N/A,1.32e-04,56186.94,786.50,1749475,N/A,2025-08-09 12:17:39
527,7.932187,N/A,N/A,1.32e-04,57401.91,805.00,1752695,N/A,2025-08-09 12:17:39
528,7.530891,N/A,N/A,1.32e-04,57585.45,926.75,1756402,N/A,2025-08-09 12:17:39
529,7.418911,N/A,N/A,1.32e-04,57387.97,819.25,1759679,N/A,2025-08-09 12:17:39
530,7.637833,N/A,N/A,1.33e-04,55437.13,806.25,1762904,106.3766,2025-08-09 12:17:39
531,7.589693,N/A,N/A,1.33e-04,54211.80,777.25,1766013,N/A,2025-08-09 12:17:39
532,7.685905,N/A,N/A,1.33e-04,54035.13,739.75,1768972,N/A,2025-08-09 12:17:39
533,7.815319,N/A,N/A,1.34e-04,53517.18,739.75,1771931,N/A,2025-08-09 12:17:39
534,7.750787,N/A,N/A,1.34e-04,52712.38,861.00,1775375,N/A,2025-08-09 12:17:39
535,7.874590,N/A,N/A,1.34e-04,54208.46,848.75,1778770,N/A,2025-08-09 12:17:39
536,7.593307,N/A,N/A,1.34e-04,54603.44,829.50,1782088,N/A,2025-08-09 12:17:39
537,7.906706,N/A,N/A,1.35e-04,54618.25,912.50,1785738,N/A,2025-08-09 12:17:39
538,7.626117,N/A,N/A,1.35e-04,53448.72,940.75,1789501,N/A,2025-08-09 12:17:39
539,7.678737,N/A,N/A,1.35e-04,52555.28,723.50,1792395,N/A,2025-08-09 12:17:39
540,7.710929,N/A,N/A,1.35e-04,49968.83,619.50,1794873,106.3589,2025-08-09 12:17:40
541,7.639810,N/A,N/A,1.36e-04,47239.41,750.00,1797873,N/A,2025-08-09 12:17:40
542,7.616463,N/A,N/A,1.36e-04,48014.28,831.75,1801200,N/A,2025-08-09 12:17:40
543,7.484339,N/A,N/A,1.36e-04,48842.44,673.25,1803893,N/A,2025-08-09 12:17:40
544,7.810906,N/A,N/A,1.36e-04,49674.92,928.75,1807608,N/A,2025-08-09 12:17:40
545,7.545254,N/A,N/A,1.37e-04,49072.94,592.00,1809976,N/A,2025-08-09 12:17:40
546,7.594857,N/A,N/A,1.37e-04,49943.72,815.00,1813236,N/A,2025-08-09 12:17:40
547,7.674126,N/A,N/A,1.37e-04,51136.49,853.25,1816649,N/A,2025-08-09 12:17:40
548,7.662372,N/A,N/A,1.37e-04,51225.89,801.50,1819855,N/A,2025-08-09 12:17:40
549,7.564658,N/A,N/A,1.38e-04,52774.50,855.75,1823278,N/A,2025-08-09 12:17:40
550,7.741257,N/A,N/A,1.38e-04,53650.40,676.50,1825984,106.4117,2025-08-09 12:17:40
551,7.489361,N/A,N/A,1.38e-04,53307.62,704.25,1828801,N/A,2025-08-09 12:17:40
552,7.597877,N/A,N/A,1.38e-04,53937.25,871.25,1832286,N/A,2025-08-09 12:17:40
553,7.640617,N/A,N/A,1.39e-04,54945.64,779.00,1835402,N/A,2025-08-09 12:17:40
554,7.596612,N/A,N/A,1.39e-04,54727.16,976.75,1839309,N/A,2025-08-09 12:17:40
555,7.808596,N/A,N/A,1.39e-04,55801.81,942.50,1843079,N/A,2025-08-09 12:17:41
556,7.695426,N/A,N/A,1.39e-04,55946.05,837.50,1846429,N/A,2025-08-09 12:17:41
557,7.568942,N/A,N/A,1.40e-04,55251.71,855.75,1849852,N/A,2025-08-09 12:17:41
558,8.027710,N/A,N/A,1.40e-04,56025.70,941.25,1853617,N/A,2025-08-09 12:17:41
559,7.580785,N/A,N/A,1.40e-04,59251.58,930.50,1857339,N/A,2025-08-09 12:17:41
560,7.680032,N/A,N/A,1.40e-04,60172.20,768.50,1860413,106.4213,2025-08-09 12:17:41
561,7.655155,N/A,N/A,1.41e-04,60015.21,679.00,1863129,N/A,2025-08-09 12:17:41
562,7.580934,N/A,N/A,1.41e-04,59557.47,799.50,1866327,N/A,2025-08-09 12:17:41
563,7.355004,N/A,N/A,1.41e-04,59778.54,827.50,1869637,N/A,2025-08-09 12:17:41
564,7.653553,N/A,N/A,1.41e-04,59455.93,913.50,1873291,N/A,2025-08-09 12:17:41
565,7.558853,N/A,N/A,1.42e-04,57319.80,683.75,1876026,N/A,2025-08-09 12:17:41
566,7.450929,N/A,N/A,1.42e-04,57049.45,850.00,1879426,N/A,2025-08-09 12:17:41
567,7.637633,N/A,N/A,1.42e-04,55815.32,876.50,1882932,N/A,2025-08-09 12:17:41
568,7.458073,N/A,N/A,1.42e-04,52910.67,644.25,1885509,N/A,2025-08-09 12:17:41
569,7.704676,N/A,N/A,1.43e-04,53349.38,856.50,1888935,N/A,2025-08-09 12:17:41
570,7.662066,N/A,N/A,1.43e-04,50097.97,783.50,1892069,106.3545,2025-08-09 12:17:42
571,7.870848,N/A,N/A,1.43e-04,49312.62,735.00,1895009,N/A,2025-08-09 12:17:42
572,7.731169,N/A,N/A,1.43e-04,50082.33,811.50,1898255,N/A,2025-08-09 12:17:42
573,7.567688,N/A,N/A,1.44e-04,48821.85,983.50,1902189,N/A,2025-08-09 12:17:42
574,7.353045,N/A,N/A,1.44e-04,44657.29,668.25,1904862,N/A,2025-08-09 12:17:42
575,7.859486,N/A,N/A,1.44e-04,45875.17,981.75,1908789,N/A,2025-08-09 12:17:42
576,7.969610,N/A,N/A,1.44e-04,47091.21,905.75,1912412,N/A,2025-08-09 12:17:42
577,7.785184,N/A,N/A,1.44e-04,45687.30,670.75,1915095,N/A,2025-08-09 12:17:42
578,7.466843,N/A,N/A,1.45e-04,46100.33,821.75,1918382,N/A,2025-08-09 12:17:42
579,7.896954,N/A,N/A,1.45e-04,47135.00,754.75,1921401,N/A,2025-08-09 12:17:42
580,8.045922,N/A,N/A,1.45e-04,46643.98,626.00,1923905,106.3096,2025-08-09 12:17:42
581,7.656517,N/A,N/A,1.45e-04,46366.46,908.00,1927537,N/A,2025-08-09 12:17:42
582,7.837695,N/A,N/A,1.46e-04,48840.27,834.00,1930873,N/A,2025-08-09 12:17:42
583,7.607284,N/A,N/A,1.46e-04,47620.38,833.75,1934208,N/A,2025-08-09 12:17:43
584,7.419215,N/A,N/A,1.46e-04,49455.37,1014.50,1938266,N/A,2025-08-09 12:17:43
585,7.550536,N/A,N/A,1.46e-04,48297.25,886.75,1941813,N/A,2025-08-09 12:17:43
586,7.644157,N/A,N/A,1.47e-04,47555.08,734.25,1944750,N/A,2025-08-09 12:17:43
587,7.891702,N/A,N/A,1.47e-04,48798.08,803.00,1947962,N/A,2025-08-09 12:17:43
588,7.646893,N/A,N/A,1.47e-04,48397.94,720.50,1950844,N/A,2025-08-09 12:17:43
589,7.839847,N/A,N/A,1.47e-04,49431.71,845.00,1954224,N/A,2025-08-09 12:17:43
590,7.749683,N/A,N/A,1.48e-04,52633.61,950.50,1958026,106.3800,2025-08-09 12:17:43
591,7.711937,N/A,N/A,1.48e-04,51501.42,798.00,1961218,N/A,2025-08-09 12:17:43
592,7.479466,N/A,N/A,1.48e-04,57027.34,1013.00,1965270,N/A,2025-08-09 12:17:43
593,7.367271,N/A,N/A,1.49e-04,58065.31,639.00,1967826,N/A,2025-08-09 12:17:43
594,7.880764,N/A,N/A,1.49e-04,59555.81,876.50,1971332,N/A,2025-08-09 12:17:43
595,7.808420,N/A,N/A,1.49e-04,59418.84,883.75,1974867,N/A,2025-08-09 12:17:43
596,7.751993,N/A,N/A,1.49e-04,60406.30,804.25,1978084,N/A,2025-08-09 12:17:43
597,7.709379,N/A,N/A,1.50e-04,61810.99,767.75,1981155,N/A,2025-08-09 12:17:43
598,7.644597,N/A,N/A,1.50e-04,62539.35,1024.00,1985251,N/A,2025-08-09 12:17:44
599,7.400961,N/A,N/A,1.50e-04,61912.36,705.00,1988071,N/A,2025-08-09 12:17:44
600,7.834409,N/A,N/A,1.50e-04,62429.33,864.00,1991527,106.3788,2025-08-09 12:17:44
601,7.216733,N/A,N/A,1.50e-04,27843.47,1007.25,1995556,N/A,2025-08-09 12:17:44
602,7.822254,N/A,N/A,1.51e-04,27183.64,883.25,1999089,N/A,2025-08-09 12:17:44
603,7.789668,N/A,N/A,1.51e-04,27494.14,792.00,2002257,N/A,2025-08-09 12:17:45
604,7.401150,N/A,N/A,1.51e-04,28087.15,991.00,2006221,N/A,2025-08-09 12:17:45
605,7.972342,N/A,N/A,1.51e-04,27645.93,804.75,2009440,N/A,2025-08-09 12:17:45
606,7.788179,N/A,N/A,1.52e-04,27993.88,1024.00,2013536,N/A,2025-08-09 12:17:45
607,7.877738,N/A,N/A,1.52e-04,28293.97,899.75,2017135,N/A,2025-08-09 12:17:45
608,7.634392,N/A,N/A,1.52e-04,26458.50,663.75,2019790,N/A,2025-08-09 12:17:45
609,7.574008,N/A,N/A,1.52e-04,27114.46,948.50,2023584,N/A,2025-08-09 12:17:45
610,7.690785,N/A,N/A,1.53e-04,56442.14,908.50,2027218,106.4871,2025-08-09 12:17:45
611,7.718947,N/A,N/A,1.53e-04,55846.73,775.25,2030319,N/A,2025-08-09 12:17:45
612,7.575571,N/A,N/A,1.53e-04,55140.07,787.50,2033469,N/A,2025-08-09 12:17:45
613,7.808734,N/A,N/A,1.53e-04,55517.12,887.00,2037017,N/A,2025-08-09 12:17:45
614,7.558461,N/A,N/A,1.54e-04,55373.90,848.75,2040412,N/A,2025-08-09 12:17:45
615,7.619106,N/A,N/A,1.54e-04,56443.33,778.75,2043527,N/A,2025-08-09 12:17:45
616,7.442044,N/A,N/A,1.54e-04,55925.13,664.00,2046183,N/A,2025-08-09 12:17:45
617,7.532188,N/A,N/A,1.55e-04,58381.64,763.00,2049235,N/A,2025-08-09 12:17:45
618,7.569206,N/A,N/A,1.55e-04,60755.46,836.00,2052579,N/A,2025-08-09 12:17:46
619,7.683742,N/A,N/A,1.55e-04,61420.33,780.00,2055699,N/A,2025-08-09 12:17:46
620,7.577322,N/A,N/A,1.55e-04,61226.45,991.75,2059666,106.3891,2025-08-09 12:17:46
621,7.675199,N/A,N/A,1.56e-04,63942.03,999.00,2063662,N/A,2025-08-09 12:17:46
622,7.615527,N/A,N/A,1.56e-04,63965.51,661.00,2066306,N/A,2025-08-09 12:17:46
623,7.613770,N/A,N/A,1.56e-04,63606.46,871.00,2069790,N/A,2025-08-09 12:17:46
624,7.936594,N/A,N/A,1.56e-04,63745.06,996.50,2073776,N/A,2025-08-09 12:17:46
625,7.302379,N/A,N/A,1.57e-04,63048.95,852.25,2077185,N/A,2025-08-09 12:17:46
626,7.640379,N/A,N/A,1.57e-04,63016.48,881.25,2080710,N/A,2025-08-09 12:17:46
627,7.746464,N/A,N/A,1.57e-04,63139.86,967.25,2084579,N/A,2025-08-09 12:17:46
628,7.704209,N/A,N/A,1.57e-04,63338.18,825.50,2087881,N/A,2025-08-09 12:17:46
629,7.861512,N/A,N/A,1.58e-04,64706.12,845.00,2091261,N/A,2025-08-09 12:17:46
630,7.456359,N/A,N/A,1.58e-04,64217.30,989.50,2095219,106.4282,2025-08-09 12:17:46
631,7.637712,N/A,N/A,1.58e-04,62004.32,829.25,2098536,N/A,2025-08-09 12:17:46
632,7.545013,N/A,N/A,1.58e-04,60643.52,845.00,2101916,N/A,2025-08-09 12:17:46
633,7.787360,N/A,N/A,1.59e-04,59580.76,835.50,2105258,N/A,2025-08-09 12:17:46
634,7.450703,N/A,N/A,1.59e-04,57257.16,597.00,2107646,N/A,2025-08-09 12:17:47
635,7.703177,N/A,N/A,1.59e-04,58054.86,824.75,2110945,N/A,2025-08-09 12:17:47
636,7.695266,N/A,N/A,1.59e-04,58412.46,867.25,2114414,N/A,2025-08-09 12:17:47
637,7.582088,N/A,N/A,1.60e-04,55867.35,663.00,2117066,N/A,2025-08-09 12:17:47
638,7.675968,N/A,N/A,1.60e-04,55853.34,823.75,2120361,N/A,2025-08-09 12:17:47
639,7.840022,N/A,N/A,1.60e-04,53815.61,658.00,2122993,N/A,2025-08-09 12:17:47
640,7.781669,N/A,N/A,1.60e-04,51501.32,755.50,2126015,106.4595,2025-08-09 12:17:47
641,7.642902,N/A,N/A,1.60e-04,53753.85,886.00,2129559,N/A,2025-08-09 12:17:47
642,7.618341,N/A,N/A,1.61e-04,56110.35,924.00,2133255,N/A,2025-08-09 12:17:47
643,7.568998,N/A,N/A,1.61e-04,55002.66,732.50,2136185,N/A,2025-08-09 12:17:47
644,7.867424,N/A,N/A,1.61e-04,55521.36,812.75,2139436,N/A,2025-08-09 12:17:47
645,8.022112,N/A,N/A,1.61e-04,56779.08,919.50,2143114,N/A,2025-08-09 12:17:47
646,7.507462,N/A,N/A,1.62e-04,57937.10,958.75,2146949,N/A,2025-08-09 12:17:47
647,7.620881,N/A,N/A,1.62e-04,58938.41,814.25,2150206,N/A,2025-08-09 12:17:47
648,7.817439,N/A,N/A,1.62e-04,58810.08,766.25,2153271,N/A,2025-08-09 12:17:47
649,7.638997,N/A,N/A,1.62e-04,59353.94,670.25,2155952,N/A,2025-08-09 12:17:47
650,7.609426,N/A,N/A,1.63e-04,59153.41,719.25,2158829,106.4662,2025-08-09 12:17:48
651,7.593733,N/A,N/A,1.63e-04,59490.10,957.50,2162659,N/A,2025-08-09 12:17:48
652,7.727167,N/A,N/A,1.63e-04,61170.92,980.25,2166580,N/A,2025-08-09 12:17:48
653,7.873621,N/A,N/A,1.64e-04,63939.76,909.50,2170218,N/A,2025-08-09 12:17:48
654,7.543996,N/A,N/A,1.64e-04,65111.46,944.75,2173997,N/A,2025-08-09 12:17:48
655,7.784230,N/A,N/A,1.64e-04,63234.95,818.50,2177271,N/A,2025-08-09 12:17:48
656,8.133485,N/A,N/A,1.64e-04,62695.00,863.00,2180723,N/A,2025-08-09 12:17:48
657,7.337109,N/A,N/A,1.65e-04,62746.78,700.75,2183526,N/A,2025-08-09 12:17:48
658,7.855852,N/A,N/A,1.65e-04,64858.01,1014.50,2187584,N/A,2025-08-09 12:17:48
659,7.487634,N/A,N/A,1.65e-04,65154.29,852.00,2190992,N/A,2025-08-09 12:17:48
660,7.902745,N/A,N/A,1.65e-04,64859.17,871.25,2194477,106.4272,2025-08-09 12:17:48
661,7.657201,N/A,N/A,1.66e-04,60091.08,901.25,2198082,N/A,2025-08-09 12:17:48
662,7.946181,N/A,N/A,1.66e-04,58227.82,854.50,2201500,N/A,2025-08-09 12:17:48
663,7.817708,N/A,N/A,1.66e-04,56366.65,812.00,2204748,N/A,2025-08-09 12:17:48
664,7.820483,N/A,N/A,1.66e-04,55539.83,974.75,2208647,N/A,2025-08-09 12:17:48
665,8.085148,N/A,N/A,1.67e-04,53776.99,855.75,2212070,N/A,2025-08-09 12:17:49
666,7.553704,N/A,N/A,1.67e-04,51176.66,836.25,2215415,N/A,2025-08-09 12:17:49
667,7.761392,N/A,N/A,1.67e-04,49501.17,897.00,2219003,N/A,2025-08-09 12:17:49
668,8.072270,N/A,N/A,1.67e-04,47656.42,790.00,2222163,N/A,2025-08-09 12:17:49
669,7.455317,N/A,N/A,1.68e-04,46584.54,807.00,2225391,N/A,2025-08-09 12:17:49
670,7.641786,N/A,N/A,1.68e-04,49293.08,1005.75,2229414,106.5487,2025-08-09 12:17:49
671,7.742283,N/A,N/A,1.68e-04,49495.73,895.00,2232994,N/A,2025-08-09 12:17:49
672,7.593767,N/A,N/A,1.68e-04,49575.62,889.75,2236553,N/A,2025-08-09 12:17:49
673,7.678960,N/A,N/A,1.69e-04,51888.76,941.50,2240319,N/A,2025-08-09 12:17:49
674,8.150269,N/A,N/A,1.69e-04,52402.72,880.25,2243840,N/A,2025-08-09 12:17:49
675,7.861792,N/A,N/A,1.69e-04,54197.23,732.25,2246769,N/A,2025-08-09 12:17:49
676,7.928877,N/A,N/A,1.69e-04,58847.16,890.75,2250332,N/A,2025-08-09 12:17:49
677,7.711477,N/A,N/A,1.70e-04,59606.53,706.75,2253159,N/A,2025-08-09 12:17:49
678,7.550209,N/A,N/A,1.70e-04,62148.64,772.50,2256249,N/A,2025-08-09 12:17:49
679,7.650834,N/A,N/A,1.70e-04,62908.97,781.75,2259376,N/A,2025-08-09 12:17:49
680,7.713325,N/A,N/A,1.70e-04,61652.16,771.75,2262463,106.5562,2025-08-09 12:17:50
681,8.258844,N/A,N/A,1.71e-04,63305.22,909.50,2266101,N/A,2025-08-09 12:17:50
682,7.373538,N/A,N/A,1.71e-04,63128.08,1024.00,2270197,N/A,2025-08-09 12:17:50
683,7.928498,N/A,N/A,1.71e-04,63108.95,920.50,2273879,N/A,2025-08-09 12:17:50
684,7.648590,N/A,N/A,1.71e-04,63499.21,915.25,2277540,N/A,2025-08-09 12:17:50
685,7.753860,N/A,N/A,1.72e-04,64971.65,915.25,2281201,N/A,2025-08-09 12:17:50
686,7.485872,N/A,N/A,1.72e-04,62921.92,727.50,2284111,N/A,2025-08-09 12:17:50
687,7.683097,N/A,N/A,1.72e-04,63880.80,888.50,2287665,N/A,2025-08-09 12:17:50
688,7.480727,N/A,N/A,1.72e-04,63197.14,875.50,2291167,N/A,2025-08-09 12:17:50
689,7.604870,N/A,N/A,1.73e-04,63344.23,770.50,2294249,N/A,2025-08-09 12:17:50
690,7.189300,N/A,N/A,1.73e-04,62306.11,760.50,2297291,106.4850,2025-08-09 12:17:50
691,7.377879,N/A,N/A,1.73e-04,63063.21,930.75,2301014,N/A,2025-08-09 12:17:50
692,7.692399,N/A,N/A,1.73e-04,62907.36,904.00,2304630,N/A,2025-08-09 12:17:50
693,7.675043,N/A,N/A,1.74e-04,60620.48,861.50,2308076,N/A,2025-08-09 12:17:50
694,7.483149,N/A,N/A,1.74e-04,59501.55,1016.50,2312142,N/A,2025-08-09 12:17:50
695,7.459558,N/A,N/A,1.74e-04,59348.17,808.75,2315377,N/A,2025-08-09 12:17:50
696,7.496748,N/A,N/A,1.74e-04,59428.80,718.25,2318250,N/A,2025-08-09 12:17:51
697,7.284325,N/A,N/A,1.75e-04,59873.41,804.25,2321467,N/A,2025-08-09 12:17:51
698,7.779996,N/A,N/A,1.75e-04,58236.69,765.75,2324530,N/A,2025-08-09 12:17:51
699,7.299381,N/A,N/A,1.75e-04,56225.00,809.50,2327768,N/A,2025-08-09 12:17:51
700,7.516266,N/A,N/A,1.75e-04,56086.33,796.50,2330954,106.6082,2025-08-09 12:17:51
701,7.382271,N/A,N/A,1.76e-04,23193.49,777.75,2334065,N/A,2025-08-09 12:17:52
702,7.451664,N/A,N/A,1.76e-04,23048.92,800.00,2337265,N/A,2025-08-09 12:17:52
703,7.588151,N/A,N/A,1.76e-04,22364.10,557.50,2339495,N/A,2025-08-09 12:17:52
704,7.454591,N/A,N/A,1.76e-04,21684.99,822.25,2342784,N/A,2025-08-09 12:17:52
705,7.325928,N/A,N/A,1.76e-04,21590.33,793.00,2345956,N/A,2025-08-09 12:17:52
706,7.659326,N/A,N/A,1.77e-04,21959.83,859.75,2349395,N/A,2025-08-09 12:17:52
707,7.570192,N/A,N/A,1.77e-04,22122.65,852.50,2352805,N/A,2025-08-09 12:17:52
708,7.387778,N/A,N/A,1.77e-04,22280.08,740.50,2355767,N/A,2025-08-09 12:17:52
709,7.929217,N/A,N/A,1.77e-04,22378.23,851.75,2359174,N/A,2025-08-09 12:17:52
710,7.515617,N/A,N/A,1.78e-04,55063.82,978.25,2363087,106.4066,2025-08-09 12:17:52
711,7.818042,N/A,N/A,1.78e-04,55488.82,808.75,2366322,N/A,2025-08-09 12:17:52
712,7.451491,N/A,N/A,1.78e-04,57706.65,1024.00,2370418,N/A,2025-08-09 12:17:52
713,7.719812,N/A,N/A,1.79e-04,61417.41,925.75,2374121,N/A,2025-08-09 12:17:52
714,7.649957,N/A,N/A,1.79e-04,62538.19,879.50,2377639,N/A,2025-08-09 12:17:53
715,7.427555,N/A,N/A,1.79e-04,61528.05,783.25,2380772,N/A,2025-08-09 12:17:53
716,7.944917,N/A,N/A,1.79e-04,60564.45,678.25,2383485,N/A,2025-08-09 12:17:53
717,7.463019,N/A,N/A,1.79e-04,63060.23,992.00,2387453,N/A,2025-08-09 12:17:53
718,7.449485,N/A,N/A,1.80e-04,63304.40,876.00,2390957,N/A,2025-08-09 12:17:53
719,7.449644,N/A,N/A,1.80e-04,59930.00,788.25,2394110,N/A,2025-08-09 12:17:53
720,7.657235,N/A,N/A,1.80e-04,59068.64,922.00,2397798,106.4323,2025-08-09 12:17:53
721,7.747850,N/A,N/A,1.80e-04,58655.11,778.75,2400913,N/A,2025-08-09 12:17:53
722,7.673987,N/A,N/A,1.81e-04,56375.31,826.00,2404217,N/A,2025-08-09 12:17:53
723,7.651055,N/A,N/A,1.81e-04,55892.03,1011.00,2408261,N/A,2025-08-09 12:17:53
724,7.397601,N/A,N/A,1.81e-04,55636.33,827.00,2411569,N/A,2025-08-09 12:17:53
725,7.236075,N/A,N/A,1.81e-04,56485.03,833.25,2414902,N/A,2025-08-09 12:17:53
726,7.265935,N/A,N/A,1.82e-04,57223.40,716.25,2417767,N/A,2025-08-09 12:17:53
727,7.650357,N/A,N/A,1.82e-04,56653.91,802.75,2420978,N/A,2025-08-09 12:17:53
728,7.640040,N/A,N/A,1.82e-04,55511.07,727.75,2423889,N/A,2025-08-09 12:17:53
729,7.504563,N/A,N/A,1.82e-04,55941.33,822.00,2427177,N/A,2025-08-09 12:17:54
730,7.402291,N/A,N/A,1.83e-04,52954.64,859.50,2430615,106.4469,2025-08-09 12:17:54
731,7.461474,N/A,N/A,1.83e-04,51880.64,790.00,2433775,N/A,2025-08-09 12:17:54
732,7.727004,N/A,N/A,1.83e-04,48291.12,745.75,2436758,N/A,2025-08-09 12:17:54
733,7.700323,N/A,N/A,1.83e-04,47578.04,882.75,2440289,N/A,2025-08-09 12:17:54
734,8.103257,N/A,N/A,1.84e-04,47157.91,870.00,2443769,N/A,2025-08-09 12:17:54
735,7.798203,N/A,N/A,1.84e-04,43700.48,584.00,2446105,N/A,2025-08-09 12:17:54
736,7.721030,N/A,N/A,1.84e-04,43182.07,968.00,2449977,N/A,2025-08-09 12:17:54
737,7.271514,N/A,N/A,1.84e-04,43092.65,726.75,2452884,N/A,2025-08-09 12:17:54
738,7.360716,N/A,N/A,1.85e-04,42142.02,720.50,2455766,N/A,2025-08-09 12:17:54
739,7.432094,N/A,N/A,1.85e-04,44748.00,975.75,2459669,N/A,2025-08-09 12:17:54
740,7.272634,N/A,N/A,1.85e-04,46861.50,1024.00,2463765,106.5284,2025-08-09 12:17:54
741,7.903117,N/A,N/A,1.86e-04,50168.63,741.00,2466729,N/A,2025-08-09 12:17:54
742,7.407240,N/A,N/A,1.86e-04,50753.69,673.25,2469422,N/A,2025-08-09 12:17:55
743,7.850983,N/A,N/A,1.86e-04,50634.56,822.50,2472712,N/A,2025-08-09 12:17:55
744,7.404408,N/A,N/A,1.86e-04,53362.66,893.75,2476287,N/A,2025-08-09 12:17:55
745,7.527505,N/A,N/A,1.87e-04,59902.07,1018.50,2480361,N/A,2025-08-09 12:17:55
746,7.692085,N/A,N/A,1.87e-04,60584.61,761.25,2483406,N/A,2025-08-09 12:17:55
747,7.588467,N/A,N/A,1.87e-04,59300.41,709.50,2486244,N/A,2025-08-09 12:17:55
748,7.787574,N/A,N/A,1.87e-04,57121.03,781.50,2489370,N/A,2025-08-09 12:17:55
749,7.638829,N/A,N/A,1.88e-04,53891.85,951.00,2493174,N/A,2025-08-09 12:17:55
750,7.504061,N/A,N/A,1.88e-04,52990.95,948.00,2496966,106.4748,2025-08-09 12:17:55
751,7.547728,N/A,N/A,1.88e-04,53133.88,798.00,2500158,N/A,2025-08-09 12:17:55
752,7.973396,N/A,N/A,1.88e-04,54715.78,817.25,2503427,N/A,2025-08-09 12:17:55
753,7.475335,N/A,N/A,1.89e-04,54630.52,802.75,2506638,N/A,2025-08-09 12:17:55
754,7.659261,N/A,N/A,1.89e-04,54693.55,890.00,2510198,N/A,2025-08-09 12:17:55
755,7.411355,N/A,N/A,1.89e-04,53757.66,749.50,2513196,N/A,2025-08-09 12:17:55
756,7.706732,N/A,N/A,1.89e-04,56681.49,762.00,2516244,N/A,2025-08-09 12:17:55
757,7.516256,N/A,N/A,1.89e-04,59500.41,712.50,2519094,N/A,2025-08-09 12:17:55
758,7.459362,N/A,N/A,1.90e-04,64834.84,889.00,2522650,N/A,2025-08-09 12:17:56
759,7.679928,N/A,N/A,1.90e-04,65949.30,1003.25,2526663,N/A,2025-08-09 12:17:56
760,7.650163,N/A,N/A,1.90e-04,65433.98,926.50,2530369,106.4823,2025-08-09 12:17:56
761,7.641797,N/A,N/A,1.90e-04,65399.42,793.50,2533543,N/A,2025-08-09 12:17:56
762,7.840853,N/A,N/A,1.91e-04,65321.36,853.25,2536956,N/A,2025-08-09 12:17:56
763,7.780186,N/A,N/A,1.91e-04,64229.64,646.75,2539543,N/A,2025-08-09 12:17:56
764,7.781373,N/A,N/A,1.91e-04,62676.84,845.75,2542926,N/A,2025-08-09 12:17:56
765,7.454612,N/A,N/A,1.91e-04,61080.28,811.00,2546170,N/A,2025-08-09 12:17:56
766,7.528282,N/A,N/A,1.92e-04,57169.32,766.75,2549237,N/A,2025-08-09 12:17:56
767,7.379716,N/A,N/A,1.92e-04,57523.63,770.00,2552317,N/A,2025-08-09 12:17:56
768,7.135840,N/A,N/A,1.92e-04,56035.79,789.50,2555475,N/A,2025-08-09 12:17:56
769,7.521183,N/A,N/A,1.93e-04,55735.62,903.50,2559089,N/A,2025-08-09 12:17:56
770,7.281355,N/A,N/A,1.93e-04,54819.57,892.75,2562660,106.4755,2025-08-09 12:17:56
771,7.524570,N/A,N/A,1.93e-04,55745.24,916.50,2566326,N/A,2025-08-09 12:17:56
772,7.920472,N/A,N/A,1.93e-04,55055.95,758.25,2569359,N/A,2025-08-09 12:17:56
773,7.484669,N/A,N/A,1.94e-04,57002.67,783.25,2572492,N/A,2025-08-09 12:17:56
774,7.638587,N/A,N/A,1.94e-04,59247.77,853.50,2575906,N/A,2025-08-09 12:17:57
775,7.387418,N/A,N/A,1.94e-04,62742.79,721.50,2578792,N/A,2025-08-09 12:17:57
776,7.342893,N/A,N/A,1.94e-04,60612.51,700.75,2581595,N/A,2025-08-09 12:17:57
777,7.325199,N/A,N/A,1.95e-04,63260.37,1005.00,2585615,N/A,2025-08-09 12:17:57
778,7.485143,N/A,N/A,1.95e-04,63341.18,780.00,2588735,N/A,2025-08-09 12:17:57
779,7.183069,N/A,N/A,1.95e-04,63049.98,764.50,2591793,N/A,2025-08-09 12:17:57
780,7.681953,N/A,N/A,1.95e-04,60802.59,866.00,2595257,106.5394,2025-08-09 12:17:57
781,7.649513,N/A,N/A,1.96e-04,61372.44,988.75,2599212,N/A,2025-08-09 12:17:57
782,7.733427,N/A,N/A,1.96e-04,60866.23,699.25,2602009,N/A,2025-08-09 12:17:57
783,7.452796,N/A,N/A,1.96e-04,61384.26,871.75,2605496,N/A,2025-08-09 12:17:57
784,7.603296,N/A,N/A,1.96e-04,60895.73,905.00,2609116,N/A,2025-08-09 12:17:57
785,7.432911,N/A,N/A,1.97e-04,61983.72,817.50,2612386,N/A,2025-08-09 12:17:57
786,7.472913,N/A,N/A,1.97e-04,61781.91,868.50,2615860,N/A,2025-08-09 12:17:57
787,7.424984,N/A,N/A,1.97e-04,58884.16,802.25,2619069,N/A,2025-08-09 12:17:57
788,7.540720,N/A,N/A,1.97e-04,58535.02,817.00,2622337,N/A,2025-08-09 12:17:57
789,7.740629,N/A,N/A,1.98e-04,60594.72,785.50,2625479,N/A,2025-08-09 12:17:57
790,7.547756,N/A,N/A,1.98e-04,59062.80,797.75,2628670,106.4778,2025-08-09 12:17:58
791,7.563736,N/A,N/A,1.98e-04,56590.20,636.75,2631217,N/A,2025-08-09 12:17:58
792,7.978967,N/A,N/A,1.98e-04,55993.27,822.50,2634507,N/A,2025-08-09 12:17:58
793,7.244359,N/A,N/A,1.99e-04,56882.15,906.25,2638132,N/A,2025-08-09 12:17:58
794,7.793589,N/A,N/A,1.99e-04,57717.16,871.75,2641619,N/A,2025-08-09 12:17:58
795,7.186954,N/A,N/A,1.99e-04,57830.83,829.75,2644938,N/A,2025-08-09 12:17:58
796,6.749397,N/A,N/A,1.99e-04,59066.18,850.50,2648340,N/A,2025-08-09 12:17:58
797,7.551109,N/A,N/A,1.99e-04,59856.92,1024.00,2652436,N/A,2025-08-09 12:17:58
798,7.758914,N/A,N/A,2.00e-04,58995.85,705.00,2655256,N/A,2025-08-09 12:17:58
799,7.239623,N/A,N/A,2.00e-04,60631.81,901.25,2658861,N/A,2025-08-09 12:17:58
800,7.364866,N/A,N/A,2.00e-04,60253.98,835.25,2662202,106.4708,2025-08-09 12:17:58
801,7.825098,N/A,N/A,2.01e-04,29188.14,925.00,2665902,N/A,2025-08-09 12:17:59
802,7.567383,N/A,N/A,2.01e-04,28736.78,803.00,2669114,N/A,2025-08-09 12:17:59
803,8.188301,N/A,N/A,2.01e-04,27932.12,837.00,2672462,N/A,2025-08-09 12:17:59
804,7.507439,N/A,N/A,2.01e-04,27525.62,834.50,2675800,N/A,2025-08-09 12:17:59
805,7.902441,N/A,N/A,2.02e-04,27502.42,966.50,2679666,N/A,2025-08-09 12:17:59
806,7.497708,N/A,N/A,2.02e-04,26665.87,792.50,2682836,N/A,2025-08-09 12:17:59
807,7.319171,N/A,N/A,2.02e-04,25609.77,802.75,2686047,N/A,2025-08-09 12:17:59
808,7.784474,N/A,N/A,2.02e-04,25532.21,768.50,2689121,N/A,2025-08-09 12:17:59
809,7.805559,N/A,N/A,2.03e-04,25091.41,733.50,2692055,N/A,2025-08-09 12:17:59
810,7.336001,N/A,N/A,2.03e-04,47561.49,633.00,2694587,106.5272,2025-08-09 12:17:59
811,7.385268,N/A,N/A,2.03e-04,47227.87,868.25,2698060,N/A,2025-08-09 12:18:00
812,7.237073,N/A,N/A,2.03e-04,47611.65,731.00,2700984,N/A,2025-08-09 12:18:00
813,7.344948,N/A,N/A,2.04e-04,48589.81,850.00,2704384,N/A,2025-08-09 12:18:00
814,7.442487,N/A,N/A,2.04e-04,49551.39,741.25,2707349,N/A,2025-08-09 12:18:00
815,7.716708,N/A,N/A,2.04e-04,50683.61,689.50,2710107,N/A,2025-08-09 12:18:00
816,7.548623,N/A,N/A,2.04e-04,50119.55,632.50,2712637,N/A,2025-08-09 12:18:00
817,7.553331,N/A,N/A,2.05e-04,51789.54,933.25,2716370,N/A,2025-08-09 12:18:00
818,7.762386,N/A,N/A,2.05e-04,49684.11,848.75,2719765,N/A,2025-08-09 12:18:00
819,7.390522,N/A,N/A,2.05e-04,47872.94,649.00,2722361,N/A,2025-08-09 12:18:00
820,7.687344,N/A,N/A,2.05e-04,48629.73,808.25,2725594,106.5960,2025-08-09 12:18:00
821,7.875419,N/A,N/A,2.06e-04,47027.62,746.50,2728580,N/A,2025-08-09 12:18:00
822,7.511293,N/A,N/A,2.06e-04,44688.97,882.75,2732111,N/A,2025-08-09 12:18:00
823,7.128752,N/A,N/A,2.06e-04,43464.41,935.50,2735853,N/A,2025-08-09 12:18:00
824,7.517801,N/A,N/A,2.06e-04,43394.21,751.25,2738858,N/A,2025-08-09 12:18:01
825,7.538372,N/A,N/A,2.07e-04,42725.24,838.75,2742213,N/A,2025-08-09 12:18:01
826,7.618184,N/A,N/A,2.07e-04,43340.13,967.00,2746081,N/A,2025-08-09 12:18:01
827,7.608532,N/A,N/A,2.07e-04,42657.02,738.00,2749033,N/A,2025-08-09 12:18:01
828,7.418306,N/A,N/A,2.07e-04,43082.34,902.50,2752643,N/A,2025-08-09 12:18:01
829,7.467632,N/A,N/A,2.08e-04,44687.48,910.00,2756283,N/A,2025-08-09 12:18:01
830,7.907024,N/A,N/A,2.08e-04,43579.71,611.75,2758730,106.5836,2025-08-09 12:18:01
831,7.629904,N/A,N/A,2.08e-04,46899.88,752.75,2761741,N/A,2025-08-09 12:18:01
832,7.577660,N/A,N/A,2.08e-04,46747.01,574.25,2764038,N/A,2025-08-09 12:18:01
833,7.426780,N/A,N/A,2.08e-04,46510.52,795.25,2767219,N/A,2025-08-09 12:18:01
834,7.012395,N/A,N/A,2.09e-04,43006.58,136.00,2767763,N/A,2025-08-09 12:18:01
835,7.580604,N/A,N/A,2.09e-04,6477.62,793.50,2770937,N/A,2025-08-09 12:18:05
836,7.716755,N/A,N/A,2.09e-04,6365.22,809.25,2774174,N/A,2025-08-09 12:18:05
837,7.361901,N/A,N/A,2.09e-04,6515.26,889.50,2777732,N/A,2025-08-09 12:18:05
838,7.815645,N/A,N/A,2.10e-04,6453.78,821.75,2781019,N/A,2025-08-09 12:18:05
839,7.392842,N/A,N/A,2.10e-04,6409.63,835.75,2784362,N/A,2025-08-09 12:18:05
840,7.752479,N/A,N/A,2.10e-04,6512.81,734.75,2787301,106.3965,2025-08-09 12:18:05
841,7.459253,N/A,N/A,2.10e-04,6584.90,839.75,2790660,N/A,2025-08-09 12:18:06
842,7.543452,N/A,N/A,2.11e-04,6791.41,809.00,2793896,N/A,2025-08-09 12:18:06
843,7.820892,N/A,N/A,2.11e-04,6689.05,648.50,2796490,N/A,2025-08-09 12:18:06
844,7.879672,N/A,N/A,2.11e-04,53385.14,777.50,2799600,N/A,2025-08-09 12:18:06
845,7.625126,N/A,N/A,2.11e-04,52226.33,812.75,2802851,N/A,2025-08-09 12:18:06
846,7.395567,N/A,N/A,2.12e-04,49520.61,769.25,2805928,N/A,2025-08-09 12:18:06
847,7.345825,N/A,N/A,2.12e-04,46917.25,704.00,2808744,N/A,2025-08-09 12:18:06
848,7.800202,N/A,N/A,2.12e-04,45473.24,770.00,2811824,N/A,2025-08-09 12:18:06
849,7.602587,N/A,N/A,2.12e-04,44962.44,838.00,2815176,N/A,2025-08-09 12:18:06
850,7.599465,N/A,N/A,2.13e-04,45028.21,841.25,2818541,106.5155,2025-08-09 12:18:06
851,7.809175,N/A,N/A,2.13e-04,44243.55,770.50,2821623,N/A,2025-08-09 12:18:06
852,7.782779,N/A,N/A,2.13e-04,42848.81,844.25,2825000,N/A,2025-08-09 12:18:06
853,7.514025,N/A,N/A,2.13e-04,42448.35,784.50,2828138,N/A,2025-08-09 12:18:07
854,7.797480,N/A,N/A,2.14e-04,44007.64,949.25,2831935,N/A,2025-08-09 12:18:07
855,7.391416,N/A,N/A,2.14e-04,45155.80,727.25,2834844,N/A,2025-08-09 12:18:07
856,7.643949,N/A,N/A,2.14e-04,46182.26,789.50,2838002,N/A,2025-08-09 12:18:07
857,7.186266,N/A,N/A,2.15e-04,48103.83,763.00,2841054,N/A,2025-08-09 12:18:07
858,7.716217,N/A,N/A,2.15e-04,48627.62,867.00,2844522,N/A,2025-08-09 12:18:07
859,7.837824,N/A,N/A,2.15e-04,48032.56,595.75,2846905,N/A,2025-08-09 12:18:07
860,7.377706,N/A,N/A,2.15e-04,48541.65,910.75,2850548,106.4775,2025-08-09 12:18:07
861,7.266229,N/A,N/A,2.16e-04,53073.31,1024.00,2854644,N/A,2025-08-09 12:18:07
862,7.667390,N/A,N/A,2.16e-04,54539.89,789.75,2857803,N/A,2025-08-09 12:18:07
863,7.724041,N/A,N/A,2.16e-04,53438.27,587.50,2860153,N/A,2025-08-09 12:18:07
864,7.495682,N/A,N/A,2.16e-04,51935.34,746.00,2863137,N/A,2025-08-09 12:18:07
865,7.489846,N/A,N/A,2.17e-04,52333.41,802.75,2866348,N/A,2025-08-09 12:18:07
866,7.445043,N/A,N/A,2.17e-04,52098.78,722.00,2869236,N/A,2025-08-09 12:18:07
867,7.897192,N/A,N/A,2.17e-04,53305.19,756.50,2872262,N/A,2025-08-09 12:18:07
868,7.389946,N/A,N/A,2.17e-04,53309.04,835.50,2875604,N/A,2025-08-09 12:18:08
869,7.513077,N/A,N/A,2.18e-04,55841.92,927.25,2879313,N/A,2025-08-09 12:18:08
870,7.644295,N/A,N/A,2.18e-04,55181.89,875.50,2882815,106.5591,2025-08-09 12:18:08
871,7.596032,N/A,N/A,2.18e-04,53061.85,631.75,2885342,N/A,2025-08-09 12:18:08
872,7.649012,N/A,N/A,2.18e-04,54525.87,936.50,2889088,N/A,2025-08-09 12:18:08
873,7.521166,N/A,N/A,2.18e-04,56379.72,847.50,2892478,N/A,2025-08-09 12:18:08
874,7.318114,N/A,N/A,2.19e-04,58736.86,929.75,2896197,N/A,2025-08-09 12:18:08
875,7.502508,N/A,N/A,2.19e-04,56922.68,776.25,2899302,N/A,2025-08-09 12:18:08
876,7.401404,N/A,N/A,2.19e-04,57606.15,775.75,2902405,N/A,2025-08-09 12:18:08
877,7.717089,N/A,N/A,2.19e-04,56329.64,839.00,2905761,N/A,2025-08-09 12:18:08
878,7.289607,N/A,N/A,2.20e-04,54864.41,926.50,2909467,N/A,2025-08-09 12:18:08
879,7.373956,N/A,N/A,2.20e-04,53653.26,920.25,2913148,N/A,2025-08-09 12:18:08
880,7.499763,N/A,N/A,2.20e-04,50979.44,592.25,2915517,106.5560,2025-08-09 12:18:08
881,7.529802,N/A,N/A,2.20e-04,50267.10,698.25,2918310,N/A,2025-08-09 12:18:08
882,7.961599,N/A,N/A,2.21e-04,49218.03,612.00,2920758,N/A,2025-08-09 12:18:08
883,7.548217,N/A,N/A,2.21e-04,49757.24,914.50,2924416,N/A,2025-08-09 12:18:09
884,7.458400,N/A,N/A,2.21e-04,49591.79,825.75,2927719,N/A,2025-08-09 12:18:09
885,7.530153,N/A,N/A,2.21e-04,49700.57,758.50,2930753,N/A,2025-08-09 12:18:09
886,7.310452,N/A,N/A,2.22e-04,49406.66,750.75,2933756,N/A,2025-08-09 12:18:09
887,7.647207,N/A,N/A,2.22e-04,50504.13,789.50,2936914,N/A,2025-08-09 12:18:09
888,7.271600,N/A,N/A,2.22e-04,49685.21,740.25,2939875,N/A,2025-08-09 12:18:09
889,7.581155,N/A,N/A,2.23e-04,46017.57,1024.00,2943971,N/A,2025-08-09 12:18:09
890,7.770688,N/A,N/A,2.23e-04,45271.40,673.00,2946663,106.5727,2025-08-09 12:18:09
891,7.456595,N/A,N/A,2.23e-04,43962.43,695.50,2949445,N/A,2025-08-09 12:18:09
892,7.534976,N/A,N/A,2.23e-04,45753.27,900.25,2953046,N/A,2025-08-09 12:18:09
893,7.701797,N/A,N/A,2.24e-04,45180.88,685.00,2955786,N/A,2025-08-09 12:18:09
894,7.416948,N/A,N/A,2.24e-04,44946.19,763.50,2958840,N/A,2025-08-09 12:18:09
895,7.511198,N/A,N/A,2.24e-04,47425.08,934.00,2962576,N/A,2025-08-09 12:18:09
896,7.418574,N/A,N/A,2.24e-04,47778.89,725.75,2965479,N/A,2025-08-09 12:18:09
897,7.667513,N/A,N/A,2.25e-04,48978.96,765.75,2968542,N/A,2025-08-09 12:18:10
898,7.466117,N/A,N/A,2.25e-04,55604.75,816.00,2971806,N/A,2025-08-09 12:18:10
899,7.158406,N/A,N/A,2.25e-04,56684.61,778.50,2974920,N/A,2025-08-09 12:18:10
900,7.429075,N/A,N/A,2.25e-04,57809.92,868.25,2978393,106.6352,2025-08-09 12:18:10
901,7.447316,N/A,N/A,2.26e-04,22272.54,911.50,2982039,N/A,2025-08-09 12:18:11
902,7.555566,N/A,N/A,2.26e-04,21676.69,684.75,2984778,N/A,2025-08-09 12:18:11
903,7.561989,N/A,N/A,2.26e-04,21929.57,786.00,2987922,N/A,2025-08-09 12:18:11
904,7.939771,N/A,N/A,2.26e-04,21765.31,745.75,2990905,N/A,2025-08-09 12:18:11
905,7.454673,N/A,N/A,2.27e-04,21352.85,867.00,2994373,N/A,2025-08-09 12:18:11
906,7.517309,N/A,N/A,2.27e-04,20837.19,683.00,2997105,N/A,2025-08-09 12:18:11
907,7.220753,N/A,N/A,2.27e-04,21009.31,920.00,3000785,N/A,2025-08-09 12:18:11
908,7.755813,N/A,N/A,2.27e-04,21418.66,975.50,3004687,N/A,2025-08-09 12:18:11
909,7.625748,N/A,N/A,2.28e-04,21525.88,788.25,3007840,N/A,2025-08-09 12:18:11
910,7.454498,N/A,N/A,2.28e-04,51300.61,554.75,3010059,106.5882,2025-08-09 12:18:11
911,7.817668,N/A,N/A,2.28e-04,48763.81,686.50,3012805,N/A,2025-08-09 12:18:11
912,7.552030,N/A,N/A,2.28e-04,45992.65,767.50,3015875,N/A,2025-08-09 12:18:11
913,7.350462,N/A,N/A,2.28e-04,46456.65,887.50,3019425,N/A,2025-08-09 12:18:12
914,7.723911,N/A,N/A,2.29e-04,49110.85,922.75,3023116,N/A,2025-08-09 12:18:12
915,7.373558,N/A,N/A,2.29e-04,50586.09,833.25,3026449,N/A,2025-08-09 12:18:12
916,7.649318,N/A,N/A,2.29e-04,52351.19,914.00,3030105,N/A,2025-08-09 12:18:12
917,7.309498,N/A,N/A,2.30e-04,51370.49,684.25,3032842,N/A,2025-08-09 12:18:12
918,7.649090,N/A,N/A,2.30e-04,51570.69,768.00,3035914,N/A,2025-08-09 12:18:12
919,7.322952,N/A,N/A,2.30e-04,51258.32,714.75,3038773,N/A,2025-08-09 12:18:12
920,7.427347,N/A,N/A,2.30e-04,54033.34,885.25,3042314,106.5943,2025-08-09 12:18:12
921,7.656660,N/A,N/A,2.31e-04,60333.27,917.25,3045983,N/A,2025-08-09 12:18:12
922,7.177144,N/A,N/A,2.31e-04,61724.32,780.25,3049104,N/A,2025-08-09 12:18:12
923,7.453165,N/A,N/A,2.31e-04,59889.88,778.75,3052219,N/A,2025-08-09 12:18:12
924,7.663155,N/A,N/A,2.31e-04,60204.55,1014.50,3056277,N/A,2025-08-09 12:18:12
925,7.658463,N/A,N/A,2.32e-04,58619.89,603.00,3058689,N/A,2025-08-09 12:18:12
926,8.307691,N/A,N/A,2.32e-04,58540.37,866.75,3062156,N/A,2025-08-09 12:18:12
927,7.272547,N/A,N/A,2.32e-04,60341.52,898.50,3065750,N/A,2025-08-09 12:18:12
928,7.865442,N/A,N/A,2.32e-04,60034.84,721.75,3068637,N/A,2025-08-09 12:18:12
929,7.298784,N/A,N/A,2.33e-04,62288.20,925.75,3072340,N/A,2025-08-09 12:18:13
930,7.475108,N/A,N/A,2.33e-04,62178.36,969.25,3076217,106.6417,2025-08-09 12:18:13
931,7.469247,N/A,N/A,2.33e-04,60207.43,719.50,3079095,N/A,2025-08-09 12:18:13
932,7.786849,N/A,N/A,2.33e-04,61226.13,762.50,3082145,N/A,2025-08-09 12:18:13
933,7.361620,N/A,N/A,2.34e-04,62448.53,769.00,3085221,N/A,2025-08-09 12:18:13
934,7.540712,N/A,N/A,2.34e-04,63109.87,912.75,3088872,N/A,2025-08-09 12:18:13
935,7.370716,N/A,N/A,2.34e-04,65566.21,906.25,3092497,N/A,2025-08-09 12:18:13
936,7.368920,N/A,N/A,2.34e-04,64859.00,834.25,3095834,N/A,2025-08-09 12:18:13
937,7.381125,N/A,N/A,2.35e-04,65310.26,949.25,3099631,N/A,2025-08-09 12:18:13
938,7.574086,N/A,N/A,2.35e-04,66534.90,884.25,3103168,N/A,2025-08-09 12:18:13
939,7.511428,N/A,N/A,2.35e-04,66683.17,851.75,3106575,N/A,2025-08-09 12:18:13
940,7.588486,N/A,N/A,2.35e-04,66415.17,964.25,3110432,106.5861,2025-08-09 12:18:13
941,7.428366,N/A,N/A,2.36e-04,66580.54,742.25,3113401,N/A,2025-08-09 12:18:13
942,7.611967,N/A,N/A,2.36e-04,66550.92,796.25,3116586,N/A,2025-08-09 12:18:13
943,7.628084,N/A,N/A,2.36e-04,66585.18,769.00,3119662,N/A,2025-08-09 12:18:13
944,8.244098,N/A,N/A,2.36e-04,64238.54,632.75,3122193,N/A,2025-08-09 12:18:13
945,7.351731,N/A,N/A,2.37e-04,62888.71,651.25,3124798,N/A,2025-08-09 12:18:13
946,7.398731,N/A,N/A,2.37e-04,63403.32,1001.00,3128802,N/A,2025-08-09 12:18:14
947,7.490880,N/A,N/A,2.37e-04,63272.08,958.25,3132635,N/A,2025-08-09 12:18:14
948,7.510430,N/A,N/A,2.37e-04,62107.36,864.50,3136093,N/A,2025-08-09 12:18:14
949,7.481840,N/A,N/A,2.38e-04,57686.77,815.00,3139353,N/A,2025-08-09 12:18:14
950,7.660306,N/A,N/A,2.38e-04,55734.87,782.25,3142482,106.6506,2025-08-09 12:18:14
951,7.865841,N/A,N/A,2.38e-04,54920.84,757.00,3145510,N/A,2025-08-09 12:18:14
952,7.634608,N/A,N/A,2.38e-04,54797.02,784.25,3148647,N/A,2025-08-09 12:18:14
953,7.846949,N/A,N/A,2.39e-04,53829.65,620.50,3151129,N/A,2025-08-09 12:18:14
954,7.784421,N/A,N/A,2.39e-04,54767.06,793.50,3154303,N/A,2025-08-09 12:18:14
955,7.785969,N/A,N/A,2.39e-04,55601.25,685.50,3157045,N/A,2025-08-09 12:18:14
956,7.723500,N/A,N/A,2.39e-04,53839.87,729.00,3159961,N/A,2025-08-09 12:18:14
957,7.785313,N/A,N/A,2.40e-04,53266.82,851.25,3163366,N/A,2025-08-09 12:18:14
958,7.444930,N/A,N/A,2.40e-04,52331.67,585.00,3165706,N/A,2025-08-09 12:18:14
959,7.647736,N/A,N/A,2.40e-04,52572.51,895.00,3169286,N/A,2025-08-09 12:18:14
960,7.279768,N/A,N/A,2.40e-04,50818.27,732.75,3172217,106.6607,2025-08-09 12:18:14
961,7.391805,N/A,N/A,2.40e-04,52243.26,967.25,3176086,N/A,2025-08-09 12:18:14
962,7.811338,N/A,N/A,2.41e-04,52492.62,836.25,3179431,N/A,2025-08-09 12:18:15
963,7.801768,N/A,N/A,2.41e-04,52711.55,770.00,3182511,N/A,2025-08-09 12:18:15
964,7.428938,N/A,N/A,2.41e-04,52769.80,934.50,3186249,N/A,2025-08-09 12:18:15
965,7.374339,N/A,N/A,2.41e-04,53946.15,958.50,3190083,N/A,2025-08-09 12:18:15
966,7.430879,N/A,N/A,2.42e-04,54152.98,819.00,3193359,N/A,2025-08-09 12:18:15
967,7.558003,N/A,N/A,2.42e-04,56450.92,713.25,3196212,N/A,2025-08-09 12:18:15
968,7.392721,N/A,N/A,2.42e-04,58522.37,723.00,3199104,N/A,2025-08-09 12:18:15
969,7.167758,N/A,N/A,2.42e-04,61386.69,882.00,3202632,N/A,2025-08-09 12:18:15
970,7.309831,N/A,N/A,2.43e-04,63064.89,1024.00,3206728,106.6365,2025-08-09 12:18:15
971,7.740360,N/A,N/A,2.43e-04,61319.33,733.25,3209661,N/A,2025-08-09 12:18:15
972,7.435183,N/A,N/A,2.43e-04,61004.38,664.75,3212320,N/A,2025-08-09 12:18:15
973,7.514367,N/A,N/A,2.43e-04,60366.23,873.75,3215815,N/A,2025-08-09 12:18:15
974,7.218291,N/A,N/A,2.44e-04,58706.52,701.00,3218619,N/A,2025-08-09 12:18:15
975,7.128292,N/A,N/A,2.44e-04,55988.35,532.00,3220747,N/A,2025-08-09 12:18:15
976,7.509660,N/A,N/A,2.44e-04,53273.56,734.00,3223683,N/A,2025-08-09 12:18:15
977,7.309628,N/A,N/A,2.44e-04,54005.47,831.75,3227010,N/A,2025-08-09 12:18:15
978,7.286393,N/A,N/A,2.45e-04,54472.52,847.50,3230400,N/A,2025-08-09 12:18:16
979,7.517245,N/A,N/A,2.45e-04,54587.93,835.00,3233740,N/A,2025-08-09 12:18:16
980,7.567096,N/A,N/A,2.45e-04,52425.01,808.25,3236973,106.6215,2025-08-09 12:18:16
981,7.430171,N/A,N/A,2.46e-04,52673.21,882.75,3240504,N/A,2025-08-09 12:18:16
982,7.537860,N/A,N/A,2.46e-04,54372.76,693.75,3243279,N/A,2025-08-09 12:18:16
983,7.377252,N/A,N/A,2.46e-04,53783.57,712.75,3246130,N/A,2025-08-09 12:18:16
984,7.591737,N/A,N/A,2.46e-04,55815.80,863.50,3249584,N/A,2025-08-09 12:18:16
985,7.238361,N/A,N/A,2.46e-04,59213.57,700.50,3252386,N/A,2025-08-09 12:18:16
986,7.544651,N/A,N/A,2.47e-04,59099.44,866.00,3255850,N/A,2025-08-09 12:18:16
987,7.653004,N/A,N/A,2.47e-04,59847.03,945.50,3259632,N/A,2025-08-09 12:18:16
988,7.570239,N/A,N/A,2.47e-04,58381.93,647.50,3262222,N/A,2025-08-09 12:18:16
989,7.184536,N/A,N/A,2.47e-04,59486.03,886.00,3265766,N/A,2025-08-09 12:18:16
990,7.633852,N/A,N/A,2.48e-04,59784.87,829.75,3269085,106.6058,2025-08-09 12:18:16
991,7.275483,N/A,N/A,2.48e-04,59951.14,804.25,3272302,N/A,2025-08-09 12:18:16
992,7.529893,N/A,N/A,2.48e-04,59582.05,678.00,3275014,N/A,2025-08-09 12:18:16
993,7.556567,N/A,N/A,2.49e-04,59392.32,698.00,3277806,N/A,2025-08-09 12:18:16
994,7.629965,N/A,N/A,2.49e-04,58524.18,790.25,3280967,N/A,2025-08-09 12:18:17
995,7.681668,N/A,N/A,2.49e-04,59307.99,872.75,3284458,N/A,2025-08-09 12:18:17
996,7.470637,N/A,N/A,2.49e-04,59256.74,837.25,3287807,N/A,2025-08-09 12:18:17
997,7.204171,N/A,N/A,2.49e-04,58645.35,995.75,3291790,N/A,2025-08-09 12:18:17
998,7.534915,N/A,N/A,2.50e-04,61660.52,1024.00,3295886,N/A,2025-08-09 12:18:17
999,7.808522,N/A,N/A,2.50e-04,60690.02,765.00,3298946,N/A,2025-08-09 12:18:17
1000,7.540989,N/A,N/A,2.50e-04,58255.82,779.50,3302064,106.6581,2025-08-09 12:18:17
1001,7.369272,N/A,N/A,2.51e-04,22746.52,758.00,3305096,N/A,2025-08-09 12:18:18
1002,7.445593,N/A,N/A,2.51e-04,23094.53,949.00,3308892,N/A,2025-08-09 12:18:18
1003,7.641652,N/A,N/A,2.51e-04,22704.77,671.25,3311577,N/A,2025-08-09 12:18:18
1004,7.723334,N/A,N/A,2.51e-04,21660.52,729.75,3314496,N/A,2025-08-09 12:18:18
1005,7.507613,N/A,N/A,2.51e-04,20543.09,989.75,3318455,N/A,2025-08-09 12:18:18
1006,7.364170,N/A,N/A,2.52e-04,20393.94,830.75,3321778,N/A,2025-08-09 12:18:18
1007,7.540353,N/A,N/A,2.52e-04,19576.72,774.25,3324875,N/A,2025-08-09 12:18:18
1008,7.456712,N/A,N/A,2.52e-04,18738.58,876.00,3328379,N/A,2025-08-09 12:18:19
1009,7.610832,N/A,N/A,2.53e-04,18709.01,754.50,3331397,N/A,2025-08-09 12:18:19
1010,7.536914,N/A,N/A,2.53e-04,38444.49,989.75,3335356,106.6478,2025-08-09 12:18:19
1011,7.553045,N/A,N/A,2.53e-04,39331.10,776.25,3338461,N/A,2025-08-09 12:18:19
1012,7.738937,N/A,N/A,2.53e-04,38981.01,780.75,3341584,N/A,2025-08-09 12:18:19
1013,7.503558,N/A,N/A,2.53e-04,41770.22,719.75,3344463,N/A,2025-08-09 12:18:19
1014,7.465020,N/A,N/A,2.54e-04,46573.00,969.25,3348340,N/A,2025-08-09 12:18:19
1015,7.769402,N/A,N/A,2.54e-04,44728.82,793.75,3351515,N/A,2025-08-09 12:18:19
1016,7.296587,N/A,N/A,2.54e-04,44570.56,873.25,3355008,N/A,2025-08-09 12:18:19
1017,7.686585,N/A,N/A,2.55e-04,45073.63,778.00,3358120,N/A,2025-08-09 12:18:19
1018,7.269557,N/A,N/A,2.55e-04,44460.01,720.75,3361003,N/A,2025-08-09 12:18:19
1019,7.579029,N/A,N/A,2.55e-04,44933.85,838.50,3364357,N/A,2025-08-09 12:18:19
1020,7.635926,N/A,N/A,2.55e-04,43408.41,947.25,3368146,106.7273,2025-08-09 12:18:20
1021,7.522249,N/A,N/A,2.56e-04,42959.10,679.75,3370865,N/A,2025-08-09 12:18:20
1022,7.234710,N/A,N/A,2.56e-04,43277.36,703.50,3373679,N/A,2025-08-09 12:18:20
1023,7.340387,N/A,N/A,2.56e-04,45689.33,944.50,3377457,N/A,2025-08-09 12:18:20
1024,7.219531,N/A,N/A,2.56e-04,45678.72,751.00,3380461,N/A,2025-08-09 12:18:20
1025,7.527399,N/A,N/A,2.57e-04,46088.69,874.25,3383958,N/A,2025-08-09 12:18:20
1026,7.401069,N/A,N/A,2.57e-04,46606.51,781.00,3387082,N/A,2025-08-09 12:18:20
1027,7.442425,N/A,N/A,2.57e-04,45063.06,768.00,3390154,N/A,2025-08-09 12:18:20
1028,7.411899,N/A,N/A,2.57e-04,45425.51,997.50,3394144,N/A,2025-08-09 12:18:20
1029,7.584835,N/A,N/A,2.58e-04,46476.58,850.50,3397546,N/A,2025-08-09 12:18:20
1030,7.627787,N/A,N/A,2.58e-04,45306.67,851.50,3400952,106.6365,2025-08-09 12:18:20
1031,7.885217,N/A,N/A,2.58e-04,45703.01,916.75,3404619,N/A,2025-08-09 12:18:20
1032,7.355792,N/A,N/A,2.58e-04,48058.40,929.50,3408337,N/A,2025-08-09 12:18:20
1033,7.744978,N/A,N/A,2.58e-04,46779.21,753.75,3411352,N/A,2025-08-09 12:18:21
1034,7.350213,N/A,N/A,2.59e-04,48214.55,799.75,3414551,N/A,2025-08-09 12:18:21
1035,7.161729,N/A,N/A,2.59e-04,48729.03,781.25,3417676,N/A,2025-08-09 12:18:21
1036,7.480654,N/A,N/A,2.59e-04,50286.25,687.50,3420426,N/A,2025-08-09 12:18:21
1037,7.588761,N/A,N/A,2.60e-04,52088.63,817.00,3423694,N/A,2025-08-09 12:18:21
1038,7.502618,N/A,N/A,2.60e-04,50085.98,647.00,3426282,N/A,2025-08-09 12:18:21
1039,7.749936,N/A,N/A,2.60e-04,51176.84,898.75,3429877,N/A,2025-08-09 12:18:21
1040,7.470325,N/A,N/A,2.60e-04,51367.44,797.75,3433068,106.6069,2025-08-09 12:18:21
1041,7.141672,N/A,N/A,2.60e-04,49298.82,849.50,3436466,N/A,2025-08-09 12:18:21
1042,7.365531,N/A,N/A,2.61e-04,48937.47,840.50,3439828,N/A,2025-08-09 12:18:21
1043,7.342518,N/A,N/A,2.61e-04,47752.78,760.50,3442870,N/A,2025-08-09 12:18:21
1044,7.259006,N/A,N/A,2.61e-04,47919.11,770.00,3445950,N/A,2025-08-09 12:18:21
1045,7.581917,N/A,N/A,2.62e-04,47961.17,775.25,3449051,N/A,2025-08-09 12:18:21
1046,7.586463,N/A,N/A,2.62e-04,47513.91,630.25,3451572,N/A,2025-08-09 12:18:21
1047,7.513292,N/A,N/A,2.62e-04,45303.63,660.25,3454213,N/A,2025-08-09 12:18:22
1048,7.690204,N/A,N/A,2.62e-04,46766.70,855.25,3457634,N/A,2025-08-09 12:18:22
1049,7.486004,N/A,N/A,2.63e-04,46011.99,785.75,3460777,N/A,2025-08-09 12:18:22
1050,7.708658,N/A,N/A,2.63e-04,47482.73,934.00,3464513,106.6339,2025-08-09 12:18:22
1051,7.443154,N/A,N/A,2.63e-04,46919.73,823.75,3467808,N/A,2025-08-09 12:18:22
1052,7.687645,N/A,N/A,2.63e-04,47020.53,681.75,3470535,N/A,2025-08-09 12:18:22
1053,7.456594,N/A,N/A,2.64e-04,47546.73,968.25,3474408,N/A,2025-08-09 12:18:22
1054,7.586796,N/A,N/A,2.64e-04,47188.97,799.25,3477605,N/A,2025-08-09 12:18:22
1055,7.562016,N/A,N/A,2.64e-04,47070.07,761.25,3480650,N/A,2025-08-09 12:18:22
1056,7.620934,N/A,N/A,2.64e-04,50012.13,838.00,3484002,N/A,2025-08-09 12:18:22
1057,7.248881,N/A,N/A,2.65e-04,51197.58,815.25,3487263,N/A,2025-08-09 12:18:22
1058,7.296346,N/A,N/A,2.65e-04,52883.72,1024.00,3491359,N/A,2025-08-09 12:18:22
1059,7.247971,N/A,N/A,2.65e-04,53863.43,793.25,3494532,N/A,2025-08-09 12:18:22
1060,7.351128,N/A,N/A,2.65e-04,53601.02,842.25,3497901,106.6571,2025-08-09 12:18:22
1061,6.930237,N/A,N/A,2.66e-04,52885.01,637.25,3500450,N/A,2025-08-09 12:18:23
1062,7.564867,N/A,N/A,2.66e-04,55321.96,905.00,3504070,N/A,2025-08-09 12:18:23
1063,7.630897,N/A,N/A,2.66e-04,55171.90,852.25,3507479,N/A,2025-08-09 12:18:23
1064,7.567301,N/A,N/A,2.66e-04,54166.41,820.50,3510761,N/A,2025-08-09 12:18:23
1065,7.493634,N/A,N/A,2.67e-04,54821.26,915.25,3514422,N/A,2025-08-09 12:18:23
1066,7.611363,N/A,N/A,2.67e-04,53406.42,688.75,3517177,N/A,2025-08-09 12:18:23
1067,7.545415,N/A,N/A,2.67e-04,52328.91,747.50,3520167,N/A,2025-08-09 12:18:23
1068,7.593791,N/A,N/A,2.67e-04,49995.12,844.50,3523545,N/A,2025-08-09 12:18:23
1069,7.381952,N/A,N/A,2.67e-04,49850.29,869.25,3527022,N/A,2025-08-09 12:18:23
1070,7.801095,N/A,N/A,2.68e-04,50290.67,1024.00,3531118,106.7183,2025-08-09 12:18:23
1071,7.576406,N/A,N/A,2.68e-04,50455.24,860.50,3534560,N/A,2025-08-09 12:18:23
1072,7.233383,N/A,N/A,2.68e-04,49742.81,934.50,3538298,N/A,2025-08-09 12:18:23
1073,7.323419,N/A,N/A,2.69e-04,48203.73,590.00,3540658,N/A,2025-08-09 12:18:23
1074,7.744458,N/A,N/A,2.69e-04,47663.73,872.25,3544147,N/A,2025-08-09 12:18:24
1075,7.760654,N/A,N/A,2.69e-04,45432.80,669.00,3546823,N/A,2025-08-09 12:18:24
1076,7.468167,N/A,N/A,2.69e-04,46351.82,842.25,3550192,N/A,2025-08-09 12:18:24
1077,7.335506,N/A,N/A,2.69e-04,45951.27,805.75,3553415,N/A,2025-08-09 12:18:24
1078,7.365507,N/A,N/A,2.70e-04,46486.26,776.50,3556521,N/A,2025-08-09 12:18:24
1079,7.304806,N/A,N/A,2.70e-04,46528.02,790.50,3559683,N/A,2025-08-09 12:18:24
1080,7.668804,N/A,N/A,2.70e-04,45698.94,794.75,3562862,106.7839,2025-08-09 12:18:24
1081,8.090020,N/A,N/A,2.71e-04,46378.88,933.75,3566597,N/A,2025-08-09 12:18:24
1082,7.610174,N/A,N/A,2.71e-04,46183.50,864.50,3570055,N/A,2025-08-09 12:18:24
1083,7.787055,N/A,N/A,2.71e-04,48303.40,970.50,3573937,N/A,2025-08-09 12:18:24
1084,7.476027,N/A,N/A,2.71e-04,49900.49,956.50,3577763,N/A,2025-08-09 12:18:24
1085,7.584913,N/A,N/A,2.72e-04,49233.13,650.75,3580366,N/A,2025-08-09 12:18:24
1086,7.185256,N/A,N/A,2.72e-04,50031.30,946.75,3584153,N/A,2025-08-09 12:18:24
1087,7.216418,N/A,N/A,2.72e-04,49333.76,687.50,3586903,N/A,2025-08-09 12:18:25
1088,7.760053,N/A,N/A,2.72e-04,48667.86,817.75,3590174,N/A,2025-08-09 12:18:25
1089,7.259218,N/A,N/A,2.73e-04,48269.07,794.00,3593350,N/A,2025-08-09 12:18:25
1090,8.149329,N/A,N/A,2.73e-04,46276.69,818.75,3596625,106.7654,2025-08-09 12:18:25
1091,7.639236,N/A,N/A,2.73e-04,44421.33,759.50,3599663,N/A,2025-08-09 12:18:25
1092,7.149938,N/A,N/A,2.73e-04,43731.05,674.25,3602360,N/A,2025-08-09 12:18:25
1093,7.366467,N/A,N/A,2.74e-04,41501.97,640.00,3604920,N/A,2025-08-09 12:18:25
1094,7.589060,N/A,N/A,2.74e-04,41334.08,805.50,3608142,N/A,2025-08-09 12:18:25
1095,7.581199,N/A,N/A,2.74e-04,44075.62,934.25,3611879,N/A,2025-08-09 12:18:25
1096,7.096444,N/A,N/A,2.74e-04,41420.92,624.50,3614377,N/A,2025-08-09 12:18:25
1097,7.528160,N/A,N/A,2.75e-04,41845.15,940.00,3618137,N/A,2025-08-09 12:18:25
1098,7.630960,N/A,N/A,2.75e-04,41290.30,841.50,3621503,N/A,2025-08-09 12:18:25
1099,7.551401,N/A,N/A,2.75e-04,43158.31,826.25,3624808,N/A,2025-08-09 12:18:26
1100,7.571787,N/A,N/A,2.75e-04,43185.18,758.00,3627840,106.6819,2025-08-09 12:18:26
1101,7.537854,N/A,N/A,2.76e-04,18992.74,941.00,3631604,N/A,2025-08-09 12:18:27
1102,7.237671,N/A,N/A,2.76e-04,19469.31,906.50,3635230,N/A,2025-08-09 12:18:27
1103,7.428628,N/A,N/A,2.76e-04,20037.56,927.00,3638938,N/A,2025-08-09 12:18:27
1104,7.948395,N/A,N/A,2.76e-04,19935.86,888.50,3642492,N/A,2025-08-09 12:18:27
1105,7.500940,N/A,N/A,2.76e-04,19375.63,718.50,3645366,N/A,2025-08-09 12:18:27
1106,7.798254,N/A,N/A,2.77e-04,19893.50,754.25,3648383,N/A,2025-08-09 12:18:27
1107,7.211533,N/A,N/A,2.77e-04,19876.46,827.50,3651693,N/A,2025-08-09 12:18:27
1108,7.703188,N/A,N/A,2.77e-04,19590.33,738.00,3654645,N/A,2025-08-09 12:18:27
1109,7.512035,N/A,N/A,2.78e-04,19859.92,879.50,3658163,N/A,2025-08-09 12:18:27
1110,7.273724,N/A,N/A,2.78e-04,44673.11,651.75,3660770,106.7282,2025-08-09 12:18:27
1111,7.399453,N/A,N/A,2.78e-04,44581.26,903.00,3664382,N/A,2025-08-09 12:18:27
1112,7.480068,N/A,N/A,2.78e-04,44612.04,867.50,3667852,N/A,2025-08-09 12:18:28
1113,7.531304,N/A,N/A,2.79e-04,44229.53,640.25,3670413,N/A,2025-08-09 12:18:28
1114,7.508008,N/A,N/A,2.79e-04,45258.63,924.75,3674112,N/A,2025-08-09 12:18:28
1115,7.165040,N/A,N/A,2.79e-04,45819.51,745.25,3677093,N/A,2025-08-09 12:18:28
1116,7.606446,N/A,N/A,2.79e-04,46650.39,932.50,3680823,N/A,2025-08-09 12:18:28
1117,7.736123,N/A,N/A,2.80e-04,46089.92,703.25,3683636,N/A,2025-08-09 12:18:28
1118,7.740777,N/A,N/A,2.80e-04,46528.48,819.50,3686914,N/A,2025-08-09 12:18:28
1119,7.914239,N/A,N/A,2.80e-04,47711.57,869.00,3690390,N/A,2025-08-09 12:18:28
1120,7.236817,N/A,N/A,2.80e-04,48374.75,711.50,3693236,106.7104,2025-08-09 12:18:28
1121,7.231211,N/A,N/A,2.81e-04,46989.37,853.25,3696649,N/A,2025-08-09 12:18:28
1122,7.382474,N/A,N/A,2.81e-04,44744.46,612.25,3699098,N/A,2025-08-09 12:18:28
1123,7.485845,N/A,N/A,2.81e-04,45736.74,734.25,3702035,N/A,2025-08-09 12:18:28
1124,7.830807,N/A,N/A,2.81e-04,44890.16,742.00,3705003,N/A,2025-08-09 12:18:28
1125,7.459915,N/A,N/A,2.82e-04,46245.68,900.00,3708603,N/A,2025-08-09 12:18:28
1126,7.185753,N/A,N/A,2.82e-04,45600.58,802.00,3711811,N/A,2025-08-09 12:18:29
1127,7.434811,N/A,N/A,2.82e-04,46503.79,769.00,3714887,N/A,2025-08-09 12:18:29
1128,7.479461,N/A,N/A,2.82e-04,46963.60,809.00,3718123,N/A,2025-08-09 12:18:29
1129,7.378815,N/A,N/A,2.83e-04,47351.24,850.00,3721523,N/A,2025-08-09 12:18:29
1130,7.317769,N/A,N/A,2.83e-04,49592.04,853.25,3724936,106.7873,2025-08-09 12:18:29
1131,7.460629,N/A,N/A,2.83e-04,52211.23,969.00,3728812,N/A,2025-08-09 12:18:29
1132,7.620915,N/A,N/A,2.83e-04,52689.04,808.00,3732044,N/A,2025-08-09 12:18:29
1133,7.212950,N/A,N/A,2.84e-04,54162.93,949.75,3735843,N/A,2025-08-09 12:18:29
1134,7.493370,N/A,N/A,2.84e-04,53875.96,793.50,3739017,N/A,2025-08-09 12:18:29
1135,7.250593,N/A,N/A,2.84e-04,54182.93,781.25,3742142,N/A,2025-08-09 12:18:29
1136,7.349675,N/A,N/A,2.84e-04,53234.70,708.75,3744977,N/A,2025-08-09 12:18:29
1137,7.653498,N/A,N/A,2.85e-04,53698.07,899.75,3748576,N/A,2025-08-09 12:18:29
1138,7.574245,N/A,N/A,2.85e-04,52912.75,729.75,3751495,N/A,2025-08-09 12:18:29
1139,7.513655,N/A,N/A,2.85e-04,51918.48,620.50,3753977,N/A,2025-08-09 12:18:29
1140,7.689006,N/A,N/A,2.85e-04,49677.50,713.00,3756829,106.7951,2025-08-09 12:18:30
1141,7.544962,N/A,N/A,2.86e-04,47286.13,820.00,3760109,N/A,2025-08-09 12:18:30
1142,7.484790,N/A,N/A,2.86e-04,44318.61,685.00,3762849,N/A,2025-08-09 12:18:30
1143,7.296671,N/A,N/A,2.86e-04,43450.46,1024.00,3766945,N/A,2025-08-09 12:18:30
1144,7.569793,N/A,N/A,2.86e-04,42884.47,809.75,3770184,N/A,2025-08-09 12:18:30
1145,7.655917,N/A,N/A,2.87e-04,42466.05,893.50,3773758,N/A,2025-08-09 12:18:30
1146,7.514532,N/A,N/A,2.87e-04,41757.66,714.00,3776614,N/A,2025-08-09 12:18:30
1147,7.549953,N/A,N/A,2.87e-04,40100.71,766.75,3779681,N/A,2025-08-09 12:18:30
1148,6.958578,N/A,N/A,2.87e-04,39213.90,895.00,3783261,N/A,2025-08-09 12:18:30
1149,7.413377,N/A,N/A,2.88e-04,39107.59,665.00,3785921,N/A,2025-08-09 12:18:30
1150,7.371928,N/A,N/A,2.88e-04,40177.94,938.25,3789674,106.7848,2025-08-09 12:18:30
1151,7.387211,N/A,N/A,2.88e-04,41582.81,917.50,3793344,N/A,2025-08-09 12:18:31
1152,7.415998,N/A,N/A,2.88e-04,42789.77,727.50,3796254,N/A,2025-08-09 12:18:31
1153,7.273877,N/A,N/A,2.88e-04,41051.12,748.50,3799248,N/A,2025-08-09 12:18:31
1154,7.526395,N/A,N/A,2.89e-04,42020.84,1008.50,3803282,N/A,2025-08-09 12:18:31
1155,7.298188,N/A,N/A,2.89e-04,41158.54,793.25,3806455,N/A,2025-08-09 12:18:31
1156,7.378756,N/A,N/A,2.89e-04,41916.47,840.25,3809816,N/A,2025-08-09 12:18:31
1157,7.507802,N/A,N/A,2.89e-04,41695.53,621.00,3812300,N/A,2025-08-09 12:18:31
1158,7.719067,N/A,N/A,2.90e-04,41040.99,669.25,3814977,N/A,2025-08-09 12:18:31
1159,7.709873,N/A,N/A,2.90e-04,42673.52,822.25,3818266,N/A,2025-08-09 12:18:31
1160,7.421184,N/A,N/A,2.90e-04,40961.33,634.00,3820802,106.7997,2025-08-09 12:18:31
1161,7.363184,N/A,N/A,2.90e-04,39531.11,698.50,3823596,N/A,2025-08-09 12:18:31
1162,7.144955,N/A,N/A,2.91e-04,40651.92,784.75,3826735,N/A,2025-08-09 12:18:31
1163,7.505289,N/A,N/A,2.91e-04,41492.72,648.00,3829327,N/A,2025-08-09 12:18:32
1164,7.437538,N/A,N/A,2.91e-04,41912.89,832.00,3832655,N/A,2025-08-09 12:18:32
1165,7.192079,N/A,N/A,2.91e-04,42252.56,762.75,3835706,N/A,2025-08-09 12:18:32
1166,7.479923,N/A,N/A,2.92e-04,42182.09,693.00,3838478,N/A,2025-08-09 12:18:32
1167,7.143062,N/A,N/A,2.92e-04,44757.75,937.25,3842227,N/A,2025-08-09 12:18:32
1168,7.292041,N/A,N/A,2.92e-04,44749.91,816.25,3845492,N/A,2025-08-09 12:18:32
1169,7.477373,N/A,N/A,2.93e-04,45244.35,877.25,3849001,N/A,2025-08-09 12:18:32
1170,7.432081,N/A,N/A,2.93e-04,45966.82,747.50,3851991,106.8755,2025-08-09 12:18:32
1171,7.458597,N/A,N/A,2.93e-04,43247.51,652.75,3854602,N/A,2025-08-09 12:18:32
1172,7.625481,N/A,N/A,2.93e-04,42421.71,942.00,3858370,N/A,2025-08-09 12:18:32
1173,7.539550,N/A,N/A,2.93e-04,41149.64,661.75,3861017,N/A,2025-08-09 12:18:32
1174,7.721559,N/A,N/A,2.94e-04,39469.89,818.75,3864292,N/A,2025-08-09 12:18:32
1175,7.300377,N/A,N/A,2.94e-04,39509.15,857.75,3867723,N/A,2025-08-09 12:18:33
1176,7.348926,N/A,N/A,2.94e-04,39415.19,874.25,3871220,N/A,2025-08-09 12:18:33
1177,7.613232,N/A,N/A,2.95e-04,39771.14,890.25,3874781,N/A,2025-08-09 12:18:33
1178,7.383651,N/A,N/A,2.95e-04,40346.77,794.25,3877958,N/A,2025-08-09 12:18:33
1179,7.447586,N/A,N/A,2.95e-04,41346.36,931.25,3881683,N/A,2025-08-09 12:18:33
1180,7.676009,N/A,N/A,2.95e-04,43892.27,887.00,3885231,106.7824,2025-08-09 12:18:33
1181,7.307190,N/A,N/A,2.95e-04,45360.10,630.75,3887754,N/A,2025-08-09 12:18:33
1182,7.396725,N/A,N/A,2.96e-04,45704.98,877.50,3891264,N/A,2025-08-09 12:18:33
1183,7.251334,N/A,N/A,2.96e-04,50025.43,912.50,3894914,N/A,2025-08-09 12:18:33
1184,7.211284,N/A,N/A,2.96e-04,52708.94,948.25,3898707,N/A,2025-08-09 12:18:33
1185,7.236635,N/A,N/A,2.96e-04,53426.07,659.00,3901343,N/A,2025-08-09 12:18:33
1186,7.223373,N/A,N/A,2.97e-04,54912.08,891.50,3904909,N/A,2025-08-09 12:18:33
1187,7.659914,N/A,N/A,2.97e-04,52724.78,717.50,3907779,N/A,2025-08-09 12:18:33
1188,7.663963,N/A,N/A,2.97e-04,53001.34,837.75,3911130,N/A,2025-08-09 12:18:33
1189,7.496917,N/A,N/A,2.97e-04,52331.25,754.00,3914146,N/A,2025-08-09 12:18:34
1190,7.560255,N/A,N/A,2.98e-04,50749.79,712.50,3916996,106.7683,2025-08-09 12:18:34
1191,7.154183,N/A,N/A,2.98e-04,53441.77,879.25,3920513,N/A,2025-08-09 12:18:34
1192,7.293514,N/A,N/A,2.98e-04,53725.97,917.75,3924184,N/A,2025-08-09 12:18:34
1193,7.531097,N/A,N/A,2.98e-04,53171.01,875.75,3927687,N/A,2025-08-09 12:18:34
1194,7.581137,N/A,N/A,2.99e-04,52258.35,801.00,3930891,N/A,2025-08-09 12:18:34
1195,7.513876,N/A,N/A,2.99e-04,53039.60,754.50,3933909,N/A,2025-08-09 12:18:34
1196,7.254560,N/A,N/A,2.99e-04,53184.61,736.25,3936854,N/A,2025-08-09 12:18:34
1197,7.408968,N/A,N/A,2.99e-04,52262.57,783.75,3939989,N/A,2025-08-09 12:18:34
1198,7.266484,N/A,N/A,3.00e-04,50974.26,677.25,3942698,N/A,2025-08-09 12:18:34
1199,7.650628,N/A,N/A,3.00e-04,50078.92,694.50,3945476,N/A,2025-08-09 12:18:34
1200,7.785721,N/A,N/A,3.00e-04,50548.19,867.50,3948946,106.7830,2025-08-09 12:18:34
1201,7.137472,N/A,N/A,3.00e-04,23098.79,856.00,3952370,N/A,2025-08-09 12:18:35
1202,7.323554,N/A,N/A,3.01e-04,22427.26,679.25,3955087,N/A,2025-08-09 12:18:35
1203,7.409971,N/A,N/A,3.01e-04,22068.64,792.75,3958258,N/A,2025-08-09 12:18:35
1204,7.358243,N/A,N/A,3.01e-04,21852.32,728.25,3961171,N/A,2025-08-09 12:18:35
1205,7.802473,N/A,N/A,3.02e-04,22157.59,901.00,3964775,N/A,2025-08-09 12:18:35
1206,7.314269,N/A,N/A,3.02e-04,22014.38,644.25,3967352,N/A,2025-08-09 12:18:35
1207,7.323302,N/A,N/A,3.02e-04,21600.04,626.25,3969857,N/A,2025-08-09 12:18:36
1208,7.166200,N/A,N/A,3.02e-04,21635.90,663.50,3972511,N/A,2025-08-09 12:18:36
1209,7.402202,N/A,N/A,3.02e-04,21459.32,739.75,3975470,N/A,2025-08-09 12:18:36
1210,7.572871,N/A,N/A,3.03e-04,43742.11,798.50,3978664,106.7887,2025-08-09 12:18:36
1211,7.247660,N/A,N/A,3.03e-04,41667.43,639.00,3981220,N/A,2025-08-09 12:18:36
1212,7.543501,N/A,N/A,3.03e-04,43632.48,973.75,3985115,N/A,2025-08-09 12:18:36
1213,7.242103,N/A,N/A,3.04e-04,42596.73,708.00,3987947,N/A,2025-08-09 12:18:36
1214,7.398960,N/A,N/A,3.04e-04,43787.77,870.00,3991427,N/A,2025-08-09 12:18:36
1215,7.282253,N/A,N/A,3.04e-04,44158.89,863.25,3994880,N/A,2025-08-09 12:18:36
1216,7.574989,N/A,N/A,3.04e-04,43641.11,626.00,3997384,N/A,2025-08-09 12:18:36
1217,7.939260,N/A,N/A,3.04e-04,45376.01,807.25,4000613,N/A,2025-08-09 12:18:36
1218,7.302776,N/A,N/A,3.05e-04,48171.55,908.50,4004247,N/A,2025-08-09 12:18:36
1219,7.566646,N/A,N/A,3.05e-04,50438.74,749.75,4007246,N/A,2025-08-09 12:18:36
1220,7.368500,N/A,N/A,3.05e-04,50797.07,849.00,4010642,106.8087,2025-08-09 12:18:37
1221,7.614446,N/A,N/A,3.05e-04,52067.78,887.75,4014193,N/A,2025-08-09 12:18:37
1222,7.374635,N/A,N/A,3.06e-04,49828.85,610.25,4016634,N/A,2025-08-09 12:18:37
1223,7.360123,N/A,N/A,3.06e-04,49636.23,734.75,4019573,N/A,2025-08-09 12:18:37
1224,7.217121,N/A,N/A,3.06e-04,49690.57,1001.75,4023580,N/A,2025-08-09 12:18:37
1225,7.530675,N/A,N/A,3.06e-04,49045.30,670.75,4026263,N/A,2025-08-09 12:18:37
1226,7.491332,N/A,N/A,3.07e-04,50764.12,914.00,4029919,N/A,2025-08-09 12:18:37
1227,7.569106,N/A,N/A,3.07e-04,51623.81,845.25,4033300,N/A,2025-08-09 12:18:37
1228,7.503870,N/A,N/A,3.07e-04,46941.53,609.25,4035737,N/A,2025-08-09 12:18:37
1229,7.166844,N/A,N/A,3.07e-04,46114.62,791.75,4038904,N/A,2025-08-09 12:18:37
1230,7.495961,N/A,N/A,3.08e-04,45058.14,814.75,4042163,106.8945,2025-08-09 12:18:37
1231,7.247791,N/A,N/A,3.08e-04,43163.57,634.50,4044701,N/A,2025-08-09 12:18:37
1232,7.338257,N/A,N/A,3.08e-04,44269.28,763.75,4047756,N/A,2025-08-09 12:18:37
1233,7.212466,N/A,N/A,3.09e-04,45715.89,898.75,4051351,N/A,2025-08-09 12:18:38
1234,7.674053,N/A,N/A,3.09e-04,44730.21,845.75,4054734,N/A,2025-08-09 12:18:38
1235,7.314489,N/A,N/A,3.09e-04,44726.96,829.75,4058053,N/A,2025-08-09 12:18:38
1236,7.698814,N/A,N/A,3.09e-04,43824.97,804.00,4061269,N/A,2025-08-09 12:18:38
1237,7.158530,N/A,N/A,3.09e-04,45942.30,984.75,4065208,N/A,2025-08-09 12:18:38
1238,7.336201,N/A,N/A,3.10e-04,48826.22,764.75,4068267,N/A,2025-08-09 12:18:38
1239,7.472121,N/A,N/A,3.10e-04,48883.14,657.25,4070896,N/A,2025-08-09 12:18:38
1240,7.441629,N/A,N/A,3.10e-04,48846.57,711.25,4073741,106.9235,2025-08-09 12:18:38
1241,7.481357,N/A,N/A,3.11e-04,48924.94,818.00,4077013,N/A,2025-08-09 12:18:38
1242,7.665217,N/A,N/A,3.11e-04,47080.18,590.50,4079375,N/A,2025-08-09 12:18:38
1243,7.309688,N/A,N/A,3.11e-04,43733.00,758.75,4082410,N/A,2025-08-09 12:18:38
1244,7.244746,N/A,N/A,3.11e-04,42929.52,871.00,4085894,N/A,2025-08-09 12:18:38
1245,7.425678,N/A,N/A,3.11e-04,43574.90,895.25,4089475,N/A,2025-08-09 12:18:38
1246,7.341313,N/A,N/A,3.12e-04,43585.23,706.00,4092299,N/A,2025-08-09 12:18:39
1247,7.546322,N/A,N/A,3.12e-04,42002.85,800.75,4095502,N/A,2025-08-09 12:18:39
1248,7.643566,N/A,N/A,3.12e-04,41656.71,842.25,4098871,N/A,2025-08-09 12:18:39
1249,7.476652,N/A,N/A,3.13e-04,42929.11,873.00,4102363,N/A,2025-08-09 12:18:39
1250,7.864036,N/A,N/A,3.13e-04,44269.55,861.75,4105810,106.9345,2025-08-09 12:18:39
1251,7.320905,N/A,N/A,3.13e-04,45160.47,849.50,4109208,N/A,2025-08-09 12:18:39
1252,7.174383,N/A,N/A,3.13e-04,49841.89,944.00,4112984,N/A,2025-08-09 12:18:39
1253,7.485255,N/A,N/A,3.13e-04,52340.19,797.50,4116174,N/A,2025-08-09 12:18:39
1254,7.294787,N/A,N/A,3.14e-04,50805.48,649.75,4118773,N/A,2025-08-09 12:18:39
1255,8.009886,N/A,N/A,3.14e-04,51236.56,887.50,4122323,N/A,2025-08-09 12:18:39
1256,7.406240,N/A,N/A,3.14e-04,52844.65,822.25,4125612,N/A,2025-08-09 12:18:39
1257,7.398981,N/A,N/A,3.15e-04,54612.64,847.25,4129001,N/A,2025-08-09 12:18:39
1258,7.341563,N/A,N/A,3.15e-04,54369.88,739.50,4131959,N/A,2025-08-09 12:18:39
1259,7.446080,N/A,N/A,3.15e-04,53479.62,782.75,4135090,N/A,2025-08-09 12:18:39
1260,7.761592,N/A,N/A,3.15e-04,50551.74,870.50,4138572,106.9089,2025-08-09 12:18:40
1261,7.509814,N/A,N/A,3.16e-04,49673.43,906.25,4142197,N/A,2025-08-09 12:18:40
1262,7.517056,N/A,N/A,3.16e-04,49103.77,824.00,4145493,N/A,2025-08-09 12:18:40
1263,7.396329,N/A,N/A,3.16e-04,49747.57,869.50,4148971,N/A,2025-08-09 12:18:40
1264,7.472497,N/A,N/A,3.16e-04,49255.49,795.25,4152152,N/A,2025-08-09 12:18:40
1265,8.112818,N/A,N/A,3.16e-04,46830.75,726.00,4155056,N/A,2025-08-09 12:18:40
1266,7.245376,N/A,N/A,3.17e-04,45370.53,829.25,4158373,N/A,2025-08-09 12:18:40
1267,7.523267,N/A,N/A,3.17e-04,43617.48,780.50,4161495,N/A,2025-08-09 12:18:40
1268,7.455416,N/A,N/A,3.17e-04,43877.30,909.50,4165133,N/A,2025-08-09 12:18:40
1269,7.526902,N/A,N/A,3.18e-04,43443.14,728.00,4168045,N/A,2025-08-09 12:18:40
1270,7.258720,N/A,N/A,3.18e-04,40543.42,730.75,4170968,106.9531,2025-08-09 12:18:40
1271,7.262815,N/A,N/A,3.18e-04,38577.88,810.75,4174211,N/A,2025-08-09 12:18:41
1272,7.278090,N/A,N/A,3.18e-04,38809.33,1024.00,4178307,N/A,2025-08-09 12:18:41
1273,7.643414,N/A,N/A,3.18e-04,38856.82,749.25,4181304,N/A,2025-08-09 12:18:41
1274,7.236146,N/A,N/A,3.19e-04,40008.18,783.00,4184436,N/A,2025-08-09 12:18:41
1275,7.337146,N/A,N/A,3.19e-04,42611.36,959.50,4188274,N/A,2025-08-09 12:18:41
1276,7.259366,N/A,N/A,3.19e-04,43421.59,742.50,4191244,N/A,2025-08-09 12:18:41
1277,7.426442,N/A,N/A,3.20e-04,43550.48,800.25,4194445,N/A,2025-08-09 12:18:41
1278,7.459126,N/A,N/A,3.20e-04,45049.20,951.50,4198251,N/A,2025-08-09 12:18:41
1279,7.110788,N/A,N/A,3.20e-04,48003.04,590.50,4200613,N/A,2025-08-09 12:18:41
1280,7.033245,N/A,N/A,3.20e-04,49714.71,754.75,4203632,106.9329,2025-08-09 12:18:41
1281,7.377114,N/A,N/A,3.20e-04,51206.75,861.00,4207076,N/A,2025-08-09 12:18:41
1282,7.416372,N/A,N/A,3.21e-04,51544.36,983.75,4211011,N/A,2025-08-09 12:18:41
1283,7.542698,N/A,N/A,3.21e-04,50807.54,736.50,4213957,N/A,2025-08-09 12:18:41
1284,7.553773,N/A,N/A,3.21e-04,49553.62,784.00,4217093,N/A,2025-08-09 12:18:41
1285,7.513487,N/A,N/A,3.22e-04,45701.77,771.50,4220179,N/A,2025-08-09 12:18:42
1286,7.361947,N/A,N/A,3.22e-04,44477.94,746.50,4223165,N/A,2025-08-09 12:18:42
1287,7.647622,N/A,N/A,3.22e-04,44383.73,864.00,4226621,N/A,2025-08-09 12:18:42
1288,7.449047,N/A,N/A,3.22e-04,42565.04,768.75,4229696,N/A,2025-08-09 12:18:42
1289,7.338614,N/A,N/A,3.23e-04,43978.31,858.75,4233131,N/A,2025-08-09 12:18:42
1290,7.659076,N/A,N/A,3.23e-04,42171.67,655.75,4235754,106.9503,2025-08-09 12:18:42
1291,7.267113,N/A,N/A,3.23e-04,41098.49,665.00,4238414,N/A,2025-08-09 12:18:42
1292,7.176195,N/A,N/A,3.23e-04,39616.63,702.75,4241225,N/A,2025-08-09 12:18:42
1293,7.564814,N/A,N/A,3.24e-04,40349.02,728.50,4244139,N/A,2025-08-09 12:18:42
1294,7.286699,N/A,N/A,3.24e-04,42765.99,851.25,4247544,N/A,2025-08-09 12:18:42
1295,7.221121,N/A,N/A,3.24e-04,45331.67,772.50,4250634,N/A,2025-08-09 12:18:42
1296,7.638429,N/A,N/A,3.24e-04,48220.14,917.75,4254305,N/A,2025-08-09 12:18:42
1297,7.316187,N/A,N/A,3.25e-04,48835.29,873.00,4257797,N/A,2025-08-09 12:18:42
1298,7.194041,N/A,N/A,3.25e-04,49714.50,824.25,4261094,N/A,2025-08-09 12:18:43
1299,7.301659,N/A,N/A,3.25e-04,50281.12,687.25,4263843,N/A,2025-08-09 12:18:43
1300,7.217628,N/A,N/A,3.25e-04,50924.57,932.25,4267572,106.9332,2025-08-09 12:18:43
1301,7.490083,N/A,N/A,3.25e-04,24428.88,730.50,4270494,N/A,2025-08-09 12:18:43
1302,7.347476,N/A,N/A,3.26e-04,24940.70,848.75,4273889,N/A,2025-08-09 12:18:44
1303,7.495566,N/A,N/A,3.26e-04,24075.93,835.75,4277232,N/A,2025-08-09 12:18:44
1304,7.356977,N/A,N/A,3.26e-04,22449.76,837.25,4280581,N/A,2025-08-09 12:18:44
1305,6.931089,N/A,N/A,3.27e-04,22415.88,818.00,4283853,N/A,2025-08-09 12:18:44
1306,7.091505,N/A,N/A,3.27e-04,22025.46,802.50,4287063,N/A,2025-08-09 12:18:44
1307,7.623365,N/A,N/A,3.27e-04,21962.95,848.00,4290455,N/A,2025-08-09 12:18:44
1308,7.440859,N/A,N/A,3.27e-04,22052.36,844.50,4293833,N/A,2025-08-09 12:18:44
1309,7.555496,N/A,N/A,3.27e-04,22960.81,987.25,4297782,N/A,2025-08-09 12:18:44
1310,7.261038,N/A,N/A,3.28e-04,42208.51,807.00,4301010,106.9494,2025-08-09 12:18:44
1311,7.383204,N/A,N/A,3.28e-04,42763.08,872.75,4304501,N/A,2025-08-09 12:18:44
1312,7.363513,N/A,N/A,3.28e-04,45919.18,781.00,4307625,N/A,2025-08-09 12:18:44
1313,7.293222,N/A,N/A,3.29e-04,52928.84,818.75,4310900,N/A,2025-08-09 12:18:44
1314,7.308556,N/A,N/A,3.29e-04,53082.30,803.00,4314112,N/A,2025-08-09 12:18:45
1315,8.160614,N/A,N/A,3.29e-04,53225.69,666.50,4316778,N/A,2025-08-09 12:18:45
1316,7.479416,N/A,N/A,3.29e-04,53059.49,761.75,4319825,N/A,2025-08-09 12:18:45
1317,7.507528,N/A,N/A,3.30e-04,52662.78,786.25,4322970,N/A,2025-08-09 12:18:45
1318,7.477357,N/A,N/A,3.30e-04,53997.23,969.75,4326849,N/A,2025-08-09 12:18:45
1319,7.275119,N/A,N/A,3.30e-04,53358.29,823.75,4330144,N/A,2025-08-09 12:18:45
1320,7.337080,N/A,N/A,3.30e-04,51896.78,674.25,4332841,106.9703,2025-08-09 12:18:45
1321,7.082020,N/A,N/A,3.31e-04,51903.49,851.25,4336246,N/A,2025-08-09 12:18:45
1322,7.553265,N/A,N/A,3.31e-04,52119.60,816.75,4339513,N/A,2025-08-09 12:18:45
1323,7.783490,N/A,N/A,3.31e-04,52237.18,881.75,4343040,N/A,2025-08-09 12:18:45
1324,7.254694,N/A,N/A,3.31e-04,52675.07,877.00,4346548,N/A,2025-08-09 12:18:45
1325,7.280989,N/A,N/A,3.32e-04,53374.21,764.50,4349606,N/A,2025-08-09 12:18:45
1326,7.281567,N/A,N/A,3.32e-04,54062.57,873.25,4353099,N/A,2025-08-09 12:18:45
1327,7.086387,N/A,N/A,3.32e-04,53166.28,659.00,4355735,N/A,2025-08-09 12:18:45
1328,7.660783,N/A,N/A,3.32e-04,51434.28,678.25,4358448,N/A,2025-08-09 12:18:45
1329,7.311447,N/A,N/A,3.33e-04,52294.10,867.00,4361916,N/A,2025-08-09 12:18:46
1330,7.571733,N/A,N/A,3.33e-04,54502.15,987.75,4365867,106.9950,2025-08-09 12:18:46
1331,7.389897,N/A,N/A,3.33e-04,53723.52,727.00,4368775,N/A,2025-08-09 12:18:46
1332,7.443300,N/A,N/A,3.33e-04,52615.05,621.00,4371259,N/A,2025-08-09 12:18:46
1333,7.110161,N/A,N/A,3.34e-04,51998.34,876.00,4374763,N/A,2025-08-09 12:18:46
1334,7.221110,N/A,N/A,3.34e-04,51680.43,844.00,4378139,N/A,2025-08-09 12:18:46
1335,7.285487,N/A,N/A,3.34e-04,53364.94,1024.00,4382235,N/A,2025-08-09 12:18:46
1336,7.428761,N/A,N/A,3.34e-04,54512.56,992.00,4386203,N/A,2025-08-09 12:18:46
1337,7.173957,N/A,N/A,3.35e-04,54060.76,705.75,4389026,N/A,2025-08-09 12:18:46
1338,7.674941,N/A,N/A,3.35e-04,53946.41,637.50,4391576,N/A,2025-08-09 12:18:46
1339,7.397628,N/A,N/A,3.35e-04,53634.55,872.50,4395066,N/A,2025-08-09 12:18:46
1340,7.343581,N/A,N/A,3.35e-04,52169.35,871.50,4398552,106.9559,2025-08-09 12:18:46
1341,7.216407,N/A,N/A,3.36e-04,53466.85,862.25,4402001,N/A,2025-08-09 12:18:46
1342,7.345400,N/A,N/A,3.36e-04,55307.34,925.00,4405701,N/A,2025-08-09 12:18:46
1343,7.401927,N/A,N/A,3.36e-04,54168.06,721.75,4408588,N/A,2025-08-09 12:18:47
1344,7.820199,N/A,N/A,3.36e-04,53753.85,787.25,4411737,N/A,2025-08-09 12:18:47
1345,7.665699,N/A,N/A,3.37e-04,52453.16,934.00,4415473,N/A,2025-08-09 12:18:47
1346,7.195079,N/A,N/A,3.37e-04,52680.41,920.00,4419153,N/A,2025-08-09 12:18:47
1347,7.323591,N/A,N/A,3.37e-04,53738.09,962.50,4423003,N/A,2025-08-09 12:18:47
1348,7.723403,N/A,N/A,3.37e-04,55167.55,750.75,4426006,N/A,2025-08-09 12:18:47
1349,7.349845,N/A,N/A,3.38e-04,55391.74,922.25,4429695,N/A,2025-08-09 12:18:47
1350,7.254544,N/A,N/A,3.38e-04,55144.47,902.75,4433306,106.9720,2025-08-09 12:18:47
1351,8.104309,N/A,N/A,3.38e-04,53554.00,780.25,4436427,N/A,2025-08-09 12:18:47
1352,7.209164,N/A,N/A,3.38e-04,50440.24,777.00,4439535,N/A,2025-08-09 12:18:47
1353,7.347305,N/A,N/A,3.39e-04,48034.59,861.25,4442980,N/A,2025-08-09 12:18:47
1354,7.062083,N/A,N/A,3.39e-04,46448.89,886.00,4446524,N/A,2025-08-09 12:18:47
1355,7.466797,N/A,N/A,3.39e-04,45644.02,977.25,4450433,N/A,2025-08-09 12:18:47
1356,7.263679,N/A,N/A,3.39e-04,44531.56,640.25,4452994,N/A,2025-08-09 12:18:48
1357,7.529238,N/A,N/A,3.40e-04,42243.72,912.50,4456644,N/A,2025-08-09 12:18:48
1358,7.345709,N/A,N/A,3.40e-04,41893.07,759.25,4459681,N/A,2025-08-09 12:18:48
1359,7.252938,N/A,N/A,3.40e-04,40520.45,780.00,4462801,N/A,2025-08-09 12:18:48
1360,7.348957,N/A,N/A,3.40e-04,41231.88,912.50,4466451,106.9764,2025-08-09 12:18:48
1361,7.480171,N/A,N/A,3.41e-04,42198.01,812.50,4469701,N/A,2025-08-09 12:18:48
1362,7.481883,N/A,N/A,3.41e-04,45463.85,945.50,4473483,N/A,2025-08-09 12:18:48
1363,7.187456,N/A,N/A,3.41e-04,48098.02,900.75,4477086,N/A,2025-08-09 12:18:48
1364,7.341801,N/A,N/A,3.41e-04,48394.48,905.75,4480709,N/A,2025-08-09 12:18:48
1365,7.491867,N/A,N/A,3.42e-04,46326.45,757.25,4483738,N/A,2025-08-09 12:18:48
1366,7.587464,N/A,N/A,3.42e-04,47989.44,651.00,4486342,N/A,2025-08-09 12:18:48
1367,7.185082,N/A,N/A,3.42e-04,49104.41,883.25,4489875,N/A,2025-08-09 12:18:48
1368,7.511825,N/A,N/A,3.42e-04,49979.78,763.25,4492928,N/A,2025-08-09 12:18:48
1369,7.304132,N/A,N/A,3.43e-04,50436.08,936.50,4496674,N/A,2025-08-09 12:18:49
1370,7.213133,N/A,N/A,3.43e-04,51008.41,882.25,4500203,107.0229,2025-08-09 12:18:49
1371,7.118341,N/A,N/A,3.43e-04,51210.65,956.50,4504029,N/A,2025-08-09 12:18:49
1372,7.151851,N/A,N/A,3.43e-04,48647.57,692.00,4506797,N/A,2025-08-09 12:18:49
1373,7.353602,N/A,N/A,3.44e-04,48241.70,660.25,4509438,N/A,2025-08-09 12:18:49
1374,7.342832,N/A,N/A,3.44e-04,49185.39,909.25,4513075,N/A,2025-08-09 12:18:49
1375,7.464449,N/A,N/A,3.44e-04,51119.62,897.50,4516665,N/A,2025-08-09 12:18:49
1376,7.216548,N/A,N/A,3.44e-04,52212.28,859.25,4520102,N/A,2025-08-09 12:18:49
1377,7.215435,N/A,N/A,3.45e-04,51424.05,820.25,4523383,N/A,2025-08-09 12:18:49
1378,7.390731,N/A,N/A,3.45e-04,53134.39,1024.00,4527479,N/A,2025-08-09 12:18:49
1379,7.444541,N/A,N/A,3.45e-04,51439.09,638.25,4530032,N/A,2025-08-09 12:18:49
1380,6.936062,N/A,N/A,3.45e-04,51209.62,827.75,4533343,107.0060,2025-08-09 12:18:49
1381,7.398063,N/A,N/A,3.46e-04,50481.15,815.00,4536603,N/A,2025-08-09 12:18:49
1382,7.541595,N/A,N/A,3.46e-04,51841.07,903.25,4540216,N/A,2025-08-09 12:18:49
1383,7.755869,N/A,N/A,3.46e-04,52541.76,772.25,4543305,N/A,2025-08-09 12:18:50
1384,7.296793,N/A,N/A,3.46e-04,51598.21,773.50,4546399,N/A,2025-08-09 12:18:50
1385,7.763861,N/A,N/A,3.47e-04,49135.81,705.75,4549222,N/A,2025-08-09 12:18:50
1386,7.614988,N/A,N/A,3.47e-04,48930.44,740.75,4552185,N/A,2025-08-09 12:18:50
1387,7.556209,N/A,N/A,3.47e-04,49567.25,763.00,4555237,N/A,2025-08-09 12:18:50
1388,7.421036,N/A,N/A,3.47e-04,48201.76,955.50,4559059,N/A,2025-08-09 12:18:50
1389,7.195138,N/A,N/A,3.48e-04,50048.77,837.25,4562408,N/A,2025-08-09 12:18:50
1390,7.401613,N/A,N/A,3.48e-04,49429.84,752.00,4565416,107.0680,2025-08-09 12:18:50
1391,7.338857,N/A,N/A,3.48e-04,48202.76,961.25,4569261,N/A,2025-08-09 12:18:50
1392,7.674058,N/A,N/A,3.48e-04,47874.06,827.00,4572569,N/A,2025-08-09 12:18:50
1393,7.130906,N/A,N/A,3.49e-04,47456.66,868.00,4576041,N/A,2025-08-09 12:18:50
1394,7.565440,N/A,N/A,3.49e-04,48320.71,867.75,4579512,N/A,2025-08-09 12:18:50
1395,7.606045,N/A,N/A,3.49e-04,48814.05,884.25,4583049,N/A,2025-08-09 12:18:50
1396,8.549084,N/A,N/A,3.49e-04,48204.78,923.50,4586743,N/A,2025-08-09 12:18:51
1397,7.562491,N/A,N/A,3.50e-04,47535.52,787.75,4589894,N/A,2025-08-09 12:18:51
1398,7.488104,N/A,N/A,3.50e-04,46140.87,762.50,4592944,N/A,2025-08-09 12:18:51
1399,7.485101,N/A,N/A,3.50e-04,45986.93,920.75,4596627,N/A,2025-08-09 12:18:51
1400,7.034239,N/A,N/A,3.50e-04,46664.43,796.25,4599812,107.1643,2025-08-09 12:18:51
1401,7.834535,N/A,N/A,3.51e-04,22728.06,832.50,4603142,N/A,2025-08-09 12:18:52
1402,7.232615,N/A,N/A,3.51e-04,22753.20,841.00,4606506,N/A,2025-08-09 12:18:52
1403,7.507267,N/A,N/A,3.51e-04,22547.28,768.25,4609579,N/A,2025-08-09 12:18:52
1404,6.964390,N/A,N/A,3.51e-04,22569.33,807.75,4612810,N/A,2025-08-09 12:18:52
1405,7.474063,N/A,N/A,3.52e-04,23044.23,925.00,4616510,N/A,2025-08-09 12:18:52
1406,6.819705,N/A,N/A,3.52e-04,22585.66,725.25,4619411,N/A,2025-08-09 12:18:52
1407,7.396719,N/A,N/A,3.52e-04,22340.40,734.75,4622350,N/A,2025-08-09 12:18:52
1408,7.366665,N/A,N/A,3.52e-04,23497.48,1024.00,4626446,N/A,2025-08-09 12:18:52
1409,6.916410,N/A,N/A,3.53e-04,23137.45,725.25,4629347,N/A,2025-08-09 12:18:52
1410,7.506757,N/A,N/A,3.53e-04,48690.72,733.75,4632282,107.0360,2025-08-09 12:18:52
1411,7.494562,N/A,N/A,3.53e-04,48518.52,618.75,4634757,N/A,2025-08-09 12:18:52
1412,7.653209,N/A,N/A,3.53e-04,49954.52,966.50,4638623,N/A,2025-08-09 12:18:53
1413,7.488844,N/A,N/A,3.53e-04,49275.31,631.75,4641150,N/A,2025-08-09 12:18:53
1414,7.248086,N/A,N/A,3.54e-04,49355.48,820.00,4644430,N/A,2025-08-09 12:18:53
1415,7.433388,N/A,N/A,3.54e-04,50683.80,837.25,4647779,N/A,2025-08-09 12:18:53
1416,7.276417,N/A,N/A,3.54e-04,51465.42,751.50,4650785,N/A,2025-08-09 12:18:53
1417,7.331273,N/A,N/A,3.54e-04,50496.05,602.50,4653195,N/A,2025-08-09 12:18:53
1418,7.189065,N/A,N/A,3.55e-04,48773.05,708.00,4656027,N/A,2025-08-09 12:18:53
1419,7.483906,N/A,N/A,3.55e-04,49762.49,846.75,4659414,N/A,2025-08-09 12:18:53
1420,7.079089,N/A,N/A,3.55e-04,49795.66,815.50,4662676,107.1154,2025-08-09 12:18:53
1421,7.451283,N/A,N/A,3.55e-04,51077.67,993.25,4666649,N/A,2025-08-09 12:18:53
1422,7.409081,N/A,N/A,3.56e-04,50217.81,842.75,4670020,N/A,2025-08-09 12:18:53
1423,7.734805,N/A,N/A,3.56e-04,49733.60,632.25,4672549,N/A,2025-08-09 12:18:53
1424,7.082386,N/A,N/A,3.56e-04,49332.83,782.25,4675678,N/A,2025-08-09 12:18:53
1425,7.471469,N/A,N/A,3.56e-04,48208.57,872.00,4679166,N/A,2025-08-09 12:18:53
1426,7.264084,N/A,N/A,3.57e-04,48447.38,944.50,4682944,N/A,2025-08-09 12:18:54
1427,7.512196,N/A,N/A,3.57e-04,50599.45,909.25,4686581,N/A,2025-08-09 12:18:54
1428,7.533747,N/A,N/A,3.57e-04,51109.76,828.25,4689894,N/A,2025-08-09 12:18:54
1429,7.164382,N/A,N/A,3.57e-04,51337.80,815.75,4693157,N/A,2025-08-09 12:18:54
1430,7.232707,N/A,N/A,3.58e-04,52929.56,961.50,4697003,107.1013,2025-08-09 12:18:54
1431,7.497074,N/A,N/A,3.58e-04,51290.84,736.00,4699947,N/A,2025-08-09 12:18:54
1432,7.303091,N/A,N/A,3.58e-04,52531.45,975.25,4703848,N/A,2025-08-09 12:18:54
1433,7.082942,N/A,N/A,3.58e-04,53580.00,885.75,4707391,N/A,2025-08-09 12:18:54
1434,7.649130,N/A,N/A,3.59e-04,55982.18,813.00,4710643,N/A,2025-08-09 12:18:54
1435,7.400656,N/A,N/A,3.59e-04,55537.13,745.25,4713624,N/A,2025-08-09 12:18:54
1436,7.487684,N/A,N/A,3.59e-04,55884.42,973.00,4717516,N/A,2025-08-09 12:18:54
1437,7.381931,N/A,N/A,3.60e-04,54271.50,762.00,4720564,N/A,2025-08-09 12:18:54
1438,7.557674,N/A,N/A,3.60e-04,54103.15,778.00,4723676,N/A,2025-08-09 12:18:54
1439,7.557153,N/A,N/A,3.60e-04,54982.28,866.75,4727143,N/A,2025-08-09 12:18:54
1440,7.204854,N/A,N/A,3.60e-04,51204.22,559.25,4729380,107.0878,2025-08-09 12:18:54
1441,7.155618,N/A,N/A,3.60e-04,50975.01,971.00,4733264,N/A,2025-08-09 12:18:55
1442,7.369340,N/A,N/A,3.61e-04,47679.71,647.50,4735854,N/A,2025-08-09 12:18:55
1443,7.418290,N/A,N/A,3.61e-04,46089.00,797.00,4739042,N/A,2025-08-09 12:18:55
1444,7.018989,N/A,N/A,3.61e-04,45789.34,754.75,4742061,N/A,2025-08-09 12:18:55
1445,7.448190,N/A,N/A,3.62e-04,44912.93,761.50,4745107,N/A,2025-08-09 12:18:55
1446,7.547192,N/A,N/A,3.62e-04,45387.07,931.25,4748832,N/A,2025-08-09 12:18:55
1447,7.498437,N/A,N/A,3.62e-04,46535.19,965.25,4752693,N/A,2025-08-09 12:18:55
1448,7.347879,N/A,N/A,3.62e-04,46698.42,908.50,4756327,N/A,2025-08-09 12:18:55
1449,7.444477,N/A,N/A,3.62e-04,46657.99,809.00,4759563,N/A,2025-08-09 12:18:55
1450,7.971281,N/A,N/A,3.63e-04,48657.45,764.50,4762621,107.1062,2025-08-09 12:18:55
1451,7.373621,N/A,N/A,3.63e-04,49205.02,782.50,4765751,N/A,2025-08-09 12:18:55
1452,7.357383,N/A,N/A,3.63e-04,50486.33,774.75,4768850,N/A,2025-08-09 12:18:55
1453,7.014345,N/A,N/A,3.63e-04,50486.62,779.00,4771966,N/A,2025-08-09 12:18:55
1454,7.355159,N/A,N/A,3.64e-04,49231.74,669.00,4774642,N/A,2025-08-09 12:18:56
1455,7.193274,N/A,N/A,3.64e-04,48780.46,821.25,4777927,N/A,2025-08-09 12:18:56
1456,7.458492,N/A,N/A,3.64e-04,48827.30,926.75,4781634,N/A,2025-08-09 12:18:56
1457,7.318373,N/A,N/A,3.64e-04,49763.91,1020.25,4785715,N/A,2025-08-09 12:18:56
1458,7.545507,N/A,N/A,3.65e-04,49909.50,809.00,4788951,N/A,2025-08-09 12:18:56
1459,7.495620,N/A,N/A,3.65e-04,50703.35,807.75,4792182,N/A,2025-08-09 12:18:56
1460,7.200019,N/A,N/A,3.65e-04,48953.00,678.75,4794897,107.0235,2025-08-09 12:18:56
1461,7.396228,N/A,N/A,3.65e-04,46848.13,811.75,4798144,N/A,2025-08-09 12:18:56
1462,7.368653,N/A,N/A,3.66e-04,46506.71,908.50,4801778,N/A,2025-08-09 12:18:56
1463,7.537164,N/A,N/A,3.66e-04,47018.78,870.50,4805260,N/A,2025-08-09 12:18:56
1464,7.271248,N/A,N/A,3.66e-04,46941.49,770.00,4808340,N/A,2025-08-09 12:18:56
1465,7.417086,N/A,N/A,3.67e-04,45895.14,813.25,4811593,N/A,2025-08-09 12:18:56
1466,7.646535,N/A,N/A,3.67e-04,45569.52,958.75,4815428,N/A,2025-08-09 12:18:57
1467,7.762431,N/A,N/A,3.67e-04,42960.28,770.00,4818508,N/A,2025-08-09 12:18:57
1468,7.441519,N/A,N/A,3.67e-04,41379.48,738.25,4821461,N/A,2025-08-09 12:18:57
1469,7.518532,N/A,N/A,3.67e-04,40981.62,778.75,4824576,N/A,2025-08-09 12:18:57
1470,7.326682,N/A,N/A,3.68e-04,40761.87,724.75,4827475,107.1160,2025-08-09 12:18:57
1471,7.448551,N/A,N/A,3.68e-04,41534.04,969.50,4831353,N/A,2025-08-09 12:18:57
1472,7.413701,N/A,N/A,3.68e-04,38294.16,549.00,4833549,N/A,2025-08-09 12:18:57
1473,7.404317,N/A,N/A,3.69e-04,39071.43,955.00,4837369,N/A,2025-08-09 12:18:57
1474,7.582546,N/A,N/A,3.69e-04,39378.81,806.25,4840594,N/A,2025-08-09 12:18:57
1475,7.394840,N/A,N/A,3.69e-04,39935.01,990.25,4844555,N/A,2025-08-09 12:18:57
1476,7.200478,N/A,N/A,3.69e-04,41373.64,1024.00,4848651,N/A,2025-08-09 12:18:57
1477,7.570778,N/A,N/A,3.69e-04,42762.73,908.75,4852286,N/A,2025-08-09 12:18:57
1478,7.467982,N/A,N/A,3.70e-04,41339.85,630.75,4854809,N/A,2025-08-09 12:18:58
1479,6.914616,N/A,N/A,3.70e-04,42324.36,613.75,4857264,N/A,2025-08-09 12:18:58
1480,7.412927,N/A,N/A,3.70e-04,43141.96,856.25,4860689,107.1856,2025-08-09 12:18:58
1481,7.359331,N/A,N/A,3.71e-04,46121.85,927.75,4864400,N/A,2025-08-09 12:18:58
1482,7.332023,N/A,N/A,3.71e-04,47610.22,789.25,4867557,N/A,2025-08-09 12:18:58
1483,7.319467,N/A,N/A,3.71e-04,47262.73,776.75,4870664,N/A,2025-08-09 12:18:58
1484,7.411353,N/A,N/A,3.71e-04,47495.40,866.00,4874128,N/A,2025-08-09 12:18:58
1485,7.223620,N/A,N/A,3.72e-04,46346.68,857.75,4877559,N/A,2025-08-09 12:18:58
1486,7.453024,N/A,N/A,3.72e-04,45753.59,802.50,4880769,N/A,2025-08-09 12:18:58
1487,7.317488,N/A,N/A,3.72e-04,47529.81,753.75,4883784,N/A,2025-08-09 12:18:58
1488,7.265681,N/A,N/A,3.72e-04,50159.34,982.50,4887714,N/A,2025-08-09 12:18:58
1489,7.156550,N/A,N/A,3.73e-04,52303.29,699.75,4890513,N/A,2025-08-09 12:18:58
1490,7.230915,N/A,N/A,3.73e-04,51345.71,772.00,4893601,107.1411,2025-08-09 12:18:58
1491,7.300716,N/A,N/A,3.73e-04,51734.39,914.00,4897257,N/A,2025-08-09 12:18:59
1492,7.243185,N/A,N/A,3.73e-04,51427.99,803.25,4900470,N/A,2025-08-09 12:18:59
1493,7.391579,N/A,N/A,3.74e-04,52950.98,812.00,4903718,N/A,2025-08-09 12:18:59
1494,6.886456,N/A,N/A,3.74e-04,52958.23,794.50,4906896,N/A,2025-08-09 12:18:59
1495,7.342824,N/A,N/A,3.74e-04,54040.94,1021.25,4910981,N/A,2025-08-09 12:18:59
1496,7.280043,N/A,N/A,3.74e-04,54675.39,875.00,4914481,N/A,2025-08-09 12:18:59
1497,7.527212,N/A,N/A,3.74e-04,54470.48,795.75,4917664,N/A,2025-08-09 12:18:59
1498,7.721045,N/A,N/A,3.75e-04,51261.46,652.75,4920275,N/A,2025-08-09 12:18:59
1499,7.059647,N/A,N/A,3.75e-04,52560.40,840.50,4923637,N/A,2025-08-09 12:18:59
1500,7.588593,N/A,N/A,3.75e-04,52639.01,858.75,4927072,107.1368,2025-08-09 12:18:59
1501,7.784977,N/A,N/A,3.76e-04,23303.59,648.25,4929665,N/A,2025-08-09 12:19:00
1502,7.313201,N/A,N/A,3.76e-04,23185.70,864.00,4933121,N/A,2025-08-09 12:19:00
1503,7.482939,N/A,N/A,3.76e-04,22966.32,740.75,4936084,N/A,2025-08-09 12:19:00
1504,7.624964,N/A,N/A,3.76e-04,23238.35,947.75,4939875,N/A,2025-08-09 12:19:00
1505,7.167565,N/A,N/A,3.76e-04,22368.11,722.25,4942764,N/A,2025-08-09 12:19:00
1506,7.382959,N/A,N/A,3.77e-04,22455.93,831.50,4946090,N/A,2025-08-09 12:19:00
1507,7.463967,N/A,N/A,3.77e-04,22894.07,868.75,4949565,N/A,2025-08-09 12:19:00
1508,7.572287,N/A,N/A,3.77e-04,22982.62,690.75,4952328,N/A,2025-08-09 12:19:00
1509,7.401802,N/A,N/A,3.78e-04,23048.84,789.00,4955484,N/A,2025-08-09 12:19:01
1510,7.491464,N/A,N/A,3.78e-04,49546.55,767.75,4958555,107.0990,2025-08-09 12:19:01
1511,7.170490,N/A,N/A,3.78e-04,50070.57,771.50,4961641,N/A,2025-08-09 12:19:01
1512,7.245581,N/A,N/A,3.78e-04,50428.63,909.75,4965280,N/A,2025-08-09 12:19:01
1513,7.657848,N/A,N/A,3.78e-04,49724.78,640.25,4967841,N/A,2025-08-09 12:19:01
1514,7.584573,N/A,N/A,3.79e-04,46937.16,854.00,4971257,N/A,2025-08-09 12:19:01
1515,7.308008,N/A,N/A,3.79e-04,46370.81,902.50,4974867,N/A,2025-08-09 12:19:01
1516,7.344907,N/A,N/A,3.79e-04,44726.66,793.75,4978042,N/A,2025-08-09 12:19:01
1517,7.203962,N/A,N/A,3.80e-04,44127.95,947.50,4981832,N/A,2025-08-09 12:19:01
1518,7.392714,N/A,N/A,3.80e-04,45269.96,890.25,4985393,N/A,2025-08-09 12:19:01
1519,7.237895,N/A,N/A,3.80e-04,44694.60,841.50,4988759,N/A,2025-08-09 12:19:01
1520,7.617122,N/A,N/A,3.80e-04,45986.76,912.75,4992410,107.1806,2025-08-09 12:19:01
1521,7.289986,N/A,N/A,3.80e-04,46242.61,884.25,4995947,N/A,2025-08-09 12:19:02
1522,6.955603,N/A,N/A,3.81e-04,45483.85,752.25,4998956,N/A,2025-08-09 12:19:02
1523,7.628425,N/A,N/A,3.81e-04,48117.27,845.25,5002337,N/A,2025-08-09 12:19:02
1524,6.992965,N/A,N/A,3.81e-04,49329.89,781.00,5005461,N/A,2025-08-09 12:19:02
1525,7.439761,N/A,N/A,3.82e-04,50923.94,911.00,5009105,N/A,2025-08-09 12:19:02
1526,7.408912,N/A,N/A,3.82e-04,52705.42,850.00,5012505,N/A,2025-08-09 12:19:02
1527,7.190037,N/A,N/A,3.82e-04,51301.45,718.25,5015378,N/A,2025-08-09 12:19:02
1528,7.620975,N/A,N/A,3.82e-04,53405.95,852.75,5018789,N/A,2025-08-09 12:19:02
1529,7.205781,N/A,N/A,3.83e-04,53969.75,881.75,5022316,N/A,2025-08-09 12:19:02
1530,7.503747,N/A,N/A,3.83e-04,52285.39,682.25,5025045,107.1954,2025-08-09 12:19:02
1531,7.407742,N/A,N/A,3.83e-04,51342.79,650.25,5027646,N/A,2025-08-09 12:19:02
1532,7.302604,N/A,N/A,3.83e-04,53497.72,996.00,5031630,N/A,2025-08-09 12:19:02
1533,7.448319,N/A,N/A,3.83e-04,51681.32,646.75,5034217,N/A,2025-08-09 12:19:02
1534,7.262417,N/A,N/A,3.84e-04,51721.49,781.75,5037344,N/A,2025-08-09 12:19:02
1535,6.996478,N/A,N/A,3.84e-04,50250.82,769.75,5040423,N/A,2025-08-09 12:19:02
1536,7.708188,N/A,N/A,3.84e-04,48059.96,613.00,5042875,N/A,2025-08-09 12:19:03
1537,7.432928,N/A,N/A,3.85e-04,48213.70,902.75,5046486,N/A,2025-08-09 12:19:03
1538,7.269892,N/A,N/A,3.85e-04,47971.49,706.25,5049311,N/A,2025-08-09 12:19:03
1539,7.477952,N/A,N/A,3.85e-04,48887.09,929.00,5053027,N/A,2025-08-09 12:19:03
1540,7.039567,N/A,N/A,3.85e-04,48245.38,775.50,5056129,107.1804,2025-08-09 12:19:03
1541,7.664496,N/A,N/A,3.85e-04,47705.36,733.25,5059062,N/A,2025-08-09 12:19:03
1542,7.626226,N/A,N/A,3.86e-04,47052.07,899.75,5062661,N/A,2025-08-09 12:19:03
1543,7.160997,N/A,N/A,3.86e-04,48199.98,914.25,5066318,N/A,2025-08-09 12:19:03
1544,7.688154,N/A,N/A,3.86e-04,48092.23,775.00,5069418,N/A,2025-08-09 12:19:03
1545,7.523467,N/A,N/A,3.87e-04,47415.71,764.50,5072476,N/A,2025-08-09 12:19:03
1546,7.305508,N/A,N/A,3.87e-04,49137.96,741.00,5075440,N/A,2025-08-09 12:19:03
1547,7.319536,N/A,N/A,3.87e-04,47947.57,707.75,5078271,N/A,2025-08-09 12:19:03
1548,7.321963,N/A,N/A,3.87e-04,48338.17,761.75,5081318,N/A,2025-08-09 12:19:03
1549,7.315054,N/A,N/A,3.87e-04,48877.82,796.00,5084502,N/A,2025-08-09 12:19:04
1550,7.332864,N/A,N/A,3.88e-04,49183.73,715.50,5087364,107.2253,2025-08-09 12:19:04
1551,7.440797,N/A,N/A,3.88e-04,49580.40,717.50,5090234,N/A,2025-08-09 12:19:04
1552,7.265907,N/A,N/A,3.88e-04,49838.47,844.50,5093612,N/A,2025-08-09 12:19:04
1553,7.288684,N/A,N/A,3.89e-04,49220.27,705.50,5096434,N/A,2025-08-09 12:19:04
1554,7.268478,N/A,N/A,3.89e-04,51067.73,904.00,5100050,N/A,2025-08-09 12:19:04
1555,7.121796,N/A,N/A,3.89e-04,50350.26,855.25,5103471,N/A,2025-08-09 12:19:04
1556,7.474679,N/A,N/A,3.89e-04,51606.54,984.00,5107407,N/A,2025-08-09 12:19:04
1557,7.338050,N/A,N/A,3.90e-04,50320.89,694.75,5110186,N/A,2025-08-09 12:19:04
1558,7.384570,N/A,N/A,3.90e-04,50686.28,836.25,5113531,N/A,2025-08-09 12:19:04
1559,7.263401,N/A,N/A,3.90e-04,51269.51,847.00,5116919,N/A,2025-08-09 12:19:04
1560,7.392660,N/A,N/A,3.90e-04,51760.34,964.00,5120775,107.1685,2025-08-09 12:19:04
1561,7.220050,N/A,N/A,3.91e-04,51957.28,791.25,5123940,N/A,2025-08-09 12:19:04
1562,7.209249,N/A,N/A,3.91e-04,51308.72,752.50,5126950,N/A,2025-08-09 12:19:04
1563,7.288404,N/A,N/A,3.91e-04,51976.36,853.50,5130364,N/A,2025-08-09 12:19:04
1564,7.233760,N/A,N/A,3.91e-04,52802.73,1015.50,5134426,N/A,2025-08-09 12:19:05
1565,7.232798,N/A,N/A,3.92e-04,52731.26,783.25,5137559,N/A,2025-08-09 12:19:05
1566,7.421298,N/A,N/A,3.92e-04,53457.55,909.00,5141195,N/A,2025-08-09 12:19:05
1567,7.523762,N/A,N/A,3.92e-04,53729.79,723.75,5144090,N/A,2025-08-09 12:19:05
1568,7.622271,N/A,N/A,3.92e-04,54297.13,910.25,5147731,N/A,2025-08-09 12:19:05
1569,7.128899,N/A,N/A,3.92e-04,54993.33,767.25,5150800,N/A,2025-08-09 12:19:05
1570,7.213507,N/A,N/A,3.93e-04,52459.28,792.25,5153969,107.1846,2025-08-09 12:19:05
1571,7.222689,N/A,N/A,3.93e-04,49963.90,571.75,5156256,N/A,2025-08-09 12:19:05
1572,7.493749,N/A,N/A,3.93e-04,50923.37,819.00,5159532,N/A,2025-08-09 12:19:05
1573,7.359951,N/A,N/A,3.94e-04,51398.98,788.25,5162685,N/A,2025-08-09 12:19:05
1574,7.071170,N/A,N/A,3.94e-04,49767.56,766.25,5165750,N/A,2025-08-09 12:19:05
1575,7.497652,N/A,N/A,3.94e-04,47614.64,624.00,5168246,N/A,2025-08-09 12:19:05
1576,7.235476,N/A,N/A,3.94e-04,46496.30,755.50,5171268,N/A,2025-08-09 12:19:05
1577,7.527990,N/A,N/A,3.94e-04,47806.96,972.50,5175158,N/A,2025-08-09 12:19:05
1578,7.583408,N/A,N/A,3.95e-04,46296.93,858.50,5178592,N/A,2025-08-09 12:19:06
1579,7.389981,N/A,N/A,3.95e-04,46526.67,758.50,5181626,N/A,2025-08-09 12:19:06
1580,7.611396,N/A,N/A,3.95e-04,47114.25,779.50,5184744,107.1904,2025-08-09 12:19:06
1581,7.220806,N/A,N/A,3.96e-04,49160.28,897.75,5188335,N/A,2025-08-09 12:19:06
1582,7.401030,N/A,N/A,3.96e-04,49609.58,841.25,5191700,N/A,2025-08-09 12:19:06
1583,7.512046,N/A,N/A,3.96e-04,50435.93,967.00,5195568,N/A,2025-08-09 12:19:06
1584,7.279899,N/A,N/A,3.96e-04,53014.93,981.25,5199493,N/A,2025-08-09 12:19:06
1585,7.174617,N/A,N/A,3.97e-04,53794.52,724.00,5202389,N/A,2025-08-09 12:19:06
1586,7.582264,N/A,N/A,3.97e-04,53256.37,813.00,5205641,N/A,2025-08-09 12:19:06
1587,7.390184,N/A,N/A,3.97e-04,54048.29,889.00,5209197,N/A,2025-08-09 12:19:06
1588,7.334831,N/A,N/A,3.97e-04,55499.33,883.00,5212729,N/A,2025-08-09 12:19:06
1589,7.054592,N/A,N/A,3.98e-04,56065.53,790.50,5215891,N/A,2025-08-09 12:19:06
1590,7.283494,N/A,N/A,3.98e-04,56310.61,903.00,5219503,107.2319,2025-08-09 12:19:06
1591,7.360154,N/A,N/A,3.98e-04,56160.79,880.25,5223024,N/A,2025-08-09 12:19:06
1592,7.333157,N/A,N/A,3.98e-04,56406.18,821.50,5226310,N/A,2025-08-09 12:19:07
1593,7.190219,N/A,N/A,3.99e-04,56076.34,909.00,5229946,N/A,2025-08-09 12:19:07
1594,7.325380,N/A,N/A,3.99e-04,54412.16,945.25,5233727,N/A,2025-08-09 12:19:07
1595,7.353296,N/A,N/A,3.99e-04,57039.87,951.75,5237534,N/A,2025-08-09 12:19:07
1596,7.383546,N/A,N/A,3.99e-04,56683.11,937.75,5241285,N/A,2025-08-09 12:19:07
1597,7.467499,N/A,N/A,4.00e-04,55489.16,685.25,5244026,N/A,2025-08-09 12:19:07
1598,7.531534,N/A,N/A,4.00e-04,54043.16,844.50,5247404,N/A,2025-08-09 12:19:07
1599,7.361526,N/A,N/A,4.00e-04,53907.28,891.25,5250969,N/A,2025-08-09 12:19:07
1600,7.510646,N/A,N/A,4.00e-04,52104.55,851.50,5254375,107.2662,2025-08-09 12:19:07
1601,7.436947,N/A,N/A,4.01e-04,24671.92,893.25,5257948,N/A,2025-08-09 12:19:08
1602,7.398696,N/A,N/A,4.01e-04,24823.54,874.75,5261447,N/A,2025-08-09 12:19:08
1603,7.539653,N/A,N/A,4.01e-04,24859.83,909.50,5265085,N/A,2025-08-09 12:19:08
1604,7.389172,N/A,N/A,4.01e-04,24282.60,821.75,5268372,N/A,2025-08-09 12:19:08
1605,7.420954,N/A,N/A,4.02e-04,24063.65,879.00,5271888,N/A,2025-08-09 12:19:08
1606,7.285737,N/A,N/A,4.02e-04,23857.61,893.25,5275461,N/A,2025-08-09 12:19:08
1607,7.197673,N/A,N/A,4.02e-04,24596.63,943.25,5279234,N/A,2025-08-09 12:19:08
1608,7.339708,N/A,N/A,4.02e-04,24989.01,884.75,5282773,N/A,2025-08-09 12:19:08
1609,7.478582,N/A,N/A,4.03e-04,25203.70,855.25,5286194,N/A,2025-08-09 12:19:09
1610,7.143135,N/A,N/A,4.03e-04,52689.74,712.25,5289043,107.3036,2025-08-09 12:19:09
1611,7.046997,N/A,N/A,4.03e-04,50085.86,634.75,5291582,N/A,2025-08-09 12:19:09
1612,7.242085,N/A,N/A,4.03e-04,50357.40,911.50,5295228,N/A,2025-08-09 12:19:09
1613,7.263691,N/A,N/A,4.04e-04,50692.47,950.75,5299031,N/A,2025-08-09 12:19:09
1614,7.372987,N/A,N/A,4.04e-04,51354.80,772.00,5302119,N/A,2025-08-09 12:19:09
1615,7.215828,N/A,N/A,4.04e-04,50689.94,741.25,5305084,N/A,2025-08-09 12:19:09
1616,7.105458,N/A,N/A,4.04e-04,49656.03,726.25,5307989,N/A,2025-08-09 12:19:09
1617,7.456122,N/A,N/A,4.05e-04,49629.02,938.75,5311744,N/A,2025-08-09 12:19:09
1618,7.378271,N/A,N/A,4.05e-04,49382.15,835.75,5315087,N/A,2025-08-09 12:19:09
1619,7.365873,N/A,N/A,4.05e-04,48992.93,756.00,5318111,N/A,2025-08-09 12:19:09
1620,7.223773,N/A,N/A,4.05e-04,48598.54,718.50,5320985,107.2615,2025-08-09 12:19:09
1621,7.261933,N/A,N/A,4.06e-04,49345.52,772.50,5324075,N/A,2025-08-09 12:19:09
1622,7.309335,N/A,N/A,4.06e-04,48095.51,709.25,5326912,N/A,2025-08-09 12:19:10
1623,7.270507,N/A,N/A,4.06e-04,47053.36,758.75,5329947,N/A,2025-08-09 12:19:10
1624,7.155622,N/A,N/A,4.06e-04,47025.11,733.75,5332882,N/A,2025-08-09 12:19:10
1625,7.386128,N/A,N/A,4.07e-04,47824.02,698.75,5335677,N/A,2025-08-09 12:19:10
1626,7.640733,N/A,N/A,4.07e-04,47529.34,857.00,5339105,N/A,2025-08-09 12:19:10
1627,7.114931,N/A,N/A,4.07e-04,47236.31,996.00,5343089,N/A,2025-08-09 12:19:10
1628,7.279434,N/A,N/A,4.07e-04,47244.91,843.75,5346464,N/A,2025-08-09 12:19:10
1629,7.451400,N/A,N/A,4.08e-04,47835.26,820.25,5349745,N/A,2025-08-09 12:19:10
1630,7.454565,N/A,N/A,4.08e-04,48978.43,791.75,5352912,107.2269,2025-08-09 12:19:10
1631,7.335325,N/A,N/A,4.08e-04,50654.80,871.00,5356396,N/A,2025-08-09 12:19:10
1632,7.438200,N/A,N/A,4.08e-04,51654.69,864.25,5359853,N/A,2025-08-09 12:19:10
1633,7.328124,N/A,N/A,4.09e-04,51477.08,727.75,5362764,N/A,2025-08-09 12:19:10
1634,7.081295,N/A,N/A,4.09e-04,50816.56,769.00,5365840,N/A,2025-08-09 12:19:10
1635,7.371206,N/A,N/A,4.09e-04,49893.07,708.00,5368672,N/A,2025-08-09 12:19:10
1636,7.530733,N/A,N/A,4.09e-04,48909.89,759.50,5371710,N/A,2025-08-09 12:19:11
1637,7.418483,N/A,N/A,4.10e-04,48568.74,901.25,5375315,N/A,2025-08-09 12:19:11
1638,7.272902,N/A,N/A,4.10e-04,50662.19,982.50,5379245,N/A,2025-08-09 12:19:11
1639,7.311679,N/A,N/A,4.10e-04,49404.48,706.50,5382071,N/A,2025-08-09 12:19:11
1640,7.218094,N/A,N/A,4.10e-04,48902.47,817.25,5385340,107.2615,2025-08-09 12:19:11
1641,7.463185,N/A,N/A,4.11e-04,48648.13,877.75,5388851,N/A,2025-08-09 12:19:11
1642,7.153374,N/A,N/A,4.11e-04,48200.69,830.25,5392172,N/A,2025-08-09 12:19:11
1643,7.141027,N/A,N/A,4.11e-04,50226.40,986.25,5396117,N/A,2025-08-09 12:19:11
1644,7.445367,N/A,N/A,4.11e-04,52034.38,781.75,5399244,N/A,2025-08-09 12:19:11
1645,6.978179,N/A,N/A,4.12e-04,52505.17,770.75,5402327,N/A,2025-08-09 12:19:11
1646,7.370970,N/A,N/A,4.12e-04,52486.23,899.50,5405925,N/A,2025-08-09 12:19:11
1647,7.368066,N/A,N/A,4.12e-04,51722.49,872.75,5409416,N/A,2025-08-09 12:19:11
1648,7.270930,N/A,N/A,4.12e-04,51356.71,895.75,5412999,N/A,2025-08-09 12:19:11
1649,7.510948,N/A,N/A,4.13e-04,52011.65,787.00,5416147,N/A,2025-08-09 12:19:11
1650,7.759438,N/A,N/A,4.13e-04,49176.67,553.25,5418360,107.2704,2025-08-09 12:19:12
1651,6.887628,N/A,N/A,4.13e-04,48103.85,743.50,5421334,N/A,2025-08-09 12:19:12
1652,7.563356,N/A,N/A,4.13e-04,47734.36,799.00,5424530,N/A,2025-08-09 12:19:12
1653,7.208258,N/A,N/A,4.14e-04,46738.31,877.25,5428039,N/A,2025-08-09 12:19:12
1654,7.502017,N/A,N/A,4.14e-04,46592.57,621.25,5430524,N/A,2025-08-09 12:19:12
1655,7.442997,N/A,N/A,4.14e-04,47352.03,788.25,5433677,N/A,2025-08-09 12:19:12
1656,7.227505,N/A,N/A,4.14e-04,46308.65,797.75,5436868,N/A,2025-08-09 12:19:12
1657,7.174042,N/A,N/A,4.15e-04,6731.43,742.50,5439838,N/A,2025-08-09 12:19:16
1658,7.078592,N/A,N/A,4.15e-04,6723.54,876.25,5443343,N/A,2025-08-09 12:19:16
1659,7.493217,N/A,N/A,4.15e-04,6832.20,874.25,5446840,N/A,2025-08-09 12:19:16
1660,7.666358,N/A,N/A,4.15e-04,7020.50,762.50,5449890,107.3126,2025-08-09 12:19:16
1661,7.480376,N/A,N/A,4.15e-04,7091.58,812.25,5453139,N/A,2025-08-09 12:19:16
1662,7.015865,N/A,N/A,4.16e-04,7164.54,864.00,5456595,N/A,2025-08-09 12:19:16
1663,7.305357,N/A,N/A,4.16e-04,7097.23,805.50,5459817,N/A,2025-08-09 12:19:16
1664,7.691308,N/A,N/A,4.16e-04,7165.62,703.50,5462631,N/A,2025-08-09 12:19:16
1665,7.527633,N/A,N/A,4.16e-04,7160.58,825.75,5465934,N/A,2025-08-09 12:19:16
1666,7.118911,N/A,N/A,4.17e-04,47782.35,687.25,5468683,N/A,2025-08-09 12:19:17
1667,7.456285,N/A,N/A,4.17e-04,48286.21,805.75,5471906,N/A,2025-08-09 12:19:17
1668,7.136184,N/A,N/A,4.17e-04,47272.81,700.25,5474707,N/A,2025-08-09 12:19:17
1669,7.501968,N/A,N/A,4.17e-04,47092.46,804.25,5477924,N/A,2025-08-09 12:19:17
1670,7.530051,N/A,N/A,4.18e-04,47436.83,1019.00,5482000,107.2896,2025-08-09 12:19:17
1671,7.367165,N/A,N/A,4.18e-04,47090.09,1011.50,5486046,N/A,2025-08-09 12:19:17
1672,7.514105,N/A,N/A,4.18e-04,46961.28,977.00,5489954,N/A,2025-08-09 12:19:17
1673,7.185454,N/A,N/A,4.18e-04,46164.59,768.00,5493026,N/A,2025-08-09 12:19:17
1674,7.586043,N/A,N/A,4.19e-04,48733.97,784.00,5496162,N/A,2025-08-09 12:19:17
1675,7.546204,N/A,N/A,4.19e-04,49262.45,735.00,5499102,N/A,2025-08-09 12:19:17
1676,7.118001,N/A,N/A,4.19e-04,49115.58,842.00,5502470,N/A,2025-08-09 12:19:17
1677,7.644543,N/A,N/A,4.20e-04,48922.08,799.25,5505667,N/A,2025-08-09 12:19:17
1678,7.410110,N/A,N/A,4.20e-04,50113.48,897.50,5509257,N/A,2025-08-09 12:19:17
1679,7.357722,N/A,N/A,4.20e-04,51402.68,887.25,5512806,N/A,2025-08-09 12:19:18
1680,7.315347,N/A,N/A,4.20e-04,51732.71,971.50,5516692,107.2830,2025-08-09 12:19:18
1681,7.249706,N/A,N/A,4.20e-04,50728.33,969.00,5520568,N/A,2025-08-09 12:19:18
1682,7.445562,N/A,N/A,4.21e-04,49351.82,929.75,5524287,N/A,2025-08-09 12:19:18
1683,7.630523,N/A,N/A,4.21e-04,48517.99,778.25,5527400,N/A,2025-08-09 12:19:18
1684,7.177818,N/A,N/A,4.21e-04,48236.37,823.50,5530694,N/A,2025-08-09 12:19:18
1685,7.005497,N/A,N/A,4.21e-04,48391.04,902.75,5534305,N/A,2025-08-09 12:19:18
1686,7.515976,N/A,N/A,4.22e-04,42759.77,797.50,5537495,N/A,2025-08-09 12:19:18
1687,7.580159,N/A,N/A,4.22e-04,37720.03,791.50,5540661,N/A,2025-08-09 12:19:18
1688,7.477254,N/A,N/A,4.22e-04,36343.42,648.00,5543253,N/A,2025-08-09 12:19:18
1689,7.259657,N/A,N/A,4.22e-04,35738.97,884.75,5546792,N/A,2025-08-09 12:19:19
1690,7.267500,N/A,N/A,4.23e-04,35317.73,825.50,5550094,107.2974,2025-08-09 12:19:19
1691,7.443074,N/A,N/A,4.23e-04,34907.94,828.25,5553407,N/A,2025-08-09 12:19:19
1692,7.093083,N/A,N/A,4.23e-04,33667.02,595.75,5555790,N/A,2025-08-09 12:19:19
1693,7.319906,N/A,N/A,4.23e-04,34773.17,989.25,5559747,N/A,2025-08-09 12:19:19
1694,7.111951,N/A,N/A,4.24e-04,35240.36,838.25,5563100,N/A,2025-08-09 12:19:19
1695,7.415917,N/A,N/A,4.24e-04,39343.34,955.50,5566922,N/A,2025-08-09 12:19:19
1696,7.221614,N/A,N/A,4.24e-04,45371.04,839.00,5570278,N/A,2025-08-09 12:19:19
1697,8.868667,N/A,N/A,4.24e-04,45966.18,830.25,5573599,N/A,2025-08-09 12:19:19
1698,7.441882,N/A,N/A,4.25e-04,47311.18,822.25,5576888,N/A,2025-08-09 12:19:19
1699,7.598398,N/A,N/A,4.25e-04,41641.11,695.50,5579670,N/A,2025-08-09 12:19:19
1700,7.268669,N/A,N/A,4.25e-04,35402.80,915.25,5583331,107.2950,2025-08-09 12:19:20
1701,7.371775,N/A,N/A,4.25e-04,18695.48,848.50,5586725,N/A,2025-08-09 12:19:21
1702,7.484828,N/A,N/A,4.26e-04,19356.09,890.00,5590285,N/A,2025-08-09 12:19:21
1703,7.058048,N/A,N/A,4.26e-04,19114.45,795.75,5593468,N/A,2025-08-09 12:19:21
1704,7.384977,N/A,N/A,4.26e-04,18560.33,619.25,5595945,N/A,2025-08-09 12:19:21
1705,7.095323,N/A,N/A,4.27e-04,18278.32,898.25,5599538,N/A,2025-08-09 12:19:21
1706,7.429133,N/A,N/A,4.27e-04,18406.99,876.50,5603044,N/A,2025-08-09 12:19:21
1707,7.271289,N/A,N/A,4.27e-04,18613.77,852.25,5606453,N/A,2025-08-09 12:19:21
1708,7.094669,N/A,N/A,4.27e-04,19319.73,676.75,5609160,N/A,2025-08-09 12:19:21
1709,7.405735,N/A,N/A,4.27e-04,22213.10,987.25,5613109,N/A,2025-08-09 12:19:21
1710,7.193619,N/A,N/A,4.28e-04,49880.77,783.25,5616242,107.3184,2025-08-09 12:19:21
1711,7.325377,N/A,N/A,4.28e-04,49734.47,745.50,5619224,N/A,2025-08-09 12:19:21
1712,7.325915,N/A,N/A,4.28e-04,48554.93,818.25,5622497,N/A,2025-08-09 12:19:21
1713,7.042742,N/A,N/A,4.29e-04,47793.96,722.50,5625387,N/A,2025-08-09 12:19:21
1714,7.346643,N/A,N/A,4.29e-04,48955.92,593.75,5627762,N/A,2025-08-09 12:19:22
1715,7.106746,N/A,N/A,4.29e-04,48019.16,837.25,5631111,N/A,2025-08-09 12:19:22
1716,8.081858,N/A,N/A,4.29e-04,47263.12,815.00,5634371,N/A,2025-08-09 12:19:22
1717,7.353738,N/A,N/A,4.29e-04,47764.41,908.25,5638004,N/A,2025-08-09 12:19:22
1718,6.974834,N/A,N/A,4.30e-04,48963.67,887.75,5641555,N/A,2025-08-09 12:19:22
1719,7.250912,N/A,N/A,4.30e-04,48486.14,818.25,5644828,N/A,2025-08-09 12:19:22
1720,7.829971,N/A,N/A,4.30e-04,48317.39,801.50,5648034,107.3323,2025-08-09 12:19:22
1721,7.599644,N/A,N/A,4.31e-04,48312.09,885.25,5651575,N/A,2025-08-09 12:19:22
1722,7.083526,N/A,N/A,4.31e-04,47067.24,726.75,5654482,N/A,2025-08-09 12:19:22
1723,7.230402,N/A,N/A,4.31e-04,46983.04,724.25,5657379,N/A,2025-08-09 12:19:22
1724,7.669444,N/A,N/A,4.31e-04,48236.86,771.25,5660464,N/A,2025-08-09 12:19:22
1725,7.098222,N/A,N/A,4.31e-04,47680.23,871.25,5663949,N/A,2025-08-09 12:19:22
1726,7.543662,N/A,N/A,4.32e-04,45176.25,865.25,5667410,N/A,2025-08-09 12:19:23
1727,7.261770,N/A,N/A,4.32e-04,46006.47,980.25,5671331,N/A,2025-08-09 12:19:23
1728,7.157575,N/A,N/A,4.32e-04,44821.42,718.25,5674204,N/A,2025-08-09 12:19:23
1729,7.520513,N/A,N/A,4.32e-04,45029.80,784.25,5677341,N/A,2025-08-09 12:19:23
1730,7.431675,N/A,N/A,4.33e-04,42789.68,1015.75,5681404,107.3555,2025-08-09 12:19:23
1731,7.222190,N/A,N/A,4.33e-04,38246.63,832.00,5684732,N/A,2025-08-09 12:19:23
1732,7.111213,N/A,N/A,4.33e-04,38632.07,812.00,5687980,N/A,2025-08-09 12:19:23
1733,7.748307,N/A,N/A,4.34e-04,39706.67,943.75,5691755,N/A,2025-08-09 12:19:23
1734,7.539201,N/A,N/A,4.34e-04,40372.70,773.75,5694850,N/A,2025-08-09 12:19:23
1735,7.461208,N/A,N/A,4.34e-04,37574.93,716.50,5697716,N/A,2025-08-09 12:19:23
1736,7.246675,N/A,N/A,4.34e-04,32977.89,724.25,5700613,N/A,2025-08-09 12:19:24
1737,7.348122,N/A,N/A,4.34e-04,32383.33,738.50,5703567,N/A,2025-08-09 12:19:24
1738,7.382525,N/A,N/A,4.35e-04,33734.06,1024.00,5707663,N/A,2025-08-09 12:19:24
1739,7.119339,N/A,N/A,4.35e-04,36750.92,884.00,5711199,N/A,2025-08-09 12:19:24
1740,7.570030,N/A,N/A,4.35e-04,40509.03,881.75,5714726,107.3834,2025-08-09 12:19:24
1741,7.181602,N/A,N/A,4.36e-04,39619.50,825.00,5718026,N/A,2025-08-09 12:19:24
1742,7.189938,N/A,N/A,4.36e-04,36753.03,980.75,5721949,N/A,2025-08-09 12:19:24
1743,7.521937,N/A,N/A,4.36e-04,33085.41,871.00,5725433,N/A,2025-08-09 12:19:24
1744,7.408658,N/A,N/A,4.36e-04,35845.45,732.75,5728364,N/A,2025-08-09 12:19:24
1745,7.391678,N/A,N/A,4.36e-04,40826.99,749.75,5731363,N/A,2025-08-09 12:19:24
1746,7.303551,N/A,N/A,4.37e-04,41402.44,935.75,5735106,N/A,2025-08-09 12:19:24
1747,7.497221,N/A,N/A,4.37e-04,39849.78,676.75,5737813,N/A,2025-08-09 12:19:25
1748,7.316633,N/A,N/A,4.37e-04,38118.78,768.75,5740888,N/A,2025-08-09 12:19:25
1749,7.497818,N/A,N/A,4.38e-04,36177.16,607.25,5743317,N/A,2025-08-09 12:19:25
1750,7.117665,N/A,N/A,4.38e-04,36618.97,940.25,5747078,107.3886,2025-08-09 12:19:25
1751,7.549894,N/A,N/A,4.38e-04,40151.41,778.25,5750191,N/A,2025-08-09 12:19:25
1752,7.218055,N/A,N/A,4.38e-04,45334.99,938.50,5753945,N/A,2025-08-09 12:19:25
1753,7.677888,N/A,N/A,4.38e-04,43677.53,724.00,5756841,N/A,2025-08-09 12:19:25
1754,7.307261,N/A,N/A,4.39e-04,42982.55,830.25,5760162,N/A,2025-08-09 12:19:25
1755,7.203146,N/A,N/A,4.39e-04,42768.25,756.00,5763186,N/A,2025-08-09 12:19:25
1756,7.482662,N/A,N/A,4.39e-04,43359.37,758.00,5766218,N/A,2025-08-09 12:19:25
1757,7.333361,N/A,N/A,4.40e-04,46239.33,949.25,5770015,N/A,2025-08-09 12:19:25
1758,7.241039,N/A,N/A,4.40e-04,48466.56,945.50,5773797,N/A,2025-08-09 12:19:25
1759,7.053604,N/A,N/A,4.40e-04,50593.87,769.50,5776875,N/A,2025-08-09 12:19:25
1760,7.297833,N/A,N/A,4.40e-04,50628.01,890.00,5780435,107.3913,2025-08-09 12:19:26
1761,7.202813,N/A,N/A,4.41e-04,51560.97,890.00,5783995,N/A,2025-08-09 12:19:26
1762,7.590348,N/A,N/A,4.41e-04,51425.68,935.00,5787735,N/A,2025-08-09 12:19:26
1763,7.148880,N/A,N/A,4.41e-04,54328.78,870.00,5791215,N/A,2025-08-09 12:19:26
1764,7.717894,N/A,N/A,4.41e-04,54741.93,840.50,5794577,N/A,2025-08-09 12:19:26
1765,7.331061,N/A,N/A,4.41e-04,52661.49,821.75,5797864,N/A,2025-08-09 12:19:26
1766,7.509692,N/A,N/A,4.42e-04,52757.72,887.25,5801413,N/A,2025-08-09 12:19:26
1767,7.205346,N/A,N/A,4.42e-04,52027.77,819.25,5804690,N/A,2025-08-09 12:19:26
1768,7.316648,N/A,N/A,4.42e-04,51765.20,904.50,5808308,N/A,2025-08-09 12:19:26
1769,7.443402,N/A,N/A,4.43e-04,48509.69,874.00,5811804,N/A,2025-08-09 12:19:26
1770,7.368495,N/A,N/A,4.43e-04,42859.41,840.75,5815167,107.4182,2025-08-09 12:19:26
1771,7.303804,N/A,N/A,4.43e-04,43684.78,916.00,5818831,N/A,2025-08-09 12:19:27
1772,7.407162,N/A,N/A,4.43e-04,42326.95,742.25,5821800,N/A,2025-08-09 12:19:27
1773,7.361060,N/A,N/A,4.43e-04,41629.89,893.50,5825374,N/A,2025-08-09 12:19:27
1774,7.457897,N/A,N/A,4.44e-04,42446.46,788.50,5828528,N/A,2025-08-09 12:19:27
1775,7.377861,N/A,N/A,4.44e-04,43116.26,903.25,5832141,N/A,2025-08-09 12:19:27
1776,7.664402,N/A,N/A,4.44e-04,42037.22,753.00,5835153,N/A,2025-08-09 12:19:27
1777,7.169086,N/A,N/A,4.45e-04,41475.26,864.25,5838610,N/A,2025-08-09 12:19:27
1778,7.189190,N/A,N/A,4.45e-04,43571.11,817.75,5841881,N/A,2025-08-09 12:19:27
1779,7.698446,N/A,N/A,4.45e-04,48485.01,684.00,5844617,N/A,2025-08-09 12:19:27
1780,7.416686,N/A,N/A,4.45e-04,48790.65,901.00,5848221,107.4162,2025-08-09 12:19:27
1781,7.435452,N/A,N/A,4.45e-04,48397.06,866.50,5851687,N/A,2025-08-09 12:19:27
1782,7.261898,N/A,N/A,4.46e-04,50618.97,880.75,5855210,N/A,2025-08-09 12:19:27
1783,7.344675,N/A,N/A,4.46e-04,49270.40,730.75,5858133,N/A,2025-08-09 12:19:27
1784,7.397152,N/A,N/A,4.46e-04,47906.64,748.00,5861125,N/A,2025-08-09 12:19:27
1785,7.258291,N/A,N/A,4.47e-04,47297.58,838.50,5864479,N/A,2025-08-09 12:19:28
1786,7.159992,N/A,N/A,4.47e-04,48723.38,827.25,5867788,N/A,2025-08-09 12:19:28
1787,7.341016,N/A,N/A,4.47e-04,48761.69,949.25,5871585,N/A,2025-08-09 12:19:28
1788,7.596088,N/A,N/A,4.47e-04,48256.97,808.25,5874818,N/A,2025-08-09 12:19:28
1789,7.334153,N/A,N/A,4.48e-04,48765.57,839.25,5878175,N/A,2025-08-09 12:19:28
1790,7.324993,N/A,N/A,4.48e-04,46842.67,619.50,5880653,107.4186,2025-08-09 12:19:28
1791,7.438498,N/A,N/A,4.48e-04,44858.39,757.00,5883681,N/A,2025-08-09 12:19:28
1792,7.756498,N/A,N/A,4.48e-04,44012.22,865.25,5887142,N/A,2025-08-09 12:19:28
1793,7.205047,N/A,N/A,4.49e-04,45779.77,946.25,5890927,N/A,2025-08-09 12:19:28
1794,7.144188,N/A,N/A,4.49e-04,46775.75,743.00,5893899,N/A,2025-08-09 12:19:28
1795,7.363906,N/A,N/A,4.49e-04,45610.97,599.50,5896297,N/A,2025-08-09 12:19:28
1796,7.228589,N/A,N/A,4.49e-04,46548.51,791.00,5899461,N/A,2025-08-09 12:19:28
1797,7.319298,N/A,N/A,4.50e-04,45521.04,672.25,5902150,N/A,2025-08-09 12:19:28
1798,7.154121,N/A,N/A,4.50e-04,46495.88,892.25,5905719,N/A,2025-08-09 12:19:29
1799,7.371040,N/A,N/A,4.50e-04,43839.63,646.00,5908303,N/A,2025-08-09 12:19:29
1800,7.301468,N/A,N/A,4.50e-04,44849.03,758.00,5911335,107.4052,2025-08-09 12:19:29
