step,train_loss,val_loss,val_perplexity,learning_rate,tokens_per_sec,avg_seq_len,batch_size,block_size,total_tokens,grad_norm,timestamp
0,12.220247,N/A,N/A,2.50e-07,0.00,1006.75,4027,N/A,2025-09-24 12:15:55
1,12.196243,N/A,N/A,5.00e-07,602.92,1024.00,8123,N/A,2025-09-24 12:16:09
2,12.163035,N/A,N/A,7.50e-07,842.31,840.50,11485,N/A,2025-09-24 12:16:09
3,12.208796,N/A,N/A,1.00e-06,1073.75,822.50,14775,N/A,2025-09-24 12:16:09
4,12.205054,N/A,N/A,1.25e-06,1348.77,988.00,18727,N/A,2025-09-24 12:16:09
5,12.216177,N/A,N/A,1.50e-06,1584.19,865.25,22188,N/A,2025-09-24 12:16:09
6,12.194595,N/A,N/A,1.75e-06,1860.54,1024.00,26284,N/A,2025-09-24 12:16:10
7,12.151396,N/A,N/A,2.00e-06,2065.11,787.00,29432,N/A,2025-09-24 12:16:10
8,12.134946,N/A,N/A,2.25e-06,2250.27,730.50,32354,N/A,2025-09-24 12:16:10
9,12.153800,N/A,N/A,2.50e-06,2488.86,934.25,36091,N/A,2025-09-24 12:16:10
10,12.146451,N/A,N/A,2.75e-06,29969.77,928.00,39803,1.0000,2025-09-24 12:16:10
11,12.076118,N/A,N/A,3.00e-06,29077.54,924.75,43502,N/A,2025-09-24 12:16:10
12,12.053250,N/A,N/A,3.25e-06,28769.36,763.50,46556,N/A,2025-09-24 12:16:10
13,12.075647,N/A,N/A,3.50e-06,28950.84,883.00,50088,N/A,2025-09-24 12:16:11
14,12.089065,N/A,N/A,3.75e-06,28274.31,857.00,53516,N/A,2025-09-24 12:16:11
15,12.021065,N/A,N/A,4.00e-06,28110.47,833.75,56851,N/A,2025-09-24 12:16:11
16,11.997547,N/A,N/A,4.25e-06,27548.96,825.00,60151,N/A,2025-09-24 12:16:11
17,12.005222,N/A,N/A,4.50e-06,27446.49,748.00,63143,N/A,2025-09-24 12:16:11
18,11.924210,N/A,N/A,4.75e-06,28024.32,913.50,66797,N/A,2025-09-24 12:16:11
19,11.963869,N/A,N/A,5.00e-06,28537.69,774.75,69896,N/A,2025-09-24 12:16:11
20,11.954139,N/A,N/A,5.25e-06,28606.97,817.00,73164,1.0000,2025-09-24 12:16:11
21,11.900951,N/A,N/A,5.50e-06,28156.07,806.50,76390,N/A,2025-09-24 12:16:12
22,11.876600,N/A,N/A,5.75e-06,28451.47,839.75,79749,N/A,2025-09-24 12:16:12
23,11.778099,N/A,N/A,6.00e-06,29009.37,1024.00,83845,N/A,2025-09-24 12:16:12
24,11.809601,N/A,N/A,6.25e-06,28368.54,673.75,86540,N/A,2025-09-24 12:16:12
25,11.833716,N/A,N/A,6.50e-06,28872.19,992.75,90511,N/A,2025-09-24 12:16:12
26,11.753998,N/A,N/A,6.75e-06,29625.56,1024.00,94607,N/A,2025-09-24 12:16:12
27,11.795930,N/A,N/A,7.00e-06,28398.06,590.75,96970,N/A,2025-09-24 12:16:12
28,11.684501,N/A,N/A,7.25e-06,28540.26,976.75,100877,N/A,2025-09-24 12:16:12
29,11.779380,N/A,N/A,7.50e-06,29379.80,697.50,103667,N/A,2025-09-24 12:16:13
30,11.696134,N/A,N/A,7.75e-06,29058.11,956.50,107493,1.0000,2025-09-24 12:16:13
31,11.624228,N/A,N/A,8.00e-06,29379.21,891.25,111058,N/A,2025-09-24 12:16:13
32,11.598403,N/A,N/A,8.25e-06,29209.91,752.25,114067,N/A,2025-09-24 12:16:13
33,11.584185,N/A,N/A,8.50e-06,28416.72,878.00,117579,N/A,2025-09-24 12:16:13
34,11.406690,N/A,N/A,8.75e-06,28487.33,693.00,120351,N/A,2025-09-24 12:16:13
35,11.563360,N/A,N/A,9.00e-06,27392.75,790.25,123512,N/A,2025-09-24 12:16:13
36,11.426348,N/A,N/A,9.25e-06,27114.90,751.00,126516,N/A,2025-09-24 12:16:13
37,11.398511,N/A,N/A,9.50e-06,26948.73,793.50,129690,N/A,2025-09-24 12:16:14
38,11.384912,N/A,N/A,9.75e-06,25975.90,790.50,132852,N/A,2025-09-24 12:16:14
39,11.263927,N/A,N/A,1.00e-05,27487.78,899.75,136451,N/A,2025-09-24 12:16:14
40,11.460923,N/A,N/A,1.03e-05,25625.95,661.75,139098,1.0000,2025-09-24 12:16:14
41,11.330289,N/A,N/A,1.05e-05,24838.20,702.25,141907,N/A,2025-09-24 12:16:14
42,11.126858,N/A,N/A,1.08e-05,25585.57,904.25,145524,N/A,2025-09-24 12:16:14
43,11.267444,N/A,N/A,1.10e-05,25240.73,855.00,148944,N/A,2025-09-24 12:16:14
44,11.304909,N/A,N/A,1.13e-05,26162.29,881.50,152470,N/A,2025-09-24 12:16:15
45,11.022559,N/A,N/A,1.15e-05,26090.58,778.00,155582,N/A,2025-09-24 12:16:15
46,11.039539,N/A,N/A,1.18e-05,26795.33,790.75,158745,N/A,2025-09-24 12:16:15
47,11.130129,N/A,N/A,1.20e-05,27605.07,932.25,162474,N/A,2025-09-24 12:16:15
48,11.085815,N/A,N/A,1.22e-05,27610.38,802.50,165684,N/A,2025-09-24 12:16:15
49,10.982808,N/A,N/A,1.25e-05,28401.21,852.50,169094,N/A,2025-09-24 12:16:15
50,10.875889,N/A,N/A,1.28e-05,27584.68,624.25,171591,1.0000,2025-09-24 12:16:15
51,10.859020,N/A,N/A,1.30e-05,27814.44,760.75,174634,N/A,2025-09-24 12:16:16
52,10.811790,N/A,N/A,1.33e-05,27983.90,864.25,178091,N/A,2025-09-24 12:16:16
53,10.885842,N/A,N/A,1.35e-05,28371.43,960.50,181933,N/A,2025-09-24 12:16:16
54,10.832745,N/A,N/A,1.38e-05,28981.11,1024.00,186029,N/A,2025-09-24 12:16:16
55,10.798026,N/A,N/A,1.40e-05,29538.88,844.75,189408,N/A,2025-09-24 12:16:16
56,10.614819,N/A,N/A,1.42e-05,30245.19,975.50,193310,N/A,2025-09-24 12:16:16
57,10.788064,N/A,N/A,1.45e-05,29954.78,846.75,196697,N/A,2025-09-24 12:16:16
58,10.627578,N/A,N/A,1.47e-05,29397.24,697.00,199485,N/A,2025-09-24 12:16:16
59,10.679768,N/A,N/A,1.50e-05,30417.99,1018.50,203559,N/A,2025-09-24 12:16:17
60,10.570889,N/A,N/A,1.52e-05,30224.25,938.75,207314,1.0000,2025-09-24 12:16:17
61,10.290396,N/A,N/A,1.55e-05,30353.10,808.75,210549,N/A,2025-09-24 12:16:17
62,10.540796,N/A,N/A,1.57e-05,29852.20,715.50,213411,N/A,2025-09-24 12:16:17
63,10.552396,N/A,N/A,1.60e-05,29909.85,1003.25,217424,N/A,2025-09-24 12:16:17
64,10.396321,N/A,N/A,1.63e-05,29160.01,817.75,220695,N/A,2025-09-24 12:16:17
65,10.355842,N/A,N/A,1.65e-05,29639.26,992.75,224666,N/A,2025-09-24 12:16:17
66,10.329402,N/A,N/A,1.68e-05,28929.05,829.25,227983,N/A,2025-09-24 12:16:17
67,10.565653,N/A,N/A,1.70e-05,28666.04,698.75,230778,N/A,2025-09-24 12:16:18
68,10.432001,N/A,N/A,1.73e-05,29928.77,955.50,234600,N/A,2025-09-24 12:16:18
69,10.339670,N/A,N/A,1.75e-05,31043.96,950.75,238403,N/A,2025-09-24 12:16:18
70,10.171377,N/A,N/A,1.78e-05,29323.34,729.75,241322,1.0000,2025-09-24 12:16:18
71,10.128355,N/A,N/A,1.80e-05,28942.22,714.25,244179,N/A,2025-09-24 12:16:18
72,10.140393,N/A,N/A,1.82e-05,29247.91,801.25,247384,N/A,2025-09-24 12:16:18
73,10.114479,N/A,N/A,1.85e-05,29140.86,956.25,251209,N/A,2025-09-24 12:16:18
74,9.868562,N/A,N/A,1.88e-05,28827.95,737.75,254160,N/A,2025-09-24 12:16:18
75,9.866472,N/A,N/A,1.90e-05,28519.37,846.75,257547,N/A,2025-09-24 12:16:19
76,10.240168,N/A,N/A,1.93e-05,28263.19,758.00,260579,N/A,2025-09-24 12:16:19
77,10.098472,N/A,N/A,1.95e-05,28742.17,787.25,263728,N/A,2025-09-24 12:16:19
78,9.997765,N/A,N/A,1.98e-05,27964.21,755.75,266751,N/A,2025-09-24 12:16:19
79,10.087862,N/A,N/A,2.00e-05,28871.54,931.50,270477,N/A,2025-09-24 12:16:19
80,9.847043,N/A,N/A,2.02e-05,27220.95,886.75,274024,1.0000,2025-09-24 12:16:19
81,9.897201,N/A,N/A,2.05e-05,27820.07,885.50,277566,N/A,2025-09-24 12:16:19
82,10.006654,N/A,N/A,2.07e-05,27902.78,822.50,280856,N/A,2025-09-24 12:16:20
83,10.085708,N/A,N/A,2.10e-05,27431.14,805.75,284079,N/A,2025-09-24 12:16:20
84,9.796243,N/A,N/A,2.13e-05,27231.53,695.50,286861,N/A,2025-09-24 12:16:20
85,9.749056,N/A,N/A,2.15e-05,26970.55,796.50,290047,N/A,2025-09-24 12:16:20
86,9.478506,N/A,N/A,2.18e-05,27145.77,827.00,293355,N/A,2025-09-24 12:16:20
87,9.619558,N/A,N/A,2.20e-05,27360.21,850.25,296756,N/A,2025-09-24 12:16:20
88,10.168152,N/A,N/A,2.22e-05,27234.68,731.75,299683,N/A,2025-09-24 12:16:20
89,9.869511,N/A,N/A,2.25e-05,28947.95,771.00,302767,N/A,2025-09-24 12:16:20
90,9.747134,N/A,N/A,2.28e-05,27708.50,846.50,306153,1.0000,2025-09-24 12:16:21
91,9.668786,N/A,N/A,2.30e-05,27451.91,808.75,309388,N/A,2025-09-24 12:16:21
92,9.677979,N/A,N/A,2.33e-05,25964.22,732.75,312319,N/A,2025-09-24 12:16:21
93,9.566427,N/A,N/A,2.35e-05,26369.31,912.00,315967,N/A,2025-09-24 12:16:21
94,9.771934,N/A,N/A,2.37e-05,26710.96,797.50,319157,N/A,2025-09-24 12:16:21
95,9.528349,N/A,N/A,2.40e-05,26642.23,764.25,322214,N/A,2025-09-24 12:16:21
96,9.455897,N/A,N/A,2.42e-05,26383.99,745.25,325195,N/A,2025-09-24 12:16:21
97,9.571486,N/A,N/A,2.45e-05,12438.15,899.25,328792,N/A,2025-09-24 12:16:23
98,9.558225,N/A,N/A,2.48e-05,12594.67,874.00,332288,N/A,2025-09-24 12:16:23
99,9.398729,N/A,N/A,2.50e-05,12745.53,757.25,335317,N/A,2025-09-24 12:16:23
100,9.377482,N/A,N/A,2.53e-05,10617.42,906.25,338942,1.0000,2025-09-24 12:16:24
101,9.392922,N/A,N/A,2.55e-05,10903.75,918.25,342615,N/A,2025-09-24 12:16:24
102,9.416041,N/A,N/A,2.57e-05,11281.13,1024.00,346711,N/A,2025-09-24 12:16:24
103,9.503679,N/A,N/A,2.60e-05,11141.66,808.75,349946,N/A,2025-09-24 12:16:24
104,9.355705,N/A,N/A,2.63e-05,11114.68,786.00,353090,N/A,2025-09-24 12:16:24
105,9.399297,N/A,N/A,2.65e-05,11189.05,825.00,356390,N/A,2025-09-24 12:16:24
106,9.379098,N/A,N/A,2.68e-05,20661.73,903.75,360005,N/A,2025-09-24 12:16:25
107,9.204725,N/A,N/A,2.70e-05,20356.71,707.75,362836,N/A,2025-09-24 12:16:25
108,9.463059,N/A,N/A,2.72e-05,20275.28,853.25,366249,N/A,2025-09-24 12:16:25
109,9.317264,N/A,N/A,2.75e-05,29344.69,663.00,368901,N/A,2025-09-24 12:16:25
110,9.427607,N/A,N/A,2.77e-05,28374.32,820.25,372182,1.0000,2025-09-24 12:16:25
111,9.499192,N/A,N/A,2.80e-05,27954.52,769.75,375261,N/A,2025-09-24 12:16:25
112,9.175699,N/A,N/A,2.83e-05,26784.69,716.25,378126,N/A,2025-09-24 12:16:25
113,9.208850,N/A,N/A,2.85e-05,27003.26,879.75,381645,N/A,2025-09-24 12:16:25
114,9.252087,N/A,N/A,2.87e-05,27396.43,901.25,385250,N/A,2025-09-24 12:16:26
115,9.177651,N/A,N/A,2.90e-05,27150.96,750.00,388250,N/A,2025-09-24 12:16:26
116,9.340461,N/A,N/A,2.92e-05,27186.34,931.50,391976,N/A,2025-09-24 12:16:26
117,8.965963,N/A,N/A,2.95e-05,27918.13,839.00,395332,N/A,2025-09-24 12:16:26
118,9.144207,N/A,N/A,2.98e-05,28328.64,955.50,399154,N/A,2025-09-24 12:16:26
119,9.336599,N/A,N/A,3.00e-05,29383.25,938.25,402907,N/A,2025-09-24 12:16:26
120,9.051992,N/A,N/A,3.03e-05,28566.18,855.00,406327,1.0000,2025-09-24 12:16:26
121,9.176991,N/A,N/A,3.05e-05,28930.57,851.00,409731,N/A,2025-09-24 12:16:27
122,8.969627,N/A,N/A,3.08e-05,29508.31,875.25,413232,N/A,2025-09-24 12:16:27
123,8.862940,N/A,N/A,3.10e-05,29926.41,1017.25,417301,N/A,2025-09-24 12:16:27
124,8.950089,N/A,N/A,3.13e-05,30223.60,985.25,421242,N/A,2025-09-24 12:16:27
125,8.827677,N/A,N/A,3.15e-05,30680.48,898.00,424834,N/A,2025-09-24 12:16:27
126,8.982107,N/A,N/A,3.18e-05,30396.00,893.00,428406,N/A,2025-09-24 12:16:27
127,8.665028,N/A,N/A,3.20e-05,30551.81,880.50,431928,N/A,2025-09-24 12:16:27
128,8.976435,N/A,N/A,3.22e-05,30749.06,764.00,434984,N/A,2025-09-24 12:16:27
129,8.736099,N/A,N/A,3.25e-05,30966.35,799.75,438183,N/A,2025-09-24 12:16:28
130,8.868180,N/A,N/A,3.28e-05,29610.35,951.25,441988,1.0000,2025-09-24 12:16:28
131,8.836913,N/A,N/A,3.30e-05,29824.19,900.75,445591,N/A,2025-09-24 12:16:28
132,8.893328,N/A,N/A,3.33e-05,29604.77,782.50,448721,N/A,2025-09-24 12:16:28
133,8.781615,N/A,N/A,3.35e-05,28227.28,609.25,451158,N/A,2025-09-24 12:16:28
134,8.729493,N/A,N/A,3.38e-05,27221.08,845.00,454538,N/A,2025-09-24 12:16:28
135,8.814063,N/A,N/A,3.40e-05,27066.37,825.25,457839,N/A,2025-09-24 12:16:28
136,8.866193,N/A,N/A,3.42e-05,26657.44,785.50,460981,N/A,2025-09-24 12:16:29
137,9.060266,N/A,N/A,3.45e-05,26104.50,690.25,463742,N/A,2025-09-24 12:16:29
138,8.804785,N/A,N/A,3.48e-05,26408.80,781.50,466868,N/A,2025-09-24 12:16:29
139,8.534865,N/A,N/A,3.50e-05,28101.53,832.50,470198,N/A,2025-09-24 12:16:29
140,8.506519,N/A,N/A,3.53e-05,26704.04,971.75,474085,1.0000,2025-09-24 12:16:29
141,8.670376,N/A,N/A,3.55e-05,26148.39,750.25,477086,N/A,2025-09-24 12:16:29
142,8.596502,N/A,N/A,3.58e-05,26073.54,769.50,480164,N/A,2025-09-24 12:16:29
143,8.614563,N/A,N/A,3.60e-05,27560.59,858.75,483599,N/A,2025-09-24 12:16:29
144,8.414701,N/A,N/A,3.63e-05,27466.65,801.00,486803,N/A,2025-09-24 12:16:30
145,8.712012,N/A,N/A,3.65e-05,27190.74,739.25,489760,N/A,2025-09-24 12:16:30
146,8.452438,N/A,N/A,3.68e-05,26399.17,726.25,492665,N/A,2025-09-24 12:16:30
147,8.233467,N/A,N/A,3.70e-05,26520.29,706.75,495492,N/A,2025-09-24 12:16:30
148,8.484605,N/A,N/A,3.72e-05,25752.29,751.25,498497,N/A,2025-09-24 12:16:30
149,8.231757,N/A,N/A,3.75e-05,26620.71,703.50,501311,N/A,2025-09-24 12:16:30
150,8.549533,N/A,N/A,3.78e-05,25127.96,768.00,504383,1.0000,2025-09-24 12:16:30
151,8.332151,N/A,N/A,3.80e-05,24298.21,648.50,506977,N/A,2025-09-24 12:16:31
152,8.027953,N/A,N/A,3.83e-05,24312.38,782.50,510107,N/A,2025-09-24 12:16:31
153,8.418486,N/A,N/A,3.85e-05,23368.56,729.50,513025,N/A,2025-09-24 12:16:31
154,8.396240,N/A,N/A,3.87e-05,22697.65,733.75,515960,N/A,2025-09-24 12:16:31
155,8.220379,N/A,N/A,3.90e-05,23715.76,928.50,519674,N/A,2025-09-24 12:16:31
156,8.259195,N/A,N/A,3.93e-05,23952.13,893.25,523247,N/A,2025-09-24 12:16:31
157,8.316442,N/A,N/A,3.95e-05,25089.01,874.50,526745,N/A,2025-09-24 12:16:31
158,8.254662,N/A,N/A,3.98e-05,23982.79,544.25,528922,N/A,2025-09-24 12:16:32
159,8.252317,N/A,N/A,4.00e-05,24797.01,729.25,531839,N/A,2025-09-24 12:16:32
160,8.016256,N/A,N/A,4.03e-05,25050.45,899.25,535436,1.0000,2025-09-24 12:16:32
161,8.046597,N/A,N/A,4.05e-05,25930.08,901.50,539042,N/A,2025-09-24 12:16:32
162,8.074223,N/A,N/A,4.08e-05,26599.47,818.75,542317,N/A,2025-09-24 12:16:32
163,8.256941,N/A,N/A,4.10e-05,27392.78,810.75,545560,N/A,2025-09-24 12:16:32
164,8.311837,N/A,N/A,4.12e-05,27766.98,821.75,548847,N/A,2025-09-24 12:16:32
165,8.172511,N/A,N/A,4.15e-05,27682.39,816.50,552113,N/A,2025-09-24 12:16:32
166,7.927609,N/A,N/A,4.17e-05,26307.30,663.50,554767,N/A,2025-09-24 12:16:33
167,7.939816,N/A,N/A,4.20e-05,26397.15,729.25,557684,N/A,2025-09-24 12:16:33
168,7.969185,N/A,N/A,4.23e-05,26911.04,676.00,560388,N/A,2025-09-24 12:16:33
169,8.104768,N/A,N/A,4.25e-05,28658.56,983.50,564322,N/A,2025-09-24 12:16:33
170,8.020939,N/A,N/A,4.28e-05,27876.19,972.25,568211,1.0000,2025-09-24 12:16:33
171,8.032146,N/A,N/A,4.30e-05,27472.14,772.00,571299,N/A,2025-09-24 12:16:33
172,8.077143,N/A,N/A,4.33e-05,27183.45,752.75,574310,N/A,2025-09-24 12:16:33
173,8.000732,N/A,N/A,4.35e-05,26682.55,736.00,577254,N/A,2025-09-24 12:16:33
174,7.913004,N/A,N/A,4.38e-05,26386.56,771.25,580339,N/A,2025-09-24 12:16:34
175,8.122744,N/A,N/A,4.40e-05,26850.40,790.00,583499,N/A,2025-09-24 12:16:34
176,7.913487,N/A,N/A,4.42e-05,27366.68,818.25,586772,N/A,2025-09-24 12:16:34
177,7.997156,N/A,N/A,4.45e-05,27173.15,738.00,589724,N/A,2025-09-24 12:16:34
178,7.853279,N/A,N/A,4.47e-05,27357.19,759.50,592762,N/A,2025-09-24 12:16:34
179,8.177709,N/A,N/A,4.50e-05,27156.93,866.75,596229,N/A,2025-09-24 12:16:34
180,8.056606,N/A,N/A,4.53e-05,25357.24,889.75,599788,1.0000,2025-09-24 12:16:34
181,7.996170,N/A,N/A,4.55e-05,25390.85,766.00,602852,N/A,2025-09-24 12:16:35
182,7.782184,N/A,N/A,4.58e-05,25924.47,860.75,606295,N/A,2025-09-24 12:16:35
183,7.865830,N/A,N/A,4.60e-05,26351.71,823.00,609587,N/A,2025-09-24 12:16:35
184,7.397993,N/A,N/A,4.63e-05,26667.01,852.50,612997,N/A,2025-09-24 12:16:35
185,8.038155,N/A,N/A,4.65e-05,26675.32,794.50,616175,N/A,2025-09-24 12:16:35
186,7.663023,N/A,N/A,4.68e-05,26916.95,832.00,619503,N/A,2025-09-24 12:16:35
187,7.753837,N/A,N/A,4.70e-05,26467.40,716.25,622368,N/A,2025-09-24 12:16:35
188,7.702908,N/A,N/A,4.73e-05,27248.63,781.25,625493,N/A,2025-09-24 12:16:35
189,7.632267,N/A,N/A,4.75e-05,29069.59,917.25,629162,N/A,2025-09-24 12:16:36
190,7.767865,N/A,N/A,4.78e-05,27629.50,746.75,632149,1.0000,2025-09-24 12:16:36
191,7.747547,N/A,N/A,4.80e-05,28376.64,975.25,636050,N/A,2025-09-24 12:16:36
192,7.501413,N/A,N/A,4.83e-05,28245.10,816.00,639314,N/A,2025-09-24 12:16:36
193,8.009467,N/A,N/A,4.85e-05,28367.18,879.25,642831,N/A,2025-09-24 12:16:36
194,7.514543,N/A,N/A,4.87e-05,28082.25,780.25,645952,N/A,2025-09-24 12:16:36
195,7.684591,N/A,N/A,4.90e-05,27666.12,789.50,649110,N/A,2025-09-24 12:16:36
196,7.699275,N/A,N/A,4.93e-05,28139.33,842.75,652481,N/A,2025-09-24 12:16:37
197,7.909656,N/A,N/A,4.95e-05,13383.72,787.25,655630,N/A,2025-09-24 12:16:38
198,7.800079,N/A,N/A,4.98e-05,13602.34,915.25,659291,N/A,2025-09-24 12:16:38
199,7.479362,N/A,N/A,5.00e-05,13827.01,928.00,663003,N/A,2025-09-24 12:16:38
200,7.961677,N/A,N/A,5.00e-05,12254.68,1024.00,667099,1.0000,2025-09-24 12:16:39
201,7.581483,N/A,N/A,5.00e-05,11764.88,626.25,669604,N/A,2025-09-24 12:16:39
202,8.220681,N/A,N/A,5.00e-05,11759.10,810.00,672844,N/A,2025-09-24 12:16:39
203,7.927266,N/A,N/A,5.00e-05,11507.22,696.00,675628,N/A,2025-09-24 12:16:39
204,7.937415,N/A,N/A,5.00e-05,11615.47,966.50,679494,N/A,2025-09-24 12:16:39
205,7.604917,N/A,N/A,5.00e-05,11601.26,767.50,682564,N/A,2025-09-24 12:16:39
206,7.654260,N/A,N/A,5.00e-05,21279.49,831.75,685891,N/A,2025-09-24 12:16:40
207,7.711730,N/A,N/A,5.00e-05,20674.63,830.75,689214,N/A,2025-09-24 12:16:40
208,7.338068,N/A,N/A,5.00e-05,20163.28,680.75,691937,N/A,2025-09-24 12:16:40
209,7.625540,N/A,N/A,5.00e-05,26481.07,807.00,695165,N/A,2025-09-24 12:16:40
210,7.869010,N/A,N/A,5.00e-05,25290.46,971.50,699051,1.0000,2025-09-24 12:16:40
211,7.463456,N/A,N/A,5.00e-05,25651.83,721.75,701938,N/A,2025-09-24 12:16:40
212,7.708528,N/A,N/A,5.00e-05,25776.36,845.50,705320,N/A,2025-09-24 12:16:40
213,7.336011,N/A,N/A,5.00e-05,27318.51,808.75,708555,N/A,2025-09-24 12:16:40
214,7.374290,N/A,N/A,5.00e-05,27096.82,933.25,712288,N/A,2025-09-24 12:16:41
215,7.808744,N/A,N/A,5.00e-05,27042.11,784.75,715427,N/A,2025-09-24 12:16:41
216,7.556211,N/A,N/A,5.00e-05,28367.84,842.25,718796,N/A,2025-09-24 12:16:41
217,7.275064,N/A,N/A,5.00e-05,27647.63,776.00,721900,N/A,2025-09-24 12:16:41
218,7.597244,N/A,N/A,5.00e-05,27532.81,648.50,724494,N/A,2025-09-24 12:16:41
219,7.468585,N/A,N/A,5.00e-05,28257.15,751.00,727498,N/A,2025-09-24 12:16:41
220,7.659677,N/A,N/A,5.00e-05,26244.88,800.75,730701,1.0000,2025-09-24 12:16:41
221,7.676861,N/A,N/A,5.00e-05,26253.10,723.75,733596,N/A,2025-09-24 12:16:42
222,7.609549,N/A,N/A,5.00e-05,26254.97,855.25,737017,N/A,2025-09-24 12:16:42
223,7.776133,N/A,N/A,5.00e-05,25932.31,734.25,739954,N/A,2025-09-24 12:16:42
224,7.485700,N/A,N/A,5.00e-05,25637.45,850.50,743356,N/A,2025-09-24 12:16:42
225,7.197007,N/A,N/A,5.00e-05,26007.94,891.50,746922,N/A,2025-09-24 12:16:42
226,7.792118,N/A,N/A,5.00e-05,26754.65,949.25,750719,N/A,2025-09-24 12:16:42
227,7.679312,N/A,N/A,5.00e-05,26657.47,776.25,753824,N/A,2025-09-24 12:16:42
228,7.598700,N/A,N/A,5.00e-05,28119.42,1024.00,757920,N/A,2025-09-24 12:16:42
229,7.625549,N/A,N/A,5.00e-05,28555.34,901.25,761525,N/A,2025-09-24 12:16:43
230,7.899991,N/A,N/A,5.00e-05,27340.30,724.25,764422,1.0000,2025-09-24 12:16:43
231,7.691385,N/A,N/A,5.00e-05,27438.86,908.25,768055,N/A,2025-09-24 12:16:43
232,7.576347,N/A,N/A,5.00e-05,27997.14,978.50,771969,N/A,2025-09-24 12:16:43
233,7.888725,N/A,N/A,5.00e-05,28022.02,747.75,774960,N/A,2025-09-24 12:16:43
234,7.366479,N/A,N/A,5.00e-05,27482.79,762.75,778011,N/A,2025-09-24 12:16:43
235,7.820077,N/A,N/A,5.00e-05,27165.27,761.25,781056,N/A,2025-09-24 12:16:43
236,7.735414,N/A,N/A,5.00e-05,26648.02,763.75,784111,N/A,2025-09-24 12:16:44
237,7.752524,N/A,N/A,5.00e-05,27121.75,928.00,787823,N/A,2025-09-24 12:16:44
238,7.672026,N/A,N/A,5.00e-05,27908.96,811.00,791067,N/A,2025-09-24 12:16:44
239,7.588598,N/A,N/A,5.00e-05,28363.20,759.50,794105,N/A,2025-09-24 12:16:44
240,7.558659,N/A,N/A,5.00e-05,28386.56,829.75,797424,1.0000,2025-09-24 12:16:44
241,7.607322,N/A,N/A,5.00e-05,28076.25,810.50,800666,N/A,2025-09-24 12:16:44
242,7.309270,N/A,N/A,5.00e-05,27022.96,695.75,803449,N/A,2025-09-24 12:16:44
243,7.539924,N/A,N/A,5.00e-05,27721.78,877.75,806960,N/A,2025-09-24 12:16:44
244,7.552471,N/A,N/A,5.00e-05,28022.10,861.00,810404,N/A,2025-09-24 12:16:45
245,7.335586,N/A,N/A,5.00e-05,28317.59,856.25,813829,N/A,2025-09-24 12:16:45
246,7.191969,N/A,N/A,5.00e-05,27786.11,779.25,816946,N/A,2025-09-24 12:16:45
247,7.356157,N/A,N/A,5.00e-05,26633.58,781.00,820070,N/A,2025-09-24 12:16:45
248,7.657902,N/A,N/A,5.00e-05,26799.33,849.00,823466,N/A,2025-09-24 12:16:45
249,7.283181,N/A,N/A,5.00e-05,27898.60,854.25,826883,N/A,2025-09-24 12:16:45
250,7.491740,N/A,N/A,5.00e-05,26647.08,853.00,830295,1.0000,2025-09-24 12:16:45
251,7.190569,N/A,N/A,5.00e-05,26525.52,732.75,833226,N/A,2025-09-24 12:16:46
252,7.477602,N/A,N/A,5.00e-05,26925.16,828.00,836538,N/A,2025-09-24 12:16:46
253,7.386808,N/A,N/A,5.00e-05,27116.41,933.00,840270,N/A,2025-09-24 12:16:46
254,7.672699,N/A,N/A,5.00e-05,27475.75,1012.25,844319,N/A,2025-09-24 12:16:46
255,7.328791,N/A,N/A,5.00e-05,27995.63,838.50,847673,N/A,2025-09-24 12:16:46
256,7.606978,N/A,N/A,5.00e-05,28933.75,879.50,851191,N/A,2025-09-24 12:16:46
257,7.570594,N/A,N/A,5.00e-05,28729.15,767.50,854261,N/A,2025-09-24 12:16:46
258,7.716764,N/A,N/A,5.00e-05,28488.81,749.25,857258,N/A,2025-09-24 12:16:46
259,7.356316,N/A,N/A,5.00e-05,29672.54,775.50,860360,N/A,2025-09-24 12:16:47
260,7.391294,N/A,N/A,5.00e-05,28925.85,947.00,864148,1.0000,2025-09-24 12:16:47
261,7.754483,N/A,N/A,5.00e-05,29068.84,748.75,867143,N/A,2025-09-24 12:16:47
262,7.764995,N/A,N/A,5.00e-05,28692.43,723.50,870037,N/A,2025-09-24 12:16:47
263,7.142006,N/A,N/A,5.00e-05,28827.85,935.25,873778,N/A,2025-09-24 12:16:47
264,7.456858,N/A,N/A,5.00e-05,27453.81,624.00,876274,N/A,2025-09-24 12:16:47
265,7.535540,N/A,N/A,5.00e-05,27512.45,824.75,879573,N/A,2025-09-24 12:16:47
266,7.068247,N/A,N/A,5.00e-05,26803.73,609.75,882012,N/A,2025-09-24 12:16:48
267,7.711339,N/A,N/A,5.00e-05,26243.30,612.50,884462,N/A,2025-09-24 12:16:48
268,7.421616,N/A,N/A,5.00e-05,26311.23,772.75,887553,N/A,2025-09-24 12:16:48
269,7.568620,N/A,N/A,5.00e-05,27502.66,814.75,890812,N/A,2025-09-24 12:16:48
270,7.707563,N/A,N/A,5.00e-05,26270.16,875.00,894312,1.0000,2025-09-24 12:16:48
271,7.535158,N/A,N/A,5.00e-05,26478.65,814.00,897568,N/A,2025-09-24 12:16:48
272,7.017419,N/A,N/A,5.00e-05,26508.60,750.50,900570,N/A,2025-09-24 12:16:48
273,7.329546,N/A,N/A,5.00e-05,25738.36,769.75,903649,N/A,2025-09-24 12:16:48
274,7.489567,N/A,N/A,5.00e-05,26246.77,783.25,906782,N/A,2025-09-24 12:16:49
275,7.693602,N/A,N/A,5.00e-05,25720.46,665.50,909444,N/A,2025-09-24 12:16:49
276,7.640379,N/A,N/A,5.00e-05,26818.13,919.25,913121,N/A,2025-09-24 12:16:49
277,7.567981,N/A,N/A,5.00e-05,27315.78,843.75,916496,N/A,2025-09-24 12:16:49
278,7.262976,N/A,N/A,5.00e-05,28229.49,1024.00,920592,N/A,2025-09-24 12:16:49
279,7.755432,N/A,N/A,5.00e-05,29407.79,889.75,924151,N/A,2025-09-24 12:16:49
280,7.241735,N/A,N/A,5.00e-05,28438.23,846.50,927537,1.0000,2025-09-24 12:16:49
281,7.169877,N/A,N/A,5.00e-05,28634.23,843.00,930909,N/A,2025-09-24 12:16:49
282,7.408928,N/A,N/A,5.00e-05,29345.37,894.50,934487,N/A,2025-09-24 12:16:50
283,7.734203,N/A,N/A,5.00e-05,29068.93,745.25,937468,N/A,2025-09-24 12:16:50
284,7.246915,N/A,N/A,5.00e-05,28562.55,847.75,940859,N/A,2025-09-24 12:16:50
285,7.902201,N/A,N/A,5.00e-05,29321.95,895.75,944442,N/A,2025-09-24 12:16:50
286,7.789032,N/A,N/A,5.00e-05,29965.25,1024.00,948538,N/A,2025-09-24 12:16:50
287,7.490124,N/A,N/A,5.00e-05,30209.17,943.00,952310,N/A,2025-09-24 12:16:50
288,7.220159,N/A,N/A,5.00e-05,29152.95,686.25,955055,N/A,2025-09-24 12:16:50
289,7.492796,N/A,N/A,5.00e-05,29634.55,867.50,958525,N/A,2025-09-24 12:16:50
290,7.251019,N/A,N/A,5.00e-05,29005.96,921.00,962209,1.0000,2025-09-24 12:16:51
291,7.548220,N/A,N/A,5.00e-05,29273.12,1005.50,966231,N/A,2025-09-24 12:16:51
292,7.572325,N/A,N/A,5.00e-05,29475.02,911.00,969875,N/A,2025-09-24 12:16:51
293,7.330317,N/A,N/A,5.00e-05,29897.58,731.50,972801,N/A,2025-09-24 12:16:51
294,7.331392,N/A,N/A,5.00e-05,28800.13,625.25,975302,N/A,2025-09-24 12:16:51
295,7.682957,N/A,N/A,5.00e-05,28997.79,979.00,979218,N/A,2025-09-24 12:16:51
296,7.546426,N/A,N/A,5.00e-05,27815.93,776.00,982322,N/A,2025-09-24 12:16:51
297,6.951369,N/A,N/A,5.00e-05,13093.05,756.25,985347,N/A,2025-09-24 12:16:53
298,7.072633,N/A,N/A,5.00e-05,13377.84,868.50,988821,N/A,2025-09-24 12:16:53
299,7.361594,N/A,N/A,5.00e-05,13477.32,823.50,992115,N/A,2025-09-24 12:16:53
300,7.466707,N/A,N/A,5.00e-05,11603.56,919.25,995792,1.0000,2025-09-24 12:16:54
301,7.550671,N/A,N/A,5.00e-05,11374.34,845.50,999174,N/A,2025-09-24 12:16:54
302,7.686301,N/A,N/A,5.00e-05,11468.23,952.50,1002984,N/A,2025-09-24 12:16:54
303,8.045621,N/A,N/A,5.00e-05,11606.65,798.00,1006176,N/A,2025-09-24 12:16:54
304,7.444212,N/A,N/A,5.00e-05,12060.55,941.75,1009943,N/A,2025-09-24 12:16:54
305,7.991255,N/A,N/A,5.00e-05,11658.85,641.25,1012508,N/A,2025-09-24 12:16:54
306,7.349826,N/A,N/A,5.00e-05,21490.83,778.00,1015620,N/A,2025-09-24 12:16:54
307,7.335786,N/A,N/A,5.00e-05,21824.28,807.00,1018848,N/A,2025-09-24 12:16:55
308,7.298234,N/A,N/A,5.00e-05,21856.74,855.25,1022269,N/A,2025-09-24 12:16:55
309,7.447452,N/A,N/A,5.00e-05,30246.00,926.00,1025973,N/A,2025-09-24 12:16:55
310,7.769023,N/A,N/A,5.00e-05,28457.98,739.00,1028929,1.0000,2025-09-24 12:16:55
311,7.212276,N/A,N/A,5.00e-05,28301.43,801.00,1032133,N/A,2025-09-24 12:16:55
312,7.936572,N/A,N/A,5.00e-05,27745.41,814.00,1035389,N/A,2025-09-24 12:16:55
313,7.127642,N/A,N/A,5.00e-05,27894.31,848.75,1038784,N/A,2025-09-24 12:16:55
314,7.503747,N/A,N/A,5.00e-05,27719.36,1024.00,1042880,N/A,2025-09-24 12:16:55
315,7.311239,N/A,N/A,5.00e-05,28288.81,823.00,1046172,N/A,2025-09-24 12:16:56
316,7.262526,N/A,N/A,5.00e-05,28638.82,971.25,1050057,N/A,2025-09-24 12:16:56
317,7.423726,N/A,N/A,5.00e-05,28276.17,704.25,1052874,N/A,2025-09-24 12:16:56
318,7.722566,N/A,N/A,5.00e-05,28119.84,776.50,1055980,N/A,2025-09-24 12:16:56
319,7.732168,N/A,N/A,5.00e-05,29378.84,959.50,1059818,N/A,2025-09-24 12:16:56
320,7.258332,N/A,N/A,5.00e-05,29296.97,968.25,1063691,1.0000,2025-09-24 12:16:56
321,7.707994,N/A,N/A,5.00e-05,29610.32,854.00,1067107,N/A,2025-09-24 12:16:56
322,7.339051,N/A,N/A,5.00e-05,29297.51,725.00,1070007,N/A,2025-09-24 12:16:57
323,7.477986,N/A,N/A,5.00e-05,29625.86,817.75,1073278,N/A,2025-09-24 12:16:57
324,7.725457,N/A,N/A,5.00e-05,29267.43,914.00,1076934,N/A,2025-09-24 12:16:57
325,7.237703,N/A,N/A,5.00e-05,28901.64,694.75,1079713,N/A,2025-09-24 12:16:57
326,7.324424,N/A,N/A,5.00e-05,28643.96,960.50,1083555,N/A,2025-09-24 12:16:57
327,7.407407,N/A,N/A,5.00e-05,28512.20,718.25,1086428,N/A,2025-09-24 12:16:57
328,7.255843,N/A,N/A,5.00e-05,28609.84,793.50,1089602,N/A,2025-09-24 12:16:57
329,7.323315,N/A,N/A,5.00e-05,29282.99,905.75,1093225,N/A,2025-09-24 12:16:57
330,7.449712,N/A,N/A,5.00e-05,28061.04,961.50,1097071,1.0000,2025-09-24 12:16:58
331,7.304709,N/A,N/A,5.00e-05,27874.22,798.50,1100265,N/A,2025-09-24 12:16:58
332,6.989671,N/A,N/A,5.00e-05,28395.82,875.50,1103767,N/A,2025-09-24 12:16:58
333,7.595328,N/A,N/A,5.00e-05,28404.75,788.25,1106920,N/A,2025-09-24 12:16:58
334,7.222836,N/A,N/A,5.00e-05,28403.12,913.25,1110573,N/A,2025-09-24 12:16:58
335,7.306511,N/A,N/A,5.00e-05,28874.42,779.75,1113692,N/A,2025-09-24 12:16:58
336,7.552875,N/A,N/A,5.00e-05,28079.35,681.00,1116416,N/A,2025-09-24 12:16:58
337,7.436747,N/A,N/A,5.00e-05,27965.85,781.50,1119542,N/A,2025-09-24 12:16:58
338,7.204458,N/A,N/A,5.00e-05,27870.44,774.00,1122638,N/A,2025-09-24 12:16:59
339,7.420307,N/A,N/A,5.00e-05,28965.71,886.00,1126182,N/A,2025-09-24 12:16:59
340,7.449659,N/A,N/A,5.00e-05,27415.59,760.25,1129223,1.0000,2025-09-24 12:16:59
341,7.212947,N/A,N/A,5.00e-05,27122.26,704.25,1132040,N/A,2025-09-24 12:16:59
342,7.091622,N/A,N/A,5.00e-05,26855.75,804.00,1135256,N/A,2025-09-24 12:16:59
343,7.222831,N/A,N/A,5.00e-05,27084.55,799.25,1138453,N/A,2025-09-24 12:16:59
344,7.622961,N/A,N/A,5.00e-05,26695.04,767.75,1141524,N/A,2025-09-24 12:16:59
345,7.289507,N/A,N/A,5.00e-05,26597.55,745.75,1144507,N/A,2025-09-24 12:17:00
346,7.815694,N/A,N/A,5.00e-05,27533.92,878.50,1148021,N/A,2025-09-24 12:17:00
347,7.602771,N/A,N/A,5.00e-05,27982.58,902.75,1151632,N/A,2025-09-24 12:17:00
348,7.297116,N/A,N/A,5.00e-05,27182.80,782.00,1154760,N/A,2025-09-24 12:17:00
349,7.341762,N/A,N/A,5.00e-05,27447.77,715.50,1157622,N/A,2025-09-24 12:17:00
350,7.162090,N/A,N/A,5.00e-05,26950.41,943.00,1161394,1.0000,2025-09-24 12:17:00
351,7.644665,N/A,N/A,5.00e-05,27373.96,858.75,1164829,N/A,2025-09-24 12:17:00
352,7.347030,N/A,N/A,5.00e-05,27592.74,861.75,1168276,N/A,2025-09-24 12:17:00
353,7.484301,N/A,N/A,5.00e-05,27620.53,828.75,1171591,N/A,2025-09-24 12:17:01
354,7.583505,N/A,N/A,5.00e-05,28015.62,903.50,1175205,N/A,2025-09-24 12:17:01
355,7.271556,N/A,N/A,5.00e-05,28358.62,807.25,1178434,N/A,2025-09-24 12:17:01
356,7.142788,N/A,N/A,5.00e-05,28093.00,788.00,1181586,N/A,2025-09-24 12:17:01
357,7.394705,N/A,N/A,5.00e-05,28323.70,712.50,1184436,N/A,2025-09-24 12:17:01
358,7.852572,N/A,N/A,5.00e-05,28555.23,851.00,1187840,N/A,2025-09-24 12:17:01
359,7.205071,N/A,N/A,5.00e-05,30185.10,817.25,1191109,N/A,2025-09-24 12:17:01
360,7.184925,N/A,N/A,5.00e-05,28593.60,818.25,1194382,1.0000,2025-09-24 12:17:02
361,7.430109,N/A,N/A,5.00e-05,27236.32,807.25,1197611,N/A,2025-09-24 12:17:02
362,7.562099,N/A,N/A,5.00e-05,26384.95,607.00,1200039,N/A,2025-09-24 12:17:02
363,7.409382,N/A,N/A,5.00e-05,24306.46,621.00,1202523,N/A,2025-09-24 12:17:02
364,7.723335,N/A,N/A,5.00e-05,23745.62,741.75,1205490,N/A,2025-09-24 12:17:02
365,7.387647,N/A,N/A,5.00e-05,23754.49,875.00,1208990,N/A,2025-09-24 12:17:02
366,7.562866,N/A,N/A,5.00e-05,23778.42,808.75,1212225,N/A,2025-09-24 12:17:02
367,7.637469,N/A,N/A,5.00e-05,23167.83,792.25,1215394,N/A,2025-09-24 12:17:03
368,7.873651,N/A,N/A,5.00e-05,22431.08,758.00,1218426,N/A,2025-09-24 12:17:03
369,7.296099,N/A,N/A,5.00e-05,23126.29,784.50,1221564,N/A,2025-09-24 12:17:03
370,6.984968,N/A,N/A,5.00e-05,22931.46,678.25,1224277,1.0000,2025-09-24 12:17:03
371,7.410927,N/A,N/A,5.00e-05,22845.79,770.25,1227358,N/A,2025-09-24 12:17:03
372,7.456177,N/A,N/A,5.00e-05,24870.13,851.00,1230762,N/A,2025-09-24 12:17:03
373,6.929004,N/A,N/A,5.00e-05,25685.50,868.75,1234237,N/A,2025-09-24 12:17:03
374,7.297611,N/A,N/A,5.00e-05,26463.80,933.00,1237969,N/A,2025-09-24 12:17:03
375,7.335886,N/A,N/A,5.00e-05,26611.47,918.75,1241644,N/A,2025-09-24 12:17:04
376,7.306909,N/A,N/A,5.00e-05,27355.51,1009.00,1245680,N/A,2025-09-24 12:17:04
377,7.188350,N/A,N/A,5.00e-05,28055.42,808.00,1248912,N/A,2025-09-24 12:17:04
378,7.796943,N/A,N/A,5.00e-05,27886.36,752.00,1251920,N/A,2025-09-24 12:17:04
379,7.331632,N/A,N/A,5.00e-05,29369.48,958.75,1255755,N/A,2025-09-24 12:17:04
380,7.228214,N/A,N/A,5.00e-05,28524.68,725.00,1258655,1.0000,2025-09-24 12:17:04
381,7.342264,N/A,N/A,5.00e-05,29031.37,885.50,1262197,N/A,2025-09-24 12:17:04
382,7.054909,N/A,N/A,5.00e-05,29071.63,856.50,1265623,N/A,2025-09-24 12:17:05
383,7.236203,N/A,N/A,5.00e-05,29130.85,946.75,1269410,N/A,2025-09-24 12:17:05
384,7.169473,N/A,N/A,5.00e-05,28446.92,728.25,1272323,N/A,2025-09-24 12:17:05
385,7.235449,N/A,N/A,5.00e-05,29002.10,756.25,1275348,N/A,2025-09-24 12:17:05
386,7.549603,N/A,N/A,5.00e-05,27637.30,625.00,1277848,N/A,2025-09-24 12:17:05
387,7.307659,N/A,N/A,5.00e-05,28096.73,899.25,1281445,N/A,2025-09-24 12:17:05
388,7.365042,N/A,N/A,5.00e-05,28121.49,783.75,1284580,N/A,2025-09-24 12:17:05
389,7.165222,N/A,N/A,5.00e-05,28304.86,720.00,1287460,N/A,2025-09-24 12:17:05
390,7.474137,N/A,N/A,5.00e-05,27192.85,647.75,1290051,1.0000,2025-09-24 12:17:06
391,7.078885,N/A,N/A,5.00e-05,26817.28,779.25,1293168,N/A,2025-09-24 12:17:06
392,7.209783,N/A,N/A,5.00e-05,27309.19,936.25,1296913,N/A,2025-09-24 12:17:06
393,7.286551,N/A,N/A,5.00e-05,27418.33,974.50,1300811,N/A,2025-09-24 12:17:06
394,7.125400,N/A,N/A,5.00e-05,27791.36,923.50,1304505,N/A,2025-09-24 12:17:06
395,7.028913,N/A,N/A,5.00e-05,28043.72,825.50,1307807,N/A,2025-09-24 12:17:06
396,7.494474,N/A,N/A,5.00e-05,28507.59,781.75,1310934,N/A,2025-09-24 12:17:06
397,7.347809,N/A,N/A,5.00e-05,13519.06,844.25,1314311,N/A,2025-09-24 12:17:08
398,7.233280,N/A,N/A,5.00e-05,13626.68,846.25,1317696,N/A,2025-09-24 12:17:08
399,7.207248,N/A,N/A,5.00e-05,14019.78,851.00,1321100,N/A,2025-09-24 12:17:08
400,7.332066,N/A,N/A,5.00e-05,12139.15,683.25,1323833,1.0000,2025-09-24 12:17:08
401,7.500991,N/A,N/A,5.00e-05,12119.38,899.75,1327432,N/A,2025-09-24 12:17:09
402,7.408895,N/A,N/A,5.00e-05,12121.48,931.75,1331159,N/A,2025-09-24 12:17:09
403,7.332468,N/A,N/A,5.00e-05,11994.60,844.00,1334535,N/A,2025-09-24 12:17:09
404,7.405896,N/A,N/A,5.00e-05,11900.19,853.00,1337947,N/A,2025-09-24 12:17:09
405,7.059922,N/A,N/A,5.00e-05,11688.20,667.75,1340618,N/A,2025-09-24 12:17:09
406,7.329844,N/A,N/A,5.00e-05,20942.91,623.25,1343111,N/A,2025-09-24 12:17:09
407,7.384085,N/A,N/A,5.00e-05,21035.85,898.50,1346705,N/A,2025-09-24 12:17:09
408,7.211762,N/A,N/A,5.00e-05,20681.53,753.50,1349719,N/A,2025-09-24 12:17:10
409,7.311063,N/A,N/A,5.00e-05,26511.00,599.75,1352118,N/A,2025-09-24 12:17:10
410,7.274444,N/A,N/A,5.00e-05,26980.78,751.25,1355123,1.0000,2025-09-24 12:17:10
411,6.743538,N/A,N/A,5.00e-05,26531.58,770.50,1358205,N/A,2025-09-24 12:17:10
412,7.492867,N/A,N/A,5.00e-05,25649.46,673.75,1360900,N/A,2025-09-24 12:17:10
413,7.285813,N/A,N/A,5.00e-05,25614.93,892.25,1364469,N/A,2025-09-24 12:17:10
414,7.026633,N/A,N/A,5.00e-05,25420.58,780.25,1367590,N/A,2025-09-24 12:17:10
415,7.492151,N/A,N/A,5.00e-05,26508.63,970.00,1371470,N/A,2025-09-24 12:17:10
416,7.068963,N/A,N/A,5.00e-05,27374.12,890.00,1375030,N/A,2025-09-24 12:17:11
417,6.955610,N/A,N/A,5.00e-05,25851.16,686.25,1377775,N/A,2025-09-24 12:17:11
418,6.955350,N/A,N/A,5.00e-05,25591.65,657.75,1380406,N/A,2025-09-24 12:17:11
419,7.802701,N/A,N/A,5.00e-05,26798.20,781.50,1383532,N/A,2025-09-24 12:17:11
420,7.624093,N/A,N/A,5.00e-05,26092.70,825.25,1386833,1.0000,2025-09-24 12:17:11
421,6.724595,N/A,N/A,5.00e-05,25680.06,671.00,1389517,N/A,2025-09-24 12:17:11
422,7.236999,N/A,N/A,5.00e-05,25455.52,747.75,1392508,N/A,2025-09-24 12:17:11
423,7.398431,N/A,N/A,5.00e-05,25248.20,834.50,1395846,N/A,2025-09-24 12:17:12
424,7.237299,N/A,N/A,5.00e-05,25416.69,813.75,1399101,N/A,2025-09-24 12:17:12
425,7.472257,N/A,N/A,5.00e-05,25652.75,1024.00,1403197,N/A,2025-09-24 12:17:12
426,7.437811,N/A,N/A,5.00e-05,26151.31,728.75,1406112,N/A,2025-09-24 12:17:12
427,6.972162,N/A,N/A,5.00e-05,26245.74,765.25,1409173,N/A,2025-09-24 12:17:12
428,7.369139,N/A,N/A,5.00e-05,26904.20,804.75,1412392,N/A,2025-09-24 12:17:12
429,7.124600,N/A,N/A,5.00e-05,26938.42,771.25,1415477,N/A,2025-09-24 12:17:12
430,7.153747,N/A,N/A,5.00e-05,25442.31,779.50,1418595,1.0000,2025-09-24 12:17:13
431,7.262127,N/A,N/A,5.00e-05,27243.27,1024.00,1422691,N/A,2025-09-24 12:17:13
432,7.649899,N/A,N/A,5.00e-05,27865.94,946.25,1426476,N/A,2025-09-24 12:17:13
433,7.258183,N/A,N/A,5.00e-05,27057.89,773.00,1429568,N/A,2025-09-24 12:17:13
434,7.584441,N/A,N/A,5.00e-05,26428.39,614.50,1432026,N/A,2025-09-24 12:17:13
435,7.123533,N/A,N/A,5.00e-05,25883.82,893.25,1435599,N/A,2025-09-24 12:17:13
436,7.305531,N/A,N/A,5.00e-05,25973.61,723.75,1438494,N/A,2025-09-24 12:17:13
437,7.262341,N/A,N/A,5.00e-05,25643.12,844.25,1441871,N/A,2025-09-24 12:17:13
438,7.400457,N/A,N/A,5.00e-05,26976.33,991.00,1445835,N/A,2025-09-24 12:17:14
439,7.067389,N/A,N/A,5.00e-05,28195.90,687.25,1448584,N/A,2025-09-24 12:17:14
440,7.399462,N/A,N/A,5.00e-05,27966.01,1024.00,1452680,1.0000,2025-09-24 12:17:14
441,7.132078,N/A,N/A,5.00e-05,27045.17,742.00,1455648,N/A,2025-09-24 12:17:14
442,6.802772,N/A,N/A,5.00e-05,26402.89,815.25,1458909,N/A,2025-09-24 12:17:14
443,6.588273,N/A,N/A,5.00e-05,25875.94,632.25,1461438,N/A,2025-09-24 12:17:14
444,7.144939,N/A,N/A,5.00e-05,26722.14,850.75,1464841,N/A,2025-09-24 12:17:14
445,6.784673,N/A,N/A,5.00e-05,25670.10,933.50,1468575,N/A,2025-09-24 12:17:15
446,7.181165,N/A,N/A,5.00e-05,26663.41,1010.00,1472615,N/A,2025-09-24 12:17:15
447,7.499714,N/A,N/A,5.00e-05,26399.50,787.00,1475763,N/A,2025-09-24 12:17:15
448,7.354264,N/A,N/A,5.00e-05,25453.78,728.75,1478678,N/A,2025-09-24 12:17:15
449,7.271154,N/A,N/A,5.00e-05,26450.46,734.25,1481615,N/A,2025-09-24 12:17:15
450,7.102201,N/A,N/A,5.00e-05,25372.54,900.00,1485215,1.0000,2025-09-24 12:17:15
451,7.727070,N/A,N/A,5.00e-05,25259.01,704.50,1488033,N/A,2025-09-24 12:17:15
452,6.821546,N/A,N/A,5.00e-05,25153.31,791.00,1491197,N/A,2025-09-24 12:17:16
453,7.150368,N/A,N/A,5.00e-05,25450.38,714.75,1494056,N/A,2025-09-24 12:17:16
454,7.274574,N/A,N/A,5.00e-05,26884.02,904.00,1497672,N/A,2025-09-24 12:17:16
455,7.034148,N/A,N/A,5.00e-05,26872.09,783.25,1500805,N/A,2025-09-24 12:17:16
456,7.059479,N/A,N/A,5.00e-05,26127.75,732.75,1503736,N/A,2025-09-24 12:17:16
457,7.308862,N/A,N/A,5.00e-05,26168.19,758.25,1506769,N/A,2025-09-24 12:17:16
458,7.565509,N/A,N/A,5.00e-05,26045.61,672.50,1509459,N/A,2025-09-24 12:17:16
459,7.510118,N/A,N/A,5.00e-05,27448.18,919.75,1513138,N/A,2025-09-24 12:17:16
460,7.441609,N/A,N/A,5.00e-05,27342.51,868.25,1516611,1.0000,2025-09-24 12:17:17
461,7.011086,N/A,N/A,5.00e-05,26345.35,784.50,1519749,N/A,2025-09-24 12:17:17
462,7.321733,N/A,N/A,5.00e-05,25765.38,635.00,1522289,N/A,2025-09-24 12:17:17
463,7.187698,N/A,N/A,5.00e-05,25969.96,851.75,1525696,N/A,2025-09-24 12:17:17
464,7.181938,N/A,N/A,5.00e-05,25277.24,737.25,1528645,N/A,2025-09-24 12:17:17
465,6.538259,N/A,N/A,5.00e-05,25557.25,875.25,1532146,N/A,2025-09-24 12:17:17
466,7.096857,N/A,N/A,5.00e-05,25096.58,728.00,1535058,N/A,2025-09-24 12:17:17
467,7.135656,N/A,N/A,5.00e-05,25255.41,799.25,1538255,N/A,2025-09-24 12:17:18
468,7.064454,N/A,N/A,5.00e-05,25302.41,680.00,1540975,N/A,2025-09-24 12:17:18
469,6.961152,N/A,N/A,5.00e-05,25541.86,771.25,1544060,N/A,2025-09-24 12:17:18
470,7.463789,N/A,N/A,5.00e-05,25751.47,758.75,1547095,1.0000,2025-09-24 12:17:18
471,7.286399,N/A,N/A,5.00e-05,25592.15,865.75,1550558,N/A,2025-09-24 12:17:18
472,7.246760,N/A,N/A,5.00e-05,26427.78,809.25,1553795,N/A,2025-09-24 12:17:18
473,7.543444,N/A,N/A,5.00e-05,25643.07,698.25,1556588,N/A,2025-09-24 12:17:18
474,7.417300,N/A,N/A,5.00e-05,25855.31,794.75,1559767,N/A,2025-09-24 12:17:18
475,7.075105,N/A,N/A,5.00e-05,25710.22,777.25,1562876,N/A,2025-09-24 12:17:19
476,7.178239,N/A,N/A,5.00e-05,26121.76,991.25,1566841,N/A,2025-09-24 12:17:19
477,7.240528,N/A,N/A,5.00e-05,26490.26,904.25,1570458,N/A,2025-09-24 12:17:19
478,7.205896,N/A,N/A,5.00e-05,26176.64,646.75,1573045,N/A,2025-09-24 12:17:19
479,7.110163,N/A,N/A,5.00e-05,27614.42,983.50,1576979,N/A,2025-09-24 12:17:19
480,6.925834,N/A,N/A,5.00e-05,26341.81,597.25,1579368,1.0000,2025-09-24 12:17:19
481,7.223542,N/A,N/A,5.00e-05,25928.77,810.25,1582609,N/A,2025-09-24 12:17:19
482,7.224222,N/A,N/A,5.00e-05,25962.21,676.00,1585313,N/A,2025-09-24 12:17:20
483,7.408956,N/A,N/A,5.00e-05,26573.19,879.50,1588831,N/A,2025-09-24 12:17:20
484,7.228463,N/A,N/A,5.00e-05,26844.35,791.50,1591997,N/A,2025-09-24 12:17:20
485,6.753885,N/A,N/A,5.00e-05,27138.02,793.75,1595172,N/A,2025-09-24 12:17:20
486,6.928166,N/A,N/A,5.00e-05,26725.52,887.25,1598721,N/A,2025-09-24 12:17:20
487,7.039211,N/A,N/A,5.00e-05,26948.28,959.75,1602560,N/A,2025-09-24 12:17:20
488,7.853246,N/A,N/A,5.00e-05,27134.16,694.50,1605338,N/A,2025-09-24 12:17:20
489,7.112585,N/A,N/A,5.00e-05,28137.87,905.25,1608959,N/A,2025-09-24 12:17:20
490,7.435853,N/A,N/A,5.00e-05,28995.46,1024.00,1613055,1.0000,2025-09-24 12:17:21
491,7.017303,N/A,N/A,5.00e-05,28579.34,682.25,1615784,N/A,2025-09-24 12:17:21
492,6.791984,N/A,N/A,5.00e-05,29286.50,976.25,1619689,N/A,2025-09-24 12:17:21
493,7.306080,N/A,N/A,5.00e-05,29469.75,930.75,1623412,N/A,2025-09-24 12:17:21
494,7.331132,N/A,N/A,5.00e-05,29846.35,839.00,1626768,N/A,2025-09-24 12:17:21
495,7.211031,N/A,N/A,5.00e-05,30534.85,970.25,1630649,N/A,2025-09-24 12:17:21
496,7.162440,N/A,N/A,5.00e-05,30678.88,879.00,1634165,N/A,2025-09-24 12:17:21
497,7.208783,N/A,N/A,5.00e-05,14256.17,874.50,1637663,N/A,2025-09-24 12:17:23
498,7.446120,N/A,N/A,5.00e-05,14442.00,845.75,1641046,N/A,2025-09-24 12:17:23
499,7.278598,N/A,N/A,5.00e-05,14149.80,611.00,1643490,N/A,2025-09-24 12:17:23
500,7.349954,N/A,N/A,5.00e-05,11720.04,691.00,1646254,1.0000,2025-09-24 12:17:24
501,7.188618,N/A,N/A,5.00e-05,12255.61,1024.00,1650350,N/A,2025-09-24 12:17:24
502,7.103304,N/A,N/A,5.00e-05,11971.61,786.00,1653494,N/A,2025-09-24 12:17:24
503,7.181510,N/A,N/A,5.00e-05,11924.74,903.00,1657106,N/A,2025-09-24 12:17:24
504,7.163398,N/A,N/A,5.00e-05,11743.84,705.75,1659929,N/A,2025-09-24 12:17:24
505,7.338953,N/A,N/A,5.00e-05,11496.85,834.75,1663268,N/A,2025-09-24 12:17:24
506,7.263353,N/A,N/A,5.00e-05,21588.55,1000.25,1667269,N/A,2025-09-24 12:17:24
507,6.973303,N/A,N/A,5.00e-05,21570.81,816.50,1670535,N/A,2025-09-24 12:17:24
508,7.362828,N/A,N/A,5.00e-05,21551.41,962.25,1674384,N/A,2025-09-24 12:17:25
509,7.241726,N/A,N/A,5.00e-05,29920.75,1010.00,1678424,N/A,2025-09-24 12:17:25
510,7.032083,N/A,N/A,5.00e-05,28887.14,732.00,1681352,1.0000,2025-09-24 12:17:25
511,6.823164,N/A,N/A,5.00e-05,27818.74,674.50,1684050,N/A,2025-09-24 12:17:25
512,7.216039,N/A,N/A,5.00e-05,28275.79,917.75,1687721,N/A,2025-09-24 12:17:25
513,7.065227,N/A,N/A,5.00e-05,26296.55,731.25,1690646,N/A,2025-09-24 12:17:25
514,7.182406,N/A,N/A,5.00e-05,26623.88,707.75,1693477,N/A,2025-09-24 12:17:25
515,7.457749,N/A,N/A,5.00e-05,26926.17,905.50,1697099,N/A,2025-09-24 12:17:26
516,7.240674,N/A,N/A,5.00e-05,26567.74,955.50,1700921,N/A,2025-09-24 12:17:26
517,7.142688,N/A,N/A,5.00e-05,26887.14,828.50,1704235,N/A,2025-09-24 12:17:26
518,6.974952,N/A,N/A,5.00e-05,26014.16,681.75,1706962,N/A,2025-09-24 12:17:26
519,7.034793,N/A,N/A,5.00e-05,25884.51,767.00,1710030,N/A,2025-09-24 12:17:26
520,7.007744,N/A,N/A,5.00e-05,24664.22,933.00,1713762,1.0000,2025-09-24 12:17:26
521,7.235901,N/A,N/A,5.00e-05,25058.46,800.50,1716964,N/A,2025-09-24 12:17:26
522,7.571510,N/A,N/A,5.00e-05,26405.43,969.50,1720842,N/A,2025-09-24 12:17:27
523,7.190058,N/A,N/A,5.00e-05,26596.21,822.25,1724131,N/A,2025-09-24 12:17:27
524,6.873087,N/A,N/A,5.00e-05,26464.30,674.25,1726828,N/A,2025-09-24 12:17:27
525,7.048910,N/A,N/A,5.00e-05,25920.82,660.25,1729469,N/A,2025-09-24 12:17:27
526,7.124567,N/A,N/A,5.00e-05,25745.64,820.25,1732750,N/A,2025-09-24 12:17:27
527,7.148066,N/A,N/A,5.00e-05,25953.66,829.00,1736066,N/A,2025-09-24 12:17:27
528,7.186645,N/A,N/A,5.00e-05,26266.22,690.00,1738826,N/A,2025-09-24 12:17:27
529,7.335987,N/A,N/A,5.00e-05,28245.03,782.25,1741955,N/A,2025-09-24 12:17:27
530,7.345542,N/A,N/A,5.00e-05,27271.73,892.50,1745525,1.0000,2025-09-24 12:17:28
531,6.988585,N/A,N/A,5.00e-05,27565.71,868.50,1748999,N/A,2025-09-24 12:17:28
532,7.259660,N/A,N/A,5.00e-05,26959.98,777.25,1752108,N/A,2025-09-24 12:17:28
533,7.105398,N/A,N/A,5.00e-05,27035.31,853.75,1755523,N/A,2025-09-24 12:17:28
534,7.124025,N/A,N/A,5.00e-05,27056.00,672.25,1758212,N/A,2025-09-24 12:17:28
535,7.012033,N/A,N/A,5.00e-05,26948.55,622.50,1760702,N/A,2025-09-24 12:17:28
536,7.133936,N/A,N/A,5.00e-05,27165.99,904.00,1764318,N/A,2025-09-24 12:17:28
537,7.122896,N/A,N/A,5.00e-05,26220.02,631.50,1766844,N/A,2025-09-24 12:17:29
538,7.268775,N/A,N/A,5.00e-05,26301.67,647.25,1769433,N/A,2025-09-24 12:17:29
539,7.327312,N/A,N/A,5.00e-05,27203.07,801.25,1772638,N/A,2025-09-24 12:17:29
540,7.476546,N/A,N/A,5.00e-05,26697.53,1024.00,1776734,1.0000,2025-09-24 12:17:29
541,6.746781,N/A,N/A,5.00e-05,26183.53,712.25,1779583,N/A,2025-09-24 12:17:29
542,7.401508,N/A,N/A,5.00e-05,26528.23,885.00,1783123,N/A,2025-09-24 12:17:29
543,7.349774,N/A,N/A,5.00e-05,26491.28,935.25,1786864,N/A,2025-09-24 12:17:29
544,7.277959,N/A,N/A,5.00e-05,26207.86,646.25,1789449,N/A,2025-09-24 12:17:29
545,7.452699,N/A,N/A,5.00e-05,25779.50,706.50,1792275,N/A,2025-09-24 12:17:30
546,6.858438,N/A,N/A,5.00e-05,25656.25,826.25,1795580,N/A,2025-09-24 12:17:30
547,7.135165,N/A,N/A,5.00e-05,26597.94,920.00,1799260,N/A,2025-09-24 12:17:30
548,6.875553,N/A,N/A,5.00e-05,27405.99,950.75,1803063,N/A,2025-09-24 12:17:30
549,7.012211,N/A,N/A,5.00e-05,27651.91,598.75,1805458,N/A,2025-09-24 12:17:30
550,6.906621,N/A,N/A,5.00e-05,25839.46,721.50,1808344,1.0000,2025-09-24 12:17:30
551,7.018419,N/A,N/A,5.00e-05,25661.07,763.75,1811399,N/A,2025-09-24 12:17:30
552,7.128719,N/A,N/A,5.00e-05,25940.89,887.00,1814947,N/A,2025-09-24 12:17:31
553,7.159343,N/A,N/A,5.00e-05,25818.37,849.75,1818346,N/A,2025-09-24 12:17:31
554,7.117494,N/A,N/A,5.00e-05,27003.99,748.75,1821341,N/A,2025-09-24 12:17:31
555,7.400161,N/A,N/A,5.00e-05,27245.13,719.50,1824219,N/A,2025-09-24 12:17:31
556,6.580972,N/A,N/A,5.00e-05,27052.06,768.25,1827292,N/A,2025-09-24 12:17:31
557,6.658266,N/A,N/A,5.00e-05,27486.01,986.75,1831239,N/A,2025-09-24 12:17:31
558,7.334475,N/A,N/A,5.00e-05,26356.82,619.50,1833717,N/A,2025-09-24 12:17:31
559,7.116120,N/A,N/A,5.00e-05,28445.89,963.00,1837569,N/A,2025-09-24 12:17:31
560,7.224813,N/A,N/A,5.00e-05,28325.56,820.50,1840851,1.0000,2025-09-24 12:17:32
561,7.469710,N/A,N/A,5.00e-05,27032.78,651.00,1843455,N/A,2025-09-24 12:17:32
562,7.080989,N/A,N/A,5.00e-05,26993.84,868.00,1846927,N/A,2025-09-24 12:17:32
563,7.111410,N/A,N/A,5.00e-05,27419.23,1000.50,1850929,N/A,2025-09-24 12:17:32
564,6.792712,N/A,N/A,5.00e-05,27491.50,804.50,1854147,N/A,2025-09-24 12:17:32
565,7.141336,N/A,N/A,5.00e-05,27580.93,861.25,1857592,N/A,2025-09-24 12:17:32
566,7.045945,N/A,N/A,5.00e-05,27701.30,817.75,1860863,N/A,2025-09-24 12:17:32
567,6.767665,N/A,N/A,5.00e-05,27691.48,976.00,1864767,N/A,2025-09-24 12:17:32
568,7.230709,N/A,N/A,5.00e-05,28444.60,806.50,1867993,N/A,2025-09-24 12:17:33
569,7.215815,N/A,N/A,5.00e-05,28700.58,786.25,1871138,N/A,2025-09-24 12:17:33
570,7.063507,N/A,N/A,5.00e-05,28524.71,823.25,1874431,1.0000,2025-09-24 12:17:33
571,6.962792,N/A,N/A,5.00e-05,28924.56,847.75,1877822,N/A,2025-09-24 12:17:33
572,7.090560,N/A,N/A,5.00e-05,28166.86,799.00,1881018,N/A,2025-09-24 12:17:33
573,7.418118,N/A,N/A,5.00e-05,27734.24,866.00,1884482,N/A,2025-09-24 12:17:33
574,7.678546,N/A,N/A,5.00e-05,28186.18,831.50,1887808,N/A,2025-09-24 12:17:33
575,7.152543,N/A,N/A,5.00e-05,28767.69,1023.00,1891900,N/A,2025-09-24 12:17:34
576,7.016755,N/A,N/A,5.00e-05,28805.20,847.25,1895289,N/A,2025-09-24 12:17:34
577,6.732107,N/A,N/A,5.00e-05,27797.10,687.00,1898037,N/A,2025-09-24 12:17:34
578,6.815606,N/A,N/A,5.00e-05,28223.47,922.25,1901726,N/A,2025-09-24 12:17:34
579,6.976659,N/A,N/A,5.00e-05,30080.06,997.50,1905716,N/A,2025-09-24 12:17:34
580,6.923792,N/A,N/A,5.00e-05,29250.84,753.25,1908729,1.0000,2025-09-24 12:17:34
581,7.258959,N/A,N/A,5.00e-05,29436.16,747.25,1911718,N/A,2025-09-24 12:17:34
582,6.958354,N/A,N/A,5.00e-05,29071.00,932.75,1915449,N/A,2025-09-24 12:17:34
583,7.106411,N/A,N/A,5.00e-05,28735.47,770.50,1918531,N/A,2025-09-24 12:17:35
584,6.964961,N/A,N/A,5.00e-05,28291.95,761.75,1921578,N/A,2025-09-24 12:17:35
585,7.203926,N/A,N/A,5.00e-05,27094.18,685.25,1924319,N/A,2025-09-24 12:17:35
586,6.949832,N/A,N/A,5.00e-05,26328.51,870.50,1927801,N/A,2025-09-24 12:17:35
587,7.086844,N/A,N/A,5.00e-05,26431.28,768.50,1930875,N/A,2025-09-24 12:17:35
588,7.461745,N/A,N/A,5.00e-05,25363.82,597.25,1933264,N/A,2025-09-24 12:17:35
589,7.745569,N/A,N/A,5.00e-05,25945.17,952.75,1937075,N/A,2025-09-24 12:17:35
590,7.335950,N/A,N/A,5.00e-05,24928.48,753.00,1940087,1.0000,2025-09-24 12:17:36
591,7.164000,N/A,N/A,5.00e-05,25830.87,886.75,1943634,N/A,2025-09-24 12:17:36
592,7.015731,N/A,N/A,5.00e-05,26035.78,990.00,1947594,N/A,2025-09-24 12:17:36
593,6.981549,N/A,N/A,5.00e-05,26640.49,908.00,1951226,N/A,2025-09-24 12:17:36
594,7.071121,N/A,N/A,5.00e-05,26679.97,752.00,1954234,N/A,2025-09-24 12:17:36
595,7.134522,N/A,N/A,5.00e-05,27028.43,677.00,1956942,N/A,2025-09-24 12:17:36
596,7.002910,N/A,N/A,5.00e-05,27257.64,891.50,1960508,N/A,2025-09-24 12:17:36
597,7.274005,N/A,N/A,5.00e-05,13461.87,970.75,1964391,N/A,2025-09-24 12:17:38
598,6.798586,N/A,N/A,5.00e-05,13705.64,826.00,1967695,N/A,2025-09-24 12:17:38
599,7.261414,N/A,N/A,5.00e-05,13502.97,702.00,1970503,N/A,2025-09-24 12:17:38
600,6.810721,N/A,N/A,5.00e-05,11679.24,812.25,1973752,1.0000,2025-09-24 12:17:39
601,7.019856,N/A,N/A,5.00e-05,11624.48,849.50,1977150,N/A,2025-09-24 12:17:39
602,7.117042,N/A,N/A,5.00e-05,11324.02,769.50,1980228,N/A,2025-09-24 12:17:39
603,7.083685,N/A,N/A,5.00e-05,11067.43,723.00,1983120,N/A,2025-09-24 12:17:39
604,7.040924,N/A,N/A,5.00e-05,11173.61,769.50,1986198,N/A,2025-09-24 12:17:39
605,7.050577,N/A,N/A,5.00e-05,11377.06,842.75,1989569,N/A,2025-09-24 12:17:39
606,6.888189,N/A,N/A,5.00e-05,20917.67,990.50,1993531,N/A,2025-09-24 12:17:39
607,7.189980,N/A,N/A,5.00e-05,20897.20,839.50,1996889,N/A,2025-09-24 12:17:39
608,7.107124,N/A,N/A,5.00e-05,20576.14,853.75,2000304,N/A,2025-09-24 12:17:40
609,6.992561,N/A,N/A,5.00e-05,28156.99,778.25,2003417,N/A,2025-09-24 12:17:40
610,7.081378,N/A,N/A,5.00e-05,27391.36,903.50,2007031,1.0000,2025-09-24 12:17:40
611,7.383269,N/A,N/A,5.00e-05,25786.93,738.25,2009984,N/A,2025-09-24 12:17:40
612,6.786533,N/A,N/A,5.00e-05,24916.61,793.50,2013158,N/A,2025-09-24 12:17:40
613,7.489720,N/A,N/A,5.00e-05,25361.04,1012.00,2017206,N/A,2025-09-24 12:17:40
614,7.075248,N/A,N/A,5.00e-05,25456.48,779.25,2020323,N/A,2025-09-24 12:17:41
615,6.960483,N/A,N/A,5.00e-05,24874.72,695.25,2023104,N/A,2025-09-24 12:17:41
616,7.011378,N/A,N/A,5.00e-05,24110.58,734.50,2026042,N/A,2025-09-24 12:17:41
617,6.875144,N/A,N/A,5.00e-05,24848.35,826.00,2029346,N/A,2025-09-24 12:17:41
618,7.184373,N/A,N/A,5.00e-05,24955.90,850.75,2032749,N/A,2025-09-24 12:17:41
619,6.836990,N/A,N/A,5.00e-05,26264.60,882.75,2036280,N/A,2025-09-24 12:17:41
620,7.051236,N/A,N/A,5.00e-05,26298.39,785.75,2039423,1.0000,2025-09-24 12:17:41
621,6.655751,N/A,N/A,5.00e-05,27230.74,761.00,2042467,N/A,2025-09-24 12:17:41
622,7.191367,N/A,N/A,5.00e-05,27126.09,633.25,2045000,N/A,2025-09-24 12:17:42
623,7.060700,N/A,N/A,5.00e-05,26799.30,884.00,2048536,N/A,2025-09-24 12:17:42
624,7.074648,N/A,N/A,5.00e-05,27020.27,785.25,2051677,N/A,2025-09-24 12:17:42
625,7.074137,N/A,N/A,5.00e-05,25922.15,779.25,2054794,N/A,2025-09-24 12:17:42
626,7.123223,N/A,N/A,5.00e-05,26394.48,861.00,2058238,N/A,2025-09-24 12:17:42
627,6.847184,N/A,N/A,5.00e-05,25892.78,673.00,2060930,N/A,2025-09-24 12:17:42
628,7.051766,N/A,N/A,5.00e-05,25468.36,865.25,2064391,N/A,2025-09-24 12:17:42
629,7.256081,N/A,N/A,5.00e-05,26132.07,852.25,2067800,N/A,2025-09-24 12:17:43
630,7.177310,N/A,N/A,5.00e-05,25147.10,654.75,2070419,1.0000,2025-09-24 12:17:43
631,7.249931,N/A,N/A,5.00e-05,25885.38,968.75,2074294,N/A,2025-09-24 12:17:43
632,6.605780,N/A,N/A,5.00e-05,26131.65,903.75,2077909,N/A,2025-09-24 12:17:43
633,6.956198,N/A,N/A,5.00e-05,24485.79,763.75,2080964,N/A,2025-09-24 12:17:43
634,7.032667,N/A,N/A,5.00e-05,25748.62,827.75,2084275,N/A,2025-09-24 12:17:43
635,6.754180,N/A,N/A,5.00e-05,26183.98,929.75,2087994,N/A,2025-09-24 12:17:43
636,7.267738,N/A,N/A,5.00e-05,25902.15,804.75,2091213,N/A,2025-09-24 12:17:44
637,7.210426,N/A,N/A,5.00e-05,26365.54,706.50,2094039,N/A,2025-09-24 12:17:44
638,7.197982,N/A,N/A,5.00e-05,26170.83,784.25,2097176,N/A,2025-09-24 12:17:44
639,7.238485,N/A,N/A,5.00e-05,26068.37,987.25,2101125,N/A,2025-09-24 12:17:44
640,6.692922,N/A,N/A,5.00e-05,26290.94,962.75,2104976,1.0000,2025-09-24 12:17:44
641,7.091921,N/A,N/A,5.00e-05,27046.03,1024.00,2109072,N/A,2025-09-24 12:17:44
642,7.266195,N/A,N/A,5.00e-05,28029.37,788.50,2112226,N/A,2025-09-24 12:17:44
643,7.437074,N/A,N/A,5.00e-05,28844.54,993.25,2116199,N/A,2025-09-24 12:17:45
644,7.470115,N/A,N/A,5.00e-05,28694.01,813.50,2119453,N/A,2025-09-24 12:17:45
645,7.154755,N/A,N/A,5.00e-05,28504.82,918.25,2123126,N/A,2025-09-24 12:17:45
646,7.088245,N/A,N/A,5.00e-05,28494.97,762.25,2126175,N/A,2025-09-24 12:17:45
647,7.196832,N/A,N/A,5.00e-05,28454.05,741.25,2129140,N/A,2025-09-24 12:17:45
648,6.997602,N/A,N/A,5.00e-05,29831.77,775.25,2132241,N/A,2025-09-24 12:17:45
649,6.577983,N/A,N/A,5.00e-05,30406.16,890.75,2135804,N/A,2025-09-24 12:17:45
650,7.029080,N/A,N/A,5.00e-05,29356.90,927.75,2139515,1.0000,2025-09-24 12:17:45
651,7.048764,N/A,N/A,5.00e-05,28304.81,672.50,2142205,N/A,2025-09-24 12:17:46
652,6.918838,N/A,N/A,5.00e-05,28583.84,989.25,2146162,N/A,2025-09-24 12:17:46
653,7.370420,N/A,N/A,5.00e-05,26414.17,710.50,2149004,N/A,2025-09-24 12:17:46
654,7.542211,N/A,N/A,5.00e-05,25254.18,563.50,2151258,N/A,2025-09-24 12:17:46
655,6.838161,N/A,N/A,5.00e-05,24791.00,781.00,2154382,N/A,2025-09-24 12:17:46
656,6.975146,N/A,N/A,5.00e-05,25207.82,848.25,2157775,N/A,2025-09-24 12:17:46
657,6.843656,N/A,N/A,5.00e-05,25264.16,718.75,2160650,N/A,2025-09-24 12:17:46
658,7.090726,N/A,N/A,5.00e-05,25620.51,906.25,2164275,N/A,2025-09-24 12:17:47
659,7.113266,N/A,N/A,5.00e-05,26058.86,780.25,2167396,N/A,2025-09-24 12:17:47
660,7.619517,N/A,N/A,5.00e-05,25043.08,860.75,2170839,1.0000,2025-09-24 12:17:47
661,7.154712,N/A,N/A,5.00e-05,25502.39,702.25,2173648,N/A,2025-09-24 12:17:47
662,7.244420,N/A,N/A,5.00e-05,26117.77,854.25,2177065,N/A,2025-09-24 12:17:47
663,7.080636,N/A,N/A,5.00e-05,27202.36,920.50,2180747,N/A,2025-09-24 12:17:47
664,6.961728,N/A,N/A,5.00e-05,28048.76,878.25,2184260,N/A,2025-09-24 12:17:47
665,6.886528,N/A,N/A,5.00e-05,28256.90,857.50,2187690,N/A,2025-09-24 12:17:47
666,7.348624,N/A,N/A,5.00e-05,27698.86,698.00,2190482,N/A,2025-09-24 12:17:48
667,7.205260,N/A,N/A,5.00e-05,28755.56,996.50,2194468,N/A,2025-09-24 12:17:48
668,7.132756,N/A,N/A,5.00e-05,27725.16,601.25,2196873,N/A,2025-09-24 12:17:48
669,7.144948,N/A,N/A,5.00e-05,27735.61,791.00,2200037,N/A,2025-09-24 12:17:48
670,6.944024,N/A,N/A,5.00e-05,26020.50,584.50,2202375,1.0000,2025-09-24 12:17:48
671,7.040215,N/A,N/A,5.00e-05,25551.84,771.25,2205460,N/A,2025-09-24 12:17:48
672,6.882678,N/A,N/A,5.00e-05,25676.49,825.75,2208763,N/A,2025-09-24 12:17:48
673,7.073102,N/A,N/A,5.00e-05,25560.90,832.00,2212091,N/A,2025-09-24 12:17:49
674,7.218561,N/A,N/A,5.00e-05,25012.64,714.50,2214949,N/A,2025-09-24 12:17:49
675,7.235857,N/A,N/A,5.00e-05,24604.13,855.00,2218369,N/A,2025-09-24 12:17:49
676,6.895941,N/A,N/A,5.00e-05,24720.33,819.00,2221645,N/A,2025-09-24 12:17:49
677,7.073749,N/A,N/A,5.00e-05,23903.27,811.25,2224890,N/A,2025-09-24 12:17:49
678,7.043552,N/A,N/A,5.00e-05,25881.61,984.25,2228827,N/A,2025-09-24 12:17:49
679,6.948915,N/A,N/A,5.00e-05,26535.97,773.00,2231919,N/A,2025-09-24 12:17:49
680,6.789720,N/A,N/A,5.00e-05,27472.76,844.00,2235295,1.0000,2025-09-24 12:17:50
681,6.977729,N/A,N/A,5.00e-05,27646.51,804.00,2238511,N/A,2025-09-24 12:17:50
682,6.955019,N/A,N/A,5.00e-05,25758.31,625.75,2241014,N/A,2025-09-24 12:17:50
683,6.676503,N/A,N/A,5.00e-05,25495.06,819.50,2244292,N/A,2025-09-24 12:17:50
684,7.066730,N/A,N/A,5.00e-05,26939.24,1024.00,2248388,N/A,2025-09-24 12:17:50
685,7.258018,N/A,N/A,5.00e-05,26858.19,740.75,2251351,N/A,2025-09-24 12:17:50
686,7.047695,N/A,N/A,5.00e-05,26399.92,642.00,2253919,N/A,2025-09-24 12:17:50
687,6.805411,N/A,N/A,5.00e-05,26355.01,808.75,2257154,N/A,2025-09-24 12:17:50
688,6.869763,N/A,N/A,5.00e-05,25813.28,816.25,2260419,N/A,2025-09-24 12:17:51
689,6.829751,N/A,N/A,5.00e-05,27216.98,951.75,2264226,N/A,2025-09-24 12:17:51
690,7.024415,N/A,N/A,5.00e-05,26259.95,777.75,2267337,1.0000,2025-09-24 12:17:51
691,6.973023,N/A,N/A,5.00e-05,27587.73,814.25,2270594,N/A,2025-09-24 12:17:51
692,8.104795,N/A,N/A,5.00e-05,28751.96,880.00,2274114,N/A,2025-09-24 12:17:51
693,7.093753,N/A,N/A,5.00e-05,29403.41,1020.50,2278196,N/A,2025-09-24 12:17:51
694,6.891993,N/A,N/A,5.00e-05,28420.59,749.50,2281194,N/A,2025-09-24 12:17:51
695,7.070345,N/A,N/A,5.00e-05,28327.34,727.25,2284103,N/A,2025-09-24 12:17:51
696,7.193748,N/A,N/A,5.00e-05,29180.76,906.25,2287728,N/A,2025-09-24 12:17:52
697,7.290476,N/A,N/A,5.00e-05,13955.45,933.50,2291462,N/A,2025-09-24 12:17:53
698,7.229134,N/A,N/A,5.00e-05,14185.33,939.25,2295219,N/A,2025-09-24 12:17:53
699,6.784078,N/A,N/A,5.00e-05,14200.37,851.25,2298624,N/A,2025-09-24 12:17:53
700,7.158465,N/A,N/A,5.00e-05,12093.95,806.00,2301848,1.0000,2025-09-24 12:17:54
701,6.887722,N/A,N/A,5.00e-05,12069.61,791.75,2305015,N/A,2025-09-24 12:17:54
702,7.207281,N/A,N/A,5.00e-05,11938.41,788.75,2308170,N/A,2025-09-24 12:17:54
703,6.788201,N/A,N/A,5.00e-05,11595.13,781.50,2311296,N/A,2025-09-24 12:17:54
704,6.595119,N/A,N/A,5.00e-05,11696.36,808.25,2314529,N/A,2025-09-24 12:17:54
705,7.061953,N/A,N/A,5.00e-05,11797.93,791.75,2317696,N/A,2025-09-24 12:17:54
706,7.187732,N/A,N/A,5.00e-05,21586.00,854.75,2321115,N/A,2025-09-24 12:17:55
707,7.097058,N/A,N/A,5.00e-05,21462.77,882.50,2324645,N/A,2025-09-24 12:17:55
708,6.881266,N/A,N/A,5.00e-05,21530.51,958.75,2328480,N/A,2025-09-24 12:17:55
709,7.175220,N/A,N/A,5.00e-05,29267.54,730.25,2331401,N/A,2025-09-24 12:17:55
710,6.936446,N/A,N/A,5.00e-05,28682.95,887.75,2334952,1.0000,2025-09-24 12:17:55
711,7.046601,N/A,N/A,5.00e-05,28244.79,655.75,2337575,N/A,2025-09-24 12:17:55
712,6.604325,N/A,N/A,5.00e-05,28936.37,985.00,2341515,N/A,2025-09-24 12:17:55
713,6.738709,N/A,N/A,5.00e-05,29458.98,919.25,2345192,N/A,2025-09-24 12:17:55
714,7.129508,N/A,N/A,5.00e-05,29522.97,799.25,2348389,N/A,2025-09-24 12:17:56
715,6.972931,N/A,N/A,5.00e-05,29510.96,785.00,2351529,N/A,2025-09-24 12:17:56
716,6.823397,N/A,N/A,5.00e-05,29831.96,948.50,2355323,N/A,2025-09-24 12:17:56
717,6.765741,N/A,N/A,5.00e-05,29670.64,873.75,2358818,N/A,2025-09-24 12:17:56
718,7.074344,N/A,N/A,5.00e-05,29491.44,878.75,2362333,N/A,2025-09-24 12:17:56
719,7.178727,N/A,N/A,5.00e-05,30623.44,802.50,2365543,N/A,2025-09-24 12:17:56
720,6.948092,N/A,N/A,5.00e-05,28645.45,675.50,2368245,1.0000,2025-09-24 12:17:56
721,7.136336,N/A,N/A,5.00e-05,29550.87,906.50,2371871,N/A,2025-09-24 12:17:57
722,7.270572,N/A,N/A,5.00e-05,27933.87,777.00,2374979,N/A,2025-09-24 12:17:57
723,6.883590,N/A,N/A,5.00e-05,27975.99,949.75,2378778,N/A,2025-09-24 12:17:57
724,7.043828,N/A,N/A,5.00e-05,27922.10,772.00,2381866,N/A,2025-09-24 12:17:57
725,7.019975,N/A,N/A,5.00e-05,27671.51,713.75,2384721,N/A,2025-09-24 12:17:57
726,6.866915,N/A,N/A,5.00e-05,27179.93,791.50,2387887,N/A,2025-09-24 12:17:57
727,7.343435,N/A,N/A,5.00e-05,26652.61,774.00,2390983,N/A,2025-09-24 12:17:57
728,7.138153,N/A,N/A,5.00e-05,26786.18,1022.25,2395072,N/A,2025-09-24 12:17:57
729,6.871756,N/A,N/A,5.00e-05,27481.23,774.00,2398168,N/A,2025-09-24 12:17:58
730,7.066707,N/A,N/A,5.00e-05,26627.73,776.50,2401274,1.0000,2025-09-24 12:17:58
731,6.669386,N/A,N/A,5.00e-05,26528.44,623.50,2403768,N/A,2025-09-24 12:17:58
732,6.982161,N/A,N/A,5.00e-05,26466.50,757.00,2406796,N/A,2025-09-24 12:17:58
733,7.193399,N/A,N/A,5.00e-05,25834.33,812.00,2410044,N/A,2025-09-24 12:17:58
734,6.953852,N/A,N/A,5.00e-05,26214.35,895.00,2413624,N/A,2025-09-24 12:17:58
735,6.818242,N/A,N/A,5.00e-05,26422.16,837.75,2416975,N/A,2025-09-24 12:17:58
736,6.750880,N/A,N/A,5.00e-05,27006.73,897.50,2420565,N/A,2025-09-24 12:17:59
737,7.202792,N/A,N/A,5.00e-05,27099.95,740.75,2423528,N/A,2025-09-24 12:17:59
738,7.062889,N/A,N/A,5.00e-05,25578.26,618.25,2426001,N/A,2025-09-24 12:17:59
739,7.216907,N/A,N/A,5.00e-05,26958.83,885.00,2429541,N/A,2025-09-24 12:17:59
740,7.021790,N/A,N/A,5.00e-05,26525.96,951.75,2433348,1.0000,2025-09-24 12:17:59
741,6.726924,N/A,N/A,5.00e-05,27116.26,804.25,2436565,N/A,2025-09-24 12:17:59
742,6.825542,N/A,N/A,5.00e-05,27346.78,787.75,2439716,N/A,2025-09-24 12:17:59
743,6.934354,N/A,N/A,5.00e-05,27630.35,944.75,2443495,N/A,2025-09-24 12:17:59
744,6.725097,N/A,N/A,5.00e-05,27812.74,870.00,2446975,N/A,2025-09-24 12:18:00
745,6.958822,N/A,N/A,5.00e-05,27798.03,834.00,2450311,N/A,2025-09-24 12:18:00
746,6.956259,N/A,N/A,5.00e-05,27762.30,864.00,2453767,N/A,2025-09-24 12:18:00
747,6.704228,N/A,N/A,5.00e-05,28192.91,757.50,2456797,N/A,2025-09-24 12:18:00
748,6.784387,N/A,N/A,5.00e-05,28912.18,775.75,2459900,N/A,2025-09-24 12:18:00
749,7.208830,N/A,N/A,5.00e-05,29506.43,714.75,2462759,N/A,2025-09-24 12:18:00
750,7.343101,N/A,N/A,5.00e-05,27831.17,811.75,2466006,1.0000,2025-09-24 12:18:00
751,7.436425,N/A,N/A,5.00e-05,27468.02,690.25,2468767,N/A,2025-09-24 12:18:01
752,6.737971,N/A,N/A,5.00e-05,27409.31,835.25,2472108,N/A,2025-09-24 12:18:01
753,7.309140,N/A,N/A,5.00e-05,27294.75,896.75,2475695,N/A,2025-09-24 12:18:01
754,7.025338,N/A,N/A,5.00e-05,27014.37,868.75,2479170,N/A,2025-09-24 12:18:01
755,7.076983,N/A,N/A,5.00e-05,27057.93,826.50,2482476,N/A,2025-09-24 12:18:01
756,7.120815,N/A,N/A,5.00e-05,26950.75,864.00,2485932,N/A,2025-09-24 12:18:01
757,7.060614,N/A,N/A,5.00e-05,27089.20,807.75,2489163,N/A,2025-09-24 12:18:01
758,7.187862,N/A,N/A,5.00e-05,26861.14,746.75,2492150,N/A,2025-09-24 12:18:01
759,7.101388,N/A,N/A,5.00e-05,28213.60,799.75,2495349,N/A,2025-09-24 12:18:02
760,6.924348,N/A,N/A,5.00e-05,27065.92,748.75,2498344,1.0000,2025-09-24 12:18:02
761,6.894927,N/A,N/A,5.00e-05,27406.14,896.50,2501930,N/A,2025-09-24 12:18:02
762,7.097842,N/A,N/A,5.00e-05,27858.70,972.00,2505818,N/A,2025-09-24 12:18:02
763,6.625970,N/A,N/A,5.00e-05,27877.09,811.75,2509065,N/A,2025-09-24 12:18:02
764,6.941931,N/A,N/A,5.00e-05,27381.51,720.75,2511948,N/A,2025-09-24 12:18:02
765,7.237440,N/A,N/A,5.00e-05,25932.54,826.00,2515252,N/A,2025-09-24 12:18:02
766,7.296474,N/A,N/A,5.00e-05,25680.34,791.50,2518418,N/A,2025-09-24 12:18:03
767,7.331450,N/A,N/A,5.00e-05,25303.79,653.00,2521030,N/A,2025-09-24 12:18:03
768,6.958347,N/A,N/A,5.00e-05,24972.64,852.00,2524438,N/A,2025-09-24 12:18:03
769,7.058634,N/A,N/A,5.00e-05,26182.81,963.25,2528291,N/A,2025-09-24 12:18:03
770,6.870863,N/A,N/A,5.00e-05,25303.86,772.50,2531381,1.0000,2025-09-24 12:18:03
771,6.928693,N/A,N/A,5.00e-05,24859.57,923.50,2535075,N/A,2025-09-24 12:18:03
772,6.754511,N/A,N/A,5.00e-05,24423.23,875.75,2538578,N/A,2025-09-24 12:18:03
773,6.930234,N/A,N/A,5.00e-05,23858.35,640.25,2541139,N/A,2025-09-24 12:18:04
774,6.811425,N/A,N/A,5.00e-05,25463.27,775.00,2544239,N/A,2025-09-24 12:18:04
775,6.903832,N/A,N/A,5.00e-05,25454.97,788.00,2547391,N/A,2025-09-24 12:18:04
776,7.091210,N/A,N/A,5.00e-05,25342.98,832.75,2550722,N/A,2025-09-24 12:18:04
777,6.559210,N/A,N/A,5.00e-05,26544.40,796.50,2553908,N/A,2025-09-24 12:18:04
778,7.025699,N/A,N/A,5.00e-05,25942.51,807.00,2557136,N/A,2025-09-24 12:18:04
779,6.826809,N/A,N/A,5.00e-05,26578.91,643.50,2559710,N/A,2025-09-24 12:18:04
780,7.133042,N/A,N/A,5.00e-05,26389.05,791.25,2562875,1.0000,2025-09-24 12:18:05
781,6.996744,N/A,N/A,5.00e-05,25925.86,774.75,2565974,N/A,2025-09-24 12:18:05
782,7.159325,N/A,N/A,5.00e-05,26283.39,1016.00,2570038,N/A,2025-09-24 12:18:05
783,7.037591,N/A,N/A,5.00e-05,27064.32,878.25,2573551,N/A,2025-09-24 12:18:05
784,6.802135,N/A,N/A,5.00e-05,26723.36,691.50,2576317,N/A,2025-09-24 12:18:05
785,6.924365,N/A,N/A,5.00e-05,27491.26,923.00,2580009,N/A,2025-09-24 12:18:05
786,6.816275,N/A,N/A,5.00e-05,27241.84,756.75,2583036,N/A,2025-09-24 12:18:05
787,6.877300,N/A,N/A,5.00e-05,27041.70,786.00,2586180,N/A,2025-09-24 12:18:05
788,7.143768,N/A,N/A,5.00e-05,27684.15,1010.00,2590220,N/A,2025-09-24 12:18:06
789,7.053543,N/A,N/A,5.00e-05,28743.57,784.75,2593359,N/A,2025-09-24 12:18:06
790,6.711846,N/A,N/A,5.00e-05,28066.75,842.50,2596729,1.0000,2025-09-24 12:18:06
791,6.473542,N/A,N/A,5.00e-05,28695.29,898.75,2600324,N/A,2025-09-24 12:18:06
792,7.317382,N/A,N/A,5.00e-05,28057.34,811.25,2603569,N/A,2025-09-24 12:18:06
793,7.116020,N/A,N/A,5.00e-05,27943.63,830.25,2606890,N/A,2025-09-24 12:18:06
794,7.423311,N/A,N/A,5.00e-05,28050.63,750.25,2609891,N/A,2025-09-24 12:18:06
795,7.135965,N/A,N/A,5.00e-05,27691.89,843.50,2613265,N/A,2025-09-24 12:18:06
796,7.190122,N/A,N/A,5.00e-05,27850.94,745.00,2616245,N/A,2025-09-24 12:18:07
797,7.106336,N/A,N/A,5.00e-05,13563.34,740.75,2619208,N/A,2025-09-24 12:18:08
798,7.157325,N/A,N/A,5.00e-05,13459.26,902.75,2622819,N/A,2025-09-24 12:18:08
799,7.179668,N/A,N/A,5.00e-05,13665.04,764.00,2625875,N/A,2025-09-24 12:18:08
800,6.680182,N/A,N/A,5.00e-05,11572.81,687.00,2628623,1.0000,2025-09-24 12:18:09
801,7.076434,N/A,N/A,5.00e-05,11344.71,744.00,2631599,N/A,2025-09-24 12:18:09
802,7.089520,N/A,N/A,5.00e-05,10996.30,585.50,2633941,N/A,2025-09-24 12:18:09
803,7.177656,N/A,N/A,5.00e-05,11050.10,938.75,2637696,N/A,2025-09-24 12:18:09
804,6.829908,N/A,N/A,5.00e-05,11196.85,845.50,2641078,N/A,2025-09-24 12:18:09
805,7.143780,N/A,N/A,5.00e-05,11373.96,901.00,2644682,N/A,2025-09-24 12:18:09
806,6.618788,N/A,N/A,5.00e-05,20871.81,811.00,2647926,N/A,2025-09-24 12:18:10
807,7.769887,N/A,N/A,5.00e-05,21332.07,916.00,2651590,N/A,2025-09-24 12:18:10
808,6.866012,N/A,N/A,5.00e-05,21153.96,884.00,2655126,N/A,2025-09-24 12:18:10
809,7.093697,N/A,N/A,5.00e-05,28611.91,909.50,2658764,N/A,2025-09-24 12:18:10
810,7.020584,N/A,N/A,5.00e-05,28127.55,817.00,2662032,1.0000,2025-09-24 12:18:10
811,7.043212,N/A,N/A,5.00e-05,28683.77,888.25,2665585,N/A,2025-09-24 12:18:10
812,6.853745,N/A,N/A,5.00e-05,30418.66,883.00,2669117,N/A,2025-09-24 12:18:10
813,7.018491,N/A,N/A,5.00e-05,29950.76,862.75,2672568,N/A,2025-09-24 12:18:10
814,6.991146,N/A,N/A,5.00e-05,30652.46,1024.00,2676664,N/A,2025-09-24 12:18:11
815,7.173993,N/A,N/A,5.00e-05,31012.99,1000.25,2680665,N/A,2025-09-24 12:18:11
816,6.947022,N/A,N/A,5.00e-05,31708.47,1024.00,2684761,N/A,2025-09-24 12:18:11
817,6.881407,N/A,N/A,5.00e-05,31161.94,685.25,2687502,N/A,2025-09-24 12:18:11
818,6.996202,N/A,N/A,5.00e-05,30344.55,725.75,2690405,N/A,2025-09-24 12:18:11
819,6.911055,N/A,N/A,5.00e-05,31509.77,969.00,2694281,N/A,2025-09-24 12:18:11
820,7.106040,N/A,N/A,5.00e-05,30237.33,754.75,2697300,1.0000,2025-09-24 12:18:11
821,6.892423,N/A,N/A,5.00e-05,30026.81,878.50,2700814,N/A,2025-09-24 12:18:11
822,6.986677,N/A,N/A,5.00e-05,29778.82,819.25,2704091,N/A,2025-09-24 12:18:12
823,7.032760,N/A,N/A,5.00e-05,29932.46,1019.50,2708169,N/A,2025-09-24 12:18:12
824,6.831378,N/A,N/A,5.00e-05,28442.19,745.25,2711150,N/A,2025-09-24 12:18:12
825,7.351763,N/A,N/A,5.00e-05,27484.34,689.25,2713907,N/A,2025-09-24 12:18:12
826,6.932979,N/A,N/A,5.00e-05,27149.82,922.75,2717598,N/A,2025-09-24 12:18:12
827,7.206014,N/A,N/A,5.00e-05,26934.15,704.75,2720417,N/A,2025-09-24 12:18:12
828,7.167340,N/A,N/A,5.00e-05,27358.75,981.75,2724344,N/A,2025-09-24 12:18:12
829,7.025046,N/A,N/A,5.00e-05,27388.83,852.75,2727755,N/A,2025-09-24 12:18:13
830,7.131932,N/A,N/A,5.00e-05,25567.61,909.25,2731392,1.0000,2025-09-24 12:18:13
831,7.116911,N/A,N/A,5.00e-05,24641.88,983.25,2735325,N/A,2025-09-24 12:18:13
832,6.797475,N/A,N/A,5.00e-05,23204.51,725.25,2738226,N/A,2025-09-24 12:18:13
833,7.174922,N/A,N/A,5.00e-05,22437.69,779.75,2741345,N/A,2025-09-24 12:18:13
834,7.132314,N/A,N/A,5.00e-05,21710.32,639.00,2743901,N/A,2025-09-24 12:18:14
835,6.956169,N/A,N/A,5.00e-05,21769.26,881.50,2747427,N/A,2025-09-24 12:18:14
836,6.902096,N/A,N/A,5.00e-05,20949.27,733.50,2750361,N/A,2025-09-24 12:18:14
837,7.327076,N/A,N/A,5.00e-05,20966.59,909.25,2753998,N/A,2025-09-24 12:18:14
838,6.970754,N/A,N/A,5.00e-05,21018.69,997.25,2757987,N/A,2025-09-24 12:18:14
839,6.805959,N/A,N/A,5.00e-05,21443.43,694.50,2760765,N/A,2025-09-24 12:18:14
840,6.965299,N/A,N/A,5.00e-05,20909.89,827.50,2764075,1.0000,2025-09-24 12:18:15
841,7.012255,N/A,N/A,5.00e-05,21247.92,792.00,2767243,N/A,2025-09-24 12:18:15
842,6.709474,N/A,N/A,5.00e-05,19806.74,141.75,2767810,N/A,2025-09-24 12:18:15
843,7.315298,N/A,N/A,5.00e-05,5931.16,846.50,2771196,N/A,2025-09-24 12:18:19
844,6.718647,N/A,N/A,5.00e-05,5970.47,647.00,2773784,N/A,2025-09-24 12:18:19
845,6.673989,N/A,N/A,5.00e-05,6077.38,953.75,2777599,N/A,2025-09-24 12:18:19
846,7.083985,N/A,N/A,5.00e-05,6173.58,764.25,2780656,N/A,2025-09-24 12:18:19
847,6.762804,N/A,N/A,5.00e-05,6079.53,763.75,2783711,N/A,2025-09-24 12:18:19
848,6.888756,N/A,N/A,5.00e-05,6003.62,824.75,2787010,N/A,2025-09-24 12:18:19
849,7.164061,N/A,N/A,5.00e-05,6212.96,788.00,2790162,N/A,2025-09-24 12:18:19
850,6.877753,N/A,N/A,5.00e-05,6179.16,813.00,2793414,1.0000,2025-09-24 12:18:19
851,7.046614,N/A,N/A,5.00e-05,6309.48,1009.25,2797451,N/A,2025-09-24 12:18:20
852,6.851481,N/A,N/A,5.00e-05,26937.55,823.75,2800746,N/A,2025-09-24 12:18:20
853,7.006348,N/A,N/A,5.00e-05,26989.44,847.00,2804134,N/A,2025-09-24 12:18:20
854,7.114198,N/A,N/A,5.00e-05,27668.62,822.00,2807422,N/A,2025-09-24 12:18:20
855,6.877547,N/A,N/A,5.00e-05,27600.35,984.75,2811361,N/A,2025-09-24 12:18:20
856,6.816739,N/A,N/A,5.00e-05,27050.57,668.50,2814035,N/A,2025-09-24 12:18:20
857,7.032882,N/A,N/A,5.00e-05,27862.44,1024.00,2818131,N/A,2025-09-24 12:18:20
858,6.790238,N/A,N/A,5.00e-05,27914.03,844.25,2821508,N/A,2025-09-24 12:18:21
859,7.148051,N/A,N/A,5.00e-05,29314.68,970.75,2825391,N/A,2025-09-24 12:18:21
860,6.907116,N/A,N/A,5.00e-05,29803.54,774.25,2828488,1.0000,2025-09-24 12:18:21
861,7.069825,N/A,N/A,5.00e-05,29203.48,815.50,2831750,N/A,2025-09-24 12:18:21
862,6.970697,N/A,N/A,5.00e-05,29323.73,861.00,2835194,N/A,2025-09-24 12:18:21
863,6.839701,N/A,N/A,5.00e-05,29273.02,852.75,2838605,N/A,2025-09-24 12:18:21
864,7.105175,N/A,N/A,5.00e-05,29018.89,863.75,2842060,N/A,2025-09-24 12:18:21
865,7.239017,N/A,N/A,5.00e-05,28541.09,804.00,2845276,N/A,2025-09-24 12:18:21
866,6.869986,N/A,N/A,5.00e-05,28415.25,691.75,2848043,N/A,2025-09-24 12:18:22
867,6.849537,N/A,N/A,5.00e-05,27892.60,966.00,2851907,N/A,2025-09-24 12:18:22
868,6.957724,N/A,N/A,5.00e-05,28382.75,955.50,2855729,N/A,2025-09-24 12:18:22
869,6.838756,N/A,N/A,5.00e-05,29027.85,906.50,2859355,N/A,2025-09-24 12:18:22
870,6.789954,N/A,N/A,5.00e-05,27067.70,565.25,2861616,1.0000,2025-09-24 12:18:22
871,6.774830,N/A,N/A,5.00e-05,27048.50,848.75,2865011,N/A,2025-09-24 12:18:22
872,7.177047,N/A,N/A,5.00e-05,26871.79,828.00,2868323,N/A,2025-09-24 12:18:22
873,7.108974,N/A,N/A,5.00e-05,27187.88,1024.00,2872419,N/A,2025-09-24 12:18:23
874,7.087930,N/A,N/A,5.00e-05,27062.91,800.75,2875622,N/A,2025-09-24 12:18:23
875,6.658247,N/A,N/A,5.00e-05,26190.08,831.25,2878947,N/A,2025-09-24 12:18:23
876,6.938099,N/A,N/A,5.00e-05,26337.37,707.75,2881778,N/A,2025-09-24 12:18:23
877,7.274134,N/A,N/A,5.00e-05,25837.24,853.75,2885193,N/A,2025-09-24 12:18:23
878,7.014816,N/A,N/A,5.00e-05,25003.50,771.00,2888277,N/A,2025-09-24 12:18:23
879,6.581220,N/A,N/A,5.00e-05,25958.00,1003.75,2892292,N/A,2025-09-24 12:18:23
880,6.719219,N/A,N/A,5.00e-05,26270.91,965.00,2896152,1.0000,2025-09-24 12:18:24
881,6.915164,N/A,N/A,5.00e-05,25621.35,709.00,2898988,N/A,2025-09-24 12:18:24
882,6.835552,N/A,N/A,5.00e-05,26360.27,853.00,2902400,N/A,2025-09-24 12:18:24
883,6.814121,N/A,N/A,5.00e-05,25855.07,866.00,2905864,N/A,2025-09-24 12:18:24
884,6.683457,N/A,N/A,5.00e-05,27313.49,879.75,2909383,N/A,2025-09-24 12:18:24
885,6.722514,N/A,N/A,5.00e-05,27851.18,945.75,2913166,N/A,2025-09-24 12:18:24
886,7.208308,N/A,N/A,5.00e-05,28654.55,906.75,2916793,N/A,2025-09-24 12:18:24
887,6.748603,N/A,N/A,5.00e-05,29197.92,902.75,2920404,N/A,2025-09-24 12:18:24
888,6.967500,N/A,N/A,5.00e-05,30107.04,931.75,2924131,N/A,2025-09-24 12:18:25
889,6.532435,N/A,N/A,5.00e-05,30301.11,706.00,2926955,N/A,2025-09-24 12:18:25
890,7.082211,N/A,N/A,5.00e-05,29219.20,852.00,2930363,1.0000,2025-09-24 12:18:25
891,7.093589,N/A,N/A,5.00e-05,30160.80,974.25,2934260,N/A,2025-09-24 12:18:25
892,6.766425,N/A,N/A,5.00e-05,29626.79,787.75,2937411,N/A,2025-09-24 12:18:25
893,6.759561,N/A,N/A,5.00e-05,28919.25,687.00,2940159,N/A,2025-09-24 12:18:25
894,7.215256,N/A,N/A,5.00e-05,29006.16,902.00,2943767,N/A,2025-09-24 12:18:25
895,6.776951,N/A,N/A,5.00e-05,28357.54,763.00,2946819,N/A,2025-09-24 12:18:26
896,7.133539,N/A,N/A,5.00e-05,27873.45,776.75,2949926,N/A,2025-09-24 12:18:26
897,7.094802,N/A,N/A,5.00e-05,13587.08,943.00,2953698,N/A,2025-09-24 12:18:27
898,6.688940,N/A,N/A,5.00e-05,13350.00,778.75,2956813,N/A,2025-09-24 12:18:27
899,6.895010,N/A,N/A,5.00e-05,13615.68,717.25,2959682,N/A,2025-09-24 12:18:27
900,6.935389,N/A,N/A,5.00e-05,11522.05,914.00,2963338,1.0000,2025-09-24 12:18:28
901,6.978809,N/A,N/A,5.00e-05,11261.86,743.00,2966310,N/A,2025-09-24 12:18:28
902,6.843279,N/A,N/A,5.00e-05,11407.06,879.00,2969826,N/A,2025-09-24 12:18:28
903,7.040091,N/A,N/A,5.00e-05,11619.33,846.50,2973212,N/A,2025-09-24 12:18:28
904,7.045118,N/A,N/A,5.00e-05,11407.45,811.25,2976457,N/A,2025-09-24 12:18:28
905,7.469358,N/A,N/A,5.00e-05,11375.53,739.50,2979415,N/A,2025-09-24 12:18:29
906,7.136888,N/A,N/A,5.00e-05,20543.02,831.50,2982741,N/A,2025-09-24 12:18:29
907,6.787127,N/A,N/A,5.00e-05,20258.91,831.00,2986065,N/A,2025-09-24 12:18:29
908,7.210819,N/A,N/A,5.00e-05,20108.30,748.50,2989059,N/A,2025-09-24 12:18:29
909,7.046559,N/A,N/A,5.00e-05,28523.40,817.25,2992328,N/A,2025-09-24 12:18:29
910,7.074457,N/A,N/A,5.00e-05,26944.79,867.50,2995798,1.0000,2025-09-24 12:18:29
911,7.131799,N/A,N/A,5.00e-05,26366.28,728.25,2998711,N/A,2025-09-24 12:18:29
912,6.849384,N/A,N/A,5.00e-05,26737.89,1000.50,3002713,N/A,2025-09-24 12:18:30
913,7.406085,N/A,N/A,5.00e-05,27106.32,885.50,3006255,N/A,2025-09-24 12:18:30
914,6.629349,N/A,N/A,5.00e-05,27226.50,889.75,3009814,N/A,2025-09-24 12:18:30
915,6.679275,N/A,N/A,5.00e-05,27500.06,832.50,3013144,N/A,2025-09-24 12:18:30
916,6.693298,N/A,N/A,5.00e-05,27261.09,732.00,3016072,N/A,2025-09-24 12:18:30
917,7.044916,N/A,N/A,5.00e-05,27558.04,869.75,3019551,N/A,2025-09-24 12:18:30
918,6.925389,N/A,N/A,5.00e-05,28094.66,977.75,3023462,N/A,2025-09-24 12:18:30
919,6.915287,N/A,N/A,5.00e-05,29075.50,991.25,3027427,N/A,2025-09-24 12:18:30
920,7.046711,N/A,N/A,5.00e-05,28942.75,916.00,3031091,1.0000,2025-09-24 12:18:31
921,6.676589,N/A,N/A,5.00e-05,27358.76,662.75,3033742,N/A,2025-09-24 12:18:31
922,6.997700,N/A,N/A,5.00e-05,27014.21,821.25,3037027,N/A,2025-09-24 12:18:31
923,7.213567,N/A,N/A,5.00e-05,27347.41,929.25,3040744,N/A,2025-09-24 12:18:31
924,6.816308,N/A,N/A,5.00e-05,27035.08,767.25,3043813,N/A,2025-09-24 12:18:31
925,6.650213,N/A,N/A,5.00e-05,26865.06,794.50,3046991,N/A,2025-09-24 12:18:31
926,6.757401,N/A,N/A,5.00e-05,26960.85,836.50,3050337,N/A,2025-09-24 12:18:31
927,7.012636,N/A,N/A,5.00e-05,27104.28,913.00,3053989,N/A,2025-09-24 12:18:32
928,7.036111,N/A,N/A,5.00e-05,27326.58,765.00,3057049,N/A,2025-09-24 12:18:32
929,6.985195,N/A,N/A,5.00e-05,28045.25,964.25,3060906,N/A,2025-09-24 12:18:32
930,6.842425,N/A,N/A,5.00e-05,27060.63,873.75,3064401,1.0000,2025-09-24 12:18:32
931,7.105001,N/A,N/A,5.00e-05,27455.38,841.00,3067765,N/A,2025-09-24 12:18:32
932,6.878797,N/A,N/A,5.00e-05,27230.96,778.00,3070877,N/A,2025-09-24 12:18:32
933,7.271832,N/A,N/A,5.00e-05,27108.27,954.50,3074695,N/A,2025-09-24 12:18:32
934,6.953582,N/A,N/A,5.00e-05,27172.80,781.75,3077822,N/A,2025-09-24 12:18:33
935,6.707789,N/A,N/A,5.00e-05,27280.92,949.00,3081618,N/A,2025-09-24 12:18:33
936,7.477709,N/A,N/A,5.00e-05,27269.68,788.50,3084772,N/A,2025-09-24 12:18:33
937,6.840480,N/A,N/A,5.00e-05,26516.53,687.25,3087521,N/A,2025-09-24 12:18:33
938,7.057460,N/A,N/A,5.00e-05,26378.21,851.50,3090927,N/A,2025-09-24 12:18:33
939,7.466815,N/A,N/A,5.00e-05,28242.79,851.75,3094334,N/A,2025-09-24 12:18:33
940,6.424136,N/A,N/A,5.00e-05,27128.92,789.00,3097490,1.0000,2025-09-24 12:18:33
941,7.217756,N/A,N/A,5.00e-05,27167.07,846.25,3100875,N/A,2025-09-24 12:18:33
942,6.812570,N/A,N/A,5.00e-05,26750.69,810.75,3104118,N/A,2025-09-24 12:18:34
943,7.077204,N/A,N/A,5.00e-05,26092.49,796.50,3107304,N/A,2025-09-24 12:18:34
944,7.057037,N/A,N/A,5.00e-05,27310.05,995.50,3111286,N/A,2025-09-24 12:18:34
945,7.035580,N/A,N/A,5.00e-05,26797.99,781.50,3114412,N/A,2025-09-24 12:18:34
946,6.823325,N/A,N/A,5.00e-05,27444.32,978.25,3118325,N/A,2025-09-24 12:18:34
947,6.797174,N/A,N/A,5.00e-05,27970.18,770.00,3121405,N/A,2025-09-24 12:18:34
948,6.886844,N/A,N/A,5.00e-05,28047.49,872.25,3124894,N/A,2025-09-24 12:18:34
949,6.668910,N/A,N/A,5.00e-05,29088.20,823.75,3128189,N/A,2025-09-24 12:18:35
950,6.665287,N/A,N/A,5.00e-05,28445.91,911.00,3131833,1.0000,2025-09-24 12:18:35
951,6.927336,N/A,N/A,5.00e-05,28867.21,719.00,3134709,N/A,2025-09-24 12:18:35
952,7.153341,N/A,N/A,5.00e-05,28435.97,638.75,3137264,N/A,2025-09-24 12:18:35
953,6.846202,N/A,N/A,5.00e-05,28563.21,835.50,3140606,N/A,2025-09-24 12:18:35
954,7.129506,N/A,N/A,5.00e-05,27682.37,743.00,3143578,N/A,2025-09-24 12:18:35
955,6.769970,N/A,N/A,5.00e-05,27652.43,772.25,3146667,N/A,2025-09-24 12:18:35
956,6.850947,N/A,N/A,5.00e-05,25958.31,789.25,3149824,N/A,2025-09-24 12:18:36
957,7.203411,N/A,N/A,5.00e-05,25914.44,749.00,3152820,N/A,2025-09-24 12:18:36
958,6.456715,N/A,N/A,5.00e-05,25979.90,937.75,3156571,N/A,2025-09-24 12:18:36
959,7.255715,N/A,N/A,5.00e-05,26427.04,912.00,3160219,N/A,2025-09-24 12:18:36
960,7.184688,N/A,N/A,5.00e-05,24316.19,743.25,3163192,1.0000,2025-09-24 12:18:36
961,6.784179,N/A,N/A,5.00e-05,24355.21,743.75,3166167,N/A,2025-09-24 12:18:36
962,6.653234,N/A,N/A,5.00e-05,24047.88,620.00,3168647,N/A,2025-09-24 12:18:36
963,6.909856,N/A,N/A,5.00e-05,23856.83,778.50,3171761,N/A,2025-09-24 12:18:37
964,7.044087,N/A,N/A,5.00e-05,23761.55,805.75,3174984,N/A,2025-09-24 12:18:37
965,7.124687,N/A,N/A,5.00e-05,24690.33,922.25,3178673,N/A,2025-09-24 12:18:37
966,7.208243,N/A,N/A,5.00e-05,24550.56,810.00,3181913,N/A,2025-09-24 12:18:37
967,6.836643,N/A,N/A,5.00e-05,24489.24,688.50,3184667,N/A,2025-09-24 12:18:37
968,6.698136,N/A,N/A,5.00e-05,24476.80,716.50,3187533,N/A,2025-09-24 12:18:37
969,7.434882,N/A,N/A,5.00e-05,25895.16,891.00,3191097,N/A,2025-09-24 12:18:37
970,6.927828,N/A,N/A,5.00e-05,25336.76,784.25,3194234,1.0000,2025-09-24 12:18:37
971,6.783548,N/A,N/A,5.00e-05,25864.16,812.50,3197484,N/A,2025-09-24 12:18:38
972,7.280140,N/A,N/A,5.00e-05,24963.85,726.50,3200390,N/A,2025-09-24 12:18:38
973,6.812458,N/A,N/A,5.00e-05,25624.28,888.75,3203945,N/A,2025-09-24 12:18:38
974,6.570395,N/A,N/A,5.00e-05,26209.73,810.00,3207185,N/A,2025-09-24 12:18:38
975,7.088908,N/A,N/A,5.00e-05,25900.24,804.50,3210403,N/A,2025-09-24 12:18:38
976,6.975732,N/A,N/A,5.00e-05,25430.65,679.25,3213120,N/A,2025-09-24 12:18:38
977,7.379827,N/A,N/A,5.00e-05,26038.26,868.00,3216592,N/A,2025-09-24 12:18:38
978,7.086169,N/A,N/A,5.00e-05,26283.34,777.00,3219700,N/A,2025-09-24 12:18:39
979,7.049190,N/A,N/A,5.00e-05,26577.27,796.00,3222884,N/A,2025-09-24 12:18:39
980,6.582935,N/A,N/A,5.00e-05,25638.60,746.75,3225871,1.0000,2025-09-24 12:18:39
981,7.016508,N/A,N/A,5.00e-05,26418.70,719.00,3228747,N/A,2025-09-24 12:18:39
982,7.294298,N/A,N/A,5.00e-05,26132.08,959.25,3232584,N/A,2025-09-24 12:18:39
983,6.958380,N/A,N/A,5.00e-05,25271.09,673.75,3235279,N/A,2025-09-24 12:18:39
984,7.029691,N/A,N/A,5.00e-05,25328.31,796.75,3238466,N/A,2025-09-24 12:18:39
985,7.129731,N/A,N/A,5.00e-05,24968.70,1008.25,3242499,N/A,2025-09-24 12:18:40
986,7.115098,N/A,N/A,5.00e-05,25610.27,895.25,3246080,N/A,2025-09-24 12:18:40
987,7.147638,N/A,N/A,5.00e-05,24459.73,576.75,3248387,N/A,2025-09-24 12:18:40
988,6.578016,N/A,N/A,5.00e-05,24520.17,773.75,3251482,N/A,2025-09-24 12:18:40
989,6.798542,N/A,N/A,5.00e-05,23742.33,694.50,3254260,N/A,2025-09-24 12:18:40
990,6.953863,N/A,N/A,5.00e-05,23043.07,671.25,3256945,1.0000,2025-09-24 12:18:40
991,6.581154,N/A,N/A,5.00e-05,24194.55,925.00,3260645,N/A,2025-09-24 12:18:40
992,7.023177,N/A,N/A,5.00e-05,23914.43,814.00,3263901,N/A,2025-09-24 12:18:41
993,7.035382,N/A,N/A,5.00e-05,24204.84,759.75,3266940,N/A,2025-09-24 12:18:41
994,7.062635,N/A,N/A,5.00e-05,25180.31,796.00,3270124,N/A,2025-09-24 12:18:41
995,6.433612,N/A,N/A,5.00e-05,23889.93,572.75,3272415,N/A,2025-09-24 12:18:41
996,6.883504,N/A,N/A,5.00e-05,24090.53,883.75,3275950,N/A,2025-09-24 12:18:41
997,6.661420,N/A,N/A,5.00e-05,12121.14,737.50,3278900,N/A,2025-09-24 12:18:42
998,6.894048,N/A,N/A,5.00e-05,12286.59,715.00,3281760,N/A,2025-09-24 12:18:43
999,6.686315,N/A,N/A,5.00e-05,12703.90,838.00,3285112,N/A,2025-09-24 12:18:43
1000,6.830225,6.944588,1063.443359,5.00e-05,2126.15,692.75,3287883,N/A,2025-09-24 12:18:55
1001,7.144443,N/A,N/A,5.00e-05,854.99,873.00,16672,N/A,2025-09-24 12:42:22
1002,6.720049,N/A,N/A,5.00e-05,1423.41,619.25,28388,N/A,2025-09-24 12:42:22
1003,7.015514,N/A,N/A,5.00e-05,6407.64,848.25,42443,N/A,2025-09-24 12:42:23
1004,6.795979,N/A,N/A,5.00e-05,33018.53,802.00,56085,N/A,2025-09-24 12:42:23
1005,6.723092,N/A,N/A,5.00e-05,32018.71,879.00,69801,N/A,2025-09-24 12:42:24
1006,6.760256,N/A,N/A,5.00e-05,31050.48,788.00,82219,N/A,2025-09-24 12:42:24
1007,6.780866,N/A,N/A,5.00e-05,30904.49,842.25,96119,N/A,2025-09-24 12:42:25
1008,7.160604,N/A,N/A,5.00e-05,33520.30,797.75,110154,N/A,2025-09-24 12:42:25
1009,6.866441,N/A,N/A,5.00e-05,31577.33,873.00,122858,N/A,2025-09-24 12:42:26
1010,6.618526,N/A,N/A,5.00e-05,28767.86,774.00,134367,1.0000,2025-09-24 12:42:26
1011,7.117221,N/A,N/A,5.00e-05,27012.86,927.00,147958,N/A,2025-09-24 12:42:27
1012,6.869810,N/A,N/A,5.00e-05,29891.80,896.50,161856,N/A,2025-09-24 12:42:27
1013,6.663927,N/A,N/A,5.00e-05,33996.92,786.50,174712,N/A,2025-09-24 12:42:28
1014,6.952811,N/A,N/A,5.00e-05,31911.93,692.75,186921,N/A,2025-09-24 12:42:28
1015,6.660625,N/A,N/A,5.00e-05,32217.82,723.25,200505,N/A,2025-09-24 12:42:28
1016,6.695142,N/A,N/A,5.00e-05,33108.93,796.25,214321,N/A,2025-09-24 12:42:29
1017,7.026704,N/A,N/A,5.00e-05,34106.07,995.50,228417,N/A,2025-09-24 12:42:29
1018,7.205667,N/A,N/A,5.00e-05,33520.01,745.00,241382,N/A,2025-09-24 12:42:30
1019,7.005579,N/A,N/A,5.00e-05,33471.54,820.75,255203,N/A,2025-09-24 12:42:30
1020,7.131102,N/A,N/A,5.00e-05,32050.05,932.75,268735,1.0000,2025-09-24 12:42:31
1021,6.729322,N/A,N/A,5.00e-05,28763.80,824.50,281300,N/A,2025-09-24 12:42:31
1022,6.819810,N/A,N/A,5.00e-05,27747.01,903.25,293799,N/A,2025-09-24 12:42:32
1023,6.694398,N/A,N/A,5.00e-05,32106.02,828.50,308009,N/A,2025-09-24 12:42:32
1024,7.162587,N/A,N/A,5.00e-05,31967.60,846.50,320579,N/A,2025-09-24 12:42:33
1025,6.816137,N/A,N/A,5.00e-05,11466.65,846.50,333818,N/A,2025-09-24 12:42:35
1026,6.677825,N/A,N/A,5.00e-05,11711.71,845.75,347231,N/A,2025-09-24 12:42:35
1027,6.614137,N/A,N/A,5.00e-05,23314.30,900.00,361316,N/A,2025-09-24 12:42:36
1028,6.679169,N/A,N/A,5.00e-05,32524.50,570.50,374342,N/A,2025-09-24 12:42:36
1029,7.011432,N/A,N/A,5.00e-05,33258.75,736.50,388774,N/A,2025-09-24 12:42:37
1030,6.883194,N/A,N/A,5.00e-05,30641.40,846.00,401285,0.8938,2025-09-24 12:42:37
1031,7.020407,N/A,N/A,5.00e-05,28503.78,987.00,415751,N/A,2025-09-24 12:42:38
1032,6.386501,N/A,N/A,5.00e-05,28128.56,813.25,428452,N/A,2025-09-24 12:42:38
1033,6.705425,N/A,N/A,5.00e-05,32335.07,629.75,440512,N/A,2025-09-24 12:42:39
1034,6.920084,N/A,N/A,5.00e-05,31600.78,961.50,454264,N/A,2025-09-24 12:42:39
1035,7.036306,N/A,N/A,5.00e-05,31295.80,779.00,466895,N/A,2025-09-24 12:42:39
1036,6.687051,N/A,N/A,5.00e-05,32383.09,681.00,479807,N/A,2025-09-24 12:42:40
1037,6.788487,N/A,N/A,5.00e-05,31284.80,733.75,492273,N/A,2025-09-24 12:42:40
1038,6.896410,N/A,N/A,5.00e-05,31242.31,916.00,506174,N/A,2025-09-24 12:42:41
1039,6.484977,N/A,N/A,5.00e-05,30840.60,935.00,518590,N/A,2025-09-24 12:42:41
1040,6.813340,N/A,N/A,5.00e-05,29373.03,905.00,531286,1.0000,2025-09-24 12:42:42
1041,6.701707,N/A,N/A,5.00e-05,25672.22,578.50,542633,N/A,2025-09-24 12:42:42
1042,6.853171,N/A,N/A,5.00e-05,25887.86,787.00,555639,N/A,2025-09-24 12:42:43
1043,6.661240,N/A,N/A,5.00e-05,30561.22,851.00,568846,N/A,2025-09-24 12:42:43
1044,6.546855,N/A,N/A,5.00e-05,30277.74,628.00,581267,N/A,2025-09-24 12:42:44
1045,6.720910,N/A,N/A,5.00e-05,30554.61,853.00,594595,N/A,2025-09-24 12:42:44
1046,6.859726,N/A,N/A,5.00e-05,29819.05,874.75,607653,N/A,2025-09-24 12:42:45
1047,6.814237,N/A,N/A,5.00e-05,31458.38,888.25,621210,N/A,2025-09-24 12:42:45
1048,6.749196,N/A,N/A,5.00e-05,34461.71,975.25,635761,N/A,2025-09-24 12:42:46
1049,6.866101,N/A,N/A,5.00e-05,34197.28,955.50,649297,N/A,2025-09-24 12:42:46
1050,7.110645,N/A,N/A,5.00e-05,12015.89,709.00,661438,1.0000,2025-09-24 12:42:48
1051,6.591439,N/A,N/A,5.00e-05,11213.07,831.00,674639,N/A,2025-09-24 12:42:49
1052,6.641243,N/A,N/A,5.00e-05,21684.97,1012.50,688370,N/A,2025-09-24 12:42:49
1053,6.516246,N/A,N/A,5.00e-05,32871.00,828.75,701266,N/A,2025-09-24 12:42:50
1054,6.996329,N/A,N/A,5.00e-05,32429.77,835.75,714138,N/A,2025-09-24 12:42:50
1055,6.955381,N/A,N/A,5.00e-05,30490.58,856.25,726555,N/A,2025-09-24 12:42:50
1056,6.513968,N/A,N/A,5.00e-05,32542.54,766.00,740238,N/A,2025-09-24 12:42:51
1057,6.674201,N/A,N/A,5.00e-05,33055.58,902.50,753710,N/A,2025-09-24 12:42:51
1058,6.792587,N/A,N/A,5.00e-05,30782.46,550.25,765029,N/A,2025-09-24 12:42:52
1059,6.110629,N/A,N/A,5.00e-05,30521.45,862.00,777752,N/A,2025-09-24 12:42:52
1060,6.745573,N/A,N/A,5.00e-05,30096.60,877.00,791076,1.0000,2025-09-24 12:42:53
1061,6.638155,N/A,N/A,5.00e-05,28364.06,614.00,803910,N/A,2025-09-24 12:42:53
1062,6.868399,N/A,N/A,5.00e-05,28235.50,786.50,817388,N/A,2025-09-24 12:42:54
1063,6.908286,N/A,N/A,5.00e-05,32321.90,807.25,830916,N/A,2025-09-24 12:42:54
1064,6.800557,N/A,N/A,5.00e-05,32837.42,780.50,843965,N/A,2025-09-24 12:42:55
1065,6.684895,N/A,N/A,5.00e-05,32345.98,850.00,856533,N/A,2025-09-24 12:42:55
1066,6.644426,N/A,N/A,5.00e-05,32640.20,912.25,871221,N/A,2025-09-24 12:42:55
1067,6.648849,N/A,N/A,5.00e-05,34544.69,719.00,885264,N/A,2025-09-24 12:42:56
1068,6.692119,N/A,N/A,5.00e-05,35468.25,800.50,899639,N/A,2025-09-24 12:42:56
1069,6.944588,N/A,N/A,5.00e-05,35665.23,774.50,914913,N/A,2025-09-24 12:42:57
1070,6.545351,N/A,N/A,5.00e-05,33777.06,687.50,928414,1.0000,2025-09-24 12:42:57
1071,6.916612,N/A,N/A,5.00e-05,29279.88,770.25,942083,N/A,2025-09-24 12:42:58
1072,6.636734,N/A,N/A,5.00e-05,29168.24,965.50,956108,N/A,2025-09-24 12:42:58
1073,6.931006,N/A,N/A,5.00e-05,34365.96,825.50,969939,N/A,2025-09-24 12:42:59
1074,6.663392,N/A,N/A,5.00e-05,34654.50,754.00,983541,N/A,2025-09-24 12:42:59
1075,6.638148,N/A,N/A,5.00e-05,13160.92,885.25,998155,N/A,2025-09-24 12:43:01
1076,6.788376,N/A,N/A,5.00e-05,13114.61,899.50,1012049,N/A,2025-09-24 12:43:02
1077,6.635877,N/A,N/A,5.00e-05,24589.63,844.75,1025954,N/A,2025-09-24 12:43:02
1078,6.788797,N/A,N/A,5.00e-05,31831.74,863.75,1040711,N/A,2025-09-24 12:43:03
1079,6.851222,N/A,N/A,5.00e-05,31798.93,836.00,1053544,N/A,2025-09-24 12:43:03
1080,7.053442,N/A,N/A,5.00e-05,31451.84,1005.50,1068215,0.8141,2025-09-24 12:43:04
1081,6.423185,N/A,N/A,5.00e-05,28560.47,763.75,1081557,N/A,2025-09-24 12:43:04
1082,6.561263,N/A,N/A,5.00e-05,28601.03,932.50,1095119,N/A,2025-09-24 12:43:05
1083,6.888266,N/A,N/A,5.00e-05,30634.27,822.00,1107649,N/A,2025-09-24 12:43:05
1084,6.520798,N/A,N/A,5.00e-05,30543.98,935.50,1121250,N/A,2025-09-24 12:43:06
1085,6.729991,N/A,N/A,5.00e-05,31901.09,877.50,1134138,N/A,2025-09-24 12:43:06
1086,6.753821,N/A,N/A,5.00e-05,31624.33,800.25,1147042,N/A,2025-09-24 12:43:07
1087,6.786432,N/A,N/A,5.00e-05,30746.18,837.25,1160377,N/A,2025-09-24 12:43:07
1088,6.610653,N/A,N/A,5.00e-05,29041.42,748.50,1173432,N/A,2025-09-24 12:43:08
1089,6.933013,N/A,N/A,5.00e-05,29362.22,809.00,1187186,N/A,2025-09-24 12:43:08
1090,6.751410,N/A,N/A,5.00e-05,28138.12,690.75,1198800,1.0000,2025-09-24 12:43:09
1091,6.327178,N/A,N/A,5.00e-05,26362.77,971.00,1212262,N/A,2025-09-24 12:43:09
1092,6.393986,N/A,N/A,5.00e-05,26978.80,956.50,1225254,N/A,2025-09-24 12:43:10
1093,6.757434,N/A,N/A,5.00e-05,33047.04,783.00,1238214,N/A,2025-09-24 12:43:10
1094,6.459251,N/A,N/A,5.00e-05,32479.68,912.50,1252495,N/A,2025-09-24 12:43:10
1095,6.671068,N/A,N/A,5.00e-05,32643.04,777.75,1265693,N/A,2025-09-24 12:43:11
1096,6.586193,N/A,N/A,5.00e-05,32376.16,767.75,1278114,N/A,2025-09-24 12:43:11
1097,6.772608,N/A,N/A,5.00e-05,30063.79,787.25,1290216,N/A,2025-09-24 12:43:12
1098,6.332451,N/A,N/A,5.00e-05,31302.87,781.75,1303692,N/A,2025-09-24 12:43:12
1099,6.548355,N/A,N/A,5.00e-05,32921.74,883.50,1317289,N/A,2025-09-24 12:43:13
1100,6.683671,N/A,N/A,5.00e-05,13184.43,1020.50,1333346,0.9568,2025-09-24 12:43:15
1101,6.837126,N/A,N/A,5.00e-05,12519.86,771.50,1345808,N/A,2025-09-24 12:43:15
1102,6.779203,N/A,N/A,5.00e-05,21670.94,942.25,1358126,N/A,2025-09-24 12:43:16
1103,7.083526,N/A,N/A,5.00e-05,32035.42,819.50,1371614,N/A,2025-09-24 12:43:16
1104,6.636630,N/A,N/A,5.00e-05,33509.42,866.75,1385547,N/A,2025-09-24 12:43:17
1105,6.297404,N/A,N/A,5.00e-05,32298.61,867.00,1398822,N/A,2025-09-24 12:43:17
1106,6.907021,N/A,N/A,5.00e-05,29705.68,783.75,1412337,N/A,2025-09-24 12:43:18
1107,6.906617,N/A,N/A,5.00e-05,29888.82,948.50,1425365,N/A,2025-09-24 12:43:18
1108,6.437755,N/A,N/A,5.00e-05,30435.16,846.25,1439201,N/A,2025-09-24 12:43:19
1109,6.713612,N/A,N/A,5.00e-05,33186.83,813.25,1452746,N/A,2025-09-24 12:43:19
1110,7.043504,N/A,N/A,5.00e-05,30957.16,534.50,1464949,1.0000,2025-09-24 12:43:20
1111,6.798558,N/A,N/A,5.00e-05,27510.33,940.00,1477829,N/A,2025-09-24 12:43:20
1112,6.904697,N/A,N/A,5.00e-05,27351.67,754.00,1490628,N/A,2025-09-24 12:43:21
1113,6.866894,N/A,N/A,5.00e-05,33408.19,966.25,1505157,N/A,2025-09-24 12:43:21
1114,6.848817,N/A,N/A,5.00e-05,32912.79,782.50,1518185,N/A,2025-09-24 12:43:21
1115,6.627980,N/A,N/A,5.00e-05,31567.37,638.00,1530379,N/A,2025-09-24 12:43:22
1116,6.433236,N/A,N/A,5.00e-05,29973.90,884.25,1544704,N/A,2025-09-24 12:43:22
1117,6.633654,N/A,N/A,5.00e-05,32075.46,997.75,1559064,N/A,2025-09-24 12:43:23
1118,6.704589,N/A,N/A,5.00e-05,31111.77,768.25,1570955,N/A,2025-09-24 12:43:23
1119,6.955472,N/A,N/A,5.00e-05,32020.73,761.25,1583700,N/A,2025-09-24 12:43:24
1120,7.044834,N/A,N/A,5.00e-05,29188.79,773.00,1596492,1.0000,2025-09-24 12:43:24
1121,6.645743,N/A,N/A,5.00e-05,26842.79,771.25,1608199,N/A,2025-09-24 12:43:25
1122,6.948741,N/A,N/A,5.00e-05,26235.63,808.25,1620084,N/A,2025-09-24 12:43:25
1123,6.316873,N/A,N/A,5.00e-05,30572.13,858.00,1633169,N/A,2025-09-24 12:43:26
1124,6.596303,N/A,N/A,5.00e-05,31430.28,660.00,1646114,N/A,2025-09-24 12:43:26
1125,6.792273,N/A,N/A,5.00e-05,12499.81,816.75,1660123,N/A,2025-09-24 12:43:28
1126,6.917642,N/A,N/A,5.00e-05,13071.61,970.25,1674379,N/A,2025-09-24 12:43:29
1127,6.748713,N/A,N/A,5.00e-05,24803.31,807.75,1687788,N/A,2025-09-24 12:43:29
1128,6.301003,N/A,N/A,5.00e-05,32720.10,773.25,1701150,N/A,2025-09-24 12:43:29
1129,6.457005,N/A,N/A,5.00e-05,31613.03,725.25,1713704,N/A,2025-09-24 12:43:30
1130,6.486344,N/A,N/A,5.00e-05,30806.54,984.75,1727351,1.0000,2025-09-24 12:43:30
1131,6.652614,N/A,N/A,5.00e-05,28836.84,870.75,1741328,N/A,2025-09-24 12:43:31
1132,6.568177,N/A,N/A,5.00e-05,30225.72,807.50,1755030,N/A,2025-09-24 12:43:31
1133,6.573374,N/A,N/A,5.00e-05,33918.76,814.25,1769098,N/A,2025-09-24 12:43:32
1134,6.820026,N/A,N/A,5.00e-05,33209.31,942.00,1782313,N/A,2025-09-24 12:43:32
1135,6.665319,N/A,N/A,5.00e-05,32158.36,703.25,1794967,N/A,2025-09-24 12:43:33
1136,6.643949,N/A,N/A,5.00e-05,31881.59,710.50,1808102,N/A,2025-09-24 12:43:33
1137,6.557891,N/A,N/A,5.00e-05,31609.15,876.75,1821555,N/A,2025-09-24 12:43:34
1138,6.630479,N/A,N/A,5.00e-05,31338.17,697.75,1834077,N/A,2025-09-24 12:43:34
1139,6.288659,N/A,N/A,5.00e-05,31806.86,853.50,1847531,N/A,2025-09-24 12:43:35
1140,6.698160,N/A,N/A,5.00e-05,31064.14,857.75,1861316,1.0000,2025-09-24 12:43:35
1141,6.761577,N/A,N/A,5.00e-05,27816.61,762.75,1874558,N/A,2025-09-24 12:43:36
1142,6.533428,N/A,N/A,5.00e-05,28022.16,835.25,1888111,N/A,2025-09-24 12:43:36
1143,6.813046,N/A,N/A,5.00e-05,29220.20,745.50,1901798,N/A,2025-09-24 12:43:37
1144,6.744188,N/A,N/A,5.00e-05,28332.58,685.00,1914318,N/A,2025-09-24 12:43:37
1145,6.662899,N/A,N/A,5.00e-05,28571.74,753.00,1927446,N/A,2025-09-24 12:43:38
1146,6.931822,N/A,N/A,5.00e-05,31181.47,680.75,1940126,N/A,2025-09-24 12:43:38
1147,6.770644,N/A,N/A,5.00e-05,31254.72,1024.00,1954524,N/A,2025-09-24 12:43:38
1148,6.664683,N/A,N/A,5.00e-05,31360.88,764.25,1966963,N/A,2025-09-24 12:43:39
1149,6.849325,N/A,N/A,5.00e-05,30816.75,758.00,1979397,N/A,2025-09-24 12:43:39
1150,6.695468,N/A,N/A,5.00e-05,11396.64,673.75,1991944,1.0000,2025-09-24 12:43:41
1151,6.990893,N/A,N/A,5.00e-05,10674.37,687.25,2003616,N/A,2025-09-24 12:43:42
1152,6.667502,N/A,N/A,5.00e-05,20447.75,848.50,2016005,N/A,2025-09-24 12:43:42
1153,6.816375,N/A,N/A,5.00e-05,30090.77,1002.50,2028490,N/A,2025-09-24 12:43:43
1154,6.490859,N/A,N/A,5.00e-05,30583.08,781.75,2040812,N/A,2025-09-24 12:43:43
1155,6.531971,N/A,N/A,5.00e-05,31697.72,891.00,2053294,N/A,2025-09-24 12:43:44
1156,6.751255,N/A,N/A,5.00e-05,30871.34,666.00,2065635,N/A,2025-09-24 12:43:44
1157,6.703663,N/A,N/A,5.00e-05,32478.14,1010.50,2079816,N/A,2025-09-24 12:43:45
1158,6.431839,N/A,N/A,5.00e-05,31074.41,723.00,2091697,N/A,2025-09-24 12:43:45
1159,6.622205,N/A,N/A,5.00e-05,31109.81,975.50,2104434,N/A,2025-09-24 12:43:46
1160,6.538265,N/A,N/A,5.00e-05,29929.05,892.75,2117386,0.7945,2025-09-24 12:43:46
1161,6.536885,N/A,N/A,5.00e-05,27017.44,801.75,2129573,N/A,2025-09-24 12:43:47
1162,6.787149,N/A,N/A,5.00e-05,26952.94,799.00,2142666,N/A,2025-09-24 12:43:47
1163,6.810725,N/A,N/A,5.00e-05,30530.17,742.00,2155467,N/A,2025-09-24 12:43:48
1164,6.681078,N/A,N/A,5.00e-05,32450.49,974.00,2169502,N/A,2025-09-24 12:43:48
1165,6.735319,N/A,N/A,5.00e-05,31207.52,753.50,2181704,N/A,2025-09-24 12:43:48
1166,6.161889,N/A,N/A,5.00e-05,31282.15,754.25,2194090,N/A,2025-09-24 12:43:49
1167,6.575644,N/A,N/A,5.00e-05,30006.43,773.75,2206861,N/A,2025-09-24 12:43:49
1168,6.934470,N/A,N/A,5.00e-05,30692.11,934.75,2220210,N/A,2025-09-24 12:43:50
1169,6.875054,N/A,N/A,5.00e-05,31036.83,804.25,2233017,N/A,2025-09-24 12:43:50
1170,6.734478,N/A,N/A,5.00e-05,30367.78,804.50,2246545,0.8437,2025-09-24 12:43:51
1171,6.353519,N/A,N/A,5.00e-05,28632.40,676.25,2259509,N/A,2025-09-24 12:43:51
1172,6.488220,N/A,N/A,5.00e-05,28096.64,908.75,2272563,N/A,2025-09-24 12:43:52
1173,6.660794,N/A,N/A,5.00e-05,31400.60,685.25,2285725,N/A,2025-09-24 12:43:52
1174,6.530384,N/A,N/A,5.00e-05,31442.52,844.00,2298613,N/A,2025-09-24 12:43:53
1175,6.801276,N/A,N/A,5.00e-05,12110.32,821.50,2311823,N/A,2025-09-24 12:43:55
1176,6.649960,N/A,N/A,5.00e-05,12372.28,935.75,2325907,N/A,2025-09-24 12:43:55
1177,6.306997,N/A,N/A,5.00e-05,23105.12,820.50,2339229,N/A,2025-09-24 12:43:56
1178,6.598326,N/A,N/A,5.00e-05,31951.97,1024.00,2353258,N/A,2025-09-24 12:43:56
1179,6.435747,N/A,N/A,5.00e-05,31417.94,775.25,2366215,N/A,2025-09-24 12:43:57
1180,6.432181,N/A,N/A,5.00e-05,29581.53,912.50,2379452,1.0000,2025-09-24 12:43:57
1181,6.739026,N/A,N/A,5.00e-05,27807.93,578.75,2392443,N/A,2025-09-24 12:43:58
1182,6.883996,N/A,N/A,5.00e-05,28457.52,652.00,2405358,N/A,2025-09-24 12:43:58
1183,6.798189,N/A,N/A,5.00e-05,31424.34,830.75,2419235,N/A,2025-09-24 12:43:59
1184,6.688953,N/A,N/A,5.00e-05,30571.96,988.25,2432217,N/A,2025-09-24 12:43:59
1185,6.776135,N/A,N/A,5.00e-05,30761.65,902.00,2444813,N/A,2025-09-24 12:43:59
1186,6.698759,N/A,N/A,5.00e-05,32734.05,909.75,2459701,N/A,2025-09-24 12:44:00
1187,6.745841,N/A,N/A,5.00e-05,33530.02,736.25,2472423,N/A,2025-09-24 12:44:00
1188,7.385461,N/A,N/A,5.00e-05,31991.41,916.50,2485417,N/A,2025-09-24 12:44:01
1189,6.743845,N/A,N/A,5.00e-05,28117.08,594.25,2496457,N/A,2025-09-24 12:44:01
1190,6.815303,N/A,N/A,5.00e-05,28490.50,907.50,2509155,0.7425,2025-09-24 12:44:02
1191,6.534082,N/A,N/A,5.00e-05,28303.08,789.00,2523007,N/A,2025-09-24 12:44:02
1192,6.547066,N/A,N/A,5.00e-05,30430.27,997.50,2536802,N/A,2025-09-24 12:44:03
1193,6.441720,N/A,N/A,5.00e-05,34278.65,925.75,2550536,N/A,2025-09-24 12:44:03
1194,6.055545,N/A,N/A,5.00e-05,32997.89,884.75,2563050,N/A,2025-09-24 12:44:04
1195,6.583029,N/A,N/A,5.00e-05,32389.67,786.25,2577084,N/A,2025-09-24 12:44:04
1196,6.722908,N/A,N/A,5.00e-05,32935.69,763.50,2590090,N/A,2025-09-24 12:44:04
1197,6.673078,N/A,N/A,5.00e-05,32649.41,851.75,2603138,N/A,2025-09-24 12:44:05
1198,6.373472,N/A,N/A,5.00e-05,31143.42,806.00,2614923,N/A,2025-09-24 12:44:05
1199,7.073847,N/A,N/A,5.00e-05,30508.11,832.00,2627287,N/A,2025-09-24 12:44:06
1200,6.928660,N/A,N/A,5.00e-05,11936.13,657.25,2640289,0.9323,2025-09-24 12:44:08
1201,6.479887,N/A,N/A,5.00e-05,11809.71,834.25,2654354,N/A,2025-09-24 12:44:08
1202,6.651254,N/A,N/A,5.00e-05,20581.45,607.00,2666757,N/A,2025-09-24 12:44:09
1203,6.442576,N/A,N/A,5.00e-05,30736.82,824.50,2680677,N/A,2025-09-24 12:44:09
1204,6.447182,N/A,N/A,5.00e-05,28508.88,748.75,2692544,N/A,2025-09-24 12:44:10
1205,6.968751,N/A,N/A,5.00e-05,30113.58,653.50,2704749,N/A,2025-09-24 12:44:10
1206,6.675698,N/A,N/A,5.00e-05,32184.56,981.75,2718499,N/A,2025-09-24 12:44:11
1207,6.591109,N/A,N/A,5.00e-05,29775.04,778.50,2730875,N/A,2025-09-24 12:44:11
1208,6.701952,N/A,N/A,5.00e-05,27346.78,899.50,2743203,N/A,2025-09-24 12:44:12
1209,6.925602,N/A,N/A,5.00e-05,24236.40,823.75,2756220,N/A,2025-09-24 12:44:12
1210,6.482681,N/A,N/A,5.00e-05,24348.06,865.25,2769927,0.9226,2025-09-24 12:44:13
1211,6.539597,N/A,N/A,5.00e-05,5294.38,725.50,2779417,N/A,2025-09-24 12:44:18
1212,6.541576,N/A,N/A,5.00e-05,5566.74,1017.50,2793362,N/A,2025-09-24 12:44:18
1213,6.370315,N/A,N/A,5.00e-05,29234.36,897.25,2806272,N/A,2025-09-24 12:44:19
1214,6.791315,N/A,N/A,5.00e-05,29672.38,857.00,2818940,N/A,2025-09-24 12:44:19
1215,6.700177,N/A,N/A,5.00e-05,30573.43,823.75,2831566,N/A,2025-09-24 12:44:20
1216,6.494693,N/A,N/A,5.00e-05,33328.46,936.50,2845363,N/A,2025-09-24 12:44:20
1217,7.159861,N/A,N/A,5.00e-05,32289.87,816.75,2857841,N/A,2025-09-24 12:44:20
1218,6.513196,N/A,N/A,5.00e-05,32390.64,794.75,2871081,N/A,2025-09-24 12:44:21
1219,6.755807,N/A,N/A,5.00e-05,31939.95,933.75,2884351,N/A,2025-09-24 12:44:21
1220,6.729886,N/A,N/A,5.00e-05,30310.98,825.50,2897404,0.8351,2025-09-24 12:44:22
1221,6.428428,N/A,N/A,5.00e-05,28540.26,877.50,2910715,N/A,2025-09-24 12:44:22
1222,6.744618,N/A,N/A,5.00e-05,28740.09,959.75,2924306,N/A,2025-09-24 12:44:23
1223,6.692970,N/A,N/A,5.00e-05,32446.28,834.75,2937857,N/A,2025-09-24 12:44:23
1224,6.947135,N/A,N/A,5.00e-05,32234.03,792.25,2950164,N/A,2025-09-24 12:44:24
1225,6.995923,N/A,N/A,5.00e-05,12132.58,781.50,2962747,N/A,2025-09-24 12:44:26
1226,6.847416,N/A,N/A,5.00e-05,12118.68,829.25,2975752,N/A,2025-09-24 12:44:26
1227,6.716838,N/A,N/A,5.00e-05,23725.39,811.25,2989037,N/A,2025-09-24 12:44:27
1228,7.062026,N/A,N/A,5.00e-05,31361.35,753.25,3000811,N/A,2025-09-24 12:44:27
1229,6.516222,N/A,N/A,5.00e-05,29297.90,674.50,3012985,N/A,2025-09-24 12:44:28
1230,6.721767,N/A,N/A,5.00e-05,28120.85,849.25,3025163,1.0000,2025-09-24 12:44:28
1231,6.494071,N/A,N/A,5.00e-05,26742.20,1024.00,3038665,N/A,2025-09-24 12:44:29
1232,6.700840,N/A,N/A,5.00e-05,27973.37,746.00,3052338,N/A,2025-09-24 12:44:29
1233,6.702363,N/A,N/A,5.00e-05,32025.40,795.75,3064835,N/A,2025-09-24 12:44:30
1234,6.745543,N/A,N/A,5.00e-05,31481.97,824.00,3078339,N/A,2025-09-24 12:44:30
1235,6.758321,N/A,N/A,5.00e-05,31104.17,852.50,3091568,N/A,2025-09-24 12:44:30
1236,6.596216,N/A,N/A,5.00e-05,33208.01,904.25,3104801,N/A,2025-09-24 12:44:31
1237,6.588501,N/A,N/A,5.00e-05,32865.14,998.50,3118521,N/A,2025-09-24 12:44:31
1238,6.681551,N/A,N/A,5.00e-05,33377.89,900.75,3131742,N/A,2025-09-24 12:44:32
1239,6.959961,N/A,N/A,5.00e-05,32178.84,742.25,3144391,N/A,2025-09-24 12:44:32
1240,6.596877,N/A,N/A,5.00e-05,30690.50,799.75,3157478,0.9855,2025-09-24 12:44:33
1241,6.373095,N/A,N/A,5.00e-05,27840.21,964.50,3170528,N/A,2025-09-24 12:44:33
1242,6.812654,N/A,N/A,5.00e-05,29554.01,677.75,3184630,N/A,2025-09-24 12:44:34
1243,6.414441,N/A,N/A,5.00e-05,34838.92,989.50,3198548,N/A,2025-09-24 12:44:34
1244,6.640053,N/A,N/A,5.00e-05,33001.82,794.75,3211347,N/A,2025-09-24 12:44:35
1245,6.916996,N/A,N/A,5.00e-05,31171.27,626.25,3222985,N/A,2025-09-24 12:44:35
1246,6.668291,N/A,N/A,5.00e-05,31807.40,732.25,3236859,N/A,2025-09-24 12:44:35
1247,6.752820,N/A,N/A,5.00e-05,31553.99,789.75,3249543,N/A,2025-09-24 12:44:36
1248,6.820054,N/A,N/A,5.00e-05,29942.18,781.75,3262325,N/A,2025-09-24 12:44:36
1249,6.435962,N/A,N/A,5.00e-05,30754.26,860.00,3275088,N/A,2025-09-24 12:44:37
1250,6.687166,6.662976,803.410645,5.00e-05,1434.07,842.75,3287515,N/A,2025-09-24 12:44:58
1251,6.533873,6.662976,803.410645,5.00e-05,1359.16,572.00,3298426,N/A,2025-09-24 12:44:59
1252,6.409635,6.662976,803.410645,5.00e-05,1471.38,771.50,3311588,N/A,2025-09-24 12:44:59
1253,6.689431,6.662976,803.410645,5.00e-05,27643.02,866.00,3324517,N/A,2025-09-24 12:45:00
1254,6.534587,6.662976,803.410645,5.00e-05,29126.27,834.25,3337856,N/A,2025-09-24 12:45:00
1255,6.646365,6.662976,803.410645,5.00e-05,28551.83,643.75,3349314,N/A,2025-09-24 12:45:01
1256,6.643364,6.662976,803.410645,5.00e-05,29120.50,656.00,3361610,N/A,2025-09-24 12:45:01
1257,6.842734,6.662976,803.410645,5.00e-05,29411.05,722.25,3375303,N/A,2025-09-24 12:45:02
1258,6.568201,6.662976,803.410645,5.00e-05,30851.14,692.25,3388696,N/A,2025-09-24 12:45:02
1259,6.627977,6.662976,803.410645,5.00e-05,31666.34,776.50,3402903,N/A,2025-09-24 12:45:03
1260,6.464964,6.662976,803.410645,5.00e-05,31709.00,864.75,3417150,0.7756,2025-09-24 12:45:03
1261,6.501093,6.662976,803.410645,5.00e-05,29140.04,801.25,3430707,N/A,2025-09-24 12:45:04
1262,6.625203,6.662976,803.410645,5.00e-05,28283.20,885.75,3443314,N/A,2025-09-24 12:45:04
1263,6.599062,6.662976,803.410645,5.00e-05,13779.36,821.25,3456015,N/A,2025-09-24 12:45:06
1264,6.542919,6.662976,803.410645,5.00e-05,14738.94,914.25,3470253,N/A,2025-09-24 12:45:06
1265,6.773951,6.662976,803.410645,5.00e-05,32112.97,779.75,3484394,N/A,2025-09-24 12:45:07
1266,6.383859,6.662976,803.410645,5.00e-05,30121.26,685.00,3497376,N/A,2025-09-24 12:45:07
1267,6.785521,6.662976,803.410645,5.00e-05,29476.91,709.00,3510816,N/A,2025-09-24 12:45:08
1268,6.611030,6.662976,803.410645,5.00e-05,29517.50,659.75,3522997,N/A,2025-09-24 12:45:08
1269,6.590839,6.662976,803.410645,5.00e-05,31394.59,783.75,3536672,N/A,2025-09-24 12:45:08
1270,6.599898,6.662976,803.410645,5.00e-05,30378.54,619.00,3548721,0.9097,2025-09-24 12:45:09
1271,6.528563,6.662976,803.410645,5.00e-05,27581.23,862.75,3561802,N/A,2025-09-24 12:45:10
1272,6.714343,6.662976,803.410645,5.00e-05,26050.07,772.00,3573695,N/A,2025-09-24 12:45:10
1273,6.835116,6.662976,803.410645,5.00e-05,29949.09,807.50,3586345,N/A,2025-09-24 12:45:10
1274,6.503971,6.662976,803.410645,5.00e-05,29827.96,887.25,3599368,N/A,2025-09-24 12:45:11
1275,6.427717,6.662976,803.410645,5.00e-05,23211.69,852.00,3611924,N/A,2025-09-24 12:45:12
1276,6.715802,6.662976,803.410645,5.00e-05,23552.15,938.75,3624326,N/A,2025-09-24 12:45:12
1277,6.508102,6.662976,803.410645,5.00e-05,23157.07,869.50,3636768,N/A,2025-09-24 12:45:13
1278,6.693850,6.662976,803.410645,5.00e-05,31595.80,978.75,3649811,N/A,2025-09-24 12:45:13
1279,6.618551,6.662976,803.410645,5.00e-05,31112.41,662.00,3662472,N/A,2025-09-24 12:45:13
1280,6.640748,6.662976,803.410645,5.00e-05,30651.75,737.50,3675525,1.0000,2025-09-24 12:45:14
1281,6.915250,6.662976,803.410645,5.00e-05,26011.95,709.00,3686849,N/A,2025-09-24 12:45:14
1282,6.503222,6.662976,803.410645,5.00e-05,25731.19,678.50,3700324,N/A,2025-09-24 12:45:15
1283,6.549641,6.662976,803.410645,5.00e-05,30204.18,876.50,3712801,N/A,2025-09-24 12:45:15
1284,6.852301,6.662976,803.410645,5.00e-05,29507.57,761.25,3726498,N/A,2025-09-24 12:45:16
1285,6.483397,6.662976,803.410645,5.00e-05,30708.54,669.25,3739397,N/A,2025-09-24 12:45:16
1286,6.524596,6.662976,803.410645,5.00e-05,31497.91,719.50,3752939,N/A,2025-09-24 12:45:17
1287,6.659574,6.662976,803.410645,5.00e-05,33543.47,796.75,3767386,N/A,2025-09-24 12:45:17
1288,6.805642,6.662976,803.410645,5.00e-05,15392.69,872.00,3781794,N/A,2025-09-24 12:45:19
1289,6.221323,6.662976,803.410645,5.00e-05,14639.97,731.50,3794662,N/A,2025-09-24 12:45:19
1290,6.526830,6.662976,803.410645,5.00e-05,29619.00,883.25,3807297,1.0000,2025-09-24 12:45:20
1291,6.281827,6.662976,803.410645,5.00e-05,26384.96,815.25,3820208,N/A,2025-09-24 12:45:20
1292,6.407118,6.662976,803.410645,5.00e-05,28183.02,750.25,3833203,N/A,2025-09-24 12:45:21
1293,6.753830,6.662976,803.410645,5.00e-05,32920.05,798.75,3846840,N/A,2025-09-24 12:45:21
1294,6.812243,6.662976,803.410645,5.00e-05,34149.70,908.75,3861877,N/A,2025-09-24 12:45:22
1295,6.457760,6.662976,803.410645,5.00e-05,34498.73,941.00,3875042,N/A,2025-09-24 12:45:22
1296,6.460651,6.662976,803.410645,5.00e-05,32995.21,669.00,3887943,N/A,2025-09-24 12:45:23
1297,6.268507,6.662976,803.410645,5.00e-05,31339.51,1019.00,3902410,N/A,2025-09-24 12:45:23
1298,6.875922,6.662976,803.410645,5.00e-05,30842.98,642.00,3915381,N/A,2025-09-24 12:45:24
1299,6.990242,6.662976,803.410645,5.00e-05,32308.02,819.50,3930104,N/A,2025-09-24 12:45:24
1300,6.405533,6.662976,803.410645,5.00e-05,23835.41,924.25,3943200,0.7708,2025-09-24 12:45:25
1301,6.374050,6.662976,803.410645,5.00e-05,21437.50,836.75,3956622,N/A,2025-09-24 12:45:26
1302,6.908156,6.662976,803.410645,5.00e-05,21521.01,906.00,3970016,N/A,2025-09-24 12:45:26
1303,6.349936,6.662976,803.410645,5.00e-05,30136.78,768.25,3982682,N/A,2025-09-24 12:45:26
1304,6.301351,6.662976,803.410645,5.00e-05,31342.40,964.50,3996090,N/A,2025-09-24 12:45:27
1305,6.724946,6.662976,803.410645,5.00e-05,33372.98,820.25,4009864,N/A,2025-09-24 12:45:27
1306,6.469386,6.662976,803.410645,5.00e-05,33560.71,797.25,4022886,N/A,2025-09-24 12:45:28
1307,6.323310,6.662976,803.410645,5.00e-05,33343.61,1012.00,4037345,N/A,2025-09-24 12:45:28
1308,6.483857,6.662976,803.410645,5.00e-05,32994.92,720.50,4050358,N/A,2025-09-24 12:45:29
1309,6.856983,6.662976,803.410645,5.00e-05,32165.40,843.75,4063707,N/A,2025-09-24 12:45:29
1310,6.811077,6.662976,803.410645,5.00e-05,30828.89,672.25,4077244,0.8357,2025-09-24 12:45:30
1311,7.220375,6.662976,803.410645,5.00e-05,28015.20,761.00,4090267,N/A,2025-09-24 12:45:30
1312,6.663758,6.662976,803.410645,5.00e-05,27407.86,926.75,4103273,N/A,2025-09-24 12:45:31
1313,6.520473,6.662976,803.410645,5.00e-05,13947.05,813.75,4117036,N/A,2025-09-24 12:45:32
1314,6.404718,6.662976,803.410645,5.00e-05,14107.54,959.75,4130526,N/A,2025-09-24 12:45:33
1315,6.565617,6.662976,803.410645,5.00e-05,31562.97,701.75,4142712,N/A,2025-09-24 12:45:33
1316,6.594964,6.662976,803.410645,5.00e-05,29890.63,866.25,4155757,N/A,2025-09-24 12:45:34
1317,6.490551,6.662976,803.410645,5.00e-05,29648.19,995.50,4168742,N/A,2025-09-24 12:45:34
1318,6.813540,6.662976,803.410645,5.00e-05,28435.98,602.00,4180598,N/A,2025-09-24 12:45:35
1319,6.873258,6.662976,803.410645,5.00e-05,30862.02,697.25,4192674,N/A,2025-09-24 12:45:35
1320,6.506259,6.662976,803.410645,5.00e-05,27647.50,785.25,4205206,0.8493,2025-09-24 12:45:36
1321,6.688316,6.662976,803.410645,5.00e-05,26653.71,897.25,4218526,N/A,2025-09-24 12:45:36
1322,6.531189,6.662976,803.410645,5.00e-05,26539.51,655.00,4231430,N/A,2025-09-24 12:45:37
1323,6.512565,6.662976,803.410645,5.00e-05,30884.69,879.75,4243518,N/A,2025-09-24 12:45:37
1324,6.618317,6.662976,803.410645,5.00e-05,28846.44,629.25,4255200,N/A,2025-09-24 12:45:38
1325,6.796044,6.662976,803.410645,5.00e-05,22846.85,847.50,4268355,N/A,2025-09-24 12:45:38
1326,6.615757,6.662976,803.410645,5.00e-05,22691.88,706.50,4280774,N/A,2025-09-24 12:45:39
1327,6.466369,6.662976,803.410645,5.00e-05,23455.41,814.25,4293857,N/A,2025-09-24 12:45:39
1328,6.376683,6.662976,803.410645,5.00e-05,31303.04,674.00,4306964,N/A,2025-09-24 12:45:40
1329,6.800133,6.662976,803.410645,5.00e-05,31382.89,740.50,4318876,N/A,2025-09-24 12:45:40
1330,6.553136,6.662976,803.410645,5.00e-05,30910.45,798.75,4332603,0.7201,2025-09-24 12:45:41
1331,7.269933,6.662976,803.410645,5.00e-05,28468.97,857.75,4345454,N/A,2025-09-24 12:45:41
1332,6.548834,6.662976,803.410645,5.00e-05,28979.59,899.25,4359179,N/A,2025-09-24 12:45:42
1333,6.872267,6.662976,803.410645,5.00e-05,32450.86,1024.00,4372451,N/A,2025-09-24 12:45:42
1334,6.577534,6.662976,803.410645,5.00e-05,31595.51,774.00,4384461,N/A,2025-09-24 12:45:43
1335,6.607533,6.662976,803.410645,5.00e-05,32230.25,804.50,4397658,N/A,2025-09-24 12:45:43
1336,6.440748,6.662976,803.410645,5.00e-05,31410.87,608.50,4409948,N/A,2025-09-24 12:45:43
1337,6.815161,6.662976,803.410645,5.00e-05,31783.55,726.75,4423208,N/A,2025-09-24 12:45:44
1338,6.802391,6.662976,803.410645,5.00e-05,14254.03,923.50,4437288,N/A,2025-09-24 12:45:46
1339,6.564948,6.662976,803.410645,5.00e-05,15065.31,911.25,4451154,N/A,2025-09-24 12:45:46
1340,6.603754,6.662976,803.410645,5.00e-05,33033.91,829.50,4464968,0.9767,2025-09-24 12:45:47
1341,6.547429,6.662976,803.410645,5.00e-05,30432.72,734.50,4478911,N/A,2025-09-24 12:45:47
1342,6.663149,6.662976,803.410645,5.00e-05,28771.22,838.50,4491058,N/A,2025-09-24 12:45:48
1343,6.363467,6.662976,803.410645,5.00e-05,32387.13,995.50,4504977,N/A,2025-09-24 12:45:48
1344,6.355095,6.662976,803.410645,5.00e-05,32736.82,865.75,4518505,N/A,2025-09-24 12:45:48
1345,6.501697,6.662976,803.410645,5.00e-05,34216.27,804.75,4532449,N/A,2025-09-24 12:45:49
1346,6.458831,6.662976,803.410645,5.00e-05,32650.63,807.00,4545295,N/A,2025-09-24 12:45:49
1347,6.229303,6.662976,803.410645,5.00e-05,29575.45,689.50,4556679,N/A,2025-09-24 12:45:50
1348,6.693533,6.662976,803.410645,5.00e-05,29667.63,915.50,4569611,N/A,2025-09-24 12:45:50
1349,6.711753,6.662976,803.410645,5.00e-05,31093.80,799.50,4582701,N/A,2025-09-24 12:45:51
1350,6.491811,6.662976,803.410645,5.00e-05,19251.93,866.75,4596528,0.9462,2025-09-24 12:45:52
1351,6.545142,6.662976,803.410645,5.00e-05,18100.73,870.25,4610123,N/A,2025-09-24 12:45:52
1352,6.544649,6.662976,803.410645,5.00e-05,22529.40,860.75,4623802,N/A,2025-09-24 12:45:53
1353,6.477683,6.662976,803.410645,5.00e-05,30871.94,743.75,4636473,N/A,2025-09-24 12:45:53
1354,6.754605,6.662976,803.410645,5.00e-05,33119.00,884.25,4650741,N/A,2025-09-24 12:45:54
1355,6.549326,6.662976,803.410645,5.00e-05,31481.43,776.25,4662955,N/A,2025-09-24 12:45:54
1356,6.615319,6.662976,803.410645,5.00e-05,31510.11,675.25,4675416,N/A,2025-09-24 12:45:55
1357,6.601120,6.662976,803.410645,5.00e-05,32067.99,996.50,4689300,N/A,2025-09-24 12:45:55
1358,6.665401,6.662976,803.410645,5.00e-05,31004.61,710.00,4702142,N/A,2025-09-24 12:45:56
1359,6.550896,6.662976,803.410645,5.00e-05,31008.94,899.50,4715322,N/A,2025-09-24 12:45:56
1360,6.802461,6.662976,803.410645,5.00e-05,30923.89,1003.50,4729586,0.7652,2025-09-24 12:45:56
1361,6.377166,6.662976,803.410645,5.00e-05,30015.76,890.75,4742589,N/A,2025-09-24 12:45:57
1362,6.648654,6.662976,803.410645,5.00e-05,29982.47,703.00,4756327,N/A,2025-09-24 12:45:57
1363,6.640050,6.662976,803.410645,5.00e-05,14740.48,1024.00,4769507,N/A,2025-09-24 12:45:59
1364,6.979950,6.662976,803.410645,5.00e-05,13929.34,864.75,4782198,N/A,2025-09-24 12:46:00
1365,6.655481,6.662976,803.410645,5.00e-05,32207.63,757.75,4795117,N/A,2025-09-24 12:46:00
1366,6.188193,6.662976,803.410645,5.00e-05,29185.20,787.50,4807451,N/A,2025-09-24 12:46:01
1367,6.488701,6.662976,803.410645,5.00e-05,28888.56,759.50,4820171,N/A,2025-09-24 12:46:01
1368,6.349833,6.662976,803.410645,5.00e-05,30095.87,798.75,4832802,N/A,2025-09-24 12:46:01
1369,6.866714,6.662976,803.410645,5.00e-05,32176.21,944.75,4846170,N/A,2025-09-24 12:46:02
1370,6.580928,6.662976,803.410645,5.00e-05,31218.72,744.75,4858446,1.0000,2025-09-24 12:46:02
1371,6.352685,6.662976,803.410645,5.00e-05,29254.41,996.00,4872500,N/A,2025-09-24 12:46:03
1372,6.346439,6.662976,803.410645,5.00e-05,29251.26,782.00,4885636,N/A,2025-09-24 12:46:03
1373,6.472115,6.662976,803.410645,5.00e-05,31318.51,816.75,4897872,N/A,2025-09-24 12:46:04
1374,6.606509,6.662976,803.410645,5.00e-05,29587.69,810.50,4911464,N/A,2025-09-24 12:46:04
1375,6.449937,6.662976,803.410645,5.00e-05,22370.46,700.00,4924144,N/A,2025-09-24 12:46:05
1376,6.792089,6.662976,803.410645,5.00e-05,22378.70,996.75,4937979,N/A,2025-09-24 12:46:06
1377,6.396880,6.662976,803.410645,5.00e-05,22987.52,1002.75,4950946,N/A,2025-09-24 12:46:06
1378,6.734636,6.662976,803.410645,5.00e-05,32057.47,753.00,4963918,N/A,2025-09-24 12:46:06
1379,6.524544,6.662976,803.410645,5.00e-05,33006.09,769.25,4977169,N/A,2025-09-24 12:46:07
1380,6.578752,6.662976,803.410645,5.00e-05,31237.43,679.00,4990709,0.7950,2025-09-24 12:46:07
1381,6.560094,6.662976,803.410645,5.00e-05,28134.74,845.25,5003501,N/A,2025-09-24 12:46:08
1382,6.577046,6.662976,803.410645,5.00e-05,27851.70,714.50,5017137,N/A,2025-09-24 12:46:08
1383,6.680769,6.662976,803.410645,5.00e-05,30598.59,845.25,5028752,N/A,2025-09-24 12:46:09
1384,6.452779,6.662976,803.410645,5.00e-05,29701.57,959.00,5041704,N/A,2025-09-24 12:46:09
1385,6.508858,6.662976,803.410645,5.00e-05,32941.88,962.00,5056361,N/A,2025-09-24 12:46:10
1386,6.424500,6.662976,803.410645,5.00e-05,33945.92,881.50,5069114,N/A,2025-09-24 12:46:10
1387,6.498779,6.662976,803.410645,5.00e-05,32873.40,771.50,5082106,N/A,2025-09-24 12:46:11
1388,6.519573,6.662976,803.410645,5.00e-05,14038.05,894.00,5094733,N/A,2025-09-24 12:46:12
1389,6.395973,6.662976,803.410645,5.00e-05,13756.74,904.00,5107858,N/A,2025-09-24 12:46:13
1390,6.401506,6.662976,803.410645,5.00e-05,31521.33,863.75,5122016,0.8655,2025-09-24 12:46:13
1391,6.446365,6.662976,803.410645,5.00e-05,28274.01,968.75,5136431,N/A,2025-09-24 12:46:14
1392,6.824419,6.662976,803.410645,5.00e-05,27885.92,804.00,5148973,N/A,2025-09-24 12:46:14
1393,6.772285,6.662976,803.410645,5.00e-05,31261.14,795.25,5162499,N/A,2025-09-24 12:46:15
1394,6.255396,6.662976,803.410645,5.00e-05,30156.67,675.00,5174162,N/A,2025-09-24 12:46:15
1395,6.696227,6.662976,803.410645,5.00e-05,30208.57,924.75,5186719,N/A,2025-09-24 12:46:16
1396,6.154810,6.662976,803.410645,5.00e-05,30456.39,917.50,5199710,N/A,2025-09-24 12:46:16
1397,6.682110,6.662976,803.410645,5.00e-05,32729.33,754.50,5213701,N/A,2025-09-24 12:46:17
1398,6.575280,6.662976,803.410645,5.00e-05,34393.90,946.00,5228427,N/A,2025-09-24 12:46:17
1399,6.626705,6.662976,803.410645,5.00e-05,32737.12,746.25,5242212,N/A,2025-09-24 12:46:18
1400,6.673569,6.662976,803.410645,5.00e-05,18997.90,705.25,5255896,0.7955,2025-09-24 12:46:19
1401,6.663073,6.662976,803.410645,5.00e-05,16393.17,777.75,5269170,N/A,2025-09-24 12:46:19
1402,6.749402,6.662976,803.410645,5.00e-05,16287.32,865.50,5282899,N/A,2025-09-24 12:46:20
1403,6.820064,6.662976,803.410645,5.00e-05,6393.72,755.00,5295772,N/A,2025-09-24 12:46:24
1404,6.610528,6.662976,803.410645,5.00e-05,6507.14,641.00,5309022,N/A,2025-09-24 12:46:25
1405,7.098986,6.662976,803.410645,5.00e-05,32040.65,815.00,5321471,N/A,2025-09-24 12:46:25
1406,6.703019,6.662976,803.410645,5.00e-05,31625.71,891.75,5334776,N/A,2025-09-24 12:46:26
1407,6.835070,6.662976,803.410645,5.00e-05,31488.86,796.50,5347465,N/A,2025-09-24 12:46:26
1408,6.698273,6.662976,803.410645,5.00e-05,31859.27,838.00,5360861,N/A,2025-09-24 12:46:27
1409,6.359237,6.662976,803.410645,5.00e-05,32506.26,861.25,5374735,N/A,2025-09-24 12:46:27
1410,6.288187,6.662976,803.410645,5.00e-05,32144.47,865.50,5388544,0.8285,2025-09-24 12:46:28
1411,6.451521,6.662976,803.410645,5.00e-05,29866.79,702.25,5402170,N/A,2025-09-24 12:46:28
1412,6.594831,6.662976,803.410645,5.00e-05,28493.77,879.25,5415469,N/A,2025-09-24 12:46:29
1413,6.630984,6.662976,803.410645,5.00e-05,14224.41,687.00,5428329,N/A,2025-09-24 12:46:30
1414,6.854108,6.662976,803.410645,5.00e-05,13970.08,821.75,5441033,N/A,2025-09-24 12:46:31
1415,6.709994,6.662976,803.410645,5.00e-05,29395.88,830.50,5454251,N/A,2025-09-24 12:46:31
1416,6.747067,6.662976,803.410645,5.00e-05,29969.53,828.00,5467192,N/A,2025-09-24 12:46:32
1417,6.563355,6.662976,803.410645,5.00e-05,30340.47,787.75,5480407,N/A,2025-09-24 12:46:32
1418,6.521097,6.662976,803.410645,5.00e-05,32001.58,728.75,5493326,N/A,2025-09-24 12:46:33
1419,6.509063,6.662976,803.410645,5.00e-05,32030.29,744.50,5506214,N/A,2025-09-24 12:46:33
1420,6.789452,6.662976,803.410645,5.00e-05,29078.28,870.75,5519083,0.9659,2025-09-24 12:46:34
1421,6.631684,6.662976,803.410645,5.00e-05,26523.61,800.75,5531489,N/A,2025-09-24 12:46:34
1422,6.467035,6.662976,803.410645,5.00e-05,28069.90,619.25,5545558,N/A,2025-09-24 12:46:34
1423,6.184954,6.662976,803.410645,5.00e-05,30498.36,712.75,5557452,N/A,2025-09-24 12:46:35
1424,6.496606,6.662976,803.410645,5.00e-05,28911.98,917.00,5569443,N/A,2025-09-24 12:46:35
1425,6.736581,6.662976,803.410645,5.00e-05,22824.05,844.00,5583194,N/A,2025-09-24 12:46:36
1426,6.875970,6.662976,803.410645,5.00e-05,25241.92,663.75,5596331,N/A,2025-09-24 12:46:37
1427,6.827260,6.662976,803.410645,5.00e-05,24116.49,758.75,5608510,N/A,2025-09-24 12:46:37
1428,6.750546,6.662976,803.410645,5.00e-05,30834.14,791.00,5621216,N/A,2025-09-24 12:46:38
1429,6.569520,6.662976,803.410645,5.00e-05,31493.06,776.25,5634865,N/A,2025-09-24 12:46:38
1430,6.305932,6.662976,803.410645,5.00e-05,28816.47,693.25,5646623,1.0000,2025-09-24 12:46:38
1431,6.944958,6.662976,803.410645,5.00e-05,26781.64,927.50,5659490,N/A,2025-09-24 12:46:39
1432,6.457699,6.662976,803.410645,5.00e-05,27074.86,715.75,5672522,N/A,2025-09-24 12:46:39
1433,6.468520,6.662976,803.410645,5.00e-05,31278.25,866.75,5684184,N/A,2025-09-24 12:46:40
1434,6.859332,6.662976,803.410645,5.00e-05,30607.95,851.50,5697821,N/A,2025-09-24 12:46:40
1435,6.548532,6.662976,803.410645,5.00e-05,31260.45,932.25,5710978,N/A,2025-09-24 12:46:41
1436,6.437347,6.662976,803.410645,5.00e-05,30621.94,663.00,5722661,N/A,2025-09-24 12:46:41
1437,6.722910,6.662976,803.410645,5.00e-05,28866.71,708.50,5734418,N/A,2025-09-24 12:46:42
1438,6.683216,6.662976,803.410645,5.00e-05,13180.09,812.00,5747890,N/A,2025-09-24 12:46:43
1439,6.612259,6.662976,803.410645,5.00e-05,14084.87,822.75,5761183,N/A,2025-09-24 12:46:44
1440,6.585550,6.662976,803.410645,5.00e-05,31694.57,927.75,5774980,1.0000,2025-09-24 12:46:44
1441,6.793314,6.662976,803.410645,5.00e-05,29125.65,794.25,5788190,N/A,2025-09-24 12:46:45
1442,6.604614,6.662976,803.410645,5.00e-05,28759.70,797.75,5801142,N/A,2025-09-24 12:46:45
1443,6.666242,6.662976,803.410645,5.00e-05,31549.47,1017.75,5814712,N/A,2025-09-24 12:46:46
1444,6.734285,6.662976,803.410645,5.00e-05,32865.20,784.50,5827962,N/A,2025-09-24 12:46:46
1445,6.392900,6.662976,803.410645,5.00e-05,32759.98,815.00,5840546,N/A,2025-09-24 12:46:47
1446,7.111792,6.662976,803.410645,5.00e-05,32296.18,907.00,5854564,N/A,2025-09-24 12:46:47
1447,6.384368,6.662976,803.410645,5.00e-05,32156.77,855.75,5867177,N/A,2025-09-24 12:46:48
1448,6.930220,6.662976,803.410645,5.00e-05,33344.99,869.50,5881160,N/A,2025-09-24 12:46:48
1449,7.581430,6.662976,803.410645,5.00e-05,31247.16,847.75,5894897,N/A,2025-09-24 12:46:49
1450,6.577168,6.662976,803.410645,5.00e-05,21413.39,676.25,5906991,0.8764,2025-09-24 12:46:49
1451,6.616711,6.662976,803.410645,5.00e-05,19919.33,980.00,5921432,N/A,2025-09-24 12:46:50
1452,6.357590,6.662976,803.410645,5.00e-05,21267.80,824.50,5934925,N/A,2025-09-24 12:46:50
1453,6.621690,6.662976,803.410645,5.00e-05,33431.21,752.25,5948036,N/A,2025-09-24 12:46:51
1454,6.533099,6.662976,803.410645,5.00e-05,33621.27,754.75,5961884,N/A,2025-09-24 12:46:51
1455,6.716591,6.662976,803.410645,5.00e-05,31029.20,765.75,5973450,N/A,2025-09-24 12:46:52
1456,6.363804,6.662976,803.410645,5.00e-05,31559.85,1009.75,5987089,N/A,2025-09-24 12:46:52
1457,6.449354,6.662976,803.410645,5.00e-05,32472.89,702.00,6000959,N/A,2025-09-24 12:46:53
1458,6.723265,6.662976,803.410645,5.00e-05,33802.91,1024.00,6014277,N/A,2025-09-24 12:46:53
1459,6.525598,6.662976,803.410645,5.00e-05,31689.04,905.25,6027074,N/A,2025-09-24 12:46:54
1460,6.489530,6.662976,803.410645,5.00e-05,31668.75,840.50,6040009,1.0000,2025-09-24 12:46:54
1461,6.439209,6.662976,803.410645,5.00e-05,27798.86,794.25,6053219,N/A,2025-09-24 12:46:55
1462,6.337442,6.662976,803.410645,5.00e-05,27208.59,654.25,6065203,N/A,2025-09-24 12:46:55
1463,6.390684,6.662976,803.410645,5.00e-05,14382.09,742.50,6079328,N/A,2025-09-24 12:46:57
1464,6.650328,6.662976,803.410645,5.00e-05,14492.35,757.75,6092467,N/A,2025-09-24 12:46:57
1465,6.416327,6.662976,803.410645,5.00e-05,32755.56,733.25,6105704,N/A,2025-09-24 12:46:58
1466,6.356798,6.662976,803.410645,5.00e-05,31382.52,775.25,6118527,N/A,2025-09-24 12:46:58
1467,6.703334,6.662976,803.410645,5.00e-05,33002.52,875.75,6133059,N/A,2025-09-24 12:46:59
1468,6.517346,6.662976,803.410645,5.00e-05,32503.21,792.25,6144730,N/A,2025-09-24 12:46:59
1469,6.494304,6.662976,803.410645,5.00e-05,32783.79,740.00,6158640,N/A,2025-09-24 12:46:59
1470,6.549338,6.662976,803.410645,5.00e-05,30117.37,756.00,6170690,0.8719,2025-09-24 12:47:00
1471,6.923216,6.662976,803.410645,5.00e-05,27488.90,844.50,6184795,N/A,2025-09-24 12:47:00
1472,6.371893,6.662976,803.410645,5.00e-05,27564.93,621.50,6197371,N/A,2025-09-24 12:47:01
1473,6.273474,6.662976,803.410645,5.00e-05,31728.28,797.25,6209865,N/A,2025-09-24 12:47:01
1474,6.426176,6.662976,803.410645,5.00e-05,31127.71,776.25,6222590,N/A,2025-09-24 12:47:02
1475,6.272471,6.662976,803.410645,5.00e-05,21199.26,804.25,6235161,N/A,2025-09-24 12:47:03
1476,6.713906,6.662976,803.410645,5.00e-05,21788.26,732.50,6247418,N/A,2025-09-24 12:47:03
1477,6.859485,6.662976,803.410645,5.00e-05,20647.16,827.00,6259446,N/A,2025-09-24 12:47:04
1478,6.672601,6.662976,803.410645,5.00e-05,30816.14,791.25,6273136,N/A,2025-09-24 12:47:04
1479,6.713758,6.662976,803.410645,5.00e-05,32243.10,710.75,6286539,N/A,2025-09-24 12:47:04
1480,6.786837,6.662976,803.410645,5.00e-05,31194.57,993.75,6299750,0.9616,2025-09-24 12:47:05
1481,6.640397,6.662976,803.410645,5.00e-05,28932.56,831.50,6313935,N/A,2025-09-24 12:47:06
1482,6.383842,6.662976,803.410645,5.00e-05,29442.23,911.50,6326899,N/A,2025-09-24 12:47:06
1483,6.528368,6.662976,803.410645,5.00e-05,30174.77,738.50,6337909,N/A,2025-09-24 12:47:06
1484,6.885216,6.662976,803.410645,5.00e-05,29161.59,610.00,6349751,N/A,2025-09-24 12:47:07
1485,6.205801,6.662976,803.410645,5.00e-05,29423.99,659.00,6362250,N/A,2025-09-24 12:47:07
1486,6.281998,6.662976,803.410645,5.00e-05,32669.55,844.00,6377088,N/A,2025-09-24 12:47:08
1487,6.709718,6.662976,803.410645,5.00e-05,34049.71,825.75,6390872,N/A,2025-09-24 12:47:08
1488,6.446987,6.662976,803.410645,5.00e-05,15175.36,1024.00,6405219,N/A,2025-09-24 12:47:10
1489,6.642335,6.662976,803.410645,5.00e-05,14665.21,782.50,6418149,N/A,2025-09-24 12:47:10
1490,6.460686,6.662976,803.410645,5.00e-05,29167.09,756.00,6430778,1.0000,2025-09-24 12:47:11
1491,6.529377,6.662976,803.410645,5.00e-05,26448.28,686.75,6444256,N/A,2025-09-24 12:47:11
1492,6.861277,6.662976,803.410645,5.00e-05,25994.51,618.75,6456539,N/A,2025-09-24 12:47:12
1493,6.383112,6.662976,803.410645,5.00e-05,32271.22,910.00,6470641,N/A,2025-09-24 12:47:12
1494,6.444626,6.662976,803.410645,5.00e-05,33571.07,995.50,6484810,N/A,2025-09-24 12:47:13
1495,6.953019,6.662976,803.410645,5.00e-05,33586.05,920.00,6497753,N/A,2025-09-24 12:47:13
1496,6.436264,6.662976,803.410645,5.00e-05,31982.63,722.75,6510148,N/A,2025-09-24 12:47:14
1497,6.692177,6.662976,803.410645,5.00e-05,30333.94,754.50,6521738,N/A,2025-09-24 12:47:14
1498,6.470815,6.662976,803.410645,5.00e-05,29989.19,845.25,6534867,N/A,2025-09-24 12:47:15
1499,6.471766,6.662976,803.410645,5.00e-05,32115.65,653.00,6548443,N/A,2025-09-24 12:47:15
1500,6.649722,6.555461,717.250244,5.00e-05,3476.36,790.75,6561552,N/A,2025-09-24 12:47:24
1501,6.725509,6.555461,717.250244,5.00e-05,3422.57,681.25,6574938,N/A,2025-09-24 12:47:25
1502,6.400472,6.555461,717.250244,5.00e-05,3513.54,765.75,6588690,N/A,2025-09-24 12:47:25
1503,6.569133,6.555461,717.250244,5.00e-05,32909.77,964.25,6602665,N/A,2025-09-24 12:47:25
1504,6.590655,6.555461,717.250244,5.00e-05,32172.13,667.50,6614410,N/A,2025-09-24 12:47:26
1505,6.551724,6.555461,717.250244,5.00e-05,30929.27,986.25,6627944,N/A,2025-09-24 12:47:26
1506,6.591800,6.555461,717.250244,5.00e-05,31869.36,1024.00,6641963,N/A,2025-09-24 12:47:27
1507,6.430055,6.555461,717.250244,5.00e-05,31782.85,669.25,6654885,N/A,2025-09-24 12:47:27
1508,6.569570,6.555461,717.250244,5.00e-05,33355.55,854.50,6668716,N/A,2025-09-24 12:47:28
1509,6.339745,6.555461,717.250244,5.00e-05,31842.05,814.50,6681624,N/A,2025-09-24 12:47:28
1510,6.897645,6.555461,717.250244,5.00e-05,28786.35,742.75,6694847,0.8187,2025-09-24 12:47:29
1511,6.555298,6.555461,717.250244,5.00e-05,27686.83,1021.50,6709214,N/A,2025-09-24 12:47:29
1512,6.067782,6.555461,717.250244,5.00e-05,27364.27,861.75,6723361,N/A,2025-09-24 12:47:30
1513,6.206811,6.555461,717.250244,5.00e-05,30980.59,814.75,6735526,N/A,2025-09-24 12:47:30
1514,6.803732,6.555461,717.250244,5.00e-05,25978.55,784.25,6747229,N/A,2025-09-24 12:47:31
1515,6.698687,6.555461,717.250244,5.00e-05,27635.12,938.75,6760757,N/A,2025-09-24 12:47:31
1516,6.717755,6.555461,717.250244,5.00e-05,29126.51,814.50,6773489,N/A,2025-09-24 12:47:32
1517,6.575810,6.555461,717.250244,5.00e-05,30742.47,748.25,6787303,N/A,2025-09-24 12:47:32
1518,6.827084,6.555461,717.250244,5.00e-05,30941.71,753.00,6800848,N/A,2025-09-24 12:47:33
1519,6.330738,6.555461,717.250244,5.00e-05,30735.06,914.50,6813875,N/A,2025-09-24 12:47:33
1520,6.411633,6.555461,717.250244,5.00e-05,31813.55,851.00,6827730,1.0000,2025-09-24 12:47:34
1521,6.290293,6.555461,717.250244,5.00e-05,30108.90,962.75,6841563,N/A,2025-09-24 12:47:34
1522,6.819818,6.555461,717.250244,5.00e-05,29587.87,816.50,6854972,N/A,2025-09-24 12:47:35
1523,6.427716,6.555461,717.250244,5.00e-05,32797.87,751.50,6867486,N/A,2025-09-24 12:47:35
1524,6.401678,6.555461,717.250244,5.00e-05,32015.96,955.50,6880894,N/A,2025-09-24 12:47:35
1525,6.649201,6.555461,717.250244,5.00e-05,12983.46,981.25,6894721,N/A,2025-09-24 12:47:37
1526,6.322917,6.555461,717.250244,5.00e-05,12977.91,587.25,6907585,N/A,2025-09-24 12:47:38
1527,6.972634,6.555461,717.250244,5.00e-05,23219.25,658.50,6920588,N/A,2025-09-24 12:47:38
1528,6.347669,6.555461,717.250244,5.00e-05,28285.08,826.50,6932681,N/A,2025-09-24 12:47:39
1529,6.675909,6.555461,717.250244,5.00e-05,28474.35,736.25,6945365,N/A,2025-09-24 12:47:39
1530,6.536814,6.555461,717.250244,5.00e-05,28839.58,680.00,6956977,1.0000,2025-09-24 12:47:40
1531,6.391144,6.555461,717.250244,5.00e-05,26464.27,1004.00,6970139,N/A,2025-09-24 12:47:40
1532,6.530035,6.555461,717.250244,5.00e-05,28084.28,877.25,6983720,N/A,2025-09-24 12:47:41
1533,6.575413,6.555461,717.250244,5.00e-05,30891.69,673.25,6995357,N/A,2025-09-24 12:47:41
1534,6.803821,6.555461,717.250244,5.00e-05,31589.10,751.75,7008871,N/A,2025-09-24 12:47:42
1535,6.425767,6.555461,717.250244,5.00e-05,29556.39,738.75,7020850,N/A,2025-09-24 12:47:42
1536,6.767654,6.555461,717.250244,5.00e-05,30564.63,971.25,7033735,N/A,2025-09-24 12:47:43
1537,7.042932,6.555461,717.250244,5.00e-05,32256.44,961.00,7047444,N/A,2025-09-24 12:47:43
1538,6.144428,6.555461,717.250244,5.00e-05,32858.31,781.50,7060494,N/A,2025-09-24 12:47:43
1539,6.386320,6.555461,717.250244,5.00e-05,31128.75,775.25,7072993,N/A,2025-09-24 12:47:44
1540,6.801780,6.555461,717.250244,5.00e-05,29641.89,829.50,7086512,1.0000,2025-09-24 12:47:44
1541,6.766678,6.555461,717.250244,5.00e-05,26433.75,646.00,7097903,N/A,2025-09-24 12:47:45
1542,6.614027,6.555461,717.250244,5.00e-05,27450.34,919.00,7111532,N/A,2025-09-24 12:47:45
1543,6.403650,6.555461,717.250244,5.00e-05,29422.81,699.75,7122091,N/A,2025-09-24 12:47:46
1544,6.435523,6.555461,717.250244,5.00e-05,30587.56,664.00,7134909,N/A,2025-09-24 12:47:46
1545,6.588804,6.555461,717.250244,5.00e-05,33551.53,912.00,7149701,N/A,2025-09-24 12:47:47
1546,6.625817,6.555461,717.250244,5.00e-05,32375.16,813.00,7161983,N/A,2025-09-24 12:47:47
1547,6.876197,6.555461,717.250244,5.00e-05,31292.33,889.00,7175389,N/A,2025-09-24 12:47:48
1548,6.520260,6.555461,717.250244,5.00e-05,29394.46,841.25,7186710,N/A,2025-09-24 12:47:48
1549,6.591177,6.555461,717.250244,5.00e-05,31029.89,823.25,7200140,N/A,2025-09-24 12:47:49
1550,6.474171,6.555461,717.250244,5.00e-05,11964.64,817.50,7212360,0.7946,2025-09-24 12:47:51
1551,6.408525,6.555461,717.250244,5.00e-05,11513.58,817.00,7224596,N/A,2025-09-24 12:47:51
1552,6.657924,6.555461,717.250244,5.00e-05,22088.19,958.00,7239489,N/A,2025-09-24 12:47:52
1553,6.582808,6.555461,717.250244,5.00e-05,33727.99,905.75,7252562,N/A,2025-09-24 12:47:52
1554,6.269208,6.555461,717.250244,5.00e-05,32828.72,880.25,7264780,N/A,2025-09-24 12:47:52
1555,6.625946,6.555461,717.250244,5.00e-05,31388.59,630.75,7277773,N/A,2025-09-24 12:47:53
1556,6.580337,6.555461,717.250244,5.00e-05,31408.07,802.25,7290314,N/A,2025-09-24 12:47:53
1557,6.566434,6.555461,717.250244,5.00e-05,29767.29,889.50,7302859,N/A,2025-09-24 12:47:54
1558,6.470099,6.555461,717.250244,5.00e-05,31111.92,960.50,7315880,N/A,2025-09-24 12:47:54
1559,6.508093,6.555461,717.250244,5.00e-05,31189.85,804.50,7328252,N/A,2025-09-24 12:47:55
1560,6.409992,6.555461,717.250244,5.00e-05,29391.41,852.50,7340613,0.9122,2025-09-24 12:47:55
1561,6.283042,6.555461,717.250244,5.00e-05,28371.02,799.75,7354311,N/A,2025-09-24 12:47:56
1562,6.592593,6.555461,717.250244,5.00e-05,28481.09,880.75,7368098,N/A,2025-09-24 12:47:56
1563,6.982542,6.555461,717.250244,5.00e-05,31312.28,796.75,7380433,N/A,2025-09-24 12:47:57
1564,6.419337,6.555461,717.250244,5.00e-05,30577.77,866.25,7393528,N/A,2025-09-24 12:47:57
1565,5.978977,6.555461,717.250244,5.00e-05,32487.87,975.25,7407034,N/A,2025-09-24 12:47:58
1566,6.603897,6.555461,717.250244,5.00e-05,32382.26,748.25,7418998,N/A,2025-09-24 12:47:58
1567,6.679926,6.555461,717.250244,5.00e-05,32263.64,713.25,7432199,N/A,2025-09-24 12:47:58
1568,6.753411,6.555461,717.250244,5.00e-05,32081.09,712.50,7445045,N/A,2025-09-24 12:47:59
1569,6.460217,6.555461,717.250244,5.00e-05,30654.78,575.50,7457006,N/A,2025-09-24 12:47:59
1570,6.569872,6.555461,717.250244,5.00e-05,30652.33,928.50,7471108,0.7884,2025-09-24 12:48:00
1571,6.315500,6.555461,717.250244,5.00e-05,28587.37,1024.00,7484573,N/A,2025-09-24 12:48:00
1572,6.522684,6.555461,717.250244,5.00e-05,30134.03,798.25,7497692,N/A,2025-09-24 12:48:01
1573,6.661947,6.555461,717.250244,5.00e-05,32960.35,787.50,7510312,N/A,2025-09-24 12:48:01
1574,6.436351,6.555461,717.250244,5.00e-05,32641.24,746.50,7523752,N/A,2025-09-24 12:48:02
1575,6.428855,6.555461,717.250244,5.00e-05,12646.79,696.00,7537763,N/A,2025-09-24 12:48:04
1576,6.706059,6.555461,717.250244,5.00e-05,12299.26,854.00,7550564,N/A,2025-09-24 12:48:04
1577,6.826471,6.555461,717.250244,5.00e-05,22479.91,875.00,7563302,N/A,2025-09-24 12:48:05
1578,6.373359,6.555461,717.250244,5.00e-05,32247.06,890.00,7577055,N/A,2025-09-24 12:48:05
1579,6.548273,6.555461,717.250244,5.00e-05,33980.93,773.25,7590162,N/A,2025-09-24 12:48:06
1580,6.711314,6.555461,717.250244,5.00e-05,32275.36,833.25,7604649,0.8195,2025-09-24 12:48:06
1581,6.735244,6.555461,717.250244,5.00e-05,29780.49,746.00,7618272,N/A,2025-09-24 12:48:07
1582,6.683053,6.555461,717.250244,5.00e-05,28867.00,879.75,7631702,N/A,2025-09-24 12:48:07
1583,6.453651,6.555461,717.250244,5.00e-05,32741.45,855.50,7645482,N/A,2025-09-24 12:48:07
1584,6.185153,6.555461,717.250244,5.00e-05,33437.50,782.00,7659149,N/A,2025-09-24 12:48:08
1585,6.204468,6.555461,717.250244,5.00e-05,34044.63,812.00,7673397,N/A,2025-09-24 12:48:08
1586,6.326894,6.555461,717.250244,5.00e-05,34794.04,923.25,7687490,N/A,2025-09-24 12:48:09
1587,6.968086,6.555461,717.250244,5.00e-05,34716.57,906.25,7702196,N/A,2025-09-24 12:48:09
1588,6.333346,6.555461,717.250244,5.00e-05,34531.06,863.25,7715459,N/A,2025-09-24 12:48:10
1589,6.147175,6.555461,717.250244,5.00e-05,32902.80,791.50,7728190,N/A,2025-09-24 12:48:10
1590,7.075657,6.555461,717.250244,5.00e-05,30308.83,830.75,7741005,0.8704,2025-09-24 12:48:11
1591,6.495010,6.555461,717.250244,5.00e-05,27803.51,883.25,7754354,N/A,2025-09-24 12:48:11
1592,6.365782,6.555461,717.250244,5.00e-05,27663.90,707.00,7766664,N/A,2025-09-24 12:48:12
1593,6.467820,6.555461,717.250244,5.00e-05,31391.48,836.25,7780091,N/A,2025-09-24 12:48:12
1594,6.340886,6.555461,717.250244,5.00e-05,31579.58,913.75,7793017,N/A,2025-09-24 12:48:13
1595,6.687898,6.555461,717.250244,5.00e-05,32645.86,748.00,7807100,N/A,2025-09-24 12:48:13
1596,6.749171,6.555461,717.250244,5.00e-05,29911.19,964.00,7821203,N/A,2025-09-24 12:48:14
1597,6.743188,6.555461,717.250244,5.00e-05,26979.40,744.50,7835000,N/A,2025-09-24 12:48:14
1598,6.527182,6.555461,717.250244,5.00e-05,25957.86,885.75,7847985,N/A,2025-09-24 12:48:15
1599,6.250972,6.555461,717.250244,5.00e-05,26223.36,607.00,7860894,N/A,2025-09-24 12:48:15
1600,6.679226,6.555461,717.250244,5.00e-05,4187.44,679.00,7872206,0.8324,2025-09-24 12:48:22
1601,6.520409,6.555461,717.250244,5.00e-05,4297.26,777.00,7886028,N/A,2025-09-24 12:48:22
1602,6.445840,6.555461,717.250244,5.00e-05,22843.18,1018.75,7900509,N/A,2025-09-24 12:48:23
1603,6.229930,6.555461,717.250244,5.00e-05,32391.76,638.00,7912650,N/A,2025-09-24 12:48:23
1604,6.460221,6.555461,717.250244,5.00e-05,31132.69,804.25,7925108,N/A,2025-09-24 12:48:24
1605,6.587590,6.555461,717.250244,5.00e-05,30233.86,739.50,7937836,N/A,2025-09-24 12:48:24
1606,6.333228,6.555461,717.250244,5.00e-05,30900.34,856.25,7950710,N/A,2025-09-24 12:48:24
1607,6.213201,6.555461,717.250244,5.00e-05,29004.53,591.75,7962275,N/A,2025-09-24 12:48:25
1608,6.671404,6.555461,717.250244,5.00e-05,29391.27,894.50,7974895,N/A,2025-09-24 12:48:25
1609,6.583443,6.555461,717.250244,5.00e-05,28240.64,681.75,7987697,N/A,2025-09-24 12:48:26
1610,6.427257,6.555461,717.250244,5.00e-05,28393.46,734.50,8000074,0.9417,2025-09-24 12:48:26
1611,6.194942,6.555461,717.250244,5.00e-05,26500.56,805.25,8013261,N/A,2025-09-24 12:48:27
1612,6.856338,6.555461,717.250244,5.00e-05,27231.91,843.00,8026918,N/A,2025-09-24 12:48:27
1613,6.599897,6.555461,717.250244,5.00e-05,30782.45,896.75,8040367,N/A,2025-09-24 12:48:28
1614,6.484380,6.555461,717.250244,5.00e-05,30795.48,828.00,8053350,N/A,2025-09-24 12:48:28
1615,6.330149,6.555461,717.250244,5.00e-05,31492.34,802.00,8065400,N/A,2025-09-24 12:48:29
1616,6.576882,6.555461,717.250244,5.00e-05,31133.30,761.75,8078423,N/A,2025-09-24 12:48:29
1617,6.215883,6.555461,717.250244,5.00e-05,31922.26,885.50,8091767,N/A,2025-09-24 12:48:30
1618,6.460519,6.555461,717.250244,5.00e-05,33974.67,867.75,8106752,N/A,2025-09-24 12:48:30
1619,6.379067,6.555461,717.250244,5.00e-05,32291.52,643.00,8118508,N/A,2025-09-24 12:48:31
1620,6.375604,6.555461,717.250244,5.00e-05,31392.84,911.50,8132525,0.7053,2025-09-24 12:48:31
1621,6.447217,6.555461,717.250244,5.00e-05,27287.37,733.50,8144896,N/A,2025-09-24 12:48:32
1622,6.325446,6.555461,717.250244,5.00e-05,26894.00,865.75,8157412,N/A,2025-09-24 12:48:32
1623,6.815017,6.555461,717.250244,5.00e-05,28805.88,791.75,8170934,N/A,2025-09-24 12:48:33
1624,6.745143,6.555461,717.250244,5.00e-05,30011.50,658.25,8183821,N/A,2025-09-24 12:48:33
1625,6.836788,6.555461,717.250244,5.00e-05,12409.68,962.50,8197102,N/A,2025-09-24 12:48:35
1626,6.509933,6.555461,717.250244,5.00e-05,12814.29,943.75,8211276,N/A,2025-09-24 12:48:35
1627,6.833323,6.555461,717.250244,5.00e-05,24176.89,825.75,8223962,N/A,2025-09-24 12:48:36
1628,6.665518,6.555461,717.250244,5.00e-05,32389.53,997.50,8237751,N/A,2025-09-24 12:48:36
1629,6.345765,6.555461,717.250244,5.00e-05,32321.49,765.00,8250578,N/A,2025-09-24 12:48:37
1630,6.646630,6.555461,717.250244,5.00e-05,31726.79,769.50,8264021,0.8287,2025-09-24 12:48:37
1631,6.900770,6.555461,717.250244,5.00e-05,30282.50,872.00,8278684,N/A,2025-09-24 12:48:38
1632,6.892659,6.555461,717.250244,5.00e-05,29936.57,795.25,8291029,N/A,2025-09-24 12:48:38
1633,6.750646,6.555461,717.250244,5.00e-05,32442.97,818.00,8304431,N/A,2025-09-24 12:48:39
1634,6.487161,6.555461,717.250244,5.00e-05,34588.88,972.75,8319302,N/A,2025-09-24 12:48:39
1635,6.746387,6.555461,717.250244,5.00e-05,34813.44,732.00,8332221,N/A,2025-09-24 12:48:40
1636,6.525945,6.555461,717.250244,5.00e-05,33647.72,912.00,8345857,N/A,2025-09-24 12:48:40
1637,6.487352,6.555461,717.250244,5.00e-05,33701.10,806.50,8359267,N/A,2025-09-24 12:48:40
1638,6.398305,6.555461,717.250244,5.00e-05,31833.07,738.25,8371234,N/A,2025-09-24 12:48:41
1639,6.017153,6.555461,717.250244,5.00e-05,33053.52,991.50,8385795,N/A,2025-09-24 12:48:41
1640,6.600751,6.555461,717.250244,5.00e-05,32087.74,745.00,8398469,0.7831,2025-09-24 12:48:42
1641,6.594182,6.555461,717.250244,5.00e-05,29210.63,679.50,8411040,N/A,2025-09-24 12:48:42
1642,6.631780,6.555461,717.250244,5.00e-05,29133.18,750.25,8425247,N/A,2025-09-24 12:48:43
1643,6.647956,6.555461,717.250244,5.00e-05,33062.95,1024.00,8440149,N/A,2025-09-24 12:48:43
1644,6.551990,6.555461,717.250244,5.00e-05,32810.71,895.50,8453726,N/A,2025-09-24 12:48:44
1645,6.839870,6.555461,717.250244,5.00e-05,32748.20,1000.25,8468127,N/A,2025-09-24 12:48:44
1646,6.860868,6.555461,717.250244,5.00e-05,32346.10,934.75,8482131,N/A,2025-09-24 12:48:45
1647,6.621282,6.555461,717.250244,5.00e-05,32831.34,755.75,8496021,N/A,2025-09-24 12:48:45
1648,6.422101,6.555461,717.250244,5.00e-05,31480.13,747.50,8508509,N/A,2025-09-24 12:48:46
1649,6.370565,6.555461,717.250244,5.00e-05,30949.76,906.00,8522130,N/A,2025-09-24 12:48:46
1650,6.820633,6.555461,717.250244,5.00e-05,12357.54,838.25,8535329,0.8488,2025-09-24 12:48:48
1651,6.560637,6.555461,717.250244,5.00e-05,11911.80,781.75,8548838,N/A,2025-09-24 12:48:49
1652,6.557678,6.555461,717.250244,5.00e-05,23410.45,817.75,8563526,N/A,2025-09-24 12:48:49
1653,6.627028,6.555461,717.250244,5.00e-05,32794.04,706.00,8576325,N/A,2025-09-24 12:48:50
1654,6.538330,6.555461,717.250244,5.00e-05,34410.65,980.50,8590861,N/A,2025-09-24 12:48:50
1655,7.043942,6.555461,717.250244,5.00e-05,33572.08,900.75,8603714,N/A,2025-09-24 12:48:51
1656,6.063057,6.555461,717.250244,5.00e-05,32536.38,919.25,8618705,N/A,2025-09-24 12:48:51
1657,6.579577,6.555461,717.250244,5.00e-05,33084.91,931.00,8633033,N/A,2025-09-24 12:48:51
1658,6.452072,6.555461,717.250244,5.00e-05,33128.67,999.00,8647298,N/A,2025-09-24 12:48:52
1659,8.103110,6.555461,717.250244,5.00e-05,32029.30,656.75,8660174,N/A,2025-09-24 12:48:52
1660,6.621761,6.555461,717.250244,5.00e-05,31245.56,972.50,8674474,1.0000,2025-09-24 12:48:53
1661,6.271595,6.555461,717.250244,5.00e-05,27384.39,850.75,8687329,N/A,2025-09-24 12:48:53
1662,6.756299,6.555461,717.250244,5.00e-05,28613.31,813.50,8700357,N/A,2025-09-24 12:48:54
1663,6.829612,6.555461,717.250244,5.00e-05,31076.80,649.75,8712769,N/A,2025-09-24 12:48:54
1664,7.050909,6.555461,717.250244,5.00e-05,31831.28,672.50,8726061,N/A,2025-09-24 12:48:55
1665,6.728923,6.555461,717.250244,5.00e-05,30858.25,677.25,8739307,N/A,2025-09-24 12:48:55
1666,6.596212,6.555461,717.250244,5.00e-05,31673.33,668.25,8752400,N/A,2025-09-24 12:48:56
1667,6.661131,6.555461,717.250244,5.00e-05,31783.42,702.50,8765604,N/A,2025-09-24 12:48:56
1668,6.967938,6.555461,717.250244,5.00e-05,33318.77,897.50,8780616,N/A,2025-09-24 12:48:57
1669,6.403909,6.555461,717.250244,5.00e-05,33197.51,865.75,8794496,N/A,2025-09-24 12:48:57
1670,6.742884,6.555461,717.250244,5.00e-05,32114.00,951.50,8807498,1.0000,2025-09-24 12:48:58
1671,6.632832,6.555461,717.250244,5.00e-05,27361.50,683.00,8819759,N/A,2025-09-24 12:48:58
1672,6.319345,6.555461,717.250244,5.00e-05,27763.37,981.00,8833143,N/A,2025-09-24 12:48:59
1673,6.514901,6.555461,717.250244,5.00e-05,31594.15,630.25,8845968,N/A,2025-09-24 12:48:59
1674,6.537292,6.555461,717.250244,5.00e-05,30835.58,910.75,8858241,N/A,2025-09-24 12:48:59
1675,6.645833,6.555461,717.250244,5.00e-05,11876.59,618.25,8870964,N/A,2025-09-24 12:49:01
1676,6.751747,6.555461,717.250244,5.00e-05,12685.03,792.25,8884218,N/A,2025-09-24 12:49:02
1677,6.602114,6.555461,717.250244,5.00e-05,23589.08,964.50,8897293,N/A,2025-09-24 12:49:02
1678,6.113915,6.555461,717.250244,5.00e-05,32911.77,913.25,8911436,N/A,2025-09-24 12:49:03
1679,6.815279,6.555461,717.250244,5.00e-05,33722.98,900.50,8925147,N/A,2025-09-24 12:49:03
1680,6.157365,6.555461,717.250244,5.00e-05,30501.13,849.75,8938471,0.9776,2025-09-24 12:49:04
1681,6.484295,6.555461,717.250244,5.00e-05,28388.57,981.50,8952545,N/A,2025-09-24 12:49:04
1682,6.598993,6.555461,717.250244,5.00e-05,28156.74,838.00,8966171,N/A,2025-09-24 12:49:05
1683,6.225996,6.555461,717.250244,5.00e-05,34649.43,754.25,8980243,N/A,2025-09-24 12:49:05
1684,6.558158,6.555461,717.250244,5.00e-05,33598.20,721.00,8993473,N/A,2025-09-24 12:49:06
1685,6.445252,6.555461,717.250244,5.00e-05,32859.13,815.25,9006346,N/A,2025-09-24 12:49:06
1686,6.820737,6.555461,717.250244,5.00e-05,31866.37,690.00,9019031,N/A,2025-09-24 12:49:07
1687,6.272149,6.555461,717.250244,5.00e-05,31865.05,713.75,9031878,N/A,2025-09-24 12:49:07
1688,6.564983,6.555461,717.250244,5.00e-05,31321.70,837.00,9044617,N/A,2025-09-24 12:49:07
1689,6.318608,6.555461,717.250244,5.00e-05,30179.37,679.25,9057556,N/A,2025-09-24 12:49:08
1690,6.437363,6.555461,717.250244,5.00e-05,30095.26,857.25,9070238,0.7926,2025-09-24 12:49:08
1691,6.329372,6.555461,717.250244,5.00e-05,26912.90,870.75,9082993,N/A,2025-09-24 12:49:09
1692,7.196301,6.555461,717.250244,5.00e-05,28410.28,822.50,9097124,N/A,2025-09-24 12:49:09
1693,6.595088,6.555461,717.250244,5.00e-05,31140.49,795.50,9110054,N/A,2025-09-24 12:49:10
1694,6.471344,6.555461,717.250244,5.00e-05,30291.77,829.75,9123635,N/A,2025-09-24 12:49:10
1695,6.601710,6.555461,717.250244,5.00e-05,31278.22,961.25,9137444,N/A,2025-09-24 12:49:11
1696,6.635578,6.555461,717.250244,5.00e-05,33246.30,969.00,9151859,N/A,2025-09-24 12:49:11
1697,6.158989,6.555461,717.250244,5.00e-05,31660.03,639.00,9163073,N/A,2025-09-24 12:49:12
1698,6.482662,6.555461,717.250244,5.00e-05,30806.71,912.25,9176717,N/A,2025-09-24 12:49:12
1699,6.716818,6.555461,717.250244,5.00e-05,30055.99,691.00,9189200,N/A,2025-09-24 12:49:13
1700,6.325528,6.555461,717.250244,5.00e-05,12061.34,913.75,9202217,1.0000,2025-09-24 12:49:15
1701,6.379567,6.555461,717.250244,5.00e-05,11919.89,974.50,9216544,N/A,2025-09-24 12:49:15
1702,6.950767,6.555461,717.250244,5.00e-05,21000.64,693.00,9228522,N/A,2025-09-24 12:49:16
1703,6.416675,6.555461,717.250244,5.00e-05,32509.90,750.75,9241426,N/A,2025-09-24 12:49:16
1704,6.523940,6.555461,717.250244,5.00e-05,32168.92,793.50,9254647,N/A,2025-09-24 12:49:17
1705,6.261098,6.555461,717.250244,5.00e-05,32462.59,933.50,9268330,N/A,2025-09-24 12:49:17
1706,6.449993,6.555461,717.250244,5.00e-05,31578.80,793.50,9280889,N/A,2025-09-24 12:49:17
1707,6.614951,6.555461,717.250244,5.00e-05,31958.48,868.50,9293944,N/A,2025-09-24 12:49:18
1708,6.475605,6.555461,717.250244,5.00e-05,30399.51,769.25,9305808,N/A,2025-09-24 12:49:18
1709,6.322077,6.555461,717.250244,5.00e-05,29915.46,795.75,9319088,N/A,2025-09-24 12:49:19
1710,6.564456,6.555461,717.250244,5.00e-05,30413.78,765.00,9333051,0.8490,2025-09-24 12:49:19
1711,6.195349,6.555461,717.250244,5.00e-05,27532.11,840.00,9346086,N/A,2025-09-24 12:49:20
1712,7.096796,6.555461,717.250244,5.00e-05,28682.08,805.50,9359486,N/A,2025-09-24 12:49:20
1713,6.656126,6.555461,717.250244,5.00e-05,32047.30,740.25,9372345,N/A,2025-09-24 12:49:21
1714,6.361296,6.555461,717.250244,5.00e-05,31261.73,812.00,9385267,N/A,2025-09-24 12:49:21
1715,6.327043,6.555461,717.250244,5.00e-05,32600.40,840.00,9400078,N/A,2025-09-24 12:49:22
1716,6.784781,6.555461,717.250244,5.00e-05,34713.87,824.75,9414075,N/A,2025-09-24 12:49:22
1717,6.576772,6.555461,717.250244,5.00e-05,34502.86,921.00,9428143,N/A,2025-09-24 12:49:23
1718,6.321491,6.555461,717.250244,5.00e-05,33878.80,823.00,9441714,N/A,2025-09-24 12:49:23
1719,6.404151,6.555461,717.250244,5.00e-05,32654.90,920.50,9454322,N/A,2025-09-24 12:49:23
1720,6.847290,6.555461,717.250244,5.00e-05,31055.82,687.50,9466689,0.9188,2025-09-24 12:49:24
1721,6.520565,6.555461,717.250244,5.00e-05,27928.96,725.50,9479975,N/A,2025-09-24 12:49:24
1722,7.022355,6.555461,717.250244,5.00e-05,27781.46,723.25,9492344,N/A,2025-09-24 12:49:25
1723,6.284342,6.555461,717.250244,5.00e-05,30190.66,760.75,9504355,N/A,2025-09-24 12:49:25
1724,6.647851,6.555461,717.250244,5.00e-05,31089.76,878.75,9518002,N/A,2025-09-24 12:49:26
1725,6.496425,6.555461,717.250244,5.00e-05,12066.17,776.00,9530931,N/A,2025-09-24 12:49:28
1726,6.190838,6.555461,717.250244,5.00e-05,11981.12,780.50,9543566,N/A,2025-09-24 12:49:28
1727,6.377551,6.555461,717.250244,5.00e-05,22043.54,581.00,9555375,N/A,2025-09-24 12:49:29
1728,6.484071,6.555461,717.250244,5.00e-05,31021.40,792.75,9568346,N/A,2025-09-24 12:49:29
1729,6.242019,6.555461,717.250244,5.00e-05,28245.51,945.00,9580653,N/A,2025-09-24 12:49:30
1730,6.732403,6.555461,717.250244,5.00e-05,28647.71,706.50,9593081,0.7563,2025-09-24 12:49:30
1731,6.590363,6.555461,717.250244,5.00e-05,27135.81,920.25,9606419,N/A,2025-09-24 12:49:31
1732,6.550038,6.555461,717.250244,5.00e-05,27579.11,709.25,9618175,N/A,2025-09-24 12:49:31
1733,6.455213,6.555461,717.250244,5.00e-05,31815.53,874.50,9631736,N/A,2025-09-24 12:49:32
1734,6.533995,6.555461,717.250244,5.00e-05,31304.60,765.25,9644583,N/A,2025-09-24 12:49:32
1735,6.728272,6.555461,717.250244,5.00e-05,32082.31,777.00,9657525,N/A,2025-09-24 12:49:32
1736,6.805528,6.555461,717.250244,5.00e-05,31772.50,800.75,9670660,N/A,2025-09-24 12:49:33
1737,6.480257,6.555461,717.250244,5.00e-05,32684.57,881.50,9684203,N/A,2025-09-24 12:49:33
1738,6.113269,6.555461,717.250244,5.00e-05,33712.13,813.50,9698171,N/A,2025-09-24 12:49:34
1739,6.566141,6.555461,717.250244,5.00e-05,32434.49,874.50,9710276,N/A,2025-09-24 12:49:34
1740,6.458133,6.555461,717.250244,5.00e-05,30451.08,728.50,9722925,0.6837,2025-09-24 12:49:35
1741,6.596011,6.555461,717.250244,5.00e-05,27956.00,917.50,9736025,N/A,2025-09-24 12:49:35
1742,6.506224,6.555461,717.250244,5.00e-05,28352.69,890.50,9750287,N/A,2025-09-24 12:49:36
1743,6.198195,6.555461,717.250244,5.00e-05,34745.71,752.00,9764441,N/A,2025-09-24 12:49:36
1744,6.498589,6.555461,717.250244,5.00e-05,34867.09,969.00,9778354,N/A,2025-09-24 12:49:37
1745,6.362320,6.555461,717.250244,5.00e-05,33465.75,1018.25,9791765,N/A,2025-09-24 12:49:37
1746,6.261478,6.555461,717.250244,5.00e-05,33678.71,858.00,9805275,N/A,2025-09-24 12:49:38
1747,6.291045,6.555461,717.250244,5.00e-05,32770.72,771.00,9818104,N/A,2025-09-24 12:49:38
1748,6.524531,6.555461,717.250244,5.00e-05,31747.75,921.00,9831071,N/A,2025-09-24 12:49:38
1749,6.417661,6.555461,717.250244,5.00e-05,31722.11,819.25,9843909,N/A,2025-09-24 12:49:39
1750,6.436405,6.505818,685.199280,5.00e-05,3506.05,884.25,9857893,N/A,2025-09-24 12:49:48
1751,6.472686,6.505818,685.199280,5.00e-05,3290.22,706.75,9869238,N/A,2025-09-24 12:49:48
1752,6.096697,6.505818,685.199280,5.00e-05,3590.20,611.25,9881230,N/A,2025-09-24 12:49:49
1753,6.285831,6.505818,685.199280,5.00e-05,30823.34,658.75,9894191,N/A,2025-09-24 12:49:49
1754,6.129398,6.505818,685.199280,5.00e-05,30710.42,774.00,9906577,N/A,2025-09-24 12:49:50
1755,6.689616,6.505818,685.199280,5.00e-05,28632.82,857.00,9919798,N/A,2025-09-24 12:49:50
1756,6.803487,6.505818,685.199280,5.00e-05,31666.39,905.50,9934733,N/A,2025-09-24 12:49:51
1757,6.261525,6.505818,685.199280,5.00e-05,32243.79,913.50,9947924,N/A,2025-09-24 12:49:51
1758,6.544732,6.505818,685.199280,5.00e-05,31229.90,835.25,9960259,N/A,2025-09-24 12:49:52
1759,6.680607,6.505818,685.199280,5.00e-05,30769.73,760.00,9973140,N/A,2025-09-24 12:49:52
1760,6.392250,6.505818,685.199280,5.00e-05,30333.41,820.00,9987304,0.9835,2025-09-24 12:49:53
1761,6.573033,6.505818,685.199280,5.00e-05,28077.35,891.25,10000162,N/A,2025-09-24 12:49:53
1762,6.510104,6.505818,685.199280,5.00e-05,26920.67,596.00,10012560,N/A,2025-09-24 12:49:54
1763,6.496840,6.505818,685.199280,5.00e-05,13563.12,796.00,10024724,N/A,2025-09-24 12:49:55
1764,6.819015,6.505818,685.199280,5.00e-05,13006.06,916.00,10037082,N/A,2025-09-24 12:49:56
1765,6.802568,6.505818,685.199280,5.00e-05,30271.77,585.75,10048546,N/A,2025-09-24 12:49:56
1766,6.321054,6.505818,685.199280,5.00e-05,28059.40,765.00,10059925,N/A,2025-09-24 12:49:57
1767,6.418833,6.505818,685.199280,5.00e-05,28699.51,774.75,10072536,N/A,2025-09-24 12:49:57
1768,6.465189,6.505818,685.199280,5.00e-05,30781.07,929.50,10086402,N/A,2025-09-24 12:49:58
1769,6.526317,6.505818,685.199280,5.00e-05,32820.03,780.25,10099863,N/A,2025-09-24 12:49:58
1770,6.307246,6.505818,685.199280,5.00e-05,32449.79,658.00,10113214,0.9206,2025-09-24 12:49:58
1771,6.387723,6.505818,685.199280,5.00e-05,26307.59,648.50,10123902,N/A,2025-09-24 12:49:59
1772,6.619765,6.505818,685.199280,5.00e-05,26657.17,877.25,10137682,N/A,2025-09-24 12:49:59
1773,6.683985,6.505818,685.199280,5.00e-05,30030.38,638.00,10149446,N/A,2025-09-24 12:50:00
1774,6.441164,6.505818,685.199280,5.00e-05,29818.12,735.00,10162000,N/A,2025-09-24 12:50:00
1775,6.285074,6.505818,685.199280,5.00e-05,24074.26,1008.00,10176553,N/A,2025-09-24 12:50:01
1776,6.633571,6.505818,685.199280,5.00e-05,23587.45,806.25,10188867,N/A,2025-09-24 12:50:02
1777,6.402642,6.505818,685.199280,5.00e-05,24487.47,829.00,10201825,N/A,2025-09-24 12:50:02
1778,6.218696,6.505818,685.199280,5.00e-05,31570.40,949.50,10214428,N/A,2025-09-24 12:50:02
1779,6.485718,6.505818,685.199280,5.00e-05,32077.37,786.00,10229051,N/A,2025-09-24 12:50:03
1780,6.642612,6.505818,685.199280,5.00e-05,34020.21,805.25,10243072,0.9168,2025-09-24 12:50:03
1781,6.437070,6.505818,685.199280,5.00e-05,28332.36,798.25,10254921,N/A,2025-09-24 12:50:04
1782,6.505123,6.505818,685.199280,5.00e-05,26918.26,836.75,10267558,N/A,2025-09-24 12:50:04
1783,6.415350,6.505818,685.199280,5.00e-05,31647.60,922.50,10280902,N/A,2025-09-24 12:50:05
1784,6.472820,6.505818,685.199280,5.00e-05,29578.75,716.75,10293191,N/A,2025-09-24 12:50:05
1785,6.649048,6.505818,685.199280,5.00e-05,29992.19,915.00,10306961,N/A,2025-09-24 12:50:06
1786,6.209711,6.505818,685.199280,5.00e-05,29050.15,599.50,10318803,N/A,2025-09-24 12:50:06
1787,6.748499,6.505818,685.199280,5.00e-05,32067.83,942.00,10333116,N/A,2025-09-24 12:50:07
1788,6.410028,6.505818,685.199280,5.00e-05,13815.21,711.50,10345266,N/A,2025-09-24 12:50:08
1789,7.049844,6.505818,685.199280,5.00e-05,14329.12,731.75,10358303,N/A,2025-09-24 12:50:09
1790,6.369778,6.505818,685.199280,5.00e-05,27006.34,1024.00,10371658,0.9702,2025-09-24 12:50:09
1791,6.499099,6.505818,685.199280,5.00e-05,22462.11,745.75,10385099,N/A,2025-09-24 12:50:10
1792,6.144402,6.505818,685.199280,5.00e-05,22700.54,534.25,10397644,N/A,2025-09-24 12:50:11
1793,6.637802,6.505818,685.199280,5.00e-05,24847.36,247.50,10409085,N/A,2025-09-24 12:50:11
1794,6.680916,6.505818,685.199280,5.00e-05,5596.97,709.50,10422235,N/A,2025-09-24 12:50:16
1795,6.222138,6.505818,685.199280,5.00e-05,5501.61,890.50,10435018,N/A,2025-09-24 12:50:16
1796,6.244081,6.505818,685.199280,5.00e-05,30643.26,828.00,10448797,N/A,2025-09-24 12:50:17
1797,6.378093,6.505818,685.199280,5.00e-05,31162.44,699.75,10462279,N/A,2025-09-24 12:50:17
1798,6.367104,6.505818,685.199280,5.00e-05,33213.29,928.00,10476605,N/A,2025-09-24 12:50:18
1799,6.923255,6.505818,685.199280,5.00e-05,32333.59,775.00,10488919,N/A,2025-09-24 12:50:18
1800,6.470201,6.505818,685.199280,5.00e-05,22773.17,908.00,10502485,0.8996,2025-09-24 12:50:19
1801,6.545585,6.505818,685.199280,5.00e-05,21168.02,809.50,10514522,N/A,2025-09-24 12:50:20
1802,6.314159,6.505818,685.199280,5.00e-05,21811.18,836.00,10527655,N/A,2025-09-24 12:50:20
1803,6.784414,6.505818,685.199280,5.00e-05,32850.36,934.25,10542237,N/A,2025-09-24 12:50:21
1804,6.789494,6.505818,685.199280,5.00e-05,32600.04,803.50,10554723,N/A,2025-09-24 12:50:21
1805,6.707456,6.505818,685.199280,5.00e-05,30728.00,694.50,10566500,N/A,2025-09-24 12:50:21
1806,6.706989,6.505818,685.199280,5.00e-05,29510.96,567.00,10579038,N/A,2025-09-24 12:50:22
1807,6.366796,6.505818,685.199280,5.00e-05,30175.60,705.75,10591786,N/A,2025-09-24 12:50:22
1808,6.488760,6.505818,685.199280,5.00e-05,31665.66,1020.00,10605608,N/A,2025-09-24 12:50:23
1809,6.676830,6.505818,685.199280,5.00e-05,31345.38,643.25,10616631,N/A,2025-09-24 12:50:23
1810,6.271419,6.505818,685.199280,5.00e-05,29400.44,741.25,10630222,1.0000,2025-09-24 12:50:24
1811,7.145043,6.505818,685.199280,5.00e-05,26296.96,1024.00,10643124,N/A,2025-09-24 12:50:24
1812,6.603897,6.505818,685.199280,5.00e-05,26944.11,784.75,10656328,N/A,2025-09-24 12:50:25
1813,6.482986,6.505818,685.199280,5.00e-05,13422.99,655.50,10668507,N/A,2025-09-24 12:50:27
1814,6.363885,6.505818,685.199280,5.00e-05,13591.38,859.25,10681524,N/A,2025-09-24 12:50:27
1815,6.495216,6.505818,685.199280,5.00e-05,30638.80,780.50,10694435,N/A,2025-09-24 12:50:27
1816,6.290401,6.505818,685.199280,5.00e-05,30941.30,1021.75,10708011,N/A,2025-09-24 12:50:28
1817,6.538748,6.505818,685.199280,5.00e-05,33799.57,922.25,10722393,N/A,2025-09-24 12:50:28
1818,6.590453,6.505818,685.199280,5.00e-05,34040.41,812.25,10736016,N/A,2025-09-24 12:50:29
1819,6.888893,6.505818,685.199280,5.00e-05,33156.91,748.25,10748272,N/A,2025-09-24 12:50:29
1820,6.107326,6.505818,685.199280,5.00e-05,30284.91,846.50,10761120,0.8731,2025-09-24 12:50:30
1821,6.546666,6.505818,685.199280,5.00e-05,27919.95,772.00,10774032,N/A,2025-09-24 12:50:30
1822,6.373621,6.505818,685.199280,5.00e-05,28522.13,763.00,10786888,N/A,2025-09-24 12:50:31
1823,6.704922,6.505818,685.199280,5.00e-05,31257.96,922.75,10799796,N/A,2025-09-24 12:50:31
1824,6.111781,6.505818,685.199280,5.00e-05,31466.90,783.25,10812915,N/A,2025-09-24 12:50:32
1825,6.508744,6.505818,685.199280,5.00e-05,23122.88,833.75,10825118,N/A,2025-09-24 12:50:32
1826,6.523425,6.505818,685.199280,5.00e-05,23439.69,826.25,10838866,N/A,2025-09-24 12:50:33
1827,6.806425,6.505818,685.199280,5.00e-05,23020.03,675.25,10850923,N/A,2025-09-24 12:50:33
1828,6.386664,6.505818,685.199280,5.00e-05,31463.94,865.25,10864790,N/A,2025-09-24 12:50:34
1829,6.330785,6.505818,685.199280,5.00e-05,31151.26,733.50,10877492,N/A,2025-09-24 12:50:34
1830,6.146713,6.505818,685.199280,5.00e-05,31365.53,764.25,10891330,0.8575,2025-09-24 12:50:35
1831,6.406684,6.505818,685.199280,5.00e-05,29421.58,803.00,10904473,N/A,2025-09-24 12:50:35
1832,6.580675,6.505818,685.199280,5.00e-05,28548.13,929.50,10917733,N/A,2025-09-24 12:50:36
1833,6.358995,6.505818,685.199280,5.00e-05,31747.11,964.75,10930619,N/A,2025-09-24 12:50:36
1834,6.328569,6.505818,685.199280,5.00e-05,32931.33,793.50,10944246,N/A,2025-09-24 12:50:37
1835,6.258694,6.505818,685.199280,5.00e-05,32574.17,930.00,10956881,N/A,2025-09-24 12:50:37
1836,6.367708,6.505818,685.199280,5.00e-05,32495.50,714.50,10970028,N/A,2025-09-24 12:50:37
1837,6.203159,6.505818,685.199280,5.00e-05,31756.27,770.75,10982666,N/A,2025-09-24 12:50:38
1838,6.480473,6.505818,685.199280,5.00e-05,14285.02,853.75,10996071,N/A,2025-09-24 12:50:40
1839,6.482409,6.505818,685.199280,5.00e-05,13878.57,733.25,11008577,N/A,2025-09-24 12:50:40
1840,6.386325,6.505818,685.199280,5.00e-05,29589.81,914.75,11021292,0.6717,2025-09-24 12:50:41
1841,6.377140,6.505818,685.199280,5.00e-05,28752.30,890.75,11035832,N/A,2025-09-24 12:50:41
1842,6.434348,6.505818,685.199280,5.00e-05,29727.54,906.25,11049304,N/A,2025-09-24 12:50:42
1843,6.847704,6.505818,685.199280,5.00e-05,34056.71,914.75,11063427,N/A,2025-09-24 12:50:42
1844,6.316294,6.505818,685.199280,5.00e-05,32229.75,809.00,11076344,N/A,2025-09-24 12:50:42
1845,6.735747,6.505818,685.199280,5.00e-05,31940.34,861.00,11089467,N/A,2025-09-24 12:50:43
1846,6.293080,6.505818,685.199280,5.00e-05,32732.10,836.75,11103865,N/A,2025-09-24 12:50:43
1847,6.524200,6.505818,685.199280,5.00e-05,32153.64,677.00,11116311,N/A,2025-09-24 12:50:44
1848,6.449047,6.505818,685.199280,5.00e-05,31180.86,872.00,11128655,N/A,2025-09-24 12:50:44
1849,6.498058,6.505818,685.199280,5.00e-05,30942.56,949.25,11141496,N/A,2025-09-24 12:50:45
1850,6.613537,6.505818,685.199280,5.00e-05,23242.71,773.75,11155415,0.8099,2025-09-24 12:50:45
1851,6.714434,6.505818,685.199280,5.00e-05,21888.08,703.00,11167853,N/A,2025-09-24 12:50:46
1852,6.172095,6.505818,685.199280,5.00e-05,20385.00,820.00,11179884,N/A,2025-09-24 12:50:46
1853,6.573974,6.505818,685.199280,5.00e-05,30587.50,763.00,11192757,N/A,2025-09-24 12:50:47
1854,6.410153,6.505818,685.199280,5.00e-05,31904.58,863.25,11206047,N/A,2025-09-24 12:50:47
1855,6.478266,6.505818,685.199280,5.00e-05,32703.18,719.50,11218744,N/A,2025-09-24 12:50:48
1856,6.341970,6.505818,685.199280,5.00e-05,32291.12,975.25,11232658,N/A,2025-09-24 12:50:48
1857,6.282044,6.505818,685.199280,5.00e-05,30399.39,652.75,11244299,N/A,2025-09-24 12:50:49
1858,6.323034,6.505818,685.199280,5.00e-05,31036.29,838.50,11257733,N/A,2025-09-24 12:50:49
1859,6.600501,6.505818,685.199280,5.00e-05,30991.65,674.50,11270040,N/A,2025-09-24 12:50:50
1860,6.496015,6.505818,685.199280,5.00e-05,30880.86,831.25,11283127,0.9778,2025-09-24 12:50:50
1861,6.506464,6.505818,685.199280,5.00e-05,28992.50,922.25,11297109,N/A,2025-09-24 12:50:51
1862,6.485482,6.505818,685.199280,5.00e-05,28932.52,710.75,11310215,N/A,2025-09-24 12:50:51
1863,6.074253,6.505818,685.199280,5.00e-05,14447.99,808.50,11323222,N/A,2025-09-24 12:50:53
1864,6.334107,6.505818,685.199280,5.00e-05,13931.59,640.75,11335193,N/A,2025-09-24 12:50:53
1865,6.414732,6.505818,685.199280,5.00e-05,32129.50,744.25,11349242,N/A,2025-09-24 12:50:54
1866,6.713243,6.505818,685.199280,5.00e-05,31447.65,829.25,11361976,N/A,2025-09-24 12:50:54
1867,6.778323,6.505818,685.199280,5.00e-05,31814.80,817.75,11375217,N/A,2025-09-24 12:50:55
1868,6.018103,6.505818,685.199280,5.00e-05,30612.56,677.25,11387189,N/A,2025-09-24 12:50:55
1869,6.453882,6.505818,685.199280,5.00e-05,30956.65,941.00,11400980,N/A,2025-09-24 12:50:55
1870,6.412629,6.505818,685.199280,5.00e-05,32687.10,920.75,11415678,0.7604,2025-09-24 12:50:56
1871,6.678956,6.505818,685.199280,5.00e-05,28918.53,944.50,11429294,N/A,2025-09-24 12:50:57
1872,6.480548,6.505818,685.199280,5.00e-05,27855.86,729.00,11441598,N/A,2025-09-24 12:50:57
1873,6.536122,6.505818,685.199280,5.00e-05,28840.30,773.25,11453590,N/A,2025-09-24 12:50:57
1874,6.641331,6.505818,685.199280,5.00e-05,30773.80,690.50,11466544,N/A,2025-09-24 12:50:58
1875,6.577923,6.505818,685.199280,5.00e-05,23953.53,789.75,11480335,N/A,2025-09-24 12:50:59
1876,6.389414,6.505818,685.199280,5.00e-05,24553.25,879.25,11494482,N/A,2025-09-24 12:50:59
1877,6.401434,6.505818,685.199280,5.00e-05,24482.89,731.75,11507307,N/A,2025-09-24 12:51:00
1878,6.498734,6.505818,685.199280,5.00e-05,32135.79,743.00,11520291,N/A,2025-09-24 12:51:00
1879,6.197573,6.505818,685.199280,5.00e-05,32374.13,828.25,11534524,N/A,2025-09-24 12:51:00
1880,6.634411,6.505818,685.199280,5.00e-05,30723.96,696.00,11547755,0.6856,2025-09-24 12:51:01
1881,6.432013,6.505818,685.199280,5.00e-05,28279.55,785.75,11560742,N/A,2025-09-24 12:51:01
1882,6.586025,6.505818,685.199280,5.00e-05,27773.58,746.75,11573726,N/A,2025-09-24 12:51:02
1883,6.103435,6.505818,685.199280,5.00e-05,31936.55,921.25,11587241,N/A,2025-09-24 12:51:02
1884,6.573808,6.505818,685.199280,5.00e-05,29652.69,862.75,11598871,N/A,2025-09-24 12:51:03
1885,6.235450,6.505818,685.199280,5.00e-05,29448.80,755.00,11611876,N/A,2025-09-24 12:51:03
1886,6.388773,6.505818,685.199280,5.00e-05,29467.26,714.00,11624050,N/A,2025-09-24 12:51:04
1887,6.853318,6.505818,685.199280,5.00e-05,31217.50,782.00,11637638,N/A,2025-09-24 12:51:04
1888,6.673652,6.505818,685.199280,5.00e-05,14522.40,771.50,11650910,N/A,2025-09-24 12:51:06
1889,6.209697,6.505818,685.199280,5.00e-05,14757.21,975.25,11665158,N/A,2025-09-24 12:51:06
1890,6.729409,6.505818,685.199280,5.00e-05,32182.67,962.25,11678444,0.8814,2025-09-24 12:51:07
1891,6.231627,6.505818,685.199280,5.00e-05,29749.73,947.25,11692415,N/A,2025-09-24 12:51:07
1892,6.191978,6.505818,685.199280,5.00e-05,29695.57,789.25,11705136,N/A,2025-09-24 12:51:08
1893,6.769104,6.505818,685.199280,5.00e-05,32669.11,920.25,11718516,N/A,2025-09-24 12:51:08
1894,6.138342,6.505818,685.199280,5.00e-05,32709.42,776.75,11732101,N/A,2025-09-24 12:51:09
1895,6.309643,6.505818,685.199280,5.00e-05,31820.92,785.75,11745464,N/A,2025-09-24 12:51:09
1896,6.535092,6.505818,685.199280,5.00e-05,30213.34,792.50,11757908,N/A,2025-09-24 12:51:10
1897,6.941335,6.505818,685.199280,5.00e-05,31973.05,798.25,11772258,N/A,2025-09-24 12:51:10
1898,6.546456,6.505818,685.199280,5.00e-05,31643.49,759.25,11784064,N/A,2025-09-24 12:51:11
1899,6.112083,6.505818,685.199280,5.00e-05,30996.03,734.50,11796972,N/A,2025-09-24 12:51:11
1900,6.663249,6.505818,685.199280,5.00e-05,23275.02,719.50,11811000,0.8067,2025-09-24 12:51:12
1901,6.551301,6.505818,685.199280,5.00e-05,21734.67,916.50,11823596,N/A,2025-09-24 12:51:12
1902,6.388860,6.505818,685.199280,5.00e-05,21311.80,834.75,11837202,N/A,2025-09-24 12:51:13
1903,6.739390,6.505818,685.199280,5.00e-05,31684.13,888.00,11850846,N/A,2025-09-24 12:51:13
1904,6.349360,6.505818,685.199280,5.00e-05,33205.23,848.75,11864924,N/A,2025-09-24 12:51:14
1905,6.801209,6.505818,685.199280,5.00e-05,32374.50,647.75,11877369,N/A,2025-09-24 12:51:14
1906,6.340116,6.505818,685.199280,5.00e-05,32805.97,997.75,11890817,N/A,2025-09-24 12:51:15
1907,6.129659,6.505818,685.199280,5.00e-05,33811.80,884.25,11904810,N/A,2025-09-24 12:51:15
1908,6.352097,6.505818,685.199280,5.00e-05,33598.94,822.00,11917662,N/A,2025-09-24 12:51:15
1909,6.431580,6.505818,685.199280,5.00e-05,32194.49,866.50,11930341,N/A,2025-09-24 12:51:16
1910,6.211305,6.505818,685.199280,5.00e-05,30767.91,980.25,11943131,0.9471,2025-09-24 12:51:16
1911,6.885011,6.505818,685.199280,5.00e-05,27413.16,666.75,11954439,N/A,2025-09-24 12:51:17
1912,6.364420,6.505818,685.199280,5.00e-05,26093.40,810.00,11966505,N/A,2025-09-24 12:51:17
1913,6.536488,6.505818,685.199280,5.00e-05,13814.63,787.50,11980102,N/A,2025-09-24 12:51:19
1914,6.191679,6.505818,685.199280,5.00e-05,15063.68,916.75,11994036,N/A,2025-09-24 12:51:19
1915,6.649782,6.505818,685.199280,5.00e-05,32781.23,952.75,12007023,N/A,2025-09-24 12:51:20
1916,6.541121,6.505818,685.199280,5.00e-05,34231.86,981.00,12021318,N/A,2025-09-24 12:51:20
1917,6.591435,6.505818,685.199280,5.00e-05,33974.33,855.50,12034314,N/A,2025-09-24 12:51:21
1918,6.509633,6.505818,685.199280,5.00e-05,32768.38,789.50,12047434,N/A,2025-09-24 12:51:21
1919,6.338709,6.505818,685.199280,5.00e-05,30680.90,746.00,12058943,N/A,2025-09-24 12:51:22
1920,6.824735,6.505818,685.199280,5.00e-05,28765.17,770.25,12072059,0.7728,2025-09-24 12:51:22
1921,6.291711,6.505818,685.199280,5.00e-05,26630.90,727.00,12083934,N/A,2025-09-24 12:51:23
1922,6.587345,6.505818,685.199280,5.00e-05,25903.96,827.00,12097304,N/A,2025-09-24 12:51:23
1923,6.671142,6.505818,685.199280,5.00e-05,29532.34,745.75,12110344,N/A,2025-09-24 12:51:24
1924,6.490520,6.505818,685.199280,5.00e-05,28895.36,831.50,12123044,N/A,2025-09-24 12:51:24
1925,6.277414,6.505818,685.199280,5.00e-05,22620.58,817.00,12137193,N/A,2025-09-24 12:51:25
1926,6.474415,6.505818,685.199280,5.00e-05,19141.47,1017.50,12149613,N/A,2025-09-24 12:51:26
1927,6.118860,6.505818,685.199280,5.00e-05,19921.45,1024.00,12164015,N/A,2025-09-24 12:51:26
1928,6.468443,6.505818,685.199280,5.00e-05,33324.73,792.00,12177751,N/A,2025-09-24 12:51:27
1929,6.309713,6.505818,685.199280,5.00e-05,31863.83,825.00,12190794,N/A,2025-09-24 12:51:27
1930,6.224198,6.505818,685.199280,5.00e-05,29206.00,800.50,12204660,0.8000,2025-09-24 12:51:28
1931,6.504881,6.505818,685.199280,5.00e-05,27523.81,690.00,12217451,N/A,2025-09-24 12:51:28
1932,6.649272,6.505818,685.199280,5.00e-05,26890.23,853.25,12230480,N/A,2025-09-24 12:51:29
1933,5.720737,6.505818,685.199280,5.00e-05,32180.59,800.50,12244740,N/A,2025-09-24 12:51:29
1934,6.073780,6.505818,685.199280,5.00e-05,33742.06,820.25,12257635,N/A,2025-09-24 12:51:30
1935,6.240831,6.505818,685.199280,5.00e-05,32981.57,842.50,12271781,N/A,2025-09-24 12:51:30
1936,6.204999,6.505818,685.199280,5.00e-05,33841.35,671.25,12285109,N/A,2025-09-24 12:51:30
1937,6.787934,6.505818,685.199280,5.00e-05,32758.44,835.75,12298331,N/A,2025-09-24 12:51:31
1938,6.294476,6.505818,685.199280,5.00e-05,14507.62,835.50,12311600,N/A,2025-09-24 12:51:33
1939,6.240225,6.505818,685.199280,5.00e-05,15005.32,813.75,12324498,N/A,2025-09-24 12:51:33
1940,6.382552,6.505818,685.199280,5.00e-05,31783.83,884.25,12338264,0.9361,2025-09-24 12:51:33
1941,6.507806,6.505818,685.199280,5.00e-05,29428.09,1023.50,12352048,N/A,2025-09-24 12:51:34
1942,6.868150,6.505818,685.199280,5.00e-05,29365.55,902.25,12366093,N/A,2025-09-24 12:51:34
1943,6.774890,6.505818,685.199280,5.00e-05,33243.64,832.75,12379089,N/A,2025-09-24 12:51:35
1944,6.461981,6.505818,685.199280,5.00e-05,32615.19,874.25,12391901,N/A,2025-09-24 12:51:35
1945,6.639883,6.505818,685.199280,5.00e-05,32880.28,789.00,12405539,N/A,2025-09-24 12:51:36
1946,6.432158,6.505818,685.199280,5.00e-05,32376.14,760.25,12417728,N/A,2025-09-24 12:51:36
1947,6.416880,6.505818,685.199280,5.00e-05,31282.94,914.50,12430168,N/A,2025-09-24 12:51:37
1948,6.091614,6.505818,685.199280,5.00e-05,32699.42,969.25,12445550,N/A,2025-09-24 12:51:37
1949,5.990858,6.505818,685.199280,5.00e-05,33779.87,758.50,12458213,N/A,2025-09-24 12:51:38
1950,6.440410,6.505818,685.199280,5.00e-05,22815.60,643.75,12470848,0.8074,2025-09-24 12:51:38
1951,6.492568,6.505818,685.199280,5.00e-05,20927.17,913.50,12484361,N/A,2025-09-24 12:51:39
1952,6.297897,6.505818,685.199280,5.00e-05,21282.24,928.25,12498173,N/A,2025-09-24 12:51:39
1953,6.324314,6.505818,685.199280,5.00e-05,31958.88,768.00,12510536,N/A,2025-09-24 12:51:40
1954,6.161172,6.505818,685.199280,5.00e-05,32060.05,795.75,12523432,N/A,2025-09-24 12:51:40
1955,6.693623,6.505818,685.199280,5.00e-05,30940.00,856.75,12536315,N/A,2025-09-24 12:51:41
1956,6.181947,6.505818,685.199280,5.00e-05,33031.94,807.00,12549808,N/A,2025-09-24 12:51:41
1957,6.604762,6.505818,685.199280,5.00e-05,32296.69,625.25,12562476,N/A,2025-09-24 12:51:42
1958,6.189249,6.505818,685.199280,5.00e-05,32590.54,804.25,12575920,N/A,2025-09-24 12:51:42
1959,6.377472,6.505818,685.199280,5.00e-05,30828.34,612.00,12587655,N/A,2025-09-24 12:51:43
1960,6.634992,6.505818,685.199280,5.00e-05,30476.74,969.50,12602284,0.8019,2025-09-24 12:51:43
1961,6.589721,6.505818,685.199280,5.00e-05,27433.04,649.25,12615416,N/A,2025-09-24 12:51:44
1962,7.062522,6.505818,685.199280,5.00e-05,28844.02,847.75,12629938,N/A,2025-09-24 12:51:44
1963,6.095381,6.505818,685.199280,5.00e-05,14188.49,707.50,12642014,N/A,2025-09-24 12:51:46
1964,6.257366,6.505818,685.199280,5.00e-05,14292.67,848.00,12655613,N/A,2025-09-24 12:51:46
1965,6.559880,6.505818,685.199280,5.00e-05,32207.67,783.00,12668440,N/A,2025-09-24 12:51:47
1966,6.504272,6.505818,685.199280,5.00e-05,34039.33,1001.00,12682972,N/A,2025-09-24 12:51:47
1967,6.854912,6.505818,685.199280,5.00e-05,34217.97,844.75,12696607,N/A,2025-09-24 12:51:48
1968,6.411911,6.505818,685.199280,5.00e-05,32139.82,852.50,12709887,N/A,2025-09-24 12:51:48
1969,6.259120,6.505818,685.199280,5.00e-05,30853.86,1003.75,12723177,N/A,2025-09-24 12:51:49
1970,5.982411,6.505818,685.199280,5.00e-05,28921.75,901.00,12736091,0.8223,2025-09-24 12:51:49
1971,6.584814,6.505818,685.199280,5.00e-05,29978.84,953.75,12750684,N/A,2025-09-24 12:51:50
1972,6.778664,6.505818,685.199280,5.00e-05,29441.65,657.50,12763128,N/A,2025-09-24 12:51:50
1973,6.271774,6.505818,685.199280,5.00e-05,32467.45,965.00,12777017,N/A,2025-09-24 12:51:50
1974,6.239277,6.505818,685.199280,5.00e-05,31542.36,1024.00,12790394,N/A,2025-09-24 12:51:51
1975,6.322901,6.505818,685.199280,5.00e-05,24738.91,932.75,12803138,N/A,2025-09-24 12:51:52
1976,7.260404,6.505818,685.199280,5.00e-05,23772.68,679.75,12814987,N/A,2025-09-24 12:51:52
1977,6.898153,6.505818,685.199280,5.00e-05,24823.25,883.75,12829277,N/A,2025-09-24 12:51:53
1978,6.670388,6.505818,685.199280,5.00e-05,33168.41,788.25,12842928,N/A,2025-09-24 12:51:53
1979,6.434434,6.505818,685.199280,5.00e-05,33549.14,661.00,12856556,N/A,2025-09-24 12:51:53
1980,6.318566,6.505818,685.199280,5.00e-05,32069.10,925.50,12869885,0.8993,2025-09-24 12:51:54
1981,6.482711,6.505818,685.199280,5.00e-05,28708.39,889.25,12883719,N/A,2025-09-24 12:51:54
1982,6.155231,6.505818,685.199280,5.00e-05,27842.91,883.50,12895666,N/A,2025-09-24 12:51:55
1983,6.367342,6.505818,685.199280,5.00e-05,32618.96,844.50,12909619,N/A,2025-09-24 12:51:55
1984,6.231765,6.505818,685.199280,5.00e-05,32126.06,894.75,12922668,N/A,2025-09-24 12:51:56
1985,6.236632,6.505818,685.199280,5.00e-05,31195.04,543.00,12935043,N/A,2025-09-24 12:51:56
1986,6.213355,6.505818,685.199280,5.00e-05,30233.62,822.00,12948916,N/A,2025-09-24 12:51:57
1987,6.482571,6.505818,685.199280,5.00e-05,31825.53,876.00,12961587,N/A,2025-09-24 12:51:57
1988,6.188290,6.505818,685.199280,5.00e-05,14460.07,945.00,12975366,N/A,2025-09-24 12:51:59
1989,6.610977,6.505818,685.199280,5.00e-05,14700.99,839.75,12988588,N/A,2025-09-24 12:51:59
1990,6.089471,6.505818,685.199280,5.00e-05,30484.91,666.50,13000289,0.7540,2025-09-24 12:52:00
1991,6.392643,6.505818,685.199280,5.00e-05,26113.30,775.25,13013672,N/A,2025-09-24 12:52:00
1992,6.413435,6.505818,685.199280,5.00e-05,25519.14,740.00,13025938,N/A,2025-09-24 12:52:01
1993,6.503198,6.505818,685.199280,5.00e-05,28979.74,826.00,13039192,N/A,2025-09-24 12:52:01
1994,6.425354,6.505818,685.199280,5.00e-05,30603.45,840.00,13052196,N/A,2025-09-24 12:52:02
1995,6.650493,6.505818,685.199280,5.00e-05,31310.24,824.50,13065083,N/A,2025-09-24 12:52:02
1996,6.394119,6.505818,685.199280,5.00e-05,32832.66,796.50,13078683,N/A,2025-09-24 12:52:03
1997,6.346091,6.505818,685.199280,5.00e-05,34037.08,843.00,13092178,N/A,2025-09-24 12:52:03
1998,6.187525,6.505818,685.199280,5.00e-05,31456.44,843.00,13104726,N/A,2025-09-24 12:52:04
1999,6.323912,6.505818,685.199280,5.00e-05,28321.83,656.25,13116426,N/A,2025-09-24 12:52:04
2000,6.266747,6.440338,640.516663,5.00e-05,2184.38,858.50,13129812,N/A,2025-09-24 12:52:18
2001,6.421615,6.440338,640.516663,5.00e-05,1025.43,983.00,13143005,N/A,2025-09-24 12:52:35
2002,6.518121,6.440338,640.516663,5.00e-05,999.63,796.00,13155389,N/A,2025-09-24 12:52:36
2003,6.268936,6.440338,640.516663,5.00e-05,6220.24,1024.00,13168412,N/A,2025-09-24 12:52:36
2004,6.781828,6.440338,640.516663,5.00e-05,32232.23,815.25,13181158,N/A,2025-09-24 12:52:37
2005,6.578893,6.440338,640.516663,5.00e-05,31824.05,765.50,13193948,N/A,2025-09-24 12:52:37
2006,6.598150,6.440338,640.516663,5.00e-05,31058.52,896.25,13206448,N/A,2025-09-24 12:52:38
2007,6.072671,6.440338,640.516663,5.00e-05,30714.33,783.25,13219000,N/A,2025-09-24 12:52:38
2008,6.148867,6.440338,640.516663,5.00e-05,31094.05,793.75,13231520,N/A,2025-09-24 12:52:39
2009,6.127578,6.440338,640.516663,5.00e-05,32055.28,820.25,13245714,N/A,2025-09-24 12:52:39
2010,6.714528,6.440338,640.516663,5.00e-05,31225.32,888.00,13258154,0.9009,2025-09-24 12:52:39
2011,6.261685,6.440338,640.516663,5.00e-05,28246.67,853.75,13271990,N/A,2025-09-24 12:52:40
2012,6.375092,6.440338,640.516663,5.00e-05,27966.48,858.50,13284343,N/A,2025-09-24 12:52:41
2013,6.365626,6.440338,640.516663,5.00e-05,32263.01,725.25,13298236,N/A,2025-09-24 12:52:41
2014,6.560685,6.440338,640.516663,5.00e-05,32610.40,741.50,13311355,N/A,2025-09-24 12:52:41
2015,7.050385,6.440338,640.516663,5.00e-05,31784.25,639.75,13323847,N/A,2025-09-24 12:52:42
2016,6.748898,6.440338,640.516663,5.00e-05,30768.72,670.50,13336120,N/A,2025-09-24 12:52:42
2017,6.070556,6.440338,640.516663,5.00e-05,31474.93,858.50,13349950,N/A,2025-09-24 12:52:43
2018,6.214869,6.440338,640.516663,5.00e-05,30353.67,610.00,13361452,N/A,2025-09-24 12:52:43
2019,6.436445,6.440338,640.516663,5.00e-05,31820.77,997.00,13374912,N/A,2025-09-24 12:52:44
2020,6.539941,6.440338,640.516663,5.00e-05,31824.36,871.25,13388872,0.7717,2025-09-24 12:52:44
2021,6.480047,6.440338,640.516663,5.00e-05,31322.67,881.75,13402649,N/A,2025-09-24 12:52:45
2022,6.764536,6.440338,640.516663,5.00e-05,28399.13,772.25,13414694,N/A,2025-09-24 12:52:45
2023,6.486269,6.440338,640.516663,5.00e-05,32276.30,867.00,13428470,N/A,2025-09-24 12:52:46
2024,6.597180,6.440338,640.516663,5.00e-05,30926.64,745.50,13441040,N/A,2025-09-24 12:52:46
2025,6.342697,6.440338,640.516663,5.00e-05,12225.27,692.50,13453189,N/A,2025-09-24 12:52:48
2026,6.526455,6.440338,640.516663,5.00e-05,11880.48,657.75,13465959,N/A,2025-09-24 12:52:48
2027,6.499845,6.440338,640.516663,5.00e-05,23210.22,845.75,13479306,N/A,2025-09-24 12:52:49
2028,6.498134,6.440338,640.516663,5.00e-05,31333.39,724.50,13492066,N/A,2025-09-24 12:52:49
2029,6.485503,6.440338,640.516663,5.00e-05,32889.88,672.00,13506009,N/A,2025-09-24 12:52:50
2030,6.134409,6.440338,640.516663,5.00e-05,31714.61,909.50,13519060,0.9566,2025-09-24 12:52:50
2031,6.323139,6.440338,640.516663,5.00e-05,28613.71,882.50,13532067,N/A,2025-09-24 12:52:51
2032,6.429245,6.440338,640.516663,5.00e-05,28909.18,883.75,13545955,N/A,2025-09-24 12:52:51
2033,6.281651,6.440338,640.516663,5.00e-05,33335.45,852.25,13559134,N/A,2025-09-24 12:52:52
2034,6.119606,6.440338,640.516663,5.00e-05,31797.54,772.00,13571480,N/A,2025-09-24 12:52:52
2035,6.190901,6.440338,640.516663,5.00e-05,32407.71,881.00,13585607,N/A,2025-09-24 12:52:53
2036,6.264653,6.440338,640.516663,5.00e-05,33592.49,903.50,13599464,N/A,2025-09-24 12:52:53
2037,6.717269,6.440338,640.516663,5.00e-05,33326.27,790.50,13612245,N/A,2025-09-24 12:52:53
2038,6.432799,6.440338,640.516663,5.00e-05,32664.64,832.00,13625818,N/A,2025-09-24 12:52:54
2039,6.555478,6.440338,640.516663,5.00e-05,33581.24,776.75,13640191,N/A,2025-09-24 12:52:54
2040,6.456099,6.440338,640.516663,5.00e-05,32935.98,885.00,13654027,0.8231,2025-09-24 12:52:55
2041,6.477125,6.440338,640.516663,5.00e-05,28206.79,643.75,13666106,N/A,2025-09-24 12:52:55
2042,6.627924,6.440338,640.516663,5.00e-05,28493.41,857.50,13679990,N/A,2025-09-24 12:52:56
2043,6.338062,6.440338,640.516663,5.00e-05,31307.58,797.25,13692478,N/A,2025-09-24 12:52:56
2044,6.254451,6.440338,640.516663,5.00e-05,31708.69,659.50,13705542,N/A,2025-09-24 12:52:57
2045,6.268908,6.440338,640.516663,5.00e-05,31049.33,924.50,13718402,N/A,2025-09-24 12:52:57
2046,6.556952,6.440338,640.516663,5.00e-05,30554.35,673.75,13731166,N/A,2025-09-24 12:52:58
2047,6.444718,6.440338,640.516663,5.00e-05,31125.92,1001.00,13745188,N/A,2025-09-24 12:52:58
2048,6.025458,6.440338,640.516663,5.00e-05,31505.79,826.50,13758772,N/A,2025-09-24 12:52:59
2049,6.442227,6.440338,640.516663,5.00e-05,32401.26,880.50,13770245,N/A,2025-09-24 12:52:59
2050,6.240848,6.440338,640.516663,5.00e-05,11205.61,856.00,13783407,0.7590,2025-09-24 12:53:01
2051,6.226650,6.440338,640.516663,5.00e-05,11522.45,765.00,13796770,N/A,2025-09-24 12:53:02
2052,6.206336,6.440338,640.516663,5.00e-05,21167.05,690.25,13808921,N/A,2025-09-24 12:53:02
2053,6.870832,6.440338,640.516663,5.00e-05,30720.53,778.00,13821559,N/A,2025-09-24 12:53:03
2054,6.245162,6.440338,640.516663,5.00e-05,31385.96,793.75,13834697,N/A,2025-09-24 12:53:03
2055,6.394722,6.440338,640.516663,5.00e-05,32439.33,704.00,13848002,N/A,2025-09-24 12:53:03
2056,6.543280,6.440338,640.516663,5.00e-05,32261.83,799.25,13860637,N/A,2025-09-24 12:53:04
2057,6.234380,6.440338,640.516663,5.00e-05,32277.65,823.00,13874389,N/A,2025-09-24 12:53:04
2058,6.372159,6.440338,640.516663,5.00e-05,32568.56,809.50,13887714,N/A,2025-09-24 12:53:05
2059,6.398025,6.440338,640.516663,5.00e-05,33073.93,767.50,13900640,N/A,2025-09-24 12:53:05
2060,6.343943,6.440338,640.516663,5.00e-05,31196.27,907.75,13913946,0.6726,2025-09-24 12:53:06
2061,6.272703,6.440338,640.516663,5.00e-05,29499.45,1021.50,13928069,N/A,2025-09-24 12:53:06
2062,6.557716,6.440338,640.516663,5.00e-05,30713.19,798.25,13942393,N/A,2025-09-24 12:53:07
2063,6.303273,6.440338,640.516663,5.00e-05,31769.92,774.50,13955051,N/A,2025-09-24 12:53:07
2064,6.473505,6.440338,640.516663,5.00e-05,29771.81,1002.50,13967660,N/A,2025-09-24 12:53:08
2065,6.508543,6.440338,640.516663,5.00e-05,29918.07,962.75,13981422,N/A,2025-09-24 12:53:08
2066,6.635513,6.440338,640.516663,5.00e-05,32247.68,994.00,13994398,N/A,2025-09-24 12:53:09
2067,6.462967,6.440338,640.516663,5.00e-05,32233.11,869.50,14007482,N/A,2025-09-24 12:53:09
2068,6.271614,6.440338,640.516663,5.00e-05,31354.90,746.25,14020117,N/A,2025-09-24 12:53:10
2069,6.309853,6.440338,640.516663,5.00e-05,31931.21,608.75,14033015,N/A,2025-09-24 12:53:10
2070,6.130822,6.440338,640.516663,5.00e-05,29025.76,840.00,14046346,0.7821,2025-09-24 12:53:10
2071,6.332159,6.440338,640.516663,5.00e-05,26830.12,750.75,14059908,N/A,2025-09-24 12:53:11
2072,6.224019,6.440338,640.516663,5.00e-05,26521.02,701.00,14071971,N/A,2025-09-24 12:53:11
2073,6.026734,6.440338,640.516663,5.00e-05,29432.65,835.50,14084226,N/A,2025-09-24 12:53:12
2074,6.472469,6.440338,640.516663,5.00e-05,30213.72,781.25,14097386,N/A,2025-09-24 12:53:12
2075,6.373183,6.440338,640.516663,5.00e-05,11877.27,693.50,14109839,N/A,2025-09-24 12:53:14
2076,6.799177,6.440338,640.516663,5.00e-05,11684.90,527.50,14121499,N/A,2025-09-24 12:53:15
2077,6.116961,6.440338,640.516663,5.00e-05,21224.52,962.50,14133622,N/A,2025-09-24 12:53:15
2078,6.263997,6.440338,640.516663,5.00e-05,30211.44,777.75,14147662,N/A,2025-09-24 12:53:16
2079,6.286579,6.440338,640.516663,5.00e-05,34065.94,683.50,14161729,N/A,2025-09-24 12:53:16
2080,6.387738,6.440338,640.516663,5.00e-05,32771.50,776.75,14175659,0.9068,2025-09-24 12:53:17
2081,5.856298,6.440338,640.516663,5.00e-05,29634.83,786.50,14189193,N/A,2025-09-24 12:53:17
2082,6.001379,6.440338,640.516663,5.00e-05,27930.44,754.50,14201215,N/A,2025-09-24 12:53:18
2083,6.190675,6.440338,640.516663,5.00e-05,30332.74,865.75,14214342,N/A,2025-09-24 12:53:18
2084,6.127882,6.440338,640.516663,5.00e-05,31768.86,747.75,14227719,N/A,2025-09-24 12:53:19
2085,6.244063,6.440338,640.516663,5.00e-05,33168.51,967.00,14241073,N/A,2025-09-24 12:53:19
2086,6.092023,6.440338,640.516663,5.00e-05,31717.59,907.75,14254651,N/A,2025-09-24 12:53:19
2087,6.409584,6.440338,640.516663,5.00e-05,32210.89,820.50,14267807,N/A,2025-09-24 12:53:20
2088,6.509567,6.440338,640.516663,5.00e-05,32818.39,932.25,14281559,N/A,2025-09-24 12:53:20
2089,6.501603,6.440338,640.516663,5.00e-05,31930.99,926.75,14294257,N/A,2025-09-24 12:53:21
2090,6.211318,6.440338,640.516663,5.00e-05,30477.88,809.50,14307236,0.7628,2025-09-24 12:53:21
2091,6.480303,6.440338,640.516663,5.00e-05,27548.11,861.75,14319959,N/A,2025-09-24 12:53:22
2092,6.559795,6.440338,640.516663,5.00e-05,27557.47,841.75,14333330,N/A,2025-09-24 12:53:22
2093,6.591531,6.440338,640.516663,5.00e-05,32215.17,1024.00,14347533,N/A,2025-09-24 12:53:23
2094,6.103821,6.440338,640.516663,5.00e-05,32934.36,665.50,14360875,N/A,2025-09-24 12:53:23
2095,6.462870,6.440338,640.516663,5.00e-05,33563.73,811.75,14375568,N/A,2025-09-24 12:53:24
2096,6.208319,6.440338,640.516663,5.00e-05,32151.04,891.25,14387960,N/A,2025-09-24 12:53:24
2097,6.512819,6.440338,640.516663,5.00e-05,31676.89,659.25,14401010,N/A,2025-09-24 12:53:25
2098,6.270984,6.440338,640.516663,5.00e-05,31602.63,748.75,14414227,N/A,2025-09-24 12:53:25
2099,6.129162,6.440338,640.516663,5.00e-05,32411.33,888.25,14427821,N/A,2025-09-24 12:53:25
2100,6.003477,6.440338,640.516663,5.00e-05,12288.65,873.50,14441008,0.8002,2025-09-24 12:53:28
2101,6.303974,6.440338,640.516663,5.00e-05,11613.99,837.00,14453436,N/A,2025-09-24 12:53:28
2102,6.393982,6.440338,640.516663,5.00e-05,20964.38,783.50,14466570,N/A,2025-09-24 12:53:29
2103,6.390564,6.440338,640.516663,5.00e-05,31021.31,843.75,14480678,N/A,2025-09-24 12:53:29
2104,6.450950,6.440338,640.516663,5.00e-05,27731.39,614.75,14491926,N/A,2025-09-24 12:53:30
2105,6.519060,6.440338,640.516663,5.00e-05,27732.52,861.50,14504975,N/A,2025-09-24 12:53:30
2106,6.413700,6.440338,640.516663,5.00e-05,28887.59,826.25,14517491,N/A,2025-09-24 12:53:30
2107,6.457352,6.440338,640.516663,5.00e-05,29023.27,695.00,14529396,N/A,2025-09-24 12:53:31
2108,6.296826,6.440338,640.516663,5.00e-05,29475.65,753.25,14542539,N/A,2025-09-24 12:53:31
2109,6.348641,6.440338,640.516663,5.00e-05,29572.03,674.25,14555677,N/A,2025-09-24 12:53:32
2110,6.308605,6.440338,640.516663,5.00e-05,29972.36,777.75,14568214,0.8638,2025-09-24 12:53:32
2111,6.525692,6.440338,640.516663,5.00e-05,25931.68,776.50,14580267,N/A,2025-09-24 12:53:33
2112,6.328372,6.440338,640.516663,5.00e-05,26176.76,555.25,14592814,N/A,2025-09-24 12:53:33
2113,6.319829,6.440338,640.516663,5.00e-05,31478.87,893.25,14606563,N/A,2025-09-24 12:53:34
2114,6.377872,6.440338,640.516663,5.00e-05,31629.28,749.25,14619153,N/A,2025-09-24 12:53:34
2115,6.746401,6.440338,640.516663,5.00e-05,32344.00,859.25,14632562,N/A,2025-09-24 12:53:35
2116,6.541699,6.440338,640.516663,5.00e-05,31341.19,892.00,14646225,N/A,2025-09-24 12:53:35
2117,6.398962,6.440338,640.516663,5.00e-05,31593.91,913.00,14658670,N/A,2025-09-24 12:53:36
2118,6.242041,6.440338,640.516663,5.00e-05,30414.44,804.00,14671858,N/A,2025-09-24 12:53:36
2119,6.484939,6.440338,640.516663,5.00e-05,31962.45,610.25,14685294,N/A,2025-09-24 12:53:37
2120,6.753040,6.440338,640.516663,5.00e-05,29959.73,771.00,14697600,0.9913,2025-09-24 12:53:37
2121,6.523453,6.440338,640.516663,5.00e-05,27053.16,832.75,14710826,N/A,2025-09-24 12:53:38
2122,6.500574,6.440338,640.516663,5.00e-05,27150.27,821.00,14723974,N/A,2025-09-24 12:53:38
2123,6.726913,6.440338,640.516663,5.00e-05,32220.30,903.25,14738143,N/A,2025-09-24 12:53:38
2124,6.135169,6.440338,640.516663,5.00e-05,32446.56,957.75,14751424,N/A,2025-09-24 12:53:39
2125,6.208866,6.440338,640.516663,5.00e-05,12294.22,684.50,14763804,N/A,2025-09-24 12:53:41
2126,6.058060,6.440338,640.516663,5.00e-05,12257.47,944.25,14776981,N/A,2025-09-24 12:53:41
2127,6.495584,6.440338,640.516663,5.00e-05,22110.67,949.50,14790524,N/A,2025-09-24 12:53:42
2128,6.651792,6.440338,640.516663,5.00e-05,30848.28,773.50,14802597,N/A,2025-09-24 12:53:42
2129,6.205974,6.440338,640.516663,5.00e-05,30083.78,570.50,14815363,N/A,2025-09-24 12:53:43
2130,6.367901,6.440338,640.516663,5.00e-05,30900.78,770.25,14828585,0.8027,2025-09-24 12:53:43
2131,6.244407,6.440338,640.516663,5.00e-05,27827.22,832.75,14841742,N/A,2025-09-24 12:53:44
2132,6.420665,6.440338,640.516663,5.00e-05,27543.90,754.50,14853526,N/A,2025-09-24 12:53:44
2133,6.185758,6.440338,640.516663,5.00e-05,29976.63,733.75,14865738,N/A,2025-09-24 12:53:45
2134,6.353394,6.440338,640.516663,5.00e-05,30664.41,894.50,14878953,N/A,2025-09-24 12:53:45
2135,6.130918,6.440338,640.516663,5.00e-05,31018.59,812.50,14891360,N/A,2025-09-24 12:53:46
2136,6.447926,6.440338,640.516663,5.00e-05,31828.63,950.50,14904665,N/A,2025-09-24 12:53:46
2137,6.660485,6.440338,640.516663,5.00e-05,33038.74,878.75,14918268,N/A,2025-09-24 12:53:46
2138,6.611598,6.440338,640.516663,5.00e-05,33363.58,782.75,14931873,N/A,2025-09-24 12:53:47
2139,6.337630,6.440338,640.516663,5.00e-05,32755.26,904.00,14945622,N/A,2025-09-24 12:53:47
2140,6.381248,6.440338,640.516663,5.00e-05,30984.02,687.00,14957992,0.8062,2025-09-24 12:53:48
2141,6.517282,6.440338,640.516663,5.00e-05,26688.04,847.50,14970544,N/A,2025-09-24 12:53:48
2142,6.422284,6.440338,640.516663,5.00e-05,25456.00,852.00,14982781,N/A,2025-09-24 12:53:49
2143,6.222168,6.440338,640.516663,5.00e-05,30731.27,793.00,14997416,N/A,2025-09-24 12:53:49
2144,6.178593,6.440338,640.516663,5.00e-05,30964.94,776.00,15009429,N/A,2025-09-24 12:53:50
2145,6.495275,6.440338,640.516663,5.00e-05,30339.43,773.75,15022223,N/A,2025-09-24 12:53:50
2146,6.556715,6.440338,640.516663,5.00e-05,29946.71,758.25,15034807,N/A,2025-09-24 12:53:51
2147,6.325772,6.440338,640.516663,5.00e-05,30873.10,838.50,15048261,N/A,2025-09-24 12:53:51
2148,6.370125,6.440338,640.516663,5.00e-05,31003.22,929.75,15061375,N/A,2025-09-24 12:53:52
2149,6.002579,6.440338,640.516663,5.00e-05,32038.19,660.75,15074584,N/A,2025-09-24 12:53:52
2150,6.271590,6.440338,640.516663,5.00e-05,12534.58,778.00,15088072,0.9980,2025-09-24 12:53:54
2151,6.709818,6.440338,640.516663,5.00e-05,11841.60,696.00,15100381,N/A,2025-09-24 12:53:55
2152,6.472098,6.440338,640.516663,5.00e-05,21465.28,770.25,15114273,N/A,2025-09-24 12:53:55
2153,6.285618,6.440338,640.516663,5.00e-05,31354.29,822.75,15127413,N/A,2025-09-24 12:53:56
2154,5.991065,6.440338,640.516663,5.00e-05,32082.66,987.25,15141792,N/A,2025-09-24 12:53:56
2155,6.128306,6.440338,640.516663,5.00e-05,32885.56,801.50,15155613,N/A,2025-09-24 12:53:57
2156,6.382784,6.440338,640.516663,5.00e-05,32654.74,782.00,15168779,N/A,2025-09-24 12:53:57
2157,6.548241,6.440338,640.516663,5.00e-05,32172.77,726.75,15182543,N/A,2025-09-24 12:53:57
2158,6.208140,6.440338,640.516663,5.00e-05,32708.89,994.50,15195664,N/A,2025-09-24 12:53:58
2159,6.555946,6.440338,640.516663,5.00e-05,30774.67,828.50,15208861,N/A,2025-09-24 12:53:58
2160,6.370595,6.440338,640.516663,5.00e-05,31159.14,874.75,15222389,0.7596,2025-09-24 12:53:59
2161,6.172515,6.440338,640.516663,5.00e-05,28448.19,717.75,15234638,N/A,2025-09-24 12:53:59
2162,6.291876,6.440338,640.516663,5.00e-05,26565.18,842.50,15246730,N/A,2025-09-24 12:54:00
2163,6.458388,6.440338,640.516663,5.00e-05,30486.37,875.00,15260232,N/A,2025-09-24 12:54:00
2164,6.614515,6.440338,640.516663,5.00e-05,32275.30,688.75,15274403,N/A,2025-09-24 12:54:01
2165,6.209021,6.440338,640.516663,5.00e-05,35110.80,978.25,15288677,N/A,2025-09-24 12:54:01
2166,6.612753,6.440338,640.516663,5.00e-05,34225.44,840.75,15302228,N/A,2025-09-24 12:54:02
2167,6.425124,6.440338,640.516663,5.00e-05,33552.66,800.50,15315569,N/A,2025-09-24 12:54:02
2168,6.641218,6.440338,640.516663,5.00e-05,31785.38,897.25,15328636,N/A,2025-09-24 12:54:02
2169,6.292168,6.440338,640.516663,5.00e-05,32427.21,1005.75,15342126,N/A,2025-09-24 12:54:03
2170,6.297451,6.440338,640.516663,5.00e-05,29885.06,848.00,15353771,0.8923,2025-09-24 12:54:03
2171,6.618414,6.440338,640.516663,5.00e-05,28005.05,921.50,15368429,N/A,2025-09-24 12:54:04
2172,6.309127,6.440338,640.516663,5.00e-05,28537.57,902.25,15382225,N/A,2025-09-24 12:54:04
2173,6.318185,6.440338,640.516663,5.00e-05,31558.33,597.25,15394701,N/A,2025-09-24 12:54:05
2174,6.102039,6.440338,640.516663,5.00e-05,32644.97,853.75,15408489,N/A,2025-09-24 12:54:05
2175,6.733095,6.440338,640.516663,5.00e-05,11584.61,847.75,15420057,N/A,2025-09-24 12:54:07
2176,6.879047,6.440338,640.516663,5.00e-05,11753.60,693.50,15433069,N/A,2025-09-24 12:54:08
2177,6.526126,6.440338,640.516663,5.00e-05,21897.11,773.00,15445796,N/A,2025-09-24 12:54:08
2178,6.385983,6.440338,640.516663,5.00e-05,31686.19,879.50,15459213,N/A,2025-09-24 12:54:09
2179,6.331048,6.440338,640.516663,5.00e-05,32637.43,897.75,15472217,N/A,2025-09-24 12:54:09
2180,5.957617,6.440338,640.516663,5.00e-05,32677.22,925.00,15486767,1.0000,2025-09-24 12:54:10
2181,6.132362,6.440338,640.516663,5.00e-05,28583.97,880.75,15498871,N/A,2025-09-24 12:54:10
2182,6.449091,6.440338,640.516663,5.00e-05,27628.56,1024.00,15513220,N/A,2025-09-24 12:54:11
2183,6.328001,6.440338,640.516663,5.00e-05,30825.39,839.50,15525722,N/A,2025-09-24 12:54:11
2184,6.751772,6.440338,640.516663,5.00e-05,30342.83,972.50,15539161,N/A,2025-09-24 12:54:12
2185,6.182111,6.440338,640.516663,5.00e-05,29388.06,722.50,15551902,N/A,2025-09-24 12:54:12
2186,6.214053,6.440338,640.516663,5.00e-05,31318.53,835.50,15565285,N/A,2025-09-24 12:54:13
2187,6.615924,6.440338,640.516663,5.00e-05,31156.83,1024.00,15578823,N/A,2025-09-24 12:54:13
2188,6.556431,6.440338,640.516663,5.00e-05,33046.37,793.25,15592448,N/A,2025-09-24 12:54:14
2189,6.406240,6.440338,640.516663,5.00e-05,34114.47,940.00,15605822,N/A,2025-09-24 12:54:14
2190,6.518453,6.440338,640.516663,5.00e-05,30911.70,868.75,15619399,0.7577,2025-09-24 12:54:14
2191,6.367699,6.440338,640.516663,5.00e-05,28319.71,785.25,15631787,N/A,2025-09-24 12:54:15
2192,6.348965,6.440338,640.516663,5.00e-05,27969.42,878.00,15646084,N/A,2025-09-24 12:54:15
2193,6.448418,6.440338,640.516663,5.00e-05,28830.72,898.50,15659284,N/A,2025-09-24 12:54:16
2194,6.355809,6.440338,640.516663,5.00e-05,27512.13,791.75,15672593,N/A,2025-09-24 12:54:17
2195,6.629671,6.440338,640.516663,5.00e-05,26664.95,804.50,15686826,N/A,2025-09-24 12:54:17
2196,6.856943,6.440338,640.516663,5.00e-05,6006.58,802.25,15701153,N/A,2025-09-24 12:54:22
2197,6.692278,6.440338,640.516663,5.00e-05,6068.93,734.00,15714323,N/A,2025-09-24 12:54:23
2198,6.339458,6.440338,640.516663,5.00e-05,33143.39,851.25,15728768,N/A,2025-09-24 12:54:23
2199,6.201103,6.440338,640.516663,5.00e-05,33796.70,1008.75,15742594,N/A,2025-09-24 12:54:24
2200,6.703893,6.440338,640.516663,5.00e-05,12499.15,912.25,15755553,0.8044,2025-09-24 12:54:26
2201,6.255763,6.440338,640.516663,5.00e-05,11801.33,823.00,15769017,N/A,2025-09-24 12:54:26
2202,6.594625,6.440338,640.516663,5.00e-05,20482.86,814.25,15781494,N/A,2025-09-24 12:54:27
2203,6.477015,6.440338,640.516663,5.00e-05,30884.76,811.25,15795519,N/A,2025-09-24 12:54:27
2204,6.206143,6.440338,640.516663,5.00e-05,32070.75,723.75,15808869,N/A,2025-09-24 12:54:28
2205,6.699138,6.440338,640.516663,5.00e-05,31370.26,968.75,15821735,N/A,2025-09-24 12:54:28
2206,6.487769,6.440338,640.516663,5.00e-05,29776.21,824.00,15832937,N/A,2025-09-24 12:54:29
2207,6.642088,6.440338,640.516663,5.00e-05,28959.88,779.75,15845138,N/A,2025-09-24 12:54:29
2208,6.644161,6.440338,640.516663,5.00e-05,29608.20,736.75,15857122,N/A,2025-09-24 12:54:29
2209,6.779671,6.440338,640.516663,5.00e-05,30564.10,755.50,15869238,N/A,2025-09-24 12:54:30
2210,6.214409,6.440338,640.516663,5.00e-05,30328.01,976.00,15883338,0.8843,2025-09-24 12:54:30
2211,6.349124,6.440338,640.516663,5.00e-05,26952.02,583.25,15894661,N/A,2025-09-24 12:54:31
2212,6.049188,6.440338,640.516663,5.00e-05,27089.66,770.50,15907840,N/A,2025-09-24 12:54:31
2213,6.503050,6.440338,640.516663,5.00e-05,32059.69,985.00,15921637,N/A,2025-09-24 12:54:32
2214,6.527855,6.440338,640.516663,5.00e-05,31576.71,840.75,15933710,N/A,2025-09-24 12:54:32
2215,6.578820,6.440338,640.516663,5.00e-05,31972.84,769.75,15947025,N/A,2025-09-24 12:54:33
2216,6.433961,6.440338,640.516663,5.00e-05,32102.12,885.00,15960297,N/A,2025-09-24 12:54:33
2217,6.220612,6.440338,640.516663,5.00e-05,32751.03,789.00,15973746,N/A,2025-09-24 12:54:34
2218,6.372157,6.440338,640.516663,5.00e-05,32014.02,824.25,15986317,N/A,2025-09-24 12:54:34
2219,6.390953,6.440338,640.516663,5.00e-05,29693.77,795.75,15998623,N/A,2025-09-24 12:54:34
2220,6.464550,6.440338,640.516663,5.00e-05,29063.68,866.75,16011652,0.7815,2025-09-24 12:54:35
2221,6.813216,6.440338,640.516663,5.00e-05,26440.21,665.50,16023943,N/A,2025-09-24 12:54:36
2222,5.987525,6.440338,640.516663,5.00e-05,27659.80,785.00,16036725,N/A,2025-09-24 12:54:36
2223,6.722982,6.440338,640.516663,5.00e-05,32122.33,818.50,16050890,N/A,2025-09-24 12:54:36
2224,6.703638,6.440338,640.516663,5.00e-05,33400.40,792.75,16064795,N/A,2025-09-24 12:54:37
2225,6.561290,6.440338,640.516663,5.00e-05,12616.91,828.75,16077892,N/A,2025-09-24 12:54:39
2226,6.175826,6.440338,640.516663,5.00e-05,12430.07,628.50,16091251,N/A,2025-09-24 12:54:39
2227,6.692477,6.440338,640.516663,5.00e-05,23901.83,875.25,16104942,N/A,2025-09-24 12:54:40
2228,6.419552,6.440338,640.516663,5.00e-05,30879.31,900.50,16117447,N/A,2025-09-24 12:54:40
2229,6.452148,6.440338,640.516663,5.00e-05,30112.13,705.25,16128750,N/A,2025-09-24 12:54:41
2230,6.387825,6.440338,640.516663,5.00e-05,26784.86,616.75,16139669,0.8593,2025-09-24 12:54:41
2231,6.392935,6.440338,640.516663,5.00e-05,22582.19,730.25,16150695,N/A,2025-09-24 12:54:42
2232,6.281700,6.440338,640.516663,5.00e-05,24249.45,830.25,16163122,N/A,2025-09-24 12:54:42
2233,6.508697,6.440338,640.516663,5.00e-05,29864.01,858.50,16177322,N/A,2025-09-24 12:54:43
2234,6.096728,6.440338,640.516663,5.00e-05,32896.57,694.75,16189866,N/A,2025-09-24 12:54:43
2235,6.184050,6.440338,640.516663,5.00e-05,32101.99,841.25,16203238,N/A,2025-09-24 12:54:44
2236,6.460258,6.440338,640.516663,5.00e-05,29285.59,892.75,16215934,N/A,2025-09-24 12:54:44
2237,6.318029,6.440338,640.516663,5.00e-05,29398.23,812.75,16228103,N/A,2025-09-24 12:54:45
2238,6.310216,6.440338,640.516663,5.00e-05,29978.87,852.50,16241346,N/A,2025-09-24 12:54:45
2239,6.510015,6.440338,640.516663,5.00e-05,31883.93,763.50,16255419,N/A,2025-09-24 12:54:45
2240,6.287766,6.440338,640.516663,5.00e-05,32671.90,1024.00,16270008,0.8145,2025-09-24 12:54:46
2241,6.386591,6.440338,640.516663,5.00e-05,31229.42,1002.00,16284809,N/A,2025-09-24 12:54:46
2242,6.296983,6.440338,640.516663,5.00e-05,30189.16,698.00,16297627,N/A,2025-09-24 12:54:47
2243,6.381410,6.440338,640.516663,5.00e-05,31741.57,761.25,16310220,N/A,2025-09-24 12:54:47
2244,6.296694,6.440338,640.516663,5.00e-05,31578.47,854.50,16324025,N/A,2025-09-24 12:54:48
2245,6.527172,6.440338,640.516663,5.00e-05,33309.95,878.75,16337695,N/A,2025-09-24 12:54:48
2246,6.543778,6.440338,640.516663,5.00e-05,34562.46,960.00,16352401,N/A,2025-09-24 12:54:49
2247,6.471631,6.440338,640.516663,5.00e-05,34620.79,778.00,16366105,N/A,2025-09-24 12:54:49
2248,6.437964,6.440338,640.516663,5.00e-05,34370.35,1009.50,16380039,N/A,2025-09-24 12:54:50
2249,6.393854,6.440338,640.516663,5.00e-05,32782.29,966.75,16393016,N/A,2025-09-24 12:54:50
2250,6.693337,6.400956,631.200928,5.00e-05,3574.09,958.00,16406660,N/A,2025-09-24 12:54:59
2251,6.383353,6.400956,631.200928,5.00e-05,3488.43,772.75,16419075,N/A,2025-09-24 12:54:59
2252,6.487913,6.400956,631.200928,5.00e-05,4058.29,833.75,16433022,N/A,2025-09-24 12:55:00
2253,6.381869,6.400956,631.200928,5.00e-05,31918.50,875.25,16445742,N/A,2025-09-24 12:55:00
2254,6.395725,6.400956,631.200928,5.00e-05,30876.59,829.75,16458547,N/A,2025-09-24 12:55:01
2255,6.415133,6.400956,631.200928,5.00e-05,32096.58,950.25,16473564,N/A,2025-09-24 12:55:01
2256,6.257210,6.400956,631.200928,5.00e-05,33167.87,887.50,16486798,N/A,2025-09-24 12:55:02
2257,6.276422,6.400956,631.200928,5.00e-05,31948.50,972.25,16500070,N/A,2025-09-24 12:55:02
2258,5.703096,6.400956,631.200928,5.00e-05,30529.80,591.25,16513272,N/A,2025-09-24 12:55:03
2259,6.129059,6.400956,631.200928,5.00e-05,30663.81,785.00,16526169,N/A,2025-09-24 12:55:03
2260,6.479268,6.400956,631.200928,5.00e-05,29145.26,688.25,16538717,1.0000,2025-09-24 12:55:04
2261,6.180306,6.400956,631.200928,5.00e-05,28519.97,862.00,16552871,N/A,2025-09-24 12:55:04
2262,6.439018,6.400956,631.200928,5.00e-05,28423.34,778.25,16565702,N/A,2025-09-24 12:55:05
2263,6.364835,6.400956,631.200928,5.00e-05,14760.13,713.25,16579675,N/A,2025-09-24 12:55:06
2264,6.470973,6.400956,631.200928,5.00e-05,14898.89,962.75,16593671,N/A,2025-09-24 12:55:07
2265,6.416612,6.400956,631.200928,5.00e-05,32316.69,800.50,16605518,N/A,2025-09-24 12:55:07
2266,6.522291,6.400956,631.200928,5.00e-05,30971.99,733.50,16618663,N/A,2025-09-24 12:55:08
2267,6.415229,6.400956,631.200928,5.00e-05,31664.25,930.75,16632005,N/A,2025-09-24 12:55:08
2268,6.518978,6.400956,631.200928,5.00e-05,32486.79,747.00,16646298,N/A,2025-09-24 12:55:09
2269,6.420524,6.400956,631.200928,5.00e-05,33339.79,771.25,16659159,N/A,2025-09-24 12:55:09
2270,6.500817,6.400956,631.200928,5.00e-05,30827.10,699.00,16671610,1.0000,2025-09-24 12:55:09
2271,6.375088,6.400956,631.200928,5.00e-05,28365.25,922.00,16684987,N/A,2025-09-24 12:55:10
2272,6.597421,6.400956,631.200928,5.00e-05,27244.49,730.00,16697067,N/A,2025-09-24 12:55:10
2273,6.085350,6.400956,631.200928,5.00e-05,31121.35,780.75,16709428,N/A,2025-09-24 12:55:11
2274,6.345693,6.400956,631.200928,5.00e-05,32381.29,914.25,16724211,N/A,2025-09-24 12:55:11
2275,6.454075,6.400956,631.200928,5.00e-05,23766.68,987.00,16737052,N/A,2025-09-24 12:55:12
2276,6.176799,6.400956,631.200928,5.00e-05,24118.09,930.75,16751196,N/A,2025-09-24 12:55:13
2277,6.330742,6.400956,631.200928,5.00e-05,22535.63,715.00,16762381,N/A,2025-09-24 12:55:13
2278,6.303019,6.400956,631.200928,5.00e-05,29989.61,959.00,16775444,N/A,2025-09-24 12:55:14
2279,6.267796,6.400956,631.200928,5.00e-05,31368.28,929.75,16788755,N/A,2025-09-24 12:55:14
2280,5.987186,6.400956,631.200928,5.00e-05,30112.78,775.75,16800969,0.8360,2025-09-24 12:55:14
2281,6.226706,6.400956,631.200928,5.00e-05,27164.45,885.25,16813628,N/A,2025-09-24 12:55:15
2282,6.854009,6.400956,631.200928,5.00e-05,27471.72,698.50,16826392,N/A,2025-09-24 12:55:15
2283,6.367487,6.400956,631.200928,5.00e-05,31194.90,882.00,16839371,N/A,2025-09-24 12:55:16
2284,6.485322,6.400956,631.200928,5.00e-05,30658.20,765.50,16851733,N/A,2025-09-24 12:55:16
2285,6.510019,6.400956,631.200928,5.00e-05,30975.64,795.00,16864898,N/A,2025-09-24 12:55:17
2286,5.978118,6.400956,631.200928,5.00e-05,32161.66,817.50,16878318,N/A,2025-09-24 12:55:17
2287,6.502398,6.400956,631.200928,5.00e-05,32993.79,781.75,16892207,N/A,2025-09-24 12:55:18
2288,6.687574,6.400956,631.200928,5.00e-05,14616.87,787.25,16905110,N/A,2025-09-24 12:55:19
2289,6.153871,6.400956,631.200928,5.00e-05,14686.72,851.25,16918901,N/A,2025-09-24 12:55:20
2290,6.437184,6.400956,631.200928,5.00e-05,31831.59,902.75,16932607,0.7876,2025-09-24 12:55:20
2291,6.308345,6.400956,631.200928,5.00e-05,27354.39,726.00,16945059,N/A,2025-09-24 12:55:21
2292,6.466561,6.400956,631.200928,5.00e-05,27573.55,904.50,16957636,N/A,2025-09-24 12:55:21
2293,6.080610,6.400956,631.200928,5.00e-05,29891.93,897.25,16971347,N/A,2025-09-24 12:55:22
2294,6.459552,6.400956,631.200928,5.00e-05,31512.43,772.75,16984129,N/A,2025-09-24 12:55:22
2295,6.186757,6.400956,631.200928,5.00e-05,30364.47,759.75,16997160,N/A,2025-09-24 12:55:23
2296,6.206091,6.400956,631.200928,5.00e-05,31273.24,971.25,17010057,N/A,2025-09-24 12:55:23
2297,6.576642,6.400956,631.200928,5.00e-05,31379.40,748.00,17023289,N/A,2025-09-24 12:55:24
2298,6.196524,6.400956,631.200928,5.00e-05,32444.56,736.25,17036500,N/A,2025-09-24 12:55:24
2299,6.304088,6.400956,631.200928,5.00e-05,33614.09,871.25,17050625,N/A,2025-09-24 12:55:25
2300,6.399427,6.400956,631.200928,5.00e-05,23257.34,891.25,17064080,0.7869,2025-09-24 12:55:25
2301,6.734933,6.400956,631.200928,5.00e-05,20972.99,811.50,17076976,N/A,2025-09-24 12:55:26
2302,6.390852,6.400956,631.200928,5.00e-05,19906.21,706.25,17089706,N/A,2025-09-24 12:55:26
2303,6.630869,6.400956,631.200928,5.00e-05,30834.75,778.25,17103215,N/A,2025-09-24 12:55:27
2304,6.390312,6.400956,631.200928,5.00e-05,31951.29,873.00,17115680,N/A,2025-09-24 12:55:27
2305,6.962528,6.400956,631.200928,5.00e-05,30507.93,751.75,17127830,N/A,2025-09-24 12:55:28
2306,6.279168,6.400956,631.200928,5.00e-05,32203.52,971.75,17141458,N/A,2025-09-24 12:55:28
2307,6.249421,6.400956,631.200928,5.00e-05,31474.18,797.25,17154170,N/A,2025-09-24 12:55:29
2308,6.156004,6.400956,631.200928,5.00e-05,34035.39,877.00,17168018,N/A,2025-09-24 12:55:29
2309,6.908734,6.400956,631.200928,5.00e-05,32311.15,658.75,17180320,N/A,2025-09-24 12:55:30
2310,5.965257,6.400956,631.200928,5.00e-05,31076.56,936.75,17193525,0.9318,2025-09-24 12:55:30
2311,5.985199,6.400956,631.200928,5.00e-05,26583.55,748.00,17205467,N/A,2025-09-24 12:55:31
2312,6.410266,6.400956,631.200928,5.00e-05,28708.14,824.00,17219106,N/A,2025-09-24 12:55:31
2313,6.628700,6.400956,631.200928,5.00e-05,15074.90,908.00,17232786,N/A,2025-09-24 12:55:33
2314,6.397409,6.400956,631.200928,5.00e-05,14315.50,683.00,17244704,N/A,2025-09-24 12:55:33
2315,6.652534,6.400956,631.200928,5.00e-05,32578.99,794.25,17258845,N/A,2025-09-24 12:55:34
2316,6.329669,6.400956,631.200928,5.00e-05,29517.64,916.25,17271652,N/A,2025-09-24 12:55:34
2317,6.156638,6.400956,631.200928,5.00e-05,29287.98,782.75,17284949,N/A,2025-09-24 12:55:35
2318,6.253130,6.400956,631.200928,5.00e-05,29436.65,717.25,17298150,N/A,2025-09-24 12:55:35
2319,6.209256,6.400956,631.200928,5.00e-05,30633.22,971.75,17310910,N/A,2025-09-24 12:55:35
2320,6.525681,6.400956,631.200928,5.00e-05,30633.61,879.00,17324135,0.6908,2025-09-24 12:55:36
2321,6.352709,6.400956,631.200928,5.00e-05,28500.50,852.00,17336877,N/A,2025-09-24 12:55:36
2322,6.081539,6.400956,631.200928,5.00e-05,28172.80,919.75,17350511,N/A,2025-09-24 12:55:37
2323,6.603423,6.400956,631.200928,5.00e-05,31181.91,949.00,17363577,N/A,2025-09-24 12:55:37
2324,6.574842,6.400956,631.200928,5.00e-05,29810.64,773.75,17375150,N/A,2025-09-24 12:55:38
2325,6.683717,6.400956,631.200928,5.00e-05,21370.85,611.00,17386784,N/A,2025-09-24 12:55:39
2326,5.998958,6.400956,631.200928,5.00e-05,22008.49,916.00,17399691,N/A,2025-09-24 12:55:39
2327,6.355313,6.400956,631.200928,5.00e-05,22932.86,924.50,17413451,N/A,2025-09-24 12:55:40
2328,6.243614,6.400956,631.200928,5.00e-05,31895.15,905.50,17427151,N/A,2025-09-24 12:55:40
2329,6.228578,6.400956,631.200928,5.00e-05,32522.60,861.50,17441733,N/A,2025-09-24 12:55:40
2330,6.629742,6.400956,631.200928,5.00e-05,29575.64,846.00,17453478,1.0000,2025-09-24 12:55:41
2331,6.532084,6.400956,631.200928,5.00e-05,27763.66,969.50,17466151,N/A,2025-09-24 12:55:41
2332,6.254123,6.400956,631.200928,5.00e-05,28837.67,933.25,17480737,N/A,2025-09-24 12:55:42
2333,6.173749,6.400956,631.200928,5.00e-05,32510.24,773.00,17493644,N/A,2025-09-24 12:55:42
2334,6.499661,6.400956,631.200928,5.00e-05,32411.90,816.25,17507847,N/A,2025-09-24 12:55:43
2335,6.303439,6.400956,631.200928,5.00e-05,31636.64,889.00,17520248,N/A,2025-09-24 12:55:43
2336,6.285831,6.400956,631.200928,5.00e-05,31652.11,733.50,17533250,N/A,2025-09-24 12:55:44
2337,6.255543,6.400956,631.200928,5.00e-05,32359.66,924.00,17546606,N/A,2025-09-24 12:55:44
2338,6.599855,6.400956,631.200928,5.00e-05,14877.14,879.50,17559523,N/A,2025-09-24 12:55:46
2339,6.554250,6.400956,631.200928,5.00e-05,14773.62,981.50,17572696,N/A,2025-09-24 12:55:46
2340,6.245551,6.400956,631.200928,5.00e-05,29956.46,833.50,17585529,0.8743,2025-09-24 12:55:47
2341,6.328356,6.400956,631.200928,5.00e-05,28104.35,908.25,17599343,N/A,2025-09-24 12:55:47
2342,6.668586,6.400956,631.200928,5.00e-05,27547.92,1024.00,17612010,N/A,2025-09-24 12:55:48
2343,6.494948,6.400956,631.200928,5.00e-05,30911.91,682.50,17624941,N/A,2025-09-24 12:55:48
2344,6.181212,6.400956,631.200928,5.00e-05,32239.27,836.00,17637955,N/A,2025-09-24 12:55:49
2345,6.474371,6.400956,631.200928,5.00e-05,30482.26,847.75,17651378,N/A,2025-09-24 12:55:49
2346,6.382148,6.400956,631.200928,5.00e-05,31323.71,939.00,17664809,N/A,2025-09-24 12:55:50
2347,5.922701,6.400956,631.200928,5.00e-05,31886.24,961.50,17679024,N/A,2025-09-24 12:55:50
2348,6.843990,6.400956,631.200928,5.00e-05,33312.04,975.00,17692756,N/A,2025-09-24 12:55:51
2349,6.353882,6.400956,631.200928,5.00e-05,34589.74,1005.75,17707195,N/A,2025-09-24 12:55:51
2350,6.342809,6.400956,631.200928,5.00e-05,25090.62,965.75,17721298,0.7523,2025-09-24 12:55:52
2351,6.231513,6.400956,631.200928,5.00e-05,23997.53,859.50,17735043,N/A,2025-09-24 12:55:52
2352,6.319473,6.400956,631.200928,5.00e-05,23408.21,935.50,17748990,N/A,2025-09-24 12:55:53
2353,6.508017,6.400956,631.200928,5.00e-05,33032.56,778.00,17762080,N/A,2025-09-24 12:55:53
2354,6.282149,6.400956,631.200928,5.00e-05,31557.42,713.25,17773741,N/A,2025-09-24 12:55:54
2355,6.276353,6.400956,631.200928,5.00e-05,30811.90,862.00,17786749,N/A,2025-09-24 12:55:54
2356,6.389351,6.400956,631.200928,5.00e-05,29935.22,746.25,17798746,N/A,2025-09-24 12:55:55
2357,6.701589,6.400956,631.200928,5.00e-05,30985.10,757.75,17811890,N/A,2025-09-24 12:55:55
2358,6.520891,6.400956,631.200928,5.00e-05,31547.17,879.50,17825321,N/A,2025-09-24 12:55:55
2359,6.823802,6.400956,631.200928,5.00e-05,31899.95,901.25,17838648,N/A,2025-09-24 12:55:56
2360,6.420153,6.400956,631.200928,5.00e-05,30487.57,743.00,17851484,1.0000,2025-09-24 12:55:56
2361,6.500064,6.400956,631.200928,5.00e-05,27553.10,666.00,17863786,N/A,2025-09-24 12:55:57
2362,6.001627,6.400956,631.200928,5.00e-05,27262.24,931.50,17877412,N/A,2025-09-24 12:55:57
2363,6.019284,6.400956,631.200928,5.00e-05,13801.67,635.00,17888637,N/A,2025-09-24 12:55:59
2364,6.531747,6.400956,631.200928,5.00e-05,13986.26,833.00,17901229,N/A,2025-09-24 12:56:00
2365,6.329303,6.400956,631.200928,5.00e-05,28727.22,811.00,17913711,N/A,2025-09-24 12:56:00
2366,6.267652,6.400956,631.200928,5.00e-05,29512.36,837.75,17925976,N/A,2025-09-24 12:56:00
2367,6.685803,6.400956,631.200928,5.00e-05,31257.04,730.00,17939361,N/A,2025-09-24 12:56:01
2368,6.046366,6.400956,631.200928,5.00e-05,32799.63,823.50,17953022,N/A,2025-09-24 12:56:01
2369,6.229091,6.400956,631.200928,5.00e-05,34108.67,946.50,17967425,N/A,2025-09-24 12:56:02
2370,6.322287,6.400956,631.200928,5.00e-05,32917.70,962.50,17980851,0.7211,2025-09-24 12:56:02
2371,6.264688,6.400956,631.200928,5.00e-05,27773.25,777.25,17992857,N/A,2025-09-24 12:56:03
2372,6.217871,6.400956,631.200928,5.00e-05,27370.88,860.75,18006066,N/A,2025-09-24 12:56:03
2373,6.219667,6.400956,631.200928,5.00e-05,31287.45,865.25,18019598,N/A,2025-09-24 12:56:04
2374,6.660263,6.400956,631.200928,5.00e-05,33149.01,716.75,18033006,N/A,2025-09-24 12:56:04
2375,6.198792,6.400956,631.200928,5.00e-05,24481.33,948.75,18047414,N/A,2025-09-24 12:56:05
2376,6.328331,6.400956,631.200928,5.00e-05,23724.42,701.00,18059809,N/A,2025-09-24 12:56:05
2377,6.278572,6.400956,631.200928,5.00e-05,23712.95,888.50,18073313,N/A,2025-09-24 12:56:06
2378,6.193765,6.400956,631.200928,5.00e-05,31878.97,905.75,18086878,N/A,2025-09-24 12:56:06
2379,6.312826,6.400956,631.200928,5.00e-05,31335.53,810.50,18098784,N/A,2025-09-24 12:56:07
2380,6.298918,6.400956,631.200928,5.00e-05,30189.72,909.00,18112399,0.9065,2025-09-24 12:56:07
2381,6.264095,6.400956,631.200928,5.00e-05,26817.27,616.50,18124220,N/A,2025-09-24 12:56:08
2382,6.409510,6.400956,631.200928,5.00e-05,28535.89,963.50,18137981,N/A,2025-09-24 12:56:08
2383,6.201241,6.400956,631.200928,5.00e-05,30958.08,914.50,18151119,N/A,2025-09-24 12:56:09
2384,6.385675,6.400956,631.200928,5.00e-05,31268.88,741.25,18163611,N/A,2025-09-24 12:56:09
2385,6.723134,6.400956,631.200928,5.00e-05,29367.70,733.00,18176395,N/A,2025-09-24 12:56:10
2386,6.389782,6.400956,631.200928,5.00e-05,31161.58,636.00,18189033,N/A,2025-09-24 12:56:10
2387,6.428906,6.400956,631.200928,5.00e-05,30869.25,805.25,18201778,N/A,2025-09-24 12:56:11
2388,6.388344,6.400956,631.200928,5.00e-05,14211.65,978.25,18215492,N/A,2025-09-24 12:56:12
2389,6.283955,6.400956,631.200928,5.00e-05,14811.30,1002.00,18229879,N/A,2025-09-24 12:56:13
2390,6.211174,6.400956,631.200928,5.00e-05,29546.82,858.75,18243654,1.0000,2025-09-24 12:56:13
2391,6.277273,6.400956,631.200928,5.00e-05,23875.86,841.75,18256463,N/A,2025-09-24 12:56:14
2392,6.493688,6.400956,631.200928,5.00e-05,22189.80,783.00,18268546,N/A,2025-09-24 12:56:14
2393,6.283074,6.400956,631.200928,5.00e-05,26260.35,804.50,18281134,N/A,2025-09-24 12:56:15
2394,6.262663,6.400956,631.200928,5.00e-05,5656.16,1006.50,18293474,N/A,2025-09-24 12:56:20
2395,6.864625,6.400956,631.200928,5.00e-05,5837.22,890.75,18306684,N/A,2025-09-24 12:56:20
2396,6.408354,6.400956,631.200928,5.00e-05,31782.59,803.75,18319364,N/A,2025-09-24 12:56:21
2397,6.492893,6.400956,631.200928,5.00e-05,31168.89,964.75,18332917,N/A,2025-09-24 12:56:21
2398,6.210788,6.400956,631.200928,5.00e-05,31712.38,806.00,18346632,N/A,2025-09-24 12:56:22
2399,6.300910,6.400956,631.200928,5.00e-05,32796.34,749.00,18359684,N/A,2025-09-24 12:56:22
2400,6.230393,6.400956,631.200928,5.00e-05,20790.87,927.00,18373551,0.9527,2025-09-24 12:56:23
2401,6.490518,6.400956,631.200928,5.00e-05,19429.00,804.25,18386182,N/A,2025-09-24 12:56:24
2402,6.235370,6.400956,631.200928,5.00e-05,19821.64,836.75,18399679,N/A,2025-09-24 12:56:24
2403,6.285964,6.400956,631.200928,5.00e-05,31326.15,1002.00,18414308,N/A,2025-09-24 12:56:25
2404,6.393362,6.400956,631.200928,5.00e-05,32411.54,852.75,18427808,N/A,2025-09-24 12:56:25
2405,6.364532,6.400956,631.200928,5.00e-05,33384.28,877.25,18442344,N/A,2025-09-24 12:56:25
2406,6.481788,6.400956,631.200928,5.00e-05,31912.15,781.50,18454136,N/A,2025-09-24 12:56:26
2407,6.189561,6.400956,631.200928,5.00e-05,29809.71,699.00,18466098,N/A,2025-09-24 12:56:26
2408,6.331594,6.400956,631.200928,5.00e-05,28958.02,943.25,18478562,N/A,2025-09-24 12:56:27
2409,6.295175,6.400956,631.200928,5.00e-05,29553.23,768.50,18491733,N/A,2025-09-24 12:56:27
2410,6.367043,6.400956,631.200928,5.00e-05,29437.26,755.25,18503498,0.8271,2025-09-24 12:56:28
2411,6.200829,6.400956,631.200928,5.00e-05,25915.45,695.75,18515862,N/A,2025-09-24 12:56:28
2412,6.410562,6.400956,631.200928,5.00e-05,27403.33,875.50,18529813,N/A,2025-09-24 12:56:29
2413,6.695933,6.400956,631.200928,5.00e-05,14190.68,613.75,18541919,N/A,2025-09-24 12:56:31
2414,6.417445,6.400956,631.200928,5.00e-05,14031.79,590.00,18554234,N/A,2025-09-24 12:56:31
2415,6.382309,6.400956,631.200928,5.00e-05,31567.05,923.50,18567358,N/A,2025-09-24 12:56:31
2416,6.230387,6.400956,631.200928,5.00e-05,32413.72,859.25,18581332,N/A,2025-09-24 12:56:32
2417,6.478998,6.400956,631.200928,5.00e-05,32544.33,856.00,18594115,N/A,2025-09-24 12:56:32
2418,6.190524,6.400956,631.200928,5.00e-05,32830.94,889.00,18607787,N/A,2025-09-24 12:56:33
2419,6.177452,6.400956,631.200928,5.00e-05,33465.14,812.00,18621482,N/A,2025-09-24 12:56:33
2420,6.717236,6.400956,631.200928,5.00e-05,31656.54,774.75,18634321,0.7761,2025-09-24 12:56:34
2421,6.427233,6.400956,631.200928,5.00e-05,29669.07,917.00,18648600,N/A,2025-09-24 12:56:34
2422,6.419037,6.400956,631.200928,5.00e-05,29587.35,625.75,18661924,N/A,2025-09-24 12:56:35
2423,5.967564,6.400956,631.200928,5.00e-05,33802.40,826.75,18675057,N/A,2025-09-24 12:56:35
2424,6.055773,6.400956,631.200928,5.00e-05,30089.66,803.50,18686771,N/A,2025-09-24 12:56:36
2425,6.778419,6.400956,631.200928,5.00e-05,23172.57,693.00,18700052,N/A,2025-09-24 12:56:36
2426,6.420527,6.400956,631.200928,5.00e-05,22715.48,895.75,18712843,N/A,2025-09-24 12:56:37
2427,6.545938,6.400956,631.200928,5.00e-05,22311.94,803.25,18724571,N/A,2025-09-24 12:56:37
2428,6.373335,6.400956,631.200928,5.00e-05,30437.72,945.00,18737450,N/A,2025-09-24 12:56:38
2429,6.600467,6.400956,631.200928,5.00e-05,32042.80,949.75,18751473,N/A,2025-09-24 12:56:38
2430,6.822254,6.400956,631.200928,5.00e-05,32411.99,867.00,18764926,0.7142,2025-09-24 12:56:39
2431,6.357224,6.400956,631.200928,5.00e-05,30273.95,862.25,18778501,N/A,2025-09-24 12:56:39
2432,6.655583,6.400956,631.200928,5.00e-05,29863.04,710.75,18791843,N/A,2025-09-24 12:56:40
2433,6.220346,6.400956,631.200928,5.00e-05,30850.51,620.00,18802839,N/A,2025-09-24 12:56:40
2434,6.282551,6.400956,631.200928,5.00e-05,28714.79,789.50,18815216,N/A,2025-09-24 12:56:40
2435,6.421336,6.400956,631.200928,5.00e-05,30001.84,791.00,18828250,N/A,2025-09-24 12:56:41
2436,6.251506,6.400956,631.200928,5.00e-05,30741.95,731.50,18840693,N/A,2025-09-24 12:56:41
2437,6.412217,6.400956,631.200928,5.00e-05,32325.40,829.00,18855098,N/A,2025-09-24 12:56:42
2438,6.544781,6.400956,631.200928,5.00e-05,14426.08,886.00,18867765,N/A,2025-09-24 12:56:43
2439,6.368247,6.400956,631.200928,5.00e-05,14677.00,906.50,18881050,N/A,2025-09-24 12:56:44
2440,6.332408,6.400956,631.200928,5.00e-05,30624.56,769.00,18893858,0.8948,2025-09-24 12:56:44
2441,6.571994,6.400956,631.200928,5.00e-05,27793.28,802.75,18906930,N/A,2025-09-24 12:56:45
2442,6.022941,6.400956,631.200928,5.00e-05,28718.05,830.50,18920373,N/A,2025-09-24 12:56:45
2443,6.338572,6.400956,631.200928,5.00e-05,31421.54,697.25,18932885,N/A,2025-09-24 12:56:46
2444,6.298056,6.400956,631.200928,5.00e-05,31589.77,936.25,18945408,N/A,2025-09-24 12:56:46
2445,6.277423,6.400956,631.200928,5.00e-05,30288.35,795.75,18958378,N/A,2025-09-24 12:56:47
2446,6.307986,6.400956,631.200928,5.00e-05,33542.61,957.00,18973035,N/A,2025-09-24 12:56:47
2447,6.092927,6.400956,631.200928,5.00e-05,33353.65,722.25,18986115,N/A,2025-09-24 12:56:48
2448,6.410598,6.400956,631.200928,5.00e-05,33198.91,867.50,18999235,N/A,2025-09-24 12:56:48
2449,6.684984,6.400956,631.200928,5.00e-05,31208.23,769.75,19011526,N/A,2025-09-24 12:56:49
2450,6.172843,6.400956,631.200928,5.00e-05,22103.14,743.50,19024637,0.8664,2025-09-24 12:56:49
2451,6.468331,6.400956,631.200928,5.00e-05,21027.23,900.00,19038684,N/A,2025-09-24 12:56:50
2452,6.729125,6.400956,631.200928,5.00e-05,21542.43,682.75,19052055,N/A,2025-09-24 12:56:50
2453,6.604738,6.400956,631.200928,5.00e-05,31625.15,1020.00,19065574,N/A,2025-09-24 12:56:51
2454,6.478014,6.400956,631.200928,5.00e-05,30758.27,595.75,19078159,N/A,2025-09-24 12:56:51
2455,6.343187,6.400956,631.200928,5.00e-05,32525.76,875.75,19091507,N/A,2025-09-24 12:56:52
2456,6.383079,6.400956,631.200928,5.00e-05,31795.52,804.25,19104443,N/A,2025-09-24 12:56:52
2457,6.693268,6.400956,631.200928,5.00e-05,32560.38,885.00,19118211,N/A,2025-09-24 12:56:53
2458,6.676656,6.400956,631.200928,5.00e-05,32707.19,835.25,19131104,N/A,2025-09-24 12:56:53
2459,6.757311,6.400956,631.200928,5.00e-05,32494.36,833.00,19144809,N/A,2025-09-24 12:56:54
2460,6.660758,6.400956,631.200928,5.00e-05,33040.90,945.25,19159817,0.7186,2025-09-24 12:56:54
2461,6.136834,6.400956,631.200928,5.00e-05,29522.07,811.00,19172955,N/A,2025-09-24 12:56:55
2462,6.414725,6.400956,631.200928,5.00e-05,29714.88,735.75,19186173,N/A,2025-09-24 12:56:55
2463,6.844717,6.400956,631.200928,5.00e-05,13993.49,786.00,19199170,N/A,2025-09-24 12:56:57
2464,6.408863,6.400956,631.200928,5.00e-05,13692.53,1024.00,19212282,N/A,2025-09-24 12:56:57
2465,6.345357,6.400956,631.200928,5.00e-05,29611.43,679.75,19223847,N/A,2025-09-24 12:56:58
2466,6.527106,6.400956,631.200928,5.00e-05,29155.01,698.50,19236057,N/A,2025-09-24 12:56:58
2467,6.364151,6.400956,631.200928,5.00e-05,29649.62,751.50,19249109,N/A,2025-09-24 12:56:59
2468,6.471278,6.400956,631.200928,5.00e-05,30354.02,890.50,19261127,N/A,2025-09-24 12:56:59
2469,7.067298,6.400956,631.200928,5.00e-05,30732.83,783.75,19274121,N/A,2025-09-24 12:56:59
2470,6.415753,6.400956,631.200928,5.00e-05,31555.90,934.25,19287670,0.7271,2025-09-24 12:57:00
2471,6.248381,6.400956,631.200928,5.00e-05,26455.17,883.00,19299437,N/A,2025-09-24 12:57:01
2472,6.190964,6.400956,631.200928,5.00e-05,28078.86,755.25,19313453,N/A,2025-09-24 12:57:01
2473,6.467531,6.400956,631.200928,5.00e-05,31874.93,805.25,19326162,N/A,2025-09-24 12:57:01
2474,6.236785,6.400956,631.200928,5.00e-05,32506.24,968.25,19339422,N/A,2025-09-24 12:57:02
2475,6.413538,6.400956,631.200928,5.00e-05,23097.68,622.50,19351345,N/A,2025-09-24 12:57:03
2476,6.241033,6.400956,631.200928,5.00e-05,23059.90,797.25,19364686,N/A,2025-09-24 12:57:03
2477,6.514974,6.400956,631.200928,5.00e-05,21206.57,834.00,19376879,N/A,2025-09-24 12:57:04
2478,6.428986,6.400956,631.200928,5.00e-05,30238.81,955.25,19390536,N/A,2025-09-24 12:57:04
2479,6.180970,6.400956,631.200928,5.00e-05,31649.01,778.00,19403791,N/A,2025-09-24 12:57:05
2480,6.470500,6.400956,631.200928,5.00e-05,31114.36,755.50,19416513,0.9252,2025-09-24 12:57:05
2481,6.573526,6.400956,631.200928,5.00e-05,28327.49,744.75,19429883,N/A,2025-09-24 12:57:06
2482,6.394577,6.400956,631.200928,5.00e-05,28873.14,648.50,19442933,N/A,2025-09-24 12:57:06
2483,6.392416,6.400956,631.200928,5.00e-05,31369.22,813.50,19455357,N/A,2025-09-24 12:57:06
2484,6.215652,6.400956,631.200928,5.00e-05,32287.82,747.25,19469006,N/A,2025-09-24 12:57:07
2485,6.046103,6.400956,631.200928,5.00e-05,33264.80,778.25,19482839,N/A,2025-09-24 12:57:07
2486,5.902717,6.400956,631.200928,5.00e-05,33137.63,647.00,19495507,N/A,2025-09-24 12:57:08
2487,6.326941,6.400956,631.200928,5.00e-05,32509.12,764.00,19509373,N/A,2025-09-24 12:57:08
2488,6.312831,6.400956,631.200928,5.00e-05,13922.07,690.75,19521747,N/A,2025-09-24 12:57:10
2489,6.216928,6.400956,631.200928,5.00e-05,13898.14,883.25,19535351,N/A,2025-09-24 12:57:10
2490,6.097517,6.400956,631.200928,5.00e-05,28635.83,831.00,19547612,0.8686,2025-09-24 12:57:11
2491,6.327973,6.400956,631.200928,5.00e-05,25845.70,814.25,19561630,N/A,2025-09-24 12:57:11
2492,6.446377,6.400956,631.200928,5.00e-05,25369.48,588.25,19572455,N/A,2025-09-24 12:57:12
2493,6.357304,6.400956,631.200928,5.00e-05,29898.41,854.00,19586401,N/A,2025-09-24 12:57:12
2494,6.291284,6.400956,631.200928,5.00e-05,32122.34,752.50,19599392,N/A,2025-09-24 12:57:13
2495,6.341383,6.400956,631.200928,5.00e-05,32742.89,737.75,19612158,N/A,2025-09-24 12:57:13
2496,6.413308,6.400956,631.200928,5.00e-05,32311.13,963.75,19625923,N/A,2025-09-24 12:57:14
2497,5.798939,6.400956,631.200928,5.00e-05,26022.43,745.25,19639372,N/A,2025-09-24 12:57:14
2498,6.508106,6.400956,631.200928,5.00e-05,25571.81,900.75,19651610,N/A,2025-09-24 12:57:15
2499,6.338159,6.400956,631.200928,5.00e-05,29735.68,796.25,19663667,N/A,2025-09-24 12:57:15
2500,6.710566,6.404128,618.612915,5.00e-05,3244.55,644.00,19676235,N/A,2025-09-24 12:57:24
2501,6.654081,6.404128,618.612915,5.00e-05,3358.91,787.00,19689998,N/A,2025-09-24 12:57:25
2502,6.564150,6.404128,618.612915,5.00e-05,3397.00,673.75,19702532,N/A,2025-09-24 12:57:25
2503,6.420990,6.404128,618.612915,5.00e-05,30675.32,679.50,19715021,N/A,2025-09-24 12:57:26
2504,6.595981,6.404128,618.612915,5.00e-05,31632.88,904.50,19729490,N/A,2025-09-24 12:57:26
2505,6.373715,6.404128,618.612915,5.00e-05,30674.20,785.50,19742005,N/A,2025-09-24 12:57:27
2506,6.342466,6.404128,618.612915,5.00e-05,31673.14,833.50,19756053,N/A,2025-09-24 12:57:27
2507,6.170571,6.404128,618.612915,5.00e-05,30756.19,828.50,19768218,N/A,2025-09-24 12:57:28
2508,6.175501,6.404128,618.612915,5.00e-05,32412.88,975.00,19782538,N/A,2025-09-24 12:57:28
2509,6.622097,6.404128,618.612915,5.00e-05,32865.22,807.50,19796223,N/A,2025-09-24 12:57:28
2510,6.331536,6.404128,618.612915,5.00e-05,30048.79,917.25,19809351,0.7446,2025-09-24 12:57:29
2511,6.317705,6.404128,618.612915,5.00e-05,27845.50,872.75,19822829,N/A,2025-09-24 12:57:30
2512,6.470250,6.404128,618.612915,5.00e-05,26778.90,895.00,19835656,N/A,2025-09-24 12:57:30
2513,6.634317,6.404128,618.612915,5.00e-05,30364.10,965.00,19848625,N/A,2025-09-24 12:57:30
2514,6.331766,6.404128,618.612915,5.00e-05,30186.82,863.75,19861681,N/A,2025-09-24 12:57:31
2515,6.385726,6.404128,618.612915,5.00e-05,30975.58,678.25,19875284,N/A,2025-09-24 12:57:31
2516,6.354979,6.404128,618.612915,5.00e-05,30469.89,878.00,19888553,N/A,2025-09-24 12:57:32
2517,6.398263,6.404128,618.612915,5.00e-05,28133.26,720.00,19902138,N/A,2025-09-24 12:57:32
2518,6.117182,6.404128,618.612915,5.00e-05,30947.73,816.75,19915382,N/A,2025-09-24 12:57:33
2519,6.146255,6.404128,618.612915,5.00e-05,29519.94,800.00,19928173,N/A,2025-09-24 12:57:33
2520,6.412224,6.404128,618.612915,5.00e-05,29958.04,904.50,19940861,0.8090,2025-09-24 12:57:34
2521,6.300103,6.404128,618.612915,5.00e-05,27354.58,834.75,19954561,N/A,2025-09-24 12:57:34
2522,6.129296,6.404128,618.612915,5.00e-05,29964.50,836.75,19968911,N/A,2025-09-24 12:57:35
2523,6.167652,6.404128,618.612915,5.00e-05,33014.52,672.00,19981339,N/A,2025-09-24 12:57:35
2524,6.774014,6.404128,618.612915,5.00e-05,32831.25,808.75,19995526,N/A,2025-09-24 12:57:36
2525,6.270872,6.404128,618.612915,5.00e-05,13254.91,816.00,20009918,N/A,2025-09-24 12:57:38
2526,6.263358,6.404128,618.612915,5.00e-05,12895.61,698.75,20022166,N/A,2025-09-24 12:57:38
2527,6.226619,6.404128,618.612915,5.00e-05,23568.56,923.25,20034858,N/A,2025-09-24 12:57:39
2528,6.485960,6.404128,618.612915,5.00e-05,32014.96,862.00,20048624,N/A,2025-09-24 12:57:39
2529,6.195658,6.404128,618.612915,5.00e-05,34393.27,940.25,20062724,N/A,2025-09-24 12:57:40
2530,6.636316,6.404128,618.612915,5.00e-05,32745.49,959.50,20076405,0.7706,2025-09-24 12:57:40
2531,6.124895,6.404128,618.612915,5.00e-05,29961.06,931.00,20090190,N/A,2025-09-24 12:57:41
2532,6.144511,6.404128,618.612915,5.00e-05,28622.05,713.25,20101804,N/A,2025-09-24 12:57:41
2533,6.321691,6.404128,618.612915,5.00e-05,29948.37,713.25,20113923,N/A,2025-09-24 12:57:41
2534,6.241669,6.404128,618.612915,5.00e-05,29249.73,728.50,20126876,N/A,2025-09-24 12:57:42
2535,6.319404,6.404128,618.612915,5.00e-05,30155.62,830.50,20139897,N/A,2025-09-24 12:57:42
2536,5.988204,6.404128,618.612915,5.00e-05,30435.33,679.25,20152230,N/A,2025-09-24 12:57:43
2537,6.334413,6.404128,618.612915,5.00e-05,30876.63,859.50,20165152,N/A,2025-09-24 12:57:43
2538,6.488047,6.404128,618.612915,5.00e-05,30786.06,813.75,20178832,N/A,2025-09-24 12:57:44
2539,6.773942,6.404128,618.612915,5.00e-05,30866.92,767.75,20191642,N/A,2025-09-24 12:57:44
2540,6.302373,6.404128,618.612915,5.00e-05,29651.30,894.00,20205203,0.8007,2025-09-24 12:57:45
2541,6.101113,6.404128,618.612915,5.00e-05,28634.07,885.00,20218478,N/A,2025-09-24 12:57:45
2542,6.616430,6.404128,618.612915,5.00e-05,27864.41,1023.75,20231716,N/A,2025-09-24 12:57:46
2543,6.328493,6.404128,618.612915,5.00e-05,32111.06,954.00,20245527,N/A,2025-09-24 12:57:46
2544,6.386335,6.404128,618.612915,5.00e-05,32214.26,841.50,20258590,N/A,2025-09-24 12:57:47
2545,6.431512,6.404128,618.612915,5.00e-05,32677.18,826.00,20271350,N/A,2025-09-24 12:57:47
2546,6.304501,6.404128,618.612915,5.00e-05,33646.98,957.25,20286172,N/A,2025-09-24 12:57:47
2547,6.294591,6.404128,618.612915,5.00e-05,33057.97,848.00,20299953,N/A,2025-09-24 12:57:48
2548,6.523280,6.404128,618.612915,5.00e-05,31369.35,829.50,20313277,N/A,2025-09-24 12:57:48
2549,6.533173,6.404128,618.612915,5.00e-05,30482.61,848.25,20326244,N/A,2025-09-24 12:57:49
2550,6.488301,6.404128,618.612915,5.00e-05,11804.21,694.25,20338231,0.7733,2025-09-24 12:57:51
2551,6.355496,6.404128,618.612915,5.00e-05,11513.58,756.25,20351425,N/A,2025-09-24 12:57:52
2552,6.213509,6.404128,618.612915,5.00e-05,20249.87,591.75,20362587,N/A,2025-09-24 12:57:52
2553,6.222861,6.404128,618.612915,5.00e-05,30637.14,671.50,20375764,N/A,2025-09-24 12:57:52
2554,6.362482,6.404128,618.612915,5.00e-05,30593.24,656.75,20388205,N/A,2025-09-24 12:57:53
2555,6.410600,6.404128,618.612915,5.00e-05,32093.31,856.50,20401911,N/A,2025-09-24 12:57:53
2556,6.109762,6.404128,618.612915,5.00e-05,32256.23,808.75,20415418,N/A,2025-09-24 12:57:54
2557,6.101569,6.404128,618.612915,5.00e-05,33094.16,734.50,20428746,N/A,2025-09-24 12:57:54
2558,6.626414,6.404128,618.612915,5.00e-05,33009.39,842.75,20442436,N/A,2025-09-24 12:57:55
2559,6.224673,6.404128,618.612915,5.00e-05,31937.24,832.00,20454668,N/A,2025-09-24 12:57:55
2560,6.360034,6.404128,618.612915,5.00e-05,29810.86,876.75,20467688,0.8255,2025-09-24 12:57:56
2561,6.485674,6.404128,618.612915,5.00e-05,26102.67,734.75,20480113,N/A,2025-09-24 12:57:56
2562,6.088443,6.404128,618.612915,5.00e-05,25866.14,565.50,20492861,N/A,2025-09-24 12:57:57
2563,6.379297,6.404128,618.612915,5.00e-05,29703.56,802.00,20506558,N/A,2025-09-24 12:57:57
2564,6.254021,6.404128,618.612915,5.00e-05,30526.81,838.50,20519605,N/A,2025-09-24 12:57:58
2565,6.435742,6.404128,618.612915,5.00e-05,29863.44,836.25,20531817,N/A,2025-09-24 12:57:58
2566,6.143389,6.404128,618.612915,5.00e-05,30881.53,962.75,20544993,N/A,2025-09-24 12:57:58
2567,6.271548,6.404128,618.612915,5.00e-05,30568.07,724.50,20557203,N/A,2025-09-24 12:57:59
2568,6.558442,6.404128,618.612915,5.00e-05,32602.14,914.75,20571195,N/A,2025-09-24 12:57:59
2569,6.185635,6.404128,618.612915,5.00e-05,32147.96,769.50,20584804,N/A,2025-09-24 12:58:00
2570,6.203320,6.404128,618.612915,5.00e-05,33305.03,793.75,20599955,0.7050,2025-09-24 12:58:00
2571,6.042927,6.404128,618.612915,5.00e-05,29654.35,780.00,20612865,N/A,2025-09-24 12:58:01
2572,6.030099,6.404128,618.612915,5.00e-05,28010.54,762.75,20626373,N/A,2025-09-24 12:58:01
2573,5.990620,6.404128,618.612915,5.00e-05,30617.33,664.75,20639442,N/A,2025-09-24 12:58:02
2574,6.503804,6.404128,618.612915,5.00e-05,30606.79,790.00,20652263,N/A,2025-09-24 12:58:02
2575,6.271181,6.404128,618.612915,5.00e-05,12184.71,863.50,20665922,N/A,2025-09-24 12:58:04
2576,6.663811,6.404128,618.612915,5.00e-05,12221.26,781.75,20678915,N/A,2025-09-24 12:58:05
2577,6.504805,6.404128,618.612915,5.00e-05,24298.81,867.50,20692383,N/A,2025-09-24 12:58:05
2578,7.352524,6.404128,618.612915,5.00e-05,32510.03,819.00,20705190,N/A,2025-09-24 12:58:06
2579,6.453666,6.404128,618.612915,5.00e-05,32893.09,821.00,20719023,N/A,2025-09-24 12:58:06
2580,6.424041,6.404128,618.612915,5.00e-05,30877.32,742.25,20732456,1.0000,2025-09-24 12:58:07
2581,5.962025,6.404128,618.612915,5.00e-05,27771.00,876.75,20745859,N/A,2025-09-24 12:58:07
2582,6.591633,6.404128,618.612915,5.00e-05,27103.92,573.75,20757940,N/A,2025-09-24 12:58:08
2583,6.056807,6.404128,618.612915,5.00e-05,30439.29,766.50,20771338,N/A,2025-09-24 12:58:08
2584,6.337229,6.404128,618.612915,5.00e-05,28321.11,880.75,20784797,N/A,2025-09-24 12:58:09
2585,6.026643,6.404128,618.612915,5.00e-05,27258.58,929.00,20797845,N/A,2025-09-24 12:58:09
2586,6.171640,6.404128,618.612915,5.00e-05,26003.65,684.75,20810793,N/A,2025-09-24 12:58:10
2587,6.637732,6.404128,618.612915,5.00e-05,24816.06,617.75,20821895,N/A,2025-09-24 12:58:10
2588,6.325111,6.404128,618.612915,5.00e-05,5355.92,857.50,20834686,N/A,2025-09-24 12:58:15
2589,5.993359,6.404128,618.612915,5.00e-05,5664.25,836.50,20848088,N/A,2025-09-24 12:58:16
2590,6.461580,6.404128,618.612915,5.00e-05,30731.77,758.75,20861026,0.6726,2025-09-24 12:58:16
2591,6.611556,6.404128,618.612915,5.00e-05,27868.42,816.00,20874067,N/A,2025-09-24 12:58:17
2592,6.063183,6.404128,618.612915,5.00e-05,28705.64,946.75,20888446,N/A,2025-09-24 12:58:17
2593,6.346798,6.404128,618.612915,5.00e-05,33341.61,703.00,20901808,N/A,2025-09-24 12:58:18
2594,6.169231,6.404128,618.612915,5.00e-05,33494.56,915.50,20915415,N/A,2025-09-24 12:58:18
2595,6.241905,6.404128,618.612915,5.00e-05,33898.92,870.25,20929894,N/A,2025-09-24 12:58:18
2596,6.534573,6.404128,618.612915,5.00e-05,32069.47,980.25,20942030,N/A,2025-09-24 12:58:19
2597,6.509385,6.404128,618.612915,5.00e-05,32490.58,999.75,20956051,N/A,2025-09-24 12:58:19
2598,6.093376,6.404128,618.612915,5.00e-05,33825.72,738.00,20969737,N/A,2025-09-24 12:58:20
2599,6.634710,6.404128,618.612915,5.00e-05,32896.14,625.00,20982003,N/A,2025-09-24 12:58:20
2600,6.455074,6.404128,618.612915,5.00e-05,11457.37,780.75,20994005,0.8465,2025-09-24 12:58:22
2601,6.274041,6.404128,618.612915,5.00e-05,10860.77,1024.00,21007625,N/A,2025-09-24 12:58:23
2602,6.286856,6.404128,618.612915,5.00e-05,20350.27,769.75,21020661,N/A,2025-09-24 12:58:23
2603,6.520535,6.404128,618.612915,5.00e-05,29204.07,769.50,21032601,N/A,2025-09-24 12:58:24
2604,6.335712,6.404128,618.612915,5.00e-05,32027.60,1024.00,21046791,N/A,2025-09-24 12:58:24
2605,6.609883,6.404128,618.612915,5.00e-05,32786.77,733.75,21059775,N/A,2025-09-24 12:58:25
2606,6.456255,6.404128,618.612915,5.00e-05,33713.78,764.25,21073612,N/A,2025-09-24 12:58:25
2607,6.225939,6.404128,618.612915,5.00e-05,32426.91,1009.00,21086160,N/A,2025-09-24 12:58:26
2608,6.204851,6.404128,618.612915,5.00e-05,30928.24,768.75,21098223,N/A,2025-09-24 12:58:26
2609,6.565120,6.404128,618.612915,5.00e-05,30441.96,593.75,21110258,N/A,2025-09-24 12:58:27
2610,6.631182,6.404128,618.612915,5.00e-05,27697.62,846.75,21122988,0.8562,2025-09-24 12:58:27
2611,6.569839,6.404128,618.612915,5.00e-05,25759.20,786.25,21135680,N/A,2025-09-24 12:58:28
2612,6.142490,6.404128,618.612915,5.00e-05,26727.09,822.25,21147886,N/A,2025-09-24 12:58:28
2613,6.289857,6.404128,618.612915,5.00e-05,30318.38,812.50,21161201,N/A,2025-09-24 12:58:29
2614,6.188728,6.404128,618.612915,5.00e-05,29835.11,751.25,21173785,N/A,2025-09-24 12:58:29
2615,6.409205,6.404128,618.612915,5.00e-05,30216.91,726.25,21186623,N/A,2025-09-24 12:58:29
2616,6.390643,6.404128,618.612915,5.00e-05,32333.59,841.50,21200655,N/A,2025-09-24 12:58:30
2617,6.247823,6.404128,618.612915,5.00e-05,32664.20,638.25,21213088,N/A,2025-09-24 12:58:30
2618,5.911345,6.404128,618.612915,5.00e-05,30716.02,916.75,21225578,N/A,2025-09-24 12:58:31
2619,6.486707,6.404128,618.612915,5.00e-05,30926.21,849.25,21239057,N/A,2025-09-24 12:58:31
2620,6.476917,6.404128,618.612915,5.00e-05,30273.74,696.25,21251972,0.8605,2025-09-24 12:58:32
2621,6.573216,6.404128,618.612915,5.00e-05,28294.22,896.25,21265421,N/A,2025-09-24 12:58:32
2622,6.565991,6.404128,618.612915,5.00e-05,27343.75,928.75,21278900,N/A,2025-09-24 12:58:33
2623,6.558911,6.404128,618.612915,5.00e-05,32138.60,802.00,21292051,N/A,2025-09-24 12:58:33
2624,6.321163,6.404128,618.612915,5.00e-05,29561.46,664.00,21303340,N/A,2025-09-24 12:58:34
2625,6.774435,6.404128,618.612915,5.00e-05,11958.26,1024.00,21317090,N/A,2025-09-24 12:58:36
2626,6.245769,6.404128,618.612915,5.00e-05,11878.73,728.25,21329592,N/A,2025-09-24 12:58:36
2627,6.122394,6.404128,618.612915,5.00e-05,23792.79,740.50,21343165,N/A,2025-09-24 12:58:37
2628,6.485549,6.404128,618.612915,5.00e-05,30620.03,784.00,21356980,N/A,2025-09-24 12:58:37
2629,6.590790,6.404128,618.612915,5.00e-05,31398.33,854.50,21369914,N/A,2025-09-24 12:58:38
2630,6.589605,6.404128,618.612915,5.00e-05,31292.52,1024.00,21383445,0.8421,2025-09-24 12:58:38
2631,6.747601,6.404128,618.612915,5.00e-05,29319.70,877.50,21397047,N/A,2025-09-24 12:58:39
2632,6.063598,6.404128,618.612915,5.00e-05,29074.43,863.25,21409223,N/A,2025-09-24 12:58:39
2633,6.331275,6.404128,618.612915,5.00e-05,31202.84,776.25,21423125,N/A,2025-09-24 12:58:39
2634,6.542936,6.404128,618.612915,5.00e-05,31664.20,1024.00,21436171,N/A,2025-09-24 12:58:40
2635,6.537611,6.404128,618.612915,5.00e-05,30949.83,756.50,21447938,N/A,2025-09-24 12:58:40
2636,6.416378,6.404128,618.612915,5.00e-05,31513.61,845.75,21461150,N/A,2025-09-24 12:58:41
2637,6.448895,6.404128,618.612915,5.00e-05,30195.13,671.50,21472335,N/A,2025-09-24 12:58:41
2638,6.472496,6.404128,618.612915,5.00e-05,30439.57,750.75,21486467,N/A,2025-09-24 12:58:42
2639,5.957024,6.404128,618.612915,5.00e-05,29821.17,680.50,21498424,N/A,2025-09-24 12:58:42
2640,6.117674,6.404128,618.612915,5.00e-05,28031.09,652.25,21512398,0.9524,2025-09-24 12:58:43
2641,6.603813,6.404128,618.612915,5.00e-05,26015.86,724.75,21524831,N/A,2025-09-24 12:58:43
2642,6.078529,6.404128,618.612915,5.00e-05,25561.31,792.00,21538334,N/A,2025-09-24 12:58:44
2643,5.912010,6.404128,618.612915,5.00e-05,31911.76,897.50,21551892,N/A,2025-09-24 12:58:44
2644,6.365555,6.404128,618.612915,5.00e-05,31913.49,834.25,21564860,N/A,2025-09-24 12:58:45
2645,6.384168,6.404128,618.612915,5.00e-05,30711.40,763.75,21577516,N/A,2025-09-24 12:58:45
2646,6.338563,6.404128,618.612915,5.00e-05,29623.34,868.00,21590356,N/A,2025-09-24 12:58:46
2647,6.715530,6.404128,618.612915,5.00e-05,28195.65,665.50,21601861,N/A,2025-09-24 12:58:46
2648,6.234116,6.404128,618.612915,5.00e-05,30560.04,741.75,21615695,N/A,2025-09-24 12:58:46
2649,6.226868,6.404128,618.612915,5.00e-05,30594.27,802.75,21629141,N/A,2025-09-24 12:58:47
2650,6.314009,6.404128,618.612915,5.00e-05,12001.48,963.75,21641868,0.7933,2025-09-24 12:58:49
2651,6.823950,6.404128,618.612915,5.00e-05,11096.35,672.75,21654595,N/A,2025-09-24 12:58:50
2652,6.417570,6.404128,618.612915,5.00e-05,20956.84,745.00,21668575,N/A,2025-09-24 12:58:50
2653,6.467768,6.404128,618.612915,5.00e-05,31947.08,674.25,21680926,N/A,2025-09-24 12:58:51
2654,6.268706,6.404128,618.612915,5.00e-05,31691.83,747.75,21693402,N/A,2025-09-24 12:58:51
2655,6.323357,6.404128,618.612915,5.00e-05,30385.70,839.75,21706701,N/A,2025-09-24 12:58:51
2656,6.200777,6.404128,618.612915,5.00e-05,33319.08,913.75,21721605,N/A,2025-09-24 12:58:52
2657,6.065548,6.404128,618.612915,5.00e-05,35481.03,853.25,21735939,N/A,2025-09-24 12:58:52
2658,6.304984,6.404128,618.612915,5.00e-05,33681.66,679.75,21748800,N/A,2025-09-24 12:58:53
2659,6.675864,6.404128,618.612915,5.00e-05,33478.19,1007.50,21763130,N/A,2025-09-24 12:58:53
2660,6.102353,6.404128,618.612915,5.00e-05,28204.75,810.75,21776064,0.8300,2025-09-24 12:58:54
2661,6.506963,6.404128,618.612915,5.00e-05,26156.82,928.00,21788503,N/A,2025-09-24 12:58:54
2662,6.688295,6.404128,618.612915,5.00e-05,25848.26,911.75,21803498,N/A,2025-09-24 12:58:55
2663,6.362106,6.404128,618.612915,5.00e-05,30844.06,706.50,21815824,N/A,2025-09-24 12:58:55
2664,6.179307,6.404128,618.612915,5.00e-05,30968.80,832.50,21829624,N/A,2025-09-24 12:58:56
2665,6.809133,6.404128,618.612915,5.00e-05,32023.59,776.00,21843298,N/A,2025-09-24 12:58:56
2666,6.279656,6.404128,618.612915,5.00e-05,33655.43,921.00,21857450,N/A,2025-09-24 12:58:57
2667,5.951301,6.404128,618.612915,5.00e-05,33734.28,866.25,21871623,N/A,2025-09-24 12:58:57
2668,6.067569,6.404128,618.612915,5.00e-05,33298.34,687.25,21884419,N/A,2025-09-24 12:58:58
2669,6.153310,6.404128,618.612915,5.00e-05,32461.50,877.50,21898111,N/A,2025-09-24 12:58:58
2670,6.512767,6.404128,618.612915,5.00e-05,31980.98,952.00,21912563,0.6795,2025-09-24 12:58:58
2671,6.488576,6.404128,618.612915,5.00e-05,28702.57,686.25,21924620,N/A,2025-09-24 12:58:59
2672,6.413363,6.404128,618.612915,5.00e-05,28840.61,920.75,21938720,N/A,2025-09-24 12:58:59
2673,6.518273,6.404128,618.612915,5.00e-05,32989.11,781.75,21951465,N/A,2025-09-24 12:59:00
2674,6.615122,6.404128,618.612915,5.00e-05,31568.69,751.00,21963503,N/A,2025-09-24 12:59:00
2675,6.520809,6.404128,618.612915,5.00e-05,12560.98,1018.00,21977357,N/A,2025-09-24 12:59:02
2676,6.163938,6.404128,618.612915,5.00e-05,12561.96,1012.00,21990340,N/A,2025-09-24 12:59:03
2677,6.331553,6.404128,618.612915,5.00e-05,24280.62,916.75,22002615,N/A,2025-09-24 12:59:03
2678,6.305987,6.404128,618.612915,5.00e-05,31450.86,920.00,22015354,N/A,2025-09-24 12:59:04
2679,6.321041,6.404128,618.612915,5.00e-05,32535.60,849.75,22029411,N/A,2025-09-24 12:59:04
2680,6.389582,6.404128,618.612915,5.00e-05,33464.54,785.75,22043497,0.8180,2025-09-24 12:59:05
2681,7.430501,6.404128,618.612915,5.00e-05,31126.25,860.75,22058042,N/A,2025-09-24 12:59:05
2682,6.535251,6.404128,618.612915,5.00e-05,30284.66,785.25,22071801,N/A,2025-09-24 12:59:06
2683,6.187996,6.404128,618.612915,5.00e-05,34014.10,830.25,22085668,N/A,2025-09-24 12:59:06
2684,6.172978,6.404128,618.612915,5.00e-05,32290.41,793.50,22098958,N/A,2025-09-24 12:59:07
2685,6.211925,6.404128,618.612915,5.00e-05,33148.75,898.50,22112832,N/A,2025-09-24 12:59:07
2686,6.569540,6.404128,618.612915,5.00e-05,33152.05,1006.25,22126255,N/A,2025-09-24 12:59:07
2687,6.365298,6.404128,618.612915,5.00e-05,31732.50,626.00,22138101,N/A,2025-09-24 12:59:08
2688,6.645551,6.404128,618.612915,5.00e-05,32293.89,903.75,22151917,N/A,2025-09-24 12:59:08
2689,6.250349,6.404128,618.612915,5.00e-05,30522.72,857.00,22164081,N/A,2025-09-24 12:59:09
2690,6.298434,6.404128,618.612915,5.00e-05,29990.53,798.00,22176763,0.9495,2025-09-24 12:59:09
2691,6.392560,6.404128,618.612915,5.00e-05,28800.28,745.50,22190334,N/A,2025-09-24 12:59:10
2692,6.194009,6.404128,618.612915,5.00e-05,27961.71,851.00,22202962,N/A,2025-09-24 12:59:10
2693,6.443209,6.404128,618.612915,5.00e-05,30474.83,543.00,22215884,N/A,2025-09-24 12:59:11
2694,6.365080,6.404128,618.612915,5.00e-05,30553.73,765.00,22227797,N/A,2025-09-24 12:59:11
2695,6.237825,6.404128,618.612915,5.00e-05,29140.79,949.75,22240941,N/A,2025-09-24 12:59:12
2696,6.501390,6.404128,618.612915,5.00e-05,28377.91,783.75,22253648,N/A,2025-09-24 12:59:12
2697,6.296734,6.404128,618.612915,5.00e-05,31308.78,962.75,22267971,N/A,2025-09-24 12:59:13
2698,6.624881,6.404128,618.612915,5.00e-05,31499.39,889.50,22281717,N/A,2025-09-24 12:59:13
2699,6.587442,6.404128,618.612915,5.00e-05,32631.48,762.00,22294340,N/A,2025-09-24 12:59:13
2700,6.529399,6.404128,618.612915,5.00e-05,11735.93,993.50,22306791,0.9201,2025-09-24 12:59:16
2701,5.907639,6.404128,618.612915,5.00e-05,11113.62,848.50,22319787,N/A,2025-09-24 12:59:16
2702,6.295570,6.404128,618.612915,5.00e-05,21380.92,981.50,22333469,N/A,2025-09-24 12:59:17
2703,6.560061,6.404128,618.612915,5.00e-05,32409.82,765.25,22345998,N/A,2025-09-24 12:59:17
2704,6.449298,6.404128,618.612915,5.00e-05,32377.75,861.00,22358919,N/A,2025-09-24 12:59:17
2705,6.039491,6.404128,618.612915,5.00e-05,30289.94,763.00,22372019,N/A,2025-09-24 12:59:18
2706,6.153067,6.404128,618.612915,5.00e-05,28436.10,852.25,22384417,N/A,2025-09-24 12:59:18
2707,6.757970,6.404128,618.612915,5.00e-05,29428.14,832.75,22398212,N/A,2025-09-24 12:59:19
2708,6.320517,6.404128,618.612915,5.00e-05,31952.43,891.75,22411907,N/A,2025-09-24 12:59:19
2709,6.412612,6.404128,618.612915,5.00e-05,33299.05,739.50,22425626,N/A,2025-09-24 12:59:20
2710,6.241356,6.404128,618.612915,5.00e-05,32954.77,996.25,22439447,0.8621,2025-09-24 12:59:20
2711,6.148684,6.404128,618.612915,5.00e-05,29129.33,838.25,22452706,N/A,2025-09-24 12:59:21
2712,6.319769,6.404128,618.612915,5.00e-05,29337.49,809.00,22466572,N/A,2025-09-24 12:59:21
2713,6.351902,6.404128,618.612915,5.00e-05,31308.20,811.25,22478363,N/A,2025-09-24 12:59:22
2714,6.190768,6.404128,618.612915,5.00e-05,29127.62,696.50,22489935,N/A,2025-09-24 12:59:22
2715,6.567079,6.404128,618.612915,5.00e-05,31543.81,952.50,22504439,N/A,2025-09-24 12:59:23
2716,6.035841,6.404128,618.612915,5.00e-05,32745.80,888.50,22517218,N/A,2025-09-24 12:59:23
2717,6.151064,6.404128,618.612915,5.00e-05,30979.73,597.25,22528404,N/A,2025-09-24 12:59:23
2718,6.170021,6.404128,618.612915,5.00e-05,30147.69,932.00,22541049,N/A,2025-09-24 12:59:24
2719,6.242641,6.404128,618.612915,5.00e-05,29297.39,729.25,22553064,N/A,2025-09-24 12:59:24
2720,5.977619,6.404128,618.612915,5.00e-05,28640.28,775.25,22564782,0.9046,2025-09-24 12:59:25
2721,6.566513,6.404128,618.612915,5.00e-05,25294.49,826.75,22577260,N/A,2025-09-24 12:59:25
2722,6.142565,6.404128,618.612915,5.00e-05,25800.30,794.50,22591005,N/A,2025-09-24 12:59:26
2723,6.363107,6.404128,618.612915,5.00e-05,31402.26,908.50,22605259,N/A,2025-09-24 12:59:26
2724,6.269456,6.404128,618.612915,5.00e-05,31913.79,985.25,22619118,N/A,2025-09-24 12:59:27
2725,6.331718,6.404128,618.612915,5.00e-05,12970.52,795.75,22632753,N/A,2025-09-24 12:59:29
2726,6.280818,6.404128,618.612915,5.00e-05,12181.75,763.00,22644831,N/A,2025-09-24 12:59:29
2727,6.602182,6.404128,618.612915,5.00e-05,22529.93,734.75,22658407,N/A,2025-09-24 12:59:30
2728,6.315005,6.404128,618.612915,5.00e-05,34364.64,963.50,22673633,N/A,2025-09-24 12:59:30
2729,6.270995,6.404128,618.612915,5.00e-05,33583.17,760.75,22685852,N/A,2025-09-24 12:59:31
2730,6.828444,6.404128,618.612915,5.00e-05,32238.84,685.25,22700301,0.7322,2025-09-24 12:59:31
2731,6.227157,6.404128,618.612915,5.00e-05,28932.53,609.50,22712998,N/A,2025-09-24 12:59:32
2732,6.697443,6.404128,618.612915,5.00e-05,28687.28,843.00,22727420,N/A,2025-09-24 12:59:32
2733,6.640270,6.404128,618.612915,5.00e-05,32132.12,902.50,22740432,N/A,2025-09-24 12:59:33
2734,6.167094,6.404128,618.612915,5.00e-05,31236.82,684.00,22752338,N/A,2025-09-24 12:59:33
2735,6.017864,6.404128,618.612915,5.00e-05,29543.94,814.75,22764398,N/A,2025-09-24 12:59:34
2736,6.124789,6.404128,618.612915,5.00e-05,31031.03,827.75,22778830,N/A,2025-09-24 12:59:34
2737,6.334080,6.404128,618.612915,5.00e-05,32007.73,656.00,22791685,N/A,2025-09-24 12:59:34
2738,6.416174,6.404128,618.612915,5.00e-05,32475.34,815.75,22805277,N/A,2025-09-24 12:59:35
2739,6.135679,6.404128,618.612915,5.00e-05,32022.92,898.00,22818816,N/A,2025-09-24 12:59:35
2740,6.395094,6.404128,618.612915,5.00e-05,31469.92,887.50,22831889,0.7968,2025-09-24 12:59:36
2741,6.477059,6.404128,618.612915,5.00e-05,28341.54,754.50,22844759,N/A,2025-09-24 12:59:36
2742,6.054725,6.404128,618.612915,5.00e-05,28426.59,737.75,22858461,N/A,2025-09-24 12:59:37
2743,6.376932,6.404128,618.612915,5.00e-05,30528.78,808.00,22870509,N/A,2025-09-24 12:59:37
2744,6.304029,6.404128,618.612915,5.00e-05,31531.61,941.50,22884411,N/A,2025-09-24 12:59:38
2745,6.713954,6.404128,618.612915,5.00e-05,31721.04,789.00,22896240,N/A,2025-09-24 12:59:38
2746,6.308825,6.404128,618.612915,5.00e-05,31810.98,874.50,22909551,N/A,2025-09-24 12:59:39
2747,5.828716,6.404128,618.612915,5.00e-05,32078.02,851.00,22922503,N/A,2025-09-24 12:59:39
2748,6.403895,6.404128,618.612915,5.00e-05,31801.78,930.00,22935519,N/A,2025-09-24 12:59:39
2749,6.885234,6.404128,618.612915,5.00e-05,30974.70,855.00,22948039,N/A,2025-09-24 12:59:40
2750,6.534482,6.297629,557.015503,5.00e-05,3297.60,600.50,22959679,N/A,2025-09-24 12:59:49
2751,6.128561,6.297629,557.015503,5.00e-05,3297.65,651.75,22973439,N/A,2025-09-24 12:59:49
2752,6.080564,6.297629,557.015503,5.00e-05,3910.37,849.75,22987431,N/A,2025-09-24 12:59:50
2753,6.167434,6.297629,557.015503,5.00e-05,32127.16,848.50,23000487,N/A,2025-09-24 12:59:50
2754,6.670517,6.297629,557.015503,5.00e-05,33994.09,776.50,23014654,N/A,2025-09-24 12:59:51
2755,6.104013,6.297629,557.015503,5.00e-05,33400.05,787.25,23027785,N/A,2025-09-24 12:59:51
2756,6.401846,6.297629,557.015503,5.00e-05,32285.73,830.50,23040949,N/A,2025-09-24 12:59:52
2757,6.437787,6.297629,557.015503,5.00e-05,32152.41,855.00,23055034,N/A,2025-09-24 12:59:52
2758,6.217637,6.297629,557.015503,5.00e-05,31548.74,868.50,23068373,N/A,2025-09-24 12:59:53
2759,6.405008,6.297629,557.015503,5.00e-05,32651.88,807.25,23081979,N/A,2025-09-24 12:59:53
2760,5.981419,6.297629,557.015503,5.00e-05,31292.22,802.50,23095036,0.7178,2025-09-24 12:59:54
2761,6.655886,6.297629,557.015503,5.00e-05,28368.96,921.75,23107746,N/A,2025-09-24 12:59:54
2762,6.118206,6.297629,557.015503,5.00e-05,28843.08,827.50,23121108,N/A,2025-09-24 12:59:54
2763,6.299225,6.297629,557.015503,5.00e-05,14281.19,817.25,23133953,N/A,2025-09-24 12:59:56
2764,5.939698,6.297629,557.015503,5.00e-05,14102.11,600.50,23146188,N/A,2025-09-24 12:59:57
2765,5.996883,6.297629,557.015503,5.00e-05,30839.47,965.50,23159289,N/A,2025-09-24 12:59:57
2766,6.462411,6.297629,557.015503,5.00e-05,30222.33,717.00,23171215,N/A,2025-09-24 12:59:58
2767,6.510265,6.297629,557.015503,5.00e-05,31593.00,997.00,23185166,N/A,2025-09-24 12:59:58
2768,5.899845,6.297629,557.015503,5.00e-05,30499.56,911.25,23196757,N/A,2025-09-24 12:59:58
2769,6.463881,6.297629,557.015503,5.00e-05,29334.11,799.75,23209580,N/A,2025-09-24 12:59:59
2770,6.336173,6.297629,557.015503,5.00e-05,29982.14,938.00,23223674,0.7792,2025-09-24 12:59:59
2771,6.279197,6.297629,557.015503,5.00e-05,27318.49,798.00,23236861,N/A,2025-09-24 13:00:00
2772,6.126694,6.297629,557.015503,5.00e-05,28109.20,756.50,23250176,N/A,2025-09-24 13:00:00
2773,5.908193,6.297629,557.015503,5.00e-05,28478.73,636.50,23261266,N/A,2025-09-24 13:00:01
2774,6.402592,6.297629,557.015503,5.00e-05,28333.18,820.00,23275173,N/A,2025-09-24 13:00:01
2775,6.441332,6.297629,557.015503,5.00e-05,21851.71,918.00,23289349,N/A,2025-09-24 13:00:02
2776,6.739677,6.297629,557.015503,5.00e-05,22882.69,933.75,23302961,N/A,2025-09-24 13:00:03
2777,6.221848,6.297629,557.015503,5.00e-05,23261.08,1024.00,23317027,N/A,2025-09-24 13:00:03
2778,6.146529,6.297629,557.015503,5.00e-05,32221.74,944.25,23329126,N/A,2025-09-24 13:00:04
2779,6.316683,6.297629,557.015503,5.00e-05,29943.26,874.25,23341120,N/A,2025-09-24 13:00:04
2780,6.131253,6.297629,557.015503,5.00e-05,25302.86,911.75,23353711,0.7346,2025-09-24 13:00:05
2781,6.403411,6.297629,557.015503,5.00e-05,19946.97,840.00,23366566,N/A,2025-09-24 13:00:06
2782,6.466573,6.297629,557.015503,5.00e-05,20220.90,749.00,23379824,N/A,2025-09-24 13:00:06
2783,6.491435,6.297629,557.015503,5.00e-05,22623.21,139.00,23390660,N/A,2025-09-24 13:00:07
2784,6.332078,6.297629,557.015503,5.00e-05,5611.37,816.75,23403697,N/A,2025-09-24 13:00:11
2785,6.467064,6.297629,557.015503,5.00e-05,5880.07,962.25,23417994,N/A,2025-09-24 13:00:12
2786,6.023012,6.297629,557.015503,5.00e-05,33761.03,852.00,23431361,N/A,2025-09-24 13:00:12
2787,6.189828,6.297629,557.015503,5.00e-05,32729.80,870.50,23445470,N/A,2025-09-24 13:00:13
2788,6.290358,6.297629,557.015503,5.00e-05,14313.58,687.50,23456788,N/A,2025-09-24 13:00:14
2789,6.147159,6.297629,557.015503,5.00e-05,13422.80,797.50,23469443,N/A,2025-09-24 13:00:15
2790,6.063262,6.297629,557.015503,5.00e-05,27408.97,856.00,23481873,0.7866,2025-09-24 13:00:15
2791,6.564429,6.297629,557.015503,5.00e-05,25288.49,714.75,23494602,N/A,2025-09-24 13:00:16
2792,6.309528,6.297629,557.015503,5.00e-05,27605.23,971.25,23509546,N/A,2025-09-24 13:00:16
2793,6.336413,6.297629,557.015503,5.00e-05,31483.43,752.75,23521983,N/A,2025-09-24 13:00:17
2794,6.471297,6.297629,557.015503,5.00e-05,31207.67,833.50,23535451,N/A,2025-09-24 13:00:17
2795,6.398013,6.297629,557.015503,5.00e-05,30360.95,933.00,23548421,N/A,2025-09-24 13:00:18
2796,6.229551,6.297629,557.015503,5.00e-05,30530.24,732.25,23561270,N/A,2025-09-24 13:00:18
2797,6.243247,6.297629,557.015503,5.00e-05,31491.53,875.00,23574689,N/A,2025-09-24 13:00:19
2798,6.269864,6.297629,557.015503,5.00e-05,32942.75,692.25,23589053,N/A,2025-09-24 13:00:19
2799,5.945280,6.297629,557.015503,5.00e-05,33867.33,1020.75,23602396,N/A,2025-09-24 13:00:20
2800,6.463485,6.297629,557.015503,5.00e-05,23792.33,786.50,23615511,1.0000,2025-09-24 13:00:20
2801,6.450838,6.297629,557.015503,5.00e-05,22762.97,810.75,23630315,N/A,2025-09-24 13:00:21
2802,6.200226,6.297629,557.015503,5.00e-05,21807.59,763.25,23642559,N/A,2025-09-24 13:00:21
2803,6.783522,6.297629,557.015503,5.00e-05,30442.47,803.75,23655094,N/A,2025-09-24 13:00:22
2804,5.793730,6.297629,557.015503,5.00e-05,30420.43,788.00,23667437,N/A,2025-09-24 13:00:22
2805,6.407942,6.297629,557.015503,5.00e-05,30211.96,853.00,23681352,N/A,2025-09-24 13:00:23
2806,5.870718,6.297629,557.015503,5.00e-05,32160.11,837.75,23695391,N/A,2025-09-24 13:00:23
2807,6.393630,6.297629,557.015503,5.00e-05,32984.94,866.00,23709801,N/A,2025-09-24 13:00:24
2808,5.979362,6.297629,557.015503,5.00e-05,34250.98,1024.00,23723533,N/A,2025-09-24 13:00:24
2809,6.469315,6.297629,557.015503,5.00e-05,32616.03,861.25,23737355,N/A,2025-09-24 13:00:25
2810,6.404992,6.297629,557.015503,5.00e-05,30494.22,858.50,23750524,0.9648,2025-09-24 13:00:25
2811,6.126000,6.297629,557.015503,5.00e-05,27696.26,796.00,23764910,N/A,2025-09-24 13:00:26
2812,6.033857,6.297629,557.015503,5.00e-05,28272.42,814.50,23777621,N/A,2025-09-24 13:00:26
2813,6.321820,6.297629,557.015503,5.00e-05,13858.99,763.00,23789998,N/A,2025-09-24 13:00:28
2814,6.515975,6.297629,557.015503,5.00e-05,13567.66,629.75,23802978,N/A,2025-09-24 13:00:28
2815,6.187964,6.297629,557.015503,5.00e-05,29556.55,791.75,23815969,N/A,2025-09-24 13:00:29
2816,6.425565,6.297629,557.015503,5.00e-05,28315.40,757.25,23827806,N/A,2025-09-24 13:00:29
2817,6.163321,6.297629,557.015503,5.00e-05,30652.62,887.25,23840451,N/A,2025-09-24 13:00:30
2818,6.240599,6.297629,557.015503,5.00e-05,31235.35,807.25,23853242,N/A,2025-09-24 13:00:30
2819,6.521066,6.297629,557.015503,5.00e-05,31882.25,826.75,23865966,N/A,2025-09-24 13:00:31
2820,6.224357,6.297629,557.015503,5.00e-05,30097.56,970.50,23878625,1.0000,2025-09-24 13:00:31
2821,6.266666,6.297629,557.015503,5.00e-05,27384.46,922.25,23891353,N/A,2025-09-24 13:00:32
2822,6.219965,6.297629,557.015503,5.00e-05,27897.46,750.25,23903965,N/A,2025-09-24 13:00:32
2823,6.360835,6.297629,557.015503,5.00e-05,32117.69,936.25,23917912,N/A,2025-09-24 13:00:33
2824,6.228961,6.297629,557.015503,5.00e-05,31961.73,765.25,23930361,N/A,2025-09-24 13:00:33
2825,5.817874,6.297629,557.015503,5.00e-05,21837.93,667.50,23943404,N/A,2025-09-24 13:00:34
2826,5.920315,6.297629,557.015503,5.00e-05,21665.08,873.75,23956027,N/A,2025-09-24 13:00:34
2827,6.329572,6.297629,557.015503,5.00e-05,22093.91,885.75,23970061,N/A,2025-09-24 13:00:35
2828,6.292578,6.297629,557.015503,5.00e-05,31796.52,880.25,23982968,N/A,2025-09-24 13:00:35
2829,5.879857,6.297629,557.015503,5.00e-05,32891.82,811.75,23996595,N/A,2025-09-24 13:00:36
2830,6.339921,6.297629,557.015503,5.00e-05,31358.21,657.50,24009456,0.8789,2025-09-24 13:00:36
2831,6.403552,6.297629,557.015503,5.00e-05,27365.68,707.50,24020897,N/A,2025-09-24 13:00:37
2832,5.945235,6.297629,557.015503,5.00e-05,26396.33,764.75,24033746,N/A,2025-09-24 13:00:37
2833,6.681367,6.297629,557.015503,5.00e-05,30026.10,747.00,24047334,N/A,2025-09-24 13:00:38
2834,6.236797,6.297629,557.015503,5.00e-05,30457.08,892.50,24060490,N/A,2025-09-24 13:00:38
2835,6.199267,6.297629,557.015503,5.00e-05,30574.80,726.25,24073204,N/A,2025-09-24 13:00:39
2836,6.170614,6.297629,557.015503,5.00e-05,31868.98,841.00,24086988,N/A,2025-09-24 13:00:39
2837,6.421525,6.297629,557.015503,5.00e-05,31707.95,788.75,24099743,N/A,2025-09-24 13:00:39
2838,7.160522,6.297629,557.015503,5.00e-05,14058.75,741.00,24111747,N/A,2025-09-24 13:00:41
2839,6.271268,6.297629,557.015503,5.00e-05,13971.45,755.25,24125500,N/A,2025-09-24 13:00:42
2840,6.485216,6.297629,557.015503,5.00e-05,30115.61,823.00,24139043,0.8046,2025-09-24 13:00:42
2841,6.340197,6.297629,557.015503,5.00e-05,28385.69,902.25,24152463,N/A,2025-09-24 13:00:43
2842,6.521405,6.297629,557.015503,5.00e-05,28781.36,939.75,24166261,N/A,2025-09-24 13:00:43
2843,6.357978,6.297629,557.015503,5.00e-05,33439.35,688.50,24179748,N/A,2025-09-24 13:00:44
2844,6.322598,6.297629,557.015503,5.00e-05,33807.64,1015.50,24193469,N/A,2025-09-24 13:00:44
2845,6.340281,6.297629,557.015503,5.00e-05,31694.82,669.00,24206024,N/A,2025-09-24 13:00:44
2846,6.699999,6.297629,557.015503,5.00e-05,32596.63,748.25,24219426,N/A,2025-09-24 13:00:45
2847,6.198417,6.297629,557.015503,5.00e-05,33253.03,795.00,24233488,N/A,2025-09-24 13:00:45
2848,6.377063,6.297629,557.015503,5.00e-05,33154.02,653.00,24246909,N/A,2025-09-24 13:00:46
2849,6.326486,6.297629,557.015503,5.00e-05,33289.76,658.50,24260713,N/A,2025-09-24 13:00:46
2850,6.519485,6.297629,557.015503,5.00e-05,22134.63,959.50,24273271,0.8085,2025-09-24 13:00:47
2851,6.073280,6.297629,557.015503,5.00e-05,21318.74,850.75,24287217,N/A,2025-09-24 13:00:48
2852,6.503489,6.297629,557.015503,5.00e-05,22616.25,832.75,24301611,N/A,2025-09-24 13:00:48
2853,6.241861,6.297629,557.015503,5.00e-05,32987.19,753.50,24313989,N/A,2025-09-24 13:00:49
2854,6.721670,6.297629,557.015503,5.00e-05,30968.43,891.50,24326538,N/A,2025-09-24 13:00:49
2855,6.352145,6.297629,557.015503,5.00e-05,30458.30,680.00,24339798,N/A,2025-09-24 13:00:49
2856,6.126395,6.297629,557.015503,5.00e-05,32284.65,811.00,24352898,N/A,2025-09-24 13:00:50
2857,6.341583,6.297629,557.015503,5.00e-05,31057.04,775.00,24364800,N/A,2025-09-24 13:00:50
2858,6.185078,6.297629,557.015503,5.00e-05,28880.38,765.75,24377564,N/A,2025-09-24 13:00:51
2859,6.695929,6.297629,557.015503,5.00e-05,29729.67,960.00,24391863,N/A,2025-09-24 13:00:51
2860,6.431196,6.297629,557.015503,5.00e-05,29885.36,949.50,24405349,1.0000,2025-09-24 13:00:52
2861,6.198245,6.297629,557.015503,5.00e-05,27782.15,609.75,24416433,N/A,2025-09-24 13:00:52
2862,6.039853,6.297629,557.015503,5.00e-05,26063.38,702.50,24428504,N/A,2025-09-24 13:00:53
2863,6.592334,6.297629,557.015503,5.00e-05,13657.43,833.00,24441396,N/A,2025-09-24 13:00:54
2864,6.166910,6.297629,557.015503,5.00e-05,13900.22,617.50,24454193,N/A,2025-09-24 13:00:55
2865,6.361602,6.297629,557.015503,5.00e-05,32385.32,590.00,24466924,N/A,2025-09-24 13:00:55
2866,6.474331,6.297629,557.015503,5.00e-05,31447.68,798.00,24480315,N/A,2025-09-24 13:00:56
2867,6.315799,6.297629,557.015503,5.00e-05,29505.46,603.75,24491675,N/A,2025-09-24 13:00:56
2868,6.077778,6.297629,557.015503,5.00e-05,28149.70,661.00,24503780,N/A,2025-09-24 13:00:57
2869,6.042826,6.297629,557.015503,5.00e-05,30506.90,709.75,24518200,N/A,2025-09-24 13:00:57
2870,6.632915,6.297629,557.015503,5.00e-05,32019.26,838.25,24531719,0.7728,2025-09-24 13:00:58
2871,6.170952,6.297629,557.015503,5.00e-05,29318.38,802.25,24545027,N/A,2025-09-24 13:00:58
2872,6.330646,6.297629,557.015503,5.00e-05,29037.30,716.75,24557564,N/A,2025-09-24 13:00:59
2873,6.822672,6.297629,557.015503,5.00e-05,30991.87,660.25,24569802,N/A,2025-09-24 13:00:59
2874,6.489892,6.297629,557.015503,5.00e-05,30557.94,852.75,24583115,N/A,2025-09-24 13:00:59
2875,6.293027,6.297629,557.015503,5.00e-05,24300.91,806.50,24597509,N/A,2025-09-24 13:01:00
2876,6.012744,6.297629,557.015503,5.00e-05,24668.14,729.25,24610741,N/A,2025-09-24 13:01:01
2877,6.431198,6.297629,557.015503,5.00e-05,24334.16,655.25,24624228,N/A,2025-09-24 13:01:01
2878,6.358477,6.297629,557.015503,5.00e-05,33143.65,823.25,24638068,N/A,2025-09-24 13:01:02
2879,6.401838,6.297629,557.015503,5.00e-05,31645.41,824.50,24650992,N/A,2025-09-24 13:01:02
2880,6.424678,6.297629,557.015503,5.00e-05,30477.92,669.50,24664147,0.8799,2025-09-24 13:01:03
2881,6.372530,6.297629,557.015503,5.00e-05,27668.42,717.00,24675906,N/A,2025-09-24 13:01:03
2882,6.410759,6.297629,557.015503,5.00e-05,28367.73,905.50,24690032,N/A,2025-09-24 13:01:04
2883,6.265432,6.297629,557.015503,5.00e-05,31757.43,771.50,24702759,N/A,2025-09-24 13:01:04
2884,6.344514,6.297629,557.015503,5.00e-05,32835.87,819.25,24715465,N/A,2025-09-24 13:01:04
2885,6.193491,6.297629,557.015503,5.00e-05,34179.44,787.00,24729991,N/A,2025-09-24 13:01:05
2886,6.335373,6.297629,557.015503,5.00e-05,34042.54,764.50,24743485,N/A,2025-09-24 13:01:05
2887,6.393034,6.297629,557.015503,5.00e-05,32423.10,848.75,24755865,N/A,2025-09-24 13:01:06
2888,6.527642,6.297629,557.015503,5.00e-05,13629.86,744.25,24767973,N/A,2025-09-24 13:01:07
2889,6.320367,6.297629,557.015503,5.00e-05,14105.83,893.75,24781661,N/A,2025-09-24 13:01:08
2890,6.309181,6.297629,557.015503,5.00e-05,28121.85,797.50,24793752,1.0000,2025-09-24 13:01:08
2891,6.304956,6.297629,557.015503,5.00e-05,25947.08,750.75,24806563,N/A,2025-09-24 13:01:09
2892,6.228603,6.297629,557.015503,5.00e-05,27971.44,897.25,24820037,N/A,2025-09-24 13:01:09
2893,6.519237,6.297629,557.015503,5.00e-05,32692.87,806.75,24833401,N/A,2025-09-24 13:01:10
2894,6.149180,6.297629,557.015503,5.00e-05,31994.32,767.50,24845531,N/A,2025-09-24 13:01:10
2895,6.836222,6.297629,557.015503,5.00e-05,30251.38,684.50,24857824,N/A,2025-09-24 13:01:11
2896,6.669016,6.297629,557.015503,5.00e-05,29930.61,832.00,24870139,N/A,2025-09-24 13:01:11
2897,6.280254,6.297629,557.015503,5.00e-05,31784.69,1024.00,24884047,N/A,2025-09-24 13:01:12
2898,6.669600,6.297629,557.015503,5.00e-05,33722.40,744.50,24897956,N/A,2025-09-24 13:01:12
2899,6.278380,6.297629,557.015503,5.00e-05,32469.25,874.25,24910178,N/A,2025-09-24 13:01:13
2900,5.962113,6.297629,557.015503,5.00e-05,21353.91,845.00,24922667,0.9058,2025-09-24 13:01:13
2901,6.255835,6.297629,557.015503,5.00e-05,20086.98,892.00,24935713,N/A,2025-09-24 13:01:14
2902,6.302001,6.297629,557.015503,5.00e-05,20329.60,748.75,24948507,N/A,2025-09-24 13:01:14
2903,6.185759,6.297629,557.015503,5.00e-05,32161.48,820.50,24961273,N/A,2025-09-24 13:01:15
2904,6.285913,6.297629,557.015503,5.00e-05,29622.24,658.25,24972614,N/A,2025-09-24 13:01:15
2905,6.616821,6.297629,557.015503,5.00e-05,29751.79,822.50,24985192,N/A,2025-09-24 13:01:16
2906,6.312685,6.297629,557.015503,5.00e-05,28738.74,726.50,24997099,N/A,2025-09-24 13:01:16
2907,6.091937,6.297629,557.015503,5.00e-05,29736.45,913.50,25009902,N/A,2025-09-24 13:01:17
2908,5.726052,6.297629,557.015503,5.00e-05,31386.09,830.75,25023155,N/A,2025-09-24 13:01:17
2909,6.399369,6.297629,557.015503,5.00e-05,32247.23,885.75,25036060,N/A,2025-09-24 13:01:18
2910,6.177433,6.297629,557.015503,5.00e-05,30088.96,922.75,25049643,0.7641,2025-09-24 13:01:18
2911,6.675160,6.297629,557.015503,5.00e-05,28963.49,814.75,25063197,N/A,2025-09-24 13:01:19
2912,6.202172,6.297629,557.015503,5.00e-05,28629.20,832.00,25075359,N/A,2025-09-24 13:01:19
2913,6.706685,6.297629,557.015503,5.00e-05,14288.13,865.00,25089314,N/A,2025-09-24 13:01:21
2914,6.175462,6.297629,557.015503,5.00e-05,14299.84,707.50,25101810,N/A,2025-09-24 13:01:21
2915,6.501606,6.297629,557.015503,5.00e-05,31817.71,1015.25,25115903,N/A,2025-09-24 13:01:22
2916,6.399045,6.297629,557.015503,5.00e-05,33163.35,823.00,25129159,N/A,2025-09-24 13:01:22
2917,6.240850,6.297629,557.015503,5.00e-05,33264.84,858.00,25141812,N/A,2025-09-24 13:01:23
2918,6.171626,6.297629,557.015503,5.00e-05,31957.79,894.25,25155232,N/A,2025-09-24 13:01:23
2919,6.273837,6.297629,557.015503,5.00e-05,31796.35,876.75,25167700,N/A,2025-09-24 13:01:23
2920,6.264609,6.297629,557.015503,5.00e-05,30173.13,842.50,25180175,0.8850,2025-09-24 13:01:24
2921,6.426466,6.297629,557.015503,5.00e-05,28805.08,831.75,25193861,N/A,2025-09-24 13:01:24
2922,5.944088,6.297629,557.015503,5.00e-05,28426.64,796.75,25206682,N/A,2025-09-24 13:01:25
2923,6.549705,6.297629,557.015503,5.00e-05,32459.30,861.00,25220733,N/A,2025-09-24 13:01:25
2924,6.369919,6.297629,557.015503,5.00e-05,33070.28,849.50,25234707,N/A,2025-09-24 13:01:26
2925,6.158980,6.297629,557.015503,5.00e-05,24878.95,865.75,25248279,N/A,2025-09-24 13:01:27
2926,6.615654,6.297629,557.015503,5.00e-05,24297.13,844.25,25261938,N/A,2025-09-24 13:01:27
2927,6.015082,6.297629,557.015503,5.00e-05,22337.78,934.00,25274691,N/A,2025-09-24 13:01:28
2928,6.370072,6.297629,557.015503,5.00e-05,30274.99,783.75,25288008,N/A,2025-09-24 13:01:28
2929,6.160532,6.297629,557.015503,5.00e-05,30161.04,686.25,25300931,N/A,2025-09-24 13:01:29
2930,6.448538,6.297629,557.015503,5.00e-05,31512.10,729.50,25314151,0.9056,2025-09-24 13:01:29
2931,6.461991,6.297629,557.015503,5.00e-05,27981.77,847.25,25326819,N/A,2025-09-24 13:01:30
2932,6.371822,6.297629,557.015503,5.00e-05,28385.95,911.25,25340187,N/A,2025-09-24 13:01:30
2933,6.116447,6.297629,557.015503,5.00e-05,33551.78,830.25,25353990,N/A,2025-09-24 13:01:30
2934,6.115468,6.297629,557.015503,5.00e-05,30903.41,580.50,25365650,N/A,2025-09-24 13:01:31
2935,5.909060,6.297629,557.015503,5.00e-05,31186.74,731.75,25378657,N/A,2025-09-24 13:01:31
2936,6.215791,6.297629,557.015503,5.00e-05,30581.83,751.75,25391218,N/A,2025-09-24 13:01:32
2937,6.360406,6.297629,557.015503,5.00e-05,31371.95,972.75,25404888,N/A,2025-09-24 13:01:32
2938,6.235177,6.297629,557.015503,5.00e-05,15143.57,665.50,25418786,N/A,2025-09-24 13:01:34
2939,6.517049,6.297629,557.015503,5.00e-05,15660.66,843.50,25432571,N/A,2025-09-24 13:01:34
2940,6.359898,6.297629,557.015503,5.00e-05,30746.51,839.25,25444897,0.8130,2025-09-24 13:01:35
2941,6.067875,6.297629,557.015503,5.00e-05,27157.91,772.75,25457407,N/A,2025-09-24 13:01:35
2942,6.214374,6.297629,557.015503,5.00e-05,26771.00,901.00,25470028,N/A,2025-09-24 13:01:36
2943,6.411013,6.297629,557.015503,5.00e-05,31048.27,947.25,25482712,N/A,2025-09-24 13:01:36
2944,6.141295,6.297629,557.015503,5.00e-05,32542.74,817.75,25496371,N/A,2025-09-24 13:01:37
2945,6.576488,6.297629,557.015503,5.00e-05,33500.92,756.00,25509574,N/A,2025-09-24 13:01:37
2946,6.087667,6.297629,557.015503,5.00e-05,30368.67,901.50,25523037,N/A,2025-09-24 13:01:38
2947,6.216138,6.297629,557.015503,5.00e-05,31175.01,842.50,25537312,N/A,2025-09-24 13:01:38
2948,6.298531,6.297629,557.015503,5.00e-05,32278.78,763.75,25550902,N/A,2025-09-24 13:01:39
2949,6.464398,6.297629,557.015503,5.00e-05,31280.30,636.50,25562475,N/A,2025-09-24 13:01:39
2950,6.346959,6.297629,557.015503,5.00e-05,23069.48,1024.00,25576600,0.8894,2025-09-24 13:01:40
2951,6.260931,6.297629,557.015503,5.00e-05,22015.19,823.25,25589532,N/A,2025-09-24 13:01:40
2952,6.787430,6.297629,557.015503,5.00e-05,21158.68,727.00,25601550,N/A,2025-09-24 13:01:41
2953,6.568529,6.297629,557.015503,5.00e-05,29912.53,920.75,25615400,N/A,2025-09-24 13:01:41
2954,6.071566,6.297629,557.015503,5.00e-05,31405.41,676.50,25627760,N/A,2025-09-24 13:01:42
2955,6.374485,6.297629,557.015503,5.00e-05,31397.80,801.25,25641388,N/A,2025-09-24 13:01:42
2956,6.149590,6.297629,557.015503,5.00e-05,30500.69,917.25,25654383,N/A,2025-09-24 13:01:43
2957,6.444045,6.297629,557.015503,5.00e-05,29865.01,871.00,25667294,N/A,2025-09-24 13:01:43
2958,6.121327,6.297629,557.015503,5.00e-05,30810.84,708.25,25679237,N/A,2025-09-24 13:01:44
2959,6.161271,6.297629,557.015503,5.00e-05,32136.40,977.00,25693632,N/A,2025-09-24 13:01:44
2960,6.288064,6.297629,557.015503,5.00e-05,31178.07,654.25,25706231,0.7885,2025-09-24 13:01:44
2961,6.036344,6.297629,557.015503,5.00e-05,28972.36,897.25,25719447,N/A,2025-09-24 13:01:45
2962,6.333002,6.297629,557.015503,5.00e-05,28739.68,708.50,25733233,N/A,2025-09-24 13:01:45
2963,6.178924,6.297629,557.015503,5.00e-05,15515.40,888.00,25747120,N/A,2025-09-24 13:01:47
2964,6.420774,6.297629,557.015503,5.00e-05,15170.50,880.75,25761220,N/A,2025-09-24 13:01:48
2965,6.176307,6.297629,557.015503,5.00e-05,35062.14,845.00,25775225,N/A,2025-09-24 13:01:48
2966,6.192990,6.297629,557.015503,5.00e-05,33883.32,805.00,25788849,N/A,2025-09-24 13:01:48
2967,6.069553,6.297629,557.015503,5.00e-05,34144.30,830.00,25802553,N/A,2025-09-24 13:01:49
2968,6.551737,6.297629,557.015503,5.00e-05,32254.24,711.00,25815020,N/A,2025-09-24 13:01:49
2969,6.232248,6.297629,557.015503,5.00e-05,30807.16,839.00,25827611,N/A,2025-09-24 13:01:50
2970,5.930922,6.297629,557.015503,5.00e-05,29720.06,732.50,25840235,0.7907,2025-09-24 13:01:50
2971,5.967199,6.297629,557.015503,5.00e-05,27929.37,957.75,25853267,N/A,2025-09-24 13:01:51
2972,6.690428,6.297629,557.015503,5.00e-05,28038.00,766.00,25865838,N/A,2025-09-24 13:01:51
2973,6.171897,6.297629,557.015503,5.00e-05,32040.97,878.75,25879486,N/A,2025-09-24 13:01:52
2974,6.288474,6.297629,557.015503,5.00e-05,32352.19,828.75,25892861,N/A,2025-09-24 13:01:52
2975,6.419892,6.297629,557.015503,5.00e-05,24502.42,729.25,25905945,N/A,2025-09-24 13:01:53
2976,7.170194,6.297629,557.015503,5.00e-05,24899.38,896.25,25920050,N/A,2025-09-24 13:01:53
2977,6.265197,6.297629,557.015503,5.00e-05,24090.95,643.25,25932817,N/A,2025-09-24 13:01:54
2978,5.886443,6.297629,557.015503,5.00e-05,31731.97,809.00,25946209,N/A,2025-09-24 13:01:54
2979,6.172670,6.297629,557.015503,5.00e-05,32036.89,741.00,25959440,N/A,2025-09-24 13:01:55
2980,6.303500,6.297629,557.015503,5.00e-05,30070.13,792.50,25971465,0.8868,2025-09-24 13:01:55
2981,6.033413,6.297629,557.015503,5.00e-05,27639.14,868.25,25985024,N/A,2025-09-24 13:01:56
2982,6.366635,6.297629,557.015503,5.00e-05,28324.53,810.00,25997805,N/A,2025-09-24 13:01:56
2983,6.630647,6.297629,557.015503,5.00e-05,32114.76,982.25,26010921,N/A,2025-09-24 13:01:57
2984,6.054587,6.297629,557.015503,5.00e-05,31316.20,698.00,26023302,N/A,2025-09-24 13:01:57
2985,6.334268,6.297629,557.015503,5.00e-05,29323.19,888.00,26035734,N/A,2025-09-24 13:01:58
2986,6.164517,6.297629,557.015503,5.00e-05,27620.85,799.25,26048075,N/A,2025-09-24 13:01:58
2987,6.217694,6.297629,557.015503,5.00e-05,26567.97,759.25,26060419,N/A,2025-09-24 13:01:59
2988,5.831459,6.297629,557.015503,5.00e-05,12216.28,934.75,26075347,N/A,2025-09-24 13:02:01
2989,6.231024,6.297629,557.015503,5.00e-05,12114.89,983.00,26088333,N/A,2025-09-24 13:02:01
2990,6.039925,6.297629,557.015503,5.00e-05,6787.45,845.25,26099462,0.9837,2025-09-24 13:02:05
2991,6.306680,6.297629,557.015503,5.00e-05,6892.33,680.25,26112845,N/A,2025-09-24 13:02:06
2992,6.445737,6.297629,557.015503,5.00e-05,6785.05,925.00,26125847,N/A,2025-09-24 13:02:06
2993,6.715144,6.297629,557.015503,5.00e-05,31284.15,681.75,26138951,N/A,2025-09-24 13:02:07
2994,6.131380,6.297629,557.015503,5.00e-05,30768.53,854.00,26151600,N/A,2025-09-24 13:02:07
2995,6.625741,6.297629,557.015503,5.00e-05,30645.34,801.25,26163989,N/A,2025-09-24 13:02:07
2996,6.272676,6.297629,557.015503,5.00e-05,32862.96,892.75,26178534,N/A,2025-09-24 13:02:08
2997,6.355999,6.297629,557.015503,5.00e-05,33246.35,981.50,26191783,N/A,2025-09-24 13:02:08
2998,6.470941,6.297629,557.015503,5.00e-05,33134.92,718.50,26205242,N/A,2025-09-24 13:02:09
2999,6.312837,6.297629,557.015503,5.00e-05,31536.68,689.00,26217602,N/A,2025-09-24 13:02:09
3000,6.162438,6.348629,588.100525,5.00e-05,2277.94,865.25,26230732,N/A,2025-09-24 13:02:23
3001,6.122951,6.348629,588.100525,5.00e-05,1013.71,943.25,26244485,N/A,2025-09-24 13:02:41
3002,6.336861,6.348629,588.100525,5.00e-05,1086.46,875.25,26259142,N/A,2025-09-24 13:02:41
3003,6.123892,6.348629,588.100525,5.00e-05,6620.00,672.25,26271927,N/A,2025-09-24 13:02:42
3004,6.376390,6.348629,588.100525,5.00e-05,31129.44,947.75,26285430,N/A,2025-09-24 13:02:42
3005,6.243320,6.348629,588.100525,5.00e-05,31207.09,823.00,26299076,N/A,2025-09-24 13:02:43
3006,6.079087,6.348629,588.100525,5.00e-05,31818.03,861.50,26312457,N/A,2025-09-24 13:02:43
3007,6.297158,6.348629,588.100525,5.00e-05,31526.07,727.00,26324866,N/A,2025-09-24 13:02:44
3008,6.466963,6.348629,588.100525,5.00e-05,31580.97,829.00,26337630,N/A,2025-09-24 13:02:44
3009,6.374537,6.348629,588.100525,5.00e-05,29975.16,555.25,26349452,N/A,2025-09-24 13:02:45
3010,5.841092,6.348629,588.100525,5.00e-05,28317.67,679.00,26361972,0.8574,2025-09-24 13:02:45
3011,6.514544,6.348629,588.100525,5.00e-05,28031.54,874.75,26375867,N/A,2025-09-24 13:02:46
3012,6.112438,6.348629,588.100525,5.00e-05,25995.11,913.50,26387692,N/A,2025-09-24 13:02:46
3013,6.032342,6.348629,588.100525,5.00e-05,29042.40,882.25,26401360,N/A,2025-09-24 13:02:47
3014,6.541934,6.348629,588.100525,5.00e-05,28892.81,895.50,26415171,N/A,2025-09-24 13:02:47
3015,6.244024,6.348629,588.100525,5.00e-05,30709.27,695.25,26427162,N/A,2025-09-24 13:02:48
3016,6.611752,6.348629,588.100525,5.00e-05,30037.83,878.50,26440736,N/A,2025-09-24 13:02:48
3017,5.984158,6.348629,588.100525,5.00e-05,32945.08,802.00,26454696,N/A,2025-09-24 13:02:48
3018,6.117878,6.348629,588.100525,5.00e-05,33785.96,785.00,26467988,N/A,2025-09-24 13:02:49
3019,6.379334,6.348629,588.100525,5.00e-05,32596.14,803.75,26481356,N/A,2025-09-24 13:02:49
3020,6.454237,6.348629,588.100525,5.00e-05,30103.39,670.00,26493691,0.7895,2025-09-24 13:02:50
3021,6.288023,6.348629,588.100525,5.00e-05,28292.24,1013.75,26508434,N/A,2025-09-24 13:02:50
3022,6.459611,6.348629,588.100525,5.00e-05,26579.30,783.00,26519504,N/A,2025-09-24 13:02:51
3023,6.682168,6.348629,588.100525,5.00e-05,29497.16,871.00,26532187,N/A,2025-09-24 13:02:51
3024,6.332888,6.348629,588.100525,5.00e-05,31413.85,887.75,26545405,N/A,2025-09-24 13:02:52
3025,6.065343,6.348629,588.100525,5.00e-05,12620.00,941.00,26558150,N/A,2025-09-24 13:02:54
3026,6.200331,6.348629,588.100525,5.00e-05,12551.80,923.50,26572155,N/A,2025-09-24 13:02:54
3027,6.315594,6.348629,588.100525,5.00e-05,23696.49,609.25,26584348,N/A,2025-09-24 13:02:55
3028,6.559008,6.348629,588.100525,5.00e-05,32430.28,906.00,26597972,N/A,2025-09-24 13:02:55
3029,6.285701,6.348629,588.100525,5.00e-05,31238.69,790.50,26610872,N/A,2025-09-24 13:02:56
3030,6.949330,6.348629,588.100525,5.00e-05,32364.06,874.25,26625661,0.9922,2025-09-24 13:02:56
3031,6.409349,6.348629,588.100525,5.00e-05,29518.02,724.75,26640009,N/A,2025-09-24 13:02:57
3032,5.911968,6.348629,588.100525,5.00e-05,29094.64,845.75,26653877,N/A,2025-09-24 13:02:57
3033,6.531271,6.348629,588.100525,5.00e-05,32421.42,831.75,26667799,N/A,2025-09-24 13:02:58
3034,6.415193,6.348629,588.100525,5.00e-05,32187.73,864.75,26680860,N/A,2025-09-24 13:02:58
3035,6.253195,6.348629,588.100525,5.00e-05,32027.22,983.00,26695406,N/A,2025-09-24 13:02:58
3036,6.694575,6.348629,588.100525,5.00e-05,31424.76,759.25,26707686,N/A,2025-09-24 13:02:59
3037,6.134974,6.348629,588.100525,5.00e-05,31214.93,796.75,26721815,N/A,2025-09-24 13:02:59
3038,6.372507,6.348629,588.100525,5.00e-05,31423.03,962.00,26734698,N/A,2025-09-24 13:03:00
3039,6.864254,6.348629,588.100525,5.00e-05,31400.39,787.50,26747968,N/A,2025-09-24 13:03:00
3040,6.265666,6.348629,588.100525,5.00e-05,31921.72,656.00,26760654,0.7532,2025-09-24 13:03:01
3041,6.293175,6.348629,588.100525,5.00e-05,28225.78,882.50,26774514,N/A,2025-09-24 13:03:01
3042,6.197022,6.348629,588.100525,5.00e-05,27174.43,941.75,26786368,N/A,2025-09-24 13:03:02
3043,6.204852,6.348629,588.100525,5.00e-05,32092.61,903.00,26800486,N/A,2025-09-24 13:03:02
3044,6.243296,6.348629,588.100525,5.00e-05,34089.29,890.75,26814213,N/A,2025-09-24 13:03:03
3045,6.309124,6.348629,588.100525,5.00e-05,32436.00,609.50,26826335,N/A,2025-09-24 13:03:03
3046,6.158852,6.348629,588.100525,5.00e-05,31232.28,961.25,26839389,N/A,2025-09-24 13:03:04
3047,6.548398,6.348629,588.100525,5.00e-05,30828.59,624.50,26852526,N/A,2025-09-24 13:03:04
3048,6.023926,6.348629,588.100525,5.00e-05,32934.59,791.75,26866299,N/A,2025-09-24 13:03:04
3049,5.921915,6.348629,588.100525,5.00e-05,30768.68,858.50,26879041,N/A,2025-09-24 13:03:05
3050,6.157385,6.348629,588.100525,5.00e-05,11797.24,825.25,26891334,0.8459,2025-09-24 13:03:07
3051,6.273264,6.348629,588.100525,5.00e-05,11315.04,723.00,26904710,N/A,2025-09-24 13:03:08
3052,6.168207,6.348629,588.100525,5.00e-05,22106.52,809.25,26918208,N/A,2025-09-24 13:03:08
3053,6.250278,6.348629,588.100525,5.00e-05,31900.53,732.25,26931216,N/A,2025-09-24 13:03:08
3054,6.252817,6.348629,588.100525,5.00e-05,32766.81,887.50,26944837,N/A,2025-09-24 13:03:09
3055,6.406862,6.348629,588.100525,5.00e-05,24382.42,717.50,26956458,N/A,2025-09-24 13:03:10
3056,6.299392,6.348629,588.100525,5.00e-05,24204.22,829.75,26969381,N/A,2025-09-24 13:03:10
3057,5.970399,6.348629,588.100525,5.00e-05,24034.50,922.75,26982841,N/A,2025-09-24 13:03:11
3058,6.242346,6.348629,588.100525,5.00e-05,31406.13,916.00,26995298,N/A,2025-09-24 13:03:11
3059,6.256268,6.348629,588.100525,5.00e-05,32036.79,737.25,27009085,N/A,2025-09-24 13:03:11
3060,6.042654,6.348629,588.100525,5.00e-05,31491.67,889.25,27021854,0.6456,2025-09-24 13:03:12
3061,5.971004,6.348629,588.100525,5.00e-05,29466.54,761.25,27035826,N/A,2025-09-24 13:03:12
3062,6.240423,6.348629,588.100525,5.00e-05,30429.90,811.50,27050373,N/A,2025-09-24 13:03:13
3063,6.706559,6.348629,588.100525,5.00e-05,32710.22,737.75,27062724,N/A,2025-09-24 13:03:13
3064,6.086602,6.348629,588.100525,5.00e-05,32599.50,896.25,27076432,N/A,2025-09-24 13:03:14
3065,5.904548,6.348629,588.100525,5.00e-05,30779.52,723.00,27088510,N/A,2025-09-24 13:03:14
3066,5.860255,6.348629,588.100525,5.00e-05,32563.64,979.00,27102620,N/A,2025-09-24 13:03:15
3067,6.240047,6.348629,588.100525,5.00e-05,34526.89,958.25,27118095,N/A,2025-09-24 13:03:15
3068,6.265206,6.348629,588.100525,5.00e-05,34596.69,932.75,27132907,N/A,2025-09-24 13:03:16
3069,6.426951,6.348629,588.100525,5.00e-05,30956.31,636.25,27145281,N/A,2025-09-24 13:03:16
3070,5.990504,6.348629,588.100525,5.00e-05,28493.23,926.00,27159204,0.8045,2025-09-24 13:03:17
3071,6.266404,6.348629,588.100525,5.00e-05,26534.14,791.50,27171667,N/A,2025-09-24 13:03:17
3072,6.089477,6.348629,588.100525,5.00e-05,27779.00,661.50,27184795,N/A,2025-09-24 13:03:18
3073,6.067675,6.348629,588.100525,5.00e-05,31363.55,773.50,27197996,N/A,2025-09-24 13:03:18
3074,6.315395,6.348629,588.100525,5.00e-05,32649.55,810.25,27212428,N/A,2025-09-24 13:03:19
3075,6.225193,6.348629,588.100525,5.00e-05,12978.85,699.50,27226227,N/A,2025-09-24 13:03:21
3076,6.130627,6.348629,588.100525,5.00e-05,12524.87,881.00,27238940,N/A,2025-09-24 13:03:21
3077,6.135714,6.348629,588.100525,5.00e-05,22827.23,875.25,27253623,N/A,2025-09-24 13:03:22
3078,6.521492,6.348629,588.100525,5.00e-05,31402.29,735.00,27266156,N/A,2025-09-24 13:03:22
3079,6.230038,6.348629,588.100525,5.00e-05,30105.31,687.50,27278376,N/A,2025-09-24 13:03:22
3080,6.315886,6.348629,588.100525,5.00e-05,31010.83,893.25,27292733,0.7427,2025-09-24 13:03:23
3081,6.278246,6.348629,588.100525,5.00e-05,26652.09,867.00,27305250,N/A,2025-09-24 13:03:24
3082,5.832517,6.348629,588.100525,5.00e-05,26370.09,846.25,27318797,N/A,2025-09-24 13:03:24
3083,6.030402,6.348629,588.100525,5.00e-05,30336.88,792.50,27332622,N/A,2025-09-24 13:03:24
3084,6.687339,6.348629,588.100525,5.00e-05,32122.87,745.00,27345278,N/A,2025-09-24 13:03:25
3085,6.217152,6.348629,588.100525,5.00e-05,31785.02,832.25,27358243,N/A,2025-09-24 13:03:25
3086,6.433142,6.348629,588.100525,5.00e-05,32222.55,805.50,27371480,N/A,2025-09-24 13:03:26
3087,6.223249,6.348629,588.100525,5.00e-05,31234.68,953.25,27385100,N/A,2025-09-24 13:03:26
3088,6.322282,6.348629,588.100525,5.00e-05,31669.91,785.50,27398935,N/A,2025-09-24 13:03:27
3089,6.350228,6.348629,588.100525,5.00e-05,33485.73,848.25,27413181,N/A,2025-09-24 13:03:27
3090,6.200356,6.348629,588.100525,5.00e-05,30307.03,709.25,27425413,0.9250,2025-09-24 13:03:28
3091,6.193744,6.348629,588.100525,5.00e-05,28462.14,926.75,27439235,N/A,2025-09-24 13:03:28
3092,6.325275,6.348629,588.100525,5.00e-05,28929.46,787.75,27453041,N/A,2025-09-24 13:03:29
3093,5.866365,6.348629,588.100525,5.00e-05,31977.97,1013.25,27465979,N/A,2025-09-24 13:03:29
3094,6.368692,6.348629,588.100525,5.00e-05,29587.16,775.50,27478321,N/A,2025-09-24 13:03:30
3095,6.435422,6.348629,588.100525,5.00e-05,30314.69,806.50,27492166,N/A,2025-09-24 13:03:30
3096,5.985600,6.348629,588.100525,5.00e-05,32711.84,899.50,27506295,N/A,2025-09-24 13:03:30
3097,6.438965,6.348629,588.100525,5.00e-05,30760.09,733.25,27519375,N/A,2025-09-24 13:03:31
3098,6.347631,6.348629,588.100525,5.00e-05,30798.24,776.50,27532317,N/A,2025-09-24 13:03:31
3099,6.243421,6.348629,588.100525,5.00e-05,30191.02,649.25,27545722,N/A,2025-09-24 13:03:32
3100,6.148744,6.348629,588.100525,5.00e-05,12719.97,927.75,27560196,0.9493,2025-09-24 13:03:34
3101,6.645310,6.348629,588.100525,5.00e-05,12498.82,961.50,27574215,N/A,2025-09-24 13:03:35
3102,6.273781,6.348629,588.100525,5.00e-05,22179.45,670.75,27586378,N/A,2025-09-24 13:03:35
3103,6.054480,6.348629,588.100525,5.00e-05,31409.93,847.50,27599995,N/A,2025-09-24 13:03:35
3104,6.620985,6.348629,588.100525,5.00e-05,32557.83,924.25,27613933,N/A,2025-09-24 13:03:36
3105,6.081797,6.348629,588.100525,5.00e-05,32903.44,880.25,27627432,N/A,2025-09-24 13:03:36
3106,6.453366,6.348629,588.100525,5.00e-05,33464.58,787.50,27641140,N/A,2025-09-24 13:03:37
3107,6.432728,6.348629,588.100525,5.00e-05,30547.95,922.00,27654045,N/A,2025-09-24 13:03:37
3108,6.104452,6.348629,588.100525,5.00e-05,30466.18,910.50,27668041,N/A,2025-09-24 13:03:38
3109,6.243694,6.348629,588.100525,5.00e-05,27411.17,649.25,27678685,N/A,2025-09-24 13:03:38
3110,6.419793,6.348629,588.100525,5.00e-05,26513.55,733.50,27692201,0.7574,2025-09-24 13:03:39
3111,6.382693,6.348629,588.100525,5.00e-05,25205.03,720.50,27704807,N/A,2025-09-24 13:03:39
3112,6.249428,6.348629,588.100525,5.00e-05,27242.21,796.25,27717596,N/A,2025-09-24 13:03:40
3113,6.474265,6.348629,588.100525,5.00e-05,31905.55,868.75,27731577,N/A,2025-09-24 13:03:40
3114,6.485072,6.348629,588.100525,5.00e-05,33848.94,906.25,27745624,N/A,2025-09-24 13:03:41
3115,6.291371,6.348629,588.100525,5.00e-05,32653.75,819.75,27758415,N/A,2025-09-24 13:03:41
3116,6.179175,6.348629,588.100525,5.00e-05,33670.14,783.25,27772502,N/A,2025-09-24 13:03:42
3117,6.092042,6.348629,588.100525,5.00e-05,31429.64,603.00,27784166,N/A,2025-09-24 13:03:42
3118,6.459822,6.348629,588.100525,5.00e-05,30987.00,949.25,27798591,N/A,2025-09-24 13:03:42
3119,6.306883,6.348629,588.100525,5.00e-05,30759.45,799.00,27811448,N/A,2025-09-24 13:03:43
3120,6.324649,6.348629,588.100525,5.00e-05,30478.38,742.25,27825148,0.8510,2025-09-24 13:03:43
3121,6.210421,6.348629,588.100525,5.00e-05,28501.42,983.75,27838488,N/A,2025-09-24 13:03:44
3122,6.118212,6.348629,588.100525,5.00e-05,27527.19,856.75,27850931,N/A,2025-09-24 13:03:44
3123,6.288194,6.348629,588.100525,5.00e-05,32208.41,960.25,27864693,N/A,2025-09-24 13:03:45
3124,6.332538,6.348629,588.100525,5.00e-05,31455.65,809.75,27877004,N/A,2025-09-24 13:03:45
3125,6.386761,6.348629,588.100525,5.00e-05,12642.35,806.75,27890729,N/A,2025-09-24 13:03:47
3126,6.087186,6.348629,588.100525,5.00e-05,12669.10,969.25,27904453,N/A,2025-09-24 13:03:48
3127,6.302115,6.348629,588.100525,5.00e-05,23670.41,817.25,27918475,N/A,2025-09-24 13:03:48
3128,6.129107,6.348629,588.100525,5.00e-05,34245.32,911.50,27932103,N/A,2025-09-24 13:03:49
3129,6.209343,6.348629,588.100525,5.00e-05,32308.62,568.25,27944615,N/A,2025-09-24 13:03:49
3130,5.881158,6.348629,588.100525,5.00e-05,29526.37,759.25,27957341,0.7067,2025-09-24 13:03:50
3131,6.287601,6.348629,588.100525,5.00e-05,27274.67,955.75,27971236,N/A,2025-09-24 13:03:50
3132,6.339870,6.348629,588.100525,5.00e-05,27813.58,739.25,27984122,N/A,2025-09-24 13:03:51
3133,6.347635,6.348629,588.100525,5.00e-05,32803.52,982.00,27997883,N/A,2025-09-24 13:03:51
3134,6.194396,6.348629,588.100525,5.00e-05,33097.23,952.25,28011560,N/A,2025-09-24 13:03:52
3135,6.169683,6.348629,588.100525,5.00e-05,33007.14,736.50,28024983,N/A,2025-09-24 13:03:52
3136,6.124893,6.348629,588.100525,5.00e-05,32971.63,713.75,28037770,N/A,2025-09-24 13:03:52
3137,6.444732,6.348629,588.100525,5.00e-05,30726.44,797.00,28049965,N/A,2025-09-24 13:03:53
3138,6.216702,6.348629,588.100525,5.00e-05,30965.96,876.50,28063194,N/A,2025-09-24 13:03:53
3139,6.410878,6.348629,588.100525,5.00e-05,31351.12,747.25,28075890,N/A,2025-09-24 13:03:54
3140,6.432735,6.348629,588.100525,5.00e-05,29587.37,788.25,28088697,0.9819,2025-09-24 13:03:54
3141,6.130565,6.348629,588.100525,5.00e-05,27261.15,1022.75,28101618,N/A,2025-09-24 13:03:55
3142,6.088793,6.348629,588.100525,5.00e-05,27729.43,755.25,28114380,N/A,2025-09-24 13:03:55
3143,6.133127,6.348629,588.100525,5.00e-05,31694.49,806.75,28126502,N/A,2025-09-24 13:03:56
3144,6.453451,6.348629,588.100525,5.00e-05,30384.54,743.75,28138891,N/A,2025-09-24 13:03:56
3145,6.147170,6.348629,588.100525,5.00e-05,30530.07,867.25,28151702,N/A,2025-09-24 13:03:57
3146,6.559556,6.348629,588.100525,5.00e-05,32166.35,816.00,28165997,N/A,2025-09-24 13:03:57
3147,6.195903,6.348629,588.100525,5.00e-05,33236.07,859.75,28179860,N/A,2025-09-24 13:03:58
3148,6.335146,6.348629,588.100525,5.00e-05,33544.48,931.25,28194272,N/A,2025-09-24 13:03:58
3149,7.336665,6.348629,588.100525,5.00e-05,33561.42,852.75,28207985,N/A,2025-09-24 13:03:58
3150,6.402304,6.348629,588.100525,5.00e-05,12974.09,852.50,28221533,0.9221,2025-09-24 13:04:00
3151,6.024423,6.348629,588.100525,5.00e-05,12328.16,796.75,28234469,N/A,2025-09-24 13:04:01
3152,6.131318,6.348629,588.100525,5.00e-05,21850.43,832.00,28248568,N/A,2025-09-24 13:04:01
3153,6.280170,6.348629,588.100525,5.00e-05,32066.99,618.00,28260509,N/A,2025-09-24 13:04:02
3154,6.144755,6.348629,588.100525,5.00e-05,29829.54,840.50,28272562,N/A,2025-09-24 13:04:02
3155,6.128063,6.348629,588.100525,5.00e-05,29470.78,766.25,28284845,N/A,2025-09-24 13:04:03
3156,6.203147,6.348629,588.100525,5.00e-05,29180.78,638.25,28296419,N/A,2025-09-24 13:04:03
3157,6.114419,6.348629,588.100525,5.00e-05,30364.71,828.75,28309605,N/A,2025-09-24 13:04:04
3158,6.295333,6.348629,588.100525,5.00e-05,31156.96,618.75,28323102,N/A,2025-09-24 13:04:04
3159,6.384325,6.348629,588.100525,5.00e-05,33716.94,818.25,28337462,N/A,2025-09-24 13:04:05
3160,6.712499,6.348629,588.100525,5.00e-05,30606.39,696.00,28349723,0.7402,2025-09-24 13:04:05
3161,6.613240,6.348629,588.100525,5.00e-05,27368.79,858.25,28362787,N/A,2025-09-24 13:04:06
3162,6.260246,6.348629,588.100525,5.00e-05,26452.65,705.00,28374665,N/A,2025-09-24 13:04:06
3163,6.644658,6.348629,588.100525,5.00e-05,31381.27,826.25,28387551,N/A,2025-09-24 13:04:07
3164,6.190078,6.348629,588.100525,5.00e-05,30428.85,730.25,28399691,N/A,2025-09-24 13:04:07
3165,6.307518,6.348629,588.100525,5.00e-05,30773.33,810.50,28412723,N/A,2025-09-24 13:04:07
3166,6.444174,6.348629,588.100525,5.00e-05,32691.52,740.25,28426730,N/A,2025-09-24 13:04:08
3167,6.341215,6.348629,588.100525,5.00e-05,32296.77,718.00,28439300,N/A,2025-09-24 13:04:08
3168,6.661669,6.348629,588.100525,5.00e-05,32678.60,875.00,28453013,N/A,2025-09-24 13:04:09
3169,6.262807,6.348629,588.100525,5.00e-05,33210.56,940.00,28466560,N/A,2025-09-24 13:04:09
3170,6.564118,6.348629,588.100525,5.00e-05,32385.40,901.50,28479812,0.8498,2025-09-24 13:04:10
3171,6.186438,6.348629,588.100525,5.00e-05,29166.27,977.50,28493172,N/A,2025-09-24 13:04:10
3172,5.912184,6.348629,588.100525,5.00e-05,28528.74,796.75,28505617,N/A,2025-09-24 13:04:11
3173,6.519497,6.348629,588.100525,5.00e-05,32914.65,829.50,28520165,N/A,2025-09-24 13:04:11
3174,6.141374,6.348629,588.100525,5.00e-05,32351.94,877.50,28532793,N/A,2025-09-24 13:04:12
3175,6.384336,6.348629,588.100525,5.00e-05,12503.61,851.25,28546141,N/A,2025-09-24 13:04:14
3176,5.915346,6.348629,588.100525,5.00e-05,12623.32,922.75,28560077,N/A,2025-09-24 13:04:14
3177,6.006008,6.348629,588.100525,5.00e-05,23872.75,816.75,28573338,N/A,2025-09-24 13:04:15
3178,5.759538,6.348629,588.100525,5.00e-05,31540.17,683.00,28586955,N/A,2025-09-24 13:04:15
3179,6.126150,6.348629,588.100525,5.00e-05,31111.36,773.50,28599490,N/A,2025-09-24 13:04:16
3180,6.420399,6.348629,588.100525,5.00e-05,29774.51,861.00,28612816,0.7625,2025-09-24 13:04:16
3181,6.149590,6.348629,588.100525,5.00e-05,29096.11,909.50,28627490,N/A,2025-09-24 13:04:17
3182,6.116597,6.348629,588.100525,5.00e-05,30608.96,890.25,28641363,N/A,2025-09-24 13:04:17
3183,6.100956,6.348629,588.100525,5.00e-05,33474.19,936.75,28654430,N/A,2025-09-24 13:04:17
3184,5.989042,6.348629,588.100525,5.00e-05,33551.31,826.50,28668037,N/A,2025-09-24 13:04:18
3185,5.939736,6.348629,588.100525,5.00e-05,28946.75,731.75,28680176,N/A,2025-09-24 13:04:18
3186,6.048311,6.348629,588.100525,5.00e-05,25647.57,696.25,28692652,N/A,2025-09-24 13:04:19
3187,6.411451,6.348629,588.100525,5.00e-05,25234.76,930.25,28706068,N/A,2025-09-24 13:04:19
3188,6.592604,6.348629,588.100525,5.00e-05,27852.77,836.00,28720287,N/A,2025-09-24 13:04:20
3189,6.636894,6.348629,588.100525,5.00e-05,5856.58,683.75,28732603,N/A,2025-09-24 13:04:25
3190,6.628052,6.348629,588.100525,5.00e-05,5669.34,756.00,28745863,0.7612,2025-09-24 13:04:26
3191,6.396091,6.348629,588.100525,5.00e-05,28694.79,891.00,28759285,N/A,2025-09-24 13:04:26
3192,6.374239,6.348629,588.100525,5.00e-05,27706.54,818.00,28772211,N/A,2025-09-24 13:04:27
3193,6.024435,6.348629,588.100525,5.00e-05,32868.06,916.75,28786150,N/A,2025-09-24 13:04:27
3194,6.230106,6.348629,588.100525,5.00e-05,33212.74,729.00,28798882,N/A,2025-09-24 13:04:27
3195,6.474026,6.348629,588.100525,5.00e-05,32206.34,900.25,28812134,N/A,2025-09-24 13:04:28
3196,5.916510,6.348629,588.100525,5.00e-05,33322.00,1004.50,28826282,N/A,2025-09-24 13:04:28
3197,6.262909,6.348629,588.100525,5.00e-05,32935.68,990.50,28839040,N/A,2025-09-24 13:04:29
3198,6.156215,6.348629,588.100525,5.00e-05,32248.28,827.00,28852326,N/A,2025-09-24 13:04:29
3199,6.340143,6.348629,588.100525,5.00e-05,31039.56,818.25,28865244,N/A,2025-09-24 13:04:30
3200,6.680165,6.348629,588.100525,5.00e-05,12378.03,859.75,28878567,0.7401,2025-09-24 13:04:32
3201,6.049855,6.348629,588.100525,5.00e-05,11830.74,567.75,28890803,N/A,2025-09-24 13:04:32
3202,6.418841,6.348629,588.100525,5.00e-05,20977.55,1024.00,28905369,N/A,2025-09-24 13:04:33
3203,6.313581,6.348629,588.100525,5.00e-05,31035.25,888.25,28918818,N/A,2025-09-24 13:04:33
3204,6.579322,6.348629,588.100525,5.00e-05,30713.55,974.75,28931498,N/A,2025-09-24 13:04:34
3205,6.466269,6.348629,588.100525,5.00e-05,31557.65,827.75,28944847,N/A,2025-09-24 13:04:34
3206,6.410131,6.348629,588.100525,5.00e-05,31422.73,884.75,28957988,N/A,2025-09-24 13:04:35
3207,6.543394,6.348629,588.100525,5.00e-05,31377.77,760.75,28970840,N/A,2025-09-24 13:04:35
3208,6.177029,6.348629,588.100525,5.00e-05,33511.85,909.75,28984903,N/A,2025-09-24 13:04:35
3209,5.842559,6.348629,588.100525,5.00e-05,32896.34,807.75,28998178,N/A,2025-09-24 13:04:36
3210,6.500870,6.348629,588.100525,5.00e-05,31921.34,1024.00,29011767,0.8372,2025-09-24 13:04:36
3211,6.205107,6.348629,588.100525,5.00e-05,30080.54,924.00,29025935,N/A,2025-09-24 13:04:37
3212,6.367542,6.348629,588.100525,5.00e-05,30781.90,916.50,29039608,N/A,2025-09-24 13:04:37
3213,5.841610,6.348629,588.100525,5.00e-05,33132.87,822.50,29051691,N/A,2025-09-24 13:04:38
3214,6.595404,6.348629,588.100525,5.00e-05,30989.33,805.75,29064415,N/A,2025-09-24 13:04:38
3215,6.296105,6.348629,588.100525,5.00e-05,31669.18,724.75,29077841,N/A,2025-09-24 13:04:39
3216,6.822040,6.348629,588.100525,5.00e-05,31330.79,635.50,29090709,N/A,2025-09-24 13:04:39
3217,6.371275,6.348629,588.100525,5.00e-05,31092.14,935.25,29104140,N/A,2025-09-24 13:04:40
3218,6.122763,6.348629,588.100525,5.00e-05,31100.86,781.25,29117235,N/A,2025-09-24 13:04:40
3219,6.639310,6.348629,588.100525,5.00e-05,31897.18,745.50,29130507,N/A,2025-09-24 13:04:41
3220,5.528836,6.348629,588.100525,5.00e-05,30168.54,799.75,29142854,0.9909,2025-09-24 13:04:41
3221,6.331922,6.348629,588.100525,5.00e-05,28113.65,1024.00,29156161,N/A,2025-09-24 13:04:42
3222,6.157300,6.348629,588.100525,5.00e-05,28733.22,954.75,29170150,N/A,2025-09-24 13:04:42
3223,6.460972,6.348629,588.100525,5.00e-05,31210.06,815.25,29181504,N/A,2025-09-24 13:04:42
3224,6.123560,6.348629,588.100525,5.00e-05,30640.62,728.00,29194824,N/A,2025-09-24 13:04:43
3225,6.383594,6.348629,588.100525,5.00e-05,11915.04,847.25,29207210,N/A,2025-09-24 13:04:45
3226,6.139075,6.348629,588.100525,5.00e-05,12123.23,806.00,29220691,N/A,2025-09-24 13:04:45
3227,6.476886,6.348629,588.100525,5.00e-05,22567.00,712.25,29233721,N/A,2025-09-24 13:04:46
3228,6.596772,6.348629,588.100525,5.00e-05,31691.80,798.50,29247594,N/A,2025-09-24 13:04:46
3229,6.358806,6.348629,588.100525,5.00e-05,32195.23,967.25,29260767,N/A,2025-09-24 13:04:47
3230,6.837106,6.348629,588.100525,5.00e-05,31956.71,968.00,29275055,0.7926,2025-09-24 13:04:47
3231,6.559735,6.348629,588.100525,5.00e-05,30538.47,980.50,29288494,N/A,2025-09-24 13:04:48
3232,6.015889,6.348629,588.100525,5.00e-05,29837.15,822.25,29301880,N/A,2025-09-24 13:04:48
3233,6.455235,6.348629,588.100525,5.00e-05,33237.37,928.00,29315049,N/A,2025-09-24 13:04:49
3234,6.037056,6.348629,588.100525,5.00e-05,32056.40,641.50,29327673,N/A,2025-09-24 13:04:49
3235,6.309506,6.348629,588.100525,5.00e-05,32924.03,882.25,29341563,N/A,2025-09-24 13:04:50
3236,5.978718,6.348629,588.100525,5.00e-05,33177.93,835.50,29354893,N/A,2025-09-24 13:04:50
3237,6.469594,6.348629,588.100525,5.00e-05,35120.57,973.25,29370188,N/A,2025-09-24 13:04:50
3238,6.339921,6.348629,588.100525,5.00e-05,34700.78,966.25,29383372,N/A,2025-09-24 13:04:51
3239,6.347106,6.348629,588.100525,5.00e-05,34028.51,916.50,29397100,N/A,2025-09-24 13:04:51
3240,5.890718,6.348629,588.100525,5.00e-05,31147.27,629.50,29408741,0.9253,2025-09-24 13:04:52
3241,6.948884,6.348629,588.100525,5.00e-05,27181.89,763.50,29421481,N/A,2025-09-24 13:04:52
3242,6.113466,6.348629,588.100525,5.00e-05,27761.95,812.50,29434996,N/A,2025-09-24 13:04:53
3243,6.548893,6.348629,588.100525,5.00e-05,32528.41,917.25,29448676,N/A,2025-09-24 13:04:53
3244,6.252196,6.348629,588.100525,5.00e-05,30315.74,750.25,29460349,N/A,2025-09-24 13:04:54
3245,6.272855,6.348629,588.100525,5.00e-05,30182.01,845.00,29473106,N/A,2025-09-24 13:04:54
3246,5.897953,6.348629,588.100525,5.00e-05,30015.73,744.75,29485506,N/A,2025-09-24 13:04:55
3247,6.277482,6.348629,588.100525,5.00e-05,30811.14,677.25,29497966,N/A,2025-09-24 13:04:55
3248,6.182781,6.348629,588.100525,5.00e-05,31439.94,743.50,29511588,N/A,2025-09-24 13:04:56
3249,6.157846,6.348629,588.100525,5.00e-05,32048.92,796.25,29524427,N/A,2025-09-24 13:04:56
3250,5.960015,6.294189,554.865906,5.00e-05,3511.23,1024.00,29538409,N/A,2025-09-24 13:05:05
3251,6.099434,6.294189,554.865906,5.00e-05,3433.89,947.00,29551090,N/A,2025-09-24 13:05:05
3252,6.272208,6.294189,554.865906,5.00e-05,3789.32,579.50,29562770,N/A,2025-09-24 13:05:06
3253,6.120403,6.294189,554.865906,5.00e-05,32519.93,807.00,29577493,N/A,2025-09-24 13:05:06
3254,6.126366,6.294189,554.865906,5.00e-05,33256.99,944.50,29591682,N/A,2025-09-24 13:05:07
3255,6.453346,6.294189,554.865906,5.00e-05,32201.04,789.25,29604086,N/A,2025-09-24 13:05:07
3256,6.584597,6.294189,554.865906,5.00e-05,31645.79,845.00,29617890,N/A,2025-09-24 13:05:08
3257,6.340118,6.294189,554.865906,5.00e-05,30863.59,756.75,29629771,N/A,2025-09-24 13:05:08
3258,6.202376,6.294189,554.865906,5.00e-05,30001.67,783.50,29642173,N/A,2025-09-24 13:05:09
3259,6.961304,6.294189,554.865906,5.00e-05,30023.23,774.75,29655021,N/A,2025-09-24 13:05:09
3260,6.136831,6.294189,554.865906,5.00e-05,29380.23,807.00,29667771,0.8896,2025-09-24 13:05:10
3261,6.163874,6.294189,554.865906,5.00e-05,27017.42,795.50,29681733,N/A,2025-09-24 13:05:10
3262,6.041044,6.294189,554.865906,5.00e-05,27217.44,781.00,29694677,N/A,2025-09-24 13:05:11
3263,6.258539,6.294189,554.865906,5.00e-05,14421.58,823.50,29708173,N/A,2025-09-24 13:05:12
3264,6.513592,6.294189,554.865906,5.00e-05,14725.68,895.00,29721918,N/A,2025-09-24 13:05:13
3265,6.243758,6.294189,554.865906,5.00e-05,31736.73,778.00,29734395,N/A,2025-09-24 13:05:13
3266,6.771378,6.294189,554.865906,5.00e-05,31474.35,885.25,29747515,N/A,2025-09-24 13:05:14
3267,6.216272,6.294189,554.865906,5.00e-05,31933.76,795.25,29760749,N/A,2025-09-24 13:05:14
3268,6.211727,6.294189,554.865906,5.00e-05,32065.03,892.25,29773058,N/A,2025-09-24 13:05:14
3269,6.133015,6.294189,554.865906,5.00e-05,29693.23,877.75,29786525,N/A,2025-09-24 13:05:15
3270,6.326428,6.294189,554.865906,5.00e-05,28261.74,872.75,29799567,0.6765,2025-09-24 13:05:15
3271,6.070728,6.294189,554.865906,5.00e-05,25666.05,764.50,29813670,N/A,2025-09-24 13:05:16
3272,6.639254,6.294189,554.865906,5.00e-05,27649.51,816.75,29827414,N/A,2025-09-24 13:05:17
3273,6.133092,6.294189,554.865906,5.00e-05,28718.66,984.25,29840657,N/A,2025-09-24 13:05:17
3274,6.503955,6.294189,554.865906,5.00e-05,29531.54,947.00,29853053,N/A,2025-09-24 13:05:18
3275,6.220054,6.294189,554.865906,5.00e-05,23118.55,799.00,29867422,N/A,2025-09-24 13:05:18
3276,6.519255,6.294189,554.865906,5.00e-05,25358.68,985.50,29882044,N/A,2025-09-24 13:05:19
3277,6.372023,6.294189,554.865906,5.00e-05,24297.81,687.75,29893850,N/A,2025-09-24 13:05:19
3278,6.399959,6.294189,554.865906,5.00e-05,32850.26,797.50,29907621,N/A,2025-09-24 13:05:20
3279,6.648207,6.294189,554.865906,5.00e-05,29302.88,913.75,29920169,N/A,2025-09-24 13:05:20
3280,6.552942,6.294189,554.865906,5.00e-05,28198.68,861.25,29932625,0.9666,2025-09-24 13:05:21
3281,6.229819,6.294189,554.865906,5.00e-05,26893.93,803.00,29945995,N/A,2025-09-24 13:05:21
3282,6.467067,6.294189,554.865906,5.00e-05,28991.35,933.50,29959216,N/A,2025-09-24 13:05:22
3283,6.013047,6.294189,554.865906,5.00e-05,31912.56,895.25,29972593,N/A,2025-09-24 13:05:22
3284,6.258379,6.294189,554.865906,5.00e-05,31392.37,782.50,29985980,N/A,2025-09-24 13:05:23
3285,6.395880,6.294189,554.865906,5.00e-05,31619.71,644.25,29999212,N/A,2025-09-24 13:05:23
3286,6.290178,6.294189,554.865906,5.00e-05,32310.93,974.50,30011983,N/A,2025-09-24 13:05:23
3287,6.064750,6.294189,554.865906,5.00e-05,28778.85,838.50,30024884,N/A,2025-09-24 13:05:24
3288,6.290719,6.294189,554.865906,5.00e-05,13911.10,732.50,30037890,N/A,2025-09-24 13:05:26
3289,6.651391,6.294189,554.865906,5.00e-05,14636.50,1024.00,30052712,N/A,2025-09-24 13:05:26
3290,6.346886,6.294189,554.865906,5.00e-05,31832.60,895.75,30065502,1.0000,2025-09-24 13:05:27
3291,6.240100,6.294189,554.865906,5.00e-05,28031.12,835.75,30078149,N/A,2025-09-24 13:05:27
3292,6.258203,6.294189,554.865906,5.00e-05,28936.42,713.50,30091931,N/A,2025-09-24 13:05:28
3293,6.222115,6.294189,554.865906,5.00e-05,32943.79,985.25,30105781,N/A,2025-09-24 13:05:28
3294,6.195393,6.294189,554.865906,5.00e-05,33022.50,852.75,30119860,N/A,2025-09-24 13:05:29
3295,6.371440,6.294189,554.865906,5.00e-05,33712.37,904.25,30133705,N/A,2025-09-24 13:05:29
3296,6.602689,6.294189,554.865906,5.00e-05,31405.99,692.75,30146618,N/A,2025-09-24 13:05:29
3297,6.313622,6.294189,554.865906,5.00e-05,31179.45,815.75,30159278,N/A,2025-09-24 13:05:30
3298,7.017139,6.294189,554.865906,5.00e-05,32222.60,861.75,30173509,N/A,2025-09-24 13:05:30
3299,6.164951,6.294189,554.865906,5.00e-05,30617.40,806.25,30186136,N/A,2025-09-24 13:05:31
3300,6.233601,6.294189,554.865906,5.00e-05,22182.20,806.75,30198638,0.7515,2025-09-24 13:05:32
3301,5.982254,6.294189,554.865906,5.00e-05,18876.19,612.75,30210441,N/A,2025-09-24 13:05:32
3302,6.161911,6.294189,554.865906,5.00e-05,20394.43,706.50,30223470,N/A,2025-09-24 13:05:33
3303,6.292613,6.294189,554.865906,5.00e-05,29863.66,776.00,30236362,N/A,2025-09-24 13:05:33
3304,6.577747,6.294189,554.865906,5.00e-05,31027.74,810.75,30249267,N/A,2025-09-24 13:05:34
3305,6.496492,6.294189,554.865906,5.00e-05,33572.88,803.75,30264554,N/A,2025-09-24 13:05:34
3306,6.321594,6.294189,554.865906,5.00e-05,34391.53,830.50,30277742,N/A,2025-09-24 13:05:34
3307,6.433549,6.294189,554.865906,5.00e-05,31274.76,736.75,30291004,N/A,2025-09-24 13:05:35
3308,6.665405,6.294189,554.865906,5.00e-05,31412.10,792.00,30305144,N/A,2025-09-24 13:05:35
3309,6.757887,6.294189,554.865906,5.00e-05,29590.84,958.25,30317970,N/A,2025-09-24 13:05:36
3310,6.028184,6.294189,554.865906,5.00e-05,30615.43,620.25,30331194,1.0000,2025-09-24 13:05:36
3311,6.418343,6.294189,554.865906,5.00e-05,26942.04,775.50,30343091,N/A,2025-09-24 13:05:37
3312,6.198813,6.294189,554.865906,5.00e-05,26561.77,858.75,30355947,N/A,2025-09-24 13:05:37
3313,6.108374,6.294189,554.865906,5.00e-05,14119.29,717.25,30368091,N/A,2025-09-24 13:05:39
3314,6.664938,6.294189,554.865906,5.00e-05,14701.06,998.25,30382136,N/A,2025-09-24 13:05:39
3315,5.968827,6.294189,554.865906,5.00e-05,32860.62,835.00,30395794,N/A,2025-09-24 13:05:40
3316,6.537167,6.294189,554.865906,5.00e-05,33496.43,856.00,30409177,N/A,2025-09-24 13:05:40
3317,6.081992,6.294189,554.865906,5.00e-05,31467.83,826.25,30421572,N/A,2025-09-24 13:05:41
3318,6.023443,6.294189,554.865906,5.00e-05,30054.55,954.25,30434003,N/A,2025-09-24 13:05:41
3319,6.011026,6.294189,554.865906,5.00e-05,31914.50,898.25,30447711,N/A,2025-09-24 13:05:42
3320,6.175577,6.294189,554.865906,5.00e-05,32817.47,926.00,30462428,1.0000,2025-09-24 13:05:42
3321,6.203091,6.294189,554.865906,5.00e-05,30329.14,931.50,30475677,N/A,2025-09-24 13:05:43
3322,5.917234,6.294189,554.865906,5.00e-05,29235.24,814.50,30489261,N/A,2025-09-24 13:05:43
3323,6.119065,6.294189,554.865906,5.00e-05,34401.80,847.50,30503702,N/A,2025-09-24 13:05:44
3324,6.087101,6.294189,554.865906,5.00e-05,31780.66,902.75,30516025,N/A,2025-09-24 13:05:44
3325,6.633759,6.294189,554.865906,5.00e-05,23544.34,971.25,30530120,N/A,2025-09-24 13:05:45
3326,6.300359,6.294189,554.865906,5.00e-05,23189.52,728.00,30542231,N/A,2025-09-24 13:05:45
3327,6.361498,6.294189,554.865906,5.00e-05,23854.90,826.25,30556368,N/A,2025-09-24 13:05:46
3328,6.424002,6.294189,554.865906,5.00e-05,34265.79,1011.00,30570450,N/A,2025-09-24 13:05:46
3329,6.025308,6.294189,554.865906,5.00e-05,32813.01,813.00,30583356,N/A,2025-09-24 13:05:47
3330,6.566569,6.294189,554.865906,5.00e-05,30717.69,677.25,30595977,0.6851,2025-09-24 13:05:47
3331,6.145187,6.294189,554.865906,5.00e-05,27066.87,831.25,30608713,N/A,2025-09-24 13:05:48
3332,6.481912,6.294189,554.865906,5.00e-05,28268.79,886.75,30622320,N/A,2025-09-24 13:05:48
3333,6.228267,6.294189,554.865906,5.00e-05,31348.70,807.75,30634900,N/A,2025-09-24 13:05:49
3334,6.454454,6.294189,554.865906,5.00e-05,31127.33,594.25,30647541,N/A,2025-09-24 13:05:49
3335,6.306812,6.294189,554.865906,5.00e-05,30447.66,907.00,30660906,N/A,2025-09-24 13:05:50
3336,6.125430,6.294189,554.865906,5.00e-05,32443.40,789.00,30674737,N/A,2025-09-24 13:05:50
3337,6.229220,6.294189,554.865906,5.00e-05,31514.11,686.00,30686678,N/A,2025-09-24 13:05:50
3338,6.440286,6.294189,554.865906,5.00e-05,14036.79,964.25,30700179,N/A,2025-09-24 13:05:52
3339,6.114831,6.294189,554.865906,5.00e-05,13805.55,841.00,30712974,N/A,2025-09-24 13:05:53
3340,6.269354,6.294189,554.865906,5.00e-05,32452.13,881.00,30727041,0.7113,2025-09-24 13:05:53
3341,6.218729,6.294189,554.865906,5.00e-05,30460.68,916.00,30741840,N/A,2025-09-24 13:05:54
3342,6.193961,6.294189,554.865906,5.00e-05,29579.50,869.25,30755602,N/A,2025-09-24 13:05:54
3343,6.308160,6.294189,554.865906,5.00e-05,31792.87,919.00,30769011,N/A,2025-09-24 13:05:55
3344,6.042418,6.294189,554.865906,5.00e-05,28984.00,774.50,30780573,N/A,2025-09-24 13:05:55
3345,6.298341,6.294189,554.865906,5.00e-05,29997.94,617.75,30794334,N/A,2025-09-24 13:05:55
3346,6.300911,6.294189,554.865906,5.00e-05,30838.19,810.50,30807843,N/A,2025-09-24 13:05:56
3347,6.151503,6.294189,554.865906,5.00e-05,30836.82,726.75,30821476,N/A,2025-09-24 13:05:56
3348,6.036539,6.294189,554.865906,5.00e-05,30846.36,835.75,30834361,N/A,2025-09-24 13:05:57
3349,6.002852,6.294189,554.865906,5.00e-05,30988.19,830.50,30847055,N/A,2025-09-24 13:05:57
3350,6.186841,6.294189,554.865906,5.00e-05,21947.34,927.75,30860537,0.7663,2025-09-24 13:05:58
3351,5.855130,6.294189,554.865906,5.00e-05,20948.20,795.00,30874139,N/A,2025-09-24 13:05:59
3352,6.361000,6.294189,554.865906,5.00e-05,20814.98,720.75,30886943,N/A,2025-09-24 13:05:59
3353,6.347977,6.294189,554.865906,5.00e-05,30720.35,698.25,30900596,N/A,2025-09-24 13:06:00
3354,6.598478,6.294189,554.865906,5.00e-05,31702.83,887.75,30914547,N/A,2025-09-24 13:06:00
3355,6.171973,6.294189,554.865906,5.00e-05,30896.85,808.75,30926597,N/A,2025-09-24 13:06:01
3356,6.564384,6.294189,554.865906,5.00e-05,31539.87,832.50,30939684,N/A,2025-09-24 13:06:01
3357,6.059318,6.294189,554.865906,5.00e-05,30038.69,831.25,30952122,N/A,2025-09-24 13:06:02
3358,6.153635,6.294189,554.865906,5.00e-05,28708.52,890.50,30965387,N/A,2025-09-24 13:06:02
3359,6.442770,6.294189,554.865906,5.00e-05,29563.43,819.50,30978591,N/A,2025-09-24 13:06:02
3360,6.659458,6.294189,554.865906,5.00e-05,28037.10,576.50,30990329,0.7323,2025-09-24 13:06:03
3361,6.530217,6.294189,554.865906,5.00e-05,27559.86,881.25,31003145,N/A,2025-09-24 13:06:04
3362,6.244539,6.294189,554.865906,5.00e-05,26944.79,691.75,31016329,N/A,2025-09-24 13:06:04
3363,6.236995,6.294189,554.865906,5.00e-05,15234.34,1005.00,31030174,N/A,2025-09-24 13:06:06
3364,5.849323,6.294189,554.865906,5.00e-05,14888.11,781.00,31043483,N/A,2025-09-24 13:06:06
3365,6.327634,6.294189,554.865906,5.00e-05,32849.34,796.00,31057175,N/A,2025-09-24 13:06:07
3366,6.312564,6.294189,554.865906,5.00e-05,33902.02,766.50,31071124,N/A,2025-09-24 13:06:07
3367,5.903115,6.294189,554.865906,5.00e-05,33771.12,675.25,31084283,N/A,2025-09-24 13:06:07
3368,6.167042,6.294189,554.865906,5.00e-05,32832.53,908.25,31098299,N/A,2025-09-24 13:06:08
3369,6.536093,6.294189,554.865906,5.00e-05,32485.66,921.75,31111676,N/A,2025-09-24 13:06:08
3370,5.917076,6.294189,554.865906,5.00e-05,30572.91,927.00,31124998,0.9841,2025-09-24 13:06:09
3371,6.097625,6.294189,554.865906,5.00e-05,28183.28,773.00,31137959,N/A,2025-09-24 13:06:09
3372,6.407550,6.294189,554.865906,5.00e-05,28516.83,715.25,31151507,N/A,2025-09-24 13:06:10
3373,6.055281,6.294189,554.865906,5.00e-05,32661.73,958.25,31165080,N/A,2025-09-24 13:06:10
3374,6.190590,6.294189,554.865906,5.00e-05,32151.33,823.50,31177218,N/A,2025-09-24 13:06:11
3375,6.316416,6.294189,554.865906,5.00e-05,23594.02,853.00,31189986,N/A,2025-09-24 13:06:11
3376,5.901741,6.294189,554.865906,5.00e-05,24073.20,976.00,31203903,N/A,2025-09-24 13:06:12
3377,5.949024,6.294189,554.865906,5.00e-05,23876.96,811.50,31216218,N/A,2025-09-24 13:06:12
3378,6.035079,6.294189,554.865906,5.00e-05,31300.36,912.75,31230506,N/A,2025-09-24 13:06:13
3379,6.132708,6.294189,554.865906,5.00e-05,30191.30,854.50,31242521,N/A,2025-09-24 13:06:13
3380,6.105509,6.294189,554.865906,5.00e-05,28762.49,910.50,31255898,0.7567,2025-09-24 13:06:14
3381,6.267144,6.294189,554.865906,5.00e-05,28938.45,1002.50,31269872,N/A,2025-09-24 13:06:14
3382,6.252595,6.294189,554.865906,5.00e-05,26778.36,826.00,31282548,N/A,2025-09-24 13:06:15
3383,6.474864,6.294189,554.865906,5.00e-05,29559.52,957.25,31297227,N/A,2025-09-24 13:06:15
3384,6.188938,6.294189,554.865906,5.00e-05,27375.87,721.25,31309221,N/A,2025-09-24 13:06:16
3385,6.417181,6.294189,554.865906,5.00e-05,28195.14,981.25,31323130,N/A,2025-09-24 13:06:16
3386,6.280638,6.294189,554.865906,5.00e-05,5157.99,879.00,31333067,N/A,2025-09-24 13:06:22
3387,6.074806,6.294189,554.865906,5.00e-05,5317.91,807.50,31346645,N/A,2025-09-24 13:06:22
3388,6.180742,6.294189,554.865906,5.00e-05,14069.47,909.25,31358808,N/A,2025-09-24 13:06:24
3389,5.900732,6.294189,554.865906,5.00e-05,14128.54,930.50,31372040,N/A,2025-09-24 13:06:24
3390,6.369459,6.294189,554.865906,5.00e-05,30794.82,772.25,31385305,0.9585,2025-09-24 13:06:25
3391,5.906952,6.294189,554.865906,5.00e-05,27782.34,706.25,31397724,N/A,2025-09-24 13:06:25
3392,6.078194,6.294189,554.865906,5.00e-05,26556.88,785.25,31409863,N/A,2025-09-24 13:06:26
3393,6.145861,6.294189,554.865906,5.00e-05,30054.56,1024.00,31423149,N/A,2025-09-24 13:06:26
3394,6.209420,6.294189,554.865906,5.00e-05,30094.87,816.50,31436049,N/A,2025-09-24 13:06:27
3395,6.241988,6.294189,554.865906,5.00e-05,31896.14,824.75,31449920,N/A,2025-09-24 13:06:27
3396,6.216551,6.294189,554.865906,5.00e-05,30907.81,772.00,31463095,N/A,2025-09-24 13:06:28
3397,6.215672,6.294189,554.865906,5.00e-05,31863.51,905.00,31476075,N/A,2025-09-24 13:06:28
3398,6.065779,6.294189,554.865906,5.00e-05,30851.85,826.75,31488721,N/A,2025-09-24 13:06:28
3399,6.115129,6.294189,554.865906,5.00e-05,30931.27,847.50,31501273,N/A,2025-09-24 13:06:29
3400,6.250383,6.294189,554.865906,5.00e-05,22589.69,848.50,31514662,0.8226,2025-09-24 13:06:30
3401,6.485900,6.294189,554.865906,5.00e-05,21488.48,898.00,31527750,N/A,2025-09-24 13:06:30
3402,6.353963,6.294189,554.865906,5.00e-05,21993.50,814.25,31541810,N/A,2025-09-24 13:06:31
3403,6.297894,6.294189,554.865906,5.00e-05,33443.20,793.75,31554994,N/A,2025-09-24 13:06:31
3404,6.456763,6.294189,554.865906,5.00e-05,32457.47,581.50,31568340,N/A,2025-09-24 13:06:32
3405,6.371522,6.294189,554.865906,5.00e-05,32365.24,863.00,31581522,N/A,2025-09-24 13:06:32
3406,6.494795,6.294189,554.865906,5.00e-05,31452.61,848.75,31595067,N/A,2025-09-24 13:06:33
3407,5.900486,6.294189,554.865906,5.00e-05,34035.76,974.25,31609429,N/A,2025-09-24 13:06:33
3408,6.155789,6.294189,554.865906,5.00e-05,33471.20,663.75,31622771,N/A,2025-09-24 13:06:33
3409,6.122953,6.294189,554.865906,5.00e-05,33059.19,877.75,31635715,N/A,2025-09-24 13:06:34
3410,6.192478,6.294189,554.865906,5.00e-05,29909.76,799.00,31648373,0.6578,2025-09-24 13:06:34
3411,6.303852,6.294189,554.865906,5.00e-05,27594.38,939.00,31662443,N/A,2025-09-24 13:06:35
3412,6.266295,6.294189,554.865906,5.00e-05,27364.41,1024.00,31676137,N/A,2025-09-24 13:06:35
3413,6.036136,6.294189,554.865906,5.00e-05,14991.08,963.00,31690467,N/A,2025-09-24 13:06:37
3414,6.320540,6.294189,554.865906,5.00e-05,15111.69,845.00,31703189,N/A,2025-09-24 13:06:38
3415,6.145144,6.294189,554.865906,5.00e-05,31400.66,893.25,31715509,N/A,2025-09-24 13:06:38
3416,6.267792,6.294189,554.865906,5.00e-05,30048.97,790.00,31728750,N/A,2025-09-24 13:06:38
3417,6.303964,6.294189,554.865906,5.00e-05,33254.25,758.50,31743217,N/A,2025-09-24 13:06:39
3418,6.283497,6.294189,554.865906,5.00e-05,32944.48,816.75,31756237,N/A,2025-09-24 13:06:39
3419,6.102674,6.294189,554.865906,5.00e-05,32994.73,873.00,31770135,N/A,2025-09-24 13:06:40
3420,6.132415,6.294189,554.865906,5.00e-05,32080.11,954.00,31785178,0.7619,2025-09-24 13:06:40
3421,6.422056,6.294189,554.865906,5.00e-05,28521.13,951.50,31798764,N/A,2025-09-24 13:06:41
3422,5.711167,6.294189,554.865906,5.00e-05,27073.74,701.25,31810999,N/A,2025-09-24 13:06:41
3423,6.441843,6.294189,554.865906,5.00e-05,30077.19,725.25,31822957,N/A,2025-09-24 13:06:42
3424,5.999512,6.294189,554.865906,5.00e-05,31037.38,1024.00,31837284,N/A,2025-09-24 13:06:42
3425,6.182447,6.294189,554.865906,5.00e-05,24363.76,846.75,31850154,N/A,2025-09-24 13:06:43
3426,6.375372,6.294189,554.865906,5.00e-05,24724.05,934.50,31863743,N/A,2025-09-24 13:06:43
3427,6.368501,6.294189,554.865906,5.00e-05,24384.35,949.50,31877219,N/A,2025-09-24 13:06:44
3428,6.057994,6.294189,554.865906,5.00e-05,33198.96,986.00,31890578,N/A,2025-09-24 13:06:44
3429,6.302734,6.294189,554.865906,5.00e-05,32690.25,751.00,31903344,N/A,2025-09-24 13:06:45
3430,6.485952,6.294189,554.865906,5.00e-05,28835.53,733.25,31916088,0.7412,2025-09-24 13:06:45
3431,6.086173,6.294189,554.865906,5.00e-05,24814.70,819.00,31928623,N/A,2025-09-24 13:06:46
3432,6.600844,6.294189,554.865906,5.00e-05,24495.13,768.75,31940888,N/A,2025-09-24 13:06:46
3433,6.546954,6.294189,554.865906,5.00e-05,30001.58,886.50,31953096,N/A,2025-09-24 13:06:47
3434,6.510121,6.294189,554.865906,5.00e-05,30970.74,910.75,31966957,N/A,2025-09-24 13:06:47
3435,5.873783,6.294189,554.865906,5.00e-05,33938.75,1006.75,31981675,N/A,2025-09-24 13:06:48
3436,5.935950,6.294189,554.865906,5.00e-05,32369.59,729.50,31993149,N/A,2025-09-24 13:06:48
3437,6.249284,6.294189,554.865906,5.00e-05,31227.65,773.00,32006855,N/A,2025-09-24 13:06:49
3438,6.273231,6.294189,554.865906,5.00e-05,13779.33,626.50,32018853,N/A,2025-09-24 13:06:50
3439,6.261995,6.294189,554.865906,5.00e-05,14317.06,748.00,32032649,N/A,2025-09-24 13:06:51
3440,6.111825,6.294189,554.865906,5.00e-05,30917.76,866.00,32045574,0.8466,2025-09-24 13:06:51
3441,6.263840,6.294189,554.865906,5.00e-05,28472.52,651.00,32058767,N/A,2025-09-24 13:06:52
3442,6.019397,6.294189,554.865906,5.00e-05,28988.31,799.00,32072285,N/A,2025-09-24 13:06:52
3443,6.195665,6.294189,554.865906,5.00e-05,31997.08,864.25,32085361,N/A,2025-09-24 13:06:53
3444,6.024937,6.294189,554.865906,5.00e-05,32730.86,948.75,32098787,N/A,2025-09-24 13:06:53
3445,6.508257,6.294189,554.865906,5.00e-05,34071.18,804.75,32113368,N/A,2025-09-24 13:06:54
3446,6.049150,6.294189,554.865906,5.00e-05,34343.39,932.50,32126624,N/A,2025-09-24 13:06:54
3447,5.843682,6.294189,554.865906,5.00e-05,33711.92,884.25,32140451,N/A,2025-09-24 13:06:54
3448,6.174844,6.294189,554.865906,5.00e-05,31893.05,694.00,32153080,N/A,2025-09-24 13:06:55
3449,6.370783,6.294189,554.865906,5.00e-05,32312.30,790.00,32166658,N/A,2025-09-24 13:06:55
3450,6.418341,6.294189,554.865906,5.00e-05,22456.64,768.50,32179332,0.8587,2025-09-24 13:06:56
3451,6.272601,6.294189,554.865906,5.00e-05,20742.96,738.50,32192139,N/A,2025-09-24 13:06:57
3452,6.458355,6.294189,554.865906,5.00e-05,21458.03,755.50,32206031,N/A,2025-09-24 13:06:57
3453,6.245807,6.294189,554.865906,5.00e-05,32302.83,666.25,32218287,N/A,2025-09-24 13:06:58
3454,6.324281,6.294189,554.865906,5.00e-05,30259.23,718.25,32230729,N/A,2025-09-24 13:06:58
3455,6.456112,6.294189,554.865906,5.00e-05,29842.08,734.25,32242998,N/A,2025-09-24 13:06:59
3456,6.055892,6.294189,554.865906,5.00e-05,29597.20,899.00,32256180,N/A,2025-09-24 13:06:59
3457,6.302312,6.294189,554.865906,5.00e-05,29708.20,806.75,32268599,N/A,2025-09-24 13:06:59
3458,6.377314,6.294189,554.865906,5.00e-05,29782.11,836.00,32281001,N/A,2025-09-24 13:07:00
3459,6.119305,6.294189,554.865906,5.00e-05,29348.69,565.75,32293544,N/A,2025-09-24 13:07:00
3460,5.977293,6.294189,554.865906,5.00e-05,29631.57,852.75,32306982,0.7208,2025-09-24 13:07:01
3461,6.012735,6.294189,554.865906,5.00e-05,25626.20,861.50,32319981,N/A,2025-09-24 13:07:02
3462,6.235428,6.294189,554.865906,5.00e-05,26553.94,966.50,32333880,N/A,2025-09-24 13:07:02
3463,6.112282,6.294189,554.865906,5.00e-05,13718.22,703.00,32345062,N/A,2025-09-24 13:07:04
3464,5.960626,6.294189,554.865906,5.00e-05,14894.50,997.50,32359826,N/A,2025-09-24 13:07:04
3465,6.473531,6.294189,554.865906,5.00e-05,32498.22,932.00,32373118,N/A,2025-09-24 13:07:05
3466,6.181644,6.294189,554.865906,5.00e-05,33501.75,902.25,32386520,N/A,2025-09-24 13:07:05
3467,6.139153,6.294189,554.865906,5.00e-05,32373.51,925.25,32399622,N/A,2025-09-24 13:07:05
3468,6.521801,6.294189,554.865906,5.00e-05,33247.70,756.50,32413139,N/A,2025-09-24 13:07:06
3469,6.459074,6.294189,554.865906,5.00e-05,32423.44,762.00,32425721,N/A,2025-09-24 13:07:06
3470,5.860548,6.294189,554.865906,5.00e-05,29041.95,662.25,32436944,0.8004,2025-09-24 13:07:07
3471,6.417580,6.294189,554.865906,5.00e-05,24768.50,658.50,32448872,N/A,2025-09-24 13:07:07
3472,6.016592,6.294189,554.865906,5.00e-05,25794.38,720.00,32462283,N/A,2025-09-24 13:07:08
3473,6.025733,6.294189,554.865906,5.00e-05,31617.50,738.75,32475494,N/A,2025-09-24 13:07:08
3474,6.048267,6.294189,554.865906,5.00e-05,33147.87,849.25,32489406,N/A,2025-09-24 13:07:09
3475,6.191177,6.294189,554.865906,5.00e-05,23696.64,812.25,32502000,N/A,2025-09-24 13:07:10
3476,5.650387,6.294189,554.865906,5.00e-05,22862.85,859.25,32514449,N/A,2025-09-24 13:07:10
3477,6.308349,6.294189,554.865906,5.00e-05,23098.15,702.50,32527305,N/A,2025-09-24 13:07:10
3478,6.294235,6.294189,554.865906,5.00e-05,30610.39,851.00,32540221,N/A,2025-09-24 13:07:11
3479,6.019521,6.294189,554.865906,5.00e-05,31720.26,1024.00,32553694,N/A,2025-09-24 13:07:11
3480,6.195233,6.294189,554.865906,5.00e-05,31664.86,983.00,32567398,0.7895,2025-09-24 13:07:12
3481,6.470565,6.294189,554.865906,5.00e-05,30072.38,806.50,32581378,N/A,2025-09-24 13:07:12
3482,6.029198,6.294189,554.865906,5.00e-05,31098.51,897.75,32596091,N/A,2025-09-24 13:07:13
3483,6.365910,6.294189,554.865906,5.00e-05,32466.15,716.75,32609797,N/A,2025-09-24 13:07:13
3484,5.940329,6.294189,554.865906,5.00e-05,31602.43,820.75,32623852,N/A,2025-09-24 13:07:14
3485,6.018304,6.294189,554.865906,5.00e-05,30667.87,856.75,32638261,N/A,2025-09-24 13:07:14
3486,6.168859,6.294189,554.865906,5.00e-05,31882.47,885.50,32651098,N/A,2025-09-24 13:07:15
3487,6.265944,6.294189,554.865906,5.00e-05,31222.70,892.75,32664461,N/A,2025-09-24 13:07:15
3488,6.122330,6.294189,554.865906,5.00e-05,14944.68,742.00,32677766,N/A,2025-09-24 13:07:17
3489,6.100758,6.294189,554.865906,5.00e-05,14801.87,746.00,32690835,N/A,2025-09-24 13:07:17
3490,6.611045,6.294189,554.865906,5.00e-05,31755.74,844.00,32704802,0.6621,2025-09-24 13:07:18
3491,6.050751,6.294189,554.865906,5.00e-05,28270.59,777.00,32717168,N/A,2025-09-24 13:07:18
3492,6.381868,6.294189,554.865906,5.00e-05,28074.43,793.50,32730715,N/A,2025-09-24 13:07:19
3493,6.502598,6.294189,554.865906,5.00e-05,31009.78,770.25,32742494,N/A,2025-09-24 13:07:19
3494,6.272810,6.294189,554.865906,5.00e-05,31161.66,784.00,32755597,N/A,2025-09-24 13:07:20
3495,6.111463,6.294189,554.865906,5.00e-05,31149.99,855.75,32768486,N/A,2025-09-24 13:07:20
3496,6.362212,6.294189,554.865906,5.00e-05,31460.75,770.75,32781433,N/A,2025-09-24 13:07:21
3497,5.919324,6.294189,554.865906,5.00e-05,30796.01,798.50,32794777,N/A,2025-09-24 13:07:21
3498,5.908133,6.294189,554.865906,5.00e-05,30923.81,899.25,32808515,N/A,2025-09-24 13:07:21
3499,5.972935,6.294189,554.865906,5.00e-05,31880.84,775.50,32822823,N/A,2025-09-24 13:07:22
3500,6.059820,6.182974,495.698853,5.00e-05,3748.63,1024.00,32836133,N/A,2025-09-24 13:07:31
3501,5.899513,6.182974,495.698853,5.00e-05,3657.79,810.25,32850487,N/A,2025-09-24 13:07:31
3502,6.158572,6.182974,495.698853,5.00e-05,3602.11,761.75,32863189,N/A,2025-09-24 13:07:32
3503,6.442346,6.182974,495.698853,5.00e-05,29010.06,867.00,32876539,N/A,2025-09-24 13:07:32
3504,5.952714,6.182974,495.698853,5.00e-05,28392.00,918.75,32887990,N/A,2025-09-24 13:07:33
3505,6.280064,6.182974,495.698853,5.00e-05,30723.14,695.00,32901763,N/A,2025-09-24 13:07:33
3506,6.061273,6.182974,495.698853,5.00e-05,31632.82,989.25,32915150,N/A,2025-09-24 13:07:34
3507,6.143820,6.182974,495.698853,5.00e-05,31318.92,798.00,32928432,N/A,2025-09-24 13:07:34
3508,5.847217,6.182974,495.698853,5.00e-05,31556.13,787.50,32941086,N/A,2025-09-24 13:07:34
3509,6.178493,6.182974,495.698853,5.00e-05,31262.57,880.75,32954785,N/A,2025-09-24 13:07:35
3510,6.607754,6.182974,495.698853,5.00e-05,31287.35,694.75,32968159,0.6953,2025-09-24 13:07:35
3511,5.984706,6.182974,495.698853,5.00e-05,29243.00,834.00,32982103,N/A,2025-09-24 13:07:36
3512,6.098351,6.182974,495.698853,5.00e-05,27755.81,800.50,32994449,N/A,2025-09-24 13:07:36
3513,5.980287,6.182974,495.698853,5.00e-05,30563.80,853.00,33007482,N/A,2025-09-24 13:07:37
3514,6.068826,6.182974,495.698853,5.00e-05,31081.23,762.50,33020471,N/A,2025-09-24 13:07:37
3515,5.999098,6.182974,495.698853,5.00e-05,31513.90,780.25,33033612,N/A,2025-09-24 13:07:38
3516,5.956065,6.182974,495.698853,5.00e-05,32823.79,786.25,33047213,N/A,2025-09-24 13:07:38
3517,6.525344,6.182974,495.698853,5.00e-05,29763.83,769.50,33059767,N/A,2025-09-24 13:07:39
3518,6.099840,6.182974,495.698853,5.00e-05,30948.49,942.00,33074122,N/A,2025-09-24 13:07:39
3519,5.991435,6.182974,495.698853,5.00e-05,32105.15,776.50,33087927,N/A,2025-09-24 13:07:40
3520,6.268558,6.182974,495.698853,5.00e-05,33377.54,825.00,33101748,0.9664,2025-09-24 13:07:40
3521,6.434495,6.182974,495.698853,5.00e-05,27891.73,841.00,33113555,N/A,2025-09-24 13:07:41
3522,6.134706,6.182974,495.698853,5.00e-05,28073.09,845.75,33126791,N/A,2025-09-24 13:07:41
3523,6.026882,6.182974,495.698853,5.00e-05,30515.71,1013.50,33140110,N/A,2025-09-24 13:07:42
3524,6.420573,6.182974,495.698853,5.00e-05,29970.48,769.75,33152939,N/A,2025-09-24 13:07:42
3525,5.852423,6.182974,495.698853,5.00e-05,11996.73,664.00,33165303,N/A,2025-09-24 13:07:44
3526,6.303980,6.182974,495.698853,5.00e-05,11721.01,777.75,33178266,N/A,2025-09-24 13:07:45
3527,6.328865,6.182974,495.698853,5.00e-05,22022.61,788.25,33191283,N/A,2025-09-24 13:07:45
3528,5.984424,6.182974,495.698853,5.00e-05,30400.47,952.50,33204737,N/A,2025-09-24 13:07:45
3529,5.879456,6.182974,495.698853,5.00e-05,31568.90,792.25,33217850,N/A,2025-09-24 13:07:46
3530,6.624292,6.182974,495.698853,5.00e-05,31516.39,685.25,33230432,0.8365,2025-09-24 13:07:46
3531,5.996823,6.182974,495.698853,5.00e-05,28141.71,943.75,33244618,N/A,2025-09-24 13:07:47
3532,5.964247,6.182974,495.698853,5.00e-05,28392.53,738.50,33256793,N/A,2025-09-24 13:07:47
3533,6.141133,6.182974,495.698853,5.00e-05,31757.81,769.25,33269709,N/A,2025-09-24 13:07:48
3534,6.052857,6.182974,495.698853,5.00e-05,30561.84,769.00,33282419,N/A,2025-09-24 13:07:48
3535,5.780433,6.182974,495.698853,5.00e-05,30673.75,923.50,33295185,N/A,2025-09-24 13:07:49
3536,5.779490,6.182974,495.698853,5.00e-05,29909.83,700.25,33307047,N/A,2025-09-24 13:07:49
3537,5.978626,6.182974,495.698853,5.00e-05,30176.79,764.00,33319955,N/A,2025-09-24 13:07:50
3538,5.831225,6.182974,495.698853,5.00e-05,30680.87,810.75,33333164,N/A,2025-09-24 13:07:50
3539,6.470240,6.182974,495.698853,5.00e-05,30914.18,1024.00,33347981,N/A,2025-09-24 13:07:51
3540,6.077009,6.182974,495.698853,5.00e-05,29644.45,876.50,33361164,0.6773,2025-09-24 13:07:51
3541,5.958525,6.182974,495.698853,5.00e-05,27230.73,935.25,33374845,N/A,2025-09-24 13:07:52
3542,5.977934,6.182974,495.698853,5.00e-05,27191.82,728.25,33387540,N/A,2025-09-24 13:07:52
3543,5.927433,6.182974,495.698853,5.00e-05,30275.67,808.25,33399540,N/A,2025-09-24 13:07:53
3544,6.312133,6.182974,495.698853,5.00e-05,30078.04,706.00,33411973,N/A,2025-09-24 13:07:53
3545,5.874040,6.182974,495.698853,5.00e-05,30231.37,788.50,33424432,N/A,2025-09-24 13:07:53
3546,6.177568,6.182974,495.698853,5.00e-05,30725.14,1002.25,33437317,N/A,2025-09-24 13:07:54
3547,6.463292,6.182974,495.698853,5.00e-05,31436.40,881.75,33449898,N/A,2025-09-24 13:07:54
3548,6.217476,6.182974,495.698853,5.00e-05,31921.02,856.00,33462369,N/A,2025-09-24 13:07:55
3549,6.468986,6.182974,495.698853,5.00e-05,31779.24,848.50,33476080,N/A,2025-09-24 13:07:55
3550,6.247565,6.182974,495.698853,5.00e-05,12872.25,1000.75,33490119,0.8034,2025-09-24 13:07:57
3551,6.368437,6.182974,495.698853,5.00e-05,12423.32,817.50,33502651,N/A,2025-09-24 13:07:58
3552,6.202517,6.182974,495.698853,5.00e-05,21548.68,736.50,33514912,N/A,2025-09-24 13:07:58
3553,6.170700,6.182974,495.698853,5.00e-05,30916.83,810.50,33527784,N/A,2025-09-24 13:07:59
3554,5.785004,6.182974,495.698853,5.00e-05,32558.06,960.25,33541551,N/A,2025-09-24 13:07:59
3555,6.562297,6.182974,495.698853,5.00e-05,33110.23,730.00,33554710,N/A,2025-09-24 13:08:00
3556,6.278699,6.182974,495.698853,5.00e-05,33186.86,931.75,33568144,N/A,2025-09-24 13:08:00
3557,6.366463,6.182974,495.698853,5.00e-05,31811.76,869.75,33581574,N/A,2025-09-24 13:08:01
3558,5.837878,6.182974,495.698853,5.00e-05,32643.23,918.00,33595120,N/A,2025-09-24 13:08:01
3559,6.097915,6.182974,495.698853,5.00e-05,32511.71,868.50,33607894,N/A,2025-09-24 13:08:01
3560,6.312730,6.182974,495.698853,5.00e-05,31332.48,659.25,33621246,0.7196,2025-09-24 13:08:02
3561,6.108488,6.182974,495.698853,5.00e-05,29798.37,880.00,33634747,N/A,2025-09-24 13:08:02
3562,5.926236,6.182974,495.698853,5.00e-05,27599.07,835.75,33646906,N/A,2025-09-24 13:08:03
3563,6.314960,6.182974,495.698853,5.00e-05,31407.12,757.75,33659933,N/A,2025-09-24 13:08:03
3564,6.216543,6.182974,495.698853,5.00e-05,31467.32,651.75,33672569,N/A,2025-09-24 13:08:04
3565,6.052846,6.182974,495.698853,5.00e-05,31347.51,778.50,33685277,N/A,2025-09-24 13:08:04
3566,6.096106,6.182974,495.698853,5.00e-05,30756.60,786.75,33698616,N/A,2025-09-24 13:08:05
3567,5.976989,6.182974,495.698853,5.00e-05,32049.44,827.00,33712035,N/A,2025-09-24 13:08:05
3568,5.931336,6.182974,495.698853,5.00e-05,30842.79,647.00,33723810,N/A,2025-09-24 13:08:06
3569,6.548567,6.182974,495.698853,5.00e-05,30885.00,899.50,33737112,N/A,2025-09-24 13:08:06
3570,6.456515,6.182974,495.698853,5.00e-05,29276.36,708.25,33750245,0.6550,2025-09-24 13:08:07
3571,7.036847,6.182974,495.698853,5.00e-05,27145.38,581.00,33762585,N/A,2025-09-24 13:08:07
3572,6.191823,6.182974,495.698853,5.00e-05,28272.07,772.25,33776289,N/A,2025-09-24 13:08:08
3573,6.251436,6.182974,495.698853,5.00e-05,31590.12,822.00,33789828,N/A,2025-09-24 13:08:08
3574,6.142802,6.182974,495.698853,5.00e-05,31262.34,765.75,33801771,N/A,2025-09-24 13:08:08
3575,5.898321,6.182974,495.698853,5.00e-05,12513.14,1016.00,33816200,N/A,2025-09-24 13:08:10
3576,6.110025,6.182974,495.698853,5.00e-05,13389.30,846.00,33830488,N/A,2025-09-24 13:08:11
3577,6.380594,6.182974,495.698853,5.00e-05,25187.93,759.25,33844280,N/A,2025-09-24 13:08:11
3578,6.092335,6.182974,495.698853,5.00e-05,31578.51,867.75,33856744,N/A,2025-09-24 13:08:12
3579,5.899604,6.182974,495.698853,5.00e-05,28541.93,850.50,33869778,N/A,2025-09-24 13:08:12
3580,6.158700,6.182974,495.698853,5.00e-05,26497.78,793.00,33883144,0.8876,2025-09-24 13:08:13
3581,6.288052,6.182974,495.698853,5.00e-05,22037.61,848.00,33896332,N/A,2025-09-24 13:08:14
3582,6.024814,6.182974,495.698853,5.00e-05,5684.07,927.50,33911128,N/A,2025-09-24 13:08:19
3583,6.112828,6.182974,495.698853,5.00e-05,6119.40,997.75,33923811,N/A,2025-09-24 13:08:19
3584,6.077442,6.182974,495.698853,5.00e-05,33823.13,1019.75,33938052,N/A,2025-09-24 13:08:20
3585,5.870938,6.182974,495.698853,5.00e-05,34141.07,911.50,33951482,N/A,2025-09-24 13:08:20
3586,6.266839,6.182974,495.698853,5.00e-05,35244.41,878.50,33966329,N/A,2025-09-24 13:08:20
3587,6.705432,6.182974,495.698853,5.00e-05,34397.92,698.50,33979451,N/A,2025-09-24 13:08:21
3588,6.133827,6.182974,495.698853,5.00e-05,33746.47,1002.50,33993586,N/A,2025-09-24 13:08:21
3589,5.916828,6.182974,495.698853,5.00e-05,31345.78,822.00,34005891,N/A,2025-09-24 13:08:22
3590,5.894010,6.182974,495.698853,5.00e-05,30829.73,768.00,34018985,0.8602,2025-09-24 13:08:22
3591,6.249259,6.182974,495.698853,5.00e-05,28238.68,911.00,34032002,N/A,2025-09-24 13:08:23
3592,6.201231,6.182974,495.698853,5.00e-05,26503.28,698.50,34044327,N/A,2025-09-24 13:08:23
3593,6.109452,6.182974,495.698853,5.00e-05,28660.61,804.00,34056305,N/A,2025-09-24 13:08:24
3594,6.090787,6.182974,495.698853,5.00e-05,27740.58,752.25,34068267,N/A,2025-09-24 13:08:24
3595,6.251147,6.182974,495.698853,5.00e-05,30134.80,840.50,34080823,N/A,2025-09-24 13:08:25
3596,6.064413,6.182974,495.698853,5.00e-05,32039.71,867.25,34095344,N/A,2025-09-24 13:08:25
3597,6.271853,6.182974,495.698853,5.00e-05,34144.83,1024.00,34109535,N/A,2025-09-24 13:08:26
3598,6.150623,6.182974,495.698853,5.00e-05,33259.53,671.25,34122817,N/A,2025-09-24 13:08:26
3599,6.024583,6.182974,495.698853,5.00e-05,31289.10,782.75,34134915,N/A,2025-09-24 13:08:26
3600,6.226697,6.182974,495.698853,5.00e-05,11608.93,849.75,34147199,0.8387,2025-09-24 13:08:29
3601,6.340614,6.182974,495.698853,5.00e-05,11776.85,1024.00,34161334,N/A,2025-09-24 13:08:29
3602,6.170092,6.182974,495.698853,5.00e-05,21652.28,912.50,34174333,N/A,2025-09-24 13:08:30
3603,6.013768,6.182974,495.698853,5.00e-05,32033.77,762.00,34187057,N/A,2025-09-24 13:08:30
3604,6.106153,6.182974,495.698853,5.00e-05,31437.23,769.75,34199309,N/A,2025-09-24 13:08:30
3605,6.528023,6.182974,495.698853,5.00e-05,30486.61,831.25,34212499,N/A,2025-09-24 13:08:31
3606,6.362651,6.182974,495.698853,5.00e-05,31159.89,602.00,34225286,N/A,2025-09-24 13:08:31
3607,5.966588,6.182974,495.698853,5.00e-05,31683.40,959.25,34239425,N/A,2025-09-24 13:08:32
3608,6.234395,6.182974,495.698853,5.00e-05,32000.81,832.75,34253420,N/A,2025-09-24 13:08:32
3609,5.861870,6.182974,495.698853,5.00e-05,32978.98,758.50,34267235,N/A,2025-09-24 13:08:33
3610,6.357787,6.182974,495.698853,5.00e-05,32003.17,768.50,34281205,0.8789,2025-09-24 13:08:33
3611,6.751625,6.182974,495.698853,5.00e-05,30063.61,1024.00,34295126,N/A,2025-09-24 13:08:34
3612,6.612907,6.182974,495.698853,5.00e-05,28158.97,655.00,34307485,N/A,2025-09-24 13:08:34
3613,5.934433,6.182974,495.698853,5.00e-05,31088.41,951.25,34320599,N/A,2025-09-24 13:08:35
3614,6.393561,6.182974,495.698853,5.00e-05,29757.27,777.50,34333735,N/A,2025-09-24 13:08:35
3615,6.116757,6.182974,495.698853,5.00e-05,31785.84,821.75,34347357,N/A,2025-09-24 13:08:36
3616,6.065452,6.182974,495.698853,5.00e-05,24687.87,760.25,34359534,N/A,2025-09-24 13:08:36
3617,6.421032,6.182974,495.698853,5.00e-05,24382.44,849.50,34372461,N/A,2025-09-24 13:08:37
3618,6.246472,6.182974,495.698853,5.00e-05,32205.44,868.25,34385731,N/A,2025-09-24 13:08:37
3619,6.108133,6.182974,495.698853,5.00e-05,31809.15,918.50,34398602,N/A,2025-09-24 13:08:38
3620,6.398541,6.182974,495.698853,5.00e-05,31625.67,959.75,34413004,0.7118,2025-09-24 13:08:38
3621,6.882236,6.182974,495.698853,5.00e-05,28224.91,698.75,34426332,N/A,2025-09-24 13:08:39
3622,6.229387,6.182974,495.698853,5.00e-05,28533.33,879.50,34439476,N/A,2025-09-24 13:08:39
3623,5.869534,6.182974,495.698853,5.00e-05,31160.92,680.50,34452194,N/A,2025-09-24 13:08:40
3624,6.257724,6.182974,495.698853,5.00e-05,30828.83,871.50,34465281,N/A,2025-09-24 13:08:40
3625,5.900888,6.182974,495.698853,5.00e-05,11857.59,837.75,34477943,N/A,2025-09-24 13:08:42
3626,6.739900,6.182974,495.698853,5.00e-05,12350.91,969.50,34491662,N/A,2025-09-24 13:08:43
3627,6.244481,6.182974,495.698853,5.00e-05,22995.08,1024.00,34503849,N/A,2025-09-24 13:08:43
3628,6.163567,6.182974,495.698853,5.00e-05,29336.38,797.25,34515716,N/A,2025-09-24 13:08:44
3629,6.107661,6.182974,495.698853,5.00e-05,30098.60,863.75,34529860,N/A,2025-09-24 13:08:44
3630,6.254196,6.182974,495.698853,5.00e-05,29010.45,762.50,34543053,1.0000,2025-09-24 13:08:45
3631,6.150447,6.182974,495.698853,5.00e-05,28537.12,729.00,34556463,N/A,2025-09-24 13:08:45
3632,6.338912,6.182974,495.698853,5.00e-05,26713.86,759.50,34569153,N/A,2025-09-24 13:08:45
3633,5.935934,6.182974,495.698853,5.00e-05,32265.50,839.00,34583018,N/A,2025-09-24 13:08:46
3634,6.010406,6.182974,495.698853,5.00e-05,31455.72,672.00,34594987,N/A,2025-09-24 13:08:46
3635,6.036341,6.182974,495.698853,5.00e-05,30748.43,773.50,34607983,N/A,2025-09-24 13:08:47
3636,6.411721,6.182974,495.698853,5.00e-05,30993.88,801.75,34621233,N/A,2025-09-24 13:08:47
3637,6.238887,6.182974,495.698853,5.00e-05,29768.59,808.75,34633925,N/A,2025-09-24 13:08:48
3638,6.090685,6.182974,495.698853,5.00e-05,30088.68,1013.75,34647458,N/A,2025-09-24 13:08:48
3639,6.255198,6.182974,495.698853,5.00e-05,30919.27,812.00,34660767,N/A,2025-09-24 13:08:49
3640,6.061752,6.182974,495.698853,5.00e-05,31679.61,901.25,34673499,0.8628,2025-09-24 13:08:49
3641,6.295223,6.182974,495.698853,5.00e-05,27110.79,625.50,34685690,N/A,2025-09-24 13:08:50
3642,6.400462,6.182974,495.698853,5.00e-05,25610.52,525.25,34697833,N/A,2025-09-24 13:08:50
3643,6.068800,6.182974,495.698853,5.00e-05,29759.21,752.50,34711103,N/A,2025-09-24 13:08:51
3644,6.357379,6.182974,495.698853,5.00e-05,30670.79,824.25,34724923,N/A,2025-09-24 13:08:51
3645,6.082045,6.182974,495.698853,5.00e-05,32540.52,750.50,34737660,N/A,2025-09-24 13:08:52
3646,6.752190,6.182974,495.698853,5.00e-05,30651.89,648.75,34749466,N/A,2025-09-24 13:08:52
3647,6.282420,6.182974,495.698853,5.00e-05,30084.96,795.25,34762389,N/A,2025-09-24 13:08:52
3648,6.130433,6.182974,495.698853,5.00e-05,30698.53,865.00,34775977,N/A,2025-09-24 13:08:53
3649,6.527412,6.182974,495.698853,5.00e-05,30586.95,789.50,34789371,N/A,2025-09-24 13:08:53
3650,6.195844,6.182974,495.698853,5.00e-05,12083.22,717.00,34802886,0.7318,2025-09-24 13:08:56
3651,6.127050,6.182974,495.698853,5.00e-05,11561.71,859.25,34816608,N/A,2025-09-24 13:08:56
3652,6.052874,6.182974,495.698853,5.00e-05,19328.31,730.00,34828555,N/A,2025-09-24 13:08:57
3653,5.972175,6.182974,495.698853,5.00e-05,31893.94,831.50,34842737,N/A,2025-09-24 13:08:57
3654,6.115186,6.182974,495.698853,5.00e-05,31647.95,701.50,34854941,N/A,2025-09-24 13:08:57
3655,6.058358,6.182974,495.698853,5.00e-05,31566.73,862.50,34868846,N/A,2025-09-24 13:08:58
3656,6.298928,6.182974,495.698853,5.00e-05,31503.68,860.75,34882184,N/A,2025-09-24 13:08:58
3657,5.761602,6.182974,495.698853,5.00e-05,33428.75,940.75,34897277,N/A,2025-09-24 13:08:59
3658,6.458208,6.182974,495.698853,5.00e-05,32701.48,961.50,34910611,N/A,2025-09-24 13:08:59
3659,6.301735,6.182974,495.698853,5.00e-05,31489.21,899.75,34924244,N/A,2025-09-24 13:09:00
3660,6.395085,6.182974,495.698853,5.00e-05,30333.81,672.25,34937367,0.7871,2025-09-24 13:09:00
3661,5.861988,6.182974,495.698853,5.00e-05,28266.49,817.50,34949928,N/A,2025-09-24 13:09:01
3662,6.481932,6.182974,495.698853,5.00e-05,26780.03,757.75,34962525,N/A,2025-09-24 13:09:01
3663,6.125389,6.182974,495.698853,5.00e-05,31098.67,806.50,34974697,N/A,2025-09-24 13:09:02
3664,5.960400,6.182974,495.698853,5.00e-05,30130.27,852.50,34988588,N/A,2025-09-24 13:09:02
3665,6.105543,6.182974,495.698853,5.00e-05,31198.91,834.25,35001891,N/A,2025-09-24 13:09:03
3666,6.173685,6.182974,495.698853,5.00e-05,30912.76,936.00,35015000,N/A,2025-09-24 13:09:03
3667,6.673401,6.182974,495.698853,5.00e-05,34130.73,732.75,35029499,N/A,2025-09-24 13:09:04
3668,6.304974,6.182974,495.698853,5.00e-05,34325.11,742.75,35042959,N/A,2025-09-24 13:09:04
3669,6.317880,6.182974,495.698853,5.00e-05,31471.28,674.75,35055621,N/A,2025-09-24 13:09:04
3670,6.288754,6.182974,495.698853,5.00e-05,28830.67,809.50,35067567,0.9235,2025-09-24 13:09:05
3671,6.298244,6.182974,495.698853,5.00e-05,26035.14,712.50,35080862,N/A,2025-09-24 13:09:06
3672,5.768987,6.182974,495.698853,5.00e-05,26376.18,637.50,35094182,N/A,2025-09-24 13:09:06
3673,5.757098,6.182974,495.698853,5.00e-05,30855.51,785.50,35107083,N/A,2025-09-24 13:09:06
3674,5.719274,6.182974,495.698853,5.00e-05,31949.97,849.00,35121562,N/A,2025-09-24 13:09:07
3675,6.014322,6.182974,495.698853,5.00e-05,12544.84,797.75,35134356,N/A,2025-09-24 13:09:09
3676,6.194793,6.182974,495.698853,5.00e-05,12347.87,762.50,35147185,N/A,2025-09-24 13:09:09
3677,6.129758,6.182974,495.698853,5.00e-05,22321.01,714.25,35160003,N/A,2025-09-24 13:09:10
3678,6.414221,6.182974,495.698853,5.00e-05,32047.23,870.00,35172996,N/A,2025-09-24 13:09:10
3679,6.322328,6.182974,495.698853,5.00e-05,31673.67,818.75,35185819,N/A,2025-09-24 13:09:11
3680,6.130409,6.182974,495.698853,5.00e-05,30815.51,715.25,35198743,0.7011,2025-09-24 13:09:11
3681,6.130952,6.182974,495.698853,5.00e-05,26512.92,800.50,35210716,N/A,2025-09-24 13:09:12
3682,6.192860,6.182974,495.698853,5.00e-05,24524.98,681.25,35221711,N/A,2025-09-24 13:09:12
3683,6.208380,6.182974,495.698853,5.00e-05,29828.47,956.75,35235143,N/A,2025-09-24 13:09:13
3684,6.302368,6.182974,495.698853,5.00e-05,31045.23,745.00,35248018,N/A,2025-09-24 13:09:13
3685,5.965315,6.182974,495.698853,5.00e-05,32549.70,1024.00,35261804,N/A,2025-09-24 13:09:14
3686,6.396203,6.182974,495.698853,5.00e-05,32576.71,831.25,35274456,N/A,2025-09-24 13:09:14
3687,6.104898,6.182974,495.698853,5.00e-05,32186.22,740.00,35288046,N/A,2025-09-24 13:09:14
3688,6.205042,6.182974,495.698853,5.00e-05,33046.78,979.75,35302955,N/A,2025-09-24 13:09:15
3689,6.403655,6.182974,495.698853,5.00e-05,32327.93,915.75,35315794,N/A,2025-09-24 13:09:15
3690,6.412591,6.182974,495.698853,5.00e-05,31001.16,862.25,35329695,0.7307,2025-09-24 13:09:16
3691,6.358429,6.182974,495.698853,5.00e-05,29901.37,915.00,35343418,N/A,2025-09-24 13:09:16
3692,6.669087,6.182974,495.698853,5.00e-05,26078.39,584.50,35354648,N/A,2025-09-24 13:09:17
3693,5.973935,6.182974,495.698853,5.00e-05,29705.75,976.25,35368712,N/A,2025-09-24 13:09:17
3694,6.072618,6.182974,495.698853,5.00e-05,29724.23,800.75,35381600,N/A,2025-09-24 13:09:18
3695,6.562135,6.182974,495.698853,5.00e-05,31963.15,678.75,35394193,N/A,2025-09-24 13:09:18
3696,6.016939,6.182974,495.698853,5.00e-05,29452.60,885.00,35407334,N/A,2025-09-24 13:09:19
3697,6.225813,6.182974,495.698853,5.00e-05,28792.40,689.00,35419642,N/A,2025-09-24 13:09:19
3698,6.214128,6.182974,495.698853,5.00e-05,29264.59,828.75,35433123,N/A,2025-09-24 13:09:20
3699,6.001410,6.182974,495.698853,5.00e-05,30728.40,790.00,35445453,N/A,2025-09-24 13:09:20
3700,6.167936,6.182974,495.698853,5.00e-05,11537.68,842.50,35458039,0.8361,2025-09-24 13:09:22
3701,6.261901,6.182974,495.698853,5.00e-05,11037.40,760.00,35470598,N/A,2025-09-24 13:09:23
3702,6.160097,6.182974,495.698853,5.00e-05,20541.69,783.00,35483883,N/A,2025-09-24 13:09:23
3703,6.653469,6.182974,495.698853,5.00e-05,33447.04,823.50,35498381,N/A,2025-09-24 13:09:24
3704,5.655301,6.182974,495.698853,5.00e-05,32753.75,822.25,35510908,N/A,2025-09-24 13:09:24
3705,5.736706,6.182974,495.698853,5.00e-05,32168.95,834.25,35524881,N/A,2025-09-24 13:09:25
3706,6.040270,6.182974,495.698853,5.00e-05,33521.08,833.25,35538238,N/A,2025-09-24 13:09:25
3707,6.172877,6.182974,495.698853,5.00e-05,33268.65,732.00,35551429,N/A,2025-09-24 13:09:25
3708,5.789475,6.182974,495.698853,5.00e-05,34111.93,833.75,35565840,N/A,2025-09-24 13:09:26
3709,6.322101,6.182974,495.698853,5.00e-05,32475.44,839.75,35578823,N/A,2025-09-24 13:09:26
3710,6.383687,6.182974,495.698853,5.00e-05,30536.95,835.00,35591985,0.8327,2025-09-24 13:09:27
3711,6.627589,6.182974,495.698853,5.00e-05,27863.38,839.75,35605237,N/A,2025-09-24 13:09:27
3712,6.384233,6.182974,495.698853,5.00e-05,27338.25,897.25,35618139,N/A,2025-09-24 13:09:28
3713,6.085017,6.182974,495.698853,5.00e-05,32170.28,719.25,35631889,N/A,2025-09-24 13:09:28
3714,6.149268,6.182974,495.698853,5.00e-05,32203.17,774.00,35644966,N/A,2025-09-24 13:09:29
3715,6.011259,6.182974,495.698853,5.00e-05,31416.16,765.50,35657562,N/A,2025-09-24 13:09:29
3716,6.093140,6.182974,495.698853,5.00e-05,31494.09,912.25,35670553,N/A,2025-09-24 13:09:30
3717,6.062708,6.182974,495.698853,5.00e-05,32376.26,892.50,35684117,N/A,2025-09-24 13:09:30
3718,6.312902,6.182974,495.698853,5.00e-05,33534.61,870.75,35697791,N/A,2025-09-24 13:09:31
3719,6.177677,6.182974,495.698853,5.00e-05,33827.94,867.75,35711545,N/A,2025-09-24 13:09:31
3720,6.240383,6.182974,495.698853,5.00e-05,31581.58,789.00,35725052,0.9006,2025-09-24 13:09:32
3721,6.338239,6.182974,495.698853,5.00e-05,28516.38,718.00,35737778,N/A,2025-09-24 13:09:32
3722,6.188859,6.182974,495.698853,5.00e-05,28042.22,888.25,35751371,N/A,2025-09-24 13:09:33
3723,6.063451,6.182974,495.698853,5.00e-05,30967.55,836.25,35764793,N/A,2025-09-24 13:09:33
3724,5.878161,6.182974,495.698853,5.00e-05,30782.27,797.00,35777613,N/A,2025-09-24 13:09:33
3725,6.108809,6.182974,495.698853,5.00e-05,11956.13,897.25,35790558,N/A,2025-09-24 13:09:36
3726,6.113134,6.182974,495.698853,5.00e-05,12384.46,741.75,35804059,N/A,2025-09-24 13:09:36
3727,6.031607,6.182974,495.698853,5.00e-05,24072.23,969.50,35818463,N/A,2025-09-24 13:09:36
3728,6.304488,6.182974,495.698853,5.00e-05,31038.70,752.75,35830256,N/A,2025-09-24 13:09:37
3729,6.433846,6.182974,495.698853,5.00e-05,31011.97,768.00,35843859,N/A,2025-09-24 13:09:37
3730,6.167208,6.182974,495.698853,5.00e-05,30556.07,941.75,35856603,0.9582,2025-09-24 13:09:38
3731,6.302248,6.182974,495.698853,5.00e-05,28041.28,665.00,35869385,N/A,2025-09-24 13:09:38
3732,5.943862,6.182974,495.698853,5.00e-05,29612.66,773.50,35883545,N/A,2025-09-24 13:09:39
3733,6.286760,6.182974,495.698853,5.00e-05,33410.39,786.75,35896521,N/A,2025-09-24 13:09:39
3734,5.940861,6.182974,495.698853,5.00e-05,31885.51,796.25,35909812,N/A,2025-09-24 13:09:40
3735,6.343220,6.182974,495.698853,5.00e-05,29869.87,730.00,35922210,N/A,2025-09-24 13:09:40
3736,6.105484,6.182974,495.698853,5.00e-05,31378.80,1024.00,35937374,N/A,2025-09-24 13:09:41
3737,6.087989,6.182974,495.698853,5.00e-05,31205.18,921.00,35949863,N/A,2025-09-24 13:09:41
3738,5.891043,6.182974,495.698853,5.00e-05,31402.15,1013.25,35964087,N/A,2025-09-24 13:09:42
3739,6.241041,6.182974,495.698853,5.00e-05,30290.55,759.75,35976237,N/A,2025-09-24 13:09:42
3740,6.210710,6.182974,495.698853,5.00e-05,28493.83,852.50,35988429,0.8845,2025-09-24 13:09:43
3741,6.187361,6.182974,495.698853,5.00e-05,24979.52,928.00,35999911,N/A,2025-09-24 13:09:43
3742,5.976049,6.182974,495.698853,5.00e-05,24871.96,886.50,36011725,N/A,2025-09-24 13:09:44
3743,6.262251,6.182974,495.698853,5.00e-05,29907.04,869.25,36025490,N/A,2025-09-24 13:09:44
3744,5.950480,6.182974,495.698853,5.00e-05,32412.56,799.00,36039375,N/A,2025-09-24 13:09:45
3745,6.015175,6.182974,495.698853,5.00e-05,31058.42,712.50,36050879,N/A,2025-09-24 13:09:45
3746,5.853171,6.182974,495.698853,5.00e-05,29888.82,956.00,36064063,N/A,2025-09-24 13:09:45
3747,6.013555,6.182974,495.698853,5.00e-05,31232.21,819.75,36076849,N/A,2025-09-24 13:09:46
3748,6.259645,6.182974,495.698853,5.00e-05,29450.85,880.50,36089453,N/A,2025-09-24 13:09:46
3749,6.154729,6.182974,495.698853,5.00e-05,27623.47,821.75,36102876,N/A,2025-09-24 13:09:47
3750,5.841005,6.153622,480.648895,5.00e-05,3368.90,583.75,36115889,N/A,2025-09-24 13:09:56
3751,6.410597,6.153622,480.648895,5.00e-05,3349.34,855.00,36129248,N/A,2025-09-24 13:09:56
3752,5.809771,6.153622,480.648895,5.00e-05,3698.34,854.75,36141784,N/A,2025-09-24 13:09:57
3753,5.978694,6.153622,480.648895,5.00e-05,30164.97,955.75,36155514,N/A,2025-09-24 13:09:57
3754,6.253031,6.153622,480.648895,5.00e-05,30256.26,750.00,36168737,N/A,2025-09-24 13:09:58
3755,6.167236,6.153622,480.648895,5.00e-05,30580.63,863.25,36182322,N/A,2025-09-24 13:09:58
3756,6.102688,6.153622,480.648895,5.00e-05,32096.29,865.00,36196611,N/A,2025-09-24 13:09:59
3757,6.161832,6.153622,480.648895,5.00e-05,31293.07,743.75,36209181,N/A,2025-09-24 13:09:59
3758,6.228529,6.153622,480.648895,5.00e-05,30456.40,843.75,36221649,N/A,2025-09-24 13:10:00
3759,5.909513,6.153622,480.648895,5.00e-05,31629.19,982.75,36235795,N/A,2025-09-24 13:10:00
3760,6.376143,6.153622,480.648895,5.00e-05,30202.01,656.00,36248506,0.7758,2025-09-24 13:10:01
3761,6.203499,6.153622,480.648895,5.00e-05,29412.86,856.00,36263012,N/A,2025-09-24 13:10:01
3762,6.455720,6.153622,480.648895,5.00e-05,28323.83,741.00,36276034,N/A,2025-09-24 13:10:02
3763,6.088109,6.153622,480.648895,5.00e-05,14212.37,902.00,36290186,N/A,2025-09-24 13:10:04
3764,5.967153,6.153622,480.648895,5.00e-05,13496.67,712.00,36303052,N/A,2025-09-24 13:10:04
3765,6.147481,6.153622,480.648895,5.00e-05,31680.57,799.75,36315898,N/A,2025-09-24 13:10:04
3766,6.381655,6.153622,480.648895,5.00e-05,30746.34,799.75,36328961,N/A,2025-09-24 13:10:05
3767,6.174291,6.153622,480.648895,5.00e-05,32114.46,1021.75,36342202,N/A,2025-09-24 13:10:05
3768,6.447626,6.153622,480.648895,5.00e-05,32800.59,875.50,36355972,N/A,2025-09-24 13:10:06
3769,6.222837,6.153622,480.648895,5.00e-05,32764.14,863.75,36368797,N/A,2025-09-24 13:10:06
3770,6.256754,6.153622,480.648895,5.00e-05,30853.65,851.00,36381825,0.7422,2025-09-24 13:10:07
3771,6.103315,6.153622,480.648895,5.00e-05,29581.74,1000.00,36396463,N/A,2025-09-24 13:10:07
3772,6.245507,6.153622,480.648895,5.00e-05,29990.40,663.00,36409992,N/A,2025-09-24 13:10:08
3773,6.470029,6.153622,480.648895,5.00e-05,34457.46,1004.00,36424363,N/A,2025-09-24 13:10:08
3774,6.112724,6.153622,480.648895,5.00e-05,32553.24,776.50,36437693,N/A,2025-09-24 13:10:09
3775,6.115005,6.153622,480.648895,5.00e-05,19747.80,872.75,36451229,N/A,2025-09-24 13:10:10
3776,6.120521,6.153622,480.648895,5.00e-05,17861.74,774.50,36464203,N/A,2025-09-24 13:10:10
3777,5.926372,6.153622,480.648895,5.00e-05,17789.48,868.75,36477438,N/A,2025-09-24 13:10:11
3778,6.109013,6.153622,480.648895,5.00e-05,5663.18,790.75,36488811,N/A,2025-09-24 13:10:16
3779,6.330765,6.153622,480.648895,5.00e-05,6038.03,823.50,36502390,N/A,2025-09-24 13:10:16
3780,6.356318,6.153622,480.648895,5.00e-05,6129.34,769.50,36515431,0.8881,2025-09-24 13:10:17
3781,6.630317,6.153622,480.648895,5.00e-05,27304.44,935.00,36529371,N/A,2025-09-24 13:10:17
3782,5.887016,6.153622,480.648895,5.00e-05,26845.31,916.75,36542710,N/A,2025-09-24 13:10:18
3783,6.099996,6.153622,480.648895,5.00e-05,30145.37,754.25,36555778,N/A,2025-09-24 13:10:18
3784,6.179947,6.153622,480.648895,5.00e-05,31839.83,899.75,36568810,N/A,2025-09-24 13:10:18
3785,6.103447,6.153622,480.648895,5.00e-05,31360.25,689.50,36582047,N/A,2025-09-24 13:10:19
3786,6.532882,6.153622,480.648895,5.00e-05,31800.71,791.00,36596004,N/A,2025-09-24 13:10:19
3787,6.525115,6.153622,480.648895,5.00e-05,32910.66,684.75,36609473,N/A,2025-09-24 13:10:20
3788,6.232142,6.153622,480.648895,5.00e-05,14236.11,820.00,36621479,N/A,2025-09-24 13:10:22
3789,5.987571,6.153622,480.648895,5.00e-05,14047.91,684.75,36634812,N/A,2025-09-24 13:10:22
3790,6.202192,6.153622,480.648895,5.00e-05,32039.32,814.75,36649503,0.8641,2025-09-24 13:10:22
3791,6.317400,6.153622,480.648895,5.00e-05,29675.06,952.75,36662350,N/A,2025-09-24 13:10:23
3792,6.244266,6.153622,480.648895,5.00e-05,28505.28,921.75,36675721,N/A,2025-09-24 13:10:23
3793,6.119884,6.153622,480.648895,5.00e-05,33146.13,876.50,36689622,N/A,2025-09-24 13:10:24
3794,6.007715,6.153622,480.648895,5.00e-05,32914.89,757.75,36702771,N/A,2025-09-24 13:10:24
3795,6.355013,6.153622,480.648895,5.00e-05,33452.35,880.25,36716489,N/A,2025-09-24 13:10:25
3796,5.865967,6.153622,480.648895,5.00e-05,32013.71,840.75,36729622,N/A,2025-09-24 13:10:25
3797,7.035279,6.153622,480.648895,5.00e-05,32018.05,654.00,36742741,N/A,2025-09-24 13:10:26
3798,6.319330,6.153622,480.648895,5.00e-05,31885.37,926.00,36756431,N/A,2025-09-24 13:10:26
3799,6.153832,6.153622,480.648895,5.00e-05,30718.18,847.25,36770103,N/A,2025-09-24 13:10:27
3800,6.078965,6.153622,480.648895,5.00e-05,22176.56,755.00,36782933,0.7359,2025-09-24 13:10:28
3801,6.132018,6.153622,480.648895,5.00e-05,19644.72,896.00,36796121,N/A,2025-09-24 13:10:28
3802,5.940272,6.153622,480.648895,5.00e-05,20856.00,783.75,36809002,N/A,2025-09-24 13:10:29
3803,6.473717,6.153622,480.648895,5.00e-05,30675.57,824.25,36822814,N/A,2025-09-24 13:10:29
3804,6.063231,6.153622,480.648895,5.00e-05,30276.53,805.00,36836025,N/A,2025-09-24 13:10:29
3805,6.483904,6.153622,480.648895,5.00e-05,29905.01,782.75,36848930,N/A,2025-09-24 13:10:30
3806,6.038817,6.153622,480.648895,5.00e-05,29489.32,828.75,36862029,N/A,2025-09-24 13:10:30
3807,6.326554,6.153622,480.648895,5.00e-05,30034.96,851.00,36873950,N/A,2025-09-24 13:10:31
3808,6.249419,6.153622,480.648895,5.00e-05,29491.76,842.25,36887182,N/A,2025-09-24 13:10:31
3809,5.736715,6.153622,480.648895,5.00e-05,31244.82,670.75,36901071,N/A,2025-09-24 13:10:32
3810,5.924678,6.153622,480.648895,5.00e-05,31469.30,875.25,36915365,0.6791,2025-09-24 13:10:32
3811,6.250049,6.153622,480.648895,5.00e-05,28217.98,793.25,36927802,N/A,2025-09-24 13:10:33
3812,6.183176,6.153622,480.648895,5.00e-05,28952.16,960.25,36941188,N/A,2025-09-24 13:10:33
3813,6.251366,6.153622,480.648895,5.00e-05,13867.75,822.00,36953264,N/A,2025-09-24 13:10:35
3814,6.580683,6.153622,480.648895,5.00e-05,13500.50,878.75,36965327,N/A,2025-09-24 13:10:35
3815,6.087422,6.153622,480.648895,5.00e-05,31361.30,841.50,36979157,N/A,2025-09-24 13:10:36
3816,6.501916,6.153622,480.648895,5.00e-05,31021.76,707.50,36991735,N/A,2025-09-24 13:10:36
3817,6.022131,6.153622,480.648895,5.00e-05,30787.37,847.75,37004451,N/A,2025-09-24 13:10:37
3818,6.097785,6.153622,480.648895,5.00e-05,31073.73,810.50,37017814,N/A,2025-09-24 13:10:37
3819,6.039178,6.153622,480.648895,5.00e-05,29702.24,914.25,37029145,N/A,2025-09-24 13:10:38
3820,6.432452,6.153622,480.648895,5.00e-05,29891.01,784.00,37042395,0.8593,2025-09-24 13:10:38
3821,6.124919,6.153622,480.648895,5.00e-05,28428.05,943.00,37055442,N/A,2025-09-24 13:10:39
3822,6.605685,6.153622,480.648895,5.00e-05,27455.95,774.00,37067472,N/A,2025-09-24 13:10:39
3823,6.438084,6.153622,480.648895,5.00e-05,29963.28,648.25,37079648,N/A,2025-09-24 13:10:40
3824,6.302839,6.153622,480.648895,5.00e-05,30225.42,898.50,37093077,N/A,2025-09-24 13:10:40
3825,6.128889,6.153622,480.648895,5.00e-05,22571.35,785.00,37105288,N/A,2025-09-24 13:10:41
3826,5.724212,6.153622,480.648895,5.00e-05,23619.99,744.25,37118736,N/A,2025-09-24 13:10:41
3827,6.172052,6.153622,480.648895,5.00e-05,23245.11,917.50,37131829,N/A,2025-09-24 13:10:42
3828,5.992044,6.153622,480.648895,5.00e-05,31645.66,633.00,37145012,N/A,2025-09-24 13:10:42
3829,6.081502,6.153622,480.648895,5.00e-05,32460.83,814.75,37159059,N/A,2025-09-24 13:10:43
3830,6.055533,6.153622,480.648895,5.00e-05,30781.47,728.75,37172083,0.8827,2025-09-24 13:10:43
3831,6.385456,6.153622,480.648895,5.00e-05,28594.88,829.25,37185137,N/A,2025-09-24 13:10:44
3832,6.301427,6.153622,480.648895,5.00e-05,27837.71,761.00,37198217,N/A,2025-09-24 13:10:44
3833,6.044158,6.153622,480.648895,5.00e-05,31632.99,845.50,37211247,N/A,2025-09-24 13:10:45
3834,6.124188,6.153622,480.648895,5.00e-05,33195.06,881.50,37226044,N/A,2025-09-24 13:10:45
3835,6.502506,6.153622,480.648895,5.00e-05,31488.86,861.50,37238563,N/A,2025-09-24 13:10:46
3836,6.269068,6.153622,480.648895,5.00e-05,33117.19,955.00,37253563,N/A,2025-09-24 13:10:46
3837,6.359506,6.153622,480.648895,5.00e-05,34319.19,785.50,37267295,N/A,2025-09-24 13:10:46
3838,6.388170,6.153622,480.648895,5.00e-05,14869.86,670.00,37279716,N/A,2025-09-24 13:10:48
3839,6.210263,6.153622,480.648895,5.00e-05,14245.22,741.25,37292958,N/A,2025-09-24 13:10:49
3840,5.986807,6.153622,480.648895,5.00e-05,28680.77,941.75,37305330,0.7953,2025-09-24 13:10:49
3841,6.231204,6.153622,480.648895,5.00e-05,26991.07,926.50,37318265,N/A,2025-09-24 13:10:50
3842,5.591269,6.153622,480.648895,5.00e-05,27990.01,727.75,37331669,N/A,2025-09-24 13:10:50
3843,6.600739,6.153622,480.648895,5.00e-05,32263.27,957.00,37345077,N/A,2025-09-24 13:10:51
3844,6.134601,6.153622,480.648895,5.00e-05,31974.05,879.25,37358169,N/A,2025-09-24 13:10:51
3845,6.033925,6.153622,480.648895,5.00e-05,32929.61,848.25,37371755,N/A,2025-09-24 13:10:51
3846,6.256783,6.153622,480.648895,5.00e-05,31475.13,801.75,37384029,N/A,2025-09-24 13:10:52
3847,6.318139,6.153622,480.648895,5.00e-05,31333.66,646.50,37396740,N/A,2025-09-24 13:10:52
3848,6.402212,6.153622,480.648895,5.00e-05,30179.25,846.50,37409941,N/A,2025-09-24 13:10:53
3849,6.215649,6.153622,480.648895,5.00e-05,29777.38,623.00,37421532,N/A,2025-09-24 13:10:53
3850,6.337831,6.153622,480.648895,5.00e-05,21447.77,672.75,37434790,0.8055,2025-09-24 13:10:54
3851,6.522644,6.153622,480.648895,5.00e-05,20602.25,762.00,37448140,N/A,2025-09-24 13:10:55
3852,5.969763,6.153622,480.648895,5.00e-05,20616.30,759.75,37461382,N/A,2025-09-24 13:10:55
3853,6.446391,6.153622,480.648895,5.00e-05,30988.37,795.75,37474355,N/A,2025-09-24 13:10:56
3854,6.342671,6.153622,480.648895,5.00e-05,29047.45,653.25,37485518,N/A,2025-09-24 13:10:56
3855,6.182487,6.153622,480.648895,5.00e-05,30908.80,855.50,37499091,N/A,2025-09-24 13:10:56
3856,5.998836,6.153622,480.648895,5.00e-05,30521.52,593.50,37510856,N/A,2025-09-24 13:10:57
3857,6.300700,6.153622,480.648895,5.00e-05,30761.81,778.00,37523664,N/A,2025-09-24 13:10:57
3858,6.281210,6.153622,480.648895,5.00e-05,31025.79,956.50,37537071,N/A,2025-09-24 13:10:58
3859,6.155747,6.153622,480.648895,5.00e-05,33110.18,1024.00,37551823,N/A,2025-09-24 13:10:58
3860,5.973281,6.153622,480.648895,5.00e-05,33311.90,771.50,37564993,0.7392,2025-09-24 13:10:59
3861,6.201912,6.153622,480.648895,5.00e-05,28467.35,915.00,37576480,N/A,2025-09-24 13:10:59
3862,5.637087,6.153622,480.648895,5.00e-05,26081.42,912.00,37588869,N/A,2025-09-24 13:11:00
3863,6.231884,6.153622,480.648895,5.00e-05,14353.82,803.50,37602474,N/A,2025-09-24 13:11:01
3864,6.290391,6.153622,480.648895,5.00e-05,14383.92,926.00,37615492,N/A,2025-09-24 13:11:02
3865,6.315251,6.153622,480.648895,5.00e-05,33280.43,866.25,37629578,N/A,2025-09-24 13:11:02
3866,6.239138,6.153622,480.648895,5.00e-05,32995.80,815.75,37642042,N/A,2025-09-24 13:11:03
3867,6.320512,6.153622,480.648895,5.00e-05,31574.69,753.25,37654593,N/A,2025-09-24 13:11:03
3868,5.867155,6.153622,480.648895,5.00e-05,32293.61,675.50,37668821,N/A,2025-09-24 13:11:04
3869,6.350722,6.153622,480.648895,5.00e-05,32723.86,770.25,37682087,N/A,2025-09-24 13:11:04
3870,5.588091,6.153622,480.648895,5.00e-05,31673.10,731.75,37695979,0.7871,2025-09-24 13:11:05
3871,5.969948,6.153622,480.648895,5.00e-05,28493.86,851.25,37709373,N/A,2025-09-24 13:11:05
3872,6.255328,6.153622,480.648895,5.00e-05,27219.61,884.75,37721638,N/A,2025-09-24 13:11:06
3873,6.338623,6.153622,480.648895,5.00e-05,30660.19,805.75,37733846,N/A,2025-09-24 13:11:06
3874,6.163423,6.153622,480.648895,5.00e-05,32664.29,824.50,37748853,N/A,2025-09-24 13:11:06
3875,6.448904,6.153622,480.648895,5.00e-05,23405.27,824.50,37760882,N/A,2025-09-24 13:11:07
3876,5.806124,6.153622,480.648895,5.00e-05,23117.83,785.00,37775268,N/A,2025-09-24 13:11:08
3877,6.236210,6.153622,480.648895,5.00e-05,23298.46,932.75,37788695,N/A,2025-09-24 13:11:08
3878,6.360740,6.153622,480.648895,5.00e-05,32934.76,848.00,37802598,N/A,2025-09-24 13:11:09
3879,5.768345,6.153622,480.648895,5.00e-05,32047.54,807.50,37815438,N/A,2025-09-24 13:11:09
3880,6.451796,6.153622,480.648895,5.00e-05,32134.28,984.50,37829359,0.6695,2025-09-24 13:11:10
3881,6.376554,6.153622,480.648895,5.00e-05,29617.35,808.75,37842711,N/A,2025-09-24 13:11:10
3882,6.414031,6.153622,480.648895,5.00e-05,30171.41,906.50,37856900,N/A,2025-09-24 13:11:11
3883,6.234755,6.153622,480.648895,5.00e-05,33739.86,938.75,37870874,N/A,2025-09-24 13:11:11
3884,5.959491,6.153622,480.648895,5.00e-05,31409.93,831.00,37883386,N/A,2025-09-24 13:11:12
3885,6.567310,6.153622,480.648895,5.00e-05,31377.35,708.50,37896841,N/A,2025-09-24 13:11:12
3886,6.019074,6.153622,480.648895,5.00e-05,30932.33,987.75,37910068,N/A,2025-09-24 13:11:12
3887,5.949167,6.153622,480.648895,5.00e-05,31258.92,875.25,37922669,N/A,2025-09-24 13:11:13
3888,6.348170,6.153622,480.648895,5.00e-05,14912.78,789.75,37937178,N/A,2025-09-24 13:11:15
3889,6.428368,6.153622,480.648895,5.00e-05,15296.20,700.25,37950630,N/A,2025-09-24 13:11:15
3890,6.559530,6.153622,480.648895,5.00e-05,30125.65,776.25,37963275,0.9466,2025-09-24 13:11:16
3891,5.995660,6.153622,480.648895,5.00e-05,27890.41,821.75,37977416,N/A,2025-09-24 13:11:16
3892,6.249419,6.153622,480.648895,5.00e-05,28162.81,880.75,37989425,N/A,2025-09-24 13:11:17
3893,5.903721,6.153622,480.648895,5.00e-05,28758.13,694.00,38001363,N/A,2025-09-24 13:11:17
3894,6.372730,6.153622,480.648895,5.00e-05,29830.08,780.75,38015293,N/A,2025-09-24 13:11:17
3895,6.024077,6.153622,480.648895,5.00e-05,30355.03,820.75,38028422,N/A,2025-09-24 13:11:18
3896,6.289988,6.153622,480.648895,5.00e-05,32807.20,804.25,38042438,N/A,2025-09-24 13:11:18
3897,6.333788,6.153622,480.648895,5.00e-05,32304.40,770.75,38055564,N/A,2025-09-24 13:11:19
3898,6.147278,6.153622,480.648895,5.00e-05,33031.86,835.00,38069112,N/A,2025-09-24 13:11:19
3899,6.195625,6.153622,480.648895,5.00e-05,32125.93,989.50,38082910,N/A,2025-09-24 13:11:20
3900,6.093276,6.153622,480.648895,5.00e-05,23802.18,871.00,38096805,0.6591,2025-09-24 13:11:21
3901,5.950408,6.153622,480.648895,5.00e-05,21760.74,836.75,38109613,N/A,2025-09-24 13:11:21
3902,6.216205,6.153622,480.648895,5.00e-05,21980.28,839.00,38123329,N/A,2025-09-24 13:11:22
3903,6.390644,6.153622,480.648895,5.00e-05,32582.79,807.25,38136586,N/A,2025-09-24 13:11:22
3904,5.970927,6.153622,480.648895,5.00e-05,32980.33,878.75,38150367,N/A,2025-09-24 13:11:22
3905,6.123408,6.153622,480.648895,5.00e-05,33125.40,609.25,38163288,N/A,2025-09-24 13:11:23
3906,6.250426,6.153622,480.648895,5.00e-05,33038.22,780.00,38177257,N/A,2025-09-24 13:11:23
3907,6.454320,6.153622,480.648895,5.00e-05,31948.99,813.50,38190133,N/A,2025-09-24 13:11:24
3908,6.138705,6.153622,480.648895,5.00e-05,32072.33,842.50,38203091,N/A,2025-09-24 13:11:24
3909,6.175166,6.153622,480.648895,5.00e-05,30484.91,930.25,38215610,N/A,2025-09-24 13:11:25
3910,8.517781,6.153622,480.648895,5.00e-05,29725.98,719.50,38228616,0.8478,2025-09-24 13:11:25
3911,6.623914,6.153622,480.648895,5.00e-05,26691.07,966.25,38242057,N/A,2025-09-24 13:11:26
3912,6.180037,6.153622,480.648895,5.00e-05,26558.77,733.25,38255635,N/A,2025-09-24 13:11:26
3913,6.076652,6.153622,480.648895,5.00e-05,14302.17,944.50,38269452,N/A,2025-09-24 13:11:28
3914,6.243205,6.153622,480.648895,5.00e-05,14356.82,954.00,38283588,N/A,2025-09-24 13:11:29
3915,6.437447,6.153622,480.648895,5.00e-05,31708.14,842.50,38296180,N/A,2025-09-24 13:11:29
3916,6.424776,6.153622,480.648895,5.00e-05,33029.86,945.25,38310252,N/A,2025-09-24 13:11:29
3917,6.209581,6.153622,480.648895,5.00e-05,32756.74,748.75,38322984,N/A,2025-09-24 13:11:30
3918,6.289789,6.153622,480.648895,5.00e-05,32283.92,918.25,38335978,N/A,2025-09-24 13:11:30
3919,6.088915,6.153622,480.648895,5.00e-05,33293.97,1019.25,38349904,N/A,2025-09-24 13:11:31
3920,6.292664,6.153622,480.648895,5.00e-05,32134.45,860.25,38363002,0.7558,2025-09-24 13:11:31
3921,5.905444,6.153622,480.648895,5.00e-05,27948.32,695.25,38375267,N/A,2025-09-24 13:11:32
3922,6.532390,6.153622,480.648895,5.00e-05,28680.17,801.75,38389200,N/A,2025-09-24 13:11:32
3923,6.008591,6.153622,480.648895,5.00e-05,31666.52,812.25,38402385,N/A,2025-09-24 13:11:33
3924,6.311128,6.153622,480.648895,5.00e-05,30261.37,699.00,38415190,N/A,2025-09-24 13:11:33
3925,6.063295,6.153622,480.648895,5.00e-05,23029.52,1023.00,38429835,N/A,2025-09-24 13:11:34
3926,6.520897,6.153622,480.648895,5.00e-05,23306.08,856.00,38443681,N/A,2025-09-24 13:11:34
3927,6.381966,6.153622,480.648895,5.00e-05,23279.66,876.50,38456453,N/A,2025-09-24 13:11:35
3928,6.481231,6.153622,480.648895,5.00e-05,32008.09,996.00,38470935,N/A,2025-09-24 13:11:35
3929,6.261753,6.153622,480.648895,5.00e-05,32214.53,913.00,38484002,N/A,2025-09-24 13:11:36
3930,5.858954,6.153622,480.648895,5.00e-05,31431.37,1011.00,38497645,0.8524,2025-09-24 13:11:36
3931,6.086771,6.153622,480.648895,5.00e-05,29398.38,970.50,38512534,N/A,2025-09-24 13:11:37
3932,6.167394,6.153622,480.648895,5.00e-05,29339.93,707.25,38525429,N/A,2025-09-24 13:11:37
3933,5.901377,6.153622,480.648895,5.00e-05,32918.38,819.00,38539403,N/A,2025-09-24 13:11:38
3934,6.330596,6.153622,480.648895,5.00e-05,29622.04,897.25,38551986,N/A,2025-09-24 13:11:38
3935,6.156972,6.153622,480.648895,5.00e-05,28959.29,960.25,38564920,N/A,2025-09-24 13:11:39
3936,6.085041,6.153622,480.648895,5.00e-05,30299.04,869.25,38578203,N/A,2025-09-24 13:11:39
3937,6.200467,6.153622,480.648895,5.00e-05,33334.67,945.50,38591753,N/A,2025-09-24 13:11:40
3938,6.168009,6.153622,480.648895,5.00e-05,14502.30,892.00,38604258,N/A,2025-09-24 13:11:41
3939,5.894740,6.153622,480.648895,5.00e-05,14594.45,950.75,38617855,N/A,2025-09-24 13:11:42
3940,6.269670,6.153622,480.648895,5.00e-05,29859.63,764.75,38630210,0.6448,2025-09-24 13:11:42
3941,6.969508,6.153622,480.648895,5.00e-05,26851.49,609.50,38642156,N/A,2025-09-24 13:11:43
3942,6.098369,6.153622,480.648895,5.00e-05,26674.99,705.75,38655328,N/A,2025-09-24 13:11:43
3943,6.571144,6.153622,480.648895,5.00e-05,30614.48,776.75,38668658,N/A,2025-09-24 13:11:44
3944,7.163698,6.153622,480.648895,5.00e-05,30531.53,876.25,38681924,N/A,2025-09-24 13:11:44
3945,6.270619,6.153622,480.648895,5.00e-05,31595.13,781.75,38695136,N/A,2025-09-24 13:11:45
3946,6.588400,6.153622,480.648895,5.00e-05,32645.06,804.75,38707141,N/A,2025-09-24 13:11:45
3947,6.332349,6.153622,480.648895,5.00e-05,31081.83,711.75,38720024,N/A,2025-09-24 13:11:46
3948,6.110064,6.153622,480.648895,5.00e-05,32943.83,818.25,38733386,N/A,2025-09-24 13:11:46
3949,5.970094,6.153622,480.648895,5.00e-05,29839.57,713.00,38746732,N/A,2025-09-24 13:11:47
3950,6.103114,6.153622,480.648895,5.00e-05,23997.19,946.75,38761998,0.7878,2025-09-24 13:11:47
3951,6.174229,6.153622,480.648895,5.00e-05,21337.15,906.50,38775282,N/A,2025-09-24 13:11:48
3952,6.449285,6.153622,480.648895,5.00e-05,23167.64,951.00,38789864,N/A,2025-09-24 13:11:48
3953,6.123574,6.153622,480.648895,5.00e-05,31541.84,894.50,38803303,N/A,2025-09-24 13:11:49
3954,6.212040,6.153622,480.648895,5.00e-05,31228.27,977.25,38816463,N/A,2025-09-24 13:11:49
3955,6.318559,6.153622,480.648895,5.00e-05,31651.54,982.00,38830951,N/A,2025-09-24 13:11:50
3956,6.217005,6.153622,480.648895,5.00e-05,31090.17,654.75,38843840,N/A,2025-09-24 13:11:50
3957,6.108984,6.153622,480.648895,5.00e-05,29178.56,638.25,38855686,N/A,2025-09-24 13:11:51
3958,6.117531,6.153622,480.648895,5.00e-05,30107.14,955.75,38870031,N/A,2025-09-24 13:11:51
3959,6.218801,6.153622,480.648895,5.00e-05,30638.85,916.25,38883163,N/A,2025-09-24 13:11:52
3960,6.077813,6.153622,480.648895,5.00e-05,30829.10,989.00,38897152,0.7684,2025-09-24 13:11:52
3961,6.136554,6.153622,480.648895,5.00e-05,28360.62,905.00,38911411,N/A,2025-09-24 13:11:53
3962,6.203728,6.153622,480.648895,5.00e-05,28090.84,1024.00,38923956,N/A,2025-09-24 13:11:53
3963,6.021285,6.153622,480.648895,5.00e-05,13770.83,968.75,38937449,N/A,2025-09-24 13:11:55
3964,6.183787,6.153622,480.648895,5.00e-05,14114.92,994.00,38951273,N/A,2025-09-24 13:11:56
3965,6.318109,6.153622,480.648895,5.00e-05,30506.64,739.50,38964123,N/A,2025-09-24 13:11:56
3966,5.908626,6.153622,480.648895,5.00e-05,28619.52,515.25,38975560,N/A,2025-09-24 13:11:57
3967,6.359197,6.153622,480.648895,5.00e-05,27644.33,917.75,38988826,N/A,2025-09-24 13:11:57
3968,6.066603,6.153622,480.648895,5.00e-05,29788.21,1024.00,39002855,N/A,2025-09-24 13:11:57
3969,5.732856,6.153622,480.648895,5.00e-05,31948.58,741.75,39016774,N/A,2025-09-24 13:11:58
3970,6.011496,6.153622,480.648895,5.00e-05,30050.87,747.75,39029554,0.7867,2025-09-24 13:11:58
3971,5.549061,6.153622,480.648895,5.00e-05,25793.56,673.25,39042322,N/A,2025-09-24 13:11:59
3972,5.787926,6.153622,480.648895,5.00e-05,25816.22,702.25,39055164,N/A,2025-09-24 13:11:59
3973,6.127996,6.153622,480.648895,5.00e-05,29913.96,871.75,39068293,N/A,2025-09-24 13:12:00
3974,6.031598,6.153622,480.648895,5.00e-05,28273.55,641.75,39080652,N/A,2025-09-24 13:12:00
3975,6.258298,6.153622,480.648895,5.00e-05,21852.91,901.75,39093821,N/A,2025-09-24 13:12:01
3976,5.898692,6.153622,480.648895,5.00e-05,22276.75,780.00,39106801,N/A,2025-09-24 13:12:02
3977,5.894654,6.153622,480.648895,5.00e-05,23110.76,906.25,39120743,N/A,2025-09-24 13:12:02
3978,5.988413,6.153622,480.648895,5.00e-05,30948.61,843.25,39134910,N/A,2025-09-24 13:12:03
3979,6.200972,6.153622,480.648895,5.00e-05,29249.22,597.00,39146358,N/A,2025-09-24 13:12:03
3980,5.998754,6.153622,480.648895,5.00e-05,28237.26,830.25,39159448,0.8778,2025-09-24 13:12:04
3981,6.401998,6.153622,480.648895,5.00e-05,24760.53,643.75,39172245,N/A,2025-09-24 13:12:04
3982,6.162624,6.153622,480.648895,5.00e-05,25702.48,945.25,39186408,N/A,2025-09-24 13:12:05
3983,6.138691,6.153622,480.648895,5.00e-05,29329.11,1024.00,39200882,N/A,2025-09-24 13:12:05
3984,6.544314,6.153622,480.648895,5.00e-05,26893.09,643.25,39211993,N/A,2025-09-24 13:12:06
3985,6.026126,6.153622,480.648895,5.00e-05,25154.40,896.75,39225544,N/A,2025-09-24 13:12:06
3986,6.381233,6.153622,480.648895,5.00e-05,24415.57,698.50,39238570,N/A,2025-09-24 13:12:07
3987,5.791215,6.153622,480.648895,5.00e-05,25055.90,1024.00,39251735,N/A,2025-09-24 13:12:08
3988,6.489732,6.153622,480.648895,5.00e-05,5096.75,746.25,39264402,N/A,2025-09-24 13:12:13
3989,6.167880,6.153622,480.648895,5.00e-05,5389.43,738.50,39277164,N/A,2025-09-24 13:12:13
3990,6.448324,6.153622,480.648895,5.00e-05,29142.93,843.50,39290055,0.9390,2025-09-24 13:12:14
3991,6.392554,6.153622,480.648895,5.00e-05,26293.19,912.50,39302680,N/A,2025-09-24 13:12:15
3992,6.568584,6.153622,480.648895,5.00e-05,26587.93,864.50,39315076,N/A,2025-09-24 13:12:15
3993,6.281115,6.153622,480.648895,5.00e-05,32502.65,701.50,39329716,N/A,2025-09-24 13:12:15
3994,5.921705,6.153622,480.648895,5.00e-05,33173.52,797.50,39343920,N/A,2025-09-24 13:12:16
3995,6.351127,6.153622,480.648895,5.00e-05,31846.43,880.00,39357611,N/A,2025-09-24 13:12:16
3996,5.917405,6.153622,480.648895,5.00e-05,32261.25,1024.00,39371417,N/A,2025-09-24 13:12:17
3997,6.214009,6.153622,480.648895,5.00e-05,32576.27,850.25,39385346,N/A,2025-09-24 13:12:17
3998,5.884570,6.153622,480.648895,5.00e-05,32556.56,864.25,39398950,N/A,2025-09-24 13:12:18
3999,5.831958,6.153622,480.648895,5.00e-05,30547.20,916.25,39412866,N/A,2025-09-24 13:12:18
4000,6.042953,6.186828,492.884766,5.00e-05,2393.80,913.50,39425534,N/A,2025-09-24 13:12:32
4001,6.360595,6.186828,492.884766,5.00e-05,1029.08,893.50,39439322,N/A,2025-09-24 13:12:51
4002,6.138390,6.186828,492.884766,5.00e-05,1007.21,742.00,39452014,N/A,2025-09-24 13:12:51
4003,6.231608,6.186828,492.884766,5.00e-05,5675.63,662.25,39465088,N/A,2025-09-24 13:12:52
4004,6.132596,6.186828,492.884766,5.00e-05,31316.82,865.25,39477906,N/A,2025-09-24 13:12:52
4005,6.105239,6.186828,492.884766,5.00e-05,30356.94,769.25,39490517,N/A,2025-09-24 13:12:53
4006,6.321100,6.186828,492.884766,5.00e-05,31082.16,687.25,39503152,N/A,2025-09-24 13:12:53
4007,6.138003,6.186828,492.884766,5.00e-05,29710.42,601.75,39515591,N/A,2025-09-24 13:12:54
4008,6.160671,6.186828,492.884766,5.00e-05,30239.42,880.00,39529572,N/A,2025-09-24 13:12:54
4009,6.208071,6.186828,492.884766,5.00e-05,31679.22,870.75,39543290,N/A,2025-09-24 13:12:55
4010,6.389222,6.186828,492.884766,5.00e-05,30261.98,964.75,39555663,1.0000,2025-09-24 13:12:55
4011,6.340019,6.186828,492.884766,5.00e-05,26600.54,893.00,39568464,N/A,2025-09-24 13:12:56
4012,6.171527,6.186828,492.884766,5.00e-05,27372.85,693.00,39581054,N/A,2025-09-24 13:12:56
4013,6.100571,6.186828,492.884766,5.00e-05,29149.31,819.25,39593919,N/A,2025-09-24 13:12:57
4014,6.334074,6.186828,492.884766,5.00e-05,27325.21,905.00,39605169,N/A,2025-09-24 13:12:57
4015,6.454450,6.186828,492.884766,5.00e-05,27441.32,825.00,39616970,N/A,2025-09-24 13:12:58
4016,5.923384,6.186828,492.884766,5.00e-05,30853.24,1015.25,39630967,N/A,2025-09-24 13:12:58
4017,6.174417,6.186828,492.884766,5.00e-05,29552.22,825.00,39642889,N/A,2025-09-24 13:12:58
4018,6.420630,6.186828,492.884766,5.00e-05,30618.91,752.25,39656319,N/A,2025-09-24 13:12:59
4019,6.108457,6.186828,492.884766,5.00e-05,31309.23,669.00,39669108,N/A,2025-09-24 13:12:59
4020,5.952713,6.186828,492.884766,5.00e-05,31183.21,846.50,39682700,0.8525,2025-09-24 13:13:00
4021,6.094486,6.186828,492.884766,5.00e-05,27639.55,858.75,39696204,N/A,2025-09-24 13:13:00
4022,6.306887,6.186828,492.884766,5.00e-05,27924.32,827.50,39709690,N/A,2025-09-24 13:13:01
4023,6.155556,6.186828,492.884766,5.00e-05,31860.25,932.00,39722845,N/A,2025-09-24 13:13:01
4024,6.247343,6.186828,492.884766,5.00e-05,31313.71,842.00,39735829,N/A,2025-09-24 13:13:02
4025,5.745796,6.186828,492.884766,5.00e-05,11604.75,903.00,39748160,N/A,2025-09-24 13:13:04
4026,6.209292,6.186828,492.884766,5.00e-05,11530.42,686.25,39760973,N/A,2025-09-24 13:13:04
4027,6.107259,6.186828,492.884766,5.00e-05,22540.49,759.75,39773577,N/A,2025-09-24 13:13:05
4028,6.229424,6.186828,492.884766,5.00e-05,29995.66,745.50,39785621,N/A,2025-09-24 13:13:05
4029,6.411745,6.186828,492.884766,5.00e-05,31770.18,996.75,39799753,N/A,2025-09-24 13:13:06
4030,5.977947,6.186828,492.884766,5.00e-05,31886.74,804.00,39812995,0.7314,2025-09-24 13:13:06
4031,5.754483,6.186828,492.884766,5.00e-05,27742.82,951.75,39825869,N/A,2025-09-24 13:13:07
4032,6.504148,6.186828,492.884766,5.00e-05,27569.03,971.25,39840674,N/A,2025-09-24 13:13:07
4033,6.523113,6.186828,492.884766,5.00e-05,32658.13,837.25,39853796,N/A,2025-09-24 13:13:08
4034,6.518983,6.186828,492.884766,5.00e-05,32685.24,665.50,39865987,N/A,2025-09-24 13:13:08
4035,6.003128,6.186828,492.884766,5.00e-05,31153.53,854.00,39878050,N/A,2025-09-24 13:13:09
4036,5.986601,6.186828,492.884766,5.00e-05,31343.22,783.00,39892135,N/A,2025-09-24 13:13:09
4037,6.421288,6.186828,492.884766,5.00e-05,32074.96,802.25,39904988,N/A,2025-09-24 13:13:09
4038,6.469891,6.186828,492.884766,5.00e-05,32144.24,1013.00,39918493,N/A,2025-09-24 13:13:10
4039,6.229751,6.186828,492.884766,5.00e-05,33111.05,812.50,39932254,N/A,2025-09-24 13:13:10
4040,6.452266,6.186828,492.884766,5.00e-05,32528.97,813.00,39945596,0.7804,2025-09-24 13:13:11
4041,6.373973,6.186828,492.884766,5.00e-05,30063.05,645.50,39959953,N/A,2025-09-24 13:13:11
4042,6.230748,6.186828,492.884766,5.00e-05,27694.35,608.25,39970636,N/A,2025-09-24 13:13:12
4043,6.402649,6.186828,492.884766,5.00e-05,29284.40,835.25,39984391,N/A,2025-09-24 13:13:12
4044,6.015857,6.186828,492.884766,5.00e-05,30963.89,892.00,39998674,N/A,2025-09-24 13:13:13
4045,6.405452,6.186828,492.884766,5.00e-05,32097.87,691.75,40011463,N/A,2025-09-24 13:13:13
4046,6.211992,6.186828,492.884766,5.00e-05,33280.23,659.25,40025528,N/A,2025-09-24 13:13:14
4047,6.415266,6.186828,492.884766,5.00e-05,32871.90,822.25,40038376,N/A,2025-09-24 13:13:14
4048,6.212867,6.186828,492.884766,5.00e-05,31393.16,641.50,40050771,N/A,2025-09-24 13:13:15
4049,5.891532,6.186828,492.884766,5.00e-05,30247.94,844.00,40063400,N/A,2025-09-24 13:13:15
4050,6.014986,6.186828,492.884766,5.00e-05,11199.62,692.00,40075885,0.7702,2025-09-24 13:13:17
4051,6.156341,6.186828,492.884766,5.00e-05,11112.70,815.00,40087792,N/A,2025-09-24 13:13:18
4052,6.024122,6.186828,492.884766,5.00e-05,21335.11,861.25,40102522,N/A,2025-09-24 13:13:18
4053,6.181664,6.186828,492.884766,5.00e-05,30319.88,661.00,40114406,N/A,2025-09-24 13:13:19
4054,5.895959,6.186828,492.884766,5.00e-05,28460.04,675.25,40126617,N/A,2025-09-24 13:13:19
4055,5.858914,6.186828,492.884766,5.00e-05,28021.97,751.75,40139496,N/A,2025-09-24 13:13:19
4056,6.157424,6.186828,492.884766,5.00e-05,31013.17,782.00,40152719,N/A,2025-09-24 13:13:20
4057,5.787875,6.186828,492.884766,5.00e-05,30840.20,744.25,40166391,N/A,2025-09-24 13:13:20
4058,6.425438,6.186828,492.884766,5.00e-05,30801.16,959.50,40179734,N/A,2025-09-24 13:13:21
4059,6.087368,6.186828,492.884766,5.00e-05,31244.68,947.25,40193754,N/A,2025-09-24 13:13:21
4060,6.379032,6.186828,492.884766,5.00e-05,32341.36,926.25,40208417,0.8660,2025-09-24 13:13:22
4061,6.210791,6.186828,492.884766,5.00e-05,28536.58,764.75,40220916,N/A,2025-09-24 13:13:22
4062,6.108681,6.186828,492.884766,5.00e-05,27558.11,816.25,40233877,N/A,2025-09-24 13:13:23
4063,6.120855,6.186828,492.884766,5.00e-05,30241.21,657.50,40245974,N/A,2025-09-24 13:13:23
4064,6.165718,6.186828,492.884766,5.00e-05,31986.54,900.00,40260201,N/A,2025-09-24 13:13:24
4065,6.196069,6.186828,492.884766,5.00e-05,32610.71,873.75,40272667,N/A,2025-09-24 13:13:24
4066,6.146192,6.186828,492.884766,5.00e-05,33145.86,801.00,40286626,N/A,2025-09-24 13:13:25
4067,6.317888,6.186828,492.884766,5.00e-05,33254.52,651.00,40299690,N/A,2025-09-24 13:13:25
4068,6.345591,6.186828,492.884766,5.00e-05,32827.08,811.00,40312700,N/A,2025-09-24 13:13:26
4069,6.304415,6.186828,492.884766,5.00e-05,30523.94,529.50,40325128,N/A,2025-09-24 13:13:26
4070,6.318019,6.186828,492.884766,5.00e-05,29257.72,695.00,40336741,0.7572,2025-09-24 13:13:26
4071,6.583858,6.186828,492.884766,5.00e-05,26059.65,649.25,40349343,N/A,2025-09-24 13:13:27
4072,6.250123,6.186828,492.884766,5.00e-05,27797.43,703.00,40362822,N/A,2025-09-24 13:13:27
4073,6.371528,6.186828,492.884766,5.00e-05,32646.80,926.00,40376666,N/A,2025-09-24 13:13:28
4074,6.164400,6.186828,492.884766,5.00e-05,31421.54,931.00,40390297,N/A,2025-09-24 13:13:28
4075,6.167379,6.186828,492.884766,5.00e-05,12449.89,633.25,40403182,N/A,2025-09-24 13:13:30
4076,5.906417,6.186828,492.884766,5.00e-05,11719.44,770.50,40415445,N/A,2025-09-24 13:13:31
4077,6.359454,6.186828,492.884766,5.00e-05,22510.42,795.00,40428018,N/A,2025-09-24 13:13:31
4078,6.003808,6.186828,492.884766,5.00e-05,31235.63,884.50,40441388,N/A,2025-09-24 13:13:32
4079,5.768713,6.186828,492.884766,5.00e-05,32146.80,825.75,40454740,N/A,2025-09-24 13:13:32
4080,6.436790,6.186828,492.884766,5.00e-05,30547.17,834.75,40467794,0.7903,2025-09-24 13:13:33
4081,6.436862,6.186828,492.884766,5.00e-05,28617.39,670.25,40480746,N/A,2025-09-24 13:13:33
4082,5.638623,6.186828,492.884766,5.00e-05,29505.87,878.50,40495610,N/A,2025-09-24 13:13:34
4083,6.186929,6.186828,492.884766,5.00e-05,32803.09,654.75,40507437,N/A,2025-09-24 13:13:34
4084,6.378141,6.186828,492.884766,5.00e-05,33374.22,959.75,40522070,N/A,2025-09-24 13:13:35
4085,6.439139,6.186828,492.884766,5.00e-05,33059.43,799.75,40535432,N/A,2025-09-24 13:13:35
4086,6.184642,6.186828,492.884766,5.00e-05,33171.08,951.00,40547939,N/A,2025-09-24 13:13:36
4087,6.015552,6.186828,492.884766,5.00e-05,32147.68,827.50,40561633,N/A,2025-09-24 13:13:36
4088,6.130857,6.186828,492.884766,5.00e-05,33293.99,813.75,40574969,N/A,2025-09-24 13:13:36
4089,6.061374,6.186828,492.884766,5.00e-05,32805.67,755.50,40588003,N/A,2025-09-24 13:13:37
4090,5.983925,6.186828,492.884766,5.00e-05,31575.73,826.25,40601293,0.7235,2025-09-24 13:13:37
4091,6.128194,6.186828,492.884766,5.00e-05,28346.96,727.75,40614012,N/A,2025-09-24 13:13:38
4092,6.049329,6.186828,492.884766,5.00e-05,28535.96,801.25,40627329,N/A,2025-09-24 13:13:38
4093,6.013732,6.186828,492.884766,5.00e-05,32902.99,906.25,40641223,N/A,2025-09-24 13:13:39
4094,6.112737,6.186828,492.884766,5.00e-05,31982.43,833.25,40653774,N/A,2025-09-24 13:13:39
4095,6.160699,6.186828,492.884766,5.00e-05,30689.21,785.25,40665669,N/A,2025-09-24 13:13:40
4096,6.019848,6.186828,492.884766,5.00e-05,31633.43,840.50,40679300,N/A,2025-09-24 13:13:40
4097,6.184556,6.186828,492.884766,5.00e-05,31374.17,652.50,40692046,N/A,2025-09-24 13:13:41
4098,6.009961,6.186828,492.884766,5.00e-05,30889.20,967.75,40705321,N/A,2025-09-24 13:13:41
4099,6.213718,6.186828,492.884766,5.00e-05,31049.11,917.00,40719318,N/A,2025-09-24 13:13:41
4100,6.392457,6.186828,492.884766,5.00e-05,12406.80,920.50,40732647,0.8207,2025-09-24 13:13:44
4101,5.917172,6.186828,492.884766,5.00e-05,11423.18,761.25,40745229,N/A,2025-09-24 13:13:44
4102,6.324506,6.186828,492.884766,5.00e-05,18267.45,900.75,40757924,N/A,2025-09-24 13:13:45
4103,6.338547,6.186828,492.884766,5.00e-05,27531.21,609.00,40770085,N/A,2025-09-24 13:13:45
4104,5.798098,6.186828,492.884766,5.00e-05,30113.68,883.50,40784163,N/A,2025-09-24 13:13:46
4105,6.233703,6.186828,492.884766,5.00e-05,33311.43,963.00,40798330,N/A,2025-09-24 13:13:46
4106,6.184656,6.186828,492.884766,5.00e-05,34111.26,877.25,40811820,N/A,2025-09-24 13:13:47
4107,6.102310,6.186828,492.884766,5.00e-05,33592.26,1000.00,40825787,N/A,2025-09-24 13:13:47
4108,6.160853,6.186828,492.884766,5.00e-05,30655.76,852.75,40838577,N/A,2025-09-24 13:13:48
4109,6.300535,6.186828,492.884766,5.00e-05,29997.97,783.00,40852175,N/A,2025-09-24 13:13:48
4110,6.190105,6.186828,492.884766,5.00e-05,28733.29,805.75,40865426,0.9796,2025-09-24 13:13:48
4111,6.178029,6.186828,492.884766,5.00e-05,27389.12,722.25,40878467,N/A,2025-09-24 13:13:49
4112,6.196222,6.186828,492.884766,5.00e-05,27424.02,861.50,40891446,N/A,2025-09-24 13:13:49
4113,6.134177,6.186828,492.884766,5.00e-05,28271.89,742.00,40903026,N/A,2025-09-24 13:13:50
4114,6.493796,6.186828,492.884766,5.00e-05,31060.46,797.75,40917032,N/A,2025-09-24 13:13:50
4115,5.911893,6.186828,492.884766,5.00e-05,32201.82,831.00,40930358,N/A,2025-09-24 13:13:51
4116,5.641700,6.186828,492.884766,5.00e-05,31550.81,814.25,40942070,N/A,2025-09-24 13:13:51
4117,5.990537,6.186828,492.884766,5.00e-05,29379.97,577.25,40953000,N/A,2025-09-24 13:13:52
4118,6.198315,6.186828,492.884766,5.00e-05,29032.12,766.00,40965391,N/A,2025-09-24 13:13:52
4119,6.300668,6.186828,492.884766,5.00e-05,30838.51,796.50,40979181,N/A,2025-09-24 13:13:53
4120,6.627173,6.186828,492.884766,5.00e-05,30904.60,681.75,40991659,0.8227,2025-09-24 13:13:53
4121,5.910063,6.186828,492.884766,5.00e-05,26025.27,657.50,41004058,N/A,2025-09-24 13:13:54
4122,6.202623,6.186828,492.884766,5.00e-05,26197.32,834.50,41017197,N/A,2025-09-24 13:13:54
4123,6.402054,6.186828,492.884766,5.00e-05,30404.43,714.00,41030370,N/A,2025-09-24 13:13:55
4124,6.371911,6.186828,492.884766,5.00e-05,32943.25,789.25,41043723,N/A,2025-09-24 13:13:55
4125,6.165126,6.186828,492.884766,5.00e-05,12233.94,717.00,41056661,N/A,2025-09-24 13:13:57
4126,5.861671,6.186828,492.884766,5.00e-05,11878.61,839.00,41069157,N/A,2025-09-24 13:13:58
4127,6.642737,6.186828,492.884766,5.00e-05,21386.91,714.00,41080597,N/A,2025-09-24 13:13:58
4128,6.331843,6.186828,492.884766,5.00e-05,31113.88,947.25,41095368,N/A,2025-09-24 13:13:58
4129,6.119916,6.186828,492.884766,5.00e-05,32853.17,782.25,41108847,N/A,2025-09-24 13:13:59
4130,6.200529,6.186828,492.884766,5.00e-05,30132.24,684.50,41121554,0.7618,2025-09-24 13:13:59
4131,6.254233,6.186828,492.884766,5.00e-05,25480.27,769.25,41133945,N/A,2025-09-24 13:14:00
4132,5.930635,6.186828,492.884766,5.00e-05,24082.83,889.75,41146513,N/A,2025-09-24 13:14:01
4133,6.232913,6.186828,492.884766,5.00e-05,30321.82,776.00,41159724,N/A,2025-09-24 13:14:01
4134,6.108045,6.186828,492.884766,5.00e-05,32162.81,849.25,41174280,N/A,2025-09-24 13:14:01
4135,6.058530,6.186828,492.884766,5.00e-05,32302.50,722.75,41186679,N/A,2025-09-24 13:14:02
4136,5.783680,6.186828,492.884766,5.00e-05,33158.73,920.25,41200810,N/A,2025-09-24 13:14:02
4137,6.160381,6.186828,492.884766,5.00e-05,32295.13,708.75,41214602,N/A,2025-09-24 13:14:03
4138,5.992172,6.186828,492.884766,5.00e-05,33251.69,928.25,41228281,N/A,2025-09-24 13:14:03
4139,6.356825,6.186828,492.884766,5.00e-05,33670.53,809.75,41242477,N/A,2025-09-24 13:14:04
4140,5.887104,6.186828,492.884766,5.00e-05,31396.81,854.75,41255489,0.6318,2025-09-24 13:14:04
4141,6.399598,6.186828,492.884766,5.00e-05,29000.70,878.00,41269419,N/A,2025-09-24 13:14:05
4142,6.338659,6.186828,492.884766,5.00e-05,28956.48,835.25,41281790,N/A,2025-09-24 13:14:05
4143,6.237734,6.186828,492.884766,5.00e-05,30283.41,687.25,41294024,N/A,2025-09-24 13:14:06
4144,6.203794,6.186828,492.884766,5.00e-05,31316.00,930.50,41307731,N/A,2025-09-24 13:14:06
4145,6.145494,6.186828,492.884766,5.00e-05,30143.74,878.00,41321313,N/A,2025-09-24 13:14:07
4146,6.004717,6.186828,492.884766,5.00e-05,30297.28,819.00,41334274,N/A,2025-09-24 13:14:07
4147,6.383818,6.186828,492.884766,5.00e-05,29520.11,821.00,41348251,N/A,2025-09-24 13:14:07
4148,6.049725,6.186828,492.884766,5.00e-05,32474.02,888.75,41362153,N/A,2025-09-24 13:14:08
4149,5.930039,6.186828,492.884766,5.00e-05,30464.76,727.25,41373997,N/A,2025-09-24 13:14:08
4150,6.204428,6.186828,492.884766,5.00e-05,12244.14,946.50,41389176,0.6521,2025-09-24 13:14:11
4151,6.115853,6.186828,492.884766,5.00e-05,12336.01,949.75,41402807,N/A,2025-09-24 13:14:11
4152,5.916712,6.186828,492.884766,5.00e-05,22269.19,818.00,41416812,N/A,2025-09-24 13:14:12
4153,6.233593,6.186828,492.884766,5.00e-05,32840.93,956.75,41431206,N/A,2025-09-24 13:14:12
4154,5.908171,6.186828,492.884766,5.00e-05,31640.20,860.00,41443562,N/A,2025-09-24 13:14:12
4155,6.331472,6.186828,492.884766,5.00e-05,30979.25,929.75,41457533,N/A,2025-09-24 13:14:13
4156,5.821546,6.186828,492.884766,5.00e-05,30936.83,722.50,41469892,N/A,2025-09-24 13:14:13
4157,6.199812,6.186828,492.884766,5.00e-05,30874.27,887.50,41482730,N/A,2025-09-24 13:14:14
4158,6.342255,6.186828,492.884766,5.00e-05,31298.15,748.25,41496064,N/A,2025-09-24 13:14:14
4159,6.468631,6.186828,492.884766,5.00e-05,32511.37,884.75,41509456,N/A,2025-09-24 13:14:15
4160,5.885828,6.186828,492.884766,5.00e-05,31427.62,777.50,41522505,0.6999,2025-09-24 13:14:15
4161,6.180333,6.186828,492.884766,5.00e-05,29026.45,787.00,41536217,N/A,2025-09-24 13:14:16
4162,6.252247,6.186828,492.884766,5.00e-05,28369.63,842.25,41548946,N/A,2025-09-24 13:14:16
4163,5.733557,6.186828,492.884766,5.00e-05,30621.86,613.75,41560133,N/A,2025-09-24 13:14:17
4164,6.022625,6.186828,492.884766,5.00e-05,31929.47,1013.00,41574111,N/A,2025-09-24 13:14:17
4165,6.266262,6.186828,492.884766,5.00e-05,32373.03,692.75,41587399,N/A,2025-09-24 13:14:18
4166,6.108995,6.186828,492.884766,5.00e-05,31362.27,758.75,41599653,N/A,2025-09-24 13:14:18
4167,6.307003,6.186828,492.884766,5.00e-05,29268.18,855.75,41611543,N/A,2025-09-24 13:14:18
4168,6.353937,6.186828,492.884766,5.00e-05,29611.74,811.50,41624348,N/A,2025-09-24 13:14:19
4169,6.340205,6.186828,492.884766,5.00e-05,31880.11,831.00,41637888,N/A,2025-09-24 13:14:19
4170,5.997103,6.186828,492.884766,5.00e-05,33037.21,907.50,41653023,0.6191,2025-09-24 13:14:20
4171,5.909143,6.186828,492.884766,5.00e-05,31133.02,960.25,41666604,N/A,2025-09-24 13:14:20
4172,6.174645,6.186828,492.884766,5.00e-05,29151.73,1024.00,41679814,N/A,2025-09-24 13:14:21
4173,6.175054,6.186828,492.884766,5.00e-05,31312.13,768.00,41692043,N/A,2025-09-24 13:14:21
4174,6.158384,6.186828,492.884766,5.00e-05,32006.41,575.75,41705114,N/A,2025-09-24 13:14:22
4175,6.040213,6.186828,492.884766,5.00e-05,12117.75,650.25,41717731,N/A,2025-09-24 13:14:24
4176,6.338302,6.186828,492.884766,5.00e-05,11879.44,812.75,41731646,N/A,2025-09-24 13:14:24
4177,5.970462,6.186828,492.884766,5.00e-05,22562.77,877.50,41744716,N/A,2025-09-24 13:14:25
4178,6.012043,6.186828,492.884766,5.00e-05,28806.84,773.50,41756209,N/A,2025-09-24 13:14:25
4179,6.653060,6.186828,492.884766,5.00e-05,29416.24,699.50,41768788,N/A,2025-09-24 13:14:26
4180,5.675709,6.186828,492.884766,5.00e-05,24929.04,768.00,41780653,0.6496,2025-09-24 13:14:26
4181,5.854562,6.186828,492.884766,5.00e-05,21388.96,839.75,41793595,N/A,2025-09-24 13:14:27
4182,6.082854,6.186828,492.884766,5.00e-05,21722.71,966.25,41806428,N/A,2025-09-24 13:14:28
4183,6.244978,6.186828,492.884766,5.00e-05,5135.19,822.25,41817695,N/A,2025-09-24 13:14:33
4184,6.446081,6.186828,492.884766,5.00e-05,5154.17,588.75,41829879,N/A,2025-09-24 13:14:33
4185,5.994714,6.186828,492.884766,5.00e-05,30531.87,837.75,41842870,N/A,2025-09-24 13:14:34
4186,6.169143,6.186828,492.884766,5.00e-05,30977.41,970.25,41855473,N/A,2025-09-24 13:14:34
4187,5.751206,6.186828,492.884766,5.00e-05,29463.97,880.25,41867651,N/A,2025-09-24 13:14:35
4188,5.776879,6.186828,492.884766,5.00e-05,31552.17,821.25,41881397,N/A,2025-09-24 13:14:35
4189,6.363875,6.186828,492.884766,5.00e-05,31705.11,819.75,41894717,N/A,2025-09-24 13:14:36
4190,6.249160,6.186828,492.884766,5.00e-05,30728.62,823.75,41907728,0.9610,2025-09-24 13:14:36
4191,6.095902,6.186828,492.884766,5.00e-05,29309.31,789.00,41922091,N/A,2025-09-24 13:14:37
4192,6.412240,6.186828,492.884766,5.00e-05,29882.44,988.25,41935710,N/A,2025-09-24 13:14:37
4193,6.447667,6.186828,492.884766,5.00e-05,31814.56,775.25,41947877,N/A,2025-09-24 13:14:37
4194,6.472623,6.186828,492.884766,5.00e-05,32176.21,903.50,41961567,N/A,2025-09-24 13:14:38
4195,6.074346,6.186828,492.884766,5.00e-05,33221.53,764.00,41975736,N/A,2025-09-24 13:14:38
4196,5.926193,6.186828,492.884766,5.00e-05,32758.23,628.00,41988921,N/A,2025-09-24 13:14:39
4197,5.892382,6.186828,492.884766,5.00e-05,32309.34,830.50,42001775,N/A,2025-09-24 13:14:39
4198,6.279329,6.186828,492.884766,5.00e-05,31703.33,663.75,42014403,N/A,2025-09-24 13:14:40
4199,5.931832,6.186828,492.884766,5.00e-05,31734.85,629.50,42027058,N/A,2025-09-24 13:14:40
4200,6.131556,6.186828,492.884766,5.00e-05,12498.97,823.00,42041052,0.8091,2025-09-24 13:14:42
4201,5.846941,6.186828,492.884766,5.00e-05,12337.48,897.00,42054843,N/A,2025-09-24 13:14:43
4202,6.359855,6.186828,492.884766,5.00e-05,22760.68,831.75,42068413,N/A,2025-09-24 13:14:43
4203,5.922165,6.186828,492.884766,5.00e-05,32936.64,741.25,42081318,N/A,2025-09-24 13:14:44
4204,6.159221,6.186828,492.884766,5.00e-05,32888.52,738.75,42095060,N/A,2025-09-24 13:14:44
4205,6.256769,6.186828,492.884766,5.00e-05,33091.55,991.25,42108248,N/A,2025-09-24 13:14:44
4206,6.119335,6.186828,492.884766,5.00e-05,33222.77,954.25,42122140,N/A,2025-09-24 13:14:45
4207,6.480114,6.186828,492.884766,5.00e-05,32191.21,778.00,42134018,N/A,2025-09-24 13:14:45
4208,6.198531,6.186828,492.884766,5.00e-05,31144.50,773.00,42146726,N/A,2025-09-24 13:14:46
4209,6.255358,6.186828,492.884766,5.00e-05,31138.63,743.50,42159815,N/A,2025-09-24 13:14:46
4210,5.788074,6.186828,492.884766,5.00e-05,30793.73,734.50,42173322,0.7392,2025-09-24 13:14:47
4211,6.024756,6.186828,492.884766,5.00e-05,29028.14,819.50,42186990,N/A,2025-09-24 13:14:47
4212,5.957489,6.186828,492.884766,5.00e-05,30603.32,791.75,42200927,N/A,2025-09-24 13:14:48
4213,6.636759,6.186828,492.884766,5.00e-05,32607.77,842.00,42213573,N/A,2025-09-24 13:14:48
4214,6.569110,6.186828,492.884766,5.00e-05,30886.62,771.75,42226244,N/A,2025-09-24 13:14:49
4215,6.079904,6.186828,492.884766,5.00e-05,32948.74,746.50,42240364,N/A,2025-09-24 13:14:49
4216,6.265148,6.186828,492.884766,5.00e-05,32591.88,777.75,42252791,N/A,2025-09-24 13:14:50
4217,6.138122,6.186828,492.884766,5.00e-05,31013.14,818.75,42265014,N/A,2025-09-24 13:14:50
4218,5.825441,6.186828,492.884766,5.00e-05,31232.53,600.75,42278634,N/A,2025-09-24 13:14:50
4219,6.066993,6.186828,492.884766,5.00e-05,30923.97,687.25,42291617,N/A,2025-09-24 13:14:51
4220,6.262302,6.186828,492.884766,5.00e-05,29262.79,673.00,42303892,0.7828,2025-09-24 13:14:51
4221,6.237854,6.186828,492.884766,5.00e-05,26155.34,683.00,42316126,N/A,2025-09-24 13:14:52
4222,6.058565,6.186828,492.884766,5.00e-05,24603.38,841.50,42327507,N/A,2025-09-24 13:14:52
4223,6.288871,6.186828,492.884766,5.00e-05,29672.84,876.75,42341331,N/A,2025-09-24 13:14:53
4224,6.330183,6.186828,492.884766,5.00e-05,31085.10,769.75,42353680,N/A,2025-09-24 13:14:53
4225,5.715261,6.186828,492.884766,5.00e-05,12269.33,865.75,42365978,N/A,2025-09-24 13:14:55
4226,5.957301,6.186828,492.884766,5.00e-05,11764.57,751.50,42378493,N/A,2025-09-24 13:14:56
4227,6.239172,6.186828,492.884766,5.00e-05,22086.51,773.25,42390644,N/A,2025-09-24 13:14:56
4228,6.178737,6.186828,492.884766,5.00e-05,30210.57,782.25,42403738,N/A,2025-09-24 13:14:57
4229,5.939028,6.186828,492.884766,5.00e-05,29497.01,704.50,42415938,N/A,2025-09-24 13:14:57
4230,6.366391,6.186828,492.884766,5.00e-05,30279.79,801.00,42429288,0.7319,2025-09-24 13:14:58
4231,6.319455,6.186828,492.884766,5.00e-05,26606.73,966.50,42442507,N/A,2025-09-24 13:14:58
4232,6.045691,6.186828,492.884766,5.00e-05,27720.66,861.00,42456291,N/A,2025-09-24 13:14:59
4233,6.232329,6.186828,492.884766,5.00e-05,30815.22,856.00,42469245,N/A,2025-09-24 13:14:59
4234,6.236918,6.186828,492.884766,5.00e-05,31535.11,688.50,42482198,N/A,2025-09-24 13:15:00
4235,6.475066,6.186828,492.884766,5.00e-05,32133.68,817.75,42495700,N/A,2025-09-24 13:15:00
4236,6.302414,6.186828,492.884766,5.00e-05,32869.11,720.25,42509822,N/A,2025-09-24 13:15:00
4237,5.905239,6.186828,492.884766,5.00e-05,33213.13,782.00,42522732,N/A,2025-09-24 13:15:01
4238,6.163350,6.186828,492.884766,5.00e-05,32571.15,906.50,42536531,N/A,2025-09-24 13:15:01
4239,6.148233,6.186828,492.884766,5.00e-05,32441.38,840.00,42550236,N/A,2025-09-24 13:15:02
4240,6.155101,6.186828,492.884766,5.00e-05,32349.48,959.25,42563858,0.6311,2025-09-24 13:15:02
4241,6.325742,6.186828,492.884766,5.00e-05,30432.20,1004.25,42578030,N/A,2025-09-24 13:15:03
4242,5.975903,6.186828,492.884766,5.00e-05,30400.98,752.50,42591706,N/A,2025-09-24 13:15:03
4243,6.308169,6.186828,492.884766,5.00e-05,33919.52,819.75,42604219,N/A,2025-09-24 13:15:04
4244,6.177068,6.186828,492.884766,5.00e-05,29852.74,670.25,42617514,N/A,2025-09-24 13:15:04
4245,6.176374,6.186828,492.884766,5.00e-05,30973.08,830.00,42630757,N/A,2025-09-24 13:15:05
4246,5.730678,6.186828,492.884766,5.00e-05,29417.11,893.25,42643521,N/A,2025-09-24 13:15:05
4247,6.037479,6.186828,492.884766,5.00e-05,31910.03,939.75,42657363,N/A,2025-09-24 13:15:06
4248,5.820151,6.186828,492.884766,5.00e-05,32673.64,794.75,42670559,N/A,2025-09-24 13:15:06
4249,6.231750,6.186828,492.884766,5.00e-05,32604.37,773.25,42683639,N/A,2025-09-24 13:15:06
4250,6.519613,6.150177,477.553558,5.00e-05,3656.51,786.50,42697674,N/A,2025-09-24 13:15:15
4251,5.859555,6.150177,477.553558,5.00e-05,3598.92,842.50,42711686,N/A,2025-09-24 13:15:16
4252,6.487765,6.150177,477.553558,5.00e-05,4119.95,877.50,42724737,N/A,2025-09-24 13:15:16
4253,6.053126,6.150177,477.553558,5.00e-05,31228.09,779.50,42738211,N/A,2025-09-24 13:15:17
4254,6.406228,6.150177,477.553558,5.00e-05,30073.12,634.75,42750069,N/A,2025-09-24 13:15:17
4255,6.251591,6.150177,477.553558,5.00e-05,29713.57,816.00,42762440,N/A,2025-09-24 13:15:18
4256,5.899912,6.150177,477.553558,5.00e-05,31299.80,781.50,42776114,N/A,2025-09-24 13:15:18
4257,6.257024,6.150177,477.553558,5.00e-05,31087.04,714.25,42787866,N/A,2025-09-24 13:15:18
4258,6.334927,6.150177,477.553558,5.00e-05,30452.04,796.50,42800713,N/A,2025-09-24 13:15:19
4259,6.218519,6.150177,477.553558,5.00e-05,29939.09,580.25,42813147,N/A,2025-09-24 13:15:19
4260,6.160035,6.150177,477.553558,5.00e-05,29920.87,814.50,42825902,0.8544,2025-09-24 13:15:20
4261,5.739108,6.150177,477.553558,5.00e-05,27001.69,784.50,42839335,N/A,2025-09-24 13:15:20
4262,5.902073,6.150177,477.553558,5.00e-05,29079.36,745.00,42853394,N/A,2025-09-24 13:15:21
4263,6.041873,6.150177,477.553558,5.00e-05,14937.68,871.25,42867368,N/A,2025-09-24 13:15:23
4264,6.208092,6.150177,477.553558,5.00e-05,14625.04,835.75,42881420,N/A,2025-09-24 13:15:23
4265,6.083493,6.150177,477.553558,5.00e-05,31891.51,956.25,42893785,N/A,2025-09-24 13:15:23
4266,5.955192,6.150177,477.553558,5.00e-05,31625.10,729.25,42906794,N/A,2025-09-24 13:15:24
4267,6.175202,6.150177,477.553558,5.00e-05,30629.62,816.75,42919578,N/A,2025-09-24 13:15:24
4268,6.389137,6.150177,477.553558,5.00e-05,29784.15,729.00,42932233,N/A,2025-09-24 13:15:25
4269,6.079790,6.150177,477.553558,5.00e-05,29956.59,604.75,42944575,N/A,2025-09-24 13:15:25
4270,6.276799,6.150177,477.553558,5.00e-05,30564.87,832.00,42957792,0.9227,2025-09-24 13:15:26
4271,6.583819,6.150177,477.553558,5.00e-05,27995.28,716.75,42971578,N/A,2025-09-24 13:15:26
4272,5.987711,6.150177,477.553558,5.00e-05,29251.23,681.25,42984980,N/A,2025-09-24 13:15:27
4273,6.548805,6.150177,477.553558,5.00e-05,31121.24,719.75,42997090,N/A,2025-09-24 13:15:27
4274,6.069368,6.150177,477.553558,5.00e-05,32696.47,1018.25,43011587,N/A,2025-09-24 13:15:28
4275,6.226858,6.150177,477.553558,5.00e-05,25055.87,830.50,43026187,N/A,2025-09-24 13:15:28
4276,6.347135,6.150177,477.553558,5.00e-05,26437.73,887.50,43040678,N/A,2025-09-24 13:15:29
4277,6.057101,6.150177,477.553558,5.00e-05,24892.57,805.75,43054023,N/A,2025-09-24 13:15:29
4278,6.221385,6.150177,477.553558,5.00e-05,33473.16,786.25,43067650,N/A,2025-09-24 13:15:30
4279,6.418285,6.150177,477.553558,5.00e-05,31532.27,831.00,43080094,N/A,2025-09-24 13:15:30
4280,6.225973,6.150177,477.553558,5.00e-05,30283.72,783.25,43093252,0.7394,2025-09-24 13:15:31
4281,6.520438,6.150177,477.553558,5.00e-05,28875.29,972.25,43107216,N/A,2025-09-24 13:15:31
4282,6.097544,6.150177,477.553558,5.00e-05,28008.36,807.25,43118563,N/A,2025-09-24 13:15:32
4283,6.465971,6.150177,477.553558,5.00e-05,32321.07,716.50,43133136,N/A,2025-09-24 13:15:32
4284,5.952892,6.150177,477.553558,5.00e-05,31929.69,770.25,43145550,N/A,2025-09-24 13:15:33
4285,6.179477,6.150177,477.553558,5.00e-05,31034.74,834.00,43159941,N/A,2025-09-24 13:15:33
4286,6.314922,6.150177,477.553558,5.00e-05,32170.09,984.50,43174175,N/A,2025-09-24 13:15:34
4287,6.071042,6.150177,477.553558,5.00e-05,32051.02,951.00,43188280,N/A,2025-09-24 13:15:34
4288,5.993692,6.150177,477.553558,5.00e-05,14568.54,688.50,43200910,N/A,2025-09-24 13:15:36
4289,6.094315,6.150177,477.553558,5.00e-05,14546.96,689.75,43214075,N/A,2025-09-24 13:15:36
4290,5.833141,6.150177,477.553558,5.00e-05,30162.50,881.50,43227692,0.8213,2025-09-24 13:15:37
4291,6.037942,6.150177,477.553558,5.00e-05,27714.86,683.50,43241036,N/A,2025-09-24 13:15:37
4292,6.610929,6.150177,477.553558,5.00e-05,29356.41,833.00,43255075,N/A,2025-09-24 13:15:38
4293,5.701838,6.150177,477.553558,5.00e-05,34630.91,967.50,43269506,N/A,2025-09-24 13:15:38
4294,5.872210,6.150177,477.553558,5.00e-05,36181.95,966.00,43284275,N/A,2025-09-24 13:15:39
4295,6.328533,6.150177,477.553558,5.00e-05,35542.32,825.50,43297693,N/A,2025-09-24 13:15:39
4296,6.316541,6.150177,477.553558,5.00e-05,32779.70,754.50,43311091,N/A,2025-09-24 13:15:39
4297,6.364454,6.150177,477.553558,5.00e-05,31962.76,927.75,43324299,N/A,2025-09-24 13:15:40
4298,6.179895,6.150177,477.553558,5.00e-05,32445.07,976.25,43337730,N/A,2025-09-24 13:15:40
4299,6.289809,6.150177,477.553558,5.00e-05,34410.90,965.75,43352065,N/A,2025-09-24 13:15:41
4300,6.283053,6.150177,477.553558,5.00e-05,25130.54,839.50,43365476,0.6241,2025-09-24 13:15:42
4301,5.943536,6.150177,477.553558,5.00e-05,23256.80,968.00,43379540,N/A,2025-09-24 13:15:42
4302,6.135223,6.150177,477.553558,5.00e-05,22504.30,854.50,43392661,N/A,2025-09-24 13:15:43
4303,6.212517,6.150177,477.553558,5.00e-05,31434.81,838.50,43406157,N/A,2025-09-24 13:15:43
4304,6.055414,6.150177,477.553558,5.00e-05,30212.82,685.50,43418703,N/A,2025-09-24 13:15:44
4305,6.150968,6.150177,477.553558,5.00e-05,30091.32,882.00,43432640,N/A,2025-09-24 13:15:44
4306,6.617478,6.150177,477.553558,5.00e-05,28877.69,845.25,43445490,N/A,2025-09-24 13:15:45
4307,5.967671,6.150177,477.553558,5.00e-05,29605.34,915.75,43458921,N/A,2025-09-24 13:15:45
4308,6.156507,6.150177,477.553558,5.00e-05,29418.56,739.25,43472303,N/A,2025-09-24 13:15:45
4309,6.467038,6.150177,477.553558,5.00e-05,31527.00,1003.50,43486042,N/A,2025-09-24 13:15:46
4310,6.032680,6.150177,477.553558,5.00e-05,32736.99,893.50,43500275,0.7273,2025-09-24 13:15:46
4311,5.867223,6.150177,477.553558,5.00e-05,30117.14,912.75,43513319,N/A,2025-09-24 13:15:47
4312,5.985852,6.150177,477.553558,5.00e-05,29202.37,917.75,43526502,N/A,2025-09-24 13:15:47
4313,5.894560,6.150177,477.553558,5.00e-05,13985.22,653.50,43538503,N/A,2025-09-24 13:15:49
4314,6.103911,6.150177,477.553558,5.00e-05,13703.15,749.50,43550720,N/A,2025-09-24 13:15:49
4315,5.931373,6.150177,477.553558,5.00e-05,31987.24,782.25,43564691,N/A,2025-09-24 13:15:50
4316,5.781474,6.150177,477.553558,5.00e-05,31446.60,798.75,43576657,N/A,2025-09-24 13:15:50
4317,6.016263,6.150177,477.553558,5.00e-05,32255.16,782.50,43590073,N/A,2025-09-24 13:15:51
4318,5.973023,6.150177,477.553558,5.00e-05,31844.48,898.00,43602264,N/A,2025-09-24 13:15:51
4319,6.080994,6.150177,477.553558,5.00e-05,31232.08,720.25,43615281,N/A,2025-09-24 13:15:52
4320,5.966732,6.150177,477.553558,5.00e-05,31180.57,755.00,43628732,0.8685,2025-09-24 13:15:52
4321,6.280688,6.150177,477.553558,5.00e-05,27645.09,915.25,43641897,N/A,2025-09-24 13:15:53
4322,6.005133,6.150177,477.553558,5.00e-05,26777.05,778.75,43655394,N/A,2025-09-24 13:15:53
4323,6.137983,6.150177,477.553558,5.00e-05,31203.77,829.25,43669884,N/A,2025-09-24 13:15:54
4324,6.447904,6.150177,477.553558,5.00e-05,32476.70,950.75,43683961,N/A,2025-09-24 13:15:54
4325,5.985605,6.150177,477.553558,5.00e-05,24681.47,826.25,43696875,N/A,2025-09-24 13:15:55
4326,6.244993,6.150177,477.553558,5.00e-05,22999.44,833.75,43709060,N/A,2025-09-24 13:15:55
4327,6.039271,6.150177,477.553558,5.00e-05,22852.21,838.25,43722224,N/A,2025-09-24 13:15:56
4328,5.803205,6.150177,477.553558,5.00e-05,31382.02,671.00,43735183,N/A,2025-09-24 13:15:56
4329,6.176062,6.150177,477.553558,5.00e-05,30982.49,726.50,43747891,N/A,2025-09-24 13:15:57
4330,6.146462,6.150177,477.553558,5.00e-05,30387.24,822.75,43761813,0.7937,2025-09-24 13:15:57
4331,6.229820,6.150177,477.553558,5.00e-05,27730.63,897.25,43775515,N/A,2025-09-24 13:15:58
4332,6.179631,6.150177,477.553558,5.00e-05,27331.80,698.00,43788039,N/A,2025-09-24 13:15:58
4333,6.424245,6.150177,477.553558,5.00e-05,30386.17,752.25,43801037,N/A,2025-09-24 13:15:59
4334,6.144031,6.150177,477.553558,5.00e-05,29490.06,804.50,43813330,N/A,2025-09-24 13:15:59
4335,6.057793,6.150177,477.553558,5.00e-05,26798.19,808.25,43825326,N/A,2025-09-24 13:16:00
4336,5.873509,6.150177,477.553558,5.00e-05,27855.18,708.00,43837434,N/A,2025-09-24 13:16:00
4337,6.347683,6.150177,477.553558,5.00e-05,28479.54,684.25,43851002,N/A,2025-09-24 13:16:01
4338,6.181396,6.150177,477.553558,5.00e-05,15008.36,848.50,43865107,N/A,2025-09-24 13:16:02
4339,6.238524,6.150177,477.553558,5.00e-05,15337.66,785.50,43878971,N/A,2025-09-24 13:16:03
4340,6.092183,6.150177,477.553558,5.00e-05,31516.78,724.75,43891616,1.0000,2025-09-24 13:16:03
4341,6.252418,6.150177,477.553558,5.00e-05,28711.67,895.50,43905260,N/A,2025-09-24 13:16:04
4342,5.838031,6.150177,477.553558,5.00e-05,27758.33,794.00,43918304,N/A,2025-09-24 13:16:04
4343,6.384290,6.150177,477.553558,5.00e-05,33130.20,992.25,43931817,N/A,2025-09-24 13:16:05
4344,6.372603,6.150177,477.553558,5.00e-05,33103.01,921.25,43945924,N/A,2025-09-24 13:16:05
4345,6.110522,6.150177,477.553558,5.00e-05,32300.80,687.25,43958562,N/A,2025-09-24 13:16:06
4346,6.310546,6.150177,477.553558,5.00e-05,31650.65,958.25,43972801,N/A,2025-09-24 13:16:06
4347,6.360485,6.150177,477.553558,5.00e-05,31096.35,667.75,43985461,N/A,2025-09-24 13:16:06
4348,5.903028,6.150177,477.553558,5.00e-05,30339.26,762.75,43997455,N/A,2025-09-24 13:16:07
4349,6.242696,6.150177,477.553558,5.00e-05,29902.12,702.25,44010354,N/A,2025-09-24 13:16:07
4350,6.061782,6.150177,477.553558,5.00e-05,22714.53,710.50,44023466,0.7463,2025-09-24 13:16:08
4351,6.192533,6.150177,477.553558,5.00e-05,20832.33,776.00,44035359,N/A,2025-09-24 13:16:09
4352,6.355206,6.150177,477.553558,5.00e-05,21257.13,952.75,44049078,N/A,2025-09-24 13:16:09
4353,5.923831,6.150177,477.553558,5.00e-05,31320.20,689.25,44061141,N/A,2025-09-24 13:16:10
4354,5.952889,6.150177,477.553558,5.00e-05,31433.81,796.00,44073647,N/A,2025-09-24 13:16:10
4355,6.283211,6.150177,477.553558,5.00e-05,31620.31,796.75,44086932,N/A,2025-09-24 13:16:11
4356,6.235949,6.150177,477.553558,5.00e-05,32435.98,794.25,44100104,N/A,2025-09-24 13:16:11
4357,6.241330,6.150177,477.553558,5.00e-05,33056.85,730.75,44113162,N/A,2025-09-24 13:16:11
4358,5.915630,6.150177,477.553558,5.00e-05,32208.45,811.50,44126987,N/A,2025-09-24 13:16:12
4359,6.114768,6.150177,477.553558,5.00e-05,31757.48,724.00,44139604,N/A,2025-09-24 13:16:12
4360,6.040833,6.150177,477.553558,5.00e-05,30089.70,854.25,44152615,0.8382,2025-09-24 13:16:13
4361,5.908648,6.150177,477.553558,5.00e-05,27060.01,764.00,44164852,N/A,2025-09-24 13:16:13
4362,5.958256,6.150177,477.553558,5.00e-05,26970.25,963.25,44177564,N/A,2025-09-24 13:16:14
4363,6.194939,6.150177,477.553558,5.00e-05,13632.50,831.25,44189296,N/A,2025-09-24 13:16:15
4364,5.924500,6.150177,477.553558,5.00e-05,12505.92,688.25,44199719,N/A,2025-09-24 13:16:16
4365,6.798585,6.150177,477.553558,5.00e-05,28711.93,798.50,44212712,N/A,2025-09-24 13:16:16
4366,6.025837,6.150177,477.553558,5.00e-05,32658.10,954.25,44226856,N/A,2025-09-24 13:16:17
4367,6.231924,6.150177,477.553558,5.00e-05,33534.85,894.00,44240730,N/A,2025-09-24 13:16:17
4368,6.220448,6.150177,477.553558,5.00e-05,33582.99,893.25,44254392,N/A,2025-09-24 13:16:18
4369,5.917961,6.150177,477.553558,5.00e-05,32965.87,842.50,44267401,N/A,2025-09-24 13:16:18
4370,6.362117,6.150177,477.553558,5.00e-05,30781.44,747.50,44280139,0.7634,2025-09-24 13:16:19
4371,6.058359,6.150177,477.553558,5.00e-05,25909.46,784.75,44292696,N/A,2025-09-24 13:16:19
4372,6.059171,6.150177,477.553558,5.00e-05,25418.88,877.75,44305293,N/A,2025-09-24 13:16:20
4373,6.146684,6.150177,477.553558,5.00e-05,29560.32,825.75,44318326,N/A,2025-09-24 13:16:20
4374,5.920613,6.150177,477.553558,5.00e-05,31278.54,879.25,44331467,N/A,2025-09-24 13:16:21
4375,6.061672,6.150177,477.553558,5.00e-05,18822.65,712.00,44344182,N/A,2025-09-24 13:16:22
4376,6.270053,6.150177,477.553558,5.00e-05,18409.18,778.00,44358297,N/A,2025-09-24 13:16:22
4377,5.950344,6.150177,477.553558,5.00e-05,17542.58,762.25,44372091,N/A,2025-09-24 13:16:23
4378,6.555082,6.150177,477.553558,5.00e-05,26044.84,442.50,44383755,N/A,2025-09-24 13:16:23
4379,6.196161,6.150177,477.553558,5.00e-05,5804.14,802.25,44396666,N/A,2025-09-24 13:16:28
4380,6.327301,6.150177,477.553558,5.00e-05,5896.57,946.25,44410673,0.7667,2025-09-24 13:16:29
4381,6.316391,6.150177,477.553558,5.00e-05,29802.98,998.75,44425026,N/A,2025-09-24 13:16:29
4382,6.420227,6.150177,477.553558,5.00e-05,28994.78,651.75,44436848,N/A,2025-09-24 13:16:29
4383,6.028059,6.150177,477.553558,5.00e-05,31713.57,776.75,44449523,N/A,2025-09-24 13:16:30
4384,6.257974,6.150177,477.553558,5.00e-05,30663.06,813.75,44463180,N/A,2025-09-24 13:16:30
4385,6.113589,6.150177,477.553558,5.00e-05,30538.84,818.75,44474877,N/A,2025-09-24 13:16:31
4386,5.738383,6.150177,477.553558,5.00e-05,30607.22,910.25,44488470,N/A,2025-09-24 13:16:31
4387,6.185874,6.150177,477.553558,5.00e-05,33720.20,1024.00,44503145,N/A,2025-09-24 13:16:32
4388,6.031335,6.150177,477.553558,5.00e-05,15575.53,867.50,44516680,N/A,2025-09-24 13:16:33
4389,6.151664,6.150177,477.553558,5.00e-05,15775.59,950.00,44530740,N/A,2025-09-24 13:16:34
4390,6.137743,6.150177,477.553558,5.00e-05,30377.23,895.75,44543690,0.8120,2025-09-24 13:16:34
4391,5.909744,6.150177,477.553558,5.00e-05,28913.88,957.25,44557803,N/A,2025-09-24 13:16:35
4392,5.961936,6.150177,477.553558,5.00e-05,27825.12,659.50,44569817,N/A,2025-09-24 13:16:35
4393,5.981006,6.150177,477.553558,5.00e-05,29759.42,629.00,44582295,N/A,2025-09-24 13:16:36
4394,5.934207,6.150177,477.553558,5.00e-05,28439.65,772.50,44595282,N/A,2025-09-24 13:16:36
4395,5.925157,6.150177,477.553558,5.00e-05,28431.07,718.25,44607442,N/A,2025-09-24 13:16:37
4396,6.013443,6.150177,477.553558,5.00e-05,29549.91,890.50,44619682,N/A,2025-09-24 13:16:37
4397,6.008670,6.150177,477.553558,5.00e-05,28080.13,710.25,44631743,N/A,2025-09-24 13:16:38
4398,5.994555,6.150177,477.553558,5.00e-05,28061.98,813.75,44644260,N/A,2025-09-24 13:16:38
4399,6.433065,6.150177,477.553558,5.00e-05,27609.18,619.75,44655892,N/A,2025-09-24 13:16:39
4400,5.830716,6.150177,477.553558,5.00e-05,21450.33,713.50,44669221,0.7500,2025-09-24 13:16:39
4401,6.247008,6.150177,477.553558,5.00e-05,22563.62,1024.00,44684449,N/A,2025-09-24 13:16:40
4402,6.113524,6.150177,477.553558,5.00e-05,21210.77,716.25,44696949,N/A,2025-09-24 13:16:41
4403,6.411436,6.150177,477.553558,5.00e-05,32115.08,775.50,44710370,N/A,2025-09-24 13:16:41
4404,6.175046,6.150177,477.553558,5.00e-05,30118.97,841.50,44723435,N/A,2025-09-24 13:16:41
4405,6.091546,6.150177,477.553558,5.00e-05,31848.79,861.25,44737247,N/A,2025-09-24 13:16:42
4406,6.110175,6.150177,477.553558,5.00e-05,32199.60,860.75,44749925,N/A,2025-09-24 13:16:42
4407,5.868742,6.150177,477.553558,5.00e-05,33253.35,967.00,44763801,N/A,2025-09-24 13:16:43
4408,6.729185,6.150177,477.553558,5.00e-05,32689.43,977.25,44776969,N/A,2025-09-24 13:16:43
4409,6.308815,6.150177,477.553558,5.00e-05,32553.91,996.25,44790084,N/A,2025-09-24 13:16:44
4410,6.751176,6.150177,477.553558,5.00e-05,31201.72,757.50,44802594,0.7977,2025-09-24 13:16:44
4411,5.904410,6.150177,477.553558,5.00e-05,27448.17,895.25,44814800,N/A,2025-09-24 13:16:45
4412,5.915452,6.150177,477.553558,5.00e-05,27459.75,786.75,44828203,N/A,2025-09-24 13:16:45
4413,6.464831,6.150177,477.553558,5.00e-05,14204.07,834.75,44841027,N/A,2025-09-24 13:16:47
4414,6.208501,6.150177,477.553558,5.00e-05,14398.00,786.75,44854342,N/A,2025-09-24 13:16:47
4415,6.139457,6.150177,477.553558,5.00e-05,32082.05,822.50,44866991,N/A,2025-09-24 13:16:48
4416,6.349000,6.150177,477.553558,5.00e-05,29309.55,821.25,44879583,N/A,2025-09-24 13:16:48
4417,6.196247,6.150177,477.553558,5.00e-05,27637.44,758.00,44892298,N/A,2025-09-24 13:16:49
4418,6.123037,6.150177,477.553558,5.00e-05,27605.44,820.00,44904744,N/A,2025-09-24 13:16:49
4419,6.027490,6.150177,477.553558,5.00e-05,30650.67,823.00,44918235,N/A,2025-09-24 13:16:50
4420,6.182639,6.150177,477.553558,5.00e-05,28722.16,733.00,44930384,0.7455,2025-09-24 13:16:50
4421,6.508554,6.150177,477.553558,5.00e-05,27019.38,895.00,44944344,N/A,2025-09-24 13:16:51
4422,6.217887,6.150177,477.553558,5.00e-05,27167.38,840.00,44957575,N/A,2025-09-24 13:16:51
4423,6.258909,6.150177,477.553558,5.00e-05,32170.68,1009.00,44970557,N/A,2025-09-24 13:16:52
4424,6.038280,6.150177,477.553558,5.00e-05,31475.13,829.25,44984033,N/A,2025-09-24 13:16:52
4425,6.209186,6.150177,477.553558,5.00e-05,24722.93,929.00,44998481,N/A,2025-09-24 13:16:53
4426,6.322345,6.150177,477.553558,5.00e-05,25123.91,956.50,45012668,N/A,2025-09-24 13:16:53
4427,6.141667,6.150177,477.553558,5.00e-05,24402.37,650.00,45025443,N/A,2025-09-24 13:16:54
4428,6.060677,6.150177,477.553558,5.00e-05,32479.92,831.75,45038967,N/A,2025-09-24 13:16:54
4429,6.316778,6.150177,477.553558,5.00e-05,32146.70,931.25,45053241,N/A,2025-09-24 13:16:55
4430,6.078215,6.150177,477.553558,5.00e-05,32861.32,858.25,45066879,0.8407,2025-09-24 13:16:55
4431,6.280796,6.150177,477.553558,5.00e-05,29029.76,700.25,45078931,N/A,2025-09-24 13:16:56
4432,6.144271,6.150177,477.553558,5.00e-05,26854.97,808.75,45090969,N/A,2025-09-24 13:16:56
4433,6.210726,6.150177,477.553558,5.00e-05,30242.15,624.50,45103288,N/A,2025-09-24 13:16:57
4434,6.158466,6.150177,477.553558,5.00e-05,30179.87,754.50,45115776,N/A,2025-09-24 13:16:57
4435,6.241705,6.150177,477.553558,5.00e-05,30570.01,789.00,45128460,N/A,2025-09-24 13:16:57
4436,6.322555,6.150177,477.553558,5.00e-05,29101.10,891.00,45141049,N/A,2025-09-24 13:16:58
4437,6.064027,6.150177,477.553558,5.00e-05,28539.11,670.25,45152943,N/A,2025-09-24 13:16:58
4438,5.963772,6.150177,477.553558,5.00e-05,13374.49,907.25,45165820,N/A,2025-09-24 13:17:00
4439,6.329415,6.150177,477.553558,5.00e-05,14370.75,927.25,45179910,N/A,2025-09-24 13:17:01
4440,6.196629,6.150177,477.553558,5.00e-05,30951.68,595.00,45192279,0.7439,2025-09-24 13:17:01
4441,6.178550,6.150177,477.553558,5.00e-05,27779.33,781.50,45205657,N/A,2025-09-24 13:17:02
4442,6.301105,6.150177,477.553558,5.00e-05,26927.84,832.00,45218360,N/A,2025-09-24 13:17:02
4443,5.962275,6.150177,477.553558,5.00e-05,31206.26,781.25,45232676,N/A,2025-09-24 13:17:03
4444,6.138259,6.150177,477.553558,5.00e-05,31478.94,826.75,45246554,N/A,2025-09-24 13:17:03
4445,6.332105,6.150177,477.553558,5.00e-05,31597.08,852.50,45259545,N/A,2025-09-24 13:17:03
4446,6.087065,6.150177,477.553558,5.00e-05,30944.78,809.00,45272138,N/A,2025-09-24 13:17:04
4447,6.311943,6.150177,477.553558,5.00e-05,30896.80,739.25,45285061,N/A,2025-09-24 13:17:04
4448,6.262161,6.150177,477.553558,5.00e-05,31802.71,770.50,45299101,N/A,2025-09-24 13:17:05
4449,6.258878,6.150177,477.553558,5.00e-05,30794.00,595.50,45311846,N/A,2025-09-24 13:17:05
4450,6.412018,6.150177,477.553558,5.00e-05,21866.79,680.75,45325227,0.8139,2025-09-24 13:17:06
4451,6.282228,6.150177,477.553558,5.00e-05,20270.73,945.00,45338463,N/A,2025-09-24 13:17:07
4452,5.945133,6.150177,477.553558,5.00e-05,20347.52,690.50,45351103,N/A,2025-09-24 13:17:07
4453,6.248065,6.150177,477.553558,5.00e-05,31153.72,688.50,45363657,N/A,2025-09-24 13:17:08
4454,6.220912,6.150177,477.553558,5.00e-05,29551.16,801.75,45376450,N/A,2025-09-24 13:17:08
4455,6.316587,6.150177,477.553558,5.00e-05,28680.36,742.50,45389861,N/A,2025-09-24 13:17:09
4456,5.919574,6.150177,477.553558,5.00e-05,28477.16,804.25,45401754,N/A,2025-09-24 13:17:09
4457,6.066641,6.150177,477.553558,5.00e-05,27230.90,697.50,45413703,N/A,2025-09-24 13:17:10
4458,6.315380,6.150177,477.553558,5.00e-05,29371.86,778.00,45426983,N/A,2025-09-24 13:17:10
4459,6.075667,6.150177,477.553558,5.00e-05,29412.77,699.00,45438829,N/A,2025-09-24 13:17:10
4460,6.232014,6.150177,477.553558,5.00e-05,30410.96,932.75,45452613,0.9181,2025-09-24 13:17:11
4461,6.060410,6.150177,477.553558,5.00e-05,28695.04,831.50,45465739,N/A,2025-09-24 13:17:11
4462,6.000732,6.150177,477.553558,5.00e-05,29720.36,806.75,45479464,N/A,2025-09-24 13:17:12
4463,6.387468,6.150177,477.553558,5.00e-05,15422.17,878.25,45493444,N/A,2025-09-24 13:17:14
4464,5.939894,6.150177,477.553558,5.00e-05,14804.01,879.00,45505954,N/A,2025-09-24 13:17:14
4465,6.449068,6.150177,477.553558,5.00e-05,31818.36,694.75,45518820,N/A,2025-09-24 13:17:14
4466,6.359207,6.150177,477.553558,5.00e-05,31593.48,708.75,45532112,N/A,2025-09-24 13:17:15
4467,6.422642,6.150177,477.553558,5.00e-05,32104.54,845.25,45546210,N/A,2025-09-24 13:17:15
4468,6.288893,6.150177,477.553558,5.00e-05,32193.94,812.25,45559630,N/A,2025-09-24 13:17:16
4469,6.014479,6.150177,477.553558,5.00e-05,31343.70,641.25,45571706,N/A,2025-09-24 13:17:16
4470,5.910905,6.150177,477.553558,5.00e-05,29087.19,694.75,45583928,1.0000,2025-09-24 13:17:17
4471,6.035241,6.150177,477.553558,5.00e-05,27808.73,773.50,45598174,N/A,2025-09-24 13:17:17
4472,6.170896,6.150177,477.553558,5.00e-05,29228.98,860.00,45611327,N/A,2025-09-24 13:17:18
4473,6.326245,6.150177,477.553558,5.00e-05,31197.03,824.75,45623543,N/A,2025-09-24 13:17:18
4474,5.922369,6.150177,477.553558,5.00e-05,31147.04,822.25,45637095,N/A,2025-09-24 13:17:19
4475,5.980531,6.150177,477.553558,5.00e-05,22987.52,883.50,45649792,N/A,2025-09-24 13:17:19
4476,6.024012,6.150177,477.553558,5.00e-05,22640.89,757.75,45662902,N/A,2025-09-24 13:17:20
4477,6.459495,6.150177,477.553558,5.00e-05,24570.50,893.00,45677246,N/A,2025-09-24 13:17:20
4478,6.149453,6.150177,477.553558,5.00e-05,33199.87,826.25,45691152,N/A,2025-09-24 13:17:21
4479,5.765478,6.150177,477.553558,5.00e-05,32680.91,775.00,45703470,N/A,2025-09-24 13:17:21
4480,5.792029,6.150177,477.553558,5.00e-05,29317.07,797.25,45716959,0.7569,2025-09-24 13:17:22
4481,6.403896,6.150177,477.553558,5.00e-05,26591.28,681.75,45729873,N/A,2025-09-24 13:17:22
4482,6.265860,6.150177,477.553558,5.00e-05,26701.41,727.75,45742342,N/A,2025-09-24 13:17:23
4483,6.077779,6.150177,477.553558,5.00e-05,31684.90,802.25,45755287,N/A,2025-09-24 13:17:23
4484,6.124350,6.150177,477.553558,5.00e-05,31289.04,629.25,45767412,N/A,2025-09-24 13:17:24
4485,6.241492,6.150177,477.553558,5.00e-05,30873.23,709.75,45780294,N/A,2025-09-24 13:17:24
4486,6.257417,6.150177,477.553558,5.00e-05,31227.64,814.50,45793725,N/A,2025-09-24 13:17:25
4487,5.937904,6.150177,477.553558,5.00e-05,31992.65,822.00,45806120,N/A,2025-09-24 13:17:25
4488,6.131283,6.150177,477.553558,5.00e-05,14615.49,819.00,45820120,N/A,2025-09-24 13:17:27
4489,5.947458,6.150177,477.553558,5.00e-05,15049.21,1022.00,45833921,N/A,2025-09-24 13:17:27
4490,5.974741,6.150177,477.553558,5.00e-05,31020.64,701.75,45846753,0.7450,2025-09-24 13:17:28
4491,6.079524,6.150177,477.553558,5.00e-05,27521.01,946.00,45860366,N/A,2025-09-24 13:17:28
4492,6.138297,6.150177,477.553558,5.00e-05,28481.56,1020.25,45875527,N/A,2025-09-24 13:17:29
4493,6.106149,6.150177,477.553558,5.00e-05,31535.00,903.50,45888966,N/A,2025-09-24 13:17:29
4494,6.006019,6.150177,477.553558,5.00e-05,30631.54,815.00,45902247,N/A,2025-09-24 13:17:30
4495,6.103823,6.150177,477.553558,5.00e-05,30892.72,957.75,45916651,N/A,2025-09-24 13:17:30
4496,6.253935,6.150177,477.553558,5.00e-05,32352.66,678.25,45930138,N/A,2025-09-24 13:17:31
4497,6.043899,6.150177,477.553558,5.00e-05,34538.62,803.00,45943629,N/A,2025-09-24 13:17:31
4498,6.001420,6.150177,477.553558,5.00e-05,32589.62,832.75,45956892,N/A,2025-09-24 13:17:31
4499,6.110580,6.150177,477.553558,5.00e-05,32462.91,644.00,45969696,N/A,2025-09-24 13:17:32
4500,5.893046,6.179296,497.640259,5.00e-05,3322.33,604.75,45981060,N/A,2025-09-24 13:17:41
4501,6.001465,6.179296,497.640259,5.00e-05,3170.87,741.25,45993835,N/A,2025-09-24 13:17:41
4502,5.775170,6.179296,497.640259,5.00e-05,3229.15,775.00,46006232,N/A,2025-09-24 13:17:42
4503,6.186090,6.179296,497.640259,5.00e-05,29273.94,994.75,46018833,N/A,2025-09-24 13:17:42
4504,6.004259,6.179296,497.640259,5.00e-05,30931.32,876.00,46031900,N/A,2025-09-24 13:17:43
4505,6.359746,6.179296,497.640259,5.00e-05,31730.87,954.50,46045144,N/A,2025-09-24 13:17:43
4506,6.230313,6.179296,497.640259,5.00e-05,32314.66,837.75,46058922,N/A,2025-09-24 13:17:44
4507,6.130394,6.179296,497.640259,5.00e-05,32404.96,754.50,46072205,N/A,2025-09-24 13:17:44
4508,6.090578,6.179296,497.640259,5.00e-05,32035.88,740.50,46085242,N/A,2025-09-24 13:17:44
4509,5.687645,6.179296,497.640259,5.00e-05,32580.96,878.25,46098932,N/A,2025-09-24 13:17:45
4510,5.587449,6.179296,497.640259,5.00e-05,30908.15,846.25,46112060,0.6286,2025-09-24 13:17:45
4511,6.012683,6.179296,497.640259,5.00e-05,27063.84,929.00,46125232,N/A,2025-09-24 13:17:46
4512,5.927158,6.179296,497.640259,5.00e-05,28597.92,697.00,46138205,N/A,2025-09-24 13:17:46
4513,6.074758,6.179296,497.640259,5.00e-05,33856.14,893.75,46152436,N/A,2025-09-24 13:17:47
4514,6.087049,6.179296,497.640259,5.00e-05,33436.31,697.50,46165859,N/A,2025-09-24 13:17:47
4515,6.094838,6.179296,497.640259,5.00e-05,34252.06,918.00,46180009,N/A,2025-09-24 13:17:48
4516,6.373336,6.179296,497.640259,5.00e-05,33367.63,624.75,46193261,N/A,2025-09-24 13:17:48
4517,6.141215,6.179296,497.640259,5.00e-05,32376.50,761.50,46205585,N/A,2025-09-24 13:17:49
4518,6.371252,6.179296,497.640259,5.00e-05,30377.41,842.50,46218435,N/A,2025-09-24 13:17:49
4519,6.221831,6.179296,497.640259,5.00e-05,30564.67,849.25,46232554,N/A,2025-09-24 13:17:50
4520,6.054160,6.179296,497.640259,5.00e-05,29115.32,859.00,46244690,0.8027,2025-09-24 13:17:50
4521,6.236643,6.179296,497.640259,5.00e-05,26531.82,815.75,46257550,N/A,2025-09-24 13:17:51
4522,6.230510,6.179296,497.640259,5.00e-05,27345.12,880.50,46270033,N/A,2025-09-24 13:17:51
4523,5.894946,6.179296,497.640259,5.00e-05,29888.96,882.75,46282268,N/A,2025-09-24 13:17:52
4524,5.994309,6.179296,497.640259,5.00e-05,31261.33,725.75,46296116,N/A,2025-09-24 13:17:52
4525,5.982634,6.179296,497.640259,5.00e-05,11932.40,724.00,46308261,N/A,2025-09-24 13:17:54
4526,6.119141,6.179296,497.640259,5.00e-05,12018.29,763.50,46322073,N/A,2025-09-24 13:17:55
4527,6.844387,6.179296,497.640259,5.00e-05,23068.71,796.25,46334626,N/A,2025-09-24 13:17:55
4528,6.132988,6.179296,497.640259,5.00e-05,31153.99,820.75,46348281,N/A,2025-09-24 13:17:55
4529,6.442099,6.179296,497.640259,5.00e-05,32611.82,787.25,46362225,N/A,2025-09-24 13:17:56
4530,6.483225,6.179296,497.640259,5.00e-05,31573.28,618.25,46375155,0.7647,2025-09-24 13:17:56
4531,6.130071,6.179296,497.640259,5.00e-05,27879.16,960.50,46389256,N/A,2025-09-24 13:17:57
4532,5.981452,6.179296,497.640259,5.00e-05,26411.06,843.75,46401270,N/A,2025-09-24 13:17:57
4533,6.355979,6.179296,497.640259,5.00e-05,28114.42,876.00,46414199,N/A,2025-09-24 13:17:58
4534,6.143457,6.179296,497.640259,5.00e-05,29008.45,880.75,46427407,N/A,2025-09-24 13:17:58
4535,6.464827,6.179296,497.640259,5.00e-05,30847.75,955.75,46441120,N/A,2025-09-24 13:17:59
4536,6.174454,6.179296,497.640259,5.00e-05,31300.05,801.00,46452873,N/A,2025-09-24 13:17:59
4537,6.069057,6.179296,497.640259,5.00e-05,29144.82,780.25,46465619,N/A,2025-09-24 13:18:00
4538,6.399135,6.179296,497.640259,5.00e-05,31380.88,912.50,46480531,N/A,2025-09-24 13:18:00
4539,6.097387,6.179296,497.640259,5.00e-05,32691.75,759.25,46495112,N/A,2025-09-24 13:18:01
4540,6.076002,6.179296,497.640259,5.00e-05,33245.43,892.50,46508510,0.8547,2025-09-24 13:18:01
4541,6.206228,6.179296,497.640259,5.00e-05,28199.23,740.50,46521061,N/A,2025-09-24 13:18:02
4542,5.736791,6.179296,497.640259,5.00e-05,28894.94,1019.00,46535587,N/A,2025-09-24 13:18:02
4543,5.815392,6.179296,497.640259,5.00e-05,34272.05,800.00,46549871,N/A,2025-09-24 13:18:03
4544,6.034969,6.179296,497.640259,5.00e-05,33858.52,634.50,46562379,N/A,2025-09-24 13:18:03
4545,5.876292,6.179296,497.640259,5.00e-05,29454.50,779.75,46574652,N/A,2025-09-24 13:18:04
4546,6.168007,6.179296,497.640259,5.00e-05,29407.04,781.25,46588253,N/A,2025-09-24 13:18:04
4547,6.328336,6.179296,497.640259,5.00e-05,31426.55,821.75,46601403,N/A,2025-09-24 13:18:04
4548,6.324941,6.179296,497.640259,5.00e-05,31917.03,851.50,46614625,N/A,2025-09-24 13:18:05
4549,6.028009,6.179296,497.640259,5.00e-05,32132.23,956.00,46629006,N/A,2025-09-24 13:18:05
4550,6.563897,6.179296,497.640259,5.00e-05,12724.09,783.50,46642376,0.7671,2025-09-24 13:18:07
4551,6.377454,6.179296,497.640259,5.00e-05,12383.93,755.00,46656378,N/A,2025-09-24 13:18:08
4552,6.289649,6.179296,497.640259,5.00e-05,22670.51,758.75,46669370,N/A,2025-09-24 13:18:08
4553,6.177395,6.179296,497.640259,5.00e-05,33194.07,743.50,46683025,N/A,2025-09-24 13:18:09
4554,5.846480,6.179296,497.640259,5.00e-05,32778.28,687.00,46695966,N/A,2025-09-24 13:18:09
4555,5.679152,6.179296,497.640259,5.00e-05,32342.63,764.25,46709808,N/A,2025-09-24 13:18:10
4556,6.226645,6.179296,497.640259,5.00e-05,33135.91,802.25,46723157,N/A,2025-09-24 13:18:10
4557,6.139993,6.179296,497.640259,5.00e-05,31113.28,678.00,46734792,N/A,2025-09-24 13:18:11
4558,6.084234,6.179296,497.640259,5.00e-05,30597.02,940.50,46748262,N/A,2025-09-24 13:18:11
4559,6.122808,6.179296,497.640259,5.00e-05,31547.39,933.75,46762150,N/A,2025-09-24 13:18:12
4560,5.938828,6.179296,497.640259,5.00e-05,32836.95,776.75,46776577,0.6080,2025-09-24 13:18:12
4561,6.249977,6.179296,497.640259,5.00e-05,29617.73,906.25,46790173,N/A,2025-09-24 13:18:13
4562,5.941300,6.179296,497.640259,5.00e-05,27812.94,792.25,46802015,N/A,2025-09-24 13:18:13
4563,6.474741,6.179296,497.640259,5.00e-05,31901.12,796.25,46815996,N/A,2025-09-24 13:18:14
4564,6.252207,6.179296,497.640259,5.00e-05,31993.41,729.50,46829563,N/A,2025-09-24 13:18:14
4565,5.746511,6.179296,497.640259,5.00e-05,30875.95,800.25,46841772,N/A,2025-09-24 13:18:14
4566,6.031666,6.179296,497.640259,5.00e-05,28303.93,865.25,46853970,N/A,2025-09-24 13:18:15
4567,6.100973,6.179296,497.640259,5.00e-05,28449.55,1024.00,46867864,N/A,2025-09-24 13:18:15
4568,6.340600,6.179296,497.640259,5.00e-05,29836.19,801.25,46882314,N/A,2025-09-24 13:18:16
4569,5.952354,6.179296,497.640259,5.00e-05,29829.45,661.25,46894852,N/A,2025-09-24 13:18:16
4570,6.193439,6.179296,497.640259,5.00e-05,27714.30,835.00,46907979,0.8301,2025-09-24 13:18:17
4571,6.029679,6.179296,497.640259,5.00e-05,23007.53,943.25,46921328,N/A,2025-09-24 13:18:18
4572,6.068045,6.179296,497.640259,5.00e-05,22898.89,780.50,46933256,N/A,2025-09-24 13:18:18
4573,6.356071,6.179296,497.640259,5.00e-05,5386.12,806.75,46945324,N/A,2025-09-24 13:18:23
4574,6.085455,6.179296,497.640259,5.00e-05,5765.12,985.50,46959199,N/A,2025-09-24 13:18:24
4575,6.405048,6.179296,497.640259,5.00e-05,13093.80,1010.00,46973344,N/A,2025-09-24 13:18:26
4576,5.964720,6.179296,497.640259,5.00e-05,12862.39,849.50,46986498,N/A,2025-09-24 13:18:26
4577,5.973907,6.179296,497.640259,5.00e-05,22995.50,720.50,46998812,N/A,2025-09-24 13:18:27
4578,6.472419,6.179296,497.640259,5.00e-05,31203.79,782.50,47012868,N/A,2025-09-24 13:18:27
4579,5.785955,6.179296,497.640259,5.00e-05,29179.69,891.50,47025205,N/A,2025-09-24 13:18:28
4580,6.218444,6.179296,497.640259,5.00e-05,31330.23,827.50,47039955,0.9011,2025-09-24 13:18:28
4581,5.759149,6.179296,497.640259,5.00e-05,30981.27,911.00,47054388,N/A,2025-09-24 13:18:29
4582,6.205119,6.179296,497.640259,5.00e-05,30541.06,900.25,47067700,N/A,2025-09-24 13:18:29
4583,6.222052,6.179296,497.640259,5.00e-05,34157.76,976.50,47081805,N/A,2025-09-24 13:18:29
4584,6.208083,6.179296,497.640259,5.00e-05,34005.43,820.50,47095522,N/A,2025-09-24 13:18:30
4585,6.147113,6.179296,497.640259,5.00e-05,32731.03,696.75,47108445,N/A,2025-09-24 13:18:30
4586,6.082188,6.179296,497.640259,5.00e-05,32642.24,846.75,47121913,N/A,2025-09-24 13:18:31
4587,5.910917,6.179296,497.640259,5.00e-05,32258.68,666.00,47135902,N/A,2025-09-24 13:18:31
4588,6.253203,6.179296,497.640259,5.00e-05,33200.01,631.25,47149733,N/A,2025-09-24 13:18:32
4589,6.093662,6.179296,497.640259,5.00e-05,33178.00,910.50,47163590,N/A,2025-09-24 13:18:32
4590,6.389031,6.179296,497.640259,5.00e-05,30797.27,919.25,47176484,0.9930,2025-09-24 13:18:33
4591,5.955635,6.179296,497.640259,5.00e-05,28858.29,912.50,47190964,N/A,2025-09-24 13:18:33
4592,6.226471,6.179296,497.640259,5.00e-05,28767.93,955.25,47205295,N/A,2025-09-24 13:18:34
4593,6.146214,6.179296,497.640259,5.00e-05,33047.35,803.25,47218155,N/A,2025-09-24 13:18:34
4594,5.767626,6.179296,497.640259,5.00e-05,30786.13,792.25,47230616,N/A,2025-09-24 13:18:35
4595,6.164634,6.179296,497.640259,5.00e-05,32305.06,925.50,47244386,N/A,2025-09-24 13:18:35
4596,5.701519,6.179296,497.640259,5.00e-05,32883.15,984.50,47258538,N/A,2025-09-24 13:18:36
4597,6.074425,6.179296,497.640259,5.00e-05,34618.01,820.00,47273219,N/A,2025-09-24 13:18:36
4598,6.227145,6.179296,497.640259,5.00e-05,34824.88,772.50,47286999,N/A,2025-09-24 13:18:36
4599,6.039514,6.179296,497.640259,5.00e-05,31385.65,676.25,47299785,N/A,2025-09-24 13:18:37
4600,6.022134,6.179296,497.640259,5.00e-05,11537.71,831.75,47312296,0.9288,2025-09-24 13:18:39
4601,7.672287,6.179296,497.640259,5.00e-05,11532.97,918.75,47326073,N/A,2025-09-24 13:18:40
4602,6.042553,6.179296,497.640259,5.00e-05,21288.40,852.50,47339697,N/A,2025-09-24 13:18:40
4603,5.971653,6.179296,497.640259,5.00e-05,32801.57,889.50,47353079,N/A,2025-09-24 13:18:40
4604,6.147006,6.179296,497.640259,5.00e-05,33842.02,851.00,47366783,N/A,2025-09-24 13:18:41
4605,6.155148,6.179296,497.640259,5.00e-05,33579.96,1024.00,47381165,N/A,2025-09-24 13:18:41
4606,5.979289,6.179296,497.640259,5.00e-05,34107.75,813.00,47395560,N/A,2025-09-24 13:18:42
4607,6.062174,6.179296,497.640259,5.00e-05,33707.21,959.75,47409379,N/A,2025-09-24 13:18:42
4608,6.175251,6.179296,497.640259,5.00e-05,33788.37,759.25,47423235,N/A,2025-09-24 13:18:43
4609,6.307377,6.179296,497.640259,5.00e-05,31870.97,863.50,47436329,N/A,2025-09-24 13:18:43
4610,5.960554,6.179296,497.640259,5.00e-05,31170.41,1017.25,47451431,0.7362,2025-09-24 13:18:44
4611,6.450373,6.179296,497.640259,5.00e-05,28789.85,829.00,47465689,N/A,2025-09-24 13:18:44
4612,6.110042,6.179296,497.640259,5.00e-05,29070.71,853.50,47478463,N/A,2025-09-24 13:18:45
4613,6.118983,6.179296,497.640259,5.00e-05,30592.00,896.25,47491534,N/A,2025-09-24 13:18:45
4614,6.039068,6.179296,497.640259,5.00e-05,32941.60,839.75,47505272,N/A,2025-09-24 13:18:46
4615,6.500632,6.179296,497.640259,5.00e-05,34101.17,778.00,47519078,N/A,2025-09-24 13:18:46
4616,6.426605,6.179296,497.640259,5.00e-05,33724.25,881.75,47532571,N/A,2025-09-24 13:18:46
4617,6.192767,6.179296,497.640259,5.00e-05,33445.87,967.75,47546392,N/A,2025-09-24 13:18:47
4618,6.727499,6.179296,497.640259,5.00e-05,32976.91,785.75,47559640,N/A,2025-09-24 13:18:47
4619,6.471804,6.179296,497.640259,5.00e-05,32306.44,893.25,47573207,N/A,2025-09-24 13:18:48
4620,6.332435,6.179296,497.640259,5.00e-05,31667.36,831.25,47587876,0.6984,2025-09-24 13:18:48
4621,6.258378,6.179296,497.640259,5.00e-05,29806.45,1004.50,47602670,N/A,2025-09-24 13:18:49
4622,6.061053,6.179296,497.640259,5.00e-05,30532.96,940.00,47617028,N/A,2025-09-24 13:18:49
4623,6.018342,6.179296,497.640259,5.00e-05,33934.35,773.00,47629962,N/A,2025-09-24 13:18:50
4624,6.272416,6.179296,497.640259,5.00e-05,32637.49,726.25,47643349,N/A,2025-09-24 13:18:50
4625,6.317555,6.179296,497.640259,5.00e-05,12905.09,1008.50,47657108,N/A,2025-09-24 13:18:52
4626,6.460438,6.179296,497.640259,5.00e-05,12637.99,819.00,47670679,N/A,2025-09-24 13:18:53
4627,6.159222,6.179296,497.640259,5.00e-05,24617.86,842.25,47684462,N/A,2025-09-24 13:18:53
4628,5.979529,6.179296,497.640259,5.00e-05,32814.42,775.50,47698104,N/A,2025-09-24 13:18:54
4629,6.020568,6.179296,497.640259,5.00e-05,32417.32,911.25,47710945,N/A,2025-09-24 13:18:54
4630,6.511869,6.179296,497.640259,5.00e-05,30287.64,574.50,47723295,0.8113,2025-09-24 13:18:55
4631,6.065530,6.179296,497.640259,5.00e-05,27590.66,781.25,47736067,N/A,2025-09-24 13:18:55
4632,5.869510,6.179296,497.640259,5.00e-05,27202.88,823.00,47749067,N/A,2025-09-24 13:18:56
4633,6.319402,6.179296,497.640259,5.00e-05,32168.04,946.50,47762863,N/A,2025-09-24 13:18:56
4634,6.023699,6.179296,497.640259,5.00e-05,32405.73,877.50,47776293,N/A,2025-09-24 13:18:56
4635,6.342124,6.179296,497.640259,5.00e-05,31273.92,929.50,47790302,N/A,2025-09-24 13:18:57
4636,6.187525,6.179296,497.640259,5.00e-05,30226.34,794.50,47802279,N/A,2025-09-24 13:18:57
4637,6.175107,6.179296,497.640259,5.00e-05,29783.10,757.75,47815102,N/A,2025-09-24 13:18:58
4638,6.316348,6.179296,497.640259,5.00e-05,32491.63,914.00,47828547,N/A,2025-09-24 13:18:58
4639,6.176378,6.179296,497.640259,5.00e-05,31772.43,730.75,47841241,N/A,2025-09-24 13:18:59
4640,6.139938,6.179296,497.640259,5.00e-05,30678.75,743.00,47853983,0.7793,2025-09-24 13:18:59
4641,5.891447,6.179296,497.640259,5.00e-05,25426.21,809.00,47866146,N/A,2025-09-24 13:19:00
4642,6.142526,6.179296,497.640259,5.00e-05,26525.45,883.00,47878961,N/A,2025-09-24 13:19:00
4643,6.089333,6.179296,497.640259,5.00e-05,30155.97,780.75,47893001,N/A,2025-09-24 13:19:01
4644,5.992359,6.179296,497.640259,5.00e-05,32295.39,912.25,47906288,N/A,2025-09-24 13:19:01
4645,6.285729,6.179296,497.640259,5.00e-05,31868.33,758.00,47919522,N/A,2025-09-24 13:19:02
4646,6.222299,6.179296,497.640259,5.00e-05,32004.81,697.00,47932164,N/A,2025-09-24 13:19:02
4647,6.195276,6.179296,497.640259,5.00e-05,30511.05,813.50,47944545,N/A,2025-09-24 13:19:03
4648,5.863960,6.179296,497.640259,5.00e-05,28901.53,779.75,47956694,N/A,2025-09-24 13:19:03
4649,6.133498,6.179296,497.640259,5.00e-05,28860.50,741.25,47969972,N/A,2025-09-24 13:19:03
4650,5.858939,6.179296,497.640259,5.00e-05,11979.59,666.25,47982604,0.5862,2025-09-24 13:19:06
4651,6.118869,6.179296,497.640259,5.00e-05,11791.41,771.75,47995604,N/A,2025-09-24 13:19:06
4652,5.925133,6.179296,497.640259,5.00e-05,21563.51,1024.00,48009217,N/A,2025-09-24 13:19:07
4653,6.363286,6.179296,497.640259,5.00e-05,32522.13,844.00,48022549,N/A,2025-09-24 13:19:07
4654,5.946328,6.179296,497.640259,5.00e-05,33777.92,891.25,48036665,N/A,2025-09-24 13:19:07
4655,6.159380,6.179296,497.640259,5.00e-05,32680.80,939.00,48050003,N/A,2025-09-24 13:19:08
4656,6.332682,6.179296,497.640259,5.00e-05,33197.63,979.25,48064012,N/A,2025-09-24 13:19:08
4657,5.734684,6.179296,497.640259,5.00e-05,33655.15,953.50,48076785,N/A,2025-09-24 13:19:09
4658,6.086774,6.179296,497.640259,5.00e-05,32271.56,813.50,48089832,N/A,2025-09-24 13:19:09
4659,5.915325,6.179296,497.640259,5.00e-05,32187.29,776.25,48102157,N/A,2025-09-24 13:19:10
4660,6.247375,6.179296,497.640259,5.00e-05,31280.36,660.75,48115938,0.5628,2025-09-24 13:19:10
4661,6.032480,6.179296,497.640259,5.00e-05,28256.41,721.25,48128376,N/A,2025-09-24 13:19:11
4662,6.135974,6.179296,497.640259,5.00e-05,28488.92,999.50,48141920,N/A,2025-09-24 13:19:11
4663,6.116945,6.179296,497.640259,5.00e-05,33362.16,957.50,48155537,N/A,2025-09-24 13:19:12
4664,6.650315,6.179296,497.640259,5.00e-05,34476.63,863.50,48169020,N/A,2025-09-24 13:19:12
4665,6.098951,6.179296,497.640259,5.00e-05,33484.00,847.50,48182456,N/A,2025-09-24 13:19:12
4666,6.216815,6.179296,497.640259,5.00e-05,32807.03,831.00,48195456,N/A,2025-09-24 13:19:13
4667,6.046130,6.179296,497.640259,5.00e-05,31300.61,703.75,48207576,N/A,2025-09-24 13:19:13
4668,5.853720,6.179296,497.640259,5.00e-05,31469.67,843.75,48220676,N/A,2025-09-24 13:19:14
4669,6.100862,6.179296,497.640259,5.00e-05,28329.89,776.00,48232232,N/A,2025-09-24 13:19:14
4670,6.165909,6.179296,497.640259,5.00e-05,27828.35,781.75,48245307,0.6195,2025-09-24 13:19:15
4671,5.710677,6.179296,497.640259,5.00e-05,25102.19,934.75,48258369,N/A,2025-09-24 13:19:15
4672,6.278675,6.179296,497.640259,5.00e-05,25935.69,830.25,48271391,N/A,2025-09-24 13:19:16
4673,5.960411,6.179296,497.640259,5.00e-05,31064.57,870.75,48285120,N/A,2025-09-24 13:19:16
4674,5.866983,6.179296,497.640259,5.00e-05,31174.62,859.50,48298008,N/A,2025-09-24 13:19:17
4675,6.586208,6.179296,497.640259,5.00e-05,12117.66,865.00,48312237,N/A,2025-09-24 13:19:19
4676,6.185479,6.179296,497.640259,5.00e-05,12061.10,714.50,48324401,N/A,2025-09-24 13:19:19
4677,6.121048,6.179296,497.640259,5.00e-05,23052.58,801.50,48338095,N/A,2025-09-24 13:19:20
4678,6.085253,6.179296,497.640259,5.00e-05,31889.70,628.25,48351270,N/A,2025-09-24 13:19:20
4679,6.377444,6.179296,497.640259,5.00e-05,31240.17,784.50,48363720,N/A,2025-09-24 13:19:21
4680,6.063991,6.179296,497.640259,5.00e-05,31031.58,988.00,48377319,0.8415,2025-09-24 13:19:21
4681,6.176937,6.179296,497.640259,5.00e-05,28066.86,787.00,48390642,N/A,2025-09-24 13:19:22
4682,6.224665,6.179296,497.640259,5.00e-05,28052.50,729.75,48403478,N/A,2025-09-24 13:19:22
4683,6.144329,6.179296,497.640259,5.00e-05,31746.70,871.25,48417592,N/A,2025-09-24 13:19:23
4684,6.053933,6.179296,497.640259,5.00e-05,31099.48,928.75,48430438,N/A,2025-09-24 13:19:23
4685,6.278391,6.179296,497.640259,5.00e-05,29338.25,798.75,48442600,N/A,2025-09-24 13:19:24
4686,6.568424,6.179296,497.640259,5.00e-05,29829.94,690.25,48454756,N/A,2025-09-24 13:19:24
4687,5.967642,6.179296,497.640259,5.00e-05,27248.18,817.00,48467204,N/A,2025-09-24 13:19:24
4688,6.079759,6.179296,497.640259,5.00e-05,30069.15,884.75,48481161,N/A,2025-09-24 13:19:25
4689,6.004379,6.179296,497.640259,5.00e-05,29212.65,709.00,48493013,N/A,2025-09-24 13:19:25
4690,6.500104,6.179296,497.640259,5.00e-05,28236.93,804.75,48505725,0.7732,2025-09-24 13:19:26
4691,6.241372,6.179296,497.640259,5.00e-05,26529.37,734.00,48518453,N/A,2025-09-24 13:19:26
4692,6.236001,6.179296,497.640259,5.00e-05,28038.21,906.75,48531383,N/A,2025-09-24 13:19:27
4693,6.235936,6.179296,497.640259,5.00e-05,32763.60,756.50,48545264,N/A,2025-09-24 13:19:27
4694,6.326265,6.179296,497.640259,5.00e-05,31315.61,672.50,48556807,N/A,2025-09-24 13:19:28
4695,6.177296,6.179296,497.640259,5.00e-05,31218.45,887.75,48570423,N/A,2025-09-24 13:19:28
4696,6.418487,6.179296,497.640259,5.00e-05,30353.06,620.50,48582523,N/A,2025-09-24 13:19:29
4697,6.304070,6.179296,497.640259,5.00e-05,30864.08,789.25,48595980,N/A,2025-09-24 13:19:29
4698,6.146951,6.179296,497.640259,5.00e-05,29296.83,901.25,48607732,N/A,2025-09-24 13:19:30
4699,6.246755,6.179296,497.640259,5.00e-05,30386.32,810.00,48621354,N/A,2025-09-24 13:19:30
4700,5.846231,6.179296,497.640259,5.00e-05,11654.71,661.00,48633404,0.9995,2025-09-24 13:19:32
4701,5.927000,6.179296,497.640259,5.00e-05,11119.56,695.75,48645923,N/A,2025-09-24 13:19:33
4702,6.124472,6.179296,497.640259,5.00e-05,20209.24,698.75,48658526,N/A,2025-09-24 13:19:33
4703,6.490665,6.179296,497.640259,5.00e-05,30251.65,1024.00,48671181,N/A,2025-09-24 13:19:34
4704,5.714178,6.179296,497.640259,5.00e-05,29882.80,692.00,48683310,N/A,2025-09-24 13:19:34
4705,6.050599,6.179296,497.640259,5.00e-05,31008.93,745.00,48696320,N/A,2025-09-24 13:19:34
4706,6.236954,6.179296,497.640259,5.00e-05,31090.10,845.00,48709745,N/A,2025-09-24 13:19:35
4707,5.843285,6.179296,497.640259,5.00e-05,32234.11,883.25,48722749,N/A,2025-09-24 13:19:35
4708,6.216189,6.179296,497.640259,5.00e-05,32772.32,835.00,48736188,N/A,2025-09-24 13:19:36
4709,6.502079,6.179296,497.640259,5.00e-05,33469.61,857.25,48750244,N/A,2025-09-24 13:19:36
4710,5.810601,6.179296,497.640259,5.00e-05,30084.62,726.00,48760723,0.6044,2025-09-24 13:19:37
4711,6.214655,6.179296,497.640259,5.00e-05,25439.44,797.00,48773920,N/A,2025-09-24 13:19:37
4712,5.942903,6.179296,497.640259,5.00e-05,27071.89,1001.25,48787782,N/A,2025-09-24 13:19:38
4713,6.528088,6.179296,497.640259,5.00e-05,31883.38,787.75,48800699,N/A,2025-09-24 13:19:38
4714,6.057932,6.179296,497.640259,5.00e-05,30408.80,855.75,48813890,N/A,2025-09-24 13:19:39
4715,6.224655,6.179296,497.640259,5.00e-05,31263.80,1024.00,48826899,N/A,2025-09-24 13:19:39
4716,6.028786,6.179296,497.640259,5.00e-05,31767.43,859.25,48839623,N/A,2025-09-24 13:19:40
4717,6.108222,6.179296,497.640259,5.00e-05,31803.35,865.75,48852727,N/A,2025-09-24 13:19:40
4718,6.014772,6.179296,497.640259,5.00e-05,31792.63,717.25,48866725,N/A,2025-09-24 13:19:41
4719,6.225039,6.179296,497.640259,5.00e-05,31963.29,847.75,48879687,N/A,2025-09-24 13:19:41
4720,5.660548,6.179296,497.640259,5.00e-05,29600.30,938.75,48894004,0.7628,2025-09-24 13:19:41
4721,6.024525,6.179296,497.640259,5.00e-05,26748.67,855.25,48907692,N/A,2025-09-24 13:19:42
4722,5.997345,6.179296,497.640259,5.00e-05,24939.09,549.25,48919327,N/A,2025-09-24 13:19:43
4723,6.007996,6.179296,497.640259,5.00e-05,29784.09,892.75,48932718,N/A,2025-09-24 13:19:43
4724,6.361652,6.179296,497.640259,5.00e-05,28599.61,622.25,48945307,N/A,2025-09-24 13:19:44
4725,6.221107,6.179296,497.640259,5.00e-05,11764.01,743.75,48957969,N/A,2025-09-24 13:19:46
4726,6.035351,6.179296,497.640259,5.00e-05,11230.99,848.00,48971136,N/A,2025-09-24 13:19:46
4727,6.085051,6.179296,497.640259,5.00e-05,21217.06,945.75,48984708,N/A,2025-09-24 13:19:47
4728,6.097692,6.179296,497.640259,5.00e-05,29264.75,679.75,48997030,N/A,2025-09-24 13:19:47
4729,6.046676,6.179296,497.640259,5.00e-05,31026.84,768.25,49011599,N/A,2025-09-24 13:19:48
4730,5.966372,6.179296,497.640259,5.00e-05,31259.35,862.00,49024508,0.8343,2025-09-24 13:19:48
4731,6.346005,6.179296,497.640259,5.00e-05,27341.95,818.50,49038489,N/A,2025-09-24 13:19:49
4732,6.361324,6.179296,497.640259,5.00e-05,27424.90,802.75,49051006,N/A,2025-09-24 13:19:49
4733,6.021358,6.179296,497.640259,5.00e-05,30705.66,837.00,49064461,N/A,2025-09-24 13:19:50
4734,5.994691,6.179296,497.640259,5.00e-05,32938.30,934.25,49078052,N/A,2025-09-24 13:19:50
4735,5.796368,6.179296,497.640259,5.00e-05,30856.01,727.50,49089917,N/A,2025-09-24 13:19:50
4736,5.652189,6.179296,497.640259,5.00e-05,32230.96,809.25,49104133,N/A,2025-09-24 13:19:51
4737,6.157568,6.179296,497.640259,5.00e-05,32793.85,997.25,49118972,N/A,2025-09-24 13:19:51
4738,5.973127,6.179296,497.640259,5.00e-05,33702.15,827.75,49132147,N/A,2025-09-24 13:19:52
4739,6.171365,6.179296,497.640259,5.00e-05,32176.58,977.00,49144698,N/A,2025-09-24 13:19:52
4740,6.306733,6.179296,497.640259,5.00e-05,30588.26,721.00,49158464,0.6323,2025-09-24 13:19:53
4741,6.022999,6.179296,497.640259,5.00e-05,27572.00,936.75,49170887,N/A,2025-09-24 13:19:53
4742,5.849951,6.179296,497.640259,5.00e-05,28265.32,795.25,49185165,N/A,2025-09-24 13:19:54
4743,6.091816,6.179296,497.640259,5.00e-05,34867.33,833.75,49199593,N/A,2025-09-24 13:19:54
4744,6.051763,6.179296,497.640259,5.00e-05,34085.63,875.25,49213276,N/A,2025-09-24 13:19:55
4745,6.352137,6.179296,497.640259,5.00e-05,32989.14,897.75,49226646,N/A,2025-09-24 13:19:55
4746,6.375941,6.179296,497.640259,5.00e-05,31503.16,889.50,49239556,N/A,2025-09-24 13:19:56
4747,6.511839,6.179296,497.640259,5.00e-05,29190.17,800.25,49252172,N/A,2025-09-24 13:19:56
4748,5.926196,6.179296,497.640259,5.00e-05,29021.04,1024.00,49264821,N/A,2025-09-24 13:19:56
4749,6.181976,6.179296,497.640259,5.00e-05,31007.29,988.25,49279614,N/A,2025-09-24 13:19:57
4750,6.008840,6.160396,536.139465,5.00e-05,3710.36,835.50,49292676,N/A,2025-09-24 13:20:06
4751,6.304287,6.160396,536.139465,5.00e-05,3704.16,917.75,49306820,N/A,2025-09-24 13:20:06
4752,6.143591,6.160396,536.139465,5.00e-05,4170.61,833.75,49320397,N/A,2025-09-24 13:20:07
4753,6.432627,6.160396,536.139465,5.00e-05,30734.57,908.00,49333267,N/A,2025-09-24 13:20:07
4754,5.831011,6.160396,536.139465,5.00e-05,28887.45,612.25,49346412,N/A,2025-09-24 13:20:08
4755,6.001780,6.160396,536.139465,5.00e-05,32236.68,814.75,49360581,N/A,2025-09-24 13:20:08
4756,5.951565,6.160396,536.139465,5.00e-05,32676.44,944.50,49375083,N/A,2025-09-24 13:20:09
4757,6.076708,6.160396,536.139465,5.00e-05,33467.32,809.25,49387638,N/A,2025-09-24 13:20:09
4758,5.897686,6.160396,536.139465,5.00e-05,23564.90,904.50,49400803,N/A,2025-09-24 13:20:10
4759,6.487988,6.160396,536.139465,5.00e-05,22520.97,1024.00,49413394,N/A,2025-09-24 13:20:10
4760,5.734353,6.160396,536.139465,5.00e-05,22766.97,802.25,49427181,0.7123,2025-09-24 13:20:11
4761,6.174535,6.160396,536.139465,5.00e-05,27154.16,704.75,49439342,N/A,2025-09-24 13:20:11
4762,6.327962,6.160396,536.139465,5.00e-05,27466.37,864.00,49452768,N/A,2025-09-24 13:20:12
4763,6.263508,6.160396,536.139465,5.00e-05,14851.22,977.25,49466955,N/A,2025-09-24 13:20:13
4764,6.331268,6.160396,536.139465,5.00e-05,14897.60,831.00,49479692,N/A,2025-09-24 13:20:14
4765,5.980834,6.160396,536.139465,5.00e-05,32256.33,1017.75,49493911,N/A,2025-09-24 13:20:14
4766,6.245833,6.160396,536.139465,5.00e-05,31952.69,817.50,49508056,N/A,2025-09-24 13:20:15
4767,6.167441,6.160396,536.139465,5.00e-05,30855.60,937.50,49520782,N/A,2025-09-24 13:20:15
4768,5.792078,6.160396,536.139465,5.00e-05,27325.05,803.00,49534541,N/A,2025-09-24 13:20:16
4769,5.906996,6.160396,536.139465,5.00e-05,27480.43,1024.00,49548061,N/A,2025-09-24 13:20:16
4770,6.184922,6.160396,536.139465,5.00e-05,5207.83,1016.75,49559241,0.7745,2025-09-24 13:20:22
4771,6.006841,6.160396,536.139465,5.00e-05,5549.43,812.00,49574106,N/A,2025-09-24 13:20:22
4772,6.210207,6.160396,536.139465,5.00e-05,30515.82,936.25,49588019,N/A,2025-09-24 13:20:23
4773,6.261662,6.160396,536.139465,5.00e-05,30108.47,884.50,49600677,N/A,2025-09-24 13:20:23
4774,6.317621,6.160396,536.139465,5.00e-05,27535.95,714.50,49612575,N/A,2025-09-24 13:20:24
4775,5.974879,6.160396,536.139465,5.00e-05,21069.93,817.50,49625730,N/A,2025-09-24 13:20:25
4776,6.319641,6.160396,536.139465,5.00e-05,22540.31,806.25,49638978,N/A,2025-09-24 13:20:25
4777,5.794868,6.160396,536.139465,5.00e-05,23222.94,958.50,49651912,N/A,2025-09-24 13:20:25
4778,6.633725,6.160396,536.139465,5.00e-05,30830.75,883.50,49665227,N/A,2025-09-24 13:20:26
4779,6.316420,6.160396,536.139465,5.00e-05,32088.69,853.00,49678913,N/A,2025-09-24 13:20:26
4780,6.135765,6.160396,536.139465,5.00e-05,30903.44,807.00,49691357,0.7339,2025-09-24 13:20:27
4781,6.480421,6.160396,536.139465,5.00e-05,27030.24,694.00,49704686,N/A,2025-09-24 13:20:27
4782,5.860561,6.160396,536.139465,5.00e-05,26994.08,755.25,49717269,N/A,2025-09-24 13:20:28
4783,6.143292,6.160396,536.139465,5.00e-05,30356.31,866.25,49730260,N/A,2025-09-24 13:20:28
4784,5.967339,6.160396,536.139465,5.00e-05,32563.36,883.75,49744337,N/A,2025-09-24 13:20:29
4785,6.186751,6.160396,536.139465,5.00e-05,31353.40,707.75,49757059,N/A,2025-09-24 13:20:29
4786,6.090197,6.160396,536.139465,5.00e-05,31648.87,852.25,49770772,N/A,2025-09-24 13:20:30
4787,6.246199,6.160396,536.139465,5.00e-05,31773.27,702.00,49784387,N/A,2025-09-24 13:20:30
4788,5.926033,6.160396,536.139465,5.00e-05,14381.52,813.75,49795943,N/A,2025-09-24 13:20:32
4789,6.322294,6.160396,536.139465,5.00e-05,13600.19,919.75,49809258,N/A,2025-09-24 13:20:32
4790,5.932915,6.160396,536.139465,5.00e-05,29102.00,691.75,49822340,0.5943,2025-09-24 13:20:33
4791,6.320146,6.160396,536.139465,5.00e-05,28102.18,985.50,49835132,N/A,2025-09-24 13:20:33
4792,6.098977,6.160396,536.139465,5.00e-05,28052.93,770.75,49848486,N/A,2025-09-24 13:20:34
4793,6.038918,6.160396,536.139465,5.00e-05,30595.81,927.00,49861004,N/A,2025-09-24 13:20:34
4794,5.895082,6.160396,536.139465,5.00e-05,30077.17,760.25,49874634,N/A,2025-09-24 13:20:35
4795,6.058636,6.160396,536.139465,5.00e-05,30274.15,855.50,49887673,N/A,2025-09-24 13:20:35
4796,6.100659,6.160396,536.139465,5.00e-05,32112.14,979.50,49901654,N/A,2025-09-24 13:20:36
4797,6.014956,6.160396,536.139465,5.00e-05,33129.35,874.00,49916237,N/A,2025-09-24 13:20:36
4798,6.151778,6.160396,536.139465,5.00e-05,33206.77,826.50,49929573,N/A,2025-09-24 13:20:37
4799,6.155546,6.160396,536.139465,5.00e-05,31789.34,826.25,49942989,N/A,2025-09-24 13:20:37
4800,6.283666,6.160396,536.139465,5.00e-05,23275.78,830.75,49956390,0.7714,2025-09-24 13:20:38
4801,6.039461,6.160396,536.139465,5.00e-05,21297.95,841.75,49969984,N/A,2025-09-24 13:20:39
4802,5.828027,6.160396,536.139465,5.00e-05,20936.96,800.25,49983172,N/A,2025-09-24 13:20:39
4803,6.174755,6.160396,536.139465,5.00e-05,31538.75,891.25,49996039,N/A,2025-09-24 13:20:39
4804,6.001344,6.160396,536.139465,5.00e-05,31443.09,795.50,50009081,N/A,2025-09-24 13:20:40
4805,6.174638,6.160396,536.139465,5.00e-05,30571.80,768.25,50021118,N/A,2025-09-24 13:20:40
4806,6.330816,6.160396,536.139465,5.00e-05,31143.73,728.75,50034782,N/A,2025-09-24 13:20:41
4807,5.939889,6.160396,536.139465,5.00e-05,33476.69,968.25,50049161,N/A,2025-09-24 13:20:41
4808,6.379102,6.160396,536.139465,5.00e-05,31929.98,835.00,50061710,N/A,2025-09-24 13:20:42
4809,5.934335,6.160396,536.139465,5.00e-05,30435.55,729.50,50074558,N/A,2025-09-24 13:20:42
4810,6.012574,6.160396,536.139465,5.00e-05,30297.34,840.75,50087769,0.6861,2025-09-24 13:20:43
4811,6.067158,6.160396,536.139465,5.00e-05,27185.11,839.00,50099907,N/A,2025-09-24 13:20:43
4812,5.880075,6.160396,536.139465,5.00e-05,25704.55,665.75,50111772,N/A,2025-09-24 13:20:44
4813,6.380702,6.160396,536.139465,5.00e-05,13708.83,915.75,50125669,N/A,2025-09-24 13:20:45
4814,6.277207,6.160396,536.139465,5.00e-05,13565.82,817.50,50138151,N/A,2025-09-24 13:20:46
4815,6.061135,6.160396,536.139465,5.00e-05,29362.52,866.50,50149998,N/A,2025-09-24 13:20:46
4816,6.294364,6.160396,536.139465,5.00e-05,29927.35,829.75,50162500,N/A,2025-09-24 13:20:47
4817,6.200905,6.160396,536.139465,5.00e-05,31157.98,723.50,50175502,N/A,2025-09-24 13:20:47
4818,5.665762,6.160396,536.139465,5.00e-05,31400.76,928.00,50188964,N/A,2025-09-24 13:20:48
4819,6.260076,6.160396,536.139465,5.00e-05,31546.11,875.00,50202806,N/A,2025-09-24 13:20:48
4820,6.118962,6.160396,536.139465,5.00e-05,30132.20,906.75,50216591,0.7825,2025-09-24 13:20:49
4821,6.462431,6.160396,536.139465,5.00e-05,27851.46,780.00,50230237,N/A,2025-09-24 13:20:49
4822,6.349124,6.160396,536.139465,5.00e-05,28064.25,969.00,50244532,N/A,2025-09-24 13:20:50
4823,5.962894,6.160396,536.139465,5.00e-05,33952.34,765.75,50258729,N/A,2025-09-24 13:20:50
4824,6.225129,6.160396,536.139465,5.00e-05,32749.69,724.50,50271011,N/A,2025-09-24 13:20:51
4825,6.227332,6.160396,536.139465,5.00e-05,22994.52,852.75,50284183,N/A,2025-09-24 13:20:51
4826,6.161789,6.160396,536.139465,5.00e-05,22707.40,772.75,50296752,N/A,2025-09-24 13:20:52
4827,5.822727,6.160396,536.139465,5.00e-05,23239.81,917.50,50310379,N/A,2025-09-24 13:20:52
4828,5.823025,6.160396,536.139465,5.00e-05,33239.12,849.75,50324292,N/A,2025-09-24 13:20:53
4829,6.447289,6.160396,536.139465,5.00e-05,32009.70,768.25,50336692,N/A,2025-09-24 13:20:53
4830,6.214025,6.160396,536.139465,5.00e-05,29466.29,804.00,50349413,0.9348,2025-09-24 13:20:54
4831,6.233831,6.160396,536.139465,5.00e-05,27010.09,914.25,50363421,N/A,2025-09-24 13:20:54
4832,6.005565,6.160396,536.139465,5.00e-05,26202.34,772.25,50374835,N/A,2025-09-24 13:20:55
4833,6.332927,6.160396,536.139465,5.00e-05,29915.86,810.75,50388663,N/A,2025-09-24 13:20:55
4834,5.769326,6.160396,536.139465,5.00e-05,31792.54,750.00,50402026,N/A,2025-09-24 13:20:56
4835,5.888408,6.160396,536.139465,5.00e-05,31941.01,742.75,50413899,N/A,2025-09-24 13:20:56
4836,6.050592,6.160396,536.139465,5.00e-05,30699.81,676.50,50427155,N/A,2025-09-24 13:20:57
4837,5.763527,6.160396,536.139465,5.00e-05,30266.70,908.75,50438905,N/A,2025-09-24 13:20:57
4838,6.048683,6.160396,536.139465,5.00e-05,13930.90,931.25,50452517,N/A,2025-09-24 13:20:59
4839,6.135368,6.160396,536.139465,5.00e-05,13793.18,843.00,50464183,N/A,2025-09-24 13:20:59
4840,6.092132,6.160396,536.139465,5.00e-05,27165.48,782.50,50476614,0.7394,2025-09-24 13:21:00
4841,5.863822,6.160396,536.139465,5.00e-05,26150.53,854.50,50490585,N/A,2025-09-24 13:21:00
4842,6.380449,6.160396,536.139465,5.00e-05,26885.36,918.00,50503191,N/A,2025-09-24 13:21:01
4843,6.481042,6.160396,536.139465,5.00e-05,30583.52,937.25,50515490,N/A,2025-09-24 13:21:01
4844,6.270419,6.160396,536.139465,5.00e-05,31711.59,897.25,50529359,N/A,2025-09-24 13:21:02
4845,5.905140,6.160396,536.139465,5.00e-05,31486.24,883.75,50542103,N/A,2025-09-24 13:21:02
4846,5.906612,6.160396,536.139465,5.00e-05,29789.38,770.50,50554057,N/A,2025-09-24 13:21:03
4847,6.479470,6.160396,536.139465,5.00e-05,29553.48,867.00,50566957,N/A,2025-09-24 13:21:03
4848,6.362286,6.160396,536.139465,5.00e-05,29117.55,833.00,50579553,N/A,2025-09-24 13:21:03
4849,6.277647,6.160396,536.139465,5.00e-05,31845.13,892.50,50593336,N/A,2025-09-24 13:21:04
4850,6.045485,6.160396,536.139465,5.00e-05,22280.86,655.25,50605333,0.6812,2025-09-24 13:21:05
4851,6.244761,6.160396,536.139465,5.00e-05,20773.72,852.75,50618315,N/A,2025-09-24 13:21:05
4852,5.827540,6.160396,536.139465,5.00e-05,19996.66,988.25,50631243,N/A,2025-09-24 13:21:06
4853,6.108190,6.160396,536.139465,5.00e-05,31041.66,596.25,50643964,N/A,2025-09-24 13:21:06
4854,6.187401,6.160396,536.139465,5.00e-05,32565.60,875.75,50657704,N/A,2025-09-24 13:21:07
4855,5.801019,6.160396,536.139465,5.00e-05,31331.39,823.00,50670752,N/A,2025-09-24 13:21:07
4856,5.921598,6.160396,536.139465,5.00e-05,32520.79,863.00,50684202,N/A,2025-09-24 13:21:08
4857,6.076237,6.160396,536.139465,5.00e-05,32467.04,1024.00,50697869,N/A,2025-09-24 13:21:08
4858,5.806776,6.160396,536.139465,5.00e-05,32988.53,761.75,50711713,N/A,2025-09-24 13:21:08
4859,5.972599,6.160396,536.139465,5.00e-05,31960.39,667.50,50724291,N/A,2025-09-24 13:21:09
4860,6.910761,6.160396,536.139465,5.00e-05,30077.99,815.50,50737667,0.6972,2025-09-24 13:21:09
4861,6.177682,6.160396,536.139465,5.00e-05,27002.42,789.75,50750468,N/A,2025-09-24 13:21:10
4862,6.135594,6.160396,536.139465,5.00e-05,27306.04,915.00,50763617,N/A,2025-09-24 13:21:10
4863,6.168107,6.160396,536.139465,5.00e-05,14406.81,840.25,50777067,N/A,2025-09-24 13:21:12
4864,6.093831,6.160396,536.139465,5.00e-05,13984.69,609.25,50788488,N/A,2025-09-24 13:21:13
4865,6.357430,6.160396,536.139465,5.00e-05,30257.47,674.25,50801451,N/A,2025-09-24 13:21:13
4866,6.068357,6.160396,536.139465,5.00e-05,30720.48,776.50,50814223,N/A,2025-09-24 13:21:13
4867,6.295157,6.160396,536.139465,5.00e-05,30726.46,786.25,50826752,N/A,2025-09-24 13:21:14
4868,6.012980,6.160396,536.139465,5.00e-05,28465.68,878.75,50839051,N/A,2025-09-24 13:21:14
4869,6.064569,6.160396,536.139465,5.00e-05,27962.14,717.75,50852205,N/A,2025-09-24 13:21:15
4870,6.297134,6.160396,536.139465,5.00e-05,29600.02,904.75,50866102,0.6652,2025-09-24 13:21:15
4871,6.153845,6.160396,536.139465,5.00e-05,31376.15,844.00,50881290,N/A,2025-09-24 13:21:16
4872,6.471771,6.160396,536.139465,5.00e-05,29617.89,865.00,50893954,N/A,2025-09-24 13:21:16
4873,5.768185,6.160396,536.139465,5.00e-05,31479.99,712.00,50907386,N/A,2025-09-24 13:21:17
4874,6.293667,6.160396,536.139465,5.00e-05,32503.65,929.00,50921543,N/A,2025-09-24 13:21:17
4875,6.174545,6.160396,536.139465,5.00e-05,25375.30,937.25,50935459,N/A,2025-09-24 13:21:18
4876,5.695446,6.160396,536.139465,5.00e-05,24974.96,899.75,50949848,N/A,2025-09-24 13:21:19
4877,5.926092,6.160396,536.139465,5.00e-05,23413.79,871.00,50962172,N/A,2025-09-24 13:21:19
4878,6.087847,6.160396,536.139465,5.00e-05,29665.06,785.00,50974402,N/A,2025-09-24 13:21:19
4879,6.047963,6.160396,536.139465,5.00e-05,31007.35,745.00,50987680,N/A,2025-09-24 13:21:20
4880,6.196194,6.160396,536.139465,5.00e-05,29621.42,964.50,51000026,0.7710,2025-09-24 13:21:20
4881,6.162114,6.160396,536.139465,5.00e-05,28133.90,942.00,51013811,N/A,2025-09-24 13:21:21
4882,6.545105,6.160396,536.139465,5.00e-05,28188.12,727.00,51026616,N/A,2025-09-24 13:21:21
4883,6.232593,6.160396,536.139465,5.00e-05,30969.86,858.50,51038699,N/A,2025-09-24 13:21:22
4884,5.967825,6.160396,536.139465,5.00e-05,29950.42,662.25,51051523,N/A,2025-09-24 13:21:22
4885,6.115042,6.160396,536.139465,5.00e-05,32102.68,931.75,51065912,N/A,2025-09-24 13:21:23
4886,5.870272,6.160396,536.139465,5.00e-05,33335.61,889.25,51079776,N/A,2025-09-24 13:21:23
4887,6.042311,6.160396,536.139465,5.00e-05,32943.90,773.50,51091942,N/A,2025-09-24 13:21:24
4888,6.141274,6.160396,536.139465,5.00e-05,14529.86,934.25,51105825,N/A,2025-09-24 13:21:25
4889,6.340664,6.160396,536.139465,5.00e-05,14444.79,714.25,51118380,N/A,2025-09-24 13:21:26
4890,6.661263,6.160396,536.139465,5.00e-05,29423.57,740.50,51130039,0.8218,2025-09-24 13:21:26
4891,5.982431,6.160396,536.139465,5.00e-05,25363.94,661.50,51143176,N/A,2025-09-24 13:21:27
4892,6.295139,6.160396,536.139465,5.00e-05,26206.39,764.00,51156203,N/A,2025-09-24 13:21:27
4893,5.910914,6.160396,536.139465,5.00e-05,30387.26,787.25,51169234,N/A,2025-09-24 13:21:28
4894,6.036789,6.160396,536.139465,5.00e-05,33483.43,849.50,51183826,N/A,2025-09-24 13:21:28
4895,6.051765,6.160396,536.139465,5.00e-05,33816.31,905.25,51196699,N/A,2025-09-24 13:21:29
4896,6.395848,6.160396,536.139465,5.00e-05,32129.06,915.00,51210555,N/A,2025-09-24 13:21:29
4897,6.145819,6.160396,536.139465,5.00e-05,32128.44,713.75,51223509,N/A,2025-09-24 13:21:30
4898,5.969891,6.160396,536.139465,5.00e-05,33326.73,844.75,51237086,N/A,2025-09-24 13:21:30
4899,6.290314,6.160396,536.139465,5.00e-05,30779.13,609.75,51249636,N/A,2025-09-24 13:21:30
4900,6.218631,6.160396,536.139465,5.00e-05,21583.40,852.00,51262863,0.7237,2025-09-24 13:21:31
4901,5.881392,6.160396,536.139465,5.00e-05,20481.38,918.75,51275987,N/A,2025-09-24 13:21:32
4902,6.131132,6.160396,536.139465,5.00e-05,21071.02,830.25,51288814,N/A,2025-09-24 13:21:32
4903,6.136639,6.160396,536.139465,5.00e-05,32822.36,845.00,51302646,N/A,2025-09-24 13:21:33
4904,6.108182,6.160396,536.139465,5.00e-05,33694.53,850.75,51316764,N/A,2025-09-24 13:21:33
4905,6.061033,6.160396,536.139465,5.00e-05,30945.07,848.25,51329855,N/A,2025-09-24 13:21:34
4906,6.224521,6.160396,536.139465,5.00e-05,30660.96,959.50,51344057,N/A,2025-09-24 13:21:34
4907,6.024225,6.160396,536.139465,5.00e-05,30565.89,1006.50,51357618,N/A,2025-09-24 13:21:35
4908,6.319195,6.160396,536.139465,5.00e-05,32881.48,820.50,51371046,N/A,2025-09-24 13:21:35
4909,5.914875,6.160396,536.139465,5.00e-05,32694.43,882.00,51384581,N/A,2025-09-24 13:21:36
4910,6.053206,6.160396,536.139465,5.00e-05,29658.37,817.25,51396334,0.7955,2025-09-24 13:21:36
4911,6.244958,6.160396,536.139465,5.00e-05,27349.16,682.25,51409215,N/A,2025-09-24 13:21:37
4912,5.877333,6.160396,536.139465,5.00e-05,28444.36,865.75,51422727,N/A,2025-09-24 13:21:37
4913,5.949022,6.160396,536.139465,5.00e-05,14616.16,648.00,51435500,N/A,2025-09-24 13:21:39
4914,5.796788,6.160396,536.139465,5.00e-05,14458.07,839.75,51448524,N/A,2025-09-24 13:21:39
4915,6.276052,6.160396,536.139465,5.00e-05,31509.45,746.00,51461159,N/A,2025-09-24 13:21:40
4916,5.977425,6.160396,536.139465,5.00e-05,30641.19,582.50,51472853,N/A,2025-09-24 13:21:40
4917,6.057899,6.160396,536.139465,5.00e-05,30470.51,750.25,51485979,N/A,2025-09-24 13:21:40
4918,6.162341,6.160396,536.139465,5.00e-05,31527.29,970.50,51499248,N/A,2025-09-24 13:21:41
4919,5.974378,6.160396,536.139465,5.00e-05,33172.51,739.25,51512651,N/A,2025-09-24 13:21:41
4920,5.987903,6.160396,536.139465,5.00e-05,31903.62,778.75,51526970,0.7030,2025-09-24 13:21:42
4921,6.318401,6.160396,536.139465,5.00e-05,28231.31,826.25,51539338,N/A,2025-09-24 13:21:42
4922,6.136323,6.160396,536.139465,5.00e-05,28113.49,873.00,51552534,N/A,2025-09-24 13:21:43
4923,6.086319,6.160396,536.139465,5.00e-05,31927.24,843.00,51565597,N/A,2025-09-24 13:21:43
4924,5.895324,6.160396,536.139465,5.00e-05,33367.44,775.00,51578797,N/A,2025-09-24 13:21:44
4925,6.117816,6.160396,536.139465,5.00e-05,24283.28,785.00,51592223,N/A,2025-09-24 13:21:44
4926,5.549722,6.160396,536.139465,5.00e-05,24425.07,903.25,51604881,N/A,2025-09-24 13:21:45
4927,6.062288,6.160396,536.139465,5.00e-05,23665.76,792.25,51617702,N/A,2025-09-24 13:21:45
4928,5.871116,6.160396,536.139465,5.00e-05,30560.96,779.00,51630010,N/A,2025-09-24 13:21:46
4929,5.644504,6.160396,536.139465,5.00e-05,30823.24,929.25,51643442,N/A,2025-09-24 13:21:46
4930,6.328925,6.160396,536.139465,5.00e-05,32125.42,899.00,51657697,0.6375,2025-09-24 13:21:47
4931,6.133711,6.160396,536.139465,5.00e-05,29519.27,884.25,51671663,N/A,2025-09-24 13:21:47
4932,5.769783,6.160396,536.139465,5.00e-05,28294.07,798.50,51683972,N/A,2025-09-24 13:21:48
4933,6.259553,6.160396,536.139465,5.00e-05,32488.31,867.00,51697150,N/A,2025-09-24 13:21:48
4934,5.811073,6.160396,536.139465,5.00e-05,32851.68,765.25,51711304,N/A,2025-09-24 13:21:49
4935,6.546676,6.160396,536.139465,5.00e-05,33035.36,849.50,51723716,N/A,2025-09-24 13:21:49
4936,5.770144,6.160396,536.139465,5.00e-05,32380.86,829.25,51737692,N/A,2025-09-24 13:21:50
4937,5.773321,6.160396,536.139465,5.00e-05,32580.27,881.25,51751434,N/A,2025-09-24 13:21:50
4938,6.167523,6.160396,536.139465,5.00e-05,15177.60,900.50,51764398,N/A,2025-09-24 13:21:52
4939,5.703104,6.160396,536.139465,5.00e-05,14200.01,812.25,51776383,N/A,2025-09-24 13:21:52
4940,6.315419,6.160396,536.139465,5.00e-05,29394.45,814.75,51788431,0.6910,2025-09-24 13:21:53
4941,6.427186,6.160396,536.139465,5.00e-05,26625.85,734.25,51801187,N/A,2025-09-24 13:21:53
4942,6.125085,6.160396,536.139465,5.00e-05,26370.42,910.50,51814009,N/A,2025-09-24 13:21:54
4943,5.978915,6.160396,536.139465,5.00e-05,30742.50,712.00,51826923,N/A,2025-09-24 13:21:54
4944,6.509504,6.160396,536.139465,5.00e-05,33041.26,970.25,51841794,N/A,2025-09-24 13:21:54
4945,6.148190,6.160396,536.139465,5.00e-05,33908.88,798.00,51855058,N/A,2025-09-24 13:21:55
4946,5.952450,6.160396,536.139465,5.00e-05,32562.31,856.00,51867639,N/A,2025-09-24 13:21:55
4947,6.185074,6.160396,536.139465,5.00e-05,30752.92,730.50,51879708,N/A,2025-09-24 13:21:56
4948,6.486755,6.160396,536.139465,5.00e-05,32784.62,890.50,51893669,N/A,2025-09-24 13:21:56
4949,6.120308,6.160396,536.139465,5.00e-05,32767.31,766.25,51906990,N/A,2025-09-24 13:21:57
4950,6.361291,6.160396,536.139465,5.00e-05,23062.82,797.50,51919883,0.7118,2025-09-24 13:21:58
4951,6.088469,6.160396,536.139465,5.00e-05,20475.13,792.00,51932739,N/A,2025-09-24 13:21:58
4952,5.972041,6.160396,536.139465,5.00e-05,20590.32,709.25,51945446,N/A,2025-09-24 13:21:59
4953,6.617268,6.160396,536.139465,5.00e-05,33129.57,929.75,51959076,N/A,2025-09-24 13:21:59
4954,5.617989,6.160396,536.139465,5.00e-05,33795.21,791.50,51973788,N/A,2025-09-24 13:21:59
4955,6.115453,6.160396,536.139465,5.00e-05,34219.55,876.50,51987117,N/A,2025-09-24 13:22:00
4956,6.053152,6.160396,536.139465,5.00e-05,31979.34,913.50,52000330,N/A,2025-09-24 13:22:00
4957,6.185671,6.160396,536.139465,5.00e-05,31729.23,983.50,52013348,N/A,2025-09-24 13:22:01
4958,6.145033,6.160396,536.139465,5.00e-05,32045.30,721.25,52026247,N/A,2025-09-24 13:22:01
4959,5.757999,6.160396,536.139465,5.00e-05,32189.29,776.50,52038735,N/A,2025-09-24 13:22:02
4960,6.103541,6.160396,536.139465,5.00e-05,30902.91,851.00,52052434,0.5908,2025-09-24 13:22:02
4961,6.025510,6.160396,536.139465,5.00e-05,27900.28,919.25,52065994,N/A,2025-09-24 13:22:03
4962,6.056342,6.160396,536.139465,5.00e-05,27512.51,1023.50,52079076,N/A,2025-09-24 13:22:03
4963,6.163852,6.160396,536.139465,5.00e-05,14973.64,966.75,52092817,N/A,2025-09-24 13:22:05
4964,6.056688,6.160396,536.139465,5.00e-05,15488.85,667.75,52106354,N/A,2025-09-24 13:22:05
4965,6.133336,6.160396,536.139465,5.00e-05,31632.15,796.50,52118880,N/A,2025-09-24 13:22:06
4966,5.945553,6.160396,536.139465,5.00e-05,29916.94,720.50,52131471,N/A,2025-09-24 13:22:06
4967,6.006570,6.160396,536.139465,5.00e-05,30206.55,803.00,52144362,N/A,2025-09-24 13:22:07
4968,6.038038,6.160396,536.139465,5.00e-05,30847.65,856.25,52157037,N/A,2025-09-24 13:22:07
4969,6.023007,6.160396,536.139465,5.00e-05,32320.22,792.25,52170146,N/A,2025-09-24 13:22:08
4970,6.091880,6.160396,536.139465,5.00e-05,29590.64,869.75,52183875,0.6937,2025-09-24 13:22:08
4971,6.254991,6.160396,536.139465,5.00e-05,25427.98,885.75,52197548,N/A,2025-09-24 13:22:09
4972,6.236246,6.160396,536.139465,5.00e-05,24399.68,870.25,52211017,N/A,2025-09-24 13:22:09
4973,6.265900,6.160396,536.139465,5.00e-05,28311.24,930.00,52224872,N/A,2025-09-24 13:22:10
4974,5.939728,6.160396,536.139465,5.00e-05,5855.51,772.75,52237839,N/A,2025-09-24 13:22:15
4975,6.263637,6.160396,536.139465,5.00e-05,5538.27,740.00,52250264,N/A,2025-09-24 13:22:16
4976,6.286186,6.160396,536.139465,5.00e-05,5362.85,610.75,52263153,N/A,2025-09-24 13:22:16
4977,6.208852,6.160396,536.139465,5.00e-05,24594.78,762.00,52277349,N/A,2025-09-24 13:22:17
4978,5.629883,6.160396,536.139465,5.00e-05,32761.26,856.50,52290689,N/A,2025-09-24 13:22:17
4979,6.263517,6.160396,536.139465,5.00e-05,29711.38,787.50,52302768,N/A,2025-09-24 13:22:18
4980,6.315079,6.160396,536.139465,5.00e-05,29658.97,862.75,52316539,0.8130,2025-09-24 13:22:18
4981,5.741493,6.160396,536.139465,5.00e-05,27813.57,780.75,52329020,N/A,2025-09-24 13:22:19
4982,5.928501,6.160396,536.139465,5.00e-05,27670.00,840.00,52342739,N/A,2025-09-24 13:22:19
4983,6.012366,6.160396,536.139465,5.00e-05,30328.08,836.00,52355254,N/A,2025-09-24 13:22:19
4984,6.178977,6.160396,536.139465,5.00e-05,29606.21,790.25,52367684,N/A,2025-09-24 13:22:20
4985,6.231640,6.160396,536.139465,5.00e-05,30496.44,815.25,52380014,N/A,2025-09-24 13:22:20
4986,6.449223,6.160396,536.139465,5.00e-05,29868.70,842.00,52391760,N/A,2025-09-24 13:22:21
4987,6.302721,6.160396,536.139465,5.00e-05,29776.03,530.00,52404416,N/A,2025-09-24 13:22:21
4988,5.732555,6.160396,536.139465,5.00e-05,14199.08,686.75,52417561,N/A,2025-09-24 13:22:23
4989,6.262325,6.160396,536.139465,5.00e-05,13797.09,885.50,52430084,N/A,2025-09-24 13:22:23
4990,6.252301,6.160396,536.139465,5.00e-05,28162.56,967.50,52443403,0.8421,2025-09-24 13:22:24
4991,5.954051,6.160396,536.139465,5.00e-05,27197.20,980.00,52456462,N/A,2025-09-24 13:22:24
4992,5.973235,6.160396,536.139465,5.00e-05,28092.88,899.75,52470394,N/A,2025-09-24 13:22:25
4993,5.912228,6.160396,536.139465,5.00e-05,32653.83,844.00,52484920,N/A,2025-09-24 13:22:25
4994,6.230885,6.160396,536.139465,5.00e-05,33044.49,816.50,52498057,N/A,2025-09-24 13:22:26
4995,5.739953,6.160396,536.139465,5.00e-05,32185.98,796.50,52511576,N/A,2025-09-24 13:22:26
4996,6.300834,6.160396,536.139465,5.00e-05,31610.70,933.75,52524128,N/A,2025-09-24 13:22:27
4997,6.111927,6.160396,536.139465,5.00e-05,31712.08,827.00,52537372,N/A,2025-09-24 13:22:27
4998,6.309303,6.160396,536.139465,5.00e-05,32052.77,829.25,52551017,N/A,2025-09-24 13:22:28
4999,6.107798,6.160396,536.139465,5.00e-05,30469.09,938.25,52563336,N/A,2025-09-24 13:22:28
5000,6.110922,6.160412,481.952423,5.00e-05,1311.48,689.75,52577246,N/A,2025-09-24 13:22:53
5001,5.942107,6.160412,481.952423,5.00e-05,770.45,769.75,52589806,N/A,2025-09-24 13:23:10
5002,6.371626,6.160412,481.952423,5.00e-05,778.47,917.75,52603949,N/A,2025-09-24 13:23:11
5003,6.121685,6.160412,481.952423,5.00e-05,6752.65,784.25,52617223,N/A,2025-09-24 13:23:11
5004,6.162753,6.160412,481.952423,5.00e-05,32206.21,929.75,52631651,N/A,2025-09-24 13:23:12
5005,6.017679,6.160412,481.952423,5.00e-05,28909.80,704.25,52644304,N/A,2025-09-24 13:23:12
5006,6.451290,6.160412,481.952423,5.00e-05,27199.73,825.25,52656421,N/A,2025-09-24 13:23:13
5007,6.384676,6.160412,481.952423,5.00e-05,28326.51,877.25,52670285,N/A,2025-09-24 13:23:13
5008,6.182500,6.160412,481.952423,5.00e-05,30607.33,745.50,52682168,N/A,2025-09-24 13:23:13
5009,6.244081,6.160412,481.952423,5.00e-05,30722.78,766.50,52695558,N/A,2025-09-24 13:23:14
5010,6.046288,6.160412,481.952423,5.00e-05,29772.46,862.75,52709387,0.8518,2025-09-24 13:23:14
5011,6.229473,6.160412,481.952423,5.00e-05,27023.07,900.00,52722361,N/A,2025-09-24 13:23:15
5012,5.966474,6.160412,481.952423,5.00e-05,27237.75,703.75,52734756,N/A,2025-09-24 13:23:15
5013,6.076995,6.160412,481.952423,5.00e-05,30824.37,803.75,52747269,N/A,2025-09-24 13:23:16
5014,6.108950,6.160412,481.952423,5.00e-05,31780.14,960.50,52761284,N/A,2025-09-24 13:23:16
5015,5.887596,6.160412,481.952423,5.00e-05,32772.55,976.25,52774050,N/A,2025-09-24 13:23:17
5016,6.027061,6.160412,481.952423,5.00e-05,32432.24,838.50,52787996,N/A,2025-09-24 13:23:17
5017,6.079307,6.160412,481.952423,5.00e-05,33008.61,850.00,52801625,N/A,2025-09-24 13:23:18
5018,6.101945,6.160412,481.952423,5.00e-05,31087.72,750.75,52814134,N/A,2025-09-24 13:23:18
5019,5.961860,6.160412,481.952423,5.00e-05,31600.45,922.00,52827781,N/A,2025-09-24 13:23:19
5020,6.346423,6.160412,481.952423,5.00e-05,29217.51,927.50,52839718,0.7961,2025-09-24 13:23:19
5021,6.302937,6.160412,481.952423,5.00e-05,27572.70,660.00,52852473,N/A,2025-09-24 13:23:20
5022,6.065706,6.160412,481.952423,5.00e-05,29090.76,843.25,52866178,N/A,2025-09-24 13:23:20
5023,6.666911,6.160412,481.952423,5.00e-05,33225.66,818.50,52880020,N/A,2025-09-24 13:23:21
5024,5.930341,6.160412,481.952423,5.00e-05,33861.52,1024.00,52894230,N/A,2025-09-24 13:23:21
5025,6.386748,6.160412,481.952423,5.00e-05,12616.37,796.00,52906916,N/A,2025-09-24 13:23:23
5026,5.807642,6.160412,481.952423,5.00e-05,11708.85,697.00,52918041,N/A,2025-09-24 13:23:23
5027,6.159677,6.160412,481.952423,5.00e-05,21727.43,802.00,52931015,N/A,2025-09-24 13:23:24
5028,6.126616,6.160412,481.952423,5.00e-05,30400.43,796.00,52944668,N/A,2025-09-24 13:23:24
5029,6.191371,6.160412,481.952423,5.00e-05,31676.71,816.00,52958081,N/A,2025-09-24 13:23:25
5030,5.951972,6.160412,481.952423,5.00e-05,32404.77,854.50,52971647,0.6795,2025-09-24 13:23:25
5031,6.130037,6.160412,481.952423,5.00e-05,28155.32,779.00,52984194,N/A,2025-09-24 13:23:26
5032,6.243808,6.160412,481.952423,5.00e-05,27584.98,870.25,52996682,N/A,2025-09-24 13:23:26
5033,6.497450,6.160412,481.952423,5.00e-05,31720.55,880.25,53009990,N/A,2025-09-24 13:23:27
5034,5.926849,6.160412,481.952423,5.00e-05,32843.74,720.25,53023504,N/A,2025-09-24 13:23:27
5035,5.988840,6.160412,481.952423,5.00e-05,32878.67,788.00,53035932,N/A,2025-09-24 13:23:28
5036,6.108849,6.160412,481.952423,5.00e-05,32660.71,909.25,53050039,N/A,2025-09-24 13:23:28
5037,6.081081,6.160412,481.952423,5.00e-05,32243.03,812.75,53063294,N/A,2025-09-24 13:23:29
5038,5.971537,6.160412,481.952423,5.00e-05,31592.53,825.25,53075952,N/A,2025-09-24 13:23:29
5039,6.018517,6.160412,481.952423,5.00e-05,29650.40,673.25,53088362,N/A,2025-09-24 13:23:30
5040,6.330270,6.160412,481.952423,5.00e-05,30441.96,925.50,53102393,0.7559,2025-09-24 13:23:30
5041,6.498469,6.160412,481.952423,5.00e-05,26671.87,756.75,53115562,N/A,2025-09-24 13:23:31
5042,6.346447,6.160412,481.952423,5.00e-05,28020.80,812.00,53128858,N/A,2025-09-24 13:23:31
5043,6.128328,6.160412,481.952423,5.00e-05,30861.08,764.75,53143599,N/A,2025-09-24 13:23:31
5044,6.184684,6.160412,481.952423,5.00e-05,33213.26,671.75,53157741,N/A,2025-09-24 13:23:32
5045,6.303320,6.160412,481.952423,5.00e-05,32353.24,683.25,53170186,N/A,2025-09-24 13:23:32
5046,5.973036,6.160412,481.952423,5.00e-05,31669.45,673.25,53182877,N/A,2025-09-24 13:23:33
5047,5.897365,6.160412,481.952423,5.00e-05,31271.46,822.25,53196180,N/A,2025-09-24 13:23:33
5048,5.853134,6.160412,481.952423,5.00e-05,32296.18,778.50,53209335,N/A,2025-09-24 13:23:34
5049,5.989768,6.160412,481.952423,5.00e-05,31292.28,764.50,53221335,N/A,2025-09-24 13:23:34
5050,6.238417,6.160412,481.952423,5.00e-05,12975.73,895.00,53236629,0.6028,2025-09-24 13:23:36
5051,6.156891,6.160412,481.952423,5.00e-05,12362.16,746.00,53249564,N/A,2025-09-24 13:23:37
5052,5.874688,6.160412,481.952423,5.00e-05,21866.78,900.75,53262742,N/A,2025-09-24 13:23:37
5053,6.063597,6.160412,481.952423,5.00e-05,32355.67,1016.50,53276200,N/A,2025-09-24 13:23:38
5054,6.178459,6.160412,481.952423,5.00e-05,33303.21,813.75,53289351,N/A,2025-09-24 13:23:38
5055,5.976940,6.160412,481.952423,5.00e-05,30832.12,706.00,53300802,N/A,2025-09-24 13:23:39
5056,6.426260,6.160412,481.952423,5.00e-05,32946.31,932.25,53315926,N/A,2025-09-24 13:23:39
5057,6.198313,6.160412,481.952423,5.00e-05,35036.25,884.25,53329887,N/A,2025-09-24 13:23:39
5058,6.237016,6.160412,481.952423,5.00e-05,33725.86,999.00,53342779,N/A,2025-09-24 13:23:40
5059,5.904458,6.160412,481.952423,5.00e-05,32794.28,783.00,53356000,N/A,2025-09-24 13:23:40
5060,5.751796,6.160412,481.952423,5.00e-05,30588.08,796.50,53368319,0.7053,2025-09-24 13:23:41
5061,6.201065,6.160412,481.952423,5.00e-05,26208.61,663.25,53380339,N/A,2025-09-24 13:23:41
5062,6.375687,6.160412,481.952423,5.00e-05,26967.66,827.50,53393704,N/A,2025-09-24 13:23:42
5063,5.701026,6.160412,481.952423,5.00e-05,28694.22,914.25,53406195,N/A,2025-09-24 13:23:42
5064,6.234287,6.160412,481.952423,5.00e-05,30013.65,845.00,53419934,N/A,2025-09-24 13:23:43
5065,6.259412,6.160412,481.952423,5.00e-05,30642.26,819.25,53433958,N/A,2025-09-24 13:23:43
5066,6.110749,6.160412,481.952423,5.00e-05,31526.84,942.00,53447678,N/A,2025-09-24 13:23:44
5067,6.390968,6.160412,481.952423,5.00e-05,30650.83,872.00,53461476,N/A,2025-09-24 13:23:44
5068,6.159048,6.160412,481.952423,5.00e-05,32366.33,944.25,53476146,N/A,2025-09-24 13:23:45
5069,5.767661,6.160412,481.952423,5.00e-05,33576.27,783.25,53489053,N/A,2025-09-24 13:23:45
5070,5.904413,6.160412,481.952423,5.00e-05,31393.71,772.25,53502470,0.6774,2025-09-24 13:23:46
5071,6.009473,6.160412,481.952423,5.00e-05,29105.40,1003.00,53517469,N/A,2025-09-24 13:23:46
5072,5.966383,6.160412,481.952423,5.00e-05,29974.24,983.75,53531027,N/A,2025-09-24 13:23:47
5073,6.677744,6.160412,481.952423,5.00e-05,33763.13,803.75,53544085,N/A,2025-09-24 13:23:47
5074,6.125477,6.160412,481.952423,5.00e-05,32115.37,779.50,53556685,N/A,2025-09-24 13:23:47
5075,6.055690,6.160412,481.952423,5.00e-05,11858.99,755.50,53570028,N/A,2025-09-24 13:23:50
5076,6.028060,6.160412,481.952423,5.00e-05,11940.29,752.75,53582426,N/A,2025-09-24 13:23:50
5077,6.082162,6.160412,481.952423,5.00e-05,21675.37,793.50,53595321,N/A,2025-09-24 13:23:50
5078,6.178106,6.160412,481.952423,5.00e-05,32480.60,805.75,53609372,N/A,2025-09-24 13:23:51
5079,5.653373,6.160412,481.952423,5.00e-05,34736.74,910.50,53623388,N/A,2025-09-24 13:23:51
5080,6.394485,6.160412,481.952423,5.00e-05,30994.33,682.00,53636005,0.6990,2025-09-24 13:23:52
5081,6.352884,6.160412,481.952423,5.00e-05,26492.97,885.50,53649077,N/A,2025-09-24 13:23:52
5082,6.293561,6.160412,481.952423,5.00e-05,24989.54,711.50,53661381,N/A,2025-09-24 13:23:53
5083,5.876502,6.160412,481.952423,5.00e-05,30682.98,801.50,53675442,N/A,2025-09-24 13:23:53
5084,5.820604,6.160412,481.952423,5.00e-05,31173.29,723.75,53687892,N/A,2025-09-24 13:23:54
5085,6.243247,6.160412,481.952423,5.00e-05,30302.96,816.75,53699780,N/A,2025-09-24 13:23:54
5086,6.002922,6.160412,481.952423,5.00e-05,31563.68,999.00,53713616,N/A,2025-09-24 13:23:55
5087,6.133373,6.160412,481.952423,5.00e-05,32501.56,850.25,53726508,N/A,2025-09-24 13:23:55
5088,6.169346,6.160412,481.952423,5.00e-05,31496.22,909.00,53739257,N/A,2025-09-24 13:23:56
5089,5.938702,6.160412,481.952423,5.00e-05,31046.04,792.00,53751886,N/A,2025-09-24 13:23:56
5090,6.111890,6.160412,481.952423,5.00e-05,29784.64,891.00,53765489,0.8547,2025-09-24 13:23:57
5091,6.101806,6.160412,481.952423,5.00e-05,28141.87,839.75,53779523,N/A,2025-09-24 13:23:57
5092,5.925286,6.160412,481.952423,5.00e-05,28416.93,757.75,53793142,N/A,2025-09-24 13:23:58
5093,6.163445,6.160412,481.952423,5.00e-05,32017.72,608.75,53806088,N/A,2025-09-24 13:23:58
5094,5.951009,6.160412,481.952423,5.00e-05,31037.20,781.75,53818886,N/A,2025-09-24 13:23:58
5095,5.974433,6.160412,481.952423,5.00e-05,30928.62,972.75,53832044,N/A,2025-09-24 13:23:59
5096,6.096221,6.160412,481.952423,5.00e-05,31289.60,817.75,53845387,N/A,2025-09-24 13:23:59
5097,6.364870,6.160412,481.952423,5.00e-05,32538.13,994.00,53859114,N/A,2025-09-24 13:24:00
5098,6.206292,6.160412,481.952423,5.00e-05,28863.07,651.25,53870962,N/A,2025-09-24 13:24:00
5099,6.075143,6.160412,481.952423,5.00e-05,30128.69,945.25,53884634,N/A,2025-09-24 13:24:01
5100,5.874252,6.160412,481.952423,5.00e-05,12032.60,981.00,53899068,0.6288,2025-09-24 13:24:03
5101,5.871532,6.160412,481.952423,5.00e-05,12315.46,803.50,53911664,N/A,2025-09-24 13:24:03
5102,6.426817,6.160412,481.952423,5.00e-05,21475.95,1016.00,53925603,N/A,2025-09-24 13:24:04
5103,6.217843,6.160412,481.952423,5.00e-05,32605.57,792.25,53939067,N/A,2025-09-24 13:24:04
5104,5.873389,6.160412,481.952423,5.00e-05,34317.45,902.75,53953046,N/A,2025-09-24 13:24:05
5105,6.012774,6.160412,481.952423,5.00e-05,32413.84,835.75,53965839,N/A,2025-09-24 13:24:05
5106,6.086348,6.160412,481.952423,5.00e-05,33051.25,795.50,53979408,N/A,2025-09-24 13:24:06
5107,6.165478,6.160412,481.952423,5.00e-05,32033.15,769.25,53991764,N/A,2025-09-24 13:24:06
5108,6.220798,6.160412,481.952423,5.00e-05,30444.46,803.50,54003823,N/A,2025-09-24 13:24:07
5109,6.122430,6.160412,481.952423,5.00e-05,30516.76,822.75,54016740,N/A,2025-09-24 13:24:07
5110,5.990923,6.160412,481.952423,5.00e-05,29378.38,864.50,54028837,0.8164,2025-09-24 13:24:08
5111,5.908974,6.160412,481.952423,5.00e-05,26254.07,749.00,54041305,N/A,2025-09-24 13:24:08
5112,6.726189,6.160412,481.952423,5.00e-05,27805.03,795.25,54055121,N/A,2025-09-24 13:24:09
5113,6.247948,6.160412,481.952423,5.00e-05,30637.15,791.25,54067965,N/A,2025-09-24 13:24:09
5114,6.169940,6.160412,481.952423,5.00e-05,30326.93,673.50,54081028,N/A,2025-09-24 13:24:09
5115,5.978680,6.160412,481.952423,5.00e-05,30697.67,777.75,54093719,N/A,2025-09-24 13:24:10
5116,5.965630,6.160412,481.952423,5.00e-05,30336.88,691.25,54106861,N/A,2025-09-24 13:24:10
5117,5.841520,6.160412,481.952423,5.00e-05,30811.93,784.00,54118941,N/A,2025-09-24 13:24:11
5118,5.806785,6.160412,481.952423,5.00e-05,29356.69,735.75,54130857,N/A,2025-09-24 13:24:11
5119,6.303463,6.160412,481.952423,5.00e-05,30342.19,806.75,54143719,N/A,2025-09-24 13:24:12
5120,5.838291,6.160412,481.952423,5.00e-05,28659.00,746.00,54156745,0.9109,2025-09-24 13:24:12
5121,6.107975,6.160412,481.952423,5.00e-05,28020.75,926.00,54170748,N/A,2025-09-24 13:24:13
5122,6.041077,6.160412,481.952423,5.00e-05,27178.89,841.50,54183388,N/A,2025-09-24 13:24:13
5123,6.383789,6.160412,481.952423,5.00e-05,30716.42,855.00,54196450,N/A,2025-09-24 13:24:14
5124,5.828478,6.160412,481.952423,5.00e-05,30594.21,770.50,54209201,N/A,2025-09-24 13:24:14
5125,6.261275,6.160412,481.952423,5.00e-05,12802.66,937.00,54223077,N/A,2025-09-24 13:24:16
5126,6.153400,6.160412,481.952423,5.00e-05,12616.59,937.25,54236273,N/A,2025-09-24 13:24:17
5127,6.157445,6.160412,481.952423,5.00e-05,23950.14,758.50,54249384,N/A,2025-09-24 13:24:17
5128,6.149670,6.160412,481.952423,5.00e-05,32087.67,816.75,54263126,N/A,2025-09-24 13:24:18
5129,5.952916,6.160412,481.952423,5.00e-05,32513.00,921.25,54275732,N/A,2025-09-24 13:24:18
5130,6.238389,6.160412,481.952423,5.00e-05,30853.76,749.00,54288568,0.7700,2025-09-24 13:24:18
5131,5.877182,6.160412,481.952423,5.00e-05,27651.95,801.25,54302302,N/A,2025-09-24 13:24:19
5132,6.012727,6.160412,481.952423,5.00e-05,26342.22,921.25,54315479,N/A,2025-09-24 13:24:20
5133,5.953748,6.160412,481.952423,5.00e-05,31422.21,853.50,54329243,N/A,2025-09-24 13:24:20
5134,5.898714,6.160412,481.952423,5.00e-05,30930.90,732.25,54342329,N/A,2025-09-24 13:24:20
5135,6.003935,6.160412,481.952423,5.00e-05,32134.33,890.75,54355684,N/A,2025-09-24 13:24:21
5136,6.142053,6.160412,481.952423,5.00e-05,31831.83,885.75,54369143,N/A,2025-09-24 13:24:21
5137,5.860560,6.160412,481.952423,5.00e-05,31762.03,807.25,54381151,N/A,2025-09-24 13:24:22
5138,6.469543,6.160412,481.952423,5.00e-05,31708.46,785.25,54394219,N/A,2025-09-24 13:24:22
5139,6.323162,6.160412,481.952423,5.00e-05,31374.22,807.00,54407413,N/A,2025-09-24 13:24:23
5140,6.336184,6.160412,481.952423,5.00e-05,30529.02,820.50,54420904,0.8397,2025-09-24 13:24:23
5141,6.180435,6.160412,481.952423,5.00e-05,28597.14,938.50,54434777,N/A,2025-09-24 13:24:24
5142,6.018559,6.160412,481.952423,5.00e-05,28270.34,868.75,54449179,N/A,2025-09-24 13:24:24
5143,5.975828,6.160412,481.952423,5.00e-05,31788.84,680.25,54462747,N/A,2025-09-24 13:24:25
5144,6.119059,6.160412,481.952423,5.00e-05,29619.49,727.00,54475352,N/A,2025-09-24 13:24:25
5145,5.902329,6.160412,481.952423,5.00e-05,29567.45,884.25,54487996,N/A,2025-09-24 13:24:26
5146,6.031522,6.160412,481.952423,5.00e-05,28695.49,790.25,54501536,N/A,2025-09-24 13:24:26
5147,6.113353,6.160412,481.952423,5.00e-05,30136.58,692.75,54514326,N/A,2025-09-24 13:24:27
5148,5.931096,6.160412,481.952423,5.00e-05,28938.67,988.75,54526832,N/A,2025-09-24 13:24:27
5149,6.337429,6.160412,481.952423,5.00e-05,29190.74,614.00,54539488,N/A,2025-09-24 13:24:28
5150,5.886470,6.160412,481.952423,5.00e-05,12144.89,886.00,54552299,0.8233,2025-09-24 13:24:30
5151,6.210091,6.160412,481.952423,5.00e-05,11897.91,811.50,54565805,N/A,2025-09-24 13:24:30
5152,6.067336,6.160412,481.952423,5.00e-05,22624.08,881.75,54579286,N/A,2025-09-24 13:24:31
5153,5.765574,6.160412,481.952423,5.00e-05,31277.53,795.00,54591926,N/A,2025-09-24 13:24:31
5154,6.025471,6.160412,481.952423,5.00e-05,31549.90,764.25,54605737,N/A,2025-09-24 13:24:31
5155,6.301488,6.160412,481.952423,5.00e-05,32260.83,925.50,54619634,N/A,2025-09-24 13:24:32
5156,6.124544,6.160412,481.952423,5.00e-05,33064.55,736.00,54633857,N/A,2025-09-24 13:24:32
5157,6.050411,6.160412,481.952423,5.00e-05,31616.96,771.00,54646786,N/A,2025-09-24 13:24:33
5158,5.959952,6.160412,481.952423,5.00e-05,30270.53,837.50,54660319,N/A,2025-09-24 13:24:33
5159,6.001625,6.160412,481.952423,5.00e-05,32391.19,743.50,54673991,N/A,2025-09-24 13:24:34
5160,5.953321,6.160412,481.952423,5.00e-05,30179.09,693.75,54686017,0.7010,2025-09-24 13:24:34
5161,5.953629,6.160412,481.952423,5.00e-05,27290.27,713.50,54699448,N/A,2025-09-24 13:24:35
5162,6.224626,6.160412,481.952423,5.00e-05,29214.65,961.00,54714115,N/A,2025-09-24 13:24:35
5163,6.071246,6.160412,481.952423,5.00e-05,32661.05,872.50,54726640,N/A,2025-09-24 13:24:36
5164,5.751815,6.160412,481.952423,5.00e-05,33305.82,944.75,54740195,N/A,2025-09-24 13:24:36
5165,5.702478,6.160412,481.952423,5.00e-05,30723.55,628.00,54752116,N/A,2025-09-24 13:24:37
5166,6.335505,6.160412,481.952423,5.00e-05,31252.89,1024.00,54765224,N/A,2025-09-24 13:24:37
5167,5.943321,6.160412,481.952423,5.00e-05,29657.77,841.75,54778533,N/A,2025-09-24 13:24:38
5168,6.428740,6.160412,481.952423,5.00e-05,30414.16,773.75,54792778,N/A,2025-09-24 13:24:38
5169,6.009122,6.160412,481.952423,5.00e-05,28472.12,982.00,54806232,N/A,2025-09-24 13:24:39
5170,5.729735,6.160412,481.952423,5.00e-05,29610.23,827.00,54820222,0.6121,2025-09-24 13:24:39
5171,5.995646,6.160412,481.952423,5.00e-05,5277.54,615.75,54830513,N/A,2025-09-24 13:24:44
5172,5.820436,6.160412,481.952423,5.00e-05,5233.16,706.00,54843848,N/A,2025-09-24 13:24:45
5173,6.067058,6.160412,481.952423,5.00e-05,5097.17,868.75,54855903,N/A,2025-09-24 13:24:45
5174,6.244209,6.160412,481.952423,5.00e-05,31266.57,816.25,54869754,N/A,2025-09-24 13:24:46
5175,6.106225,6.160412,481.952423,5.00e-05,12437.83,772.25,54883171,N/A,2025-09-24 13:24:48
5176,6.091939,6.160412,481.952423,5.00e-05,11606.76,763.50,54894521,N/A,2025-09-24 13:24:48
5177,5.985892,6.160412,481.952423,5.00e-05,22078.23,988.00,54907771,N/A,2025-09-24 13:24:49
5178,5.865601,6.160412,481.952423,5.00e-05,31165.98,1005.00,54920823,N/A,2025-09-24 13:24:49
5179,5.886943,6.160412,481.952423,5.00e-05,33030.94,789.00,54935397,N/A,2025-09-24 13:24:49
5180,6.168074,6.160412,481.952423,5.00e-05,31180.55,934.75,54948023,0.7698,2025-09-24 13:24:50
5181,6.288377,6.160412,481.952423,5.00e-05,27596.19,770.50,54961868,N/A,2025-09-24 13:24:51
5182,6.017195,6.160412,481.952423,5.00e-05,28163.86,948.75,54976116,N/A,2025-09-24 13:24:51
5183,5.839535,6.160412,481.952423,5.00e-05,32031.37,667.00,54988884,N/A,2025-09-24 13:24:52
5184,6.118689,6.160412,481.952423,5.00e-05,31166.25,635.75,55001586,N/A,2025-09-24 13:24:52
5185,6.113158,6.160412,481.952423,5.00e-05,33145.66,845.25,55016042,N/A,2025-09-24 13:24:52
5186,6.128938,6.160412,481.952423,5.00e-05,32039.49,868.25,55028686,N/A,2025-09-24 13:24:53
5187,6.198399,6.160412,481.952423,5.00e-05,31917.22,843.50,55042006,N/A,2025-09-24 13:24:53
5188,6.362037,6.160412,481.952423,5.00e-05,31249.33,692.50,55054463,N/A,2025-09-24 13:24:54
5189,6.284782,6.160412,481.952423,5.00e-05,31266.88,817.00,55067902,N/A,2025-09-24 13:24:54
5190,5.943797,6.160412,481.952423,5.00e-05,28706.59,790.00,55079499,0.7033,2025-09-24 13:24:55
5191,6.164142,6.160412,481.952423,5.00e-05,26308.04,802.75,55092169,N/A,2025-09-24 13:24:55
5192,6.022130,6.160412,481.952423,5.00e-05,26353.22,791.75,55104696,N/A,2025-09-24 13:24:56
5193,5.875250,6.160412,481.952423,5.00e-05,30664.79,804.50,55116948,N/A,2025-09-24 13:24:56
5194,6.794961,6.160412,481.952423,5.00e-05,31464.37,937.25,55130396,N/A,2025-09-24 13:24:57
5195,6.103850,6.160412,481.952423,5.00e-05,33634.54,946.75,55144412,N/A,2025-09-24 13:24:57
5196,6.336245,6.160412,481.952423,5.00e-05,33894.71,795.75,55157717,N/A,2025-09-24 13:24:57
5197,5.841578,6.160412,481.952423,5.00e-05,33257.84,839.00,55171375,N/A,2025-09-24 13:24:58
5198,6.186539,6.160412,481.952423,5.00e-05,32738.82,886.75,55184935,N/A,2025-09-24 13:24:58
5199,6.212823,6.160412,481.952423,5.00e-05,33759.40,786.50,55198487,N/A,2025-09-24 13:24:59
5200,6.310021,6.160412,481.952423,5.00e-05,12415.47,754.50,55210699,0.6713,2025-09-24 13:25:01
5201,6.099090,6.160412,481.952423,5.00e-05,11855.75,819.00,55224491,N/A,2025-09-24 13:25:01
5202,5.885859,6.160412,481.952423,5.00e-05,20854.33,868.00,55238671,N/A,2025-09-24 13:25:02
5203,6.400015,6.160412,481.952423,5.00e-05,30149.87,817.00,55251993,N/A,2025-09-24 13:25:02
5204,6.239643,6.160412,481.952423,5.00e-05,29468.29,694.75,55264323,N/A,2025-09-24 13:25:03
5205,6.026650,6.160412,481.952423,5.00e-05,31036.24,747.50,55277484,N/A,2025-09-24 13:25:03
5206,5.770896,6.160412,481.952423,5.00e-05,31293.92,799.25,55291298,N/A,2025-09-24 13:25:04
5207,6.007914,6.160412,481.952423,5.00e-05,32767.18,919.75,55304949,N/A,2025-09-24 13:25:04
5208,6.238965,6.160412,481.952423,5.00e-05,30993.86,659.00,55316151,N/A,2025-09-24 13:25:05
5209,6.310742,6.160412,481.952423,5.00e-05,29799.23,816.50,55328395,N/A,2025-09-24 13:25:05
5210,6.079895,6.160412,481.952423,5.00e-05,28974.13,895.75,55342975,0.9074,2025-09-24 13:25:06
5211,5.935897,6.160412,481.952423,5.00e-05,27096.87,759.75,55354894,N/A,2025-09-24 13:25:06
5212,5.832154,6.160412,481.952423,5.00e-05,27533.06,880.75,55368081,N/A,2025-09-24 13:25:07
5213,5.949966,6.160412,481.952423,5.00e-05,31341.47,702.50,55381188,N/A,2025-09-24 13:25:07
5214,5.958718,6.160412,481.952423,5.00e-05,31825.15,934.75,55394189,N/A,2025-09-24 13:25:08
5215,6.240113,6.160412,481.952423,5.00e-05,31793.83,810.25,55407639,N/A,2025-09-24 13:25:08
5216,6.198861,6.160412,481.952423,5.00e-05,32891.90,906.75,55421647,N/A,2025-09-24 13:25:08
5217,6.002889,6.160412,481.952423,5.00e-05,35333.67,992.00,55436355,N/A,2025-09-24 13:25:09
5218,6.647789,6.160412,481.952423,5.00e-05,34635.16,773.50,55449327,N/A,2025-09-24 13:25:09
5219,5.952518,6.160412,481.952423,5.00e-05,32930.40,921.25,55462953,N/A,2025-09-24 13:25:10
5220,5.699780,6.160412,481.952423,5.00e-05,31694.64,952.50,55476054,0.8342,2025-09-24 13:25:10
5221,5.994749,6.160412,481.952423,5.00e-05,27794.23,836.75,55488075,N/A,2025-09-24 13:25:11
5222,6.046795,6.160412,481.952423,5.00e-05,27719.13,794.00,55500402,N/A,2025-09-24 13:25:11
5223,6.023486,6.160412,481.952423,5.00e-05,28993.19,671.00,55511400,N/A,2025-09-24 13:25:12
5224,5.916266,6.160412,481.952423,5.00e-05,30313.82,979.25,55524719,N/A,2025-09-24 13:25:12
5225,5.824517,6.160412,481.952423,5.00e-05,11907.00,849.00,55536900,N/A,2025-09-24 13:25:14
5226,6.078269,6.160412,481.952423,5.00e-05,12470.84,812.00,55550026,N/A,2025-09-24 13:25:15
5227,6.155612,6.160412,481.952423,5.00e-05,24505.90,776.75,55563387,N/A,2025-09-24 13:25:15
5228,6.150364,6.160412,481.952423,5.00e-05,33259.48,910.25,55577584,N/A,2025-09-24 13:25:15
5229,6.305789,6.160412,481.952423,5.00e-05,33927.88,892.75,55591992,N/A,2025-09-24 13:25:16
5230,5.939696,6.160412,481.952423,5.00e-05,31711.12,824.75,55604961,0.8168,2025-09-24 13:25:16
5231,6.048429,6.160412,481.952423,5.00e-05,27700.40,869.50,55617902,N/A,2025-09-24 13:25:17
5232,6.059911,6.160412,481.952423,5.00e-05,27222.18,728.50,55630372,N/A,2025-09-24 13:25:17
5233,6.127925,6.160412,481.952423,5.00e-05,32467.47,785.75,55643996,N/A,2025-09-24 13:25:18
5234,6.130878,6.160412,481.952423,5.00e-05,33419.02,841.00,55658249,N/A,2025-09-24 13:25:18
5235,6.324103,6.160412,481.952423,5.00e-05,32272.05,742.25,55670772,N/A,2025-09-24 13:25:19
5236,6.036940,6.160412,481.952423,5.00e-05,30307.57,850.50,55683607,N/A,2025-09-24 13:25:19
5237,6.125419,6.160412,481.952423,5.00e-05,30707.47,781.00,55697378,N/A,2025-09-24 13:25:20
5238,5.938541,6.160412,481.952423,5.00e-05,30925.76,858.00,55709876,N/A,2025-09-24 13:25:20
5239,6.023415,6.160412,481.952423,5.00e-05,30316.49,681.00,55724186,N/A,2025-09-24 13:25:21
5240,5.846352,6.160412,481.952423,5.00e-05,30842.17,913.75,55737679,0.6944,2025-09-24 13:25:21
5241,6.258060,6.160412,481.952423,5.00e-05,28397.84,889.25,55751301,N/A,2025-09-24 13:25:22
5242,6.304286,6.160412,481.952423,5.00e-05,29024.53,883.50,55764824,N/A,2025-09-24 13:25:22
5243,5.998994,6.160412,481.952423,5.00e-05,33308.60,862.75,55778577,N/A,2025-09-24 13:25:23
5244,6.340227,6.160412,481.952423,5.00e-05,33834.96,843.75,55792100,N/A,2025-09-24 13:25:23
5245,5.879987,6.160412,481.952423,5.00e-05,32544.20,795.00,55804934,N/A,2025-09-24 13:25:23
5246,6.400680,6.160412,481.952423,5.00e-05,31500.11,667.50,55817195,N/A,2025-09-24 13:25:24
5247,6.073613,6.160412,481.952423,5.00e-05,29692.80,770.75,55828609,N/A,2025-09-24 13:25:24
5248,5.750367,6.160412,481.952423,5.00e-05,30052.81,795.25,55841959,N/A,2025-09-24 13:25:25
5249,6.066365,6.160412,481.952423,5.00e-05,32184.07,879.00,55855033,N/A,2025-09-24 13:25:25
5250,6.431274,6.108024,455.640625,5.00e-05,3442.09,689.75,55867466,N/A,2025-09-24 13:25:34
5251,6.210295,6.108024,455.640625,5.00e-05,3363.10,913.75,55880658,N/A,2025-09-24 13:25:35
5252,5.860514,6.108024,455.640625,5.00e-05,3939.92,941.75,55893854,N/A,2025-09-24 13:25:35
5253,5.895341,6.108024,455.640625,5.00e-05,30661.80,711.00,55906823,N/A,2025-09-24 13:25:36
5254,5.882082,6.108024,455.640625,5.00e-05,30848.72,811.75,55919957,N/A,2025-09-24 13:25:36
5255,6.401067,6.108024,455.640625,5.00e-05,30031.20,815.00,55933106,N/A,2025-09-24 13:25:36
5256,6.069185,6.108024,455.640625,5.00e-05,31159.88,862.25,55945310,N/A,2025-09-24 13:25:37
5257,5.934215,6.108024,455.640625,5.00e-05,30060.63,643.25,55958548,N/A,2025-09-24 13:25:37
5258,6.274244,6.108024,455.640625,5.00e-05,31451.43,750.75,55972628,N/A,2025-09-24 13:25:38
5259,6.345457,6.108024,455.640625,5.00e-05,31348.84,759.50,55985873,N/A,2025-09-24 13:25:38
5260,5.995543,6.108024,455.640625,5.00e-05,30649.08,863.00,55999624,0.7559,2025-09-24 13:25:39
5261,6.200972,6.108024,455.640625,5.00e-05,26203.90,965.75,56012495,N/A,2025-09-24 13:25:39
5262,5.853023,6.108024,455.640625,5.00e-05,28608.03,926.25,56027649,N/A,2025-09-24 13:25:40
5263,5.825897,6.108024,455.640625,5.00e-05,14861.76,739.50,56039752,N/A,2025-09-24 13:25:42
5264,5.804944,6.108024,455.640625,5.00e-05,14515.11,819.50,56052705,N/A,2025-09-24 13:25:42
5265,5.880463,6.108024,455.640625,5.00e-05,29525.07,953.75,56065436,N/A,2025-09-24 13:25:42
5266,6.169113,6.108024,455.640625,5.00e-05,30866.69,795.25,56078978,N/A,2025-09-24 13:25:43
5267,5.938942,6.108024,455.640625,5.00e-05,31199.29,1001.75,56091855,N/A,2025-09-24 13:25:43
5268,6.337603,6.108024,455.640625,5.00e-05,32420.67,881.50,56106001,N/A,2025-09-24 13:25:44
5269,6.021378,6.108024,455.640625,5.00e-05,32730.11,819.00,56119556,N/A,2025-09-24 13:25:44
5270,5.898351,6.108024,455.640625,5.00e-05,31360.41,997.50,56132973,0.7345,2025-09-24 13:25:45
5271,5.831899,6.108024,455.640625,5.00e-05,29596.09,1006.75,56146969,N/A,2025-09-24 13:25:45
5272,5.977509,6.108024,455.640625,5.00e-05,30242.25,768.25,56160429,N/A,2025-09-24 13:25:46
5273,6.453090,6.108024,455.640625,5.00e-05,32511.18,860.00,56173053,N/A,2025-09-24 13:25:46
5274,6.247201,6.108024,455.640625,5.00e-05,30626.62,918.75,56185977,N/A,2025-09-24 13:25:47
5275,6.080653,6.108024,455.640625,5.00e-05,22258.72,882.00,56198256,N/A,2025-09-24 13:25:47
5276,6.209233,6.108024,455.640625,5.00e-05,23070.78,684.00,56212053,N/A,2025-09-24 13:25:48
5277,5.708233,6.108024,455.640625,5.00e-05,25136.90,906.25,56227035,N/A,2025-09-24 13:25:48
5278,6.551293,6.108024,455.640625,5.00e-05,32489.82,819.75,56238992,N/A,2025-09-24 13:25:49
5279,6.190959,6.108024,455.640625,5.00e-05,31783.72,771.25,56251707,N/A,2025-09-24 13:25:49
5280,6.267849,6.108024,455.640625,5.00e-05,30127.76,764.25,56264680,0.6812,2025-09-24 13:25:50
5281,5.601601,6.108024,455.640625,5.00e-05,26179.65,566.75,56277241,N/A,2025-09-24 13:25:50
5282,5.939156,6.108024,455.640625,5.00e-05,23066.82,880.00,56290627,N/A,2025-09-24 13:25:51
5283,5.717830,6.108024,455.640625,5.00e-05,25416.62,808.50,56303859,N/A,2025-09-24 13:25:51
5284,6.015598,6.108024,455.640625,5.00e-05,31044.27,772.75,56316310,N/A,2025-09-24 13:25:52
5285,6.000069,6.108024,455.640625,5.00e-05,32983.74,811.25,56330236,N/A,2025-09-24 13:25:52
5286,5.621219,6.108024,455.640625,5.00e-05,32003.40,829.75,56342413,N/A,2025-09-24 13:25:53
5287,6.245502,6.108024,455.640625,5.00e-05,31553.12,843.50,56355745,N/A,2025-09-24 13:25:53
5288,5.820798,6.108024,455.640625,5.00e-05,14068.59,706.25,56368611,N/A,2025-09-24 13:25:55
5289,6.037813,6.108024,455.640625,5.00e-05,14394.45,820.00,56381995,N/A,2025-09-24 13:25:55
5290,6.181031,6.108024,455.640625,5.00e-05,31888.45,749.25,56395750,0.6348,2025-09-24 13:25:56
5291,5.485274,6.108024,455.640625,5.00e-05,29835.50,777.50,56409126,N/A,2025-09-24 13:25:56
5292,5.921131,6.108024,455.640625,5.00e-05,28994.22,852.00,56422736,N/A,2025-09-24 13:25:57
5293,5.809609,6.108024,455.640625,5.00e-05,30243.28,811.50,56435322,N/A,2025-09-24 13:25:57
5294,6.130641,6.108024,455.640625,5.00e-05,31504.38,961.50,56450208,N/A,2025-09-24 13:25:58
5295,5.768667,6.108024,455.640625,5.00e-05,31486.57,870.75,56463416,N/A,2025-09-24 13:25:58
5296,6.308977,6.108024,455.640625,5.00e-05,30983.79,924.00,56476584,N/A,2025-09-24 13:25:59
5297,6.272901,6.108024,455.640625,5.00e-05,30595.17,872.75,56490172,N/A,2025-09-24 13:25:59
5298,5.914935,6.108024,455.640625,5.00e-05,31106.57,891.50,56503809,N/A,2025-09-24 13:26:00
5299,6.174219,6.108024,455.640625,5.00e-05,34008.09,970.75,56518181,N/A,2025-09-24 13:26:00
5300,5.773052,6.108024,455.640625,5.00e-05,20335.12,608.50,56531956,0.5585,2025-09-24 13:26:01
5301,5.932595,6.108024,455.640625,5.00e-05,18411.84,933.25,56545438,N/A,2025-09-24 13:26:02
5302,5.820488,6.108024,455.640625,5.00e-05,16835.41,766.00,56557082,N/A,2025-09-24 13:26:02
5303,6.027082,6.108024,455.640625,5.00e-05,30637.38,955.00,56570767,N/A,2025-09-24 13:26:03
5304,6.031542,6.108024,455.640625,5.00e-05,30687.66,873.25,56584385,N/A,2025-09-24 13:26:03
5305,6.280471,6.108024,455.640625,5.00e-05,32910.33,719.25,56597824,N/A,2025-09-24 13:26:04
5306,6.091010,6.108024,455.640625,5.00e-05,32257.17,739.25,56610139,N/A,2025-09-24 13:26:04
5307,5.734139,6.108024,455.640625,5.00e-05,31970.48,929.25,56623715,N/A,2025-09-24 13:26:05
5308,5.974381,6.108024,455.640625,5.00e-05,30466.19,682.50,56635538,N/A,2025-09-24 13:26:05
5309,5.915582,6.108024,455.640625,5.00e-05,30225.52,805.50,56648871,N/A,2025-09-24 13:26:05
5310,5.965175,6.108024,455.640625,5.00e-05,29164.94,604.75,56661503,0.7063,2025-09-24 13:26:06
5311,6.071416,6.108024,455.640625,5.00e-05,26900.62,801.75,56674724,N/A,2025-09-24 13:26:06
5312,6.310734,6.108024,455.640625,5.00e-05,28330.57,889.25,56688440,N/A,2025-09-24 13:26:07
5313,6.509168,6.108024,455.640625,5.00e-05,14760.01,815.50,56701074,N/A,2025-09-24 13:26:09
5314,6.177081,6.108024,455.640625,5.00e-05,14854.16,746.75,56714275,N/A,2025-09-24 13:26:09
5315,5.994792,6.108024,455.640625,5.00e-05,32175.30,860.50,56727206,N/A,2025-09-24 13:26:09
5316,6.010771,6.108024,455.640625,5.00e-05,31640.64,1017.00,56740497,N/A,2025-09-24 13:26:10
5317,6.275168,6.108024,455.640625,5.00e-05,33158.19,921.50,56753887,N/A,2025-09-24 13:26:10
5318,6.086650,6.108024,455.640625,5.00e-05,33002.87,730.75,56767083,N/A,2025-09-24 13:26:11
5319,5.986667,6.108024,455.640625,5.00e-05,31028.48,833.50,56780635,N/A,2025-09-24 13:26:11
5320,6.265034,6.108024,455.640625,5.00e-05,31245.12,865.75,56795539,0.5880,2025-09-24 13:26:12
5321,6.393758,6.108024,455.640625,5.00e-05,29109.00,940.25,56808884,N/A,2025-09-24 13:26:12
5322,6.260216,6.108024,455.640625,5.00e-05,31181.48,908.75,56823644,N/A,2025-09-24 13:26:13
5323,5.778141,6.108024,455.640625,5.00e-05,34238.37,784.50,56835947,N/A,2025-09-24 13:26:13
5324,6.059969,6.108024,455.640625,5.00e-05,33049.22,987.00,56849775,N/A,2025-09-24 13:26:14
5325,6.248004,6.108024,455.640625,5.00e-05,23036.25,652.25,56862355,N/A,2025-09-24 13:26:14
5326,6.663439,6.108024,455.640625,5.00e-05,23240.41,769.50,56875490,N/A,2025-09-24 13:26:15
5327,6.032431,6.108024,455.640625,5.00e-05,22687.09,1016.25,56888144,N/A,2025-09-24 13:26:15
5328,5.824287,6.108024,455.640625,5.00e-05,30285.61,824.50,56900233,N/A,2025-09-24 13:26:16
5329,5.920231,6.108024,455.640625,5.00e-05,29782.32,600.75,56912601,N/A,2025-09-24 13:26:16
5330,5.998219,6.108024,455.640625,5.00e-05,30599.23,1003.25,56927201,0.7260,2025-09-24 13:26:17
5331,6.049645,6.108024,455.640625,5.00e-05,27913.56,820.25,56940078,N/A,2025-09-24 13:26:17
5332,6.212193,6.108024,455.640625,5.00e-05,28105.33,849.75,56952831,N/A,2025-09-24 13:26:18
5333,6.099569,6.108024,455.640625,5.00e-05,32325.97,895.50,56966826,N/A,2025-09-24 13:26:18
5334,6.189315,6.108024,455.640625,5.00e-05,32425.71,945.50,56979910,N/A,2025-09-24 13:26:19
5335,6.217966,6.108024,455.640625,5.00e-05,31887.90,948.00,56992857,N/A,2025-09-24 13:26:19
5336,5.811698,6.108024,455.640625,5.00e-05,31994.69,846.25,57006983,N/A,2025-09-24 13:26:20
5337,6.079404,6.108024,455.640625,5.00e-05,32065.40,838.75,57019626,N/A,2025-09-24 13:26:20
5338,6.171487,6.108024,455.640625,5.00e-05,14141.50,926.75,57032649,N/A,2025-09-24 13:26:22
5339,5.944046,6.108024,455.640625,5.00e-05,14269.04,844.00,57046025,N/A,2025-09-24 13:26:22
5340,6.060946,6.108024,455.640625,5.00e-05,27933.73,897.25,57059218,0.7078,2025-09-24 13:26:23
5341,6.028716,6.108024,455.640625,5.00e-05,26993.40,832.25,57072481,N/A,2025-09-24 13:26:23
5342,6.026882,6.108024,455.640625,5.00e-05,26727.97,803.25,57086075,N/A,2025-09-24 13:26:24
5343,6.257443,6.108024,455.640625,5.00e-05,31413.56,809.00,57099748,N/A,2025-09-24 13:26:24
5344,5.702517,6.108024,455.640625,5.00e-05,33440.53,749.50,57113250,N/A,2025-09-24 13:26:25
5345,6.390488,6.108024,455.640625,5.00e-05,32565.90,878.25,57126371,N/A,2025-09-24 13:26:25
5346,5.864243,6.108024,455.640625,5.00e-05,32388.68,810.00,57139834,N/A,2025-09-24 13:26:26
5347,5.738240,6.108024,455.640625,5.00e-05,33128.11,752.25,57153299,N/A,2025-09-24 13:26:26
5348,5.708611,6.108024,455.640625,5.00e-05,32772.50,752.00,57166878,N/A,2025-09-24 13:26:26
5349,6.124807,6.108024,455.640625,5.00e-05,32792.06,892.75,57180186,N/A,2025-09-24 13:26:27
5350,6.578234,6.108024,455.640625,5.00e-05,23294.09,908.75,57193891,0.8346,2025-09-24 13:26:28
5351,6.284735,6.108024,455.640625,5.00e-05,21436.01,739.50,57205824,N/A,2025-09-24 13:26:28
5352,6.495905,6.108024,455.640625,5.00e-05,20848.53,802.75,57219105,N/A,2025-09-24 13:26:29
5353,5.934037,6.108024,455.640625,5.00e-05,32146.94,809.00,57232926,N/A,2025-09-24 13:26:29
5354,6.243398,6.108024,455.640625,5.00e-05,33213.99,999.50,57246735,N/A,2025-09-24 13:26:30
5355,5.715470,6.108024,455.640625,5.00e-05,33695.40,844.50,57260983,N/A,2025-09-24 13:26:30
5356,6.053412,6.108024,455.640625,5.00e-05,32473.06,772.00,57274256,N/A,2025-09-24 13:26:31
5357,6.189011,6.108024,455.640625,5.00e-05,31852.14,833.00,57286649,N/A,2025-09-24 13:26:31
5358,6.077456,6.108024,455.640625,5.00e-05,31535.48,706.50,57299929,N/A,2025-09-24 13:26:32
5359,5.971151,6.108024,455.640625,5.00e-05,29384.52,671.00,57311442,N/A,2025-09-24 13:26:32
5360,6.300173,6.108024,455.640625,5.00e-05,29138.73,967.75,57325482,0.6856,2025-09-24 13:26:32
5361,6.218276,6.108024,455.640625,5.00e-05,26196.33,801.75,57338835,N/A,2025-09-24 13:26:33
5362,6.196677,6.108024,455.640625,5.00e-05,25812.54,816.50,57351857,N/A,2025-09-24 13:26:34
5363,5.894126,6.108024,455.640625,5.00e-05,11869.14,812.75,57364290,N/A,2025-09-24 13:26:36
5364,6.178630,6.108024,455.640625,5.00e-05,11735.78,808.75,57377270,N/A,2025-09-24 13:26:36
5365,5.963257,6.108024,455.640625,5.00e-05,7219.84,824.00,57389703,N/A,2025-09-24 13:26:40
5366,6.064517,6.108024,455.640625,5.00e-05,7349.26,794.75,57403559,N/A,2025-09-24 13:26:40
5367,5.873109,6.108024,455.640625,5.00e-05,32764.44,851.25,57416326,N/A,2025-09-24 13:26:41
5368,5.844974,6.108024,455.640625,5.00e-05,31836.85,955.25,57428692,N/A,2025-09-24 13:26:41
5369,6.319665,6.108024,455.640625,5.00e-05,30978.99,778.75,57441393,N/A,2025-09-24 13:26:42
5370,5.891993,6.108024,455.640625,5.00e-05,30929.41,980.75,57454648,0.7788,2025-09-24 13:26:42
5371,6.033340,6.108024,455.640625,5.00e-05,28415.85,852.50,57468350,N/A,2025-09-24 13:26:43
5372,6.251477,6.108024,455.640625,5.00e-05,28989.88,971.25,57481947,N/A,2025-09-24 13:26:43
5373,5.452213,6.108024,455.640625,5.00e-05,33149.61,837.25,57495776,N/A,2025-09-24 13:26:44
5374,5.918579,6.108024,455.640625,5.00e-05,33604.97,751.25,57509634,N/A,2025-09-24 13:26:44
5375,5.996334,6.108024,455.640625,5.00e-05,25082.29,904.50,57523303,N/A,2025-09-24 13:26:45
5376,6.136918,6.108024,455.640625,5.00e-05,24716.96,765.00,57536788,N/A,2025-09-24 13:26:45
5377,6.256279,6.108024,455.640625,5.00e-05,22864.12,736.50,57548214,N/A,2025-09-24 13:26:46
5378,5.959113,6.108024,455.640625,5.00e-05,31335.20,886.75,57561658,N/A,2025-09-24 13:26:46
5379,6.635110,6.108024,455.640625,5.00e-05,30774.84,613.50,57573844,N/A,2025-09-24 13:26:47
5380,6.109060,6.108024,455.640625,5.00e-05,30752.77,842.75,57587673,0.7974,2025-09-24 13:26:47
5381,6.373893,6.108024,455.640625,5.00e-05,28775.60,839.25,57602003,N/A,2025-09-24 13:26:48
5382,6.038534,6.108024,455.640625,5.00e-05,28155.80,796.75,57614774,N/A,2025-09-24 13:26:48
5383,5.937710,6.108024,455.640625,5.00e-05,31733.02,738.25,57627888,N/A,2025-09-24 13:26:49
5384,5.789500,6.108024,455.640625,5.00e-05,31443.84,687.25,57641031,N/A,2025-09-24 13:26:49
5385,6.740349,6.108024,455.640625,5.00e-05,31216.65,774.00,57654142,N/A,2025-09-24 13:26:50
5386,6.019121,6.108024,455.640625,5.00e-05,32719.09,882.75,57668072,N/A,2025-09-24 13:26:50
5387,6.594933,6.108024,455.640625,5.00e-05,32201.74,743.50,57681067,N/A,2025-09-24 13:26:50
5388,6.185128,6.108024,455.640625,5.00e-05,14254.83,864.50,57693917,N/A,2025-09-24 13:26:52
5389,6.012636,6.108024,455.640625,5.00e-05,14215.84,784.75,57706852,N/A,2025-09-24 13:26:53
5390,6.053623,6.108024,455.640625,5.00e-05,30187.02,882.00,57719848,0.7036,2025-09-24 13:26:53
5391,6.324466,6.108024,455.640625,5.00e-05,28221.03,919.75,57733939,N/A,2025-09-24 13:26:54
5392,6.009217,6.108024,455.640625,5.00e-05,27881.41,601.50,57746242,N/A,2025-09-24 13:26:54
5393,5.872098,6.108024,455.640625,5.00e-05,32005.80,742.25,57759434,N/A,2025-09-24 13:26:55
5394,6.593890,6.108024,455.640625,5.00e-05,31508.09,777.50,57772389,N/A,2025-09-24 13:26:55
5395,6.164451,6.108024,455.640625,5.00e-05,32101.93,954.25,57785278,N/A,2025-09-24 13:26:55
5396,6.184265,6.108024,455.640625,5.00e-05,32037.67,810.25,57798497,N/A,2025-09-24 13:26:56
5397,6.459670,6.108024,455.640625,5.00e-05,31202.08,849.00,57810985,N/A,2025-09-24 13:26:56
5398,5.980855,6.108024,455.640625,5.00e-05,30984.27,989.00,57825599,N/A,2025-09-24 13:26:57
5399,6.058689,6.108024,455.640625,5.00e-05,31786.00,917.50,57838694,N/A,2025-09-24 13:26:57
5400,6.340166,6.108024,455.640625,5.00e-05,23478.79,857.75,57852728,0.6227,2025-09-24 13:26:58
5401,5.864297,6.108024,455.640625,5.00e-05,22053.55,866.00,57866420,N/A,2025-09-24 13:26:59
5402,6.528640,6.108024,455.640625,5.00e-05,20418.68,729.50,57878291,N/A,2025-09-24 13:26:59
5403,5.929339,6.108024,455.640625,5.00e-05,30798.95,903.00,57891600,N/A,2025-09-24 13:27:00
5404,6.443208,6.108024,455.640625,5.00e-05,31502.33,754.75,57904938,N/A,2025-09-24 13:27:00
5405,6.426488,6.108024,455.640625,5.00e-05,32250.68,740.00,57917988,N/A,2025-09-24 13:27:01
5406,6.111012,6.108024,455.640625,5.00e-05,32252.17,849.50,57931497,N/A,2025-09-24 13:27:01
5407,6.081771,6.108024,455.640625,5.00e-05,33228.61,896.50,57946147,N/A,2025-09-24 13:27:01
5408,6.062779,6.108024,455.640625,5.00e-05,33503.01,726.00,57959304,N/A,2025-09-24 13:27:02
5409,5.964728,6.108024,455.640625,5.00e-05,31643.85,720.50,57971133,N/A,2025-09-24 13:27:02
5410,6.159307,6.108024,455.640625,5.00e-05,30064.03,827.00,57985233,0.9332,2025-09-24 13:27:03
5411,6.370877,6.108024,455.640625,5.00e-05,28953.43,784.50,57998884,N/A,2025-09-24 13:27:03
5412,6.163138,6.108024,455.640625,5.00e-05,28837.96,593.25,58011470,N/A,2025-09-24 13:27:04
5413,6.134083,6.108024,455.640625,5.00e-05,14546.41,784.75,58024951,N/A,2025-09-24 13:27:06
5414,6.115040,6.108024,455.640625,5.00e-05,14368.75,762.50,58038426,N/A,2025-09-24 13:27:06
5415,6.179080,6.108024,455.640625,5.00e-05,31763.96,673.00,58051086,N/A,2025-09-24 13:27:06
5416,6.398652,6.108024,455.640625,5.00e-05,32695.12,935.75,58064591,N/A,2025-09-24 13:27:07
5417,6.257634,6.108024,455.640625,5.00e-05,31970.38,815.25,58077739,N/A,2025-09-24 13:27:07
5418,6.302444,6.108024,455.640625,5.00e-05,31371.01,792.50,58089928,N/A,2025-09-24 13:27:08
5419,6.405921,6.108024,455.640625,5.00e-05,32164.61,879.25,58103660,N/A,2025-09-24 13:27:08
5420,6.188704,6.108024,455.640625,5.00e-05,33001.00,770.00,58117554,0.8237,2025-09-24 13:27:09
5421,6.364517,6.108024,455.640625,5.00e-05,28664.00,820.75,58130638,N/A,2025-09-24 13:27:09
5422,5.626092,6.108024,455.640625,5.00e-05,27839.31,707.00,58143414,N/A,2025-09-24 13:27:10
5423,6.095306,6.108024,455.640625,5.00e-05,31128.36,801.75,58156585,N/A,2025-09-24 13:27:10
5424,6.091348,6.108024,455.640625,5.00e-05,31363.79,812.50,58169750,N/A,2025-09-24 13:27:11
5425,6.202507,6.108024,455.640625,5.00e-05,21941.82,861.00,58181575,N/A,2025-09-24 13:27:11
5426,5.926695,6.108024,455.640625,5.00e-05,21934.25,870.00,58194520,N/A,2025-09-24 13:27:12
5427,5.777608,6.108024,455.640625,5.00e-05,23626.24,806.75,58207762,N/A,2025-09-24 13:27:12
5428,6.392164,6.108024,455.640625,5.00e-05,31356.13,786.25,58220096,N/A,2025-09-24 13:27:13
5429,5.819560,6.108024,455.640625,5.00e-05,30591.89,871.75,58233175,N/A,2025-09-24 13:27:13
5430,6.060356,6.108024,455.640625,5.00e-05,29863.91,840.50,58246477,0.6376,2025-09-24 13:27:14
5431,6.132652,6.108024,455.640625,5.00e-05,28979.74,694.00,58260064,N/A,2025-09-24 13:27:14
5432,6.264199,6.108024,455.640625,5.00e-05,30137.27,888.50,58274507,N/A,2025-09-24 13:27:15
5433,5.783323,6.108024,455.640625,5.00e-05,35285.10,905.00,58289489,N/A,2025-09-24 13:27:15
5434,5.650140,6.108024,455.640625,5.00e-05,34238.27,832.50,58302001,N/A,2025-09-24 13:27:16
5435,6.365028,6.108024,455.640625,5.00e-05,33026.16,1024.00,58316205,N/A,2025-09-24 13:27:16
5436,6.037804,6.108024,455.640625,5.00e-05,32386.82,842.00,58328678,N/A,2025-09-24 13:27:16
5437,6.107461,6.108024,455.640625,5.00e-05,31982.86,843.00,58341410,N/A,2025-09-24 13:27:17
5438,5.886402,6.108024,455.640625,5.00e-05,13991.17,854.50,58354102,N/A,2025-09-24 13:27:19
5439,6.136469,6.108024,455.640625,5.00e-05,14552.85,761.75,58367895,N/A,2025-09-24 13:27:19
5440,6.008881,6.108024,455.640625,5.00e-05,30649.22,668.50,58380156,0.8579,2025-09-24 13:27:19
5441,6.310389,6.108024,455.640625,5.00e-05,27612.35,877.75,58393503,N/A,2025-09-24 13:27:20
5442,5.881128,6.108024,455.640625,5.00e-05,26612.78,752.50,58406557,N/A,2025-09-24 13:27:20
5443,5.925387,6.108024,455.640625,5.00e-05,30715.00,760.25,58419811,N/A,2025-09-24 13:27:21
5444,6.037525,6.108024,455.640625,5.00e-05,32330.31,835.25,58432770,N/A,2025-09-24 13:27:21
5445,6.369603,6.108024,455.640625,5.00e-05,33042.73,694.50,58446187,N/A,2025-09-24 13:27:22
5446,5.989118,6.108024,455.640625,5.00e-05,33033.90,734.50,58459371,N/A,2025-09-24 13:27:22
5447,6.382670,6.108024,455.640625,5.00e-05,32252.05,759.25,58472086,N/A,2025-09-24 13:27:23
5448,6.343625,6.108024,455.640625,5.00e-05,32353.29,743.00,58485838,N/A,2025-09-24 13:27:23
5449,5.946043,6.108024,455.640625,5.00e-05,31115.49,834.00,58498232,N/A,2025-09-24 13:27:24
5450,6.049132,6.108024,455.640625,5.00e-05,22953.11,904.50,58511828,0.8437,2025-09-24 13:27:24
5451,6.522996,6.108024,455.640625,5.00e-05,21934.48,633.50,58524794,N/A,2025-09-24 13:27:25
5452,6.009030,6.108024,455.640625,5.00e-05,21080.08,802.25,58537070,N/A,2025-09-24 13:27:25
5453,5.840306,6.108024,455.640625,5.00e-05,30975.96,710.50,58550203,N/A,2025-09-24 13:27:26
5454,6.109869,6.108024,455.640625,5.00e-05,30689.77,812.00,58562044,N/A,2025-09-24 13:27:26
5455,6.401711,6.108024,455.640625,5.00e-05,29922.03,819.00,58575750,N/A,2025-09-24 13:27:27
5456,6.130398,6.108024,455.640625,5.00e-05,31072.36,815.50,58588905,N/A,2025-09-24 13:27:27
5457,5.981778,6.108024,455.640625,5.00e-05,32491.91,805.75,58602380,N/A,2025-09-24 13:27:28
5458,5.872334,6.108024,455.640625,5.00e-05,32963.23,765.50,58615076,N/A,2025-09-24 13:27:28
5459,6.185482,6.108024,455.640625,5.00e-05,30490.91,793.50,58627786,N/A,2025-09-24 13:27:29
5460,6.033773,6.108024,455.640625,5.00e-05,28546.76,689.75,58639253,0.7203,2025-09-24 13:27:29
5461,6.255662,6.108024,455.640625,5.00e-05,25996.73,768.00,58651899,N/A,2025-09-24 13:27:30
5462,6.332786,6.108024,455.640625,5.00e-05,27473.91,960.75,58666789,N/A,2025-09-24 13:27:30
5463,5.857497,6.108024,455.640625,5.00e-05,15610.70,879.25,58680954,N/A,2025-09-24 13:27:32
5464,6.145189,6.108024,455.640625,5.00e-05,15498.95,931.75,58695233,N/A,2025-09-24 13:27:32
5465,6.107186,6.108024,455.640625,5.00e-05,31929.75,825.75,58707587,N/A,2025-09-24 13:27:33
5466,6.051684,6.108024,455.640625,5.00e-05,30923.59,828.25,58720451,N/A,2025-09-24 13:27:33
5467,5.993382,6.108024,455.640625,5.00e-05,31398.54,993.25,58733291,N/A,2025-09-24 13:27:34
5468,5.628716,6.108024,455.640625,5.00e-05,32383.99,711.25,58746919,N/A,2025-09-24 13:27:34
5469,6.101299,6.108024,455.640625,5.00e-05,33421.02,845.75,58761012,N/A,2025-09-24 13:27:34
5470,6.189401,6.108024,455.640625,5.00e-05,31274.22,938.00,58774750,0.6339,2025-09-24 13:27:35
5471,5.795989,6.108024,455.640625,5.00e-05,28376.49,849.25,58788167,N/A,2025-09-24 13:27:36
5472,6.215884,6.108024,455.640625,5.00e-05,27213.43,906.75,58802150,N/A,2025-09-24 13:27:36
5473,5.983816,6.108024,455.640625,5.00e-05,30472.97,722.75,58815400,N/A,2025-09-24 13:27:37
5474,5.738104,6.108024,455.640625,5.00e-05,30840.93,899.25,58829543,N/A,2025-09-24 13:27:37
5475,5.815356,6.108024,455.640625,5.00e-05,22664.89,729.00,58842065,N/A,2025-09-24 13:27:38
5476,5.935977,6.108024,455.640625,5.00e-05,21662.85,752.00,58854016,N/A,2025-09-24 13:27:38
5477,5.915507,6.108024,455.640625,5.00e-05,21885.87,994.75,58868268,N/A,2025-09-24 13:27:39
5478,5.842396,6.108024,455.640625,5.00e-05,32516.85,816.00,58881314,N/A,2025-09-24 13:27:39
5479,6.346913,6.108024,455.640625,5.00e-05,32239.83,927.50,58894952,N/A,2025-09-24 13:27:40
5480,6.304952,6.108024,455.640625,5.00e-05,29956.98,831.25,58907666,0.6618,2025-09-24 13:27:40
5481,6.077148,6.108024,455.640625,5.00e-05,28351.68,859.75,58921624,N/A,2025-09-24 13:27:41
5482,6.452304,6.108024,455.640625,5.00e-05,27159.43,993.00,58934416,N/A,2025-09-24 13:27:41
5483,6.015595,6.108024,455.640625,5.00e-05,29202.80,1015.00,58949122,N/A,2025-09-24 13:27:42
5484,6.436115,6.108024,455.640625,5.00e-05,28216.15,540.25,58960860,N/A,2025-09-24 13:27:42
5485,5.937010,6.108024,455.640625,5.00e-05,29640.77,976.25,58974169,N/A,2025-09-24 13:27:43
5486,6.084898,6.108024,455.640625,5.00e-05,30971.61,829.75,58987279,N/A,2025-09-24 13:27:43
5487,6.078773,6.108024,455.640625,5.00e-05,33847.55,1024.00,59001801,N/A,2025-09-24 13:27:44
5488,6.108509,6.108024,455.640625,5.00e-05,15544.03,983.75,59016646,N/A,2025-09-24 13:27:45
5489,5.907508,6.108024,455.640625,5.00e-05,15243.82,874.25,59029025,N/A,2025-09-24 13:27:46
5490,6.558301,6.108024,455.640625,5.00e-05,31782.61,941.00,59042791,0.6250,2025-09-24 13:27:46
5491,6.448143,6.108024,455.640625,5.00e-05,29101.21,867.25,59056487,N/A,2025-09-24 13:27:47
5492,6.203927,6.108024,455.640625,5.00e-05,30287.54,761.50,59070607,N/A,2025-09-24 13:27:47
5493,6.057200,6.108024,455.640625,5.00e-05,32804.44,606.50,59082913,N/A,2025-09-24 13:27:48
5494,5.694898,6.108024,455.640625,5.00e-05,33525.18,945.75,59097867,N/A,2025-09-24 13:27:48
5495,6.164756,6.108024,455.640625,5.00e-05,32577.93,953.50,59110259,N/A,2025-09-24 13:27:49
5496,6.246142,6.108024,455.640625,5.00e-05,30397.04,692.00,59123386,N/A,2025-09-24 13:27:49
5497,6.056539,6.108024,455.640625,5.00e-05,29172.22,787.75,59136308,N/A,2025-09-24 13:27:49
5498,6.087543,6.108024,455.640625,5.00e-05,29519.02,812.00,59149617,N/A,2025-09-24 13:27:50
5499,6.470812,6.108024,455.640625,5.00e-05,30414.02,736.50,59162523,N/A,2025-09-24 13:27:50
5500,5.683458,6.016269,418.014923,5.00e-05,3536.56,773.00,59176481,N/A,2025-09-24 13:27:59
5501,6.016118,6.016269,418.014923,5.00e-05,3316.39,782.50,59188369,N/A,2025-09-24 13:28:00
5502,5.822482,6.016269,418.014923,5.00e-05,3187.56,781.50,59200598,N/A,2025-09-24 13:28:00
5503,5.932166,6.016269,418.014923,5.00e-05,30645.87,932.75,59214279,N/A,2025-09-24 13:28:01
5504,6.029417,6.016269,418.014923,5.00e-05,29317.17,831.50,59225859,N/A,2025-09-24 13:28:01
5505,6.096740,6.016269,418.014923,5.00e-05,28322.73,761.75,59237698,N/A,2025-09-24 13:28:02
5506,6.103656,6.016269,418.014923,5.00e-05,30835.75,880.75,59251866,N/A,2025-09-24 13:28:02
5507,5.892067,6.016269,418.014923,5.00e-05,31493.94,783.00,59264524,N/A,2025-09-24 13:28:03
5508,6.314811,6.016269,418.014923,5.00e-05,28368.25,1024.00,59278406,N/A,2025-09-24 13:28:03
5509,6.268365,6.016269,418.014923,5.00e-05,25933.84,578.50,59289020,N/A,2025-09-24 13:28:04
5510,5.582185,6.016269,418.014923,5.00e-05,28961.54,717.75,59301620,0.6829,2025-09-24 13:28:04
5511,6.314635,6.016269,418.014923,5.00e-05,27281.55,725.75,59314404,N/A,2025-09-24 13:28:05
5512,5.974576,6.016269,418.014923,5.00e-05,27590.47,771.00,59327046,N/A,2025-09-24 13:28:05
5513,6.133766,6.016269,418.014923,5.00e-05,30051.58,675.00,59339571,N/A,2025-09-24 13:28:06
5514,6.367322,6.016269,418.014923,5.00e-05,30423.76,814.75,59352534,N/A,2025-09-24 13:28:06
5515,5.901693,6.016269,418.014923,5.00e-05,32147.66,836.50,59366657,N/A,2025-09-24 13:28:06
5516,6.020430,6.016269,418.014923,5.00e-05,33425.85,846.75,59380180,N/A,2025-09-24 13:28:07
5517,5.952764,6.016269,418.014923,5.00e-05,31894.69,838.75,59392955,N/A,2025-09-24 13:28:07
5518,5.627104,6.016269,418.014923,5.00e-05,32926.13,868.50,59406963,N/A,2025-09-24 13:28:08
5519,6.061637,6.016269,418.014923,5.00e-05,33852.15,798.50,59420157,N/A,2025-09-24 13:28:08
5520,5.738686,6.016269,418.014923,5.00e-05,31910.33,966.50,59433622,0.7777,2025-09-24 13:28:09
5521,5.806509,6.016269,418.014923,5.00e-05,27575.50,943.00,59446093,N/A,2025-09-24 13:28:09
5522,6.082990,6.016269,418.014923,5.00e-05,27059.93,960.25,59458950,N/A,2025-09-24 13:28:10
5523,6.126507,6.016269,418.014923,5.00e-05,31465.43,786.25,59472287,N/A,2025-09-24 13:28:10
5524,5.457647,6.016269,418.014923,5.00e-05,32446.71,872.75,59485312,N/A,2025-09-24 13:28:11
5525,6.382461,6.016269,418.014923,5.00e-05,11797.22,803.25,59497540,N/A,2025-09-24 13:28:13
5526,5.766945,6.016269,418.014923,5.00e-05,12321.39,857.00,59511313,N/A,2025-09-24 13:28:13
5527,5.854424,6.016269,418.014923,5.00e-05,23264.44,885.50,59524705,N/A,2025-09-24 13:28:14
5528,6.050733,6.016269,418.014923,5.00e-05,31423.13,841.75,59537033,N/A,2025-09-24 13:28:14
5529,5.854157,6.016269,418.014923,5.00e-05,29789.34,876.25,59551571,N/A,2025-09-24 13:28:15
5530,6.221349,6.016269,418.014923,5.00e-05,29469.37,830.50,59564709,0.6388,2025-09-24 13:28:15
5531,6.238051,6.016269,418.014923,5.00e-05,26894.49,735.00,59577100,N/A,2025-09-24 13:28:16
5532,6.002975,6.016269,418.014923,5.00e-05,28462.93,705.75,59590334,N/A,2025-09-24 13:28:16
5533,6.008322,6.016269,418.014923,5.00e-05,28812.56,838.25,59602831,N/A,2025-09-24 13:28:17
5534,6.107621,6.016269,418.014923,5.00e-05,28569.52,634.25,59615524,N/A,2025-09-24 13:28:17
5535,5.964202,6.016269,418.014923,5.00e-05,27501.54,672.75,59626918,N/A,2025-09-24 13:28:17
5536,5.738568,6.016269,418.014923,5.00e-05,29332.32,719.00,59640347,N/A,2025-09-24 13:28:18
5537,6.118384,6.016269,418.014923,5.00e-05,31081.92,878.50,59653075,N/A,2025-09-24 13:28:18
5538,6.052565,6.016269,418.014923,5.00e-05,31127.19,619.25,59665318,N/A,2025-09-24 13:28:19
5539,5.815908,6.016269,418.014923,5.00e-05,31730.85,696.00,59678481,N/A,2025-09-24 13:28:19
5540,6.170651,6.016269,418.014923,5.00e-05,30970.66,1024.00,59692232,0.6376,2025-09-24 13:28:20
5541,6.039684,6.016269,418.014923,5.00e-05,27534.35,771.00,59704475,N/A,2025-09-24 13:28:20
5542,6.114503,6.016269,418.014923,5.00e-05,27125.80,812.50,59717443,N/A,2025-09-24 13:28:21
5543,6.306645,6.016269,418.014923,5.00e-05,31456.63,694.50,59731142,N/A,2025-09-24 13:28:21
5544,5.916169,6.016269,418.014923,5.00e-05,33176.20,805.00,59744925,N/A,2025-09-24 13:28:22
5545,5.807924,6.016269,418.014923,5.00e-05,31907.03,850.75,59757903,N/A,2025-09-24 13:28:22
5546,5.914338,6.016269,418.014923,5.00e-05,31376.92,740.25,59770626,N/A,2025-09-24 13:28:23
5547,5.807304,6.016269,418.014923,5.00e-05,32133.80,962.25,59784875,N/A,2025-09-24 13:28:23
5548,6.211345,6.016269,418.014923,5.00e-05,32892.58,862.50,59798561,N/A,2025-09-24 13:28:23
5549,5.952184,6.016269,418.014923,5.00e-05,32986.13,1010.75,59812323,N/A,2025-09-24 13:28:24
5550,6.014843,6.016269,418.014923,5.00e-05,12086.29,709.25,59824083,1.0000,2025-09-24 13:28:26
5551,6.105653,6.016269,418.014923,5.00e-05,10908.72,801.25,59835601,N/A,2025-09-24 13:28:27
5552,5.989817,6.016269,418.014923,5.00e-05,20271.58,1015.75,59849054,N/A,2025-09-24 13:28:27
5553,5.818611,6.016269,418.014923,5.00e-05,32019.09,791.50,59862384,N/A,2025-09-24 13:28:28
5554,6.134072,6.016269,418.014923,5.00e-05,31127.02,781.75,59874788,N/A,2025-09-24 13:28:28
5555,5.818334,6.016269,418.014923,5.00e-05,30826.44,978.00,59887876,N/A,2025-09-24 13:28:28
5556,6.088822,6.016269,418.014923,5.00e-05,30193.79,702.25,59900603,N/A,2025-09-24 13:28:29
5557,6.426100,6.016269,418.014923,5.00e-05,30386.43,856.75,59914583,N/A,2025-09-24 13:28:29
5558,6.098773,6.016269,418.014923,5.00e-05,28180.66,902.25,59928738,N/A,2025-09-24 13:28:30
5559,6.204601,6.016269,418.014923,5.00e-05,28707.69,958.50,59941831,N/A,2025-09-24 13:28:30
5560,6.225792,6.016269,418.014923,5.00e-05,26352.69,446.00,59953705,0.6149,2025-09-24 13:28:31
5561,6.057904,6.016269,418.014923,5.00e-05,5444.92,892.25,59967135,N/A,2025-09-24 13:28:36
5562,5.812445,6.016269,418.014923,5.00e-05,5183.00,794.00,59979202,N/A,2025-09-24 13:28:37
5563,6.028385,6.016269,418.014923,5.00e-05,29765.94,904.75,59991777,N/A,2025-09-24 13:28:37
5564,6.074547,6.016269,418.014923,5.00e-05,31887.23,862.75,60005844,N/A,2025-09-24 13:28:38
5565,5.904798,6.016269,418.014923,5.00e-05,31543.48,757.75,60018524,N/A,2025-09-24 13:28:38
5566,6.243369,6.016269,418.014923,5.00e-05,30610.93,775.25,60031887,N/A,2025-09-24 13:28:38
5567,6.178754,6.016269,418.014923,5.00e-05,31126.97,797.25,60044758,N/A,2025-09-24 13:28:39
5568,6.641033,6.016269,418.014923,5.00e-05,32688.66,658.25,60058035,N/A,2025-09-24 13:28:39
5569,6.017010,6.016269,418.014923,5.00e-05,33322.63,694.75,60071642,N/A,2025-09-24 13:28:40
5570,6.055232,6.016269,418.014923,5.00e-05,30862.15,882.50,60084978,0.7198,2025-09-24 13:28:40
5571,5.806600,6.016269,418.014923,5.00e-05,27364.97,835.25,60098254,N/A,2025-09-24 13:28:41
5572,6.168736,6.016269,418.014923,5.00e-05,28085.73,1024.00,60111259,N/A,2025-09-24 13:28:41
5573,6.151226,6.016269,418.014923,5.00e-05,32399.58,883.25,60125395,N/A,2025-09-24 13:28:42
5574,6.121603,6.016269,418.014923,5.00e-05,33929.02,905.75,60138832,N/A,2025-09-24 13:28:42
5575,5.777968,6.016269,418.014923,5.00e-05,12962.87,1007.50,60152321,N/A,2025-09-24 13:28:44
5576,5.845087,6.016269,418.014923,5.00e-05,13327.34,965.25,60166274,N/A,2025-09-24 13:28:45
5577,5.934971,6.016269,418.014923,5.00e-05,24764.95,775.00,60179423,N/A,2025-09-24 13:28:45
5578,6.091792,6.016269,418.014923,5.00e-05,31103.25,808.25,60192200,N/A,2025-09-24 13:28:46
5579,5.907598,6.016269,418.014923,5.00e-05,29891.89,655.50,60205108,N/A,2025-09-24 13:28:46
5580,5.963399,6.016269,418.014923,5.00e-05,29130.73,768.75,60218623,0.7941,2025-09-24 13:28:47
5581,6.122994,6.016269,418.014923,5.00e-05,27804.24,814.75,60231611,N/A,2025-09-24 13:28:47
5582,5.972802,6.016269,418.014923,5.00e-05,28024.01,660.25,60243794,N/A,2025-09-24 13:28:47
5583,6.372584,6.016269,418.014923,5.00e-05,30550.57,760.75,60256161,N/A,2025-09-24 13:28:48
5584,6.053182,6.016269,418.014923,5.00e-05,30807.11,793.00,60269731,N/A,2025-09-24 13:28:48
5585,6.200599,6.016269,418.014923,5.00e-05,32792.47,890.50,60282942,N/A,2025-09-24 13:28:49
5586,5.758958,6.016269,418.014923,5.00e-05,31494.59,901.75,60295883,N/A,2025-09-24 13:28:49
5587,5.961971,6.016269,418.014923,5.00e-05,31629.55,857.00,60309024,N/A,2025-09-24 13:28:50
5588,6.200578,6.016269,418.014923,5.00e-05,31781.74,859.00,60322567,N/A,2025-09-24 13:28:50
5589,6.110252,6.016269,418.014923,5.00e-05,33425.94,867.75,60336833,N/A,2025-09-24 13:28:51
5590,5.905550,6.016269,418.014923,5.00e-05,32237.83,760.75,60349994,0.8413,2025-09-24 13:28:51
5591,5.611090,6.016269,418.014923,5.00e-05,27868.21,636.50,60362196,N/A,2025-09-24 13:28:52
5592,6.259509,6.016269,418.014923,5.00e-05,27015.40,771.00,60375056,N/A,2025-09-24 13:28:52
5593,6.070588,6.016269,418.014923,5.00e-05,30265.54,828.75,60387811,N/A,2025-09-24 13:28:53
5594,5.981853,6.016269,418.014923,5.00e-05,30959.18,772.75,60401016,N/A,2025-09-24 13:28:53
5595,6.033983,6.016269,418.014923,5.00e-05,32013.44,1017.75,60414537,N/A,2025-09-24 13:28:53
5596,5.850103,6.016269,418.014923,5.00e-05,32417.87,865.50,60427609,N/A,2025-09-24 13:28:54
5597,6.201295,6.016269,418.014923,5.00e-05,33486.14,927.00,60441076,N/A,2025-09-24 13:28:54
5598,6.061893,6.016269,418.014923,5.00e-05,33241.90,853.50,60454081,N/A,2025-09-24 13:28:55
5599,6.135205,6.016269,418.014923,5.00e-05,33797.80,749.50,60468785,N/A,2025-09-24 13:28:55
5600,6.072832,6.016269,418.014923,5.00e-05,11687.33,578.75,60480286,0.7183,2025-09-24 13:28:57
5601,5.989734,6.016269,418.014923,5.00e-05,11376.24,990.25,60494844,N/A,2025-09-24 13:28:58
5602,5.871621,6.016269,418.014923,5.00e-05,19919.49,927.75,60507653,N/A,2025-09-24 13:28:58
5603,5.952012,6.016269,418.014923,5.00e-05,31616.16,587.75,60520569,N/A,2025-09-24 13:28:59
5604,5.873401,6.016269,418.014923,5.00e-05,31492.63,745.25,60533425,N/A,2025-09-24 13:28:59
5605,5.928213,6.016269,418.014923,5.00e-05,30778.43,999.75,60547242,N/A,2025-09-24 13:29:00
5606,6.106758,6.016269,418.014923,5.00e-05,30068.66,588.50,60558805,N/A,2025-09-24 13:29:00
5607,6.017301,6.016269,418.014923,5.00e-05,31948.17,816.50,60572001,N/A,2025-09-24 13:29:01
5608,6.016794,6.016269,418.014923,5.00e-05,30284.09,993.25,60585038,N/A,2025-09-24 13:29:01
5609,6.405175,6.016269,418.014923,5.00e-05,29574.42,738.75,60596069,N/A,2025-09-24 13:29:02
5610,5.782721,6.016269,418.014923,5.00e-05,30089.88,812.00,60609447,0.6777,2025-09-24 13:29:02
5611,6.207148,6.016269,418.014923,5.00e-05,28509.93,918.75,60622511,N/A,2025-09-24 13:29:03
5612,6.243512,6.016269,418.014923,5.00e-05,28323.44,641.50,60635604,N/A,2025-09-24 13:29:03
5613,6.282898,6.016269,418.014923,5.00e-05,33862.92,832.00,60650025,N/A,2025-09-24 13:29:04
5614,6.167675,6.016269,418.014923,5.00e-05,33016.72,772.25,60663256,N/A,2025-09-24 13:29:04
5615,6.171824,6.016269,418.014923,5.00e-05,31540.44,849.00,60676780,N/A,2025-09-24 13:29:04
5616,5.769867,6.016269,418.014923,5.00e-05,29939.80,777.25,60689173,N/A,2025-09-24 13:29:05
5617,6.307705,6.016269,418.014923,5.00e-05,30410.42,840.75,60702454,N/A,2025-09-24 13:29:05
5618,5.866321,6.016269,418.014923,5.00e-05,30176.27,848.75,60713619,N/A,2025-09-24 13:29:06
5619,5.999044,6.016269,418.014923,5.00e-05,29829.04,840.50,60727424,N/A,2025-09-24 13:29:06
5620,5.989377,6.016269,418.014923,5.00e-05,29240.72,827.50,60740963,0.6525,2025-09-24 13:29:07
5621,6.052227,6.016269,418.014923,5.00e-05,26558.95,850.75,60753898,N/A,2025-09-24 13:29:07
5622,5.650681,6.016269,418.014923,5.00e-05,27438.03,746.75,60766375,N/A,2025-09-24 13:29:08
5623,6.137383,6.016269,418.014923,5.00e-05,31915.38,827.25,60779072,N/A,2025-09-24 13:29:08
5624,6.078006,6.016269,418.014923,5.00e-05,30614.99,722.50,60792267,N/A,2025-09-24 13:29:09
5625,6.038593,6.016269,418.014923,5.00e-05,12372.84,874.50,60804680,N/A,2025-09-24 13:29:11
5626,5.818891,6.016269,418.014923,5.00e-05,12110.29,952.75,60817951,N/A,2025-09-24 13:29:11
5627,6.179789,6.016269,418.014923,5.00e-05,23431.62,673.50,60830262,N/A,2025-09-24 13:29:12
5628,6.031604,6.016269,418.014923,5.00e-05,31237.04,767.25,60842320,N/A,2025-09-24 13:29:12
5629,6.057589,6.016269,418.014923,5.00e-05,29964.61,851.75,60854777,N/A,2025-09-24 13:29:13
5630,6.003017,6.016269,418.014923,5.00e-05,29427.48,772.00,60867794,0.7369,2025-09-24 13:29:13
5631,6.069887,6.016269,418.014923,5.00e-05,27417.66,794.75,60880204,N/A,2025-09-24 13:29:14
5632,5.872195,6.016269,418.014923,5.00e-05,25628.06,669.50,60892839,N/A,2025-09-24 13:29:14
5633,6.122035,6.016269,418.014923,5.00e-05,28050.40,701.75,60904977,N/A,2025-09-24 13:29:15
5634,6.299504,6.016269,418.014923,5.00e-05,30088.93,859.00,60918822,N/A,2025-09-24 13:29:15
5635,5.902438,6.016269,418.014923,5.00e-05,32229.00,766.00,60931715,N/A,2025-09-24 13:29:15
5636,6.150282,6.016269,418.014923,5.00e-05,31447.15,799.00,60944313,N/A,2025-09-24 13:29:16
5637,6.237132,6.016269,418.014923,5.00e-05,31460.09,909.75,60957216,N/A,2025-09-24 13:29:16
5638,6.426320,6.016269,418.014923,5.00e-05,32003.35,887.00,60970824,N/A,2025-09-24 13:29:17
5639,5.918122,6.016269,418.014923,5.00e-05,31441.87,672.50,60983344,N/A,2025-09-24 13:29:17
5640,6.131512,6.016269,418.014923,5.00e-05,30776.33,951.25,60996985,0.6888,2025-09-24 13:29:18
5641,5.903225,6.016269,418.014923,5.00e-05,28177.52,930.75,61010800,N/A,2025-09-24 13:29:18
5642,6.107584,6.016269,418.014923,5.00e-05,28201.99,744.25,61022950,N/A,2025-09-24 13:29:19
5643,6.204012,6.016269,418.014923,5.00e-05,31128.62,712.00,61035360,N/A,2025-09-24 13:29:19
5644,6.231567,6.016269,418.014923,5.00e-05,30400.00,685.75,61047916,N/A,2025-09-24 13:29:20
5645,6.087492,6.016269,418.014923,5.00e-05,31727.53,798.75,61061118,N/A,2025-09-24 13:29:20
5646,6.219764,6.016269,418.014923,5.00e-05,32734.29,777.50,61074557,N/A,2025-09-24 13:29:20
5647,5.491714,6.016269,418.014923,5.00e-05,32364.20,892.50,61087802,N/A,2025-09-24 13:29:21
5648,5.797298,6.016269,418.014923,5.00e-05,33553.07,775.25,61102250,N/A,2025-09-24 13:29:21
5649,6.069929,6.016269,418.014923,5.00e-05,33125.18,799.00,61115313,N/A,2025-09-24 13:29:22
5650,6.423809,6.016269,418.014923,5.00e-05,12700.69,840.25,61129463,0.7974,2025-09-24 13:29:24
5651,5.745126,6.016269,418.014923,5.00e-05,12440.44,916.00,61143157,N/A,2025-09-24 13:29:24
5652,6.094865,6.016269,418.014923,5.00e-05,22297.72,613.75,61156130,N/A,2025-09-24 13:29:25
5653,6.699630,6.016269,418.014923,5.00e-05,31921.91,827.75,61169269,N/A,2025-09-24 13:29:25
5654,6.074084,6.016269,418.014923,5.00e-05,31200.53,931.00,61182807,N/A,2025-09-24 13:29:26
5655,6.047671,6.016269,418.014923,5.00e-05,31429.10,796.00,61194707,N/A,2025-09-24 13:29:26
5656,6.206613,6.016269,418.014923,5.00e-05,30100.42,768.00,61207213,N/A,2025-09-24 13:29:27
5657,5.871991,6.016269,418.014923,5.00e-05,30615.34,866.00,61220843,N/A,2025-09-24 13:29:27
5658,5.845711,6.016269,418.014923,5.00e-05,30916.60,902.75,61233317,N/A,2025-09-24 13:29:28
5659,6.107021,6.016269,418.014923,5.00e-05,33340.71,1024.00,61247883,N/A,2025-09-24 13:29:28
5660,5.673898,6.016269,418.014923,5.00e-05,31150.18,761.25,61260141,0.7285,2025-09-24 13:29:29
5661,5.747213,6.016269,418.014923,5.00e-05,27797.14,863.25,61273905,N/A,2025-09-24 13:29:29
5662,6.084204,6.016269,418.014923,5.00e-05,26735.89,812.00,61286551,N/A,2025-09-24 13:29:30
5663,6.236550,6.016269,418.014923,5.00e-05,32445.33,829.75,61300226,N/A,2025-09-24 13:29:30
5664,5.659800,6.016269,418.014923,5.00e-05,31434.67,759.25,61312047,N/A,2025-09-24 13:29:30
5665,6.071163,6.016269,418.014923,5.00e-05,30631.00,864.75,61325622,N/A,2025-09-24 13:29:31
5666,5.645078,6.016269,418.014923,5.00e-05,30389.60,858.50,61338028,N/A,2025-09-24 13:29:31
5667,6.283419,6.016269,418.014923,5.00e-05,30435.10,900.75,61351840,N/A,2025-09-24 13:29:32
5668,6.153583,6.016269,418.014923,5.00e-05,30030.48,617.25,61363173,N/A,2025-09-24 13:29:32
5669,5.852152,6.016269,418.014923,5.00e-05,26238.54,671.75,61374163,N/A,2025-09-24 13:29:33
5670,6.176279,6.016269,418.014923,5.00e-05,26291.25,905.75,61387359,0.7636,2025-09-24 13:29:33
5671,6.211034,6.016269,418.014923,5.00e-05,25882.73,775.50,61400409,N/A,2025-09-24 13:29:34
5672,5.640377,6.016269,418.014923,5.00e-05,29600.90,1024.00,61414578,N/A,2025-09-24 13:29:34
5673,5.775871,6.016269,418.014923,5.00e-05,32478.61,882.75,61427463,N/A,2025-09-24 13:29:35
5674,6.398389,6.016269,418.014923,5.00e-05,32327.94,873.25,61440868,N/A,2025-09-24 13:29:35
5675,5.809583,6.016269,418.014923,5.00e-05,12540.72,705.75,61453895,N/A,2025-09-24 13:29:37
5676,6.233059,6.016269,418.014923,5.00e-05,12361.95,769.75,61466746,N/A,2025-09-24 13:29:38
5677,6.297246,6.016269,418.014923,5.00e-05,23180.23,798.50,61479681,N/A,2025-09-24 13:29:38
5678,6.257626,6.016269,418.014923,5.00e-05,31823.78,791.00,61493617,N/A,2025-09-24 13:29:39
5679,5.776843,6.016269,418.014923,5.00e-05,33238.97,789.50,61507674,N/A,2025-09-24 13:29:39
5680,5.916844,6.016269,418.014923,5.00e-05,32933.37,888.50,61521627,0.8444,2025-09-24 13:29:40
5681,5.927757,6.016269,418.014923,5.00e-05,28106.09,680.00,61534125,N/A,2025-09-24 13:29:40
5682,6.081442,6.016269,418.014923,5.00e-05,26968.48,808.50,61546745,N/A,2025-09-24 13:29:41
5683,6.079057,6.016269,418.014923,5.00e-05,30978.07,708.00,61559919,N/A,2025-09-24 13:29:41
5684,5.858852,6.016269,418.014923,5.00e-05,31150.49,796.50,61572647,N/A,2025-09-24 13:29:41
5685,6.155609,6.016269,418.014923,5.00e-05,30255.16,673.00,61584622,N/A,2025-09-24 13:29:42
5686,5.939675,6.016269,418.014923,5.00e-05,30590.71,764.75,61596935,N/A,2025-09-24 13:29:42
5687,6.262482,6.016269,418.014923,5.00e-05,32461.82,797.00,61610980,N/A,2025-09-24 13:29:43
5688,6.018123,6.016269,418.014923,5.00e-05,32459.26,921.25,61624023,N/A,2025-09-24 13:29:43
5689,6.148911,6.016269,418.014923,5.00e-05,31830.56,781.75,61636267,N/A,2025-09-24 13:29:44
5690,5.979860,6.016269,418.014923,5.00e-05,31253.00,980.50,61649967,0.7432,2025-09-24 13:29:44
5691,6.011130,6.016269,418.014923,5.00e-05,27493.22,674.50,61662144,N/A,2025-09-24 13:29:45
5692,5.815228,6.016269,418.014923,5.00e-05,28895.88,805.75,61675912,N/A,2025-09-24 13:29:45
5693,5.878244,6.016269,418.014923,5.00e-05,33054.37,954.25,61689843,N/A,2025-09-24 13:29:46
5694,5.835468,6.016269,418.014923,5.00e-05,32510.12,727.50,61702404,N/A,2025-09-24 13:29:46
5695,5.956201,6.016269,418.014923,5.00e-05,31596.63,908.00,61716022,N/A,2025-09-24 13:29:46
5696,6.116115,6.016269,418.014923,5.00e-05,31566.42,850.50,61728168,N/A,2025-09-24 13:29:47
5697,5.980392,6.016269,418.014923,5.00e-05,31701.83,840.50,61742410,N/A,2025-09-24 13:29:47
5698,6.139824,6.016269,418.014923,5.00e-05,31559.50,771.75,61755389,N/A,2025-09-24 13:29:48
5699,5.779771,6.016269,418.014923,5.00e-05,29914.22,904.00,61768189,N/A,2025-09-24 13:29:48
5700,5.601851,6.016269,418.014923,5.00e-05,12130.40,1006.75,61782547,0.6681,2025-09-24 13:29:50
5701,5.713692,6.016269,418.014923,5.00e-05,12457.28,773.00,61796858,N/A,2025-09-24 13:29:51
5702,5.906578,6.016269,418.014923,5.00e-05,22816.57,998.00,61810187,N/A,2025-09-24 13:29:51
5703,6.183774,6.016269,418.014923,5.00e-05,32610.39,739.50,61823616,N/A,2025-09-24 13:29:52
5704,5.628174,6.016269,418.014923,5.00e-05,32093.98,720.25,61836465,N/A,2025-09-24 13:29:52
5705,6.028262,6.016269,418.014923,5.00e-05,30884.58,816.25,61850275,N/A,2025-09-24 13:29:53
5706,6.192092,6.016269,418.014923,5.00e-05,31687.40,854.00,61864066,N/A,2025-09-24 13:29:53
5707,6.277443,6.016269,418.014923,5.00e-05,31632.34,896.00,61877209,N/A,2025-09-24 13:29:54
5708,5.918570,6.016269,418.014923,5.00e-05,31534.92,745.50,61889564,N/A,2025-09-24 13:29:54
5709,6.065456,6.016269,418.014923,5.00e-05,32181.86,870.50,61903452,N/A,2025-09-24 13:29:55
5710,6.058775,6.016269,418.014923,5.00e-05,29796.62,625.25,61915817,0.7837,2025-09-24 13:29:55
5711,5.806965,6.016269,418.014923,5.00e-05,27890.31,863.00,61929113,N/A,2025-09-24 13:29:56
5712,5.949440,6.016269,418.014923,5.00e-05,28653.43,816.00,61942951,N/A,2025-09-24 13:29:56
5713,6.290741,6.016269,418.014923,5.00e-05,33354.72,834.25,61957106,N/A,2025-09-24 13:29:57
5714,6.115544,6.016269,418.014923,5.00e-05,34097.13,829.00,61971339,N/A,2025-09-24 13:29:57
5715,6.019845,6.016269,418.014923,5.00e-05,32873.13,971.25,61984325,N/A,2025-09-24 13:29:57
5716,5.922983,6.016269,418.014923,5.00e-05,33618.88,935.00,61998654,N/A,2025-09-24 13:29:58
5717,5.863650,6.016269,418.014923,5.00e-05,32044.65,795.25,62010723,N/A,2025-09-24 13:29:58
5718,6.250071,6.016269,418.014923,5.00e-05,30521.66,785.50,62023358,N/A,2025-09-24 13:29:59
5719,5.992983,6.016269,418.014923,5.00e-05,30771.76,955.25,62036403,N/A,2025-09-24 13:29:59
5720,6.389592,6.016269,418.014923,5.00e-05,29876.34,855.00,62048527,0.8514,2025-09-24 13:30:00
5721,6.215770,6.016269,418.014923,5.00e-05,29129.87,890.75,62062602,N/A,2025-09-24 13:30:00
5722,6.072746,6.016269,418.014923,5.00e-05,29144.36,784.75,62075577,N/A,2025-09-24 13:30:01
5723,6.060860,6.016269,418.014923,5.00e-05,31782.42,696.00,62088021,N/A,2025-09-24 13:30:01
5724,5.964080,6.016269,418.014923,5.00e-05,30226.26,656.75,62100250,N/A,2025-09-24 13:30:02
5725,5.873637,6.016269,418.014923,5.00e-05,12070.43,711.25,62113158,N/A,2025-09-24 13:30:04
5726,5.846139,6.016269,418.014923,5.00e-05,12087.18,808.50,62126263,N/A,2025-09-24 13:30:04
5727,5.847037,6.016269,418.014923,5.00e-05,22552.51,778.50,62138505,N/A,2025-09-24 13:30:05
5728,6.456033,6.016269,418.014923,5.00e-05,27989.94,621.75,62150412,N/A,2025-09-24 13:30:05
5729,6.380992,6.016269,418.014923,5.00e-05,28403.49,736.50,62164479,N/A,2025-09-24 13:30:06
5730,5.828494,6.016269,418.014923,5.00e-05,28959.61,892.00,62178435,0.7000,2025-09-24 13:30:06
5731,6.055107,6.016269,418.014923,5.00e-05,28679.86,799.50,62192259,N/A,2025-09-24 13:30:07
5732,5.746894,6.016269,418.014923,5.00e-05,27660.46,933.25,62204675,N/A,2025-09-24 13:30:07
5733,6.195219,6.016269,418.014923,5.00e-05,30996.13,834.50,62218041,N/A,2025-09-24 13:30:08
5734,5.879723,6.016269,418.014923,5.00e-05,32724.12,771.00,62232290,N/A,2025-09-24 13:30:08
5735,6.317382,6.016269,418.014923,5.00e-05,33340.41,810.25,62245558,N/A,2025-09-24 13:30:08
5736,5.735727,6.016269,418.014923,5.00e-05,30882.41,622.00,62257747,N/A,2025-09-24 13:30:09
5737,6.070625,6.016269,418.014923,5.00e-05,30970.03,1011.75,62272111,N/A,2025-09-24 13:30:09
5738,5.857615,6.016269,418.014923,5.00e-05,30677.12,788.50,62285787,N/A,2025-09-24 13:30:10
5739,6.202013,6.016269,418.014923,5.00e-05,33005.25,979.75,62299826,N/A,2025-09-24 13:30:10
5740,6.410328,6.016269,418.014923,5.00e-05,31640.48,865.75,62313262,0.6928,2025-09-24 13:30:11
5741,5.831092,6.016269,418.014923,5.00e-05,28392.63,958.00,62326617,N/A,2025-09-24 13:30:11
5742,6.286407,6.016269,418.014923,5.00e-05,27305.64,847.50,62338792,N/A,2025-09-24 13:30:12
5743,6.261683,6.016269,418.014923,5.00e-05,32360.56,830.50,62352226,N/A,2025-09-24 13:30:12
5744,6.210688,6.016269,418.014923,5.00e-05,30884.04,750.50,62365530,N/A,2025-09-24 13:30:13
5745,6.078236,6.016269,418.014923,5.00e-05,29404.13,806.75,62378583,N/A,2025-09-24 13:30:13
5746,5.888896,6.016269,418.014923,5.00e-05,29860.45,874.50,62391921,N/A,2025-09-24 13:30:14
5747,5.848551,6.016269,418.014923,5.00e-05,32687.67,844.75,62405815,N/A,2025-09-24 13:30:14
5748,5.982738,6.016269,418.014923,5.00e-05,31540.10,861.00,62418423,N/A,2025-09-24 13:30:15
5749,6.286777,6.016269,418.014923,5.00e-05,33415.68,951.50,62433104,N/A,2025-09-24 13:30:15
5750,6.240714,6.061572,437.037659,5.00e-05,3638.18,934.00,62446976,N/A,2025-09-24 13:30:24
5751,5.964795,6.061572,437.037659,5.00e-05,3615.35,904.00,62461026,N/A,2025-09-24 13:30:25
5752,5.942089,6.061572,437.037659,5.00e-05,3872.71,768.75,62473189,N/A,2025-09-24 13:30:25
5753,6.223999,6.061572,437.037659,5.00e-05,25670.92,756.75,62486744,N/A,2025-09-24 13:30:26
5754,5.930210,6.061572,437.037659,5.00e-05,9046.99,830.50,62496795,N/A,2025-09-24 13:30:28
5755,6.179823,6.061572,437.037659,5.00e-05,9427.77,872.25,62510588,N/A,2025-09-24 13:30:29
5756,5.852962,6.061572,437.037659,5.00e-05,10063.61,820.50,62523250,N/A,2025-09-24 13:30:29
5757,5.816670,6.061572,437.037659,5.00e-05,31774.41,765.50,62536134,N/A,2025-09-24 13:30:30
5758,5.659995,6.061572,437.037659,5.00e-05,32469.30,736.00,62549745,N/A,2025-09-24 13:30:30
5759,6.380216,6.061572,437.037659,5.00e-05,30586.60,1015.50,62562535,N/A,2025-09-24 13:30:31
5760,6.201729,6.061572,437.037659,5.00e-05,30894.50,837.50,62576928,0.6483,2025-09-24 13:30:31
5761,6.441345,6.061572,437.037659,5.00e-05,28177.69,778.50,62590139,N/A,2025-09-24 13:30:32
5762,6.234481,6.061572,437.037659,5.00e-05,29168.26,855.25,62605150,N/A,2025-09-24 13:30:32
5763,5.976407,6.061572,437.037659,5.00e-05,15302.48,888.00,62618269,N/A,2025-09-24 13:30:34
5764,6.610692,6.061572,437.037659,5.00e-05,14334.52,753.25,62630014,N/A,2025-09-24 13:30:34
5765,5.814847,6.061572,437.037659,5.00e-05,30975.30,642.25,62642734,N/A,2025-09-24 13:30:35
5766,5.982953,6.061572,437.037659,5.00e-05,29156.97,644.75,62653867,N/A,2025-09-24 13:30:35
5767,6.092477,6.061572,437.037659,5.00e-05,30248.84,817.75,62667325,N/A,2025-09-24 13:30:36
5768,6.186903,6.061572,437.037659,5.00e-05,28960.64,675.25,62679201,N/A,2025-09-24 13:30:36
5769,6.006182,6.061572,437.037659,5.00e-05,29941.47,1011.50,62692854,N/A,2025-09-24 13:30:37
5770,6.109921,6.061572,437.037659,5.00e-05,27918.79,908.00,62706172,0.6362,2025-09-24 13:30:37
5771,5.705476,6.061572,437.037659,5.00e-05,27637.49,994.25,62720014,N/A,2025-09-24 13:30:38
5772,5.983373,6.061572,437.037659,5.00e-05,26544.03,837.75,62733858,N/A,2025-09-24 13:30:38
5773,5.879740,6.061572,437.037659,5.00e-05,28512.36,1024.00,62746094,N/A,2025-09-24 13:30:39
5774,5.932501,6.061572,437.037659,5.00e-05,25630.79,631.00,62757613,N/A,2025-09-24 13:30:39
5775,6.301242,6.061572,437.037659,5.00e-05,21588.95,725.00,62770635,N/A,2025-09-24 13:30:40
5776,6.043490,6.061572,437.037659,5.00e-05,22513.64,944.50,62784735,N/A,2025-09-24 13:30:40
5777,5.849789,6.061572,437.037659,5.00e-05,22935.95,674.00,62797520,N/A,2025-09-24 13:30:41
5778,5.652506,6.061572,437.037659,5.00e-05,28196.72,542.50,62809843,N/A,2025-09-24 13:30:41
5779,5.905717,6.061572,437.037659,5.00e-05,27944.45,629.00,62822821,N/A,2025-09-24 13:30:42
5780,6.222638,6.061572,437.037659,5.00e-05,28563.64,987.25,62836958,0.6838,2025-09-24 13:30:42
5781,5.493412,6.061572,437.037659,5.00e-05,27463.63,677.00,62849919,N/A,2025-09-24 13:30:43
5782,6.215217,6.061572,437.037659,5.00e-05,26948.05,835.25,62862881,N/A,2025-09-24 13:30:43
5783,5.539705,6.061572,437.037659,5.00e-05,30942.23,824.25,62876090,N/A,2025-09-24 13:30:44
5784,5.701920,6.061572,437.037659,5.00e-05,30198.30,740.75,62888442,N/A,2025-09-24 13:30:44
5785,6.643877,6.061572,437.037659,5.00e-05,32142.41,883.25,62903101,N/A,2025-09-24 13:30:45
5786,5.971550,6.061572,437.037659,5.00e-05,32156.45,803.00,62916543,N/A,2025-09-24 13:30:45
5787,5.913194,6.061572,437.037659,5.00e-05,31797.06,796.75,62929355,N/A,2025-09-24 13:30:46
5788,5.994998,6.061572,437.037659,5.00e-05,12961.56,751.75,62940983,N/A,2025-09-24 13:30:48
5789,5.896882,6.061572,437.037659,5.00e-05,13028.23,759.50,62955138,N/A,2025-09-24 13:30:48
5790,6.060981,6.061572,437.037659,5.00e-05,29464.17,771.00,62968631,0.5490,2025-09-24 13:30:49
5791,6.000633,6.061572,437.037659,5.00e-05,26257.51,757.25,62981661,N/A,2025-09-24 13:30:49
5792,5.959399,6.061572,437.037659,5.00e-05,27090.72,1016.00,62995066,N/A,2025-09-24 13:30:50
5793,5.825416,6.061572,437.037659,5.00e-05,31861.96,937.00,63008679,N/A,2025-09-24 13:30:50
5794,6.041866,6.061572,437.037659,5.00e-05,32094.86,1024.00,63022367,N/A,2025-09-24 13:30:51
5795,6.243142,6.061572,437.037659,5.00e-05,31406.22,802.00,63035992,N/A,2025-09-24 13:30:51
5796,6.161512,6.061572,437.037659,5.00e-05,31421.42,769.25,63048260,N/A,2025-09-24 13:30:52
5797,5.959012,6.061572,437.037659,5.00e-05,30682.02,876.50,63061233,N/A,2025-09-24 13:30:52
5798,5.790783,6.061572,437.037659,5.00e-05,30477.34,868.75,63072798,N/A,2025-09-24 13:30:52
5799,6.013656,6.061572,437.037659,5.00e-05,30383.54,622.25,63085597,N/A,2025-09-24 13:30:53
5800,6.242861,6.061572,437.037659,5.00e-05,22637.94,781.25,63098253,0.7515,2025-09-24 13:30:54
5801,5.941940,6.061572,437.037659,5.00e-05,21292.74,866.00,63112251,N/A,2025-09-24 13:30:54
5802,6.290048,6.061572,437.037659,5.00e-05,22109.05,833.25,63125857,N/A,2025-09-24 13:30:55
5803,5.687081,6.061572,437.037659,5.00e-05,30633.39,811.75,63138056,N/A,2025-09-24 13:30:55
5804,6.474544,6.061572,437.037659,5.00e-05,31132.09,813.50,63151745,N/A,2025-09-24 13:30:56
5805,6.174966,6.061572,437.037659,5.00e-05,31301.52,773.50,63164413,N/A,2025-09-24 13:30:56
5806,6.285752,6.061572,437.037659,5.00e-05,30065.80,870.75,63177203,N/A,2025-09-24 13:30:57
5807,6.304621,6.061572,437.037659,5.00e-05,30145.95,811.75,63190144,N/A,2025-09-24 13:30:57
5808,6.012844,6.061572,437.037659,5.00e-05,29547.53,866.75,63202574,N/A,2025-09-24 13:30:57
5809,5.819712,6.061572,437.037659,5.00e-05,30102.09,660.25,63214608,N/A,2025-09-24 13:30:58
5810,5.867166,6.061572,437.037659,5.00e-05,29328.89,856.00,63228190,0.6512,2025-09-24 13:30:58
5811,6.234199,6.061572,437.037659,5.00e-05,26048.99,712.50,63240008,N/A,2025-09-24 13:30:59
5812,6.307809,6.061572,437.037659,5.00e-05,27170.76,917.75,63253973,N/A,2025-09-24 13:30:59
5813,6.256807,6.061572,437.037659,5.00e-05,14747.34,789.50,63267410,N/A,2025-09-24 13:31:01
5814,5.567027,6.061572,437.037659,5.00e-05,15160.39,872.75,63280961,N/A,2025-09-24 13:31:02
5815,6.106134,6.061572,437.037659,5.00e-05,31747.44,851.00,63293330,N/A,2025-09-24 13:31:02
5816,6.198229,6.061572,437.037659,5.00e-05,30949.06,695.25,63305563,N/A,2025-09-24 13:31:02
5817,6.219197,6.061572,437.037659,5.00e-05,31708.13,813.25,63319578,N/A,2025-09-24 13:31:03
5818,5.985762,6.061572,437.037659,5.00e-05,33094.19,713.25,63333179,N/A,2025-09-24 13:31:03
5819,5.841882,6.061572,437.037659,5.00e-05,32447.82,712.00,63346412,N/A,2025-09-24 13:31:04
5820,6.127330,6.061572,437.037659,5.00e-05,31889.23,989.75,63360593,0.6880,2025-09-24 13:31:04
5821,5.838943,6.061572,437.037659,5.00e-05,29638.01,924.25,63374891,N/A,2025-09-24 13:31:05
5822,5.804354,6.061572,437.037659,5.00e-05,28980.30,699.00,63387820,N/A,2025-09-24 13:31:05
5823,5.896194,6.061572,437.037659,5.00e-05,31582.72,913.50,63401584,N/A,2025-09-24 13:31:06
5824,6.124218,6.061572,437.037659,5.00e-05,31115.10,927.75,63415518,N/A,2025-09-24 13:31:06
5825,6.406227,6.061572,437.037659,5.00e-05,24234.30,796.50,63429363,N/A,2025-09-24 13:31:07
5826,5.898463,6.061572,437.037659,5.00e-05,23206.19,683.75,63441261,N/A,2025-09-24 13:31:08
5827,6.389585,6.061572,437.037659,5.00e-05,22785.35,856.75,63455041,N/A,2025-09-24 13:31:08
5828,5.871605,6.061572,437.037659,5.00e-05,31328.37,822.25,63467723,N/A,2025-09-24 13:31:08
5829,5.687956,6.061572,437.037659,5.00e-05,31663.32,845.50,63480620,N/A,2025-09-24 13:31:09
5830,6.024121,6.061572,437.037659,5.00e-05,31826.29,827.75,63495050,0.7114,2025-09-24 13:31:09
5831,5.991145,6.061572,437.037659,5.00e-05,29396.89,814.50,63508040,N/A,2025-09-24 13:31:10
5832,6.257339,6.061572,437.037659,5.00e-05,28068.37,892.00,63520910,N/A,2025-09-24 13:31:10
5833,6.091608,6.061572,437.037659,5.00e-05,30514.00,775.00,63533676,N/A,2025-09-24 13:31:11
5834,6.228280,6.061572,437.037659,5.00e-05,31378.17,869.50,63547072,N/A,2025-09-24 13:31:11
5835,6.042827,6.061572,437.037659,5.00e-05,31634.19,744.50,63560264,N/A,2025-09-24 13:31:12
5836,6.434590,6.061572,437.037659,5.00e-05,32111.97,801.50,63573090,N/A,2025-09-24 13:31:12
5837,5.865972,6.061572,437.037659,5.00e-05,31929.29,812.25,63586398,N/A,2025-09-24 13:31:13
5838,6.580780,6.061572,437.037659,5.00e-05,14316.65,974.75,63599809,N/A,2025-09-24 13:31:14
5839,5.860571,6.061572,437.037659,5.00e-05,13548.35,825.50,63612057,N/A,2025-09-24 13:31:15
5840,6.056114,6.061572,437.037659,5.00e-05,26339.34,768.00,63623862,0.6884,2025-09-24 13:31:15
5841,5.741716,6.061572,437.037659,5.00e-05,25649.98,777.50,63636018,N/A,2025-09-24 13:31:16
5842,5.990521,6.061572,437.037659,5.00e-05,26500.49,833.50,63649222,N/A,2025-09-24 13:31:16
5843,5.916258,6.061572,437.037659,5.00e-05,30254.62,720.50,63660979,N/A,2025-09-24 13:31:17
5844,5.945216,6.061572,437.037659,5.00e-05,32194.87,814.75,63675032,N/A,2025-09-24 13:31:17
5845,5.731296,6.061572,437.037659,5.00e-05,30878.91,864.50,63687755,N/A,2025-09-24 13:31:18
5846,5.933498,6.061572,437.037659,5.00e-05,30781.16,786.25,63701572,N/A,2025-09-24 13:31:18
5847,5.899868,6.061572,437.037659,5.00e-05,31270.58,895.75,63714488,N/A,2025-09-24 13:31:19
5848,6.123979,6.061572,437.037659,5.00e-05,33062.60,876.25,63728338,N/A,2025-09-24 13:31:19
5849,6.246353,6.061572,437.037659,5.00e-05,31183.50,754.25,63740515,N/A,2025-09-24 13:31:19
5850,6.898222,6.061572,437.037659,5.00e-05,21848.67,821.50,63753225,0.6572,2025-09-24 13:31:20
5851,5.919394,6.061572,437.037659,5.00e-05,19430.75,823.50,63765515,N/A,2025-09-24 13:31:21
5852,6.253593,6.061572,437.037659,5.00e-05,20687.40,958.25,63779086,N/A,2025-09-24 13:31:21
5853,6.124605,6.061572,437.037659,5.00e-05,31838.70,740.50,63792049,N/A,2025-09-24 13:31:22
5854,5.824310,6.061572,437.037659,5.00e-05,31536.61,765.75,63804830,N/A,2025-09-24 13:31:22
5855,5.965879,6.061572,437.037659,5.00e-05,24371.35,942.50,63818057,N/A,2025-09-24 13:31:23
5856,6.143481,6.061572,437.037659,5.00e-05,24392.67,956.00,63831230,N/A,2025-09-24 13:31:24
5857,5.883502,6.061572,437.037659,5.00e-05,30813.19,633.00,63843736,N/A,2025-09-24 13:31:24
5858,5.991917,6.061572,437.037659,5.00e-05,31494.02,845.75,63856919,N/A,2025-09-24 13:31:24
5859,6.450353,6.061572,437.037659,5.00e-05,31941.91,877.50,63871080,N/A,2025-09-24 13:31:25
5860,6.141047,6.061572,437.037659,5.00e-05,29646.25,673.00,63882562,0.7144,2025-09-24 13:31:25
5861,5.827388,6.061572,437.037659,5.00e-05,27548.58,909.50,63896766,N/A,2025-09-24 13:31:26
5862,6.198858,6.061572,437.037659,5.00e-05,28698.77,875.25,63910177,N/A,2025-09-24 13:31:26
5863,5.789334,6.061572,437.037659,5.00e-05,15082.16,888.50,63923961,N/A,2025-09-24 13:31:28
5864,6.172554,6.061572,437.037659,5.00e-05,14273.12,830.50,63936351,N/A,2025-09-24 13:31:29
5865,5.886525,6.061572,437.037659,5.00e-05,31559.61,833.75,63949752,N/A,2025-09-24 13:31:29
5866,5.771895,6.061572,437.037659,5.00e-05,31907.48,891.75,63962824,N/A,2025-09-24 13:31:29
5867,6.334706,6.061572,437.037659,5.00e-05,31183.32,856.50,63975514,N/A,2025-09-24 13:31:30
5868,5.887034,6.061572,437.037659,5.00e-05,32135.30,879.00,63988814,N/A,2025-09-24 13:31:30
5869,6.243899,6.061572,437.037659,5.00e-05,31818.51,846.00,64001733,N/A,2025-09-24 13:31:31
5870,6.357780,6.061572,437.037659,5.00e-05,30612.97,818.25,64014832,0.9072,2025-09-24 13:31:31
5871,6.062400,6.061572,437.037659,5.00e-05,28383.66,893.00,64027905,N/A,2025-09-24 13:31:32
5872,6.098623,6.061572,437.037659,5.00e-05,28923.81,943.00,64041720,N/A,2025-09-24 13:31:32
5873,6.183558,6.061572,437.037659,5.00e-05,32522.38,733.75,64054868,N/A,2025-09-24 13:31:33
5874,5.723236,6.061572,437.037659,5.00e-05,31095.93,674.00,64068015,N/A,2025-09-24 13:31:33
5875,5.847389,6.061572,437.037659,5.00e-05,23418.56,921.00,64081562,N/A,2025-09-24 13:31:34
5876,6.026668,6.061572,437.037659,5.00e-05,23002.30,864.50,64094982,N/A,2025-09-24 13:31:34
5877,6.041523,6.061572,437.037659,5.00e-05,24696.75,831.75,64108845,N/A,2025-09-24 13:31:35
5878,5.962396,6.061572,437.037659,5.00e-05,32901.86,684.00,64122330,N/A,2025-09-24 13:31:35
5879,6.158141,6.061572,437.037659,5.00e-05,33071.07,831.75,64135536,N/A,2025-09-24 13:31:36
5880,6.177727,6.061572,437.037659,5.00e-05,30540.89,812.50,64148337,0.7907,2025-09-24 13:31:36
5881,6.011385,6.061572,437.037659,5.00e-05,28226.76,835.00,64162261,N/A,2025-09-24 13:31:37
5882,6.021293,6.061572,437.037659,5.00e-05,29039.00,782.00,64175852,N/A,2025-09-24 13:31:37
5883,6.409072,6.061572,437.037659,5.00e-05,31379.23,704.50,64188363,N/A,2025-09-24 13:31:38
5884,6.144967,6.061572,437.037659,5.00e-05,30691.51,608.25,64201017,N/A,2025-09-24 13:31:38
5885,5.948812,6.061572,437.037659,5.00e-05,29566.15,697.00,64212605,N/A,2025-09-24 13:31:39
5886,5.817891,6.061572,437.037659,5.00e-05,30083.01,849.00,64225397,N/A,2025-09-24 13:31:39
5887,5.760603,6.061572,437.037659,5.00e-05,31014.02,820.75,64238473,N/A,2025-09-24 13:31:39
5888,6.154880,6.061572,437.037659,5.00e-05,14143.17,886.50,64251044,N/A,2025-09-24 13:31:41
5889,5.883237,6.061572,437.037659,5.00e-05,14469.36,895.25,64264839,N/A,2025-09-24 13:31:42
5890,5.842120,6.061572,437.037659,5.00e-05,30805.33,692.50,64277887,0.8222,2025-09-24 13:31:42
5891,5.907917,6.061572,437.037659,5.00e-05,28355.29,751.75,64290979,N/A,2025-09-24 13:31:43
5892,5.745159,6.061572,437.037659,5.00e-05,27209.68,776.50,64303144,N/A,2025-09-24 13:31:43
5893,5.889008,6.061572,437.037659,5.00e-05,31246.88,957.75,64316269,N/A,2025-09-24 13:31:44
5894,6.282150,6.061572,437.037659,5.00e-05,30006.99,876.00,64328454,N/A,2025-09-24 13:31:44
5895,5.991740,6.061572,437.037659,5.00e-05,30014.46,828.75,64340098,N/A,2025-09-24 13:31:44
5896,5.984979,6.061572,437.037659,5.00e-05,30748.63,800.50,64353714,N/A,2025-09-24 13:31:45
5897,5.845438,6.061572,437.037659,5.00e-05,32518.69,932.25,64367219,N/A,2025-09-24 13:31:45
5898,6.019177,6.061572,437.037659,5.00e-05,32152.37,752.50,64379175,N/A,2025-09-24 13:31:46
5899,5.813383,6.061572,437.037659,5.00e-05,32479.46,852.50,64392796,N/A,2025-09-24 13:31:46
5900,5.834050,6.061572,437.037659,5.00e-05,22552.19,834.25,64405147,0.7109,2025-09-24 13:31:47
5901,5.978831,6.061572,437.037659,5.00e-05,21350.04,824.25,64417806,N/A,2025-09-24 13:31:48
5902,6.032491,6.061572,437.037659,5.00e-05,21735.06,862.75,64431462,N/A,2025-09-24 13:31:48
5903,5.983519,6.061572,437.037659,5.00e-05,33457.54,970.25,64445676,N/A,2025-09-24 13:31:48
5904,5.819067,6.061572,437.037659,5.00e-05,34018.08,758.00,64458929,N/A,2025-09-24 13:31:49
5905,6.074572,6.061572,437.037659,5.00e-05,31894.71,674.25,64470496,N/A,2025-09-24 13:31:49
5906,5.654073,6.061572,437.037659,5.00e-05,30308.45,791.50,64485267,N/A,2025-09-24 13:31:50
5907,5.990297,6.061572,437.037659,5.00e-05,31189.53,860.25,64498861,N/A,2025-09-24 13:31:50
5908,6.293814,6.061572,437.037659,5.00e-05,31702.83,978.75,64512191,N/A,2025-09-24 13:31:51
5909,5.977613,6.061572,437.037659,5.00e-05,32003.05,899.75,64525469,N/A,2025-09-24 13:31:51
5910,6.269906,6.061572,437.037659,5.00e-05,31379.41,904.25,64538882,0.7870,2025-09-24 13:31:52
5911,6.232888,6.061572,437.037659,5.00e-05,28292.64,637.75,64551739,N/A,2025-09-24 13:31:52
5912,5.918124,6.061572,437.037659,5.00e-05,27598.51,908.50,64565028,N/A,2025-09-24 13:31:53
5913,6.069784,6.061572,437.037659,5.00e-05,14165.45,771.75,64577666,N/A,2025-09-24 13:31:54
5914,5.933868,6.061572,437.037659,5.00e-05,14363.52,891.25,64591393,N/A,2025-09-24 13:31:55
5915,5.948632,6.061572,437.037659,5.00e-05,32535.69,968.25,64606009,N/A,2025-09-24 13:31:55
5916,5.771658,6.061572,437.037659,5.00e-05,32386.30,833.50,64619494,N/A,2025-09-24 13:31:56
5917,6.297243,6.061572,437.037659,5.00e-05,33162.77,909.50,64633270,N/A,2025-09-24 13:31:56
5918,6.301485,6.061572,437.037659,5.00e-05,33141.39,990.00,64647142,N/A,2025-09-24 13:31:57
5919,7.633788,6.061572,437.037659,5.00e-05,31075.36,591.25,64659200,N/A,2025-09-24 13:31:57
5920,6.119693,6.061572,437.037659,5.00e-05,29665.80,939.25,64672734,0.9894,2025-09-24 13:31:58
5921,6.498430,6.061572,437.037659,5.00e-05,27251.54,850.25,64686336,N/A,2025-09-24 13:31:58
5922,6.121260,6.061572,437.037659,5.00e-05,28986.45,848.25,64700369,N/A,2025-09-24 13:31:59
5923,5.543852,6.061572,437.037659,5.00e-05,33362.15,820.00,64714786,N/A,2025-09-24 13:31:59
5924,5.798168,6.061572,437.037659,5.00e-05,33819.65,796.50,64728484,N/A,2025-09-24 13:32:00
5925,6.242826,6.061572,437.037659,5.00e-05,23948.52,819.00,64741868,N/A,2025-09-24 13:32:00
5926,6.199317,6.061572,437.037659,5.00e-05,23846.21,951.25,64755531,N/A,2025-09-24 13:32:01
5927,5.918904,6.061572,437.037659,5.00e-05,23703.23,886.25,64768893,N/A,2025-09-24 13:32:01
5928,6.568905,6.061572,437.037659,5.00e-05,32074.92,789.50,64781939,N/A,2025-09-24 13:32:02
5929,6.010403,6.061572,437.037659,5.00e-05,32917.33,683.00,64795885,N/A,2025-09-24 13:32:02
5930,6.151112,6.061572,437.037659,5.00e-05,31820.65,850.50,64808810,0.7929,2025-09-24 13:32:03
5931,5.691157,6.061572,437.037659,5.00e-05,27990.95,947.50,64823203,N/A,2025-09-24 13:32:03
5932,5.898915,6.061572,437.037659,5.00e-05,26835.43,657.00,64834715,N/A,2025-09-24 13:32:04
5933,5.991041,6.061572,437.037659,5.00e-05,30864.52,904.25,64848764,N/A,2025-09-24 13:32:04
5934,5.791512,6.061572,437.037659,5.00e-05,32318.82,741.75,64862271,N/A,2025-09-24 13:32:05
5935,6.031390,6.061572,437.037659,5.00e-05,31427.36,801.25,64875891,N/A,2025-09-24 13:32:05
5936,6.012838,6.061572,437.037659,5.00e-05,29740.08,629.25,64888658,N/A,2025-09-24 13:32:06
5937,6.269758,6.061572,437.037659,5.00e-05,29544.04,624.50,64901324,N/A,2025-09-24 13:32:06
5938,5.847116,6.061572,437.037659,5.00e-05,14081.50,868.25,64915049,N/A,2025-09-24 13:32:08
5939,6.418256,6.061572,437.037659,5.00e-05,13679.65,674.00,64927872,N/A,2025-09-24 13:32:08
5940,6.368011,6.061572,437.037659,5.00e-05,29592.06,787.50,64941493,0.6156,2025-09-24 13:32:09
5941,5.890490,6.061572,437.037659,5.00e-05,28315.15,930.75,64955506,N/A,2025-09-24 13:32:09
5942,6.076169,6.061572,437.037659,5.00e-05,27479.84,703.00,64967609,N/A,2025-09-24 13:32:10
5943,6.053290,6.061572,437.037659,5.00e-05,28632.92,590.50,64978424,N/A,2025-09-24 13:32:10
5944,6.236675,6.061572,437.037659,5.00e-05,28112.17,807.00,64991092,N/A,2025-09-24 13:32:11
5945,5.828896,6.061572,437.037659,5.00e-05,27748.70,846.75,65002815,N/A,2025-09-24 13:32:11
5946,5.881276,6.061572,437.037659,5.00e-05,28109.91,894.75,65015699,N/A,2025-09-24 13:32:12
5947,5.810121,6.061572,437.037659,5.00e-05,28978.04,731.75,65028281,N/A,2025-09-24 13:32:12
5948,6.065776,6.061572,437.037659,5.00e-05,30464.91,1006.00,65042302,N/A,2025-09-24 13:32:13
5949,6.012021,6.061572,437.037659,5.00e-05,32276.52,821.25,65055032,N/A,2025-09-24 13:32:13
5950,6.389996,6.061572,437.037659,5.00e-05,23176.20,862.75,65068163,0.7495,2025-09-24 13:32:14
5951,5.642148,6.061572,437.037659,5.00e-05,21576.43,805.25,65080771,N/A,2025-09-24 13:32:14
5952,5.595095,6.061572,437.037659,5.00e-05,21075.48,993.50,65094223,N/A,2025-09-24 13:32:15
5953,6.103044,6.061572,437.037659,5.00e-05,30832.79,578.00,65105884,N/A,2025-09-24 13:32:15
5954,5.848206,6.061572,437.037659,5.00e-05,31420.74,756.25,65120049,N/A,2025-09-24 13:32:16
5955,5.635550,6.061572,437.037659,5.00e-05,31661.64,919.00,65133275,N/A,2025-09-24 13:32:16
5956,5.905312,6.061572,437.037659,5.00e-05,32059.51,996.25,65147419,N/A,2025-09-24 13:32:17
5957,6.082704,6.061572,437.037659,5.00e-05,32917.05,829.25,65160904,N/A,2025-09-24 13:32:17
5958,6.114451,6.061572,437.037659,5.00e-05,32711.27,718.00,65173868,N/A,2025-09-24 13:32:18
5959,6.115758,6.061572,437.037659,5.00e-05,31058.65,829.00,65188332,N/A,2025-09-24 13:32:18
5960,6.394643,6.061572,437.037659,5.00e-05,28723.09,980.25,65202041,0.7574,2025-09-24 13:32:19
5961,6.165284,6.061572,437.037659,5.00e-05,25141.01,870.75,65216928,N/A,2025-09-24 13:32:19
5962,6.101603,6.061572,437.037659,5.00e-05,23198.28,720.50,65228678,N/A,2025-09-24 13:32:20
5963,5.747865,6.061572,437.037659,5.00e-05,5116.54,774.00,65240190,N/A,2025-09-24 13:32:25
5964,5.795537,6.061572,437.037659,5.00e-05,5042.34,653.50,65253113,N/A,2025-09-24 13:32:26
5965,6.031443,6.061572,437.037659,5.00e-05,29217.46,762.50,65265107,N/A,2025-09-24 13:32:26
5966,5.883551,6.061572,437.037659,5.00e-05,31525.54,904.75,65279505,N/A,2025-09-24 13:32:27
5967,6.020870,6.061572,437.037659,5.00e-05,32910.12,755.75,65292728,N/A,2025-09-24 13:32:27
5968,6.174555,6.061572,437.037659,5.00e-05,32750.19,778.50,65306141,N/A,2025-09-24 13:32:27
5969,5.999895,6.061572,437.037659,5.00e-05,32050.00,960.50,65319518,N/A,2025-09-24 13:32:28
5970,5.928339,6.061572,437.037659,5.00e-05,31011.80,725.00,65332263,0.7125,2025-09-24 13:32:28
5971,6.103650,6.061572,437.037659,5.00e-05,27874.39,845.50,65345485,N/A,2025-09-24 13:32:29
5972,5.844657,6.061572,437.037659,5.00e-05,27055.14,958.50,65358159,N/A,2025-09-24 13:32:29
5973,5.814438,6.061572,437.037659,5.00e-05,32539.59,783.50,65372338,N/A,2025-09-24 13:32:30
5974,6.127068,6.061572,437.037659,5.00e-05,31637.50,846.25,65384602,N/A,2025-09-24 13:32:30
5975,5.786643,6.061572,437.037659,5.00e-05,23070.94,680.50,65398563,N/A,2025-09-24 13:32:31
5976,6.032371,6.061572,437.037659,5.00e-05,24084.24,965.50,65412789,N/A,2025-09-24 13:32:32
5977,6.011071,6.061572,437.037659,5.00e-05,22916.45,595.50,65425078,N/A,2025-09-24 13:32:32
5978,6.290082,6.061572,437.037659,5.00e-05,32700.57,922.00,65439566,N/A,2025-09-24 13:32:33
5979,5.781146,6.061572,437.037659,5.00e-05,29683.13,927.75,65451992,N/A,2025-09-24 13:32:33
5980,5.943846,6.061572,437.037659,5.00e-05,27774.23,893.00,65464159,0.8521,2025-09-24 13:32:34
5981,6.251662,6.061572,437.037659,5.00e-05,26285.14,953.25,65477641,N/A,2025-09-24 13:32:34
5982,5.777299,6.061572,437.037659,5.00e-05,30148.12,892.75,65491814,N/A,2025-09-24 13:32:35
5983,5.979345,6.061572,437.037659,5.00e-05,32076.50,810.00,65504812,N/A,2025-09-24 13:32:35
5984,5.869652,6.061572,437.037659,5.00e-05,32019.94,839.75,65518093,N/A,2025-09-24 13:32:35
5985,6.058353,6.061572,437.037659,5.00e-05,32296.56,804.25,65531558,N/A,2025-09-24 13:32:36
5986,5.830749,6.061572,437.037659,5.00e-05,32547.51,892.75,65545595,N/A,2025-09-24 13:32:36
5987,6.031250,6.061572,437.037659,5.00e-05,32370.85,633.25,65558552,N/A,2025-09-24 13:32:37
5988,5.990793,6.061572,437.037659,5.00e-05,14850.33,880.50,65572068,N/A,2025-09-24 13:32:39
5989,6.235972,6.061572,437.037659,5.00e-05,14146.55,712.00,65585265,N/A,2025-09-24 13:32:39
5990,5.621035,6.061572,437.037659,5.00e-05,31877.50,972.25,65598724,0.6254,2025-09-24 13:32:39
5991,5.864374,6.061572,437.037659,5.00e-05,28811.79,901.50,65612260,N/A,2025-09-24 13:32:40
5992,6.232816,6.061572,437.037659,5.00e-05,28240.36,863.75,65625804,N/A,2025-09-24 13:32:41
5993,6.357168,6.061572,437.037659,5.00e-05,31795.36,731.75,65638477,N/A,2025-09-24 13:32:41
5994,5.924375,6.061572,437.037659,5.00e-05,28315.78,703.75,65650716,N/A,2025-09-24 13:32:41
5995,5.775971,6.061572,437.037659,5.00e-05,28683.78,626.75,65663223,N/A,2025-09-24 13:32:42
5996,5.854970,6.061572,437.037659,5.00e-05,30589.98,846.50,65676868,N/A,2025-09-24 13:32:42
5997,6.134283,6.061572,437.037659,5.00e-05,31999.44,837.50,65690152,N/A,2025-09-24 13:32:43
5998,6.180644,6.061572,437.037659,5.00e-05,33211.46,772.50,65704557,N/A,2025-09-24 13:32:43
5999,6.316046,6.061572,437.037659,5.00e-05,31012.36,674.50,65716359,N/A,2025-09-24 13:32:44
6000,6.187685,6.011404,417.905304,5.00e-05,2267.17,914.75,65729188,N/A,2025-09-24 13:32:57
