step,train_loss,val_loss,val_perplexity,learning_rate,tokens_per_sec,avg_seq_len,batch_size,block_size,total_tokens,grad_norm,timestamp
0,32.289715,N/A,N/A,2.50e-07,0.00,1762.50,3525,N/A,2025-08-11 18:39:47
1,38.682972,N/A,N/A,5.00e-07,218.73,1711.50,6948,N/A,2025-08-11 18:40:18
2,38.539791,N/A,N/A,7.50e-07,337.72,1959.50,10867,N/A,2025-08-11 18:40:19
3,45.478584,N/A,N/A,1.00e-06,448.27,1870.50,14608,N/A,2025-08-11 18:40:19
4,40.466534,N/A,N/A,1.25e-06,559.39,1915.50,18439,N/A,2025-08-11 18:40:20
5,26.837543,N/A,N/A,1.50e-06,645.39,1543.00,21525,N/A,2025-08-11 18:40:20
6,30.035831,N/A,N/A,1.75e-06,728.86,1528.00,24581,N/A,2025-08-11 18:40:20
7,33.813366,N/A,N/A,2.00e-06,801.22,1371.50,27324,N/A,2025-08-11 18:40:21
8,49.670525,N/A,N/A,2.25e-06,907.22,1978.00,31280,N/A,2025-08-11 18:40:21
9,36.067989,N/A,N/A,2.50e-06,1000.78,1809.00,34898,N/A,2025-08-11 18:40:22
10,33.616390,N/A,N/A,2.75e-06,9828.06,1750.50,38399,1.0000,2025-08-11 18:40:22
11,29.743649,N/A,N/A,3.00e-06,9616.51,1208.00,40815,N/A,2025-08-11 18:40:22
12,29.645765,N/A,N/A,3.25e-06,9372.02,1428.00,43671,N/A,2025-08-11 18:40:23
13,47.266132,N/A,N/A,3.50e-06,9199.00,1880.50,47432,N/A,2025-08-11 18:40:23
14,33.454609,N/A,N/A,3.75e-06,9063.41,1603.50,50639,N/A,2025-08-11 18:40:24
15,22.472979,N/A,N/A,4.00e-06,8781.78,1055.00,52749,N/A,2025-08-11 18:40:24
16,46.645340,N/A,N/A,4.25e-06,9021.87,1940.50,56630,N/A,2025-08-11 18:40:24
17,38.958225,N/A,N/A,4.50e-06,9201.08,1682.00,59994,N/A,2025-08-11 18:40:25
18,40.965878,N/A,N/A,4.75e-06,9107.64,1753.50,63501,N/A,2025-08-11 18:40:25
19,38.176144,N/A,N/A,5.00e-06,9179.42,1721.00,66943,N/A,2025-08-11 18:40:25
20,24.625851,N/A,N/A,5.25e-06,8708.07,1138.00,69219,1.0000,2025-08-11 18:40:26
21,39.587112,N/A,N/A,5.50e-06,9205.42,2021.50,73262,N/A,2025-08-11 18:40:26
22,44.370041,N/A,N/A,5.75e-06,9693.96,2019.50,77301,N/A,2025-08-11 18:40:27
23,22.749687,N/A,N/A,6.00e-06,9274.14,1159.00,79619,N/A,2025-08-11 18:40:27
24,36.116783,N/A,N/A,6.25e-06,9298.35,1826.50,83272,N/A,2025-08-11 18:40:27
25,37.725838,N/A,N/A,6.50e-06,9792.03,2005.50,87283,N/A,2025-08-11 18:40:28
26,50.774914,N/A,N/A,6.75e-06,9765.87,1961.50,91206,N/A,2025-08-11 18:40:28
27,34.554260,N/A,N/A,7.00e-06,9607.54,1424.50,94055,N/A,2025-08-11 18:40:29
28,43.297798,N/A,N/A,7.25e-06,9790.99,1987.50,98030,N/A,2025-08-11 18:40:29
29,33.579426,N/A,N/A,7.50e-06,9884.61,1605.50,101241,N/A,2025-08-11 18:40:29
30,27.334766,N/A,N/A,7.75e-06,9960.41,1614.00,104469,1.0000,2025-08-11 18:40:30
31,32.418610,N/A,N/A,8.00e-06,9805.73,1680.50,107830,N/A,2025-08-11 18:40:30
32,47.230881,N/A,N/A,8.25e-06,9721.48,1883.50,111597,N/A,2025-08-11 18:40:31
33,43.178108,N/A,N/A,8.50e-06,10230.61,1897.50,115392,N/A,2025-08-11 18:40:31
34,28.313036,N/A,N/A,8.75e-06,10033.98,1406.00,118204,N/A,2025-08-11 18:40:31
35,41.623096,N/A,N/A,9.00e-06,10024.68,1929.50,122063,N/A,2025-08-11 18:40:32
36,26.468796,N/A,N/A,9.25e-06,9728.14,1425.00,124913,N/A,2025-08-11 18:40:32
37,41.074432,N/A,N/A,9.50e-06,9940.99,2048.00,129009,N/A,2025-08-11 18:40:32
38,43.512238,N/A,N/A,9.75e-06,9921.32,2031.50,133072,N/A,2025-08-11 18:40:33
39,35.043133,N/A,N/A,1.00e-05,10126.05,1666.50,136405,N/A,2025-08-11 18:40:33
40,28.547400,N/A,N/A,1.03e-05,9895.36,1559.50,139524,1.0000,2025-08-11 18:40:34
41,29.623491,N/A,N/A,1.05e-05,9867.54,1615.00,142754,N/A,2025-08-11 18:40:34
42,33.503384,N/A,N/A,1.08e-05,9781.19,1692.50,146139,N/A,2025-08-11 18:40:34
43,45.323944,N/A,N/A,1.10e-05,9833.51,1988.50,150116,N/A,2025-08-11 18:40:35
44,22.104425,N/A,N/A,1.13e-05,9701.99,1156.50,152429,N/A,2025-08-11 18:40:35
45,28.811888,N/A,N/A,1.15e-05,9415.60,1403.00,155235,N/A,2025-08-11 18:40:36
46,27.295790,N/A,N/A,1.18e-05,9354.71,1084.00,157403,N/A,2025-08-11 18:40:36
47,31.086189,N/A,N/A,1.20e-05,9139.97,1618.00,160639,N/A,2025-08-11 18:40:36
48,37.126202,N/A,N/A,1.22e-05,9020.97,1804.50,164248,N/A,2025-08-11 18:40:37
49,31.221317,N/A,N/A,1.25e-05,8933.87,1280.00,166808,N/A,2025-08-11 18:40:37
50,26.324821,N/A,N/A,1.28e-05,8539.05,1326.50,169461,1.0000,2025-08-11 18:40:38
51,23.339514,N/A,N/A,1.30e-05,8243.56,1247.00,171955,N/A,2025-08-11 18:40:38
52,28.606937,N/A,N/A,1.33e-05,8037.52,1387.00,174729,N/A,2025-08-11 18:40:38
53,25.131145,N/A,N/A,1.35e-05,7619.67,1273.00,177275,N/A,2025-08-11 18:40:39
54,33.186729,N/A,N/A,1.38e-05,7931.22,1738.50,180752,N/A,2025-08-11 18:40:39
55,22.003189,N/A,N/A,1.40e-05,7812.47,1188.00,183128,N/A,2025-08-11 18:40:40
56,35.756771,N/A,N/A,1.42e-05,8079.31,1553.00,186234,N/A,2025-08-11 18:40:40
57,37.187138,N/A,N/A,1.45e-05,8011.43,1530.00,189294,N/A,2025-08-11 18:40:40
58,30.747721,N/A,N/A,1.47e-05,7920.91,1614.50,192523,N/A,2025-08-11 18:40:41
59,27.891676,N/A,N/A,1.50e-05,8170.96,1329.00,195181,N/A,2025-08-11 18:40:41
60,30.947548,N/A,N/A,1.52e-05,8116.90,1499.00,198179,1.0000,2025-08-11 18:40:42
61,21.777390,N/A,N/A,1.55e-05,8119.72,1223.50,200626,N/A,2025-08-11 18:40:42
62,36.776115,N/A,N/A,1.57e-05,8452.75,1987.50,204601,N/A,2025-08-11 18:40:42
63,24.772644,N/A,N/A,1.60e-05,8574.61,1504.50,207610,N/A,2025-08-11 18:40:43
64,33.317093,N/A,N/A,1.63e-05,8634.27,2013.50,211637,N/A,2025-08-11 18:40:43
65,21.142416,N/A,N/A,1.65e-05,8605.31,1154.50,213946,N/A,2025-08-11 18:40:44
66,29.183752,N/A,N/A,1.68e-05,8612.32,1521.00,216988,N/A,2025-08-11 18:40:44
67,34.980034,N/A,N/A,1.70e-05,8804.28,1840.50,220669,N/A,2025-08-11 18:40:44
68,29.001205,N/A,N/A,1.73e-05,8794.07,1587.00,223843,N/A,2025-08-11 18:40:45
69,34.014900,N/A,N/A,1.75e-05,9408.09,1980.00,227803,N/A,2025-08-11 18:40:45
70,32.848400,N/A,N/A,1.78e-05,9319.60,1735.00,231273,1.0000,2025-08-11 18:40:45
71,25.957825,N/A,N/A,1.80e-05,9346.39,1342.50,233958,N/A,2025-08-11 18:40:46
72,29.302475,N/A,N/A,1.82e-05,8989.71,1422.00,236802,N/A,2025-08-11 18:40:46
73,20.893463,N/A,N/A,1.85e-05,8914.73,1210.00,239222,N/A,2025-08-11 18:40:47
74,33.202290,N/A,N/A,1.88e-05,8913.19,1979.50,243181,N/A,2025-08-11 18:40:47
75,28.933214,N/A,N/A,1.90e-05,9101.53,1545.50,246272,N/A,2025-08-11 18:40:47
76,18.721823,N/A,N/A,1.93e-05,8835.91,1125.50,248523,N/A,2025-08-11 18:40:48
77,40.549797,N/A,N/A,1.95e-05,8915.80,2046.50,252616,N/A,2025-08-11 18:40:48
78,31.254671,N/A,N/A,1.98e-05,8853.69,1440.00,255496,N/A,2025-08-11 18:40:49
79,19.202393,N/A,N/A,2.00e-05,8525.96,1044.50,257585,N/A,2025-08-11 18:40:49
80,35.323284,N/A,N/A,2.02e-05,8543.21,2017.50,261620,1.0000,2025-08-11 18:40:49
81,23.088104,N/A,N/A,2.05e-05,8578.28,1374.00,264368,N/A,2025-08-11 18:40:50
82,21.116793,N/A,N/A,2.07e-05,8386.28,1048.00,266464,N/A,2025-08-11 18:40:50
83,35.426949,N/A,N/A,2.10e-05,8748.02,1864.50,270193,N/A,2025-08-11 18:40:51
84,35.770634,N/A,N/A,2.13e-05,8561.61,1625.00,273443,N/A,2025-08-11 18:40:51
85,26.062630,N/A,N/A,2.15e-05,8487.76,1443.50,276330,N/A,2025-08-11 18:40:51
86,37.141136,N/A,N/A,2.18e-05,8962.78,1904.50,280139,N/A,2025-08-11 18:40:52
87,27.246374,N/A,N/A,2.20e-05,8748.94,1677.00,283493,N/A,2025-08-11 18:40:52
88,24.076519,N/A,N/A,2.22e-05,8811.89,1561.00,286615,N/A,2025-08-11 18:40:53
89,27.153540,N/A,N/A,2.25e-05,9222.69,1588.50,289792,N/A,2025-08-11 18:40:53
90,33.005714,N/A,N/A,2.28e-05,8845.22,1892.00,293576,1.0000,2025-08-11 18:40:53
91,34.054588,N/A,N/A,2.30e-05,9025.92,1750.00,297076,N/A,2025-08-11 18:40:54
92,30.685947,N/A,N/A,2.33e-05,9316.96,1581.50,300239,N/A,2025-08-11 18:40:54
93,26.749029,N/A,N/A,2.35e-05,9117.63,1534.00,303307,N/A,2025-08-11 18:40:55
94,36.732758,N/A,N/A,2.37e-05,9286.14,1828.00,306963,N/A,2025-08-11 18:40:55
95,21.124805,N/A,N/A,2.40e-05,9120.93,1278.50,309520,N/A,2025-08-11 18:40:55
96,33.283260,N/A,N/A,2.42e-05,9157.57,1989.00,313498,N/A,2025-08-11 18:40:56
97,28.599754,N/A,N/A,2.45e-05,9190.81,1698.50,316895,N/A,2025-08-11 18:40:56
98,31.946835,N/A,N/A,2.48e-05,9443.04,1836.50,320568,N/A,2025-08-11 18:40:57
99,23.689682,N/A,N/A,2.50e-05,9681.84,1395.50,323359,N/A,2025-08-11 18:40:57
100,30.342287,N/A,N/A,2.53e-05,9433.14,1849.00,327057,1.0000,2025-08-11 18:40:57
101,18.901291,N/A,N/A,2.55e-05,6600.07,1136.50,329330,N/A,2025-08-11 18:40:59
102,18.554232,N/A,N/A,2.57e-05,6449.43,1184.00,331698,N/A,2025-08-11 18:40:59
103,29.608570,N/A,N/A,2.60e-05,6591.64,1885.50,335469,N/A,2025-08-11 18:41:00
104,23.004797,N/A,N/A,2.63e-05,6351.99,1170.50,337810,N/A,2025-08-11 18:41:00
105,30.192917,N/A,N/A,2.65e-05,6415.46,1493.50,340797,N/A,2025-08-11 18:41:01
106,35.490055,N/A,N/A,2.68e-05,6283.03,1675.00,344147,N/A,2025-08-11 18:41:01
107,26.073898,N/A,N/A,2.70e-05,6216.63,1586.50,347320,N/A,2025-08-11 18:41:01
108,32.606403,N/A,N/A,2.72e-05,6293.01,2048.00,351416,N/A,2025-08-11 18:41:02
109,25.792795,N/A,N/A,2.75e-05,6440.58,1507.00,354430,N/A,2025-08-11 18:41:02
110,21.773960,N/A,N/A,2.77e-05,8515.87,1500.50,357431,1.0000,2025-08-11 18:41:03
111,20.359566,N/A,N/A,2.80e-05,8496.58,1219.50,359870,N/A,2025-08-11 18:41:03
112,23.350878,N/A,N/A,2.83e-05,8677.60,1523.00,362916,N/A,2025-08-11 18:41:03
113,26.972593,N/A,N/A,2.85e-05,8662.08,1825.00,366566,N/A,2025-08-11 18:41:04
114,20.005074,N/A,N/A,2.87e-05,8806.29,1383.50,369333,N/A,2025-08-11 18:41:04
115,23.107883,N/A,N/A,2.90e-05,8646.37,1208.50,371750,N/A,2025-08-11 18:41:05
116,26.921930,N/A,N/A,2.92e-05,8772.66,1882.50,375515,N/A,2025-08-11 18:41:05
117,27.608837,N/A,N/A,2.95e-05,8928.82,1831.00,379177,N/A,2025-08-11 18:41:05
118,18.215321,N/A,N/A,2.98e-05,8446.63,1125.50,381428,N/A,2025-08-11 18:41:06
119,28.968527,N/A,N/A,3.00e-05,8911.51,2047.00,385522,N/A,2025-08-11 18:41:06
120,23.172674,N/A,N/A,3.03e-05,8797.29,1508.00,388538,1.0000,2025-08-11 18:41:07
121,23.961636,N/A,N/A,3.05e-05,8990.46,1543.00,391624,N/A,2025-08-11 18:41:07
122,30.841700,N/A,N/A,3.08e-05,9104.86,1738.50,395101,N/A,2025-08-11 18:41:07
123,22.866642,N/A,N/A,3.10e-05,8833.31,1354.50,397810,N/A,2025-08-11 18:41:08
124,26.760109,N/A,N/A,3.13e-05,9156.40,2032.00,401874,N/A,2025-08-11 18:41:08
125,26.466637,N/A,N/A,3.15e-05,9366.01,1524.50,404923,N/A,2025-08-11 18:41:09
126,19.778160,N/A,N/A,3.18e-05,8938.18,1088.00,407099,N/A,2025-08-11 18:41:09
127,25.737434,N/A,N/A,3.20e-05,8854.68,1715.00,410529,N/A,2025-08-11 18:41:09
128,29.969795,N/A,N/A,3.22e-05,9142.45,1775.00,414079,N/A,2025-08-11 18:41:10
129,17.916548,N/A,N/A,3.25e-05,8914.57,1301.50,416682,N/A,2025-08-11 18:41:10
130,26.317326,N/A,N/A,3.28e-05,8766.02,1780.00,420242,1.0000,2025-08-11 18:41:11
131,23.684891,N/A,N/A,3.30e-05,8692.51,1506.00,423254,N/A,2025-08-11 18:41:11
132,27.952240,N/A,N/A,3.33e-05,8779.48,1977.00,427208,N/A,2025-08-11 18:41:11
133,18.568644,N/A,N/A,3.35e-05,8709.19,1133.50,429475,N/A,2025-08-11 18:41:12
134,34.382141,N/A,N/A,3.38e-05,8638.33,1957.50,433390,N/A,2025-08-11 18:41:12
135,25.916405,N/A,N/A,3.40e-05,8563.55,1414.00,436218,N/A,2025-08-11 18:41:13
136,30.268089,N/A,N/A,3.42e-05,8839.18,1692.00,439602,N/A,2025-08-11 18:41:13
137,24.816252,N/A,N/A,3.45e-05,8920.84,1669.00,442940,N/A,2025-08-11 18:41:13
138,22.907347,N/A,N/A,3.48e-05,8658.33,1307.00,445554,N/A,2025-08-11 18:41:14
139,32.357365,N/A,N/A,3.50e-05,9368.97,2026.50,449607,N/A,2025-08-11 18:41:14
140,20.866085,N/A,N/A,3.53e-05,8725.97,1143.00,451893,1.0000,2025-08-11 18:41:15
141,18.892866,N/A,N/A,3.55e-05,8712.47,1406.00,454705,N/A,2025-08-11 18:41:15
142,25.667900,N/A,N/A,3.58e-05,8650.09,1882.00,458469,N/A,2025-08-11 18:41:15
143,18.530552,N/A,N/A,3.60e-05,8751.12,1344.50,461158,N/A,2025-08-11 18:41:16
144,28.610046,N/A,N/A,3.63e-05,8674.11,1815.50,464789,N/A,2025-08-11 18:41:16
145,19.935902,N/A,N/A,3.65e-05,8648.43,1398.50,467586,N/A,2025-08-11 18:41:17
146,33.147247,N/A,N/A,3.68e-05,8849.16,2048.00,471682,N/A,2025-08-11 18:41:17
147,25.342535,N/A,N/A,3.70e-05,8792.02,1572.00,474826,N/A,2025-08-11 18:41:17
148,17.942705,N/A,N/A,3.72e-05,8737.58,1254.00,477334,N/A,2025-08-11 18:41:18
149,28.857563,N/A,N/A,3.75e-05,8819.43,1662.50,480659,N/A,2025-08-11 18:41:18
150,32.873421,N/A,N/A,3.78e-05,9053.07,2048.00,484755,1.0000,2025-08-11 18:41:19
151,20.690313,N/A,N/A,3.80e-05,8892.12,1251.00,487257,N/A,2025-08-11 18:41:19
152,29.142513,N/A,N/A,3.83e-05,8904.39,1825.50,490908,N/A,2025-08-11 18:41:19
153,30.337069,N/A,N/A,3.85e-05,9219.17,1909.00,494726,N/A,2025-08-11 18:41:20
154,29.936543,N/A,N/A,3.87e-05,9387.53,1996.00,498718,N/A,2025-08-11 18:41:20
155,26.438274,N/A,N/A,3.90e-05,9448.49,1538.50,501795,N/A,2025-08-11 18:41:21
156,13.617500,N/A,N/A,3.93e-05,8904.36,1050.00,503895,N/A,2025-08-11 18:41:21
157,20.526588,N/A,N/A,3.95e-05,8778.59,1340.50,506576,N/A,2025-08-11 18:41:21
158,20.253284,N/A,N/A,3.98e-05,8981.07,1540.00,509656,N/A,2025-08-11 18:41:22
159,20.932955,N/A,N/A,4.00e-05,9226.73,1524.50,512705,N/A,2025-08-11 18:41:22
160,24.096176,N/A,N/A,4.03e-05,8660.00,1246.00,515197,1.0000,2025-08-11 18:41:23
161,30.546316,N/A,N/A,4.05e-05,8917.33,2038.00,519273,N/A,2025-08-11 18:41:23
162,27.294672,N/A,N/A,4.08e-05,8953.57,1887.50,523048,N/A,2025-08-11 18:41:23
163,20.160034,N/A,N/A,4.10e-05,8623.87,1447.50,525943,N/A,2025-08-11 18:41:24
164,25.586151,N/A,N/A,4.12e-05,8575.56,1880.50,529704,N/A,2025-08-11 18:41:24
165,24.159298,N/A,N/A,4.15e-05,8538.35,1469.50,532643,N/A,2025-08-11 18:41:25
166,23.766991,N/A,N/A,4.17e-05,8924.09,1701.50,536046,N/A,2025-08-11 18:41:25
167,17.076366,N/A,N/A,4.20e-05,8865.00,1224.00,538494,N/A,2025-08-11 18:41:25
168,26.602888,N/A,N/A,4.23e-05,9024.71,1901.50,542297,N/A,2025-08-11 18:41:26
169,23.549299,N/A,N/A,4.25e-05,9280.00,1639.00,545575,N/A,2025-08-11 18:41:26
170,32.763718,N/A,N/A,4.28e-05,9607.29,1780.50,549136,1.0000,2025-08-11 18:41:27
171,19.077009,N/A,N/A,4.30e-05,9305.22,1498.50,552133,N/A,2025-08-11 18:41:27
172,26.168121,N/A,N/A,4.33e-05,9277.86,1710.50,555554,N/A,2025-08-11 18:41:27
173,22.644545,N/A,N/A,4.35e-05,9241.26,1507.00,558568,N/A,2025-08-11 18:41:28
174,22.943510,N/A,N/A,4.38e-05,9089.91,1693.00,561954,N/A,2025-08-11 18:41:28
175,21.211716,N/A,N/A,4.40e-05,8942.14,1213.00,564380,N/A,2025-08-11 18:41:29
176,27.604334,N/A,N/A,4.42e-05,8993.74,1915.50,568211,N/A,2025-08-11 18:41:29
177,24.197447,N/A,N/A,4.45e-05,9240.31,1616.00,571443,N/A,2025-08-11 18:41:29
178,21.950052,N/A,N/A,4.47e-05,9066.61,1593.00,574629,N/A,2025-08-11 18:41:30
179,26.107101,N/A,N/A,4.50e-05,9323.90,1824.50,578278,N/A,2025-08-11 18:41:30
180,19.767529,N/A,N/A,4.53e-05,8805.73,1310.50,580899,1.0000,2025-08-11 18:41:31
181,25.875439,N/A,N/A,4.55e-05,8966.26,1800.50,584500,N/A,2025-08-11 18:41:31
182,18.143927,N/A,N/A,4.58e-05,8684.71,1073.00,586646,N/A,2025-08-11 18:41:31
183,29.797581,N/A,N/A,4.60e-05,8959.84,1920.00,590486,N/A,2025-08-11 18:41:32
184,13.581303,N/A,N/A,4.63e-05,8629.19,1112.50,592711,N/A,2025-08-11 18:41:32
185,23.806622,N/A,N/A,4.65e-05,8820.31,1545.50,595802,N/A,2025-08-11 18:41:32
186,23.893005,N/A,N/A,4.68e-05,8643.78,1813.00,599428,N/A,2025-08-11 18:41:33
187,17.861372,N/A,N/A,4.70e-05,8418.70,1235.50,601899,N/A,2025-08-11 18:41:33
188,21.626089,N/A,N/A,4.73e-05,8393.22,1516.50,604932,N/A,2025-08-11 18:41:34
189,17.239962,N/A,N/A,4.75e-05,8396.42,1439.00,607810,N/A,2025-08-11 18:41:34
190,20.193089,N/A,N/A,4.78e-05,8339.48,1452.50,610715,1.0000,2025-08-11 18:41:35
191,15.983127,N/A,N/A,4.80e-05,8021.94,1230.00,613175,N/A,2025-08-11 18:41:35
192,25.938852,N/A,N/A,4.83e-05,8508.60,1944.00,617063,N/A,2025-08-11 18:41:35
193,21.740707,N/A,N/A,4.85e-05,8364.62,1657.00,620377,N/A,2025-08-11 18:41:36
194,20.919531,N/A,N/A,4.87e-05,8538.89,1474.50,623326,N/A,2025-08-11 18:41:36
195,27.941690,N/A,N/A,4.90e-05,8815.35,1817.00,626960,N/A,2025-08-11 18:41:36
196,20.750917,N/A,N/A,4.93e-05,8704.68,1575.50,630111,N/A,2025-08-11 18:41:37
197,18.539526,N/A,N/A,4.95e-05,8652.69,1251.00,632613,N/A,2025-08-11 18:41:37
198,17.915146,N/A,N/A,4.98e-05,8559.99,1340.00,635293,N/A,2025-08-11 18:41:38
199,32.830643,N/A,N/A,5.00e-05,8929.04,2004.00,639301,N/A,2025-08-11 18:41:38
200,18.669436,N/A,N/A,5.00e-05,8557.00,1214.00,641729,1.0000,2025-08-11 18:41:39
201,19.265667,N/A,N/A,5.00e-05,6944.53,1189.00,644107,N/A,2025-08-11 18:41:40
202,24.358841,N/A,N/A,5.00e-05,6894.95,1814.00,647735,N/A,2025-08-11 18:41:40
203,17.261545,N/A,N/A,5.00e-05,6680.52,1063.00,649861,N/A,2025-08-11 18:41:40
204,23.691950,N/A,N/A,5.00e-05,6832.36,1814.50,653490,N/A,2025-08-11 18:41:41
205,25.527414,N/A,N/A,5.00e-05,6728.39,1618.50,656727,N/A,2025-08-11 18:41:41
206,20.562738,N/A,N/A,5.00e-05,6668.02,1377.00,659481,N/A,2025-08-11 18:41:42
207,13.862870,N/A,N/A,5.00e-05,6617.16,1138.50,661758,N/A,2025-08-11 18:41:42
208,30.945110,N/A,N/A,5.00e-05,6989.67,2048.00,665854,N/A,2025-08-11 18:41:42
209,21.007648,N/A,N/A,5.00e-05,6817.40,1369.50,668593,N/A,2025-08-11 18:41:43
210,25.631626,N/A,N/A,5.00e-05,8611.84,1832.50,672258,1.0000,2025-08-11 18:41:43
211,20.989113,N/A,N/A,5.00e-05,8809.12,1573.00,675404,N/A,2025-08-11 18:41:44
212,22.691217,N/A,N/A,5.00e-05,8756.98,1728.00,678860,N/A,2025-08-11 18:41:44
213,27.519485,N/A,N/A,5.00e-05,9150.26,1801.00,682462,N/A,2025-08-11 18:41:44
214,22.959660,N/A,N/A,5.00e-05,9094.50,1739.00,685940,N/A,2025-08-11 18:41:45
215,21.666683,N/A,N/A,5.00e-05,9065.61,1548.00,689036,N/A,2025-08-11 18:41:45
216,18.340073,N/A,N/A,5.00e-05,9122.19,1488.00,692012,N/A,2025-08-11 18:41:46
217,14.701295,N/A,N/A,5.00e-05,9148.40,1199.00,694410,N/A,2025-08-11 18:41:46
218,15.706353,N/A,N/A,5.00e-05,8688.87,1146.50,696703,N/A,2025-08-11 18:41:46
219,27.196808,N/A,N/A,5.00e-05,9050.06,1697.00,700097,N/A,2025-08-11 18:41:47
220,16.364990,N/A,N/A,5.00e-05,8450.63,1073.50,702244,1.0000,2025-08-11 18:41:47
221,19.512733,N/A,N/A,5.00e-05,8389.20,1450.00,705144,N/A,2025-08-11 18:41:48
222,14.159402,N/A,N/A,5.00e-05,7947.39,1075.50,707295,N/A,2025-08-11 18:41:48
223,22.120296,N/A,N/A,5.00e-05,7882.86,1667.00,710629,N/A,2025-08-11 18:41:48
224,19.458134,N/A,N/A,5.00e-05,7527.70,1104.50,712838,N/A,2025-08-11 18:41:49
225,17.901606,N/A,N/A,5.00e-05,7420.80,1356.50,715551,N/A,2025-08-11 18:41:49
226,22.165327,N/A,N/A,5.00e-05,7653.25,1821.50,719194,N/A,2025-08-11 18:41:50
227,15.539281,N/A,N/A,5.00e-05,7676.70,1249.50,721693,N/A,2025-08-11 18:41:50
228,22.702961,N/A,N/A,5.00e-05,7993.27,1658.00,725009,N/A,2025-08-11 18:41:50
229,27.686920,N/A,N/A,5.00e-05,8213.32,1811.00,728631,N/A,2025-08-11 18:41:51
230,26.401442,N/A,N/A,5.00e-05,8484.96,1805.00,732241,1.0000,2025-08-11 18:41:51
231,18.342827,N/A,N/A,5.00e-05,8556.34,1383.00,735007,N/A,2025-08-11 18:41:51
232,18.349070,N/A,N/A,5.00e-05,8638.80,1184.00,737375,N/A,2025-08-11 18:41:52
233,28.734179,N/A,N/A,5.00e-05,8734.90,1830.00,741035,N/A,2025-08-11 18:41:52
234,21.700378,N/A,N/A,5.00e-05,9068.19,1678.00,744391,N/A,2025-08-11 18:41:53
235,21.610630,N/A,N/A,5.00e-05,9178.10,1668.50,747728,N/A,2025-08-11 18:41:53
236,29.577032,N/A,N/A,5.00e-05,9154.54,1764.50,751257,N/A,2025-08-11 18:41:53
237,20.197046,N/A,N/A,5.00e-05,9216.38,1496.50,754250,N/A,2025-08-11 18:41:54
238,24.049112,N/A,N/A,5.00e-05,9310.84,1899.50,758049,N/A,2025-08-11 18:41:54
239,23.819168,N/A,N/A,5.00e-05,9381.85,1681.00,761411,N/A,2025-08-11 18:41:55
240,32.049789,N/A,N/A,5.00e-05,9139.28,1762.50,764936,1.0000,2025-08-11 18:41:55
241,20.204721,N/A,N/A,5.00e-05,9078.99,1273.00,767482,N/A,2025-08-11 18:41:55
242,24.259979,N/A,N/A,5.00e-05,9511.91,1952.00,771386,N/A,2025-08-11 18:41:56
243,16.070436,N/A,N/A,5.00e-05,9117.41,1146.50,773679,N/A,2025-08-11 18:41:56
244,21.864534,N/A,N/A,5.00e-05,9076.82,1560.50,776800,N/A,2025-08-11 18:41:57
245,23.582254,N/A,N/A,5.00e-05,9095.26,1895.00,780590,N/A,2025-08-11 18:41:57
246,20.641006,N/A,N/A,5.00e-05,8763.64,1218.50,783027,N/A,2025-08-11 18:41:57
247,31.091007,N/A,N/A,5.00e-05,9018.93,1945.50,786918,N/A,2025-08-11 18:41:58
248,23.812155,N/A,N/A,5.00e-05,8960.84,1831.00,790580,N/A,2025-08-11 18:41:58
249,21.459110,N/A,N/A,5.00e-05,9219.63,1828.00,794236,N/A,2025-08-11 18:41:59
250,17.123634,N/A,N/A,5.00e-05,8838.10,1416.50,797069,1.0000,2025-08-11 18:41:59
251,24.531542,N/A,N/A,5.00e-05,9051.86,1673.50,800416,N/A,2025-08-11 18:41:59
252,17.045612,N/A,N/A,5.00e-05,8693.40,1276.50,802969,N/A,2025-08-11 18:42:00
253,21.437992,N/A,N/A,5.00e-05,8831.29,1425.50,805820,N/A,2025-08-11 18:42:00
254,23.144081,N/A,N/A,5.00e-05,8909.61,1519.50,808859,N/A,2025-08-11 18:42:01
255,20.209385,N/A,N/A,5.00e-05,8691.51,1323.00,811505,N/A,2025-08-11 18:42:01
256,23.120922,N/A,N/A,5.00e-05,9010.88,1886.00,815277,N/A,2025-08-11 18:42:01
257,25.353954,N/A,N/A,5.00e-05,8753.81,1476.50,818230,N/A,2025-08-11 18:42:02
258,27.880362,N/A,N/A,5.00e-05,8803.45,1888.50,822007,N/A,2025-08-11 18:42:02
259,19.818748,N/A,N/A,5.00e-05,8742.70,1417.50,824842,N/A,2025-08-11 18:42:03
260,15.429792,N/A,N/A,5.00e-05,8391.03,1179.00,827200,1.0000,2025-08-11 18:42:03
261,25.953634,N/A,N/A,5.00e-05,8351.27,1712.50,830625,N/A,2025-08-11 18:42:03
262,25.567968,N/A,N/A,5.00e-05,8791.73,1999.00,834623,N/A,2025-08-11 18:42:04
263,16.498949,N/A,N/A,5.00e-05,8601.67,1160.50,836944,N/A,2025-08-11 18:42:04
264,25.595150,N/A,N/A,5.00e-05,8814.65,1930.50,840805,N/A,2025-08-11 18:42:05
265,19.280785,N/A,N/A,5.00e-05,8915.60,1411.50,843628,N/A,2025-08-11 18:42:05
266,23.751068,N/A,N/A,5.00e-05,8830.49,1679.50,846987,N/A,2025-08-11 18:42:05
267,16.687059,N/A,N/A,5.00e-05,8649.90,1169.00,849325,N/A,2025-08-11 18:42:06
268,21.718996,N/A,N/A,5.00e-05,8510.92,1626.00,852577,N/A,2025-08-11 18:42:06
269,24.215282,N/A,N/A,5.00e-05,8747.74,1493.50,855564,N/A,2025-08-11 18:42:07
270,25.970488,N/A,N/A,5.00e-05,8928.81,1833.50,859231,1.0000,2025-08-11 18:42:07
271,15.477542,N/A,N/A,5.00e-05,8589.03,1092.00,861415,N/A,2025-08-11 18:42:07
272,16.264797,N/A,N/A,5.00e-05,8155.21,1258.50,863932,N/A,2025-08-11 18:42:08
273,24.150681,N/A,N/A,5.00e-05,8554.01,1908.00,867748,N/A,2025-08-11 18:42:08
274,24.481405,N/A,N/A,5.00e-05,8375.21,1582.50,870913,N/A,2025-08-11 18:42:09
275,26.407709,N/A,N/A,5.00e-05,8655.75,1920.50,874754,N/A,2025-08-11 18:42:09
276,23.749329,N/A,N/A,5.00e-05,8587.44,1542.50,877839,N/A,2025-08-11 18:42:09
277,19.083145,N/A,N/A,5.00e-05,8561.84,1130.50,880100,N/A,2025-08-11 18:42:10
278,15.898173,N/A,N/A,5.00e-05,8214.52,1054.00,882208,N/A,2025-08-11 18:42:10
279,28.002108,N/A,N/A,5.00e-05,8649.83,1842.00,885892,N/A,2025-08-11 18:42:11
280,23.411943,N/A,N/A,5.00e-05,8407.21,1694.50,889281,1.0000,2025-08-11 18:42:11
281,18.631922,N/A,N/A,5.00e-05,8643.67,1397.50,892076,N/A,2025-08-11 18:42:11
282,22.543194,N/A,N/A,5.00e-05,8919.93,1692.00,895460,N/A,2025-08-11 18:42:12
283,25.955248,N/A,N/A,5.00e-05,8823.46,1774.00,899008,N/A,2025-08-11 18:42:12
284,24.551115,N/A,N/A,5.00e-05,8937.30,1827.00,902662,N/A,2025-08-11 18:42:13
285,20.655415,N/A,N/A,5.00e-05,8706.79,1660.50,905983,N/A,2025-08-11 18:42:13
286,14.482188,N/A,N/A,5.00e-05,8469.70,1113.50,908210,N/A,2025-08-11 18:42:13
287,26.888216,N/A,N/A,5.00e-05,8957.51,1870.50,911951,N/A,2025-08-11 18:42:14
288,24.020140,N/A,N/A,5.00e-05,9343.92,1735.00,915421,N/A,2025-08-11 18:42:14
289,23.994259,N/A,N/A,5.00e-05,9530.45,1849.00,919119,N/A,2025-08-11 18:42:14
290,26.413370,N/A,N/A,5.00e-05,9414.46,1906.50,922932,1.0000,2025-08-11 18:42:15
291,25.333214,N/A,N/A,5.00e-05,9631.18,1805.00,926542,N/A,2025-08-11 18:42:15
292,21.987083,N/A,N/A,5.00e-05,9621.85,1699.00,929940,N/A,2025-08-11 18:42:16
293,25.298798,N/A,N/A,5.00e-05,9708.13,1887.50,933715,N/A,2025-08-11 18:42:16
294,18.642920,N/A,N/A,5.00e-05,9585.38,1431.00,936577,N/A,2025-08-11 18:42:17
295,27.382551,N/A,N/A,5.00e-05,9772.32,1970.50,940518,N/A,2025-08-11 18:42:17
296,17.926600,N/A,N/A,5.00e-05,9902.55,1378.00,943274,N/A,2025-08-11 18:42:17
297,22.981081,N/A,N/A,5.00e-05,9784.44,1872.50,947019,N/A,2025-08-11 18:42:18
298,23.178686,N/A,N/A,5.00e-05,9794.47,1864.50,950748,N/A,2025-08-11 18:42:18
299,23.266630,N/A,N/A,5.00e-05,10046.23,1870.50,954489,N/A,2025-08-11 18:42:18
300,15.719118,N/A,N/A,5.00e-05,9391.87,1170.50,956830,1.0000,2025-08-11 18:42:19
301,17.967916,N/A,N/A,5.00e-05,7711.52,1472.50,959775,N/A,2025-08-11 18:42:20
302,19.806894,N/A,N/A,5.00e-05,7645.89,1556.00,962887,N/A,2025-08-11 18:42:20
303,27.638746,N/A,N/A,5.00e-05,7501.23,1611.00,966109,N/A,2025-08-11 18:42:21
304,31.731304,N/A,N/A,5.00e-05,7786.11,2048.00,970205,N/A,2025-08-11 18:42:21
305,23.478428,N/A,N/A,5.00e-05,7501.30,1440.00,973085,N/A,2025-08-11 18:42:22
306,20.569590,N/A,N/A,5.00e-05,7598.11,1406.50,975898,N/A,2025-08-11 18:42:22
307,19.835285,N/A,N/A,5.00e-05,7438.62,1445.00,978788,N/A,2025-08-11 18:42:22
308,18.432295,N/A,N/A,5.00e-05,7128.48,1238.00,981264,N/A,2025-08-11 18:42:23
309,19.122053,N/A,N/A,5.00e-05,6949.88,1301.00,983866,N/A,2025-08-11 18:42:23
310,25.242979,N/A,N/A,5.00e-05,8552.62,1820.00,987506,1.0000,2025-08-11 18:42:24
311,25.474964,N/A,N/A,5.00e-05,8612.52,1560.00,990626,N/A,2025-08-11 18:42:24
312,16.384977,N/A,N/A,5.00e-05,8348.55,1029.00,992684,N/A,2025-08-11 18:42:24
313,24.677200,N/A,N/A,5.00e-05,8521.28,1936.50,996557,N/A,2025-08-11 18:42:25
314,19.085920,N/A,N/A,5.00e-05,8283.34,1531.00,999619,N/A,2025-08-11 18:42:25
315,24.993551,N/A,N/A,5.00e-05,8426.15,1703.00,1003025,N/A,2025-08-11 18:42:26
316,29.247507,N/A,N/A,5.00e-05,8770.83,2048.00,1007121,N/A,2025-08-11 18:42:26
317,22.341099,N/A,N/A,5.00e-05,8917.02,1649.50,1010420,N/A,2025-08-11 18:42:26
318,24.147543,N/A,N/A,5.00e-05,9224.99,1652.50,1013725,N/A,2025-08-11 18:42:27
319,18.677380,N/A,N/A,5.00e-05,9553.81,1493.50,1016712,N/A,2025-08-11 18:42:27
320,23.343058,N/A,N/A,5.00e-05,9360.14,1860.00,1020432,1.0000,2025-08-11 18:42:28
321,28.565491,N/A,N/A,5.00e-05,9447.60,1819.00,1024070,N/A,2025-08-11 18:42:28
322,18.443098,N/A,N/A,5.00e-05,9569.19,1253.50,1026577,N/A,2025-08-11 18:42:28
323,22.062216,N/A,N/A,5.00e-05,9503.83,1810.50,1030198,N/A,2025-08-11 18:42:29
324,24.223890,N/A,N/A,5.00e-05,9529.69,1606.00,1033410,N/A,2025-08-11 18:42:29
325,22.197836,N/A,N/A,5.00e-05,9561.34,1821.00,1037052,N/A,2025-08-11 18:42:29
326,30.910030,N/A,N/A,5.00e-05,9510.99,1942.00,1040936,N/A,2025-08-11 18:42:30
327,25.513731,N/A,N/A,5.00e-05,9516.24,1637.50,1044211,N/A,2025-08-11 18:42:30
328,14.236300,N/A,N/A,5.00e-05,9214.45,1123.00,1046457,N/A,2025-08-11 18:42:31
329,23.826334,N/A,N/A,5.00e-05,9690.93,1950.50,1050358,N/A,2025-08-11 18:42:31
330,15.526772,N/A,N/A,5.00e-05,9110.62,1059.50,1052477,1.0000,2025-08-11 18:42:31
331,28.168613,N/A,N/A,5.00e-05,9193.01,1955.00,1056387,N/A,2025-08-11 18:42:32
332,21.007149,N/A,N/A,5.00e-05,9358.60,1582.50,1059552,N/A,2025-08-11 18:42:32
333,21.605925,N/A,N/A,5.00e-05,9106.77,1453.50,1062459,N/A,2025-08-11 18:42:33
334,20.438313,N/A,N/A,5.00e-05,9078.10,1610.00,1065679,N/A,2025-08-11 18:42:33
335,22.388597,N/A,N/A,5.00e-05,9110.80,1879.00,1069437,N/A,2025-08-11 18:42:33
336,20.340561,N/A,N/A,5.00e-05,8881.56,1515.00,1072467,N/A,2025-08-11 18:42:34
337,26.984413,N/A,N/A,5.00e-05,9031.90,1857.00,1076181,N/A,2025-08-11 18:42:34
338,30.484659,N/A,N/A,5.00e-05,9425.19,1818.00,1079817,N/A,2025-08-11 18:42:35
339,18.599073,N/A,N/A,5.00e-05,9258.26,1353.00,1082523,N/A,2025-08-11 18:42:35
340,22.539774,N/A,N/A,5.00e-05,9155.85,1441.00,1085405,1.0000,2025-08-11 18:42:35
341,24.938240,N/A,N/A,5.00e-05,9161.53,1910.50,1089226,N/A,2025-08-11 18:42:36
342,19.966730,N/A,N/A,5.00e-05,9067.94,1447.00,1092120,N/A,2025-08-11 18:42:36
343,17.471214,N/A,N/A,5.00e-05,9022.18,1390.00,1094900,N/A,2025-08-11 18:42:37
344,26.595182,N/A,N/A,5.00e-05,9212.46,2033.50,1098967,N/A,2025-08-11 18:42:37
345,27.042334,N/A,N/A,5.00e-05,9280.25,2018.00,1103003,N/A,2025-08-11 18:42:37
346,21.189054,N/A,N/A,5.00e-05,9168.19,1407.00,1105817,N/A,2025-08-11 18:42:38
347,27.448313,N/A,N/A,5.00e-05,9131.10,1864.00,1109545,N/A,2025-08-11 18:42:38
348,20.795860,N/A,N/A,5.00e-05,9061.96,1694.00,1112933,N/A,2025-08-11 18:42:39
349,22.240381,N/A,N/A,5.00e-05,9545.14,1635.50,1116204,N/A,2025-08-11 18:42:39
350,22.659666,N/A,N/A,5.00e-05,9452.50,1651.50,1119507,1.0000,2025-08-11 18:42:39
351,19.913748,N/A,N/A,5.00e-05,9104.90,1139.50,1121786,N/A,2025-08-11 18:42:40
352,30.475760,N/A,N/A,5.00e-05,9434.36,2004.50,1125795,N/A,2025-08-11 18:42:40
353,15.004859,N/A,N/A,5.00e-05,9357.72,1174.00,1128143,N/A,2025-08-11 18:42:41
354,26.172010,N/A,N/A,5.00e-05,9266.43,1847.00,1131837,N/A,2025-08-11 18:42:41
355,23.640890,N/A,N/A,5.00e-05,8994.86,1636.50,1135110,N/A,2025-08-11 18:42:41
356,19.948416,N/A,N/A,5.00e-05,9107.90,1552.50,1138215,N/A,2025-08-11 18:42:42
357,17.256079,N/A,N/A,5.00e-05,8767.07,1258.50,1140732,N/A,2025-08-11 18:42:42
358,20.625620,N/A,N/A,5.00e-05,8805.91,1780.50,1144293,N/A,2025-08-11 18:42:43
359,28.242649,N/A,N/A,5.00e-05,9052.31,1828.50,1147950,N/A,2025-08-11 18:42:43
360,25.297613,N/A,N/A,5.00e-05,9007.07,1892.00,1151734,1.0000,2025-08-11 18:42:43
361,25.817799,N/A,N/A,5.00e-05,9318.24,1661.00,1155056,N/A,2025-08-11 18:42:44
362,20.041317,N/A,N/A,5.00e-05,8960.16,1384.00,1157824,N/A,2025-08-11 18:42:44
363,15.631298,N/A,N/A,5.00e-05,8891.21,1067.50,1159959,N/A,2025-08-11 18:42:45
364,23.146824,N/A,N/A,5.00e-05,8973.80,1832.00,1163623,N/A,2025-08-11 18:42:45
365,30.805189,N/A,N/A,5.00e-05,9185.97,2002.00,1167627,N/A,2025-08-11 18:42:45
366,26.013050,N/A,N/A,5.00e-05,9460.86,2048.00,1171723,N/A,2025-08-11 18:42:46
367,20.395952,N/A,N/A,5.00e-05,9617.82,1529.00,1174781,N/A,2025-08-11 18:42:46
368,17.832726,N/A,N/A,5.00e-05,9375.42,1260.00,1177301,N/A,2025-08-11 18:42:46
369,18.136848,N/A,N/A,5.00e-05,9189.70,1169.00,1179639,N/A,2025-08-11 18:42:47
370,29.187077,N/A,N/A,5.00e-05,8887.63,1749.00,1183137,1.0000,2025-08-11 18:42:47
371,16.036720,N/A,N/A,5.00e-05,8656.11,1278.00,1185693,N/A,2025-08-11 18:42:48
372,25.072853,N/A,N/A,5.00e-05,8875.95,1910.50,1189514,N/A,2025-08-11 18:42:48
373,19.663456,N/A,N/A,5.00e-05,9185.70,1623.00,1192760,N/A,2025-08-11 18:42:49
374,26.811335,N/A,N/A,5.00e-05,9134.41,1752.00,1196264,N/A,2025-08-11 18:42:49
375,20.092852,N/A,N/A,5.00e-05,8820.50,1453.50,1199171,N/A,2025-08-11 18:42:49
376,18.550938,N/A,N/A,5.00e-05,8415.82,1369.50,1201910,N/A,2025-08-11 18:42:50
377,27.846327,N/A,N/A,5.00e-05,8596.49,1981.00,1205872,N/A,2025-08-11 18:42:50
378,23.057831,N/A,N/A,5.00e-05,8612.05,1308.50,1208489,N/A,2025-08-11 18:42:50
379,30.630440,N/A,N/A,5.00e-05,9359.98,2048.00,1212585,N/A,2025-08-11 18:42:51
380,15.231512,N/A,N/A,5.00e-05,8877.82,1144.50,1214874,1.0000,2025-08-11 18:42:51
381,27.263529,N/A,N/A,5.00e-05,9294.91,1947.50,1218769,N/A,2025-08-11 18:42:52
382,27.476320,N/A,N/A,5.00e-05,9257.95,1846.00,1222461,N/A,2025-08-11 18:42:52
383,22.549660,N/A,N/A,5.00e-05,9323.39,1757.50,1225976,N/A,2025-08-11 18:42:52
384,17.097795,N/A,N/A,5.00e-05,9053.04,1319.50,1228615,N/A,2025-08-11 18:42:53
385,24.702517,N/A,N/A,5.00e-05,9263.62,1840.00,1232295,N/A,2025-08-11 18:42:53
386,20.900742,N/A,N/A,5.00e-05,9349.12,1513.50,1235322,N/A,2025-08-11 18:42:54
387,26.829782,N/A,N/A,5.00e-05,9263.64,1927.50,1239177,N/A,2025-08-11 18:42:54
388,15.446080,N/A,N/A,5.00e-05,9221.70,1213.00,1241603,N/A,2025-08-11 18:42:54
389,23.808662,N/A,N/A,5.00e-05,9184.00,1699.00,1245001,N/A,2025-08-11 18:42:55
390,16.335670,N/A,N/A,5.00e-05,9116.03,1321.50,1247644,1.0000,2025-08-11 18:42:55
391,19.824572,N/A,N/A,5.00e-05,8832.96,1539.00,1250722,N/A,2025-08-11 18:42:56
392,17.911205,N/A,N/A,5.00e-05,8477.40,1194.00,1253110,N/A,2025-08-11 18:42:56
393,19.822979,N/A,N/A,5.00e-05,8284.62,1334.50,1255779,N/A,2025-08-11 18:42:56
394,24.257793,N/A,N/A,5.00e-05,8545.38,1725.50,1259230,N/A,2025-08-11 18:42:57
395,21.714983,N/A,N/A,5.00e-05,6152.53,1422.00,1262074,N/A,2025-08-11 18:42:58
396,21.556496,N/A,N/A,5.00e-05,6192.71,1535.50,1265145,N/A,2025-08-11 18:42:59
397,17.907991,N/A,N/A,5.00e-05,5966.76,1368.50,1267882,N/A,2025-08-11 18:42:59
398,25.253019,N/A,N/A,5.00e-05,6276.62,1951.00,1271784,N/A,2025-08-11 18:43:00
399,17.888142,N/A,N/A,5.00e-05,6159.90,1175.00,1274134,N/A,2025-08-11 18:43:00
400,26.852886,N/A,N/A,5.00e-05,6366.03,1953.50,1278041,1.0000,2025-08-11 18:43:00
401,20.648426,N/A,N/A,5.00e-05,5484.56,1605.50,1281252,N/A,2025-08-11 18:43:02
402,20.774137,N/A,N/A,5.00e-05,5579.76,1481.50,1284215,N/A,2025-08-11 18:43:02
403,18.185434,N/A,N/A,5.00e-05,5590.55,1378.00,1286971,N/A,2025-08-11 18:43:02
404,23.229876,N/A,N/A,5.00e-05,7053.49,1318.50,1289608,N/A,2025-08-11 18:43:03
405,26.366035,N/A,N/A,5.00e-05,7305.83,2003.00,1293614,N/A,2025-08-11 18:43:03
406,21.409622,N/A,N/A,5.00e-05,7340.57,1630.50,1296875,N/A,2025-08-11 18:43:04
407,25.878313,N/A,N/A,5.00e-05,7482.80,1677.50,1300230,N/A,2025-08-11 18:43:04
408,23.407488,N/A,N/A,5.00e-05,7456.52,1883.50,1303997,N/A,2025-08-11 18:43:04
409,16.898752,N/A,N/A,5.00e-05,7589.21,1233.00,1306463,N/A,2025-08-11 18:43:05
410,25.157770,N/A,N/A,5.00e-05,8950.48,1791.50,1310046,1.0000,2025-08-11 18:43:05
411,16.943830,N/A,N/A,5.00e-05,8753.33,1278.50,1312603,N/A,2025-08-11 18:43:06
412,23.162489,N/A,N/A,5.00e-05,8845.50,1635.50,1315874,N/A,2025-08-11 18:43:06
413,25.429462,N/A,N/A,5.00e-05,9091.92,1775.50,1319425,N/A,2025-08-11 18:43:06
414,16.961168,N/A,N/A,5.00e-05,9017.12,1220.00,1321865,N/A,2025-08-11 18:43:07
415,22.965855,N/A,N/A,5.00e-05,8770.51,1551.50,1324968,N/A,2025-08-11 18:43:07
416,30.820826,N/A,N/A,5.00e-05,8978.10,2000.50,1328969,N/A,2025-08-11 18:43:08
417,20.201069,N/A,N/A,5.00e-05,8764.10,1393.00,1331755,N/A,2025-08-11 18:43:08
418,23.362503,N/A,N/A,5.00e-05,8688.86,1713.50,1335182,N/A,2025-08-11 18:43:08
419,25.115347,N/A,N/A,5.00e-05,9169.94,1589.00,1338360,N/A,2025-08-11 18:43:09
420,25.621788,N/A,N/A,5.00e-05,8954.75,1683.00,1341726,1.0000,2025-08-11 18:43:09
421,18.673210,N/A,N/A,5.00e-05,8991.91,1337.50,1344401,N/A,2025-08-11 18:43:10
422,21.199471,N/A,N/A,5.00e-05,8988.31,1702.00,1347805,N/A,2025-08-11 18:43:10
423,25.178183,N/A,N/A,5.00e-05,9179.55,2020.00,1351845,N/A,2025-08-11 18:43:10
424,14.858289,N/A,N/A,5.00e-05,9114.07,1189.00,1354223,N/A,2025-08-11 18:43:11
425,21.548952,N/A,N/A,5.00e-05,9027.12,1468.50,1357160,N/A,2025-08-11 18:43:11
426,21.963442,N/A,N/A,5.00e-05,8696.29,1350.00,1359860,N/A,2025-08-11 18:43:11
427,16.343382,N/A,N/A,5.00e-05,8573.56,1168.00,1362196,N/A,2025-08-11 18:43:12
428,23.619011,N/A,N/A,5.00e-05,8660.69,1859.00,1365914,N/A,2025-08-11 18:43:12
429,29.032290,N/A,N/A,5.00e-05,8954.79,1812.00,1369538,N/A,2025-08-11 18:43:13
430,13.687737,N/A,N/A,5.00e-05,8504.53,1275.00,1372088,1.0000,2025-08-11 18:43:13
431,19.902519,N/A,N/A,5.00e-05,8705.60,1604.50,1375297,N/A,2025-08-11 18:43:13
432,21.371975,N/A,N/A,5.00e-05,8678.62,1657.50,1378612,N/A,2025-08-11 18:43:14
433,21.971609,N/A,N/A,5.00e-05,8450.49,1557.50,1381727,N/A,2025-08-11 18:43:14
434,12.349981,N/A,N/A,5.00e-05,8388.06,1041.00,1383809,N/A,2025-08-11 18:43:15
435,25.854481,N/A,N/A,5.00e-05,8726.32,2034.50,1387878,N/A,2025-08-11 18:43:15
436,25.123617,N/A,N/A,5.00e-05,9038.21,1873.50,1391625,N/A,2025-08-11 18:43:15
437,23.499388,N/A,N/A,5.00e-05,9358.86,1759.50,1395144,N/A,2025-08-11 18:43:16
438,29.475075,N/A,N/A,5.00e-05,9356.41,1827.50,1398799,N/A,2025-08-11 18:43:16
439,22.271544,N/A,N/A,5.00e-05,9623.27,1951.00,1402701,N/A,2025-08-11 18:43:17
440,19.616823,N/A,N/A,5.00e-05,9596.44,1578.00,1405857,1.0000,2025-08-11 18:43:17
441,16.835707,N/A,N/A,5.00e-05,9293.20,1215.00,1408287,N/A,2025-08-11 18:43:17
442,26.428993,N/A,N/A,5.00e-05,9322.42,1767.00,1411821,N/A,2025-08-11 18:43:18
443,22.249393,N/A,N/A,5.00e-05,9247.68,1516.50,1414854,N/A,2025-08-11 18:43:18
444,21.010216,N/A,N/A,5.00e-05,9545.20,1588.50,1418031,N/A,2025-08-11 18:43:19
445,23.442789,N/A,N/A,5.00e-05,9202.45,1461.50,1420954,N/A,2025-08-11 18:43:19
446,21.061506,N/A,N/A,5.00e-05,8916.34,1374.00,1423702,N/A,2025-08-11 18:43:19
447,26.800642,N/A,N/A,5.00e-05,9059.54,2018.50,1427739,N/A,2025-08-11 18:43:20
448,22.440962,N/A,N/A,5.00e-05,9063.65,1750.00,1431239,N/A,2025-08-11 18:43:20
449,23.072203,N/A,N/A,5.00e-05,9110.72,1736.00,1434711,N/A,2025-08-11 18:43:20
450,16.449951,N/A,N/A,5.00e-05,8764.54,1143.00,1436997,1.0000,2025-08-11 18:43:21
451,19.271475,N/A,N/A,5.00e-05,8969.27,1509.00,1440015,N/A,2025-08-11 18:43:21
452,26.734280,N/A,N/A,5.00e-05,8984.37,1741.50,1443498,N/A,2025-08-11 18:43:22
453,39.064411,N/A,N/A,5.00e-05,9293.40,2048.00,1447594,N/A,2025-08-11 18:43:22
454,23.155321,N/A,N/A,5.00e-05,9415.02,1799.00,1451192,N/A,2025-08-11 18:43:22
455,20.970909,N/A,N/A,5.00e-05,9384.82,1459.50,1454111,N/A,2025-08-11 18:43:23
456,26.466320,N/A,N/A,5.00e-05,9506.40,1841.50,1457794,N/A,2025-08-11 18:43:23
457,13.120865,N/A,N/A,5.00e-05,8986.39,1095.50,1459985,N/A,2025-08-11 18:43:24
458,26.248623,N/A,N/A,5.00e-05,9128.37,2048.00,1464081,N/A,2025-08-11 18:43:24
459,24.205509,N/A,N/A,5.00e-05,9307.55,1746.00,1467573,N/A,2025-08-11 18:43:24
460,16.154762,N/A,N/A,5.00e-05,9152.88,1195.50,1469964,1.0000,2025-08-11 18:43:25
461,30.052399,N/A,N/A,5.00e-05,9442.33,2033.00,1474030,N/A,2025-08-11 18:43:25
462,27.798723,N/A,N/A,5.00e-05,9452.02,1766.50,1477563,N/A,2025-08-11 18:43:26
463,26.668587,N/A,N/A,5.00e-05,9448.26,2048.00,1481659,N/A,2025-08-11 18:43:26
464,16.448919,N/A,N/A,5.00e-05,9142.41,1242.50,1484144,N/A,2025-08-11 18:43:26
465,20.541180,N/A,N/A,5.00e-05,9347.05,1583.50,1487311,N/A,2025-08-11 18:43:27
466,28.890440,N/A,N/A,5.00e-05,9478.49,2028.00,1491367,N/A,2025-08-11 18:43:27
467,23.337784,N/A,N/A,5.00e-05,9881.13,1742.50,1494852,N/A,2025-08-11 18:43:28
468,22.823353,N/A,N/A,5.00e-05,9605.40,1754.00,1498360,N/A,2025-08-11 18:43:28
469,17.209776,N/A,N/A,5.00e-05,9603.39,1394.00,1501148,N/A,2025-08-11 18:43:28
470,26.947247,N/A,N/A,5.00e-05,9934.11,2048.00,1505244,1.0000,2025-08-11 18:43:29
471,17.501812,N/A,N/A,5.00e-05,9514.21,1268.50,1507781,N/A,2025-08-11 18:43:29
472,30.825605,N/A,N/A,5.00e-05,9528.54,1832.50,1511446,N/A,2025-08-11 18:43:30
473,28.329622,N/A,N/A,5.00e-05,9528.19,1968.00,1515382,N/A,2025-08-11 18:43:30
474,33.114395,N/A,N/A,5.00e-05,9894.59,1872.00,1519126,N/A,2025-08-11 18:43:30
475,22.642218,N/A,N/A,5.00e-05,10007.32,1806.00,1522738,N/A,2025-08-11 18:43:31
476,27.775225,N/A,N/A,5.00e-05,9852.84,1814.50,1526367,N/A,2025-08-11 18:43:31
477,24.610842,N/A,N/A,5.00e-05,10025.45,1823.00,1530013,N/A,2025-08-11 18:43:32
478,22.240206,N/A,N/A,5.00e-05,9967.70,1657.00,1533327,N/A,2025-08-11 18:43:32
479,16.316828,N/A,N/A,5.00e-05,10137.75,1359.00,1536045,N/A,2025-08-11 18:43:32
480,25.891760,N/A,N/A,5.00e-05,9618.99,1756.50,1539558,1.0000,2025-08-11 18:43:33
481,20.029032,N/A,N/A,5.00e-05,9755.00,1495.50,1542549,N/A,2025-08-11 18:43:33
482,26.074059,N/A,N/A,5.00e-05,9779.79,1880.50,1546310,N/A,2025-08-11 18:43:34
483,30.513378,N/A,N/A,5.00e-05,9701.17,1982.00,1550274,N/A,2025-08-11 18:43:34
484,13.679513,N/A,N/A,5.00e-05,9245.98,1129.50,1552533,N/A,2025-08-11 18:43:34
485,18.858908,N/A,N/A,5.00e-05,8958.29,1218.00,1554969,N/A,2025-08-11 18:43:35
486,16.627050,N/A,N/A,5.00e-05,8612.11,1228.00,1557425,N/A,2025-08-11 18:43:35
487,27.760435,N/A,N/A,5.00e-05,8628.44,1907.00,1561239,N/A,2025-08-11 18:43:36
488,19.146063,N/A,N/A,5.00e-05,8334.15,1301.00,1563841,N/A,2025-08-11 18:43:36
489,21.464598,N/A,N/A,5.00e-05,8673.13,1543.00,1566927,N/A,2025-08-11 18:43:36
490,17.222942,N/A,N/A,5.00e-05,8382.93,1503.00,1569933,1.0000,2025-08-11 18:43:37
491,30.504789,N/A,N/A,5.00e-05,8551.41,1870.50,1573674,N/A,2025-08-11 18:43:37
492,22.461893,N/A,N/A,5.00e-05,8373.27,1446.50,1576567,N/A,2025-08-11 18:43:38
493,21.175186,N/A,N/A,5.00e-05,7967.87,1337.50,1579242,N/A,2025-08-11 18:43:38
494,26.067537,N/A,N/A,5.00e-05,8163.54,1496.00,1582234,N/A,2025-08-11 18:43:38
495,18.827438,N/A,N/A,5.00e-05,8284.85,1456.50,1585147,N/A,2025-08-11 18:43:39
496,25.886431,N/A,N/A,5.00e-05,8578.91,1707.50,1588562,N/A,2025-08-11 18:43:39
497,20.469887,N/A,N/A,5.00e-05,8416.01,1425.50,1591413,N/A,2025-08-11 18:43:40
498,13.630419,N/A,N/A,5.00e-05,8335.66,1113.00,1593639,N/A,2025-08-11 18:43:40
499,19.509222,N/A,N/A,5.00e-05,8451.62,1450.50,1596540,N/A,2025-08-11 18:43:40
500,23.632917,N/A,N/A,5.00e-05,8415.42,1710.00,1599960,1.0000,2025-08-11 18:43:41
501,19.728231,N/A,N/A,5.00e-05,6858.32,1746.50,1603453,N/A,2025-08-11 18:43:42
502,19.180082,N/A,N/A,5.00e-05,6961.82,1608.50,1606670,N/A,2025-08-11 18:43:42
503,14.764223,N/A,N/A,5.00e-05,6823.09,1064.50,1608799,N/A,2025-08-11 18:43:43
504,17.193882,N/A,N/A,5.00e-05,6646.83,1144.50,1611088,N/A,2025-08-11 18:43:43
505,24.221647,N/A,N/A,5.00e-05,6895.41,2017.50,1615123,N/A,2025-08-11 18:43:44
506,25.660515,N/A,N/A,5.00e-05,6821.36,1664.50,1618452,N/A,2025-08-11 18:43:44
507,25.487179,N/A,N/A,5.00e-05,7021.01,1925.50,1622303,N/A,2025-08-11 18:43:44
508,24.228559,N/A,N/A,5.00e-05,7224.82,1584.50,1625472,N/A,2025-08-11 18:43:45
509,25.690374,N/A,N/A,5.00e-05,7568.90,1930.00,1629332,N/A,2025-08-11 18:43:45
510,17.538771,N/A,N/A,5.00e-05,8765.65,1391.00,1632114,1.0000,2025-08-11 18:43:46
511,26.777044,N/A,N/A,5.00e-05,8815.33,1775.50,1635665,N/A,2025-08-11 18:43:46
512,25.504128,N/A,N/A,5.00e-05,8996.44,1911.00,1639487,N/A,2025-08-11 18:43:46
513,21.324255,N/A,N/A,5.00e-05,9331.88,1673.50,1642834,N/A,2025-08-11 18:43:47
514,17.520744,N/A,N/A,5.00e-05,9490.39,1385.00,1645604,N/A,2025-08-11 18:43:47
515,32.372879,N/A,N/A,5.00e-05,9486.10,1870.00,1649344,N/A,2025-08-11 18:43:48
516,23.495895,N/A,N/A,5.00e-05,9342.07,1383.00,1652110,N/A,2025-08-11 18:43:48
517,28.609478,N/A,N/A,5.00e-05,9367.87,1937.00,1655984,N/A,2025-08-11 18:43:48
518,16.065390,N/A,N/A,5.00e-05,9210.28,1251.50,1658487,N/A,2025-08-11 18:43:49
519,16.676620,N/A,N/A,5.00e-05,8966.93,1155.50,1660798,N/A,2025-08-11 18:43:49
520,29.814283,N/A,N/A,5.00e-05,8987.45,2040.50,1664879,1.0000,2025-08-11 18:43:50
521,19.034014,N/A,N/A,5.00e-05,8768.36,1459.50,1667798,N/A,2025-08-11 18:43:50
522,21.081060,N/A,N/A,5.00e-05,8702.64,1711.00,1671220,N/A,2025-08-11 18:43:50
523,24.177555,N/A,N/A,5.00e-05,8724.77,1745.00,1674710,N/A,2025-08-11 18:43:51
524,16.066727,N/A,N/A,5.00e-05,8725.37,1357.50,1677425,N/A,2025-08-11 18:43:51
525,15.577966,N/A,N/A,5.00e-05,8296.63,1077.50,1679580,N/A,2025-08-11 18:43:52
526,20.692707,N/A,N/A,5.00e-05,8278.13,1356.50,1682293,N/A,2025-08-11 18:43:52
527,29.334589,N/A,N/A,5.00e-05,8300.62,2008.50,1686310,N/A,2025-08-11 18:43:52
528,21.751682,N/A,N/A,5.00e-05,8444.18,1424.50,1689159,N/A,2025-08-11 18:43:53
529,23.392633,N/A,N/A,5.00e-05,9145.77,1927.00,1693013,N/A,2025-08-11 18:43:53
530,20.856041,N/A,N/A,5.00e-05,8681.30,1525.00,1696063,1.0000,2025-08-11 18:43:54
531,19.705469,N/A,N/A,5.00e-05,8563.45,1296.00,1698655,N/A,2025-08-11 18:43:54
532,18.284254,N/A,N/A,5.00e-05,8241.12,1110.00,1700875,N/A,2025-08-11 18:43:54
533,19.012674,N/A,N/A,5.00e-05,8105.82,1559.00,1703993,N/A,2025-08-11 18:43:55
534,27.644501,N/A,N/A,5.00e-05,8436.76,1912.50,1707818,N/A,2025-08-11 18:43:55
535,23.542053,N/A,N/A,5.00e-05,8687.12,1533.00,1710884,N/A,2025-08-11 18:43:56
536,24.492186,N/A,N/A,5.00e-05,8937.34,1786.50,1714457,N/A,2025-08-11 18:43:56
537,23.555759,N/A,N/A,5.00e-05,8809.07,1773.00,1718003,N/A,2025-08-11 18:43:56
538,19.753761,N/A,N/A,5.00e-05,8779.91,1250.50,1720504,N/A,2025-08-11 18:43:57
539,24.502392,N/A,N/A,5.00e-05,8834.88,1614.00,1723732,N/A,2025-08-11 18:43:57
540,21.466494,N/A,N/A,5.00e-05,8660.93,1629.00,1726990,1.0000,2025-08-11 18:43:58
541,26.331717,N/A,N/A,5.00e-05,8724.97,1709.50,1730409,N/A,2025-08-11 18:43:58
542,17.396935,N/A,N/A,5.00e-05,8905.88,1404.50,1733218,N/A,2025-08-11 18:43:58
543,14.088087,N/A,N/A,5.00e-05,8666.32,1077.00,1735372,N/A,2025-08-11 18:43:59
544,21.629137,N/A,N/A,5.00e-05,8563.18,1719.50,1738811,N/A,2025-08-11 18:43:59
545,25.614359,N/A,N/A,5.00e-05,8832.61,2048.00,1742907,N/A,2025-08-11 18:44:00
546,18.818399,N/A,N/A,5.00e-05,8528.04,1221.00,1745349,N/A,2025-08-11 18:44:00
547,20.690302,N/A,N/A,5.00e-05,8315.14,1424.50,1748198,N/A,2025-08-11 18:44:00
548,16.421614,N/A,N/A,5.00e-05,8266.53,1148.00,1750494,N/A,2025-08-11 18:44:01
549,27.777161,N/A,N/A,5.00e-05,8659.78,1881.00,1754256,N/A,2025-08-11 18:44:01
550,24.818932,N/A,N/A,5.00e-05,8653.10,1775.00,1757806,1.0000,2025-08-11 18:44:02
551,18.857431,N/A,N/A,5.00e-05,8433.38,1293.00,1760392,N/A,2025-08-11 18:44:02
552,19.486065,N/A,N/A,5.00e-05,8534.05,1557.00,1763506,N/A,2025-08-11 18:44:02
553,23.902861,N/A,N/A,5.00e-05,8898.42,1780.50,1767067,N/A,2025-08-11 18:44:03
554,17.167000,N/A,N/A,5.00e-05,8689.86,1394.00,1769855,N/A,2025-08-11 18:44:03
555,21.922791,N/A,N/A,5.00e-05,8669.37,1954.00,1773763,N/A,2025-08-11 18:44:04
556,16.867111,N/A,N/A,5.00e-05,8723.71,1374.50,1776512,N/A,2025-08-11 18:44:04
557,16.935419,N/A,N/A,5.00e-05,8635.71,1298.50,1779109,N/A,2025-08-11 18:44:04
558,34.292522,N/A,N/A,5.00e-05,9068.60,1949.50,1783008,N/A,2025-08-11 18:44:05
559,24.117369,N/A,N/A,5.00e-05,9305.05,1822.00,1786652,N/A,2025-08-11 18:44:05
560,17.881519,N/A,N/A,5.00e-05,8788.00,1268.50,1789189,1.0000,2025-08-11 18:44:06
561,19.873522,N/A,N/A,5.00e-05,8796.95,1364.50,1791918,N/A,2025-08-11 18:44:06
562,19.275793,N/A,N/A,5.00e-05,8754.32,1438.00,1794794,N/A,2025-08-11 18:44:06
563,28.652695,N/A,N/A,5.00e-05,8912.60,1995.00,1798784,N/A,2025-08-11 18:44:07
564,21.565395,N/A,N/A,5.00e-05,8997.19,1562.00,1801908,N/A,2025-08-11 18:44:07
565,16.696907,N/A,N/A,5.00e-05,8658.90,1258.50,1804425,N/A,2025-08-11 18:44:07
566,21.056751,N/A,N/A,5.00e-05,8639.33,1465.00,1807355,N/A,2025-08-11 18:44:08
567,21.920223,N/A,N/A,5.00e-05,8790.51,1544.00,1810443,N/A,2025-08-11 18:44:08
568,23.448782,N/A,N/A,5.00e-05,8514.89,1534.00,1813511,N/A,2025-08-11 18:44:09
569,14.735628,N/A,N/A,5.00e-05,8317.55,1125.50,1815762,N/A,2025-08-11 18:44:09
570,24.852324,N/A,N/A,5.00e-05,8457.76,1804.50,1819371,1.0000,2025-08-11 18:44:10
571,20.246660,N/A,N/A,5.00e-05,8391.77,1313.50,1821998,N/A,2025-08-11 18:44:10
572,30.802965,N/A,N/A,5.00e-05,8672.11,1950.50,1825899,N/A,2025-08-11 18:44:10
573,28.868948,N/A,N/A,5.00e-05,8671.53,2048.00,1829995,N/A,2025-08-11 18:44:11
574,25.929695,N/A,N/A,5.00e-05,8896.92,1944.50,1833884,N/A,2025-08-11 18:44:11
575,15.585642,N/A,N/A,5.00e-05,8889.97,1102.00,1836088,N/A,2025-08-11 18:44:11
576,25.457035,N/A,N/A,5.00e-05,8962.57,1687.00,1839462,N/A,2025-08-11 18:44:12
577,25.676167,N/A,N/A,5.00e-05,9168.10,1945.00,1843352,N/A,2025-08-11 18:44:12
578,21.542080,N/A,N/A,5.00e-05,9263.66,1684.00,1846720,N/A,2025-08-11 18:44:13
579,24.892637,N/A,N/A,5.00e-05,9711.73,1766.00,1850252,N/A,2025-08-11 18:44:13
580,21.523798,N/A,N/A,5.00e-05,9462.93,1708.50,1853669,1.0000,2025-08-11 18:44:14
581,25.465731,N/A,N/A,5.00e-05,9584.82,1632.50,1856934,N/A,2025-08-11 18:44:14
582,20.443176,N/A,N/A,5.00e-05,9529.24,1765.50,1860465,N/A,2025-08-11 18:44:14
583,25.860703,N/A,N/A,5.00e-05,9372.13,1834.00,1864133,N/A,2025-08-11 18:44:15
584,20.255148,N/A,N/A,5.00e-05,9049.36,1382.00,1866897,N/A,2025-08-11 18:44:15
585,20.714666,N/A,N/A,5.00e-05,9260.20,1380.50,1869658,N/A,2025-08-11 18:44:15
586,28.270288,N/A,N/A,5.00e-05,9278.84,1821.00,1873300,N/A,2025-08-11 18:44:16
587,20.678141,N/A,N/A,5.00e-05,9055.06,1505.00,1876310,N/A,2025-08-11 18:44:16
588,19.982637,N/A,N/A,5.00e-05,8985.06,1363.00,1879036,N/A,2025-08-11 18:44:17
589,17.445047,N/A,N/A,5.00e-05,9064.47,1488.50,1882013,N/A,2025-08-11 18:44:17
590,25.460047,N/A,N/A,5.00e-05,8952.42,1790.00,1885593,1.0000,2025-08-11 18:44:18
591,28.723858,N/A,N/A,5.00e-05,8988.29,1833.00,1889259,N/A,2025-08-11 18:44:18
592,25.833265,N/A,N/A,5.00e-05,9008.61,1755.50,1892770,N/A,2025-08-11 18:44:18
593,20.759756,N/A,N/A,5.00e-05,8933.70,1670.50,1896111,N/A,2025-08-11 18:44:19
594,21.561934,N/A,N/A,5.00e-05,9157.25,1795.00,1899701,N/A,2025-08-11 18:44:19
595,17.839052,N/A,N/A,5.00e-05,9255.47,1374.00,1902449,N/A,2025-08-11 18:44:19
596,27.400898,N/A,N/A,5.00e-05,9320.55,1949.00,1906347,N/A,2025-08-11 18:44:20
597,22.863983,N/A,N/A,5.00e-05,9343.66,1548.00,1909443,N/A,2025-08-11 18:44:20
598,16.644426,N/A,N/A,5.00e-05,9313.49,1342.50,1912128,N/A,2025-08-11 18:44:21
599,25.469673,N/A,N/A,5.00e-05,9743.11,1854.50,1915837,N/A,2025-08-11 18:44:21
600,17.942791,N/A,N/A,5.00e-05,9314.93,1258.00,1918353,1.0000,2025-08-11 18:44:21
601,26.358934,N/A,N/A,5.00e-05,7532.36,1660.00,1921673,N/A,2025-08-11 18:44:23
602,30.095081,N/A,N/A,5.00e-05,7582.60,1948.50,1925570,N/A,2025-08-11 18:44:23
603,14.887477,N/A,N/A,5.00e-05,7327.05,1172.50,1927915,N/A,2025-08-11 18:44:23
604,26.035089,N/A,N/A,5.00e-05,7435.91,2026.50,1931968,N/A,2025-08-11 18:44:24
605,22.159452,N/A,N/A,5.00e-05,7595.11,1712.50,1935393,N/A,2025-08-11 18:44:24
606,25.602583,N/A,N/A,5.00e-05,7572.93,1899.00,1939191,N/A,2025-08-11 18:44:25
607,22.510794,N/A,N/A,5.00e-05,7556.76,1543.00,1942277,N/A,2025-08-11 18:44:25
608,20.887545,N/A,N/A,5.00e-05,7517.83,1298.00,1944873,N/A,2025-08-11 18:44:25
609,24.746099,N/A,N/A,5.00e-05,7569.61,1689.50,1948252,N/A,2025-08-11 18:44:26
610,16.433319,N/A,N/A,5.00e-05,9024.29,1200.00,1950652,1.0000,2025-08-11 18:44:26
611,32.489952,N/A,N/A,5.00e-05,9208.52,2040.00,1954732,N/A,2025-08-11 18:44:27
612,25.805304,N/A,N/A,5.00e-05,9214.30,1886.00,1958504,N/A,2025-08-11 18:44:27
613,22.491167,N/A,N/A,5.00e-05,9469.79,1762.00,1962028,N/A,2025-08-11 18:44:27
614,26.344980,N/A,N/A,5.00e-05,9432.04,2038.50,1966105,N/A,2025-08-11 18:44:28
615,14.865986,N/A,N/A,5.00e-05,9008.38,1036.50,1968178,N/A,2025-08-11 18:44:28
616,23.108932,N/A,N/A,5.00e-05,8985.78,1833.00,1971844,N/A,2025-08-11 18:44:29
617,29.038404,N/A,N/A,5.00e-05,9254.89,1961.00,1975766,N/A,2025-08-11 18:44:29
618,22.989952,N/A,N/A,5.00e-05,9459.66,1665.50,1979097,N/A,2025-08-11 18:44:29
619,19.697933,N/A,N/A,5.00e-05,9252.02,1139.00,1981375,N/A,2025-08-11 18:44:30
620,21.239546,N/A,N/A,5.00e-05,9219.82,1401.00,1984177,1.0000,2025-08-11 18:44:30
621,21.579981,N/A,N/A,5.00e-05,8857.71,1381.00,1986939,N/A,2025-08-11 18:44:31
622,18.246626,N/A,N/A,5.00e-05,8655.19,1407.50,1989754,N/A,2025-08-11 18:44:31
623,27.110685,N/A,N/A,5.00e-05,8476.10,1370.50,1992495,N/A,2025-08-11 18:44:31
624,25.685934,N/A,N/A,5.00e-05,8484.16,1984.00,1996463,N/A,2025-08-11 18:44:32
625,25.669027,N/A,N/A,5.00e-05,8915.46,1738.50,1999940,N/A,2025-08-11 18:44:32
626,17.786228,N/A,N/A,5.00e-05,8627.14,1322.50,2002585,N/A,2025-08-11 18:44:33
627,22.223593,N/A,N/A,5.00e-05,8359.26,1580.00,2005745,N/A,2025-08-11 18:44:33
628,19.758911,N/A,N/A,5.00e-05,8412.80,1574.00,2008893,N/A,2025-08-11 18:44:33
629,27.663042,N/A,N/A,5.00e-05,9027.15,1959.00,2012811,N/A,2025-08-11 18:44:34
630,19.899296,N/A,N/A,5.00e-05,9075.55,1739.50,2016290,1.0000,2025-08-11 18:44:34
631,27.861170,N/A,N/A,5.00e-05,9454.59,2031.50,2020353,N/A,2025-08-11 18:44:35
632,24.610609,N/A,N/A,5.00e-05,9558.37,1683.50,2023720,N/A,2025-08-11 18:44:35
633,25.601776,N/A,N/A,5.00e-05,9947.35,2022.00,2027764,N/A,2025-08-11 18:44:35
634,19.829679,N/A,N/A,5.00e-05,9743.05,1651.00,2031066,N/A,2025-08-11 18:44:36
635,22.811947,N/A,N/A,5.00e-05,9610.59,1528.00,2034122,N/A,2025-08-11 18:44:36
636,22.316748,N/A,N/A,5.00e-05,9933.98,1782.00,2037686,N/A,2025-08-11 18:44:36
637,29.682714,N/A,N/A,5.00e-05,10193.81,2006.50,2041699,N/A,2025-08-11 18:44:37
638,31.098089,N/A,N/A,5.00e-05,10499.00,1941.00,2045581,N/A,2025-08-11 18:44:37
639,19.467466,N/A,N/A,5.00e-05,10254.77,1254.50,2048090,N/A,2025-08-11 18:44:38
640,18.004066,N/A,N/A,5.00e-05,9928.10,1660.50,2051411,1.0000,2025-08-11 18:44:38
641,19.524469,N/A,N/A,5.00e-05,9577.58,1415.50,2054242,N/A,2025-08-11 18:44:38
642,14.624444,N/A,N/A,5.00e-05,9233.62,1113.50,2056469,N/A,2025-08-11 18:44:39
643,27.523117,N/A,N/A,5.00e-05,9207.20,2048.00,2060565,N/A,2025-08-11 18:44:39
644,18.865807,N/A,N/A,5.00e-05,8914.49,1236.00,2063037,N/A,2025-08-11 18:44:40
645,25.290915,N/A,N/A,5.00e-05,8965.47,1623.50,2066284,N/A,2025-08-11 18:44:40
646,27.192453,N/A,N/A,5.00e-05,9050.78,1940.50,2070165,N/A,2025-08-11 18:44:40
647,12.346742,N/A,N/A,5.00e-05,8517.02,1068.00,2072301,N/A,2025-08-11 18:44:41
648,20.518507,N/A,N/A,5.00e-05,8054.01,1288.00,2074877,N/A,2025-08-11 18:44:41
649,22.882820,N/A,N/A,5.00e-05,8499.66,1649.00,2078175,N/A,2025-08-11 18:44:42
650,18.759235,N/A,N/A,5.00e-05,8420.48,1816.50,2081808,1.0000,2025-08-11 18:44:42
651,18.955664,N/A,N/A,5.00e-05,8366.58,1300.00,2084408,N/A,2025-08-11 18:44:42
652,30.510672,N/A,N/A,5.00e-05,8832.72,2048.00,2088504,N/A,2025-08-11 18:44:43
653,27.657682,N/A,N/A,5.00e-05,8733.20,1988.00,2092480,N/A,2025-08-11 18:44:43
654,20.292290,N/A,N/A,5.00e-05,8874.66,1515.50,2095511,N/A,2025-08-11 18:44:44
655,20.096186,N/A,N/A,5.00e-05,8854.91,1598.00,2098707,N/A,2025-08-11 18:44:44
656,18.180609,N/A,N/A,5.00e-05,8509.09,1369.50,2101446,N/A,2025-08-11 18:44:44
657,23.771488,N/A,N/A,5.00e-05,8852.31,1501.00,2104448,N/A,2025-08-11 18:44:45
658,13.562780,N/A,N/A,5.00e-05,8711.42,1026.50,2106501,N/A,2025-08-11 18:44:45
659,31.135431,N/A,N/A,5.00e-05,9145.11,2018.50,2110538,N/A,2025-08-11 18:44:46
660,18.274635,N/A,N/A,5.00e-05,8598.78,1259.00,2113056,1.0000,2025-08-11 18:44:46
661,23.372829,N/A,N/A,5.00e-05,8848.46,1608.50,2116273,N/A,2025-08-11 18:44:46
662,14.065223,N/A,N/A,5.00e-05,8438.91,1132.50,2118538,N/A,2025-08-11 18:44:47
663,27.090641,N/A,N/A,5.00e-05,8400.32,1914.00,2122366,N/A,2025-08-11 18:44:47
664,30.596914,N/A,N/A,5.00e-05,8503.56,1950.00,2126266,N/A,2025-08-11 18:44:48
665,18.054129,N/A,N/A,5.00e-05,8306.29,1252.50,2128771,N/A,2025-08-11 18:44:48
666,21.086273,N/A,N/A,5.00e-05,8588.33,1881.00,2132533,N/A,2025-08-11 18:44:48
667,17.177298,N/A,N/A,5.00e-05,8387.23,1128.50,2134790,N/A,2025-08-11 18:44:49
668,26.960854,N/A,N/A,5.00e-05,8917.54,1979.50,2138749,N/A,2025-08-11 18:44:49
669,25.919325,N/A,N/A,5.00e-05,8945.18,1657.00,2142063,N/A,2025-08-11 18:44:50
670,18.923145,N/A,N/A,5.00e-05,8774.60,1211.50,2144486,1.0000,2025-08-11 18:44:50
671,25.521519,N/A,N/A,5.00e-05,8838.63,1662.50,2147811,N/A,2025-08-11 18:44:50
672,16.361048,N/A,N/A,5.00e-05,8869.03,1174.00,2150159,N/A,2025-08-11 18:44:51
673,23.690182,N/A,N/A,5.00e-05,8888.33,1738.50,2153636,N/A,2025-08-11 18:44:51
674,25.115433,N/A,N/A,5.00e-05,8887.27,1872.50,2157381,N/A,2025-08-11 18:44:52
675,26.669392,N/A,N/A,5.00e-05,9268.71,1939.50,2161260,N/A,2025-08-11 18:44:52
676,20.216663,N/A,N/A,5.00e-05,8970.65,1368.50,2163997,N/A,2025-08-11 18:44:52
677,25.612185,N/A,N/A,5.00e-05,9154.58,1589.00,2167175,N/A,2025-08-11 18:44:53
678,22.526731,N/A,N/A,5.00e-05,8983.73,1705.50,2170586,N/A,2025-08-11 18:44:53
679,22.152000,N/A,N/A,5.00e-05,8989.62,1443.00,2173472,N/A,2025-08-11 18:44:54
680,23.423599,N/A,N/A,5.00e-05,9011.91,1679.00,2176830,1.0000,2025-08-11 18:44:54
681,30.018597,N/A,N/A,5.00e-05,9028.67,1717.00,2180264,N/A,2025-08-11 18:44:54
682,16.243052,N/A,N/A,5.00e-05,9102.60,1255.50,2182775,N/A,2025-08-11 18:44:55
683,19.933519,N/A,N/A,5.00e-05,8810.92,1206.00,2185187,N/A,2025-08-11 18:44:55
684,18.212648,N/A,N/A,5.00e-05,8590.81,1469.50,2188126,N/A,2025-08-11 18:44:56
685,20.331347,N/A,N/A,5.00e-05,8414.72,1609.50,2191345,N/A,2025-08-11 18:44:56
686,25.362150,N/A,N/A,5.00e-05,8746.08,1824.50,2194994,N/A,2025-08-11 18:44:56
687,25.477947,N/A,N/A,5.00e-05,8803.80,1747.00,2198488,N/A,2025-08-11 18:44:57
688,25.201443,N/A,N/A,5.00e-05,8889.17,1814.00,2202116,N/A,2025-08-11 18:44:57
689,19.505106,N/A,N/A,5.00e-05,9157.37,1461.50,2205039,N/A,2025-08-11 18:44:57
690,15.010974,N/A,N/A,5.00e-05,8681.43,1182.50,2207404,1.0000,2025-08-11 18:44:58
691,24.442282,N/A,N/A,5.00e-05,8547.25,1467.00,2210338,N/A,2025-08-11 18:44:58
692,20.535366,N/A,N/A,5.00e-05,8647.36,1465.00,2213268,N/A,2025-08-11 18:44:59
693,28.155043,N/A,N/A,5.00e-05,9024.09,1850.00,2216968,N/A,2025-08-11 18:44:59
694,29.894571,N/A,N/A,5.00e-05,9284.76,1924.00,2220816,N/A,2025-08-11 18:44:59
695,24.917576,N/A,N/A,5.00e-05,9367.47,1771.00,2224358,N/A,2025-08-11 18:45:00
696,15.975862,N/A,N/A,5.00e-05,9060.54,1157.50,2226673,N/A,2025-08-11 18:45:00
697,25.290079,N/A,N/A,5.00e-05,9191.32,2047.00,2230767,N/A,2025-08-11 18:45:01
698,18.081615,N/A,N/A,5.00e-05,8892.42,1326.00,2233419,N/A,2025-08-11 18:45:01
699,19.773314,N/A,N/A,5.00e-05,9189.85,1602.00,2236623,N/A,2025-08-11 18:45:01
700,31.450836,N/A,N/A,5.00e-05,9426.64,1935.00,2240493,1.0000,2025-08-11 18:45:02
701,22.858234,N/A,N/A,5.00e-05,7889.19,1766.00,2244025,N/A,2025-08-11 18:45:03
702,28.584946,N/A,N/A,5.00e-05,8080.90,1865.50,2247756,N/A,2025-08-11 18:45:03
703,14.383068,N/A,N/A,5.00e-05,7807.36,1269.00,2250294,N/A,2025-08-11 18:45:04
704,17.462931,N/A,N/A,5.00e-05,7512.89,1282.00,2252858,N/A,2025-08-11 18:45:04
705,24.204437,N/A,N/A,5.00e-05,7557.43,1881.00,2256620,N/A,2025-08-11 18:45:04
706,16.949232,N/A,N/A,5.00e-05,7627.68,1218.50,2259057,N/A,2025-08-11 18:45:05
707,14.020413,N/A,N/A,5.00e-05,7158.75,1044.00,2261145,N/A,2025-08-11 18:45:05
708,21.495583,N/A,N/A,5.00e-05,7213.22,1454.00,2264053,N/A,2025-08-11 18:45:06
709,17.587694,N/A,N/A,5.00e-05,7169.08,1275.00,2266603,N/A,2025-08-11 18:45:06
710,23.992649,N/A,N/A,5.00e-05,8479.89,1716.00,2270035,1.0000,2025-08-11 18:45:06
711,19.572037,N/A,N/A,5.00e-05,8321.79,1536.50,2273108,N/A,2025-08-11 18:45:07
712,16.713598,N/A,N/A,5.00e-05,7986.40,1299.50,2275707,N/A,2025-08-11 18:45:07
713,26.728369,N/A,N/A,5.00e-05,8406.02,2048.00,2279803,N/A,2025-08-11 18:45:08
714,20.197733,N/A,N/A,5.00e-05,8344.49,1264.50,2282332,N/A,2025-08-11 18:45:08
715,26.871235,N/A,N/A,5.00e-05,8388.64,1980.00,2286292,N/A,2025-08-11 18:45:08
716,19.780190,N/A,N/A,5.00e-05,8516.20,1492.00,2289276,N/A,2025-08-11 18:45:09
717,22.397354,N/A,N/A,5.00e-05,8950.91,1826.00,2292928,N/A,2025-08-11 18:45:09
718,22.797068,N/A,N/A,5.00e-05,9089.81,1678.00,2296284,N/A,2025-08-11 18:45:10
719,19.273069,N/A,N/A,5.00e-05,9326.02,1382.50,2299049,N/A,2025-08-11 18:45:10
720,27.012362,N/A,N/A,5.00e-05,9225.48,2009.50,2303068,1.0000,2025-08-11 18:45:10
721,18.769072,N/A,N/A,5.00e-05,9211.58,1535.00,2306138,N/A,2025-08-11 18:45:11
722,24.976467,N/A,N/A,5.00e-05,9361.80,1672.00,2309482,N/A,2025-08-11 18:45:11
723,20.765558,N/A,N/A,5.00e-05,9165.79,1605.00,2312692,N/A,2025-08-11 18:45:12
724,17.476601,N/A,N/A,5.00e-05,9061.80,1214.50,2315121,N/A,2025-08-11 18:45:12
725,24.262259,N/A,N/A,5.00e-05,8863.38,1563.50,2318248,N/A,2025-08-11 18:45:12
726,17.762074,N/A,N/A,5.00e-05,8783.51,1392.50,2321033,N/A,2025-08-11 18:45:13
727,20.247585,N/A,N/A,5.00e-05,8485.55,1333.00,2323699,N/A,2025-08-11 18:45:13
728,24.611509,N/A,N/A,5.00e-05,8336.40,1397.50,2326494,N/A,2025-08-11 18:45:14
729,19.524796,N/A,N/A,5.00e-05,8614.86,1532.50,2329559,N/A,2025-08-11 18:45:14
730,27.627993,N/A,N/A,5.00e-05,8367.77,1792.00,2333143,1.0000,2025-08-11 18:45:14
731,25.831020,N/A,N/A,5.00e-05,8554.40,1748.00,2336639,N/A,2025-08-11 18:45:15
732,19.256411,N/A,N/A,5.00e-05,8294.06,1378.50,2339396,N/A,2025-08-11 18:45:15
733,28.559399,N/A,N/A,5.00e-05,8563.71,2021.50,2343439,N/A,2025-08-11 18:45:16
734,14.945392,N/A,N/A,5.00e-05,8529.40,1137.50,2345714,N/A,2025-08-11 18:45:16
735,21.309933,N/A,N/A,5.00e-05,8461.69,1589.50,2348893,N/A,2025-08-11 18:45:16
736,24.995474,N/A,N/A,5.00e-05,8766.79,1875.00,2352643,N/A,2025-08-11 18:45:17
737,25.115736,N/A,N/A,5.00e-05,9029.89,1809.50,2356262,N/A,2025-08-11 18:45:17
738,18.952183,N/A,N/A,5.00e-05,9108.27,1386.50,2359035,N/A,2025-08-11 18:45:18
739,25.066509,N/A,N/A,5.00e-05,9282.05,1665.50,2362366,N/A,2025-08-11 18:45:18
740,19.205866,N/A,N/A,5.00e-05,8809.30,1302.00,2364970,1.0000,2025-08-11 18:45:18
741,19.102507,N/A,N/A,5.00e-05,8688.09,1351.00,2367672,N/A,2025-08-11 18:45:19
742,20.092367,N/A,N/A,5.00e-05,8731.96,1381.50,2370435,N/A,2025-08-11 18:45:19
743,26.172327,N/A,N/A,5.00e-05,8706.66,2006.50,2374448,N/A,2025-08-11 18:45:20
744,18.341816,N/A,N/A,5.00e-05,9076.30,1560.50,2377569,N/A,2025-08-11 18:45:20
745,29.518377,N/A,N/A,5.00e-05,9268.33,1933.50,2381436,N/A,2025-08-11 18:45:20
746,21.228956,N/A,N/A,5.00e-05,9063.35,1596.50,2384629,N/A,2025-08-11 18:45:21
747,19.027716,N/A,N/A,5.00e-05,8770.34,1281.00,2387191,N/A,2025-08-11 18:45:21
748,28.319166,N/A,N/A,5.00e-05,9028.06,1733.00,2390657,N/A,2025-08-11 18:45:21
749,22.869446,N/A,N/A,5.00e-05,9064.18,1422.50,2393502,N/A,2025-08-11 18:45:22
750,21.054731,N/A,N/A,5.00e-05,8994.46,1512.00,2396526,1.0000,2025-08-11 18:45:22
751,28.507713,N/A,N/A,5.00e-05,9221.85,1800.50,2400127,N/A,2025-08-11 18:45:23
752,18.172518,N/A,N/A,5.00e-05,9150.72,1346.50,2402820,N/A,2025-08-11 18:45:23
753,18.120897,N/A,N/A,5.00e-05,8803.93,1384.00,2405588,N/A,2025-08-11 18:45:23
754,26.449276,N/A,N/A,5.00e-05,8952.71,1822.00,2409232,N/A,2025-08-11 18:45:24
755,19.309065,N/A,N/A,5.00e-05,8721.22,1439.50,2412111,N/A,2025-08-11 18:45:24
756,20.938522,N/A,N/A,5.00e-05,8594.43,1393.00,2414897,N/A,2025-08-11 18:45:25
757,26.423500,N/A,N/A,5.00e-05,8637.63,1576.50,2418050,N/A,2025-08-11 18:45:25
758,18.124043,N/A,N/A,5.00e-05,8353.17,1164.00,2420378,N/A,2025-08-11 18:45:25
759,26.427895,N/A,N/A,5.00e-05,8636.44,1636.00,2423650,N/A,2025-08-11 18:45:26
760,23.361700,N/A,N/A,5.00e-05,8613.01,1734.50,2427119,1.0000,2025-08-11 18:45:26
761,26.454174,N/A,N/A,5.00e-05,8743.86,1930.00,2430979,N/A,2025-08-11 18:45:27
762,17.224665,N/A,N/A,5.00e-05,8580.84,1168.00,2433315,N/A,2025-08-11 18:45:27
763,29.214291,N/A,N/A,5.00e-05,8680.33,1665.50,2436646,N/A,2025-08-11 18:45:27
764,27.574780,N/A,N/A,5.00e-05,8676.44,1890.00,2440426,N/A,2025-08-11 18:45:28
765,18.705687,N/A,N/A,5.00e-05,8753.07,1637.50,2443701,N/A,2025-08-11 18:45:28
766,23.913324,N/A,N/A,5.00e-05,9010.86,1672.00,2447045,N/A,2025-08-11 18:45:29
767,27.542595,N/A,N/A,5.00e-05,9258.29,2005.00,2451055,N/A,2025-08-11 18:45:29
768,21.500731,N/A,N/A,5.00e-05,9532.41,1602.00,2454259,N/A,2025-08-11 18:45:29
769,29.367577,N/A,N/A,5.00e-05,9839.09,1853.00,2457965,N/A,2025-08-11 18:45:30
770,22.248951,N/A,N/A,5.00e-05,9613.57,1697.50,2461360,1.0000,2025-08-11 18:45:30
771,25.260235,N/A,N/A,5.00e-05,9572.32,1754.50,2464869,N/A,2025-08-11 18:45:31
772,17.561686,N/A,N/A,5.00e-05,9764.89,1404.50,2467678,N/A,2025-08-11 18:45:31
773,24.080452,N/A,N/A,5.00e-05,9877.39,1843.00,2471364,N/A,2025-08-11 18:45:31
774,26.072542,N/A,N/A,5.00e-05,9950.15,1960.00,2475284,N/A,2025-08-11 18:45:32
775,18.689426,N/A,N/A,5.00e-05,9805.01,1345.00,2477974,N/A,2025-08-11 18:45:32
776,19.888971,N/A,N/A,5.00e-05,9707.27,1506.00,2480986,N/A,2025-08-11 18:45:32
777,24.825033,N/A,N/A,5.00e-05,9448.67,1663.50,2484313,N/A,2025-08-11 18:45:33
778,26.333416,N/A,N/A,5.00e-05,9541.71,1814.00,2487941,N/A,2025-08-11 18:45:33
779,16.828428,N/A,N/A,5.00e-05,9454.85,1350.00,2490641,N/A,2025-08-11 18:45:34
780,13.714856,N/A,N/A,5.00e-05,8926.81,1158.00,2492957,1.0000,2025-08-11 18:45:34
781,13.051477,N/A,N/A,5.00e-05,8541.97,1074.00,2495105,N/A,2025-08-11 18:45:34
782,26.891891,N/A,N/A,5.00e-05,8808.84,1819.00,2498743,N/A,2025-08-11 18:45:35
783,30.392698,N/A,N/A,5.00e-05,8930.62,2048.00,2502839,N/A,2025-08-11 18:45:35
784,26.472891,N/A,N/A,5.00e-05,8676.99,1502.00,2505843,N/A,2025-08-11 18:45:36
785,27.640331,N/A,N/A,5.00e-05,8934.58,1803.50,2509450,N/A,2025-08-11 18:45:36
786,20.949842,N/A,N/A,5.00e-05,8943.42,1526.00,2512502,N/A,2025-08-11 18:45:36
787,23.888685,N/A,N/A,5.00e-05,8883.70,1617.00,2515736,N/A,2025-08-11 18:45:37
788,18.556715,N/A,N/A,5.00e-05,8527.68,1177.00,2518090,N/A,2025-08-11 18:45:37
789,24.730255,N/A,N/A,5.00e-05,8828.95,1509.50,2521109,N/A,2025-08-11 18:45:38
790,18.988140,N/A,N/A,5.00e-05,8675.94,1265.00,2523639,1.0000,2025-08-11 18:45:38
791,18.558765,N/A,N/A,5.00e-05,8851.12,1388.00,2526415,N/A,2025-08-11 18:45:38
792,21.050369,N/A,N/A,5.00e-05,8660.52,1497.50,2529410,N/A,2025-08-11 18:45:39
793,17.915865,N/A,N/A,5.00e-05,8142.16,1283.00,2531976,N/A,2025-08-11 18:45:39
794,20.606953,N/A,N/A,5.00e-05,8075.94,1393.00,2534762,N/A,2025-08-11 18:45:40
795,20.994131,N/A,N/A,5.00e-05,8020.41,1627.50,2538017,N/A,2025-08-11 18:45:40
796,21.415512,N/A,N/A,5.00e-05,7987.80,1555.00,2541127,N/A,2025-08-11 18:45:40
797,21.797411,N/A,N/A,5.00e-05,7930.83,1562.00,2544251,N/A,2025-08-11 18:45:41
798,22.469078,N/A,N/A,5.00e-05,8149.65,1572.00,2547395,N/A,2025-08-11 18:45:41
799,25.362637,N/A,N/A,5.00e-05,8452.16,1717.50,2550830,N/A,2025-08-11 18:45:42
800,23.011347,N/A,N/A,5.00e-05,8521.92,1729.00,2554288,1.0000,2025-08-11 18:45:42
801,17.366465,N/A,N/A,5.00e-05,6960.86,1239.00,2556766,N/A,2025-08-11 18:45:43
802,25.442497,N/A,N/A,5.00e-05,7208.91,1909.50,2560585,N/A,2025-08-11 18:45:44
803,25.445484,N/A,N/A,5.00e-05,7420.02,1751.50,2564088,N/A,2025-08-11 18:45:44
804,18.851027,N/A,N/A,5.00e-05,7403.27,1399.50,2566887,N/A,2025-08-11 18:45:44
805,28.164532,N/A,N/A,5.00e-05,7605.05,1929.00,2570745,N/A,2025-08-11 18:45:45
806,16.021593,N/A,N/A,5.00e-05,7513.37,1320.50,2573386,N/A,2025-08-11 18:45:45
807,18.069351,N/A,N/A,5.00e-05,7400.27,1337.00,2576060,N/A,2025-08-11 18:45:45
808,21.798494,N/A,N/A,5.00e-05,7493.82,1756.00,2579572,N/A,2025-08-11 18:45:46
809,16.908083,N/A,N/A,5.00e-05,7380.23,1180.00,2581932,N/A,2025-08-11 18:45:46
810,25.522758,N/A,N/A,5.00e-05,8933.66,1886.00,2585704,1.0000,2025-08-11 18:45:47
811,17.982796,N/A,N/A,5.00e-05,9001.61,1443.50,2588591,N/A,2025-08-11 18:45:47
812,29.641384,N/A,N/A,5.00e-05,8955.90,1829.00,2592249,N/A,2025-08-11 18:45:47
813,16.336853,N/A,N/A,5.00e-05,8648.42,1207.50,2594664,N/A,2025-08-11 18:45:48
814,20.115986,N/A,N/A,5.00e-05,8628.43,1362.50,2597389,N/A,2025-08-11 18:45:48
815,24.929295,N/A,N/A,5.00e-05,8546.61,1786.50,2600962,N/A,2025-08-11 18:45:49
816,16.701300,N/A,N/A,5.00e-05,8522.44,1249.50,2603461,N/A,2025-08-11 18:45:49
817,27.224026,N/A,N/A,5.00e-05,8783.79,1786.00,2607033,N/A,2025-08-11 18:45:49
818,23.583628,N/A,N/A,5.00e-05,8698.07,1609.00,2610251,N/A,2025-08-11 18:45:50
819,31.022554,N/A,N/A,5.00e-05,9359.28,2048.00,2614347,N/A,2025-08-11 18:45:50
820,20.644960,N/A,N/A,5.00e-05,8986.33,1444.50,2617236,1.0000,2025-08-11 18:45:51
821,15.923166,N/A,N/A,5.00e-05,8830.89,1177.50,2619591,N/A,2025-08-11 18:45:51
822,22.229534,N/A,N/A,5.00e-05,8662.33,1490.00,2622571,N/A,2025-08-11 18:45:51
823,23.557915,N/A,N/A,5.00e-05,9024.75,1898.50,2626368,N/A,2025-08-11 18:45:52
824,15.021300,N/A,N/A,5.00e-05,8876.05,1086.50,2628541,N/A,2025-08-11 18:45:52
825,26.356764,N/A,N/A,5.00e-05,8912.76,1860.00,2632261,N/A,2025-08-11 18:45:52
826,22.425570,N/A,N/A,5.00e-05,9160.52,1786.50,2635834,N/A,2025-08-11 18:45:53
827,22.094368,N/A,N/A,5.00e-05,9183.85,1908.00,2639650,N/A,2025-08-11 18:45:53
828,31.863386,N/A,N/A,5.00e-05,9379.87,1957.00,2643564,N/A,2025-08-11 18:45:54
829,19.479656,N/A,N/A,5.00e-05,9218.18,1461.50,2646487,N/A,2025-08-11 18:45:54
830,14.962755,N/A,N/A,5.00e-05,8872.16,1127.00,2648741,1.0000,2025-08-11 18:45:54
831,21.980909,N/A,N/A,5.00e-05,9085.62,1545.50,2651832,N/A,2025-08-11 18:45:55
832,16.873428,N/A,N/A,5.00e-05,8993.55,1221.00,2654274,N/A,2025-08-11 18:45:55
833,24.838888,N/A,N/A,5.00e-05,8860.91,1680.50,2657635,N/A,2025-08-11 18:45:56
834,27.651722,N/A,N/A,5.00e-05,9402.60,2039.00,2661713,N/A,2025-08-11 18:45:56
835,17.351543,N/A,N/A,5.00e-05,9141.47,1412.00,2664537,N/A,2025-08-11 18:45:56
836,13.367434,N/A,N/A,5.00e-05,8779.92,1058.50,2666654,N/A,2025-08-11 18:45:57
837,29.434872,N/A,N/A,5.00e-05,8824.74,1963.50,2670581,N/A,2025-08-11 18:45:57
838,20.619556,N/A,N/A,5.00e-05,8434.96,1286.00,2673153,N/A,2025-08-11 18:45:58
839,24.800184,N/A,N/A,5.00e-05,8802.28,1920.00,2676993,N/A,2025-08-11 18:45:58
840,22.504774,N/A,N/A,5.00e-05,8877.62,1702.50,2680398,1.0000,2025-08-11 18:45:58
841,28.956253,N/A,N/A,5.00e-05,9055.53,1944.50,2684287,N/A,2025-08-11 18:45:59
842,22.265228,N/A,N/A,5.00e-05,9316.30,1698.00,2687683,N/A,2025-08-11 18:45:59
843,16.078749,N/A,N/A,5.00e-05,9001.39,1145.00,2689973,N/A,2025-08-11 18:46:00
844,25.340961,N/A,N/A,5.00e-05,9001.74,1931.00,2693835,N/A,2025-08-11 18:46:00
845,20.176340,N/A,N/A,5.00e-05,9050.49,1514.00,2696863,N/A,2025-08-11 18:46:00
846,22.777830,N/A,N/A,5.00e-05,9455.41,1769.00,2700401,N/A,2025-08-11 18:46:01
847,22.483355,N/A,N/A,5.00e-05,9315.77,1687.00,2703775,N/A,2025-08-11 18:46:01
848,20.727613,N/A,N/A,5.00e-05,9339.10,1262.00,2706299,N/A,2025-08-11 18:46:02
849,23.678080,N/A,N/A,5.00e-05,9509.09,1741.00,2709781,N/A,2025-08-11 18:46:02
850,16.777370,N/A,N/A,5.00e-05,9102.78,1194.50,2712170,1.0000,2025-08-11 18:46:02
851,25.603991,N/A,N/A,5.00e-05,9077.64,1913.50,2715997,N/A,2025-08-11 18:46:03
852,24.090506,N/A,N/A,5.00e-05,9018.53,1692.50,2719382,N/A,2025-08-11 18:46:03
853,15.643203,N/A,N/A,5.00e-05,9129.07,1334.50,2722051,N/A,2025-08-11 18:46:04
854,22.870018,N/A,N/A,5.00e-05,8856.82,1466.50,2724984,N/A,2025-08-11 18:46:04
855,19.466515,N/A,N/A,5.00e-05,8779.03,1390.00,2727764,N/A,2025-08-11 18:46:04
856,22.357985,N/A,N/A,5.00e-05,8649.07,1601.00,2730966,N/A,2025-08-11 18:46:05
857,28.841467,N/A,N/A,5.00e-05,8854.44,1981.00,2734928,N/A,2025-08-11 18:46:05
858,18.144711,N/A,N/A,5.00e-05,8892.16,1344.50,2737617,N/A,2025-08-11 18:46:05
859,24.888653,N/A,N/A,5.00e-05,8838.50,1451.00,2740519,N/A,2025-08-11 18:46:06
860,19.046190,N/A,N/A,5.00e-05,8742.45,1328.50,2743176,1.0000,2025-08-11 18:46:06
861,29.644911,N/A,N/A,5.00e-05,8791.72,1919.00,2747014,N/A,2025-08-11 18:46:07
862,36.117611,N/A,N/A,5.00e-05,8997.81,2048.00,2751110,N/A,2025-08-11 18:46:07
863,18.048601,N/A,N/A,5.00e-05,8969.66,1253.50,2753617,N/A,2025-08-11 18:46:07
864,17.904539,N/A,N/A,5.00e-05,9001.57,1728.50,2757074,N/A,2025-08-11 18:46:08
865,21.071087,N/A,N/A,5.00e-05,9065.84,1508.50,2760091,N/A,2025-08-11 18:46:08
866,18.627048,N/A,N/A,5.00e-05,8992.78,1486.50,2763064,N/A,2025-08-11 18:46:09
867,23.327511,N/A,N/A,5.00e-05,9047.83,2048.00,2767160,N/A,2025-08-11 18:46:09
868,22.781265,N/A,N/A,5.00e-05,9229.58,1573.00,2770306,N/A,2025-08-11 18:46:09
869,25.432783,N/A,N/A,5.00e-05,9763.50,2048.00,2774402,N/A,2025-08-11 18:46:10
870,15.330330,N/A,N/A,5.00e-05,9365.89,1158.50,2776719,1.0000,2025-08-11 18:46:10
871,24.068533,N/A,N/A,5.00e-05,9372.57,1923.00,2780565,N/A,2025-08-11 18:46:11
872,31.442001,N/A,N/A,5.00e-05,9359.71,2033.00,2784631,N/A,2025-08-11 18:46:11
873,14.624694,N/A,N/A,5.00e-05,9381.34,1048.00,2786727,N/A,2025-08-11 18:46:11
874,22.305828,N/A,N/A,5.00e-05,9408.32,1739.50,2790206,N/A,2025-08-11 18:46:12
875,16.543104,N/A,N/A,5.00e-05,9227.70,1255.00,2792716,N/A,2025-08-11 18:46:12
876,22.393232,N/A,N/A,5.00e-05,9293.26,1631.50,2795979,N/A,2025-08-11 18:46:13
877,30.846439,N/A,N/A,5.00e-05,9185.91,1994.00,2799967,N/A,2025-08-11 18:46:13
878,20.339235,N/A,N/A,5.00e-05,9101.61,1419.00,2802805,N/A,2025-08-11 18:46:13
879,20.241295,N/A,N/A,5.00e-05,9154.79,1675.00,2806155,N/A,2025-08-11 18:46:14
880,24.500048,N/A,N/A,5.00e-05,9226.53,1814.00,2809783,1.0000,2025-08-11 18:46:14
881,18.832737,N/A,N/A,5.00e-05,8936.21,1536.50,2812856,N/A,2025-08-11 18:46:15
882,25.505718,N/A,N/A,5.00e-05,8691.43,1626.50,2816109,N/A,2025-08-11 18:46:15
883,26.982361,N/A,N/A,5.00e-05,9232.57,2012.00,2820133,N/A,2025-08-11 18:46:15
884,20.516907,N/A,N/A,5.00e-05,9182.86,1600.00,2823333,N/A,2025-08-11 18:46:16
885,24.415728,N/A,N/A,5.00e-05,9449.73,1724.50,2826782,N/A,2025-08-11 18:46:16
886,26.377794,N/A,N/A,5.00e-05,9680.71,1938.50,2830659,N/A,2025-08-11 18:46:17
887,16.711798,N/A,N/A,5.00e-05,9268.68,1243.00,2833145,N/A,2025-08-11 18:46:17
888,19.053307,N/A,N/A,5.00e-05,9276.00,1369.00,2835883,N/A,2025-08-11 18:46:17
889,15.648995,N/A,N/A,5.00e-05,9131.59,1183.50,2838250,N/A,2025-08-11 18:46:18
890,17.700809,N/A,N/A,5.00e-05,8661.12,1312.00,2840874,1.0000,2025-08-11 18:46:18
891,20.938890,N/A,N/A,5.00e-05,8542.44,1344.00,2843562,N/A,2025-08-11 18:46:19
892,15.727428,N/A,N/A,5.00e-05,8323.07,1328.00,2846218,N/A,2025-08-11 18:46:19
893,28.261677,N/A,N/A,5.00e-05,8140.01,1747.50,2849713,N/A,2025-08-11 18:46:19
894,13.533130,N/A,N/A,5.00e-05,7762.34,1042.50,2851798,N/A,2025-08-11 18:46:20
895,24.767038,N/A,N/A,5.00e-05,7829.22,1835.00,2855468,N/A,2025-08-11 18:46:20
896,23.342068,N/A,N/A,5.00e-05,7665.57,1645.00,2858758,N/A,2025-08-11 18:46:21
897,21.759007,N/A,N/A,5.00e-05,7941.84,1912.00,2862582,N/A,2025-08-11 18:46:21
898,15.651775,N/A,N/A,5.00e-05,7903.79,1039.00,2864660,N/A,2025-08-11 18:46:21
899,20.442553,N/A,N/A,5.00e-05,8328.06,1517.50,2867695,N/A,2025-08-11 18:46:22
900,18.366646,N/A,N/A,5.00e-05,8251.03,1414.00,2870523,1.0000,2025-08-11 18:46:22
901,22.677876,N/A,N/A,5.00e-05,7131.24,1810.00,2874143,N/A,2025-08-11 18:46:23
902,19.943541,N/A,N/A,5.00e-05,7207.44,1492.00,2877127,N/A,2025-08-11 18:46:24
903,23.495815,N/A,N/A,5.00e-05,7290.20,1794.00,2880715,N/A,2025-08-11 18:46:24
904,23.352539,N/A,N/A,5.00e-05,7562.23,1612.50,2883940,N/A,2025-08-11 18:46:24
905,22.017561,N/A,N/A,5.00e-05,7526.19,1777.00,2887494,N/A,2025-08-11 18:46:25
906,24.705130,N/A,N/A,5.00e-05,7704.75,1832.00,2891158,N/A,2025-08-11 18:46:25
907,24.321611,N/A,N/A,5.00e-05,7649.33,1805.50,2894769,N/A,2025-08-11 18:46:26
908,24.056814,N/A,N/A,5.00e-05,7931.50,1632.50,2898034,N/A,2025-08-11 18:46:26
909,30.433329,N/A,N/A,5.00e-05,8201.92,2020.50,2902075,N/A,2025-08-11 18:46:26
910,29.377771,N/A,N/A,5.00e-05,9975.34,1953.00,2905981,1.0000,2025-08-11 18:46:27
911,18.014805,N/A,N/A,5.00e-05,9678.21,1264.50,2908510,N/A,2025-08-11 18:46:27
912,28.717735,N/A,N/A,5.00e-05,9904.79,1907.50,2912325,N/A,2025-08-11 18:46:28
913,21.477711,N/A,N/A,5.00e-05,9704.50,1571.00,2915467,N/A,2025-08-11 18:46:28
914,19.181070,N/A,N/A,5.00e-05,9660.50,1519.50,2918506,N/A,2025-08-11 18:46:28
915,21.035997,N/A,N/A,5.00e-05,9509.44,1527.00,2921560,N/A,2025-08-11 18:46:29
916,24.371069,N/A,N/A,5.00e-05,9451.28,1754.00,2925068,N/A,2025-08-11 18:46:29
917,29.998919,N/A,N/A,5.00e-05,9494.48,2022.50,2929113,N/A,2025-08-11 18:46:30
918,17.998249,N/A,N/A,5.00e-05,9397.47,1376.50,2931866,N/A,2025-08-11 18:46:30
919,19.906610,N/A,N/A,5.00e-05,9320.05,1495.50,2934857,N/A,2025-08-11 18:46:30
920,22.924683,N/A,N/A,5.00e-05,8948.80,1556.00,2937969,1.0000,2025-08-11 18:46:31
921,23.946894,N/A,N/A,5.00e-05,9243.48,1776.00,2941521,N/A,2025-08-11 18:46:31
922,22.460514,N/A,N/A,5.00e-05,9216.18,1725.00,2944971,N/A,2025-08-11 18:46:32
923,19.444073,N/A,N/A,5.00e-05,9136.63,1406.00,2947783,N/A,2025-08-11 18:46:32
924,32.663128,N/A,N/A,5.00e-05,9233.01,1751.50,2951286,N/A,2025-08-11 18:46:32
925,21.640722,N/A,N/A,5.00e-05,9210.65,1501.50,2954289,N/A,2025-08-11 18:46:33
926,22.827471,N/A,N/A,5.00e-05,9171.57,1632.50,2957554,N/A,2025-08-11 18:46:33
927,21.259544,N/A,N/A,5.00e-05,8991.70,1549.50,2960653,N/A,2025-08-11 18:46:33
928,20.026571,N/A,N/A,5.00e-05,9145.00,1651.00,2963955,N/A,2025-08-11 18:46:34
929,25.106150,N/A,N/A,5.00e-05,9439.84,1645.00,2967245,N/A,2025-08-11 18:46:34
930,18.506380,N/A,N/A,5.00e-05,9256.03,1535.50,2970316,1.0000,2025-08-11 18:46:35
931,27.835386,N/A,N/A,5.00e-05,9242.95,1811.50,2973939,N/A,2025-08-11 18:46:35
932,18.821014,N/A,N/A,5.00e-05,9066.29,1432.00,2976803,N/A,2025-08-11 18:46:35
933,22.327322,N/A,N/A,5.00e-05,9313.26,1785.50,2980374,N/A,2025-08-11 18:46:36
934,15.605597,N/A,N/A,5.00e-05,8907.99,1060.00,2982494,N/A,2025-08-11 18:46:36
935,15.508538,N/A,N/A,5.00e-05,8759.52,1164.00,2984822,N/A,2025-08-11 18:46:37
936,17.432026,N/A,N/A,5.00e-05,8628.80,1408.00,2987638,N/A,2025-08-11 18:46:37
937,23.258139,N/A,N/A,5.00e-05,8704.55,1683.00,2991004,N/A,2025-08-11 18:46:37
938,22.148243,N/A,N/A,5.00e-05,8753.44,1803.00,2994610,N/A,2025-08-11 18:46:38
939,30.863636,N/A,N/A,5.00e-05,8911.95,1727.50,2998065,N/A,2025-08-11 18:46:38
940,16.769730,N/A,N/A,5.00e-05,8640.68,1295.00,3000655,1.0000,2025-08-11 18:46:39
941,19.517590,N/A,N/A,5.00e-05,8462.72,1485.00,3003625,N/A,2025-08-11 18:46:39
942,22.020828,N/A,N/A,5.00e-05,8523.44,1575.00,3006775,N/A,2025-08-11 18:46:39
943,20.988243,N/A,N/A,5.00e-05,8498.28,1708.50,3010192,N/A,2025-08-11 18:46:40
944,26.039850,N/A,N/A,5.00e-05,8803.20,1802.00,3013796,N/A,2025-08-11 18:46:40
945,29.859814,N/A,N/A,5.00e-05,9266.05,1978.00,3017752,N/A,2025-08-11 18:46:41
946,25.740129,N/A,N/A,5.00e-05,9546.31,1886.00,3021524,N/A,2025-08-11 18:46:41
947,15.099771,N/A,N/A,5.00e-05,9329.90,1237.50,3023999,N/A,2025-08-11 18:46:41
948,27.016525,N/A,N/A,5.00e-05,9408.46,1848.00,3027695,N/A,2025-08-11 18:46:42
949,15.917578,N/A,N/A,5.00e-05,9291.82,1222.00,3030139,N/A,2025-08-11 18:46:42
950,19.134151,N/A,N/A,5.00e-05,9094.21,1338.00,3032815,1.0000,2025-08-11 18:46:42
951,26.427889,N/A,N/A,5.00e-05,9335.47,1938.50,3036692,N/A,2025-08-11 18:46:43
952,23.296152,N/A,N/A,5.00e-05,9326.29,1569.00,3039830,N/A,2025-08-11 18:46:43
953,17.340952,N/A,N/A,5.00e-05,9356.32,1534.00,3042898,N/A,2025-08-11 18:46:44
954,21.502096,N/A,N/A,5.00e-05,9236.06,1611.50,3046121,N/A,2025-08-11 18:46:44
955,22.649591,N/A,N/A,5.00e-05,9022.29,1633.50,3049388,N/A,2025-08-11 18:46:44
956,18.387894,N/A,N/A,5.00e-05,8649.26,1255.00,3051898,N/A,2025-08-11 18:46:45
957,30.757370,N/A,N/A,5.00e-05,9049.16,1946.50,3055791,N/A,2025-08-11 18:46:45
958,22.218380,N/A,N/A,5.00e-05,8940.23,1658.50,3059108,N/A,2025-08-11 18:46:46
959,24.604633,N/A,N/A,5.00e-05,9329.53,1581.00,3062270,N/A,2025-08-11 18:46:46
960,24.089636,N/A,N/A,5.00e-05,9374.25,1668.00,3065606,1.0000,2025-08-11 18:46:46
961,17.775251,N/A,N/A,5.00e-05,9001.77,1254.00,3068114,N/A,2025-08-11 18:46:47
962,14.452321,N/A,N/A,5.00e-05,8790.79,1203.50,3070521,N/A,2025-08-11 18:46:47
963,18.136169,N/A,N/A,5.00e-05,8624.08,1466.50,3073454,N/A,2025-08-11 18:46:48
964,16.442595,N/A,N/A,5.00e-05,8254.23,1093.00,3075640,N/A,2025-08-11 18:46:48
965,26.134333,N/A,N/A,5.00e-05,8412.91,1952.50,3079545,N/A,2025-08-11 18:46:48
966,29.199427,N/A,N/A,5.00e-05,8624.18,1651.00,3082847,N/A,2025-08-11 18:46:49
967,26.796227,N/A,N/A,5.00e-05,8648.16,2027.00,3086901,N/A,2025-08-11 18:46:49
968,20.375532,N/A,N/A,5.00e-05,8568.49,1461.50,3089824,N/A,2025-08-11 18:46:50
969,30.178679,N/A,N/A,5.00e-05,8973.96,1997.00,3093818,N/A,2025-08-11 18:46:50
970,21.946638,N/A,N/A,5.00e-05,8717.12,1665.50,3097149,1.0000,2025-08-11 18:46:50
971,27.446808,N/A,N/A,5.00e-05,9092.42,1942.50,3101034,N/A,2025-08-11 18:46:51
972,23.412584,N/A,N/A,5.00e-05,9400.46,1610.00,3104254,N/A,2025-08-11 18:46:51
973,25.044092,N/A,N/A,5.00e-05,9644.69,1763.00,3107780,N/A,2025-08-11 18:46:52
974,19.367453,N/A,N/A,5.00e-05,9778.06,1278.00,3110336,N/A,2025-08-11 18:46:52
975,25.304819,N/A,N/A,5.00e-05,9729.22,2048.00,3114432,N/A,2025-08-11 18:46:52
976,17.673439,N/A,N/A,5.00e-05,9507.89,1314.00,3117060,N/A,2025-08-11 18:46:53
977,26.619425,N/A,N/A,5.00e-05,9394.16,2002.50,3121065,N/A,2025-08-11 18:46:53
978,21.356501,N/A,N/A,5.00e-05,9424.99,1620.00,3124305,N/A,2025-08-11 18:46:54
979,20.134510,N/A,N/A,5.00e-05,9226.92,1204.00,3126713,N/A,2025-08-11 18:46:54
980,21.366556,N/A,N/A,5.00e-05,9151.05,1798.00,3130309,1.0000,2025-08-11 18:46:54
981,32.739857,N/A,N/A,5.00e-05,9174.84,1910.00,3134129,N/A,2025-08-11 18:46:55
982,22.982712,N/A,N/A,5.00e-05,9294.80,1792.00,3137713,N/A,2025-08-11 18:46:55
983,15.364333,N/A,N/A,5.00e-05,8983.85,1191.50,3140096,N/A,2025-08-11 18:46:56
984,27.093847,N/A,N/A,5.00e-05,9407.94,1905.50,3143907,N/A,2025-08-11 18:46:56
985,20.572273,N/A,N/A,5.00e-05,9158.10,1512.00,3146931,N/A,2025-08-11 18:46:56
986,24.081362,N/A,N/A,5.00e-05,9571.52,1865.00,3150661,N/A,2025-08-11 18:46:57
987,22.687550,N/A,N/A,5.00e-05,9288.21,1401.50,3153464,N/A,2025-08-11 18:46:57
988,15.569626,N/A,N/A,5.00e-05,9058.87,1179.50,3155823,N/A,2025-08-11 18:46:57
989,18.871237,N/A,N/A,5.00e-05,9412.06,1628.00,3159079,N/A,2025-08-11 18:46:58
990,20.152218,N/A,N/A,5.00e-05,8928.44,1403.50,3161886,1.0000,2025-08-11 18:46:58
991,23.885273,N/A,N/A,5.00e-05,8836.09,1737.00,3165360,N/A,2025-08-11 18:46:59
992,19.618275,N/A,N/A,5.00e-05,8693.30,1547.00,3168454,N/A,2025-08-11 18:46:59
993,23.071850,N/A,N/A,5.00e-05,9026.02,1767.00,3171988,N/A,2025-08-11 18:46:59
994,19.090254,N/A,N/A,5.00e-05,8693.24,1322.50,3174633,N/A,2025-08-11 18:47:00
995,16.336477,N/A,N/A,5.00e-05,8442.15,1058.00,3176749,N/A,2025-08-11 18:47:00
996,23.921457,N/A,N/A,5.00e-05,8532.34,2024.50,3180798,N/A,2025-08-11 18:47:01
997,23.326866,N/A,N/A,5.00e-05,8668.15,1733.50,3184265,N/A,2025-08-11 18:47:01
998,15.367557,N/A,N/A,5.00e-05,8884.98,1471.50,3187208,N/A,2025-08-11 18:47:01
999,21.188643,N/A,N/A,5.00e-05,9162.75,1655.50,3190519,N/A,2025-08-11 18:47:02
1000,17.613285,5.977852,739.368103,5.00e-05,2544.31,1265.50,3193050,N/A,2025-08-11 18:47:11
1001,28.653938,5.977852,739.368103,5.00e-05,2395.24,1849.50,3196749,N/A,2025-08-11 18:47:12
1002,15.081919,5.977852,739.368103,5.00e-05,2343.07,1194.00,3199137,N/A,2025-08-11 18:47:13
1003,19.814705,5.977852,739.368103,5.00e-05,2296.29,1486.00,3202109,N/A,2025-08-11 18:47:13
1004,13.563043,5.977852,739.368103,5.00e-05,2267.06,1142.50,3204394,N/A,2025-08-11 18:47:13
1005,23.609465,5.977852,739.368103,5.00e-05,2364.41,1698.50,3207791,N/A,2025-08-11 18:47:14
1006,26.920574,5.977852,739.368103,5.00e-05,2348.34,1897.00,3211585,N/A,2025-08-11 18:47:14
1007,23.009483,5.977852,739.368103,5.00e-05,2347.35,1727.00,3215039,N/A,2025-08-11 18:47:14
1008,16.492220,5.977852,739.368103,5.00e-05,2309.59,1231.50,3217502,N/A,2025-08-11 18:47:15
1009,17.482582,5.977852,739.368103,5.00e-05,6820.90,1204.50,3219911,N/A,2025-08-11 18:47:15
1010,26.788712,5.977852,739.368103,5.00e-05,8627.50,1783.50,3223478,1.0000,2025-08-11 18:47:16
1011,19.603909,5.977852,739.368103,5.00e-05,8402.99,1455.00,3226388,N/A,2025-08-11 18:47:16
1012,24.428694,5.977852,739.368103,5.00e-05,8661.99,1565.00,3229518,N/A,2025-08-11 18:47:16
1013,19.057241,5.977852,739.368103,5.00e-05,8684.18,1520.00,3232558,N/A,2025-08-11 18:47:17
1014,15.067744,5.977852,739.368103,5.00e-05,8646.36,1068.00,3234694,N/A,2025-08-11 18:47:17
1015,23.700188,5.977852,739.368103,5.00e-05,8806.81,1974.50,3238643,N/A,2025-08-11 18:47:18
1016,23.863333,5.977852,739.368103,5.00e-05,8657.12,1741.50,3242126,N/A,2025-08-11 18:47:18
1017,24.599682,5.977852,739.368103,5.00e-05,8741.60,1856.50,3245839,N/A,2025-08-11 18:47:18
1018,15.357244,5.977852,739.368103,5.00e-05,8733.98,1203.50,3248246,N/A,2025-08-11 18:47:19
1019,34.798492,5.977852,739.368103,5.00e-05,9326.57,2048.00,3252342,N/A,2025-08-11 18:47:19
1020,20.552092,5.977852,739.368103,5.00e-05,8849.41,1448.50,3255239,1.0000,2025-08-11 18:47:20
1021,27.131990,5.977852,739.368103,5.00e-05,9037.40,1805.50,3258850,N/A,2025-08-11 18:47:20
1022,23.102999,5.977852,739.368103,5.00e-05,9142.73,1767.50,3262385,N/A,2025-08-11 18:47:20
1023,22.729729,5.977852,739.368103,5.00e-05,9248.67,1717.50,3265820,N/A,2025-08-11 18:47:21
1024,16.987789,5.977852,739.368103,5.00e-05,9319.95,1294.50,3268409,N/A,2025-08-11 18:47:21
1025,22.102940,5.977852,739.368103,5.00e-05,9241.28,1713.00,3271835,N/A,2025-08-11 18:47:22
1026,19.438936,5.977852,739.368103,5.00e-05,9044.36,1396.50,3274628,N/A,2025-08-11 18:47:22
1027,33.445427,5.977852,739.368103,5.00e-05,9127.19,1987.50,3278603,N/A,2025-08-11 18:47:22
1028,20.475031,5.977852,739.368103,5.00e-05,9330.69,1474.50,3281552,N/A,2025-08-11 18:47:23
1029,17.023485,5.977852,739.368103,5.00e-05,9100.17,1270.50,3284093,N/A,2025-08-11 18:47:23
1030,22.119591,5.977852,739.368103,5.00e-05,8995.63,1581.00,3287255,1.0000,2025-08-11 18:47:24
1031,19.759838,5.977852,739.368103,5.00e-05,8854.42,1507.00,3290269,N/A,2025-08-11 18:47:24
1032,22.375965,5.977852,739.368103,5.00e-05,8734.08,1565.50,3293400,N/A,2025-08-11 18:47:24
1033,20.774925,5.977852,739.368103,5.00e-05,8737.83,1641.00,3296682,N/A,2025-08-11 18:47:25
1034,19.281578,5.977852,739.368103,5.00e-05,8701.17,1342.00,3299366,N/A,2025-08-11 18:47:25
1035,15.531978,5.977852,739.368103,5.00e-05,8431.31,1212.00,3301790,N/A,2025-08-11 18:47:26
1036,23.944904,5.977852,739.368103,5.00e-05,8650.16,1787.50,3305365,N/A,2025-08-11 18:47:26
1037,21.613407,5.977852,739.368103,5.00e-05,8341.87,1449.50,3308264,N/A,2025-08-11 18:47:26
1038,20.293877,5.977852,739.368103,5.00e-05,8336.45,1385.50,3311035,N/A,2025-08-11 18:47:27
1039,19.320614,5.977852,739.368103,5.00e-05,8609.02,1436.00,3313907,N/A,2025-08-11 18:47:27
1040,12.852719,5.977852,739.368103,5.00e-05,8176.03,1100.00,3316107,1.0000,2025-08-11 18:47:27
1041,22.230360,5.977852,739.368103,5.00e-05,8236.20,1701.50,3319510,N/A,2025-08-11 18:47:28
1042,22.861931,5.977852,739.368103,5.00e-05,8224.74,1709.00,3322928,N/A,2025-08-11 18:47:28
1043,32.380333,5.977852,739.368103,5.00e-05,8480.08,2040.50,3327009,N/A,2025-08-11 18:47:29
1044,24.020775,5.977852,739.368103,5.00e-05,8756.43,1935.50,3330880,N/A,2025-08-11 18:47:29
1045,26.494242,5.977852,739.368103,5.00e-05,9009.48,1734.50,3334349,N/A,2025-08-11 18:47:29
1046,25.307137,5.977852,739.368103,5.00e-05,9080.48,1904.50,3338158,N/A,2025-08-11 18:47:30
1047,14.355350,5.977852,739.368103,5.00e-05,8911.70,1082.00,3340322,N/A,2025-08-11 18:47:30
1048,25.434666,5.977852,739.368103,5.00e-05,9078.27,1780.50,3343883,N/A,2025-08-11 18:47:31
1049,21.605989,5.977852,739.368103,5.00e-05,9315.17,1576.50,3347036,N/A,2025-08-11 18:47:31
1050,29.254057,5.977852,739.368103,5.00e-05,9544.23,1855.50,3350747,1.0000,2025-08-11 18:47:32
1051,15.150487,5.977852,739.368103,5.00e-05,9259.48,1038.00,3352823,N/A,2025-08-11 18:47:32
1052,12.383062,5.977852,739.368103,5.00e-05,8923.21,1067.50,3354958,N/A,2025-08-11 18:47:32
1053,23.313311,5.977852,739.368103,5.00e-05,8968.22,2038.50,3359035,N/A,2025-08-11 18:47:33
1054,25.204870,5.977852,739.368103,5.00e-05,8712.48,1507.00,3362049,N/A,2025-08-11 18:47:33
1055,23.575949,5.977852,739.368103,5.00e-05,8834.65,1892.00,3365833,N/A,2025-08-11 18:47:33
1056,23.412659,5.977852,739.368103,5.00e-05,8849.61,1934.00,3369701,N/A,2025-08-11 18:47:34
1057,14.969151,5.977852,739.368103,5.00e-05,8976.71,1226.50,3372154,N/A,2025-08-11 18:47:34
1058,28.041193,5.977852,739.368103,5.00e-05,9129.12,2048.00,3376250,N/A,2025-08-11 18:47:35
1059,22.020756,5.977852,739.368103,5.00e-05,9465.65,1716.00,3379682,N/A,2025-08-11 18:47:35
1060,26.863100,5.977852,739.368103,5.00e-05,9303.74,2048.00,3383778,1.0000,2025-08-11 18:47:35
1061,21.551596,5.977852,739.368103,5.00e-05,9567.48,1629.00,3387036,N/A,2025-08-11 18:47:36
1062,17.920240,5.977852,739.368103,5.00e-05,9743.07,1377.00,3389790,N/A,2025-08-11 18:47:36
1063,25.506218,5.977852,739.368103,5.00e-05,9639.62,1757.50,3393305,N/A,2025-08-11 18:47:37
1064,17.079769,5.977852,739.368103,5.00e-05,9414.15,1154.00,3395613,N/A,2025-08-11 18:47:37
1065,15.100513,5.977852,739.368103,5.00e-05,9035.80,1222.00,3398057,N/A,2025-08-11 18:47:37
1066,19.341812,5.977852,739.368103,5.00e-05,8689.65,1346.50,3400750,N/A,2025-08-11 18:47:38
1067,20.599819,5.977852,739.368103,5.00e-05,8909.97,1653.50,3404057,N/A,2025-08-11 18:47:38
1068,26.570547,5.977852,739.368103,5.00e-05,8840.61,1931.50,3407920,N/A,2025-08-11 18:47:39
1069,19.931845,5.977852,739.368103,5.00e-05,8991.93,1490.50,3410901,N/A,2025-08-11 18:47:39
1070,23.023891,5.977852,739.368103,5.00e-05,8537.99,1710.50,3414322,1.0000,2025-08-11 18:47:39
1071,21.150454,5.977852,739.368103,5.00e-05,8479.93,1751.50,3417825,N/A,2025-08-11 18:47:40
1072,20.719683,5.977852,739.368103,5.00e-05,8553.55,1651.50,3421128,N/A,2025-08-11 18:47:40
1073,25.453606,5.977852,739.368103,5.00e-05,8529.75,1878.00,3424884,N/A,2025-08-11 18:47:41
1074,18.923391,5.977852,739.368103,5.00e-05,8632.95,1465.00,3427814,N/A,2025-08-11 18:47:41
1075,27.741177,5.977852,739.368103,5.00e-05,9000.93,2001.50,3431817,N/A,2025-08-11 18:47:42
1076,28.787802,5.977852,739.368103,5.00e-05,9110.95,1609.00,3435035,N/A,2025-08-11 18:47:42
1077,27.445688,5.977852,739.368103,5.00e-05,9281.65,2031.50,3439098,N/A,2025-08-11 18:47:42
1078,24.500732,5.977852,739.368103,5.00e-05,9104.76,1682.50,3442463,N/A,2025-08-11 18:47:43
1079,19.177950,5.977852,739.368103,5.00e-05,9339.24,1455.00,3445373,N/A,2025-08-11 18:47:43
1080,22.700928,5.977852,739.368103,5.00e-05,9221.10,1701.50,3448776,1.0000,2025-08-11 18:47:44
1081,26.622688,5.977852,739.368103,5.00e-05,9376.74,1930.50,3452637,N/A,2025-08-11 18:47:44
1082,19.222511,5.977852,739.368103,5.00e-05,9373.32,1490.50,3455618,N/A,2025-08-11 18:47:44
1083,19.455769,5.977852,739.368103,5.00e-05,9269.06,1595.50,3458809,N/A,2025-08-11 18:47:45
1084,15.157275,5.977852,739.368103,5.00e-05,9156.42,1168.00,3461145,N/A,2025-08-11 18:47:45
1085,22.711317,5.977852,739.368103,5.00e-05,8833.78,1339.00,3463823,N/A,2025-08-11 18:47:46
1086,18.566740,5.977852,739.368103,5.00e-05,8591.41,1155.50,3466134,N/A,2025-08-11 18:47:46
1087,25.430296,5.977852,739.368103,5.00e-05,6353.65,1779.50,3469693,N/A,2025-08-11 18:47:48
1088,20.525436,5.977852,739.368103,5.00e-05,6219.27,1448.50,3472590,N/A,2025-08-11 18:47:48
1089,27.462927,5.977852,739.368103,5.00e-05,6513.25,1849.50,3476289,N/A,2025-08-11 18:47:48
1090,23.049591,5.977852,739.368103,5.00e-05,6411.16,1679.00,3479647,1.0000,2025-08-11 18:47:49
1091,18.160713,5.977852,739.368103,5.00e-05,6152.87,1366.50,3482380,N/A,2025-08-11 18:47:49
1092,16.143351,5.977852,739.368103,5.00e-05,6018.54,1132.00,3484644,N/A,2025-08-11 18:47:50
1093,23.237301,5.977852,739.368103,5.00e-05,6093.56,1736.50,3488117,N/A,2025-08-11 18:47:50
1094,14.307503,5.977852,739.368103,5.00e-05,6093.79,1173.50,3490464,N/A,2025-08-11 18:47:50
1095,23.754007,5.977852,739.368103,5.00e-05,6248.55,1745.50,3493955,N/A,2025-08-11 18:47:51
1096,26.519211,5.977852,739.368103,5.00e-05,8641.91,1697.50,3497350,N/A,2025-08-11 18:47:51
1097,17.211124,5.977852,739.368103,5.00e-05,8520.42,1314.00,3499978,N/A,2025-08-11 18:47:52
1098,16.596249,5.977852,739.368103,5.00e-05,8424.66,1253.50,3502485,N/A,2025-08-11 18:47:52
1099,25.150013,5.977852,739.368103,5.00e-05,8541.41,1716.50,3505918,N/A,2025-08-11 18:47:52
1100,18.881495,5.977852,739.368103,5.00e-05,8256.67,1417.50,3508753,1.0000,2025-08-11 18:47:53
1101,25.311346,5.977852,739.368103,5.00e-05,7016.55,1764.50,3512282,N/A,2025-08-11 18:47:54
1102,22.962175,5.977852,739.368103,5.00e-05,7218.07,1571.00,3515424,N/A,2025-08-11 18:47:54
1103,26.430035,5.977852,739.368103,5.00e-05,7334.37,1998.00,3519420,N/A,2025-08-11 18:47:55
1104,17.173615,5.977852,739.368103,5.00e-05,7357.50,1147.50,3521715,N/A,2025-08-11 18:47:55
1105,24.920010,5.977852,739.368103,5.00e-05,7327.81,1752.50,3525220,N/A,2025-08-11 18:47:55
1106,22.660337,5.977852,739.368103,5.00e-05,7366.17,1788.00,3528796,N/A,2025-08-11 18:47:56
1107,21.991356,5.977852,739.368103,5.00e-05,7334.22,1323.50,3531443,N/A,2025-08-11 18:47:56
1108,14.017120,5.977852,739.368103,5.00e-05,7261.68,1096.00,3533635,N/A,2025-08-11 18:47:57
1109,23.593813,5.977852,739.368103,5.00e-05,7449.53,1796.00,3537227,N/A,2025-08-11 18:47:57
1110,21.075817,5.977852,739.368103,5.00e-05,8945.06,1606.00,3540439,1.0000,2025-08-11 18:47:57
1111,25.694088,5.977852,739.368103,5.00e-05,8979.63,1900.50,3544240,N/A,2025-08-11 18:47:58
1112,22.562408,5.977852,739.368103,5.00e-05,9159.13,1896.50,3548033,N/A,2025-08-11 18:47:58
1113,20.043007,5.977852,739.368103,5.00e-05,8763.10,1288.00,3550609,N/A,2025-08-11 18:47:59
1114,25.050640,5.977852,739.368103,5.00e-05,9095.64,1732.00,3554073,N/A,2025-08-11 18:47:59
1115,26.591015,5.977852,739.368103,5.00e-05,9138.70,1933.50,3557940,N/A,2025-08-11 18:47:59
1116,13.931614,5.977852,739.368103,5.00e-05,8826.60,1206.00,3560352,N/A,2025-08-11 18:48:00
1117,27.687948,5.977852,739.368103,5.00e-05,9168.79,1947.50,3564247,N/A,2025-08-11 18:48:00
1118,22.315670,5.977852,739.368103,5.00e-05,9563.37,1791.50,3567830,N/A,2025-08-11 18:48:01
1119,22.349648,5.977852,739.368103,5.00e-05,9692.71,1720.00,3571270,N/A,2025-08-11 18:48:01
1120,16.780031,5.977852,739.368103,5.00e-05,9301.59,1218.00,3573706,1.0000,2025-08-11 18:48:01
1121,19.896639,5.977852,739.368103,5.00e-05,9182.43,1665.00,3577036,N/A,2025-08-11 18:48:02
1122,20.633587,5.977852,739.368103,5.00e-05,8986.50,1607.50,3580251,N/A,2025-08-11 18:48:02
1123,24.995337,5.977852,739.368103,5.00e-05,9293.50,1741.00,3583733,N/A,2025-08-11 18:48:03
1124,25.862816,5.977852,739.368103,5.00e-05,9267.82,1682.00,3587097,N/A,2025-08-11 18:48:03
1125,25.229286,5.977852,739.368103,5.00e-05,9289.80,1945.00,3590987,N/A,2025-08-11 18:48:03
1126,26.346596,5.977852,739.368103,5.00e-05,9478.69,1536.00,3594059,N/A,2025-08-11 18:48:04
1127,25.582336,5.977852,739.368103,5.00e-05,9456.27,1970.00,3597999,N/A,2025-08-11 18:48:04
1128,14.699318,5.977852,739.368103,5.00e-05,9192.83,1281.50,3600562,N/A,2025-08-11 18:48:04
1129,20.209055,5.977852,739.368103,5.00e-05,9200.76,1363.00,3603288,N/A,2025-08-11 18:48:05
1130,16.744221,5.977852,739.368103,5.00e-05,9015.14,1161.00,3605610,1.0000,2025-08-11 18:48:05
1131,25.309301,5.977852,739.368103,5.00e-05,9044.77,1674.50,3608959,N/A,2025-08-11 18:48:06
1132,25.910559,5.977852,739.368103,5.00e-05,9247.99,1967.50,3612894,N/A,2025-08-11 18:48:06
1133,15.080881,5.977852,739.368103,5.00e-05,8948.29,1091.00,3615076,N/A,2025-08-11 18:48:06
1134,23.732357,5.977852,739.368103,5.00e-05,9093.83,1889.00,3618854,N/A,2025-08-11 18:48:07
1135,21.219431,5.977852,739.368103,5.00e-05,8893.54,1590.00,3622034,N/A,2025-08-11 18:48:07
1136,24.189650,5.977852,739.368103,5.00e-05,9102.11,1840.50,3625715,N/A,2025-08-11 18:48:08
1137,15.186850,5.977852,739.368103,5.00e-05,8532.03,1085.00,3627885,N/A,2025-08-11 18:48:08
1138,23.968191,5.977852,739.368103,5.00e-05,8696.16,1611.50,3631108,N/A,2025-08-11 18:48:08
1139,16.519659,5.977852,739.368103,5.00e-05,8809.86,1287.50,3633683,N/A,2025-08-11 18:48:09
1140,18.999475,5.977852,739.368103,5.00e-05,8813.43,1595.00,3636873,1.0000,2025-08-11 18:48:09
1141,25.760300,5.977852,739.368103,5.00e-05,8842.17,1704.00,3640281,N/A,2025-08-11 18:48:10
1142,18.562862,5.977852,739.368103,5.00e-05,8437.49,1341.50,3642964,N/A,2025-08-11 18:48:10
1143,23.157505,5.977852,739.368103,5.00e-05,8815.83,1784.50,3646533,N/A,2025-08-11 18:48:10
1144,21.781954,5.977852,739.368103,5.00e-05,8535.59,1466.50,3649466,N/A,2025-08-11 18:48:11
1145,20.966949,5.977852,739.368103,5.00e-05,8530.43,1601.00,3652668,N/A,2025-08-11 18:48:11
1146,18.286629,5.977852,739.368103,5.00e-05,8211.14,1171.00,3655010,N/A,2025-08-11 18:48:12
1147,23.720148,5.977852,739.368103,5.00e-05,8576.55,1706.50,3658423,N/A,2025-08-11 18:48:12
1148,27.042711,5.977852,739.368103,5.00e-05,8626.52,1756.50,3661936,N/A,2025-08-11 18:48:12
1149,24.657251,5.977852,739.368103,5.00e-05,9142.10,1824.00,3665584,N/A,2025-08-11 18:48:13
1150,14.862913,5.977852,739.368103,5.00e-05,8650.34,1105.00,3667794,1.0000,2025-08-11 18:48:13
1151,23.681202,5.977852,739.368103,5.00e-05,8712.58,1736.50,3671267,N/A,2025-08-11 18:48:14
1152,27.469593,5.977852,739.368103,5.00e-05,9012.17,1866.00,3674999,N/A,2025-08-11 18:48:14
1153,20.672533,5.977852,739.368103,5.00e-05,8985.27,1690.50,3678380,N/A,2025-08-11 18:48:14
1154,25.999130,5.977852,739.368103,5.00e-05,9306.58,2042.00,3682464,N/A,2025-08-11 18:48:15
1155,21.297884,5.977852,739.368103,5.00e-05,9301.30,1568.00,3685600,N/A,2025-08-11 18:48:15
1156,18.208588,5.977852,739.368103,5.00e-05,9391.85,1293.50,3688187,N/A,2025-08-11 18:48:15
1157,23.237137,5.977852,739.368103,5.00e-05,9502.91,1821.50,3691830,N/A,2025-08-11 18:48:16
1158,24.092312,5.977852,739.368103,5.00e-05,9589.56,1841.00,3695512,N/A,2025-08-11 18:48:16
1159,19.161966,5.977852,739.368103,5.00e-05,9489.01,1246.00,3698004,N/A,2025-08-11 18:48:17
1160,29.114233,5.977852,739.368103,5.00e-05,9755.04,1964.00,3701932,1.0000,2025-08-11 18:48:17
1161,21.185938,5.977852,739.368103,5.00e-05,9688.50,1646.50,3705225,N/A,2025-08-11 18:48:17
1162,24.964718,5.977852,739.368103,5.00e-05,9675.45,1943.50,3709112,N/A,2025-08-11 18:48:18
1163,23.308792,5.977852,739.368103,5.00e-05,9578.57,1548.00,3712208,N/A,2025-08-11 18:48:18
1164,24.186712,5.977852,739.368103,5.00e-05,9411.95,1794.00,3715796,N/A,2025-08-11 18:48:19
1165,15.776145,5.977852,739.368103,5.00e-05,9214.67,1262.50,3718321,N/A,2025-08-11 18:48:19
1166,14.661455,5.977852,739.368103,5.00e-05,9140.33,1153.50,3720628,N/A,2025-08-11 18:48:19
1167,24.205275,5.977852,739.368103,5.00e-05,9099.36,1829.50,3724287,N/A,2025-08-11 18:48:20
1168,24.779652,5.977852,739.368103,5.00e-05,9062.77,1777.50,3727842,N/A,2025-08-11 18:48:20
1169,26.720730,5.977852,739.368103,5.00e-05,9523.30,1768.00,3731378,N/A,2025-08-11 18:48:21
1170,22.935163,5.977852,739.368103,5.00e-05,9109.95,1500.00,3734378,1.0000,2025-08-11 18:48:21
1171,21.556126,5.977852,739.368103,5.00e-05,9174.94,1751.50,3737881,N/A,2025-08-11 18:48:21
1172,22.615696,5.977852,739.368103,5.00e-05,9088.70,1735.50,3741352,N/A,2025-08-11 18:48:22
1173,17.323719,5.977852,739.368103,5.00e-05,8950.53,1273.00,3743898,N/A,2025-08-11 18:48:22
1174,20.955826,5.977852,739.368103,5.00e-05,8782.19,1600.50,3747099,N/A,2025-08-11 18:48:23
1175,24.318398,5.977852,739.368103,5.00e-05,9079.69,1893.00,3750885,N/A,2025-08-11 18:48:23
1176,23.398136,5.977852,739.368103,5.00e-05,9390.81,1621.50,3754128,N/A,2025-08-11 18:48:23
1177,17.800762,5.977852,739.368103,5.00e-05,9130.97,1374.50,3756877,N/A,2025-08-11 18:48:24
1178,22.525476,5.977852,739.368103,5.00e-05,9087.23,1602.50,3760082,N/A,2025-08-11 18:48:24
1179,25.160124,5.977852,739.368103,5.00e-05,9297.73,1848.00,3763778,N/A,2025-08-11 18:48:24
1180,22.940969,5.977852,739.368103,5.00e-05,9234.50,1601.00,3766980,1.0000,2025-08-11 18:48:25
1181,29.921959,5.977852,739.368103,5.00e-05,9339.37,1956.50,3770893,N/A,2025-08-11 18:48:25
1182,21.156168,5.977852,739.368103,5.00e-05,9261.27,1587.00,3774067,N/A,2025-08-11 18:48:26
1183,22.973591,5.977852,739.368103,5.00e-05,9531.72,1614.50,3777296,N/A,2025-08-11 18:48:26
1184,15.374772,5.977852,739.368103,5.00e-05,9257.69,1118.00,3779532,N/A,2025-08-11 18:48:26
1185,14.538473,5.977852,739.368103,5.00e-05,8685.61,1058.50,3781649,N/A,2025-08-11 18:48:27
1186,18.678129,5.977852,739.368103,5.00e-05,8508.86,1297.00,3784243,N/A,2025-08-11 18:48:27
1187,30.135918,5.977852,739.368103,5.00e-05,8882.37,2048.00,3788339,N/A,2025-08-11 18:48:28
1188,15.485520,5.977852,739.368103,5.00e-05,8602.86,1179.50,3790698,N/A,2025-08-11 18:48:28
1189,21.818645,5.977852,739.368103,5.00e-05,8639.32,1630.00,3793958,N/A,2025-08-11 18:48:28
1190,17.524540,5.977852,739.368103,5.00e-05,8297.10,1263.00,3796484,1.0000,2025-08-11 18:48:29
1191,21.000586,5.977852,739.368103,5.00e-05,7987.17,1397.00,3799278,N/A,2025-08-11 18:48:29
1192,16.760229,5.977852,739.368103,5.00e-05,7841.77,1353.00,3801984,N/A,2025-08-11 18:48:30
1193,22.501356,5.977852,739.368103,5.00e-05,7994.27,1805.00,3805594,N/A,2025-08-11 18:48:30
1194,16.029261,5.977852,739.368103,5.00e-05,8113.40,1173.50,3807941,N/A,2025-08-11 18:48:30
1195,14.982600,5.977852,739.368103,5.00e-05,8081.64,1114.50,3810170,N/A,2025-08-11 18:48:31
1196,27.534718,5.977852,739.368103,5.00e-05,8464.23,2048.00,3814266,N/A,2025-08-11 18:48:31
1197,23.882109,5.977852,739.368103,5.00e-05,8223.41,1621.50,3817509,N/A,2025-08-11 18:48:32
1198,15.973029,5.977852,739.368103,5.00e-05,8295.28,1297.00,3820103,N/A,2025-08-11 18:48:32
1199,18.708862,5.977852,739.368103,5.00e-05,8368.44,1479.00,3823061,N/A,2025-08-11 18:48:32
1200,19.173634,5.977852,739.368103,5.00e-05,8227.49,1478.50,3826018,1.0000,2025-08-11 18:48:33
1201,20.851280,5.977852,739.368103,5.00e-05,6972.06,1521.00,3829060,N/A,2025-08-11 18:48:34
1202,24.087595,5.977852,739.368103,5.00e-05,7106.48,1651.00,3832362,N/A,2025-08-11 18:48:34
1203,21.038076,5.977852,739.368103,5.00e-05,6882.92,1485.00,3835332,N/A,2025-08-11 18:48:35
1204,16.188757,5.977852,739.368103,5.00e-05,6988.91,1316.00,3837964,N/A,2025-08-11 18:48:35
1205,33.902760,5.977852,739.368103,5.00e-05,7364.52,1866.50,3841697,N/A,2025-08-11 18:48:35
1206,14.996421,5.977852,739.368103,5.00e-05,6963.38,1133.00,3843963,N/A,2025-08-11 18:48:36
1207,28.653532,5.977852,739.368103,5.00e-05,7135.91,1977.00,3847917,N/A,2025-08-11 18:48:36
1208,19.636620,5.977852,739.368103,5.00e-05,7341.87,1737.00,3851391,N/A,2025-08-11 18:48:37
1209,19.064384,5.977852,739.368103,5.00e-05,7623.72,1667.00,3854725,N/A,2025-08-11 18:48:37
1210,31.402102,5.977852,739.368103,5.00e-05,9209.98,1965.00,3858655,1.0000,2025-08-11 18:48:37
1211,20.409706,5.977852,739.368103,5.00e-05,9251.96,1663.50,3861982,N/A,2025-08-11 18:48:38
1212,30.533358,5.977852,739.368103,5.00e-05,9578.59,2048.00,3866078,N/A,2025-08-11 18:48:38
1213,18.046535,5.977852,739.368103,5.00e-05,9577.52,1510.50,3869099,N/A,2025-08-11 18:48:39
1214,28.477167,5.977852,739.368103,5.00e-05,9854.64,1862.00,3872823,N/A,2025-08-11 18:48:39
1215,16.828835,5.977852,739.368103,5.00e-05,9603.03,1423.00,3875669,N/A,2025-08-11 18:48:39
1216,21.461689,5.977852,739.368103,5.00e-05,9877.09,1640.00,3878949,N/A,2025-08-11 18:48:40
1217,18.290838,5.977852,739.368103,5.00e-05,9585.07,1460.00,3881869,N/A,2025-08-11 18:48:40
1218,25.890736,5.977852,739.368103,5.00e-05,9686.87,1912.50,3885694,N/A,2025-08-11 18:48:41
1219,22.837765,5.977852,739.368103,5.00e-05,9894.15,1633.00,3888960,N/A,2025-08-11 18:48:41
1220,19.529352,5.977852,739.368103,5.00e-05,9413.29,1444.00,3891848,1.0000,2025-08-11 18:48:41
1221,21.377663,5.977852,739.368103,5.00e-05,9421.35,1638.50,3895125,N/A,2025-08-11 18:48:42
1222,18.318207,5.977852,739.368103,5.00e-05,8982.74,1252.00,3897629,N/A,2025-08-11 18:48:42
1223,21.040628,5.977852,739.368103,5.00e-05,9065.50,1633.00,3900895,N/A,2025-08-11 18:48:43
1224,32.903217,5.977852,739.368103,5.00e-05,8938.42,1731.00,3904357,N/A,2025-08-11 18:48:43
1225,25.111156,5.977852,739.368103,5.00e-05,9139.38,1853.00,3908063,N/A,2025-08-11 18:48:43
1226,16.353193,5.977852,739.368103,5.00e-05,8964.01,1347.50,3910758,N/A,2025-08-11 18:48:44
1227,28.414991,5.977852,739.368103,5.00e-05,9200.53,1989.50,3914737,N/A,2025-08-11 18:48:44
1228,24.983410,5.977852,739.368103,5.00e-05,9144.57,1812.50,3918362,N/A,2025-08-11 18:48:44
1229,18.161015,5.977852,739.368103,5.00e-05,9223.30,1398.50,3921159,N/A,2025-08-11 18:48:45
1230,23.622379,5.977852,739.368103,5.00e-05,9347.56,1971.00,3925101,1.0000,2025-08-11 18:48:45
1231,18.532730,5.977852,739.368103,5.00e-05,9158.13,1403.00,3927907,N/A,2025-08-11 18:48:46
1232,23.258766,5.977852,739.368103,5.00e-05,9552.46,2012.50,3931932,N/A,2025-08-11 18:48:46
1233,17.178411,5.977852,739.368103,5.00e-05,9462.20,1387.50,3934707,N/A,2025-08-11 18:48:47
1234,25.126501,5.977852,739.368103,5.00e-05,9461.05,1635.50,3937978,N/A,2025-08-11 18:48:47
1235,26.639296,5.977852,739.368103,5.00e-05,9457.93,1816.50,3941611,N/A,2025-08-11 18:48:47
1236,22.595625,5.977852,739.368103,5.00e-05,9701.24,1716.00,3945043,N/A,2025-08-11 18:48:48
1237,23.525986,5.977852,739.368103,5.00e-05,9222.69,1497.00,3948037,N/A,2025-08-11 18:48:48
1238,27.311125,5.977852,739.368103,5.00e-05,9257.37,1859.50,3951756,N/A,2025-08-11 18:48:48
1239,24.549065,5.977852,739.368103,5.00e-05,9391.64,1528.50,3954813,N/A,2025-08-11 18:48:49
1240,22.458050,5.977852,739.368103,5.00e-05,9015.44,1642.00,3958097,1.0000,2025-08-11 18:48:49
1241,20.096855,5.977852,739.368103,5.00e-05,9106.11,1460.00,3961017,N/A,2025-08-11 18:48:50
1242,25.011826,5.977852,739.368103,5.00e-05,9065.51,1901.50,3964820,N/A,2025-08-11 18:48:50
1243,16.763559,5.977852,739.368103,5.00e-05,8966.87,1201.00,3967222,N/A,2025-08-11 18:48:51
1244,27.311102,5.977852,739.368103,5.00e-05,9115.66,1935.50,3971093,N/A,2025-08-11 18:48:51
1245,27.876944,5.977852,739.368103,5.00e-05,9110.86,1758.50,3974610,N/A,2025-08-11 18:48:51
1246,21.435417,5.977852,739.368103,5.00e-05,9255.32,1624.00,3977858,N/A,2025-08-11 18:48:52
1247,21.499989,5.977852,739.368103,5.00e-05,9213.87,1416.50,3980691,N/A,2025-08-11 18:48:52
1248,20.375973,5.977852,739.368103,5.00e-05,9241.26,1734.00,3984159,N/A,2025-08-11 18:48:52
1249,24.281761,5.977852,739.368103,5.00e-05,9617.36,1772.50,3987704,N/A,2025-08-11 18:48:53
1250,17.798870,5.977852,739.368103,5.00e-05,9211.93,1377.00,3990458,1.0000,2025-08-11 18:48:53
1251,25.516731,5.977852,739.368103,5.00e-05,9378.20,1774.00,3994006,N/A,2025-08-11 18:48:54
1252,25.096245,5.977852,739.368103,5.00e-05,9147.60,1616.00,3997238,N/A,2025-08-11 18:48:54
1253,23.295652,5.977852,739.368103,5.00e-05,9370.58,1702.00,4000642,N/A,2025-08-11 18:48:54
1254,29.733307,5.977852,739.368103,5.00e-05,9260.36,1743.00,4004128,N/A,2025-08-11 18:48:55
1255,27.821352,5.977852,739.368103,5.00e-05,9341.31,1952.50,4008033,N/A,2025-08-11 18:48:55
1256,22.660772,5.977852,739.368103,5.00e-05,9246.81,1462.00,4010957,N/A,2025-08-11 18:48:56
1257,15.320919,5.977852,739.368103,5.00e-05,9106.95,1123.50,4013204,N/A,2025-08-11 18:48:56
1258,20.411974,5.977852,739.368103,5.00e-05,9113.95,1680.50,4016565,N/A,2025-08-11 18:48:56
1259,14.240561,5.977852,739.368103,5.00e-05,8961.30,1072.00,4018709,N/A,2025-08-11 18:48:57
1260,19.521488,5.977852,739.368103,5.00e-05,8785.73,1478.00,4021665,1.0000,2025-08-11 18:48:57
1261,24.265829,5.977852,739.368103,5.00e-05,8963.20,1970.50,4025606,N/A,2025-08-11 18:48:58
1262,26.391842,5.977852,739.368103,5.00e-05,9154.67,1963.50,4029533,N/A,2025-08-11 18:48:58
1263,23.406729,5.977852,739.368103,5.00e-05,9138.51,1668.50,4032870,N/A,2025-08-11 18:48:58
1264,21.572166,5.977852,739.368103,5.00e-05,9063.21,1539.00,4035948,N/A,2025-08-11 18:48:59
1265,26.911913,5.977852,739.368103,5.00e-05,9114.84,2026.50,4040001,N/A,2025-08-11 18:48:59
1266,31.232613,5.977852,739.368103,5.00e-05,9419.99,2021.00,4044043,N/A,2025-08-11 18:48:59
1267,29.679714,5.977852,739.368103,5.00e-05,9750.88,1824.00,4047691,N/A,2025-08-11 18:49:00
1268,16.416014,5.977852,739.368103,5.00e-05,9452.00,1151.50,4049994,N/A,2025-08-11 18:49:00
1269,24.920162,5.977852,739.368103,5.00e-05,10029.01,1642.50,4053279,N/A,2025-08-11 18:49:01
1270,24.974375,5.977852,739.368103,5.00e-05,9909.61,1682.50,4056644,1.0000,2025-08-11 18:49:01
1271,27.733072,5.977852,739.368103,5.00e-05,9886.51,1946.00,4060536,N/A,2025-08-11 18:49:02
1272,25.357172,5.977852,739.368103,5.00e-05,9755.30,1998.50,4064533,N/A,2025-08-11 18:49:02
1273,22.604603,5.977852,739.368103,5.00e-05,9534.23,1535.50,4067604,N/A,2025-08-11 18:49:02
1274,24.148743,5.977852,739.368103,5.00e-05,9759.43,2016.50,4071637,N/A,2025-08-11 18:49:03
1275,24.739393,5.977852,739.368103,5.00e-05,9504.63,1604.00,4074845,N/A,2025-08-11 18:49:03
1276,15.878633,5.977852,739.368103,5.00e-05,9132.58,1381.50,4077608,N/A,2025-08-11 18:49:04
1277,17.727074,5.977852,739.368103,5.00e-05,8919.73,1433.50,4080475,N/A,2025-08-11 18:49:04
1278,26.955256,5.977852,739.368103,5.00e-05,9272.73,1836.00,4084147,N/A,2025-08-11 18:49:04
1279,21.490477,5.977852,739.368103,5.00e-05,9490.47,1669.00,4087485,N/A,2025-08-11 18:49:05
1280,20.920717,5.977852,739.368103,5.00e-05,9388.94,1643.50,4090772,1.0000,2025-08-11 18:49:05
1281,20.997141,5.977852,739.368103,5.00e-05,9310.13,1547.50,4093867,N/A,2025-08-11 18:49:06
1282,22.552208,5.977852,739.368103,5.00e-05,9304.54,1756.00,4097379,N/A,2025-08-11 18:49:06
1283,25.875782,5.977852,739.368103,5.00e-05,9476.94,1777.50,4100934,N/A,2025-08-11 18:49:06
1284,20.366756,5.977852,739.368103,5.00e-05,9077.66,1269.50,4103473,N/A,2025-08-11 18:49:07
1285,19.768511,5.977852,739.368103,5.00e-05,9213.12,1702.00,4106877,N/A,2025-08-11 18:49:07
1286,25.949829,5.977852,739.368103,5.00e-05,9540.54,1947.00,4110771,N/A,2025-08-11 18:49:07
1287,29.308430,5.977852,739.368103,5.00e-05,9826.75,1974.00,4114719,N/A,2025-08-11 18:49:08
1288,22.596312,5.977852,739.368103,5.00e-05,9615.32,1508.50,4117736,N/A,2025-08-11 18:49:08
1289,30.434208,5.977852,739.368103,5.00e-05,10003.77,2048.00,4121832,N/A,2025-08-11 18:49:09
1290,27.134739,5.977852,739.368103,5.00e-05,9824.54,1717.00,4125266,1.0000,2025-08-11 18:49:09
1291,15.152682,5.977852,739.368103,5.00e-05,9484.97,1051.50,4127369,N/A,2025-08-11 18:49:09
1292,20.068327,5.977852,739.368103,5.00e-05,9272.59,1386.00,4130141,N/A,2025-08-11 18:49:10
1293,22.103298,5.977852,739.368103,5.00e-05,9206.41,1639.50,4133420,N/A,2025-08-11 18:49:10
1294,20.077747,5.977852,739.368103,5.00e-05,9460.57,1733.00,4136886,N/A,2025-08-11 18:49:11
1295,21.495472,5.977852,739.368103,5.00e-05,9436.15,1676.50,4140239,N/A,2025-08-11 18:49:11
1296,19.388260,5.977852,739.368103,5.00e-05,9183.91,1406.00,4143051,N/A,2025-08-11 18:49:11
1297,22.984655,5.977852,739.368103,5.00e-05,8984.80,1560.50,4146172,N/A,2025-08-11 18:49:12
1298,21.785666,5.977852,739.368103,5.00e-05,8942.63,1656.50,4149485,N/A,2025-08-11 18:49:12
1299,20.787319,5.977852,739.368103,5.00e-05,8770.51,1620.50,4152726,N/A,2025-08-11 18:49:13
1300,14.591251,5.977852,739.368103,5.00e-05,8247.23,1153.00,4155032,1.0000,2025-08-11 18:49:13
1301,17.736328,5.977852,739.368103,5.00e-05,6834.57,1356.00,4157744,N/A,2025-08-11 18:49:14
1302,27.044033,5.977852,739.368103,5.00e-05,7054.76,1898.50,4161541,N/A,2025-08-11 18:49:15
1303,19.379314,5.977852,739.368103,5.00e-05,6875.97,1354.00,4164249,N/A,2025-08-11 18:49:15
1304,16.298042,5.977852,739.368103,5.00e-05,6697.86,1334.00,4166917,N/A,2025-08-11 18:49:15
1305,25.456268,5.977852,739.368103,5.00e-05,6795.43,1902.50,4170722,N/A,2025-08-11 18:49:16
1306,24.730072,5.977852,739.368103,5.00e-05,6808.23,1427.50,4173577,N/A,2025-08-11 18:49:16
1307,19.454132,5.977852,739.368103,5.00e-05,6890.23,1631.50,4176840,N/A,2025-08-11 18:49:17
1308,18.750614,5.977852,739.368103,5.00e-05,6814.40,1330.00,4179500,N/A,2025-08-11 18:49:17
1309,24.708893,5.977852,739.368103,5.00e-05,6806.77,1244.50,4181989,N/A,2025-08-11 18:49:17
1310,28.308136,5.977852,739.368103,5.00e-05,8515.92,1781.50,4185552,1.0000,2025-08-11 18:49:18
1311,16.061605,5.977852,739.368103,5.00e-05,8469.86,1299.00,4188150,N/A,2025-08-11 18:49:18
1312,21.702435,5.977852,739.368103,5.00e-05,8324.35,1474.00,4191098,N/A,2025-08-11 18:49:19
1313,20.933344,5.977852,739.368103,5.00e-05,8406.21,1516.50,4194131,N/A,2025-08-11 18:49:19
1314,30.122841,5.977852,739.368103,5.00e-05,8628.71,1783.00,4197697,N/A,2025-08-11 18:49:19
1315,25.000837,5.977852,739.368103,5.00e-05,8366.62,1549.00,4200795,N/A,2025-08-11 18:49:20
1316,24.192139,5.977852,739.368103,5.00e-05,8608.84,1773.50,4204342,N/A,2025-08-11 18:49:20
1317,27.103098,5.977852,739.368103,5.00e-05,8746.17,1864.00,4208070,N/A,2025-08-11 18:49:21
1318,24.199272,5.977852,739.368103,5.00e-05,9095.77,1960.50,4211991,N/A,2025-08-11 18:49:21
1319,26.933361,5.977852,739.368103,5.00e-05,9728.11,1787.00,4215565,N/A,2025-08-11 18:49:21
1320,19.236122,5.977852,739.368103,5.00e-05,9285.90,1520.00,4218605,1.0000,2025-08-11 18:49:22
1321,17.342802,5.977852,739.368103,5.00e-05,9234.65,1228.50,4221062,N/A,2025-08-11 18:49:22
1322,20.766697,5.977852,739.368103,5.00e-05,9337.72,1642.00,4224346,N/A,2025-08-11 18:49:23
1323,20.483219,5.977852,739.368103,5.00e-05,9348.27,1583.50,4227513,N/A,2025-08-11 18:49:23
1324,15.923694,5.977852,739.368103,5.00e-05,9145.44,1336.50,4230186,N/A,2025-08-11 18:49:23
1325,28.155352,5.977852,739.368103,5.00e-05,9380.08,1957.50,4234101,N/A,2025-08-11 18:49:24
1326,20.175491,5.977852,739.368103,5.00e-05,9189.04,1437.00,4236975,N/A,2025-08-11 18:49:24
1327,16.137560,5.977852,739.368103,5.00e-05,8813.58,1173.50,4239322,N/A,2025-08-11 18:49:24
1328,23.120058,5.977852,739.368103,5.00e-05,8778.24,1913.00,4243148,N/A,2025-08-11 18:49:25
1329,17.237558,5.977852,739.368103,5.00e-05,8875.74,1466.00,4246080,N/A,2025-08-11 18:49:25
1330,26.695452,5.977852,739.368103,5.00e-05,8739.04,1575.50,4249231,1.0000,2025-08-11 18:49:26
1331,24.916601,5.977852,739.368103,5.00e-05,9064.74,1805.50,4252842,N/A,2025-08-11 18:49:26
1332,18.255611,5.977852,739.368103,5.00e-05,8802.54,1169.50,4255181,N/A,2025-08-11 18:49:26
1333,25.065590,5.977852,739.368103,5.00e-05,8923.24,1793.00,4258767,N/A,2025-08-11 18:49:27
1334,15.638008,5.977852,739.368103,5.00e-05,8792.39,1123.50,4261014,N/A,2025-08-11 18:49:27
1335,22.821955,5.977852,739.368103,5.00e-05,8725.86,1827.50,4264669,N/A,2025-08-11 18:49:28
1336,19.427958,5.977852,739.368103,5.00e-05,8816.13,1705.00,4268079,N/A,2025-08-11 18:49:28
1337,14.429370,5.977852,739.368103,5.00e-05,8825.27,1177.50,4270434,N/A,2025-08-11 18:49:28
1338,29.788389,5.977852,739.368103,5.00e-05,8909.48,2048.00,4274530,N/A,2025-08-11 18:49:29
1339,15.091307,5.977852,739.368103,5.00e-05,8862.27,1077.50,4276685,N/A,2025-08-11 18:49:29
1340,26.759197,5.977852,739.368103,5.00e-05,8879.26,2041.00,4280767,1.0000,2025-08-11 18:49:30
1341,24.057529,5.977852,739.368103,5.00e-05,8901.44,1757.00,4284281,N/A,2025-08-11 18:49:30
1342,21.002100,5.977852,739.368103,5.00e-05,9273.72,1827.00,4287935,N/A,2025-08-11 18:49:30
1343,23.017328,5.977852,739.368103,5.00e-05,9253.04,1747.00,4291429,N/A,2025-08-11 18:49:31
1344,20.514198,5.977852,739.368103,5.00e-05,9488.08,1577.50,4294584,N/A,2025-08-11 18:49:31
1345,19.439444,5.977852,739.368103,5.00e-05,9236.20,1292.50,4297169,N/A,2025-08-11 18:49:32
1346,24.499474,5.977852,739.368103,5.00e-05,9358.03,1928.50,4301026,N/A,2025-08-11 18:49:32
1347,26.315380,5.977852,739.368103,5.00e-05,9816.02,2013.00,4305052,N/A,2025-08-11 18:49:32
1348,22.189919,5.977852,739.368103,5.00e-05,9575.66,1645.00,4308342,N/A,2025-08-11 18:49:33
1349,17.299875,5.977852,739.368103,5.00e-05,9879.27,1460.50,4311263,N/A,2025-08-11 18:49:33
1350,27.612001,5.977852,739.368103,5.00e-05,9644.03,2034.00,4315331,1.0000,2025-08-11 18:49:34
1351,26.242537,5.977852,739.368103,5.00e-05,9686.38,1838.00,4319007,N/A,2025-08-11 18:49:34
1352,25.746992,5.977852,739.368103,5.00e-05,9718.75,1887.50,4322782,N/A,2025-08-11 18:49:34
1353,26.170176,5.977852,739.368103,5.00e-05,9727.47,1777.00,4326336,N/A,2025-08-11 18:49:35
1354,18.055470,5.977852,739.368103,5.00e-05,9650.70,1425.50,4329187,N/A,2025-08-11 18:49:35
1355,18.309267,5.977852,739.368103,5.00e-05,9845.51,1634.00,4332455,N/A,2025-08-11 18:49:35
1356,21.889803,5.977852,739.368103,5.00e-05,9649.41,1634.00,4335723,N/A,2025-08-11 18:49:36
1357,19.229494,5.977852,739.368103,5.00e-05,9309.51,1380.00,4338483,N/A,2025-08-11 18:49:36
1358,20.012066,5.977852,739.368103,5.00e-05,9464.50,1575.50,4341634,N/A,2025-08-11 18:49:37
1359,22.010809,5.977852,739.368103,5.00e-05,9753.70,1557.50,4344749,N/A,2025-08-11 18:49:37
1360,21.120449,5.977852,739.368103,5.00e-05,9350.19,1609.00,4347967,1.0000,2025-08-11 18:49:37
1361,17.483789,5.977852,739.368103,5.00e-05,9011.27,1411.00,4350789,N/A,2025-08-11 18:49:38
1362,13.194964,5.977852,739.368103,5.00e-05,8616.84,1191.00,4353171,N/A,2025-08-11 18:49:38
1363,18.907677,5.977852,739.368103,5.00e-05,8456.59,1476.00,4356123,N/A,2025-08-11 18:49:39
1364,23.783442,5.977852,739.368103,5.00e-05,8680.76,1831.00,4359785,N/A,2025-08-11 18:49:39
1365,20.230644,5.977852,739.368103,5.00e-05,8685.30,1538.00,4362861,N/A,2025-08-11 18:49:39
1366,17.064453,5.977852,739.368103,5.00e-05,8557.99,1523.00,4365907,N/A,2025-08-11 18:49:40
1367,19.291939,5.977852,739.368103,5.00e-05,8707.75,1657.50,4369222,N/A,2025-08-11 18:49:40
1368,21.627878,5.977852,739.368103,5.00e-05,8574.50,1551.00,4372324,N/A,2025-08-11 18:49:41
1369,19.628403,5.977852,739.368103,5.00e-05,8868.41,1810.00,4375944,N/A,2025-08-11 18:49:41
1370,27.981638,5.977852,739.368103,5.00e-05,8969.83,1967.00,4379878,1.0000,2025-08-11 18:49:41
1371,26.292040,5.977852,739.368103,5.00e-05,9342.96,2048.00,4383974,N/A,2025-08-11 18:49:42
1372,17.102856,5.977852,739.368103,5.00e-05,9393.46,1477.50,4386929,N/A,2025-08-11 18:49:42
1373,21.909319,5.977852,739.368103,5.00e-05,9564.61,1770.50,4390470,N/A,2025-08-11 18:49:43
1374,18.725965,5.977852,739.368103,5.00e-05,9286.48,1499.50,4393469,N/A,2025-08-11 18:49:43
1375,29.925117,5.977852,739.368103,5.00e-05,9560.07,1902.50,4397274,N/A,2025-08-11 18:49:43
1376,22.048481,5.977852,739.368103,5.00e-05,9679.96,1834.00,4400942,N/A,2025-08-11 18:49:44
1377,18.558464,5.977852,739.368103,5.00e-05,9664.42,1410.00,4403762,N/A,2025-08-11 18:49:44
1378,25.144627,5.977852,739.368103,5.00e-05,9758.88,1716.00,4407194,N/A,2025-08-11 18:49:45
1379,26.342587,5.977852,739.368103,5.00e-05,10044.42,1950.50,4411095,N/A,2025-08-11 18:49:45
1380,13.401712,5.977852,739.368103,5.00e-05,9408.82,1195.00,4413485,1.0000,2025-08-11 18:49:45
1381,17.673544,5.977852,739.368103,5.00e-05,9094.00,1290.50,4416066,N/A,2025-08-11 18:49:46
1382,19.144878,5.977852,739.368103,5.00e-05,9033.44,1439.50,4418945,N/A,2025-08-11 18:49:46
1383,18.801243,5.977852,739.368103,5.00e-05,8836.14,1260.50,4421466,N/A,2025-08-11 18:49:47
1384,18.995468,5.977852,739.368103,5.00e-05,8813.73,1474.00,4424414,N/A,2025-08-11 18:49:47
1385,22.453732,5.977852,739.368103,5.00e-05,8926.84,2011.50,4428437,N/A,2025-08-11 18:49:47
1386,18.912916,5.977852,739.368103,5.00e-05,8706.29,1465.00,4431367,N/A,2025-08-11 18:49:48
1387,15.050571,5.977852,739.368103,5.00e-05,8455.88,1136.00,4433639,N/A,2025-08-11 18:49:48
1388,14.857949,5.977852,739.368103,5.00e-05,8145.69,1198.50,4436036,N/A,2025-08-11 18:49:48
1389,19.941395,5.977852,739.368103,5.00e-05,7997.25,1399.00,4438834,N/A,2025-08-11 18:49:49
1390,22.776661,5.977852,739.368103,5.00e-05,8236.25,1889.50,4442613,1.0000,2025-08-11 18:49:49
1391,25.876778,5.977852,739.368103,5.00e-05,8459.65,1617.00,4445847,N/A,2025-08-11 18:49:50
1392,19.770569,5.977852,739.368103,5.00e-05,8270.95,1248.00,4448343,N/A,2025-08-11 18:49:50
1393,22.309141,5.977852,739.368103,5.00e-05,8695.58,2026.00,4452395,N/A,2025-08-11 18:49:50
1394,22.523754,5.977852,739.368103,5.00e-05,8658.61,1493.00,4455381,N/A,2025-08-11 18:49:51
1395,23.530840,5.977852,739.368103,5.00e-05,8565.00,1826.00,4459033,N/A,2025-08-11 18:49:51
1396,22.903233,5.977852,739.368103,5.00e-05,8760.01,1646.00,4462325,N/A,2025-08-11 18:49:52
1397,20.057243,5.977852,739.368103,5.00e-05,8882.77,1305.50,4464936,N/A,2025-08-11 18:49:52
1398,18.227236,5.977852,739.368103,5.00e-05,8976.85,1351.50,4467639,N/A,2025-08-11 18:49:52
1399,23.312349,5.977852,739.368103,5.00e-05,9274.03,1681.50,4471002,N/A,2025-08-11 18:49:53
1400,21.196270,5.977852,739.368103,5.00e-05,8797.06,1415.50,4473833,1.0000,2025-08-11 18:49:53
1401,19.655628,5.977852,739.368103,5.00e-05,7251.17,1459.00,4476751,N/A,2025-08-11 18:49:54
1402,23.567656,5.977852,739.368103,5.00e-05,7489.47,1767.00,4480285,N/A,2025-08-11 18:49:55
1403,20.060720,5.977852,739.368103,5.00e-05,7336.35,1676.50,4483638,N/A,2025-08-11 18:49:55
1404,21.297300,5.977852,739.368103,5.00e-05,7312.06,1505.50,4486649,N/A,2025-08-11 18:49:56
1405,23.868330,5.977852,739.368103,5.00e-05,7240.92,1791.00,4490231,N/A,2025-08-11 18:49:56
1406,17.299433,5.977852,739.368103,5.00e-05,7098.28,1334.00,4492899,N/A,2025-08-11 18:49:56
1407,17.823105,5.977852,739.368103,5.00e-05,7237.21,1637.00,4496173,N/A,2025-08-11 18:49:57
1408,22.294065,5.977852,739.368103,5.00e-05,7402.90,1666.50,4499506,N/A,2025-08-11 18:49:57
1409,19.209558,5.977852,739.368103,5.00e-05,7382.15,1439.00,4502384,N/A,2025-08-11 18:49:57
1410,20.451164,5.977852,739.368103,5.00e-05,8824.68,1577.50,4505539,1.0000,2025-08-11 18:49:58
1411,24.944544,5.977852,739.368103,5.00e-05,8926.68,1851.50,4509242,N/A,2025-08-11 18:49:58
1412,20.963261,5.977852,739.368103,5.00e-05,8734.01,1451.50,4512145,N/A,2025-08-11 18:49:59
1413,22.745058,5.977852,739.368103,5.00e-05,8842.61,1779.50,4515704,N/A,2025-08-11 18:49:59
1414,20.428089,5.977852,739.368103,5.00e-05,8955.13,1544.00,4518792,N/A,2025-08-11 18:50:00
1415,24.288706,5.977852,739.368103,5.00e-05,8784.36,1502.50,4521797,N/A,2025-08-11 18:50:00
1416,18.743189,5.977852,739.368103,5.00e-05,8908.59,1526.00,4524849,N/A,2025-08-11 18:50:00
1417,22.616846,5.977852,739.368103,5.00e-05,8972.27,1751.00,4528351,N/A,2025-08-11 18:50:01
1418,26.851898,5.977852,739.368103,5.00e-05,9018.37,1633.50,4531618,N/A,2025-08-11 18:50:01
1419,19.224085,5.977852,739.368103,5.00e-05,9147.50,1277.00,4534172,N/A,2025-08-11 18:50:01
1420,20.571156,5.977852,739.368103,5.00e-05,9216.52,1894.00,4537960,1.0000,2025-08-11 18:50:02
1421,21.413288,5.977852,739.368103,5.00e-05,9221.81,1751.50,4541463,N/A,2025-08-11 18:50:02
1422,22.251722,5.977852,739.368103,5.00e-05,9393.38,1959.00,4545381,N/A,2025-08-11 18:50:03
1423,29.195097,5.977852,739.368103,5.00e-05,9450.25,2000.50,4549382,N/A,2025-08-11 18:50:03
1424,17.132685,5.977852,739.368103,5.00e-05,9375.83,1411.50,4552205,N/A,2025-08-11 18:50:03
1425,20.272205,5.977852,739.368103,5.00e-05,9300.37,1376.00,4554957,N/A,2025-08-11 18:50:04
1426,18.842159,5.977852,739.368103,5.00e-05,9227.63,1487.50,4557932,N/A,2025-08-11 18:50:04
1427,20.276537,5.977852,739.368103,5.00e-05,8999.16,1432.00,4560796,N/A,2025-08-11 18:50:05
1428,22.178776,5.977852,739.368103,5.00e-05,9078.97,1802.50,4564401,N/A,2025-08-11 18:50:05
1429,21.948420,5.977852,739.368103,5.00e-05,9548.15,1652.00,4567705,N/A,2025-08-11 18:50:05
1430,24.477367,5.977852,739.368103,5.00e-05,9358.54,1905.00,4571515,1.0000,2025-08-11 18:50:06
1431,21.576036,5.977852,739.368103,5.00e-05,9387.00,1604.50,4574724,N/A,2025-08-11 18:50:06
1432,14.137547,5.977852,739.368103,5.00e-05,8982.51,1151.50,4577027,N/A,2025-08-11 18:50:07
1433,17.995544,5.977852,739.368103,5.00e-05,8779.52,1635.50,4580298,N/A,2025-08-11 18:50:07
1434,15.519845,5.977852,739.368103,5.00e-05,8749.49,1324.00,4582946,N/A,2025-08-11 18:50:07
1435,27.113113,5.977852,739.368103,5.00e-05,9155.15,2030.50,4587007,N/A,2025-08-11 18:50:08
1436,19.874392,5.977852,739.368103,5.00e-05,9306.46,1746.00,4590499,N/A,2025-08-11 18:50:08
1437,22.510668,5.977852,739.368103,5.00e-05,9515.93,1831.50,4594162,N/A,2025-08-11 18:50:09
1438,18.080614,5.977852,739.368103,5.00e-05,9228.17,1364.00,4596890,N/A,2025-08-11 18:50:09
1439,25.354652,5.977852,739.368103,5.00e-05,9526.28,1858.50,4600607,N/A,2025-08-11 18:50:09
1440,21.820883,5.977852,739.368103,5.00e-05,9146.30,1619.50,4603846,1.0000,2025-08-11 18:50:10
1441,16.375523,5.977852,739.368103,5.00e-05,8905.60,1278.00,4606402,N/A,2025-08-11 18:50:10
1442,25.669790,5.977852,739.368103,5.00e-05,9181.54,1739.00,4609880,N/A,2025-08-11 18:50:11
1443,18.340603,5.977852,739.368103,5.00e-05,8961.81,1268.50,4612417,N/A,2025-08-11 18:50:11
1444,23.119579,5.977852,739.368103,5.00e-05,9383.88,2040.00,4616497,N/A,2025-08-11 18:50:11
1445,17.819317,5.977852,739.368103,5.00e-05,9174.88,1584.50,4619666,N/A,2025-08-11 18:50:12
1446,21.888443,5.977852,739.368103,5.00e-05,9073.19,1512.00,4622690,N/A,2025-08-11 18:50:12
1447,11.845523,5.977852,739.368103,5.00e-05,8640.99,1030.50,4624751,N/A,2025-08-11 18:50:12
1448,16.916624,5.977852,739.368103,5.00e-05,8705.77,1554.00,4627859,N/A,2025-08-11 18:50:13
1449,15.666210,5.977852,739.368103,5.00e-05,8507.50,1205.50,4630270,N/A,2025-08-11 18:50:13
1450,19.049391,5.977852,739.368103,5.00e-05,8224.06,1291.50,4632853,1.0000,2025-08-11 18:50:14
1451,21.010015,5.977852,739.368103,5.00e-05,8524.06,1725.00,4636303,N/A,2025-08-11 18:50:14
1452,20.377373,5.977852,739.368103,5.00e-05,8602.52,1867.00,4640037,N/A,2025-08-11 18:50:14
1453,21.307020,5.977852,739.368103,5.00e-05,8938.35,1882.50,4643802,N/A,2025-08-11 18:50:15
1454,25.184620,5.977852,739.368103,5.00e-05,8816.00,1829.00,4647460,N/A,2025-08-11 18:50:15
1455,12.452180,5.977852,739.368103,5.00e-05,8566.06,1156.50,4649773,N/A,2025-08-11 18:50:16
1456,21.798079,5.977852,739.368103,5.00e-05,8563.79,1488.00,4652749,N/A,2025-08-11 18:50:16
1457,20.520302,5.977852,739.368103,5.00e-05,9009.09,1787.00,4656323,N/A,2025-08-11 18:50:16
1458,21.462921,5.977852,739.368103,5.00e-05,9146.51,1732.50,4659788,N/A,2025-08-11 18:50:17
1459,25.084354,5.977852,739.368103,5.00e-05,9785.98,2020.00,4663828,N/A,2025-08-11 18:50:17
1460,20.802784,5.977852,739.368103,5.00e-05,9821.01,1718.50,4667265,1.0000,2025-08-11 18:50:18
1461,16.408676,5.977852,739.368103,5.00e-05,9571.27,1411.00,4670087,N/A,2025-08-11 18:50:18
1462,23.942696,5.977852,739.368103,5.00e-05,9625.71,1934.50,4673956,N/A,2025-08-11 18:50:18
1463,23.387699,5.977852,739.368103,5.00e-05,9639.80,1907.50,4677771,N/A,2025-08-11 18:50:19
1464,17.545956,5.977852,739.368103,5.00e-05,9439.60,1471.00,4680713,N/A,2025-08-11 18:50:19
1465,14.138954,5.977852,739.368103,5.00e-05,9376.44,1156.50,4683026,N/A,2025-08-11 18:50:20
1466,22.713161,5.977852,739.368103,5.00e-05,9707.00,1995.00,4687016,N/A,2025-08-11 18:50:20
1467,20.213928,5.977852,739.368103,5.00e-05,9690.45,1745.50,4690507,N/A,2025-08-11 18:50:20
1468,27.195883,5.977852,739.368103,5.00e-05,9672.10,1702.50,4693912,N/A,2025-08-11 18:50:21
1469,18.135078,5.977852,739.368103,5.00e-05,9538.62,1415.50,4696743,N/A,2025-08-11 18:50:21
1470,14.137040,5.977852,739.368103,5.00e-05,9083.11,1169.50,4699082,1.0000,2025-08-11 18:50:21
1471,17.401886,5.977852,739.368103,5.00e-05,9036.69,1383.00,4701848,N/A,2025-08-11 18:50:22
1472,15.423965,5.977852,739.368103,5.00e-05,8676.91,1404.50,4704657,N/A,2025-08-11 18:50:22
1473,17.006765,5.977852,739.368103,5.00e-05,8457.00,1558.50,4707774,N/A,2025-08-11 18:50:23
1474,24.967020,5.977852,739.368103,5.00e-05,8555.55,1731.00,4711236,N/A,2025-08-11 18:50:23
1475,24.082188,5.977852,739.368103,5.00e-05,8888.29,1769.00,4714774,N/A,2025-08-11 18:50:23
1476,21.211931,5.977852,739.368103,5.00e-05,8748.42,1786.00,4718346,N/A,2025-08-11 18:50:24
1477,17.157965,5.977852,739.368103,5.00e-05,8472.90,1335.50,4721017,N/A,2025-08-11 18:50:24
1478,20.584124,5.977852,739.368103,5.00e-05,8521.53,1805.50,4724628,N/A,2025-08-11 18:50:25
1479,12.927941,5.977852,739.368103,5.00e-05,8521.19,1141.00,4726910,N/A,2025-08-11 18:50:25
1480,19.990805,5.977852,739.368103,5.00e-05,8633.22,1604.50,4730119,1.0000,2025-08-11 18:50:25
1481,19.344627,5.977852,739.368103,5.00e-05,8595.79,1427.00,4732973,N/A,2025-08-11 18:50:26
1482,28.707441,5.977852,739.368103,5.00e-05,8870.49,1915.00,4736803,N/A,2025-08-11 18:50:26
1483,27.510807,5.977852,739.368103,5.00e-05,8988.76,1739.50,4740282,N/A,2025-08-11 18:50:27
1484,17.862404,5.977852,739.368103,5.00e-05,8887.30,1527.50,4743337,N/A,2025-08-11 18:50:27
1485,21.735275,5.977852,739.368103,5.00e-05,8770.80,1539.00,4746415,N/A,2025-08-11 18:50:27
1486,17.124687,5.977852,739.368103,5.00e-05,8483.48,1262.50,4748940,N/A,2025-08-11 18:50:28
1487,20.592236,5.977852,739.368103,5.00e-05,8698.84,1842.00,4752624,N/A,2025-08-11 18:50:28
1488,21.388721,5.977852,739.368103,5.00e-05,8722.39,1935.50,4756495,N/A,2025-08-11 18:50:29
1489,14.806530,5.977852,739.368103,5.00e-05,8823.00,1032.00,4758559,N/A,2025-08-11 18:50:29
1490,22.930115,5.977852,739.368103,5.00e-05,8826.80,1637.50,4761834,1.0000,2025-08-11 18:50:29
1491,14.214354,5.977852,739.368103,5.00e-05,8771.00,1265.00,4764364,N/A,2025-08-11 18:50:30
1492,18.212547,5.977852,739.368103,5.00e-05,8642.66,1552.50,4767469,N/A,2025-08-11 18:50:30
1493,13.194286,5.977852,739.368103,5.00e-05,8245.41,1036.00,4769541,N/A,2025-08-11 18:50:31
1494,24.742350,5.977852,739.368103,5.00e-05,8343.82,1713.00,4772967,N/A,2025-08-11 18:50:31
1495,17.791756,5.977852,739.368103,5.00e-05,8404.81,1557.00,4776081,N/A,2025-08-11 18:50:31
1496,21.169712,5.977852,739.368103,5.00e-05,8754.85,1734.00,4779549,N/A,2025-08-11 18:50:32
1497,17.542421,5.977852,739.368103,5.00e-05,8639.35,1519.00,4782587,N/A,2025-08-11 18:50:32
1498,20.834858,5.977852,739.368103,5.00e-05,8341.20,1424.00,4785435,N/A,2025-08-11 18:50:33
1499,26.856705,5.977852,739.368103,5.00e-05,8901.54,1841.50,4789118,N/A,2025-08-11 18:50:33
1500,16.715067,5.977852,739.368103,5.00e-05,8717.49,1599.50,4792317,1.0000,2025-08-11 18:50:33
1501,26.279423,5.977852,739.368103,5.00e-05,7240.58,2010.00,4796337,N/A,2025-08-11 18:50:35
1502,21.322147,5.977852,739.368103,5.00e-05,7245.20,1561.00,4799459,N/A,2025-08-11 18:50:35
1503,23.644375,5.977852,739.368103,5.00e-05,7716.22,2048.00,4803555,N/A,2025-08-11 18:50:35
1504,18.724075,5.977852,739.368103,5.00e-05,7516.49,1383.50,4806322,N/A,2025-08-11 18:50:36
1505,14.696961,5.977852,739.368103,5.00e-05,7358.29,1218.50,4808759,N/A,2025-08-11 18:50:36
1506,14.708767,5.977852,739.368103,5.00e-05,7082.21,1174.50,4811108,N/A,2025-08-11 18:50:37
1507,23.377468,5.977852,739.368103,5.00e-05,7189.52,1758.50,4814625,N/A,2025-08-11 18:50:37
1508,17.777170,5.977852,739.368103,5.00e-05,7312.56,1605.00,4817835,N/A,2025-08-11 18:50:37
1509,23.596924,5.977852,739.368103,5.00e-05,7463.02,1971.00,4821777,N/A,2025-08-11 18:50:38
1510,15.118538,5.977852,739.368103,5.00e-05,8887.91,1230.50,4824238,1.0000,2025-08-11 18:50:38
1511,18.590569,5.977852,739.368103,5.00e-05,8680.40,1669.00,4827576,N/A,2025-08-11 18:50:39
1512,19.850088,5.977852,739.368103,5.00e-05,8802.14,1794.50,4831165,N/A,2025-08-11 18:50:39
1513,26.809671,5.977852,739.368103,5.00e-05,8757.37,1840.00,4834845,N/A,2025-08-11 18:50:39
1514,23.685522,5.977852,739.368103,5.00e-05,8932.15,1693.50,4838232,N/A,2025-08-11 18:50:40
1515,20.654053,5.977852,739.368103,5.00e-05,9210.90,1621.00,4841474,N/A,2025-08-11 18:50:40
1516,14.002412,5.977852,739.368103,5.00e-05,9233.85,1213.00,4843900,N/A,2025-08-11 18:50:41
1517,23.959158,5.977852,739.368103,5.00e-05,9331.62,1943.00,4847786,N/A,2025-08-11 18:50:41
1518,15.913258,5.977852,739.368103,5.00e-05,9325.07,1553.00,4850892,N/A,2025-08-11 18:50:41
1519,20.400312,5.977852,739.368103,5.00e-05,9424.81,1527.00,4853946,N/A,2025-08-11 18:50:42
1520,19.918982,5.977852,739.368103,5.00e-05,9428.36,1594.00,4857134,1.0000,2025-08-11 18:50:42
1521,15.750958,5.977852,739.368103,5.00e-05,9281.12,1397.00,4859928,N/A,2025-08-11 18:50:42
1522,23.501123,5.977852,739.368103,5.00e-05,9303.22,1943.00,4863814,N/A,2025-08-11 18:50:43
1523,17.185617,5.977852,739.368103,5.00e-05,9066.24,1456.00,4866726,N/A,2025-08-11 18:50:43
1524,13.850073,5.977852,739.368103,5.00e-05,8707.04,1046.00,4868818,N/A,2025-08-11 18:50:44
1525,25.968666,5.977852,739.368103,5.00e-05,8767.76,1739.00,4872296,N/A,2025-08-11 18:50:44
1526,23.923130,5.977852,739.368103,5.00e-05,9100.73,1792.00,4875880,N/A,2025-08-11 18:50:44
1527,32.766541,5.977852,739.368103,5.00e-05,9101.30,1951.50,4879783,N/A,2025-08-11 18:50:45
1528,17.081112,5.977852,739.368103,5.00e-05,9084.81,1489.50,4882762,N/A,2025-08-11 18:50:45
1529,28.581207,5.977852,739.368103,5.00e-05,9571.76,1978.00,4886718,N/A,2025-08-11 18:50:46
1530,18.166283,5.977852,739.368103,5.00e-05,9255.88,1550.50,4889819,1.0000,2025-08-11 18:50:46
1531,25.262077,5.977852,739.368103,5.00e-05,9551.18,1813.00,4893445,N/A,2025-08-11 18:50:46
1532,20.290087,5.977852,739.368103,5.00e-05,9445.50,1739.00,4896923,N/A,2025-08-11 18:50:47
1533,16.797537,5.977852,739.368103,5.00e-05,9325.70,1377.50,4899678,N/A,2025-08-11 18:50:47
1534,22.183784,5.977852,739.368103,5.00e-05,9665.50,1632.00,4902942,N/A,2025-08-11 18:50:48
1535,24.599102,5.977852,739.368103,5.00e-05,9710.88,1951.00,4906844,N/A,2025-08-11 18:50:48
1536,23.998173,5.977852,739.368103,5.00e-05,9803.39,1952.50,4910749,N/A,2025-08-11 18:50:48
1537,22.141861,5.977852,739.368103,5.00e-05,9602.46,1702.50,4914154,N/A,2025-08-11 18:50:49
1538,15.534828,5.977852,739.368103,5.00e-05,9435.43,1229.00,4916612,N/A,2025-08-11 18:50:49
1539,14.832837,5.977852,739.368103,5.00e-05,9395.09,1524.00,4919660,N/A,2025-08-11 18:50:50
1540,12.762861,5.977852,739.368103,5.00e-05,8855.78,1027.00,4921714,1.0000,2025-08-11 18:50:50
1541,21.960226,5.977852,739.368103,5.00e-05,8729.61,1721.50,4925157,N/A,2025-08-11 18:50:50
1542,18.009331,5.977852,739.368103,5.00e-05,8534.26,1371.50,4927900,N/A,2025-08-11 18:50:51
1543,19.840014,5.977852,739.368103,5.00e-05,8726.01,1748.50,4931397,N/A,2025-08-11 18:50:51
1544,16.116381,5.977852,739.368103,5.00e-05,8446.96,1197.00,4933791,N/A,2025-08-11 18:50:52
1545,26.017889,5.977852,739.368103,5.00e-05,8479.60,1990.50,4937772,N/A,2025-08-11 18:50:52
1546,16.296108,5.977852,739.368103,5.00e-05,8156.98,1268.00,4940308,N/A,2025-08-11 18:50:52
1547,19.730476,5.977852,739.368103,5.00e-05,8074.71,1577.50,4943463,N/A,2025-08-11 18:50:53
1548,19.429899,5.977852,739.368103,5.00e-05,8165.70,1501.00,4946465,N/A,2025-08-11 18:50:53
1549,26.128666,5.977852,739.368103,5.00e-05,8683.47,2048.00,4950561,N/A,2025-08-11 18:50:54
1550,21.895691,5.977852,739.368103,5.00e-05,8993.78,1727.00,4954015,1.0000,2025-08-11 18:50:54
1551,15.359067,5.977852,739.368103,5.00e-05,8774.59,1227.00,4956469,N/A,2025-08-11 18:50:54
1552,15.063859,5.977852,739.368103,5.00e-05,8806.31,1417.00,4959303,N/A,2025-08-11 18:50:55
1553,16.915815,5.977852,739.368103,5.00e-05,8770.68,1511.50,4962326,N/A,2025-08-11 18:50:55
1554,25.759005,5.977852,739.368103,5.00e-05,9169.82,1925.50,4966177,N/A,2025-08-11 18:50:56
1555,18.054567,5.977852,739.368103,5.00e-05,8833.59,1411.00,4968999,N/A,2025-08-11 18:50:56
1556,27.388968,5.977852,739.368103,5.00e-05,9086.16,1652.50,4972304,N/A,2025-08-11 18:50:56
1557,16.184826,5.977852,739.368103,5.00e-05,8924.05,1130.00,4974564,N/A,2025-08-11 18:50:57
1558,19.913738,5.977852,739.368103,5.00e-05,8932.51,1670.00,4977904,N/A,2025-08-11 18:50:57
1559,19.943308,5.977852,739.368103,5.00e-05,8751.31,1462.00,4980828,N/A,2025-08-11 18:50:57
1560,24.125948,5.977852,739.368103,5.00e-05,8475.78,1635.00,4984098,1.0000,2025-08-11 18:50:58
1561,18.173939,5.977852,739.368103,5.00e-05,8524.60,1473.00,4987044,N/A,2025-08-11 18:50:58
1562,18.326036,5.977852,739.368103,5.00e-05,8622.98,1578.00,4990200,N/A,2025-08-11 18:50:59
1563,24.247684,5.977852,739.368103,5.00e-05,8802.07,2017.50,4994235,N/A,2025-08-11 18:50:59
1564,23.472303,5.977852,739.368103,5.00e-05,8827.69,1976.00,4998187,N/A,2025-08-11 18:51:00
1565,20.307423,5.977852,739.368103,5.00e-05,9151.36,2048.00,5002283,N/A,2025-08-11 18:51:00
1566,20.290350,5.977852,739.368103,5.00e-05,9034.58,1602.50,5005488,N/A,2025-08-11 18:51:00
1567,20.274506,5.977852,739.368103,5.00e-05,9323.41,1674.50,5008837,N/A,2025-08-11 18:51:01
1568,17.678192,5.977852,739.368103,5.00e-05,9183.62,1434.50,5011706,N/A,2025-08-11 18:51:01
1569,18.263081,5.977852,739.368103,5.00e-05,9452.14,1537.00,5014780,N/A,2025-08-11 18:51:02
1570,20.789925,5.977852,739.368103,5.00e-05,9404.09,1763.00,5018306,1.0000,2025-08-11 18:51:02
1571,18.745605,5.977852,739.368103,5.00e-05,9385.72,1462.00,5021230,N/A,2025-08-11 18:51:02
1572,22.423988,5.977852,739.368103,5.00e-05,9489.90,1613.00,5024456,N/A,2025-08-11 18:51:03
1573,24.270086,5.977852,739.368103,5.00e-05,9317.74,1770.50,5027997,N/A,2025-08-11 18:51:03
1574,21.823242,5.977852,739.368103,5.00e-05,9028.56,1412.00,5030821,N/A,2025-08-11 18:51:04
1575,21.529930,5.977852,739.368103,5.00e-05,9152.90,2048.00,5034917,N/A,2025-08-11 18:51:04
1576,17.102106,5.977852,739.368103,5.00e-05,9199.05,1522.00,5037961,N/A,2025-08-11 18:51:04
1577,22.800453,5.977852,739.368103,5.00e-05,9302.15,1843.50,5041648,N/A,2025-08-11 18:51:05
1578,17.361971,5.977852,739.368103,5.00e-05,9171.54,1240.50,5044129,N/A,2025-08-11 18:51:05
1579,18.401962,5.977852,739.368103,5.00e-05,9328.58,1479.50,5047088,N/A,2025-08-11 18:51:05
1580,32.577606,5.977852,739.368103,5.00e-05,9326.55,2036.00,5051160,1.0000,2025-08-11 18:51:06
1581,14.146903,5.977852,739.368103,5.00e-05,9163.84,1121.00,5053402,N/A,2025-08-11 18:51:06
1582,20.308706,5.977852,739.368103,5.00e-05,8948.94,1367.50,5056137,N/A,2025-08-11 18:51:07
1583,23.229561,5.977852,739.368103,5.00e-05,8869.57,1856.00,5059849,N/A,2025-08-11 18:51:07
1584,20.776728,5.977852,739.368103,5.00e-05,8846.97,1478.00,5062805,N/A,2025-08-11 18:51:08
1585,15.111451,5.977852,739.368103,5.00e-05,8294.00,1130.50,5065066,N/A,2025-08-11 18:51:08
1586,18.223347,5.977852,739.368103,5.00e-05,8294.98,1522.00,5068110,N/A,2025-08-11 18:51:08
1587,20.731647,5.977852,739.368103,5.00e-05,7958.17,1251.00,5070612,N/A,2025-08-11 18:51:09
1588,18.973562,5.977852,739.368103,5.00e-05,8175.16,1624.50,5073861,N/A,2025-08-11 18:51:09
1589,21.216324,5.977852,739.368103,5.00e-05,8329.78,1496.50,5076854,N/A,2025-08-11 18:51:09
1590,16.295662,5.977852,739.368103,5.00e-05,7796.19,1336.50,5079527,1.0000,2025-08-11 18:51:10
1591,16.682198,5.977852,739.368103,5.00e-05,8049.32,1389.00,5082305,N/A,2025-08-11 18:51:10
1592,21.725416,5.977852,739.368103,5.00e-05,8384.56,1778.00,5085861,N/A,2025-08-11 18:51:11
1593,16.561172,5.977852,739.368103,5.00e-05,8131.51,1318.50,5088498,N/A,2025-08-11 18:51:11
1594,20.599825,5.977852,739.368103,5.00e-05,8162.58,1444.50,5091387,N/A,2025-08-11 18:51:11
1595,20.803068,5.977852,739.368103,5.00e-05,8503.40,1864.00,5095115,N/A,2025-08-11 18:51:12
1596,13.894759,5.977852,739.368103,5.00e-05,8299.79,1122.50,5097360,N/A,2025-08-11 18:51:12
1597,15.669087,5.977852,739.368103,5.00e-05,8350.08,1293.00,5099946,N/A,2025-08-11 18:51:13
1598,21.028086,5.977852,739.368103,5.00e-05,8377.84,1773.50,5103493,N/A,2025-08-11 18:51:13
1599,29.797567,5.977852,739.368103,5.00e-05,8839.24,2048.00,5107589,N/A,2025-08-11 18:51:13
1600,18.060310,5.977852,739.368103,5.00e-05,8682.94,1544.50,5110678,1.0000,2025-08-11 18:51:14
1601,17.273603,5.977852,739.368103,5.00e-05,7139.20,1259.00,5113196,N/A,2025-08-11 18:51:15
1602,18.837772,5.977852,739.368103,5.00e-05,7055.15,1712.00,5116620,N/A,2025-08-11 18:51:15
1603,14.452403,5.977852,739.368103,5.00e-05,7021.33,1273.00,5119166,N/A,2025-08-11 18:51:16
1604,26.275528,5.977852,739.368103,5.00e-05,7359.60,2031.50,5123229,N/A,2025-08-11 18:51:16
1605,23.143551,5.977852,739.368103,5.00e-05,7207.87,1622.50,5126474,N/A,2025-08-11 18:51:17
1606,28.229343,5.977852,739.368103,5.00e-05,7564.89,1901.50,5130277,N/A,2025-08-11 18:51:17
1607,19.684210,5.977852,739.368103,5.00e-05,7819.57,1775.50,5133828,N/A,2025-08-11 18:51:17
1608,21.896700,5.977852,739.368103,5.00e-05,7765.70,1678.00,5137184,N/A,2025-08-11 18:51:18
1609,18.319252,5.977852,739.368103,5.00e-05,7644.16,1439.50,5140063,N/A,2025-08-11 18:51:18
1610,20.535000,5.977852,739.368103,5.00e-05,9227.58,1769.50,5143602,1.0000,2025-08-11 18:51:19
1611,23.783281,5.977852,739.368103,5.00e-05,9651.28,1858.50,5147319,N/A,2025-08-11 18:51:19
1612,15.162636,5.977852,739.368103,5.00e-05,9358.47,1201.00,5149721,N/A,2025-08-11 18:51:19
1613,20.160587,5.977852,739.368103,5.00e-05,9685.76,1869.00,5153459,N/A,2025-08-11 18:51:20
1614,15.114117,5.977852,739.368103,5.00e-05,9481.76,1525.00,5156509,N/A,2025-08-11 18:51:20
1615,18.045097,5.977852,739.368103,5.00e-05,9447.77,1674.50,5159858,N/A,2025-08-11 18:51:20
1616,26.669802,5.977852,739.368103,5.00e-05,9453.60,2048.00,5163954,N/A,2025-08-11 18:51:21
1617,15.249538,5.977852,739.368103,5.00e-05,9048.34,1232.50,5166419,N/A,2025-08-11 18:51:21
1618,23.373226,5.977852,739.368103,5.00e-05,9061.08,1633.50,5169686,N/A,2025-08-11 18:51:22
1619,16.743240,5.977852,739.368103,5.00e-05,9195.79,1381.50,5172449,N/A,2025-08-11 18:51:22
1620,13.639860,5.977852,739.368103,5.00e-05,8719.21,1232.00,5174913,1.0000,2025-08-11 18:51:23
1621,16.128887,5.977852,739.368103,5.00e-05,8333.67,1222.50,5177358,N/A,2025-08-11 18:51:23
1622,18.254700,5.977852,739.368103,5.00e-05,8492.53,1484.50,5180327,N/A,2025-08-11 18:51:23
1623,19.463314,5.977852,739.368103,5.00e-05,8356.86,1729.00,5183785,N/A,2025-08-11 18:51:24
1624,20.642204,5.977852,739.368103,5.00e-05,8435.30,1562.00,5186909,N/A,2025-08-11 18:51:24
1625,14.588849,5.977852,739.368103,5.00e-05,8165.33,1263.50,5189436,N/A,2025-08-11 18:51:25
1626,12.855542,5.977852,739.368103,5.00e-05,7767.75,1133.50,5191703,N/A,2025-08-11 18:51:25
1627,15.103992,5.977852,739.368103,5.00e-05,7699.28,1118.50,5193940,N/A,2025-08-11 18:51:25
1628,16.661631,5.977852,739.368103,5.00e-05,7509.27,1298.50,5196537,N/A,2025-08-11 18:51:26
1629,18.934008,5.977852,739.368103,5.00e-05,7843.69,1698.00,5199933,N/A,2025-08-11 18:51:26
1630,30.478687,5.977852,739.368103,5.00e-05,8149.24,2048.00,5204029,1.0000,2025-08-11 18:51:27
1631,21.110428,5.977852,739.368103,5.00e-05,8511.16,1859.00,5207747,N/A,2025-08-11 18:51:27
1632,16.092299,5.977852,739.368103,5.00e-05,8456.96,1390.50,5210528,N/A,2025-08-11 18:51:27
1633,21.049673,5.977852,739.368103,5.00e-05,8223.53,1502.00,5213532,N/A,2025-08-11 18:51:28
1634,18.024473,5.977852,739.368103,5.00e-05,8145.21,1291.50,5216115,N/A,2025-08-11 18:51:28
1635,22.539459,5.977852,739.368103,5.00e-05,8489.48,1875.50,5219866,N/A,2025-08-11 18:51:28
1636,16.427034,5.977852,739.368103,5.00e-05,8540.37,1191.00,5222248,N/A,2025-08-11 18:51:29
1637,15.613153,5.977852,739.368103,5.00e-05,8578.32,1178.00,5224604,N/A,2025-08-11 18:51:29
1638,27.091291,5.977852,739.368103,5.00e-05,8850.60,1828.50,5228261,N/A,2025-08-11 18:51:30
1639,15.414665,5.977852,739.368103,5.00e-05,8866.47,1321.00,5230903,N/A,2025-08-11 18:51:30
1640,15.505395,5.977852,739.368103,5.00e-05,8114.64,1265.50,5233434,1.0000,2025-08-11 18:51:31
1641,25.598091,5.977852,739.368103,5.00e-05,8106.32,1761.00,5236956,N/A,2025-08-11 18:51:31
1642,14.626099,5.977852,739.368103,5.00e-05,8148.44,1375.50,5239707,N/A,2025-08-11 18:51:31
1643,16.508713,5.977852,739.368103,5.00e-05,8036.82,1226.00,5242159,N/A,2025-08-11 18:51:32
1644,22.039715,5.977852,739.368103,5.00e-05,8268.00,1706.00,5245571,N/A,2025-08-11 18:51:32
1645,23.670479,5.977852,739.368103,5.00e-05,8282.90,1932.50,5249436,N/A,2025-08-11 18:51:32
1646,17.996672,5.977852,739.368103,5.00e-05,8401.68,1481.00,5252398,N/A,2025-08-11 18:51:33
1647,16.642168,5.977852,739.368103,5.00e-05,8378.40,1162.50,5254723,N/A,2025-08-11 18:51:33
1648,20.003218,5.977852,739.368103,5.00e-05,8301.89,1793.50,5258310,N/A,2025-08-11 18:51:34
1649,19.983583,5.977852,739.368103,5.00e-05,8735.47,1572.00,5261454,N/A,2025-08-11 18:51:34
1650,21.864420,5.977852,739.368103,5.00e-05,8918.34,1896.00,5265246,1.0000,2025-08-11 18:51:34
1651,25.624212,5.977852,739.368103,5.00e-05,7504.56,1885.50,5269017,N/A,2025-08-11 18:51:36
1652,17.321665,5.977852,739.368103,5.00e-05,7519.05,1392.50,5271802,N/A,2025-08-11 18:51:36
1653,18.639505,5.977852,739.368103,5.00e-05,7659.50,1523.50,5274849,N/A,2025-08-11 18:51:36
1654,15.414830,5.977852,739.368103,5.00e-05,7470.74,1276.50,5277402,N/A,2025-08-11 18:51:37
1655,14.623071,5.977852,739.368103,5.00e-05,7127.87,1215.00,5279832,N/A,2025-08-11 18:51:37
1656,15.454631,5.977852,739.368103,5.00e-05,7018.99,1320.50,5282473,N/A,2025-08-11 18:51:38
1657,21.035772,5.977852,739.368103,5.00e-05,7294.68,1914.50,5286302,N/A,2025-08-11 18:51:38
1658,12.520341,5.977852,739.368103,5.00e-05,6958.25,1044.00,5288390,N/A,2025-08-11 18:51:38
1659,27.622149,5.977852,739.368103,5.00e-05,7198.12,1839.50,5292069,N/A,2025-08-11 18:51:39
1660,17.809715,5.977852,739.368103,5.00e-05,8201.14,1309.00,5294687,1.0000,2025-08-11 18:51:39
1661,27.040550,5.977852,739.368103,5.00e-05,8204.64,1915.00,5298517,N/A,2025-08-11 18:51:40
1662,21.158493,5.977852,739.368103,5.00e-05,8466.14,1873.00,5302263,N/A,2025-08-11 18:51:40
1663,19.511412,5.977852,739.368103,5.00e-05,8420.49,1479.00,5305221,N/A,2025-08-11 18:51:40
1664,22.323921,5.977852,739.368103,5.00e-05,8745.21,1775.00,5308771,N/A,2025-08-11 18:51:41
1665,19.801311,5.977852,739.368103,5.00e-05,8898.38,1401.00,5311573,N/A,2025-08-11 18:51:41
1666,16.852999,5.977852,739.368103,5.00e-05,9065.51,1305.00,5314183,N/A,2025-08-11 18:51:41
1667,28.320908,5.977852,739.368103,5.00e-05,9094.24,1949.00,5318081,N/A,2025-08-11 18:51:42
1668,12.878092,5.977852,739.368103,5.00e-05,9111.61,1062.00,5320205,N/A,2025-08-11 18:51:42
1669,23.420322,5.977852,739.368103,5.00e-05,8919.83,1317.00,5322839,N/A,2025-08-11 18:51:43
1670,24.849407,5.977852,739.368103,5.00e-05,8963.16,1788.00,5326415,1.0000,2025-08-11 18:51:43
1671,21.471773,5.977852,739.368103,5.00e-05,8968.26,1901.00,5330217,N/A,2025-08-11 18:51:43
1672,23.083134,5.977852,739.368103,5.00e-05,9035.79,1952.00,5334121,N/A,2025-08-11 18:51:44
1673,11.410147,5.977852,739.368103,5.00e-05,8726.50,1134.50,5336390,N/A,2025-08-11 18:51:44
1674,20.285522,5.977852,739.368103,5.00e-05,8758.47,1778.50,5339947,N/A,2025-08-11 18:51:45
1675,19.307697,5.977852,739.368103,5.00e-05,8939.81,1731.50,5343410,N/A,2025-08-11 18:51:45
1676,16.720388,5.977852,739.368103,5.00e-05,8799.10,1284.00,5345978,N/A,2025-08-11 18:51:45
1677,27.593958,5.977852,739.368103,5.00e-05,8831.60,2025.50,5350029,N/A,2025-08-11 18:51:46
1678,12.954363,5.977852,739.368103,5.00e-05,8872.19,1049.00,5352127,N/A,2025-08-11 18:51:46
1679,20.680973,5.977852,739.368103,5.00e-05,9368.93,1763.50,5355654,N/A,2025-08-11 18:51:47
1680,21.130190,5.977852,739.368103,5.00e-05,9096.74,1739.50,5359133,1.0000,2025-08-11 18:51:47
1681,19.563444,5.977852,739.368103,5.00e-05,8896.08,1553.50,5362240,N/A,2025-08-11 18:51:47
1682,18.513159,5.977852,739.368103,5.00e-05,8598.18,1282.00,5364804,N/A,2025-08-11 18:51:48
1683,24.036636,5.977852,739.368103,5.00e-05,8989.68,1889.50,5368583,N/A,2025-08-11 18:51:48
1684,20.817085,5.977852,739.368103,5.00e-05,8870.34,1606.00,5371795,N/A,2025-08-11 18:51:49
1685,17.834253,5.977852,739.368103,5.00e-05,8739.49,1301.50,5374398,N/A,2025-08-11 18:51:49
1686,24.208521,5.977852,739.368103,5.00e-05,9087.96,1890.00,5378178,N/A,2025-08-11 18:51:49
1687,12.374514,5.977852,739.368103,5.00e-05,8602.98,1159.50,5380497,N/A,2025-08-11 18:51:50
1688,22.010736,5.977852,739.368103,5.00e-05,9010.81,1778.50,5384054,N/A,2025-08-11 18:51:50
1689,19.067245,5.977852,739.368103,5.00e-05,9236.19,1734.00,5387522,N/A,2025-08-11 18:51:50
1690,13.329137,5.977852,739.368103,5.00e-05,8791.55,1257.50,5390037,1.0000,2025-08-11 18:51:51
1691,14.450524,5.977852,739.368103,5.00e-05,8626.65,1189.00,5392415,N/A,2025-08-11 18:51:51
1692,22.428726,5.977852,739.368103,5.00e-05,8910.65,1729.50,5395874,N/A,2025-08-11 18:51:52
1693,15.991123,5.977852,739.368103,5.00e-05,8601.06,1337.00,5398548,N/A,2025-08-11 18:51:52
1694,16.659555,5.977852,739.368103,5.00e-05,8414.24,1274.50,5401097,N/A,2025-08-11 18:51:52
1695,18.733589,5.977852,739.368103,5.00e-05,8499.38,1524.50,5404146,N/A,2025-08-11 18:51:53
1696,22.421848,5.977852,739.368103,5.00e-05,8435.41,1805.00,5407756,N/A,2025-08-11 18:51:53
1697,21.551695,5.977852,739.368103,5.00e-05,8891.38,1959.50,5411675,N/A,2025-08-11 18:51:54
1698,14.799353,5.977852,739.368103,5.00e-05,8621.70,1302.00,5414279,N/A,2025-08-11 18:51:54
1699,17.708769,5.977852,739.368103,5.00e-05,8628.03,1464.50,5417208,N/A,2025-08-11 18:51:54
1700,22.898283,5.977852,739.368103,5.00e-05,8562.23,1424.00,5420056,1.0000,2025-08-11 18:51:55
1701,22.341532,5.977852,739.368103,5.00e-05,7322.01,1798.50,5423653,N/A,2025-08-11 18:51:56
1702,14.319329,5.977852,739.368103,5.00e-05,7062.77,1150.50,5425954,N/A,2025-08-11 18:51:56
1703,20.870943,5.977852,739.368103,5.00e-05,7333.87,1903.50,5429761,N/A,2025-08-11 18:51:57
1704,24.963783,5.977852,739.368103,5.00e-05,7637.71,1900.00,5433561,N/A,2025-08-11 18:51:57
1705,22.719732,5.977852,739.368103,5.00e-05,7697.44,1604.50,5436770,N/A,2025-08-11 18:51:57
1706,20.346222,5.977852,739.368103,5.00e-05,7659.99,1796.50,5440363,N/A,2025-08-11 18:51:58
1707,20.089289,5.977852,739.368103,5.00e-05,7354.18,1422.00,5443207,N/A,2025-08-11 18:51:58
1708,17.176723,5.977852,739.368103,5.00e-05,7266.37,1196.00,5445599,N/A,2025-08-11 18:51:59
1709,20.100033,5.977852,739.368103,5.00e-05,7464.57,1664.00,5448927,N/A,2025-08-11 18:51:59
1710,19.075495,5.977852,739.368103,5.00e-05,8771.19,1472.00,5451871,1.0000,2025-08-11 18:52:00
1711,22.839685,5.977852,739.368103,5.00e-05,8633.06,1681.50,5455234,N/A,2025-08-11 18:52:00
1712,19.890776,5.977852,739.368103,5.00e-05,8857.95,1773.00,5458780,N/A,2025-08-11 18:52:00
1713,17.102081,5.977852,739.368103,5.00e-05,8529.93,1272.50,5461325,N/A,2025-08-11 18:52:01
1714,18.510962,5.977852,739.368103,5.00e-05,8493.83,1869.00,5465063,N/A,2025-08-11 18:52:01
1715,17.065870,5.977852,739.368103,5.00e-05,8495.13,1549.00,5468161,N/A,2025-08-11 18:52:02
1716,13.047567,5.977852,739.368103,5.00e-05,8184.94,1136.00,5470433,N/A,2025-08-11 18:52:02
1717,17.657036,5.977852,739.368103,5.00e-05,8173.49,1313.00,5473059,N/A,2025-08-11 18:52:02
1718,22.761511,5.977852,739.368103,5.00e-05,8355.24,1652.50,5476364,N/A,2025-08-11 18:52:03
1719,24.510540,5.977852,739.368103,5.00e-05,8743.80,1994.00,5480352,N/A,2025-08-11 18:52:03
1720,28.456839,5.977852,739.368103,5.00e-05,8827.33,1973.50,5484299,1.0000,2025-08-11 18:52:04
1721,17.563013,5.977852,739.368103,5.00e-05,8607.34,1109.50,5486518,N/A,2025-08-11 18:52:04
1722,23.261036,5.977852,739.368103,5.00e-05,8711.68,2031.00,5490580,N/A,2025-08-11 18:52:04
1723,16.532717,5.977852,739.368103,5.00e-05,8804.76,1418.50,5493417,N/A,2025-08-11 18:52:05
1724,12.273225,5.977852,739.368103,5.00e-05,8389.19,1085.50,5495588,N/A,2025-08-11 18:52:05
1725,19.283875,5.977852,739.368103,5.00e-05,8414.55,1566.00,5498720,N/A,2025-08-11 18:52:06
1726,25.458216,5.977852,739.368103,5.00e-05,8808.38,1833.50,5502387,N/A,2025-08-11 18:52:06
1727,23.468622,5.977852,739.368103,5.00e-05,9119.81,1727.50,5505842,N/A,2025-08-11 18:52:06
1728,17.644316,5.977852,739.368103,5.00e-05,9203.67,1555.00,5508952,N/A,2025-08-11 18:52:07
1729,12.709425,5.977852,739.368103,5.00e-05,9037.46,1205.00,5511362,N/A,2025-08-11 18:52:07
1730,21.028805,5.977852,739.368103,5.00e-05,8721.24,1685.50,5514733,1.0000,2025-08-11 18:52:08
1731,22.393127,5.977852,739.368103,5.00e-05,8889.28,1422.00,5517577,N/A,2025-08-11 18:52:08
1732,17.568068,5.977852,739.368103,5.00e-05,8644.37,1630.00,5520837,N/A,2025-08-11 18:52:08
1733,26.486143,5.977852,739.368103,5.00e-05,8981.28,2042.00,5524921,N/A,2025-08-11 18:52:09
1734,25.567541,5.977852,739.368103,5.00e-05,9342.57,1829.00,5528579,N/A,2025-08-11 18:52:09
1735,15.025054,5.977852,739.368103,5.00e-05,9068.27,1169.50,5530918,N/A,2025-08-11 18:52:10
1736,14.523434,5.977852,739.368103,5.00e-05,8704.22,1181.00,5533280,N/A,2025-08-11 18:52:10
1737,21.440945,5.977852,739.368103,5.00e-05,8791.19,1874.50,5537029,N/A,2025-08-11 18:52:10
1738,12.856937,5.977852,739.368103,5.00e-05,8595.92,1197.50,5539424,N/A,2025-08-11 18:52:11
1739,17.696974,5.977852,739.368103,5.00e-05,8823.49,1319.50,5542063,N/A,2025-08-11 18:52:11
1740,18.665030,5.977852,739.368103,5.00e-05,8700.02,1643.00,5545349,1.0000,2025-08-11 18:52:11
1741,22.535337,5.977852,739.368103,5.00e-05,8953.75,1950.00,5549249,N/A,2025-08-11 18:52:12
1742,15.250246,5.977852,739.368103,5.00e-05,8801.15,1350.00,5551949,N/A,2025-08-11 18:52:12
1743,23.478903,5.977852,739.368103,5.00e-05,8838.57,2027.00,5556003,N/A,2025-08-11 18:52:13
1744,20.000828,5.977852,739.368103,5.00e-05,8694.57,1617.50,5559238,N/A,2025-08-11 18:52:13
1745,16.740093,5.977852,739.368103,5.00e-05,8814.47,1391.00,5562020,N/A,2025-08-11 18:52:13
1746,24.780947,5.977852,739.368103,5.00e-05,9165.75,1803.00,5565626,N/A,2025-08-11 18:52:14
1747,20.587393,5.977852,739.368103,5.00e-05,9073.15,1715.50,5569057,N/A,2025-08-11 18:52:14
1748,20.441454,5.977852,739.368103,5.00e-05,9210.53,1435.00,5571927,N/A,2025-08-11 18:52:15
1749,22.091629,5.977852,739.368103,5.00e-05,9718.97,1928.00,5575783,N/A,2025-08-11 18:52:15
1750,21.915754,5.977852,739.368103,5.00e-05,9649.62,1743.00,5579269,1.0000,2025-08-11 18:52:15
1751,22.417133,5.977852,739.368103,5.00e-05,9597.34,1821.00,5582911,N/A,2025-08-11 18:52:16
1752,14.756376,5.977852,739.368103,5.00e-05,9561.78,1277.50,5585466,N/A,2025-08-11 18:52:16
1753,17.168562,5.977852,739.368103,5.00e-05,9369.61,1567.50,5588601,N/A,2025-08-11 18:52:17
1754,22.034773,5.977852,739.368103,5.00e-05,9384.38,1725.50,5592052,N/A,2025-08-11 18:52:17
1755,16.380445,5.977852,739.368103,5.00e-05,9327.43,1288.00,5594628,N/A,2025-08-11 18:52:17
1756,25.383202,5.977852,739.368103,5.00e-05,9339.70,1893.50,5598415,N/A,2025-08-11 18:52:18
1757,22.454748,5.977852,739.368103,5.00e-05,9415.45,1935.00,5602285,N/A,2025-08-11 18:52:18
1758,16.990646,5.977852,739.368103,5.00e-05,9374.83,1323.00,5604931,N/A,2025-08-11 18:52:18
1759,20.714907,5.977852,739.368103,5.00e-05,9358.79,1572.00,5608075,N/A,2025-08-11 18:52:19
1760,23.192480,5.977852,739.368103,5.00e-05,9061.08,1602.00,5611279,1.0000,2025-08-11 18:52:19
1761,16.104534,5.977852,739.368103,5.00e-05,8730.62,1221.50,5613722,N/A,2025-08-11 18:52:20
1762,21.595915,5.977852,739.368103,5.00e-05,9040.85,1810.50,5617343,N/A,2025-08-11 18:52:20
1763,17.030436,5.977852,739.368103,5.00e-05,9014.53,1433.00,5620209,N/A,2025-08-11 18:52:20
1764,21.847370,5.977852,739.368103,5.00e-05,9029.78,1845.50,5623900,N/A,2025-08-11 18:52:21
1765,13.940042,5.977852,739.368103,5.00e-05,8938.11,1059.00,5626018,N/A,2025-08-11 18:52:21
1766,17.496052,5.977852,739.368103,5.00e-05,8716.66,1416.00,5628850,N/A,2025-08-11 18:52:22
1767,26.843233,5.977852,739.368103,5.00e-05,8748.22,2022.50,5632895,N/A,2025-08-11 18:52:22
1768,15.998533,5.977852,739.368103,5.00e-05,8787.85,1400.00,5635695,N/A,2025-08-11 18:52:22
1769,18.469860,5.977852,739.368103,5.00e-05,8958.76,1591.00,5638877,N/A,2025-08-11 18:52:23
1770,22.195248,5.977852,739.368103,5.00e-05,8873.92,1844.00,5642565,1.0000,2025-08-11 18:52:23
1771,18.716763,5.977852,739.368103,5.00e-05,9002.66,1580.00,5645725,N/A,2025-08-11 18:52:24
1772,14.523958,5.977852,739.368103,5.00e-05,8595.59,1107.00,5647939,N/A,2025-08-11 18:52:24
1773,18.900517,5.977852,739.368103,5.00e-05,8835.70,1772.50,5651484,N/A,2025-08-11 18:52:24
1774,20.965374,5.977852,739.368103,5.00e-05,8687.84,1576.50,5654637,N/A,2025-08-11 18:52:25
1775,13.371511,5.977852,739.368103,5.00e-05,8695.36,1229.50,5657096,N/A,2025-08-11 18:52:25
1776,24.266283,5.977852,739.368103,5.00e-05,8962.42,1984.50,5661065,N/A,2025-08-11 18:52:26
1777,21.565502,5.977852,739.368103,5.00e-05,8859.97,1850.50,5664766,N/A,2025-08-11 18:52:26
1778,20.560247,5.977852,739.368103,5.00e-05,8981.35,1568.00,5667902,N/A,2025-08-11 18:52:26
1779,20.591446,5.977852,739.368103,5.00e-05,9348.55,1836.00,5671574,N/A,2025-08-11 18:52:27
1780,14.243936,5.977852,739.368103,5.00e-05,8821.50,1090.50,5673755,1.0000,2025-08-11 18:52:27
1781,21.352892,5.977852,739.368103,5.00e-05,8907.95,1715.50,5677186,N/A,2025-08-11 18:52:28
1782,24.739836,5.977852,739.368103,5.00e-05,9313.40,1955.00,5681096,N/A,2025-08-11 18:52:28
1783,24.292849,5.977852,739.368103,5.00e-05,9331.59,1910.00,5684916,N/A,2025-08-11 18:52:28
1784,21.396566,5.977852,739.368103,5.00e-05,9567.93,1854.00,5688624,N/A,2025-08-11 18:52:29
1785,19.910742,5.977852,739.368103,5.00e-05,9834.89,1678.50,5691981,N/A,2025-08-11 18:52:29
1786,20.920708,5.977852,739.368103,5.00e-05,9589.42,1520.00,5695021,N/A,2025-08-11 18:52:29
1787,21.530434,5.977852,739.368103,5.00e-05,9392.04,1484.50,5697990,N/A,2025-08-11 18:52:30
1788,18.053324,5.977852,739.368103,5.00e-05,9193.63,1230.00,5700450,N/A,2025-08-11 18:52:30
1789,22.076941,5.977852,739.368103,5.00e-05,9243.58,1630.00,5703710,N/A,2025-08-11 18:52:31
1790,23.781061,5.977852,739.368103,5.00e-05,9426.19,1902.50,5707515,1.0000,2025-08-11 18:52:31
1791,14.727397,5.977852,739.368103,5.00e-05,9266.54,1287.50,5710090,N/A,2025-08-11 18:52:31
1792,14.759410,5.977852,739.368103,5.00e-05,8962.74,1336.50,5712763,N/A,2025-08-11 18:52:32
1793,25.378366,5.977852,739.368103,5.00e-05,8920.17,1811.50,5716386,N/A,2025-08-11 18:52:32
1794,11.375669,5.977852,739.368103,5.00e-05,8531.78,1083.50,5718553,N/A,2025-08-11 18:52:33
1795,18.899828,5.977852,739.368103,5.00e-05,8484.63,1702.50,5721958,N/A,2025-08-11 18:52:33
1796,25.591204,5.977852,739.368103,5.00e-05,8789.34,2048.00,5726054,N/A,2025-08-11 18:52:33
1797,19.310608,5.977852,739.368103,5.00e-05,8693.92,1291.50,5728637,N/A,2025-08-11 18:52:34
1798,19.994947,5.977852,739.368103,5.00e-05,8947.58,1696.50,5732030,N/A,2025-08-11 18:52:34
1799,17.954096,5.977852,739.368103,5.00e-05,9142.32,1521.00,5735072,N/A,2025-08-11 18:52:35
1800,23.698418,5.977852,739.368103,5.00e-05,8997.93,1950.50,5738973,1.0000,2025-08-11 18:52:35
1801,26.669054,5.977852,739.368103,5.00e-05,7676.12,1975.00,5742923,N/A,2025-08-11 18:52:36
1802,23.808603,5.977852,739.368103,5.00e-05,7820.07,1659.50,5746242,N/A,2025-08-11 18:52:37
1803,15.627437,5.977852,739.368103,5.00e-05,7620.40,1462.00,5749166,N/A,2025-08-11 18:52:37
1804,24.649935,5.977852,739.368103,5.00e-05,8005.02,1843.50,5752853,N/A,2025-08-11 18:52:37
1805,18.905502,5.977852,739.368103,5.00e-05,8000.08,1719.50,5756292,N/A,2025-08-11 18:52:38
1806,19.824507,5.977852,739.368103,5.00e-05,7920.65,1967.50,5760227,N/A,2025-08-11 18:52:38
1807,27.143272,5.977852,739.368103,5.00e-05,8202.00,2033.00,5764293,N/A,2025-08-11 18:52:38
1808,25.708385,5.977852,739.368103,5.00e-05,8317.83,1929.50,5768152,N/A,2025-08-11 18:52:39
1809,19.786985,5.977852,739.368103,5.00e-05,8509.36,1672.00,5771496,N/A,2025-08-11 18:52:39
1810,26.626320,5.977852,739.368103,5.00e-05,10080.79,1901.00,5775298,1.0000,2025-08-11 18:52:40
1811,21.073349,5.977852,739.368103,5.00e-05,9862.54,1758.00,5778814,N/A,2025-08-11 18:52:40
1812,18.200178,5.977852,739.368103,5.00e-05,9802.20,1440.50,5781695,N/A,2025-08-11 18:52:41
1813,16.376406,5.977852,739.368103,5.00e-05,9746.05,1337.00,5784369,N/A,2025-08-11 18:52:41
1814,21.647280,5.977852,739.368103,5.00e-05,9773.69,1898.00,5788165,N/A,2025-08-11 18:52:41
1815,15.954650,5.977852,739.368103,5.00e-05,9644.07,1388.50,5790942,N/A,2025-08-11 18:52:42
1816,19.311573,5.977852,739.368103,5.00e-05,9474.52,1709.50,5794361,N/A,2025-08-11 18:52:42
1817,22.311127,5.977852,739.368103,5.00e-05,9429.71,1953.00,5798267,N/A,2025-08-11 18:52:42
1818,19.853832,5.977852,739.368103,5.00e-05,9181.03,1634.00,5801535,N/A,2025-08-11 18:52:43
1819,24.113941,5.977852,739.368103,5.00e-05,9575.94,1926.50,5805388,N/A,2025-08-11 18:52:43
1820,20.953722,5.977852,739.368103,5.00e-05,9560.51,1980.00,5809348,1.0000,2025-08-11 18:52:44
1821,19.685410,5.977852,739.368103,5.00e-05,9504.27,1641.50,5812631,N/A,2025-08-11 18:52:44
1822,28.836266,5.977852,739.368103,5.00e-05,9810.71,1998.50,5816628,N/A,2025-08-11 18:52:44
1823,22.683357,5.977852,739.368103,5.00e-05,10020.05,1682.50,5819993,N/A,2025-08-11 18:52:45
1824,11.139795,5.977852,739.368103,5.00e-05,9547.29,1088.50,5822170,N/A,2025-08-11 18:52:45
1825,26.822834,5.977852,739.368103,5.00e-05,9779.40,1567.50,5825305,N/A,2025-08-11 18:52:46
1826,24.528440,5.977852,739.368103,5.00e-05,9895.34,1921.50,5829148,N/A,2025-08-11 18:52:46
1827,19.438807,5.977852,739.368103,5.00e-05,9749.16,1565.50,5832279,N/A,2025-08-11 18:52:46
1828,18.716530,5.977852,739.368103,5.00e-05,9820.75,1702.00,5835683,N/A,2025-08-11 18:52:47
1829,22.106604,5.977852,739.368103,5.00e-05,9890.54,1737.00,5839157,N/A,2025-08-11 18:52:47
1830,14.542560,5.977852,739.368103,5.00e-05,9219.16,1411.00,5841979,1.0000,2025-08-11 18:52:48
1831,17.939081,5.977852,739.368103,5.00e-05,9135.38,1622.50,5845224,N/A,2025-08-11 18:52:48
1832,12.542172,5.977852,739.368103,5.00e-05,8619.37,1080.00,5847384,N/A,2025-08-11 18:52:48
1833,15.100563,5.977852,739.368103,5.00e-05,8285.89,1292.50,5849969,N/A,2025-08-11 18:52:49
1834,20.316174,5.977852,739.368103,5.00e-05,8761.64,1942.00,5853853,N/A,2025-08-11 18:52:49
1835,21.694183,5.977852,739.368103,5.00e-05,8748.36,1629.50,5857112,N/A,2025-08-11 18:52:50
1836,18.924778,5.977852,739.368103,5.00e-05,8537.63,1490.00,5860092,N/A,2025-08-11 18:52:50
1837,19.082785,5.977852,739.368103,5.00e-05,8592.21,1750.00,5863592,N/A,2025-08-11 18:52:50
1838,13.635970,5.977852,739.368103,5.00e-05,8239.93,1091.50,5865775,N/A,2025-08-11 18:52:51
1839,25.497213,5.977852,739.368103,5.00e-05,8529.04,1946.50,5869668,N/A,2025-08-11 18:52:51
1840,22.871521,5.977852,739.368103,5.00e-05,8655.75,1780.00,5873228,1.0000,2025-08-11 18:52:52
1841,19.234768,5.977852,739.368103,5.00e-05,8496.66,1319.00,5875866,N/A,2025-08-11 18:52:52
1842,16.787691,5.977852,739.368103,5.00e-05,8763.23,1500.00,5878866,N/A,2025-08-11 18:52:52
1843,16.926088,5.977852,739.368103,5.00e-05,8829.75,1521.50,5881909,N/A,2025-08-11 18:52:53
1844,25.587345,5.977852,739.368103,5.00e-05,8750.56,1749.00,5885407,N/A,2025-08-11 18:52:53
1845,20.963593,5.977852,739.368103,5.00e-05,8839.61,1811.00,5889029,N/A,2025-08-11 18:52:54
1846,14.642679,5.977852,739.368103,5.00e-05,8714.53,1185.50,5891400,N/A,2025-08-11 18:52:54
1847,25.785419,5.977852,739.368103,5.00e-05,8848.24,1970.50,5895341,N/A,2025-08-11 18:52:54
1848,17.397541,5.977852,739.368103,5.00e-05,9138.73,1407.00,5898155,N/A,2025-08-11 18:52:55
1849,23.229038,5.977852,739.368103,5.00e-05,9264.18,1962.50,5902080,N/A,2025-08-11 18:52:55
1850,23.420876,5.977852,739.368103,5.00e-05,9134.64,1945.50,5905971,1.0000,2025-08-11 18:52:56
1851,13.179606,5.977852,739.368103,5.00e-05,9128.82,1230.50,5908432,N/A,2025-08-11 18:52:56
1852,25.069044,5.977852,739.368103,5.00e-05,9399.58,1933.50,5912299,N/A,2025-08-11 18:52:56
1853,23.233133,5.977852,739.368103,5.00e-05,9372.61,1559.50,5915418,N/A,2025-08-11 18:52:57
1854,14.412399,5.977852,739.368103,5.00e-05,9108.49,1335.00,5918088,N/A,2025-08-11 18:52:57
1855,20.410482,5.977852,739.368103,5.00e-05,8997.00,1591.50,5921271,N/A,2025-08-11 18:52:58
1856,23.831146,5.977852,739.368103,5.00e-05,9326.39,1867.50,5925006,N/A,2025-08-11 18:52:58
1857,19.708481,5.977852,739.368103,5.00e-05,8997.13,1367.50,5927741,N/A,2025-08-11 18:52:58
1858,19.504721,5.977852,739.368103,5.00e-05,9060.49,1443.00,5930627,N/A,2025-08-11 18:52:59
1859,17.092306,5.977852,739.368103,5.00e-05,8907.74,1341.00,5933309,N/A,2025-08-11 18:52:59
1860,21.592678,5.977852,739.368103,5.00e-05,8587.75,1699.50,5936708,1.0000,2025-08-11 18:53:00
1861,16.230816,5.977852,739.368103,5.00e-05,8715.07,1396.00,5939500,N/A,2025-08-11 18:53:00
1862,26.907318,5.977852,739.368103,5.00e-05,8735.17,1853.00,5943206,N/A,2025-08-11 18:53:00
1863,15.246091,5.977852,739.368103,5.00e-05,8637.58,1318.00,5945842,N/A,2025-08-11 18:53:01
1864,23.149290,5.977852,739.368103,5.00e-05,8489.79,1255.50,5948353,N/A,2025-08-11 18:53:01
1865,18.458878,5.977852,739.368103,5.00e-05,8525.98,1577.50,5951508,N/A,2025-08-11 18:53:02
1866,13.370734,5.977852,739.368103,5.00e-05,8131.10,1255.50,5954019,N/A,2025-08-11 18:53:02
1867,18.671494,5.977852,739.368103,5.00e-05,8179.00,1444.50,5956908,N/A,2025-08-11 18:53:02
1868,19.351587,5.977852,739.368103,5.00e-05,8182.92,1454.50,5959817,N/A,2025-08-11 18:53:03
1869,23.933548,5.977852,739.368103,5.00e-05,8479.59,1568.50,5962954,N/A,2025-08-11 18:53:03
1870,16.816547,5.977852,739.368103,5.00e-05,8017.95,1259.00,5965472,1.0000,2025-08-11 18:53:04
1871,18.814167,5.977852,739.368103,5.00e-05,8097.34,1512.50,5968497,N/A,2025-08-11 18:53:04
1872,19.300711,5.977852,739.368103,5.00e-05,7945.95,1593.00,5971683,N/A,2025-08-11 18:53:04
1873,18.879921,5.977852,739.368103,5.00e-05,8140.18,1528.50,5974740,N/A,2025-08-11 18:53:05
1874,14.751430,5.977852,739.368103,5.00e-05,8096.94,1155.50,5977051,N/A,2025-08-11 18:53:05
1875,22.502224,5.977852,739.368103,5.00e-05,8250.38,1773.50,5980598,N/A,2025-08-11 18:53:05
1876,20.220366,5.977852,739.368103,5.00e-05,8363.75,1469.50,5983537,N/A,2025-08-11 18:53:06
1877,19.491690,5.977852,739.368103,5.00e-05,8516.25,1699.50,5986936,N/A,2025-08-11 18:53:06
1878,28.763128,5.977852,739.368103,5.00e-05,8906.81,2041.00,5991018,N/A,2025-08-11 18:53:07
1879,21.586912,5.977852,739.368103,5.00e-05,9158.60,1586.50,5994191,N/A,2025-08-11 18:53:07
1880,22.834314,5.977852,739.368103,5.00e-05,9274.89,1922.50,5998036,1.0000,2025-08-11 18:53:07
1881,20.238770,5.977852,739.368103,5.00e-05,9105.24,1531.50,6001099,N/A,2025-08-11 18:53:08
1882,21.970293,5.977852,739.368103,5.00e-05,9344.99,2048.00,6005195,N/A,2025-08-11 18:53:08
1883,18.417521,5.977852,739.368103,5.00e-05,9187.24,1377.50,6007950,N/A,2025-08-11 18:53:09
1884,23.503462,5.977852,739.368103,5.00e-05,9568.55,1865.50,6011681,N/A,2025-08-11 18:53:09
1885,18.593531,5.977852,739.368103,5.00e-05,9565.02,1734.00,6015149,N/A,2025-08-11 18:53:09
1886,17.002970,5.977852,739.368103,5.00e-05,9569.87,1477.50,6018104,N/A,2025-08-11 18:53:10
1887,21.432566,5.977852,739.368103,5.00e-05,9593.98,1746.00,6021596,N/A,2025-08-11 18:53:10
1888,21.099445,5.977852,739.368103,5.00e-05,9331.10,1585.50,6024767,N/A,2025-08-11 18:53:11
1889,16.553463,5.977852,739.368103,5.00e-05,9451.95,1337.00,6027441,N/A,2025-08-11 18:53:11
1890,23.842648,5.977852,739.368103,5.00e-05,9471.05,1970.50,6031382,1.0000,2025-08-11 18:53:11
1891,18.484549,5.977852,739.368103,5.00e-05,9414.84,1404.00,6034190,N/A,2025-08-11 18:53:12
1892,20.810055,5.977852,739.368103,5.00e-05,9295.69,1789.00,6037768,N/A,2025-08-11 18:53:12
1893,23.329224,5.977852,739.368103,5.00e-05,9572.99,1827.50,6041423,N/A,2025-08-11 18:53:13
1894,14.704871,5.977852,739.368103,5.00e-05,9232.77,1384.50,6044192,N/A,2025-08-11 18:53:13
1895,18.642975,5.977852,739.368103,5.00e-05,9043.26,1400.50,6046993,N/A,2025-08-11 18:53:13
1896,19.323099,5.977852,739.368103,5.00e-05,9135.91,1652.50,6050298,N/A,2025-08-11 18:53:14
1897,19.501869,5.977852,739.368103,5.00e-05,8927.26,1383.50,6053065,N/A,2025-08-11 18:53:14
1898,23.109413,5.977852,739.368103,5.00e-05,9029.89,1779.00,6056623,N/A,2025-08-11 18:53:14
1899,14.556067,5.977852,739.368103,5.00e-05,9130.15,1324.50,6059272,N/A,2025-08-11 18:53:15
1900,18.745701,5.977852,739.368103,5.00e-05,8818.83,1685.50,6062643,1.0000,2025-08-11 18:53:15
1901,17.263000,5.977852,739.368103,5.00e-05,7429.19,1717.50,6066078,N/A,2025-08-11 18:53:16
1902,20.515577,5.977852,739.368103,5.00e-05,7450.87,1927.00,6069932,N/A,2025-08-11 18:53:17
1903,21.557888,5.977852,739.368103,5.00e-05,7375.82,1590.00,6073112,N/A,2025-08-11 18:53:17
1904,20.055676,5.977852,739.368103,5.00e-05,7482.49,1606.00,6076324,N/A,2025-08-11 18:53:18
1905,20.816515,5.977852,739.368103,5.00e-05,7524.33,1560.00,6079444,N/A,2025-08-11 18:53:18
1906,18.790398,5.977852,739.368103,5.00e-05,7526.50,1650.00,6082744,N/A,2025-08-11 18:53:18
1907,20.479916,5.977852,739.368103,5.00e-05,7534.83,1597.00,6085938,N/A,2025-08-11 18:53:19
1908,16.880089,5.977852,739.368103,5.00e-05,7387.76,1351.50,6088641,N/A,2025-08-11 18:53:19
1909,25.760765,5.977852,739.368103,5.00e-05,7823.02,2048.00,6092737,N/A,2025-08-11 18:53:20
1910,15.546685,5.977852,739.368103,5.00e-05,9035.18,1205.50,6095148,1.0000,2025-08-11 18:53:20
1911,20.993191,5.977852,739.368103,5.00e-05,9153.31,1886.50,6098921,N/A,2025-08-11 18:53:20
1912,21.829720,5.977852,739.368103,5.00e-05,8866.61,1433.50,6101788,N/A,2025-08-11 18:53:21
1913,14.607916,5.977852,739.368103,5.00e-05,8743.50,1369.00,6104526,N/A,2025-08-11 18:53:21
1914,20.076878,5.977852,739.368103,5.00e-05,8754.85,1624.00,6107774,N/A,2025-08-11 18:53:22
1915,14.031425,5.977852,739.368103,5.00e-05,8528.28,1188.00,6110150,N/A,2025-08-11 18:53:22
1916,23.279716,5.977852,739.368103,5.00e-05,8786.04,1874.00,6113898,N/A,2025-08-11 18:53:22
1917,20.018654,5.977852,739.368103,5.00e-05,8813.02,1694.50,6117287,N/A,2025-08-11 18:53:23
1918,14.818644,5.977852,739.368103,5.00e-05,8750.70,1284.00,6119855,N/A,2025-08-11 18:53:23
1919,24.775265,5.977852,739.368103,5.00e-05,8916.22,1986.50,6123828,N/A,2025-08-11 18:53:24
1920,19.100752,5.977852,739.368103,5.00e-05,8982.00,1629.00,6127086,1.0000,2025-08-11 18:53:24
1921,20.388647,5.977852,739.368103,5.00e-05,8810.09,1572.50,6130231,N/A,2025-08-11 18:53:24
1922,20.789505,5.977852,739.368103,5.00e-05,9100.99,1942.50,6134116,N/A,2025-08-11 18:53:25
1923,19.221193,5.977852,739.368103,5.00e-05,9182.99,1395.50,6136907,N/A,2025-08-11 18:53:25
1924,15.131008,5.977852,739.368103,5.00e-05,9084.25,1412.00,6139731,N/A,2025-08-11 18:53:26
1925,18.627718,5.977852,739.368103,5.00e-05,9417.53,1791.50,6143314,N/A,2025-08-11 18:53:26
1926,14.631151,5.977852,739.368103,5.00e-05,8999.62,1113.50,6145541,N/A,2025-08-11 18:53:26
1927,17.809023,5.977852,739.368103,5.00e-05,8896.29,1560.00,6148661,N/A,2025-08-11 18:53:27
1928,18.742397,5.977852,739.368103,5.00e-05,9013.46,1491.00,6151643,N/A,2025-08-11 18:53:27
1929,17.150938,5.977852,739.368103,5.00e-05,9012.41,1611.00,6154865,N/A,2025-08-11 18:53:27
1930,12.084476,5.977852,739.368103,5.00e-05,8483.83,1128.50,6157122,1.0000,2025-08-11 18:53:28
1931,13.242065,5.977852,739.368103,5.00e-05,8208.70,1095.50,6159313,N/A,2025-08-11 18:53:28
1932,15.373894,5.977852,739.368103,5.00e-05,7918.06,1437.50,6162188,N/A,2025-08-11 18:53:29
1933,22.791494,5.977852,739.368103,5.00e-05,8131.15,1760.50,6165709,N/A,2025-08-11 18:53:29
1934,22.002201,5.977852,739.368103,5.00e-05,8276.06,1748.00,6169205,N/A,2025-08-11 18:53:29
1935,16.399681,5.977852,739.368103,5.00e-05,8129.29,1509.50,6172224,N/A,2025-08-11 18:53:30
1936,22.388247,5.977852,739.368103,5.00e-05,8375.40,1655.00,6175534,N/A,2025-08-11 18:53:30
1937,16.572033,5.977852,739.368103,5.00e-05,8207.61,1261.50,6178057,N/A,2025-08-11 18:53:31
1938,17.507315,5.977852,739.368103,5.00e-05,8181.17,1515.00,6181087,N/A,2025-08-11 18:53:31
1939,26.702631,5.977852,739.368103,5.00e-05,8605.49,1949.00,6184985,N/A,2025-08-11 18:53:31
1940,13.387863,5.977852,739.368103,5.00e-05,8592.72,1362.50,6187710,1.0000,2025-08-11 18:53:32
1941,15.154256,5.977852,739.368103,5.00e-05,8739.19,1350.00,6190410,N/A,2025-08-11 18:53:32
1942,20.656755,5.977852,739.368103,5.00e-05,8762.77,1489.00,6193388,N/A,2025-08-11 18:53:33
1943,23.115265,5.977852,739.368103,5.00e-05,8829.59,1886.50,6197161,N/A,2025-08-11 18:53:33
1944,21.666527,5.977852,739.368103,5.00e-05,8956.92,1948.50,6201058,N/A,2025-08-11 18:53:33
1945,16.149084,5.977852,739.368103,5.00e-05,9068.64,1452.00,6203962,N/A,2025-08-11 18:53:34
1946,15.342738,5.977852,739.368103,5.00e-05,8985.85,1503.50,6206969,N/A,2025-08-11 18:53:34
1947,28.664124,5.977852,739.368103,5.00e-05,9379.16,1881.00,6210731,N/A,2025-08-11 18:53:35
1948,15.687016,5.977852,739.368103,5.00e-05,9156.04,1266.00,6213263,N/A,2025-08-11 18:53:35
1949,25.213671,5.977852,739.368103,5.00e-05,9204.58,1750.50,6216764,N/A,2025-08-11 18:53:35
1950,16.424404,5.977852,739.368103,5.00e-05,8919.16,1284.00,6219332,1.0000,2025-08-11 18:53:36
1951,27.725313,5.977852,739.368103,5.00e-05,9286.14,2007.50,6223347,N/A,2025-08-11 18:53:36
1952,24.763403,5.977852,739.368103,5.00e-05,9417.47,1733.50,6226814,N/A,2025-08-11 18:53:37
1953,21.752119,5.977852,739.368103,5.00e-05,9442.54,1966.50,6230747,N/A,2025-08-11 18:53:37
1954,13.181195,5.977852,739.368103,5.00e-05,8985.45,1146.00,6233039,N/A,2025-08-11 18:53:37
1955,19.549028,5.977852,739.368103,5.00e-05,9035.64,1574.50,6236188,N/A,2025-08-11 18:53:38
1956,17.721695,5.977852,739.368103,5.00e-05,8903.92,1314.50,6238817,N/A,2025-08-11 18:53:38
1957,23.911772,5.977852,739.368103,5.00e-05,8959.40,1821.50,6242460,N/A,2025-08-11 18:53:38
1958,16.535610,5.977852,739.368103,5.00e-05,9047.14,1434.50,6245329,N/A,2025-08-11 18:53:39
1959,18.147858,5.977852,739.368103,5.00e-05,9180.06,1580.00,6248489,N/A,2025-08-11 18:53:39
1960,18.103516,5.977852,739.368103,5.00e-05,9062.19,1365.50,6251220,1.0000,2025-08-11 18:53:40
1961,19.469660,5.977852,739.368103,5.00e-05,8746.90,1328.00,6253876,N/A,2025-08-11 18:53:40
1962,20.598953,5.977852,739.368103,5.00e-05,8710.60,1640.00,6257156,N/A,2025-08-11 18:53:40
1963,18.113176,5.977852,739.368103,5.00e-05,8469.61,1593.00,6260342,N/A,2025-08-11 18:53:41
1964,20.181866,5.977852,739.368103,5.00e-05,8813.67,1706.00,6263754,N/A,2025-08-11 18:53:41
1965,22.714918,5.977852,739.368103,5.00e-05,8964.99,1782.00,6267318,N/A,2025-08-11 18:53:42
1966,20.718317,5.977852,739.368103,5.00e-05,9163.65,1751.00,6270820,N/A,2025-08-11 18:53:42
1967,14.070106,5.977852,739.368103,5.00e-05,8776.61,1156.50,6273133,N/A,2025-08-11 18:53:42
1968,18.882971,5.977852,739.368103,5.00e-05,8839.28,1575.50,6276284,N/A,2025-08-11 18:53:43
1969,15.673214,5.977852,739.368103,5.00e-05,9063.18,1743.00,6279770,N/A,2025-08-11 18:53:43
1970,19.020048,5.977852,739.368103,5.00e-05,8911.43,1402.50,6282575,1.0000,2025-08-11 18:53:44
1971,14.646316,5.977852,739.368103,5.00e-05,8872.10,1270.00,6285115,N/A,2025-08-11 18:53:44
1972,16.882339,5.977852,739.368103,5.00e-05,8671.07,1247.50,6287610,N/A,2025-08-11 18:53:44
1973,14.127932,5.977852,739.368103,5.00e-05,8391.82,1090.50,6289791,N/A,2025-08-11 18:53:45
1974,26.652439,5.977852,739.368103,5.00e-05,8462.00,2033.00,6293857,N/A,2025-08-11 18:53:45
1975,27.135845,5.977852,739.368103,5.00e-05,8610.16,2011.00,6297879,N/A,2025-08-11 18:53:46
1976,20.085636,5.977852,739.368103,5.00e-05,8496.22,1540.50,6300960,N/A,2025-08-11 18:53:46
1977,16.053267,5.977852,739.368103,5.00e-05,8616.74,1308.00,6303576,N/A,2025-08-11 18:53:46
1978,18.844099,5.977852,739.368103,5.00e-05,8502.36,1471.50,6306519,N/A,2025-08-11 18:53:47
1979,14.077313,5.977852,739.368103,5.00e-05,8256.08,1125.00,6308769,N/A,2025-08-11 18:53:47
1980,20.579298,5.977852,739.368103,5.00e-05,8396.56,1940.50,6312650,1.0000,2025-08-11 18:53:48
1981,16.327526,5.977852,739.368103,5.00e-05,8414.44,1379.50,6315409,N/A,2025-08-11 18:53:48
1982,24.071836,5.977852,739.368103,5.00e-05,8815.77,1989.50,6319388,N/A,2025-08-11 18:53:48
1983,14.436282,5.977852,739.368103,5.00e-05,8957.77,1143.50,6321675,N/A,2025-08-11 18:53:49
1984,14.773613,5.977852,739.368103,5.00e-05,8605.69,1407.00,6324489,N/A,2025-08-11 18:53:49
1985,19.662979,5.977852,739.368103,5.00e-05,8457.22,1746.50,6327982,N/A,2025-08-11 18:53:49
1986,13.259446,5.977852,739.368103,5.00e-05,8161.55,1161.00,6330304,N/A,2025-08-11 18:53:50
1987,15.872774,5.977852,739.368103,5.00e-05,8264.94,1338.00,6332980,N/A,2025-08-11 18:53:50
1988,15.514093,5.977852,739.368103,5.00e-05,8135.32,1284.00,6335548,N/A,2025-08-11 18:53:51
1989,13.573177,5.977852,739.368103,5.00e-05,8311.80,1250.00,6338048,N/A,2025-08-11 18:53:51
1990,24.112240,5.977852,739.368103,5.00e-05,8140.41,1871.50,6341791,1.0000,2025-08-11 18:53:52
1991,27.559486,5.977852,739.368103,5.00e-05,8512.86,2048.00,6345887,N/A,2025-08-11 18:53:52
1992,18.698313,5.977852,739.368103,5.00e-05,8221.89,1449.50,6348786,N/A,2025-08-11 18:53:52
1993,16.242830,5.977852,739.368103,5.00e-05,8369.60,1398.50,6351583,N/A,2025-08-11 18:53:53
1994,20.654177,5.977852,739.368103,5.00e-05,8565.80,1838.50,6355260,N/A,2025-08-11 18:53:53
1995,24.096416,5.977852,739.368103,5.00e-05,8790.22,2010.50,6359281,N/A,2025-08-11 18:53:53
1996,18.060150,5.977852,739.368103,5.00e-05,9142.14,1775.50,6362832,N/A,2025-08-11 18:53:54
1997,20.586857,5.977852,739.368103,5.00e-05,9462.91,1766.50,6366365,N/A,2025-08-11 18:53:54
1998,22.570993,5.977852,739.368103,5.00e-05,9845.35,1848.50,6370062,N/A,2025-08-11 18:53:55
1999,24.761692,5.977852,739.368103,5.00e-05,10373.17,1902.00,6373866,N/A,2025-08-11 18:53:55
2000,19.180677,7.314148,3081.997070,5.00e-05,1882.52,1796.00,6377458,N/A,2025-08-11 18:54:11
2001,17.430645,7.314148,3081.997070,5.00e-05,1761.96,1554.50,6380567,N/A,2025-08-11 18:54:12
2002,19.109457,7.314148,3081.997070,5.00e-05,1800.38,1830.50,6384228,N/A,2025-08-11 18:54:12
2003,18.850592,7.314148,3081.997070,5.00e-05,1831.22,1696.00,6387620,N/A,2025-08-11 18:54:13
2004,16.477736,7.314148,3081.997070,5.00e-05,1774.06,1294.00,6390208,N/A,2025-08-11 18:54:13
2005,17.858643,7.314148,3081.997070,5.00e-05,1720.72,1498.50,6393205,N/A,2025-08-11 18:54:14
2006,16.305941,7.314148,3081.997070,5.00e-05,1676.19,1338.50,6395882,N/A,2025-08-11 18:54:14
2007,18.916037,7.314148,3081.997070,5.00e-05,1664.36,1648.50,6399179,N/A,2025-08-11 18:54:14
2008,15.969018,7.314148,3081.997070,5.00e-05,1606.35,1259.00,6401697,N/A,2025-08-11 18:54:15
2009,14.727572,7.314148,3081.997070,5.00e-05,7160.37,1192.00,6404081,N/A,2025-08-11 18:54:15
2010,18.815403,7.314148,3081.997070,5.00e-05,8359.80,1646.00,6407373,1.0000,2025-08-11 18:54:16
2011,17.363611,7.314148,3081.997070,5.00e-05,8229.07,1380.50,6410134,N/A,2025-08-11 18:54:16
2012,16.559935,7.314148,3081.997070,5.00e-05,7887.12,1249.50,6412633,N/A,2025-08-11 18:54:16
2013,21.074566,7.314148,3081.997070,5.00e-05,8124.22,2048.00,6416729,N/A,2025-08-11 18:54:17
2014,16.461237,7.314148,3081.997070,5.00e-05,8140.86,1261.50,6419252,N/A,2025-08-11 18:54:17
2015,21.343180,7.314148,3081.997070,5.00e-05,8181.62,1558.50,6422369,N/A,2025-08-11 18:54:17
2016,24.300621,7.314148,3081.997070,5.00e-05,8382.63,1787.00,6425943,N/A,2025-08-11 18:54:18
2017,22.233538,7.314148,3081.997070,5.00e-05,8438.36,1829.50,6429602,N/A,2025-08-11 18:54:18
2018,17.486010,7.314148,3081.997070,5.00e-05,8375.14,1280.00,6432162,N/A,2025-08-11 18:54:19
2019,24.032221,7.314148,3081.997070,5.00e-05,9006.91,1925.00,6436012,N/A,2025-08-11 18:54:19
2020,18.579790,7.314148,3081.997070,5.00e-05,8837.29,1663.00,6439338,1.0000,2025-08-11 18:54:20
2021,22.632696,7.314148,3081.997070,5.00e-05,9056.11,1762.00,6442862,N/A,2025-08-11 18:54:20
2022,19.601774,7.314148,3081.997070,5.00e-05,9289.56,1666.00,6446194,N/A,2025-08-11 18:54:20
2023,19.918879,7.314148,3081.997070,5.00e-05,9153.73,1815.50,6449825,N/A,2025-08-11 18:54:21
2024,20.375299,7.314148,3081.997070,5.00e-05,9287.88,1503.50,6452832,N/A,2025-08-11 18:54:21
2025,19.852760,7.314148,3081.997070,5.00e-05,9358.22,1744.00,6456320,N/A,2025-08-11 18:54:22
2026,26.212889,7.314148,3081.997070,5.00e-05,9485.64,1916.00,6460152,N/A,2025-08-11 18:54:22
2027,19.602552,7.314148,3081.997070,5.00e-05,9483.36,1576.50,6463305,N/A,2025-08-11 18:54:22
2028,17.148895,7.314148,3081.997070,5.00e-05,9546.66,1585.00,6466475,N/A,2025-08-11 18:54:23
2029,20.694204,7.314148,3081.997070,5.00e-05,9583.29,1621.00,6469717,N/A,2025-08-11 18:54:23
2030,19.519972,7.314148,3081.997070,5.00e-05,9398.90,1584.50,6472886,1.0000,2025-08-11 18:54:24
2031,12.207162,7.314148,3081.997070,5.00e-05,9025.62,1096.50,6475079,N/A,2025-08-11 18:54:24
2032,18.562141,7.314148,3081.997070,5.00e-05,8933.76,1495.00,6478069,N/A,2025-08-11 18:54:24
2033,21.837765,7.314148,3081.997070,5.00e-05,8754.62,1645.50,6481360,N/A,2025-08-11 18:54:25
2034,19.769598,7.314148,3081.997070,5.00e-05,8913.81,1729.50,6484819,N/A,2025-08-11 18:54:25
2035,17.824156,7.314148,3081.997070,5.00e-05,8875.49,1695.00,6488209,N/A,2025-08-11 18:54:25
2036,18.330959,7.314148,3081.997070,5.00e-05,8727.63,1643.00,6491495,N/A,2025-08-11 18:54:26
2037,23.173473,7.314148,3081.997070,5.00e-05,9041.29,1942.50,6495380,N/A,2025-08-11 18:54:26
2038,24.079737,7.314148,3081.997070,5.00e-05,9238.33,1839.00,6499058,N/A,2025-08-11 18:54:27
2039,18.148613,7.314148,3081.997070,5.00e-05,9423.53,1612.00,6502282,N/A,2025-08-11 18:54:27
2040,11.601094,7.314148,3081.997070,5.00e-05,8936.71,1049.00,6504380,1.0000,2025-08-11 18:54:27
2041,21.766863,7.314148,3081.997070,5.00e-05,9204.08,1792.00,6507964,N/A,2025-08-11 18:54:28
2042,15.351336,7.314148,3081.997070,5.00e-05,9231.23,1426.50,6510817,N/A,2025-08-11 18:54:28
2043,23.765394,7.314148,3081.997070,5.00e-05,9447.40,2048.00,6514913,N/A,2025-08-11 18:54:29
2044,13.286747,7.314148,3081.997070,5.00e-05,9158.38,1207.50,6517328,N/A,2025-08-11 18:54:29
2045,22.402292,7.314148,3081.997070,5.00e-05,9157.79,1700.00,6520728,N/A,2025-08-11 18:54:29
2046,19.755594,7.314148,3081.997070,5.00e-05,9078.16,1522.00,6523772,N/A,2025-08-11 18:54:30
2047,22.055635,7.314148,3081.997070,5.00e-05,9067.68,1910.50,6527593,N/A,2025-08-11 18:54:30
2048,16.042387,7.314148,3081.997070,5.00e-05,8732.75,1324.00,6530241,N/A,2025-08-11 18:54:31
2049,29.052464,7.314148,3081.997070,5.00e-05,9099.54,1950.00,6534141,N/A,2025-08-11 18:54:31
2050,16.732685,7.314148,3081.997070,5.00e-05,9168.71,1302.50,6536746,1.0000,2025-08-11 18:54:31
2051,27.334095,7.314148,3081.997070,5.00e-05,9171.59,1988.50,6540723,N/A,2025-08-11 18:54:32
2052,20.264452,7.314148,3081.997070,5.00e-05,9408.65,1739.00,6544201,N/A,2025-08-11 18:54:32
2053,25.862400,7.314148,3081.997070,5.00e-05,9324.08,1898.50,6547998,N/A,2025-08-11 18:54:33
2054,18.247700,7.314148,3081.997070,5.00e-05,9223.35,1147.00,6550292,N/A,2025-08-11 18:54:33
2055,14.461362,7.314148,3081.997070,5.00e-05,8969.17,1241.00,6552774,N/A,2025-08-11 18:54:33
2056,19.650185,7.314148,3081.997070,5.00e-05,8918.35,1473.50,6555721,N/A,2025-08-11 18:54:34
2057,28.516945,7.314148,3081.997070,5.00e-05,8980.14,1925.50,6559572,N/A,2025-08-11 18:54:34
2058,16.906204,7.314148,3081.997070,5.00e-05,8988.07,1336.00,6562244,N/A,2025-08-11 18:54:35
2059,14.779725,7.314148,3081.997070,5.00e-05,8716.36,1158.00,6564560,N/A,2025-08-11 18:54:35
2060,21.930645,7.314148,3081.997070,5.00e-05,8815.44,1517.50,6567595,1.0000,2025-08-11 18:54:35
2061,16.230909,7.314148,3081.997070,5.00e-05,8526.39,1478.00,6570551,N/A,2025-08-11 18:54:36
2062,25.548363,7.314148,3081.997070,5.00e-05,8645.47,1939.50,6574430,N/A,2025-08-11 18:54:36
2063,20.483637,7.314148,3081.997070,5.00e-05,8664.04,1805.50,6578041,N/A,2025-08-11 18:54:36
2064,22.687916,7.314148,3081.997070,5.00e-05,8778.59,1472.50,6580986,N/A,2025-08-11 18:54:37
2065,16.067726,7.314148,3081.997070,5.00e-05,8847.40,1329.50,6583645,N/A,2025-08-11 18:54:37
2066,18.573767,7.314148,3081.997070,5.00e-05,8757.55,1462.00,6586569,N/A,2025-08-11 18:54:38
2067,21.380188,7.314148,3081.997070,5.00e-05,8676.39,1885.00,6590339,N/A,2025-08-11 18:54:38
2068,21.964312,7.314148,3081.997070,5.00e-05,8884.08,1737.00,6593813,N/A,2025-08-11 18:54:38
2069,20.593966,7.314148,3081.997070,5.00e-05,9276.25,1579.50,6596972,N/A,2025-08-11 18:54:39
2070,24.925720,7.314148,3081.997070,5.00e-05,9365.99,1945.50,6600863,1.0000,2025-08-11 18:54:39
2071,19.989563,7.314148,3081.997070,5.00e-05,9528.53,1775.00,6604413,N/A,2025-08-11 18:54:40
2072,23.145887,7.314148,3081.997070,5.00e-05,9367.00,1700.50,6607814,N/A,2025-08-11 18:54:40
2073,20.070780,7.314148,3081.997070,5.00e-05,9369.80,1663.50,6611141,N/A,2025-08-11 18:54:40
2074,20.138254,7.314148,3081.997070,5.00e-05,9453.61,1629.00,6614399,N/A,2025-08-11 18:54:41
2075,20.337461,7.314148,3081.997070,5.00e-05,9629.73,1740.00,6617879,N/A,2025-08-11 18:54:41
2076,10.643301,7.314148,3081.997070,5.00e-05,9445.65,1069.50,6620018,N/A,2025-08-11 18:54:42
2077,17.126841,7.314148,3081.997070,5.00e-05,9299.67,1574.50,6623167,N/A,2025-08-11 18:54:42
2078,24.238626,7.314148,3081.997070,5.00e-05,9440.73,1970.50,6627108,N/A,2025-08-11 18:54:42
2079,14.271474,7.314148,3081.997070,5.00e-05,9321.14,1197.50,6629503,N/A,2025-08-11 18:54:43
2080,19.333061,7.314148,3081.997070,5.00e-05,9010.75,1787.50,6633078,1.0000,2025-08-11 18:54:43
2081,16.600061,7.314148,3081.997070,5.00e-05,8652.32,1235.50,6635549,N/A,2025-08-11 18:54:44
2082,25.720514,7.314148,3081.997070,5.00e-05,8808.02,2048.00,6639645,N/A,2025-08-11 18:54:44
2083,22.159967,7.314148,3081.997070,5.00e-05,8988.17,2000.00,6643645,N/A,2025-08-11 18:54:44
2084,19.403008,7.314148,3081.997070,5.00e-05,9065.79,1526.00,6646697,N/A,2025-08-11 18:54:45
2085,22.992430,7.314148,3081.997070,5.00e-05,9109.10,1883.50,6650464,N/A,2025-08-11 18:54:45
2086,19.284605,7.314148,3081.997070,5.00e-05,9345.16,1481.50,6653427,N/A,2025-08-11 18:54:46
2087,15.775565,7.314148,3081.997070,5.00e-05,9179.52,1286.50,6656000,N/A,2025-08-11 18:54:46
2088,21.852238,7.314148,3081.997070,5.00e-05,9053.78,1715.00,6659430,N/A,2025-08-11 18:54:46
2089,16.776619,7.314148,3081.997070,5.00e-05,9533.48,1637.50,6662705,N/A,2025-08-11 18:54:47
2090,19.453281,7.314148,3081.997070,5.00e-05,9282.84,1573.00,6665851,1.0000,2025-08-11 18:54:47
2091,13.114480,7.314148,3081.997070,5.00e-05,9319.87,1218.00,6668287,N/A,2025-08-11 18:54:48
2092,22.116964,7.314148,3081.997070,5.00e-05,9040.24,1751.00,6671789,N/A,2025-08-11 18:54:48
2093,13.263033,7.314148,3081.997070,5.00e-05,8563.68,1172.00,6674133,N/A,2025-08-11 18:54:48
2094,25.219736,7.314148,3081.997070,5.00e-05,8692.99,1691.00,6677515,N/A,2025-08-11 18:54:49
2095,15.956818,7.314148,3081.997070,5.00e-05,8472.32,1492.50,6680500,N/A,2025-08-11 18:54:49
2096,21.908792,7.314148,3081.997070,5.00e-05,8594.38,1712.50,6683925,N/A,2025-08-11 18:54:49
2097,21.607569,7.314148,3081.997070,5.00e-05,8831.41,1655.50,6687236,N/A,2025-08-11 18:54:50
2098,24.356569,7.314148,3081.997070,5.00e-05,8893.85,1861.00,6690958,N/A,2025-08-11 18:54:50
2099,18.314314,7.314148,3081.997070,5.00e-05,9070.64,1600.00,6694158,N/A,2025-08-11 18:54:51
2100,19.690516,7.314148,3081.997070,5.00e-05,9011.73,1774.00,6697706,1.0000,2025-08-11 18:54:51
2101,25.223988,7.314148,3081.997070,5.00e-05,7647.74,1664.00,6701034,N/A,2025-08-11 18:54:52
2102,16.824156,7.314148,3081.997070,5.00e-05,7408.76,1316.50,6703667,N/A,2025-08-11 18:54:53
2103,21.050480,7.314148,3081.997070,5.00e-05,7562.89,1555.50,6706778,N/A,2025-08-11 18:54:53
2104,15.466406,7.314148,3081.997070,5.00e-05,7346.63,1225.50,6709229,N/A,2025-08-11 18:54:53
2105,21.240059,7.314148,3081.997070,5.00e-05,7498.60,1822.00,6712873,N/A,2025-08-11 18:54:54
2106,17.103151,7.314148,3081.997070,5.00e-05,7238.52,1332.00,6715537,N/A,2025-08-11 18:54:54
2107,17.767803,7.314148,3081.997070,5.00e-05,7216.51,1582.00,6718701,N/A,2025-08-11 18:54:55
2108,17.769232,7.314148,3081.997070,5.00e-05,7082.18,1580.00,6721861,N/A,2025-08-11 18:54:55
2109,19.384563,7.314148,3081.997070,5.00e-05,7280.01,1792.50,6725446,N/A,2025-08-11 18:54:55
2110,22.656666,7.314148,3081.997070,5.00e-05,8836.40,2043.50,6729533,1.0000,2025-08-11 18:54:56
2111,25.504166,7.314148,3081.997070,5.00e-05,9100.85,2037.00,6733607,N/A,2025-08-11 18:54:56
2112,29.782524,7.314148,3081.997070,5.00e-05,9468.82,1874.50,6737356,N/A,2025-08-11 18:54:57
2113,22.034796,7.314148,3081.997070,5.00e-05,9569.72,1808.00,6740972,N/A,2025-08-11 18:54:57
2114,10.986632,7.314148,3081.997070,5.00e-05,9466.10,1047.50,6743067,N/A,2025-08-11 18:54:57
2115,11.541017,7.314148,3081.997070,5.00e-05,9123.02,1030.00,6745127,N/A,2025-08-11 18:54:58
2116,25.203505,7.314148,3081.997070,5.00e-05,9330.72,1774.00,6748675,N/A,2025-08-11 18:54:58
2117,19.951458,7.314148,3081.997070,5.00e-05,9424.35,1745.50,6752166,N/A,2025-08-11 18:54:59
2118,18.049515,7.314148,3081.997070,5.00e-05,9230.15,1467.00,6755100,N/A,2025-08-11 18:54:59
2119,19.639540,7.314148,3081.997070,5.00e-05,9485.57,1901.00,6758902,N/A,2025-08-11 18:54:59
2120,19.535191,7.314148,3081.997070,5.00e-05,9048.88,1616.50,6762135,1.0000,2025-08-11 18:55:00
2121,24.984596,7.314148,3081.997070,5.00e-05,8990.09,2021.00,6766177,N/A,2025-08-11 18:55:00
2122,14.575240,7.314148,3081.997070,5.00e-05,8750.77,1365.00,6768907,N/A,2025-08-11 18:55:01
2123,17.205509,7.314148,3081.997070,5.00e-05,8566.35,1471.50,6771850,N/A,2025-08-11 18:55:01
2124,21.641054,7.314148,3081.997070,5.00e-05,9128.52,2005.00,6775860,N/A,2025-08-11 18:55:01
2125,12.800165,7.314148,3081.997070,5.00e-05,9170.58,1043.00,6777946,N/A,2025-08-11 18:55:02
2126,18.743420,7.314148,3081.997070,5.00e-05,9054.85,1629.50,6781205,N/A,2025-08-11 18:55:02
2127,22.978752,7.314148,3081.997070,5.00e-05,9196.95,1782.50,6784770,N/A,2025-08-11 18:55:02
2128,18.755640,7.314148,3081.997070,5.00e-05,9310.65,1658.50,6788087,N/A,2025-08-11 18:55:03
2129,16.355068,7.314148,3081.997070,5.00e-05,9243.16,1458.00,6791003,N/A,2025-08-11 18:55:03
2130,28.761934,7.314148,3081.997070,5.00e-05,9277.81,1991.00,6794985,1.0000,2025-08-11 18:55:04
2131,18.659719,7.314148,3081.997070,5.00e-05,9070.04,1657.00,6798299,N/A,2025-08-11 18:55:04
2132,11.491643,7.314148,3081.997070,5.00e-05,8868.59,1054.50,6800408,N/A,2025-08-11 18:55:05
2133,17.118925,7.314148,3081.997070,5.00e-05,8910.68,1553.50,6803515,N/A,2025-08-11 18:55:05
2134,16.800917,7.314148,3081.997070,5.00e-05,8545.88,1360.00,6806235,N/A,2025-08-11 18:55:05
2135,13.327473,7.314148,3081.997070,5.00e-05,8626.07,1161.50,6808558,N/A,2025-08-11 18:55:06
2136,24.635605,7.314148,3081.997070,5.00e-05,8737.93,2016.00,6812590,N/A,2025-08-11 18:55:06
2137,19.546520,7.314148,3081.997070,5.00e-05,8719.18,1658.50,6815907,N/A,2025-08-11 18:55:06
2138,24.866743,7.314148,3081.997070,5.00e-05,8956.86,2048.00,6820003,N/A,2025-08-11 18:55:07
2139,13.341917,7.314148,3081.997070,5.00e-05,9021.34,1185.00,6822373,N/A,2025-08-11 18:55:07
2140,18.949335,7.314148,3081.997070,5.00e-05,8649.82,1636.50,6825646,1.0000,2025-08-11 18:55:08
2141,20.117891,7.314148,3081.997070,5.00e-05,8569.36,1527.50,6828701,N/A,2025-08-11 18:55:08
2142,25.700846,7.314148,3081.997070,5.00e-05,8897.91,1851.50,6832404,N/A,2025-08-11 18:55:08
2143,15.956982,7.314148,3081.997070,5.00e-05,8797.75,1378.50,6835161,N/A,2025-08-11 18:55:09
2144,19.935026,7.314148,3081.997070,5.00e-05,9013.19,1689.50,6838540,N/A,2025-08-11 18:55:09
2145,22.465643,7.314148,3081.997070,5.00e-05,9358.76,1841.50,6842223,N/A,2025-08-11 18:55:10
2146,24.226229,7.314148,3081.997070,5.00e-05,9103.31,1851.00,6845925,N/A,2025-08-11 18:55:10
2147,16.796749,7.314148,3081.997070,5.00e-05,8992.46,1731.00,6849387,N/A,2025-08-11 18:55:11
2148,12.204453,7.314148,3081.997070,5.00e-05,8442.80,1239.50,6851866,N/A,2025-08-11 18:55:11
2149,14.964827,7.314148,3081.997070,5.00e-05,8421.70,1033.50,6853933,N/A,2025-08-11 18:55:11
2150,21.500959,7.314148,3081.997070,5.00e-05,8319.31,2048.00,6858029,1.0000,2025-08-11 18:55:12
2151,16.208782,7.314148,3081.997070,5.00e-05,8159.62,1264.50,6860558,N/A,2025-08-11 18:55:12
2152,18.639278,7.314148,3081.997070,5.00e-05,8024.07,1786.00,6864130,N/A,2025-08-11 18:55:13
2153,22.411306,7.314148,3081.997070,5.00e-05,8151.91,1721.00,6867572,N/A,2025-08-11 18:55:13
2154,21.429604,7.314148,3081.997070,5.00e-05,8192.39,1590.50,6870753,N/A,2025-08-11 18:55:14
2155,18.256016,7.314148,3081.997070,5.00e-05,8080.72,1610.50,6873974,N/A,2025-08-11 18:55:14
2156,15.375131,7.314148,3081.997070,5.00e-05,7811.48,1138.50,6876251,N/A,2025-08-11 18:55:14
2157,22.311047,7.314148,3081.997070,5.00e-05,7801.12,1795.50,6879842,N/A,2025-08-11 18:55:15
2158,19.833105,7.314148,3081.997070,5.00e-05,8087.55,1682.00,6883206,N/A,2025-08-11 18:55:15
2159,17.618074,7.314148,3081.997070,5.00e-05,8682.53,1728.50,6886663,N/A,2025-08-11 18:55:16
2160,8.128572,7.314148,3081.997070,5.00e-05,7670.68,604.00,6887871,1.0000,2025-08-11 18:55:16
2161,20.437267,7.314148,3081.997070,5.00e-05,6806.63,1749.00,6891369,N/A,2025-08-11 18:55:17
2162,17.255680,7.314148,3081.997070,5.00e-05,6781.31,1688.50,6894746,N/A,2025-08-11 18:55:18
2163,18.119173,7.314148,3081.997070,5.00e-05,6715.31,1566.50,6897879,N/A,2025-08-11 18:55:18
2164,19.177340,7.314148,3081.997070,5.00e-05,6933.09,1872.00,6901623,N/A,2025-08-11 18:55:19
2165,18.113194,7.314148,3081.997070,5.00e-05,7075.91,1873.00,6905369,N/A,2025-08-11 18:55:19
2166,19.772947,7.314148,3081.997070,5.00e-05,7411.98,1602.00,6908573,N/A,2025-08-11 18:55:19
2167,16.422434,7.314148,3081.997070,5.00e-05,7228.67,1442.00,6911457,N/A,2025-08-11 18:55:20
2168,15.131544,7.314148,3081.997070,5.00e-05,7163.03,1525.00,6914507,N/A,2025-08-11 18:55:20
2169,18.193623,7.314148,3081.997070,5.00e-05,7380.14,1516.50,6917540,N/A,2025-08-11 18:55:20
2170,25.539312,7.314148,3081.997070,5.00e-05,9388.13,1867.50,6921275,1.0000,2025-08-11 18:55:21
2171,20.602007,7.314148,3081.997070,5.00e-05,9493.59,1977.00,6925229,N/A,2025-08-11 18:55:21
2172,13.917700,7.314148,3081.997070,5.00e-05,9179.23,1102.00,6927433,N/A,2025-08-11 18:55:22
2173,14.809433,7.314148,3081.997070,5.00e-05,8862.29,1172.50,6929778,N/A,2025-08-11 18:55:22
2174,15.740931,7.314148,3081.997070,5.00e-05,8575.41,1380.00,6932538,N/A,2025-08-11 18:55:22
2175,17.762169,7.314148,3081.997070,5.00e-05,8347.20,1539.00,6935616,N/A,2025-08-11 18:55:23
2176,20.966036,7.314148,3081.997070,5.00e-05,8569.53,1954.00,6939524,N/A,2025-08-11 18:55:23
2177,17.014601,7.314148,3081.997070,5.00e-05,8574.16,1281.50,6942087,N/A,2025-08-11 18:55:24
2178,22.089231,7.314148,3081.997070,5.00e-05,8590.43,1577.00,6945241,N/A,2025-08-11 18:55:24
2179,12.565187,7.314148,3081.997070,5.00e-05,8457.15,1044.50,6947330,N/A,2025-08-11 18:55:24
2180,23.166517,7.314148,3081.997070,5.00e-05,8444.50,2048.00,6951426,1.0000,2025-08-11 18:55:25
2181,19.759365,7.314148,3081.997070,5.00e-05,8267.18,1623.50,6954673,N/A,2025-08-11 18:55:25
2182,21.648256,7.314148,3081.997070,5.00e-05,8900.29,2048.00,6958769,N/A,2025-08-11 18:55:26
2183,19.444134,7.314148,3081.997070,5.00e-05,9134.27,1659.00,6962087,N/A,2025-08-11 18:55:26
2184,20.111208,7.314148,3081.997070,5.00e-05,9352.49,1697.00,6965481,N/A,2025-08-11 18:55:26
2185,26.575396,7.314148,3081.997070,5.00e-05,9672.28,2048.00,6969577,N/A,2025-08-11 18:55:27
2186,18.958017,7.314148,3081.997070,5.00e-05,9558.24,1699.50,6972976,N/A,2025-08-11 18:55:27
2187,18.031942,7.314148,3081.997070,5.00e-05,9791.62,1698.50,6976373,N/A,2025-08-11 18:55:28
2188,13.141157,7.314148,3081.997070,5.00e-05,9461.47,1142.50,6978658,N/A,2025-08-11 18:55:28
2189,27.451334,7.314148,3081.997070,5.00e-05,10076.60,1923.00,6982504,N/A,2025-08-11 18:55:28
2190,18.925671,7.314148,3081.997070,5.00e-05,9676.72,1752.50,6986009,1.0000,2025-08-11 18:55:29
2191,19.156401,7.314148,3081.997070,5.00e-05,9370.91,1303.50,6988616,N/A,2025-08-11 18:55:29
2192,18.522146,7.314148,3081.997070,5.00e-05,9181.58,1635.50,6991887,N/A,2025-08-11 18:55:30
2193,17.110317,7.314148,3081.997070,5.00e-05,9111.80,1526.00,6994939,N/A,2025-08-11 18:55:30
2194,13.935088,7.314148,3081.997070,5.00e-05,8786.70,1111.50,6997162,N/A,2025-08-11 18:55:30
2195,23.974836,7.314148,3081.997070,5.00e-05,8718.07,2016.50,7001195,N/A,2025-08-11 18:55:31
2196,18.712965,7.314148,3081.997070,5.00e-05,8768.61,1829.50,7004854,N/A,2025-08-11 18:55:31
2197,17.060392,7.314148,3081.997070,5.00e-05,8717.74,1437.00,7007728,N/A,2025-08-11 18:55:32
2198,23.096247,7.314148,3081.997070,5.00e-05,9161.91,1821.50,7011371,N/A,2025-08-11 18:55:32
2199,21.810499,7.314148,3081.997070,5.00e-05,9321.26,1851.00,7015073,N/A,2025-08-11 18:55:32
2200,15.042658,7.314148,3081.997070,5.00e-05,8971.06,1465.00,7018003,1.0000,2025-08-11 18:55:33
2201,20.088600,7.314148,3081.997070,5.00e-05,7664.56,1767.50,7021538,N/A,2025-08-11 18:55:34
2202,24.607763,7.314148,3081.997070,5.00e-05,7807.11,1936.50,7025411,N/A,2025-08-11 18:55:34
2203,14.452786,7.314148,3081.997070,5.00e-05,7646.98,1185.50,7027782,N/A,2025-08-11 18:55:35
2204,23.155903,7.314148,3081.997070,5.00e-05,8067.84,1909.00,7031600,N/A,2025-08-11 18:55:35
2205,17.974663,7.314148,3081.997070,5.00e-05,7911.56,1635.50,7034871,N/A,2025-08-11 18:55:35
2206,23.359030,7.314148,3081.997070,5.00e-05,8008.93,2048.00,7038967,N/A,2025-08-11 18:55:36
2207,17.011444,7.314148,3081.997070,5.00e-05,7996.53,1398.50,7041764,N/A,2025-08-11 18:55:36
2208,19.127489,7.314148,3081.997070,5.00e-05,7976.74,1753.00,7045270,N/A,2025-08-11 18:55:37
2209,18.558689,7.314148,3081.997070,5.00e-05,8027.17,1528.00,7048326,N/A,2025-08-11 18:55:37
2210,14.645728,7.314148,3081.997070,5.00e-05,9463.62,1253.00,7050832,1.0000,2025-08-11 18:55:37
2211,17.696241,7.314148,3081.997070,5.00e-05,9287.05,1586.00,7054004,N/A,2025-08-11 18:55:38
2212,13.516762,7.314148,3081.997070,5.00e-05,8811.29,1143.00,7056290,N/A,2025-08-11 18:55:38
2213,16.836506,7.314148,3081.997070,5.00e-05,9018.10,1572.00,7059434,N/A,2025-08-11 18:55:39
2214,15.010873,7.314148,3081.997070,5.00e-05,8630.77,1362.00,7062158,N/A,2025-08-11 18:55:39
2215,21.509600,7.314148,3081.997070,5.00e-05,8743.12,1916.50,7065991,N/A,2025-08-11 18:55:39
2216,20.228977,7.314148,3081.997070,5.00e-05,8644.00,1903.00,7069797,N/A,2025-08-11 18:55:40
2217,16.020582,7.314148,3081.997070,5.00e-05,8650.33,1438.50,7072674,N/A,2025-08-11 18:55:40
2218,20.468504,7.314148,3081.997070,5.00e-05,8777.25,1954.00,7076582,N/A,2025-08-11 18:55:41
2219,29.200535,7.314148,3081.997070,5.00e-05,9118.76,1861.00,7080304,N/A,2025-08-11 18:55:41
2220,19.602901,7.314148,3081.997070,5.00e-05,9263.04,1661.00,7083626,1.0000,2025-08-11 18:55:41
2221,17.093185,7.314148,3081.997070,5.00e-05,9234.60,1487.50,7086601,N/A,2025-08-11 18:55:42
2222,21.518785,7.314148,3081.997070,5.00e-05,9540.36,1672.00,7089945,N/A,2025-08-11 18:55:42
2223,22.625250,7.314148,3081.997070,5.00e-05,9823.06,1914.50,7093774,N/A,2025-08-11 18:55:42
2224,20.722736,7.314148,3081.997070,5.00e-05,10000.95,1670.00,7097114,N/A,2025-08-11 18:55:43
2225,13.988340,7.314148,3081.997070,5.00e-05,9755.04,1576.50,7100267,N/A,2025-08-11 18:55:43
2226,20.616821,7.314148,3081.997070,5.00e-05,9711.65,1852.50,7103972,N/A,2025-08-11 18:55:44
2227,20.591379,7.314148,3081.997070,5.00e-05,9877.90,1695.00,7107362,N/A,2025-08-11 18:55:44
2228,21.524485,7.314148,3081.997070,5.00e-05,9753.66,1726.00,7110814,N/A,2025-08-11 18:55:44
2229,18.956484,7.314148,3081.997070,5.00e-05,9709.87,1504.50,7113823,N/A,2025-08-11 18:55:45
2230,15.455480,7.314148,3081.997070,5.00e-05,9326.31,1271.50,7116366,1.0000,2025-08-11 18:55:45
2231,21.424864,7.314148,3081.997070,5.00e-05,9404.08,1647.50,7119661,N/A,2025-08-11 18:55:46
2232,14.270621,7.314148,3081.997070,5.00e-05,9204.97,1328.50,7122318,N/A,2025-08-11 18:55:46
2233,18.570854,7.314148,3081.997070,5.00e-05,9095.37,1729.50,7125777,N/A,2025-08-11 18:55:46
2234,16.948904,7.314148,3081.997070,5.00e-05,9014.64,1426.50,7128630,N/A,2025-08-11 18:55:47
2235,21.987272,7.314148,3081.997070,5.00e-05,9201.33,1867.00,7132364,N/A,2025-08-11 18:55:47
2236,12.780820,7.314148,3081.997070,5.00e-05,8876.07,1287.00,7134938,N/A,2025-08-11 18:55:48
2237,23.311367,7.314148,3081.997070,5.00e-05,8767.23,1843.00,7138624,N/A,2025-08-11 18:55:48
2238,13.436399,7.314148,3081.997070,5.00e-05,8672.19,1550.00,7141724,N/A,2025-08-11 18:55:48
2239,14.617576,7.314148,3081.997070,5.00e-05,8810.19,1516.50,7144757,N/A,2025-08-11 18:55:49
2240,17.470596,7.314148,3081.997070,5.00e-05,8753.72,1496.00,7147749,1.0000,2025-08-11 18:55:49
2241,20.391365,7.314148,3081.997070,5.00e-05,8850.65,1822.00,7151393,N/A,2025-08-11 18:55:50
2242,15.501506,7.314148,3081.997070,5.00e-05,8985.17,1496.00,7154385,N/A,2025-08-11 18:55:50
2243,19.152523,7.314148,3081.997070,5.00e-05,8950.59,1676.50,7157738,N/A,2025-08-11 18:55:50
2244,15.759562,7.314148,3081.997070,5.00e-05,8984.74,1477.50,7160693,N/A,2025-08-11 18:55:51
2245,15.961748,7.314148,3081.997070,5.00e-05,8895.21,1722.50,7164138,N/A,2025-08-11 18:55:51
2246,17.327015,7.314148,3081.997070,5.00e-05,9215.55,1512.50,7167163,N/A,2025-08-11 18:55:51
2247,13.335747,7.314148,3081.997070,5.00e-05,8849.46,1203.00,7169569,N/A,2025-08-11 18:55:52
2248,19.705816,7.314148,3081.997070,5.00e-05,9075.78,1932.00,7173433,N/A,2025-08-11 18:55:52
2249,11.565001,7.314148,3081.997070,5.00e-05,8987.58,1056.50,7175546,N/A,2025-08-11 18:55:53
2250,17.047628,7.314148,3081.997070,5.00e-05,8845.91,1656.00,7178858,1.0000,2025-08-11 18:55:53
2251,12.442524,7.314148,3081.997070,5.00e-05,8418.11,1047.00,7180952,N/A,2025-08-11 18:55:53
2252,25.141613,7.314148,3081.997070,5.00e-05,8727.34,2030.50,7185013,N/A,2025-08-11 18:55:54
2253,17.561840,7.314148,3081.997070,5.00e-05,8734.14,1692.50,7188398,N/A,2025-08-11 18:55:54
2254,17.252283,7.314148,3081.997070,5.00e-05,8925.63,1825.50,7192049,N/A,2025-08-11 18:55:55
2255,23.636028,7.314148,3081.997070,5.00e-05,9038.99,1913.50,7195876,N/A,2025-08-11 18:55:55
2256,13.909674,7.314148,3081.997070,5.00e-05,8804.64,1089.00,7198054,N/A,2025-08-11 18:55:55
2257,17.992483,7.314148,3081.997070,5.00e-05,8908.69,1475.00,7201004,N/A,2025-08-11 18:55:56
2258,18.565376,7.314148,3081.997070,5.00e-05,8628.43,1595.00,7204194,N/A,2025-08-11 18:55:56
2259,16.487288,7.314148,3081.997070,5.00e-05,9111.08,1525.00,7207244,N/A,2025-08-11 18:55:57
2260,16.587931,7.314148,3081.997070,5.00e-05,8735.78,1328.50,7209901,1.0000,2025-08-11 18:55:57
2261,16.721649,7.314148,3081.997070,5.00e-05,8968.97,1508.00,7212917,N/A,2025-08-11 18:55:57
2262,22.965744,7.314148,3081.997070,5.00e-05,8865.54,1920.00,7216757,N/A,2025-08-11 18:55:58
2263,17.847534,7.314148,3081.997070,5.00e-05,8780.32,1570.00,7219897,N/A,2025-08-11 18:55:58
2264,17.013567,7.314148,3081.997070,5.00e-05,8652.10,1617.00,7223131,N/A,2025-08-11 18:55:59
2265,22.394844,7.314148,3081.997070,5.00e-05,8536.78,1710.00,7226551,N/A,2025-08-11 18:55:59
2266,13.622359,7.314148,3081.997070,5.00e-05,8498.26,1127.00,7228805,N/A,2025-08-11 18:55:59
2267,20.523165,7.314148,3081.997070,5.00e-05,8847.26,1916.00,7232637,N/A,2025-08-11 18:56:00
2268,20.742126,7.314148,3081.997070,5.00e-05,8963.83,1780.00,7236197,N/A,2025-08-11 18:56:00
2269,13.509276,7.314148,3081.997070,5.00e-05,9159.55,1557.50,7239312,N/A,2025-08-11 18:56:01
2270,15.515265,7.314148,3081.997070,5.00e-05,9094.96,1504.00,7242320,1.0000,2025-08-11 18:56:01
2271,13.197009,7.314148,3081.997070,5.00e-05,8945.08,1174.00,7244668,N/A,2025-08-11 18:56:01
2272,14.893589,7.314148,3081.997070,5.00e-05,8719.00,1466.50,7247601,N/A,2025-08-11 18:56:02
2273,11.161587,7.314148,3081.997070,5.00e-05,8435.53,1045.50,7249692,N/A,2025-08-11 18:56:02
2274,15.835923,7.314148,3081.997070,5.00e-05,8298.41,1380.50,7252453,N/A,2025-08-11 18:56:02
2275,15.136319,7.314148,3081.997070,5.00e-05,8253.14,1544.50,7255542,N/A,2025-08-11 18:56:03
2276,18.091696,7.314148,3081.997070,5.00e-05,8524.84,1702.00,7258946,N/A,2025-08-11 18:56:03
2277,12.679317,7.314148,3081.997070,5.00e-05,8091.78,1211.00,7261368,N/A,2025-08-11 18:56:04
2278,16.262135,7.314148,3081.997070,5.00e-05,8019.26,1705.00,7264778,N/A,2025-08-11 18:56:04
2279,16.671894,7.314148,3081.997070,5.00e-05,8205.67,1623.00,7268024,N/A,2025-08-11 18:56:04
2280,19.399332,7.314148,3081.997070,5.00e-05,8266.15,1977.00,7271978,1.0000,2025-08-11 18:56:05
2281,23.204407,7.314148,3081.997070,5.00e-05,8607.63,1828.00,7275634,N/A,2025-08-11 18:56:05
2282,21.325682,7.314148,3081.997070,5.00e-05,8825.89,1920.50,7279475,N/A,2025-08-11 18:56:06
2283,19.917685,7.314148,3081.997070,5.00e-05,9184.81,1889.50,7283254,N/A,2025-08-11 18:56:06
2284,15.675838,7.314148,3081.997070,5.00e-05,9309.96,1527.00,7286308,N/A,2025-08-11 18:56:07
2285,21.753378,7.314148,3081.997070,5.00e-05,9443.97,1731.00,7289770,N/A,2025-08-11 18:56:07
2286,15.720754,7.314148,3081.997070,5.00e-05,9319.91,1587.00,7292944,N/A,2025-08-11 18:56:07
2287,18.086048,7.314148,3081.997070,5.00e-05,9549.53,1603.50,7296151,N/A,2025-08-11 18:56:08
2288,21.496304,7.314148,3081.997070,5.00e-05,9560.08,1761.00,7299673,N/A,2025-08-11 18:56:08
2289,10.914285,7.314148,3081.997070,5.00e-05,9534.09,1153.50,7301980,N/A,2025-08-11 18:56:09
2290,23.110252,7.314148,3081.997070,5.00e-05,9330.79,1992.00,7305964,1.0000,2025-08-11 18:56:09
2291,18.601791,7.314148,3081.997070,5.00e-05,9300.92,1742.00,7309448,N/A,2025-08-11 18:56:09
2292,21.600185,7.314148,3081.997070,5.00e-05,9215.53,1604.00,7312656,N/A,2025-08-11 18:56:10
2293,24.632732,7.314148,3081.997070,5.00e-05,7848.71,2026.50,7316709,N/A,2025-08-11 18:56:11
2294,21.986082,7.314148,3081.997070,5.00e-05,8120.08,2034.50,7320778,N/A,2025-08-11 18:56:11
2295,14.829231,7.314148,3081.997070,5.00e-05,8026.12,1390.50,7323559,N/A,2025-08-11 18:56:12
2296,21.355362,7.314148,3081.997070,5.00e-05,8195.32,1954.50,7327468,N/A,2025-08-11 18:56:12
2297,13.407857,7.314148,3081.997070,5.00e-05,8122.23,1387.50,7330243,N/A,2025-08-11 18:56:12
2298,13.427413,7.314148,3081.997070,5.00e-05,7919.17,1360.00,7332963,N/A,2025-08-11 18:56:13
2299,26.497799,7.314148,3081.997070,5.00e-05,8381.74,1998.50,7336960,N/A,2025-08-11 18:56:13
2300,23.292978,7.314148,3081.997070,5.00e-05,8282.57,2048.00,7341056,1.0000,2025-08-11 18:56:14
2301,18.034115,7.314148,3081.997070,5.00e-05,6811.46,1591.00,7344238,N/A,2025-08-11 18:56:15
2302,21.327303,7.314148,3081.997070,5.00e-05,7994.34,1942.00,7348122,N/A,2025-08-11 18:56:15
2303,20.687792,7.314148,3081.997070,5.00e-05,7827.65,1678.50,7351479,N/A,2025-08-11 18:56:16
2304,12.624979,7.314148,3081.997070,5.00e-05,7527.59,1379.50,7354238,N/A,2025-08-11 18:56:16
2305,19.517574,7.314148,3081.997070,5.00e-05,7635.84,1596.50,7357431,N/A,2025-08-11 18:56:16
2306,25.638866,7.314148,3081.997070,5.00e-05,7632.19,1931.50,7361294,N/A,2025-08-11 18:56:17
2307,22.391798,7.314148,3081.997070,5.00e-05,7940.82,2035.00,7365364,N/A,2025-08-11 18:56:17
2308,19.369122,7.314148,3081.997070,5.00e-05,8254.53,1828.50,7369021,N/A,2025-08-11 18:56:18
2309,16.011488,7.314148,3081.997070,5.00e-05,8048.46,1434.50,7371890,N/A,2025-08-11 18:56:18
2310,19.103109,7.314148,3081.997070,5.00e-05,9431.50,1676.50,7375243,1.0000,2025-08-11 18:56:18
2311,13.377645,7.314148,3081.997070,5.00e-05,9250.07,1253.00,7377749,N/A,2025-08-11 18:56:19
2312,24.303488,7.314148,3081.997070,5.00e-05,9289.67,2013.50,7381776,N/A,2025-08-11 18:56:19
2313,24.220535,7.314148,3081.997070,5.00e-05,9476.33,1988.50,7385753,N/A,2025-08-11 18:56:20
2314,22.099859,7.314148,3081.997070,5.00e-05,9842.22,1995.50,7389744,N/A,2025-08-11 18:56:20
2315,15.276275,7.314148,3081.997070,5.00e-05,9575.02,1154.50,7392053,N/A,2025-08-11 18:56:20
2316,15.584296,7.314148,3081.997070,5.00e-05,9393.71,1626.00,7395305,N/A,2025-08-11 18:56:21
2317,15.909137,7.314148,3081.997070,5.00e-05,8955.48,1441.50,7398188,N/A,2025-08-11 18:56:21
2318,20.892391,7.314148,3081.997070,5.00e-05,8946.23,1786.00,7401760,N/A,2025-08-11 18:56:22
2319,19.560318,7.314148,3081.997070,5.00e-05,9708.03,2035.50,7405831,N/A,2025-08-11 18:56:22
2320,17.729851,7.314148,3081.997070,5.00e-05,9481.32,1695.00,7409221,1.0000,2025-08-11 18:56:22
2321,18.661076,7.314148,3081.997070,5.00e-05,9494.89,1366.50,7411954,N/A,2025-08-11 18:56:23
2322,19.524755,7.314148,3081.997070,5.00e-05,9442.48,1940.00,7415834,N/A,2025-08-11 18:56:23
2323,25.420238,7.314148,3081.997070,5.00e-05,9368.63,1866.00,7419566,N/A,2025-08-11 18:56:24
2324,14.221603,7.314148,3081.997070,5.00e-05,9016.34,1357.00,7422280,N/A,2025-08-11 18:56:24
2325,14.344746,7.314148,3081.997070,5.00e-05,9205.31,1494.00,7425268,N/A,2025-08-11 18:56:24
2326,23.790316,7.314148,3081.997070,5.00e-05,9486.47,1886.00,7429040,N/A,2025-08-11 18:56:25
2327,14.526260,7.314148,3081.997070,5.00e-05,9553.42,1384.50,7431809,N/A,2025-08-11 18:56:25
2328,15.056775,7.314148,3081.997070,5.00e-05,9405.61,1534.00,7434877,N/A,2025-08-11 18:56:25
2329,12.445681,7.314148,3081.997070,5.00e-05,9100.81,1117.50,7437112,N/A,2025-08-11 18:56:26
2330,22.386372,7.314148,3081.997070,5.00e-05,9169.26,2048.00,7441208,1.0000,2025-08-11 18:56:26
2331,16.097404,7.314148,3081.997070,5.00e-05,9215.33,1455.50,7444119,N/A,2025-08-11 18:56:27
2332,14.056907,7.314148,3081.997070,5.00e-05,8803.91,1208.50,7446536,N/A,2025-08-11 18:56:27
2333,18.297365,7.314148,3081.997070,5.00e-05,8592.74,1492.00,7449520,N/A,2025-08-11 18:56:27
2334,20.694883,7.314148,3081.997070,5.00e-05,8783.96,1764.50,7453049,N/A,2025-08-11 18:56:28
2335,19.294027,7.314148,3081.997070,5.00e-05,8843.41,1660.50,7456370,N/A,2025-08-11 18:56:28
2336,20.895895,7.314148,3081.997070,5.00e-05,8717.20,1688.00,7459746,N/A,2025-08-11 18:56:29
2337,19.026014,7.314148,3081.997070,5.00e-05,8901.90,1799.50,7463345,N/A,2025-08-11 18:56:29
2338,20.268513,7.314148,3081.997070,5.00e-05,8983.18,1675.00,7466695,N/A,2025-08-11 18:56:29
2339,17.769949,7.314148,3081.997070,5.00e-05,9585.47,1840.50,7470376,N/A,2025-08-11 18:56:30
2340,19.306080,7.314148,3081.997070,5.00e-05,9267.83,1782.00,7473940,1.0000,2025-08-11 18:56:30
2341,18.451267,7.314148,3081.997070,5.00e-05,9502.52,1908.00,7477756,N/A,2025-08-11 18:56:31
2342,16.752192,7.314148,3081.997070,5.00e-05,9653.10,1486.50,7480729,N/A,2025-08-11 18:56:31
2343,19.963009,7.314148,3081.997070,5.00e-05,9571.80,1267.50,7483264,N/A,2025-08-11 18:56:31
2344,16.469311,7.314148,3081.997070,5.00e-05,9468.27,1566.50,7486397,N/A,2025-08-11 18:56:32
2345,17.215416,7.314148,3081.997070,5.00e-05,9472.37,1659.50,7489716,N/A,2025-08-11 18:56:32
2346,13.536735,7.314148,3081.997070,5.00e-05,9419.01,1495.50,7492707,N/A,2025-08-11 18:56:33
2347,15.099975,7.314148,3081.997070,5.00e-05,9012.25,1334.00,7495375,N/A,2025-08-11 18:56:33
2348,14.807044,7.314148,3081.997070,5.00e-05,8828.30,1355.50,7498086,N/A,2025-08-11 18:56:33
2349,14.018377,7.314148,3081.997070,5.00e-05,8696.33,1307.50,7500701,N/A,2025-08-11 18:56:34
2350,12.950014,7.314148,3081.997070,5.00e-05,8285.55,1290.50,7503282,1.0000,2025-08-11 18:56:34
2351,19.673416,7.314148,3081.997070,5.00e-05,8295.79,2011.00,7507304,N/A,2025-08-11 18:56:35
2352,15.034274,7.314148,3081.997070,5.00e-05,8207.95,1344.50,7509993,N/A,2025-08-11 18:56:35
2353,21.111422,7.314148,3081.997070,5.00e-05,8449.40,1737.50,7513468,N/A,2025-08-11 18:56:35
2354,12.580265,7.314148,3081.997070,5.00e-05,8319.62,1343.00,7516154,N/A,2025-08-11 18:56:36
2355,17.931335,7.314148,3081.997070,5.00e-05,8249.69,1540.50,7519235,N/A,2025-08-11 18:56:36
2356,20.063004,7.314148,3081.997070,5.00e-05,8565.18,1845.50,7522926,N/A,2025-08-11 18:56:37
2357,15.689904,7.314148,3081.997070,5.00e-05,8557.41,1420.50,7525767,N/A,2025-08-11 18:56:37
2358,13.430895,7.314148,3081.997070,5.00e-05,8496.10,1252.50,7528272,N/A,2025-08-11 18:56:37
2359,21.936842,7.314148,3081.997070,5.00e-05,8905.72,1864.00,7532000,N/A,2025-08-11 18:56:38
2360,12.236198,7.314148,3081.997070,5.00e-05,8663.66,1249.50,7534499,1.0000,2025-08-11 18:56:38
2361,10.982629,7.314148,3081.997070,5.00e-05,8226.47,1207.00,7536913,N/A,2025-08-11 18:56:39
2362,17.691643,7.314148,3081.997070,5.00e-05,8450.97,1676.50,7540266,N/A,2025-08-11 18:56:39
2363,20.147959,7.314148,3081.997070,5.00e-05,8463.54,1909.00,7544084,N/A,2025-08-11 18:56:39
2364,17.636494,7.314148,3081.997070,5.00e-05,8799.73,1943.00,7547970,N/A,2025-08-11 18:56:40
2365,15.721228,7.314148,3081.997070,5.00e-05,8805.17,1519.00,7551008,N/A,2025-08-11 18:56:40
2366,18.122337,7.314148,3081.997070,5.00e-05,8633.94,1437.00,7553882,N/A,2025-08-11 18:56:40
2367,16.829554,7.314148,3081.997070,5.00e-05,8752.40,1629.50,7557141,N/A,2025-08-11 18:56:41
2368,18.186802,7.314148,3081.997070,5.00e-05,8810.71,1489.50,7560120,N/A,2025-08-11 18:56:41
2369,13.913321,7.314148,3081.997070,5.00e-05,8727.17,1231.00,7562582,N/A,2025-08-11 18:56:42
2370,19.416386,7.314148,3081.997070,5.00e-05,8841.88,1987.50,7566557,1.0000,2025-08-11 18:56:42
2371,12.432402,7.314148,3081.997070,5.00e-05,8759.57,1279.00,7569115,N/A,2025-08-11 18:56:43
2372,19.405525,7.314148,3081.997070,5.00e-05,8760.14,1634.50,7572384,N/A,2025-08-11 18:56:43
2373,18.078047,7.314148,3081.997070,5.00e-05,8603.17,1663.50,7575711,N/A,2025-08-11 18:56:43
2374,16.810928,7.314148,3081.997070,5.00e-05,8325.94,1447.00,7578605,N/A,2025-08-11 18:56:44
2375,12.541626,7.314148,3081.997070,5.00e-05,8071.08,1052.50,7580710,N/A,2025-08-11 18:56:44
2376,20.231026,7.314148,3081.997070,5.00e-05,8358.45,2048.00,7584806,N/A,2025-08-11 18:56:45
2377,21.267662,7.314148,3081.997070,5.00e-05,8662.03,1969.50,7588745,N/A,2025-08-11 18:56:45
2378,19.239376,7.314148,3081.997070,5.00e-05,8709.50,1729.50,7592204,N/A,2025-08-11 18:56:45
2379,14.266630,7.314148,3081.997070,5.00e-05,9123.03,1419.00,7595042,N/A,2025-08-11 18:56:46
2380,15.781392,7.314148,3081.997070,5.00e-05,8753.77,1381.50,7597805,1.0000,2025-08-11 18:56:46
2381,12.333981,7.314148,3081.997070,5.00e-05,8695.29,1055.50,7599916,N/A,2025-08-11 18:56:47
2382,17.354649,7.314148,3081.997070,5.00e-05,8712.78,1616.00,7603148,N/A,2025-08-11 18:56:47
2383,16.401861,7.314148,3081.997070,5.00e-05,8535.68,1336.50,7605821,N/A,2025-08-11 18:56:47
2384,24.638769,7.314148,3081.997070,5.00e-05,8779.85,1911.50,7609644,N/A,2025-08-11 18:56:48
2385,18.919245,7.314148,3081.997070,5.00e-05,9029.75,1614.50,7612873,N/A,2025-08-11 18:56:48
2386,19.825012,7.314148,3081.997070,5.00e-05,8924.40,1862.00,7616597,N/A,2025-08-11 18:56:49
2387,14.805655,7.314148,3081.997070,5.00e-05,8696.41,1423.00,7619443,N/A,2025-08-11 18:56:49
2388,15.121223,7.314148,3081.997070,5.00e-05,8631.24,1614.00,7622671,N/A,2025-08-11 18:56:49
2389,21.804554,7.314148,3081.997070,5.00e-05,8831.49,1568.00,7625807,N/A,2025-08-11 18:56:50
2390,10.845950,7.314148,3081.997070,5.00e-05,8464.64,1030.00,7627867,1.0000,2025-08-11 18:56:50
2391,17.075199,7.314148,3081.997070,5.00e-05,8708.89,1593.50,7631054,N/A,2025-08-11 18:56:51
2392,18.846546,7.314148,3081.997070,5.00e-05,8586.73,1491.50,7634037,N/A,2025-08-11 18:56:51
2393,17.210556,7.314148,3081.997070,5.00e-05,8856.18,1754.00,7637545,N/A,2025-08-11 18:56:51
2394,16.618862,7.314148,3081.997070,5.00e-05,8829.89,1642.00,7640829,N/A,2025-08-11 18:56:52
2395,17.699322,7.314148,3081.997070,5.00e-05,8671.63,1331.00,7643491,N/A,2025-08-11 18:56:52
2396,21.124678,7.314148,3081.997070,5.00e-05,8724.55,1943.00,7647377,N/A,2025-08-11 18:56:52
2397,14.177533,7.314148,3081.997070,5.00e-05,8654.18,1378.00,7650133,N/A,2025-08-11 18:56:53
2398,17.749306,7.314148,3081.997070,5.00e-05,8606.20,1505.00,7653143,N/A,2025-08-11 18:56:53
2399,20.159372,7.314148,3081.997070,5.00e-05,8880.84,1775.00,7656693,N/A,2025-08-11 18:56:54
2400,20.735413,7.314148,3081.997070,5.00e-05,9247.87,1937.00,7660567,1.0000,2025-08-11 18:56:54
2401,16.561390,7.314148,3081.997070,5.00e-05,7637.47,1465.00,7663497,N/A,2025-08-11 18:56:55
2402,23.172255,7.314148,3081.997070,5.00e-05,7750.71,1763.50,7667024,N/A,2025-08-11 18:56:56
2403,18.023670,7.314148,3081.997070,5.00e-05,7666.69,1588.00,7670200,N/A,2025-08-11 18:56:56
2404,23.176216,7.314148,3081.997070,5.00e-05,7812.06,1942.00,7674084,N/A,2025-08-11 18:56:56
2405,19.657482,7.314148,3081.997070,5.00e-05,7987.33,1777.50,7677639,N/A,2025-08-11 18:56:57
2406,14.730442,7.314148,3081.997070,5.00e-05,7607.98,1273.00,7680185,N/A,2025-08-11 18:56:57
2407,14.493909,7.314148,3081.997070,5.00e-05,7605.01,1462.00,7683109,N/A,2025-08-11 18:56:58
2408,14.525625,7.314148,3081.997070,5.00e-05,7611.05,1578.50,7686266,N/A,2025-08-11 18:56:58
2409,14.020353,7.314148,3081.997070,5.00e-05,7501.56,1245.50,7688757,N/A,2025-08-11 18:56:58
2410,12.976060,7.314148,3081.997070,5.00e-05,8429.98,1141.50,7691040,1.0000,2025-08-11 18:56:59
2411,22.758547,7.314148,3081.997070,5.00e-05,8673.76,1897.50,7694835,N/A,2025-08-11 18:56:59
2412,15.801334,7.314148,3081.997070,5.00e-05,8541.73,1521.50,7697878,N/A,2025-08-11 18:57:00
2413,12.367133,7.314148,3081.997070,5.00e-05,8275.16,1202.00,7700282,N/A,2025-08-11 18:57:00
2414,16.098684,7.314148,3081.997070,5.00e-05,8016.53,1380.50,7703043,N/A,2025-08-11 18:57:00
2415,12.913151,7.314148,3081.997070,5.00e-05,7755.52,1215.50,7705474,N/A,2025-08-11 18:57:01
2416,16.763948,7.314148,3081.997070,5.00e-05,7943.20,1454.00,7708382,N/A,2025-08-11 18:57:01
2417,16.110983,7.314148,3081.997070,5.00e-05,7953.95,1436.50,7711255,N/A,2025-08-11 18:57:01
2418,10.209795,7.314148,3081.997070,5.00e-05,7650.54,1024.50,7713304,N/A,2025-08-11 18:57:02
2419,13.689892,7.314148,3081.997070,5.00e-05,7843.81,1284.00,7715872,N/A,2025-08-11 18:57:02
2420,18.294746,7.314148,3081.997070,5.00e-05,7876.15,1719.00,7719310,1.0000,2025-08-11 18:57:03
2421,15.584472,7.314148,3081.997070,5.00e-05,7501.98,1293.00,7721896,N/A,2025-08-11 18:57:03
2422,14.260010,7.314148,3081.997070,5.00e-05,7515.16,1477.50,7724851,N/A,2025-08-11 18:57:04
2423,17.428961,7.314148,3081.997070,5.00e-05,7774.40,1658.00,7728167,N/A,2025-08-11 18:57:04
2424,18.699406,7.314148,3081.997070,5.00e-05,8075.40,1796.00,7731759,N/A,2025-08-11 18:57:04
2425,19.370691,7.314148,3081.997070,5.00e-05,8181.31,1526.50,7734812,N/A,2025-08-11 18:57:05
2426,17.467020,7.314148,3081.997070,5.00e-05,8224.53,1513.00,7737838,N/A,2025-08-11 18:57:05
2427,16.107409,7.314148,3081.997070,5.00e-05,8204.54,1419.00,7740676,N/A,2025-08-11 18:57:05
2428,14.989153,7.314148,3081.997070,5.00e-05,8413.36,1431.00,7743538,N/A,2025-08-11 18:57:06
2429,15.489610,7.314148,3081.997070,5.00e-05,8882.50,1544.50,7746627,N/A,2025-08-11 18:57:06
2430,15.737857,7.314148,3081.997070,5.00e-05,8596.78,1433.00,7749493,1.0000,2025-08-11 18:57:07
2431,20.517912,7.314148,3081.997070,5.00e-05,8898.76,1798.00,7753089,N/A,2025-08-11 18:57:07
2432,19.981375,7.314148,3081.997070,5.00e-05,9032.83,1841.50,7756772,N/A,2025-08-11 18:57:07
2433,18.086061,7.314148,3081.997070,5.00e-05,8915.49,1519.50,7759811,N/A,2025-08-11 18:57:08
2434,18.888920,7.314148,3081.997070,5.00e-05,8773.64,1550.50,7762912,N/A,2025-08-11 18:57:08
2435,13.214063,7.314148,3081.997070,5.00e-05,8703.61,1394.00,7765700,N/A,2025-08-11 18:57:09
2436,18.501362,7.314148,3081.997070,5.00e-05,8922.81,1919.50,7769539,N/A,2025-08-11 18:57:09
2437,19.102121,7.314148,3081.997070,5.00e-05,9067.44,1663.50,7772866,N/A,2025-08-11 18:57:09
2438,16.245367,7.314148,3081.997070,5.00e-05,9208.37,1676.00,7776218,N/A,2025-08-11 18:57:10
2439,17.046253,7.314148,3081.997070,5.00e-05,9294.36,1470.50,7779159,N/A,2025-08-11 18:57:10
2440,15.894664,7.314148,3081.997070,5.00e-05,9047.24,1412.50,7781984,1.0000,2025-08-11 18:57:11
2441,16.349533,7.314148,3081.997070,5.00e-05,8942.52,1485.50,7784955,N/A,2025-08-11 18:57:11
2442,20.608027,7.314148,3081.997070,5.00e-05,8930.85,1798.50,7788552,N/A,2025-08-11 18:57:11
2443,13.387336,7.314148,3081.997070,5.00e-05,8919.03,1365.50,7791283,N/A,2025-08-11 18:57:12
2444,20.015860,7.314148,3081.997070,5.00e-05,9148.14,1953.00,7795189,N/A,2025-08-11 18:57:12
2445,16.907152,7.314148,3081.997070,5.00e-05,9267.18,1561.00,7798311,N/A,2025-08-11 18:57:13
2446,24.164473,7.314148,3081.997070,5.00e-05,9192.11,2000.00,7802311,N/A,2025-08-11 18:57:13
2447,20.797009,7.314148,3081.997070,5.00e-05,9121.60,1788.50,7805888,N/A,2025-08-11 18:57:13
2448,18.048189,7.314148,3081.997070,5.00e-05,9195.03,1746.50,7809381,N/A,2025-08-11 18:57:14
2449,15.810688,7.314148,3081.997070,5.00e-05,9325.69,1286.50,7811954,N/A,2025-08-11 18:57:14
2450,20.160378,7.314148,3081.997070,5.00e-05,9334.50,1826.50,7815607,1.0000,2025-08-11 18:57:15
2451,19.061457,7.314148,3081.997070,5.00e-05,9537.89,1805.50,7819218,N/A,2025-08-11 18:57:15
2452,17.783028,7.314148,3081.997070,5.00e-05,9492.57,1720.00,7822658,N/A,2025-08-11 18:57:15
2453,11.894955,7.314148,3081.997070,5.00e-05,9306.59,1081.00,7824820,N/A,2025-08-11 18:57:16
2454,19.585394,7.314148,3081.997070,5.00e-05,9133.97,1667.00,7828154,N/A,2025-08-11 18:57:16
2455,17.806322,7.314148,3081.997070,5.00e-05,9370.24,1804.00,7831762,N/A,2025-08-11 18:57:17
2456,17.180664,7.314148,3081.997070,5.00e-05,9370.36,1778.00,7835318,N/A,2025-08-11 18:57:17
2457,17.727953,7.314148,3081.997070,5.00e-05,9383.30,1779.50,7838877,N/A,2025-08-11 18:57:17
2458,16.265472,7.314148,3081.997070,5.00e-05,9260.90,1569.00,7842015,N/A,2025-08-11 18:57:18
2459,18.125921,7.314148,3081.997070,5.00e-05,9460.79,1508.00,7845031,N/A,2025-08-11 18:57:18
2460,19.657736,7.314148,3081.997070,5.00e-05,9191.72,1713.50,7848458,1.0000,2025-08-11 18:57:19
2461,20.895596,7.314148,3081.997070,5.00e-05,9261.73,1949.00,7852356,N/A,2025-08-11 18:57:19
2462,16.774551,7.314148,3081.997070,5.00e-05,9084.53,1495.50,7855347,N/A,2025-08-11 18:57:19
2463,15.402617,7.314148,3081.997070,5.00e-05,9247.88,1378.50,7858104,N/A,2025-08-11 18:57:20
2464,15.573759,7.314148,3081.997070,5.00e-05,9192.89,1518.00,7861140,N/A,2025-08-11 18:57:20
2465,18.728806,7.314148,3081.997070,5.00e-05,9185.51,1759.00,7864658,N/A,2025-08-11 18:57:20
2466,20.613995,7.314148,3081.997070,5.00e-05,9113.24,1835.50,7868329,N/A,2025-08-11 18:57:21
2467,11.141673,7.314148,3081.997070,5.00e-05,8750.56,1098.50,7870526,N/A,2025-08-11 18:57:21
2468,20.022776,7.314148,3081.997070,5.00e-05,8901.54,1591.00,7873708,N/A,2025-08-11 18:57:22
2469,13.508833,7.314148,3081.997070,5.00e-05,8968.80,1378.00,7876464,N/A,2025-08-11 18:57:22
2470,14.088001,7.314148,3081.997070,5.00e-05,8493.49,1253.50,7878971,1.0000,2025-08-11 18:57:23
2471,13.053580,7.314148,3081.997070,5.00e-05,8145.75,1281.00,7881533,N/A,2025-08-11 18:57:23
2472,19.238970,7.314148,3081.997070,5.00e-05,8332.17,1835.00,7885203,N/A,2025-08-11 18:57:23
2473,19.181358,7.314148,3081.997070,5.00e-05,8483.04,1665.00,7888533,N/A,2025-08-11 18:57:24
2474,15.718189,7.314148,3081.997070,5.00e-05,8617.85,1874.00,7892281,N/A,2025-08-11 18:57:24
2475,16.920210,7.314148,3081.997070,5.00e-05,8598.93,1571.00,7895423,N/A,2025-08-11 18:57:24
2476,23.510099,7.314148,3081.997070,5.00e-05,8492.47,1640.50,7898704,N/A,2025-08-11 18:57:25
2477,18.903313,7.314148,3081.997070,5.00e-05,8852.31,1785.00,7902274,N/A,2025-08-11 18:57:25
2478,17.405315,7.314148,3081.997070,5.00e-05,8825.29,1497.00,7905268,N/A,2025-08-11 18:57:26
2479,16.621033,7.314148,3081.997070,5.00e-05,9207.41,1661.00,7908590,N/A,2025-08-11 18:57:26
2480,17.252476,7.314148,3081.997070,5.00e-05,9380.49,1825.00,7912240,1.0000,2025-08-11 18:57:26
2481,13.125142,7.314148,3081.997070,5.00e-05,9381.80,1254.00,7914748,N/A,2025-08-11 18:57:27
2482,16.329185,7.314148,3081.997070,5.00e-05,9174.12,1497.50,7917743,N/A,2025-08-11 18:57:27
2483,15.230754,7.314148,3081.997070,5.00e-05,9112.98,1449.00,7920641,N/A,2025-08-11 18:57:28
2484,17.707466,7.314148,3081.997070,5.00e-05,8949.28,1680.00,7924001,N/A,2025-08-11 18:57:28
2485,16.144684,7.314148,3081.997070,5.00e-05,9069.07,1790.50,7927582,N/A,2025-08-11 18:57:28
2486,15.684292,7.314148,3081.997070,5.00e-05,8820.47,1193.00,7929968,N/A,2025-08-11 18:57:29
2487,16.676373,7.314148,3081.997070,5.00e-05,8802.64,1737.50,7933443,N/A,2025-08-11 18:57:29
2488,13.423589,7.314148,3081.997070,5.00e-05,8784.70,1515.50,7936474,N/A,2025-08-11 18:57:30
2489,19.084398,7.314148,3081.997070,5.00e-05,9156.75,1988.50,7940451,N/A,2025-08-11 18:57:30
2490,19.259300,7.314148,3081.997070,5.00e-05,9020.22,2043.50,7944538,1.0000,2025-08-11 18:57:30
2491,15.345197,7.314148,3081.997070,5.00e-05,8942.70,1116.50,7946771,N/A,2025-08-11 18:57:31
2492,14.930031,7.314148,3081.997070,5.00e-05,9031.65,1638.50,7950048,N/A,2025-08-11 18:57:31
2493,14.975214,7.314148,3081.997070,5.00e-05,9121.42,1516.50,7953081,N/A,2025-08-11 18:57:32
2494,18.696087,7.314148,3081.997070,5.00e-05,9214.23,1849.00,7956779,N/A,2025-08-11 18:57:32
2495,16.744066,7.314148,3081.997070,5.00e-05,9166.63,1676.00,7960131,N/A,2025-08-11 18:57:32
2496,15.063822,7.314148,3081.997070,5.00e-05,9161.81,1212.50,7962556,N/A,2025-08-11 18:57:33
2497,19.713993,7.314148,3081.997070,5.00e-05,9229.75,1897.00,7966350,N/A,2025-08-11 18:57:33
2498,21.861448,7.314148,3081.997070,5.00e-05,9361.25,1721.50,7969793,N/A,2025-08-11 18:57:34
2499,18.229296,7.314148,3081.997070,5.00e-05,9405.99,1724.00,7973241,N/A,2025-08-11 18:57:34
2500,14.191701,7.314148,3081.997070,5.00e-05,8750.04,1335.50,7975912,1.0000,2025-08-11 18:57:34
2501,21.303335,7.314148,3081.997070,5.00e-05,7553.20,1897.00,7979706,N/A,2025-08-11 18:57:36
2502,11.743299,7.314148,3081.997070,5.00e-05,7266.78,1151.00,7982008,N/A,2025-08-11 18:57:36
2503,15.075716,7.314148,3081.997070,5.00e-05,7349.66,1707.50,7985423,N/A,2025-08-11 18:57:36
2504,18.567776,7.314148,3081.997070,5.00e-05,7368.77,1975.50,7989374,N/A,2025-08-11 18:57:37
2505,13.815462,7.314148,3081.997070,5.00e-05,7254.58,1511.00,7992396,N/A,2025-08-11 18:57:37
2506,19.624901,7.314148,3081.997070,5.00e-05,7507.06,1702.50,7995801,N/A,2025-08-11 18:57:38
2507,14.866508,7.314148,3081.997070,5.00e-05,7275.26,1486.50,7998774,N/A,2025-08-11 18:57:38
2508,12.896356,7.314148,3081.997070,5.00e-05,7152.01,1357.00,8001488,N/A,2025-08-11 18:57:38
2509,23.004766,7.314148,3081.997070,5.00e-05,7405.12,1894.50,8005277,N/A,2025-08-11 18:57:39
2510,12.350217,7.314148,3081.997070,5.00e-05,8913.14,1403.50,8008084,1.0000,2025-08-11 18:57:39
2511,16.260031,7.314148,3081.997070,5.00e-05,8789.95,1499.00,8011082,N/A,2025-08-11 18:57:40
2512,18.577415,7.314148,3081.997070,5.00e-05,9021.01,1646.50,8014375,N/A,2025-08-11 18:57:40
2513,16.173471,7.314148,3081.997070,5.00e-05,8956.07,1480.50,8017336,N/A,2025-08-11 18:57:40
2514,15.055922,7.314148,3081.997070,5.00e-05,8703.57,1358.50,8020053,N/A,2025-08-11 18:57:41
2515,19.574669,7.314148,3081.997070,5.00e-05,8873.12,1842.00,8023737,N/A,2025-08-11 18:57:41
2516,15.442058,7.314148,3081.997070,5.00e-05,8753.74,1421.00,8026579,N/A,2025-08-11 18:57:41
2517,19.746386,7.314148,3081.997070,5.00e-05,9004.95,1981.50,8030542,N/A,2025-08-11 18:57:42
2518,14.154062,7.314148,3081.997070,5.00e-05,8983.40,1398.50,8033339,N/A,2025-08-11 18:57:42
2519,20.162779,7.314148,3081.997070,5.00e-05,8888.92,1659.50,8036658,N/A,2025-08-11 18:57:43
2520,15.891891,7.314148,3081.997070,5.00e-05,8757.23,1568.00,8039794,1.0000,2025-08-11 18:57:43
2521,20.247309,7.314148,3081.997070,5.00e-05,9046.74,1944.50,8043683,N/A,2025-08-11 18:57:44
2522,23.061804,7.314148,3081.997070,5.00e-05,9127.12,1808.00,8047299,N/A,2025-08-11 18:57:44
2523,20.104385,7.314148,3081.997070,5.00e-05,9403.74,1976.00,8051251,N/A,2025-08-11 18:57:44
2524,16.792452,7.314148,3081.997070,5.00e-05,9616.29,1701.00,8054653,N/A,2025-08-11 18:57:45
2525,21.197569,7.314148,3081.997070,5.00e-05,9741.66,1976.00,8058605,N/A,2025-08-11 18:57:45
2526,17.214228,7.314148,3081.997070,5.00e-05,9837.46,1518.50,8061642,N/A,2025-08-11 18:57:45
2527,14.034576,7.314148,3081.997070,5.00e-05,9579.16,1419.00,8064480,N/A,2025-08-11 18:57:46
2528,20.419567,7.314148,3081.997070,5.00e-05,9834.27,1742.50,8067965,N/A,2025-08-11 18:57:46
2529,23.606325,7.314148,3081.997070,5.00e-05,10266.15,2027.50,8072020,N/A,2025-08-11 18:57:47
2530,18.776114,7.314148,3081.997070,5.00e-05,10124.51,1616.50,8075253,1.0000,2025-08-11 18:57:47
2531,17.189007,7.314148,3081.997070,5.00e-05,9903.79,1566.50,8078386,N/A,2025-08-11 18:57:47
2532,16.140757,7.314148,3081.997070,5.00e-05,9752.72,1674.50,8081735,N/A,2025-08-11 18:57:48
2533,18.282597,7.314148,3081.997070,5.00e-05,9637.81,1820.50,8085376,N/A,2025-08-11 18:57:48
2534,12.468139,7.314148,3081.997070,5.00e-05,9320.63,1193.00,8087762,N/A,2025-08-11 18:57:49
2535,20.105412,7.314148,3081.997070,5.00e-05,9232.26,1877.50,8091517,N/A,2025-08-11 18:57:49
2536,17.905180,7.314148,3081.997070,5.00e-05,9351.48,1729.00,8094975,N/A,2025-08-11 18:57:49
2537,15.548701,7.314148,3081.997070,5.00e-05,9515.63,1613.50,8098202,N/A,2025-08-11 18:57:50
2538,16.635845,7.314148,3081.997070,5.00e-05,9459.87,1671.50,8101545,N/A,2025-08-11 18:57:50
2539,15.348107,7.314148,3081.997070,5.00e-05,9320.97,1501.50,8104548,N/A,2025-08-11 18:57:51
2540,13.408587,7.314148,3081.997070,5.00e-05,8921.29,1327.00,8107202,1.0000,2025-08-11 18:57:51
2541,20.520096,7.314148,3081.997070,5.00e-05,9099.04,1787.00,8110776,N/A,2025-08-11 18:57:51
2542,17.526880,7.314148,3081.997070,5.00e-05,9061.57,1615.50,8114007,N/A,2025-08-11 18:57:52
2543,19.877504,7.314148,3081.997070,5.00e-05,9206.94,2044.50,8118096,N/A,2025-08-11 18:57:52
2544,12.490236,7.314148,3081.997070,5.00e-05,9340.84,1433.00,8120962,N/A,2025-08-11 18:57:53
2545,15.611996,7.314148,3081.997070,5.00e-05,9019.90,1522.00,8124006,N/A,2025-08-11 18:57:53
2546,22.749405,7.314148,3081.997070,5.00e-05,9088.50,1911.00,8127828,N/A,2025-08-11 18:57:53
2547,16.801838,7.314148,3081.997070,5.00e-05,9276.87,1877.00,8131582,N/A,2025-08-11 18:57:54
2548,15.492979,7.314148,3081.997070,5.00e-05,9286.37,1667.00,8134916,N/A,2025-08-11 18:57:54
2549,10.497272,7.314148,3081.997070,5.00e-05,9327.15,1172.50,8137261,N/A,2025-08-11 18:57:55
2550,21.853329,7.314148,3081.997070,5.00e-05,9310.46,1598.50,8140458,1.0000,2025-08-11 18:57:55
2551,16.074596,7.314148,3081.997070,5.00e-05,9127.87,1416.50,8143291,N/A,2025-08-11 18:57:55
2552,18.012060,7.314148,3081.997070,5.00e-05,9152.60,1700.50,8146692,N/A,2025-08-11 18:57:56
2553,13.600467,7.314148,3081.997070,5.00e-05,8595.48,1213.50,8149119,N/A,2025-08-11 18:57:56
2554,24.506756,7.314148,3081.997070,5.00e-05,9040.74,2048.00,8153215,N/A,2025-08-11 18:57:57
2555,15.880473,7.314148,3081.997070,5.00e-05,9203.79,1737.00,8156689,N/A,2025-08-11 18:57:57
2556,16.030272,7.314148,3081.997070,5.00e-05,8964.86,1478.50,8159646,N/A,2025-08-11 18:57:57
2557,12.633224,7.314148,3081.997070,5.00e-05,8548.36,1272.00,8162190,N/A,2025-08-11 18:57:58
2558,19.032503,7.314148,3081.997070,5.00e-05,8735.32,2048.00,8166286,N/A,2025-08-11 18:57:58
2559,17.449121,7.314148,3081.997070,5.00e-05,9213.07,1720.00,8169726,N/A,2025-08-11 18:57:58
2560,13.954375,7.314148,3081.997070,5.00e-05,8908.55,1418.50,8172563,1.0000,2025-08-11 18:57:59
2561,17.289516,7.314148,3081.997070,5.00e-05,9100.22,1720.50,8176004,N/A,2025-08-11 18:57:59
2562,19.001692,7.314148,3081.997070,5.00e-05,9220.31,1715.50,8179435,N/A,2025-08-11 18:58:00
2563,10.719939,7.314148,3081.997070,5.00e-05,9070.57,1028.00,8181491,N/A,2025-08-11 18:58:00
2564,13.548581,7.314148,3081.997070,5.00e-05,8523.66,1095.00,8183681,N/A,2025-08-11 18:58:01
2565,20.827923,7.314148,3081.997070,5.00e-05,8682.86,2034.00,8187749,N/A,2025-08-11 18:58:01
2566,17.568342,7.314148,3081.997070,5.00e-05,8796.68,1781.50,8191312,N/A,2025-08-11 18:58:01
2567,15.994969,7.314148,3081.997070,5.00e-05,8883.65,1353.50,8194019,N/A,2025-08-11 18:58:02
2568,18.163706,7.314148,3081.997070,5.00e-05,8877.06,2048.00,8198115,N/A,2025-08-11 18:58:02
2569,21.351875,7.314148,3081.997070,5.00e-05,9232.19,1985.50,8202086,N/A,2025-08-11 18:58:02
2570,15.110919,7.314148,3081.997070,5.00e-05,9100.75,1639.50,8205365,1.0000,2025-08-11 18:58:03
2571,14.343023,7.314148,3081.997070,5.00e-05,8952.18,1537.00,8208439,N/A,2025-08-11 18:58:03
2572,17.627501,7.314148,3081.997070,5.00e-05,8962.61,1664.00,8211767,N/A,2025-08-11 18:58:04
2573,14.193560,7.314148,3081.997070,5.00e-05,9048.10,1256.50,8214280,N/A,2025-08-11 18:58:04
2574,12.640427,7.314148,3081.997070,5.00e-05,9245.19,1415.50,8217111,N/A,2025-08-11 18:58:05
2575,16.716358,7.314148,3081.997070,5.00e-05,9031.51,1441.00,8219993,N/A,2025-08-11 18:58:05
2576,13.842711,7.314148,3081.997070,5.00e-05,8801.47,1400.00,8222793,N/A,2025-08-11 18:58:05
2577,17.986158,7.314148,3081.997070,5.00e-05,9149.19,1976.00,8226745,N/A,2025-08-11 18:58:06
2578,17.647196,7.314148,3081.997070,5.00e-05,8930.44,1652.00,8230049,N/A,2025-08-11 18:58:06
2579,13.094475,7.314148,3081.997070,5.00e-05,8710.39,1162.50,8232374,N/A,2025-08-11 18:58:06
2580,19.796528,7.314148,3081.997070,5.00e-05,8697.50,2002.00,8236378,1.0000,2025-08-11 18:58:07
2581,18.820580,7.314148,3081.997070,5.00e-05,8979.15,2022.00,8240422,N/A,2025-08-11 18:58:07
2582,14.966040,7.314148,3081.997070,5.00e-05,8873.99,1429.50,8243281,N/A,2025-08-11 18:58:08
2583,12.539369,7.314148,3081.997070,5.00e-05,8839.38,1294.50,8245870,N/A,2025-08-11 18:58:08
2584,22.577682,7.314148,3081.997070,5.00e-05,9176.18,2048.00,8249966,N/A,2025-08-11 18:58:08
2585,11.215373,7.314148,3081.997070,5.00e-05,8930.33,1058.00,8252082,N/A,2025-08-11 18:58:09
2586,19.751066,7.314148,3081.997070,5.00e-05,9089.22,1701.00,8255484,N/A,2025-08-11 18:58:09
2587,19.348415,7.314148,3081.997070,5.00e-05,8946.11,1733.00,8258950,N/A,2025-08-11 18:58:10
2588,15.609113,7.314148,3081.997070,5.00e-05,8865.31,1501.50,8261953,N/A,2025-08-11 18:58:10
2589,17.896484,7.314148,3081.997070,5.00e-05,9383.51,1662.00,8265277,N/A,2025-08-11 18:58:10
2590,14.445340,7.314148,3081.997070,5.00e-05,8977.57,1566.50,8268410,1.0000,2025-08-11 18:58:11
2591,16.831045,7.314148,3081.997070,5.00e-05,8831.91,1735.00,8271880,N/A,2025-08-11 18:58:11
2592,17.326622,7.314148,3081.997070,5.00e-05,9055.75,1747.00,8275374,N/A,2025-08-11 18:58:12
2593,16.336523,7.314148,3081.997070,5.00e-05,9302.43,1733.00,8278840,N/A,2025-08-11 18:58:12
2594,16.361839,7.314148,3081.997070,5.00e-05,9238.03,1846.50,8282533,N/A,2025-08-11 18:58:12
2595,14.883878,7.314148,3081.997070,5.00e-05,9470.44,1489.00,8285511,N/A,2025-08-11 18:58:13
2596,15.513583,7.314148,3081.997070,5.00e-05,9359.02,1551.50,8288614,N/A,2025-08-11 18:58:13
2597,11.256822,7.314148,3081.997070,5.00e-05,9061.06,1228.00,8291070,N/A,2025-08-11 18:58:14
2598,19.944185,7.314148,3081.997070,5.00e-05,9273.73,1807.50,8294685,N/A,2025-08-11 18:58:14
2599,16.897993,7.314148,3081.997070,5.00e-05,9386.22,1571.00,8297827,N/A,2025-08-11 18:58:14
2600,16.376530,7.314148,3081.997070,5.00e-05,9180.46,1738.00,8301303,1.0000,2025-08-11 18:58:15
2601,16.248035,7.314148,3081.997070,5.00e-05,7656.44,1767.50,8304838,N/A,2025-08-11 18:58:16
2602,11.192484,7.314148,3081.997070,5.00e-05,7421.78,1182.00,8307202,N/A,2025-08-11 18:58:16
2603,22.674423,7.314148,3081.997070,5.00e-05,7464.76,1872.00,8310946,N/A,2025-08-11 18:58:17
2604,16.601744,7.314148,3081.997070,5.00e-05,7421.80,1715.00,8314376,N/A,2025-08-11 18:58:17
2605,19.282831,7.314148,3081.997070,5.00e-05,7618.68,1988.50,8318353,N/A,2025-08-11 18:58:17
2606,22.340136,7.314148,3081.997070,5.00e-05,7818.72,2037.00,8322427,N/A,2025-08-11 18:58:18
2607,14.374771,7.314148,3081.997070,5.00e-05,7866.25,1322.50,8325072,N/A,2025-08-11 18:58:18
2608,15.416832,7.314148,3081.997070,5.00e-05,7776.64,1729.50,8328531,N/A,2025-08-11 18:58:19
2609,20.050549,7.314148,3081.997070,5.00e-05,8026.91,1632.50,8331796,N/A,2025-08-11 18:58:19
2610,19.259113,7.314148,3081.997070,5.00e-05,9319.42,1792.50,8335381,1.0000,2025-08-11 18:58:20
2611,20.673260,7.314148,3081.997070,5.00e-05,9362.24,1940.50,8339262,N/A,2025-08-11 18:58:20
2612,23.989237,7.314148,3081.997070,5.00e-05,9842.35,1993.50,8343249,N/A,2025-08-11 18:58:20
2613,11.664823,7.314148,3081.997070,5.00e-05,9477.88,1192.00,8345633,N/A,2025-08-11 18:58:21
2614,15.664295,7.314148,3081.997070,5.00e-05,9509.00,1603.00,8348839,N/A,2025-08-11 18:58:21
2615,13.807856,7.314148,3081.997070,5.00e-05,9181.86,1322.00,8351483,N/A,2025-08-11 18:58:21
2616,19.228493,7.314148,3081.997070,5.00e-05,9026.12,1724.00,8354931,N/A,2025-08-11 18:58:22
2617,14.291662,7.314148,3081.997070,5.00e-05,9227.95,1550.00,8358031,N/A,2025-08-11 18:58:22
2618,15.818858,7.314148,3081.997070,5.00e-05,9108.55,1597.00,8361225,N/A,2025-08-11 18:58:23
2619,12.863818,7.314148,3081.997070,5.00e-05,9215.24,1283.00,8363791,N/A,2025-08-11 18:58:23
2620,10.969595,7.314148,3081.997070,5.00e-05,8645.73,1026.50,8365844,1.0000,2025-08-11 18:58:24
2621,14.122875,7.314148,3081.997070,5.00e-05,8367.59,1461.50,8368767,N/A,2025-08-11 18:58:24
2622,15.210230,7.314148,3081.997070,5.00e-05,8153.29,1606.00,8371979,N/A,2025-08-11 18:58:24
2623,19.028414,7.314148,3081.997070,5.00e-05,8423.66,1699.00,8375377,N/A,2025-08-11 18:58:25
2624,18.687017,7.314148,3081.997070,5.00e-05,8482.35,1839.00,8379055,N/A,2025-08-11 18:58:25
2625,17.820330,7.314148,3081.997070,5.00e-05,8647.70,1618.00,8382291,N/A,2025-08-11 18:58:25
2626,13.316675,7.314148,3081.997070,5.00e-05,8448.65,1382.00,8385055,N/A,2025-08-11 18:58:26
2627,20.169735,7.314148,3081.997070,5.00e-05,8688.03,1918.50,8388892,N/A,2025-08-11 18:58:26
2628,18.898794,7.314148,3081.997070,5.00e-05,8874.94,1783.50,8392459,N/A,2025-08-11 18:58:27
2629,21.297857,7.314148,3081.997070,5.00e-05,9254.13,1650.50,8395760,N/A,2025-08-11 18:58:27
2630,21.648087,7.314148,3081.997070,5.00e-05,9545.18,1996.50,8399753,1.0000,2025-08-11 18:58:27
2631,23.343269,7.314148,3081.997070,5.00e-05,9673.42,1935.50,8403624,N/A,2025-08-11 18:58:28
2632,12.908977,7.314148,3081.997070,5.00e-05,9587.19,1469.00,8406562,N/A,2025-08-11 18:58:28
2633,13.191254,7.314148,3081.997070,5.00e-05,9475.51,1453.50,8409469,N/A,2025-08-11 18:58:29
2634,17.103580,7.314148,3081.997070,5.00e-05,9376.77,1725.00,8412919,N/A,2025-08-11 18:58:29
2635,18.846243,7.314148,3081.997070,5.00e-05,9508.94,1817.00,8416553,N/A,2025-08-11 18:58:29
2636,17.761948,7.314148,3081.997070,5.00e-05,9705.59,1722.00,8419997,N/A,2025-08-11 18:58:30
2637,17.175219,7.314148,3081.997070,5.00e-05,9459.15,1478.00,8422953,N/A,2025-08-11 18:58:30
2638,14.110376,7.314148,3081.997070,5.00e-05,9177.03,1265.00,8425483,N/A,2025-08-11 18:58:31
2639,14.146211,7.314148,3081.997070,5.00e-05,9385.22,1534.00,8428551,N/A,2025-08-11 18:58:31
2640,16.828421,7.314148,3081.997070,5.00e-05,9208.66,1794.00,8432139,1.0000,2025-08-11 18:58:31
2641,19.436268,7.314148,3081.997070,5.00e-05,9161.26,1806.00,8435751,N/A,2025-08-11 18:58:32
2642,15.912325,7.314148,3081.997070,5.00e-05,9303.75,1608.00,8438967,N/A,2025-08-11 18:58:32
2643,19.261930,7.314148,3081.997070,5.00e-05,9545.89,1863.00,8442693,N/A,2025-08-11 18:58:33
2644,14.369747,7.314148,3081.997070,5.00e-05,9215.81,1285.00,8445263,N/A,2025-08-11 18:58:33
2645,18.367516,7.314148,3081.997070,5.00e-05,9157.57,1785.00,8448833,N/A,2025-08-11 18:58:33
2646,17.292984,7.314148,3081.997070,5.00e-05,9110.19,1771.00,8452375,N/A,2025-08-11 18:58:34
2647,10.869182,7.314148,3081.997070,5.00e-05,8942.28,1186.00,8454747,N/A,2025-08-11 18:58:34
2648,11.539472,7.314148,3081.997070,5.00e-05,8860.77,1152.50,8457052,N/A,2025-08-11 18:58:34
2649,22.797247,7.314148,3081.997070,5.00e-05,9269.14,1989.00,8461030,N/A,2025-08-11 18:58:35
2650,18.133842,7.314148,3081.997070,5.00e-05,9125.87,1859.00,8464748,1.0000,2025-08-11 18:58:35
2651,17.106878,7.314148,3081.997070,5.00e-05,8994.97,1572.50,8467893,N/A,2025-08-11 18:58:36
2652,16.040110,7.314148,3081.997070,5.00e-05,8855.48,1327.50,8470548,N/A,2025-08-11 18:58:36
2653,13.132489,7.314148,3081.997070,5.00e-05,8550.39,1206.50,8472961,N/A,2025-08-11 18:58:36
2654,16.475330,7.314148,3081.997070,5.00e-05,8808.42,1707.00,8476375,N/A,2025-08-11 18:58:37
2655,12.481414,7.314148,3081.997070,5.00e-05,8556.92,1239.50,8478854,N/A,2025-08-11 18:58:37
2656,12.537136,7.314148,3081.997070,5.00e-05,8326.16,1384.50,8481623,N/A,2025-08-11 18:58:38
2657,18.928095,7.314148,3081.997070,5.00e-05,8645.02,1839.50,8485302,N/A,2025-08-11 18:58:38
2658,19.740223,7.314148,3081.997070,5.00e-05,9069.40,1948.00,8489198,N/A,2025-08-11 18:58:38
2659,15.844116,7.314148,3081.997070,5.00e-05,9079.19,1752.50,8492703,N/A,2025-08-11 18:58:39
2660,13.455432,7.314148,3081.997070,5.00e-05,8500.76,1159.50,8495022,1.0000,2025-08-11 18:58:39
2661,20.545685,7.314148,3081.997070,5.00e-05,8529.56,1734.00,8498490,N/A,2025-08-11 18:58:40
2662,14.428709,7.314148,3081.997070,5.00e-05,8678.38,1586.00,8501662,N/A,2025-08-11 18:58:40
2663,18.100710,7.314148,3081.997070,5.00e-05,9098.08,1917.50,8505497,N/A,2025-08-11 18:58:40
2664,16.783649,7.314148,3081.997070,5.00e-05,9013.91,1609.00,8508715,N/A,2025-08-11 18:58:41
2665,18.699224,7.314148,3081.997070,5.00e-05,9270.48,1670.50,8512056,N/A,2025-08-11 18:58:41
2666,15.066909,7.314148,3081.997070,5.00e-05,9337.09,1394.50,8514845,N/A,2025-08-11 18:58:42
2667,16.377693,7.314148,3081.997070,5.00e-05,9138.62,1399.00,8517643,N/A,2025-08-11 18:58:42
2668,21.901033,7.314148,3081.997070,5.00e-05,9219.16,2048.00,8521739,N/A,2025-08-11 18:58:42
2669,14.214736,7.314148,3081.997070,5.00e-05,9176.32,1417.50,8524574,N/A,2025-08-11 18:58:43
2670,12.087558,7.314148,3081.997070,5.00e-05,9192.94,1457.50,8527489,1.0000,2025-08-11 18:58:43
2671,19.928211,7.314148,3081.997070,5.00e-05,9339.31,2048.00,8531585,N/A,2025-08-11 18:58:44
2672,17.736109,7.314148,3081.997070,5.00e-05,9434.24,1778.50,8535142,N/A,2025-08-11 18:58:44
2673,18.480246,7.314148,3081.997070,5.00e-05,9270.65,1666.00,8538474,N/A,2025-08-11 18:58:44
2674,15.299443,7.314148,3081.997070,5.00e-05,9150.42,1417.50,8541309,N/A,2025-08-11 18:58:45
2675,13.774132,7.314148,3081.997070,5.00e-05,8941.37,1271.00,8543851,N/A,2025-08-11 18:58:45
2676,12.763155,7.314148,3081.997070,5.00e-05,8940.51,1409.00,8546669,N/A,2025-08-11 18:58:46
2677,11.351933,7.314148,3081.997070,5.00e-05,8792.78,1112.50,8548894,N/A,2025-08-11 18:58:46
2678,20.469496,7.314148,3081.997070,5.00e-05,8835.04,2048.00,8552990,N/A,2025-08-11 18:58:46
2679,10.964522,7.314148,3081.997070,5.00e-05,8799.90,1098.50,8555187,N/A,2025-08-11 18:58:47
2680,18.537922,7.314148,3081.997070,5.00e-05,8667.17,1456.50,8558100,1.0000,2025-08-11 18:58:47
2681,16.241276,7.314148,3081.997070,5.00e-05,8441.34,1637.50,8561375,N/A,2025-08-11 18:58:48
2682,20.185652,7.314148,3081.997070,5.00e-05,8557.78,1993.00,8565361,N/A,2025-08-11 18:58:48
2683,15.590983,7.314148,3081.997070,5.00e-05,8368.96,1317.00,8567995,N/A,2025-08-11 18:58:48
2684,19.647434,7.314148,3081.997070,5.00e-05,8710.87,2048.00,8572091,N/A,2025-08-11 18:58:49
2685,12.934808,7.314148,3081.997070,5.00e-05,8650.58,1149.00,8574389,N/A,2025-08-11 18:58:49
2686,22.727501,7.314148,3081.997070,5.00e-05,8955.75,1927.50,8578244,N/A,2025-08-11 18:58:49
2687,17.104143,7.314148,3081.997070,5.00e-05,9161.44,1569.50,8581383,N/A,2025-08-11 18:58:50
2688,21.711832,7.314148,3081.997070,5.00e-05,9195.45,1975.50,8585334,N/A,2025-08-11 18:58:50
2689,22.110083,7.314148,3081.997070,5.00e-05,9827.84,1948.50,8589231,N/A,2025-08-11 18:58:51
2690,17.977102,7.314148,3081.997070,5.00e-05,9803.11,1703.00,8592637,1.0000,2025-08-11 18:58:51
2691,11.924234,7.314148,3081.997070,5.00e-05,9602.98,1146.50,8594930,N/A,2025-08-11 18:58:51
2692,19.024092,7.314148,3081.997070,5.00e-05,9446.80,1735.00,8598400,N/A,2025-08-11 18:58:52
2693,13.808213,7.314148,3081.997070,5.00e-05,9537.50,1450.50,8601301,N/A,2025-08-11 18:58:52
2694,14.700591,7.314148,3081.997070,5.00e-05,9335.54,1693.50,8604688,N/A,2025-08-11 18:58:53
2695,13.813516,7.314148,3081.997070,5.00e-05,9457.48,1494.50,8607677,N/A,2025-08-11 18:58:53
2696,11.792342,7.314148,3081.997070,5.00e-05,9082.97,1224.00,8610125,N/A,2025-08-11 18:58:53
2697,13.671903,7.314148,3081.997070,5.00e-05,9007.37,1446.00,8613017,N/A,2025-08-11 18:58:54
2698,15.409552,7.314148,3081.997070,5.00e-05,8785.62,1648.50,8616314,N/A,2025-08-11 18:58:54
2699,10.451881,7.314148,3081.997070,5.00e-05,8406.94,1031.00,8618376,N/A,2025-08-11 18:58:54
2700,17.477213,7.314148,3081.997070,5.00e-05,8316.48,1838.50,8622053,1.0000,2025-08-11 18:58:55
2701,11.240755,7.314148,3081.997070,5.00e-05,6843.52,1052.50,8624158,N/A,2025-08-11 18:58:56
2702,16.170399,7.314148,3081.997070,5.00e-05,6769.60,1580.00,8627318,N/A,2025-08-11 18:58:56
2703,15.479911,7.314148,3081.997070,5.00e-05,6829.16,1573.50,8630465,N/A,2025-08-11 18:58:57
2704,16.211706,7.314148,3081.997070,5.00e-05,6932.16,1844.00,8634153,N/A,2025-08-11 18:58:57
2705,15.594122,7.314148,3081.997070,5.00e-05,6913.30,1511.50,8637176,N/A,2025-08-11 18:58:58
2706,12.375505,7.314148,3081.997070,5.00e-05,6908.53,1350.00,8639876,N/A,2025-08-11 18:58:58
2707,17.905304,7.314148,3081.997070,5.00e-05,7101.60,1776.00,8643428,N/A,2025-08-11 18:58:58
2708,12.304225,7.314148,3081.997070,5.00e-05,6809.34,1109.50,8645647,N/A,2025-08-11 18:58:59
2709,13.983163,7.314148,3081.997070,5.00e-05,7023.95,1273.00,8648193,N/A,2025-08-11 18:58:59
2710,14.673097,7.314148,3081.997070,5.00e-05,8148.93,1541.00,8651275,1.0000,2025-08-11 18:59:00
2711,11.240853,7.314148,3081.997070,5.00e-05,8166.30,1081.00,8653437,N/A,2025-08-11 18:59:00
2712,12.838191,7.314148,3081.997070,5.00e-05,8089.83,1434.50,8656306,N/A,2025-08-11 18:59:00
2713,17.495861,7.314148,3081.997070,5.00e-05,8145.53,1656.00,8659618,N/A,2025-08-11 18:59:01
2714,17.575829,7.314148,3081.997070,5.00e-05,8077.78,1604.00,8662826,N/A,2025-08-11 18:59:01
2715,9.647048,7.314148,3081.997070,5.00e-05,7916.29,1081.50,8664989,N/A,2025-08-11 18:59:02
2716,13.501334,7.314148,3081.997070,5.00e-05,7860.67,1253.00,8667495,N/A,2025-08-11 18:59:02
2717,20.364737,7.314148,3081.997070,5.00e-05,8040.73,1987.00,8671469,N/A,2025-08-11 18:59:02
2718,13.290977,7.314148,3081.997070,5.00e-05,8222.83,1444.50,8674358,N/A,2025-08-11 18:59:03
2719,18.810310,7.314148,3081.997070,5.00e-05,8810.04,2039.50,8678437,N/A,2025-08-11 18:59:03
2720,18.979877,7.314148,3081.997070,5.00e-05,8620.76,1812.00,8682061,1.0000,2025-08-11 18:59:04
2721,12.595398,7.314148,3081.997070,5.00e-05,8641.28,1145.50,8684352,N/A,2025-08-11 18:59:04
2722,15.694160,7.314148,3081.997070,5.00e-05,8725.05,1671.50,8687695,N/A,2025-08-11 18:59:04
2723,14.641838,7.314148,3081.997070,5.00e-05,8600.36,1460.00,8690615,N/A,2025-08-11 18:59:05
2724,9.957889,7.314148,3081.997070,5.00e-05,8292.35,1033.00,8692681,N/A,2025-08-11 18:59:05
2725,14.823587,7.314148,3081.997070,5.00e-05,8433.16,1521.00,8695723,N/A,2025-08-11 18:59:06
2726,11.366300,7.314148,3081.997070,5.00e-05,8396.67,1296.50,8698316,N/A,2025-08-11 18:59:06
2727,20.059324,7.314148,3081.997070,5.00e-05,8353.87,1864.50,8702045,N/A,2025-08-11 18:59:06
2728,12.203256,7.314148,3081.997070,5.00e-05,8329.52,1328.50,8704702,N/A,2025-08-11 18:59:07
2729,21.920858,7.314148,3081.997070,5.00e-05,8394.55,1755.00,8708212,N/A,2025-08-11 18:59:07
2730,16.663822,7.314148,3081.997070,5.00e-05,8144.35,1632.50,8711477,1.0000,2025-08-11 18:59:08
2731,17.790689,7.314148,3081.997070,5.00e-05,8374.31,1783.00,8715043,N/A,2025-08-11 18:59:08
2732,16.314312,7.314148,3081.997070,5.00e-05,8393.57,1681.00,8718405,N/A,2025-08-11 18:59:08
2733,19.092005,7.314148,3081.997070,5.00e-05,8518.55,1683.00,8721771,N/A,2025-08-11 18:59:09
2734,19.797457,7.314148,3081.997070,5.00e-05,9100.18,1903.00,8725577,N/A,2025-08-11 18:59:09
2735,13.551986,7.314148,3081.997070,5.00e-05,9064.70,1338.50,8728254,N/A,2025-08-11 18:59:10
2736,14.827067,7.314148,3081.997070,5.00e-05,9066.18,1423.50,8731101,N/A,2025-08-11 18:59:10
2737,20.369307,7.314148,3081.997070,5.00e-05,9166.17,2048.00,8735197,N/A,2025-08-11 18:59:10
2738,18.568645,7.314148,3081.997070,5.00e-05,9405.13,1591.00,8738379,N/A,2025-08-11 18:59:11
2739,13.816822,7.314148,3081.997070,5.00e-05,9457.03,1545.00,8741469,N/A,2025-08-11 18:59:11
2740,14.736575,7.314148,3081.997070,5.00e-05,9442.29,1767.00,8745003,1.0000,2025-08-11 18:59:12
2741,19.554047,7.314148,3081.997070,5.00e-05,9379.19,1696.00,8748395,N/A,2025-08-11 18:59:12
2742,9.763605,7.314148,3081.997070,5.00e-05,9056.54,1149.00,8750693,N/A,2025-08-11 18:59:12
2743,13.955659,7.314148,3081.997070,5.00e-05,8870.81,1426.50,8753546,N/A,2025-08-11 18:59:13
2744,18.429350,7.314148,3081.997070,5.00e-05,8794.44,1839.50,8757225,N/A,2025-08-11 18:59:13
2745,15.498729,7.314148,3081.997070,5.00e-05,8944.80,1489.00,8760203,N/A,2025-08-11 18:59:14
2746,19.497898,7.314148,3081.997070,5.00e-05,9159.33,1777.50,8763758,N/A,2025-08-11 18:59:14
2747,13.753601,7.314148,3081.997070,5.00e-05,8810.89,1420.50,8766599,N/A,2025-08-11 18:59:14
2748,16.118315,7.314148,3081.997070,5.00e-05,8863.17,1666.00,8769931,N/A,2025-08-11 18:59:15
2749,18.286922,7.314148,3081.997070,5.00e-05,9099.92,1515.50,8772962,N/A,2025-08-11 18:59:15
2750,15.641893,7.314148,3081.997070,5.00e-05,8557.51,1202.00,8775366,1.0000,2025-08-11 18:59:16
2751,20.800121,7.314148,3081.997070,5.00e-05,8730.34,1969.50,8779305,N/A,2025-08-11 18:59:16
2752,17.413874,7.314148,3081.997070,5.00e-05,9177.46,1973.50,8783252,N/A,2025-08-11 18:59:16
2753,14.267638,7.314148,3081.997070,5.00e-05,9310.50,1609.50,8786471,N/A,2025-08-11 18:59:17
2754,17.214132,7.314148,3081.997070,5.00e-05,9330.92,1867.50,8790206,N/A,2025-08-11 18:59:17
2755,17.967382,7.314148,3081.997070,5.00e-05,9332.47,1602.50,8793411,N/A,2025-08-11 18:59:17
2756,17.542694,7.314148,3081.997070,5.00e-05,9283.75,1757.50,8796926,N/A,2025-08-11 18:59:18
2757,11.547411,7.314148,3081.997070,5.00e-05,9114.32,1145.00,8799216,N/A,2025-08-11 18:59:18
2758,13.908216,7.314148,3081.997070,5.00e-05,8903.43,1278.00,8801772,N/A,2025-08-11 18:59:19
2759,10.657483,7.314148,3081.997070,5.00e-05,8958.69,1221.50,8804215,N/A,2025-08-11 18:59:19
2760,24.050135,7.314148,3081.997070,5.00e-05,9277.95,2033.00,8808281,1.0000,2025-08-11 18:59:19
2761,12.286232,7.314148,3081.997070,5.00e-05,9012.59,1390.50,8811062,N/A,2025-08-11 18:59:20
2762,18.938322,7.314148,3081.997070,5.00e-05,9004.13,2048.00,8815158,N/A,2025-08-11 18:59:20
2763,17.887859,7.314148,3081.997070,5.00e-05,9153.70,1903.00,8818964,N/A,2025-08-11 18:59:21
2764,13.343376,7.314148,3081.997070,5.00e-05,8946.70,1411.00,8821786,N/A,2025-08-11 18:59:21
2765,13.637615,7.314148,3081.997070,5.00e-05,8835.37,1338.50,8824463,N/A,2025-08-11 18:59:21
2766,11.111600,7.314148,3081.997070,5.00e-05,8493.46,1105.00,8826673,N/A,2025-08-11 18:59:22
2767,14.969365,7.314148,3081.997070,5.00e-05,8708.27,1666.00,8830005,N/A,2025-08-11 18:59:22
2768,19.279583,7.314148,3081.997070,5.00e-05,9002.03,1789.50,8833584,N/A,2025-08-11 18:59:23
2769,12.898011,7.314148,3081.997070,5.00e-05,9135.34,1380.50,8836345,N/A,2025-08-11 18:59:23
2770,11.601822,7.314148,3081.997070,5.00e-05,8379.48,1093.00,8838531,1.0000,2025-08-11 18:59:23
2771,18.236372,7.314148,3081.997070,5.00e-05,8603.83,1689.00,8841909,N/A,2025-08-11 18:59:24
2772,15.819527,7.314148,3081.997070,5.00e-05,8423.56,1700.00,8845309,N/A,2025-08-11 18:59:24
2773,14.879068,7.314148,3081.997070,5.00e-05,8291.83,1709.50,8848728,N/A,2025-08-11 18:59:25
2774,13.540364,7.314148,3081.997070,5.00e-05,8111.58,1099.50,8850927,N/A,2025-08-11 18:59:25
2775,16.289639,7.314148,3081.997070,5.00e-05,8344.70,1764.50,8854456,N/A,2025-08-11 18:59:25
2776,13.014455,7.314148,3081.997070,5.00e-05,8559.51,1325.50,8857107,N/A,2025-08-11 18:59:26
2777,23.416443,7.314148,3081.997070,5.00e-05,8643.22,2024.50,8861156,N/A,2025-08-11 18:59:26
2778,19.067314,7.314148,3081.997070,5.00e-05,8872.09,2019.50,8865195,N/A,2025-08-11 18:59:27
2779,14.623884,7.314148,3081.997070,5.00e-05,9238.98,1584.00,8868363,N/A,2025-08-11 18:59:27
2780,19.965460,7.314148,3081.997070,5.00e-05,9446.53,1844.00,8872051,1.0000,2025-08-11 18:59:27
2781,14.306182,7.314148,3081.997070,5.00e-05,9263.47,1440.00,8874931,N/A,2025-08-11 18:59:28
2782,12.282066,7.314148,3081.997070,5.00e-05,9029.63,1308.50,8877548,N/A,2025-08-11 18:59:28
2783,16.688616,7.314148,3081.997070,5.00e-05,9208.05,1992.50,8881533,N/A,2025-08-11 18:59:29
2784,14.135693,7.314148,3081.997070,5.00e-05,9458.78,1652.00,8884837,N/A,2025-08-11 18:59:29
2785,16.489126,7.314148,3081.997070,5.00e-05,9487.31,1828.50,8888494,N/A,2025-08-11 18:59:29
2786,15.926114,7.314148,3081.997070,5.00e-05,9662.18,1431.50,8891357,N/A,2025-08-11 18:59:30
2787,19.005394,7.314148,3081.997070,5.00e-05,9531.00,1777.00,8894911,N/A,2025-08-11 18:59:30
2788,12.623195,7.314148,3081.997070,5.00e-05,9090.30,1266.50,8897444,N/A,2025-08-11 18:59:30
2789,15.768373,7.314148,3081.997070,5.00e-05,9159.25,1496.00,8900436,N/A,2025-08-11 18:59:31
2790,13.914408,7.314148,3081.997070,5.00e-05,8800.75,1437.00,8903310,1.0000,2025-08-11 18:59:31
2791,12.682576,7.314148,3081.997070,5.00e-05,7478.80,1330.00,8905970,N/A,2025-08-11 18:59:32
2792,12.704189,7.314148,3081.997070,5.00e-05,7389.36,1167.00,8908304,N/A,2025-08-11 18:59:33
2793,15.264948,7.314148,3081.997070,5.00e-05,7250.98,1698.50,8911701,N/A,2025-08-11 18:59:33
2794,17.330772,7.314148,3081.997070,5.00e-05,7278.13,1705.00,8915111,N/A,2025-08-11 18:59:33
2795,10.971658,7.314148,3081.997070,5.00e-05,6905.85,1042.00,8917195,N/A,2025-08-11 18:59:34
2796,15.121128,7.314148,3081.997070,5.00e-05,7033.36,1695.50,8920586,N/A,2025-08-11 18:59:34
2797,17.789488,7.314148,3081.997070,5.00e-05,7065.33,1844.50,8924275,N/A,2025-08-11 18:59:35
2798,18.187277,7.314148,3081.997070,5.00e-05,7462.48,1945.50,8928166,N/A,2025-08-11 18:59:35
2799,20.457151,7.314148,3081.997070,5.00e-05,7815.50,1970.00,8932106,N/A,2025-08-11 18:59:35
2800,16.769257,7.314148,3081.997070,5.00e-05,9093.31,1510.00,8935126,1.0000,2025-08-11 18:59:36
2801,19.671589,7.314148,3081.997070,5.00e-05,7560.62,1696.00,8938518,N/A,2025-08-11 18:59:37
2802,21.146032,7.314148,3081.997070,5.00e-05,7975.54,1979.50,8942477,N/A,2025-08-11 18:59:37
2803,16.064425,7.314148,3081.997070,5.00e-05,7984.25,1768.00,8946013,N/A,2025-08-11 18:59:38
2804,13.341157,7.314148,3081.997070,5.00e-05,7730.75,1386.00,8948785,N/A,2025-08-11 18:59:38
2805,10.888117,7.314148,3081.997070,5.00e-05,7881.46,1393.50,8951572,N/A,2025-08-11 18:59:39
2806,18.339277,7.314148,3081.997070,5.00e-05,7818.92,1581.50,8954735,N/A,2025-08-11 18:59:39
2807,12.858163,7.314148,3081.997070,5.00e-05,7500.24,1163.00,8957061,N/A,2025-08-11 18:59:39
2808,11.794354,7.314148,3081.997070,5.00e-05,7211.65,1345.00,8959751,N/A,2025-08-11 18:59:40
2809,17.033802,7.314148,3081.997070,5.00e-05,7118.57,1571.50,8962894,N/A,2025-08-11 18:59:40
2810,14.539981,7.314148,3081.997070,5.00e-05,8606.39,1536.00,8965966,1.0000,2025-08-11 18:59:41
2811,16.790806,7.314148,3081.997070,5.00e-05,8641.73,1867.00,8969700,N/A,2025-08-11 18:59:41
2812,14.240481,7.314148,3081.997070,5.00e-05,8359.10,1407.00,8972514,N/A,2025-08-11 18:59:41
2813,13.724832,7.314148,3081.997070,5.00e-05,8264.68,1387.50,8975289,N/A,2025-08-11 18:59:42
2814,14.297051,7.314148,3081.997070,5.00e-05,8275.30,1392.50,8978074,N/A,2025-08-11 18:59:42
2815,18.939730,7.314148,3081.997070,5.00e-05,8499.33,1747.50,8981569,N/A,2025-08-11 18:59:43
2816,12.678401,7.314148,3081.997070,5.00e-05,8192.63,1130.50,8983830,N/A,2025-08-11 18:59:43
2817,16.375355,7.314148,3081.997070,5.00e-05,8493.31,1674.50,8987179,N/A,2025-08-11 18:59:43
2818,14.170202,7.314148,3081.997070,5.00e-05,8607.88,1494.50,8990168,N/A,2025-08-11 18:59:44
2819,18.309599,7.314148,3081.997070,5.00e-05,8922.81,1891.50,8993951,N/A,2025-08-11 18:59:44
2820,20.847704,7.314148,3081.997070,5.00e-05,9081.86,1997.00,8997945,1.0000,2025-08-11 18:59:45
2821,19.518942,7.314148,3081.997070,5.00e-05,9126.97,2038.50,9002022,N/A,2025-08-11 18:59:45
2822,18.064491,7.314148,3081.997070,5.00e-05,9456.91,1938.00,9005898,N/A,2025-08-11 18:59:45
2823,12.139577,7.314148,3081.997070,5.00e-05,9253.19,1121.50,9008141,N/A,2025-08-11 18:59:46
2824,17.312477,7.314148,3081.997070,5.00e-05,9323.93,1781.50,9011704,N/A,2025-08-11 18:59:46
2825,17.148045,7.314148,3081.997070,5.00e-05,9399.18,1776.50,9015257,N/A,2025-08-11 18:59:46
2826,13.689205,7.314148,3081.997070,5.00e-05,9654.28,1558.50,9018374,N/A,2025-08-11 18:59:47
2827,13.491022,7.314148,3081.997070,5.00e-05,9520.70,1455.50,9021285,N/A,2025-08-11 18:59:47
2828,15.992194,7.314148,3081.997070,5.00e-05,9685.33,1697.50,9024680,N/A,2025-08-11 18:59:48
2829,19.989647,7.314148,3081.997070,5.00e-05,9736.16,1791.00,9028262,N/A,2025-08-11 18:59:48
2830,18.712023,7.314148,3081.997070,5.00e-05,9543.40,1897.00,9032056,1.0000,2025-08-11 18:59:48
2831,11.393631,7.314148,3081.997070,5.00e-05,9102.73,1261.50,9034579,N/A,2025-08-11 18:59:49
2832,21.863827,7.314148,3081.997070,5.00e-05,9172.32,1981.00,9038541,N/A,2025-08-11 18:59:49
2833,12.197754,7.314148,3081.997070,5.00e-05,9353.47,1283.50,9041108,N/A,2025-08-11 18:59:50
2834,19.517744,7.314148,3081.997070,5.00e-05,9286.52,1763.00,9044634,N/A,2025-08-11 18:59:50
2835,17.659122,7.314148,3081.997070,5.00e-05,9321.52,1843.00,9048320,N/A,2025-08-11 18:59:50
2836,14.248486,7.314148,3081.997070,5.00e-05,9265.02,1457.50,9051235,N/A,2025-08-11 18:59:51
2837,10.710408,7.314148,3081.997070,5.00e-05,9106.14,1170.00,9053575,N/A,2025-08-11 18:59:51
2838,19.352348,7.314148,3081.997070,5.00e-05,9225.69,1865.50,9057306,N/A,2025-08-11 18:59:52
2839,10.704767,7.314148,3081.997070,5.00e-05,8928.73,1062.00,9059430,N/A,2025-08-11 18:59:52
2840,11.173745,7.314148,3081.997070,5.00e-05,8367.40,1172.50,9061775,1.0000,2025-08-11 18:59:52
2841,22.654222,7.314148,3081.997070,5.00e-05,8752.66,2006.00,9065787,N/A,2025-08-11 18:59:53
2842,13.817898,7.314148,3081.997070,5.00e-05,8485.01,1474.50,9068736,N/A,2025-08-11 18:59:53
2843,18.821898,7.314148,3081.997070,5.00e-05,8752.22,1666.50,9072069,N/A,2025-08-11 18:59:54
2844,16.250866,7.314148,3081.997070,5.00e-05,8754.23,1867.00,9075803,N/A,2025-08-11 18:59:54
2845,17.400213,7.314148,3081.997070,5.00e-05,8799.81,1922.00,9079647,N/A,2025-08-11 18:59:54
2846,18.210642,7.314148,3081.997070,5.00e-05,8951.87,1801.50,9083250,N/A,2025-08-11 18:59:55
2847,17.603914,7.314148,3081.997070,5.00e-05,9215.50,1660.00,9086570,N/A,2025-08-11 18:59:55
2848,15.755203,7.314148,3081.997070,5.00e-05,9103.25,1781.00,9090132,N/A,2025-08-11 18:59:56
2849,15.279678,7.314148,3081.997070,5.00e-05,9423.75,1337.50,9092807,N/A,2025-08-11 18:59:56
2850,18.687786,7.314148,3081.997070,5.00e-05,9583.83,1643.50,9096094,1.0000,2025-08-11 18:59:56
2851,15.383446,7.314148,3081.997070,5.00e-05,9355.76,1562.50,9099219,N/A,2025-08-11 18:59:57
2852,17.439903,7.314148,3081.997070,5.00e-05,9313.80,1506.00,9102231,N/A,2025-08-11 18:59:57
2853,17.735779,7.314148,3081.997070,5.00e-05,9440.00,1789.00,9105809,N/A,2025-08-11 18:59:58
2854,13.559203,7.314148,3081.997070,5.00e-05,9111.32,1409.00,9108627,N/A,2025-08-11 18:59:58
2855,16.124050,7.314148,3081.997070,5.00e-05,9079.90,1818.00,9112263,N/A,2025-08-11 18:59:58
2856,17.428158,7.314148,3081.997070,5.00e-05,9202.53,1917.00,9116097,N/A,2025-08-11 18:59:59
2857,15.062380,7.314148,3081.997070,5.00e-05,9227.84,1488.00,9119073,N/A,2025-08-11 18:59:59
2858,17.913094,7.314148,3081.997070,5.00e-05,8965.12,1325.00,9121723,N/A,2025-08-11 18:59:59
2859,16.994761,7.314148,3081.997070,5.00e-05,9358.82,1796.00,9125315,N/A,2025-08-11 19:00:00
2860,13.689982,7.314148,3081.997070,5.00e-05,9059.77,1564.00,9128443,1.0000,2025-08-11 19:00:00
2861,11.860577,7.314148,3081.997070,5.00e-05,8854.84,1112.00,9130667,N/A,2025-08-11 19:00:01
2862,13.310533,7.314148,3081.997070,5.00e-05,8891.43,1586.00,9133839,N/A,2025-08-11 19:00:01
2863,18.366302,7.314148,3081.997070,5.00e-05,8776.99,1452.00,9136743,N/A,2025-08-11 19:00:01
2864,19.731564,7.314148,3081.997070,5.00e-05,9101.87,1944.50,9140632,N/A,2025-08-11 19:00:02
2865,19.186953,7.314148,3081.997070,5.00e-05,9058.37,1756.00,9144144,N/A,2025-08-11 19:00:02
2866,19.568090,7.314148,3081.997070,5.00e-05,9024.80,1868.50,9147881,N/A,2025-08-11 19:00:03
2867,9.457164,7.314148,3081.997070,5.00e-05,8713.78,1047.00,9149975,N/A,2025-08-11 19:00:03
2868,19.960464,7.314148,3081.997070,5.00e-05,9025.25,1987.50,9153950,N/A,2025-08-11 19:00:03
2869,13.458050,7.314148,3081.997070,5.00e-05,9073.36,1426.00,9156802,N/A,2025-08-11 19:00:04
2870,12.532215,7.314148,3081.997070,5.00e-05,8714.94,1313.50,9159429,1.0000,2025-08-11 19:00:04
2871,16.229074,7.314148,3081.997070,5.00e-05,9132.24,1947.00,9163323,N/A,2025-08-11 19:00:05
2872,12.402320,7.314148,3081.997070,5.00e-05,9019.52,1405.50,9166134,N/A,2025-08-11 19:00:05
2873,10.464503,7.314148,3081.997070,5.00e-05,8897.29,1237.50,9168609,N/A,2025-08-11 19:00:05
2874,15.688797,7.314148,3081.997070,5.00e-05,8575.41,1523.00,9171655,N/A,2025-08-11 19:00:06
2875,13.776142,7.314148,3081.997070,5.00e-05,8397.26,1408.50,9174472,N/A,2025-08-11 19:00:06
2876,12.077332,7.314148,3081.997070,5.00e-05,8136.23,1411.50,9177295,N/A,2025-08-11 19:00:07
2877,16.975777,7.314148,3081.997070,5.00e-05,8492.92,1559.00,9180413,N/A,2025-08-11 19:00:07
2878,14.867530,7.314148,3081.997070,5.00e-05,8245.55,1570.00,9183553,N/A,2025-08-11 19:00:07
2879,14.211656,7.314148,3081.997070,5.00e-05,8395.66,1383.00,9186319,N/A,2025-08-11 19:00:08
2880,18.881741,7.314148,3081.997070,5.00e-05,8406.53,1783.00,9189885,1.0000,2025-08-11 19:00:08
2881,16.231886,7.314148,3081.997070,5.00e-05,8242.26,1647.50,9193180,N/A,2025-08-11 19:00:09
2882,13.765167,7.314148,3081.997070,5.00e-05,8269.54,1453.50,9196087,N/A,2025-08-11 19:00:09
2883,14.637964,7.314148,3081.997070,5.00e-05,8493.45,1483.00,9199053,N/A,2025-08-11 19:00:09
2884,10.198889,7.314148,3081.997070,5.00e-05,8165.62,1037.50,9201128,N/A,2025-08-11 19:00:10
2885,17.069876,7.314148,3081.997070,5.00e-05,8450.64,1818.00,9204764,N/A,2025-08-11 19:00:10
2886,14.332601,7.314148,3081.997070,5.00e-05,8440.14,1570.00,9207904,N/A,2025-08-11 19:00:11
2887,12.835753,7.314148,3081.997070,5.00e-05,8345.92,1362.00,9210628,N/A,2025-08-11 19:00:11
2888,18.161728,7.314148,3081.997070,5.00e-05,8533.90,1840.00,9214308,N/A,2025-08-11 19:00:11
2889,10.510669,7.314148,3081.997070,5.00e-05,8690.11,1243.00,9216794,N/A,2025-08-11 19:00:12
2890,13.193464,7.314148,3081.997070,5.00e-05,8442.17,1629.50,9220053,1.0000,2025-08-11 19:00:12
2891,17.032763,7.314148,3081.997070,5.00e-05,8587.44,1913.50,9223880,N/A,2025-08-11 19:00:13
2892,16.853855,7.314148,3081.997070,5.00e-05,8688.37,1742.50,9227365,N/A,2025-08-11 19:00:13
2893,12.375863,7.314148,3081.997070,5.00e-05,8513.50,1165.00,9229695,N/A,2025-08-11 19:00:13
2894,11.146186,7.314148,3081.997070,5.00e-05,8579.70,1318.00,9232331,N/A,2025-08-11 19:00:14
2895,10.417839,7.314148,3081.997070,5.00e-05,8273.33,1073.50,9234478,N/A,2025-08-11 19:00:14
2896,24.399822,7.314148,3081.997070,5.00e-05,8520.04,2018.00,9238514,N/A,2025-08-11 19:00:15
2897,21.158466,7.314148,3081.997070,5.00e-05,8807.68,1887.00,9242288,N/A,2025-08-11 19:00:15
2898,15.050192,7.314148,3081.997070,5.00e-05,8761.46,1619.00,9245526,N/A,2025-08-11 19:00:15
2899,18.835983,7.314148,3081.997070,5.00e-05,9134.12,1615.50,9248757,N/A,2025-08-11 19:00:16
2900,16.945499,7.314148,3081.997070,5.00e-05,8954.99,1660.00,9252077,1.0000,2025-08-11 19:00:16
2901,16.062845,7.314148,3081.997070,5.00e-05,7129.95,1592.00,9255261,N/A,2025-08-11 19:00:17
2902,13.375226,7.314148,3081.997070,5.00e-05,6955.32,1329.00,9257919,N/A,2025-08-11 19:00:18
2903,17.082197,7.314148,3081.997070,5.00e-05,7395.22,2009.50,9261938,N/A,2025-08-11 19:00:18
2904,11.030888,7.314148,3081.997070,5.00e-05,7349.81,1322.00,9264582,N/A,2025-08-11 19:00:19
2905,10.661222,7.314148,3081.997070,5.00e-05,7339.03,1040.00,9266662,N/A,2025-08-11 19:00:19
2906,15.800374,7.314148,3081.997070,5.00e-05,7113.34,1608.50,9269879,N/A,2025-08-11 19:00:19
2907,12.686123,7.314148,3081.997070,5.00e-05,6839.15,1299.00,9272477,N/A,2025-08-11 19:00:20
2908,12.365363,7.314148,3081.997070,5.00e-05,6703.28,1296.00,9275069,N/A,2025-08-11 19:00:20
2909,13.446040,7.314148,3081.997070,5.00e-05,6699.97,1350.00,9277769,N/A,2025-08-11 19:00:21
2910,15.576550,7.314148,3081.997070,5.00e-05,8099.71,1552.50,9280874,1.0000,2025-08-11 19:00:21
2911,17.346222,7.314148,3081.997070,5.00e-05,8223.26,1753.50,9284381,N/A,2025-08-11 19:00:21
2912,21.462324,7.314148,3081.997070,5.00e-05,8623.55,2015.00,9288411,N/A,2025-08-11 19:00:22
2913,16.548555,7.314148,3081.997070,5.00e-05,8624.23,1891.50,9292194,N/A,2025-08-11 19:00:22
2914,8.704828,7.314148,3081.997070,5.00e-05,8493.24,1084.00,9294362,N/A,2025-08-11 19:00:23
2915,13.467927,7.314148,3081.997070,5.00e-05,8735.36,1462.00,9297286,N/A,2025-08-11 19:00:23
2916,11.409366,7.314148,3081.997070,5.00e-05,8550.27,1270.50,9299827,N/A,2025-08-11 19:00:23
2917,16.791119,7.314148,3081.997070,5.00e-05,8836.85,1816.00,9303459,N/A,2025-08-11 19:00:24
2918,14.806687,7.314148,3081.997070,5.00e-05,9123.33,1793.50,9307046,N/A,2025-08-11 19:00:24
2919,18.755062,7.314148,3081.997070,5.00e-05,9580.76,1781.00,9310608,N/A,2025-08-11 19:00:24
2920,18.404749,7.314148,3081.997070,5.00e-05,9451.81,1847.50,9314303,1.0000,2025-08-11 19:00:25
2921,18.666800,7.314148,3081.997070,5.00e-05,9184.96,1414.00,9317131,N/A,2025-08-11 19:00:25
2922,18.147352,7.314148,3081.997070,5.00e-05,8955.79,1631.00,9320393,N/A,2025-08-11 19:00:26
2923,18.129932,7.314148,3081.997070,5.00e-05,8984.22,1954.00,9324301,N/A,2025-08-11 19:00:26
2924,20.074343,7.314148,3081.997070,5.00e-05,9566.54,1986.50,9328274,N/A,2025-08-11 19:00:26
2925,15.980972,7.314148,3081.997070,5.00e-05,9579.54,1470.00,9331214,N/A,2025-08-11 19:00:27
2926,13.251719,7.314148,3081.997070,5.00e-05,9771.38,1610.50,9334435,N/A,2025-08-11 19:00:27
2927,15.372756,7.314148,3081.997070,5.00e-05,9687.13,1688.50,9337812,N/A,2025-08-11 19:00:28
2928,18.349201,7.314148,3081.997070,5.00e-05,9521.27,1647.00,9341106,N/A,2025-08-11 19:00:28
2929,16.231623,7.314148,3081.997070,5.00e-05,9869.64,1855.50,9344817,N/A,2025-08-11 19:00:28
2930,13.316721,7.314148,3081.997070,5.00e-05,9359.76,1303.00,9347423,1.0000,2025-08-11 19:00:29
2931,13.804924,7.314148,3081.997070,5.00e-05,9377.37,1421.00,9350265,N/A,2025-08-11 19:00:29
2932,14.768413,7.314148,3081.997070,5.00e-05,9532.57,1895.00,9354055,N/A,2025-08-11 19:00:30
2933,9.843519,7.314148,3081.997070,5.00e-05,9071.05,1164.00,9356383,N/A,2025-08-11 19:00:30
2934,21.211027,7.314148,3081.997070,5.00e-05,9091.95,2013.00,9360409,N/A,2025-08-11 19:00:30
2935,13.805387,7.314148,3081.997070,5.00e-05,8911.70,1302.50,9363014,N/A,2025-08-11 19:00:31
2936,10.641037,7.314148,3081.997070,5.00e-05,8615.62,1100.50,9365215,N/A,2025-08-11 19:00:31
2937,19.374416,7.314148,3081.997070,5.00e-05,8741.39,1900.50,9369016,N/A,2025-08-11 19:00:32
2938,18.466917,7.314148,3081.997070,5.00e-05,8837.71,1820.50,9372657,N/A,2025-08-11 19:00:32
2939,13.359631,7.314148,3081.997070,5.00e-05,8924.45,1557.50,9375772,N/A,2025-08-11 19:00:32
2940,12.910506,7.314148,3081.997070,5.00e-05,8623.78,1274.00,9378320,1.0000,2025-08-11 19:00:33
2941,18.066160,7.314148,3081.997070,5.00e-05,8767.41,1754.00,9381828,N/A,2025-08-11 19:00:33
2942,14.814294,7.314148,3081.997070,5.00e-05,8581.84,1562.00,9384952,N/A,2025-08-11 19:00:34
2943,13.705947,7.314148,3081.997070,5.00e-05,8744.53,1480.00,9387912,N/A,2025-08-11 19:00:34
2944,15.174254,7.314148,3081.997070,5.00e-05,8543.27,1516.50,9390945,N/A,2025-08-11 19:00:34
2945,14.848274,7.314148,3081.997070,5.00e-05,8779.07,1688.50,9394322,N/A,2025-08-11 19:00:35
2946,12.621064,7.314148,3081.997070,5.00e-05,8975.62,1438.50,9397199,N/A,2025-08-11 19:00:35
2947,14.836249,7.314148,3081.997070,5.00e-05,8804.56,1582.00,9400363,N/A,2025-08-11 19:00:36
2948,19.479216,7.314148,3081.997070,5.00e-05,8925.64,2045.50,9404454,N/A,2025-08-11 19:00:36
2949,20.012100,7.314148,3081.997070,5.00e-05,9444.73,1952.50,9408359,N/A,2025-08-11 19:00:36
2950,13.254919,7.314148,3081.997070,5.00e-05,9399.01,1528.00,9411415,1.0000,2025-08-11 19:00:37
2951,18.745907,7.314148,3081.997070,5.00e-05,9549.07,2003.50,9415422,N/A,2025-08-11 19:00:37
2952,13.239120,7.314148,3081.997070,5.00e-05,9479.21,1525.50,9418473,N/A,2025-08-11 19:00:38
2953,9.760543,7.314148,3081.997070,5.00e-05,9202.77,1084.50,9420642,N/A,2025-08-11 19:00:38
2954,13.668146,7.314148,3081.997070,5.00e-05,9125.16,1415.50,9423473,N/A,2025-08-11 19:00:38
2955,15.751230,7.314148,3081.997070,5.00e-05,9177.19,1841.00,9427155,N/A,2025-08-11 19:00:39
2956,14.302984,7.314148,3081.997070,5.00e-05,9136.17,1384.50,9429924,N/A,2025-08-11 19:00:39
2957,10.454350,7.314148,3081.997070,5.00e-05,8887.80,1162.00,9432248,N/A,2025-08-11 19:00:39
2958,14.328611,7.314148,3081.997070,5.00e-05,8458.97,1278.00,9434804,N/A,2025-08-11 19:00:40
2959,20.161942,7.314148,3081.997070,5.00e-05,8692.13,1998.00,9438800,N/A,2025-08-11 19:00:40
2960,14.891805,7.314148,3081.997070,5.00e-05,8446.29,1398.50,9441597,1.0000,2025-08-11 19:00:41
2961,13.230856,7.314148,3081.997070,5.00e-05,8107.61,1408.50,9444414,N/A,2025-08-11 19:00:41
2962,19.879267,7.314148,3081.997070,5.00e-05,8388.32,2042.00,9448498,N/A,2025-08-11 19:00:41
2963,18.110605,7.314148,3081.997070,5.00e-05,8679.03,1592.00,9451682,N/A,2025-08-11 19:00:42
2964,11.409902,7.314148,3081.997070,5.00e-05,8607.12,1191.50,9454065,N/A,2025-08-11 19:00:42
2965,10.992325,7.314148,3081.997070,5.00e-05,8123.86,1127.00,9456319,N/A,2025-08-11 19:00:43
2966,13.198089,7.314148,3081.997070,5.00e-05,8081.26,1346.00,9459011,N/A,2025-08-11 19:00:43
2967,17.546284,7.314148,3081.997070,5.00e-05,8575.66,2048.00,9463107,N/A,2025-08-11 19:00:43
2968,11.574208,7.314148,3081.997070,5.00e-05,8400.66,1106.00,9465319,N/A,2025-08-11 19:00:44
2969,11.016748,7.314148,3081.997070,5.00e-05,7965.32,1025.50,9467370,N/A,2025-08-11 19:00:44
2970,13.815051,7.314148,3081.997070,5.00e-05,7912.87,1659.50,9470689,1.0000,2025-08-11 19:00:45
2971,13.901303,7.314148,3081.997070,5.00e-05,8057.83,1636.50,9473962,N/A,2025-08-11 19:00:45
2972,15.933702,7.314148,3081.997070,5.00e-05,7961.64,1858.50,9477679,N/A,2025-08-11 19:00:46
2973,12.593680,7.314148,3081.997070,5.00e-05,7785.62,1281.50,9480242,N/A,2025-08-11 19:00:46
2974,13.119667,7.314148,3081.997070,5.00e-05,8011.93,1455.00,9483152,N/A,2025-08-11 19:00:46
2975,15.954101,7.314148,3081.997070,5.00e-05,8350.84,1746.50,9486645,N/A,2025-08-11 19:00:47
2976,13.171796,7.314148,3081.997070,5.00e-05,8340.92,1422.50,9489490,N/A,2025-08-11 19:00:47
2977,17.158079,7.314148,3081.997070,5.00e-05,8208.02,1648.50,9492787,N/A,2025-08-11 19:00:47
2978,16.820854,7.314148,3081.997070,5.00e-05,8538.39,1734.00,9496255,N/A,2025-08-11 19:00:48
2979,16.045660,7.314148,3081.997070,5.00e-05,8889.39,1289.00,9498833,N/A,2025-08-11 19:00:48
2980,15.653374,7.314148,3081.997070,5.00e-05,8936.14,2048.00,9502929,1.0000,2025-08-11 19:00:49
2981,14.763217,7.314148,3081.997070,5.00e-05,8880.51,1549.00,9506027,N/A,2025-08-11 19:00:49
2982,12.212807,7.314148,3081.997070,5.00e-05,8596.85,1342.00,9508711,N/A,2025-08-11 19:00:50
2983,15.072128,7.314148,3081.997070,5.00e-05,8747.99,1669.00,9512049,N/A,2025-08-11 19:00:50
2984,15.509585,7.314148,3081.997070,5.00e-05,8938.64,1718.00,9515485,N/A,2025-08-11 19:00:50
2985,14.482524,7.314148,3081.997070,5.00e-05,8816.60,1456.50,9518398,N/A,2025-08-11 19:00:51
2986,16.066210,7.314148,3081.997070,5.00e-05,8897.54,1663.50,9521725,N/A,2025-08-11 19:00:51
2987,17.703907,7.314148,3081.997070,5.00e-05,8842.91,1570.50,9524866,N/A,2025-08-11 19:00:52
2988,16.037449,7.314148,3081.997070,5.00e-05,8906.08,1723.50,9528313,N/A,2025-08-11 19:00:52
2989,20.219372,7.314148,3081.997070,5.00e-05,9553.22,2034.00,9532381,N/A,2025-08-11 19:00:52
2990,10.624261,7.314148,3081.997070,5.00e-05,8845.72,1211.50,9534804,1.0000,2025-08-11 19:00:53
2991,12.791295,7.314148,3081.997070,5.00e-05,8733.60,1354.00,9537512,N/A,2025-08-11 19:00:53
2992,18.058184,7.314148,3081.997070,5.00e-05,9117.54,2006.00,9541524,N/A,2025-08-11 19:00:54
2993,11.741483,7.314148,3081.997070,5.00e-05,8786.62,1138.50,9543801,N/A,2025-08-11 19:00:54
2994,13.242516,7.314148,3081.997070,5.00e-05,8579.60,1329.00,9546459,N/A,2025-08-11 19:00:54
2995,18.640797,7.314148,3081.997070,5.00e-05,8944.82,2048.00,9550555,N/A,2025-08-11 19:00:55
2996,16.366262,7.314148,3081.997070,5.00e-05,9004.04,1617.50,9553790,N/A,2025-08-11 19:00:55
2997,16.405451,7.314148,3081.997070,5.00e-05,9163.30,1851.50,9557493,N/A,2025-08-11 19:00:55
2998,13.601832,7.314148,3081.997070,5.00e-05,8961.72,1361.50,9560216,N/A,2025-08-11 19:00:56
2999,14.045094,7.314148,3081.997070,5.00e-05,8967.36,1601.00,9563418,N/A,2025-08-11 19:00:56
3000,21.025106,7.892739,6967.631836,5.00e-05,1728.78,1740.00,9566898,N/A,2025-08-11 19:01:12
3001,14.167782,7.892739,6967.631836,5.00e-05,1655.25,1417.00,9569732,N/A,2025-08-11 19:01:13
3002,19.747974,7.892739,6967.631836,5.00e-05,1660.30,2043.50,9573819,N/A,2025-08-11 19:01:13
3003,21.128080,7.892739,6967.631836,5.00e-05,1746.68,1983.00,9577785,N/A,2025-08-11 19:01:14
3004,16.904657,7.892739,6967.631836,5.00e-05,1787.07,1748.50,9581282,N/A,2025-08-11 19:01:14
3005,11.398204,7.892739,6967.631836,5.00e-05,1733.09,1522.00,9584326,N/A,2025-08-11 19:01:15
3006,13.036592,7.892739,6967.631836,5.00e-05,1698.21,1279.00,9586884,N/A,2025-08-11 19:01:15
3007,16.314484,7.892739,6967.631836,5.00e-05,1687.13,1745.00,9590374,N/A,2025-08-11 19:01:15
3008,16.059284,7.892739,6967.631836,5.00e-05,1733.74,1815.50,9594005,N/A,2025-08-11 19:01:16
3009,11.693181,7.892739,6967.631836,5.00e-05,7567.88,1251.00,9596507,N/A,2025-08-11 19:01:16
3010,16.355171,7.892739,6967.631836,5.00e-05,9224.70,1510.50,9599528,1.0000,2025-08-11 19:01:17
3011,22.429863,7.892739,6967.631836,5.00e-05,9435.56,1836.00,9603200,N/A,2025-08-11 19:01:17
3012,14.643795,7.892739,6967.631836,5.00e-05,9342.91,1841.00,9606882,N/A,2025-08-11 19:01:17
3013,14.252909,7.892739,6967.631836,5.00e-05,9168.64,1548.50,9609979,N/A,2025-08-11 19:01:18
3014,16.682690,7.892739,6967.631836,5.00e-05,9007.40,1611.00,9613201,N/A,2025-08-11 19:01:18
3015,17.790497,7.892739,6967.631836,5.00e-05,9193.40,1861.50,9616924,N/A,2025-08-11 19:01:18
3016,13.690773,7.892739,6967.631836,5.00e-05,9248.50,1468.50,9619861,N/A,2025-08-11 19:01:19
3017,13.623455,7.892739,6967.631836,5.00e-05,9199.14,1668.00,9623197,N/A,2025-08-11 19:01:19
3018,18.657831,7.892739,6967.631836,5.00e-05,9284.97,2020.50,9627238,N/A,2025-08-11 19:01:20
3019,13.261224,7.892739,6967.631836,5.00e-05,9411.25,1273.50,9629785,N/A,2025-08-11 19:01:20
3020,15.022583,7.892739,6967.631836,5.00e-05,9295.33,1592.50,9632970,1.0000,2025-08-11 19:01:21
3021,12.081633,7.892739,6967.631836,5.00e-05,8975.67,1277.50,9635525,N/A,2025-08-11 19:01:21
3022,13.234290,7.892739,6967.631836,5.00e-05,8754.86,1409.00,9638343,N/A,2025-08-11 19:01:21
3023,9.606304,7.892739,6967.631836,5.00e-05,8461.10,1081.50,9640506,N/A,2025-08-11 19:01:22
3024,20.567938,7.892739,6967.631836,5.00e-05,8720.62,2048.00,9644602,N/A,2025-08-11 19:01:22
3025,14.268933,7.892739,6967.631836,5.00e-05,8733.83,1799.50,9648201,N/A,2025-08-11 19:01:22
3026,18.145996,7.892739,6967.631836,5.00e-05,8906.09,1860.50,9651922,N/A,2025-08-11 19:01:23
3027,13.827052,7.892739,6967.631836,5.00e-05,8770.53,1497.50,9654917,N/A,2025-08-11 19:01:23
3028,15.197277,7.892739,6967.631836,5.00e-05,8611.37,1610.50,9658138,N/A,2025-08-11 19:01:24
3029,9.460132,7.892739,6967.631836,5.00e-05,8719.40,1148.00,9660434,N/A,2025-08-11 19:01:24
3030,15.997801,7.892739,6967.631836,5.00e-05,8501.67,1587.50,9663609,1.0000,2025-08-11 19:01:25
3031,14.755223,7.892739,6967.631836,5.00e-05,8743.04,1813.50,9667236,N/A,2025-08-11 19:01:25
3032,16.349829,7.892739,6967.631836,5.00e-05,8901.52,1498.50,9670233,N/A,2025-08-11 19:01:25
3033,16.020348,7.892739,6967.631836,5.00e-05,9263.76,1744.00,9673721,N/A,2025-08-11 19:01:26
3034,15.058139,7.892739,6967.631836,5.00e-05,8850.51,1294.50,9676310,N/A,2025-08-11 19:01:26
3035,18.666039,7.892739,6967.631836,5.00e-05,8782.71,1581.00,9679472,N/A,2025-08-11 19:01:26
3036,15.118150,7.892739,6967.631836,5.00e-05,8707.20,1606.00,9682684,N/A,2025-08-11 19:01:27
3037,18.512140,7.892739,6967.631836,5.00e-05,9001.85,1967.50,9686619,N/A,2025-08-11 19:01:27
3038,15.799932,7.892739,6967.631836,5.00e-05,9015.20,1735.00,9690089,N/A,2025-08-11 19:01:28
3039,12.984844,7.892739,6967.631836,5.00e-05,9307.09,1387.50,9692864,N/A,2025-08-11 19:01:28
3040,18.703476,7.892739,6967.631836,5.00e-05,9349.02,1860.00,9696584,1.0000,2025-08-11 19:01:28
3041,15.328190,7.892739,6967.631836,5.00e-05,9406.41,1913.00,9700410,N/A,2025-08-11 19:01:29
3042,17.163618,7.892739,6967.631836,5.00e-05,9365.14,1423.00,9703256,N/A,2025-08-11 19:01:29
3043,18.043959,7.892739,6967.631836,5.00e-05,9433.90,1997.50,9707251,N/A,2025-08-11 19:01:30
3044,15.660888,7.892739,6967.631836,5.00e-05,9665.61,1726.00,9710703,N/A,2025-08-11 19:01:30
3045,9.853250,7.892739,6967.631836,5.00e-05,9345.78,1105.00,9712913,N/A,2025-08-11 19:01:30
3046,17.704472,7.892739,6967.631836,5.00e-05,9251.22,1454.00,9715821,N/A,2025-08-11 19:01:31
3047,12.505597,7.892739,6967.631836,5.00e-05,8867.32,1279.00,9718379,N/A,2025-08-11 19:01:31
3048,17.320412,7.892739,6967.631836,5.00e-05,8982.08,1790.00,9721959,N/A,2025-08-11 19:01:32
3049,14.783741,7.892739,6967.631836,5.00e-05,9194.43,1514.50,9724988,N/A,2025-08-11 19:01:32
3050,13.572373,7.892739,6967.631836,5.00e-05,8726.92,1336.00,9727660,1.0000,2025-08-11 19:01:32
3051,12.880015,7.892739,6967.631836,5.00e-05,8328.04,1277.50,9730215,N/A,2025-08-11 19:01:33
3052,10.564690,7.892739,6967.631836,5.00e-05,8168.50,1097.00,9732409,N/A,2025-08-11 19:01:33
3053,21.606659,7.892739,6967.631836,5.00e-05,8148.14,2048.00,9736505,N/A,2025-08-11 19:01:34
3054,10.016155,7.892739,6967.631836,5.00e-05,7879.10,1160.50,9738826,N/A,2025-08-11 19:01:34
3055,18.639297,7.892739,6967.631836,5.00e-05,8307.76,1847.00,9742520,N/A,2025-08-11 19:01:34
3056,13.843772,7.892739,6967.631836,5.00e-05,8458.51,1623.50,9745767,N/A,2025-08-11 19:01:35
3057,20.515106,7.892739,6967.631836,5.00e-05,8712.84,1730.50,9749228,N/A,2025-08-11 19:01:35
3058,19.234201,7.892739,6967.631836,5.00e-05,8732.29,1779.50,9752787,N/A,2025-08-11 19:01:35
3059,16.851990,7.892739,6967.631836,5.00e-05,9197.57,1996.00,9756779,N/A,2025-08-11 19:01:36
3060,12.316090,7.892739,6967.631836,5.00e-05,8986.01,1247.50,9759274,1.0000,2025-08-11 19:01:36
3061,14.812942,7.892739,6967.631836,5.00e-05,9207.32,1591.50,9762457,N/A,2025-08-11 19:01:37
3062,16.758856,7.892739,6967.631836,5.00e-05,9656.99,1799.00,9766055,N/A,2025-08-11 19:01:37
3063,18.639202,7.892739,6967.631836,5.00e-05,9492.28,1865.00,9769785,N/A,2025-08-11 19:01:37
3064,14.873729,7.892739,6967.631836,5.00e-05,9618.44,1468.50,9772722,N/A,2025-08-11 19:01:38
3065,14.524271,7.892739,6967.631836,5.00e-05,9559.89,1864.50,9776451,N/A,2025-08-11 19:01:38
3066,17.515072,7.892739,6967.631836,5.00e-05,9661.20,1818.00,9780087,N/A,2025-08-11 19:01:39
3067,16.503590,7.892739,6967.631836,5.00e-05,9736.65,1888.00,9783863,N/A,2025-08-11 19:01:39
3068,17.432232,7.892739,6967.631836,5.00e-05,9633.92,1619.50,9787102,N/A,2025-08-11 19:01:39
3069,21.346531,7.892739,6967.631836,5.00e-05,9873.08,2048.00,9791198,N/A,2025-08-11 19:01:40
3070,19.537832,7.892739,6967.631836,5.00e-05,10030.28,1895.00,9794988,1.0000,2025-08-11 19:01:40
3071,14.134239,7.892739,6967.631836,5.00e-05,9999.08,1653.50,9798295,N/A,2025-08-11 19:01:41
3072,18.255913,7.892739,6967.631836,5.00e-05,10037.18,1781.00,9801857,N/A,2025-08-11 19:01:41
3073,19.029242,7.892739,6967.631836,5.00e-05,10121.02,1935.50,9805728,N/A,2025-08-11 19:01:41
3074,16.045523,7.892739,6967.631836,5.00e-05,10400.28,1839.50,9809407,N/A,2025-08-11 19:01:42
3075,11.894867,7.892739,6967.631836,5.00e-05,10018.57,1183.00,9811773,N/A,2025-08-11 19:01:42
3076,10.593893,7.892739,6967.631836,5.00e-05,9766.95,1356.50,9814486,N/A,2025-08-11 19:01:43
3077,16.176285,7.892739,6967.631836,5.00e-05,9453.91,1427.50,9817341,N/A,2025-08-11 19:01:43
3078,16.264233,7.892739,6967.631836,5.00e-05,9523.08,1752.50,9820846,N/A,2025-08-11 19:01:43
3079,14.913044,7.892739,6967.631836,5.00e-05,9436.25,1621.00,9824088,N/A,2025-08-11 19:01:44
3080,13.110758,7.892739,6967.631836,5.00e-05,8968.37,1279.50,9826647,1.0000,2025-08-11 19:01:44
3081,18.282724,7.892739,6967.631836,5.00e-05,8928.90,1546.50,9829740,N/A,2025-08-11 19:01:45
3082,9.397243,7.892739,6967.631836,5.00e-05,8522.49,1101.50,9831943,N/A,2025-08-11 19:01:45
3083,18.254936,7.892739,6967.631836,5.00e-05,8444.10,1790.50,9835524,N/A,2025-08-11 19:01:45
3084,13.715399,7.892739,6967.631836,5.00e-05,8329.50,1631.50,9838787,N/A,2025-08-11 19:01:46
3085,12.446141,7.892739,6967.631836,5.00e-05,8345.16,1216.00,9841219,N/A,2025-08-11 19:01:46
3086,17.337580,7.892739,6967.631836,5.00e-05,8697.10,1969.00,9845157,N/A,2025-08-11 19:01:46
3087,11.303196,7.892739,6967.631836,5.00e-05,8673.75,1365.00,9847887,N/A,2025-08-11 19:01:47
3088,17.090897,7.892739,6967.631836,5.00e-05,8776.45,1895.50,9851678,N/A,2025-08-11 19:01:47
3089,12.089293,7.892739,6967.631836,5.00e-05,8748.43,1242.50,9854163,N/A,2025-08-11 19:01:48
3090,12.356356,7.892739,6967.631836,5.00e-05,8547.72,1545.00,9857253,1.0000,2025-08-11 19:01:48
3091,14.971929,7.892739,6967.631836,5.00e-05,8568.50,1542.50,9860338,N/A,2025-08-11 19:01:49
3092,18.302973,7.892739,6967.631836,5.00e-05,8937.77,1754.00,9863846,N/A,2025-08-11 19:01:49
3093,20.346142,7.892739,6967.631836,5.00e-05,8878.97,1684.50,9867215,N/A,2025-08-11 19:01:49
3094,11.879298,7.892739,6967.631836,5.00e-05,8681.75,1262.50,9869740,N/A,2025-08-11 19:01:50
3095,17.081905,7.892739,6967.631836,5.00e-05,9061.45,2048.00,9873836,N/A,2025-08-11 19:01:50
3096,16.028666,7.892739,6967.631836,5.00e-05,8931.12,1702.50,9877241,N/A,2025-08-11 19:01:50
3097,19.333269,7.892739,6967.631836,5.00e-05,9115.72,1662.00,9880565,N/A,2025-08-11 19:01:51
3098,15.937449,7.892739,6967.631836,5.00e-05,8906.05,1767.50,9884100,N/A,2025-08-11 19:01:51
3099,14.286087,7.892739,6967.631836,5.00e-05,9484.95,1637.50,9887375,N/A,2025-08-11 19:01:52
3100,12.616629,7.892739,6967.631836,5.00e-05,9305.39,1542.00,9890459,1.0000,2025-08-11 19:01:52
3101,15.001603,7.892739,6967.631836,5.00e-05,7664.49,1615.50,9893690,N/A,2025-08-11 19:01:53
3102,18.161192,7.892739,6967.631836,5.00e-05,7697.87,1833.50,9897357,N/A,2025-08-11 19:01:54
3103,21.678860,7.892739,6967.631836,5.00e-05,7765.27,1836.00,9901029,N/A,2025-08-11 19:01:54
3104,9.582742,7.892739,6967.631836,5.00e-05,7845.11,1242.50,9903514,N/A,2025-08-11 19:01:54
3105,16.683359,7.892739,6967.631836,5.00e-05,7720.82,1851.00,9907216,N/A,2025-08-11 19:01:55
3106,11.537679,7.892739,6967.631836,5.00e-05,7401.00,1117.50,9909451,N/A,2025-08-11 19:01:55
3107,17.560974,7.892739,6967.631836,5.00e-05,7657.26,2008.00,9913467,N/A,2025-08-11 19:01:56
3108,12.717335,7.892739,6967.631836,5.00e-05,7441.80,1411.50,9916290,N/A,2025-08-11 19:01:56
3109,15.621954,7.892739,6967.631836,5.00e-05,7466.53,1429.50,9919149,N/A,2025-08-11 19:01:56
3110,13.970120,7.892739,6967.631836,5.00e-05,8995.79,1605.00,9922359,1.0000,2025-08-11 19:01:57
3111,16.159492,7.892739,6967.631836,5.00e-05,9086.11,1783.00,9925925,N/A,2025-08-11 19:01:57
3112,17.781185,7.892739,6967.631836,5.00e-05,8904.81,1633.50,9929192,N/A,2025-08-11 19:01:58
3113,17.958715,7.892739,6967.631836,5.00e-05,8605.18,1425.50,9932043,N/A,2025-08-11 19:01:58
3114,16.904913,7.892739,6967.631836,5.00e-05,8976.58,1867.00,9935777,N/A,2025-08-11 19:01:58
3115,13.846204,7.892739,6967.631836,5.00e-05,8868.85,1539.00,9938855,N/A,2025-08-11 19:01:59
3116,10.738126,7.892739,6967.631836,5.00e-05,8999.38,1337.00,9941529,N/A,2025-08-11 19:01:59
3117,13.580705,7.892739,6967.631836,5.00e-05,8837.08,1567.50,9944664,N/A,2025-08-11 19:01:59
3118,21.345015,7.892739,6967.631836,5.00e-05,9069.90,1883.50,9948431,N/A,2025-08-11 19:02:00
3119,12.207138,7.892739,6967.631836,5.00e-05,9079.00,1235.50,9950902,N/A,2025-08-11 19:02:00
3120,15.736592,7.892739,6967.631836,5.00e-05,8812.76,1437.50,9953777,1.0000,2025-08-11 19:02:01
3121,13.347282,7.892739,6967.631836,5.00e-05,8562.90,1389.50,9956556,N/A,2025-08-11 19:02:01
3122,18.134869,7.892739,6967.631836,5.00e-05,8613.30,1576.50,9959709,N/A,2025-08-11 19:02:02
3123,12.878262,7.892739,6967.631836,5.00e-05,8528.09,1366.50,9962442,N/A,2025-08-11 19:02:02
3124,11.919976,7.892739,6967.631836,5.00e-05,8085.74,1102.00,9964646,N/A,2025-08-11 19:02:02
3125,18.470499,7.892739,6967.631836,5.00e-05,8316.07,1999.00,9968644,N/A,2025-08-11 19:02:03
3126,17.789011,7.892739,6967.631836,5.00e-05,8460.36,1689.00,9972022,N/A,2025-08-11 19:02:03
3127,8.964097,7.892739,6967.631836,5.00e-05,8216.61,1173.50,9974369,N/A,2025-08-11 19:02:03
3128,13.406534,7.892739,6967.631836,5.00e-05,8101.70,1669.00,9977707,N/A,2025-08-11 19:02:04
3129,11.988582,7.892739,6967.631836,5.00e-05,8272.00,1318.00,9980343,N/A,2025-08-11 19:02:04
3130,14.153542,7.892739,6967.631836,5.00e-05,8218.86,1467.00,9983277,1.0000,2025-08-11 19:02:05
3131,12.939538,7.892739,6967.631836,5.00e-05,8259.32,1465.00,9986207,N/A,2025-08-11 19:02:05
3132,23.753813,7.892739,6967.631836,5.00e-05,8566.87,2048.00,9990303,N/A,2025-08-11 19:02:05
3133,17.339806,7.892739,6967.631836,5.00e-05,8928.38,1984.50,9994272,N/A,2025-08-11 19:02:06
3134,18.896662,7.892739,6967.631836,5.00e-05,9387.02,1895.50,9998063,N/A,2025-08-11 19:02:06
3135,19.012606,7.892739,6967.631836,5.00e-05,9363.83,1911.00,10001885,N/A,2025-08-11 19:02:07
3136,18.138437,7.892739,6967.631836,5.00e-05,9429.88,1743.50,10005372,N/A,2025-08-11 19:02:07
3137,16.155949,7.892739,6967.631836,5.00e-05,9706.78,1735.50,10008843,N/A,2025-08-11 19:02:07
3138,18.236311,7.892739,6967.631836,5.00e-05,9741.78,1825.50,10012494,N/A,2025-08-11 19:02:08
3139,15.042756,7.892739,6967.631836,5.00e-05,9983.28,1499.50,10015493,N/A,2025-08-11 19:02:08
3140,16.957899,7.892739,6967.631836,5.00e-05,9990.34,1860.00,10019213,1.0000,2025-08-11 19:02:09
3141,10.259748,7.892739,6967.631836,5.00e-05,9746.05,1096.00,10021405,N/A,2025-08-11 19:02:09
3142,13.342361,7.892739,6967.631836,5.00e-05,9410.67,1489.00,10024383,N/A,2025-08-11 19:02:09
3143,11.096072,7.892739,6967.631836,5.00e-05,9040.04,1280.00,10026943,N/A,2025-08-11 19:02:10
3144,17.134462,7.892739,6967.631836,5.00e-05,8912.49,1707.50,10030358,N/A,2025-08-11 19:02:10
3145,21.762636,7.892739,6967.631836,5.00e-05,8923.01,1976.00,10034310,N/A,2025-08-11 19:02:11
3146,12.118547,7.892739,6967.631836,5.00e-05,8933.76,1688.50,10037687,N/A,2025-08-11 19:02:11
3147,14.172928,7.892739,6967.631836,5.00e-05,8843.90,1399.00,10040485,N/A,2025-08-11 19:02:11
3148,13.610414,7.892739,6967.631836,5.00e-05,8672.13,1432.50,10043350,N/A,2025-08-11 19:02:12
3149,16.988251,7.892739,6967.631836,5.00e-05,9055.26,1838.50,10047027,N/A,2025-08-11 19:02:12
3150,17.223675,7.892739,6967.631836,5.00e-05,9022.22,2007.00,10051041,1.0000,2025-08-11 19:02:13
3151,15.521152,7.892739,6967.631836,5.00e-05,9391.28,1803.50,10054648,N/A,2025-08-11 19:02:13
3152,14.941494,7.892739,6967.631836,5.00e-05,9434.79,1575.50,10057799,N/A,2025-08-11 19:02:13
3153,13.264829,7.892739,6967.631836,5.00e-05,9714.77,1669.50,10061138,N/A,2025-08-11 19:02:14
3154,11.168215,7.892739,6967.631836,5.00e-05,9503.57,1241.00,10063620,N/A,2025-08-11 19:02:14
3155,16.293966,7.892739,6967.631836,5.00e-05,9451.13,1863.50,10067347,N/A,2025-08-11 19:02:15
3156,18.522005,7.892739,6967.631836,5.00e-05,9512.02,1830.50,10071008,N/A,2025-08-11 19:02:15
3157,16.639702,7.892739,6967.631836,5.00e-05,9650.45,1888.00,10074784,N/A,2025-08-11 19:02:15
3158,20.911104,7.892739,6967.631836,5.00e-05,9941.13,1940.00,10078664,N/A,2025-08-11 19:02:16
3159,17.079563,7.892739,6967.631836,5.00e-05,10065.65,1732.00,10082128,N/A,2025-08-11 19:02:16
3160,12.372186,7.892739,6967.631836,5.00e-05,9432.98,1214.00,10084556,1.0000,2025-08-11 19:02:17
3161,15.156431,7.892739,6967.631836,5.00e-05,9418.66,1902.50,10088361,N/A,2025-08-11 19:02:17
3162,17.350454,7.892739,6967.631836,5.00e-05,9536.75,1790.50,10091942,N/A,2025-08-11 19:02:17
3163,13.158378,7.892739,6967.631836,5.00e-05,9532.45,1719.50,10095381,N/A,2025-08-11 19:02:18
3164,11.883482,7.892739,6967.631836,5.00e-05,9745.18,1614.00,10098609,N/A,2025-08-11 19:02:18
3165,13.537216,7.892739,6967.631836,5.00e-05,9470.93,1461.00,10101531,N/A,2025-08-11 19:02:19
3166,9.791662,7.892739,6967.631836,5.00e-05,9232.06,1186.50,10103904,N/A,2025-08-11 19:02:19
3167,14.913513,7.892739,6967.631836,5.00e-05,9094.24,1641.50,10107187,N/A,2025-08-11 19:02:19
3168,21.893320,7.892739,6967.631836,5.00e-05,9119.15,1994.00,10111175,N/A,2025-08-11 19:02:20
3169,17.439127,7.892739,6967.631836,5.00e-05,9421.05,1870.00,10114915,N/A,2025-08-11 19:02:20
3170,13.241285,7.892739,6967.631836,5.00e-05,9455.07,1456.50,10117828,1.0000,2025-08-11 19:02:21
3171,16.048792,7.892739,6967.631836,5.00e-05,9473.95,1962.50,10121753,N/A,2025-08-11 19:02:21
3172,11.656540,7.892739,6967.631836,5.00e-05,9219.54,1336.50,10124426,N/A,2025-08-11 19:02:21
3173,15.060817,7.892739,6967.631836,5.00e-05,9173.52,1651.00,10127728,N/A,2025-08-11 19:02:22
3174,14.951920,7.892739,6967.631836,5.00e-05,8809.62,1106.50,10129941,N/A,2025-08-11 19:02:22
3175,22.001564,7.892739,6967.631836,5.00e-05,9122.90,2007.00,10133955,N/A,2025-08-11 19:02:22
3176,19.921988,7.892739,6967.631836,5.00e-05,9203.45,1574.00,10137103,N/A,2025-08-11 19:02:23
3177,12.768205,7.892739,6967.631836,5.00e-05,9220.29,1680.00,10140463,N/A,2025-08-11 19:02:23
3178,17.171926,7.892739,6967.631836,5.00e-05,8999.66,1576.00,10143615,N/A,2025-08-11 19:02:24
3179,10.017362,7.892739,6967.631836,5.00e-05,8832.56,1291.00,10146197,N/A,2025-08-11 19:02:24
3180,15.338411,7.892739,6967.631836,5.00e-05,8858.98,1905.50,10150008,1.0000,2025-08-11 19:02:25
3181,15.523857,7.892739,6967.631836,5.00e-05,8868.98,1937.00,10153882,N/A,2025-08-11 19:02:25
3182,16.060865,7.892739,6967.631836,5.00e-05,9092.44,1691.00,10157264,N/A,2025-08-11 19:02:25
3183,11.022359,7.892739,6967.631836,5.00e-05,8957.20,1244.50,10159753,N/A,2025-08-11 19:02:26
3184,15.216721,7.892739,6967.631836,5.00e-05,9233.91,1610.50,10162974,N/A,2025-08-11 19:02:26
3185,9.860982,7.892739,6967.631836,5.00e-05,8860.84,1101.50,10165177,N/A,2025-08-11 19:02:26
3186,21.034279,7.892739,6967.631836,5.00e-05,9021.30,2041.00,10169259,N/A,2025-08-11 19:02:27
3187,11.663206,7.892739,6967.631836,5.00e-05,8716.46,1177.00,10171613,N/A,2025-08-11 19:02:27
3188,10.314463,7.892739,6967.631836,5.00e-05,8450.92,1113.50,10173840,N/A,2025-08-11 19:02:28
3189,15.459582,7.892739,6967.631836,5.00e-05,8885.11,1758.00,10177356,N/A,2025-08-11 19:02:28
3190,14.000558,7.892739,6967.631836,5.00e-05,8592.28,1662.50,10180681,1.0000,2025-08-11 19:02:28
3191,13.728288,7.892739,6967.631836,5.00e-05,8412.51,1585.00,10183851,N/A,2025-08-11 19:02:29
3192,10.184074,7.892739,6967.631836,5.00e-05,8162.15,1234.50,10186320,N/A,2025-08-11 19:02:29
3193,11.425345,7.892739,6967.631836,5.00e-05,8072.05,1231.00,10188782,N/A,2025-08-11 19:02:30
3194,14.654218,7.892739,6967.631836,5.00e-05,8194.23,1859.00,10192500,N/A,2025-08-11 19:02:30
3195,15.337634,7.892739,6967.631836,5.00e-05,8603.00,1642.50,10195785,N/A,2025-08-11 19:02:30
3196,13.478251,7.892739,6967.631836,5.00e-05,8366.08,1616.50,10199018,N/A,2025-08-11 19:02:31
3197,12.102605,7.892739,6967.631836,5.00e-05,8525.23,1448.50,10201915,N/A,2025-08-11 19:02:31
3198,9.587581,7.892739,6967.631836,5.00e-05,8561.68,1064.50,10204044,N/A,2025-08-11 19:02:32
3199,15.103228,7.892739,6967.631836,5.00e-05,8584.28,1624.50,10207293,N/A,2025-08-11 19:02:32
3200,15.242926,7.892739,6967.631836,5.00e-05,8455.89,1690.50,10210674,1.0000,2025-08-11 19:02:32
3201,18.966515,7.892739,6967.631836,5.00e-05,7083.39,1839.00,10214352,N/A,2025-08-11 19:02:34
3202,15.185998,7.892739,6967.631836,5.00e-05,7288.90,1620.00,10217592,N/A,2025-08-11 19:02:34
3203,10.330774,7.892739,6967.631836,5.00e-05,7268.20,1240.50,10220073,N/A,2025-08-11 19:02:34
3204,22.174118,7.892739,6967.631836,5.00e-05,7185.46,1869.50,10223812,N/A,2025-08-11 19:02:35
3205,16.570011,7.892739,6967.631836,5.00e-05,7284.62,1825.00,10227462,N/A,2025-08-11 19:02:35
3206,20.363605,7.892739,6967.631836,5.00e-05,7482.30,2048.00,10231558,N/A,2025-08-11 19:02:36
3207,15.859090,7.892739,6967.631836,5.00e-05,7616.83,1738.00,10235034,N/A,2025-08-11 19:02:36
3208,18.408686,7.892739,6967.631836,5.00e-05,8045.97,1925.00,10238884,N/A,2025-08-11 19:02:36
3209,12.426539,7.892739,6967.631836,5.00e-05,7984.21,1483.00,10241850,N/A,2025-08-11 19:02:37
3210,13.466768,7.892739,6967.631836,5.00e-05,9386.41,1459.00,10244768,1.0000,2025-08-11 19:02:37
3211,16.142864,7.892739,6967.631836,5.00e-05,9309.17,1568.50,10247905,N/A,2025-08-11 19:02:38
3212,20.674408,7.892739,6967.631836,5.00e-05,9484.08,1947.50,10251800,N/A,2025-08-11 19:02:38
3213,11.329220,7.892739,6967.631836,5.00e-05,9509.62,1301.00,10254402,N/A,2025-08-11 19:02:38
3214,17.188128,7.892739,6967.631836,5.00e-05,9444.77,1760.00,10257922,N/A,2025-08-11 19:02:39
3215,18.921408,7.892739,6967.631836,5.00e-05,9428.56,1796.00,10261514,N/A,2025-08-11 19:02:39
3216,14.459972,7.892739,6967.631836,5.00e-05,9115.78,1483.00,10264480,N/A,2025-08-11 19:02:40
3217,19.082790,7.892739,6967.631836,5.00e-05,9219.05,1968.50,10268417,N/A,2025-08-11 19:02:40
3218,11.870042,7.892739,6967.631836,5.00e-05,8820.18,1172.00,10270761,N/A,2025-08-11 19:02:40
3219,17.859215,7.892739,6967.631836,5.00e-05,9110.09,1648.00,10274057,N/A,2025-08-11 19:02:41
3220,14.822103,7.892739,6967.631836,5.00e-05,9162.54,1839.50,10277736,1.0000,2025-08-11 19:02:41
3221,11.902925,7.892739,6967.631836,5.00e-05,8983.58,1140.00,10280016,N/A,2025-08-11 19:02:42
3222,13.394779,7.892739,6967.631836,5.00e-05,8966.36,1655.00,10283326,N/A,2025-08-11 19:02:42
3223,13.700720,7.892739,6967.631836,5.00e-05,9212.12,1824.50,10286975,N/A,2025-08-11 19:02:42
3224,9.574998,7.892739,6967.631836,5.00e-05,8789.38,1143.50,10289262,N/A,2025-08-11 19:02:43
3225,14.624377,7.892739,6967.631836,5.00e-05,8581.76,1526.50,10292315,N/A,2025-08-11 19:02:43
3226,16.797756,7.892739,6967.631836,5.00e-05,8864.71,1926.50,10296168,N/A,2025-08-11 19:02:43
3227,13.258594,7.892739,6967.631836,5.00e-05,8798.51,1623.00,10299414,N/A,2025-08-11 19:02:44
3228,12.014609,7.892739,6967.631836,5.00e-05,8927.08,1426.50,10302267,N/A,2025-08-11 19:02:44
3229,14.770404,7.892739,6967.631836,5.00e-05,9232.63,1939.00,10306145,N/A,2025-08-11 19:02:45
3230,12.984695,7.892739,6967.631836,5.00e-05,8739.65,1599.00,10309343,1.0000,2025-08-11 19:02:45
3231,16.598763,7.892739,6967.631836,5.00e-05,8918.15,1626.00,10312595,N/A,2025-08-11 19:02:46
3232,17.351679,7.892739,6967.631836,5.00e-05,9058.59,1955.50,10316506,N/A,2025-08-11 19:02:46
3233,17.821871,7.892739,6967.631836,5.00e-05,9145.18,2031.00,10320568,N/A,2025-08-11 19:02:46
3234,10.636962,7.892739,6967.631836,5.00e-05,9106.94,1109.00,10322786,N/A,2025-08-11 19:02:47
3235,13.043004,7.892739,6967.631836,5.00e-05,8975.88,1415.00,10325616,N/A,2025-08-11 19:02:47
3236,17.857796,7.892739,6967.631836,5.00e-05,8963.22,2025.50,10329667,N/A,2025-08-11 19:02:48
3237,19.336842,7.892739,6967.631836,5.00e-05,8997.13,1942.00,10333551,N/A,2025-08-11 19:02:48
3238,11.867132,7.892739,6967.631836,5.00e-05,8950.16,1405.50,10336362,N/A,2025-08-11 19:02:48
3239,11.324158,7.892739,6967.631836,5.00e-05,8996.81,1444.50,10339251,N/A,2025-08-11 19:02:49
3240,20.724945,7.892739,6967.631836,5.00e-05,8846.04,1778.00,10342807,1.0000,2025-08-11 19:02:49
3241,19.407078,7.892739,6967.631836,5.00e-05,8886.88,1866.00,10346539,N/A,2025-08-11 19:02:50
3242,14.318657,7.892739,6967.631836,5.00e-05,8659.60,1605.00,10349749,N/A,2025-08-11 19:02:50
3243,12.874891,7.892739,6967.631836,5.00e-05,8341.72,1513.00,10352775,N/A,2025-08-11 19:02:51
3244,13.012331,7.892739,6967.631836,5.00e-05,8523.98,1520.00,10355815,N/A,2025-08-11 19:02:51
3245,13.416510,7.892739,6967.631836,5.00e-05,8663.24,1629.00,10359073,N/A,2025-08-11 19:02:51
3246,18.444035,7.892739,6967.631836,5.00e-05,7488.40,2048.00,10363169,N/A,2025-08-11 19:02:53
3247,17.164291,7.892739,6967.631836,5.00e-05,7433.72,1835.00,10366839,N/A,2025-08-11 19:02:53
3248,12.521863,7.892739,6967.631836,5.00e-05,7424.51,1374.00,10369587,N/A,2025-08-11 19:02:53
3249,11.577006,7.892739,6967.631836,5.00e-05,7597.44,1314.00,10372215,N/A,2025-08-11 19:02:54
3250,17.302044,7.892739,6967.631836,5.00e-05,7644.46,1994.50,10376204,1.0000,2025-08-11 19:02:54
3251,22.337576,7.892739,6967.631836,5.00e-05,7733.38,1885.50,10379975,N/A,2025-08-11 19:02:55
3252,18.613115,7.892739,6967.631836,5.00e-05,7938.01,1970.50,10383916,N/A,2025-08-11 19:02:55
3253,12.190141,7.892739,6967.631836,5.00e-05,7918.01,1371.00,10386658,N/A,2025-08-11 19:02:55
3254,14.023551,7.892739,6967.631836,5.00e-05,8025.32,1702.50,10390063,N/A,2025-08-11 19:02:56
3255,11.316790,7.892739,6967.631836,5.00e-05,9392.72,1393.50,10392850,N/A,2025-08-11 19:02:56
3256,17.363308,7.892739,6967.631836,5.00e-05,9397.25,2017.00,10396884,N/A,2025-08-11 19:02:57
3257,11.340397,7.892739,6967.631836,5.00e-05,9116.19,1351.50,10399587,N/A,2025-08-11 19:02:57
3258,19.086054,7.892739,6967.631836,5.00e-05,9329.82,1761.50,10403110,N/A,2025-08-11 19:02:57
3259,11.119995,7.892739,6967.631836,5.00e-05,9602.45,1388.00,10405886,N/A,2025-08-11 19:02:58
3260,15.114772,7.892739,6967.631836,5.00e-05,9237.75,1679.00,10409244,1.0000,2025-08-11 19:02:58
3261,17.228533,7.892739,6967.631836,5.00e-05,9340.27,1927.00,10413098,N/A,2025-08-11 19:02:59
3262,14.269909,7.892739,6967.631836,5.00e-05,9008.35,1300.00,10415698,N/A,2025-08-11 19:02:59
3263,15.835797,7.892739,6967.631836,5.00e-05,9320.69,1936.50,10419571,N/A,2025-08-11 19:02:59
3264,9.340167,7.892739,6967.631836,5.00e-05,8956.91,1138.50,10421848,N/A,2025-08-11 19:03:00
3265,14.425462,7.892739,6967.631836,5.00e-05,9130.74,1628.00,10425104,N/A,2025-08-11 19:03:00
3266,10.360829,7.892739,6967.631836,5.00e-05,8671.57,1164.00,10427432,N/A,2025-08-11 19:03:00
3267,12.189311,7.892739,6967.631836,5.00e-05,8708.99,1445.00,10430322,N/A,2025-08-11 19:03:01
3268,14.874659,7.892739,6967.631836,5.00e-05,8818.57,1906.00,10434134,N/A,2025-08-11 19:03:01
3269,20.755575,7.892739,6967.631836,5.00e-05,9406.24,2028.50,10438191,N/A,2025-08-11 19:03:02
3270,12.026278,7.892739,6967.631836,5.00e-05,8998.71,1437.00,10441065,1.0000,2025-08-11 19:03:02
3271,14.740712,7.892739,6967.631836,5.00e-05,8876.76,1717.50,10444500,N/A,2025-08-11 19:03:02
3272,12.019643,7.892739,6967.631836,5.00e-05,8820.47,1509.00,10447518,N/A,2025-08-11 19:03:03
3273,15.631463,7.892739,6967.631836,5.00e-05,8597.43,1619.00,10450756,N/A,2025-08-11 19:03:03
3274,18.018652,7.892739,6967.631836,5.00e-05,8992.48,1971.50,10454699,N/A,2025-08-11 19:03:04
3275,22.777292,7.892739,6967.631836,5.00e-05,9138.12,2014.00,10458727,N/A,2025-08-11 19:03:04
3276,16.048071,7.892739,6967.631836,5.00e-05,9309.42,1638.50,10462004,N/A,2025-08-11 19:03:05
3277,14.025374,7.892739,6967.631836,5.00e-05,9357.80,1642.50,10465289,N/A,2025-08-11 19:03:05
3278,9.428431,7.892739,6967.631836,5.00e-05,8867.16,1084.50,10467458,N/A,2025-08-11 19:03:05
3279,15.419099,7.892739,6967.631836,5.00e-05,8855.21,1709.00,10470876,N/A,2025-08-11 19:03:06
3280,16.948948,7.892739,6967.631836,5.00e-05,8835.56,1781.50,10474439,1.0000,2025-08-11 19:03:06
3281,9.992999,7.892739,6967.631836,5.00e-05,8694.33,1124.50,10476688,N/A,2025-08-11 19:03:07
3282,18.549885,7.892739,6967.631836,5.00e-05,8996.52,1916.00,10480520,N/A,2025-08-11 19:03:07
3283,11.523487,7.892739,6967.631836,5.00e-05,8747.64,1206.50,10482933,N/A,2025-08-11 19:03:07
3284,16.109409,7.892739,6967.631836,5.00e-05,8535.17,1625.00,10486183,N/A,2025-08-11 19:03:08
3285,14.617545,7.892739,6967.631836,5.00e-05,8420.42,1680.00,10489543,N/A,2025-08-11 19:03:08
3286,11.830803,7.892739,6967.631836,5.00e-05,8333.37,1373.50,10492290,N/A,2025-08-11 19:03:09
3287,12.954144,7.892739,6967.631836,5.00e-05,8349.00,1612.00,10495514,N/A,2025-08-11 19:03:09
3288,13.740580,7.892739,6967.631836,5.00e-05,8723.71,1623.50,10498761,N/A,2025-08-11 19:03:09
3289,12.624138,7.892739,6967.631836,5.00e-05,8685.10,1266.00,10501293,N/A,2025-08-11 19:03:10
3290,10.681521,7.892739,6967.631836,5.00e-05,8391.58,1532.00,10504357,1.0000,2025-08-11 19:03:10
3291,19.094131,7.892739,6967.631836,5.00e-05,8782.27,1834.50,10508026,N/A,2025-08-11 19:03:11
3292,20.923117,7.892739,6967.631836,5.00e-05,8905.22,1970.00,10511966,N/A,2025-08-11 19:03:11
3293,14.433638,7.892739,6967.631836,5.00e-05,9171.84,1545.00,10515056,N/A,2025-08-11 19:03:11
3294,11.974842,7.892739,6967.631836,5.00e-05,9154.93,1545.00,10518146,N/A,2025-08-11 19:03:12
3295,14.596889,7.892739,6967.631836,5.00e-05,9266.99,1886.00,10521918,N/A,2025-08-11 19:03:12
3296,15.954053,7.892739,6967.631836,5.00e-05,9325.33,1432.50,10524783,N/A,2025-08-11 19:03:12
3297,22.197733,7.892739,6967.631836,5.00e-05,9475.07,2011.50,10528806,N/A,2025-08-11 19:03:13
3298,16.172102,7.892739,6967.631836,5.00e-05,9424.04,1567.50,10531941,N/A,2025-08-11 19:03:13
3299,10.367410,7.892739,6967.631836,5.00e-05,9480.03,1182.50,10534306,N/A,2025-08-11 19:03:14
3300,13.043710,7.892739,6967.631836,5.00e-05,9276.26,1475.00,10537256,1.0000,2025-08-11 19:03:14
3301,11.273264,7.892739,6967.631836,5.00e-05,7056.73,1328.50,10539913,N/A,2025-08-11 19:03:15
3302,20.525179,7.892739,6967.631836,5.00e-05,7094.23,2048.00,10544009,N/A,2025-08-11 19:03:16
3303,11.752004,7.892739,6967.631836,5.00e-05,6960.32,1246.00,10546501,N/A,2025-08-11 19:03:16
3304,10.670893,7.892739,6967.631836,5.00e-05,6790.37,1163.50,10548828,N/A,2025-08-11 19:03:17
3305,13.075020,7.892739,6967.631836,5.00e-05,6609.30,1485.50,10551799,N/A,2025-08-11 19:03:17
3306,15.392292,7.892739,6967.631836,5.00e-05,6765.65,1689.00,10555177,N/A,2025-08-11 19:03:17
3307,8.525811,7.892739,6967.631836,5.00e-05,6356.69,1103.50,10557384,N/A,2025-08-11 19:03:18
3308,8.760263,7.892739,6967.631836,5.00e-05,6159.68,1100.50,10559585,N/A,2025-08-11 19:03:18
3309,17.928419,7.892739,6967.631836,5.00e-05,6563.59,2040.00,10563665,N/A,2025-08-11 19:03:19
3310,11.877081,7.892739,6967.631836,5.00e-05,7991.24,1267.00,10566199,1.0000,2025-08-11 19:03:19
3311,15.249200,7.892739,6967.631836,5.00e-05,8187.90,1757.50,10569714,N/A,2025-08-11 19:03:19
3312,18.661451,7.892739,6967.631836,5.00e-05,8184.89,2033.00,10573780,N/A,2025-08-11 19:03:20
3313,17.014364,7.892739,6967.631836,5.00e-05,8585.21,2025.00,10577830,N/A,2025-08-11 19:03:20
3314,19.578804,7.892739,6967.631836,5.00e-05,8959.37,1831.00,10581492,N/A,2025-08-11 19:03:21
3315,12.635878,7.892739,6967.631836,5.00e-05,9018.86,1632.00,10584756,N/A,2025-08-11 19:03:21
3316,11.499722,7.892739,6967.631836,5.00e-05,8777.51,1191.00,10587138,N/A,2025-08-11 19:03:21
3317,20.008644,7.892739,6967.631836,5.00e-05,9265.43,1957.00,10591052,N/A,2025-08-11 19:03:22
3318,11.258451,7.892739,6967.631836,5.00e-05,9368.42,1126.50,10593305,N/A,2025-08-11 19:03:22
3319,13.669187,7.892739,6967.631836,5.00e-05,9328.24,1592.00,10596489,N/A,2025-08-11 19:03:23
3320,9.546500,7.892739,6967.631836,5.00e-05,9053.08,1222.00,10598933,1.0000,2025-08-11 19:03:23
3321,16.727865,7.892739,6967.631836,5.00e-05,9054.89,1784.50,10602502,N/A,2025-08-11 19:03:23
3322,16.676813,7.892739,6967.631836,5.00e-05,8986.07,1938.00,10606378,N/A,2025-08-11 19:03:24
3323,13.274112,7.892739,6967.631836,5.00e-05,8648.11,1419.50,10609217,N/A,2025-08-11 19:03:24
3324,11.993013,7.892739,6967.631836,5.00e-05,8414.79,1346.50,10611910,N/A,2025-08-11 19:03:25
3325,20.831841,7.892739,6967.631836,5.00e-05,8629.06,2048.00,10616006,N/A,2025-08-11 19:03:25
3326,10.560529,7.892739,6967.631836,5.00e-05,8767.80,1438.00,10618882,N/A,2025-08-11 19:03:25
3327,8.676736,7.892739,6967.631836,5.00e-05,8340.58,1083.00,10621048,N/A,2025-08-11 19:03:26
3328,13.595315,7.892739,6967.631836,5.00e-05,8766.17,1732.00,10624512,N/A,2025-08-11 19:03:26
3329,11.457198,7.892739,6967.631836,5.00e-05,8833.85,1170.50,10626853,N/A,2025-08-11 19:03:26
3330,14.698181,7.892739,6967.631836,5.00e-05,8978.18,1718.00,10630289,1.0000,2025-08-11 19:03:27
3331,14.906575,7.892739,6967.631836,5.00e-05,9098.00,1893.00,10634075,N/A,2025-08-11 19:03:27
3332,13.860727,7.892739,6967.631836,5.00e-05,8504.96,1030.00,10636135,N/A,2025-08-11 19:03:28
3333,17.834419,7.892739,6967.631836,5.00e-05,8731.03,1997.00,10640129,N/A,2025-08-11 19:03:28
3334,15.128534,7.892739,6967.631836,5.00e-05,8946.21,1721.50,10643572,N/A,2025-08-11 19:03:29
3335,17.363766,7.892739,6967.631836,5.00e-05,8867.20,1964.00,10647500,N/A,2025-08-11 19:03:29
3336,18.326324,7.892739,6967.631836,5.00e-05,9117.49,1895.50,10651291,N/A,2025-08-11 19:03:29
3337,9.824139,7.892739,6967.631836,5.00e-05,9229.50,1286.50,10653864,N/A,2025-08-11 19:03:30
3338,14.303854,7.892739,6967.631836,5.00e-05,9141.52,1594.00,10657052,N/A,2025-08-11 19:03:30
3339,13.459506,7.892739,6967.631836,5.00e-05,9301.69,1159.00,10659370,N/A,2025-08-11 19:03:30
3340,10.347514,7.892739,6967.631836,5.00e-05,8893.37,1305.00,10661980,1.0000,2025-08-11 19:03:31
3341,14.977657,7.892739,6967.631836,5.00e-05,8714.76,1667.50,10665315,N/A,2025-08-11 19:03:31
3342,10.496055,7.892739,6967.631836,5.00e-05,8947.45,1287.00,10667889,N/A,2025-08-11 19:03:32
3343,11.130206,7.892739,6967.631836,5.00e-05,8462.76,1127.50,10670144,N/A,2025-08-11 19:03:32
3344,16.978064,7.892739,6967.631836,5.00e-05,8619.58,1918.50,10673981,N/A,2025-08-11 19:03:32
3345,11.275707,7.892739,6967.631836,5.00e-05,8032.22,1132.50,10676246,N/A,2025-08-11 19:03:33
3346,12.789618,7.892739,6967.631836,5.00e-05,7878.56,1638.50,10679523,N/A,2025-08-11 19:03:33
3347,17.039619,7.892739,6967.631836,5.00e-05,8081.60,1635.00,10682793,N/A,2025-08-11 19:03:34
3348,16.746944,7.892739,6967.631836,5.00e-05,8014.33,1562.50,10685918,N/A,2025-08-11 19:03:34
3349,9.255344,7.892739,6967.631836,5.00e-05,8169.65,1189.00,10688296,N/A,2025-08-11 19:03:34
3350,18.224487,7.892739,6967.631836,5.00e-05,8205.16,1664.50,10691625,1.0000,2025-08-11 19:03:35
3351,19.665579,7.892739,6967.631836,5.00e-05,8385.61,1968.00,10695561,N/A,2025-08-11 19:03:35
3352,13.419223,7.892739,6967.631836,5.00e-05,8540.21,1575.50,10698712,N/A,2025-08-11 19:03:36
3353,18.504177,7.892739,6967.631836,5.00e-05,8961.89,1873.00,10702458,N/A,2025-08-11 19:03:36
3354,12.956764,7.892739,6967.631836,5.00e-05,8654.14,1152.00,10704762,N/A,2025-08-11 19:03:36
3355,16.174337,7.892739,6967.631836,5.00e-05,9049.88,1801.50,10708365,N/A,2025-08-11 19:03:37
3356,10.405830,7.892739,6967.631836,5.00e-05,8759.47,1139.00,10710643,N/A,2025-08-11 19:03:37
3357,15.644849,7.892739,6967.631836,5.00e-05,8808.14,1648.50,10713940,N/A,2025-08-11 19:03:38
3358,19.610771,7.892739,6967.631836,5.00e-05,9030.00,2048.00,10718036,N/A,2025-08-11 19:03:38
3359,13.851900,7.892739,6967.631836,5.00e-05,9596.72,1644.00,10721324,N/A,2025-08-11 19:03:38
3360,21.830061,7.892739,6967.631836,5.00e-05,9477.48,2048.00,10725420,1.0000,2025-08-11 19:03:39
3361,19.321140,7.892739,6967.631836,5.00e-05,9523.05,2048.00,10729516,N/A,2025-08-11 19:03:39
3362,9.459289,7.892739,6967.631836,5.00e-05,9352.27,1269.00,10732054,N/A,2025-08-11 19:03:40
3363,12.235042,7.892739,6967.631836,5.00e-05,9083.06,1615.50,10735285,N/A,2025-08-11 19:03:40
3364,15.790189,7.892739,6967.631836,5.00e-05,9271.15,1483.00,10738251,N/A,2025-08-11 19:03:40
3365,11.513671,7.892739,6967.631836,5.00e-05,9065.23,1412.50,10741076,N/A,2025-08-11 19:03:41
3366,17.418489,7.892739,6967.631836,5.00e-05,9434.64,1781.00,10744638,N/A,2025-08-11 19:03:41
3367,13.021344,7.892739,6967.631836,5.00e-05,9424.75,1516.50,10747671,N/A,2025-08-11 19:03:42
3368,16.559092,7.892739,6967.631836,5.00e-05,9371.33,1898.50,10751468,N/A,2025-08-11 19:03:42
3369,14.967678,7.892739,6967.631836,5.00e-05,9534.82,1471.00,10754410,N/A,2025-08-11 19:03:42
3370,15.865472,7.892739,6967.631836,5.00e-05,9122.27,1735.00,10757880,1.0000,2025-08-11 19:03:43
3371,17.774143,7.892739,6967.631836,5.00e-05,8899.30,1735.00,10761350,N/A,2025-08-11 19:03:43
3372,18.546560,7.892739,6967.631836,5.00e-05,9207.79,1790.50,10764931,N/A,2025-08-11 19:03:44
3373,13.835957,7.892739,6967.631836,5.00e-05,9157.60,1546.50,10768024,N/A,2025-08-11 19:03:44
3374,13.567992,7.892739,6967.631836,5.00e-05,9272.74,1811.50,10771647,N/A,2025-08-11 19:03:44
3375,16.935017,7.892739,6967.631836,5.00e-05,9536.90,1925.00,10775497,N/A,2025-08-11 19:03:45
3376,16.391634,7.892739,6967.631836,5.00e-05,9423.21,1583.50,10778664,N/A,2025-08-11 19:03:45
3377,12.802361,7.892739,6967.631836,5.00e-05,9246.38,1203.00,10781070,N/A,2025-08-11 19:03:46
3378,9.160298,7.892739,6967.631836,5.00e-05,8855.18,1076.50,10783223,N/A,2025-08-11 19:03:46
3379,18.568769,7.892739,6967.631836,5.00e-05,9216.16,1941.50,10787106,N/A,2025-08-11 19:03:46
3380,14.210687,7.892739,6967.631836,5.00e-05,8855.47,1390.50,10789887,1.0000,2025-08-11 19:03:47
3381,13.497040,7.892739,6967.631836,5.00e-05,8682.02,1362.00,10792611,N/A,2025-08-11 19:03:47
3382,13.805454,7.892739,6967.631836,5.00e-05,8631.91,1688.50,10795988,N/A,2025-08-11 19:03:48
3383,12.004230,7.892739,6967.631836,5.00e-05,8552.05,1394.00,10798776,N/A,2025-08-11 19:03:48
3384,17.533514,7.892739,6967.631836,5.00e-05,8512.53,1844.50,10802465,N/A,2025-08-11 19:03:48
3385,11.376419,7.892739,6967.631836,5.00e-05,8122.85,1225.00,10804915,N/A,2025-08-11 19:03:49
3386,13.716077,7.892739,6967.631836,5.00e-05,8141.43,1659.00,10808233,N/A,2025-08-11 19:03:49
3387,12.903780,7.892739,6967.631836,5.00e-05,8205.42,1414.00,10811061,N/A,2025-08-11 19:03:50
3388,14.333592,7.892739,6967.631836,5.00e-05,8693.07,1732.00,10814525,N/A,2025-08-11 19:03:50
3389,14.326150,7.892739,6967.631836,5.00e-05,8695.85,1578.00,10817681,N/A,2025-08-11 19:03:50
3390,11.286492,7.892739,6967.631836,5.00e-05,8480.85,1170.00,10820021,1.0000,2025-08-11 19:03:51
3391,15.464871,7.892739,6967.631836,5.00e-05,8596.62,1563.00,10823147,N/A,2025-08-11 19:03:51
3392,16.444387,7.892739,6967.631836,5.00e-05,8522.28,1557.00,10826261,N/A,2025-08-11 19:03:52
3393,14.193075,7.892739,6967.631836,5.00e-05,8653.33,1494.50,10829250,N/A,2025-08-11 19:03:52
3394,12.987734,7.892739,6967.631836,5.00e-05,8289.77,1213.00,10831676,N/A,2025-08-11 19:03:52
3395,11.143509,7.892739,6967.631836,5.00e-05,8272.16,1194.50,10834065,N/A,2025-08-11 19:03:53
3396,8.924157,7.892739,6967.631836,5.00e-05,7824.01,1066.50,10836198,N/A,2025-08-11 19:03:53
3397,12.967783,7.892739,6967.631836,5.00e-05,7722.64,1268.50,10838735,N/A,2025-08-11 19:03:54
3398,15.316456,7.892739,6967.631836,5.00e-05,7760.49,1800.00,10842335,N/A,2025-08-11 19:03:54
3399,14.981385,7.892739,6967.631836,5.00e-05,8009.29,1745.00,10845825,N/A,2025-08-11 19:03:54
3400,18.729420,7.892739,6967.631836,5.00e-05,8044.22,1734.50,10849294,1.0000,2025-08-11 19:03:55
3401,12.827865,7.892739,6967.631836,5.00e-05,6486.89,1322.50,10851939,N/A,2025-08-11 19:03:56
3402,12.845053,7.892739,6967.631836,5.00e-05,6431.44,1442.50,10854824,N/A,2025-08-11 19:03:56
3403,9.095715,7.892739,6967.631836,5.00e-05,6227.25,1039.00,10856902,N/A,2025-08-11 19:03:57
3404,16.079538,7.892739,6967.631836,5.00e-05,6559.03,1936.00,10860774,N/A,2025-08-11 19:03:57
3405,10.640535,7.892739,6967.631836,5.00e-05,6594.12,1041.00,10862856,N/A,2025-08-11 19:03:58
3406,17.637953,7.892739,6967.631836,5.00e-05,6974.70,1971.50,10866799,N/A,2025-08-11 19:03:58
3407,16.951420,7.892739,6967.631836,5.00e-05,7246.36,1909.50,10870618,N/A,2025-08-11 19:03:58
3408,17.672209,7.892739,6967.631836,5.00e-05,7358.54,2037.00,10874692,N/A,2025-08-11 19:03:59
3409,15.034552,7.892739,6967.631836,5.00e-05,7568.26,1803.50,10878299,N/A,2025-08-11 19:03:59
3410,14.674815,7.892739,6967.631836,5.00e-05,9109.61,1764.50,10881828,1.0000,2025-08-11 19:04:00
3411,17.494574,7.892739,6967.631836,5.00e-05,9461.52,1953.50,10885735,N/A,2025-08-11 19:04:00
3412,15.455393,7.892739,6967.631836,5.00e-05,9511.07,1620.50,10888976,N/A,2025-08-11 19:04:00
3413,13.772905,7.892739,6967.631836,5.00e-05,9714.73,1464.50,10891905,N/A,2025-08-11 19:04:01
3414,21.860226,7.892739,6967.631836,5.00e-05,9683.83,1880.00,10895665,N/A,2025-08-11 19:04:01
3415,16.807547,7.892739,6967.631836,5.00e-05,10300.97,1999.00,10899663,N/A,2025-08-11 19:04:01
3416,15.989085,7.892739,6967.631836,5.00e-05,10217.15,1767.50,10903198,N/A,2025-08-11 19:04:02
3417,13.115297,7.892739,6967.631836,5.00e-05,10048.92,1639.50,10906477,N/A,2025-08-11 19:04:02
3418,16.205954,7.892739,6967.631836,5.00e-05,9952.86,1830.00,10910137,N/A,2025-08-11 19:04:03
3419,13.647256,7.892739,6967.631836,5.00e-05,10131.42,1731.00,10913599,N/A,2025-08-11 19:04:03
3420,12.791303,7.892739,6967.631836,5.00e-05,9589.08,1353.00,10916305,1.0000,2025-08-11 19:04:04
3421,15.218780,7.892739,6967.631836,5.00e-05,9210.37,1169.00,10918643,N/A,2025-08-11 19:04:04
3422,22.204115,7.892739,6967.631836,5.00e-05,9180.14,1690.50,10922024,N/A,2025-08-11 19:04:04
3423,9.386892,7.892739,6967.631836,5.00e-05,9085.13,1279.50,10924583,N/A,2025-08-11 19:04:05
3424,12.172564,7.892739,6967.631836,5.00e-05,8731.90,1246.50,10927076,N/A,2025-08-11 19:04:05
3425,9.120348,7.892739,6967.631836,5.00e-05,8270.44,1156.50,10929389,N/A,2025-08-11 19:04:05
3426,16.137981,7.892739,6967.631836,5.00e-05,8270.08,1774.50,10932938,N/A,2025-08-11 19:04:06
3427,18.176830,7.892739,6967.631836,5.00e-05,8402.59,1836.00,10936610,N/A,2025-08-11 19:04:06
3428,13.984211,7.892739,6967.631836,5.00e-05,8199.88,1360.50,10939331,N/A,2025-08-11 19:04:07
3429,16.357744,7.892739,6967.631836,5.00e-05,8539.78,1859.50,10943050,N/A,2025-08-11 19:04:07
3430,20.470337,7.892739,6967.631836,5.00e-05,8761.69,2023.00,10947096,1.0000,2025-08-11 19:04:07
3431,13.609440,7.892739,6967.631836,5.00e-05,9168.61,1754.50,10950605,N/A,2025-08-11 19:04:08
3432,15.127995,7.892739,6967.631836,5.00e-05,9162.02,1739.00,10954083,N/A,2025-08-11 19:04:08
3433,13.620569,7.892739,6967.631836,5.00e-05,9195.71,1363.00,10956809,N/A,2025-08-11 19:04:09
3434,22.625881,7.892739,6967.631836,5.00e-05,9591.73,2048.00,10960905,N/A,2025-08-11 19:04:09
3435,10.861282,7.892739,6967.631836,5.00e-05,9575.95,1128.00,10963161,N/A,2025-08-11 19:04:09
3436,16.456989,7.892739,6967.631836,5.00e-05,9649.04,1905.00,10966971,N/A,2025-08-11 19:04:10
3437,12.816257,7.892739,6967.631836,5.00e-05,9455.29,1512.00,10969995,N/A,2025-08-11 19:04:10
3438,15.511666,7.892739,6967.631836,5.00e-05,9681.77,1755.50,10973506,N/A,2025-08-11 19:04:11
3439,12.707619,7.892739,6967.631836,5.00e-05,9667.38,1507.00,10976520,N/A,2025-08-11 19:04:11
3440,14.221511,7.892739,6967.631836,5.00e-05,9147.53,1664.00,10979848,1.0000,2025-08-11 19:04:11
3441,14.048216,7.892739,6967.631836,5.00e-05,9155.03,1766.00,10983380,N/A,2025-08-11 19:04:12
3442,20.951721,7.892739,6967.631836,5.00e-05,9339.68,2048.00,10987476,N/A,2025-08-11 19:04:12
3443,15.942677,7.892739,6967.631836,5.00e-05,9613.58,1749.00,10990974,N/A,2025-08-11 19:04:13
3444,10.665763,7.892739,6967.631836,5.00e-05,9040.35,1125.50,10993225,N/A,2025-08-11 19:04:13
3445,15.815767,7.892739,6967.631836,5.00e-05,9327.66,1768.00,10996761,N/A,2025-08-11 19:04:13
3446,15.149530,7.892739,6967.631836,5.00e-05,9256.26,1751.00,11000263,N/A,2025-08-11 19:04:14
3447,10.228559,7.892739,6967.631836,5.00e-05,9122.32,1251.50,11002766,N/A,2025-08-11 19:04:14
3448,10.025519,7.892739,6967.631836,5.00e-05,8747.96,1082.50,11004931,N/A,2025-08-11 19:04:14
3449,15.024062,7.892739,6967.631836,5.00e-05,9183.31,1789.50,11008510,N/A,2025-08-11 19:04:15
3450,17.720316,7.892739,6967.631836,5.00e-05,9258.01,2009.50,11012529,1.0000,2025-08-11 19:04:15
3451,11.004668,7.892739,6967.631836,5.00e-05,9035.72,1370.00,11015269,N/A,2025-08-11 19:04:16
3452,11.632106,7.892739,6967.631836,5.00e-05,8737.47,1583.50,11018436,N/A,2025-08-11 19:04:16
3453,19.657534,7.892739,6967.631836,5.00e-05,8748.36,1641.50,11021719,N/A,2025-08-11 19:04:16
3454,11.839559,7.892739,6967.631836,5.00e-05,9028.15,1546.50,11024812,N/A,2025-08-11 19:04:17
3455,17.178888,7.892739,6967.631836,5.00e-05,9149.82,1982.50,11028777,N/A,2025-08-11 19:04:17
3456,13.470663,7.892739,6967.631836,5.00e-05,9062.03,1611.00,11031999,N/A,2025-08-11 19:04:18
3457,9.911550,7.892739,6967.631836,5.00e-05,9011.17,1284.50,11034568,N/A,2025-08-11 19:04:18
3458,16.341146,7.892739,6967.631836,5.00e-05,9602.51,2019.50,11038607,N/A,2025-08-11 19:04:18
3459,11.126633,7.892739,6967.631836,5.00e-05,9509.59,1346.00,11041299,N/A,2025-08-11 19:04:19
3460,19.077200,7.892739,6967.631836,5.00e-05,9312.47,1943.00,11045185,1.0000,2025-08-11 19:04:19
3461,16.200439,7.892739,6967.631836,5.00e-05,9615.80,1901.00,11048987,N/A,2025-08-11 19:04:20
3462,16.504612,7.892739,6967.631836,5.00e-05,9644.69,1661.00,11052309,N/A,2025-08-11 19:04:20
3463,18.051725,7.892739,6967.631836,5.00e-05,9914.16,2048.00,11056405,N/A,2025-08-11 19:04:20
3464,19.853590,7.892739,6967.631836,5.00e-05,10188.78,2048.00,11060501,N/A,2025-08-11 19:04:21
3465,10.562788,7.892739,6967.631836,5.00e-05,9837.43,1425.50,11063352,N/A,2025-08-11 19:04:21
3466,16.643206,7.892739,6967.631836,5.00e-05,9884.73,1584.00,11066520,N/A,2025-08-11 19:04:21
3467,13.197709,7.892739,6967.631836,5.00e-05,10011.61,1500.00,11069520,N/A,2025-08-11 19:04:22
3468,12.602699,7.892739,6967.631836,5.00e-05,9711.91,1511.50,11072543,N/A,2025-08-11 19:04:22
3469,11.445867,7.892739,6967.631836,5.00e-05,9804.32,1400.50,11075344,N/A,2025-08-11 19:04:23
3470,10.743589,7.892739,6967.631836,5.00e-05,9126.41,1177.50,11077699,1.0000,2025-08-11 19:04:23
3471,18.401518,7.892739,6967.631836,5.00e-05,9088.70,1825.50,11081350,N/A,2025-08-11 19:04:24
3472,11.649116,7.892739,6967.631836,5.00e-05,8809.87,1178.50,11083707,N/A,2025-08-11 19:04:24
3473,12.464684,7.892739,6967.631836,5.00e-05,8421.88,1383.00,11086473,N/A,2025-08-11 19:04:24
3474,18.823025,7.892739,6967.631836,5.00e-05,8401.86,1974.00,11090421,N/A,2025-08-11 19:04:25
3475,14.064317,7.892739,6967.631836,5.00e-05,8452.08,1512.00,11093445,N/A,2025-08-11 19:04:25
3476,13.776303,7.892739,6967.631836,5.00e-05,8398.71,1719.50,11096884,N/A,2025-08-11 19:04:25
3477,16.939423,7.892739,6967.631836,5.00e-05,8498.48,1672.00,11100228,N/A,2025-08-11 19:04:26
3478,13.168694,7.892739,6967.631836,5.00e-05,8532.70,1440.00,11103108,N/A,2025-08-11 19:04:26
3479,11.395134,7.892739,6967.631836,5.00e-05,8779.26,1420.50,11105949,N/A,2025-08-11 19:04:27
3480,9.529411,7.892739,6967.631836,5.00e-05,8547.81,1097.50,11108144,1.0000,2025-08-11 19:04:27
3481,20.810055,7.892739,6967.631836,5.00e-05,8647.59,2048.00,11112240,N/A,2025-08-11 19:04:27
3482,16.245430,7.892739,6967.631836,5.00e-05,8840.02,1689.00,11115618,N/A,2025-08-11 19:04:28
3483,17.343657,7.892739,6967.631836,5.00e-05,9038.03,1752.00,11119122,N/A,2025-08-11 19:04:28
3484,18.000496,7.892739,6967.631836,5.00e-05,8945.92,1800.00,11122722,N/A,2025-08-11 19:04:29
3485,9.113727,7.892739,6967.631836,5.00e-05,8865.99,1116.00,11124954,N/A,2025-08-11 19:04:29
3486,18.503843,7.892739,6967.631836,5.00e-05,8952.19,1890.00,11128734,N/A,2025-08-11 19:04:29
3487,15.617266,7.892739,6967.631836,5.00e-05,8890.46,1549.00,11131832,N/A,2025-08-11 19:04:30
3488,14.120672,7.892739,6967.631836,5.00e-05,9047.70,1706.00,11135244,N/A,2025-08-11 19:04:30
3489,13.013782,7.892739,6967.631836,5.00e-05,9284.75,1613.00,11138470,N/A,2025-08-11 19:04:31
3490,14.299649,7.892739,6967.631836,5.00e-05,9115.82,1210.00,11140890,1.0000,2025-08-11 19:04:31
3491,10.691429,7.892739,6967.631836,5.00e-05,8900.15,1463.00,11143816,N/A,2025-08-11 19:04:31
3492,7.303363,7.892739,6967.631836,5.00e-05,8569.29,1081.50,11145979,N/A,2025-08-11 19:04:32
3493,12.425223,7.892739,6967.631836,5.00e-05,8366.34,1386.50,11148752,N/A,2025-08-11 19:04:32
3494,14.924071,7.892739,6967.631836,5.00e-05,8188.50,1478.00,11151708,N/A,2025-08-11 19:04:33
3495,12.580721,7.892739,6967.631836,5.00e-05,8431.14,1657.50,11155023,N/A,2025-08-11 19:04:33
3496,17.775612,7.892739,6967.631836,5.00e-05,8517.61,2037.50,11159098,N/A,2025-08-11 19:04:33
3497,19.764679,7.892739,6967.631836,5.00e-05,8761.97,2030.00,11163158,N/A,2025-08-11 19:04:34
3498,12.387690,7.892739,6967.631836,5.00e-05,8683.15,1436.50,11166031,N/A,2025-08-11 19:04:34
3499,15.770321,7.892739,6967.631836,5.00e-05,8965.86,1677.00,11169385,N/A,2025-08-11 19:04:35
3500,14.271483,7.892739,6967.631836,5.00e-05,8900.23,1525.50,11172436,1.0000,2025-08-11 19:04:35
3501,18.521351,7.892739,6967.631836,5.00e-05,7361.27,2009.50,11176455,N/A,2025-08-11 19:04:36
3502,12.207615,7.892739,6967.631836,5.00e-05,7378.60,1203.00,11178861,N/A,2025-08-11 19:04:37
3503,16.596684,7.892739,6967.631836,5.00e-05,7458.12,1737.50,11182336,N/A,2025-08-11 19:04:37
3504,17.515951,7.892739,6967.631836,5.00e-05,7664.45,1820.50,11185977,N/A,2025-08-11 19:04:37
3505,8.878212,7.892739,6967.631836,5.00e-05,7438.44,1213.00,11188403,N/A,2025-08-11 19:04:38
3506,20.296186,7.892739,6967.631836,5.00e-05,7337.52,1856.50,11192116,N/A,2025-08-11 19:04:38
3507,15.118271,7.892739,6967.631836,5.00e-05,7245.84,1831.50,11195779,N/A,2025-08-11 19:04:39
3508,11.701562,7.892739,6967.631836,5.00e-05,7285.77,1504.50,11198788,N/A,2025-08-11 19:04:39
3509,14.109586,7.892739,6967.631836,5.00e-05,7392.15,1546.50,11201881,N/A,2025-08-11 19:04:39
3510,13.114125,7.892739,6967.631836,5.00e-05,9120.49,1693.50,11205268,1.0000,2025-08-11 19:04:40
3511,14.698264,7.892739,6967.631836,5.00e-05,9074.77,1890.00,11209048,N/A,2025-08-11 19:04:40
3512,13.820435,7.892739,6967.631836,5.00e-05,9388.29,1643.00,11212334,N/A,2025-08-11 19:04:41
3513,11.309958,7.892739,6967.631836,5.00e-05,9098.34,1308.00,11214950,N/A,2025-08-11 19:04:41
3514,14.873015,7.892739,6967.631836,5.00e-05,9029.32,1623.50,11218197,N/A,2025-08-11 19:04:41
3515,17.237087,7.892739,6967.631836,5.00e-05,9439.36,1813.50,11221824,N/A,2025-08-11 19:04:42
3516,18.009518,7.892739,6967.631836,5.00e-05,9401.02,1836.00,11225496,N/A,2025-08-11 19:04:42
3517,19.298386,7.892739,6967.631836,5.00e-05,9312.34,1855.00,11229206,N/A,2025-08-11 19:04:43
3518,11.281662,7.892739,6967.631836,5.00e-05,9048.94,1290.00,11231786,N/A,2025-08-11 19:04:43
3519,10.319022,7.892739,6967.631836,5.00e-05,9108.12,1358.50,11234503,N/A,2025-08-11 19:04:43
3520,24.002327,7.892739,6967.631836,5.00e-05,9170.28,2048.00,11238599,1.0000,2025-08-11 19:04:44
3521,12.654184,7.892739,6967.631836,5.00e-05,9123.20,1718.50,11242036,N/A,2025-08-11 19:04:44
3522,13.947208,7.892739,6967.631836,5.00e-05,9255.28,1786.50,11245609,N/A,2025-08-11 19:04:45
3523,19.537102,7.892739,6967.631836,5.00e-05,9463.98,1748.50,11249106,N/A,2025-08-11 19:04:45
3524,13.430786,7.892739,6967.631836,5.00e-05,9282.68,1322.50,11251751,N/A,2025-08-11 19:04:45
3525,14.791563,7.892739,6967.631836,5.00e-05,9239.87,1689.50,11255130,N/A,2025-08-11 19:04:46
3526,14.286393,7.892739,6967.631836,5.00e-05,9230.08,1726.00,11258582,N/A,2025-08-11 19:04:46
3527,18.050398,7.892739,6967.631836,5.00e-05,9317.93,1852.50,11262287,N/A,2025-08-11 19:04:47
3528,9.730729,7.892739,6967.631836,5.00e-05,9286.63,1199.00,11264685,N/A,2025-08-11 19:04:47
3529,16.553572,7.892739,6967.631836,5.00e-05,9709.60,1780.50,11268246,N/A,2025-08-11 19:04:47
3530,12.078479,7.892739,6967.631836,5.00e-05,9045.79,1371.50,11270989,1.0000,2025-08-11 19:04:48
3531,12.321768,7.892739,6967.631836,5.00e-05,8871.53,1544.00,11274077,N/A,2025-08-11 19:04:48
3532,15.973904,7.892739,6967.631836,5.00e-05,8988.31,1948.00,11277973,N/A,2025-08-11 19:04:49
3533,14.494536,7.892739,6967.631836,5.00e-05,8842.27,1485.00,11280943,N/A,2025-08-11 19:04:49
3534,15.300503,7.892739,6967.631836,5.00e-05,9148.17,1899.50,11284742,N/A,2025-08-11 19:04:49
3535,14.360924,7.892739,6967.631836,5.00e-05,8926.26,1238.00,11287218,N/A,2025-08-11 19:04:50
3536,18.918829,7.892739,6967.631836,5.00e-05,8916.28,1859.50,11290937,N/A,2025-08-11 19:04:50
3537,9.619358,7.892739,6967.631836,5.00e-05,8592.12,1196.00,11293329,N/A,2025-08-11 19:04:51
3538,12.381793,7.892739,6967.631836,5.00e-05,8528.02,1303.00,11295935,N/A,2025-08-11 19:04:51
3539,12.374093,7.892739,6967.631836,5.00e-05,8576.29,1459.00,11298853,N/A,2025-08-11 19:04:51
3540,19.868628,7.892739,6967.631836,5.00e-05,8799.91,1976.50,11302806,1.0000,2025-08-11 19:04:52
3541,17.018883,7.892739,6967.631836,5.00e-05,8810.21,1563.50,11305933,N/A,2025-08-11 19:04:52
3542,11.379211,7.892739,6967.631836,5.00e-05,8481.94,1362.50,11308658,N/A,2025-08-11 19:04:53
3543,14.673557,7.892739,6967.631836,5.00e-05,8523.38,1854.00,11312366,N/A,2025-08-11 19:04:53
3544,12.338979,7.892739,6967.631836,5.00e-05,8398.68,1639.50,11315645,N/A,2025-08-11 19:04:53
3545,17.861536,7.892739,6967.631836,5.00e-05,8902.05,1928.00,11319501,N/A,2025-08-11 19:04:54
3546,9.895976,7.892739,6967.631836,5.00e-05,8505.09,1118.00,11321737,N/A,2025-08-11 19:04:54
3547,15.857931,7.892739,6967.631836,5.00e-05,9072.60,2016.00,11325769,N/A,2025-08-11 19:04:55
3548,12.732482,7.892739,6967.631836,5.00e-05,9343.32,1752.50,11329274,N/A,2025-08-11 19:04:55
3549,16.301191,7.892739,6967.631836,5.00e-05,9571.46,1636.00,11332546,N/A,2025-08-11 19:04:55
3550,14.664287,7.892739,6967.631836,5.00e-05,9156.07,1583.00,11335712,1.0000,2025-08-11 19:04:56
3551,8.921398,7.892739,6967.631836,5.00e-05,8923.40,1127.00,11337966,N/A,2025-08-11 19:04:56
3552,11.073157,7.892739,6967.631836,5.00e-05,9086.71,1311.00,11340588,N/A,2025-08-11 19:04:57
3553,12.702759,7.892739,6967.631836,5.00e-05,9023.79,1742.00,11344072,N/A,2025-08-11 19:04:57
3554,16.587200,7.892739,6967.631836,5.00e-05,9121.28,1835.00,11347742,N/A,2025-08-11 19:04:57
3555,12.970210,7.892739,6967.631836,5.00e-05,8733.41,1283.50,11350309,N/A,2025-08-11 19:04:58
3556,9.491241,7.892739,6967.631836,5.00e-05,8740.50,1191.50,11352692,N/A,2025-08-11 19:04:58
3557,13.435587,7.892739,6967.631836,5.00e-05,8278.07,1402.50,11355497,N/A,2025-08-11 19:04:59
3558,15.959971,7.892739,6967.631836,5.00e-05,8494.75,2048.00,11359593,N/A,2025-08-11 19:04:59
3559,13.660946,7.892739,6967.631836,5.00e-05,8690.88,1640.00,11362873,N/A,2025-08-11 19:04:59
3560,11.643078,7.892739,6967.631836,5.00e-05,8319.36,1384.00,11365641,1.0000,2025-08-11 19:05:00
3561,15.716285,7.892739,6967.631836,5.00e-05,8542.00,1574.50,11368790,N/A,2025-08-11 19:05:00
3562,10.716389,7.892739,6967.631836,5.00e-05,8613.95,1443.50,11371677,N/A,2025-08-11 19:05:01
3563,17.675058,7.892739,6967.631836,5.00e-05,8812.02,2048.00,11375773,N/A,2025-08-11 19:05:01
3564,7.745726,7.892739,6967.631836,5.00e-05,8498.24,1232.50,11378238,N/A,2025-08-11 19:05:01
3565,14.185803,7.892739,6967.631836,5.00e-05,8793.24,1719.50,11381677,N/A,2025-08-11 19:05:02
3566,16.385395,7.892739,6967.631836,5.00e-05,9356.27,1953.50,11385584,N/A,2025-08-11 19:05:02
3567,18.467361,7.892739,6967.631836,5.00e-05,9669.51,1937.50,11389459,N/A,2025-08-11 19:05:02
3568,12.761727,7.892739,6967.631836,5.00e-05,9205.00,1590.00,11392639,N/A,2025-08-11 19:05:03
3569,13.431817,7.892739,6967.631836,5.00e-05,9547.86,1757.00,11396153,N/A,2025-08-11 19:05:03
3570,9.354984,7.892739,6967.631836,5.00e-05,9262.25,1291.50,11398736,1.0000,2025-08-11 19:05:04
3571,16.075325,7.892739,6967.631836,5.00e-05,9450.74,1901.00,11402538,N/A,2025-08-11 19:05:04
3572,12.818469,7.892739,6967.631836,5.00e-05,9491.14,1649.50,11405837,N/A,2025-08-11 19:05:05
3573,15.214747,7.892739,6967.631836,5.00e-05,9301.76,1697.00,11409231,N/A,2025-08-11 19:05:05
3574,11.811134,7.892739,6967.631836,5.00e-05,9187.35,1249.50,11411730,N/A,2025-08-11 19:05:05
3575,21.158579,7.892739,6967.631836,5.00e-05,9315.01,1957.50,11415645,N/A,2025-08-11 19:05:06
3576,9.158446,7.892739,6967.631836,5.00e-05,8757.51,1084.50,11417814,N/A,2025-08-11 19:05:06
3577,12.592851,7.892739,6967.631836,5.00e-05,8659.82,1447.00,11420708,N/A,2025-08-11 19:05:07
3578,15.074625,7.892739,6967.631836,5.00e-05,8771.85,1885.50,11424479,N/A,2025-08-11 19:05:07
3579,18.364511,7.892739,6967.631836,5.00e-05,9004.82,1747.50,11427974,N/A,2025-08-11 19:05:07
3580,12.306663,7.892739,6967.631836,5.00e-05,8662.56,1233.00,11430440,1.0000,2025-08-11 19:05:08
3581,17.172001,7.892739,6967.631836,5.00e-05,8610.11,1744.00,11433928,N/A,2025-08-11 19:05:08
3582,9.625566,7.892739,6967.631836,5.00e-05,8318.29,1194.00,11436316,N/A,2025-08-11 19:05:09
3583,14.321118,7.892739,6967.631836,5.00e-05,8317.75,1517.50,11439351,N/A,2025-08-11 19:05:09
3584,13.569041,7.892739,6967.631836,5.00e-05,8430.62,1496.50,11442344,N/A,2025-08-11 19:05:09
3585,10.863961,7.892739,6967.631836,5.00e-05,8089.80,1192.50,11444729,N/A,2025-08-11 19:05:10
3586,17.700401,7.892739,6967.631836,5.00e-05,8445.81,1758.00,11448245,N/A,2025-08-11 19:05:10
3587,14.409733,7.892739,6967.631836,5.00e-05,8566.14,1550.50,11451346,N/A,2025-08-11 19:05:11
3588,11.273306,7.892739,6967.631836,5.00e-05,8256.99,1371.50,11454089,N/A,2025-08-11 19:05:11
3589,14.897238,7.892739,6967.631836,5.00e-05,8477.20,1616.00,11457321,N/A,2025-08-11 19:05:11
3590,17.051884,7.892739,6967.631836,5.00e-05,8561.64,1847.00,11461015,1.0000,2025-08-11 19:05:12
3591,20.813696,7.892739,6967.631836,5.00e-05,8667.43,1864.50,11464744,N/A,2025-08-11 19:05:12
3592,18.792603,7.892739,6967.631836,5.00e-05,9084.54,1931.50,11468607,N/A,2025-08-11 19:05:13
3593,13.664222,7.892739,6967.631836,5.00e-05,9141.69,1681.50,11471970,N/A,2025-08-11 19:05:13
3594,9.799329,7.892739,6967.631836,5.00e-05,8908.75,1082.50,11474135,N/A,2025-08-11 19:05:13
3595,13.565156,7.892739,6967.631836,5.00e-05,9159.86,1598.50,11477332,N/A,2025-08-11 19:05:14
3596,14.454803,7.892739,6967.631836,5.00e-05,9117.02,1684.50,11480701,N/A,2025-08-11 19:05:14
3597,15.843424,7.892739,6967.631836,5.00e-05,9300.76,1823.00,11484347,N/A,2025-08-11 19:05:14
3598,17.907341,7.892739,6967.631836,5.00e-05,9512.40,1841.00,11488029,N/A,2025-08-11 19:05:15
3599,12.283620,7.892739,6967.631836,5.00e-05,9745.58,1499.50,11491028,N/A,2025-08-11 19:05:15
3600,13.524354,7.892739,6967.631836,5.00e-05,9404.05,1598.00,11494224,1.0000,2025-08-11 19:05:16
3601,11.302887,7.892739,6967.631836,5.00e-05,7240.67,1462.00,11497148,N/A,2025-08-11 19:05:17
3602,17.620214,7.892739,6967.631836,5.00e-05,7274.51,1980.50,11501109,N/A,2025-08-11 19:05:17
3603,13.437353,7.892739,6967.631836,5.00e-05,7219.47,1645.00,11504399,N/A,2025-08-11 19:05:18
3604,10.406041,7.892739,6967.631836,5.00e-05,7239.84,1156.00,11506711,N/A,2025-08-11 19:05:18
3605,16.456102,7.892739,6967.631836,5.00e-05,7183.74,1502.00,11509715,N/A,2025-08-11 19:05:19
3606,13.064784,7.892739,6967.631836,5.00e-05,7053.27,1539.00,11512793,N/A,2025-08-11 19:05:19
3607,10.066774,7.892739,6967.631836,5.00e-05,6863.76,1406.50,11515606,N/A,2025-08-11 19:05:19
3608,9.701616,7.892739,6967.631836,5.00e-05,6588.45,1186.50,11517979,N/A,2025-08-11 19:05:20
3609,16.962776,7.892739,6967.631836,5.00e-05,6651.26,1415.00,11520809,N/A,2025-08-11 19:05:20
3610,18.369301,7.892739,6967.631836,5.00e-05,8205.47,1646.00,11524101,1.0000,2025-08-11 19:05:21
3611,14.836327,7.892739,6967.631836,5.00e-05,8402.39,1774.50,11527650,N/A,2025-08-11 19:05:21
3612,13.411043,7.892739,6967.631836,5.00e-05,8210.98,1642.50,11530935,N/A,2025-08-11 19:05:21
3613,18.486206,7.892739,6967.631836,5.00e-05,8378.27,1930.50,11534796,N/A,2025-08-11 19:05:22
3614,19.193157,7.892739,6967.631836,5.00e-05,8637.67,1728.50,11538253,N/A,2025-08-11 19:05:22
3615,13.278737,7.892739,6967.631836,5.00e-05,8689.60,1543.50,11541340,N/A,2025-08-11 19:05:23
3616,18.492954,7.892739,6967.631836,5.00e-05,8962.86,2036.50,11545413,N/A,2025-08-11 19:05:23
3617,13.803993,7.892739,6967.631836,5.00e-05,8954.21,1381.50,11548176,N/A,2025-08-11 19:05:23
3618,15.406301,7.892739,6967.631836,5.00e-05,9376.24,1992.00,11552160,N/A,2025-08-11 19:05:24
3619,12.509356,7.892739,6967.631836,5.00e-05,9755.19,1579.50,11555319,N/A,2025-08-11 19:05:24
3620,12.469617,7.892739,6967.631836,5.00e-05,9468.67,1383.50,11558086,1.0000,2025-08-11 19:05:25
3621,14.529911,7.892739,6967.631836,5.00e-05,9574.79,1832.00,11561750,N/A,2025-08-11 19:05:25
3622,9.857560,7.892739,6967.631836,5.00e-05,9346.13,1230.00,11564210,N/A,2025-08-11 19:05:25
3623,11.531500,7.892739,6967.631836,5.00e-05,9110.92,1353.50,11566917,N/A,2025-08-11 19:05:26
3624,11.561723,7.892739,6967.631836,5.00e-05,8964.27,1352.00,11569621,N/A,2025-08-11 19:05:26
3625,11.116536,7.892739,6967.631836,5.00e-05,8895.05,1394.50,11572410,N/A,2025-08-11 19:05:27
3626,10.818670,7.892739,6967.631836,5.00e-05,8448.05,1247.00,11574904,N/A,2025-08-11 19:05:27
3627,10.497677,7.892739,6967.631836,5.00e-05,8384.10,1209.00,11577322,N/A,2025-08-11 19:05:27
3628,18.882952,7.892739,6967.631836,5.00e-05,8355.14,1976.00,11581274,N/A,2025-08-11 19:05:28
3629,14.894724,7.892739,6967.631836,5.00e-05,8420.48,1550.00,11584374,N/A,2025-08-11 19:05:28
3630,7.142700,7.892739,6967.631836,5.00e-05,6761.35,1064.50,11586503,1.0000,2025-08-11 19:05:29
3631,14.902735,7.892739,6967.631836,5.00e-05,6806.30,1962.00,11590427,N/A,2025-08-11 19:05:30
3632,11.020721,7.892739,6967.631836,5.00e-05,6845.99,1330.50,11593088,N/A,2025-08-11 19:05:30
3633,11.831928,7.892739,6967.631836,5.00e-05,6871.17,1421.00,11595930,N/A,2025-08-11 19:05:30
3634,16.144150,7.892739,6967.631836,5.00e-05,7140.40,1851.00,11599632,N/A,2025-08-11 19:05:31
3635,10.020828,7.892739,6967.631836,5.00e-05,6984.17,1075.00,11601782,N/A,2025-08-11 19:05:31
3636,18.984632,7.892739,6967.631836,5.00e-05,7341.40,2002.50,11605787,N/A,2025-08-11 19:05:31
3637,10.337029,7.892739,6967.631836,5.00e-05,7380.13,1246.50,11608280,N/A,2025-08-11 19:05:32
3638,10.957449,7.892739,6967.631836,5.00e-05,7122.47,1347.50,11610975,N/A,2025-08-11 19:05:32
3639,11.977439,7.892739,6967.631836,5.00e-05,8510.90,1317.50,11613610,N/A,2025-08-11 19:05:33
3640,13.254515,7.892739,6967.631836,5.00e-05,8477.24,1362.00,11616334,1.0000,2025-08-11 19:05:33
3641,19.431162,7.892739,6967.631836,5.00e-05,8400.67,1832.00,11619998,N/A,2025-08-11 19:05:33
3642,15.656175,7.892739,6967.631836,5.00e-05,8703.98,1838.00,11623674,N/A,2025-08-11 19:05:34
3643,14.057835,7.892739,6967.631836,5.00e-05,8767.95,1547.00,11626768,N/A,2025-08-11 19:05:34
3644,9.417550,7.892739,6967.631836,5.00e-05,8332.35,1098.00,11628964,N/A,2025-08-11 19:05:35
3645,13.545575,7.892739,6967.631836,5.00e-05,8555.80,1462.00,11631888,N/A,2025-08-11 19:05:35
3646,20.230619,7.892739,6967.631836,5.00e-05,8526.65,1952.00,11635792,N/A,2025-08-11 19:05:35
3647,12.012579,7.892739,6967.631836,5.00e-05,8577.42,1474.00,11638740,N/A,2025-08-11 19:05:36
3648,20.099529,7.892739,6967.631836,5.00e-05,8906.96,1943.50,11642627,N/A,2025-08-11 19:05:36
3649,11.920078,7.892739,6967.631836,5.00e-05,9330.40,1615.50,11645858,N/A,2025-08-11 19:05:37
3650,14.079103,7.892739,6967.631836,5.00e-05,9163.06,1616.50,11649091,1.0000,2025-08-11 19:05:37
3651,10.737463,7.892739,6967.631836,5.00e-05,8846.07,1267.00,11651625,N/A,2025-08-11 19:05:37
3652,14.514733,7.892739,6967.631836,5.00e-05,8646.83,1558.00,11654741,N/A,2025-08-11 19:05:38
3653,10.511787,7.892739,6967.631836,5.00e-05,8544.02,1366.00,11657473,N/A,2025-08-11 19:05:38
3654,14.349620,7.892739,6967.631836,5.00e-05,8898.54,1731.50,11660936,N/A,2025-08-11 19:05:39
3655,18.549917,7.892739,6967.631836,5.00e-05,8962.02,1587.00,11664110,N/A,2025-08-11 19:05:39
3656,8.685919,7.892739,6967.631836,5.00e-05,8594.58,1164.50,11666439,N/A,2025-08-11 19:05:39
3657,9.025655,7.892739,6967.631836,5.00e-05,8376.65,1077.50,11668594,N/A,2025-08-11 19:05:40
3658,9.438775,7.892739,6967.631836,5.00e-05,7941.10,1158.00,11670910,N/A,2025-08-11 19:05:40
3659,17.327202,7.892739,6967.631836,5.00e-05,8434.68,1975.50,11674861,N/A,2025-08-11 19:05:41
3660,12.024139,7.892739,6967.631836,5.00e-05,8139.27,1460.00,11677781,1.0000,2025-08-11 19:05:41
3661,13.858089,7.892739,6967.631836,5.00e-05,8481.31,1797.50,11681376,N/A,2025-08-11 19:05:41
3662,12.108853,7.892739,6967.631836,5.00e-05,8353.10,1313.00,11684002,N/A,2025-08-11 19:05:42
3663,11.860229,7.892739,6967.631836,5.00e-05,8434.76,1525.50,11687053,N/A,2025-08-11 19:05:42
3664,13.947188,7.892739,6967.631836,5.00e-05,8315.39,1545.00,11690143,N/A,2025-08-11 19:05:42
3665,13.446704,7.892739,6967.631836,5.00e-05,8061.45,1439.00,11693021,N/A,2025-08-11 19:05:43
3666,13.977781,7.892739,6967.631836,5.00e-05,8561.87,1996.00,11697013,N/A,2025-08-11 19:05:43
3667,15.536374,7.892739,6967.631836,5.00e-05,8956.86,1770.50,11700554,N/A,2025-08-11 19:05:44
3668,16.585257,7.892739,6967.631836,5.00e-05,9462.70,2048.00,11704650,N/A,2025-08-11 19:05:44
3669,12.071965,7.892739,6967.631836,5.00e-05,9375.36,1405.50,11707461,N/A,2025-08-11 19:05:44
3670,17.150461,7.892739,6967.631836,5.00e-05,9095.59,1300.00,11710061,1.0000,2025-08-11 19:05:45
3671,15.008223,7.892739,6967.631836,5.00e-05,9074.73,1765.50,11713592,N/A,2025-08-11 19:05:45
3672,16.400209,7.892739,6967.631836,5.00e-05,9288.30,1676.00,11716944,N/A,2025-08-11 19:05:46
3673,13.403558,7.892739,6967.631836,5.00e-05,9253.64,1446.00,11719836,N/A,2025-08-11 19:05:46
3674,12.242550,7.892739,6967.631836,5.00e-05,9233.75,1343.50,11722523,N/A,2025-08-11 19:05:46
3675,9.100862,7.892739,6967.631836,5.00e-05,9021.77,1098.50,11724720,N/A,2025-08-11 19:05:47
3676,11.847796,7.892739,6967.631836,5.00e-05,8693.52,1433.00,11727586,N/A,2025-08-11 19:05:47
3677,15.748479,7.892739,6967.631836,5.00e-05,8767.03,1943.00,11731472,N/A,2025-08-11 19:05:48
3678,14.497959,7.892739,6967.631836,5.00e-05,8517.03,1744.50,11734961,N/A,2025-08-11 19:05:48
3679,16.241558,7.892739,6967.631836,5.00e-05,8938.32,1862.00,11738685,N/A,2025-08-11 19:05:48
3680,17.258177,7.892739,6967.631836,5.00e-05,9022.14,1737.50,11742160,1.0000,2025-08-11 19:05:49
3681,16.690758,7.892739,6967.631836,5.00e-05,8896.87,1562.50,11745285,N/A,2025-08-11 19:05:49
3682,13.170061,7.892739,6967.631836,5.00e-05,8672.41,1259.00,11747803,N/A,2025-08-11 19:05:50
3683,10.480731,7.892739,6967.631836,5.00e-05,8731.28,1378.50,11750560,N/A,2025-08-11 19:05:50
3684,15.646050,7.892739,6967.631836,5.00e-05,9066.63,1947.00,11754454,N/A,2025-08-11 19:05:50
3685,14.647944,7.892739,6967.631836,5.00e-05,9520.54,1903.00,11758260,N/A,2025-08-11 19:05:51
3686,11.970973,7.892739,6967.631836,5.00e-05,9482.19,1400.00,11761060,N/A,2025-08-11 19:05:51
3687,15.767410,7.892739,6967.631836,5.00e-05,9442.01,1771.00,11764602,N/A,2025-08-11 19:05:52
3688,14.352028,7.892739,6967.631836,5.00e-05,9366.85,1655.50,11767913,N/A,2025-08-11 19:05:52
3689,15.025660,7.892739,6967.631836,5.00e-05,9495.97,1775.50,11771464,N/A,2025-08-11 19:05:52
3690,22.805338,7.892739,6967.631836,5.00e-05,9359.49,1877.50,11775219,1.0000,2025-08-11 19:05:53
3691,9.840748,7.892739,6967.631836,5.00e-05,9176.70,1320.00,11777859,N/A,2025-08-11 19:05:53
3692,12.169778,7.892739,6967.631836,5.00e-05,9257.33,1554.00,11780967,N/A,2025-08-11 19:05:54
3693,15.286301,7.892739,6967.631836,5.00e-05,9647.01,2028.00,11785023,N/A,2025-08-11 19:05:54
3694,17.692101,7.892739,6967.631836,5.00e-05,9494.63,1670.00,11788363,N/A,2025-08-11 19:05:54
3695,17.254377,7.892739,6967.631836,5.00e-05,9410.53,1714.50,11791792,N/A,2025-08-11 19:05:55
3696,16.234426,7.892739,6967.631836,5.00e-05,9653.31,1770.00,11795332,N/A,2025-08-11 19:05:55
3697,13.129456,7.892739,6967.631836,5.00e-05,9668.06,1712.50,11798757,N/A,2025-08-11 19:05:55
3698,12.351768,7.892739,6967.631836,5.00e-05,9621.07,1579.00,11801915,N/A,2025-08-11 19:05:56
3699,15.349380,7.892739,6967.631836,5.00e-05,9834.54,1828.00,11805571,N/A,2025-08-11 19:05:56
3700,8.122725,7.892739,6967.631836,5.00e-05,9156.19,1080.50,11807732,1.0000,2025-08-11 19:05:57
3701,18.210382,7.892739,6967.631836,5.00e-05,7498.20,2048.00,11811828,N/A,2025-08-11 19:05:58
3702,11.713362,7.892739,6967.631836,5.00e-05,7414.81,1411.50,11814651,N/A,2025-08-11 19:05:58
3703,15.284364,7.892739,6967.631836,5.00e-05,7338.21,1855.00,11818361,N/A,2025-08-11 19:05:59
3704,12.755077,7.892739,6967.631836,5.00e-05,7294.30,1552.00,11821465,N/A,2025-08-11 19:05:59
3705,17.240221,7.892739,6967.631836,5.00e-05,7375.90,1921.00,11825307,N/A,2025-08-11 19:06:00
3706,13.829765,7.892739,6967.631836,5.00e-05,7414.39,1871.00,11829049,N/A,2025-08-11 19:06:00
3707,12.659431,7.892739,6967.631836,5.00e-05,7266.13,1424.00,11831897,N/A,2025-08-11 19:06:00
3708,16.542723,7.892739,6967.631836,5.00e-05,7311.92,1616.50,11835130,N/A,2025-08-11 19:06:01
3709,11.308339,7.892739,6967.631836,5.00e-05,7205.60,1239.00,11837608,N/A,2025-08-11 19:06:01
3710,12.416162,7.892739,6967.631836,5.00e-05,9194.38,1302.00,11840212,1.0000,2025-08-11 19:06:02
3711,15.587740,7.892739,6967.631836,5.00e-05,8957.13,1563.00,11843338,N/A,2025-08-11 19:06:02
3712,13.008900,7.892739,6967.631836,5.00e-05,8911.07,1322.00,11845982,N/A,2025-08-11 19:06:02
3713,8.031363,7.892739,6967.631836,5.00e-05,8396.29,1094.50,11848171,N/A,2025-08-11 19:06:03
3714,13.293923,7.892739,6967.631836,5.00e-05,8426.54,1651.00,11851473,N/A,2025-08-11 19:06:03
3715,14.367300,7.892739,6967.631836,5.00e-05,8171.32,1487.00,11854447,N/A,2025-08-11 19:06:04
3716,15.789021,7.892739,6967.631836,5.00e-05,8178.62,1966.00,11858379,N/A,2025-08-11 19:06:04
3717,9.830125,7.892739,6967.631836,5.00e-05,8013.22,1132.00,11860643,N/A,2025-08-11 19:06:04
3718,12.584924,7.892739,6967.631836,5.00e-05,8018.19,1604.00,11863851,N/A,2025-08-11 19:06:05
3719,14.247019,7.892739,6967.631836,5.00e-05,8348.41,1485.50,11866822,N/A,2025-08-11 19:06:05
3720,12.002793,7.892739,6967.631836,5.00e-05,8271.39,1488.00,11869798,1.0000,2025-08-11 19:06:06
3721,13.576800,7.892739,6967.631836,5.00e-05,8332.50,1667.00,11873132,N/A,2025-08-11 19:06:06
3722,11.938120,7.892739,6967.631836,5.00e-05,8423.10,1365.50,11875863,N/A,2025-08-11 19:06:06
3723,18.048164,7.892739,6967.631836,5.00e-05,8865.89,1867.00,11879597,N/A,2025-08-11 19:06:07
3724,14.499180,7.892739,6967.631836,5.00e-05,8957.96,1796.00,11883189,N/A,2025-08-11 19:06:07
3725,12.261361,7.892739,6967.631836,5.00e-05,9126.88,1627.00,11886443,N/A,2025-08-11 19:06:07
3726,15.228996,7.892739,6967.631836,5.00e-05,8781.96,1449.50,11889342,N/A,2025-08-11 19:06:08
3727,13.877116,7.892739,6967.631836,5.00e-05,9013.18,1610.50,11892563,N/A,2025-08-11 19:06:08
3728,10.824143,7.892739,6967.631836,5.00e-05,8789.74,1191.00,11894945,N/A,2025-08-11 19:06:09
3729,20.972269,7.892739,6967.631836,5.00e-05,9304.57,2048.00,11899041,N/A,2025-08-11 19:06:09
3730,12.158495,7.892739,6967.631836,5.00e-05,8873.17,1451.00,11901943,1.0000,2025-08-11 19:06:10
3731,18.023716,7.892739,6967.631836,5.00e-05,8917.45,1725.50,11905394,N/A,2025-08-11 19:06:10
3732,14.755989,7.892739,6967.631836,5.00e-05,9221.95,1894.00,11909182,N/A,2025-08-11 19:06:10
3733,15.345030,7.892739,6967.631836,5.00e-05,9269.40,1920.00,11913022,N/A,2025-08-11 19:06:11
3734,16.238195,7.892739,6967.631836,5.00e-05,9108.87,1494.00,11916010,N/A,2025-08-11 19:06:11
3735,16.590452,7.892739,6967.631836,5.00e-05,9052.32,1519.00,11919048,N/A,2025-08-11 19:06:11
3736,15.100911,7.892739,6967.631836,5.00e-05,9089.78,1520.00,11922088,N/A,2025-08-11 19:06:12
3737,14.645246,7.892739,6967.631836,5.00e-05,8918.45,1468.00,11925024,N/A,2025-08-11 19:06:12
3738,17.375311,7.892739,6967.631836,5.00e-05,9311.71,1937.00,11928898,N/A,2025-08-11 19:06:13
3739,12.172508,7.892739,6967.631836,5.00e-05,9333.12,1432.50,11931763,N/A,2025-08-11 19:06:13
3740,13.033113,7.892739,6967.631836,5.00e-05,9188.28,1524.00,11934811,1.0000,2025-08-11 19:06:14
3741,13.492891,7.892739,6967.631836,5.00e-05,9091.23,1575.50,11937962,N/A,2025-08-11 19:06:14
3742,12.589056,7.892739,6967.631836,5.00e-05,8921.69,1593.50,11941149,N/A,2025-08-11 19:06:14
3743,16.034679,7.892739,6967.631836,5.00e-05,8849.95,1906.00,11944961,N/A,2025-08-11 19:06:15
3744,9.729300,7.892739,6967.631836,5.00e-05,8749.24,1219.00,11947399,N/A,2025-08-11 19:06:15
3745,14.746384,7.892739,6967.631836,5.00e-05,8890.57,1738.50,11950876,N/A,2025-08-11 19:06:15
3746,18.250462,7.892739,6967.631836,5.00e-05,9226.80,1913.50,11954703,N/A,2025-08-11 19:06:16
3747,13.414214,7.892739,6967.631836,5.00e-05,9136.03,1453.50,11957610,N/A,2025-08-11 19:06:16
3748,15.629042,7.892739,6967.631836,5.00e-05,9147.45,1916.00,11961442,N/A,2025-08-11 19:06:17
3749,13.235658,7.892739,6967.631836,5.00e-05,9380.58,1540.00,11964522,N/A,2025-08-11 19:06:17
3750,13.260181,7.892739,6967.631836,5.00e-05,9142.85,1584.00,11967690,1.0000,2025-08-11 19:06:18
3751,17.942942,7.892739,6967.631836,5.00e-05,9343.65,2048.00,11971786,N/A,2025-08-11 19:06:18
3752,13.176341,7.892739,6967.631836,5.00e-05,9295.70,1439.50,11974665,N/A,2025-08-11 19:06:18
3753,11.173063,7.892739,6967.631836,5.00e-05,8846.14,1312.50,11977290,N/A,2025-08-11 19:06:19
3754,11.721177,7.892739,6967.631836,5.00e-05,8875.89,1473.50,11980237,N/A,2025-08-11 19:06:19
3755,13.857364,7.892739,6967.631836,5.00e-05,8769.35,1543.50,11983324,N/A,2025-08-11 19:06:20
3756,13.679388,7.892739,6967.631836,5.00e-05,8726.26,1669.50,11986663,N/A,2025-08-11 19:06:20
3757,14.535756,7.892739,6967.631836,5.00e-05,8938.62,1822.00,11990307,N/A,2025-08-11 19:06:20
3758,10.504126,7.892739,6967.631836,5.00e-05,8584.18,1267.00,11992841,N/A,2025-08-11 19:06:21
3759,16.658255,7.892739,6967.631836,5.00e-05,8951.47,1705.00,11996251,N/A,2025-08-11 19:06:21
3760,16.510191,7.892739,6967.631836,5.00e-05,8868.19,1643.00,11999537,1.0000,2025-08-11 19:06:22
3761,15.012013,7.892739,6967.631836,5.00e-05,8670.31,1675.50,12002888,N/A,2025-08-11 19:06:22
3762,15.889305,7.892739,6967.631836,5.00e-05,8919.53,1695.00,12006278,N/A,2025-08-11 19:06:22
3763,17.618431,7.892739,6967.631836,5.00e-05,9332.93,1913.00,12010104,N/A,2025-08-11 19:06:23
3764,19.311789,7.892739,6967.631836,5.00e-05,9350.67,1825.00,12013754,N/A,2025-08-11 19:06:23
3765,13.980756,7.892739,6967.631836,5.00e-05,9544.45,1881.50,12017517,N/A,2025-08-11 19:06:23
3766,11.640866,7.892739,6967.631836,5.00e-05,9344.65,1305.00,12020127,N/A,2025-08-11 19:06:24
3767,13.264815,7.892739,6967.631836,5.00e-05,9150.70,1428.50,12022984,N/A,2025-08-11 19:06:24
3768,16.380203,7.892739,6967.631836,5.00e-05,9519.29,1983.50,12026951,N/A,2025-08-11 19:06:25
3769,17.083414,7.892739,6967.631836,5.00e-05,9725.38,1763.00,12030477,N/A,2025-08-11 19:06:25
3770,10.572306,7.892739,6967.631836,5.00e-05,9403.08,1400.50,12033278,1.0000,2025-08-11 19:06:25
3771,10.347468,7.892739,6967.631836,5.00e-05,9396.61,1658.00,12036594,N/A,2025-08-11 19:06:26
3772,13.108967,7.892739,6967.631836,5.00e-05,9307.57,1683.50,12039961,N/A,2025-08-11 19:06:26
3773,11.179488,7.892739,6967.631836,5.00e-05,9337.58,1659.50,12043280,N/A,2025-08-11 19:06:27
3774,8.670546,7.892739,6967.631836,5.00e-05,9003.51,1239.50,12045759,N/A,2025-08-11 19:06:27
3775,12.071549,7.892739,6967.631836,5.00e-05,8881.91,1668.50,12049096,N/A,2025-08-11 19:06:27
3776,14.943183,7.892739,6967.631836,5.00e-05,8922.60,1463.00,12052022,N/A,2025-08-11 19:06:28
3777,16.219896,7.892739,6967.631836,5.00e-05,9250.47,2033.50,12056089,N/A,2025-08-11 19:06:28
3778,13.635637,7.892739,6967.631836,5.00e-05,9012.10,1538.50,12059166,N/A,2025-08-11 19:06:29
3779,13.180593,7.892739,6967.631836,5.00e-05,9093.32,1669.00,12062504,N/A,2025-08-11 19:06:29
3780,10.835616,7.892739,6967.631836,5.00e-05,8737.98,1123.50,12064751,1.0000,2025-08-11 19:06:29
3781,12.679526,7.892739,6967.631836,5.00e-05,8871.20,1655.00,12068061,N/A,2025-08-11 19:06:30
3782,12.209607,7.892739,6967.631836,5.00e-05,8624.68,1225.50,12070512,N/A,2025-08-11 19:06:30
3783,14.379780,7.892739,6967.631836,5.00e-05,8691.98,1778.00,12074068,N/A,2025-08-11 19:06:31
3784,14.539640,7.892739,6967.631836,5.00e-05,8904.02,1601.00,12077270,N/A,2025-08-11 19:06:31
3785,11.914227,7.892739,6967.631836,5.00e-05,8761.32,1351.00,12079972,N/A,2025-08-11 19:06:31
3786,15.172502,7.892739,6967.631836,5.00e-05,9065.74,1956.00,12083884,N/A,2025-08-11 19:06:32
3787,13.898424,7.892739,6967.631836,5.00e-05,8780.23,1539.50,12086963,N/A,2025-08-11 19:06:32
3788,12.003211,7.892739,6967.631836,5.00e-05,8754.91,1429.50,12089822,N/A,2025-08-11 19:06:32
3789,12.281091,7.892739,6967.631836,5.00e-05,8879.27,1621.00,12093064,N/A,2025-08-11 19:06:33
3790,18.981930,7.892739,6967.631836,5.00e-05,8960.88,1680.50,12096425,1.0000,2025-08-11 19:06:33
3791,13.419116,7.892739,6967.631836,5.00e-05,8908.54,1559.50,12099544,N/A,2025-08-11 19:06:34
3792,19.338566,7.892739,6967.631836,5.00e-05,9253.94,1929.00,12103402,N/A,2025-08-11 19:06:34
3793,7.355700,7.892739,6967.631836,5.00e-05,8885.39,1158.50,12105719,N/A,2025-08-11 19:06:35
3794,15.717132,7.892739,6967.631836,5.00e-05,9028.37,1845.50,12109410,N/A,2025-08-11 19:06:35
3795,19.053682,7.892739,6967.631836,5.00e-05,9346.38,1871.50,12113153,N/A,2025-08-11 19:06:35
3796,13.010919,7.892739,6967.631836,5.00e-05,9021.65,1379.00,12115911,N/A,2025-08-11 19:06:36
3797,11.028097,7.892739,6967.631836,5.00e-05,8908.15,1310.00,12118531,N/A,2025-08-11 19:06:36
3798,9.889525,7.892739,6967.631836,5.00e-05,8907.03,1338.50,12121208,N/A,2025-08-11 19:06:36
3799,13.929753,7.892739,6967.631836,5.00e-05,9232.22,1783.50,12124775,N/A,2025-08-11 19:06:37
3800,13.778245,7.892739,6967.631836,5.00e-05,8835.31,1342.50,12127460,1.0000,2025-08-11 19:06:37
3801,8.431297,7.892739,6967.631836,5.00e-05,6968.87,1121.00,12129702,N/A,2025-08-11 19:06:38
3802,18.673815,7.892739,6967.631836,5.00e-05,6883.88,1895.00,12133492,N/A,2025-08-11 19:06:39
3803,10.472518,7.892739,6967.631836,5.00e-05,6827.05,1068.50,12135629,N/A,2025-08-11 19:06:39
3804,14.010685,7.892739,6967.631836,5.00e-05,6757.40,1699.00,12139027,N/A,2025-08-11 19:06:40
3805,15.929446,7.892739,6967.631836,5.00e-05,6645.54,1686.00,12142399,N/A,2025-08-11 19:06:40
3806,11.288743,7.892739,6967.631836,5.00e-05,6608.75,1349.50,12145098,N/A,2025-08-11 19:06:40
3807,15.523980,7.892739,6967.631836,5.00e-05,6866.31,1878.50,12148855,N/A,2025-08-11 19:06:41
3808,18.018116,7.892739,6967.631836,5.00e-05,7124.60,1914.00,12152683,N/A,2025-08-11 19:06:41
3809,11.885131,7.892739,6967.631836,5.00e-05,7145.80,1554.00,12155791,N/A,2025-08-11 19:06:42
3810,13.465293,7.892739,6967.631836,5.00e-05,8831.64,1566.50,12158924,1.0000,2025-08-11 19:06:42
3811,17.980665,7.892739,6967.631836,5.00e-05,9291.93,1949.50,12162823,N/A,2025-08-11 19:06:42
3812,15.949164,7.892739,6967.631836,5.00e-05,9260.19,1900.50,12166624,N/A,2025-08-11 19:06:43
3813,13.669088,7.892739,6967.631836,5.00e-05,9358.27,1521.00,12169666,N/A,2025-08-11 19:06:43
3814,8.975665,7.892739,6967.631836,5.00e-05,9022.29,1066.50,12171799,N/A,2025-08-11 19:06:44
3815,11.310556,7.892739,6967.631836,5.00e-05,8925.42,1443.00,12174685,N/A,2025-08-11 19:06:44
3816,11.033284,7.892739,6967.631836,5.00e-05,8955.70,1420.00,12177525,N/A,2025-08-11 19:06:44
3817,13.620470,7.892739,6967.631836,5.00e-05,8760.70,1525.50,12180576,N/A,2025-08-11 19:06:45
3818,15.399509,7.892739,6967.631836,5.00e-05,8748.06,1885.00,12184346,N/A,2025-08-11 19:06:45
3819,15.101551,7.892739,6967.631836,5.00e-05,8984.08,1734.00,12187814,N/A,2025-08-11 19:06:46
3820,14.319665,7.892739,6967.631836,5.00e-05,8876.39,1729.50,12191273,1.0000,2025-08-11 19:06:46
3821,9.780363,7.892739,6967.631836,5.00e-05,8430.11,1060.00,12193393,N/A,2025-08-11 19:06:46
3822,15.354534,7.892739,6967.631836,5.00e-05,8576.06,1904.50,12197202,N/A,2025-08-11 19:06:47
3823,18.720459,7.892739,6967.631836,5.00e-05,8900.52,2048.00,12201298,N/A,2025-08-11 19:06:47
3824,14.386672,7.892739,6967.631836,5.00e-05,9055.68,1558.00,12204414,N/A,2025-08-11 19:06:48
3825,13.144353,7.892739,6967.631836,5.00e-05,9144.17,1685.00,12207784,N/A,2025-08-11 19:06:48
3826,11.458579,7.892739,6967.631836,5.00e-05,9032.41,1298.00,12210380,N/A,2025-08-11 19:06:48
3827,17.065126,7.892739,6967.631836,5.00e-05,9238.37,1905.00,12214190,N/A,2025-08-11 19:06:49
3828,15.104993,7.892739,6967.631836,5.00e-05,9142.04,1704.00,12217598,N/A,2025-08-11 19:06:49
3829,13.459662,7.892739,6967.631836,5.00e-05,9116.29,1174.00,12219946,N/A,2025-08-11 19:06:50
3830,15.424567,7.892739,6967.631836,5.00e-05,8984.79,1851.50,12223649,1.0000,2025-08-11 19:06:50
3831,17.594082,7.892739,6967.631836,5.00e-05,9392.09,1813.50,12227276,N/A,2025-08-11 19:06:50
3832,18.697206,7.892739,6967.631836,5.00e-05,9258.62,1732.50,12230741,N/A,2025-08-11 19:06:51
3833,15.526440,7.892739,6967.631836,5.00e-05,9270.22,1876.50,12234494,N/A,2025-08-11 19:06:51
3834,10.305114,7.892739,6967.631836,5.00e-05,9037.95,1111.50,12236717,N/A,2025-08-11 19:06:52
3835,19.816771,7.892739,6967.631836,5.00e-05,9306.31,2048.00,12240813,N/A,2025-08-11 19:06:52
3836,11.770923,7.892739,6967.631836,5.00e-05,9380.37,1432.00,12243677,N/A,2025-08-11 19:06:52
3837,18.792896,7.892739,6967.631836,5.00e-05,9399.19,1977.50,12247632,N/A,2025-08-11 19:06:53
3838,10.089783,7.892739,6967.631836,5.00e-05,9107.52,1147.50,12249927,N/A,2025-08-11 19:06:53
3839,13.816184,7.892739,6967.631836,5.00e-05,9535.52,1655.00,12253237,N/A,2025-08-11 19:06:54
3840,7.831895,7.892739,6967.631836,5.00e-05,8920.88,1070.00,12255377,1.0000,2025-08-11 19:06:54
3841,16.831902,7.892739,6967.631836,5.00e-05,8882.63,1669.50,12258716,N/A,2025-08-11 19:06:54
3842,12.294247,7.892739,6967.631836,5.00e-05,8695.18,1385.00,12261486,N/A,2025-08-11 19:06:55
3843,10.600663,7.892739,6967.631836,5.00e-05,8417.20,1331.00,12264148,N/A,2025-08-11 19:06:55
3844,11.645023,7.892739,6967.631836,5.00e-05,8578.80,1456.00,12267060,N/A,2025-08-11 19:06:56
3845,13.304022,7.892739,6967.631836,5.00e-05,8371.60,1654.50,12270369,N/A,2025-08-11 19:06:56
3846,14.865851,7.892739,6967.631836,5.00e-05,8558.78,1707.00,12273783,N/A,2025-08-11 19:06:56
3847,17.240511,7.892739,6967.631836,5.00e-05,8598.24,1999.50,12277782,N/A,2025-08-11 19:06:57
3848,11.274661,7.892739,6967.631836,5.00e-05,8711.35,1227.50,12280237,N/A,2025-08-11 19:06:57
3849,10.885207,7.892739,6967.631836,5.00e-05,8697.60,1334.50,12282906,N/A,2025-08-11 19:06:57
3850,12.858444,7.892739,6967.631836,5.00e-05,8793.95,1622.50,12286151,1.0000,2025-08-11 19:06:58
3851,12.511015,7.892739,6967.631836,5.00e-05,8607.18,1444.50,12289040,N/A,2025-08-11 19:06:58
3852,13.671335,7.892739,6967.631836,5.00e-05,8545.72,1271.00,12291582,N/A,2025-08-11 19:06:59
3853,16.486425,7.892739,6967.631836,5.00e-05,8788.11,1866.50,12295315,N/A,2025-08-11 19:06:59
3854,17.037683,7.892739,6967.631836,5.00e-05,9085.79,2042.00,12299399,N/A,2025-08-11 19:06:59
3855,11.560449,7.892739,6967.631836,5.00e-05,9086.24,1682.00,12302763,N/A,2025-08-11 19:07:00
3856,10.561769,7.892739,6967.631836,5.00e-05,8904.97,1364.00,12305491,N/A,2025-08-11 19:07:00
3857,9.556692,7.892739,6967.631836,5.00e-05,8437.72,1223.50,12307938,N/A,2025-08-11 19:07:01
3858,13.686920,7.892739,6967.631836,5.00e-05,8726.59,1758.50,12311455,N/A,2025-08-11 19:07:01
3859,14.755056,7.892739,6967.631836,5.00e-05,9094.50,1817.50,12315090,N/A,2025-08-11 19:07:01
3860,12.042797,7.892739,6967.631836,5.00e-05,8851.39,1511.50,12318113,1.0000,2025-08-11 19:07:02
3861,14.254207,7.892739,6967.631836,5.00e-05,8980.09,1661.00,12321435,N/A,2025-08-11 19:07:02
3862,11.839581,7.892739,6967.631836,5.00e-05,9050.50,1393.50,12324222,N/A,2025-08-11 19:07:03
3863,12.503760,7.892739,6967.631836,5.00e-05,8753.06,1403.00,12327028,N/A,2025-08-11 19:07:03
3864,16.046604,7.892739,6967.631836,5.00e-05,8688.53,1909.00,12330846,N/A,2025-08-11 19:07:03
3865,10.194420,7.892739,6967.631836,5.00e-05,8367.45,1132.00,12333110,N/A,2025-08-11 19:07:04
3866,14.866091,7.892739,6967.631836,5.00e-05,8678.41,1886.50,12336883,N/A,2025-08-11 19:07:04
3867,14.004273,7.892739,6967.631836,5.00e-05,8720.25,1337.50,12339558,N/A,2025-08-11 19:07:05
3868,12.492247,7.892739,6967.631836,5.00e-05,8659.75,1429.00,12342416,N/A,2025-08-11 19:07:05
3869,15.790343,7.892739,6967.631836,5.00e-05,8797.12,1799.50,12346015,N/A,2025-08-11 19:07:05
3870,11.909928,7.892739,6967.631836,5.00e-05,8459.82,1219.50,12348454,1.0000,2025-08-11 19:07:06
3871,18.757700,7.892739,6967.631836,5.00e-05,8729.90,1989.00,12352432,N/A,2025-08-11 19:07:06
3872,17.933657,7.892739,6967.631836,5.00e-05,9067.44,1922.50,12356277,N/A,2025-08-11 19:07:07
3873,14.591700,7.892739,6967.631836,5.00e-05,9133.12,1524.50,12359326,N/A,2025-08-11 19:07:07
3874,15.971066,7.892739,6967.631836,5.00e-05,9149.47,1920.00,12363166,N/A,2025-08-11 19:07:07
3875,10.062751,7.892739,6967.631836,5.00e-05,9063.61,1143.00,12365452,N/A,2025-08-11 19:07:08
3876,14.926725,7.892739,6967.631836,5.00e-05,9056.33,1869.50,12369191,N/A,2025-08-11 19:07:08
3877,11.369304,7.892739,6967.631836,5.00e-05,8883.17,1140.00,12371471,N/A,2025-08-11 19:07:09
3878,11.169060,7.892739,6967.631836,5.00e-05,8949.57,1360.00,12374191,N/A,2025-08-11 19:07:09
3879,8.963405,7.892739,6967.631836,5.00e-05,8891.96,1398.00,12376987,N/A,2025-08-11 19:07:09
3880,15.270411,7.892739,6967.631836,5.00e-05,9090.43,1901.50,12380790,1.0000,2025-08-11 19:07:10
3881,9.909125,7.892739,6967.631836,5.00e-05,8715.88,1280.50,12383351,N/A,2025-08-11 19:07:10
3882,14.999106,7.892739,6967.631836,5.00e-05,8609.26,1736.00,12386823,N/A,2025-08-11 19:07:11
3883,16.779039,7.892739,6967.631836,5.00e-05,8867.07,1989.50,12390802,N/A,2025-08-11 19:07:11
3884,16.948116,7.892739,6967.631836,5.00e-05,8931.66,1874.00,12394550,N/A,2025-08-11 19:07:11
3885,15.019160,7.892739,6967.631836,5.00e-05,9357.09,1846.50,12398243,N/A,2025-08-11 19:07:12
3886,16.206360,7.892739,6967.631836,5.00e-05,9381.51,1852.50,12401948,N/A,2025-08-11 19:07:12
3887,14.974760,7.892739,6967.631836,5.00e-05,9769.41,1845.00,12405638,N/A,2025-08-11 19:07:12
3888,14.370372,7.892739,6967.631836,5.00e-05,9934.64,1757.00,12409152,N/A,2025-08-11 19:07:13
3889,14.094012,7.892739,6967.631836,5.00e-05,10188.72,1509.00,12412170,N/A,2025-08-11 19:07:13
3890,17.443323,7.892739,6967.631836,5.00e-05,9919.54,1763.50,12415697,1.0000,2025-08-11 19:07:14
3891,16.165405,7.892739,6967.631836,5.00e-05,10256.91,1875.50,12419448,N/A,2025-08-11 19:07:14
3892,11.664594,7.892739,6967.631836,5.00e-05,10095.45,1485.50,12422419,N/A,2025-08-11 19:07:14
3893,16.627007,7.892739,6967.631836,5.00e-05,9940.12,1708.00,12425835,N/A,2025-08-11 19:07:15
3894,10.893908,7.892739,6967.631836,5.00e-05,9456.61,1149.00,12428133,N/A,2025-08-11 19:07:15
3895,15.774241,7.892739,6967.631836,5.00e-05,9353.19,1764.50,12431662,N/A,2025-08-11 19:07:16
3896,14.410621,7.892739,6967.631836,5.00e-05,9175.29,1526.00,12434714,N/A,2025-08-11 19:07:16
3897,15.544075,7.892739,6967.631836,5.00e-05,9245.93,1861.00,12438436,N/A,2025-08-11 19:07:16
3898,16.336584,7.892739,6967.631836,5.00e-05,9425.56,2048.00,12442532,N/A,2025-08-11 19:07:17
3899,12.380466,7.892739,6967.631836,5.00e-05,9572.27,1519.50,12445571,N/A,2025-08-11 19:07:17
3900,9.493163,7.892739,6967.631836,5.00e-05,9058.44,1173.50,12447918,1.0000,2025-08-11 19:07:18
3901,18.399723,7.892739,6967.631836,5.00e-05,7492.50,1976.50,12451871,N/A,2025-08-11 19:07:19
3902,11.115819,7.892739,6967.631836,5.00e-05,7450.41,1403.50,12454678,N/A,2025-08-11 19:07:19
3903,18.033072,7.892739,6967.631836,5.00e-05,7631.02,1999.00,12458676,N/A,2025-08-11 19:07:20
3904,10.742002,7.892739,6967.631836,5.00e-05,7688.03,1144.00,12460964,N/A,2025-08-11 19:07:20
3905,13.477538,7.892739,6967.631836,5.00e-05,7449.44,1263.50,12463491,N/A,2025-08-11 19:07:20
3906,10.340805,7.892739,6967.631836,5.00e-05,7318.22,1306.50,12466104,N/A,2025-08-11 19:07:21
3907,15.363796,7.892739,6967.631836,5.00e-05,7294.82,1814.50,12469733,N/A,2025-08-11 19:07:21
3908,11.173569,7.892739,6967.631836,5.00e-05,6931.96,1228.50,12472190,N/A,2025-08-11 19:07:21
3909,11.293344,7.892739,6967.631836,5.00e-05,7048.56,1538.50,12475267,N/A,2025-08-11 19:07:22
3910,9.796239,7.892739,6967.631836,5.00e-05,8417.77,1066.50,12477400,1.0000,2025-08-11 19:07:22
3911,11.272757,7.892739,6967.631836,5.00e-05,8026.58,1324.50,12480049,N/A,2025-08-11 19:07:23
3912,14.149547,7.892739,6967.631836,5.00e-05,8113.15,1665.50,12483380,N/A,2025-08-11 19:07:23
3913,10.807601,7.892739,6967.631836,5.00e-05,7765.11,1387.50,12486155,N/A,2025-08-11 19:07:23
3914,11.612376,7.892739,6967.631836,5.00e-05,7822.02,1324.00,12488803,N/A,2025-08-11 19:07:24
3915,19.043247,7.892739,6967.631836,5.00e-05,8235.64,1995.00,12492793,N/A,2025-08-11 19:07:24
3916,14.941103,7.892739,6967.631836,5.00e-05,8403.62,1708.00,12496209,N/A,2025-08-11 19:07:25
3917,12.562740,7.892739,6967.631836,5.00e-05,8237.93,1610.50,12499430,N/A,2025-08-11 19:07:25
3918,13.678691,7.892739,6967.631836,5.00e-05,8368.15,1498.00,12502426,N/A,2025-08-11 19:07:25
3919,13.057685,7.892739,6967.631836,5.00e-05,8565.17,1616.50,12505659,N/A,2025-08-11 19:07:26
3920,16.835062,7.892739,6967.631836,5.00e-05,8715.02,1689.50,12509038,1.0000,2025-08-11 19:07:26
3921,10.870633,7.892739,6967.631836,5.00e-05,8745.68,1253.00,12511544,N/A,2025-08-11 19:07:27
3922,15.925345,7.892739,6967.631836,5.00e-05,8882.67,1884.50,12515313,N/A,2025-08-11 19:07:27
3923,14.327950,7.892739,6967.631836,5.00e-05,9091.07,1711.50,12518736,N/A,2025-08-11 19:07:27
3924,14.293720,7.892739,6967.631836,5.00e-05,9230.76,1583.00,12521902,N/A,2025-08-11 19:07:28
3925,18.147821,7.892739,6967.631836,5.00e-05,9120.67,1739.00,12525380,N/A,2025-08-11 19:07:28
3926,14.789042,7.892739,6967.631836,5.00e-05,9170.08,1692.00,12528764,N/A,2025-08-11 19:07:29
3927,15.520652,7.892739,6967.631836,5.00e-05,9408.89,1982.00,12532728,N/A,2025-08-11 19:07:29
3928,10.184809,7.892739,6967.631836,5.00e-05,9227.06,1232.00,12535192,N/A,2025-08-11 19:07:29
3929,15.263032,7.892739,6967.631836,5.00e-05,9661.22,1956.00,12539104,N/A,2025-08-11 19:07:30
3930,14.456277,7.892739,6967.631836,5.00e-05,9393.48,1555.50,12542215,1.0000,2025-08-11 19:07:30
3931,10.826942,7.892739,6967.631836,5.00e-05,9438.15,1418.50,12545052,N/A,2025-08-11 19:07:31
3932,11.641298,7.892739,6967.631836,5.00e-05,9239.02,1511.00,12548074,N/A,2025-08-11 19:07:31
3933,9.649442,7.892739,6967.631836,5.00e-05,8970.21,1312.50,12550699,N/A,2025-08-11 19:07:31
3934,11.480113,7.892739,6967.631836,5.00e-05,8752.47,1145.00,12552989,N/A,2025-08-11 19:07:32
3935,12.518795,7.892739,6967.631836,5.00e-05,8546.20,1371.50,12555732,N/A,2025-08-11 19:07:32
3936,11.853558,7.892739,6967.631836,5.00e-05,8219.16,1131.00,12557994,N/A,2025-08-11 19:07:33
3937,12.016991,7.892739,6967.631836,5.00e-05,7890.79,1487.00,12560968,N/A,2025-08-11 19:07:33
3938,19.583689,7.892739,6967.631836,5.00e-05,8256.13,2017.00,12565002,N/A,2025-08-11 19:07:33
3939,11.076954,7.892739,6967.631836,5.00e-05,8056.39,1322.00,12567646,N/A,2025-08-11 19:07:34
3940,8.510889,7.892739,6967.631836,5.00e-05,7715.01,1184.00,12570014,1.0000,2025-08-11 19:07:34
3941,18.778177,7.892739,6967.631836,5.00e-05,8063.74,2031.50,12574077,N/A,2025-08-11 19:07:35
3942,17.661821,7.892739,6967.631836,5.00e-05,8248.72,1710.00,12577497,N/A,2025-08-11 19:07:35
3943,16.400042,7.892739,6967.631836,5.00e-05,8435.14,1665.00,12580827,N/A,2025-08-11 19:07:35
3944,17.045458,7.892739,6967.631836,5.00e-05,8725.02,1849.00,12584525,N/A,2025-08-11 19:07:36
3945,16.472784,7.892739,6967.631836,5.00e-05,8691.39,1294.00,12587113,N/A,2025-08-11 19:07:36
3946,9.608441,7.892739,6967.631836,5.00e-05,8718.46,1083.50,12589280,N/A,2025-08-11 19:07:37
3947,14.111055,7.892739,6967.631836,5.00e-05,9000.91,1910.50,12593101,N/A,2025-08-11 19:07:37
3948,18.357954,7.892739,6967.631836,5.00e-05,8993.32,1995.50,12597092,N/A,2025-08-11 19:07:37
3949,13.767118,7.892739,6967.631836,5.00e-05,9482.10,1906.00,12600904,N/A,2025-08-11 19:07:38
3950,13.012334,7.892739,6967.631836,5.00e-05,9274.50,1371.00,12603646,1.0000,2025-08-11 19:07:38
3951,18.604513,7.892739,6967.631836,5.00e-05,9236.28,2002.50,12607651,N/A,2025-08-11 19:07:39
3952,17.720781,7.892739,6967.631836,5.00e-05,9322.01,1941.50,12611534,N/A,2025-08-11 19:07:39
3953,15.348009,7.892739,6967.631836,5.00e-05,9628.16,2037.00,12615608,N/A,2025-08-11 19:07:39
3954,13.180079,7.892739,6967.631836,5.00e-05,9449.84,1529.50,12618667,N/A,2025-08-11 19:07:40
3955,12.297735,7.892739,6967.631836,5.00e-05,9490.58,1398.00,12621463,N/A,2025-08-11 19:07:40
3956,14.333870,7.892739,6967.631836,5.00e-05,9890.94,1800.50,12625064,N/A,2025-08-11 19:07:41
3957,17.381714,7.892739,6967.631836,5.00e-05,9613.06,1645.50,12628355,N/A,2025-08-11 19:07:41
3958,12.150694,7.892739,6967.631836,5.00e-05,9292.55,1372.00,12631099,N/A,2025-08-11 19:07:41
3959,11.610014,7.892739,6967.631836,5.00e-05,9194.17,1222.50,12633544,N/A,2025-08-11 19:07:42
3960,14.197202,7.892739,6967.631836,5.00e-05,9167.54,1574.00,12636692,1.0000,2025-08-11 19:07:42
3961,12.095465,7.892739,6967.631836,5.00e-05,9064.06,1729.00,12640150,N/A,2025-08-11 19:07:43
3962,14.777470,7.892739,6967.631836,5.00e-05,8999.88,1935.50,12644021,N/A,2025-08-11 19:07:43
3963,12.979828,7.892739,6967.631836,5.00e-05,8644.59,1414.00,12646849,N/A,2025-08-11 19:07:43
3964,12.883169,7.892739,6967.631836,5.00e-05,8673.91,1492.50,12649834,N/A,2025-08-11 19:07:44
3965,12.310849,7.892739,6967.631836,5.00e-05,8784.09,1548.00,12652930,N/A,2025-08-11 19:07:44
3966,17.271967,7.892739,6967.631836,5.00e-05,8900.14,1806.50,12656543,N/A,2025-08-11 19:07:45
3967,15.669155,7.892739,6967.631836,5.00e-05,9034.13,1853.00,12660249,N/A,2025-08-11 19:07:45
3968,12.826285,7.892739,6967.631836,5.00e-05,9039.86,1318.00,12662885,N/A,2025-08-11 19:07:45
3969,9.854918,7.892739,6967.631836,5.00e-05,9229.36,1293.00,12665471,N/A,2025-08-11 19:07:46
3970,14.543998,7.892739,6967.631836,5.00e-05,9036.38,1624.00,12668719,1.0000,2025-08-11 19:07:46
3971,11.409966,7.892739,6967.631836,5.00e-05,8921.26,1383.00,12671485,N/A,2025-08-11 19:07:47
3972,11.378530,7.892739,6967.631836,5.00e-05,8532.04,1216.00,12673917,N/A,2025-08-11 19:07:47
3973,16.302088,7.892739,6967.631836,5.00e-05,8708.76,1707.50,12677332,N/A,2025-08-11 19:07:47
3974,19.073849,7.892739,6967.631836,5.00e-05,9000.09,2025.00,12681382,N/A,2025-08-11 19:07:48
3975,12.466922,7.892739,6967.631836,5.00e-05,8824.63,1394.50,12684171,N/A,2025-08-11 19:07:48
3976,13.934678,7.892739,6967.631836,5.00e-05,8791.80,1754.50,12687680,N/A,2025-08-11 19:07:48
3977,10.383909,7.892739,6967.631836,5.00e-05,8480.25,1321.50,12690323,N/A,2025-08-11 19:07:49
3978,17.981266,7.892739,6967.631836,5.00e-05,8898.54,1999.50,12694322,N/A,2025-08-11 19:07:49
3979,15.119616,7.892739,6967.631836,5.00e-05,9201.25,1425.00,12697172,N/A,2025-08-11 19:07:50
3980,19.655756,7.892739,6967.631836,5.00e-05,9212.35,1930.00,12701032,1.0000,2025-08-11 19:07:50
3981,14.032009,7.892739,6967.631836,5.00e-05,9197.46,1461.00,12703954,N/A,2025-08-11 19:07:50
3982,15.374356,7.892739,6967.631836,5.00e-05,9452.68,1740.00,12707434,N/A,2025-08-11 19:07:51
3983,15.842553,7.892739,6967.631836,5.00e-05,9538.60,1905.50,12711245,N/A,2025-08-11 19:07:51
3984,13.019794,7.892739,6967.631836,5.00e-05,9438.95,1682.50,12714610,N/A,2025-08-11 19:07:52
3985,11.482243,7.892739,6967.631836,5.00e-05,9260.25,1191.50,12716993,N/A,2025-08-11 19:07:52
3986,15.530095,7.892739,6967.631836,5.00e-05,9206.91,1680.50,12720354,N/A,2025-08-11 19:07:52
3987,16.190289,7.892739,6967.631836,5.00e-05,9398.94,1775.00,12723904,N/A,2025-08-11 19:07:53
3988,12.979226,7.892739,6967.631836,5.00e-05,9007.72,1340.00,12726584,N/A,2025-08-11 19:07:53
3989,9.679540,7.892739,6967.631836,5.00e-05,9015.42,1181.00,12728946,N/A,2025-08-11 19:07:54
3990,13.163836,7.892739,6967.631836,5.00e-05,8498.49,1219.50,12731385,1.0000,2025-08-11 19:07:54
3991,17.640409,7.892739,6967.631836,5.00e-05,8788.58,2039.50,12735464,N/A,2025-08-11 19:07:54
3992,9.143740,7.892739,6967.631836,5.00e-05,8440.58,1040.50,12737545,N/A,2025-08-11 19:07:55
3993,14.517761,7.892739,6967.631836,5.00e-05,8535.09,2048.00,12741641,N/A,2025-08-11 19:07:55
3994,17.266832,7.892739,6967.631836,5.00e-05,8506.11,1751.00,12745143,N/A,2025-08-11 19:07:56
3995,10.529190,7.892739,6967.631836,5.00e-05,8517.32,1227.50,12747598,N/A,2025-08-11 19:07:56
3996,16.177204,7.892739,6967.631836,5.00e-05,8643.68,1809.00,12751216,N/A,2025-08-11 19:07:56
3997,13.732056,7.892739,6967.631836,5.00e-05,8610.95,1659.00,12754534,N/A,2025-08-11 19:07:57
3998,13.871246,7.892739,6967.631836,5.00e-05,8797.47,1661.50,12757857,N/A,2025-08-11 19:07:57
3999,9.601224,7.892739,6967.631836,5.00e-05,8893.14,1129.00,12760115,N/A,2025-08-11 19:07:58
4000,17.114065,8.757622,26701.382812,5.00e-05,1748.99,2044.50,12764204,N/A,2025-08-11 19:08:13
4001,14.602773,8.757622,26701.382812,5.00e-05,1627.12,1595.50,12767395,N/A,2025-08-11 19:08:14
4002,13.821579,8.757622,26701.382812,5.00e-05,1691.37,1682.00,12770759,N/A,2025-08-11 19:08:15
4003,13.962417,8.757622,26701.382812,5.00e-05,1637.26,1472.00,12773703,N/A,2025-08-11 19:08:15
4004,15.802079,8.757622,26701.382812,5.00e-05,1638.20,1750.50,12777204,N/A,2025-08-11 19:08:16
4005,12.389351,8.757622,26701.382812,5.00e-05,1665.64,1544.50,12780293,N/A,2025-08-11 19:08:16
4006,16.693113,8.757622,26701.382812,5.00e-05,1680.45,1955.00,12784203,N/A,2025-08-11 19:08:16
4007,14.066429,8.757622,26701.382812,5.00e-05,1682.51,1698.50,12787600,N/A,2025-08-11 19:08:17
4008,11.223099,8.757622,26701.382812,5.00e-05,1622.56,1071.50,12789743,N/A,2025-08-11 19:08:17
4009,12.272478,8.757622,26701.382812,5.00e-05,7494.71,1671.00,12793085,N/A,2025-08-11 19:08:18
4010,14.871160,8.757622,26701.382812,5.00e-05,8786.53,1532.00,12796149,1.0000,2025-08-11 19:08:18
4011,13.004909,8.757622,26701.382812,5.00e-05,8661.81,1311.00,12798771,N/A,2025-08-11 19:08:18
4012,16.915245,8.757622,26701.382812,5.00e-05,8794.98,1933.00,12802637,N/A,2025-08-11 19:08:19
4013,10.497072,8.757622,26701.382812,5.00e-05,8685.14,1314.50,12805266,N/A,2025-08-11 19:08:19
4014,11.792938,8.757622,26701.382812,5.00e-05,8666.07,1499.50,12808265,N/A,2025-08-11 19:08:20
4015,14.753825,8.757622,26701.382812,5.00e-05,8735.44,1685.50,12811636,N/A,2025-08-11 19:08:20
4016,15.258358,8.757622,26701.382812,5.00e-05,8635.24,1709.50,12815055,N/A,2025-08-11 19:08:20
4017,10.199210,8.757622,26701.382812,5.00e-05,8509.32,1405.50,12817866,N/A,2025-08-11 19:08:21
4018,16.100565,8.757622,26701.382812,5.00e-05,9060.18,1903.50,12821673,N/A,2025-08-11 19:08:21
4019,13.827638,8.757622,26701.382812,5.00e-05,9293.27,1643.00,12824959,N/A,2025-08-11 19:08:21
4020,11.674529,8.757622,26701.382812,5.00e-05,9014.43,1337.00,12827633,1.0000,2025-08-11 19:08:22
4021,10.080465,8.757622,26701.382812,5.00e-05,9003.47,1442.50,12830518,N/A,2025-08-11 19:08:22
4022,12.932547,8.757622,26701.382812,5.00e-05,8770.58,1546.00,12833610,N/A,2025-08-11 19:08:23
4023,11.463307,8.757622,26701.382812,5.00e-05,8681.59,1205.50,12836021,N/A,2025-08-11 19:08:23
4024,18.098518,8.757622,26701.382812,5.00e-05,8930.60,1981.00,12839983,N/A,2025-08-11 19:08:24
4025,12.881464,8.757622,26701.382812,5.00e-05,8723.88,1395.50,12842774,N/A,2025-08-11 19:08:24
4026,10.112583,8.757622,26701.382812,5.00e-05,8322.13,1068.50,12844911,N/A,2025-08-11 19:08:24
4027,10.974154,8.757622,26701.382812,5.00e-05,8165.11,1198.00,12847307,N/A,2025-08-11 19:08:25
4028,13.801198,8.757622,26701.382812,5.00e-05,8062.04,1796.00,12850899,N/A,2025-08-11 19:08:25
4029,12.309318,8.757622,26701.382812,5.00e-05,8099.38,1498.50,12853896,N/A,2025-08-11 19:08:26
4030,10.428393,8.757622,26701.382812,5.00e-05,7876.64,1211.00,12856318,1.0000,2025-08-11 19:08:26
4031,13.474061,8.757622,26701.382812,5.00e-05,8040.83,1692.00,12859702,N/A,2025-08-11 19:08:26
4032,13.299657,8.757622,26701.382812,5.00e-05,8158.56,1723.00,12863148,N/A,2025-08-11 19:08:27
4033,11.172313,8.757622,26701.382812,5.00e-05,8138.31,1274.50,12865697,N/A,2025-08-11 19:08:27
4034,16.525997,8.757622,26701.382812,5.00e-05,8055.54,1729.50,12869156,N/A,2025-08-11 19:08:28
4035,15.423882,8.757622,26701.382812,5.00e-05,8053.33,1459.00,12872074,N/A,2025-08-11 19:08:28
4036,12.971540,8.757622,26701.382812,5.00e-05,8303.08,1453.50,12874981,N/A,2025-08-11 19:08:28
4037,11.146725,8.757622,26701.382812,5.00e-05,8343.18,1298.50,12877578,N/A,2025-08-11 19:08:29
4038,10.620559,8.757622,26701.382812,5.00e-05,8121.65,1352.50,12880283,N/A,2025-08-11 19:08:29
4039,10.957772,8.757622,26701.382812,5.00e-05,8358.47,1497.50,12883278,N/A,2025-08-11 19:08:30
4040,14.681533,8.757622,26701.382812,5.00e-05,8464.96,1650.00,12886578,1.0000,2025-08-11 19:08:30
4041,10.385143,8.757622,26701.382812,5.00e-05,8212.17,1302.50,12889183,N/A,2025-08-11 19:08:30
4042,13.111546,8.757622,26701.382812,5.00e-05,8235.37,1615.00,12892413,N/A,2025-08-11 19:08:31
4043,8.767181,8.757622,26701.382812,5.00e-05,8201.63,1222.00,12894857,N/A,2025-08-11 19:08:31
4044,16.172077,8.757622,26701.382812,5.00e-05,8300.77,1856.50,12898570,N/A,2025-08-11 19:08:32
4045,13.623223,8.757622,26701.382812,5.00e-05,8444.03,1722.00,12902014,N/A,2025-08-11 19:08:32
4046,18.307234,8.757622,26701.382812,5.00e-05,8556.04,1630.00,12905274,N/A,2025-08-11 19:08:32
4047,10.920877,8.757622,26701.382812,5.00e-05,8485.58,1286.50,12907847,N/A,2025-08-11 19:08:33
4048,17.493771,8.757622,26701.382812,5.00e-05,8712.88,1902.50,12911652,N/A,2025-08-11 19:08:33
4049,10.709241,8.757622,26701.382812,5.00e-05,8671.76,1266.00,12914184,N/A,2025-08-11 19:08:34
4050,16.371197,8.757622,26701.382812,5.00e-05,8602.81,1724.50,12917633,1.0000,2025-08-11 19:08:34
4051,15.358860,8.757622,26701.382812,5.00e-05,8828.62,1732.00,12921097,N/A,2025-08-11 19:08:34
4052,8.586205,8.757622,26701.382812,5.00e-05,8530.56,1107.00,12923311,N/A,2025-08-11 19:08:35
4053,14.239333,8.757622,26701.382812,5.00e-05,8713.71,1439.00,12926189,N/A,2025-08-11 19:08:35
4054,13.265191,8.757622,26701.382812,5.00e-05,8701.22,1827.00,12929843,N/A,2025-08-11 19:08:35
4055,12.287889,8.757622,26701.382812,5.00e-05,8548.37,1360.50,12932564,N/A,2025-08-11 19:08:36
4056,18.049850,8.757622,26701.382812,5.00e-05,8692.08,1786.50,12936137,N/A,2025-08-11 19:08:36
4057,17.430880,8.757622,26701.382812,5.00e-05,8964.90,1718.00,12939573,N/A,2025-08-11 19:08:37
4058,17.358883,8.757622,26701.382812,5.00e-05,9119.19,2048.00,12943669,N/A,2025-08-11 19:08:37
4059,13.068091,8.757622,26701.382812,5.00e-05,9480.73,1736.50,12947142,N/A,2025-08-11 19:08:37
4060,13.631690,8.757622,26701.382812,5.00e-05,9153.95,1565.50,12950273,1.0000,2025-08-11 19:08:38
4061,15.221531,8.757622,26701.382812,5.00e-05,9162.11,1765.00,12953803,N/A,2025-08-11 19:08:38
4062,11.014207,8.757622,26701.382812,5.00e-05,9246.69,1261.50,12956326,N/A,2025-08-11 19:08:39
4063,15.881148,8.757622,26701.382812,5.00e-05,9408.08,1700.50,12959727,N/A,2025-08-11 19:08:39
4064,14.988052,8.757622,26701.382812,5.00e-05,9236.15,1602.50,12962932,N/A,2025-08-11 19:08:39
4065,13.659088,8.757622,26701.382812,5.00e-05,9208.45,1509.00,12965950,N/A,2025-08-11 19:08:40
4066,9.533471,8.757622,26701.382812,5.00e-05,9055.23,1428.50,12968807,N/A,2025-08-11 19:08:40
4067,18.042665,8.757622,26701.382812,5.00e-05,9170.50,2023.50,12972854,N/A,2025-08-11 19:08:41
4068,10.879555,8.757622,26701.382812,5.00e-05,8888.85,1416.00,12975686,N/A,2025-08-11 19:08:41
4069,13.491990,8.757622,26701.382812,5.00e-05,9029.78,1590.00,12978866,N/A,2025-08-11 19:08:41
4070,11.943995,8.757622,26701.382812,5.00e-05,8760.74,1341.50,12981549,1.0000,2025-08-11 19:08:42
4071,12.821718,8.757622,26701.382812,5.00e-05,8669.88,1738.00,12985025,N/A,2025-08-11 19:08:42
4072,14.037141,8.757622,26701.382812,5.00e-05,8811.63,1578.50,12988182,N/A,2025-08-11 19:08:43
4073,11.055543,8.757622,26701.382812,5.00e-05,8517.36,1174.00,12990530,N/A,2025-08-11 19:08:43
4074,14.304312,8.757622,26701.382812,5.00e-05,8612.74,1608.00,12993746,N/A,2025-08-11 19:08:43
4075,14.616777,8.757622,26701.382812,5.00e-05,8639.61,1644.50,12997035,N/A,2025-08-11 19:08:44
4076,20.731031,8.757622,26701.382812,5.00e-05,8869.65,1783.50,13000602,N/A,2025-08-11 19:08:44
4077,8.748904,8.757622,26701.382812,5.00e-05,8424.91,1206.50,13003015,N/A,2025-08-11 19:08:45
4078,11.008129,8.757622,26701.382812,5.00e-05,8381.01,1412.00,13005839,N/A,2025-08-11 19:08:45
4079,14.181861,8.757622,26701.382812,5.00e-05,8595.09,1666.00,13009171,N/A,2025-08-11 19:08:45
4080,9.948508,8.757622,26701.382812,5.00e-05,8390.53,1138.50,13011448,1.0000,2025-08-11 19:08:46
4081,14.032882,8.757622,26701.382812,5.00e-05,8584.91,2048.00,13015544,N/A,2025-08-11 19:08:46
4082,11.982106,8.757622,26701.382812,5.00e-05,8410.07,1287.50,13018119,N/A,2025-08-11 19:08:47
4083,13.818464,8.757622,26701.382812,5.00e-05,8732.00,1715.00,13021549,N/A,2025-08-11 19:08:47
4084,15.481837,8.757622,26701.382812,5.00e-05,8727.88,1504.50,13024558,N/A,2025-08-11 19:08:47
4085,16.018295,8.757622,26701.382812,5.00e-05,8829.71,1861.00,13028280,N/A,2025-08-11 19:08:48
4086,7.933844,8.757622,26701.382812,5.00e-05,8352.10,1089.00,13030458,N/A,2025-08-11 19:08:48
4087,10.581053,8.757622,26701.382812,5.00e-05,8408.59,1240.50,13032939,N/A,2025-08-11 19:08:49
4088,14.335161,8.757622,26701.382812,5.00e-05,8513.98,1631.00,13036201,N/A,2025-08-11 19:08:49
4089,15.193079,8.757622,26701.382812,5.00e-05,8657.90,1638.50,13039478,N/A,2025-08-11 19:08:49
4090,10.784585,8.757622,26701.382812,5.00e-05,8522.24,1175.00,13041828,1.0000,2025-08-11 19:08:50
4091,15.168783,8.757622,26701.382812,5.00e-05,8530.88,1964.00,13045756,N/A,2025-08-11 19:08:50
4092,16.087669,8.757622,26701.382812,5.00e-05,8819.28,1818.50,13049393,N/A,2025-08-11 19:08:51
4093,12.368393,8.757622,26701.382812,5.00e-05,8638.07,1533.00,13052459,N/A,2025-08-11 19:08:51
4094,17.413733,8.757622,26701.382812,5.00e-05,8735.32,1623.50,13055706,N/A,2025-08-11 19:08:51
4095,12.024582,8.757622,26701.382812,5.00e-05,8464.13,1223.00,13058152,N/A,2025-08-11 19:08:52
4096,15.044879,8.757622,26701.382812,5.00e-05,8716.03,1488.50,13061129,N/A,2025-08-11 19:08:52
4097,9.566647,8.757622,26701.382812,5.00e-05,8709.73,1343.50,13063816,N/A,2025-08-11 19:08:53
4098,17.950283,8.757622,26701.382812,5.00e-05,8865.96,2007.00,13067830,N/A,2025-08-11 19:08:53
4099,9.946093,8.757622,26701.382812,5.00e-05,8744.91,1242.00,13070314,N/A,2025-08-11 19:08:53
4100,14.032611,8.757622,26701.382812,5.00e-05,8888.18,1761.00,13073836,1.0000,2025-08-11 19:08:54
4101,12.796528,8.757622,26701.382812,5.00e-05,6829.90,1338.00,13076512,N/A,2025-08-11 19:08:55
4102,17.706856,8.757622,26701.382812,5.00e-05,6967.47,2012.50,13080537,N/A,2025-08-11 19:08:55
4103,16.336992,8.757622,26701.382812,5.00e-05,7015.96,1711.50,13083960,N/A,2025-08-11 19:08:56
4104,13.284060,8.757622,26701.382812,5.00e-05,6967.47,1523.00,13087006,N/A,2025-08-11 19:08:56
4105,12.540895,8.757622,26701.382812,5.00e-05,7033.66,1454.50,13089915,N/A,2025-08-11 19:08:57
4106,15.008665,8.757622,26701.382812,5.00e-05,7213.82,1808.00,13093531,N/A,2025-08-11 19:08:57
4107,9.983291,8.757622,26701.382812,5.00e-05,7145.96,1175.00,13095881,N/A,2025-08-11 19:08:57
4108,17.396135,8.757622,26701.382812,5.00e-05,7033.06,1779.00,13099439,N/A,2025-08-11 19:08:58
4109,8.896795,8.757622,26701.382812,5.00e-05,7134.60,1240.00,13101919,N/A,2025-08-11 19:08:58
4110,12.228655,8.757622,26701.382812,5.00e-05,8657.88,1522.50,13104964,1.0000,2025-08-11 19:08:59
4111,17.365961,8.757622,26701.382812,5.00e-05,8867.32,1714.00,13108392,N/A,2025-08-11 19:08:59
4112,17.902912,8.757622,26701.382812,5.00e-05,8873.71,1932.50,13112257,N/A,2025-08-11 19:08:59
4113,8.249567,8.757622,26701.382812,5.00e-05,8520.79,1081.50,13114420,N/A,2025-08-11 19:09:00
4114,17.609131,8.757622,26701.382812,5.00e-05,8861.26,2048.00,13118516,N/A,2025-08-11 19:09:00
4115,15.390158,8.757622,26701.382812,5.00e-05,9132.20,1881.50,13122279,N/A,2025-08-11 19:09:01
4116,13.327496,8.757622,26701.382812,5.00e-05,8993.50,1646.00,13125571,N/A,2025-08-11 19:09:01
4117,13.117935,8.757622,26701.382812,5.00e-05,9318.39,1646.00,13128863,N/A,2025-08-11 19:09:01
4118,17.064018,8.757622,26701.382812,5.00e-05,9315.53,1725.00,13132313,N/A,2025-08-11 19:09:02
4119,10.221037,8.757622,26701.382812,5.00e-05,9485.91,1281.50,13134876,N/A,2025-08-11 19:09:02
4120,12.180397,8.757622,26701.382812,5.00e-05,9018.23,1238.50,13137353,1.0000,2025-08-11 19:09:03
4121,16.080843,8.757622,26701.382812,5.00e-05,9043.01,1879.00,13141111,N/A,2025-08-11 19:09:03
4122,8.921990,8.757622,26701.382812,5.00e-05,8503.85,1037.50,13143186,N/A,2025-08-11 19:09:03
4123,17.289558,8.757622,26701.382812,5.00e-05,8931.29,1861.50,13146909,N/A,2025-08-11 19:09:04
4124,17.112314,8.757622,26701.382812,5.00e-05,8735.83,1703.50,13150316,N/A,2025-08-11 19:09:04
4125,10.978633,8.757622,26701.382812,5.00e-05,8406.48,1335.00,13152986,N/A,2025-08-11 19:09:05
4126,10.063193,8.757622,26701.382812,5.00e-05,8112.56,1132.50,13155251,N/A,2025-08-11 19:09:05
4127,17.875216,8.757622,26701.382812,5.00e-05,8229.85,1951.00,13159153,N/A,2025-08-11 19:09:05
4128,17.707327,8.757622,26701.382812,5.00e-05,8390.71,1960.00,13163073,N/A,2025-08-11 19:09:06
4129,16.238966,8.757622,26701.382812,5.00e-05,8467.81,1134.50,13165342,N/A,2025-08-11 19:09:06
4130,21.383280,8.757622,26701.382812,5.00e-05,8740.12,2048.00,13169438,1.0000,2025-08-11 19:09:07
4131,14.552712,8.757622,26701.382812,5.00e-05,8875.95,2048.00,13173534,N/A,2025-08-11 19:09:07
4132,12.698056,8.757622,26701.382812,5.00e-05,9164.88,1663.00,13176860,N/A,2025-08-11 19:09:07
4133,10.718328,8.757622,26701.382812,5.00e-05,8934.79,1528.50,13179917,N/A,2025-08-11 19:09:08
4134,17.965014,8.757622,26701.382812,5.00e-05,9059.10,1795.50,13183508,N/A,2025-08-11 19:09:08
4135,16.733723,8.757622,26701.382812,5.00e-05,9331.58,1803.50,13187115,N/A,2025-08-11 19:09:09
4136,11.693172,8.757622,26701.382812,5.00e-05,9685.76,1673.00,13190461,N/A,2025-08-11 19:09:09
4137,10.978348,8.757622,26701.382812,5.00e-05,9327.27,1388.00,13193237,N/A,2025-08-11 19:09:09
4138,13.778520,8.757622,26701.382812,5.00e-05,9251.89,1604.50,13196446,N/A,2025-08-11 19:09:10
4139,10.287174,8.757622,26701.382812,5.00e-05,9533.10,1173.50,13198793,N/A,2025-08-11 19:09:10
4140,17.068865,8.757622,26701.382812,5.00e-05,9282.74,1924.50,13202642,1.0000,2025-08-11 19:09:11
4141,8.289167,8.757622,26701.382812,5.00e-05,8848.82,1183.00,13205008,N/A,2025-08-11 19:09:11
4142,12.516385,8.757622,26701.382812,5.00e-05,8651.46,1235.00,13207478,N/A,2025-08-11 19:09:11
4143,19.004786,8.757622,26701.382812,5.00e-05,8955.40,2010.50,13211499,N/A,2025-08-11 19:09:12
4144,13.630724,8.757622,26701.382812,5.00e-05,8992.57,1832.00,13215163,N/A,2025-08-11 19:09:12
4145,17.068697,8.757622,26701.382812,5.00e-05,8989.37,1865.50,13218894,N/A,2025-08-11 19:09:13
4146,13.133564,8.757622,26701.382812,5.00e-05,8918.47,1579.00,13222052,N/A,2025-08-11 19:09:13
4147,17.442850,8.757622,26701.382812,5.00e-05,9145.40,1790.50,13225633,N/A,2025-08-11 19:09:13
4148,10.087828,8.757622,26701.382812,5.00e-05,8973.67,1312.00,13228257,N/A,2025-08-11 19:09:14
4149,15.324046,8.757622,26701.382812,5.00e-05,9349.44,1753.00,13231763,N/A,2025-08-11 19:09:14
4150,13.026423,8.757622,26701.382812,5.00e-05,8943.76,1465.00,13234693,1.0000,2025-08-11 19:09:15
4151,23.572182,8.757622,26701.382812,5.00e-05,9315.83,1866.50,13238426,N/A,2025-08-11 19:09:15
4152,19.657356,8.757622,26701.382812,5.00e-05,9729.22,1990.50,13242407,N/A,2025-08-11 19:09:15
4153,16.634199,8.757622,26701.382812,5.00e-05,9599.22,1841.00,13246089,N/A,2025-08-11 19:09:16
4154,16.556641,8.757622,26701.382812,5.00e-05,9405.94,1410.50,13248910,N/A,2025-08-11 19:09:16
4155,16.191498,8.757622,26701.382812,5.00e-05,9398.33,1740.00,13252390,N/A,2025-08-11 19:09:17
4156,17.189163,8.757622,26701.382812,5.00e-05,9535.76,1818.00,13256026,N/A,2025-08-11 19:09:17
4157,9.436118,8.757622,26701.382812,5.00e-05,9193.13,1161.00,13258348,N/A,2025-08-11 19:09:17
4158,14.581501,8.757622,26701.382812,5.00e-05,9447.02,1603.00,13261554,N/A,2025-08-11 19:09:18
4159,9.602359,8.757622,26701.382812,5.00e-05,9302.40,1302.00,13264158,N/A,2025-08-11 19:09:18
4160,14.980513,8.757622,26701.382812,5.00e-05,9317.24,1866.00,13267890,1.0000,2025-08-11 19:09:19
4161,12.093795,8.757622,26701.382812,5.00e-05,9066.81,1372.00,13270634,N/A,2025-08-11 19:09:19
4162,11.624912,8.757622,26701.382812,5.00e-05,8730.00,1331.00,13273296,N/A,2025-08-11 19:09:19
4163,20.219324,8.757622,26701.382812,5.00e-05,8727.54,2048.00,13277392,N/A,2025-08-11 19:09:20
4164,9.310094,8.757622,26701.382812,5.00e-05,8579.88,1135.50,13279663,N/A,2025-08-11 19:09:20
4165,16.180090,8.757622,26701.382812,5.00e-05,8671.10,1959.50,13283582,N/A,2025-08-11 19:09:21
4166,15.338532,8.757622,26701.382812,5.00e-05,8778.45,2048.00,13287678,N/A,2025-08-11 19:09:21
4167,14.796893,8.757622,26701.382812,5.00e-05,9216.62,1965.50,13291609,N/A,2025-08-11 19:09:21
4168,9.074465,8.757622,26701.382812,5.00e-05,9034.77,1179.50,13293968,N/A,2025-08-11 19:09:22
4169,8.416039,8.757622,26701.382812,5.00e-05,9104.42,1050.00,13296068,N/A,2025-08-11 19:09:22
4170,21.073797,8.757622,26701.382812,5.00e-05,8914.66,2035.00,13300138,1.0000,2025-08-11 19:09:23
4171,11.845728,8.757622,26701.382812,5.00e-05,8783.75,1237.50,13302613,N/A,2025-08-11 19:09:23
4172,14.737066,8.757622,26701.382812,5.00e-05,9220.53,1891.00,13306395,N/A,2025-08-11 19:09:23
4173,16.645256,8.757622,26701.382812,5.00e-05,9045.05,1730.50,13309856,N/A,2025-08-11 19:09:24
4174,12.028677,8.757622,26701.382812,5.00e-05,9069.20,1114.50,13312085,N/A,2025-08-11 19:09:24
4175,14.305752,8.757622,26701.382812,5.00e-05,8905.76,1720.00,13315525,N/A,2025-08-11 19:09:24
4176,15.207440,8.757622,26701.382812,5.00e-05,8688.22,1572.00,13318669,N/A,2025-08-11 19:09:25
4177,14.281541,8.757622,26701.382812,5.00e-05,8485.10,1694.00,13322057,N/A,2025-08-11 19:09:25
4178,10.233073,8.757622,26701.382812,5.00e-05,8558.74,1344.00,13324745,N/A,2025-08-11 19:09:26
4179,14.666299,8.757622,26701.382812,5.00e-05,9176.57,1660.50,13328066,N/A,2025-08-11 19:09:26
4180,13.567395,8.757622,26701.382812,5.00e-05,8686.98,1445.50,13330957,1.0000,2025-08-11 19:09:27
4181,11.444312,8.757622,26701.382812,5.00e-05,8763.07,1394.00,13333745,N/A,2025-08-11 19:09:27
4182,23.617661,8.757622,26701.382812,5.00e-05,8739.63,1829.50,13337404,N/A,2025-08-11 19:09:27
4183,10.550993,8.757622,26701.382812,5.00e-05,8392.14,1127.00,13339658,N/A,2025-08-11 19:09:28
4184,16.867510,8.757622,26701.382812,5.00e-05,8843.89,1927.00,13343512,N/A,2025-08-11 19:09:28
4185,17.635036,8.757622,26701.382812,5.00e-05,8842.75,1723.50,13346959,N/A,2025-08-11 19:09:28
4186,10.310340,8.757622,26701.382812,5.00e-05,8747.39,1335.50,13349630,N/A,2025-08-11 19:09:29
4187,13.637196,8.757622,26701.382812,5.00e-05,8931.49,2000.00,13353630,N/A,2025-08-11 19:09:29
4188,12.673556,8.757622,26701.382812,5.00e-05,9126.44,1703.50,13357037,N/A,2025-08-11 19:09:30
4189,10.722034,8.757622,26701.382812,5.00e-05,9156.53,1310.00,13359657,N/A,2025-08-11 19:09:30
4190,19.156340,8.757622,26701.382812,5.00e-05,9243.68,2042.00,13363741,1.0000,2025-08-11 19:09:30
4191,12.567855,8.757622,26701.382812,5.00e-05,9491.69,1856.50,13367454,N/A,2025-08-11 19:09:31
4192,14.457617,8.757622,26701.382812,5.00e-05,9487.71,1797.50,13371049,N/A,2025-08-11 19:09:31
4193,14.886192,8.757622,26701.382812,5.00e-05,10019.97,1939.00,13374927,N/A,2025-08-11 19:09:32
4194,14.136264,8.757622,26701.382812,5.00e-05,9858.12,1734.00,13378395,N/A,2025-08-11 19:09:32
4195,15.433465,8.757622,26701.382812,5.00e-05,9689.27,1475.00,13381345,N/A,2025-08-11 19:09:32
4196,20.643253,8.757622,26701.382812,5.00e-05,9970.89,2001.00,13385347,N/A,2025-08-11 19:09:33
4197,13.415168,8.757622,26701.382812,5.00e-05,9570.48,1325.50,13387998,N/A,2025-08-11 19:09:33
4198,8.997850,8.757622,26701.382812,5.00e-05,9248.04,1152.00,13390302,N/A,2025-08-11 19:09:34
4199,9.635622,8.757622,26701.382812,5.00e-05,9476.46,1253.00,13392808,N/A,2025-08-11 19:09:34
4200,11.191456,8.757622,26701.382812,5.00e-05,8821.99,1172.00,13395152,1.0000,2025-08-11 19:09:34
4201,14.375075,8.757622,26701.382812,5.00e-05,7244.75,1781.50,13398715,N/A,2025-08-11 19:09:36
4202,13.528791,8.757622,26701.382812,5.00e-05,7051.03,1388.50,13401492,N/A,2025-08-11 19:09:36
4203,20.188198,8.757622,26701.382812,5.00e-05,7097.55,2048.00,13405588,N/A,2025-08-11 19:09:36
4204,11.383759,8.757622,26701.382812,5.00e-05,6970.60,1402.00,13408392,N/A,2025-08-11 19:09:37
4205,15.236963,8.757622,26701.382812,5.00e-05,7296.85,2031.00,13412454,N/A,2025-08-11 19:09:37
4206,14.525768,8.757622,26701.382812,5.00e-05,7199.76,1722.00,13415898,N/A,2025-08-11 19:09:37
4207,16.739569,8.757622,26701.382812,5.00e-05,7519.40,2048.00,13419994,N/A,2025-08-11 19:09:38
4208,7.775361,8.757622,26701.382812,5.00e-05,7453.95,1041.00,13422076,N/A,2025-08-11 19:09:38
4209,17.616472,8.757622,26701.382812,5.00e-05,7750.47,1625.50,13425327,N/A,2025-08-11 19:09:39
4210,8.715465,8.757622,26701.382812,5.00e-05,9241.79,1188.50,13427704,1.0000,2025-08-11 19:09:39
4211,13.563157,8.757622,26701.382812,5.00e-05,9218.97,1745.50,13431195,N/A,2025-08-11 19:09:39
4212,15.313818,8.757622,26701.382812,5.00e-05,9426.82,1636.00,13434467,N/A,2025-08-11 19:09:40
4213,14.705722,8.757622,26701.382812,5.00e-05,9179.84,1631.00,13437729,N/A,2025-08-11 19:09:40
4214,11.532993,8.757622,26701.382812,5.00e-05,9163.14,1392.50,13440514,N/A,2025-08-11 19:09:41
4215,12.368958,8.757622,26701.382812,5.00e-05,8841.01,1594.50,13443703,N/A,2025-08-11 19:09:41
4216,12.522923,8.757622,26701.382812,5.00e-05,8587.06,1214.00,13446131,N/A,2025-08-11 19:09:41
4217,14.033862,8.757622,26701.382812,5.00e-05,8533.16,1945.00,13450021,N/A,2025-08-11 19:09:42
4218,12.997025,8.757622,26701.382812,5.00e-05,8861.32,1733.50,13453488,N/A,2025-08-11 19:09:42
4219,9.115909,8.757622,26701.382812,5.00e-05,8719.22,1148.50,13455785,N/A,2025-08-11 19:09:43
4220,14.074968,8.757622,26701.382812,5.00e-05,8730.86,1622.00,13459029,1.0000,2025-08-11 19:09:43
4221,15.172287,8.757622,26701.382812,5.00e-05,8793.05,2014.50,13463058,N/A,2025-08-11 19:09:43
4222,8.743310,8.757622,26701.382812,5.00e-05,8466.08,1046.00,13465150,N/A,2025-08-11 19:09:44
4223,10.833161,8.757622,26701.382812,5.00e-05,8404.39,1527.00,13468204,N/A,2025-08-11 19:09:44
4224,15.023735,8.757622,26701.382812,5.00e-05,8522.78,1508.50,13471221,N/A,2025-08-11 19:09:45
4225,15.985117,8.757622,26701.382812,5.00e-05,8769.92,2048.00,13475317,N/A,2025-08-11 19:09:45
4226,17.426653,8.757622,26701.382812,5.00e-05,9215.01,1996.50,13479310,N/A,2025-08-11 19:09:45
4227,19.346321,8.757622,26701.382812,5.00e-05,9288.53,1965.50,13483241,N/A,2025-08-11 19:09:46
4228,15.228734,8.757622,26701.382812,5.00e-05,9341.95,1681.00,13486603,N/A,2025-08-11 19:09:46
4229,16.422785,8.757622,26701.382812,5.00e-05,9931.48,1860.00,13490323,N/A,2025-08-11 19:09:46
4230,12.196154,8.757622,26701.382812,5.00e-05,9712.80,1629.50,13493582,1.0000,2025-08-11 19:09:47
4231,14.454432,8.757622,26701.382812,5.00e-05,9467.75,1591.00,13496764,N/A,2025-08-11 19:09:47
4232,11.404067,8.757622,26701.382812,5.00e-05,9594.52,1375.50,13499515,N/A,2025-08-11 19:09:48
4233,10.688626,8.757622,26701.382812,5.00e-05,9356.19,1153.00,13501821,N/A,2025-08-11 19:09:48
4234,11.969108,8.757622,26701.382812,5.00e-05,9250.25,1317.50,13504456,N/A,2025-08-11 19:09:49
4235,11.845884,8.757622,26701.382812,5.00e-05,8937.84,1461.50,13507379,N/A,2025-08-11 19:09:49
4236,17.302639,8.757622,26701.382812,5.00e-05,8878.17,1892.50,13511164,N/A,2025-08-11 19:09:49
4237,8.689655,8.757622,26701.382812,5.00e-05,8465.31,1257.00,13513678,N/A,2025-08-11 19:09:50
4238,15.928043,8.757622,26701.382812,5.00e-05,8628.52,1853.00,13517384,N/A,2025-08-11 19:09:50
4239,9.584613,8.757622,26701.382812,5.00e-05,8444.52,1092.50,13519569,N/A,2025-08-11 19:09:50
4240,13.034325,8.757622,26701.382812,5.00e-05,8078.13,1372.00,13522313,1.0000,2025-08-11 19:09:51
4241,16.415619,8.757622,26701.382812,5.00e-05,8364.67,2037.00,13526387,N/A,2025-08-11 19:09:51
4242,14.374608,8.757622,26701.382812,5.00e-05,8509.93,1633.50,13529654,N/A,2025-08-11 19:09:52
4243,15.429648,8.757622,26701.382812,5.00e-05,8735.34,1532.50,13532719,N/A,2025-08-11 19:09:52
4244,14.443785,8.757622,26701.382812,5.00e-05,8955.61,1810.50,13536340,N/A,2025-08-11 19:09:52
4245,11.832046,8.757622,26701.382812,5.00e-05,9039.91,1741.50,13539823,N/A,2025-08-11 19:09:53
4246,16.968916,8.757622,26701.382812,5.00e-05,9083.99,1993.00,13543809,N/A,2025-08-11 19:09:53
4247,16.240639,8.757622,26701.382812,5.00e-05,9344.35,1746.00,13547301,N/A,2025-08-11 19:09:54
4248,10.676297,8.757622,26701.382812,5.00e-05,8991.85,1163.00,13549627,N/A,2025-08-11 19:09:54
4249,20.691641,8.757622,26701.382812,5.00e-05,9499.37,1766.00,13553159,N/A,2025-08-11 19:09:54
4250,12.764622,8.757622,26701.382812,5.00e-05,9309.64,1395.50,13555950,1.0000,2025-08-11 19:09:55
4251,15.164016,8.757622,26701.382812,5.00e-05,9305.70,1978.00,13559906,N/A,2025-08-11 19:09:55
4252,15.362452,8.757622,26701.382812,5.00e-05,9339.75,1795.50,13563497,N/A,2025-08-11 19:09:56
4253,13.931564,8.757622,26701.382812,5.00e-05,9450.85,1704.50,13566906,N/A,2025-08-11 19:09:56
4254,8.598063,8.757622,26701.382812,5.00e-05,9179.59,1204.00,13569314,N/A,2025-08-11 19:09:56
4255,12.654457,8.757622,26701.382812,5.00e-05,9152.78,1673.00,13572660,N/A,2025-08-11 19:09:57
4256,14.478490,8.757622,26701.382812,5.00e-05,9147.78,2000.50,13576661,N/A,2025-08-11 19:09:57
4257,15.903310,8.757622,26701.382812,5.00e-05,9286.58,2012.00,13580685,N/A,2025-08-11 19:09:58
4258,15.529758,8.757622,26701.382812,5.00e-05,9612.79,1659.50,13584004,N/A,2025-08-11 19:09:58
4259,10.295891,8.757622,26701.382812,5.00e-05,9537.94,1226.00,13586456,N/A,2025-08-11 19:09:58
4260,9.586015,8.757622,26701.382812,5.00e-05,9329.53,1338.00,13589132,1.0000,2025-08-11 19:09:59
4261,10.635345,8.757622,26701.382812,5.00e-05,8982.62,1360.00,13591852,N/A,2025-08-11 19:09:59
4262,22.671799,8.757622,26701.382812,5.00e-05,9004.27,1801.00,13595454,N/A,2025-08-11 19:10:00
4263,10.329935,8.757622,26701.382812,5.00e-05,8833.40,1388.50,13598231,N/A,2025-08-11 19:10:00
4264,16.136761,8.757622,26701.382812,5.00e-05,8971.09,1629.00,13601489,N/A,2025-08-11 19:10:00
4265,13.628943,8.757622,26701.382812,5.00e-05,8861.16,1450.00,13604389,N/A,2025-08-11 19:10:01
4266,11.266695,8.757622,26701.382812,5.00e-05,8441.01,1325.50,13607040,N/A,2025-08-11 19:10:01
4267,12.863335,8.757622,26701.382812,5.00e-05,8300.44,1646.50,13610333,N/A,2025-08-11 19:10:02
4268,14.495503,8.757622,26701.382812,5.00e-05,8377.44,1792.50,13613918,N/A,2025-08-11 19:10:02
4269,9.867058,8.757622,26701.382812,5.00e-05,8486.14,1127.50,13616173,N/A,2025-08-11 19:10:02
4270,14.551690,8.757622,26701.382812,5.00e-05,8520.29,1949.50,13620072,1.0000,2025-08-11 19:10:03
4271,16.718599,8.757622,26701.382812,5.00e-05,8734.48,1754.00,13623580,N/A,2025-08-11 19:10:03
4272,16.158760,8.757622,26701.382812,5.00e-05,8769.93,1932.50,13627445,N/A,2025-08-11 19:10:04
4273,10.370428,8.757622,26701.382812,5.00e-05,8704.58,1081.50,13629608,N/A,2025-08-11 19:10:04
4274,12.046103,8.757622,26701.382812,5.00e-05,8720.03,1790.00,13633188,N/A,2025-08-11 19:10:04
4275,13.688805,8.757622,26701.382812,5.00e-05,9058.06,2001.00,13637190,N/A,2025-08-11 19:10:05
4276,15.356595,8.757622,26701.382812,5.00e-05,9171.07,1572.00,13640334,N/A,2025-08-11 19:10:05
4277,14.623528,8.757622,26701.382812,5.00e-05,9265.08,1874.50,13644083,N/A,2025-08-11 19:10:06
4278,18.617962,8.757622,26701.382812,5.00e-05,9410.69,2042.50,13648168,N/A,2025-08-11 19:10:06
4279,12.354511,8.757622,26701.382812,5.00e-05,9834.24,1173.50,13650515,N/A,2025-08-11 19:10:06
4280,10.003888,8.757622,26701.382812,5.00e-05,9332.08,1338.00,13653191,1.0000,2025-08-11 19:10:07
4281,10.541802,8.757622,26701.382812,5.00e-05,9064.62,1220.50,13655632,N/A,2025-08-11 19:10:07
4282,18.806368,8.757622,26701.382812,5.00e-05,9032.63,1983.50,13659599,N/A,2025-08-11 19:10:08
4283,10.990911,8.757622,26701.382812,5.00e-05,9225.55,1417.50,13662434,N/A,2025-08-11 19:10:08
4284,11.273147,8.757622,26701.382812,5.00e-05,9043.33,1438.00,13665310,N/A,2025-08-11 19:10:08
4285,15.902239,8.757622,26701.382812,5.00e-05,7626.01,1833.00,13668976,N/A,2025-08-11 19:10:09
4286,10.636569,8.757622,26701.382812,5.00e-05,7471.35,1201.00,13671378,N/A,2025-08-11 19:10:10
4287,13.793168,8.757622,26701.382812,5.00e-05,7458.67,1862.00,13675102,N/A,2025-08-11 19:10:10
4288,15.278001,8.757622,26701.382812,5.00e-05,7445.11,2010.00,13679122,N/A,2025-08-11 19:10:11
4289,10.870722,8.757622,26701.382812,5.00e-05,7751.83,1648.50,13682419,N/A,2025-08-11 19:10:11
4290,13.433694,8.757622,26701.382812,5.00e-05,7759.98,1883.00,13686185,1.0000,2025-08-11 19:10:11
4291,16.162971,8.757622,26701.382812,5.00e-05,8013.90,1677.50,13689540,N/A,2025-08-11 19:10:12
4292,13.912340,8.757622,26701.382812,5.00e-05,7799.73,1425.50,13692391,N/A,2025-08-11 19:10:12
4293,13.127863,8.757622,26701.382812,5.00e-05,7881.39,1604.00,13695599,N/A,2025-08-11 19:10:13
4294,15.067886,8.757622,26701.382812,5.00e-05,9185.08,1519.00,13698637,N/A,2025-08-11 19:10:13
4295,17.744719,8.757622,26701.382812,5.00e-05,9206.83,1882.00,13702401,N/A,2025-08-11 19:10:13
4296,10.928979,8.757622,26701.382812,5.00e-05,9260.14,1300.00,13705001,N/A,2025-08-11 19:10:14
4297,17.477783,8.757622,26701.382812,5.00e-05,9295.14,1937.50,13708876,N/A,2025-08-11 19:10:14
4298,15.138905,8.757622,26701.382812,5.00e-05,9244.20,1914.50,13712705,N/A,2025-08-11 19:10:15
4299,10.417101,8.757622,26701.382812,5.00e-05,9395.60,1389.50,13715484,N/A,2025-08-11 19:10:15
4300,11.420866,8.757622,26701.382812,5.00e-05,8830.69,1437.00,13718358,1.0000,2025-08-11 19:10:15
4301,10.141943,8.757622,26701.382812,5.00e-05,7013.28,1462.00,13721282,N/A,2025-08-11 19:10:17
4302,15.340408,8.757622,26701.382812,5.00e-05,7002.29,1394.00,13724070,N/A,2025-08-11 19:10:17
4303,16.214622,8.757622,26701.382812,5.00e-05,7060.27,1628.00,13727326,N/A,2025-08-11 19:10:18
4304,10.518769,8.757622,26701.382812,5.00e-05,7007.51,1481.50,13730289,N/A,2025-08-11 19:10:18
4305,7.836281,8.757622,26701.382812,5.00e-05,6627.23,1047.50,13732384,N/A,2025-08-11 19:10:18
4306,14.554020,8.757622,26701.382812,5.00e-05,6862.86,1893.00,13736170,N/A,2025-08-11 19:10:19
4307,13.218967,8.757622,26701.382812,5.00e-05,6772.63,1664.00,13739498,N/A,2025-08-11 19:10:19
4308,9.544808,8.757622,26701.382812,5.00e-05,6437.25,1178.00,13741854,N/A,2025-08-11 19:10:19
4309,12.746079,8.757622,26701.382812,5.00e-05,6819.99,1874.50,13745603,N/A,2025-08-11 19:10:20
4310,15.833010,8.757622,26701.382812,5.00e-05,8453.49,1830.50,13749264,1.0000,2025-08-11 19:10:20
4311,12.661906,8.757622,26701.382812,5.00e-05,8533.55,1605.00,13752474,N/A,2025-08-11 19:10:21
4312,19.241295,8.757622,26701.382812,5.00e-05,8882.27,2048.00,13756570,N/A,2025-08-11 19:10:21
4313,14.440023,8.757622,26701.382812,5.00e-05,8770.24,1356.00,13759282,N/A,2025-08-11 19:10:22
4314,16.337688,8.757622,26701.382812,5.00e-05,8928.35,1771.50,13762825,N/A,2025-08-11 19:10:22
4315,19.750042,8.757622,26701.382812,5.00e-05,9409.27,1912.00,13766649,N/A,2025-08-11 19:10:22
4316,14.096532,8.757622,26701.382812,5.00e-05,9062.60,1352.50,13769354,N/A,2025-08-11 19:10:23
4317,13.204835,8.757622,26701.382812,5.00e-05,8967.30,1432.50,13772219,N/A,2025-08-11 19:10:23
4318,12.108292,8.757622,26701.382812,5.00e-05,9352.08,1812.00,13775843,N/A,2025-08-11 19:10:24
4319,15.965855,8.757622,26701.382812,5.00e-05,9525.30,1718.50,13779280,N/A,2025-08-11 19:10:24
4320,16.684063,8.757622,26701.382812,5.00e-05,9180.14,1680.00,13782640,1.0000,2025-08-11 19:10:24
4321,12.857173,8.757622,26701.382812,5.00e-05,9341.41,1878.00,13786396,N/A,2025-08-11 19:10:25
4322,19.026140,8.757622,26701.382812,5.00e-05,9246.37,1879.00,13790154,N/A,2025-08-11 19:10:25
4323,16.944050,8.757622,26701.382812,5.00e-05,9614.27,2003.50,13794161,N/A,2025-08-11 19:10:26
4324,12.740294,8.757622,26701.382812,5.00e-05,9742.27,1936.00,13798033,N/A,2025-08-11 19:10:26
4325,14.105493,8.757622,26701.382812,5.00e-05,9522.48,1646.50,13801326,N/A,2025-08-11 19:10:26
4326,7.935330,8.757622,26701.382812,5.00e-05,9393.99,1031.50,13803389,N/A,2025-08-11 19:10:27
4327,22.275745,8.757622,26701.382812,5.00e-05,9657.42,2048.00,13807485,N/A,2025-08-11 19:10:27
4328,14.271325,8.757622,26701.382812,5.00e-05,9579.80,1809.00,13811103,N/A,2025-08-11 19:10:28
4329,15.918424,8.757622,26701.382812,5.00e-05,9724.05,1665.00,13814433,N/A,2025-08-11 19:10:28
4330,10.882097,8.757622,26701.382812,5.00e-05,9274.91,1234.50,13816902,1.0000,2025-08-11 19:10:28
4331,16.326515,8.757622,26701.382812,5.00e-05,9328.62,1988.00,13820878,N/A,2025-08-11 19:10:29
4332,11.795638,8.757622,26701.382812,5.00e-05,9095.14,1542.00,13823962,N/A,2025-08-11 19:10:29
4333,12.704804,8.757622,26701.382812,5.00e-05,8804.69,1714.00,13827390,N/A,2025-08-11 19:10:30
4334,13.744659,8.757622,26701.382812,5.00e-05,8776.30,1830.00,13831050,N/A,2025-08-11 19:10:30
4335,10.521551,8.757622,26701.382812,5.00e-05,8510.58,1310.50,13833671,N/A,2025-08-11 19:10:31
4336,11.325298,8.757622,26701.382812,5.00e-05,8637.59,1329.00,13836329,N/A,2025-08-11 19:10:31
4337,15.385675,8.757622,26701.382812,5.00e-05,8582.70,1805.50,13839940,N/A,2025-08-11 19:10:31
4338,8.824593,8.757622,26701.382812,5.00e-05,8295.53,1262.00,13842464,N/A,2025-08-11 19:10:32
4339,14.974686,8.757622,26701.382812,5.00e-05,8442.29,1715.50,13845895,N/A,2025-08-11 19:10:32
4340,15.066349,8.757622,26701.382812,5.00e-05,8435.23,1748.00,13849391,1.0000,2025-08-11 19:10:33
4341,13.945401,8.757622,26701.382812,5.00e-05,8198.91,1538.00,13852467,N/A,2025-08-11 19:10:33
4342,13.520808,8.757622,26701.382812,5.00e-05,8287.32,1615.50,13855698,N/A,2025-08-11 19:10:34
4343,13.311011,8.757622,26701.382812,5.00e-05,8154.44,1493.00,13858684,N/A,2025-08-11 19:10:34
4344,16.994493,8.757622,26701.382812,5.00e-05,8147.34,1834.50,13862353,N/A,2025-08-11 19:10:34
4345,17.643564,8.757622,26701.382812,5.00e-05,6928.26,1840.50,13866034,N/A,2025-08-11 19:10:36
4346,12.987684,8.757622,26701.382812,5.00e-05,7178.15,1881.50,13869797,N/A,2025-08-11 19:10:36
4347,15.744159,8.757622,26701.382812,5.00e-05,7145.43,1606.00,13873009,N/A,2025-08-11 19:10:36
4348,11.040052,8.757622,26701.382812,5.00e-05,7333.63,1553.00,13876115,N/A,2025-08-11 19:10:37
4349,13.248887,8.757622,26701.382812,5.00e-05,7449.91,1483.50,13879082,N/A,2025-08-11 19:10:37
4350,9.404259,8.757622,26701.382812,5.00e-05,7080.03,1120.00,13881322,1.0000,2025-08-11 19:10:38
4351,15.573531,8.757622,26701.382812,5.00e-05,7333.47,2048.00,13885418,N/A,2025-08-11 19:10:38
4352,11.543908,8.757622,26701.382812,5.00e-05,7298.90,1552.50,13888523,N/A,2025-08-11 19:10:38
4353,12.691878,8.757622,26701.382812,5.00e-05,7442.56,1667.50,13891858,N/A,2025-08-11 19:10:39
4354,9.995173,8.757622,26701.382812,5.00e-05,8824.23,1213.50,13894285,N/A,2025-08-11 19:10:39
4355,14.683169,8.757622,26701.382812,5.00e-05,8715.92,1678.50,13897642,N/A,2025-08-11 19:10:40
4356,12.033715,8.757622,26701.382812,5.00e-05,8414.23,1406.50,13900455,N/A,2025-08-11 19:10:40
4357,15.502989,8.757622,26701.382812,5.00e-05,8503.42,1821.50,13904098,N/A,2025-08-11 19:10:40
4358,11.659054,8.757622,26701.382812,5.00e-05,8492.89,1518.00,13907134,N/A,2025-08-11 19:10:41
4359,18.667770,8.757622,26701.382812,5.00e-05,8973.56,2048.00,13911230,N/A,2025-08-11 19:10:41
4360,10.842172,8.757622,26701.382812,5.00e-05,8937.66,1394.00,13914018,1.0000,2025-08-11 19:10:42
4361,13.743467,8.757622,26701.382812,5.00e-05,8782.33,1564.00,13917146,N/A,2025-08-11 19:10:42
4362,16.886753,8.757622,26701.382812,5.00e-05,8997.74,1940.00,13921026,N/A,2025-08-11 19:10:42
4363,13.914841,8.757622,26701.382812,5.00e-05,9086.87,1831.00,13924688,N/A,2025-08-11 19:10:43
4364,12.561113,8.757622,26701.382812,5.00e-05,9249.68,1664.00,13928016,N/A,2025-08-11 19:10:43
4365,16.421951,8.757622,26701.382812,5.00e-05,9407.39,1892.00,13931800,N/A,2025-08-11 19:10:44
4366,10.458185,8.757622,26701.382812,5.00e-05,9441.01,1400.00,13934600,N/A,2025-08-11 19:10:44
4367,18.448849,8.757622,26701.382812,5.00e-05,9502.14,1920.00,13938440,N/A,2025-08-11 19:10:44
4368,15.856439,8.757622,26701.382812,5.00e-05,9687.81,1818.00,13942076,N/A,2025-08-11 19:10:45
4369,9.410914,8.757622,26701.382812,5.00e-05,9498.77,1232.50,13944541,N/A,2025-08-11 19:10:45
4370,13.998139,8.757622,26701.382812,5.00e-05,9411.64,1701.50,13947944,1.0000,2025-08-11 19:10:46
4371,10.013889,8.757622,26701.382812,5.00e-05,9306.06,1373.00,13950690,N/A,2025-08-11 19:10:46
4372,14.989647,8.757622,26701.382812,5.00e-05,9258.53,1706.00,13954102,N/A,2025-08-11 19:10:46
4373,13.204256,8.757622,26701.382812,5.00e-05,9159.02,1489.00,13957080,N/A,2025-08-11 19:10:47
4374,14.130196,8.757622,26701.382812,5.00e-05,9182.27,1695.50,13960471,N/A,2025-08-11 19:10:47
4375,10.235590,8.757622,26701.382812,5.00e-05,8726.53,1109.00,13962689,N/A,2025-08-11 19:10:48
4376,9.900599,8.757622,26701.382812,5.00e-05,8511.74,1132.50,13964954,N/A,2025-08-11 19:10:48
4377,17.120953,8.757622,26701.382812,5.00e-05,8544.77,2000.50,13968955,N/A,2025-08-11 19:10:48
4378,10.091922,8.757622,26701.382812,5.00e-05,8165.15,1151.00,13971257,N/A,2025-08-11 19:10:49
4379,14.407587,8.757622,26701.382812,5.00e-05,8797.40,1911.00,13975079,N/A,2025-08-11 19:10:49
4380,14.022944,8.757622,26701.382812,5.00e-05,8507.70,1699.00,13978477,1.0000,2025-08-11 19:10:50
4381,10.251972,8.757622,26701.382812,5.00e-05,8463.50,1270.50,13981018,N/A,2025-08-11 19:10:50
4382,15.242500,8.757622,26701.382812,5.00e-05,8562.50,1882.00,13984782,N/A,2025-08-11 19:10:50
4383,12.844006,8.757622,26701.382812,5.00e-05,8665.87,1706.00,13988194,N/A,2025-08-11 19:10:51
4384,12.366815,8.757622,26701.382812,5.00e-05,8598.26,1628.50,13991451,N/A,2025-08-11 19:10:51
4385,11.901227,8.757622,26701.382812,5.00e-05,8951.30,1649.00,13994749,N/A,2025-08-11 19:10:52
4386,11.202918,8.757622,26701.382812,5.00e-05,9078.21,1335.50,13997420,N/A,2025-08-11 19:10:52
4387,7.619709,8.757622,26701.382812,5.00e-05,8542.75,1056.50,13999533,N/A,2025-08-11 19:10:52
4388,7.646661,8.757622,26701.382812,5.00e-05,8421.25,1027.00,14001587,N/A,2025-08-11 19:10:53
4389,14.571216,8.757622,26701.382812,5.00e-05,8551.52,1856.50,14005300,N/A,2025-08-11 19:10:53
4390,16.931833,8.757622,26701.382812,5.00e-05,8382.66,1792.50,14008885,1.0000,2025-08-11 19:10:54
4391,12.675210,8.757622,26701.382812,5.00e-05,8545.93,1554.00,14011993,N/A,2025-08-11 19:10:54
4392,16.335060,8.757622,26701.382812,5.00e-05,8523.90,1820.00,14015633,N/A,2025-08-11 19:10:54
4393,11.421176,8.757622,26701.382812,5.00e-05,8377.59,1429.50,14018492,N/A,2025-08-11 19:10:55
4394,13.624627,8.757622,26701.382812,5.00e-05,8519.67,1879.00,14022250,N/A,2025-08-11 19:10:55
4395,11.951702,8.757622,26701.382812,5.00e-05,8427.15,1476.50,14025203,N/A,2025-08-11 19:10:56
4396,10.584266,8.757622,26701.382812,5.00e-05,8508.05,1575.00,14028353,N/A,2025-08-11 19:10:56
4397,12.766231,8.757622,26701.382812,5.00e-05,8797.52,1618.00,14031589,N/A,2025-08-11 19:10:56
4398,12.264171,8.757622,26701.382812,5.00e-05,8945.21,1254.00,14034097,N/A,2025-08-11 19:10:57
4399,14.215307,8.757622,26701.382812,5.00e-05,9100.17,1731.00,14037559,N/A,2025-08-11 19:10:57
4400,11.118685,8.757622,26701.382812,5.00e-05,8568.73,1122.50,14039804,1.0000,2025-08-11 19:10:58
4401,13.936662,8.757622,26701.382812,5.00e-05,6787.95,1522.50,14042849,N/A,2025-08-11 19:10:59
4402,14.875360,8.757622,26701.382812,5.00e-05,6855.13,1932.50,14046714,N/A,2025-08-11 19:10:59
4403,11.937968,8.757622,26701.382812,5.00e-05,6710.67,1097.00,14048908,N/A,2025-08-11 19:11:00
4404,12.622250,8.757622,26701.382812,5.00e-05,6670.19,1881.50,14052671,N/A,2025-08-11 19:11:00
4405,16.116400,8.757622,26701.382812,5.00e-05,6883.55,1983.50,14056638,N/A,2025-08-11 19:11:01
4406,15.760639,8.757622,26701.382812,5.00e-05,6974.27,1757.00,14060152,N/A,2025-08-11 19:11:01
4407,10.140986,8.757622,26701.382812,5.00e-05,6869.75,1223.50,14062599,N/A,2025-08-11 19:11:01
4408,11.946826,8.757622,26701.382812,5.00e-05,7058.23,1697.00,14065993,N/A,2025-08-11 19:11:02
4409,12.661736,8.757622,26701.382812,5.00e-05,7033.33,1414.50,14068822,N/A,2025-08-11 19:11:02
4410,11.293715,8.757622,26701.382812,5.00e-05,9011.17,1561.00,14071944,1.0000,2025-08-11 19:11:03
4411,15.519021,8.757622,26701.382812,5.00e-05,9034.66,1653.50,14075251,N/A,2025-08-11 19:11:03
4412,10.199077,8.757622,26701.382812,5.00e-05,8713.21,1363.00,14077977,N/A,2025-08-11 19:11:03
4413,14.460207,8.757622,26701.382812,5.00e-05,9031.27,1539.00,14081055,N/A,2025-08-11 19:11:04
4414,12.283338,8.757622,26701.382812,5.00e-05,8944.58,1596.00,14084247,N/A,2025-08-11 19:11:04
4415,10.902144,8.757622,26701.382812,5.00e-05,8595.57,1290.50,14086828,N/A,2025-08-11 19:11:04
4416,21.358322,8.757622,26701.382812,5.00e-05,8741.50,2048.00,14090924,N/A,2025-08-11 19:11:05
4417,13.636872,8.757622,26701.382812,5.00e-05,8949.62,1562.50,14094049,N/A,2025-08-11 19:11:05
4418,10.716814,8.757622,26701.382812,5.00e-05,8928.86,1647.50,14097344,N/A,2025-08-11 19:11:06
4419,11.649830,8.757622,26701.382812,5.00e-05,9236.76,1667.00,14100678,N/A,2025-08-11 19:11:06
4420,12.806526,8.757622,26701.382812,5.00e-05,9172.06,1650.50,14103979,1.0000,2025-08-11 19:11:06
4421,10.862894,8.757622,26701.382812,5.00e-05,8981.65,1311.50,14106602,N/A,2025-08-11 19:11:07
4422,11.425474,8.757622,26701.382812,5.00e-05,9117.42,1596.50,14109795,N/A,2025-08-11 19:11:07
4423,15.430760,8.757622,26701.382812,5.00e-05,9151.41,1595.50,14112986,N/A,2025-08-11 19:11:08
4424,11.155899,8.757622,26701.382812,5.00e-05,8870.25,1192.00,14115370,N/A,2025-08-11 19:11:08
4425,15.435345,8.757622,26701.382812,5.00e-05,9138.26,1836.00,14119042,N/A,2025-08-11 19:11:08
4426,9.131055,8.757622,26701.382812,5.00e-05,8637.02,1158.00,14121358,N/A,2025-08-11 19:11:09
4427,18.386358,8.757622,26701.382812,5.00e-05,8678.33,1641.00,14124640,N/A,2025-08-11 19:11:09
4428,12.677424,8.757622,26701.382812,5.00e-05,8635.62,1585.50,14127811,N/A,2025-08-11 19:11:10
4429,8.879245,8.757622,26701.382812,5.00e-05,8425.70,1026.50,14129864,N/A,2025-08-11 19:11:10
4430,14.409829,8.757622,26701.382812,5.00e-05,8386.72,1857.50,14133579,1.0000,2025-08-11 19:11:10
4431,14.235636,8.757622,26701.382812,5.00e-05,8117.09,1710.50,14137000,N/A,2025-08-11 19:11:11
4432,13.511978,8.757622,26701.382812,5.00e-05,8184.05,1724.00,14140448,N/A,2025-08-11 19:11:11
4433,10.381046,8.757622,26701.382812,5.00e-05,7970.24,1179.00,14142806,N/A,2025-08-11 19:11:12
4434,14.325631,8.757622,26701.382812,5.00e-05,8239.61,1618.50,14146043,N/A,2025-08-11 19:11:12
4435,11.012736,8.757622,26701.382812,5.00e-05,8134.21,1646.00,14149335,N/A,2025-08-11 19:11:13
4436,12.153354,8.757622,26701.382812,5.00e-05,8351.08,1699.50,14152734,N/A,2025-08-11 19:11:13
4437,11.263196,8.757622,26701.382812,5.00e-05,8190.50,1366.00,14155466,N/A,2025-08-11 19:11:13
4438,16.771988,8.757622,26701.382812,5.00e-05,8377.95,1912.00,14159290,N/A,2025-08-11 19:11:14
4439,13.799211,8.757622,26701.382812,5.00e-05,8660.38,1489.00,14162268,N/A,2025-08-11 19:11:14
4440,10.088216,8.757622,26701.382812,5.00e-05,8490.19,1055.00,14164378,1.0000,2025-08-11 19:11:15
4441,11.985354,8.757622,26701.382812,5.00e-05,8555.97,1821.00,14168020,N/A,2025-08-11 19:11:15
4442,12.581037,8.757622,26701.382812,5.00e-05,8455.50,1447.00,14170914,N/A,2025-08-11 19:11:15
4443,12.497487,8.757622,26701.382812,5.00e-05,8580.64,1517.50,14173949,N/A,2025-08-11 19:11:16
4444,12.075638,8.757622,26701.382812,5.00e-05,8477.67,1427.00,14176803,N/A,2025-08-11 19:11:16
4445,13.804720,8.757622,26701.382812,5.00e-05,8513.57,1545.00,14179893,N/A,2025-08-11 19:11:17
4446,14.899199,8.757622,26701.382812,5.00e-05,8601.13,1806.00,14183505,N/A,2025-08-11 19:11:17
4447,17.293083,8.757622,26701.382812,5.00e-05,8711.12,1667.50,14186840,N/A,2025-08-11 19:11:17
4448,12.426586,8.757622,26701.382812,5.00e-05,8532.32,1424.00,14189688,N/A,2025-08-11 19:11:18
4449,15.347524,8.757622,26701.382812,5.00e-05,9011.99,1935.00,14193558,N/A,2025-08-11 19:11:18
4450,11.394142,8.757622,26701.382812,5.00e-05,8997.46,1277.50,14196113,1.0000,2025-08-11 19:11:18
4451,12.934111,8.757622,26701.382812,5.00e-05,8879.74,1733.00,14199579,N/A,2025-08-11 19:11:19
4452,12.378839,8.757622,26701.382812,5.00e-05,8830.64,1333.50,14202246,N/A,2025-08-11 19:11:19
4453,12.086037,8.757622,26701.382812,5.00e-05,8867.33,1603.00,14205452,N/A,2025-08-11 19:11:20
4454,13.673229,8.757622,26701.382812,5.00e-05,9157.49,1969.50,14209391,N/A,2025-08-11 19:11:20
4455,9.190529,8.757622,26701.382812,5.00e-05,8942.89,1216.50,14211824,N/A,2025-08-11 19:11:20
4456,16.943411,8.757622,26701.382812,5.00e-05,9075.50,1956.50,14215737,N/A,2025-08-11 19:11:21
4457,7.225026,8.757622,26701.382812,5.00e-05,8748.10,1046.00,14217829,N/A,2025-08-11 19:11:21
4458,16.635189,8.757622,26701.382812,5.00e-05,9008.73,1820.00,14221469,N/A,2025-08-11 19:11:22
4459,9.643991,8.757622,26701.382812,5.00e-05,8847.14,1490.50,14224450,N/A,2025-08-11 19:11:22
4460,18.412323,8.757622,26701.382812,5.00e-05,9160.65,2034.00,14228518,1.0000,2025-08-11 19:11:22
4461,14.511852,8.757622,26701.382812,5.00e-05,9338.20,1947.00,14232412,N/A,2025-08-11 19:11:23
4462,11.236039,8.757622,26701.382812,5.00e-05,9275.81,1229.50,14234871,N/A,2025-08-11 19:11:23
4463,13.220937,8.757622,26701.382812,5.00e-05,9224.21,1492.00,14237855,N/A,2025-08-11 19:11:24
4464,9.795536,8.757622,26701.382812,5.00e-05,8916.01,1406.50,14240668,N/A,2025-08-11 19:11:24
4465,8.088670,8.757622,26701.382812,5.00e-05,8837.86,1055.00,14242778,N/A,2025-08-11 19:11:24
4466,15.776257,8.757622,26701.382812,5.00e-05,8692.04,1752.50,14246283,N/A,2025-08-11 19:11:25
4467,16.090456,8.757622,26701.382812,5.00e-05,9222.01,1985.50,14250254,N/A,2025-08-11 19:11:25
4468,10.028496,8.757622,26701.382812,5.00e-05,8900.87,1161.00,14252576,N/A,2025-08-11 19:11:25
4469,13.004132,8.757622,26701.382812,5.00e-05,9171.49,1645.00,14255866,N/A,2025-08-11 19:11:26
4470,12.278893,8.757622,26701.382812,5.00e-05,8580.23,1440.50,14258747,1.0000,2025-08-11 19:11:26
4471,13.991997,8.757622,26701.382812,5.00e-05,8510.04,1803.50,14262354,N/A,2025-08-11 19:11:27
4472,10.586696,8.757622,26701.382812,5.00e-05,8572.68,1477.00,14265308,N/A,2025-08-11 19:11:27
4473,10.548788,8.757622,26701.382812,5.00e-05,8391.40,1146.00,14267600,N/A,2025-08-11 19:11:28
4474,11.232934,8.757622,26701.382812,5.00e-05,8256.81,1260.00,14270120,N/A,2025-08-11 19:11:28
4475,12.422734,8.757622,26701.382812,5.00e-05,8419.83,1362.50,14272845,N/A,2025-08-11 19:11:28
4476,13.587877,8.757622,26701.382812,5.00e-05,8546.02,1968.00,14276781,N/A,2025-08-11 19:11:29
4477,12.101547,8.757622,26701.382812,5.00e-05,8392.88,1720.50,14280222,N/A,2025-08-11 19:11:29
4478,16.569809,8.757622,26701.382812,5.00e-05,8858.20,1991.50,14284205,N/A,2025-08-11 19:11:29
4479,14.141969,8.757622,26701.382812,5.00e-05,9074.19,1587.00,14287379,N/A,2025-08-11 19:11:30
4480,14.121488,8.757622,26701.382812,5.00e-05,9033.66,1786.00,14290951,1.0000,2025-08-11 19:11:30
4481,14.217528,8.757622,26701.382812,5.00e-05,8950.90,1551.00,14294053,N/A,2025-08-11 19:11:31
4482,13.846238,8.757622,26701.382812,5.00e-05,8994.80,1574.50,14297202,N/A,2025-08-11 19:11:31
4483,12.623118,8.757622,26701.382812,5.00e-05,9325.60,1683.50,14300569,N/A,2025-08-11 19:11:31
4484,11.040999,8.757622,26701.382812,5.00e-05,9521.99,1529.50,14303628,N/A,2025-08-11 19:11:32
4485,15.491187,8.757622,26701.382812,5.00e-05,9897.75,2048.00,14307724,N/A,2025-08-11 19:11:32
4486,10.079628,8.757622,26701.382812,5.00e-05,9494.18,1415.00,14310554,N/A,2025-08-11 19:11:33
4487,10.895306,8.757622,26701.382812,5.00e-05,9281.55,1370.50,14313295,N/A,2025-08-11 19:11:33
4488,11.838241,8.757622,26701.382812,5.00e-05,8997.85,1465.00,14316225,N/A,2025-08-11 19:11:33
4489,13.197791,8.757622,26701.382812,5.00e-05,9412.92,1881.50,14319988,N/A,2025-08-11 19:11:34
4490,9.721783,8.757622,26701.382812,5.00e-05,8838.30,1029.50,14322047,1.0000,2025-08-11 19:11:34
4491,18.320692,8.757622,26701.382812,5.00e-05,9128.49,2048.00,14326143,N/A,2025-08-11 19:11:35
4492,11.416714,8.757622,26701.382812,5.00e-05,9086.41,1574.50,14329292,N/A,2025-08-11 19:11:35
4493,11.040944,8.757622,26701.382812,5.00e-05,8904.84,1352.50,14331997,N/A,2025-08-11 19:11:35
4494,12.965783,8.757622,26701.382812,5.00e-05,9023.04,1709.50,14335416,N/A,2025-08-11 19:11:36
4495,12.525182,8.757622,26701.382812,5.00e-05,8979.34,1833.50,14339083,N/A,2025-08-11 19:11:36
4496,10.787864,8.757622,26701.382812,5.00e-05,8944.27,1335.50,14341754,N/A,2025-08-11 19:11:36
4497,11.975343,8.757622,26701.382812,5.00e-05,8922.03,1361.50,14344477,N/A,2025-08-11 19:11:37
4498,11.972618,8.757622,26701.382812,5.00e-05,8965.51,1564.00,14347605,N/A,2025-08-11 19:11:37
4499,11.619414,8.757622,26701.382812,5.00e-05,9013.64,1686.50,14350978,N/A,2025-08-11 19:11:38
4500,13.740389,8.757622,26701.382812,5.00e-05,9267.87,1841.00,14354660,1.0000,2025-08-11 19:11:38
4501,14.710118,8.757622,26701.382812,5.00e-05,7551.62,2048.00,14358756,N/A,2025-08-11 19:11:39
4502,14.583470,8.757622,26701.382812,5.00e-05,7613.42,1715.00,14362186,N/A,2025-08-11 19:11:40
4503,13.152267,8.757622,26701.382812,5.00e-05,7895.51,1973.50,14366133,N/A,2025-08-11 19:11:40
4504,10.005259,8.757622,26701.382812,5.00e-05,7649.01,1174.00,14368481,N/A,2025-08-11 19:11:40
4505,15.787740,8.757622,26701.382812,5.00e-05,7571.04,1730.00,14371941,N/A,2025-08-11 19:11:41
4506,16.119215,8.757622,26701.382812,5.00e-05,7890.51,2026.00,14375993,N/A,2025-08-11 19:11:41
4507,10.254117,8.757622,26701.382812,5.00e-05,7832.40,1233.50,14378460,N/A,2025-08-11 19:11:42
4508,21.630861,8.757622,26701.382812,5.00e-05,8058.21,2048.00,14382556,N/A,2025-08-11 19:11:42
4509,13.991844,8.757622,26701.382812,5.00e-05,8157.17,1725.50,14386007,N/A,2025-08-11 19:11:42
4510,14.884982,8.757622,26701.382812,5.00e-05,9847.90,1762.50,14389532,1.0000,2025-08-11 19:11:43
4511,9.814207,8.757622,26701.382812,5.00e-05,9315.57,1146.50,14391825,N/A,2025-08-11 19:11:43
4512,9.790260,8.757622,26701.382812,5.00e-05,9105.20,1335.50,14394496,N/A,2025-08-11 19:11:44
4513,14.492176,8.757622,26701.382812,5.00e-05,9049.88,1879.50,14398255,N/A,2025-08-11 19:11:44
4514,10.268331,8.757622,26701.382812,5.00e-05,9126.42,1219.50,14400694,N/A,2025-08-11 19:11:44
4515,16.021103,8.757622,26701.382812,5.00e-05,9200.48,1957.50,14404609,N/A,2025-08-11 19:11:45
4516,7.584458,8.757622,26701.382812,5.00e-05,8554.24,1062.50,14406734,N/A,2025-08-11 19:11:45
4517,8.440493,8.757622,26701.382812,5.00e-05,8460.54,1049.00,14408832,N/A,2025-08-11 19:11:46
4518,12.762317,8.757622,26701.382812,5.00e-05,8339.24,1692.00,14412216,N/A,2025-08-11 19:11:46
4519,17.432226,8.757622,26701.382812,5.00e-05,8627.67,1934.50,14416085,N/A,2025-08-11 19:11:46
4520,14.863376,8.757622,26701.382812,5.00e-05,8228.46,1322.00,14418729,1.0000,2025-08-11 19:11:47
4521,14.294766,8.757622,26701.382812,5.00e-05,8622.43,1864.50,14422458,N/A,2025-08-11 19:11:47
4522,10.476284,8.757622,26701.382812,5.00e-05,8647.23,1380.00,14425218,N/A,2025-08-11 19:11:48
4523,9.633175,8.757622,26701.382812,5.00e-05,8255.28,1263.00,14427744,N/A,2025-08-11 19:11:48
4524,10.231873,8.757622,26701.382812,5.00e-05,8364.85,1321.50,14430387,N/A,2025-08-11 19:11:48
4525,14.211158,8.757622,26701.382812,5.00e-05,8247.78,1570.00,14433527,N/A,2025-08-11 19:11:49
4526,16.350075,8.757622,26701.382812,5.00e-05,8659.68,1893.00,14437313,N/A,2025-08-11 19:11:49
4527,21.376795,8.757622,26701.382812,5.00e-05,9181.01,1950.50,14441214,N/A,2025-08-11 19:11:49
4528,17.275515,8.757622,26701.382812,5.00e-05,9227.20,1800.00,14444814,N/A,2025-08-11 19:11:50
4529,13.696788,8.757622,26701.382812,5.00e-05,9377.11,1947.50,14448709,N/A,2025-08-11 19:11:50
4530,10.611615,8.757622,26701.382812,5.00e-05,9243.27,1438.00,14451585,1.0000,2025-08-11 19:11:51
4531,11.605798,8.757622,26701.382812,5.00e-05,9022.24,1558.00,14454701,N/A,2025-08-11 19:11:51
4532,12.032564,8.757622,26701.382812,5.00e-05,9284.74,1751.00,14458203,N/A,2025-08-11 19:11:51
4533,11.669107,8.757622,26701.382812,5.00e-05,9178.12,1238.00,14460679,N/A,2025-08-11 19:11:52
4534,12.166168,8.757622,26701.382812,5.00e-05,9171.57,1423.50,14463526,N/A,2025-08-11 19:11:52
4535,17.644941,8.757622,26701.382812,5.00e-05,9321.50,1726.50,14466979,N/A,2025-08-11 19:11:53
4536,16.516459,8.757622,26701.382812,5.00e-05,9293.50,1891.50,14470762,N/A,2025-08-11 19:11:53
4537,13.002703,8.757622,26701.382812,5.00e-05,9157.78,1677.00,14474116,N/A,2025-08-11 19:11:53
4538,17.279501,8.757622,26701.382812,5.00e-05,9331.71,2048.00,14478212,N/A,2025-08-11 19:11:54
4539,12.556966,8.757622,26701.382812,5.00e-05,9253.77,1462.50,14481137,N/A,2025-08-11 19:11:54
4540,12.752411,8.757622,26701.382812,5.00e-05,9219.38,1568.50,14484274,1.0000,2025-08-11 19:11:55
4541,14.632210,8.757622,26701.382812,5.00e-05,9357.31,1825.00,14487924,N/A,2025-08-11 19:11:55
4542,8.843886,8.757622,26701.382812,5.00e-05,9098.45,1206.00,14490336,N/A,2025-08-11 19:11:55
4543,14.738840,8.757622,26701.382812,5.00e-05,9478.17,1788.50,14493913,N/A,2025-08-11 19:11:56
4544,8.091445,8.757622,26701.382812,5.00e-05,9279.53,1103.00,14496119,N/A,2025-08-11 19:11:56
4545,15.462484,8.757622,26701.382812,5.00e-05,9417.52,1998.00,14500115,N/A,2025-08-11 19:11:57
4546,14.777852,8.757622,26701.382812,5.00e-05,9303.22,1692.00,14503499,N/A,2025-08-11 19:11:57
4547,8.754550,8.757622,26701.382812,5.00e-05,9118.69,1318.50,14506136,N/A,2025-08-11 19:11:57
4548,10.796728,8.757622,26701.382812,5.00e-05,8609.71,1266.00,14508668,N/A,2025-08-11 19:11:58
4549,9.099412,8.757622,26701.382812,5.00e-05,8536.84,1116.00,14510900,N/A,2025-08-11 19:11:58
4550,9.461858,8.757622,26701.382812,5.00e-05,8165.72,1378.50,14513657,1.0000,2025-08-11 19:11:59
4551,13.736535,8.757622,26701.382812,5.00e-05,8336.75,2042.50,14517742,N/A,2025-08-11 19:11:59
4552,14.533759,8.757622,26701.382812,5.00e-05,8407.69,1488.50,14520719,N/A,2025-08-11 19:11:59
4553,17.597649,8.757622,26701.382812,5.00e-05,8402.99,1764.00,14524247,N/A,2025-08-11 19:12:00
4554,12.501602,8.757622,26701.382812,5.00e-05,8714.08,1606.00,14527459,N/A,2025-08-11 19:12:00
4555,7.062968,8.757622,26701.382812,5.00e-05,8208.54,1078.50,14529616,N/A,2025-08-11 19:12:01
4556,11.535278,8.757622,26701.382812,5.00e-05,7917.76,1249.50,14532115,N/A,2025-08-11 19:12:01
4557,13.613842,8.757622,26701.382812,5.00e-05,8099.89,1531.50,14535178,N/A,2025-08-11 19:12:01
4558,14.769330,8.757622,26701.382812,5.00e-05,8492.44,1932.50,14539043,N/A,2025-08-11 19:12:02
4559,17.822701,8.757622,26701.382812,5.00e-05,9283.08,2015.50,14543074,N/A,2025-08-11 19:12:02
4560,11.721482,8.757622,26701.382812,5.00e-05,9067.60,1452.50,14545979,1.0000,2025-08-11 19:12:03
4561,13.625227,8.757622,26701.382812,5.00e-05,9047.44,1903.50,14549786,N/A,2025-08-11 19:12:03
4562,8.081455,8.757622,26701.382812,5.00e-05,8853.95,1149.00,14552084,N/A,2025-08-11 19:12:03
4563,10.425708,8.757622,26701.382812,5.00e-05,8581.67,1263.00,14554610,N/A,2025-08-11 19:12:04
4564,14.208428,8.757622,26701.382812,5.00e-05,8711.88,1885.50,14558381,N/A,2025-08-11 19:12:04
4565,15.964690,8.757622,26701.382812,5.00e-05,9156.53,1772.00,14561925,N/A,2025-08-11 19:12:04
4566,16.961283,8.757622,26701.382812,5.00e-05,9493.02,1856.00,14565637,N/A,2025-08-11 19:12:05
4567,15.634911,8.757622,26701.382812,5.00e-05,9776.70,2026.00,14569689,N/A,2025-08-11 19:12:05
4568,14.075357,8.757622,26701.382812,5.00e-05,9767.73,1904.50,14573498,N/A,2025-08-11 19:12:06
4569,8.096556,8.757622,26701.382812,5.00e-05,9563.30,1239.00,14575976,N/A,2025-08-11 19:12:06
4570,11.129808,8.757622,26701.382812,5.00e-05,9325.65,1366.00,14578708,1.0000,2025-08-11 19:12:06
4571,14.409650,8.757622,26701.382812,5.00e-05,9114.99,1672.00,14582052,N/A,2025-08-11 19:12:07
4572,12.867812,8.757622,26701.382812,5.00e-05,9199.00,1419.00,14584890,N/A,2025-08-11 19:12:07
4573,13.821677,8.757622,26701.382812,5.00e-05,9533.43,1829.50,14588549,N/A,2025-08-11 19:12:08
4574,13.860625,8.757622,26701.382812,5.00e-05,9316.97,1559.00,14591667,N/A,2025-08-11 19:12:08
4575,17.802656,8.757622,26701.382812,5.00e-05,9327.88,1878.50,14595424,N/A,2025-08-11 19:12:08
4576,8.921864,8.757622,26701.382812,5.00e-05,8951.36,1158.00,14597740,N/A,2025-08-11 19:12:09
4577,13.131042,8.757622,26701.382812,5.00e-05,8674.91,1624.00,14600988,N/A,2025-08-11 19:12:09
4578,10.191331,8.757622,26701.382812,5.00e-05,8472.44,1500.50,14603989,N/A,2025-08-11 19:12:10
4579,17.792614,8.757622,26701.382812,5.00e-05,8966.35,1826.00,14607641,N/A,2025-08-11 19:12:10
4580,11.564183,8.757622,26701.382812,5.00e-05,8957.67,1592.50,14610826,1.0000,2025-08-11 19:12:10
4581,10.222359,8.757622,26701.382812,5.00e-05,8728.96,1216.50,14613259,N/A,2025-08-11 19:12:11
4582,11.595996,8.757622,26701.382812,5.00e-05,8668.78,1413.00,14616085,N/A,2025-08-11 19:12:11
4583,7.938569,8.757622,26701.382812,5.00e-05,8208.62,1057.50,14618200,N/A,2025-08-11 19:12:12
4584,11.944076,8.757622,26701.382812,5.00e-05,8174.18,1444.00,14621088,N/A,2025-08-11 19:12:12
4585,22.342821,8.757622,26701.382812,5.00e-05,8183.61,1905.00,14624898,N/A,2025-08-11 19:12:12
4586,12.314530,8.757622,26701.382812,5.00e-05,8364.97,1405.50,14627709,N/A,2025-08-11 19:12:13
4587,10.438637,8.757622,26701.382812,5.00e-05,8244.74,1441.50,14630592,N/A,2025-08-11 19:12:13
4588,9.784597,8.757622,26701.382812,5.00e-05,8154.60,1278.00,14633148,N/A,2025-08-11 19:12:14
4589,10.610178,8.757622,26701.382812,5.00e-05,8166.59,1519.00,14636186,N/A,2025-08-11 19:12:14
4590,15.300477,8.757622,26701.382812,5.00e-05,8249.78,2018.00,14640222,1.0000,2025-08-11 19:12:14
4591,8.296284,8.757622,26701.382812,5.00e-05,8217.30,1053.00,14642328,N/A,2025-08-11 19:12:15
4592,16.579922,8.757622,26701.382812,5.00e-05,8429.17,1753.50,14645835,N/A,2025-08-11 19:12:15
4593,11.749563,8.757622,26701.382812,5.00e-05,8608.56,1335.50,14648506,N/A,2025-08-11 19:12:16
4594,16.619677,8.757622,26701.382812,5.00e-05,8879.33,1930.50,14652367,N/A,2025-08-11 19:12:16
4595,10.327738,8.757622,26701.382812,5.00e-05,8486.55,1186.00,14654739,N/A,2025-08-11 19:12:16
4596,14.320123,8.757622,26701.382812,5.00e-05,8636.68,1637.00,14658013,N/A,2025-08-11 19:12:17
4597,12.635561,8.757622,26701.382812,5.00e-05,8640.36,1501.50,14661016,N/A,2025-08-11 19:12:17
4598,9.672922,8.757622,26701.382812,5.00e-05,8588.13,1227.00,14663470,N/A,2025-08-11 19:12:17
4599,13.705293,8.757622,26701.382812,5.00e-05,8827.45,1694.00,14666858,N/A,2025-08-11 19:12:18
4600,17.981676,8.757622,26701.382812,5.00e-05,8576.36,2020.50,14670899,1.0000,2025-08-11 19:12:18
4601,13.695014,8.757622,26701.382812,5.00e-05,7562.27,1998.50,14674896,N/A,2025-08-11 19:12:19
4602,16.133144,8.757622,26701.382812,5.00e-05,7573.52,1765.50,14678427,N/A,2025-08-11 19:12:20
4603,16.401491,8.757622,26701.382812,5.00e-05,7715.85,1619.50,14681666,N/A,2025-08-11 19:12:20
4604,13.208238,8.757622,26701.382812,5.00e-05,7668.89,1880.50,14685427,N/A,2025-08-11 19:12:21
4605,11.517304,8.757622,26701.382812,5.00e-05,7747.49,1369.00,14688165,N/A,2025-08-11 19:12:21
4606,12.959054,8.757622,26701.382812,5.00e-05,7778.95,1633.00,14691431,N/A,2025-08-11 19:12:21
4607,17.272121,8.757622,26701.382812,5.00e-05,7907.64,1806.50,14695044,N/A,2025-08-11 19:12:22
4608,9.922628,8.757622,26701.382812,5.00e-05,7873.98,1060.50,14697165,N/A,2025-08-11 19:12:22
4609,15.423327,8.757622,26701.382812,5.00e-05,8098.02,1850.50,14700866,N/A,2025-08-11 19:12:23
4610,15.216830,8.757622,26701.382812,5.00e-05,9489.54,1755.50,14704377,1.0000,2025-08-11 19:12:23
4611,11.318089,8.757622,26701.382812,5.00e-05,9050.68,1342.00,14707061,N/A,2025-08-11 19:12:23
4612,7.225657,8.757622,26701.382812,5.00e-05,8588.77,1057.50,14709176,N/A,2025-08-11 19:12:24
4613,18.396618,8.757622,26701.382812,5.00e-05,8819.29,2048.00,14713272,N/A,2025-08-11 19:12:24
4614,12.918015,8.757622,26701.382812,5.00e-05,8695.85,1791.00,14716854,N/A,2025-08-11 19:12:25
4615,11.964413,8.757622,26701.382812,5.00e-05,8882.42,1727.00,14720308,N/A,2025-08-11 19:12:25
4616,7.783870,8.757622,26701.382812,5.00e-05,8670.16,1163.50,14722635,N/A,2025-08-11 19:12:25
4617,10.499402,8.757622,26701.382812,5.00e-05,8327.72,1175.00,14724985,N/A,2025-08-11 19:12:26
4618,19.681913,8.757622,26701.382812,5.00e-05,8839.55,2004.00,14728993,N/A,2025-08-11 19:12:26
4619,16.995520,8.757622,26701.382812,5.00e-05,9120.67,2023.00,14733039,N/A,2025-08-11 19:12:27
4620,14.091663,8.757622,26701.382812,5.00e-05,8968.66,1784.00,14736607,1.0000,2025-08-11 19:12:27
4621,11.106316,8.757622,26701.382812,5.00e-05,9101.37,1496.50,14739600,N/A,2025-08-11 19:12:27
4622,8.458347,8.757622,26701.382812,5.00e-05,9267.55,1293.50,14742187,N/A,2025-08-11 19:12:28
4623,14.861132,8.757622,26701.382812,5.00e-05,9196.66,1794.50,14745776,N/A,2025-08-11 19:12:28
4624,10.294935,8.757622,26701.382812,5.00e-05,8837.11,1198.50,14748173,N/A,2025-08-11 19:12:29
4625,15.968439,8.757622,26701.382812,5.00e-05,8987.22,2014.50,14752202,N/A,2025-08-11 19:12:29
4626,14.623755,8.757622,26701.382812,5.00e-05,9462.85,2022.00,14756246,N/A,2025-08-11 19:12:29
4627,14.315818,8.757622,26701.382812,5.00e-05,9850.91,1720.50,14759687,N/A,2025-08-11 19:12:30
4628,14.130961,8.757622,26701.382812,5.00e-05,9477.79,1359.50,14762406,N/A,2025-08-11 19:12:30
4629,15.695130,8.757622,26701.382812,5.00e-05,9618.21,1841.00,14766088,N/A,2025-08-11 19:12:30
4630,11.473722,8.757622,26701.382812,5.00e-05,9293.10,1538.50,14769165,1.0000,2025-08-11 19:12:31
4631,17.840883,8.757622,26701.382812,5.00e-05,9479.62,1829.00,14772823,N/A,2025-08-11 19:12:31
4632,13.054087,8.757622,26701.382812,5.00e-05,9733.26,1827.50,14776478,N/A,2025-08-11 19:12:32
4633,7.684961,8.757622,26701.382812,5.00e-05,9329.08,1042.50,14778563,N/A,2025-08-11 19:12:32
4634,9.758599,8.757622,26701.382812,5.00e-05,9258.07,1032.00,14780627,N/A,2025-08-11 19:12:32
4635,13.309592,8.757622,26701.382812,5.00e-05,9244.69,2008.00,14784643,N/A,2025-08-11 19:12:33
4636,14.696182,8.757622,26701.382812,5.00e-05,9045.60,1933.00,14788509,N/A,2025-08-11 19:12:33
4637,15.780395,8.757622,26701.382812,5.00e-05,9055.04,1738.00,14791985,N/A,2025-08-11 19:12:34
4638,15.829076,8.757622,26701.382812,5.00e-05,9436.67,2034.00,14796053,N/A,2025-08-11 19:12:34
4639,13.520904,8.757622,26701.382812,5.00e-05,9462.39,1638.00,14799329,N/A,2025-08-11 19:12:34
4640,15.847128,8.757622,26701.382812,5.00e-05,9347.60,1609.00,14802547,1.0000,2025-08-11 19:12:35
4641,19.011782,8.757622,26701.382812,5.00e-05,9480.43,1965.50,14806478,N/A,2025-08-11 19:12:35
4642,15.890308,8.757622,26701.382812,5.00e-05,9387.81,1763.50,14810005,N/A,2025-08-11 19:12:36
4643,16.208414,8.757622,26701.382812,5.00e-05,9867.07,1922.00,14813849,N/A,2025-08-11 19:12:36
4644,12.378819,8.757622,26701.382812,5.00e-05,10100.34,1411.50,14816672,N/A,2025-08-11 19:12:36
4645,18.003540,8.757622,26701.382812,5.00e-05,10163.20,1898.50,14820469,N/A,2025-08-11 19:12:37
4646,13.269434,8.757622,26701.382812,5.00e-05,10155.54,1924.00,14824317,N/A,2025-08-11 19:12:37
4647,12.985571,8.757622,26701.382812,5.00e-05,9948.23,1555.50,14827428,N/A,2025-08-11 19:12:38
4648,13.972063,8.757622,26701.382812,5.00e-05,9683.50,1615.50,14830659,N/A,2025-08-11 19:12:38
4649,14.826374,8.757622,26701.382812,5.00e-05,9899.11,1710.50,14834080,N/A,2025-08-11 19:12:38
4650,18.369576,8.757622,26701.382812,5.00e-05,9957.50,1984.50,14838049,1.0000,2025-08-11 19:12:39
4651,13.917093,8.757622,26701.382812,5.00e-05,9747.75,1566.00,14841181,N/A,2025-08-11 19:12:39
4652,12.800109,8.757622,26701.382812,5.00e-05,9682.81,1821.50,14844824,N/A,2025-08-11 19:12:40
4653,13.865258,8.757622,26701.382812,5.00e-05,9527.13,1731.00,14848286,N/A,2025-08-11 19:12:40
4654,12.431458,8.757622,26701.382812,5.00e-05,9572.54,1432.50,14851151,N/A,2025-08-11 19:12:40
4655,15.048648,8.757622,26701.382812,5.00e-05,9458.32,1773.50,14854698,N/A,2025-08-11 19:12:41
4656,11.056201,8.757622,26701.382812,5.00e-05,9140.66,1175.00,14857048,N/A,2025-08-11 19:12:41
4657,17.001795,8.757622,26701.382812,5.00e-05,9375.02,1950.00,14860948,N/A,2025-08-11 19:12:42
4658,9.755243,8.757622,26701.382812,5.00e-05,9107.67,1133.00,14863214,N/A,2025-08-11 19:12:42
4659,13.147398,8.757622,26701.382812,5.00e-05,9244.96,1694.00,14866602,N/A,2025-08-11 19:12:42
4660,14.707011,8.757622,26701.382812,5.00e-05,8984.27,1777.50,14870157,1.0000,2025-08-11 19:12:43
4661,15.729115,8.757622,26701.382812,5.00e-05,9238.94,1866.00,14873889,N/A,2025-08-11 19:12:43
4662,11.518620,8.757622,26701.382812,5.00e-05,9086.94,1480.50,14876850,N/A,2025-08-11 19:12:44
4663,19.712919,8.757622,26701.382812,5.00e-05,9165.73,1964.00,14880778,N/A,2025-08-11 19:12:44
4664,15.354711,8.757622,26701.382812,5.00e-05,9506.54,1958.50,14884695,N/A,2025-08-11 19:12:44
4665,12.237162,8.757622,26701.382812,5.00e-05,9436.29,1677.50,14888050,N/A,2025-08-11 19:12:45
4666,13.095683,8.757622,26701.382812,5.00e-05,9890.80,1876.50,14891803,N/A,2025-08-11 19:12:45
4667,9.699863,8.757622,26701.382812,5.00e-05,9379.57,1157.00,14894117,N/A,2025-08-11 19:12:45
4668,11.873307,8.757622,26701.382812,5.00e-05,9698.77,1682.00,14897481,N/A,2025-08-11 19:12:46
4669,12.849933,8.757622,26701.382812,5.00e-05,9904.60,1693.00,14900867,N/A,2025-08-11 19:12:46
4670,15.567893,8.757622,26701.382812,5.00e-05,9818.33,1957.00,14904781,1.0000,2025-08-11 19:12:47
4671,12.269213,8.757622,26701.382812,5.00e-05,9478.76,1365.50,14907512,N/A,2025-08-11 19:12:47
4672,14.195289,8.757622,26701.382812,5.00e-05,9661.90,1696.50,14910905,N/A,2025-08-11 19:12:47
4673,10.632720,8.757622,26701.382812,5.00e-05,9237.84,1266.50,14913438,N/A,2025-08-11 19:12:48
4674,9.778700,8.757622,26701.382812,5.00e-05,8860.47,1299.00,14916036,N/A,2025-08-11 19:12:48
4675,16.211075,8.757622,26701.382812,5.00e-05,9027.36,1996.00,14920028,N/A,2025-08-11 19:12:49
4676,9.243561,8.757622,26701.382812,5.00e-05,8673.84,1149.00,14922326,N/A,2025-08-11 19:12:49
4677,14.980445,8.757622,26701.382812,5.00e-05,9037.48,1919.50,14926165,N/A,2025-08-11 19:12:49
4678,19.174377,8.757622,26701.382812,5.00e-05,9112.67,1926.00,14930017,N/A,2025-08-11 19:12:50
4679,14.759991,8.757622,26701.382812,5.00e-05,9422.81,1932.00,14933881,N/A,2025-08-11 19:12:50
4680,15.870263,8.757622,26701.382812,5.00e-05,9222.16,1822.50,14937526,1.0000,2025-08-11 19:12:51
4681,13.959788,8.757622,26701.382812,5.00e-05,9345.50,1601.00,14940728,N/A,2025-08-11 19:12:51
4682,13.469932,8.757622,26701.382812,5.00e-05,9376.40,1727.50,14944183,N/A,2025-08-11 19:12:51
4683,12.410469,8.757622,26701.382812,5.00e-05,9408.50,1327.50,14946838,N/A,2025-08-11 19:12:52
4684,15.308668,8.757622,26701.382812,5.00e-05,9676.89,1745.00,14950328,N/A,2025-08-11 19:12:52
4685,12.188920,8.757622,26701.382812,5.00e-05,9524.77,1883.50,14954095,N/A,2025-08-11 19:12:53
4686,11.788645,8.757622,26701.382812,5.00e-05,9554.45,1162.50,14956420,N/A,2025-08-11 19:12:53
4687,12.009560,8.757622,26701.382812,5.00e-05,9446.42,1705.00,14959830,N/A,2025-08-11 19:12:53
4688,16.019199,8.757622,26701.382812,5.00e-05,9374.31,1840.50,14963511,N/A,2025-08-11 19:12:54
4689,16.808235,8.757622,26701.382812,5.00e-05,9553.71,1959.00,14967429,N/A,2025-08-11 19:12:54
4690,12.618516,8.757622,26701.382812,5.00e-05,9307.88,1746.00,14970921,1.0000,2025-08-11 19:12:55
4691,17.666916,8.757622,26701.382812,5.00e-05,9490.67,1872.50,14974666,N/A,2025-08-11 19:12:55
4692,9.648932,8.757622,26701.382812,5.00e-05,9252.93,1301.00,14977268,N/A,2025-08-11 19:12:55
4693,14.825220,8.757622,26701.382812,5.00e-05,9510.97,1798.00,14980864,N/A,2025-08-11 19:12:56
4694,11.351128,8.757622,26701.382812,5.00e-05,9461.58,1510.50,14983885,N/A,2025-08-11 19:12:56
4695,5.847349,8.757622,26701.382812,5.00e-05,9044.03,1048.00,14985981,N/A,2025-08-11 19:12:56
4696,11.361615,8.757622,26701.382812,5.00e-05,9171.43,1398.50,14988778,N/A,2025-08-11 19:12:57
4697,14.946486,8.757622,26701.382812,5.00e-05,9316.39,1892.50,14992563,N/A,2025-08-11 19:12:57
4698,15.069161,8.757622,26701.382812,5.00e-05,9358.08,1890.50,14996344,N/A,2025-08-11 19:12:58
4699,13.776681,8.757622,26701.382812,5.00e-05,9416.92,1719.00,14999782,N/A,2025-08-11 19:12:58
4700,12.552070,8.757622,26701.382812,5.00e-05,9038.40,1528.00,15002838,1.0000,2025-08-11 19:12:59
4701,10.030447,8.757622,26701.382812,5.00e-05,6945.82,1314.00,15005466,N/A,2025-08-11 19:13:00
4702,16.606955,8.757622,26701.382812,5.00e-05,7190.72,1842.00,15009150,N/A,2025-08-11 19:13:00
4703,17.728886,8.757622,26701.382812,5.00e-05,7259.30,1942.50,15013035,N/A,2025-08-11 19:13:01
4704,12.249899,8.757622,26701.382812,5.00e-05,7204.49,1401.00,15015837,N/A,2025-08-11 19:13:01
4705,11.000866,8.757622,26701.382812,5.00e-05,7398.54,1381.50,15018600,N/A,2025-08-11 19:13:01
4706,10.704762,8.757622,26701.382812,5.00e-05,7349.27,1287.50,15021175,N/A,2025-08-11 19:13:02
4707,14.061518,8.757622,26701.382812,5.00e-05,7091.99,1310.50,15023796,N/A,2025-08-11 19:13:02
4708,11.106183,8.757622,26701.382812,5.00e-05,6896.32,1433.00,15026662,N/A,2025-08-11 19:13:02
4709,18.661581,8.757622,26701.382812,5.00e-05,7183.37,2028.00,15030718,N/A,2025-08-11 19:13:03
4710,18.985926,8.757622,26701.382812,5.00e-05,9125.12,1976.00,15034670,1.0000,2025-08-11 19:13:03
4711,13.349757,8.757622,26701.382812,5.00e-05,9409.45,1785.50,15038241,N/A,2025-08-11 19:13:04
4712,11.731296,8.757622,26701.382812,5.00e-05,9158.33,1415.50,15041072,N/A,2025-08-11 19:13:04
4713,11.154820,8.757622,26701.382812,5.00e-05,8912.89,1502.00,15044076,N/A,2025-08-11 19:13:04
4714,10.686169,8.757622,26701.382812,5.00e-05,8856.02,1320.00,15046716,N/A,2025-08-11 19:13:05
4715,16.855646,8.757622,26701.382812,5.00e-05,9122.74,1840.00,15050396,N/A,2025-08-11 19:13:05
4716,13.829783,8.757622,26701.382812,5.00e-05,9226.95,1475.00,15053346,N/A,2025-08-11 19:13:06
4717,10.495810,8.757622,26701.382812,5.00e-05,9059.10,1217.00,15055780,N/A,2025-08-11 19:13:06
4718,21.062399,8.757622,26701.382812,5.00e-05,9172.59,1613.00,15059006,N/A,2025-08-11 19:13:06
4719,8.985770,8.757622,26701.382812,5.00e-05,8877.38,1105.00,15061216,N/A,2025-08-11 19:13:07
4720,13.111270,8.757622,26701.382812,5.00e-05,8473.35,1572.00,15064360,1.0000,2025-08-11 19:13:07
4721,11.032058,8.757622,26701.382812,5.00e-05,8192.02,1281.00,15066922,N/A,2025-08-11 19:13:08
4722,29.605566,8.757622,26701.382812,5.00e-05,8527.49,2048.00,15071018,N/A,2025-08-11 19:13:08
4723,9.867585,8.757622,26701.382812,5.00e-05,8318.14,1160.50,15073339,N/A,2025-08-11 19:13:08
4724,15.524013,8.757622,26701.382812,5.00e-05,8672.69,1947.00,15077233,N/A,2025-08-11 19:13:09
4725,15.675047,8.757622,26701.382812,5.00e-05,8688.68,1865.50,15080964,N/A,2025-08-11 19:13:09
4726,13.431654,8.757622,26701.382812,5.00e-05,9016.04,1849.00,15084662,N/A,2025-08-11 19:13:09
4727,11.256454,8.757622,26701.382812,5.00e-05,9084.90,1325.00,15087312,N/A,2025-08-11 19:13:10
4728,8.319228,8.757622,26701.382812,5.00e-05,8775.72,1083.00,15089478,N/A,2025-08-11 19:13:10
4729,15.728145,8.757622,26701.382812,5.00e-05,9341.45,1778.00,15093034,N/A,2025-08-11 19:13:11
4730,16.636221,8.757622,26701.382812,5.00e-05,9332.10,1927.50,15096889,1.0000,2025-08-11 19:13:11
4731,11.032647,8.757622,26701.382812,5.00e-05,9448.60,1503.50,15099896,N/A,2025-08-11 19:13:11
4732,14.938142,8.757622,26701.382812,5.00e-05,9349.63,1869.00,15103634,N/A,2025-08-11 19:13:12
4733,12.073372,8.757622,26701.382812,5.00e-05,9546.85,1532.50,15106699,N/A,2025-08-11 19:13:12
4734,9.956937,8.757622,26701.382812,5.00e-05,9237.07,1406.50,15109512,N/A,2025-08-11 19:13:13
4735,12.630854,8.757622,26701.382812,5.00e-05,8983.50,1504.00,15112520,N/A,2025-08-11 19:13:13
4736,7.485580,8.757622,26701.382812,5.00e-05,8505.44,1026.00,15114572,N/A,2025-08-11 19:13:13
4737,14.522191,8.757622,26701.382812,5.00e-05,8913.57,2039.00,15118650,N/A,2025-08-11 19:13:14
4738,8.756356,8.757622,26701.382812,5.00e-05,9023.44,1274.50,15121199,N/A,2025-08-11 19:13:14
4739,12.439047,8.757622,26701.382812,5.00e-05,9038.45,1460.50,15124120,N/A,2025-08-11 19:13:14
4740,14.196446,8.757622,26701.382812,5.00e-05,8813.61,1816.00,15127752,1.0000,2025-08-11 19:13:15
4741,14.712259,8.757622,26701.382812,5.00e-05,8921.02,1676.50,15131105,N/A,2025-08-11 19:13:15
4742,9.664575,8.757622,26701.382812,5.00e-05,8544.18,1230.50,15133566,N/A,2025-08-11 19:13:16
4743,12.276943,8.757622,26701.382812,5.00e-05,8660.49,1742.00,15137050,N/A,2025-08-11 19:13:16
4744,15.197364,8.757622,26701.382812,5.00e-05,8799.14,1586.50,15140223,N/A,2025-08-11 19:13:16
4745,14.982449,8.757622,26701.382812,5.00e-05,9092.00,2022.00,15144267,N/A,2025-08-11 19:13:17
4746,10.590169,8.757622,26701.382812,5.00e-05,9135.31,1120.00,15146507,N/A,2025-08-11 19:13:17
4747,14.287124,8.757622,26701.382812,5.00e-05,8938.21,1691.50,15149890,N/A,2025-08-11 19:13:18
4748,16.130634,8.757622,26701.382812,5.00e-05,9257.07,1883.50,15153657,N/A,2025-08-11 19:13:18
4749,14.531687,8.757622,26701.382812,5.00e-05,9731.18,1953.50,15157564,N/A,2025-08-11 19:13:18
4750,12.275118,8.757622,26701.382812,5.00e-05,9464.36,1721.50,15161007,1.0000,2025-08-11 19:13:19
4751,12.653084,8.757622,26701.382812,5.00e-05,9547.63,1851.00,15164709,N/A,2025-08-11 19:13:19
4752,8.998055,8.757622,26701.382812,5.00e-05,9449.84,1074.50,15166858,N/A,2025-08-11 19:13:20
4753,9.384634,8.757622,26701.382812,5.00e-05,9076.35,1072.00,15169002,N/A,2025-08-11 19:13:20
4754,16.095253,8.757622,26701.382812,5.00e-05,9323.01,2037.50,15173077,N/A,2025-08-11 19:13:20
4755,18.080473,8.757622,26701.382812,5.00e-05,9253.19,2029.00,15177135,N/A,2025-08-11 19:13:21
4756,12.363542,8.757622,26701.382812,5.00e-05,9669.05,1872.50,15180880,N/A,2025-08-11 19:13:21
4757,11.644542,8.757622,26701.382812,5.00e-05,9425.51,1194.50,15183269,N/A,2025-08-11 19:13:22
4758,13.437282,8.757622,26701.382812,5.00e-05,9174.45,1646.00,15186561,N/A,2025-08-11 19:13:22
4759,15.051115,8.757622,26701.382812,5.00e-05,9403.87,1986.50,15190534,N/A,2025-08-11 19:13:22
4760,10.894991,8.757622,26701.382812,5.00e-05,9010.54,1506.50,15193547,1.0000,2025-08-11 19:13:23
4761,16.105080,8.757622,26701.382812,5.00e-05,9033.03,1877.50,15197302,N/A,2025-08-11 19:13:23
4762,12.409251,8.757622,26701.382812,5.00e-05,9090.68,1412.50,15200127,N/A,2025-08-11 19:13:24
4763,10.353864,8.757622,26701.382812,5.00e-05,9252.03,1328.00,15202783,N/A,2025-08-11 19:13:24
4764,11.786967,8.757622,26701.382812,5.00e-05,9232.14,1893.50,15206570,N/A,2025-08-11 19:13:24
4765,13.541310,8.757622,26701.382812,5.00e-05,9173.36,1909.50,15210389,N/A,2025-08-11 19:13:25
4766,17.570173,8.757622,26701.382812,5.00e-05,9118.46,1880.00,15214149,N/A,2025-08-11 19:13:25
4767,17.262402,8.757622,26701.382812,5.00e-05,9699.25,2048.00,15218245,N/A,2025-08-11 19:13:26
4768,11.290158,8.757622,26701.382812,5.00e-05,9568.02,1409.50,15221064,N/A,2025-08-11 19:13:26
4769,11.499067,8.757622,26701.382812,5.00e-05,9335.54,1126.50,15223317,N/A,2025-08-11 19:13:26
4770,15.845032,8.757622,26701.382812,5.00e-05,9268.66,1809.00,15226935,1.0000,2025-08-11 19:13:27
4771,11.271447,8.757622,26701.382812,5.00e-05,9165.14,1490.50,15229916,N/A,2025-08-11 19:13:27
4772,6.440476,8.757622,26701.382812,5.00e-05,8918.35,1026.50,15231969,N/A,2025-08-11 19:13:28
4773,17.406561,8.757622,26701.382812,5.00e-05,9302.08,2016.50,15236002,N/A,2025-08-11 19:13:28
4774,8.364062,8.757622,26701.382812,5.00e-05,8872.17,1244.50,15238491,N/A,2025-08-11 19:13:28
4775,22.473000,8.757622,26701.382812,5.00e-05,8963.51,1996.50,15242484,N/A,2025-08-11 19:13:29
4776,9.721662,8.757622,26701.382812,5.00e-05,8594.36,1193.50,15244871,N/A,2025-08-11 19:13:29
4777,12.704835,8.757622,26701.382812,5.00e-05,8390.04,1761.50,15248394,N/A,2025-08-11 19:13:30
4778,12.828157,8.757622,26701.382812,5.00e-05,8573.23,1632.50,15251659,N/A,2025-08-11 19:13:30
4779,15.729165,8.757622,26701.382812,5.00e-05,9205.73,1925.50,15255510,N/A,2025-08-11 19:13:30
4780,8.355454,8.757622,26701.382812,5.00e-05,8432.77,1098.50,15257707,1.0000,2025-08-11 19:13:31
4781,12.385964,8.757622,26701.382812,5.00e-05,8532.70,1640.00,15260987,N/A,2025-08-11 19:13:31
4782,15.281588,8.757622,26701.382812,5.00e-05,7498.67,1647.50,15264282,N/A,2025-08-11 19:13:32
4783,12.975626,8.757622,26701.382812,5.00e-05,7387.05,1716.00,15267714,N/A,2025-08-11 19:13:33
4784,17.490381,8.757622,26701.382812,5.00e-05,7659.13,1930.50,15271575,N/A,2025-08-11 19:13:33
4785,12.595323,8.757622,26701.382812,5.00e-05,7626.70,1921.00,15275417,N/A,2025-08-11 19:13:33
4786,11.558882,8.757622,26701.382812,5.00e-05,7768.54,1442.50,15278302,N/A,2025-08-11 19:13:34
4787,15.741954,8.757622,26701.382812,5.00e-05,7703.88,1792.00,15281886,N/A,2025-08-11 19:13:34
4788,15.938038,8.757622,26701.382812,5.00e-05,7806.18,1772.50,15285431,N/A,2025-08-11 19:13:35
4789,14.233335,8.757622,26701.382812,5.00e-05,8008.99,1834.00,15289099,N/A,2025-08-11 19:13:35
4790,11.155728,8.757622,26701.382812,5.00e-05,7970.70,1411.50,15291922,1.0000,2025-08-11 19:13:36
4791,11.709333,8.757622,26701.382812,5.00e-05,9407.05,1540.00,15295002,N/A,2025-08-11 19:13:36
4792,8.106188,8.757622,26701.382812,5.00e-05,9130.96,1127.00,15297256,N/A,2025-08-11 19:13:36
4793,13.019922,8.757622,26701.382812,5.00e-05,9135.15,1725.00,15300706,N/A,2025-08-11 19:13:37
4794,13.280427,8.757622,26701.382812,5.00e-05,8928.29,1572.00,15303850,N/A,2025-08-11 19:13:37
4795,15.903808,8.757622,26701.382812,5.00e-05,8776.56,1715.00,15307280,N/A,2025-08-11 19:13:37
4796,13.665196,8.757622,26701.382812,5.00e-05,9019.91,1711.00,15310702,N/A,2025-08-11 19:13:38
4797,17.191126,8.757622,26701.382812,5.00e-05,8923.47,1651.00,15314004,N/A,2025-08-11 19:13:38
4798,11.626122,8.757622,26701.382812,5.00e-05,8852.40,1523.50,15317051,N/A,2025-08-11 19:13:39
4799,11.135177,8.757622,26701.382812,5.00e-05,8837.70,1388.50,15319828,N/A,2025-08-11 19:13:39
4800,14.787710,8.757622,26701.382812,5.00e-05,8908.95,1881.50,15323591,1.0000,2025-08-11 19:13:39
4801,15.826343,8.757622,26701.382812,5.00e-05,7318.04,1690.00,15326971,N/A,2025-08-11 19:13:41
4802,13.211851,8.757622,26701.382812,5.00e-05,7714.72,1872.50,15330716,N/A,2025-08-11 19:13:41
4803,11.932389,8.757622,26701.382812,5.00e-05,7589.07,1600.50,15333917,N/A,2025-08-11 19:13:41
4804,12.124485,8.757622,26701.382812,5.00e-05,7607.35,1542.00,15337001,N/A,2025-08-11 19:13:42
4805,13.590392,8.757622,26701.382812,5.00e-05,7642.63,1772.50,15340546,N/A,2025-08-11 19:13:42
4806,17.286196,8.757622,26701.382812,5.00e-05,7791.78,2012.00,15344570,N/A,2025-08-11 19:13:43
4807,13.579320,8.757622,26701.382812,5.00e-05,7698.15,1611.50,15347793,N/A,2025-08-11 19:13:43
4808,11.436781,8.757622,26701.382812,5.00e-05,7599.12,1460.50,15350714,N/A,2025-08-11 19:13:43
4809,14.190213,8.757622,26701.382812,5.00e-05,7936.48,1828.00,15354370,N/A,2025-08-11 19:13:44
4810,10.121865,8.757622,26701.382812,5.00e-05,9181.56,1278.00,15356926,1.0000,2025-08-11 19:13:44
4811,15.018195,8.757622,26701.382812,5.00e-05,9375.37,2048.00,15361022,N/A,2025-08-11 19:13:45
4812,13.519827,8.757622,26701.382812,5.00e-05,9306.33,1615.50,15364253,N/A,2025-08-11 19:13:45
4813,13.896397,8.757622,26701.382812,5.00e-05,9468.14,1899.00,15368051,N/A,2025-08-11 19:13:45
4814,8.919653,8.757622,26701.382812,5.00e-05,9335.82,1306.00,15370663,N/A,2025-08-11 19:13:46
4815,11.021828,8.757622,26701.382812,5.00e-05,9070.67,1331.50,15373326,N/A,2025-08-11 19:13:46
4816,15.328036,8.757622,26701.382812,5.00e-05,9190.65,2048.00,15377422,N/A,2025-08-11 19:13:47
4817,10.251313,8.757622,26701.382812,5.00e-05,9182.39,1410.00,15380242,N/A,2025-08-11 19:13:47
4818,13.672660,8.757622,26701.382812,5.00e-05,9215.57,1604.50,15383451,N/A,2025-08-11 19:13:47
4819,15.538437,8.757622,26701.382812,5.00e-05,9505.77,2001.00,15387453,N/A,2025-08-11 19:13:48
4820,13.678903,8.757622,26701.382812,5.00e-05,9505.95,1675.00,15390803,1.0000,2025-08-11 19:13:48
4821,15.122022,8.757622,26701.382812,5.00e-05,9433.37,1892.50,15394588,N/A,2025-08-11 19:13:49
4822,11.351128,8.757622,26701.382812,5.00e-05,9443.60,1618.50,15397825,N/A,2025-08-11 19:13:49
4823,13.250476,8.757622,26701.382812,5.00e-05,9163.63,1439.00,15400703,N/A,2025-08-11 19:13:49
4824,17.125309,8.757622,26701.382812,5.00e-05,9524.79,1940.00,15404583,N/A,2025-08-11 19:13:50
4825,11.290638,8.757622,26701.382812,5.00e-05,9515.07,1319.00,15407221,N/A,2025-08-11 19:13:50
4826,8.095033,8.757622,26701.382812,5.00e-05,8972.66,1064.50,15409350,N/A,2025-08-11 19:13:51
4827,13.235260,8.757622,26701.382812,5.00e-05,9259.49,1834.00,15413018,N/A,2025-08-11 19:13:51
4828,11.532985,8.757622,26701.382812,5.00e-05,9203.37,1492.50,15416003,N/A,2025-08-11 19:13:51
4829,9.773523,8.757622,26701.382812,5.00e-05,9074.66,1377.00,15418757,N/A,2025-08-11 19:13:52
4830,13.149421,8.757622,26701.382812,5.00e-05,8864.62,1724.00,15422205,1.0000,2025-08-11 19:13:52
4831,17.222000,8.757622,26701.382812,5.00e-05,8938.19,2021.50,15426248,N/A,2025-08-11 19:13:53
4832,14.802789,8.757622,26701.382812,5.00e-05,9015.57,1739.50,15429727,N/A,2025-08-11 19:13:53
4833,10.003472,8.757622,26701.382812,5.00e-05,8798.43,1031.50,15431790,N/A,2025-08-11 19:13:53
4834,10.593646,8.757622,26701.382812,5.00e-05,8488.19,1389.00,15434568,N/A,2025-08-11 19:13:54
4835,8.984389,8.757622,26701.382812,5.00e-05,8541.94,1616.50,15437801,N/A,2025-08-11 19:13:54
4836,18.902216,8.757622,26701.382812,5.00e-05,9007.13,1979.00,15441759,N/A,2025-08-11 19:13:54
4837,11.608510,8.757622,26701.382812,5.00e-05,8637.08,1081.50,15443922,N/A,2025-08-11 19:13:55
4838,13.945660,8.757622,26701.382812,5.00e-05,8737.88,1832.00,15447586,N/A,2025-08-11 19:13:55
4839,10.882428,8.757622,26701.382812,5.00e-05,8834.99,1112.50,15449811,N/A,2025-08-11 19:13:56
4840,13.221958,8.757622,26701.382812,5.00e-05,8679.12,1860.00,15453531,1.0000,2025-08-11 19:13:56
4841,10.528666,8.757622,26701.382812,5.00e-05,8445.36,1564.00,15456659,N/A,2025-08-11 19:13:56
4842,9.926670,8.757622,26701.382812,5.00e-05,8161.10,1236.00,15459131,N/A,2025-08-11 19:13:57
4843,10.719552,8.757622,26701.382812,5.00e-05,8416.77,1487.50,15462106,N/A,2025-08-11 19:13:57
4844,12.381438,8.757622,26701.382812,5.00e-05,8529.06,1489.00,15465084,N/A,2025-08-11 19:13:58
4845,12.936815,8.757622,26701.382812,5.00e-05,8692.24,1857.00,15468798,N/A,2025-08-11 19:13:58
4846,11.874119,8.757622,26701.382812,5.00e-05,8395.88,1451.00,15471700,N/A,2025-08-11 19:13:58
4847,15.053144,8.757622,26701.382812,5.00e-05,8817.85,1698.50,15475097,N/A,2025-08-11 19:13:59
4848,15.278866,8.757622,26701.382812,5.00e-05,8900.57,1976.00,15479049,N/A,2025-08-11 19:13:59
4849,12.065416,8.757622,26701.382812,5.00e-05,9310.73,1422.50,15481894,N/A,2025-08-11 19:14:00
4850,11.252771,8.757622,26701.382812,5.00e-05,8852.92,1367.50,15484629,1.0000,2025-08-11 19:14:00
4851,15.400812,8.757622,26701.382812,5.00e-05,8984.29,1780.00,15488189,N/A,2025-08-11 19:14:00
4852,15.038105,8.757622,26701.382812,5.00e-05,9233.29,1716.50,15491622,N/A,2025-08-11 19:14:01
4853,27.242413,8.757622,26701.382812,5.00e-05,9606.43,2048.00,15495718,N/A,2025-08-11 19:14:01
4854,16.158939,8.757622,26701.382812,5.00e-05,9890.65,1962.00,15499642,N/A,2025-08-11 19:14:02
4855,12.715722,8.757622,26701.382812,5.00e-05,9679.87,1595.50,15502833,N/A,2025-08-11 19:14:02
4856,14.578345,8.757622,26701.382812,5.00e-05,9892.70,1816.00,15506465,N/A,2025-08-11 19:14:02
4857,12.182419,8.757622,26701.382812,5.00e-05,9713.35,1400.50,15509266,N/A,2025-08-11 19:14:03
4858,12.890239,8.757622,26701.382812,5.00e-05,9640.06,1952.00,15513170,N/A,2025-08-11 19:14:03
4859,14.369187,8.757622,26701.382812,5.00e-05,10077.06,1956.00,15517082,N/A,2025-08-11 19:14:04
4860,13.127755,8.757622,26701.382812,5.00e-05,10033.84,1856.00,15520794,1.0000,2025-08-11 19:14:04
4861,13.783533,8.757622,26701.382812,5.00e-05,9839.64,1475.00,15523744,N/A,2025-08-11 19:14:04
4862,12.182570,8.757622,26701.382812,5.00e-05,9626.91,1297.50,15526339,N/A,2025-08-11 19:14:05
4863,12.018962,8.757622,26701.382812,5.00e-05,9338.98,1514.00,15529367,N/A,2025-08-11 19:14:05
4864,11.719851,8.757622,26701.382812,5.00e-05,9249.83,1729.50,15532826,N/A,2025-08-11 19:14:06
4865,16.184679,8.757622,26701.382812,5.00e-05,9487.76,2002.50,15536831,N/A,2025-08-11 19:14:06
4866,9.992133,8.757622,26701.382812,5.00e-05,9107.67,1126.00,15539083,N/A,2025-08-11 19:14:06
4867,9.304832,8.757622,26701.382812,5.00e-05,9045.58,1221.00,15541525,N/A,2025-08-11 19:14:07
4868,12.900263,8.757622,26701.382812,5.00e-05,8882.77,1570.50,15544666,N/A,2025-08-11 19:14:07
4869,16.633028,8.757622,26701.382812,5.00e-05,9015.54,1711.00,15548088,N/A,2025-08-11 19:14:07
4870,7.477815,8.757622,26701.382812,5.00e-05,8433.53,1098.50,15550285,1.0000,2025-08-11 19:14:08
4871,13.521196,8.757622,26701.382812,5.00e-05,8641.27,1858.00,15554001,N/A,2025-08-11 19:14:08
4872,10.091609,8.757622,26701.382812,5.00e-05,8670.47,1434.00,15556869,N/A,2025-08-11 19:14:09
4873,12.562984,8.757622,26701.382812,5.00e-05,8685.23,1504.00,15559877,N/A,2025-08-11 19:14:09
4874,18.494503,8.757622,26701.382812,5.00e-05,8849.97,2048.00,15563973,N/A,2025-08-11 19:14:09
4875,14.407131,8.757622,26701.382812,5.00e-05,8693.78,1766.00,15567505,N/A,2025-08-11 19:14:10
4876,10.264609,8.757622,26701.382812,5.00e-05,8927.73,1584.00,15570673,N/A,2025-08-11 19:14:10
4877,9.855653,8.757622,26701.382812,5.00e-05,8932.36,1277.50,15573228,N/A,2025-08-11 19:14:11
4878,14.583352,8.757622,26701.382812,5.00e-05,9153.99,1937.00,15577102,N/A,2025-08-11 19:14:11
4879,11.111638,8.757622,26701.382812,5.00e-05,9307.02,1620.00,15580342,N/A,2025-08-11 19:14:11
4880,10.367231,8.757622,26701.382812,5.00e-05,9151.04,1196.50,15582735,1.0000,2025-08-11 19:14:12
4881,19.863092,8.757622,26701.382812,5.00e-05,9308.66,2048.00,15586831,N/A,2025-08-11 19:14:12
4882,11.843433,8.757622,26701.382812,5.00e-05,9326.80,1468.00,15589767,N/A,2025-08-11 19:14:13
4883,10.956068,8.757622,26701.382812,5.00e-05,9117.48,1232.50,15592232,N/A,2025-08-11 19:14:13
4884,11.179600,8.757622,26701.382812,5.00e-05,8761.52,1494.00,15595220,N/A,2025-08-11 19:14:13
4885,12.325726,8.757622,26701.382812,5.00e-05,8624.29,1453.00,15598126,N/A,2025-08-11 19:14:14
4886,12.211114,8.757622,26701.382812,5.00e-05,8835.81,1933.50,15601993,N/A,2025-08-11 19:14:14
4887,20.178205,8.757622,26701.382812,5.00e-05,9137.44,1826.50,15605646,N/A,2025-08-11 19:14:15
4888,13.754894,8.757622,26701.382812,5.00e-05,8909.09,1563.00,15608772,N/A,2025-08-11 19:14:15
4889,15.673882,8.757622,26701.382812,5.00e-05,9180.35,1752.50,15612277,N/A,2025-08-11 19:14:15
4890,12.091237,8.757622,26701.382812,5.00e-05,9219.90,1711.50,15615700,1.0000,2025-08-11 19:14:16
4891,13.169375,8.757622,26701.382812,5.00e-05,8989.56,1687.00,15619074,N/A,2025-08-11 19:14:16
4892,15.019323,8.757622,26701.382812,5.00e-05,9285.34,1882.00,15622838,N/A,2025-08-11 19:14:17
4893,16.386084,8.757622,26701.382812,5.00e-05,9704.30,1816.00,15626470,N/A,2025-08-11 19:14:17
4894,12.560239,8.757622,26701.382812,5.00e-05,9746.68,1558.00,15629586,N/A,2025-08-11 19:14:17
4895,9.608181,8.757622,26701.382812,5.00e-05,9698.71,1376.00,15632338,N/A,2025-08-11 19:14:18
4896,12.644819,8.757622,26701.382812,5.00e-05,9518.47,1622.00,15635582,N/A,2025-08-11 19:14:18
4897,10.711107,8.757622,26701.382812,5.00e-05,9357.80,1627.50,15638837,N/A,2025-08-11 19:14:18
4898,11.651575,8.757622,26701.382812,5.00e-05,9380.31,1645.00,15642127,N/A,2025-08-11 19:14:19
4899,18.399885,8.757622,26701.382812,5.00e-05,9773.34,2015.00,15646157,N/A,2025-08-11 19:14:19
4900,10.492320,8.757622,26701.382812,5.00e-05,9417.39,1399.50,15648956,1.0000,2025-08-11 19:14:20
4901,12.829363,8.757622,26701.382812,5.00e-05,7600.33,1561.00,15652078,N/A,2025-08-11 19:14:21
4902,14.536311,8.757622,26701.382812,5.00e-05,7433.10,1715.00,15655508,N/A,2025-08-11 19:14:21
4903,14.270175,8.757622,26701.382812,5.00e-05,7495.82,1971.00,15659450,N/A,2025-08-11 19:14:22
4904,10.701646,8.757622,26701.382812,5.00e-05,7418.05,1369.50,15662189,N/A,2025-08-11 19:14:22
4905,10.818196,8.757622,26701.382812,5.00e-05,7524.79,1601.50,15665392,N/A,2025-08-11 19:14:22
4906,13.546067,8.757622,26701.382812,5.00e-05,7583.93,1691.50,15668775,N/A,2025-08-11 19:14:23
4907,13.591647,8.757622,26701.382812,5.00e-05,7638.84,1727.50,15672230,N/A,2025-08-11 19:14:23
4908,10.802947,8.757622,26701.382812,5.00e-05,7624.57,1589.00,15675408,N/A,2025-08-11 19:14:24
4909,17.140444,8.757622,26701.382812,5.00e-05,7776.49,2037.50,15679483,N/A,2025-08-11 19:14:24
4910,9.928943,8.757622,26701.382812,5.00e-05,9217.94,1105.00,15681693,1.0000,2025-08-11 19:14:24
4911,13.582599,8.757622,26701.382812,5.00e-05,9358.94,1578.00,15684849,N/A,2025-08-11 19:14:25
4912,14.602833,8.757622,26701.382812,5.00e-05,9498.14,1933.00,15688715,N/A,2025-08-11 19:14:25
4913,8.892766,8.757622,26701.382812,5.00e-05,9007.41,1152.00,15691019,N/A,2025-08-11 19:14:26
4914,11.298611,8.757622,26701.382812,5.00e-05,8987.58,1324.50,15693668,N/A,2025-08-11 19:14:26
4915,9.737030,8.757622,26701.382812,5.00e-05,8852.81,1352.50,15696373,N/A,2025-08-11 19:14:26
4916,13.863524,8.757622,26701.382812,5.00e-05,8632.93,1268.00,15698909,N/A,2025-08-11 19:14:27
4917,12.319245,8.757622,26701.382812,5.00e-05,8583.30,1637.50,15702184,N/A,2025-08-11 19:14:27
4918,14.598200,8.757622,26701.382812,5.00e-05,8695.73,1792.50,15705769,N/A,2025-08-11 19:14:27
4919,9.063382,8.757622,26701.382812,5.00e-05,8381.85,1203.00,15708175,N/A,2025-08-11 19:14:28
4920,11.456783,8.757622,26701.382812,5.00e-05,8436.32,1512.50,15711200,1.0000,2025-08-11 19:14:28
4921,17.832632,8.757622,26701.382812,5.00e-05,8697.08,2040.00,15715280,N/A,2025-08-11 19:14:29
4922,13.799141,8.757622,26701.382812,5.00e-05,8556.16,1665.50,15718611,N/A,2025-08-11 19:14:29
4923,16.097925,8.757622,26701.382812,5.00e-05,8914.10,1780.00,15722171,N/A,2025-08-11 19:14:29
4924,12.951462,8.757622,26701.382812,5.00e-05,8988.03,1532.00,15725235,N/A,2025-08-11 19:14:30
4925,10.377994,8.757622,26701.382812,5.00e-05,8927.85,1253.50,15727742,N/A,2025-08-11 19:14:30
4926,15.107727,8.757622,26701.382812,5.00e-05,9168.96,1734.00,15731210,N/A,2025-08-11 19:14:31
4927,12.837523,8.757622,26701.382812,5.00e-05,9280.72,1840.50,15734891,N/A,2025-08-11 19:14:31
4928,15.229531,8.757622,26701.382812,5.00e-05,9239.38,1679.50,15738250,N/A,2025-08-11 19:14:31
4929,11.098624,8.757622,26701.382812,5.00e-05,9490.00,1280.00,15740810,N/A,2025-08-11 19:14:32
4930,9.198165,8.757622,26701.382812,5.00e-05,9069.74,1301.00,15743412,1.0000,2025-08-11 19:14:32
4931,16.256903,8.757622,26701.382812,5.00e-05,9035.43,2048.00,15747508,N/A,2025-08-11 19:14:33
4932,14.622620,8.757622,26701.382812,5.00e-05,9218.67,2007.00,15751522,N/A,2025-08-11 19:14:33
4933,15.399192,8.757622,26701.382812,5.00e-05,9168.38,1580.00,15754682,N/A,2025-08-11 19:14:33
4934,7.990397,8.757622,26701.382812,5.00e-05,8893.67,1038.00,15756758,N/A,2025-08-11 19:14:34
4935,17.727646,8.757622,26701.382812,5.00e-05,9261.34,1847.50,15760453,N/A,2025-08-11 19:14:34
4936,12.206748,8.757622,26701.382812,5.00e-05,9256.03,1715.00,15763883,N/A,2025-08-11 19:14:35
4937,12.868874,8.757622,26701.382812,5.00e-05,9008.90,1391.00,15766665,N/A,2025-08-11 19:14:35
4938,11.405827,8.757622,26701.382812,5.00e-05,8967.20,1629.50,15769924,N/A,2025-08-11 19:14:35
4939,11.972959,8.757622,26701.382812,5.00e-05,9351.73,1596.00,15773116,N/A,2025-08-11 19:14:36
4940,15.278873,8.757622,26701.382812,5.00e-05,9380.59,1748.50,15776613,1.0000,2025-08-11 19:14:36
4941,12.794818,8.757622,26701.382812,5.00e-05,8982.71,1480.50,15779574,N/A,2025-08-11 19:14:37
4942,13.256403,8.757622,26701.382812,5.00e-05,8751.07,1760.00,15783094,N/A,2025-08-11 19:14:37
4943,15.110934,8.757622,26701.382812,5.00e-05,8931.67,1900.50,15786895,N/A,2025-08-11 19:14:37
4944,10.790592,8.757622,26701.382812,5.00e-05,9177.69,1608.50,15790112,N/A,2025-08-11 19:14:38
4945,11.442663,8.757622,26701.382812,5.00e-05,8787.47,1262.00,15792636,N/A,2025-08-11 19:14:38
4946,10.575363,8.757622,26701.382812,5.00e-05,8666.64,1541.50,15795719,N/A,2025-08-11 19:14:39
4947,12.823065,8.757622,26701.382812,5.00e-05,8954.21,1929.50,15799578,N/A,2025-08-11 19:14:39
4948,7.959196,8.757622,26701.382812,5.00e-05,8717.60,1026.50,15801631,N/A,2025-08-11 19:14:39
4949,16.101797,8.757622,26701.382812,5.00e-05,9134.65,1932.50,15805496,N/A,2025-08-11 19:14:40
4950,17.177183,8.757622,26701.382812,5.00e-05,9163.47,1931.50,15809359,1.0000,2025-08-11 19:14:40
4951,16.397888,8.757622,26701.382812,5.00e-05,9539.81,1962.00,15813283,N/A,2025-08-11 19:14:41
4952,15.202685,8.757622,26701.382812,5.00e-05,9424.46,1692.50,15816668,N/A,2025-08-11 19:14:41
4953,21.039227,8.757622,26701.382812,5.00e-05,9547.40,2028.00,15820724,N/A,2025-08-11 19:14:41
4954,9.876287,8.757622,26701.382812,5.00e-05,9460.26,1463.00,15823650,N/A,2025-08-11 19:14:42
4955,11.219500,8.757622,26701.382812,5.00e-05,9645.05,1581.00,15826812,N/A,2025-08-11 19:14:42
4956,14.327648,8.757622,26701.382812,5.00e-05,9710.90,1648.50,15830109,N/A,2025-08-11 19:14:42
4957,13.761923,8.757622,26701.382812,5.00e-05,9524.84,1641.00,15833391,N/A,2025-08-11 19:14:43
4958,15.191910,8.757622,26701.382812,5.00e-05,9919.67,1814.00,15837019,N/A,2025-08-11 19:14:43
4959,14.332811,8.757622,26701.382812,5.00e-05,9796.60,1510.50,15840040,N/A,2025-08-11 19:14:44
4960,10.956601,8.757622,26701.382812,5.00e-05,9205.34,1308.00,15842656,1.0000,2025-08-11 19:14:44
4961,9.482615,8.757622,26701.382812,5.00e-05,8668.26,1084.00,15844824,N/A,2025-08-11 19:14:45
4962,11.108522,8.757622,26701.382812,5.00e-05,8626.57,1704.50,15848233,N/A,2025-08-11 19:14:45
4963,8.088780,8.757622,26701.382812,5.00e-05,8172.78,1166.50,15850566,N/A,2025-08-11 19:14:45
4964,19.775175,8.757622,26701.382812,5.00e-05,8513.58,2048.00,15854662,N/A,2025-08-11 19:14:46
4965,16.992376,8.757622,26701.382812,5.00e-05,8691.77,1894.00,15858450,N/A,2025-08-11 19:14:46
4966,12.690857,8.757622,26701.382812,5.00e-05,8740.26,1704.00,15861858,N/A,2025-08-11 19:14:47
4967,12.129161,8.757622,26701.382812,5.00e-05,8826.62,1675.00,15865208,N/A,2025-08-11 19:14:47
4968,15.805607,8.757622,26701.382812,5.00e-05,8959.16,1952.50,15869113,N/A,2025-08-11 19:14:47
4969,13.867878,8.757622,26701.382812,5.00e-05,9316.89,1859.00,15872831,N/A,2025-08-11 19:14:48
4970,9.986819,8.757622,26701.382812,5.00e-05,9350.00,1468.00,15875767,1.0000,2025-08-11 19:14:48
4971,9.770859,8.757622,26701.382812,5.00e-05,9450.66,1188.50,15878144,N/A,2025-08-11 19:14:49
4972,14.417848,8.757622,26701.382812,5.00e-05,9506.61,1768.50,15881681,N/A,2025-08-11 19:14:49
4973,9.696837,8.757622,26701.382812,5.00e-05,9639.93,1423.00,15884527,N/A,2025-08-11 19:14:49
4974,14.739874,8.757622,26701.382812,5.00e-05,9561.61,1916.50,15888360,N/A,2025-08-11 19:14:50
4975,15.186644,8.757622,26701.382812,5.00e-05,9426.11,1661.00,15891682,N/A,2025-08-11 19:14:50
4976,9.511292,8.757622,26701.382812,5.00e-05,9149.87,1207.00,15894096,N/A,2025-08-11 19:14:50
4977,12.329502,8.757622,26701.382812,5.00e-05,9165.90,1691.00,15897478,N/A,2025-08-11 19:14:51
4978,16.693865,8.757622,26701.382812,5.00e-05,9111.40,1829.00,15901136,N/A,2025-08-11 19:14:51
4979,13.372411,8.757622,26701.382812,5.00e-05,9121.59,1796.50,15904729,N/A,2025-08-11 19:14:52
4980,12.401826,8.757622,26701.382812,5.00e-05,9138.91,2042.00,15908813,1.0000,2025-08-11 19:14:52
4981,13.148758,8.757622,26701.382812,5.00e-05,9365.58,1536.50,15911886,N/A,2025-08-11 19:14:52
4982,17.478889,8.757622,26701.382812,5.00e-05,9465.11,1968.00,15915822,N/A,2025-08-11 19:14:53
4983,13.119214,8.757622,26701.382812,5.00e-05,9756.69,1964.50,15919751,N/A,2025-08-11 19:14:53
4984,12.794661,8.757622,26701.382812,5.00e-05,9612.85,1670.50,15923092,N/A,2025-08-11 19:14:54
4985,13.075349,8.757622,26701.382812,5.00e-05,9680.22,1826.00,15926744,N/A,2025-08-11 19:14:54
4986,13.289943,8.757622,26701.382812,5.00e-05,9954.66,1740.00,15930224,N/A,2025-08-11 19:14:54
4987,9.392901,8.757622,26701.382812,5.00e-05,9686.21,1361.00,15932946,N/A,2025-08-11 19:14:55
4988,10.710419,8.757622,26701.382812,5.00e-05,9741.57,1677.50,15936301,N/A,2025-08-11 19:14:55
4989,10.885914,8.757622,26701.382812,5.00e-05,9823.02,1515.50,15939332,N/A,2025-08-11 19:14:56
4990,16.951529,8.757622,26701.382812,5.00e-05,9474.43,1980.00,15943292,1.0000,2025-08-11 19:14:56
4991,15.577861,8.757622,26701.382812,5.00e-05,9668.80,1940.00,15947172,N/A,2025-08-11 19:14:57
4992,8.521628,8.757622,26701.382812,5.00e-05,9248.74,1161.00,15949494,N/A,2025-08-11 19:14:57
4993,13.954380,8.757622,26701.382812,5.00e-05,9090.96,1647.50,15952789,N/A,2025-08-11 19:14:57
4994,12.917409,8.757622,26701.382812,5.00e-05,8911.24,1461.50,15955712,N/A,2025-08-11 19:14:58
4995,13.339086,8.757622,26701.382812,5.00e-05,8764.55,1558.00,15958828,N/A,2025-08-11 19:14:58
4996,11.408130,8.757622,26701.382812,5.00e-05,8836.34,1630.50,15962089,N/A,2025-08-11 19:14:58
4997,8.146212,8.757622,26701.382812,5.00e-05,8780.36,1255.00,15964599,N/A,2025-08-11 19:14:59
4998,13.966040,8.757622,26701.382812,5.00e-05,8886.63,1695.00,15967989,N/A,2025-08-11 19:14:59
4999,17.131718,8.757622,26701.382812,5.00e-05,9294.73,1786.50,15971562,N/A,2025-08-11 19:15:00
5000,13.412157,8.912327,28536.453125,5.00e-05,2512.35,1817.50,15975197,N/A,2025-08-11 19:15:09
5001,9.780340,8.912327,28536.453125,5.00e-05,2276.37,1302.50,15977802,N/A,2025-08-11 19:15:10
5002,14.616574,8.912327,28536.453125,5.00e-05,2385.07,1898.00,15981598,N/A,2025-08-11 19:15:11
5003,7.521756,8.912327,28536.453125,5.00e-05,2300.13,1038.50,15983675,N/A,2025-08-11 19:15:11
5004,12.450940,8.912327,28536.453125,5.00e-05,2345.35,1759.50,15987194,N/A,2025-08-11 19:15:11
5005,11.170706,8.912327,28536.453125,5.00e-05,2358.05,1647.50,15990489,N/A,2025-08-11 19:15:12
5006,12.905253,8.912327,28536.453125,5.00e-05,2344.75,1570.00,15993629,N/A,2025-08-11 19:15:12
5007,13.472441,8.912327,28536.453125,5.00e-05,2415.96,1745.00,15997119,N/A,2025-08-11 19:15:13
5008,11.402932,8.912327,28536.453125,5.00e-05,2363.36,1327.00,15999773,N/A,2025-08-11 19:15:13
5009,12.036133,8.912327,28536.453125,5.00e-05,7374.22,1385.00,16002543,N/A,2025-08-11 19:15:13
5010,13.157413,8.912327,28536.453125,5.00e-05,8486.28,1326.50,16005196,1.0000,2025-08-11 19:15:14
5011,11.332864,8.912327,28536.453125,5.00e-05,8692.31,1658.50,16008513,N/A,2025-08-11 19:15:14
5012,17.428078,8.912327,28536.453125,5.00e-05,8698.04,1923.50,16012360,N/A,2025-08-11 19:15:15
5013,13.809851,8.912327,28536.453125,5.00e-05,9125.97,1782.50,16015925,N/A,2025-08-11 19:15:15
5014,15.965787,8.912327,28536.453125,5.00e-05,9243.83,1965.50,16019856,N/A,2025-08-11 19:15:15
5015,11.861548,8.912327,28536.453125,5.00e-05,9380.87,1777.00,16023410,N/A,2025-08-11 19:15:16
5016,13.114901,8.912327,28536.453125,5.00e-05,9568.59,1845.00,16027100,N/A,2025-08-11 19:15:16
5017,14.339475,8.912327,28536.453125,5.00e-05,9678.47,1901.00,16030902,N/A,2025-08-11 19:15:17
5018,16.097490,8.912327,28536.453125,5.00e-05,9992.27,1864.50,16034631,N/A,2025-08-11 19:15:17
5019,11.337530,8.912327,28536.453125,5.00e-05,10129.98,1323.50,16037278,N/A,2025-08-11 19:15:17
5020,15.469535,8.912327,28536.453125,5.00e-05,10341.25,2048.00,16041374,1.0000,2025-08-11 19:15:18
5021,14.126523,8.912327,28536.453125,5.00e-05,10397.39,1772.00,16044918,N/A,2025-08-11 19:15:18
5022,9.046353,8.912327,28536.453125,5.00e-05,10006.20,1270.50,16047459,N/A,2025-08-11 19:15:19
5023,17.726694,8.912327,28536.453125,5.00e-05,9933.12,1921.00,16051301,N/A,2025-08-11 19:15:19
5024,7.694181,8.912327,28536.453125,5.00e-05,9486.11,1160.50,16053622,N/A,2025-08-11 19:15:19
5025,14.660055,8.912327,28536.453125,5.00e-05,9460.37,1725.00,16057072,N/A,2025-08-11 19:15:20
5026,13.662066,8.912327,28536.453125,5.00e-05,9469.20,1870.50,16060813,N/A,2025-08-11 19:15:20
5027,9.506238,8.912327,28536.453125,5.00e-05,9136.90,1317.00,16063447,N/A,2025-08-11 19:15:20
5028,15.821569,8.912327,28536.453125,5.00e-05,9224.47,1927.50,16067302,N/A,2025-08-11 19:15:21
5029,15.919727,8.912327,28536.453125,5.00e-05,9732.47,1896.50,16071095,N/A,2025-08-11 19:15:21
5030,10.034850,8.912327,28536.453125,5.00e-05,9129.45,1475.00,16074045,1.0000,2025-08-11 19:15:22
5031,13.193504,8.912327,28536.453125,5.00e-05,8984.11,1491.50,16077028,N/A,2025-08-11 19:15:22
5032,11.563705,8.912327,28536.453125,5.00e-05,9107.07,1385.50,16079799,N/A,2025-08-11 19:15:23
5033,10.951849,8.912327,28536.453125,5.00e-05,8686.69,1308.00,16082415,N/A,2025-08-11 19:15:23
5034,6.765488,8.912327,28536.453125,5.00e-05,8611.99,1040.00,16084495,N/A,2025-08-11 19:15:23
5035,10.793289,8.912327,28536.453125,5.00e-05,8471.24,1451.50,16087398,N/A,2025-08-11 19:15:24
5036,6.823279,8.912327,28536.453125,5.00e-05,8086.50,1170.50,16089739,N/A,2025-08-11 19:15:24
5037,14.075555,8.912327,28536.453125,5.00e-05,8430.94,1967.00,16093673,N/A,2025-08-11 19:15:24
5038,14.278601,8.912327,28536.453125,5.00e-05,8485.92,2048.00,16097769,N/A,2025-08-11 19:15:25
5039,14.025215,8.912327,28536.453125,5.00e-05,8679.61,1795.50,16101360,N/A,2025-08-11 19:15:25
5040,9.793553,8.912327,28536.453125,5.00e-05,8398.42,1407.50,16104175,1.0000,2025-08-11 19:15:26
5041,11.712536,8.912327,28536.453125,5.00e-05,8396.49,1358.00,16106891,N/A,2025-08-11 19:15:26
5042,16.953363,8.912327,28536.453125,5.00e-05,8828.65,2048.00,16110987,N/A,2025-08-11 19:15:26
5043,11.580714,8.912327,28536.453125,5.00e-05,8953.01,1512.00,16114011,N/A,2025-08-11 19:15:27
5044,17.267450,8.912327,28536.453125,5.00e-05,9499.28,2048.00,16118107,N/A,2025-08-11 19:15:27
5045,8.591529,8.912327,28536.453125,5.00e-05,9318.09,1134.00,16120375,N/A,2025-08-11 19:15:28
5046,9.880593,8.912327,28536.453125,5.00e-05,9361.25,1230.00,16122835,N/A,2025-08-11 19:15:28
5047,14.966130,8.912327,28536.453125,5.00e-05,9194.66,1866.00,16126567,N/A,2025-08-11 19:15:28
5048,7.775098,8.912327,28536.453125,5.00e-05,8756.36,1231.00,16129029,N/A,2025-08-11 19:15:29
5049,15.564112,8.912327,28536.453125,5.00e-05,9080.00,1955.50,16132940,N/A,2025-08-11 19:15:29
5050,9.296326,8.912327,28536.453125,5.00e-05,8858.58,1316.00,16135572,1.0000,2025-08-11 19:15:30
5051,13.502026,8.912327,28536.453125,5.00e-05,8978.83,1539.00,16138650,N/A,2025-08-11 19:15:30
5052,10.674052,8.912327,28536.453125,5.00e-05,8540.01,1380.50,16141411,N/A,2025-08-11 19:15:30
5053,13.538469,8.912327,28536.453125,5.00e-05,8687.92,1810.00,16145031,N/A,2025-08-11 19:15:31
5054,13.719399,8.912327,28536.453125,5.00e-05,8476.61,1709.00,16148449,N/A,2025-08-11 19:15:31
5055,13.441874,8.912327,28536.453125,5.00e-05,8759.52,1588.50,16151626,N/A,2025-08-11 19:15:32
5056,12.019418,8.912327,28536.453125,5.00e-05,9008.10,1442.50,16154511,N/A,2025-08-11 19:15:32
5057,17.974972,8.912327,28536.453125,5.00e-05,9068.75,1969.00,16158449,N/A,2025-08-11 19:15:32
5058,15.803425,8.912327,28536.453125,5.00e-05,9283.17,1849.00,16162147,N/A,2025-08-11 19:15:33
5059,17.091463,8.912327,28536.453125,5.00e-05,9369.42,1911.00,16165969,N/A,2025-08-11 19:15:33
5060,13.428290,8.912327,28536.453125,5.00e-05,9429.70,1720.00,16169409,1.0000,2025-08-11 19:15:34
5061,15.478444,8.912327,28536.453125,5.00e-05,9695.09,1913.00,16173235,N/A,2025-08-11 19:15:34
5062,7.744690,8.912327,28536.453125,5.00e-05,9707.02,1331.00,16175897,N/A,2025-08-11 19:15:34
5063,16.043800,8.912327,28536.453125,5.00e-05,9712.42,1944.00,16179785,N/A,2025-08-11 19:15:35
5064,12.141235,8.912327,28536.453125,5.00e-05,9731.12,1761.00,16183307,N/A,2025-08-11 19:15:35
5065,14.582309,8.912327,28536.453125,5.00e-05,9730.59,1637.00,16186581,N/A,2025-08-11 19:15:36
5066,13.727213,8.912327,28536.453125,5.00e-05,9807.47,1598.00,16189777,N/A,2025-08-11 19:15:36
5067,12.895075,8.912327,28536.453125,5.00e-05,9640.01,1461.50,16192700,N/A,2025-08-11 19:15:36
5068,16.085115,8.912327,28536.453125,5.00e-05,9701.01,2036.50,16196773,N/A,2025-08-11 19:15:37
5069,8.969751,8.912327,28536.453125,5.00e-05,9454.75,1184.00,16199141,N/A,2025-08-11 19:15:37
5070,12.332242,8.912327,28536.453125,5.00e-05,9031.10,1450.50,16202042,1.0000,2025-08-11 19:15:38
5071,13.671000,8.912327,28536.453125,5.00e-05,8934.01,1762.50,16205567,N/A,2025-08-11 19:15:38
5072,14.856321,8.912327,28536.453125,5.00e-05,9200.57,1774.50,16209116,N/A,2025-08-11 19:15:38
5073,11.205432,8.912327,28536.453125,5.00e-05,8857.45,1314.00,16211744,N/A,2025-08-11 19:15:39
5074,10.819452,8.912327,28536.453125,5.00e-05,8700.72,1428.00,16214600,N/A,2025-08-11 19:15:39
5075,14.060993,8.912327,28536.453125,5.00e-05,8657.24,1595.00,16217790,N/A,2025-08-11 19:15:40
5076,12.995550,8.912327,28536.453125,5.00e-05,8704.20,1614.50,16221019,N/A,2025-08-11 19:15:40
5077,13.437337,8.912327,28536.453125,5.00e-05,9100.27,1975.00,16224969,N/A,2025-08-11 19:15:40
5078,9.095106,8.912327,28536.453125,5.00e-05,8638.22,1225.50,16227420,N/A,2025-08-11 19:15:41
5079,13.294612,8.912327,28536.453125,5.00e-05,9248.80,1772.00,16230964,N/A,2025-08-11 19:15:41
5080,11.495029,8.912327,28536.453125,5.00e-05,9230.88,1713.50,16234391,1.0000,2025-08-11 19:15:41
5081,13.897794,8.912327,28536.453125,5.00e-05,9368.64,1876.50,16238144,N/A,2025-08-11 19:15:42
5082,13.635996,8.912327,28536.453125,5.00e-05,9528.52,2048.00,16242240,N/A,2025-08-11 19:15:42
5083,12.992165,8.912327,28536.453125,5.00e-05,9641.06,1532.50,16245305,N/A,2025-08-11 19:15:43
5084,10.367749,8.912327,28536.453125,5.00e-05,9649.23,1450.00,16248205,N/A,2025-08-11 19:15:43
5085,13.237156,8.912327,28536.453125,5.00e-05,9689.16,1691.50,16251588,N/A,2025-08-11 19:15:43
5086,9.796249,8.912327,28536.453125,5.00e-05,9515.05,1311.50,16254211,N/A,2025-08-11 19:15:44
5087,16.102821,8.912327,28536.453125,5.00e-05,9478.16,1902.50,16258016,N/A,2025-08-11 19:15:44
5088,9.890941,8.912327,28536.453125,5.00e-05,9379.32,1217.50,16260451,N/A,2025-08-11 19:15:45
5089,12.917477,8.912327,28536.453125,5.00e-05,9513.57,1678.50,16263808,N/A,2025-08-11 19:15:45
5090,13.516623,8.912327,28536.453125,5.00e-05,9246.16,1560.00,16266928,1.0000,2025-08-11 19:15:45
5091,15.509076,8.912327,28536.453125,5.00e-05,9262.60,1898.00,16270724,N/A,2025-08-11 19:15:46
5092,9.510602,8.912327,28536.453125,5.00e-05,8712.44,1082.50,16272889,N/A,2025-08-11 19:15:46
5093,11.105210,8.912327,28536.453125,5.00e-05,8734.14,1519.00,16275927,N/A,2025-08-11 19:15:46
5094,15.193843,8.912327,28536.453125,5.00e-05,8983.67,1870.50,16279668,N/A,2025-08-11 19:15:47
5095,15.171772,8.912327,28536.453125,5.00e-05,9020.59,1788.00,16283244,N/A,2025-08-11 19:15:47
5096,11.482435,8.912327,28536.453125,5.00e-05,8822.26,1103.00,16285450,N/A,2025-08-11 19:15:48
5097,12.752585,8.912327,28536.453125,5.00e-05,8892.00,1916.00,16289282,N/A,2025-08-11 19:15:48
5098,14.713952,8.912327,28536.453125,5.00e-05,9269.79,1881.50,16293045,N/A,2025-08-11 19:15:48
5099,15.619530,8.912327,28536.453125,5.00e-05,9599.68,1958.50,16296962,N/A,2025-08-11 19:15:49
5100,10.581379,8.912327,28536.453125,5.00e-05,9280.84,1422.00,16299806,1.0000,2025-08-11 19:15:49
5101,14.214841,8.912327,28536.453125,5.00e-05,7665.46,1956.00,16303718,N/A,2025-08-11 19:15:50
5102,11.686831,8.912327,28536.453125,5.00e-05,7838.62,1448.00,16306614,N/A,2025-08-11 19:15:51
5103,12.607181,8.912327,28536.453125,5.00e-05,7814.11,1442.50,16309499,N/A,2025-08-11 19:15:51
5104,10.279686,8.912327,28536.453125,5.00e-05,7603.55,1476.50,16312452,N/A,2025-08-11 19:15:52
5105,14.921533,8.912327,28536.453125,5.00e-05,7672.85,1847.00,16316146,N/A,2025-08-11 19:15:52
5106,12.169814,8.912327,28536.453125,5.00e-05,7915.51,1593.00,16319332,N/A,2025-08-11 19:15:52
5107,10.544641,8.912327,28536.453125,5.00e-05,7635.89,1414.00,16322160,N/A,2025-08-11 19:15:53
5108,15.742920,8.912327,28536.453125,5.00e-05,7641.44,1961.00,16326082,N/A,2025-08-11 19:15:53
5109,9.985046,8.912327,28536.453125,5.00e-05,7522.34,1387.00,16328856,N/A,2025-08-11 19:15:54
5110,9.672388,8.912327,28536.453125,5.00e-05,8930.01,1337.50,16331531,1.0000,2025-08-11 19:15:54
5111,11.503909,8.912327,28536.453125,5.00e-05,8818.49,1782.00,16335095,N/A,2025-08-11 19:15:54
5112,10.572748,8.912327,28536.453125,5.00e-05,8771.44,1405.00,16337905,N/A,2025-08-11 19:15:55
5113,10.151986,8.912327,28536.453125,5.00e-05,8805.16,1525.50,16340956,N/A,2025-08-11 19:15:55
5114,14.048428,8.912327,28536.453125,5.00e-05,9036.95,1848.00,16344652,N/A,2025-08-11 19:15:56
5115,11.882489,8.912327,28536.453125,5.00e-05,8896.88,1581.00,16347814,N/A,2025-08-11 19:15:56
5116,13.421767,8.912327,28536.453125,5.00e-05,9096.76,1895.50,16351605,N/A,2025-08-11 19:15:56
5117,16.894180,8.912327,28536.453125,5.00e-05,9350.98,1786.50,16355178,N/A,2025-08-11 19:15:57
5118,12.336828,8.912327,28536.453125,5.00e-05,9203.58,1693.50,16358565,N/A,2025-08-11 19:15:57
5119,15.180503,8.912327,28536.453125,5.00e-05,9559.28,1720.00,16362005,N/A,2025-08-11 19:15:57
5120,11.762086,8.912327,28536.453125,5.00e-05,9345.45,1446.00,16364897,1.0000,2025-08-11 19:15:58
5121,9.809510,8.912327,28536.453125,5.00e-05,9138.40,1398.50,16367694,N/A,2025-08-11 19:15:58
5122,9.948801,8.912327,28536.453125,5.00e-05,9115.96,1273.00,16370240,N/A,2025-08-11 19:15:59
5123,12.933407,8.912327,28536.453125,5.00e-05,9261.12,1786.00,16373812,N/A,2025-08-11 19:15:59
5124,7.897252,8.912327,28536.453125,5.00e-05,8828.64,1084.00,16375980,N/A,2025-08-11 19:15:59
5125,12.963735,8.912327,28536.453125,5.00e-05,9080.61,1957.50,16379895,N/A,2025-08-11 19:16:00
5126,9.257310,8.912327,28536.453125,5.00e-05,8704.72,1214.50,16382324,N/A,2025-08-11 19:16:00
5127,13.535599,8.912327,28536.453125,5.00e-05,8600.13,1603.00,16385530,N/A,2025-08-11 19:16:01
5128,9.912921,8.912327,28536.453125,5.00e-05,8286.93,1123.00,16387776,N/A,2025-08-11 19:16:01
5129,13.763479,8.912327,28536.453125,5.00e-05,8477.41,1604.50,16390985,N/A,2025-08-11 19:16:01
5130,12.977550,8.912327,28536.453125,5.00e-05,8401.61,1561.50,16394108,1.0000,2025-08-11 19:16:02
5131,11.716378,8.912327,28536.453125,5.00e-05,8465.26,1538.50,16397185,N/A,2025-08-11 19:16:02
5132,15.191498,8.912327,28536.453125,5.00e-05,8829.41,1891.00,16400967,N/A,2025-08-11 19:16:03
5133,10.307855,8.912327,28536.453125,5.00e-05,8474.36,1226.00,16403419,N/A,2025-08-11 19:16:03
5134,9.909976,8.912327,28536.453125,5.00e-05,8736.98,1566.00,16406551,N/A,2025-08-11 19:16:03
5135,12.132993,8.912327,28536.453125,5.00e-05,8606.87,1734.00,16410019,N/A,2025-08-11 19:16:04
5136,13.436110,8.912327,28536.453125,5.00e-05,8969.94,1835.00,16413689,N/A,2025-08-11 19:16:04
5137,14.954835,8.912327,28536.453125,5.00e-05,9114.09,1805.50,16417300,N/A,2025-08-11 19:16:04
5138,8.888013,8.912327,28536.453125,5.00e-05,9192.33,1274.00,16419848,N/A,2025-08-11 19:16:05
5139,15.117637,8.912327,28536.453125,5.00e-05,9344.40,1577.00,16423002,N/A,2025-08-11 19:16:05
5140,13.727594,8.912327,28536.453125,5.00e-05,9275.63,1701.50,16426405,1.0000,2025-08-11 19:16:06
5141,12.220724,8.912327,28536.453125,5.00e-05,9366.22,1704.50,16429814,N/A,2025-08-11 19:16:06
5142,13.886254,8.912327,28536.453125,5.00e-05,9150.06,1641.00,16433096,N/A,2025-08-11 19:16:06
5143,10.600224,8.912327,28536.453125,5.00e-05,9337.09,1567.00,16436230,N/A,2025-08-11 19:16:07
5144,18.985008,8.912327,28536.453125,5.00e-05,9492.02,1854.00,16439938,N/A,2025-08-11 19:16:07
5145,9.905147,8.912327,28536.453125,5.00e-05,9256.78,1330.00,16442598,N/A,2025-08-11 19:16:08
5146,9.248320,8.912327,28536.453125,5.00e-05,8812.30,1097.50,16444793,N/A,2025-08-11 19:16:08
5147,13.204218,8.912327,28536.453125,5.00e-05,8751.46,1678.00,16448149,N/A,2025-08-11 19:16:08
5148,9.599151,8.912327,28536.453125,5.00e-05,8730.09,1259.50,16450668,N/A,2025-08-11 19:16:09
5149,9.772890,8.912327,28536.453125,5.00e-05,8835.74,1494.00,16453656,N/A,2025-08-11 19:16:09
5150,14.101421,8.912327,28536.453125,5.00e-05,8556.15,1636.50,16456929,1.0000,2025-08-11 19:16:10
5151,12.388036,8.912327,28536.453125,5.00e-05,8683.00,1763.00,16460455,N/A,2025-08-11 19:16:10
5152,12.640404,8.912327,28536.453125,5.00e-05,8740.79,1765.00,16463985,N/A,2025-08-11 19:16:10
5153,7.946014,8.912327,28536.453125,5.00e-05,8458.34,1070.00,16466125,N/A,2025-08-11 19:16:11
5154,12.988132,8.912327,28536.453125,5.00e-05,8479.30,1912.50,16469950,N/A,2025-08-11 19:16:11
5155,13.043839,8.912327,28536.453125,5.00e-05,8846.52,1933.00,16473816,N/A,2025-08-11 19:16:12
5156,11.187783,8.912327,28536.453125,5.00e-05,8959.76,1310.50,16476437,N/A,2025-08-11 19:16:12
5157,14.124393,8.912327,28536.453125,5.00e-05,8989.79,1711.00,16479859,N/A,2025-08-11 19:16:12
5158,15.203929,8.912327,28536.453125,5.00e-05,9442.41,2048.00,16483955,N/A,2025-08-11 19:16:13
5159,9.028450,8.912327,28536.453125,5.00e-05,9489.53,1137.50,16486230,N/A,2025-08-11 19:16:13
5160,9.840083,8.912327,28536.453125,5.00e-05,9135.15,1412.50,16489055,1.0000,2025-08-11 19:16:13
5161,12.193184,8.912327,28536.453125,5.00e-05,9115.94,1686.00,16492427,N/A,2025-08-11 19:16:14
5162,11.440464,8.912327,28536.453125,5.00e-05,8974.44,1509.00,16495445,N/A,2025-08-11 19:16:14
5163,11.621346,8.912327,28536.453125,5.00e-05,9111.65,1400.50,16498246,N/A,2025-08-11 19:16:15
5164,10.270367,8.912327,28536.453125,5.00e-05,8827.59,1402.50,16501051,N/A,2025-08-11 19:16:15
5165,14.542980,8.912327,28536.453125,5.00e-05,8796.18,1879.00,16504809,N/A,2025-08-11 19:16:15
5166,9.520752,8.912327,28536.453125,5.00e-05,8821.05,1366.50,16507542,N/A,2025-08-11 19:16:16
5167,10.711303,8.912327,28536.453125,5.00e-05,8616.28,1335.00,16510212,N/A,2025-08-11 19:16:16
5168,14.320532,8.912327,28536.453125,5.00e-05,8395.88,1696.00,16513604,N/A,2025-08-11 19:16:17
5169,14.867379,8.912327,28536.453125,5.00e-05,8896.64,1691.00,16516986,N/A,2025-08-11 19:16:17
5170,15.573720,8.912327,28536.453125,5.00e-05,9016.60,1925.00,16520836,1.0000,2025-08-11 19:16:17
5171,13.671527,8.912327,28536.453125,5.00e-05,8649.89,1142.50,16523121,N/A,2025-08-11 19:16:18
5172,12.482722,8.912327,28536.453125,5.00e-05,8535.08,1227.00,16525575,N/A,2025-08-11 19:16:18
5173,13.330832,8.912327,28536.453125,5.00e-05,8688.03,1662.00,16528899,N/A,2025-08-11 19:16:19
5174,13.423363,8.912327,28536.453125,5.00e-05,8843.00,1693.00,16532285,N/A,2025-08-11 19:16:19
5175,9.076118,8.912327,28536.453125,5.00e-05,8463.46,1208.50,16534702,N/A,2025-08-11 19:16:19
5176,10.834439,8.912327,28536.453125,5.00e-05,8569.59,1557.00,16537816,N/A,2025-08-11 19:16:20
5177,15.644711,8.912327,28536.453125,5.00e-05,8905.67,1900.50,16541617,N/A,2025-08-11 19:16:20
5178,11.377314,8.912327,28536.453125,5.00e-05,8524.14,1066.50,16543750,N/A,2025-08-11 19:16:20
5179,17.057095,8.912327,28536.453125,5.00e-05,8902.01,2048.00,16547846,N/A,2025-08-11 19:16:21
5180,14.028037,8.912327,28536.453125,5.00e-05,8736.34,1794.50,16551435,1.0000,2025-08-11 19:16:21
5181,11.304605,8.912327,28536.453125,5.00e-05,9067.37,1677.50,16554790,N/A,2025-08-11 19:16:22
5182,18.161070,8.912327,28536.453125,5.00e-05,9332.53,1696.50,16558183,N/A,2025-08-11 19:16:22
5183,16.355532,8.912327,28536.453125,5.00e-05,9411.38,2018.00,16562219,N/A,2025-08-11 19:16:22
5184,8.505710,8.912327,28536.453125,5.00e-05,9043.69,1068.00,16564355,N/A,2025-08-11 19:16:23
5185,11.595130,8.912327,28536.453125,5.00e-05,9263.76,1605.50,16567566,N/A,2025-08-11 19:16:23
5186,17.341122,8.912327,28536.453125,5.00e-05,9478.22,2048.00,16571662,N/A,2025-08-11 19:16:24
5187,9.189421,8.912327,28536.453125,5.00e-05,9055.54,1080.00,16573822,N/A,2025-08-11 19:16:24
5188,17.728193,8.912327,28536.453125,5.00e-05,9511.80,1997.50,16577817,N/A,2025-08-11 19:16:24
5189,9.942755,8.912327,28536.453125,5.00e-05,9250.49,1303.50,16580424,N/A,2025-08-11 19:16:25
5190,16.671522,8.912327,28536.453125,5.00e-05,9101.54,1835.50,16584095,1.0000,2025-08-11 19:16:25
5191,9.174664,8.912327,28536.453125,5.00e-05,8698.29,1056.50,16586208,N/A,2025-08-11 19:16:26
5192,9.775879,8.912327,28536.453125,5.00e-05,8514.37,1144.50,16588497,N/A,2025-08-11 19:16:26
5193,8.390406,8.912327,28536.453125,5.00e-05,8018.51,1187.00,16590871,N/A,2025-08-11 19:16:26
5194,13.750597,8.912327,28536.453125,5.00e-05,8446.34,1862.50,16594596,N/A,2025-08-11 19:16:27
5195,8.964540,8.912327,28536.453125,5.00e-05,8279.47,1183.00,16596962,N/A,2025-08-11 19:16:27
5196,10.639849,8.912327,28536.453125,5.00e-05,7998.55,1519.50,16600001,N/A,2025-08-11 19:16:28
5197,14.217577,8.912327,28536.453125,5.00e-05,8532.13,2048.00,16604097,N/A,2025-08-11 19:16:28
5198,12.419510,8.912327,28536.453125,5.00e-05,8527.52,2005.00,16608107,N/A,2025-08-11 19:16:28
5199,9.643959,8.912327,28536.453125,5.00e-05,8683.64,1309.50,16610726,N/A,2025-08-11 19:16:29
5200,10.805330,8.912327,28536.453125,5.00e-05,8281.40,1343.50,16613413,1.0000,2025-08-11 19:16:29
5201,9.920628,8.912327,28536.453125,5.00e-05,6733.03,1361.50,16616136,N/A,2025-08-11 19:16:30
5202,9.400189,8.912327,28536.453125,5.00e-05,6781.16,1346.50,16618829,N/A,2025-08-11 19:16:31
5203,10.522957,8.912327,28536.453125,5.00e-05,6964.73,1582.50,16621994,N/A,2025-08-11 19:16:31
5204,13.405124,8.912327,28536.453125,5.00e-05,6795.60,1644.50,16625283,N/A,2025-08-11 19:16:32
5205,11.518502,8.912327,28536.453125,5.00e-05,6817.60,1270.00,16627823,N/A,2025-08-11 19:16:32
5206,11.571430,8.912327,28536.453125,5.00e-05,6877.01,1549.50,16630922,N/A,2025-08-11 19:16:32
5207,12.328842,8.912327,28536.453125,5.00e-05,6688.39,1615.50,16634153,N/A,2025-08-11 19:16:33
5208,9.712058,8.912327,28536.453125,5.00e-05,6344.43,1236.50,16636626,N/A,2025-08-11 19:16:33
5209,7.715264,8.912327,28536.453125,5.00e-05,6319.23,1032.00,16638690,N/A,2025-08-11 19:16:34
5210,14.161824,8.912327,28536.453125,5.00e-05,7993.75,1789.00,16642268,1.0000,2025-08-11 19:16:34
5211,15.632413,8.912327,28536.453125,5.00e-05,8424.95,1945.50,16646159,N/A,2025-08-11 19:16:34
5212,13.098839,8.912327,28536.453125,5.00e-05,8642.41,1715.50,16649590,N/A,2025-08-11 19:16:35
5213,11.255347,8.912327,28536.453125,5.00e-05,8850.91,1726.00,16653042,N/A,2025-08-11 19:16:35
5214,11.931605,8.912327,28536.453125,5.00e-05,8855.48,1586.50,16656215,N/A,2025-08-11 19:16:36
5215,11.869899,8.912327,28536.453125,5.00e-05,8849.52,1298.00,16658811,N/A,2025-08-11 19:16:36
5216,9.782461,8.912327,28536.453125,5.00e-05,8748.76,1367.50,16661546,N/A,2025-08-11 19:16:36
5217,16.841187,8.912327,28536.453125,5.00e-05,8969.88,2048.00,16665642,N/A,2025-08-11 19:16:37
5218,9.039744,8.912327,28536.453125,5.00e-05,8980.89,1342.50,16668327,N/A,2025-08-11 19:16:37
5219,15.127169,8.912327,28536.453125,5.00e-05,9584.22,1686.00,16671699,N/A,2025-08-11 19:16:38
5220,13.110034,8.912327,28536.453125,5.00e-05,9183.07,1447.00,16674593,1.0000,2025-08-11 19:16:38
5221,10.082383,8.912327,28536.453125,5.00e-05,8921.82,1518.00,16677629,N/A,2025-08-11 19:16:38
5222,10.496619,8.912327,28536.453125,5.00e-05,8676.47,1527.50,16680684,N/A,2025-08-11 19:16:39
5223,11.213865,8.912327,28536.453125,5.00e-05,8607.02,1602.00,16683888,N/A,2025-08-11 19:16:39
5224,11.639572,8.912327,28536.453125,5.00e-05,8511.84,1395.00,16686678,N/A,2025-08-11 19:16:40
5225,11.090826,8.912327,28536.453125,5.00e-05,8564.23,1397.50,16689473,N/A,2025-08-11 19:16:40
5226,13.212070,8.912327,28536.453125,5.00e-05,8855.39,1854.00,16693181,N/A,2025-08-11 19:16:40
5227,12.624533,8.912327,28536.453125,5.00e-05,8682.82,1729.00,16696639,N/A,2025-08-11 19:16:41
5228,14.458350,8.912327,28536.453125,5.00e-05,8956.40,1811.00,16700261,N/A,2025-08-11 19:16:41
5229,16.556683,8.912327,28536.453125,5.00e-05,9240.74,1831.50,16703924,N/A,2025-08-11 19:16:41
5230,13.306693,8.912327,28536.453125,5.00e-05,9164.12,1574.50,16707073,1.0000,2025-08-11 19:16:42
5231,13.822290,8.912327,28536.453125,5.00e-05,9437.97,1758.50,16710590,N/A,2025-08-11 19:16:42
5232,14.816625,8.912327,28536.453125,5.00e-05,9664.67,1951.50,16714493,N/A,2025-08-11 19:16:43
5233,15.562532,8.912327,28536.453125,5.00e-05,9724.91,1742.00,16717977,N/A,2025-08-11 19:16:43
5234,12.628480,8.912327,28536.453125,5.00e-05,9895.91,1731.00,16721439,N/A,2025-08-11 19:16:43
5235,9.712005,8.912327,28536.453125,5.00e-05,9820.49,1475.50,16724390,N/A,2025-08-11 19:16:44
5236,15.556091,8.912327,28536.453125,5.00e-05,9818.62,1751.00,16727892,N/A,2025-08-11 19:16:44
5237,11.637774,8.912327,28536.453125,5.00e-05,9777.17,1670.50,16731233,N/A,2025-08-11 19:16:45
5238,15.880963,8.912327,28536.453125,5.00e-05,9764.43,1821.00,16734875,N/A,2025-08-11 19:16:45
5239,16.177040,8.912327,28536.453125,5.00e-05,9905.14,1777.50,16738430,N/A,2025-08-11 19:16:45
5240,9.868637,8.912327,28536.453125,5.00e-05,9517.64,1385.50,16741201,1.0000,2025-08-11 19:16:46
5241,9.354629,8.912327,28536.453125,5.00e-05,9240.78,1239.50,16743680,N/A,2025-08-11 19:16:46
5242,12.877679,8.912327,28536.453125,5.00e-05,9194.27,1906.00,16747492,N/A,2025-08-11 19:16:47
5243,11.444249,8.912327,28536.453125,5.00e-05,8990.03,1348.50,16750189,N/A,2025-08-11 19:16:47
5244,8.970909,8.912327,28536.453125,5.00e-05,8902.99,1371.00,16752931,N/A,2025-08-11 19:16:47
5245,10.174451,8.912327,28536.453125,5.00e-05,8736.11,1238.50,16755408,N/A,2025-08-11 19:16:48
5246,9.988338,8.912327,28536.453125,5.00e-05,8649.87,1623.00,16758654,N/A,2025-08-11 19:16:48
5247,10.059942,8.912327,28536.453125,5.00e-05,8526.95,1426.50,16761507,N/A,2025-08-11 19:16:49
5248,13.288852,8.912327,28536.453125,5.00e-05,8382.13,1537.50,16764582,N/A,2025-08-11 19:16:49
5249,14.912119,8.912327,28536.453125,5.00e-05,8662.32,1837.50,16768257,N/A,2025-08-11 19:16:49
5250,16.589766,8.912327,28536.453125,5.00e-05,8804.12,1916.50,16772090,1.0000,2025-08-11 19:16:50
5251,11.156313,8.912327,28536.453125,5.00e-05,8989.64,1487.50,16775065,N/A,2025-08-11 19:16:50
5252,10.080606,8.912327,28536.453125,5.00e-05,8785.00,1535.00,16778135,N/A,2025-08-11 19:16:51
5253,9.808541,8.912327,28536.453125,5.00e-05,8820.18,1412.00,16780959,N/A,2025-08-11 19:16:51
5254,10.558047,8.912327,28536.453125,5.00e-05,8811.10,1317.50,16783594,N/A,2025-08-11 19:16:51
5255,9.896172,8.912327,28536.453125,5.00e-05,8961.11,1500.00,16786594,N/A,2025-08-11 19:16:52
5256,15.218977,8.912327,28536.453125,5.00e-05,9004.06,1690.00,16789974,N/A,2025-08-11 19:16:52
5257,12.835876,8.912327,28536.453125,5.00e-05,9176.39,1827.50,16793629,N/A,2025-08-11 19:16:52
5258,12.470705,8.912327,28536.453125,5.00e-05,9118.15,1464.00,16796557,N/A,2025-08-11 19:16:53
5259,15.307087,8.912327,28536.453125,5.00e-05,9309.24,1994.00,16800545,N/A,2025-08-11 19:16:53
5260,17.023056,8.912327,28536.453125,5.00e-05,9059.30,1761.50,16804068,1.0000,2025-08-11 19:16:54
5261,13.605396,8.912327,28536.453125,5.00e-05,9196.38,1720.00,16807508,N/A,2025-08-11 19:16:54
5262,13.922914,8.912327,28536.453125,5.00e-05,9432.89,2048.00,16811604,N/A,2025-08-11 19:16:54
5263,13.373847,8.912327,28536.453125,5.00e-05,9636.69,1774.00,16815152,N/A,2025-08-11 19:16:55
5264,7.549045,8.912327,28536.453125,5.00e-05,9503.42,1041.50,16817235,N/A,2025-08-11 19:16:55
5265,11.168176,8.912327,28536.453125,5.00e-05,9414.13,1336.50,16819908,N/A,2025-08-11 19:16:56
5266,14.919335,8.912327,28536.453125,5.00e-05,9647.67,2015.50,16823939,N/A,2025-08-11 19:16:56
5267,9.784475,8.912327,28536.453125,5.00e-05,9411.92,1367.00,16826673,N/A,2025-08-11 19:16:56
5268,12.982870,8.912327,28536.453125,5.00e-05,9663.22,1791.50,16830256,N/A,2025-08-11 19:16:57
5269,16.700182,8.912327,28536.453125,5.00e-05,9784.89,1899.00,16834054,N/A,2025-08-11 19:16:57
5270,14.725401,8.912327,28536.453125,5.00e-05,9541.11,1745.00,16837544,1.0000,2025-08-11 19:16:58
5271,11.474645,8.912327,28536.453125,5.00e-05,9392.73,1385.50,16840315,N/A,2025-08-11 19:16:58
5272,13.739675,8.912327,28536.453125,5.00e-05,9372.68,2006.00,16844327,N/A,2025-08-11 19:16:58
5273,11.036740,8.912327,28536.453125,5.00e-05,9233.75,1590.50,16847508,N/A,2025-08-11 19:16:59
5274,10.809861,8.912327,28536.453125,5.00e-05,9410.86,1357.50,16850223,N/A,2025-08-11 19:16:59
5275,11.537560,8.912327,28536.453125,5.00e-05,9564.96,1635.00,16853493,N/A,2025-08-11 19:16:59
5276,11.802825,8.912327,28536.453125,5.00e-05,9326.97,1771.00,16857035,N/A,2025-08-11 19:17:00
5277,15.341444,8.912327,28536.453125,5.00e-05,9502.20,1667.00,16860369,N/A,2025-08-11 19:17:00
5278,9.437243,8.912327,28536.453125,5.00e-05,9193.02,1226.00,16862821,N/A,2025-08-11 19:17:01
5279,14.844416,8.912327,28536.453125,5.00e-05,9481.49,2045.00,16866911,N/A,2025-08-11 19:17:01
5280,13.401976,8.912327,28536.453125,5.00e-05,9371.45,1930.00,16870771,1.0000,2025-08-11 19:17:02
5281,14.413754,8.912327,28536.453125,5.00e-05,9593.16,1783.00,16874337,N/A,2025-08-11 19:17:02
5282,9.805573,8.912327,28536.453125,5.00e-05,9183.96,1304.00,16876945,N/A,2025-08-11 19:17:02
5283,9.291431,8.912327,28536.453125,5.00e-05,8996.21,1343.50,16879632,N/A,2025-08-11 19:17:03
5284,11.611695,8.912327,28536.453125,5.00e-05,9227.35,1795.00,16883222,N/A,2025-08-11 19:17:03
5285,13.653175,8.912327,28536.453125,5.00e-05,9430.29,1838.00,16886898,N/A,2025-08-11 19:17:03
5286,9.822010,8.912327,28536.453125,5.00e-05,9183.37,1332.50,16889563,N/A,2025-08-11 19:17:04
5287,11.575252,8.912327,28536.453125,5.00e-05,9129.35,1580.50,16892724,N/A,2025-08-11 19:17:04
5288,20.108835,8.912327,28536.453125,5.00e-05,9572.88,2008.00,16896740,N/A,2025-08-11 19:17:05
5289,9.120704,8.912327,28536.453125,5.00e-05,9339.39,1224.50,16899189,N/A,2025-08-11 19:17:05
5290,10.507895,8.912327,28536.453125,5.00e-05,8815.71,1384.50,16901958,1.0000,2025-08-11 19:17:05
5291,14.950354,8.912327,28536.453125,5.00e-05,8892.85,1836.50,16905631,N/A,2025-08-11 19:17:06
5292,10.089065,8.912327,28536.453125,5.00e-05,8966.98,1405.50,16908442,N/A,2025-08-11 19:17:06
5293,13.648543,8.912327,28536.453125,5.00e-05,9027.46,1505.50,16911453,N/A,2025-08-11 19:17:07
5294,14.025246,8.912327,28536.453125,5.00e-05,9046.02,1821.50,16915096,N/A,2025-08-11 19:17:07
5295,10.292272,8.912327,28536.453125,5.00e-05,8738.48,1309.50,16917715,N/A,2025-08-11 19:17:07
5296,11.518442,8.912327,28536.453125,5.00e-05,8753.90,1470.50,16920656,N/A,2025-08-11 19:17:08
5297,13.039721,8.912327,28536.453125,5.00e-05,8862.33,1768.50,16924193,N/A,2025-08-11 19:17:08
5298,7.974283,8.912327,28536.453125,5.00e-05,8347.71,1182.00,16926557,N/A,2025-08-11 19:17:09
5299,10.082520,8.912327,28536.453125,5.00e-05,8751.35,1586.00,16929729,N/A,2025-08-11 19:17:09
5300,12.755769,8.912327,28536.453125,5.00e-05,8760.17,1793.50,16933316,1.0000,2025-08-11 19:17:09
5301,11.568057,8.912327,28536.453125,5.00e-05,6829.54,1493.50,16936303,N/A,2025-08-11 19:17:11
5302,15.227933,8.912327,28536.453125,5.00e-05,7155.14,2048.00,16940399,N/A,2025-08-11 19:17:11
5303,10.456567,8.912327,28536.453125,5.00e-05,7140.95,1476.50,16943352,N/A,2025-08-11 19:17:11
5304,11.582942,8.912327,28536.453125,5.00e-05,7024.06,1585.00,16946522,N/A,2025-08-11 19:17:12
5305,13.655012,8.912327,28536.453125,5.00e-05,7246.58,1793.50,16950109,N/A,2025-08-11 19:17:12
5306,10.008141,8.912327,28536.453125,5.00e-05,7184.15,1345.00,16952799,N/A,2025-08-11 19:17:13
5307,15.295156,8.912327,28536.453125,5.00e-05,7223.46,1803.50,16956406,N/A,2025-08-11 19:17:13
5308,16.027645,8.912327,28536.453125,5.00e-05,7448.37,1673.00,16959752,N/A,2025-08-11 19:17:13
5309,10.086370,8.912327,28536.453125,5.00e-05,7460.48,1340.50,16962433,N/A,2025-08-11 19:17:14
5310,15.073998,8.912327,28536.453125,5.00e-05,9312.84,1941.00,16966315,1.0000,2025-08-11 19:17:14
5311,8.043910,8.912327,28536.453125,5.00e-05,9053.97,1126.00,16968567,N/A,2025-08-11 19:17:15
5312,9.361979,8.912327,28536.453125,5.00e-05,8593.12,1232.00,16971031,N/A,2025-08-11 19:17:15
5313,18.724350,8.912327,28536.453125,5.00e-05,8943.59,2048.00,16975127,N/A,2025-08-11 19:17:15
5314,11.241433,8.912327,28536.453125,5.00e-05,8981.22,1664.00,16978455,N/A,2025-08-11 19:17:16
5315,13.153547,8.912327,28536.453125,5.00e-05,8870.26,1576.50,16981608,N/A,2025-08-11 19:17:16
5316,13.987688,8.912327,28536.453125,5.00e-05,9010.41,1573.50,16984755,N/A,2025-08-11 19:17:17
5317,12.786764,8.912327,28536.453125,5.00e-05,8825.12,1578.50,16987912,N/A,2025-08-11 19:17:17
5318,10.393592,8.912327,28536.453125,5.00e-05,8658.13,1310.50,16990533,N/A,2025-08-11 19:17:17
5319,12.966042,8.912327,28536.453125,5.00e-05,9037.80,1655.50,16993844,N/A,2025-08-11 19:17:18
5320,11.477423,8.912327,28536.453125,5.00e-05,8683.49,1715.50,16997275,1.0000,2025-08-11 19:17:18
5321,14.517869,8.912327,28536.453125,5.00e-05,9050.95,1775.50,17000826,N/A,2025-08-11 19:17:19
5322,15.830981,8.912327,28536.453125,5.00e-05,9485.36,2023.50,17004873,N/A,2025-08-11 19:17:19
5323,10.308198,8.912327,28536.453125,5.00e-05,9184.74,1403.00,17007679,N/A,2025-08-11 19:17:19
5324,13.334282,8.912327,28536.453125,5.00e-05,9091.42,1490.50,17010660,N/A,2025-08-11 19:17:20
5325,14.085785,8.912327,28536.453125,5.00e-05,9167.56,1717.00,17014094,N/A,2025-08-11 19:17:20
5326,13.169774,8.912327,28536.453125,5.00e-05,9291.49,1687.00,17017468,N/A,2025-08-11 19:17:20
5327,10.743150,8.912327,28536.453125,5.00e-05,9279.94,1553.00,17020574,N/A,2025-08-11 19:17:21
5328,11.375285,8.912327,28536.453125,5.00e-05,9360.74,1455.50,17023485,N/A,2025-08-11 19:17:21
5329,13.193397,8.912327,28536.453125,5.00e-05,9861.73,1977.00,17027439,N/A,2025-08-11 19:17:22
5330,11.032124,8.912327,28536.453125,5.00e-05,9422.50,1471.50,17030382,1.0000,2025-08-11 19:17:22
5331,14.149480,8.912327,28536.453125,5.00e-05,9350.76,1863.00,17034108,N/A,2025-08-11 19:17:23
5332,9.924770,8.912327,28536.453125,5.00e-05,8933.48,1329.00,17036766,N/A,2025-08-11 19:17:23
5333,10.437089,8.912327,28536.453125,5.00e-05,8959.07,1456.50,17039679,N/A,2025-08-11 19:17:23
5334,15.572335,8.912327,28536.453125,5.00e-05,9228.39,2048.00,17043775,N/A,2025-08-11 19:17:24
5335,10.849016,8.912327,28536.453125,5.00e-05,9009.21,1320.50,17046416,N/A,2025-08-11 19:17:24
5336,16.195480,8.912327,28536.453125,5.00e-05,9159.55,1963.50,17050343,N/A,2025-08-11 19:17:24
5337,13.476729,8.912327,28536.453125,5.00e-05,9364.75,1906.00,17054155,N/A,2025-08-11 19:17:25
5338,12.079771,8.912327,28536.453125,5.00e-05,9203.77,1274.00,17056703,N/A,2025-08-11 19:17:25
5339,12.696685,8.912327,28536.453125,5.00e-05,9141.98,1382.50,17059468,N/A,2025-08-11 19:17:26
5340,13.589757,8.912327,28536.453125,5.00e-05,9162.09,1795.00,17063058,1.0000,2025-08-11 19:17:26
5341,17.269699,8.912327,28536.453125,5.00e-05,9210.53,1918.00,17066894,N/A,2025-08-11 19:17:26
5342,12.030885,8.912327,28536.453125,5.00e-05,9301.59,1524.50,17069943,N/A,2025-08-11 19:17:27
5343,10.539780,8.912327,28536.453125,5.00e-05,9254.40,1391.00,17072725,N/A,2025-08-11 19:17:27
5344,9.749637,8.912327,28536.453125,5.00e-05,8934.27,1470.00,17075665,N/A,2025-08-11 19:17:28
5345,10.474752,8.912327,28536.453125,5.00e-05,8890.07,1266.00,17078197,N/A,2025-08-11 19:17:28
5346,16.779169,8.912327,28536.453125,5.00e-05,8924.76,2029.50,17082256,N/A,2025-08-11 19:17:28
5347,13.279015,8.912327,28536.453125,5.00e-05,8921.61,1831.00,17085918,N/A,2025-08-11 19:17:29
5348,13.971398,8.912327,28536.453125,5.00e-05,9197.06,1765.50,17089449,N/A,2025-08-11 19:17:29
5349,10.510954,8.912327,28536.453125,5.00e-05,9439.50,1316.50,17092082,N/A,2025-08-11 19:17:30
5350,13.898402,8.912327,28536.453125,5.00e-05,9206.99,1728.50,17095539,1.0000,2025-08-11 19:17:30
5351,8.507998,8.912327,28536.453125,5.00e-05,8678.48,1067.00,17097673,N/A,2025-08-11 19:17:30
5352,12.117603,8.912327,28536.453125,5.00e-05,8823.27,1668.00,17101009,N/A,2025-08-11 19:17:31
5353,5.737529,8.912327,28536.453125,5.00e-05,8563.91,1024.50,17103058,N/A,2025-08-11 19:17:31
5354,12.250944,8.912327,28536.453125,5.00e-05,8424.46,1300.00,17105658,N/A,2025-08-11 19:17:32
5355,16.488256,8.912327,28536.453125,5.00e-05,8761.52,1875.50,17109409,N/A,2025-08-11 19:17:32
5356,16.940588,8.912327,28536.453125,5.00e-05,8782.87,2042.00,17113493,N/A,2025-08-11 19:17:32
5357,15.572069,8.912327,28536.453125,5.00e-05,8754.35,1782.00,17117057,N/A,2025-08-11 19:17:33
5358,14.427593,8.912327,28536.453125,5.00e-05,8633.78,1750.50,17120558,N/A,2025-08-11 19:17:33
5359,14.015368,8.912327,28536.453125,5.00e-05,9119.02,1851.00,17124260,N/A,2025-08-11 19:17:34
5360,10.419286,8.912327,28536.453125,5.00e-05,8788.16,1375.50,17127011,1.0000,2025-08-11 19:17:34
5361,13.163618,8.912327,28536.453125,5.00e-05,9284.91,1964.00,17130939,N/A,2025-08-11 19:17:34
5362,7.922761,8.912327,28536.453125,5.00e-05,9085.71,1224.00,17133387,N/A,2025-08-11 19:17:35
5363,11.200306,8.912327,28536.453125,5.00e-05,9317.96,1493.00,17136373,N/A,2025-08-11 19:17:35
5364,8.727927,8.912327,28536.453125,5.00e-05,9368.35,1377.50,17139128,N/A,2025-08-11 19:17:36
5365,10.109188,8.912327,28536.453125,5.00e-05,9156.21,1489.50,17142107,N/A,2025-08-11 19:17:36
5366,15.423572,8.912327,28536.453125,5.00e-05,8936.21,1634.50,17145376,N/A,2025-08-11 19:17:36
5367,9.250022,8.912327,28536.453125,5.00e-05,8760.35,1278.50,17147933,N/A,2025-08-11 19:17:37
5368,12.991165,8.912327,28536.453125,5.00e-05,8754.43,1821.00,17151575,N/A,2025-08-11 19:17:37
5369,16.016531,8.912327,28536.453125,5.00e-05,9044.59,1996.50,17155568,N/A,2025-08-11 19:17:37
5370,14.482728,8.912327,28536.453125,5.00e-05,9178.67,1929.50,17159427,1.0000,2025-08-11 19:17:38
5371,16.272633,8.912327,28536.453125,5.00e-05,9081.90,1794.00,17163015,N/A,2025-08-11 19:17:38
5372,12.260656,8.912327,28536.453125,5.00e-05,9379.41,1584.50,17166184,N/A,2025-08-11 19:17:39
5373,12.097175,8.912327,28536.453125,5.00e-05,9514.09,1722.50,17169629,N/A,2025-08-11 19:17:39
5374,13.930595,8.912327,28536.453125,5.00e-05,9654.89,1626.00,17172881,N/A,2025-08-11 19:17:39
5375,16.444250,8.912327,28536.453125,5.00e-05,9940.44,1998.50,17176878,N/A,2025-08-11 19:17:40
5376,13.175998,8.912327,28536.453125,5.00e-05,10117.57,1895.50,17180669,N/A,2025-08-11 19:17:40
5377,11.353632,8.912327,28536.453125,5.00e-05,10275.42,1454.00,17183577,N/A,2025-08-11 19:17:41
5378,12.795289,8.912327,28536.453125,5.00e-05,10081.77,1739.50,17187056,N/A,2025-08-11 19:17:41
5379,13.185225,8.912327,28536.453125,5.00e-05,9901.33,1366.50,17189789,N/A,2025-08-11 19:17:41
5380,12.077602,8.912327,28536.453125,5.00e-05,9509.34,1543.50,17192876,1.0000,2025-08-11 19:17:42
5381,13.380805,8.912327,28536.453125,5.00e-05,9378.13,1575.50,17196027,N/A,2025-08-11 19:17:42
5382,13.679711,8.912327,28536.453125,5.00e-05,9438.67,1701.00,17199429,N/A,2025-08-11 19:17:43
5383,12.549984,8.912327,28536.453125,5.00e-05,9381.68,1671.00,17202771,N/A,2025-08-11 19:17:43
5384,16.057837,8.912327,28536.453125,5.00e-05,9547.60,1948.50,17206668,N/A,2025-08-11 19:17:43
5385,13.978812,8.912327,28536.453125,5.00e-05,9449.82,1851.50,17210371,N/A,2025-08-11 19:17:44
5386,16.316587,8.912327,28536.453125,5.00e-05,9512.92,2045.00,17214461,N/A,2025-08-11 19:17:44
5387,8.527301,8.912327,28536.453125,5.00e-05,9572.82,1378.00,17217217,N/A,2025-08-11 19:17:44
5388,8.820555,8.912327,28536.453125,5.00e-05,9222.32,1133.50,17219484,N/A,2025-08-11 19:17:45
5389,11.381075,8.912327,28536.453125,5.00e-05,9304.40,1383.50,17222251,N/A,2025-08-11 19:17:45
5390,11.534031,8.912327,28536.453125,5.00e-05,9193.88,1805.50,17225862,1.0000,2025-08-11 19:17:46
5391,15.346112,8.912327,28536.453125,5.00e-05,9404.33,1947.00,17229756,N/A,2025-08-11 19:17:46
5392,11.756958,8.912327,28536.453125,5.00e-05,9359.51,1587.50,17232931,N/A,2025-08-11 19:17:47
5393,13.214654,8.912327,28536.453125,5.00e-05,9254.82,1542.50,17236016,N/A,2025-08-11 19:17:47
5394,9.734953,8.912327,28536.453125,5.00e-05,8834.79,1187.00,17238390,N/A,2025-08-11 19:17:47
5395,11.763797,8.912327,28536.453125,5.00e-05,8836.26,1856.00,17242102,N/A,2025-08-11 19:17:48
5396,10.399328,8.912327,28536.453125,5.00e-05,8635.94,1679.00,17245460,N/A,2025-08-11 19:17:48
5397,13.283087,8.912327,28536.453125,5.00e-05,8778.82,1595.00,17248650,N/A,2025-08-11 19:17:48
5398,15.897115,8.912327,28536.453125,5.00e-05,9184.72,1689.50,17252029,N/A,2025-08-11 19:17:49
5399,10.929744,8.912327,28536.453125,5.00e-05,9540.26,1516.50,17255062,N/A,2025-08-11 19:17:49
5400,14.318999,8.912327,28536.453125,5.00e-05,9312.29,1996.50,17259055,1.0000,2025-08-11 19:17:50
5401,10.664326,8.912327,28536.453125,5.00e-05,7501.72,1483.50,17262022,N/A,2025-08-11 19:17:51
5402,10.758561,8.912327,28536.453125,5.00e-05,7544.05,1670.50,17265363,N/A,2025-08-11 19:17:51
5403,11.402954,8.912327,28536.453125,5.00e-05,7616.70,1699.00,17268761,N/A,2025-08-11 19:17:52
5404,7.950789,8.912327,28536.453125,5.00e-05,7563.05,1107.50,17270976,N/A,2025-08-11 19:17:52
5405,16.443760,8.912327,28536.453125,5.00e-05,7607.98,1903.50,17274783,N/A,2025-08-11 19:17:52
5406,11.823050,8.912327,28536.453125,5.00e-05,7533.70,1722.00,17278227,N/A,2025-08-11 19:17:53
5407,9.734886,8.912327,28536.453125,5.00e-05,7323.09,1229.00,17280685,N/A,2025-08-11 19:17:53
5408,12.759943,8.912327,28536.453125,5.00e-05,7315.99,1716.50,17284118,N/A,2025-08-11 19:17:54
5409,12.133576,8.912327,28536.453125,5.00e-05,7413.23,1489.50,17287097,N/A,2025-08-11 19:17:54
5410,14.722967,8.912327,28536.453125,5.00e-05,8512.26,2033.00,17291163,1.0000,2025-08-11 19:17:55
5411,13.215546,8.912327,28536.453125,5.00e-05,8398.98,1453.50,17294070,N/A,2025-08-11 19:17:55
5412,11.511805,8.912327,28536.453125,5.00e-05,8064.52,1287.00,17296644,N/A,2025-08-11 19:17:55
5413,16.063271,8.912327,28536.453125,5.00e-05,8021.94,1826.50,17300297,N/A,2025-08-11 19:17:56
5414,11.731270,8.912327,28536.453125,5.00e-05,8259.71,1689.00,17303675,N/A,2025-08-11 19:17:56
5415,13.687781,8.912327,28536.453125,5.00e-05,8275.09,1952.00,17307579,N/A,2025-08-11 19:17:57
5416,11.910583,8.912327,28536.453125,5.00e-05,8175.33,1664.00,17310907,N/A,2025-08-11 19:17:57
5417,7.915390,8.912327,28536.453125,5.00e-05,7974.31,1082.00,17313071,N/A,2025-08-11 19:17:58
5418,10.781685,8.912327,28536.453125,5.00e-05,7904.76,1576.00,17316223,N/A,2025-08-11 19:17:58
5419,11.667690,8.912327,28536.453125,5.00e-05,8347.49,1672.00,17319567,N/A,2025-08-11 19:17:58
5420,8.496740,8.912327,28536.453125,5.00e-05,7786.28,1325.00,17322217,1.0000,2025-08-11 19:17:59
5421,3.775751,8.912327,28536.453125,5.00e-05,7396.77,590.00,17323397,N/A,2025-08-11 19:17:59
5422,8.099594,8.912327,28536.453125,5.00e-05,6153.37,1051.50,17325500,N/A,2025-08-11 19:18:01
5423,14.681468,8.912327,28536.453125,5.00e-05,6148.57,1734.50,17328969,N/A,2025-08-11 19:18:01
5424,10.331687,8.912327,28536.453125,5.00e-05,6051.82,1291.50,17331552,N/A,2025-08-11 19:18:01
5425,14.116856,8.912327,28536.453125,5.00e-05,6006.55,1696.50,17334945,N/A,2025-08-11 19:18:02
5426,14.360752,8.912327,28536.453125,5.00e-05,6046.48,1536.50,17338018,N/A,2025-08-11 19:18:02
5427,14.305803,8.912327,28536.453125,5.00e-05,6359.98,1592.00,17341202,N/A,2025-08-11 19:18:02
5428,12.562517,8.912327,28536.453125,5.00e-05,6509.29,1882.00,17344966,N/A,2025-08-11 19:18:03
5429,17.362583,8.912327,28536.453125,5.00e-05,6914.80,2015.00,17348996,N/A,2025-08-11 19:18:03
5430,11.922886,8.912327,28536.453125,5.00e-05,7017.97,1721.00,17352438,1.0000,2025-08-11 19:18:04
5431,10.596725,8.912327,28536.453125,5.00e-05,9074.24,1416.00,17355270,N/A,2025-08-11 19:18:04
5432,15.876526,8.912327,28536.453125,5.00e-05,9579.07,1950.50,17359171,N/A,2025-08-11 19:18:04
5433,9.081327,8.912327,28536.453125,5.00e-05,9207.93,1087.00,17361345,N/A,2025-08-11 19:18:05
5434,17.425774,8.912327,28536.453125,5.00e-05,9629.91,2022.50,17365390,N/A,2025-08-11 19:18:05
5435,12.141755,8.912327,28536.453125,5.00e-05,9454.82,1374.00,17368138,N/A,2025-08-11 19:18:06
5436,12.617444,8.912327,28536.453125,5.00e-05,9465.39,1560.00,17371258,N/A,2025-08-11 19:18:06
5437,10.866271,8.912327,28536.453125,5.00e-05,9458.14,1684.00,17374626,N/A,2025-08-11 19:18:06
5438,10.371393,8.912327,28536.453125,5.00e-05,9236.37,1585.50,17377797,N/A,2025-08-11 19:18:07
5439,16.124226,8.912327,28536.453125,5.00e-05,9302.91,1731.00,17381259,N/A,2025-08-11 19:18:07
5440,13.374797,8.912327,28536.453125,5.00e-05,9102.67,1670.00,17384599,1.0000,2025-08-11 19:18:08
5441,8.744920,8.912327,28536.453125,5.00e-05,9049.11,1339.50,17387278,N/A,2025-08-11 19:18:08
5442,11.503459,8.912327,28536.453125,5.00e-05,8711.97,1444.50,17390167,N/A,2025-08-11 19:18:08
5443,10.605963,8.912327,28536.453125,5.00e-05,8810.50,1252.00,17392671,N/A,2025-08-11 19:18:09
5444,8.902984,8.912327,28536.453125,5.00e-05,8262.00,1122.00,17394915,N/A,2025-08-11 19:18:09
5445,12.450454,8.912327,28536.453125,5.00e-05,8322.25,1492.00,17397899,N/A,2025-08-11 19:18:10
5446,13.424110,8.912327,28536.453125,5.00e-05,8600.74,1997.50,17401894,N/A,2025-08-11 19:18:10
5447,11.865735,8.912327,28536.453125,5.00e-05,8657.72,1686.50,17405267,N/A,2025-08-11 19:18:10
5448,13.709351,8.912327,28536.453125,5.00e-05,8866.40,2031.50,17409330,N/A,2025-08-11 19:18:11
5449,10.960861,8.912327,28536.453125,5.00e-05,8685.67,1128.00,17411586,N/A,2025-08-11 19:18:11
5450,8.487226,8.912327,28536.453125,5.00e-05,8215.64,1164.00,17413914,1.0000,2025-08-11 19:18:12
5451,11.209950,8.912327,28536.453125,5.00e-05,8331.73,1657.00,17417228,N/A,2025-08-11 19:18:12
5452,11.000145,8.912327,28536.453125,5.00e-05,8374.12,1526.50,17420281,N/A,2025-08-11 19:18:12
5453,7.843784,8.912327,28536.453125,5.00e-05,8283.98,1042.00,17422365,N/A,2025-08-11 19:18:13
5454,14.420518,8.912327,28536.453125,5.00e-05,8642.11,1772.50,17425910,N/A,2025-08-11 19:18:13
5455,12.070666,8.912327,28536.453125,5.00e-05,8795.25,1704.50,17429319,N/A,2025-08-11 19:18:14
5456,11.213011,8.912327,28536.453125,5.00e-05,8532.26,1553.50,17432426,N/A,2025-08-11 19:18:14
5457,15.960190,8.912327,28536.453125,5.00e-05,8732.85,2048.00,17436522,N/A,2025-08-11 19:18:14
5458,6.565741,8.912327,28536.453125,5.00e-05,8181.38,1059.50,17438641,N/A,2025-08-11 19:18:15
5459,14.608628,8.912327,28536.453125,5.00e-05,8890.36,2035.00,17442711,N/A,2025-08-11 19:18:15
5460,15.813941,8.912327,28536.453125,5.00e-05,9281.67,2015.00,17446741,1.0000,2025-08-11 19:18:16
5461,13.568911,8.912327,28536.453125,5.00e-05,9324.73,1760.50,17450262,N/A,2025-08-11 19:18:16
5462,18.302467,8.912327,28536.453125,5.00e-05,9616.17,2007.00,17454276,N/A,2025-08-11 19:18:16
5463,11.617358,8.912327,28536.453125,5.00e-05,9965.78,1624.00,17457524,N/A,2025-08-11 19:18:17
5464,12.140401,8.912327,28536.453125,5.00e-05,9678.42,1256.00,17460036,N/A,2025-08-11 19:18:17
5465,14.384409,8.912327,28536.453125,5.00e-05,9749.80,1800.50,17463637,N/A,2025-08-11 19:18:17
5466,13.736233,8.912327,28536.453125,5.00e-05,9764.15,1506.50,17466650,N/A,2025-08-11 19:18:18
5467,11.744318,8.912327,28536.453125,5.00e-05,9654.75,1865.50,17470381,N/A,2025-08-11 19:18:18
5468,14.969100,8.912327,28536.453125,5.00e-05,10216.31,2048.00,17474477,N/A,2025-08-11 19:18:19
5469,13.255335,8.912327,28536.453125,5.00e-05,10168.31,1553.00,17477583,N/A,2025-08-11 19:18:19
5470,13.249275,8.912327,28536.453125,5.00e-05,9838.23,1762.50,17481108,1.0000,2025-08-11 19:18:19
5471,13.815331,8.912327,28536.453125,5.00e-05,9817.92,1902.00,17484912,N/A,2025-08-11 19:18:20
5472,9.731516,8.912327,28536.453125,5.00e-05,9533.42,1524.00,17487960,N/A,2025-08-11 19:18:20
5473,12.417168,8.912327,28536.453125,5.00e-05,9605.28,1760.50,17491481,N/A,2025-08-11 19:18:21
5474,15.591084,8.912327,28536.453125,5.00e-05,10031.73,2019.00,17495519,N/A,2025-08-11 19:18:21
5475,14.986812,8.912327,28536.453125,5.00e-05,10094.44,1879.50,17499278,N/A,2025-08-11 19:18:21
5476,10.462989,8.912327,28536.453125,5.00e-05,10038.34,1362.50,17502003,N/A,2025-08-11 19:18:22
5477,8.328389,8.912327,28536.453125,5.00e-05,9722.02,1306.50,17504616,N/A,2025-08-11 19:18:22
5478,13.375422,8.912327,28536.453125,5.00e-05,9541.29,1714.00,17508044,N/A,2025-08-11 19:18:23
5479,10.404006,8.912327,28536.453125,5.00e-05,9626.29,1424.50,17510893,N/A,2025-08-11 19:18:23
5480,7.575296,8.912327,28536.453125,5.00e-05,9235.68,1261.00,17513415,1.0000,2025-08-11 19:18:23
5481,9.515884,8.912327,28536.453125,5.00e-05,9044.16,1546.00,17516507,N/A,2025-08-11 19:18:24
5482,7.224348,8.912327,28536.453125,5.00e-05,8781.28,1053.50,17518614,N/A,2025-08-11 19:18:24
5483,17.104313,8.912327,28536.453125,5.00e-05,8880.84,1941.00,17522496,N/A,2025-08-11 19:18:24
5484,10.890315,8.912327,28536.453125,5.00e-05,8617.29,1548.00,17525592,N/A,2025-08-11 19:18:25
5485,11.051555,8.912327,28536.453125,5.00e-05,8360.48,1527.00,17528646,N/A,2025-08-11 19:18:25
5486,15.325700,8.912327,28536.453125,5.00e-05,8493.12,1628.00,17531902,N/A,2025-08-11 19:18:26
5487,13.500789,8.912327,28536.453125,5.00e-05,8700.32,1687.00,17535276,N/A,2025-08-11 19:18:26
5488,12.868614,8.912327,28536.453125,5.00e-05,8664.01,1683.00,17538642,N/A,2025-08-11 19:18:26
5489,12.029749,8.912327,28536.453125,5.00e-05,8962.38,1635.50,17541913,N/A,2025-08-11 19:18:27
5490,8.986746,8.912327,28536.453125,5.00e-05,8787.46,1278.00,17544469,1.0000,2025-08-11 19:18:27
5491,9.896993,8.912327,28536.453125,5.00e-05,8583.98,1240.00,17546949,N/A,2025-08-11 19:18:28
5492,12.389737,8.912327,28536.453125,5.00e-05,8987.66,1787.50,17550524,N/A,2025-08-11 19:18:28
5493,14.209228,8.912327,28536.453125,5.00e-05,8840.98,1754.50,17554033,N/A,2025-08-11 19:18:28
5494,14.554556,8.912327,28536.453125,5.00e-05,8979.31,1784.00,17557601,N/A,2025-08-11 19:18:29
5495,17.954319,8.912327,28536.453125,5.00e-05,9290.70,2048.00,17561697,N/A,2025-08-11 19:18:29
5496,12.198557,8.912327,28536.453125,5.00e-05,9201.42,1450.00,17564597,N/A,2025-08-11 19:18:30
5497,14.718924,8.912327,28536.453125,5.00e-05,9412.77,1944.00,17568485,N/A,2025-08-11 19:18:30
5498,8.188050,8.912327,28536.453125,5.00e-05,9155.00,1229.50,17570944,N/A,2025-08-11 19:18:30
5499,12.200636,8.912327,28536.453125,5.00e-05,9385.51,1709.00,17574362,N/A,2025-08-11 19:18:31
5500,8.635559,8.912327,28536.453125,5.00e-05,9135.50,1131.50,17576625,1.0000,2025-08-11 19:18:31
5501,14.523323,8.912327,28536.453125,5.00e-05,7713.29,1878.50,17580382,N/A,2025-08-11 19:18:32
5502,14.276343,8.912327,28536.453125,5.00e-05,7710.88,1740.50,17583863,N/A,2025-08-11 19:18:33
5503,13.830466,8.912327,28536.453125,5.00e-05,7781.48,1868.00,17587599,N/A,2025-08-11 19:18:33
5504,9.861331,8.912327,28536.453125,5.00e-05,7494.36,1162.00,17589923,N/A,2025-08-11 19:18:34
5505,14.261834,8.912327,28536.453125,5.00e-05,7202.56,1512.50,17592948,N/A,2025-08-11 19:18:34
5506,10.093053,8.912327,28536.453125,5.00e-05,7166.25,1377.50,17595703,N/A,2025-08-11 19:18:34
5507,9.512355,8.912327,28536.453125,5.00e-05,6748.65,1199.50,17598102,N/A,2025-08-11 19:18:35
5508,10.131574,8.912327,28536.453125,5.00e-05,6680.91,1214.00,17600530,N/A,2025-08-11 19:18:35
5509,13.096128,8.912327,28536.453125,5.00e-05,6843.51,1807.00,17604144,N/A,2025-08-11 19:18:36
5510,14.787091,8.912327,28536.453125,5.00e-05,8716.69,1905.00,17607954,1.0000,2025-08-11 19:18:36
5511,15.121740,8.912327,28536.453125,5.00e-05,8776.86,1959.00,17611872,N/A,2025-08-11 19:18:36
5512,10.585746,8.912327,28536.453125,5.00e-05,8666.61,1528.00,17614928,N/A,2025-08-11 19:18:37
5513,8.419230,8.912327,28536.453125,5.00e-05,8209.50,1036.50,17617001,N/A,2025-08-11 19:18:37
5514,11.359157,8.912327,28536.453125,5.00e-05,8602.81,1744.00,17620489,N/A,2025-08-11 19:18:37
5515,13.167258,8.912327,28536.453125,5.00e-05,8619.82,1637.00,17623763,N/A,2025-08-11 19:18:38
5516,9.268209,8.912327,28536.453125,5.00e-05,8630.26,1210.00,17626183,N/A,2025-08-11 19:18:38
5517,14.404682,8.912327,28536.453125,5.00e-05,9125.33,1920.00,17630023,N/A,2025-08-11 19:18:39
5518,8.690638,8.912327,28536.453125,5.00e-05,9145.21,1357.50,17632738,N/A,2025-08-11 19:18:39
5519,12.119021,8.912327,28536.453125,5.00e-05,9163.04,1570.00,17635878,N/A,2025-08-11 19:18:39
5520,12.314984,8.912327,28536.453125,5.00e-05,8808.15,1670.00,17639218,1.0000,2025-08-11 19:18:40
5521,12.775175,8.912327,28536.453125,5.00e-05,8653.96,1665.00,17642548,N/A,2025-08-11 19:18:40
5522,13.046104,8.912327,28536.453125,5.00e-05,8873.93,1973.50,17646495,N/A,2025-08-11 19:18:41
5523,14.592754,8.912327,28536.453125,5.00e-05,9272.39,1750.00,17649995,N/A,2025-08-11 19:18:41
5524,12.963181,8.912327,28536.453125,5.00e-05,9242.33,1599.50,17653194,N/A,2025-08-11 19:18:41
5525,9.248218,8.912327,28536.453125,5.00e-05,9031.79,1253.00,17655700,N/A,2025-08-11 19:18:42
5526,7.932280,8.912327,28536.453125,5.00e-05,9114.27,1341.50,17658383,N/A,2025-08-11 19:18:42
5527,12.341243,8.912327,28536.453125,5.00e-05,9016.26,1713.00,17661809,N/A,2025-08-11 19:18:43
5528,16.354336,8.912327,28536.453125,5.00e-05,9380.38,2006.50,17665822,N/A,2025-08-11 19:18:43
5529,8.431617,8.912327,28536.453125,5.00e-05,9358.62,1146.00,17668114,N/A,2025-08-11 19:18:43
5530,10.729439,8.912327,28536.453125,5.00e-05,8865.71,1299.50,17670713,1.0000,2025-08-11 19:18:44
5531,14.759528,8.912327,28536.453125,5.00e-05,8963.46,1814.50,17674342,N/A,2025-08-11 19:18:44
5532,12.739751,8.912327,28536.453125,5.00e-05,8796.38,1672.50,17677687,N/A,2025-08-11 19:18:45
5533,13.146107,8.912327,28536.453125,5.00e-05,8891.32,1906.00,17681499,N/A,2025-08-11 19:18:45
5534,8.800039,8.912327,28536.453125,5.00e-05,8691.67,1216.00,17683931,N/A,2025-08-11 19:18:45
5535,10.063273,8.912327,28536.453125,5.00e-05,8767.70,1411.00,17686753,N/A,2025-08-11 19:18:46
5536,13.279626,8.912327,28536.453125,5.00e-05,8923.34,1547.50,17689848,N/A,2025-08-11 19:18:46
5537,13.007593,8.912327,28536.453125,5.00e-05,9106.43,2008.00,17693864,N/A,2025-08-11 19:18:46
5538,11.176276,8.912327,28536.453125,5.00e-05,8879.83,1665.50,17697195,N/A,2025-08-11 19:18:47
5539,11.087944,8.912327,28536.453125,5.00e-05,9508.31,1787.50,17700770,N/A,2025-08-11 19:18:47
5540,11.427383,8.912327,28536.453125,5.00e-05,9400.89,1483.50,17703737,1.0000,2025-08-11 19:18:48
5541,14.905099,8.912327,28536.453125,5.00e-05,9490.68,1990.50,17707718,N/A,2025-08-11 19:18:48
5542,8.716620,8.912327,28536.453125,5.00e-05,9198.25,1174.50,17710067,N/A,2025-08-11 19:18:48
5543,10.195278,8.912327,28536.453125,5.00e-05,8847.80,1307.50,17712682,N/A,2025-08-11 19:18:49
5544,15.006327,8.912327,28536.453125,5.00e-05,9182.14,1865.50,17716413,N/A,2025-08-11 19:18:49
5545,13.294543,8.912327,28536.453125,5.00e-05,9431.61,1865.50,17720144,N/A,2025-08-11 19:18:50
5546,7.484746,8.912327,28536.453125,5.00e-05,9156.22,1064.00,17722272,N/A,2025-08-11 19:18:50
5547,12.551625,8.912327,28536.453125,5.00e-05,8977.32,1632.00,17725536,N/A,2025-08-11 19:18:50
5548,11.806797,8.912327,28536.453125,5.00e-05,8985.05,1630.50,17728797,N/A,2025-08-11 19:18:51
5549,14.837461,8.912327,28536.453125,5.00e-05,9237.66,1857.50,17732512,N/A,2025-08-11 19:18:51
5550,14.673118,8.912327,28536.453125,5.00e-05,9213.63,1753.00,17736018,1.0000,2025-08-11 19:18:52
5551,11.364371,8.912327,28536.453125,5.00e-05,8744.87,1215.00,17738448,N/A,2025-08-11 19:18:52
5552,15.281740,8.912327,28536.453125,5.00e-05,9010.61,1812.00,17742072,N/A,2025-08-11 19:18:52
5553,12.162298,8.912327,28536.453125,5.00e-05,9115.92,1504.00,17745080,N/A,2025-08-11 19:18:53
5554,9.874025,8.912327,28536.453125,5.00e-05,8695.53,1147.50,17747375,N/A,2025-08-11 19:18:53
5555,15.878403,8.912327,28536.453125,5.00e-05,8664.43,1801.50,17750978,N/A,2025-08-11 19:18:54
5556,14.222734,8.912327,28536.453125,5.00e-05,9106.92,1846.00,17754670,N/A,2025-08-11 19:18:54
5557,12.657443,8.912327,28536.453125,5.00e-05,9054.30,1537.50,17757745,N/A,2025-08-11 19:18:54
5558,10.912352,8.912327,28536.453125,5.00e-05,8846.02,1270.50,17760286,N/A,2025-08-11 19:18:55
5559,11.141891,8.912327,28536.453125,5.00e-05,8860.23,1560.00,17763406,N/A,2025-08-11 19:18:55
5560,12.497262,8.912327,28536.453125,5.00e-05,8714.93,1757.50,17766921,1.0000,2025-08-11 19:18:56
5561,12.385200,8.912327,28536.453125,5.00e-05,9082.24,1897.00,17770715,N/A,2025-08-11 19:18:56
5562,11.133479,8.912327,28536.453125,5.00e-05,9026.55,1600.00,17773915,N/A,2025-08-11 19:18:56
5563,8.093961,8.912327,28536.453125,5.00e-05,8810.68,1084.50,17776084,N/A,2025-08-11 19:18:57
5564,11.913853,8.912327,28536.453125,5.00e-05,9077.41,1606.50,17779297,N/A,2025-08-11 19:18:57
5565,8.722347,8.912327,28536.453125,5.00e-05,8605.03,1064.00,17781425,N/A,2025-08-11 19:18:57
5566,12.581574,8.912327,28536.453125,5.00e-05,8558.66,1795.50,17785016,N/A,2025-08-11 19:18:58
5567,9.931589,8.912327,28536.453125,5.00e-05,7093.49,1423.00,17787862,N/A,2025-08-11 19:18:59
5568,17.089790,8.912327,28536.453125,5.00e-05,7328.56,1773.50,17791409,N/A,2025-08-11 19:18:59
5569,11.667359,8.912327,28536.453125,5.00e-05,7520.56,1698.00,17794805,N/A,2025-08-11 19:19:00
5570,10.482061,8.912327,28536.453125,5.00e-05,7378.01,1513.00,17797831,1.0000,2025-08-11 19:19:00
5571,15.458724,8.912327,28536.453125,5.00e-05,7446.91,2048.00,17801927,N/A,2025-08-11 19:19:01
5572,9.953913,8.912327,28536.453125,5.00e-05,7385.85,1475.50,17804878,N/A,2025-08-11 19:19:01
5573,10.356135,8.912327,28536.453125,5.00e-05,7497.28,1333.00,17807544,N/A,2025-08-11 19:19:01
5574,12.850352,8.912327,28536.453125,5.00e-05,7412.36,1424.00,17810392,N/A,2025-08-11 19:19:02
5575,15.360075,8.912327,28536.453125,5.00e-05,7786.48,1819.50,17814031,N/A,2025-08-11 19:19:02
5576,12.756267,8.912327,28536.453125,5.00e-05,9214.05,1762.00,17817555,N/A,2025-08-11 19:19:02
5577,10.964648,8.912327,28536.453125,5.00e-05,9201.97,1409.50,17820374,N/A,2025-08-11 19:19:03
5578,14.315609,8.912327,28536.453125,5.00e-05,9303.37,1963.00,17824300,N/A,2025-08-11 19:19:03
5579,10.166471,8.912327,28536.453125,5.00e-05,9226.25,1294.00,17826888,N/A,2025-08-11 19:19:04
5580,10.722988,8.912327,28536.453125,5.00e-05,9048.85,1489.00,17829866,1.0000,2025-08-11 19:19:04
5581,15.716667,8.912327,28536.453125,5.00e-05,8708.09,1537.50,17832941,N/A,2025-08-11 19:19:04
5582,13.836497,8.912327,28536.453125,5.00e-05,8986.63,1968.00,17836877,N/A,2025-08-11 19:19:05
5583,12.439564,8.912327,28536.453125,5.00e-05,9378.52,1935.00,17840747,N/A,2025-08-11 19:19:05
5584,10.732767,8.912327,28536.453125,5.00e-05,9395.59,1449.50,17843646,N/A,2025-08-11 19:19:06
5585,14.601602,8.912327,28536.453125,5.00e-05,9658.93,2046.00,17847738,N/A,2025-08-11 19:19:06
5586,13.177824,8.912327,28536.453125,5.00e-05,9542.43,1545.00,17850828,N/A,2025-08-11 19:19:06
5587,11.591946,8.912327,28536.453125,5.00e-05,9770.65,1791.50,17854411,N/A,2025-08-11 19:19:07
5588,13.773768,8.912327,28536.453125,5.00e-05,9752.81,1907.00,17858225,N/A,2025-08-11 19:19:07
5589,9.698264,8.912327,28536.453125,5.00e-05,9939.07,1317.50,17860860,N/A,2025-08-11 19:19:07
5590,13.397182,8.912327,28536.453125,5.00e-05,9906.26,1709.50,17864279,1.0000,2025-08-11 19:19:08
5591,11.818055,8.912327,28536.453125,5.00e-05,9957.63,1625.00,17867529,N/A,2025-08-11 19:19:08
5592,9.479071,8.912327,28536.453125,5.00e-05,9618.11,1381.00,17870291,N/A,2025-08-11 19:19:09
5593,14.547748,8.912327,28536.453125,5.00e-05,9643.28,1979.50,17874250,N/A,2025-08-11 19:19:09
5594,8.100320,8.912327,28536.453125,5.00e-05,9461.95,1155.50,17876561,N/A,2025-08-11 19:19:09
5595,19.000713,8.912327,28536.453125,5.00e-05,9403.62,1943.50,17880448,N/A,2025-08-11 19:19:10
5596,14.329852,8.912327,28536.453125,5.00e-05,9663.68,2048.00,17884544,N/A,2025-08-11 19:19:10
5597,10.251374,8.912327,28536.453125,5.00e-05,9389.20,1331.00,17887206,N/A,2025-08-11 19:19:11
5598,13.439937,8.912327,28536.453125,5.00e-05,9397.45,1897.50,17891001,N/A,2025-08-11 19:19:11
5599,12.094129,8.912327,28536.453125,5.00e-05,9615.33,1320.00,17893641,N/A,2025-08-11 19:19:11
5600,11.778496,8.912327,28536.453125,5.00e-05,9351.91,1537.50,17896716,1.0000,2025-08-11 19:19:12
5601,12.892786,8.912327,28536.453125,5.00e-05,7381.22,1805.00,17900326,N/A,2025-08-11 19:19:13
5602,11.258047,8.912327,28536.453125,5.00e-05,7476.71,1625.00,17903576,N/A,2025-08-11 19:19:14
5603,7.057714,8.912327,28536.453125,5.00e-05,7069.25,1119.50,17905815,N/A,2025-08-11 19:19:14
5604,13.051045,8.912327,28536.453125,5.00e-05,7322.65,1721.50,17909258,N/A,2025-08-11 19:19:14
5605,14.001094,8.912327,28536.453125,5.00e-05,7302.76,2048.00,17913354,N/A,2025-08-11 19:19:15
5606,9.894247,8.912327,28536.453125,5.00e-05,6986.75,1317.50,17915989,N/A,2025-08-11 19:19:15
5607,8.991325,8.912327,28536.453125,5.00e-05,6997.26,1360.00,17918709,N/A,2025-08-11 19:19:15
5608,11.933897,8.912327,28536.453125,5.00e-05,7021.32,1945.50,17922600,N/A,2025-08-11 19:19:16
5609,17.244986,8.912327,28536.453125,5.00e-05,7394.45,1989.00,17926578,N/A,2025-08-11 19:19:16
5610,14.164823,8.912327,28536.453125,5.00e-05,9447.04,2048.00,17930674,1.0000,2025-08-11 19:19:17
5611,11.831162,8.912327,28536.453125,5.00e-05,9040.73,1222.00,17933118,N/A,2025-08-11 19:19:17
5612,16.594616,8.912327,28536.453125,5.00e-05,9220.01,2013.00,17937144,N/A,2025-08-11 19:19:18
5613,11.246017,8.912327,28536.453125,5.00e-05,9380.51,1451.50,17940047,N/A,2025-08-11 19:19:18
5614,13.361479,8.912327,28536.453125,5.00e-05,9480.85,1774.00,17943595,N/A,2025-08-11 19:19:18
5615,11.319531,8.912327,28536.453125,5.00e-05,9131.46,1439.00,17946473,N/A,2025-08-11 19:19:19
5616,16.344995,8.912327,28536.453125,5.00e-05,9417.77,1974.00,17950421,N/A,2025-08-11 19:19:19
5617,9.852351,8.912327,28536.453125,5.00e-05,9486.70,1490.50,17953402,N/A,2025-08-11 19:19:20
5618,14.228077,8.912327,28536.453125,5.00e-05,9432.62,1798.50,17956999,N/A,2025-08-11 19:19:20
5619,13.007029,8.912327,28536.453125,5.00e-05,9737.68,1979.00,17960957,N/A,2025-08-11 19:19:20
5620,9.297636,8.912327,28536.453125,5.00e-05,9196.23,1207.50,17963372,1.0000,2025-08-11 19:19:21
5621,17.735485,8.912327,28536.453125,5.00e-05,9713.19,1982.50,17967337,N/A,2025-08-11 19:19:21
5622,16.619810,8.912327,28536.453125,5.00e-05,9750.45,2041.50,17971420,N/A,2025-08-11 19:19:21
5623,16.467854,8.912327,28536.453125,5.00e-05,9981.36,1920.00,17975260,N/A,2025-08-11 19:19:22
5624,15.696509,8.912327,28536.453125,5.00e-05,10064.29,1971.00,17979202,N/A,2025-08-11 19:19:22
5625,11.679543,8.912327,28536.453125,5.00e-05,10249.86,1682.50,17982567,N/A,2025-08-11 19:19:23
5626,12.983075,8.912327,28536.453125,5.00e-05,9814.05,1377.50,17985322,N/A,2025-08-11 19:19:23
5627,9.006912,8.912327,28536.453125,5.00e-05,9618.11,1252.00,17987826,N/A,2025-08-11 19:19:23
5628,11.493870,8.912327,28536.453125,5.00e-05,9515.26,1677.50,17991181,N/A,2025-08-11 19:19:24
5629,14.906219,8.912327,28536.453125,5.00e-05,9721.34,2022.50,17995226,N/A,2025-08-11 19:19:24
5630,9.567341,8.912327,28536.453125,5.00e-05,9352.29,1184.00,17997594,1.0000,2025-08-11 19:19:25
5631,15.798605,8.912327,28536.453125,5.00e-05,9289.32,1857.50,18001309,N/A,2025-08-11 19:19:25
5632,13.466533,8.912327,28536.453125,5.00e-05,9135.00,1593.50,18004496,N/A,2025-08-11 19:19:25
5633,15.088179,8.912327,28536.453125,5.00e-05,9142.90,2028.50,18008553,N/A,2025-08-11 19:19:26
5634,9.919750,8.912327,28536.453125,5.00e-05,8924.39,1507.00,18011567,N/A,2025-08-11 19:19:26
5635,16.355583,8.912327,28536.453125,5.00e-05,9129.79,2032.00,18015631,N/A,2025-08-11 19:19:27
5636,15.115556,8.912327,28536.453125,5.00e-05,9486.11,1902.00,18019435,N/A,2025-08-11 19:19:27
5637,7.140117,8.912327,28536.453125,5.00e-05,9413.77,1122.50,18021680,N/A,2025-08-11 19:19:27
5638,12.724217,8.912327,28536.453125,5.00e-05,9428.55,1862.50,18025405,N/A,2025-08-11 19:19:28
5639,9.892997,8.912327,28536.453125,5.00e-05,9387.90,1427.00,18028259,N/A,2025-08-11 19:19:28
5640,13.292266,8.912327,28536.453125,5.00e-05,9490.78,1888.00,18032035,1.0000,2025-08-11 19:19:29
5641,12.273633,8.912327,28536.453125,5.00e-05,9259.56,1461.00,18034957,N/A,2025-08-11 19:19:29
5642,11.808582,8.912327,28536.453125,5.00e-05,9356.03,1621.50,18038200,N/A,2025-08-11 19:19:30
5643,14.096889,8.912327,28536.453125,5.00e-05,9363.67,2048.00,18042296,N/A,2025-08-11 19:19:30
5644,8.315882,8.912327,28536.453125,5.00e-05,9247.48,1200.00,18044696,N/A,2025-08-11 19:19:30
5645,11.008099,8.912327,28536.453125,5.00e-05,9119.13,1897.50,18048491,N/A,2025-08-11 19:19:31
5646,14.363768,8.912327,28536.453125,5.00e-05,9189.66,1976.00,18052443,N/A,2025-08-11 19:19:31
5647,10.304972,8.912327,28536.453125,5.00e-05,9316.33,1268.50,18054980,N/A,2025-08-11 19:19:31
5648,12.527847,8.912327,28536.453125,5.00e-05,9363.02,1838.00,18058656,N/A,2025-08-11 19:19:32
5649,13.671258,8.912327,28536.453125,5.00e-05,9827.79,1731.50,18062119,N/A,2025-08-11 19:19:32
5650,8.854835,8.912327,28536.453125,5.00e-05,9174.84,1050.50,18064220,1.0000,2025-08-11 19:19:33
5651,12.141354,8.912327,28536.453125,5.00e-05,9244.60,1601.50,18067423,N/A,2025-08-11 19:19:33
5652,12.861803,8.912327,28536.453125,5.00e-05,9157.60,1539.00,18070501,N/A,2025-08-11 19:19:33
5653,12.906943,8.912327,28536.453125,5.00e-05,8863.58,1500.50,18073502,N/A,2025-08-11 19:19:34
5654,13.690299,8.912327,28536.453125,5.00e-05,9231.27,1760.50,18077023,N/A,2025-08-11 19:19:34
5655,7.936934,8.912327,28536.453125,5.00e-05,8875.83,1265.50,18079554,N/A,2025-08-11 19:19:35
5656,7.791006,8.912327,28536.453125,5.00e-05,8411.82,1124.00,18081802,N/A,2025-08-11 19:19:35
5657,10.760459,8.912327,28536.453125,5.00e-05,8599.51,1628.50,18085059,N/A,2025-08-11 19:19:35
5658,11.987549,8.912327,28536.453125,5.00e-05,8607.10,1879.00,18088817,N/A,2025-08-11 19:19:36
5659,12.491866,8.912327,28536.453125,5.00e-05,8597.00,1653.00,18092123,N/A,2025-08-11 19:19:36
5660,8.249200,8.912327,28536.453125,5.00e-05,8474.00,1176.50,18094476,1.0000,2025-08-11 19:19:37
5661,12.931218,8.912327,28536.453125,5.00e-05,8609.67,1798.50,18098073,N/A,2025-08-11 19:19:37
5662,9.509665,8.912327,28536.453125,5.00e-05,8512.98,1398.50,18100870,N/A,2025-08-11 19:19:37
5663,15.030424,8.912327,28536.453125,5.00e-05,8742.84,1918.50,18104707,N/A,2025-08-11 19:19:38
5664,9.359174,8.912327,28536.453125,5.00e-05,8477.65,1318.50,18107344,N/A,2025-08-11 19:19:38
5665,12.534822,8.912327,28536.453125,5.00e-05,8755.10,1850.50,18111045,N/A,2025-08-11 19:19:39
5666,8.949602,8.912327,28536.453125,5.00e-05,8793.75,1200.50,18113446,N/A,2025-08-11 19:19:39
5667,12.633185,8.912327,28536.453125,5.00e-05,8776.55,1570.00,18116586,N/A,2025-08-11 19:19:39
5668,10.746652,8.912327,28536.453125,5.00e-05,8694.14,1537.50,18119661,N/A,2025-08-11 19:19:40
5669,14.452664,8.912327,28536.453125,5.00e-05,9043.71,1908.00,18123477,N/A,2025-08-11 19:19:40
5670,10.997650,8.912327,28536.453125,5.00e-05,9029.82,1528.00,18126533,1.0000,2025-08-11 19:19:41
5671,10.125324,8.912327,28536.453125,5.00e-05,8868.55,1476.00,18129485,N/A,2025-08-11 19:19:41
5672,12.175713,8.912327,28536.453125,5.00e-05,8972.60,1562.50,18132610,N/A,2025-08-11 19:19:41
5673,12.065667,8.912327,28536.453125,5.00e-05,8733.36,1572.00,18135754,N/A,2025-08-11 19:19:42
5674,15.823923,8.912327,28536.453125,5.00e-05,9085.49,1819.50,18139393,N/A,2025-08-11 19:19:42
5675,13.777081,8.912327,28536.453125,5.00e-05,9124.38,1889.50,18143172,N/A,2025-08-11 19:19:42
5676,12.077045,8.912327,28536.453125,5.00e-05,9246.51,1476.00,18146124,N/A,2025-08-11 19:19:43
5677,10.332468,8.912327,28536.453125,5.00e-05,9084.05,1278.50,18148681,N/A,2025-08-11 19:19:43
5678,19.181015,8.912327,28536.453125,5.00e-05,9384.87,2048.00,18152777,N/A,2025-08-11 19:19:44
5679,8.528669,8.912327,28536.453125,5.00e-05,9199.05,1178.50,18155134,N/A,2025-08-11 19:19:44
5680,13.204226,8.912327,28536.453125,5.00e-05,9125.06,1805.00,18158744,1.0000,2025-08-11 19:19:44
5681,9.273714,8.912327,28536.453125,5.00e-05,8895.20,1073.00,18160890,N/A,2025-08-11 19:19:45
5682,16.497231,8.912327,28536.453125,5.00e-05,9139.11,1878.50,18164647,N/A,2025-08-11 19:19:45
5683,12.216912,8.912327,28536.453125,5.00e-05,9302.10,1876.00,18168399,N/A,2025-08-11 19:19:46
5684,11.157681,8.912327,28536.453125,5.00e-05,9136.49,1529.00,18171457,N/A,2025-08-11 19:19:46
5685,14.873464,8.912327,28536.453125,5.00e-05,9194.25,1911.50,18175280,N/A,2025-08-11 19:19:46
5686,9.933495,8.912327,28536.453125,5.00e-05,9053.49,1208.50,18177697,N/A,2025-08-11 19:19:47
5687,17.188398,8.912327,28536.453125,5.00e-05,9467.45,2011.50,18181720,N/A,2025-08-11 19:19:47
5688,11.640684,8.912327,28536.453125,5.00e-05,9126.66,1611.50,18184943,N/A,2025-08-11 19:19:47
5689,10.643313,8.912327,28536.453125,5.00e-05,9467.02,1405.00,18187753,N/A,2025-08-11 19:19:48
5690,8.577222,8.912327,28536.453125,5.00e-05,8860.17,1077.50,18189908,1.0000,2025-08-11 19:19:48
5691,16.660612,8.912327,28536.453125,5.00e-05,9366.35,1953.00,18193814,N/A,2025-08-11 19:19:49
5692,18.399446,8.912327,28536.453125,5.00e-05,9446.19,2029.50,18197873,N/A,2025-08-11 19:19:49
5693,13.979778,8.912327,28536.453125,5.00e-05,9421.13,1946.00,18201765,N/A,2025-08-11 19:19:49
5694,8.425120,8.912327,28536.453125,5.00e-05,9142.01,1192.00,18204149,N/A,2025-08-11 19:19:50
5695,9.427810,8.912327,28536.453125,5.00e-05,8734.87,1251.50,18206652,N/A,2025-08-11 19:19:50
5696,9.391953,8.912327,28536.453125,5.00e-05,8881.98,1475.00,18209602,N/A,2025-08-11 19:19:51
5697,12.441045,8.912327,28536.453125,5.00e-05,8752.88,1662.00,18212926,N/A,2025-08-11 19:19:51
5698,13.732016,8.912327,28536.453125,5.00e-05,8792.53,1738.50,18216403,N/A,2025-08-11 19:19:51
5699,15.068527,8.912327,28536.453125,5.00e-05,9215.53,1826.00,18220055,N/A,2025-08-11 19:19:52
5700,9.677017,8.912327,28536.453125,5.00e-05,9166.94,1434.00,18222923,1.0000,2025-08-11 19:19:52
5701,11.007196,8.912327,28536.453125,5.00e-05,7067.27,1495.00,18225913,N/A,2025-08-11 19:19:54
5702,13.968401,8.912327,28536.453125,5.00e-05,7011.69,1843.00,18229599,N/A,2025-08-11 19:19:54
5703,13.717479,8.912327,28536.453125,5.00e-05,7087.43,2002.50,18233604,N/A,2025-08-11 19:19:54
5704,10.408366,8.912327,28536.453125,5.00e-05,7281.67,1569.50,18236743,N/A,2025-08-11 19:19:55
5705,10.544527,8.912327,28536.453125,5.00e-05,7370.95,1434.50,18239612,N/A,2025-08-11 19:19:55
5706,7.048688,8.912327,28536.453125,5.00e-05,7189.08,1080.50,18241773,N/A,2025-08-11 19:19:56
5707,10.172087,8.912327,28536.453125,5.00e-05,7211.50,1634.50,18245042,N/A,2025-08-11 19:19:56
5708,14.872078,8.912327,28536.453125,5.00e-05,7305.53,1998.50,18249039,N/A,2025-08-11 19:19:56
5709,11.133595,8.912327,28536.453125,5.00e-05,7366.52,1630.50,18252300,N/A,2025-08-11 19:19:57
5710,11.103707,8.912327,28536.453125,5.00e-05,9220.61,1576.00,18255452,1.0000,2025-08-11 19:19:57
5711,12.484659,8.912327,28536.453125,5.00e-05,9449.09,1940.50,18259333,N/A,2025-08-11 19:19:58
5712,10.115158,8.912327,28536.453125,5.00e-05,9070.01,1227.00,18261787,N/A,2025-08-11 19:19:58
5713,13.963289,8.912327,28536.453125,5.00e-05,9083.14,2048.00,18265883,N/A,2025-08-11 19:19:58
5714,15.446960,8.912327,28536.453125,5.00e-05,9215.82,1811.50,18269506,N/A,2025-08-11 19:19:59
5715,10.564608,8.912327,28536.453125,5.00e-05,9103.38,1201.50,18271909,N/A,2025-08-11 19:19:59
5716,13.173590,8.912327,28536.453125,5.00e-05,9452.71,1714.50,18275338,N/A,2025-08-11 19:19:59
5717,9.649657,8.912327,28536.453125,5.00e-05,9259.10,1225.00,18277788,N/A,2025-08-11 19:20:00
5718,14.602848,8.912327,28536.453125,5.00e-05,9151.60,1771.50,18281331,N/A,2025-08-11 19:20:00
5719,13.966990,8.912327,28536.453125,5.00e-05,9542.07,1893.50,18285118,N/A,2025-08-11 19:20:01
5720,8.768567,8.912327,28536.453125,5.00e-05,9149.38,1390.50,18287899,1.0000,2025-08-11 19:20:01
5721,12.020639,8.912327,28536.453125,5.00e-05,9076.28,1742.00,18291383,N/A,2025-08-11 19:20:01
5722,13.555391,8.912327,28536.453125,5.00e-05,9263.21,1533.50,18294450,N/A,2025-08-11 19:20:02
5723,11.228642,8.912327,28536.453125,5.00e-05,8800.16,1242.50,18296935,N/A,2025-08-11 19:20:02
5724,14.118983,8.912327,28536.453125,5.00e-05,8720.79,1670.50,18300276,N/A,2025-08-11 19:20:03
5725,9.857404,8.912327,28536.453125,5.00e-05,8750.10,1282.50,18302841,N/A,2025-08-11 19:20:03
5726,15.201630,8.912327,28536.453125,5.00e-05,8906.25,2001.50,18306844,N/A,2025-08-11 19:20:03
5727,9.895835,8.912327,28536.453125,5.00e-05,8806.43,1110.50,18309065,N/A,2025-08-11 19:20:04
5728,8.170945,8.912327,28536.453125,5.00e-05,8464.19,1138.00,18311341,N/A,2025-08-11 19:20:04
5729,13.957383,8.912327,28536.453125,5.00e-05,8706.12,1769.00,18314879,N/A,2025-08-11 19:20:05
5730,16.823929,8.912327,28536.453125,5.00e-05,8896.56,2023.50,18318926,1.0000,2025-08-11 19:20:05
5731,7.684230,8.912327,28536.453125,5.00e-05,8419.64,1128.00,18321182,N/A,2025-08-11 19:20:05
5732,10.259208,8.912327,28536.453125,5.00e-05,8368.47,1563.00,18324308,N/A,2025-08-11 19:20:06
5733,13.749742,8.912327,28536.453125,5.00e-05,8604.86,1651.50,18327611,N/A,2025-08-11 19:20:06
5734,8.012081,8.912327,28536.453125,5.00e-05,8282.67,1131.50,18329874,N/A,2025-08-11 19:20:07
5735,9.957191,8.912327,28536.453125,5.00e-05,8521.18,1691.50,18333257,N/A,2025-08-11 19:20:07
5736,8.553905,8.912327,28536.453125,5.00e-05,8202.39,1393.50,18336044,N/A,2025-08-11 19:20:07
5737,9.920296,8.912327,28536.453125,5.00e-05,8129.61,1094.50,18338233,N/A,2025-08-11 19:20:08
5738,14.147732,8.912327,28536.453125,5.00e-05,8509.79,1852.00,18341937,N/A,2025-08-11 19:20:08
5739,14.516269,8.912327,28536.453125,5.00e-05,8744.73,1898.00,18345733,N/A,2025-08-11 19:20:08
5740,11.523241,8.912327,28536.453125,5.00e-05,8478.90,1723.50,18349180,1.0000,2025-08-11 19:20:09
5741,11.103848,8.912327,28536.453125,5.00e-05,8869.73,1682.50,18352545,N/A,2025-08-11 19:20:09
5742,10.583756,8.912327,28536.453125,5.00e-05,8731.96,1328.00,18355201,N/A,2025-08-11 19:20:10
5743,8.166806,8.912327,28536.453125,5.00e-05,8486.62,1159.00,18357519,N/A,2025-08-11 19:20:10
5744,8.978840,8.912327,28536.453125,5.00e-05,8481.51,1149.00,18359817,N/A,2025-08-11 19:20:10
5745,11.227376,8.912327,28536.453125,5.00e-05,8462.41,1644.50,18363106,N/A,2025-08-11 19:20:11
5746,9.559505,8.912327,28536.453125,5.00e-05,8559.15,1461.00,18366028,N/A,2025-08-11 19:20:11
5747,7.706051,8.912327,28536.453125,5.00e-05,8646.52,1222.00,18368472,N/A,2025-08-11 19:20:12
5748,14.744736,8.912327,28536.453125,5.00e-05,8562.56,1722.00,18371916,N/A,2025-08-11 19:20:12
5749,11.034667,8.912327,28536.453125,5.00e-05,8525.98,1428.50,18374773,N/A,2025-08-11 19:20:12
5750,9.014661,8.912327,28536.453125,5.00e-05,8029.35,1197.50,18377168,1.0000,2025-08-11 19:20:13
5751,13.089051,8.912327,28536.453125,5.00e-05,8178.01,1957.50,18381083,N/A,2025-08-11 19:20:13
5752,10.874307,8.912327,28536.453125,5.00e-05,8217.00,1367.00,18383817,N/A,2025-08-11 19:20:14
5753,9.884159,8.912327,28536.453125,5.00e-05,8290.03,1282.50,18386382,N/A,2025-08-11 19:20:14
5754,11.441258,8.912327,28536.453125,5.00e-05,8352.30,1268.50,18388919,N/A,2025-08-11 19:20:14
5755,16.031961,8.912327,28536.453125,5.00e-05,8460.55,2013.00,18392945,N/A,2025-08-11 19:20:15
5756,11.861492,8.912327,28536.453125,5.00e-05,8563.03,1717.00,18396379,N/A,2025-08-11 19:20:15
5757,14.283765,8.912327,28536.453125,5.00e-05,8952.24,1894.00,18400167,N/A,2025-08-11 19:20:16
5758,8.398015,8.912327,28536.453125,5.00e-05,8441.77,1035.50,18402238,N/A,2025-08-11 19:20:16
5759,10.187795,8.912327,28536.453125,5.00e-05,8552.47,1338.50,18404915,N/A,2025-08-11 19:20:16
5760,11.529576,8.912327,28536.453125,5.00e-05,8517.48,1450.00,18407815,1.0000,2025-08-11 19:20:17
5761,9.310779,8.912327,28536.453125,5.00e-05,8119.33,1314.00,18410443,N/A,2025-08-11 19:20:17
5762,9.517185,8.912327,28536.453125,5.00e-05,8152.69,1405.00,18413253,N/A,2025-08-11 19:20:18
5763,12.986368,8.912327,28536.453125,5.00e-05,8514.00,1968.00,18417189,N/A,2025-08-11 19:20:18
5764,9.010152,8.912327,28536.453125,5.00e-05,8488.89,1037.00,18419263,N/A,2025-08-11 19:20:18
5765,9.012235,8.912327,28536.453125,5.00e-05,8259.37,1529.50,18422322,N/A,2025-08-11 19:20:19
5766,13.483998,8.912327,28536.453125,5.00e-05,8223.19,1681.00,18425684,N/A,2025-08-11 19:20:19
5767,11.101667,8.912327,28536.453125,5.00e-05,8072.86,1514.50,18428713,N/A,2025-08-11 19:20:19
5768,11.027095,8.912327,28536.453125,5.00e-05,8223.33,1426.00,18431565,N/A,2025-08-11 19:20:20
5769,15.967179,8.912327,28536.453125,5.00e-05,8595.64,1760.00,18435085,N/A,2025-08-11 19:20:20
5770,12.770992,8.912327,28536.453125,5.00e-05,8708.77,1870.50,18438826,1.0000,2025-08-11 19:20:21
5771,8.449627,8.912327,28536.453125,5.00e-05,8667.50,1246.00,18441318,N/A,2025-08-11 19:20:21
5772,13.731420,8.912327,28536.453125,5.00e-05,9013.14,1982.00,18445282,N/A,2025-08-11 19:20:22
5773,8.911433,8.912327,28536.453125,5.00e-05,8538.36,1137.00,18447556,N/A,2025-08-11 19:20:22
5774,16.061483,8.912327,28536.453125,5.00e-05,8993.50,1871.00,18451298,N/A,2025-08-11 19:20:22
5775,9.708875,8.912327,28536.453125,5.00e-05,8963.94,1501.50,18454301,N/A,2025-08-11 19:20:23
5776,12.381454,8.912327,28536.453125,5.00e-05,8790.49,1530.00,18457361,N/A,2025-08-11 19:20:23
5777,12.399905,8.912327,28536.453125,5.00e-05,8932.00,1651.50,18460664,N/A,2025-08-11 19:20:23
5778,12.136510,8.912327,28536.453125,5.00e-05,9327.54,2016.00,18464696,N/A,2025-08-11 19:20:24
5779,12.654005,8.912327,28536.453125,5.00e-05,9473.70,1818.00,18468332,N/A,2025-08-11 19:20:24
5780,7.076972,8.912327,28536.453125,5.00e-05,8821.70,1142.50,18470617,1.0000,2025-08-11 19:20:25
5781,8.356358,8.912327,28536.453125,5.00e-05,8797.49,1236.00,18473089,N/A,2025-08-11 19:20:25
5782,14.954477,8.912327,28536.453125,5.00e-05,8752.87,1942.50,18476974,N/A,2025-08-11 19:20:26
5783,12.755117,8.912327,28536.453125,5.00e-05,9040.74,1727.00,18480428,N/A,2025-08-11 19:20:26
5784,15.229716,8.912327,28536.453125,5.00e-05,9000.11,1842.00,18484112,N/A,2025-08-11 19:20:26
5785,14.678812,8.912327,28536.453125,5.00e-05,9332.03,1857.50,18487827,N/A,2025-08-11 19:20:27
5786,12.637876,8.912327,28536.453125,5.00e-05,9442.69,1759.00,18491345,N/A,2025-08-11 19:20:27
5787,10.823928,8.912327,28536.453125,5.00e-05,9359.13,1510.00,18494365,N/A,2025-08-11 19:20:27
5788,7.858948,8.912327,28536.453125,5.00e-05,8936.81,1178.50,18496722,N/A,2025-08-11 19:20:28
5789,8.702008,8.912327,28536.453125,5.00e-05,8789.58,1167.00,18499056,N/A,2025-08-11 19:20:28
5790,8.859813,8.912327,28536.453125,5.00e-05,8805.67,1435.50,18501927,1.0000,2025-08-11 19:20:29
5791,12.467732,8.912327,28536.453125,5.00e-05,8991.00,1520.00,18504967,N/A,2025-08-11 19:20:29
5792,10.802028,8.912327,28536.453125,5.00e-05,8902.54,1696.50,18508360,N/A,2025-08-11 19:20:29
5793,12.828121,8.912327,28536.453125,5.00e-05,8808.87,1585.00,18511530,N/A,2025-08-11 19:20:30
5794,9.986835,8.912327,28536.453125,5.00e-05,8720.33,1658.50,18514847,N/A,2025-08-11 19:20:30
5795,13.982936,8.912327,28536.453125,5.00e-05,8833.71,1974.00,18518795,N/A,2025-08-11 19:20:31
5796,11.662102,8.912327,28536.453125,5.00e-05,8741.55,1623.50,18522042,N/A,2025-08-11 19:20:31
5797,11.424273,8.912327,28536.453125,5.00e-05,8828.93,1754.00,18525550,N/A,2025-08-11 19:20:31
5798,14.055017,8.912327,28536.453125,5.00e-05,9307.35,1998.00,18529546,N/A,2025-08-11 19:20:32
5799,11.760214,8.912327,28536.453125,5.00e-05,9712.60,1541.50,18532629,N/A,2025-08-11 19:20:32
5800,11.975313,8.912327,28536.453125,5.00e-05,9695.17,1684.00,18535997,1.0000,2025-08-11 19:20:33
5801,11.346335,8.912327,28536.453125,5.00e-05,7992.71,1422.50,18538842,N/A,2025-08-11 19:20:34
5802,16.188103,8.912327,28536.453125,5.00e-05,8125.11,2028.50,18542899,N/A,2025-08-11 19:20:34
5803,14.083366,8.912327,28536.453125,5.00e-05,8284.01,1944.50,18546788,N/A,2025-08-11 19:20:34
5804,7.560519,8.912327,28536.453125,5.00e-05,8063.19,1173.00,18549134,N/A,2025-08-11 19:20:35
5805,11.829859,8.912327,28536.453125,5.00e-05,7912.30,1629.00,18552392,N/A,2025-08-11 19:20:35
5806,12.303121,8.912327,28536.453125,5.00e-05,7873.15,1615.50,18555623,N/A,2025-08-11 19:20:36
5807,11.929556,8.912327,28536.453125,5.00e-05,7819.31,1640.50,18558904,N/A,2025-08-11 19:20:36
5808,14.513253,8.912327,28536.453125,5.00e-05,7834.81,2048.00,18563000,N/A,2025-08-11 19:20:36
5809,12.750644,8.912327,28536.453125,5.00e-05,8040.60,1742.00,18566484,N/A,2025-08-11 19:20:37
5810,10.533940,8.912327,28536.453125,5.00e-05,9336.95,1432.50,18569349,1.0000,2025-08-11 19:20:37
5811,11.103221,8.912327,28536.453125,5.00e-05,9455.56,1468.00,18572285,N/A,2025-08-11 19:20:38
5812,14.570244,8.912327,28536.453125,5.00e-05,9402.49,1960.50,18576206,N/A,2025-08-11 19:20:38
5813,11.397228,8.912327,28536.453125,5.00e-05,9027.65,1506.00,18579218,N/A,2025-08-11 19:20:38
5814,12.498403,8.912327,28536.453125,5.00e-05,9303.98,1716.50,18582651,N/A,2025-08-11 19:20:39
5815,14.278001,8.912327,28536.453125,5.00e-05,9534.03,1843.50,18586338,N/A,2025-08-11 19:20:39
5816,7.412900,8.912327,28536.453125,5.00e-05,9302.38,1202.50,18588743,N/A,2025-08-11 19:20:40
5817,14.186109,8.912327,28536.453125,5.00e-05,9268.32,1585.00,18591913,N/A,2025-08-11 19:20:40
5818,12.195456,8.912327,28536.453125,5.00e-05,8838.28,1279.00,18594471,N/A,2025-08-11 19:20:40
5819,13.114269,8.912327,28536.453125,5.00e-05,9071.90,1782.50,18598036,N/A,2025-08-11 19:20:41
5820,9.599150,8.912327,28536.453125,5.00e-05,8815.37,1245.50,18600527,1.0000,2025-08-11 19:20:41
5821,11.184300,8.912327,28536.453125,5.00e-05,8803.61,1417.00,18603361,N/A,2025-08-11 19:20:42
5822,13.663903,8.912327,28536.453125,5.00e-05,8945.19,2007.00,18607375,N/A,2025-08-11 19:20:42
5823,11.165104,8.912327,28536.453125,5.00e-05,9056.01,1657.50,18610690,N/A,2025-08-11 19:20:42
5824,13.276571,8.912327,28536.453125,5.00e-05,9171.52,1896.50,18614483,N/A,2025-08-11 19:20:43
5825,12.731580,8.912327,28536.453125,5.00e-05,9196.74,1922.00,18618327,N/A,2025-08-11 19:20:43
5826,9.927120,8.912327,28536.453125,5.00e-05,9413.03,1582.50,18621492,N/A,2025-08-11 19:20:43
5827,14.965938,8.912327,28536.453125,5.00e-05,9550.58,1842.50,18625177,N/A,2025-08-11 19:20:44
5828,13.954359,8.912327,28536.453125,5.00e-05,9828.43,1904.00,18628985,N/A,2025-08-11 19:20:44
5829,8.623617,8.912327,28536.453125,5.00e-05,9736.17,1302.00,18631589,N/A,2025-08-11 19:20:45
5830,12.629839,8.912327,28536.453125,5.00e-05,9862.67,1760.00,18635109,1.0000,2025-08-11 19:20:45
5831,12.193008,8.912327,28536.453125,5.00e-05,10090.67,1782.50,18638674,N/A,2025-08-11 19:20:45
5832,13.952312,8.912327,28536.453125,5.00e-05,10114.41,2040.00,18642754,N/A,2025-08-11 19:20:46
5833,9.532202,8.912327,28536.453125,5.00e-05,10014.02,1487.00,18645728,N/A,2025-08-11 19:20:46
5834,9.965665,8.912327,28536.453125,5.00e-05,9825.88,1527.00,18648782,N/A,2025-08-11 19:20:47
5835,13.160694,8.912327,28536.453125,5.00e-05,9693.49,1671.50,18652125,N/A,2025-08-11 19:20:47
5836,10.424369,8.912327,28536.453125,5.00e-05,9710.56,1570.00,18655265,N/A,2025-08-11 19:20:47
5837,13.573746,8.912327,28536.453125,5.00e-05,9704.44,1698.00,18658661,N/A,2025-08-11 19:20:48
5838,12.195610,8.912327,28536.453125,5.00e-05,9558.03,1705.50,18662072,N/A,2025-08-11 19:20:48
5839,17.337328,8.912327,28536.453125,5.00e-05,10027.88,1802.50,18665677,N/A,2025-08-11 19:20:48
5840,10.524198,8.912327,28536.453125,5.00e-05,9593.51,1315.50,18668308,1.0000,2025-08-11 19:20:49
5841,9.922514,8.912327,28536.453125,5.00e-05,9402.30,1448.50,18671205,N/A,2025-08-11 19:20:49
5842,10.604589,8.912327,28536.453125,5.00e-05,9144.94,1575.00,18674355,N/A,2025-08-11 19:20:50
5843,10.994058,8.912327,28536.453125,5.00e-05,9410.92,1936.00,18678227,N/A,2025-08-11 19:20:50
5844,10.789561,8.912327,28536.453125,5.00e-05,9323.31,1373.50,18680974,N/A,2025-08-11 19:20:50
5845,12.559232,8.912327,28536.453125,5.00e-05,9395.33,1825.00,18684624,N/A,2025-08-11 19:20:51
5846,16.988455,8.912327,28536.453125,5.00e-05,9592.21,1903.50,18688431,N/A,2025-08-11 19:20:51
5847,12.833523,8.912327,28536.453125,5.00e-05,9556.61,1589.00,18691609,N/A,2025-08-11 19:20:52
5848,10.568841,8.912327,28536.453125,5.00e-05,9354.47,1378.50,18694366,N/A,2025-08-11 19:20:52
5849,15.849147,8.912327,28536.453125,5.00e-05,9531.66,1814.50,18697995,N/A,2025-08-11 19:20:52
5850,9.398136,8.912327,28536.453125,5.00e-05,9268.13,1209.00,18700413,1.0000,2025-08-11 19:20:53
5851,12.390263,8.912327,28536.453125,5.00e-05,9455.65,1889.00,18704191,N/A,2025-08-11 19:20:53
5852,9.436785,8.912327,28536.453125,5.00e-05,9256.47,1307.50,18706806,N/A,2025-08-11 19:20:54
5853,10.147095,8.912327,28536.453125,5.00e-05,8928.34,1431.50,18709669,N/A,2025-08-11 19:20:54
5854,15.048263,8.912327,28536.453125,5.00e-05,9221.22,1870.00,18713409,N/A,2025-08-11 19:20:54
5855,13.603962,8.912327,28536.453125,5.00e-05,9111.50,1625.50,18716660,N/A,2025-08-11 19:20:55
5856,10.469417,8.912327,28536.453125,5.00e-05,8796.45,1348.00,18719356,N/A,2025-08-11 19:20:55
5857,12.906108,8.912327,28536.453125,5.00e-05,8870.19,1705.00,18722766,N/A,2025-08-11 19:20:55
5858,13.208584,8.912327,28536.453125,5.00e-05,9219.33,2007.00,18726780,N/A,2025-08-11 19:20:56
5859,10.055198,8.912327,28536.453125,5.00e-05,9197.28,1433.00,18729646,N/A,2025-08-11 19:20:56
5860,10.496469,8.912327,28536.453125,5.00e-05,9190.34,1375.00,18732396,1.0000,2025-08-11 19:20:57
5861,13.697164,8.912327,28536.453125,5.00e-05,9256.17,1940.00,18736276,N/A,2025-08-11 19:20:57
5862,9.446495,8.912327,28536.453125,5.00e-05,9225.90,1245.50,18738767,N/A,2025-08-11 19:20:57
5863,9.435951,8.912327,28536.453125,5.00e-05,9170.51,1359.50,18741486,N/A,2025-08-11 19:20:58
5864,12.846929,8.912327,28536.453125,5.00e-05,9114.53,1820.00,18745126,N/A,2025-08-11 19:20:58
5865,17.112749,8.912327,28536.453125,5.00e-05,9262.77,1962.50,18749051,N/A,2025-08-11 19:20:59
5866,12.553376,8.912327,28536.453125,5.00e-05,9566.89,1871.50,18752794,N/A,2025-08-11 19:20:59
5867,8.137289,8.912327,28536.453125,5.00e-05,9276.97,1197.00,18755188,N/A,2025-08-11 19:20:59
5868,15.299228,8.912327,28536.453125,5.00e-05,9296.01,2048.00,18759284,N/A,2025-08-11 19:21:00
5869,7.353485,8.912327,28536.453125,5.00e-05,9291.91,1154.50,18761593,N/A,2025-08-11 19:21:00
5870,13.053134,8.912327,28536.453125,5.00e-05,9271.86,1616.00,18764825,1.0000,2025-08-11 19:21:00
5871,14.776070,8.912327,28536.453125,5.00e-05,9238.03,1815.50,18768456,N/A,2025-08-11 19:21:01
5872,11.279662,8.912327,28536.453125,5.00e-05,9504.50,1694.00,18771844,N/A,2025-08-11 19:21:01
5873,17.155336,8.912327,28536.453125,5.00e-05,9853.81,1912.00,18775668,N/A,2025-08-11 19:21:02
5874,10.456082,8.912327,28536.453125,5.00e-05,9628.59,1418.00,18778504,N/A,2025-08-11 19:21:02
5875,7.239565,8.912327,28536.453125,5.00e-05,9091.34,1150.50,18780805,N/A,2025-08-11 19:21:02
5876,14.429929,8.912327,28536.453125,5.00e-05,9075.94,1883.50,18784572,N/A,2025-08-11 19:21:03
5877,9.846383,8.912327,28536.453125,5.00e-05,9123.91,1304.50,18787181,N/A,2025-08-11 19:21:03
5878,16.768929,8.912327,28536.453125,5.00e-05,9130.59,2048.00,18791277,N/A,2025-08-11 19:21:04
5879,13.044503,8.912327,28536.453125,5.00e-05,9663.75,1813.00,18794903,N/A,2025-08-11 19:21:04
5880,14.297046,8.912327,28536.453125,5.00e-05,9465.26,1767.00,18798437,1.0000,2025-08-11 19:21:04
5881,13.210341,8.912327,28536.453125,5.00e-05,9425.57,1749.00,18801935,N/A,2025-08-11 19:21:05
5882,8.841504,8.912327,28536.453125,5.00e-05,9176.93,1281.00,18804497,N/A,2025-08-11 19:21:05
5883,7.776627,8.912327,28536.453125,5.00e-05,8816.60,1223.00,18806943,N/A,2025-08-11 19:21:06
5884,10.515796,8.912327,28536.453125,5.00e-05,8979.90,1616.50,18810176,N/A,2025-08-11 19:21:06
5885,9.438553,8.912327,28536.453125,5.00e-05,9264.29,1604.00,18813384,N/A,2025-08-11 19:21:06
5886,11.734865,8.912327,28536.453125,5.00e-05,9103.36,1584.00,18816552,N/A,2025-08-11 19:21:07
5887,10.887638,8.912327,28536.453125,5.00e-05,9255.44,1546.50,18819645,N/A,2025-08-11 19:21:07
5888,12.451887,8.912327,28536.453125,5.00e-05,9013.70,1702.50,18823050,N/A,2025-08-11 19:21:07
5889,10.993876,8.912327,28536.453125,5.00e-05,9159.12,1622.50,18826295,N/A,2025-08-11 19:21:08
5890,15.014311,8.912327,28536.453125,5.00e-05,9097.84,1987.50,18830270,1.0000,2025-08-11 19:21:08
5891,11.148364,8.912327,28536.453125,5.00e-05,8930.62,1465.00,18833200,N/A,2025-08-11 19:21:09
5892,14.106659,8.912327,28536.453125,5.00e-05,9302.67,1912.50,18837025,N/A,2025-08-11 19:21:09
5893,12.004353,8.912327,28536.453125,5.00e-05,9576.05,1766.00,18840557,N/A,2025-08-11 19:21:09
5894,14.123477,8.912327,28536.453125,5.00e-05,9675.76,1792.00,18844141,N/A,2025-08-11 19:21:10
5895,9.270645,8.912327,28536.453125,5.00e-05,9298.12,1048.00,18846237,N/A,2025-08-11 19:21:10
5896,14.635304,8.912327,28536.453125,5.00e-05,9301.56,1627.00,18849491,N/A,2025-08-11 19:21:11
5897,11.796881,8.912327,28536.453125,5.00e-05,9260.14,1381.50,18852254,N/A,2025-08-11 19:21:11
5898,14.812660,8.912327,28536.453125,5.00e-05,9193.02,1667.50,18855589,N/A,2025-08-11 19:21:11
5899,13.162969,8.912327,28536.453125,5.00e-05,9414.44,1670.50,18858930,N/A,2025-08-11 19:21:12
5900,8.618425,8.912327,28536.453125,5.00e-05,8838.92,1343.50,18861617,1.0000,2025-08-11 19:21:12
5901,14.823256,8.912327,28536.453125,5.00e-05,7228.64,1897.00,18865411,N/A,2025-08-11 19:21:13
5902,13.641109,8.912327,28536.453125,5.00e-05,7217.24,1932.50,18869276,N/A,2025-08-11 19:21:14
5903,11.490913,8.912327,28536.453125,5.00e-05,7075.15,1469.00,18872214,N/A,2025-08-11 19:21:14
5904,8.898185,8.912327,28536.453125,5.00e-05,6890.56,1346.50,18874907,N/A,2025-08-11 19:21:15
5905,10.509520,8.912327,28536.453125,5.00e-05,7022.90,1346.00,18877599,N/A,2025-08-11 19:21:15
5906,15.533007,8.912327,28536.453125,5.00e-05,7128.74,1866.50,18881332,N/A,2025-08-11 19:21:15
5907,11.459398,8.912327,28536.453125,5.00e-05,7276.56,1615.50,18884563,N/A,2025-08-11 19:21:16
5908,12.720589,8.912327,28536.453125,5.00e-05,7287.46,1879.00,18888321,N/A,2025-08-11 19:21:16
5909,13.281784,8.912327,28536.453125,5.00e-05,7375.76,1591.00,18891503,N/A,2025-08-11 19:21:17
5910,14.947824,8.912327,28536.453125,5.00e-05,9513.30,2048.00,18895599,1.0000,2025-08-11 19:21:17
5911,11.607359,8.912327,28536.453125,5.00e-05,9383.85,1514.50,18898628,N/A,2025-08-11 19:21:17
5912,8.330926,8.912327,28536.453125,5.00e-05,8983.29,1229.00,18901086,N/A,2025-08-11 19:21:18
5913,13.151193,8.912327,28536.453125,5.00e-05,9219.56,1839.00,18904764,N/A,2025-08-11 19:21:18
5914,11.789955,8.912327,28536.453125,5.00e-05,9460.24,1751.50,18908267,N/A,2025-08-11 19:21:19
5915,13.145810,8.912327,28536.453125,5.00e-05,9779.13,1902.50,18912072,N/A,2025-08-11 19:21:19
5916,8.977803,8.912327,28536.453125,5.00e-05,9457.68,1310.00,18914692,N/A,2025-08-11 19:21:19
5917,10.013844,8.912327,28536.453125,5.00e-05,9467.41,1412.50,18917517,N/A,2025-08-11 19:21:20
5918,11.272544,8.912327,28536.453125,5.00e-05,9157.86,1270.00,18920057,N/A,2025-08-11 19:21:20
5919,19.879227,8.912327,28536.453125,5.00e-05,9593.97,2048.00,18924153,N/A,2025-08-11 19:21:20
5920,10.795619,8.912327,28536.453125,5.00e-05,9196.71,1666.50,18927486,1.0000,2025-08-11 19:21:21
5921,12.648533,8.912327,28536.453125,5.00e-05,9386.64,1847.50,18931181,N/A,2025-08-11 19:21:21
5922,14.680166,8.912327,28536.453125,5.00e-05,9723.30,1787.00,18934755,N/A,2025-08-11 19:21:22
5923,10.746927,8.912327,28536.453125,5.00e-05,9508.72,1451.00,18937657,N/A,2025-08-11 19:21:22
5924,14.196276,8.912327,28536.453125,5.00e-05,9324.38,1488.00,18940633,N/A,2025-08-11 19:21:22
5925,9.216470,8.912327,28536.453125,5.00e-05,8962.07,1319.00,18943271,N/A,2025-08-11 19:21:23
5926,13.080269,8.912327,28536.453125,5.00e-05,9175.36,1733.50,18946738,N/A,2025-08-11 19:21:23
5927,7.535303,8.912327,28536.453125,5.00e-05,8923.26,1089.50,18948917,N/A,2025-08-11 19:21:24
5928,13.503420,8.912327,28536.453125,5.00e-05,9293.72,1971.00,18952859,N/A,2025-08-11 19:21:24
5929,14.147626,8.912327,28536.453125,5.00e-05,9466.44,2048.00,18956955,N/A,2025-08-11 19:21:24
5930,13.549022,8.912327,28536.453125,5.00e-05,9477.84,1968.50,18960892,1.0000,2025-08-11 19:21:25
5931,13.572899,8.912327,28536.453125,5.00e-05,9447.16,1805.00,18964502,N/A,2025-08-11 19:21:25
5932,12.067972,8.912327,28536.453125,5.00e-05,9407.28,1728.50,18967959,N/A,2025-08-11 19:21:26
5933,13.781179,8.912327,28536.453125,5.00e-05,9548.75,1636.50,18971232,N/A,2025-08-11 19:21:26
5934,7.786365,8.912327,28536.453125,5.00e-05,9371.46,1140.00,18973512,N/A,2025-08-11 19:21:26
5935,12.647887,8.912327,28536.453125,5.00e-05,9375.13,1388.50,18976289,N/A,2025-08-11 19:21:27
5936,12.455742,8.912327,28536.453125,5.00e-05,9235.27,1388.00,18979065,N/A,2025-08-11 19:21:27
5937,14.101422,8.912327,28536.453125,5.00e-05,9600.89,1677.00,18982419,N/A,2025-08-11 19:21:27
5938,14.033779,8.912327,28536.453125,5.00e-05,9382.99,1616.50,18985652,N/A,2025-08-11 19:21:28
5939,11.552533,8.912327,28536.453125,5.00e-05,9311.80,1649.00,18988950,N/A,2025-08-11 19:21:28
5940,13.775833,8.912327,28536.453125,5.00e-05,8913.77,1655.50,18992261,1.0000,2025-08-11 19:21:29
5941,9.687423,8.912327,28536.453125,5.00e-05,8840.38,1700.00,18995661,N/A,2025-08-11 19:21:29
5942,12.401977,8.912327,28536.453125,5.00e-05,8928.43,1891.00,18999443,N/A,2025-08-11 19:21:29
5943,12.192523,8.912327,28536.453125,5.00e-05,8811.38,1426.00,19002295,N/A,2025-08-11 19:21:30
5944,11.841600,8.912327,28536.453125,5.00e-05,8912.00,1427.00,19005149,N/A,2025-08-11 19:21:30
5945,10.536917,8.912327,28536.453125,5.00e-05,8726.29,1273.00,19007695,N/A,2025-08-11 19:21:31
5946,11.962517,8.912327,28536.453125,5.00e-05,8840.43,1579.50,19010854,N/A,2025-08-11 19:21:31
5947,12.490546,8.912327,28536.453125,5.00e-05,8894.67,1774.00,19014402,N/A,2025-08-11 19:21:31
5948,11.328010,8.912327,28536.453125,5.00e-05,8904.55,1630.00,19017662,N/A,2025-08-11 19:21:32
5949,13.788049,8.912327,28536.453125,5.00e-05,8975.29,1539.50,19020741,N/A,2025-08-11 19:21:32
5950,11.342507,8.912327,28536.453125,5.00e-05,8667.22,1369.50,19023480,1.0000,2025-08-11 19:21:33
5951,10.088048,8.912327,28536.453125,5.00e-05,8570.17,1562.00,19026604,N/A,2025-08-11 19:21:33
5952,11.820786,8.912327,28536.453125,5.00e-05,8283.47,1376.50,19029357,N/A,2025-08-11 19:21:33
5953,13.019572,8.912327,28536.453125,5.00e-05,8580.19,1759.50,19032876,N/A,2025-08-11 19:21:34
5954,8.386474,8.912327,28536.453125,5.00e-05,8499.73,1069.00,19035014,N/A,2025-08-11 19:21:34
5955,9.742390,8.912327,28536.453125,5.00e-05,8562.98,1401.50,19037817,N/A,2025-08-11 19:21:35
5956,8.774981,8.912327,28536.453125,5.00e-05,8265.39,1037.50,19039892,N/A,2025-08-11 19:21:35
5957,13.328787,8.912327,28536.453125,5.00e-05,8229.53,1682.50,19043257,N/A,2025-08-11 19:21:35
5958,14.422936,8.912327,28536.453125,5.00e-05,8450.98,1884.00,19047025,N/A,2025-08-11 19:21:36
5959,15.542612,8.912327,28536.453125,5.00e-05,8738.35,1755.50,19050536,N/A,2025-08-11 19:21:36
5960,14.412734,8.912327,28536.453125,5.00e-05,8902.23,1957.00,19054450,1.0000,2025-08-11 19:21:37
5961,17.864534,8.912327,28536.453125,5.00e-05,9151.07,2000.50,19058451,N/A,2025-08-11 19:21:37
5962,12.003465,8.912327,28536.453125,5.00e-05,9052.39,1382.50,19061216,N/A,2025-08-11 19:21:37
5963,8.636524,8.912327,28536.453125,5.00e-05,8610.05,1172.50,19063561,N/A,2025-08-11 19:21:38
5964,12.083393,8.912327,28536.453125,5.00e-05,8968.16,1715.50,19066992,N/A,2025-08-11 19:21:38
5965,8.644888,8.912327,28536.453125,5.00e-05,8812.40,1125.50,19069243,N/A,2025-08-11 19:21:39
5966,15.430649,8.912327,28536.453125,5.00e-05,9141.76,1693.00,19072629,N/A,2025-08-11 19:21:39
5967,11.198155,8.912327,28536.453125,5.00e-05,9016.01,1476.00,19075581,N/A,2025-08-11 19:21:39
5968,8.114421,8.912327,28536.453125,5.00e-05,8504.99,1098.00,19077777,N/A,2025-08-11 19:21:40
5969,14.733494,8.912327,28536.453125,5.00e-05,8766.95,1952.50,19081682,N/A,2025-08-11 19:21:40
5970,10.860601,8.912327,28536.453125,5.00e-05,8426.47,1654.00,19084990,1.0000,2025-08-11 19:21:41
5971,8.129351,8.912327,28536.453125,5.00e-05,8084.53,1225.50,19087441,N/A,2025-08-11 19:21:41
5972,10.012766,8.912327,28536.453125,5.00e-05,8354.64,1676.00,19090793,N/A,2025-08-11 19:21:41
5973,12.586643,8.912327,28536.453125,5.00e-05,8711.66,1807.00,19094407,N/A,2025-08-11 19:21:42
5974,11.918487,8.912327,28536.453125,5.00e-05,8609.91,1536.50,19097480,N/A,2025-08-11 19:21:42
5975,15.585187,8.912327,28536.453125,5.00e-05,9148.85,2027.00,19101534,N/A,2025-08-11 19:21:42
5976,12.340149,8.912327,28536.453125,5.00e-05,9124.77,1675.00,19104884,N/A,2025-08-11 19:21:43
5977,11.027071,8.912327,28536.453125,5.00e-05,9311.42,1698.50,19108281,N/A,2025-08-11 19:21:43
5978,9.401436,8.912327,28536.453125,5.00e-05,9556.90,1454.00,19111189,N/A,2025-08-11 19:21:44
5979,16.349165,8.912327,28536.453125,5.00e-05,9820.16,2048.00,19115285,N/A,2025-08-11 19:21:44
5980,9.270027,8.912327,28536.453125,5.00e-05,9452.98,1311.00,19117907,1.0000,2025-08-11 19:21:44
5981,13.068918,8.912327,28536.453125,5.00e-05,9543.24,1400.00,19120707,N/A,2025-08-11 19:21:45
5982,13.677053,8.912327,28536.453125,5.00e-05,9596.94,1765.50,19124238,N/A,2025-08-11 19:21:45
5983,14.136553,8.912327,28536.453125,5.00e-05,9505.85,1651.50,19127541,N/A,2025-08-11 19:21:46
5984,14.282310,8.912327,28536.453125,5.00e-05,9657.95,1791.00,19131123,N/A,2025-08-11 19:21:46
5985,10.286474,8.912327,28536.453125,5.00e-05,9389.27,1513.00,19134149,N/A,2025-08-11 19:21:46
5986,8.331310,8.912327,28536.453125,5.00e-05,9148.60,1240.00,19136629,N/A,2025-08-11 19:21:47
5987,11.931926,8.912327,28536.453125,5.00e-05,9054.92,1694.50,19140018,N/A,2025-08-11 19:21:47
5988,11.561522,8.912327,28536.453125,5.00e-05,8925.32,1250.00,19142518,N/A,2025-08-11 19:21:47
5989,10.466624,8.912327,28536.453125,5.00e-05,8780.37,1534.50,19145587,N/A,2025-08-11 19:21:48
5990,7.712298,8.912327,28536.453125,5.00e-05,8419.26,1030.00,19147647,1.0000,2025-08-11 19:21:48
5991,13.687746,8.912327,28536.453125,5.00e-05,8651.66,1803.00,19151253,N/A,2025-08-11 19:21:49
5992,18.218918,8.912327,28536.453125,5.00e-05,8790.02,2040.50,19155334,N/A,2025-08-11 19:21:49
5993,11.000843,8.912327,28536.453125,5.00e-05,8516.26,1392.50,19158119,N/A,2025-08-11 19:21:50
5994,12.543197,8.912327,28536.453125,5.00e-05,8450.56,1689.50,19161498,N/A,2025-08-11 19:21:50
5995,13.625067,8.912327,28536.453125,5.00e-05,8561.25,1739.00,19164976,N/A,2025-08-11 19:21:50
5996,12.357657,8.912327,28536.453125,5.00e-05,8982.59,1866.00,19168708,N/A,2025-08-11 19:21:51
5997,18.400126,8.912327,28536.453125,5.00e-05,9135.77,1962.00,19172632,N/A,2025-08-11 19:21:51
5998,13.890266,8.912327,28536.453125,5.00e-05,9310.79,1529.00,19175690,N/A,2025-08-11 19:21:51
5999,11.006694,8.912327,28536.453125,5.00e-05,9536.67,1546.50,19178783,N/A,2025-08-11 19:21:52
6000,9.702969,8.815498,17069.634766,5.00e-05,2633.75,1404.00,19181591,N/A,2025-08-11 19:22:02
6001,10.385802,8.815498,17069.634766,5.00e-05,2452.70,1612.50,19184816,N/A,2025-08-11 19:22:03
6002,7.983241,8.815498,17069.634766,5.00e-05,2318.41,1081.50,19186979,N/A,2025-08-11 19:22:03
6003,16.023167,8.815498,17069.634766,5.00e-05,2412.90,2033.50,19191046,N/A,2025-08-11 19:22:04
6004,12.483759,8.815498,17069.634766,5.00e-05,2419.91,1725.50,19194497,N/A,2025-08-11 19:22:04
6005,12.630920,8.815498,17069.634766,5.00e-05,2442.16,1884.00,19198265,N/A,2025-08-11 19:22:04
6006,10.769663,8.815498,17069.634766,5.00e-05,2358.28,1292.50,19200850,N/A,2025-08-11 19:22:05
6007,11.257948,8.815498,17069.634766,5.00e-05,2315.00,1689.50,19204229,N/A,2025-08-11 19:22:05
6008,8.484025,8.815498,17069.634766,5.00e-05,2307.14,1497.50,19207224,N/A,2025-08-11 19:22:05
6009,6.913880,8.815498,17069.634766,5.00e-05,7277.58,1281.00,19209786,N/A,2025-08-11 19:22:06
6010,15.013517,8.815498,17069.634766,5.00e-05,9119.30,1956.50,19213699,1.0000,2025-08-11 19:22:06
6011,11.250626,8.815498,17069.634766,5.00e-05,9227.30,1730.50,19217160,N/A,2025-08-11 19:22:07
6012,14.816126,8.815498,17069.634766,5.00e-05,9705.16,1908.00,19220976,N/A,2025-08-11 19:22:07
6013,9.485714,8.815498,17069.634766,5.00e-05,9251.81,1230.50,19223437,N/A,2025-08-11 19:22:07
6014,10.462573,8.815498,17069.634766,5.00e-05,8992.38,1311.50,19226060,N/A,2025-08-11 19:22:08
6015,10.701810,8.815498,17069.634766,5.00e-05,8956.65,1843.00,19229746,N/A,2025-08-11 19:22:08
6016,11.983315,8.815498,17069.634766,5.00e-05,9234.18,1715.50,19233177,N/A,2025-08-11 19:22:09
6017,12.094284,8.815498,17069.634766,5.00e-05,9227.02,1580.50,19236338,N/A,2025-08-11 19:22:09
6018,10.487633,8.815498,17069.634766,5.00e-05,9227.86,1583.50,19239505,N/A,2025-08-11 19:22:09
6019,10.805923,8.815498,17069.634766,5.00e-05,9624.10,1665.50,19242836,N/A,2025-08-11 19:22:10
6020,12.294817,8.815498,17069.634766,5.00e-05,9411.83,1878.00,19246592,1.0000,2025-08-11 19:22:10
6021,13.046635,8.815498,17069.634766,5.00e-05,9490.33,1919.00,19250430,N/A,2025-08-11 19:22:11
6022,12.608176,8.815498,17069.634766,5.00e-05,9330.01,1712.00,19253854,N/A,2025-08-11 19:22:11
6023,12.711352,8.815498,17069.634766,5.00e-05,9671.45,1834.00,19257522,N/A,2025-08-11 19:22:11
6024,8.328744,8.815498,17069.634766,5.00e-05,9527.36,1034.00,19259590,N/A,2025-08-11 19:22:12
6025,10.490329,8.815498,17069.634766,5.00e-05,9313.30,1502.50,19262595,N/A,2025-08-11 19:22:12
6026,16.757719,8.815498,17069.634766,5.00e-05,9490.57,2037.50,19266670,N/A,2025-08-11 19:22:12
6027,12.361723,8.815498,17069.634766,5.00e-05,9480.64,1508.50,19269687,N/A,2025-08-11 19:22:13
6028,13.169383,8.815498,17069.634766,5.00e-05,9671.68,2048.00,19273783,N/A,2025-08-11 19:22:13
6029,13.647088,8.815498,17069.634766,5.00e-05,9918.03,1928.50,19277640,N/A,2025-08-11 19:22:14
6030,11.887977,8.815498,17069.634766,5.00e-05,9458.40,1564.00,19280768,1.0000,2025-08-11 19:22:14
6031,12.725451,8.815498,17069.634766,5.00e-05,9258.50,1480.00,19283728,N/A,2025-08-11 19:22:15
6032,9.912854,8.815498,17069.634766,5.00e-05,9291.13,1720.00,19287168,N/A,2025-08-11 19:22:15
6033,10.603279,8.815498,17069.634766,5.00e-05,9194.18,1698.50,19290565,N/A,2025-08-11 19:22:15
6034,15.807652,8.815498,17069.634766,5.00e-05,9592.76,1734.50,19294034,N/A,2025-08-11 19:22:16
6035,12.351507,8.815498,17069.634766,5.00e-05,9762.41,1806.50,19297647,N/A,2025-08-11 19:22:16
6036,9.346239,8.815498,17069.634766,5.00e-05,9600.81,1717.00,19301081,N/A,2025-08-11 19:22:16
6037,14.503008,8.815498,17069.634766,5.00e-05,9786.95,1971.00,19305023,N/A,2025-08-11 19:22:17
6038,12.260827,8.815498,17069.634766,5.00e-05,9539.46,1697.50,19308418,N/A,2025-08-11 19:22:17
6039,10.247293,8.815498,17069.634766,5.00e-05,9514.62,1363.00,19311144,N/A,2025-08-11 19:22:18
6040,9.685261,8.815498,17069.634766,5.00e-05,9288.20,1485.00,19314114,1.0000,2025-08-11 19:22:18
6041,15.156937,8.815498,17069.634766,5.00e-05,9431.02,1746.50,19317607,N/A,2025-08-11 19:22:19
6042,6.216525,8.815498,17069.634766,5.00e-05,9109.23,1109.00,19319825,N/A,2025-08-11 19:22:19
6043,11.077051,8.815498,17069.634766,5.00e-05,8954.69,1370.00,19322565,N/A,2025-08-11 19:22:19
6044,9.426688,8.815498,17069.634766,5.00e-05,8905.01,1688.00,19325941,N/A,2025-08-11 19:22:20
6045,12.001451,8.815498,17069.634766,5.00e-05,8948.12,1873.50,19329688,N/A,2025-08-11 19:22:20
6046,11.940105,8.815498,17069.634766,5.00e-05,9086.20,1718.00,19333124,N/A,2025-08-11 19:22:20
6047,16.088963,8.815498,17069.634766,5.00e-05,9193.18,2004.00,19337132,N/A,2025-08-11 19:22:21
6048,10.419162,8.815498,17069.634766,5.00e-05,9190.06,1760.00,19340652,N/A,2025-08-11 19:22:21
6049,10.032376,8.815498,17069.634766,5.00e-05,9282.60,1390.00,19343432,N/A,2025-08-11 19:22:22
6050,7.909871,8.815498,17069.634766,5.00e-05,9018.48,1332.50,19346097,1.0000,2025-08-11 19:22:22
6051,15.156552,8.815498,17069.634766,5.00e-05,9022.83,1747.00,19349591,N/A,2025-08-11 19:22:22
6052,12.826868,8.815498,17069.634766,5.00e-05,9289.28,1612.00,19352815,N/A,2025-08-11 19:22:23
6053,8.135506,8.815498,17069.634766,5.00e-05,9313.25,1387.00,19355589,N/A,2025-08-11 19:22:23
6054,10.338047,8.815498,17069.634766,5.00e-05,9377.54,1805.00,19359199,N/A,2025-08-11 19:22:24
6055,8.434685,8.815498,17069.634766,5.00e-05,9080.75,1345.50,19361890,N/A,2025-08-11 19:22:24
6056,12.408736,8.815498,17069.634766,5.00e-05,9060.06,1838.00,19365566,N/A,2025-08-11 19:22:24
6057,9.703843,8.815498,17069.634766,5.00e-05,8681.63,1258.50,19368083,N/A,2025-08-11 19:22:25
6058,9.146282,8.815498,17069.634766,5.00e-05,8567.75,1471.00,19371025,N/A,2025-08-11 19:22:25
6059,13.886158,8.815498,17069.634766,5.00e-05,8852.77,1602.00,19374229,N/A,2025-08-11 19:22:26
6060,13.149802,8.815498,17069.634766,5.00e-05,8914.14,1845.50,19377920,1.0000,2025-08-11 19:22:26
6061,15.491939,8.815498,17069.634766,5.00e-05,9029.00,1944.00,19381808,N/A,2025-08-11 19:22:26
6062,14.134557,8.815498,17069.634766,5.00e-05,9178.80,1864.00,19385536,N/A,2025-08-11 19:22:27
6063,13.555923,8.815498,17069.634766,5.00e-05,9477.08,2028.50,19389593,N/A,2025-08-11 19:22:27
6064,6.088685,8.815498,17069.634766,5.00e-05,8970.18,1083.00,19391759,N/A,2025-08-11 19:22:28
6065,10.701549,8.815498,17069.634766,5.00e-05,9049.28,1400.00,19394559,N/A,2025-08-11 19:22:28
6066,9.143858,8.815498,17069.634766,5.00e-05,8706.89,1216.50,19396992,N/A,2025-08-11 19:22:28
6067,8.135763,8.815498,17069.634766,5.00e-05,8818.46,1385.00,19399762,N/A,2025-08-11 19:22:29
6068,10.315284,8.815498,17069.634766,5.00e-05,8768.23,1534.50,19402831,N/A,2025-08-11 19:22:29
6069,16.642290,8.815498,17069.634766,5.00e-05,9185.39,1940.00,19406711,N/A,2025-08-11 19:22:30
6070,15.411672,8.815498,17069.634766,5.00e-05,9079.27,1912.50,19410536,1.0000,2025-08-11 19:22:30
6071,14.155703,8.815498,17069.634766,5.00e-05,9019.93,1833.50,19414203,N/A,2025-08-11 19:22:30
6072,9.274425,8.815498,17069.634766,5.00e-05,8622.67,1061.00,19416325,N/A,2025-08-11 19:22:31
6073,14.060795,8.815498,17069.634766,5.00e-05,8616.79,1829.50,19419984,N/A,2025-08-11 19:22:31
6074,8.368583,8.815498,17069.634766,5.00e-05,8758.93,1221.00,19422426,N/A,2025-08-11 19:22:32
6075,10.496246,8.815498,17069.634766,5.00e-05,8759.95,1399.00,19425224,N/A,2025-08-11 19:22:32
6076,7.568955,8.815498,17069.634766,5.00e-05,8708.31,1124.00,19427472,N/A,2025-08-11 19:22:32
6077,13.738931,8.815498,17069.634766,5.00e-05,9004.79,1754.50,19430981,N/A,2025-08-11 19:22:33
6078,12.920228,8.815498,17069.634766,5.00e-05,9058.39,1660.50,19434302,N/A,2025-08-11 19:22:33
6079,14.189218,8.815498,17069.634766,5.00e-05,9045.96,1752.50,19437807,N/A,2025-08-11 19:22:33
6080,11.068144,8.815498,17069.634766,5.00e-05,8749.77,1787.50,19441382,1.0000,2025-08-11 19:22:34
6081,6.281356,8.815498,17069.634766,5.00e-05,8391.06,1208.50,19443799,N/A,2025-08-11 19:22:34
6082,14.567266,8.815498,17069.634766,5.00e-05,8804.33,1836.00,19447471,N/A,2025-08-11 19:22:35
6083,9.924202,8.815498,17069.634766,5.00e-05,8547.65,1361.00,19450193,N/A,2025-08-11 19:22:35
6084,11.589295,8.815498,17069.634766,5.00e-05,8958.98,1935.00,19454063,N/A,2025-08-11 19:22:35
6085,13.313913,8.815498,17069.634766,5.00e-05,9045.82,1531.00,19457125,N/A,2025-08-11 19:22:36
6086,11.591739,8.815498,17069.634766,5.00e-05,9474.14,1857.00,19460839,N/A,2025-08-11 19:22:36
6087,8.661761,8.815498,17069.634766,5.00e-05,9190.59,1222.50,19463284,N/A,2025-08-11 19:22:37
6088,11.831420,8.815498,17069.634766,5.00e-05,9339.26,1807.50,19466899,N/A,2025-08-11 19:22:37
6089,8.648761,8.815498,17069.634766,5.00e-05,9236.33,1168.00,19469235,N/A,2025-08-11 19:22:37
6090,10.294313,8.815498,17069.634766,5.00e-05,8997.14,1658.00,19472551,1.0000,2025-08-11 19:22:38
6091,11.532161,8.815498,17069.634766,5.00e-05,9126.12,1421.50,19475394,N/A,2025-08-11 19:22:38
6092,15.582776,8.815498,17069.634766,5.00e-05,9217.45,1983.50,19479361,N/A,2025-08-11 19:22:38
6093,13.071380,8.815498,17069.634766,5.00e-05,9366.36,1612.00,19482585,N/A,2025-08-11 19:22:39
6094,13.441990,8.815498,17069.634766,5.00e-05,9065.55,1657.00,19485899,N/A,2025-08-11 19:22:39
6095,11.761013,8.815498,17069.634766,5.00e-05,9072.58,1624.00,19489147,N/A,2025-08-11 19:22:40
6096,9.403553,8.815498,17069.634766,5.00e-05,8789.30,1332.50,19491812,N/A,2025-08-11 19:22:40
6097,12.806994,8.815498,17069.634766,5.00e-05,9101.65,1810.50,19495433,N/A,2025-08-11 19:22:40
6098,7.638839,8.815498,17069.634766,5.00e-05,8692.36,1083.50,19497600,N/A,2025-08-11 19:22:41
6099,15.212426,8.815498,17069.634766,5.00e-05,9322.16,1969.00,19501538,N/A,2025-08-11 19:22:41
6100,10.340739,8.815498,17069.634766,5.00e-05,8885.85,1304.00,19504146,1.0000,2025-08-11 19:22:42
6101,8.180988,8.815498,17069.634766,5.00e-05,6795.28,1170.50,19506487,N/A,2025-08-11 19:22:43
6102,13.460941,8.815498,17069.634766,5.00e-05,6749.63,1913.50,19510314,N/A,2025-08-11 19:22:43
6103,8.158258,8.815498,17069.634766,5.00e-05,6664.23,1325.50,19512965,N/A,2025-08-11 19:22:44
6104,11.406814,8.815498,17069.634766,5.00e-05,6740.39,1769.00,19516503,N/A,2025-08-11 19:22:44
6105,8.409931,8.815498,17069.634766,5.00e-05,6500.15,1089.50,19518682,N/A,2025-08-11 19:22:45
6106,11.377161,8.815498,17069.634766,5.00e-05,6603.86,1586.00,19521854,N/A,2025-08-11 19:22:45
6107,10.984979,8.815498,17069.634766,5.00e-05,6484.60,1525.00,19524904,N/A,2025-08-11 19:22:45
6108,11.722641,8.815498,17069.634766,5.00e-05,6637.13,1451.00,19527806,N/A,2025-08-11 19:22:46
6109,10.302975,8.815498,17069.634766,5.00e-05,6611.64,1591.50,19530989,N/A,2025-08-11 19:22:46
6110,7.206534,8.815498,17069.634766,5.00e-05,8221.42,1042.00,19533073,1.0000,2025-08-11 19:22:47
6111,12.996173,8.815498,17069.634766,5.00e-05,8435.71,1519.50,19536112,N/A,2025-08-11 19:22:47
6112,7.678330,8.815498,17069.634766,5.00e-05,8069.39,1175.00,19538462,N/A,2025-08-11 19:22:47
6113,14.830218,8.815498,17069.634766,5.00e-05,8417.00,2032.50,19542527,N/A,2025-08-11 19:22:48
6114,7.745088,8.815498,17069.634766,5.00e-05,8057.28,1161.50,19544850,N/A,2025-08-11 19:22:48
6115,11.812359,8.815498,17069.634766,5.00e-05,8294.62,1477.50,19547805,N/A,2025-08-11 19:22:49
6116,10.061584,8.815498,17069.634766,5.00e-05,8164.83,1461.50,19550728,N/A,2025-08-11 19:22:49
6117,11.040042,8.815498,17069.634766,5.00e-05,8187.45,1568.00,19553864,N/A,2025-08-11 19:22:49
6118,11.031718,8.815498,17069.634766,5.00e-05,8170.91,1458.00,19556780,N/A,2025-08-11 19:22:50
6119,8.725739,8.815498,17069.634766,5.00e-05,8107.30,1253.00,19559286,N/A,2025-08-11 19:22:50
6120,7.506817,8.815498,17069.634766,5.00e-05,8008.59,1123.50,19561533,1.0000,2025-08-11 19:22:51
6121,16.843412,8.815498,17069.634766,5.00e-05,8154.61,1792.50,19565118,N/A,2025-08-11 19:22:51
6122,12.694895,8.815498,17069.634766,5.00e-05,8674.50,2029.50,19569177,N/A,2025-08-11 19:22:51
6123,13.291324,8.815498,17069.634766,5.00e-05,8551.61,1787.50,19572752,N/A,2025-08-11 19:22:52
6124,8.803477,8.815498,17069.634766,5.00e-05,8520.12,1071.00,19574894,N/A,2025-08-11 19:22:52
6125,12.075157,8.815498,17069.634766,5.00e-05,8738.86,1970.00,19578834,N/A,2025-08-11 19:22:52
6126,7.748305,8.815498,17069.634766,5.00e-05,8548.47,1116.00,19581066,N/A,2025-08-11 19:22:53
6127,14.180380,8.815498,17069.634766,5.00e-05,8727.49,1974.50,19585015,N/A,2025-08-11 19:22:53
6128,9.249574,8.815498,17069.634766,5.00e-05,8633.47,1201.50,19587418,N/A,2025-08-11 19:22:54
6129,13.577391,8.815498,17069.634766,5.00e-05,8986.66,1600.50,19590619,N/A,2025-08-11 19:22:54
6130,11.243176,8.815498,17069.634766,5.00e-05,9273.71,1964.00,19594547,1.0000,2025-08-11 19:22:54
6131,9.487550,8.815498,17069.634766,5.00e-05,8959.80,1287.50,19597122,N/A,2025-08-11 19:22:55
6132,13.002821,8.815498,17069.634766,5.00e-05,8700.04,1554.50,19600231,N/A,2025-08-11 19:22:55
6133,9.719733,8.815498,17069.634766,5.00e-05,8349.76,1190.00,19602611,N/A,2025-08-11 19:22:56
6134,9.753574,8.815498,17069.634766,5.00e-05,8644.80,1398.50,19605408,N/A,2025-08-11 19:22:56
6135,15.655809,8.815498,17069.634766,5.00e-05,8604.64,1884.50,19609177,N/A,2025-08-11 19:22:56
6136,12.933331,8.815498,17069.634766,5.00e-05,9021.14,1726.00,19612629,N/A,2025-08-11 19:22:57
6137,13.241774,8.815498,17069.634766,5.00e-05,8878.20,1682.50,19615994,N/A,2025-08-11 19:22:57
6138,12.590375,8.815498,17069.634766,5.00e-05,9234.74,1994.00,19619982,N/A,2025-08-11 19:22:58
6139,13.987736,8.815498,17069.634766,5.00e-05,9557.80,1848.50,19623679,N/A,2025-08-11 19:22:58
6140,12.013701,8.815498,17069.634766,5.00e-05,9189.75,1550.00,19626779,1.0000,2025-08-11 19:22:58
6141,9.518135,8.815498,17069.634766,5.00e-05,9294.97,1474.50,19629728,N/A,2025-08-11 19:22:59
6142,10.503877,8.815498,17069.634766,5.00e-05,9133.36,1254.00,19632236,N/A,2025-08-11 19:22:59
6143,15.825147,8.815498,17069.634766,5.00e-05,9450.95,1784.00,19635804,N/A,2025-08-11 19:23:00
6144,14.769652,8.815498,17069.634766,5.00e-05,9804.06,2003.50,19639811,N/A,2025-08-11 19:23:00
6145,14.874371,8.815498,17069.634766,5.00e-05,9831.80,1911.50,19643634,N/A,2025-08-11 19:23:00
6146,11.298615,8.815498,17069.634766,5.00e-05,9801.96,1689.00,19647012,N/A,2025-08-11 19:23:01
6147,15.212890,8.815498,17069.634766,5.00e-05,9999.74,1827.00,19650666,N/A,2025-08-11 19:23:01
6148,11.937324,8.815498,17069.634766,5.00e-05,9725.69,1453.50,19653573,N/A,2025-08-11 19:23:01
6149,9.172683,8.815498,17069.634766,5.00e-05,9616.72,1435.00,19656443,N/A,2025-08-11 19:23:02
6150,11.003938,8.815498,17069.634766,5.00e-05,9223.33,1234.50,19658912,1.0000,2025-08-11 19:23:02
6151,9.863299,8.815498,17069.634766,5.00e-05,9278.58,1568.00,19662048,N/A,2025-08-11 19:23:03
6152,9.863809,8.815498,17069.634766,5.00e-05,9376.24,1422.00,19664892,N/A,2025-08-11 19:23:03
6153,8.733220,8.815498,17069.634766,5.00e-05,9035.39,1200.00,19667292,N/A,2025-08-11 19:23:03
6154,10.724704,8.815498,17069.634766,5.00e-05,8727.44,1492.00,19670276,N/A,2025-08-11 19:23:04
6155,10.730011,8.815498,17069.634766,5.00e-05,8455.26,1433.50,19673143,N/A,2025-08-11 19:23:04
6156,10.370315,8.815498,17069.634766,5.00e-05,8203.54,1281.50,19675706,N/A,2025-08-11 19:23:05
6157,12.518477,8.815498,17069.634766,5.00e-05,8252.12,1978.50,19679663,N/A,2025-08-11 19:23:05
6158,9.449796,8.815498,17069.634766,5.00e-05,8286.24,1467.50,19682598,N/A,2025-08-11 19:23:05
6159,10.888829,8.815498,17069.634766,5.00e-05,8526.90,1546.50,19685691,N/A,2025-08-11 19:23:06
6160,8.258463,8.815498,17069.634766,5.00e-05,8269.90,1092.00,19687875,1.0000,2025-08-11 19:23:06
6161,7.563698,8.815498,17069.634766,5.00e-05,7977.52,1026.00,19689927,N/A,2025-08-11 19:23:06
6162,8.470446,8.815498,17069.634766,5.00e-05,7763.11,1079.50,19692086,N/A,2025-08-11 19:23:07
6163,10.166460,8.815498,17069.634766,5.00e-05,7848.60,1353.00,19694792,N/A,2025-08-11 19:23:07
6164,11.579281,8.815498,17069.634766,5.00e-05,8042.08,1938.00,19698668,N/A,2025-08-11 19:23:08
6165,13.917164,8.815498,17069.634766,5.00e-05,8221.49,1766.50,19702201,N/A,2025-08-11 19:23:08
6166,10.446075,8.815498,17069.634766,5.00e-05,8574.22,1863.00,19705927,N/A,2025-08-11 19:23:08
6167,7.822136,8.815498,17069.634766,5.00e-05,8141.41,1193.00,19708313,N/A,2025-08-11 19:23:09
6168,12.897429,8.815498,17069.634766,5.00e-05,8335.56,1900.50,19712114,N/A,2025-08-11 19:23:09
6169,16.518219,8.815498,17069.634766,5.00e-05,8592.56,1746.00,19715606,N/A,2025-08-11 19:23:10
6170,11.877901,8.815498,17069.634766,5.00e-05,8567.98,1581.50,19718769,1.0000,2025-08-11 19:23:10
6171,9.235021,8.815498,17069.634766,5.00e-05,8887.33,1565.00,19721899,N/A,2025-08-11 19:23:10
6172,15.005771,8.815498,17069.634766,5.00e-05,9423.97,2048.00,19725995,N/A,2025-08-11 19:23:11
6173,9.229486,8.815498,17069.634766,5.00e-05,9302.87,1023.50,19728042,N/A,2025-08-11 19:23:11
6174,17.488842,8.815498,17069.634766,5.00e-05,9319.63,1927.50,19731897,N/A,2025-08-11 19:23:12
6175,10.350007,8.815498,17069.634766,5.00e-05,9132.08,1508.00,19734913,N/A,2025-08-11 19:23:12
6176,14.587510,8.815498,17069.634766,5.00e-05,9218.46,2026.50,19738966,N/A,2025-08-11 19:23:12
6177,7.501492,8.815498,17069.634766,5.00e-05,9137.83,1161.50,19741289,N/A,2025-08-11 19:23:13
6178,11.394502,8.815498,17069.634766,5.00e-05,8926.82,1600.50,19744490,N/A,2025-08-11 19:23:13
6179,12.396922,8.815498,17069.634766,5.00e-05,9304.93,1841.00,19748172,N/A,2025-08-11 19:23:14
6180,14.126251,8.815498,17069.634766,5.00e-05,9356.54,1970.00,19752112,1.0000,2025-08-11 19:23:14
6181,13.646137,8.815498,17069.634766,5.00e-05,9488.56,1824.00,19755760,N/A,2025-08-11 19:23:14
6182,11.623675,8.815498,17069.634766,5.00e-05,9155.30,1673.00,19759106,N/A,2025-08-11 19:23:15
6183,13.339985,8.815498,17069.634766,5.00e-05,9588.56,1788.50,19762683,N/A,2025-08-11 19:23:15
6184,13.950929,8.815498,17069.634766,5.00e-05,9525.84,1711.00,19766105,N/A,2025-08-11 19:23:16
6185,14.394736,8.815498,17069.634766,5.00e-05,9525.56,1597.00,19769299,N/A,2025-08-11 19:23:16
6186,8.498615,8.815498,17069.634766,5.00e-05,9192.19,1204.50,19771708,N/A,2025-08-11 19:23:16
6187,12.300907,8.815498,17069.634766,5.00e-05,9626.27,1780.50,19775269,N/A,2025-08-11 19:23:17
6188,13.014076,8.815498,17069.634766,5.00e-05,9828.10,1956.00,19779181,N/A,2025-08-11 19:23:17
6189,9.937800,8.815498,17069.634766,5.00e-05,9747.39,1458.00,19782097,N/A,2025-08-11 19:23:18
6190,13.886073,8.815498,17069.634766,5.00e-05,9540.34,1985.50,19786068,1.0000,2025-08-11 19:23:18
6191,11.023718,8.815498,17069.634766,5.00e-05,9441.79,1412.00,19788892,N/A,2025-08-11 19:23:18
6192,12.315381,8.815498,17069.634766,5.00e-05,9380.09,1590.50,19792073,N/A,2025-08-11 19:23:19
6193,12.273251,8.815498,17069.634766,5.00e-05,9225.80,1554.50,19795182,N/A,2025-08-11 19:23:19
6194,13.656190,8.815498,17069.634766,5.00e-05,9384.77,1908.00,19798998,N/A,2025-08-11 19:23:19
6195,12.660870,8.815498,17069.634766,5.00e-05,9356.79,1544.50,19802087,N/A,2025-08-11 19:23:20
6196,12.471318,8.815498,17069.634766,5.00e-05,9809.05,2019.50,19806126,N/A,2025-08-11 19:23:20
6197,13.210080,8.815498,17069.634766,5.00e-05,9662.85,1654.50,19809435,N/A,2025-08-11 19:23:21
6198,12.055021,8.815498,17069.634766,5.00e-05,9496.19,1595.50,19812626,N/A,2025-08-11 19:23:21
6199,14.545510,8.815498,17069.634766,5.00e-05,9900.18,1727.00,19816080,N/A,2025-08-11 19:23:21
6200,12.902411,8.815498,17069.634766,5.00e-05,9512.06,1631.00,19819342,1.0000,2025-08-11 19:23:22
6201,12.557556,8.815498,17069.634766,5.00e-05,7738.29,1365.50,19822073,N/A,2025-08-11 19:23:23
6202,10.998084,8.815498,17069.634766,5.00e-05,7838.37,1790.50,19825654,N/A,2025-08-11 19:23:23
6203,12.709414,8.815498,17069.634766,5.00e-05,7948.03,1758.50,19829171,N/A,2025-08-11 19:23:24
6204,9.982554,8.815498,17069.634766,5.00e-05,7745.77,1503.00,19832177,N/A,2025-08-11 19:23:24
6205,10.401313,8.815498,17069.634766,5.00e-05,7601.73,1309.50,19834796,N/A,2025-08-11 19:23:25
6206,11.126614,8.815498,17069.634766,5.00e-05,7510.80,1783.50,19838363,N/A,2025-08-11 19:23:25
6207,13.810691,8.815498,17069.634766,5.00e-05,7617.81,1880.00,19842123,N/A,2025-08-11 19:23:25
6208,14.720195,8.815498,17069.634766,5.00e-05,7774.82,1937.00,19845997,N/A,2025-08-11 19:23:26
6209,7.755312,8.815498,17069.634766,5.00e-05,7684.68,1287.50,19848572,N/A,2025-08-11 19:23:26
6210,7.649139,8.815498,17069.634766,5.00e-05,8981.47,1131.50,19850835,1.0000,2025-08-11 19:23:27
6211,14.477780,8.815498,17069.634766,5.00e-05,9297.24,1933.50,19854702,N/A,2025-08-11 19:23:27
6212,10.379848,8.815498,17069.634766,5.00e-05,9036.89,1388.00,19857478,N/A,2025-08-11 19:23:27
6213,9.803348,8.815498,17069.634766,5.00e-05,8796.30,1318.50,19860115,N/A,2025-08-11 19:23:28
6214,11.556649,8.815498,17069.634766,5.00e-05,8982.51,1789.50,19863694,N/A,2025-08-11 19:23:28
6215,10.129075,8.815498,17069.634766,5.00e-05,9303.54,1806.00,19867306,N/A,2025-08-11 19:23:28
6216,13.181697,8.815498,17069.634766,5.00e-05,9308.13,1832.50,19870971,N/A,2025-08-11 19:23:29
6217,10.341284,8.815498,17069.634766,5.00e-05,9112.16,1541.00,19874053,N/A,2025-08-11 19:23:29
6218,7.913354,8.815498,17069.634766,5.00e-05,8840.52,1537.50,19877128,N/A,2025-08-11 19:23:30
6219,9.372272,8.815498,17069.634766,5.00e-05,9147.43,1530.00,19880188,N/A,2025-08-11 19:23:30
6220,11.274704,8.815498,17069.634766,5.00e-05,9106.95,1403.00,19882994,1.0000,2025-08-11 19:23:30
6221,12.521597,8.815498,17069.634766,5.00e-05,8886.26,1538.50,19886071,N/A,2025-08-11 19:23:31
6222,12.920826,8.815498,17069.634766,5.00e-05,8936.34,1469.00,19889009,N/A,2025-08-11 19:23:31
6223,12.375963,8.815498,17069.634766,5.00e-05,9101.86,1532.00,19892073,N/A,2025-08-11 19:23:32
6224,10.041822,8.815498,17069.634766,5.00e-05,8917.28,1500.00,19895073,N/A,2025-08-11 19:23:32
6225,12.625723,8.815498,17069.634766,5.00e-05,8923.42,1791.00,19898655,N/A,2025-08-11 19:23:32
6226,7.603507,8.815498,17069.634766,5.00e-05,8664.11,1400.50,19901456,N/A,2025-08-11 19:23:33
6227,13.137716,8.815498,17069.634766,5.00e-05,8790.48,1722.00,19904900,N/A,2025-08-11 19:23:33
6228,12.740317,8.815498,17069.634766,5.00e-05,9051.53,1968.50,19908837,N/A,2025-08-11 19:23:33
6229,10.707078,8.815498,17069.634766,5.00e-05,9315.26,1641.00,19912119,N/A,2025-08-11 19:23:34
6230,10.322671,8.815498,17069.634766,5.00e-05,9191.02,1418.50,19914956,1.0000,2025-08-11 19:23:34
6231,10.760640,8.815498,17069.634766,5.00e-05,9137.55,1451.50,19917859,N/A,2025-08-11 19:23:35
6232,8.053723,8.815498,17069.634766,5.00e-05,8946.98,1198.50,19920256,N/A,2025-08-11 19:23:35
6233,15.811135,8.815498,17069.634766,5.00e-05,9065.11,1844.50,19923945,N/A,2025-08-11 19:23:35
6234,14.853646,8.815498,17069.634766,5.00e-05,9294.98,1892.50,19927730,N/A,2025-08-11 19:23:36
6235,9.571347,8.815498,17069.634766,5.00e-05,8977.95,1206.00,19930142,N/A,2025-08-11 19:23:36
6236,10.486885,8.815498,17069.634766,5.00e-05,9129.25,1620.50,19933383,N/A,2025-08-11 19:23:37
6237,12.062883,8.815498,17069.634766,5.00e-05,9068.08,1668.00,19936719,N/A,2025-08-11 19:23:37
6238,13.302597,8.815498,17069.634766,5.00e-05,8982.95,1808.00,19940335,N/A,2025-08-11 19:23:37
6239,13.721786,8.815498,17069.634766,5.00e-05,9314.68,1963.50,19944262,N/A,2025-08-11 19:23:38
6240,7.371632,8.815498,17069.634766,5.00e-05,8808.25,1128.00,19946518,1.0000,2025-08-11 19:23:38
6241,8.429929,8.815498,17069.634766,5.00e-05,8753.79,1390.00,19949298,N/A,2025-08-11 19:23:39
6242,10.808147,8.815498,17069.634766,5.00e-05,9103.94,1709.50,19952717,N/A,2025-08-11 19:23:39
6243,7.862884,8.815498,17069.634766,5.00e-05,8695.19,1314.50,19955346,N/A,2025-08-11 19:23:39
6244,13.478277,8.815498,17069.634766,5.00e-05,8785.40,2048.00,19959442,N/A,2025-08-11 19:23:40
6245,11.404972,8.815498,17069.634766,5.00e-05,9075.74,1730.00,19962902,N/A,2025-08-11 19:23:40
6246,13.481302,8.815498,17069.634766,5.00e-05,9264.00,2039.50,19966981,N/A,2025-08-11 19:23:41
6247,15.066706,8.815498,17069.634766,5.00e-05,9282.70,1901.00,19970783,N/A,2025-08-11 19:23:41
6248,7.975282,8.815498,17069.634766,5.00e-05,8956.78,1186.00,19973155,N/A,2025-08-11 19:23:41
6249,12.647619,8.815498,17069.634766,5.00e-05,9302.95,1972.50,19977100,N/A,2025-08-11 19:23:42
6250,9.964491,8.815498,17069.634766,5.00e-05,9261.58,1322.50,19979745,1.0000,2025-08-11 19:23:42
6251,13.792548,8.815498,17069.634766,5.00e-05,9554.67,1920.00,19983585,N/A,2025-08-11 19:23:43
6252,11.066909,8.815498,17069.634766,5.00e-05,9499.41,1680.50,19986946,N/A,2025-08-11 19:23:43
6253,10.631952,8.815498,17069.634766,5.00e-05,9536.74,1407.50,19989761,N/A,2025-08-11 19:23:43
6254,9.143312,8.815498,17069.634766,5.00e-05,9119.55,1317.00,19992395,N/A,2025-08-11 19:23:44
6255,16.177826,8.815498,17069.634766,5.00e-05,7789.79,1926.50,19996248,N/A,2025-08-11 19:23:45
6256,10.673308,8.815498,17069.634766,5.00e-05,7654.15,1538.50,19999325,N/A,2025-08-11 19:23:45
6257,10.441005,8.815498,17069.634766,5.00e-05,7526.06,1610.50,20002546,N/A,2025-08-11 19:23:46
6258,10.676925,8.815498,17069.634766,5.00e-05,7600.76,1368.50,20005283,N/A,2025-08-11 19:23:46
6259,11.601381,8.815498,17069.634766,5.00e-05,7727.54,1942.00,20009167,N/A,2025-08-11 19:23:46
6260,8.185225,8.815498,17069.634766,5.00e-05,7456.53,1113.50,20011394,1.0000,2025-08-11 19:23:47
6261,8.348667,8.815498,17069.634766,5.00e-05,7378.23,1541.50,20014477,N/A,2025-08-11 19:23:47
6262,14.098720,8.815498,17069.634766,5.00e-05,7471.24,1975.00,20018427,N/A,2025-08-11 19:23:48
6263,11.387474,8.815498,17069.634766,5.00e-05,7590.80,1674.00,20021775,N/A,2025-08-11 19:23:48
6264,6.649949,8.815498,17069.634766,5.00e-05,8972.17,1135.50,20024046,N/A,2025-08-11 19:23:48
6265,9.899890,8.815498,17069.634766,5.00e-05,8676.60,1456.50,20026959,N/A,2025-08-11 19:23:49
6266,14.603286,8.815498,17069.634766,5.00e-05,8934.50,2048.00,20031055,N/A,2025-08-11 19:23:49
6267,7.211251,8.815498,17069.634766,5.00e-05,8628.94,1120.00,20033295,N/A,2025-08-11 19:23:50
6268,9.694639,8.815498,17069.634766,5.00e-05,8709.15,1521.50,20036338,N/A,2025-08-11 19:23:50
6269,13.055804,8.815498,17069.634766,5.00e-05,8951.85,1943.50,20040225,N/A,2025-08-11 19:23:50
6270,12.732616,8.815498,17069.634766,5.00e-05,9323.36,2015.00,20044255,1.0000,2025-08-11 19:23:51
6271,10.653108,8.815498,17069.634766,5.00e-05,9399.94,1533.50,20047322,N/A,2025-08-11 19:23:51
6272,12.594083,8.815498,17069.634766,5.00e-05,9299.52,1764.50,20050851,N/A,2025-08-11 19:23:52
6273,9.316809,8.815498,17069.634766,5.00e-05,9104.13,1295.50,20053442,N/A,2025-08-11 19:23:52
6274,15.593358,8.815498,17069.634766,5.00e-05,9419.35,1923.50,20057289,N/A,2025-08-11 19:23:52
6275,14.654166,8.815498,17069.634766,5.00e-05,9756.95,2048.00,20061385,N/A,2025-08-11 19:23:53
6276,11.233187,8.815498,17069.634766,5.00e-05,9435.99,1525.00,20064435,N/A,2025-08-11 19:23:53
6277,11.883050,8.815498,17069.634766,5.00e-05,9909.14,1965.00,20068365,N/A,2025-08-11 19:23:54
6278,8.181950,8.815498,17069.634766,5.00e-05,9947.27,1559.00,20071483,N/A,2025-08-11 19:23:54
6279,10.047119,8.815498,17069.634766,5.00e-05,9890.25,1572.50,20074628,N/A,2025-08-11 19:23:54
6280,7.819109,8.815498,17069.634766,5.00e-05,9211.08,1248.50,20077125,1.0000,2025-08-11 19:23:55
6281,11.554752,8.815498,17069.634766,5.00e-05,9212.98,1541.00,20080207,N/A,2025-08-11 19:23:55
6282,10.905534,8.815498,17069.634766,5.00e-05,9073.67,1523.00,20083253,N/A,2025-08-11 19:23:55
6283,12.362776,8.815498,17069.634766,5.00e-05,9522.22,1845.50,20086944,N/A,2025-08-11 19:23:56
6284,12.739457,8.815498,17069.634766,5.00e-05,9574.26,1989.50,20090923,N/A,2025-08-11 19:23:56
6285,7.077895,8.815498,17069.634766,5.00e-05,8997.16,1068.50,20093060,N/A,2025-08-11 19:23:57
6286,7.904599,8.815498,17069.634766,5.00e-05,8847.67,1262.50,20095585,N/A,2025-08-11 19:23:57
6287,10.442393,8.815498,17069.634766,5.00e-05,8497.84,1349.50,20098284,N/A,2025-08-11 19:23:57
6288,16.444427,8.815498,17069.634766,5.00e-05,8675.62,1897.50,20102079,N/A,2025-08-11 19:23:58
6289,10.531755,8.815498,17069.634766,5.00e-05,8711.65,1300.00,20104679,N/A,2025-08-11 19:23:58
6290,10.648156,8.815498,17069.634766,5.00e-05,8744.59,1575.00,20107829,1.0000,2025-08-11 19:23:59
6291,8.039718,8.815498,17069.634766,5.00e-05,8499.05,1112.50,20110054,N/A,2025-08-11 19:23:59
6292,9.864171,8.815498,17069.634766,5.00e-05,8293.13,1253.50,20112561,N/A,2025-08-11 19:23:59
6293,14.848649,8.815498,17069.634766,5.00e-05,8254.68,1874.00,20116309,N/A,2025-08-11 19:24:00
6294,12.233937,8.815498,17069.634766,5.00e-05,8033.91,1551.00,20119411,N/A,2025-08-11 19:24:00
6295,12.332855,8.815498,17069.634766,5.00e-05,8539.67,1961.50,20123334,N/A,2025-08-11 19:24:01
6296,13.134571,8.815498,17069.634766,5.00e-05,8771.06,1736.50,20126807,N/A,2025-08-11 19:24:01
6297,12.230504,8.815498,17069.634766,5.00e-05,9099.81,1893.50,20130594,N/A,2025-08-11 19:24:01
6298,10.479105,8.815498,17069.634766,5.00e-05,8933.35,1653.50,20133901,N/A,2025-08-11 19:24:02
6299,10.569677,8.815498,17069.634766,5.00e-05,9106.05,1343.50,20136588,N/A,2025-08-11 19:24:02
6300,10.417395,8.815498,17069.634766,5.00e-05,8925.89,1621.00,20139830,1.0000,2025-08-11 19:24:03
6301,14.717026,8.815498,17069.634766,5.00e-05,7522.63,1730.50,20143291,N/A,2025-08-11 19:24:04
6302,12.226948,8.815498,17069.634766,5.00e-05,7815.96,1905.50,20147102,N/A,2025-08-11 19:24:04
6303,8.074442,8.815498,17069.634766,5.00e-05,7495.98,1146.50,20149395,N/A,2025-08-11 19:24:05
6304,10.574244,8.815498,17069.634766,5.00e-05,7394.18,1322.00,20152039,N/A,2025-08-11 19:24:05
6305,13.606104,8.815498,17069.634766,5.00e-05,7350.61,1823.50,20155686,N/A,2025-08-11 19:24:05
6306,12.684377,8.815498,17069.634766,5.00e-05,7335.78,1796.00,20159278,N/A,2025-08-11 19:24:06
6307,9.784559,8.815498,17069.634766,5.00e-05,7111.82,1347.00,20161972,N/A,2025-08-11 19:24:06
6308,10.224355,8.815498,17069.634766,5.00e-05,6944.61,1300.00,20164572,N/A,2025-08-11 19:24:07
6309,9.317254,8.815498,17069.634766,5.00e-05,7035.13,1264.00,20167100,N/A,2025-08-11 19:24:07
6310,13.987736,8.815498,17069.634766,5.00e-05,8700.56,2048.00,20171196,1.0000,2025-08-11 19:24:07
6311,9.923376,8.815498,17069.634766,5.00e-05,8721.69,1689.00,20174574,N/A,2025-08-11 19:24:08
6312,12.906753,8.815498,17069.634766,5.00e-05,8771.37,1929.50,20178433,N/A,2025-08-11 19:24:08
6313,9.806270,8.815498,17069.634766,5.00e-05,8996.76,1558.00,20181549,N/A,2025-08-11 19:24:09
6314,11.729873,8.815498,17069.634766,5.00e-05,9302.46,1908.00,20185365,N/A,2025-08-11 19:24:09
6315,11.695415,8.815498,17069.634766,5.00e-05,9260.31,1619.00,20188603,N/A,2025-08-11 19:24:09
6316,13.831572,8.815498,17069.634766,5.00e-05,9301.89,1984.50,20192572,N/A,2025-08-11 19:24:10
6317,11.111844,8.815498,17069.634766,5.00e-05,9385.13,1461.50,20195495,N/A,2025-08-11 19:24:10
6318,13.768119,8.815498,17069.634766,5.00e-05,9777.10,1994.00,20199483,N/A,2025-08-11 19:24:10
6319,10.174319,8.815498,17069.634766,5.00e-05,10118.33,1256.00,20201995,N/A,2025-08-11 19:24:11
6320,9.623101,8.815498,17069.634766,5.00e-05,9313.11,1159.00,20204313,1.0000,2025-08-11 19:24:11
6321,9.158734,8.815498,17069.634766,5.00e-05,9093.06,1285.00,20206883,N/A,2025-08-11 19:24:12
6322,10.523636,8.815498,17069.634766,5.00e-05,9054.15,1866.00,20210615,N/A,2025-08-11 19:24:12
6323,11.973708,8.815498,17069.634766,5.00e-05,9028.30,1472.00,20213559,N/A,2025-08-11 19:24:12
6324,10.166969,8.815498,17069.634766,5.00e-05,8620.60,1413.50,20216386,N/A,2025-08-11 19:24:13
6325,9.256850,8.815498,17069.634766,5.00e-05,8682.15,1614.50,20219615,N/A,2025-08-11 19:24:13
6326,9.989400,8.815498,17069.634766,5.00e-05,8516.69,1737.00,20223089,N/A,2025-08-11 19:24:14
6327,13.602969,8.815498,17069.634766,5.00e-05,8706.66,1799.00,20226687,N/A,2025-08-11 19:24:14
6328,9.006289,8.815498,17069.634766,5.00e-05,8476.67,1573.00,20229833,N/A,2025-08-11 19:24:14
6329,10.934729,8.815498,17069.634766,5.00e-05,8991.69,1689.50,20233212,N/A,2025-08-11 19:24:15
6330,14.784196,8.815498,17069.634766,5.00e-05,9153.13,1769.00,20236750,1.0000,2025-08-11 19:24:15
6331,10.834980,8.815498,17069.634766,5.00e-05,9317.49,1638.50,20240027,N/A,2025-08-11 19:24:16
6332,12.052301,8.815498,17069.634766,5.00e-05,9224.91,1817.00,20243661,N/A,2025-08-11 19:24:16
6333,9.312593,8.815498,17069.634766,5.00e-05,9251.98,1296.00,20246253,N/A,2025-08-11 19:24:16
6334,12.113283,8.815498,17069.634766,5.00e-05,9490.42,1824.00,20249901,N/A,2025-08-11 19:24:17
6335,12.821690,8.815498,17069.634766,5.00e-05,9557.22,1705.50,20253312,N/A,2025-08-11 19:24:17
6336,8.060063,8.815498,17069.634766,5.00e-05,9256.54,1339.00,20255990,N/A,2025-08-11 19:24:18
6337,6.616474,8.815498,17069.634766,5.00e-05,8887.17,1204.50,20258399,N/A,2025-08-11 19:24:18
6338,12.960223,8.815498,17069.634766,5.00e-05,9157.51,2045.50,20262490,N/A,2025-08-11 19:24:18
6339,13.743905,8.815498,17069.634766,5.00e-05,9506.42,2048.00,20266586,N/A,2025-08-11 19:24:19
6340,9.664388,8.815498,17069.634766,5.00e-05,9063.76,1328.50,20269243,1.0000,2025-08-11 19:24:19
6341,11.480689,8.815498,17069.634766,5.00e-05,9164.89,1836.00,20272915,N/A,2025-08-11 19:24:20
6342,10.143264,8.815498,17069.634766,5.00e-05,8968.91,1506.00,20275927,N/A,2025-08-11 19:24:20
6343,14.164256,8.815498,17069.634766,5.00e-05,9304.88,1860.50,20279648,N/A,2025-08-11 19:24:20
6344,11.898806,8.815498,17069.634766,5.00e-05,9111.36,1639.50,20282927,N/A,2025-08-11 19:24:21
6345,13.622988,8.815498,17069.634766,5.00e-05,9118.22,1677.50,20286282,N/A,2025-08-11 19:24:21
6346,11.765715,8.815498,17069.634766,5.00e-05,9493.48,2022.50,20290327,N/A,2025-08-11 19:24:22
6347,10.317506,8.815498,17069.634766,5.00e-05,9659.87,1512.50,20293352,N/A,2025-08-11 19:24:22
6348,8.005457,8.815498,17069.634766,5.00e-05,9346.96,1420.50,20296193,N/A,2025-08-11 19:24:22
6349,9.370504,8.815498,17069.634766,5.00e-05,9169.38,1331.50,20298856,N/A,2025-08-11 19:24:23
6350,7.701988,8.815498,17069.634766,5.00e-05,8900.55,1061.50,20300979,1.0000,2025-08-11 19:24:23
6351,17.996410,8.815498,17069.634766,5.00e-05,9022.34,2032.00,20305043,N/A,2025-08-11 19:24:24
6352,12.309619,8.815498,17069.634766,5.00e-05,9240.82,1918.50,20308880,N/A,2025-08-11 19:24:24
6353,12.404767,8.815498,17069.634766,5.00e-05,9338.22,1903.00,20312686,N/A,2025-08-11 19:24:24
6354,7.418514,8.815498,17069.634766,5.00e-05,9168.24,1303.00,20315292,N/A,2025-08-11 19:24:25
6355,12.878911,8.815498,17069.634766,5.00e-05,9285.51,1864.50,20319021,N/A,2025-08-11 19:24:25
6356,10.082704,8.815498,17069.634766,5.00e-05,8999.54,1508.00,20322037,N/A,2025-08-11 19:24:26
6357,10.263906,8.815498,17069.634766,5.00e-05,9234.62,1959.50,20325956,N/A,2025-08-11 19:24:26
6358,12.285449,8.815498,17069.634766,5.00e-05,9522.16,1898.00,20329752,N/A,2025-08-11 19:24:26
6359,11.991954,8.815498,17069.634766,5.00e-05,9716.87,1296.50,20332345,N/A,2025-08-11 19:24:27
6360,10.607544,8.815498,17069.634766,5.00e-05,9582.93,1140.00,20334625,1.0000,2025-08-11 19:24:27
6361,11.255390,8.815498,17069.634766,5.00e-05,9198.47,1528.50,20337682,N/A,2025-08-11 19:24:28
6362,15.644538,8.815498,17069.634766,5.00e-05,9248.95,2001.50,20341685,N/A,2025-08-11 19:24:28
6363,7.341053,8.815498,17069.634766,5.00e-05,8800.14,1084.50,20343854,N/A,2025-08-11 19:24:28
6364,15.155919,8.815498,17069.634766,5.00e-05,9232.69,2048.00,20347950,N/A,2025-08-11 19:24:29
6365,9.400381,8.815498,17069.634766,5.00e-05,8924.78,1333.50,20350617,N/A,2025-08-11 19:24:29
6366,14.507766,8.815498,17069.634766,5.00e-05,9100.87,1780.50,20354178,N/A,2025-08-11 19:24:29
6367,12.826056,8.815498,17069.634766,5.00e-05,8880.94,1638.50,20357455,N/A,2025-08-11 19:24:30
6368,13.894927,8.815498,17069.634766,5.00e-05,8916.13,1989.00,20361433,N/A,2025-08-11 19:24:30
6369,10.795623,8.815498,17069.634766,5.00e-05,9079.38,1363.00,20364159,N/A,2025-08-11 19:24:31
6370,13.105373,8.815498,17069.634766,5.00e-05,9412.04,1860.50,20367880,1.0000,2025-08-11 19:24:31
6371,8.649461,8.815498,17069.634766,5.00e-05,9345.74,1366.50,20370613,N/A,2025-08-11 19:24:31
6372,10.825226,8.815498,17069.634766,5.00e-05,9047.70,1450.00,20373513,N/A,2025-08-11 19:24:32
6373,11.067677,8.815498,17069.634766,5.00e-05,9237.79,1651.00,20376815,N/A,2025-08-11 19:24:32
6374,8.595261,8.815498,17069.634766,5.00e-05,8716.40,1118.00,20379051,N/A,2025-08-11 19:24:33
6375,12.151017,8.815498,17069.634766,5.00e-05,8941.64,1746.50,20382544,N/A,2025-08-11 19:24:33
6376,13.399025,8.815498,17069.634766,5.00e-05,8948.65,1852.50,20386249,N/A,2025-08-11 19:24:33
6377,12.424500,8.815498,17069.634766,5.00e-05,9076.44,1838.50,20389926,N/A,2025-08-11 19:24:34
6378,9.290140,8.815498,17069.634766,5.00e-05,8933.75,1651.50,20393229,N/A,2025-08-11 19:24:34
6379,13.836065,8.815498,17069.634766,5.00e-05,9168.66,1601.50,20396432,N/A,2025-08-11 19:24:35
6380,9.425800,8.815498,17069.634766,5.00e-05,8575.37,1315.50,20399063,1.0000,2025-08-11 19:24:35
6381,8.126156,8.815498,17069.634766,5.00e-05,8521.79,1281.50,20401626,N/A,2025-08-11 19:24:35
6382,9.678708,8.815498,17069.634766,5.00e-05,8643.26,1534.00,20404694,N/A,2025-08-11 19:24:36
6383,10.115275,8.815498,17069.634766,5.00e-05,8540.38,1441.50,20407577,N/A,2025-08-11 19:24:36
6384,8.139260,8.815498,17069.634766,5.00e-05,8649.04,1436.00,20410449,N/A,2025-08-11 19:24:37
6385,16.103519,8.815498,17069.634766,5.00e-05,8867.58,2027.00,20414503,N/A,2025-08-11 19:24:37
6386,12.930803,8.815498,17069.634766,5.00e-05,8691.05,1558.50,20417620,N/A,2025-08-11 19:24:37
6387,13.712494,8.815498,17069.634766,5.00e-05,8634.71,1757.00,20421134,N/A,2025-08-11 19:24:38
6388,7.755484,8.815498,17069.634766,5.00e-05,8429.91,1186.50,20423507,N/A,2025-08-11 19:24:38
6389,15.477262,8.815498,17069.634766,5.00e-05,8781.56,1708.50,20426924,N/A,2025-08-11 19:24:39
6390,5.405966,8.815498,17069.634766,5.00e-05,8481.14,1042.50,20429009,1.0000,2025-08-11 19:24:39
6391,15.758263,8.815498,17069.634766,5.00e-05,8956.78,2013.00,20433035,N/A,2025-08-11 19:24:39
6392,14.149652,8.815498,17069.634766,5.00e-05,9243.46,2048.00,20437131,N/A,2025-08-11 19:24:40
6393,10.723529,8.815498,17069.634766,5.00e-05,9449.17,1653.50,20440438,N/A,2025-08-11 19:24:40
6394,10.982892,8.815498,17069.634766,5.00e-05,9394.79,1335.00,20443108,N/A,2025-08-11 19:24:41
6395,11.709884,8.815498,17069.634766,5.00e-05,9086.87,1465.50,20446039,N/A,2025-08-11 19:24:41
6396,12.740151,8.815498,17069.634766,5.00e-05,9208.55,1727.50,20449494,N/A,2025-08-11 19:24:41
6397,9.213406,8.815498,17069.634766,5.00e-05,9025.08,1562.50,20452619,N/A,2025-08-11 19:24:42
6398,10.417475,8.815498,17069.634766,5.00e-05,9217.58,1633.50,20455886,N/A,2025-08-11 19:24:42
6399,8.431245,8.815498,17069.634766,5.00e-05,9096.08,1282.50,20458451,N/A,2025-08-11 19:24:42
6400,11.604861,8.815498,17069.634766,5.00e-05,9332.10,1813.50,20462078,1.0000,2025-08-11 19:24:43
6401,11.329317,8.815498,17069.634766,5.00e-05,7360.11,1537.50,20465153,N/A,2025-08-11 19:24:44
6402,13.237217,8.815498,17069.634766,5.00e-05,7301.91,1951.50,20469056,N/A,2025-08-11 19:24:44
6403,8.672111,8.815498,17069.634766,5.00e-05,7247.69,1540.50,20472137,N/A,2025-08-11 19:24:45
6404,10.908317,8.815498,17069.634766,5.00e-05,7485.29,1856.00,20475849,N/A,2025-08-11 19:24:45
6405,11.163589,8.815498,17069.634766,5.00e-05,7534.62,1634.00,20479117,N/A,2025-08-11 19:24:46
6406,11.421174,8.815498,17069.634766,5.00e-05,7639.48,1835.50,20482788,N/A,2025-08-11 19:24:46
6407,9.725606,8.815498,17069.634766,5.00e-05,7695.39,1794.00,20486376,N/A,2025-08-11 19:24:46
6408,12.741832,8.815498,17069.634766,5.00e-05,7858.03,1932.00,20490240,N/A,2025-08-11 19:24:47
6409,13.085234,8.815498,17069.634766,5.00e-05,8253.73,1859.00,20493958,N/A,2025-08-11 19:24:47
6410,14.826504,8.815498,17069.634766,5.00e-05,9953.19,2021.00,20498000,1.0000,2025-08-11 19:24:48
6411,9.611453,8.815498,17069.634766,5.00e-05,9894.60,1426.00,20500852,N/A,2025-08-11 19:24:48
6412,9.661875,8.815498,17069.634766,5.00e-05,9635.38,1487.50,20503827,N/A,2025-08-11 19:24:48
6413,10.106703,8.815498,17069.634766,5.00e-05,9570.55,1437.50,20506702,N/A,2025-08-11 19:24:49
6414,12.019517,8.815498,17069.634766,5.00e-05,9525.39,1715.00,20510132,N/A,2025-08-11 19:24:49
6415,14.721877,8.815498,17069.634766,5.00e-05,9635.59,2006.00,20514144,N/A,2025-08-11 19:24:50
6416,9.301575,8.815498,17069.634766,5.00e-05,9688.01,1688.50,20517521,N/A,2025-08-11 19:24:50
6417,9.549218,8.815498,17069.634766,5.00e-05,9532.58,1528.00,20520577,N/A,2025-08-11 19:24:50
6418,11.289296,8.815498,17069.634766,5.00e-05,9337.08,1811.00,20524199,N/A,2025-08-11 19:24:51
6419,10.593196,8.815498,17069.634766,5.00e-05,9456.65,1500.50,20527200,N/A,2025-08-11 19:24:51
6420,8.347834,8.815498,17069.634766,5.00e-05,8902.05,1309.00,20529818,1.0000,2025-08-11 19:24:52
6421,11.085172,8.815498,17069.634766,5.00e-05,9057.88,1703.50,20533225,N/A,2025-08-11 19:24:52
6422,12.341457,8.815498,17069.634766,5.00e-05,9164.68,1694.50,20536614,N/A,2025-08-11 19:24:52
6423,9.999103,8.815498,17069.634766,5.00e-05,9221.83,1548.50,20539711,N/A,2025-08-11 19:24:53
6424,11.673454,8.815498,17069.634766,5.00e-05,9122.89,1404.00,20542519,N/A,2025-08-11 19:24:53
6425,14.624953,8.815498,17069.634766,5.00e-05,9060.43,1922.00,20546363,N/A,2025-08-11 19:24:54
6426,10.359445,8.815498,17069.634766,5.00e-05,9068.61,1688.00,20549739,N/A,2025-08-11 19:24:54
6427,11.781104,8.815498,17069.634766,5.00e-05,9346.08,1763.50,20553266,N/A,2025-08-11 19:24:54
6428,10.009984,8.815498,17069.634766,5.00e-05,9231.22,1588.50,20556443,N/A,2025-08-11 19:24:55
6429,8.863460,8.815498,17069.634766,5.00e-05,9388.23,1467.00,20559377,N/A,2025-08-11 19:24:55
6430,13.381456,8.815498,17069.634766,5.00e-05,9400.51,1757.00,20562891,1.0000,2025-08-11 19:24:56
6431,10.826731,8.815498,17069.634766,5.00e-05,9400.64,1677.50,20566246,N/A,2025-08-11 19:24:56
6432,7.285779,8.815498,17069.634766,5.00e-05,9091.50,1129.50,20568505,N/A,2025-08-11 19:24:56
6433,9.510533,8.815498,17069.634766,5.00e-05,9136.52,1593.50,20571692,N/A,2025-08-11 19:24:57
6434,10.254230,8.815498,17069.634766,5.00e-05,9264.88,1672.00,20575036,N/A,2025-08-11 19:24:57
6435,10.811402,8.815498,17069.634766,5.00e-05,9127.26,1778.00,20578592,N/A,2025-08-11 19:24:58
6436,10.717093,8.815498,17069.634766,5.00e-05,9055.77,1618.00,20581828,N/A,2025-08-11 19:24:58
6437,11.133782,8.815498,17069.634766,5.00e-05,8841.50,1479.50,20584787,N/A,2025-08-11 19:24:58
6438,8.618581,8.815498,17069.634766,5.00e-05,8827.09,1598.50,20587984,N/A,2025-08-11 19:24:59
6439,11.737614,8.815498,17069.634766,5.00e-05,9107.67,1675.50,20591335,N/A,2025-08-11 19:24:59
6440,11.426794,8.815498,17069.634766,5.00e-05,8819.00,1654.00,20594643,1.0000,2025-08-11 19:25:00
6441,11.685242,8.815498,17069.634766,5.00e-05,8750.60,1576.00,20597795,N/A,2025-08-11 19:25:00
6442,16.250071,8.815498,17069.634766,5.00e-05,9112.43,1934.50,20601664,N/A,2025-08-11 19:25:00
6443,14.474848,8.815498,17069.634766,5.00e-05,9301.12,1952.50,20605569,N/A,2025-08-11 19:25:01
6444,10.974488,8.815498,17069.634766,5.00e-05,9251.51,1471.00,20608511,N/A,2025-08-11 19:25:01
6445,13.555022,8.815498,17069.634766,5.00e-05,9190.45,1696.00,20611903,N/A,2025-08-11 19:25:02
6446,9.227503,8.815498,17069.634766,5.00e-05,9142.61,1448.00,20614799,N/A,2025-08-11 19:25:02
6447,12.456756,8.815498,17069.634766,5.00e-05,9397.01,1967.50,20618734,N/A,2025-08-11 19:25:02
6448,13.157662,8.815498,17069.634766,5.00e-05,9606.22,1892.00,20622518,N/A,2025-08-11 19:25:03
6449,12.714265,8.815498,17069.634766,5.00e-05,9789.79,1610.00,20625738,N/A,2025-08-11 19:25:03
6450,10.486323,8.815498,17069.634766,5.00e-05,9465.44,1609.50,20628957,1.0000,2025-08-11 19:25:04
6451,8.621001,8.815498,17069.634766,5.00e-05,9418.89,1358.50,20631674,N/A,2025-08-11 19:25:04
6452,11.790221,8.815498,17069.634766,5.00e-05,9213.03,1473.50,20634621,N/A,2025-08-11 19:25:04
6453,10.480501,8.815498,17069.634766,5.00e-05,8922.83,1450.50,20637522,N/A,2025-08-11 19:25:05
6454,11.898973,8.815498,17069.634766,5.00e-05,9185.37,1892.50,20641307,N/A,2025-08-11 19:25:05
6455,14.080959,8.815498,17069.634766,5.00e-05,9308.19,1990.00,20645287,N/A,2025-08-11 19:25:05
6456,7.886076,8.815498,17069.634766,5.00e-05,9217.03,1266.00,20647819,N/A,2025-08-11 19:25:06
6457,14.705584,8.815498,17069.634766,5.00e-05,9106.41,1737.50,20651294,N/A,2025-08-11 19:25:06
6458,11.433213,8.815498,17069.634766,5.00e-05,9048.12,1885.50,20655065,N/A,2025-08-11 19:25:07
6459,7.206147,8.815498,17069.634766,5.00e-05,9034.50,1060.00,20657185,N/A,2025-08-11 19:25:07
6460,12.871800,8.815498,17069.634766,5.00e-05,8955.14,1838.00,20660861,1.0000,2025-08-11 19:25:08
6461,7.356753,8.815498,17069.634766,5.00e-05,8936.15,1355.50,20663572,N/A,2025-08-11 19:25:08
6462,11.365034,8.815498,17069.634766,5.00e-05,9011.37,1680.00,20666932,N/A,2025-08-11 19:25:08
6463,10.848387,8.815498,17069.634766,5.00e-05,8958.99,1401.50,20669735,N/A,2025-08-11 19:25:09
6464,12.886767,8.815498,17069.634766,5.00e-05,9090.36,2046.00,20673827,N/A,2025-08-11 19:25:09
6465,9.578676,8.815498,17069.634766,5.00e-05,8683.66,1199.50,20676226,N/A,2025-08-11 19:25:09
6466,10.942828,8.815498,17069.634766,5.00e-05,8765.40,1553.50,20679333,N/A,2025-08-11 19:25:10
6467,12.016545,8.815498,17069.634766,5.00e-05,8950.21,1982.50,20683298,N/A,2025-08-11 19:25:10
6468,10.757911,8.815498,17069.634766,5.00e-05,8796.33,1618.00,20686534,N/A,2025-08-11 19:25:11
6469,10.336495,8.815498,17069.634766,5.00e-05,9314.30,1604.00,20689742,N/A,2025-08-11 19:25:11
6470,9.391019,8.815498,17069.634766,5.00e-05,9003.76,1584.00,20692910,1.0000,2025-08-11 19:25:11
6471,7.091844,8.815498,17069.634766,5.00e-05,8916.49,1136.50,20695183,N/A,2025-08-11 19:25:12
6472,12.559934,8.815498,17069.634766,5.00e-05,8855.49,1565.00,20698313,N/A,2025-08-11 19:25:12
6473,7.039029,8.815498,17069.634766,5.00e-05,8656.54,1078.50,20700470,N/A,2025-08-11 19:25:13
6474,10.645134,8.815498,17069.634766,5.00e-05,8421.02,1691.00,20703852,N/A,2025-08-11 19:25:13
6475,6.093441,8.815498,17069.634766,5.00e-05,8379.13,1051.00,20705954,N/A,2025-08-11 19:25:13
6476,9.463474,8.815498,17069.634766,5.00e-05,8300.58,1375.00,20708704,N/A,2025-08-11 19:25:14
6477,9.707335,8.815498,17069.634766,5.00e-05,8140.52,1727.00,20712158,N/A,2025-08-11 19:25:14
6478,13.081932,8.815498,17069.634766,5.00e-05,8316.70,1946.00,20716050,N/A,2025-08-11 19:25:15
6479,14.910680,8.815498,17069.634766,5.00e-05,8710.72,2048.00,20720146,N/A,2025-08-11 19:25:15
6480,6.110820,8.815498,17069.634766,5.00e-05,8263.42,1195.50,20722537,1.0000,2025-08-11 19:25:15
6481,13.256112,8.815498,17069.634766,5.00e-05,8775.15,2022.00,20726581,N/A,2025-08-11 19:25:16
6482,12.948208,8.815498,17069.634766,5.00e-05,8797.82,1611.00,20729803,N/A,2025-08-11 19:25:16
6483,10.411534,8.815498,17069.634766,5.00e-05,9068.76,1541.50,20732886,N/A,2025-08-11 19:25:17
6484,7.441548,8.815498,17069.634766,5.00e-05,8785.47,1211.50,20735309,N/A,2025-08-11 19:25:17
6485,12.060408,8.815498,17069.634766,5.00e-05,9123.17,1769.50,20738848,N/A,2025-08-11 19:25:17
6486,8.794382,8.815498,17069.634766,5.00e-05,8887.05,1123.50,20741095,N/A,2025-08-11 19:25:18
6487,11.285893,8.815498,17069.634766,5.00e-05,8720.55,1534.00,20744163,N/A,2025-08-11 19:25:18
6488,13.486739,8.815498,17069.634766,5.00e-05,8675.35,1961.50,20748086,N/A,2025-08-11 19:25:19
6489,10.972701,8.815498,17069.634766,5.00e-05,8619.72,1695.50,20751477,N/A,2025-08-11 19:25:19
6490,12.657500,8.815498,17069.634766,5.00e-05,8555.92,1685.50,20754848,1.0000,2025-08-11 19:25:20
6491,12.867799,8.815498,17069.634766,5.00e-05,8498.84,2048.00,20758944,N/A,2025-08-11 19:25:20
6492,9.164129,8.815498,17069.634766,5.00e-05,8160.56,1058.00,20761060,N/A,2025-08-11 19:25:20
6493,12.769809,8.815498,17069.634766,5.00e-05,5888.52,1919.00,20764898,N/A,2025-08-11 19:25:22
6494,10.168146,8.815498,17069.634766,5.00e-05,5951.84,1317.00,20767532,N/A,2025-08-11 19:25:23
6495,12.006412,8.815498,17069.634766,5.00e-05,6020.15,1833.00,20771198,N/A,2025-08-11 19:25:23
6496,16.483690,8.815498,17069.634766,5.00e-05,6335.80,1902.50,20775003,N/A,2025-08-11 19:25:24
6497,8.800452,8.815498,17069.634766,5.00e-05,6338.19,1433.00,20777869,N/A,2025-08-11 19:25:24
6498,10.282993,8.815498,17069.634766,5.00e-05,6211.68,1519.50,20780908,N/A,2025-08-11 19:25:24
6499,12.012217,8.815498,17069.634766,5.00e-05,6390.79,1853.00,20784614,N/A,2025-08-11 19:25:25
6500,10.716645,8.815498,17069.634766,5.00e-05,6227.01,1406.50,20787427,1.0000,2025-08-11 19:25:25
6501,10.032172,8.815498,17069.634766,5.00e-05,5254.59,1623.00,20790673,N/A,2025-08-11 19:25:26
6502,14.974725,8.815498,17069.634766,5.00e-05,7555.13,1853.00,20794379,N/A,2025-08-11 19:25:27
6503,8.976803,8.815498,17069.634766,5.00e-05,7308.94,1437.50,20797254,N/A,2025-08-11 19:25:27
6504,9.410486,8.815498,17069.634766,5.00e-05,7395.79,1484.50,20800223,N/A,2025-08-11 19:25:28
6505,6.712169,8.815498,17069.634766,5.00e-05,7116.25,1202.50,20802628,N/A,2025-08-11 19:25:28
6506,15.736735,8.815498,17069.634766,5.00e-05,7183.80,2048.00,20806724,N/A,2025-08-11 19:25:28
6507,14.700457,8.815498,17069.634766,5.00e-05,7364.50,1897.00,20810518,N/A,2025-08-11 19:25:29
6508,8.757967,8.815498,17069.634766,5.00e-05,7261.96,1139.50,20812797,N/A,2025-08-11 19:25:29
6509,14.436917,8.815498,17069.634766,5.00e-05,7402.92,1840.00,20816477,N/A,2025-08-11 19:25:30
6510,12.406733,8.815498,17069.634766,5.00e-05,9371.20,2015.50,20820508,1.0000,2025-08-11 19:25:30
6511,7.668814,8.815498,17069.634766,5.00e-05,9165.57,1415.50,20823339,N/A,2025-08-11 19:25:30
6512,9.059352,8.815498,17069.634766,5.00e-05,8998.50,1456.50,20826252,N/A,2025-08-11 19:25:31
6513,8.758336,8.815498,17069.634766,5.00e-05,8912.27,1288.50,20828829,N/A,2025-08-11 19:25:31
6514,10.911853,8.815498,17069.634766,5.00e-05,8939.16,1498.50,20831826,N/A,2025-08-11 19:25:32
6515,12.455236,8.815498,17069.634766,5.00e-05,9340.19,1897.50,20835621,N/A,2025-08-11 19:25:32
6516,13.411643,8.815498,17069.634766,5.00e-05,9125.90,1602.00,20838825,N/A,2025-08-11 19:25:32
6517,10.491828,8.815498,17069.634766,5.00e-05,9116.46,1871.00,20842567,N/A,2025-08-11 19:25:33
6518,12.424795,8.815498,17069.634766,5.00e-05,9588.92,2013.00,20846593,N/A,2025-08-11 19:25:33
6519,12.952271,8.815498,17069.634766,5.00e-05,9764.00,1939.50,20850472,N/A,2025-08-11 19:25:33
6520,10.978161,8.815498,17069.634766,5.00e-05,9361.86,1519.00,20853510,1.0000,2025-08-11 19:25:34
6521,11.632928,8.815498,17069.634766,5.00e-05,9457.89,1672.50,20856855,N/A,2025-08-11 19:25:34
6522,9.349249,8.815498,17069.634766,5.00e-05,9328.45,1415.00,20859685,N/A,2025-08-11 19:25:35
6523,11.194568,8.815498,17069.634766,5.00e-05,9509.37,1601.00,20862887,N/A,2025-08-11 19:25:35
6524,11.856638,8.815498,17069.634766,5.00e-05,9555.23,1587.50,20866062,N/A,2025-08-11 19:25:35
6525,7.847180,8.815498,17069.634766,5.00e-05,9075.02,1112.50,20868287,N/A,2025-08-11 19:25:36
6526,9.909053,8.815498,17069.634766,5.00e-05,9118.53,1758.00,20871803,N/A,2025-08-11 19:25:36
6527,14.496081,8.815498,17069.634766,5.00e-05,9181.40,1949.00,20875701,N/A,2025-08-11 19:25:37
6528,6.375074,8.815498,17069.634766,5.00e-05,8768.04,1203.50,20878108,N/A,2025-08-11 19:25:37
6529,8.886440,8.815498,17069.634766,5.00e-05,8640.67,1515.00,20881138,N/A,2025-08-11 19:25:37
6530,8.086300,8.815498,17069.634766,5.00e-05,8269.68,1255.00,20883648,1.0000,2025-08-11 19:25:38
6531,7.146046,8.815498,17069.634766,5.00e-05,8092.25,1213.00,20886074,N/A,2025-08-11 19:25:38
6532,14.339808,8.815498,17069.634766,5.00e-05,8413.24,2018.50,20890111,N/A,2025-08-11 19:25:39
6533,9.135466,8.815498,17069.634766,5.00e-05,8429.33,1669.00,20893449,N/A,2025-08-11 19:25:39
6534,7.215553,8.815498,17069.634766,5.00e-05,8206.49,1082.00,20895613,N/A,2025-08-11 19:25:39
6535,11.170223,8.815498,17069.634766,5.00e-05,8701.37,1906.00,20899425,N/A,2025-08-11 19:25:40
6536,9.078470,8.815498,17069.634766,5.00e-05,8405.13,1224.00,20901873,N/A,2025-08-11 19:25:40
6537,7.339599,8.815498,17069.634766,5.00e-05,8057.42,1348.00,20904569,N/A,2025-08-11 19:25:41
6538,12.591564,8.815498,17069.634766,5.00e-05,8602.06,2041.00,20908651,N/A,2025-08-11 19:25:41
6539,11.502373,8.815498,17069.634766,5.00e-05,8947.28,1624.50,20911900,N/A,2025-08-11 19:25:41
6540,9.749790,8.815498,17069.634766,5.00e-05,8958.59,1621.50,20915143,1.0000,2025-08-11 19:25:42
6541,10.656000,8.815498,17069.634766,5.00e-05,9129.95,1497.50,20918138,N/A,2025-08-11 19:25:42
6542,10.709864,8.815498,17069.634766,5.00e-05,8986.53,1721.50,20921581,N/A,2025-08-11 19:25:43
6543,9.142419,8.815498,17069.634766,5.00e-05,8805.71,1405.50,20924392,N/A,2025-08-11 19:25:43
6544,10.819454,8.815498,17069.634766,5.00e-05,9140.54,1668.00,20927728,N/A,2025-08-11 19:25:43
6545,10.803197,8.815498,17069.634766,5.00e-05,8986.27,1640.50,20931009,N/A,2025-08-11 19:25:44
6546,9.231285,8.815498,17069.634766,5.00e-05,9165.21,1503.50,20934016,N/A,2025-08-11 19:25:44
6547,6.827699,8.815498,17069.634766,5.00e-05,9138.18,1400.00,20936816,N/A,2025-08-11 19:25:45
6548,9.451096,8.815498,17069.634766,5.00e-05,8711.16,1294.00,20939404,N/A,2025-08-11 19:25:45
6549,11.179411,8.815498,17069.634766,5.00e-05,8996.00,1872.50,20943149,N/A,2025-08-11 19:25:45
6550,11.932649,8.815498,17069.634766,5.00e-05,8915.32,1970.00,20947089,1.0000,2025-08-11 19:25:46
6551,11.586861,8.815498,17069.634766,5.00e-05,8985.83,1693.00,20950475,N/A,2025-08-11 19:25:46
6552,10.295412,8.815498,17069.634766,5.00e-05,9021.52,1808.00,20954091,N/A,2025-08-11 19:25:47
6553,12.181253,8.815498,17069.634766,5.00e-05,9124.38,1617.50,20957326,N/A,2025-08-11 19:25:47
6554,11.215687,8.815498,17069.634766,5.00e-05,9251.74,1909.50,20961145,N/A,2025-08-11 19:25:47
6555,11.094274,8.815498,17069.634766,5.00e-05,9415.60,1940.50,20965026,N/A,2025-08-11 19:25:48
6556,8.967808,8.815498,17069.634766,5.00e-05,9350.68,1359.00,20967744,N/A,2025-08-11 19:25:48
6557,16.855810,8.815498,17069.634766,5.00e-05,9546.13,1743.00,20971230,N/A,2025-08-11 19:25:49
6558,14.279053,8.815498,17069.634766,5.00e-05,9899.12,1783.50,20974797,N/A,2025-08-11 19:25:49
6559,11.891268,8.815498,17069.634766,5.00e-05,10004.59,1613.50,20978024,N/A,2025-08-11 19:25:49
6560,10.704596,8.815498,17069.634766,5.00e-05,9546.06,1560.00,20981144,1.0000,2025-08-11 19:25:50
6561,8.392367,8.815498,17069.634766,5.00e-05,9339.37,1235.50,20983615,N/A,2025-08-11 19:25:50
6562,9.994269,8.815498,17069.634766,5.00e-05,9000.48,1180.50,20985976,N/A,2025-08-11 19:25:51
6563,10.897342,8.815498,17069.634766,5.00e-05,8949.74,1633.50,20989243,N/A,2025-08-11 19:25:51
6564,12.766201,8.815498,17069.634766,5.00e-05,8602.62,1287.50,20991818,N/A,2025-08-11 19:25:51
6565,13.178986,8.815498,17069.634766,5.00e-05,8537.16,1758.00,20995334,N/A,2025-08-11 19:25:52
6566,10.416223,8.815498,17069.634766,5.00e-05,8805.20,1839.00,20999012,N/A,2025-08-11 19:25:52
6567,13.101564,8.815498,17069.634766,5.00e-05,8897.04,1941.50,21002895,N/A,2025-08-11 19:25:52
6568,11.848619,8.815498,17069.634766,5.00e-05,8808.70,1605.50,21006106,N/A,2025-08-11 19:25:53
6569,8.673274,8.815498,17069.634766,5.00e-05,8860.39,1312.00,21008730,N/A,2025-08-11 19:25:53
6570,11.506078,8.815498,17069.634766,5.00e-05,8682.66,1543.50,21011817,1.0000,2025-08-11 19:25:54
6571,12.613540,8.815498,17069.634766,5.00e-05,8927.26,1644.50,21015106,N/A,2025-08-11 19:25:54
6572,10.689397,8.815498,17069.634766,5.00e-05,9193.96,1506.00,21018118,N/A,2025-08-11 19:25:54
6573,11.253981,8.815498,17069.634766,5.00e-05,9181.53,1589.50,21021297,N/A,2025-08-11 19:25:55
6574,9.088829,8.815498,17069.634766,5.00e-05,9389.49,1781.00,21024859,N/A,2025-08-11 19:25:55
6575,12.501717,8.815498,17069.634766,5.00e-05,9504.76,2048.00,21028955,N/A,2025-08-11 19:25:56
6576,6.310360,8.815498,17069.634766,5.00e-05,9085.92,1058.00,21031071,N/A,2025-08-11 19:25:56
6577,13.577021,8.815498,17069.634766,5.00e-05,9080.10,1878.00,21034827,N/A,2025-08-11 19:25:56
6578,10.835920,8.815498,17069.634766,5.00e-05,9118.38,1642.00,21038111,N/A,2025-08-11 19:25:57
6579,8.820283,8.815498,17069.634766,5.00e-05,9213.21,1264.50,21040640,N/A,2025-08-11 19:25:57
6580,7.789583,8.815498,17069.634766,5.00e-05,8858.07,1242.00,21043124,1.0000,2025-08-11 19:25:58
6581,9.314518,8.815498,17069.634766,5.00e-05,8604.16,1238.00,21045600,N/A,2025-08-11 19:25:58
6582,12.188769,8.815498,17069.634766,5.00e-05,8806.44,1887.00,21049374,N/A,2025-08-11 19:25:58
6583,6.580966,8.815498,17069.634766,5.00e-05,8566.02,1078.00,21051530,N/A,2025-08-11 19:25:59
6584,12.470375,8.815498,17069.634766,5.00e-05,8750.00,2048.00,21055626,N/A,2025-08-11 19:25:59
6585,7.573281,8.815498,17069.634766,5.00e-05,8271.36,1211.00,21058048,N/A,2025-08-11 19:26:00
6586,13.521324,8.815498,17069.634766,5.00e-05,8766.24,1937.00,21061922,N/A,2025-08-11 19:26:00
6587,13.418383,8.815498,17069.634766,5.00e-05,8674.31,1731.50,21065385,N/A,2025-08-11 19:26:00
6588,14.482273,8.815498,17069.634766,5.00e-05,8890.41,1960.00,21069305,N/A,2025-08-11 19:26:01
6589,8.700035,8.815498,17069.634766,5.00e-05,9233.27,1536.50,21072378,N/A,2025-08-11 19:26:01
6590,12.911934,8.815498,17069.634766,5.00e-05,9392.15,1853.50,21076085,1.0000,2025-08-11 19:26:01
6591,13.037802,8.815498,17069.634766,5.00e-05,9706.63,1780.00,21079645,N/A,2025-08-11 19:26:02
6592,10.265219,8.815498,17069.634766,5.00e-05,9499.40,1626.50,21082898,N/A,2025-08-11 19:26:02
6593,11.848398,8.815498,17069.634766,5.00e-05,9884.23,1738.00,21086374,N/A,2025-08-11 19:26:03
6594,6.269083,8.815498,17069.634766,5.00e-05,9307.94,1079.50,21088533,N/A,2025-08-11 19:26:03
6595,12.670237,8.815498,17069.634766,5.00e-05,9554.85,1700.50,21091934,N/A,2025-08-11 19:26:03
6596,12.024191,8.815498,17069.634766,5.00e-05,9565.58,1931.00,21095796,N/A,2025-08-11 19:26:04
6597,12.938818,8.815498,17069.634766,5.00e-05,9553.38,1712.50,21099221,N/A,2025-08-11 19:26:04
6598,12.081306,8.815498,17069.634766,5.00e-05,9297.34,1531.50,21102284,N/A,2025-08-11 19:26:05
6599,10.253255,8.815498,17069.634766,5.00e-05,9541.83,1610.50,21105505,N/A,2025-08-11 19:26:05
6600,15.310883,8.815498,17069.634766,5.00e-05,9372.10,1885.00,21109275,1.0000,2025-08-11 19:26:05
6601,15.531832,8.815498,17069.634766,5.00e-05,7673.55,1940.00,21113155,N/A,2025-08-11 19:26:07
6602,9.495987,8.815498,17069.634766,5.00e-05,7640.47,1563.00,21116281,N/A,2025-08-11 19:26:07
6603,9.487240,8.815498,17069.634766,5.00e-05,7492.24,1399.50,21119080,N/A,2025-08-11 19:26:07
6604,11.449709,8.815498,17069.634766,5.00e-05,7741.66,1607.00,21122294,N/A,2025-08-11 19:26:08
6605,10.718282,8.815498,17069.634766,5.00e-05,7762.03,1778.50,21125851,N/A,2025-08-11 19:26:08
6606,9.919877,8.815498,17069.634766,5.00e-05,7607.16,1634.50,21129120,N/A,2025-08-11 19:26:09
6607,9.727297,8.815498,17069.634766,5.00e-05,7495.67,1628.50,21132377,N/A,2025-08-11 19:26:09
6608,7.086059,8.815498,17069.634766,5.00e-05,7334.94,1164.00,21134705,N/A,2025-08-11 19:26:09
6609,13.142459,8.815498,17069.634766,5.00e-05,7561.27,1909.00,21138523,N/A,2025-08-11 19:26:10
6610,8.791306,8.815498,17069.634766,5.00e-05,8974.19,1520.00,21141563,1.0000,2025-08-11 19:26:10
6611,11.968245,8.815498,17069.634766,5.00e-05,9008.80,1988.50,21145540,N/A,2025-08-11 19:26:11
6612,9.616265,8.815498,17069.634766,5.00e-05,8878.16,1308.50,21148157,N/A,2025-08-11 19:26:11
6613,8.772167,8.815498,17069.634766,5.00e-05,8852.79,1297.50,21150752,N/A,2025-08-11 19:26:11
6614,10.082892,8.815498,17069.634766,5.00e-05,8954.90,1777.00,21154306,N/A,2025-08-11 19:26:12
6615,12.698433,8.815498,17069.634766,5.00e-05,8896.59,1703.50,21157713,N/A,2025-08-11 19:26:12
6616,12.286863,8.815498,17069.634766,5.00e-05,9109.10,1839.50,21161392,N/A,2025-08-11 19:26:13
6617,11.327681,8.815498,17069.634766,5.00e-05,9115.12,1704.00,21164800,N/A,2025-08-11 19:26:13
6618,14.781187,8.815498,17069.634766,5.00e-05,9548.60,1956.50,21168713,N/A,2025-08-11 19:26:13
6619,9.843874,8.815498,17069.634766,5.00e-05,9456.57,1494.50,21171702,N/A,2025-08-11 19:26:14
6620,7.948367,8.815498,17069.634766,5.00e-05,9054.83,1110.00,21173922,1.0000,2025-08-11 19:26:14
6621,12.575418,8.815498,17069.634766,5.00e-05,8969.00,1955.00,21177832,N/A,2025-08-11 19:26:15
6622,10.364224,8.815498,17069.634766,5.00e-05,9113.47,1563.50,21180959,N/A,2025-08-11 19:26:15
6623,6.190013,8.815498,17069.634766,5.00e-05,8925.87,1030.50,21183020,N/A,2025-08-11 19:26:15
6624,12.648108,8.815498,17069.634766,5.00e-05,9073.05,1953.50,21186927,N/A,2025-08-11 19:26:16
6625,13.184762,8.815498,17069.634766,5.00e-05,9096.89,1772.50,21190472,N/A,2025-08-11 19:26:16
6626,13.503440,8.815498,17069.634766,5.00e-05,9070.77,1734.50,21193941,N/A,2025-08-11 19:26:17
6627,10.697105,8.815498,17069.634766,5.00e-05,9047.63,1570.00,21197081,N/A,2025-08-11 19:26:17
6628,6.815292,8.815498,17069.634766,5.00e-05,8748.72,1279.00,21199639,N/A,2025-08-11 19:26:17
6629,7.190781,8.815498,17069.634766,5.00e-05,8728.20,1270.00,21202179,N/A,2025-08-11 19:26:18
6630,12.218738,8.815498,17069.634766,5.00e-05,8836.64,1732.50,21205644,1.0000,2025-08-11 19:26:18
6631,8.607924,8.815498,17069.634766,5.00e-05,8444.70,1331.00,21208306,N/A,2025-08-11 19:26:19
6632,10.914904,8.815498,17069.634766,5.00e-05,8619.07,1797.00,21211900,N/A,2025-08-11 19:26:19
6633,12.157898,8.815498,17069.634766,5.00e-05,9122.04,1911.00,21215722,N/A,2025-08-11 19:26:19
6634,11.106179,8.815498,17069.634766,5.00e-05,9033.84,1846.50,21219415,N/A,2025-08-11 19:26:20
6635,8.584640,8.815498,17069.634766,5.00e-05,8656.87,1205.50,21221826,N/A,2025-08-11 19:26:20
6636,8.367040,8.815498,17069.634766,5.00e-05,8330.70,1141.00,21224108,N/A,2025-08-11 19:26:21
6637,8.318160,8.815498,17069.634766,5.00e-05,8274.46,1465.50,21227039,N/A,2025-08-11 19:26:21
6638,16.018970,8.815498,17069.634766,5.00e-05,8670.20,2042.00,21231123,N/A,2025-08-11 19:26:21
6639,7.409560,8.815498,17069.634766,5.00e-05,8881.75,1115.50,21233354,N/A,2025-08-11 19:26:22
6640,12.109072,8.815498,17069.634766,5.00e-05,8771.76,1842.50,21237039,1.0000,2025-08-11 19:26:22
6641,13.419980,8.815498,17069.634766,5.00e-05,9070.85,1878.50,21240796,N/A,2025-08-11 19:26:23
6642,6.906549,8.815498,17069.634766,5.00e-05,8713.97,1219.50,21243235,N/A,2025-08-11 19:26:23
6643,12.334840,8.815498,17069.634766,5.00e-05,8602.30,1675.50,21246586,N/A,2025-08-11 19:26:23
6644,8.126561,8.815498,17069.634766,5.00e-05,8283.56,1171.50,21248929,N/A,2025-08-11 19:26:24
6645,10.708331,8.815498,17069.634766,5.00e-05,8345.69,1423.00,21251775,N/A,2025-08-11 19:26:24
6646,10.608738,8.815498,17069.634766,5.00e-05,8645.34,1657.00,21255089,N/A,2025-08-11 19:26:24
6647,10.374133,8.815498,17069.634766,5.00e-05,8739.48,1571.00,21258231,N/A,2025-08-11 19:26:25
6648,10.946125,8.815498,17069.634766,5.00e-05,8505.81,1617.00,21261465,N/A,2025-08-11 19:26:25
6649,8.849552,8.815498,17069.634766,5.00e-05,8903.16,1500.00,21264465,N/A,2025-08-11 19:26:26
6650,14.230796,8.815498,17069.634766,5.00e-05,8731.36,1840.50,21268146,1.0000,2025-08-11 19:26:26
6651,14.558719,8.815498,17069.634766,5.00e-05,8799.59,1970.50,21272087,N/A,2025-08-11 19:26:26
6652,9.218223,8.815498,17069.634766,5.00e-05,9011.25,1623.00,21275333,N/A,2025-08-11 19:26:27
6653,9.687036,8.815498,17069.634766,5.00e-05,9095.43,1829.00,21278991,N/A,2025-08-11 19:26:27
6654,9.125415,8.815498,17069.634766,5.00e-05,9264.07,1375.50,21281742,N/A,2025-08-11 19:26:28
6655,7.077066,8.815498,17069.634766,5.00e-05,9146.70,1260.00,21284262,N/A,2025-08-11 19:26:28
6656,9.830931,8.815498,17069.634766,5.00e-05,9149.42,1585.00,21287432,N/A,2025-08-11 19:26:28
6657,11.946774,8.815498,17069.634766,5.00e-05,8946.98,1385.50,21290203,N/A,2025-08-11 19:26:29
6658,11.779780,8.815498,17069.634766,5.00e-05,9133.77,1872.50,21293948,N/A,2025-08-11 19:26:29
6659,7.888587,8.815498,17069.634766,5.00e-05,9151.78,1306.00,21296560,N/A,2025-08-11 19:26:30
6660,11.451274,8.815498,17069.634766,5.00e-05,8897.98,1701.00,21299962,1.0000,2025-08-11 19:26:30
6661,13.271986,8.815498,17069.634766,5.00e-05,8981.68,2036.50,21304035,N/A,2025-08-11 19:26:30
6662,9.808406,8.815498,17069.634766,5.00e-05,8861.09,1491.00,21307017,N/A,2025-08-11 19:26:31
6663,9.983166,8.815498,17069.634766,5.00e-05,8651.78,1416.50,21309850,N/A,2025-08-11 19:26:31
6664,6.605171,8.815498,17069.634766,5.00e-05,8351.47,1027.50,21311905,N/A,2025-08-11 19:26:32
6665,6.092577,8.815498,17069.634766,5.00e-05,8189.45,1032.00,21313969,N/A,2025-08-11 19:26:32
6666,8.162406,8.815498,17069.634766,5.00e-05,7973.99,1162.50,21316294,N/A,2025-08-11 19:26:32
6667,11.579708,8.815498,17069.634766,5.00e-05,8300.56,2020.00,21320334,N/A,2025-08-11 19:26:33
6668,10.559338,8.815498,17069.634766,5.00e-05,7991.70,1255.00,21322844,N/A,2025-08-11 19:26:33
6669,13.599899,8.815498,17069.634766,5.00e-05,8532.14,1984.50,21326813,N/A,2025-08-11 19:26:34
6670,7.106356,8.815498,17069.634766,5.00e-05,8043.97,1178.50,21329170,1.0000,2025-08-11 19:26:34
6671,9.835667,8.815498,17069.634766,5.00e-05,7684.62,1312.00,21331794,N/A,2025-08-11 19:26:34
6672,14.574852,8.815498,17069.634766,5.00e-05,7881.35,1851.00,21335496,N/A,2025-08-11 19:26:35
6673,14.394659,8.815498,17069.634766,5.00e-05,8296.20,1944.00,21339384,N/A,2025-08-11 19:26:35
6674,6.554170,8.815498,17069.634766,5.00e-05,8351.44,1055.00,21341494,N/A,2025-08-11 19:26:36
6675,6.982149,8.815498,17069.634766,5.00e-05,8420.33,1109.50,21343713,N/A,2025-08-11 19:26:36
6676,10.847363,8.815498,17069.634766,5.00e-05,8777.62,1796.00,21347305,N/A,2025-08-11 19:26:36
6677,14.303165,8.815498,17069.634766,5.00e-05,8664.75,1784.00,21350873,N/A,2025-08-11 19:26:37
6678,6.594578,8.815498,17069.634766,5.00e-05,8546.61,1037.50,21352948,N/A,2025-08-11 19:26:37
6679,10.513145,8.815498,17069.634766,5.00e-05,8452.51,1456.00,21355860,N/A,2025-08-11 19:26:38
6680,8.218242,8.815498,17069.634766,5.00e-05,8385.78,1548.50,21358957,1.0000,2025-08-11 19:26:38
6681,13.105391,8.815498,17069.634766,5.00e-05,8658.09,1794.50,21362546,N/A,2025-08-11 19:26:38
6682,9.270140,8.815498,17069.634766,5.00e-05,8380.50,1363.50,21365273,N/A,2025-08-11 19:26:39
6683,10.530253,8.815498,17069.634766,5.00e-05,8113.31,1453.00,21368179,N/A,2025-08-11 19:26:39
6684,10.635595,8.815498,17069.634766,5.00e-05,8593.51,1802.00,21371783,N/A,2025-08-11 19:26:40
6685,11.022277,8.815498,17069.634766,5.00e-05,8888.49,1581.00,21374945,N/A,2025-08-11 19:26:40
6686,5.452638,8.815498,17069.634766,5.00e-05,8450.00,1034.00,21377013,N/A,2025-08-11 19:26:40
6687,14.150537,8.815498,17069.634766,5.00e-05,8488.09,1845.50,21380704,N/A,2025-08-11 19:26:41
6688,11.418577,8.815498,17069.634766,5.00e-05,8687.15,1569.50,21383843,N/A,2025-08-11 19:26:41
6689,9.987344,8.815498,17069.634766,5.00e-05,9028.09,1543.50,21386930,N/A,2025-08-11 19:26:41
6690,10.263481,8.815498,17069.634766,5.00e-05,8793.03,1673.00,21390276,1.0000,2025-08-11 19:26:42
6691,8.655602,8.815498,17069.634766,5.00e-05,8471.67,1275.00,21392826,N/A,2025-08-11 19:26:42
6692,8.446218,8.815498,17069.634766,5.00e-05,8419.75,1390.50,21395607,N/A,2025-08-11 19:26:43
6693,6.973721,8.815498,17069.634766,5.00e-05,8188.83,1076.00,21397759,N/A,2025-08-11 19:26:43
6694,9.080713,8.815498,17069.634766,5.00e-05,7982.41,1441.00,21400641,N/A,2025-08-11 19:26:44
6695,7.202367,8.815498,17069.634766,5.00e-05,7796.08,1228.00,21403097,N/A,2025-08-11 19:26:44
6696,12.656211,8.815498,17069.634766,5.00e-05,8246.40,1881.50,21406860,N/A,2025-08-11 19:26:44
6697,10.284125,8.815498,17069.634766,5.00e-05,8233.07,1650.50,21410161,N/A,2025-08-11 19:26:45
6698,12.595812,8.815498,17069.634766,5.00e-05,8270.92,1624.50,21413410,N/A,2025-08-11 19:26:45
6699,9.430440,8.815498,17069.634766,5.00e-05,8484.48,1463.00,21416336,N/A,2025-08-11 19:26:45
6700,14.544530,8.815498,17069.634766,5.00e-05,8434.48,2000.00,21420336,1.0000,2025-08-11 19:26:46
6701,12.826681,8.815498,17069.634766,5.00e-05,7051.58,1525.50,21423387,N/A,2025-08-11 19:26:47
6702,9.565207,8.815498,17069.634766,5.00e-05,7095.20,1629.00,21426645,N/A,2025-08-11 19:26:48
6703,8.778691,8.815498,17069.634766,5.00e-05,7106.81,1188.50,21429022,N/A,2025-08-11 19:26:48
6704,13.755207,8.815498,17069.634766,5.00e-05,7262.84,1800.50,21432623,N/A,2025-08-11 19:26:48
6705,12.835769,8.815498,17069.634766,5.00e-05,7563.69,2048.00,21436719,N/A,2025-08-11 19:26:49
6706,12.158031,8.815498,17069.634766,5.00e-05,7492.52,1745.50,21440210,N/A,2025-08-11 19:26:49
6707,11.589987,8.815498,17069.634766,5.00e-05,7513.18,1753.50,21443717,N/A,2025-08-11 19:26:49
6708,9.351344,8.815498,17069.634766,5.00e-05,7460.38,1465.50,21446648,N/A,2025-08-11 19:26:50
6709,8.362145,8.815498,17069.634766,5.00e-05,7519.44,1189.00,21449026,N/A,2025-08-11 19:26:50
6710,10.357749,8.815498,17069.634766,5.00e-05,8825.60,1651.50,21452329,1.0000,2025-08-11 19:26:51
6711,10.739223,8.815498,17069.634766,5.00e-05,9164.01,1936.00,21456201,N/A,2025-08-11 19:26:51
6712,11.275721,8.815498,17069.634766,5.00e-05,9434.41,2046.50,21460294,N/A,2025-08-11 19:26:51
6713,9.082551,8.815498,17069.634766,5.00e-05,9746.01,1728.00,21463750,N/A,2025-08-11 19:26:52
6714,11.118516,8.815498,17069.634766,5.00e-05,9700.93,1559.00,21466868,N/A,2025-08-11 19:26:52
6715,8.907511,8.815498,17069.634766,5.00e-05,9357.96,1563.00,21469994,N/A,2025-08-11 19:26:53
6716,10.644668,8.815498,17069.634766,5.00e-05,9453.11,1972.00,21473938,N/A,2025-08-11 19:26:53
6717,9.986984,8.815498,17069.634766,5.00e-05,9333.85,1595.00,21477128,N/A,2025-08-11 19:26:53
6718,10.617455,8.815498,17069.634766,5.00e-05,9441.00,1649.00,21480426,N/A,2025-08-11 19:26:54
6719,6.284251,8.815498,17069.634766,5.00e-05,9558.13,1039.50,21482505,N/A,2025-08-11 19:26:54
6720,8.438228,8.815498,17069.634766,5.00e-05,9141.09,1363.50,21485232,1.0000,2025-08-11 19:26:55
6721,8.599900,8.815498,17069.634766,5.00e-05,8950.01,1540.00,21488312,N/A,2025-08-11 19:26:55
6722,8.078268,8.815498,17069.634766,5.00e-05,8519.85,1265.00,21490842,N/A,2025-08-11 19:26:55
6723,12.156478,8.815498,17069.634766,5.00e-05,8440.56,1679.50,21494201,N/A,2025-08-11 19:26:56
6724,8.325954,8.815498,17069.634766,5.00e-05,8507.03,1543.00,21497287,N/A,2025-08-11 19:26:56
6725,13.793768,8.815498,17069.634766,5.00e-05,8740.59,1953.50,21501194,N/A,2025-08-11 19:26:57
6726,15.659155,8.815498,17069.634766,5.00e-05,8644.50,1828.50,21504851,N/A,2025-08-11 19:26:57
6727,7.834707,8.815498,17069.634766,5.00e-05,8452.40,1246.50,21507344,N/A,2025-08-11 19:26:57
6728,11.687478,8.815498,17069.634766,5.00e-05,8604.03,1960.00,21511264,N/A,2025-08-11 19:26:58
6729,10.775148,8.815498,17069.634766,5.00e-05,9121.16,1546.50,21514357,N/A,2025-08-11 19:26:58
6730,10.530122,8.815498,17069.634766,5.00e-05,8945.18,1512.00,21517381,1.0000,2025-08-11 19:26:59
6731,11.344970,8.815498,17069.634766,5.00e-05,9094.80,1879.50,21521140,N/A,2025-08-11 19:26:59
6732,10.100554,8.815498,17069.634766,5.00e-05,9409.36,1655.00,21524450,N/A,2025-08-11 19:26:59
6733,11.275388,8.815498,17069.634766,5.00e-05,9356.11,1567.50,21527585,N/A,2025-08-11 19:27:00
6734,7.960467,8.815498,17069.634766,5.00e-05,9310.28,1397.00,21530379,N/A,2025-08-11 19:27:00
6735,10.538116,8.815498,17069.634766,5.00e-05,9136.00,1624.50,21533628,N/A,2025-08-11 19:27:01
6736,13.291178,8.815498,17069.634766,5.00e-05,9096.69,1756.00,21537140,N/A,2025-08-11 19:27:01
6737,10.979607,8.815498,17069.634766,5.00e-05,9150.49,1283.50,21539707,N/A,2025-08-11 19:27:01
6738,9.937890,8.815498,17069.634766,5.00e-05,8869.23,1429.50,21542566,N/A,2025-08-11 19:27:02
6739,9.328971,8.815498,17069.634766,5.00e-05,9126.98,1545.00,21545656,N/A,2025-08-11 19:27:02
6740,12.340820,8.815498,17069.634766,5.00e-05,9019.63,1723.50,21549103,1.0000,2025-08-11 19:27:03
6741,11.145485,8.815498,17069.634766,5.00e-05,8921.85,1737.00,21552577,N/A,2025-08-11 19:27:03
6742,13.578548,8.815498,17069.634766,5.00e-05,8991.46,1855.50,21556288,N/A,2025-08-11 19:27:03
6743,11.534661,8.815498,17069.634766,5.00e-05,8956.19,1531.50,21559351,N/A,2025-08-11 19:27:04
6744,7.405342,8.815498,17069.634766,5.00e-05,8772.58,1109.50,21561570,N/A,2025-08-11 19:27:04
6745,7.154665,8.815498,17069.634766,5.00e-05,8505.43,1149.50,21563869,N/A,2025-08-11 19:27:05
6746,15.515433,8.815498,17069.634766,5.00e-05,8450.18,1735.00,21567339,N/A,2025-08-11 19:27:05
6747,9.299880,8.815498,17069.634766,5.00e-05,8600.89,1540.50,21570420,N/A,2025-08-11 19:27:05
6748,8.998888,8.815498,17069.634766,5.00e-05,8478.09,1193.50,21572807,N/A,2025-08-11 19:27:06
6749,14.754760,8.815498,17069.634766,5.00e-05,8903.25,1862.50,21576532,N/A,2025-08-11 19:27:06
6750,8.695574,8.815498,17069.634766,5.00e-05,8536.67,1380.00,21579292,1.0000,2025-08-11 19:27:06
6751,13.324284,8.815498,17069.634766,5.00e-05,8516.21,1758.50,21582809,N/A,2025-08-11 19:27:07
6752,11.442167,8.815498,17069.634766,5.00e-05,8308.33,1426.50,21585662,N/A,2025-08-11 19:27:07
6753,7.408623,8.815498,17069.634766,5.00e-05,8135.79,1160.50,21587983,N/A,2025-08-11 19:27:08
6754,9.443101,8.815498,17069.634766,5.00e-05,8321.86,1473.00,21590929,N/A,2025-08-11 19:27:08
6755,7.814379,8.815498,17069.634766,5.00e-05,8419.27,1264.50,21593458,N/A,2025-08-11 19:27:08
6756,12.211457,8.815498,17069.634766,5.00e-05,8585.23,2048.00,21597554,N/A,2025-08-11 19:27:09
6757,12.975376,8.815498,17069.634766,5.00e-05,8818.05,1974.50,21601503,N/A,2025-08-11 19:27:09
6758,9.033243,8.815498,17069.634766,5.00e-05,8684.57,1178.00,21603859,N/A,2025-08-11 19:27:10
6759,14.026899,8.815498,17069.634766,5.00e-05,8936.19,1984.00,21607827,N/A,2025-08-11 19:27:10
6760,10.158614,8.815498,17069.634766,5.00e-05,8735.13,1347.50,21610522,1.0000,2025-08-11 19:27:10
6761,10.671838,8.815498,17069.634766,5.00e-05,8742.30,1784.00,21614090,N/A,2025-08-11 19:27:11
6762,9.999913,8.815498,17069.634766,5.00e-05,8608.28,1226.50,21616543,N/A,2025-08-11 19:27:11
6763,11.022537,8.815498,17069.634766,5.00e-05,8798.81,1478.00,21619499,N/A,2025-08-11 19:27:12
6764,10.212070,8.815498,17069.634766,5.00e-05,8918.68,1701.50,21622902,N/A,2025-08-11 19:27:12
6765,13.425850,8.815498,17069.634766,5.00e-05,9274.73,1959.50,21626821,N/A,2025-08-11 19:27:12
6766,8.158623,8.815498,17069.634766,5.00e-05,8747.76,1123.00,21629067,N/A,2025-08-11 19:27:13
6767,15.141946,8.815498,17069.634766,5.00e-05,8716.83,1880.50,21632828,N/A,2025-08-11 19:27:13
6768,8.909115,8.815498,17069.634766,5.00e-05,8685.17,1327.00,21635482,N/A,2025-08-11 19:27:14
6769,7.033437,8.815498,17069.634766,5.00e-05,8527.57,1257.50,21637997,N/A,2025-08-11 19:27:14
6770,13.858932,8.815498,17069.634766,5.00e-05,8502.34,1550.50,21641098,1.0000,2025-08-11 19:27:14
6771,11.513923,8.815498,17069.634766,5.00e-05,8462.87,1711.50,21644521,N/A,2025-08-11 19:27:15
6772,8.077959,8.815498,17069.634766,5.00e-05,8433.78,1161.50,21646844,N/A,2025-08-11 19:27:15
6773,14.149281,8.815498,17069.634766,5.00e-05,8655.81,1897.50,21650639,N/A,2025-08-11 19:27:16
6774,9.206261,8.815498,17069.634766,5.00e-05,8718.69,1766.00,21654171,N/A,2025-08-11 19:27:16
6775,13.006783,8.815498,17069.634766,5.00e-05,8675.56,1869.50,21657910,N/A,2025-08-11 19:27:16
6776,9.158124,8.815498,17069.634766,5.00e-05,8958.89,1434.00,21660778,N/A,2025-08-11 19:27:17
6777,8.223805,8.815498,17069.634766,5.00e-05,8758.95,1302.00,21663382,N/A,2025-08-11 19:27:17
6778,11.075791,8.815498,17069.634766,5.00e-05,9009.26,1775.00,21666932,N/A,2025-08-11 19:27:17
6779,12.730703,8.815498,17069.634766,5.00e-05,9445.64,1790.50,21670513,N/A,2025-08-11 19:27:18
6780,8.743596,8.815498,17069.634766,5.00e-05,9075.93,1208.50,21672930,1.0000,2025-08-11 19:27:18
6781,11.924453,8.815498,17069.634766,5.00e-05,9020.95,1625.50,21676181,N/A,2025-08-11 19:27:19
6782,12.521818,8.815498,17069.634766,5.00e-05,9465.72,2005.00,21680191,N/A,2025-08-11 19:27:19
6783,13.366929,8.815498,17069.634766,5.00e-05,9348.32,1665.00,21683521,N/A,2025-08-11 19:27:20
6784,14.311299,8.815498,17069.634766,5.00e-05,9222.89,1545.00,21686611,N/A,2025-08-11 19:27:20
6785,12.168606,8.815498,17069.634766,5.00e-05,9195.65,1843.00,21690297,N/A,2025-08-11 19:27:20
6786,11.276199,8.815498,17069.634766,5.00e-05,9418.82,1822.00,21693941,N/A,2025-08-11 19:27:21
6787,9.743605,8.815498,17069.634766,5.00e-05,9767.39,1922.50,21697786,N/A,2025-08-11 19:27:21
6788,7.214359,8.815498,17069.634766,5.00e-05,9520.56,1282.50,21700351,N/A,2025-08-11 19:27:21
6789,12.907624,8.815498,17069.634766,5.00e-05,9724.84,1784.50,21703920,N/A,2025-08-11 19:27:22
6790,9.773312,8.815498,17069.634766,5.00e-05,9655.86,1436.50,21706793,1.0000,2025-08-11 19:27:22
6791,6.896432,8.815498,17069.634766,5.00e-05,9290.39,1067.50,21708928,N/A,2025-08-11 19:27:23
6792,8.793269,8.815498,17069.634766,5.00e-05,8888.82,1341.00,21711610,N/A,2025-08-11 19:27:23
6793,12.024484,8.815498,17069.634766,5.00e-05,9116.71,2037.00,21715684,N/A,2025-08-11 19:27:23
6794,9.488869,8.815498,17069.634766,5.00e-05,9169.23,1687.00,21719058,N/A,2025-08-11 19:27:24
6795,10.109295,8.815498,17069.634766,5.00e-05,8967.01,1532.00,21722122,N/A,2025-08-11 19:27:24
6796,12.797041,8.815498,17069.634766,5.00e-05,9022.21,1912.00,21725946,N/A,2025-08-11 19:27:25
6797,9.833147,8.815498,17069.634766,5.00e-05,8852.67,1633.00,21729212,N/A,2025-08-11 19:27:25
6798,11.557037,8.815498,17069.634766,5.00e-05,9067.06,1739.00,21732690,N/A,2025-08-11 19:27:25
6799,11.729275,8.815498,17069.634766,5.00e-05,9242.84,1756.00,21736202,N/A,2025-08-11 19:27:26
6800,7.274770,8.815498,17069.634766,5.00e-05,9031.30,1316.00,21738834,1.0000,2025-08-11 19:27:26
6801,10.612448,8.815498,17069.634766,5.00e-05,7625.59,1730.50,21742295,N/A,2025-08-11 19:27:27
6802,7.597435,8.815498,17069.634766,5.00e-05,7615.80,1403.50,21745102,N/A,2025-08-11 19:27:28
6803,13.646167,8.815498,17069.634766,5.00e-05,7522.21,1784.50,21748671,N/A,2025-08-11 19:27:28
6804,13.693425,8.815498,17069.634766,5.00e-05,7610.66,1848.50,21752368,N/A,2025-08-11 19:27:29
6805,10.797189,8.815498,17069.634766,5.00e-05,7731.93,1779.00,21755926,N/A,2025-08-11 19:27:29
6806,7.628322,8.815498,17069.634766,5.00e-05,7461.20,1311.00,21758548,N/A,2025-08-11 19:27:29
6807,7.617629,8.815498,17069.634766,5.00e-05,7359.46,1342.50,21761233,N/A,2025-08-11 19:27:30
6808,11.705546,8.815498,17069.634766,5.00e-05,7428.93,1887.00,21765007,N/A,2025-08-11 19:27:30
6809,11.666455,8.815498,17069.634766,5.00e-05,7486.33,1588.00,21768183,N/A,2025-08-11 19:27:30
6810,9.280210,8.815498,17069.634766,5.00e-05,9311.84,1698.50,21771580,1.0000,2025-08-11 19:27:31
6811,9.054764,8.815498,17069.634766,5.00e-05,9177.16,1400.50,21774381,N/A,2025-08-11 19:27:31
6812,10.414410,8.815498,17069.634766,5.00e-05,9246.15,1622.00,21777625,N/A,2025-08-11 19:27:32
6813,9.691105,8.815498,17069.634766,5.00e-05,8860.81,1097.50,21779820,N/A,2025-08-11 19:27:32
6814,11.051301,8.815498,17069.634766,5.00e-05,8713.75,1638.00,21783096,N/A,2025-08-11 19:27:32
6815,11.480806,8.815498,17069.634766,5.00e-05,8629.98,1666.50,21786429,N/A,2025-08-11 19:27:33
6816,10.369440,8.815498,17069.634766,5.00e-05,8774.52,1568.50,21789566,N/A,2025-08-11 19:27:33
6817,10.854988,8.815498,17069.634766,5.00e-05,8829.85,1438.00,21792442,N/A,2025-08-11 19:27:34
6818,7.771518,8.815498,17069.634766,5.00e-05,8395.70,1196.00,21794834,N/A,2025-08-11 19:27:34
6819,13.824076,8.815498,17069.634766,5.00e-05,8857.17,2048.00,21798930,N/A,2025-08-11 19:27:34
6820,13.145035,8.815498,17069.634766,5.00e-05,8755.85,1974.50,21802879,1.0000,2025-08-11 19:27:35
6821,10.398595,8.815498,17069.634766,5.00e-05,8861.80,1476.00,21805831,N/A,2025-08-11 19:27:35
6822,8.968488,8.815498,17069.634766,5.00e-05,8902.14,1703.00,21809237,N/A,2025-08-11 19:27:36
6823,8.490164,8.815498,17069.634766,5.00e-05,8949.98,1152.50,21811542,N/A,2025-08-11 19:27:36
6824,8.870339,8.815498,17069.634766,5.00e-05,8720.92,1190.50,21813923,N/A,2025-08-11 19:27:36
6825,14.648176,8.815498,17069.634766,5.00e-05,8760.33,1735.50,21817394,N/A,2025-08-11 19:27:37
6826,11.631979,8.815498,17069.634766,5.00e-05,7488.59,1844.50,21821083,N/A,2025-08-11 19:27:38
6827,12.945042,8.815498,17069.634766,5.00e-05,7808.18,1974.00,21825031,N/A,2025-08-11 19:27:38
6828,7.583673,8.815498,17069.634766,5.00e-05,7713.19,1105.00,21827241,N/A,2025-08-11 19:27:39
6829,12.905572,8.815498,17069.634766,5.00e-05,7752.04,1779.50,21830800,N/A,2025-08-11 19:27:39
6830,8.090709,8.815498,17069.634766,5.00e-05,7248.97,1255.50,21833311,1.0000,2025-08-11 19:27:39
6831,11.736593,8.815498,17069.634766,5.00e-05,7333.14,1752.00,21836815,N/A,2025-08-11 19:27:40
6832,6.577866,8.815498,17069.634766,5.00e-05,7000.43,1031.00,21838877,N/A,2025-08-11 19:27:40
6833,12.691802,8.815498,17069.634766,5.00e-05,7361.27,1956.00,21842789,N/A,2025-08-11 19:27:41
6834,11.289870,8.815498,17069.634766,5.00e-05,7532.85,1662.50,21846114,N/A,2025-08-11 19:27:41
6835,9.441498,8.815498,17069.634766,5.00e-05,8962.43,1812.50,21849739,N/A,2025-08-11 19:27:41
6836,9.980233,8.815498,17069.634766,5.00e-05,8826.80,1702.50,21853144,N/A,2025-08-11 19:27:42
6837,9.453696,8.815498,17069.634766,5.00e-05,8474.87,1205.50,21855555,N/A,2025-08-11 19:27:42
6838,12.496610,8.815498,17069.634766,5.00e-05,8890.66,1804.50,21859164,N/A,2025-08-11 19:27:43
6839,6.911933,8.815498,17069.634766,5.00e-05,8773.24,1229.00,21861622,N/A,2025-08-11 19:27:43
6840,15.229538,8.815498,17069.634766,5.00e-05,9103.95,2023.00,21865668,1.0000,2025-08-11 19:27:43
6841,10.233356,8.815498,17069.634766,5.00e-05,9213.58,1901.00,21869470,N/A,2025-08-11 19:27:44
6842,7.894965,8.815498,17069.634766,5.00e-05,9343.51,1230.00,21871930,N/A,2025-08-11 19:27:44
6843,8.595996,8.815498,17069.634766,5.00e-05,9006.10,1234.50,21874399,N/A,2025-08-11 19:27:45
6844,12.140471,8.815498,17069.634766,5.00e-05,9092.38,1998.00,21878395,N/A,2025-08-11 19:27:45
6845,8.959557,8.815498,17069.634766,5.00e-05,9077.00,1697.00,21881789,N/A,2025-08-11 19:27:45
6846,11.029923,8.815498,17069.634766,5.00e-05,8977.71,1542.50,21884874,N/A,2025-08-11 19:27:46
6847,7.734979,8.815498,17069.634766,5.00e-05,8927.91,1168.00,21887210,N/A,2025-08-11 19:27:46
6848,13.203623,8.815498,17069.634766,5.00e-05,8857.16,1625.50,21890461,N/A,2025-08-11 19:27:47
6849,11.163319,8.815498,17069.634766,5.00e-05,9370.65,1864.00,21894189,N/A,2025-08-11 19:27:47
6850,10.650137,8.815498,17069.634766,5.00e-05,8952.99,1581.50,21897352,1.0000,2025-08-11 19:27:47
6851,12.227390,8.815498,17069.634766,5.00e-05,8862.49,1808.00,21900968,N/A,2025-08-11 19:27:48
6852,8.880917,8.815498,17069.634766,5.00e-05,9044.92,1572.50,21904113,N/A,2025-08-11 19:27:48
6853,12.815558,8.815498,17069.634766,5.00e-05,9569.60,1940.00,21907993,N/A,2025-08-11 19:27:48
6854,5.939516,8.815498,17069.634766,5.00e-05,9098.55,1146.50,21910286,N/A,2025-08-11 19:27:49
6855,12.439749,8.815498,17069.634766,5.00e-05,9257.91,1956.50,21914199,N/A,2025-08-11 19:27:49
6856,9.514659,8.815498,17069.634766,5.00e-05,9295.87,1540.00,21917279,N/A,2025-08-11 19:27:50
6857,9.294352,8.815498,17069.634766,5.00e-05,9483.57,1518.50,21920316,N/A,2025-08-11 19:27:50
6858,12.835441,8.815498,17069.634766,5.00e-05,9584.56,1931.00,21924178,N/A,2025-08-11 19:27:50
6859,11.803075,8.815498,17069.634766,5.00e-05,9641.96,1684.50,21927547,N/A,2025-08-11 19:27:51
6860,10.367702,8.815498,17069.634766,5.00e-05,9465.63,1549.00,21930645,1.0000,2025-08-11 19:27:51
6861,15.628275,8.815498,17069.634766,5.00e-05,9561.61,1930.50,21934506,N/A,2025-08-11 19:27:52
6862,10.838352,8.815498,17069.634766,5.00e-05,9448.39,1436.50,21937379,N/A,2025-08-11 19:27:52
6863,9.036694,8.815498,17069.634766,5.00e-05,9053.72,1316.50,21940012,N/A,2025-08-11 19:27:52
6864,7.805209,8.815498,17069.634766,5.00e-05,9129.97,1332.50,21942677,N/A,2025-08-11 19:27:53
6865,13.280329,8.815498,17069.634766,5.00e-05,8865.53,1529.50,21945736,N/A,2025-08-11 19:27:53
6866,7.849862,8.815498,17069.634766,5.00e-05,8751.25,1334.00,21948404,N/A,2025-08-11 19:27:54
6867,7.767409,8.815498,17069.634766,5.00e-05,8599.38,1297.00,21950998,N/A,2025-08-11 19:27:54
6868,8.461871,8.815498,17069.634766,5.00e-05,8266.70,1387.50,21953773,N/A,2025-08-11 19:27:54
6869,8.778412,8.815498,17069.634766,5.00e-05,8150.92,1205.00,21956183,N/A,2025-08-11 19:27:55
6870,11.818443,8.815498,17069.634766,5.00e-05,8195.87,1976.50,21960136,1.0000,2025-08-11 19:27:55
6871,12.581295,8.815498,17069.634766,5.00e-05,8081.84,1684.50,21963505,N/A,2025-08-11 19:27:56
6872,10.052163,8.815498,17069.634766,5.00e-05,8198.27,1594.00,21966693,N/A,2025-08-11 19:27:56
6873,7.510491,8.815498,17069.634766,5.00e-05,8258.44,1393.50,21969480,N/A,2025-08-11 19:27:56
6874,14.940167,8.815498,17069.634766,5.00e-05,8617.40,2035.50,21973551,N/A,2025-08-11 19:27:57
6875,11.253245,8.815498,17069.634766,5.00e-05,8657.82,1607.00,21976765,N/A,2025-08-11 19:27:57
6876,12.079637,8.815498,17069.634766,5.00e-05,9015.16,1751.50,21980268,N/A,2025-08-11 19:27:58
6877,10.447572,8.815498,17069.634766,5.00e-05,9252.00,1685.00,21983638,N/A,2025-08-11 19:27:58
6878,11.254799,8.815498,17069.634766,5.00e-05,9378.10,1611.00,21986860,N/A,2025-08-11 19:27:58
6879,7.916092,8.815498,17069.634766,5.00e-05,9644.77,1277.50,21989415,N/A,2025-08-11 19:27:59
6880,9.275956,8.815498,17069.634766,5.00e-05,8999.99,1382.00,21992179,1.0000,2025-08-11 19:27:59
6881,10.898654,8.815498,17069.634766,5.00e-05,8936.42,1590.50,21995360,N/A,2025-08-11 19:28:00
6882,14.562571,8.815498,17069.634766,5.00e-05,9055.68,1821.50,21999003,N/A,2025-08-11 19:28:00
6883,9.777053,8.815498,17069.634766,5.00e-05,9081.66,1313.00,22001629,N/A,2025-08-11 19:28:00
6884,12.790451,8.815498,17069.634766,5.00e-05,8924.31,1861.50,22005352,N/A,2025-08-11 19:28:01
6885,9.134816,8.815498,17069.634766,5.00e-05,8827.64,1467.00,22008286,N/A,2025-08-11 19:28:01
6886,9.741814,8.815498,17069.634766,5.00e-05,8820.78,1687.00,22011660,N/A,2025-08-11 19:28:01
6887,11.757054,8.815498,17069.634766,5.00e-05,8643.13,1357.00,22014374,N/A,2025-08-11 19:28:02
6888,13.735147,8.815498,17069.634766,5.00e-05,8850.01,1979.50,22018333,N/A,2025-08-11 19:28:02
6889,8.466986,8.815498,17069.634766,5.00e-05,9097.52,1269.00,22020871,N/A,2025-08-11 19:28:03
6890,6.740735,8.815498,17069.634766,5.00e-05,8793.88,1130.50,22023132,1.0000,2025-08-11 19:28:03
6891,8.574659,8.815498,17069.634766,5.00e-05,8845.21,1731.00,22026594,N/A,2025-08-11 19:28:03
6892,7.181922,8.815498,17069.634766,5.00e-05,8416.24,1120.00,22028834,N/A,2025-08-11 19:28:04
6893,12.664637,8.815498,17069.634766,5.00e-05,8766.86,1892.00,22032618,N/A,2025-08-11 19:28:04
6894,9.772396,8.815498,17069.634766,5.00e-05,8617.54,1583.50,22035785,N/A,2025-08-11 19:28:05
6895,11.314153,8.815498,17069.634766,5.00e-05,8675.15,1677.00,22039139,N/A,2025-08-11 19:28:05
6896,9.952494,8.815498,17069.634766,5.00e-05,8607.26,1545.00,22042229,N/A,2025-08-11 19:28:05
6897,11.283550,8.815498,17069.634766,5.00e-05,8724.87,1573.50,22045376,N/A,2025-08-11 19:28:06
6898,7.679206,8.815498,17069.634766,5.00e-05,8479.21,1488.00,22048352,N/A,2025-08-11 19:28:06
6899,12.723868,8.815498,17069.634766,5.00e-05,9018.66,1932.00,22052216,N/A,2025-08-11 19:28:07
6900,14.258325,8.815498,17069.634766,5.00e-05,9345.10,1939.00,22056094,1.0000,2025-08-11 19:28:07
6901,11.828567,8.815498,17069.634766,5.00e-05,7518.31,1378.50,22058851,N/A,2025-08-11 19:28:08
6902,13.563410,8.815498,17069.634766,5.00e-05,7864.08,1805.50,22062462,N/A,2025-08-11 19:28:09
6903,7.974044,8.815498,17069.634766,5.00e-05,7650.38,1501.00,22065464,N/A,2025-08-11 19:28:09
6904,8.118088,8.815498,17069.634766,5.00e-05,7546.98,1346.50,22068157,N/A,2025-08-11 19:28:09
6905,9.409113,8.815498,17069.634766,5.00e-05,7340.89,1225.00,22070607,N/A,2025-08-11 19:28:10
6906,7.177508,8.815498,17069.634766,5.00e-05,7278.40,1410.50,22073428,N/A,2025-08-11 19:28:10
6907,12.815147,8.815498,17069.634766,5.00e-05,7421.09,1853.50,22077135,N/A,2025-08-11 19:28:10
6908,11.902575,8.815498,17069.634766,5.00e-05,7671.35,1992.00,22081119,N/A,2025-08-11 19:28:11
6909,8.990344,8.815498,17069.634766,5.00e-05,7603.61,1537.50,22084194,N/A,2025-08-11 19:28:11
6910,12.511050,8.815498,17069.634766,5.00e-05,9155.18,1966.00,22088126,1.0000,2025-08-11 19:28:12
6911,12.027691,8.815498,17069.634766,5.00e-05,9424.05,1860.00,22091846,N/A,2025-08-11 19:28:12
6912,9.638230,8.815498,17069.634766,5.00e-05,9303.39,1594.00,22095034,N/A,2025-08-11 19:28:12
6913,11.355692,8.815498,17069.634766,5.00e-05,9543.05,1882.50,22098799,N/A,2025-08-11 19:28:13
6914,12.131734,8.815498,17069.634766,5.00e-05,9830.64,1880.50,22102560,N/A,2025-08-11 19:28:13
6915,8.757716,8.815498,17069.634766,5.00e-05,10000.27,1546.50,22105653,N/A,2025-08-11 19:28:14
6916,14.174934,8.815498,17069.634766,5.00e-05,10287.90,1898.50,22109450,N/A,2025-08-11 19:28:14
6917,9.395104,8.815498,17069.634766,5.00e-05,10223.92,1775.00,22113000,N/A,2025-08-11 19:28:14
6918,8.414916,8.815498,17069.634766,5.00e-05,9753.69,1183.50,22115367,N/A,2025-08-11 19:28:15
6919,9.424429,8.815498,17069.634766,5.00e-05,9676.86,1090.50,22117548,N/A,2025-08-11 19:28:15
6920,12.262407,8.815498,17069.634766,5.00e-05,9503.05,1964.00,22121476,1.0000,2025-08-11 19:28:16
6921,9.885031,8.815498,17069.634766,5.00e-05,9286.97,1387.00,22124250,N/A,2025-08-11 19:28:16
6922,13.232982,8.815498,17069.634766,5.00e-05,9471.91,1860.50,22127971,N/A,2025-08-11 19:28:16
6923,5.473704,8.815498,17069.634766,5.00e-05,9039.19,1206.00,22130383,N/A,2025-08-11 19:28:17
6924,7.203727,8.815498,17069.634766,5.00e-05,8636.08,1151.50,22132686,N/A,2025-08-11 19:28:17
6925,11.360891,8.815498,17069.634766,5.00e-05,8783.01,1849.50,22136385,N/A,2025-08-11 19:28:17
6926,14.676945,8.815498,17069.634766,5.00e-05,8714.54,1800.50,22139986,N/A,2025-08-11 19:28:18
6927,10.625089,8.815498,17069.634766,5.00e-05,8648.23,1714.00,22143414,N/A,2025-08-11 19:28:18
6928,9.521123,8.815498,17069.634766,5.00e-05,8785.59,1652.00,22146718,N/A,2025-08-11 19:28:19
6929,12.382162,8.815498,17069.634766,5.00e-05,9338.68,1788.50,22150295,N/A,2025-08-11 19:28:19
6930,9.608869,8.815498,17069.634766,5.00e-05,8884.03,1486.00,22153267,1.0000,2025-08-11 19:28:19
6931,9.202300,8.815498,17069.634766,5.00e-05,8827.90,1282.50,22155832,N/A,2025-08-11 19:28:20
6932,6.877583,8.815498,17069.634766,5.00e-05,8488.30,1163.00,22158158,N/A,2025-08-11 19:28:20
6933,10.329497,8.815498,17069.634766,5.00e-05,8695.99,1561.00,22161280,N/A,2025-08-11 19:28:21
6934,11.663694,8.815498,17069.634766,5.00e-05,9179.05,1971.50,22165223,N/A,2025-08-11 19:28:21
6935,10.763053,8.815498,17069.634766,5.00e-05,9120.33,1721.00,22168665,N/A,2025-08-11 19:28:21
6936,9.819942,8.815498,17069.634766,5.00e-05,8912.45,1372.50,22171410,N/A,2025-08-11 19:28:22
6937,7.595091,8.815498,17069.634766,5.00e-05,8767.64,1240.50,22173891,N/A,2025-08-11 19:28:22
6938,11.295158,8.815498,17069.634766,5.00e-05,8658.68,1447.00,22176785,N/A,2025-08-11 19:28:22
6939,12.171803,8.815498,17069.634766,5.00e-05,8694.28,1582.00,22179949,N/A,2025-08-11 19:28:23
6940,9.410354,8.815498,17069.634766,5.00e-05,8574.98,1585.00,22183119,1.0000,2025-08-11 19:28:23
6941,8.645879,8.815498,17069.634766,5.00e-05,8632.15,1392.00,22185903,N/A,2025-08-11 19:28:24
6942,9.971662,8.815498,17069.634766,5.00e-05,8890.52,1628.50,22189160,N/A,2025-08-11 19:28:24
6943,11.432045,8.815498,17069.634766,5.00e-05,8923.79,1610.00,22192380,N/A,2025-08-11 19:28:24
6944,12.743629,8.815498,17069.634766,5.00e-05,8844.44,1877.00,22196134,N/A,2025-08-11 19:28:25
6945,6.275103,8.815498,17069.634766,5.00e-05,8501.05,1109.00,22198352,N/A,2025-08-11 19:28:25
6946,7.084530,8.815498,17069.634766,5.00e-05,8456.17,1349.00,22201050,N/A,2025-08-11 19:28:26
6947,12.664247,8.815498,17069.634766,5.00e-05,8693.97,1784.50,22204619,N/A,2025-08-11 19:28:26
6948,10.682819,8.815498,17069.634766,5.00e-05,8927.00,1875.50,22208370,N/A,2025-08-11 19:28:26
6949,9.502377,8.815498,17069.634766,5.00e-05,8894.78,1259.00,22210888,N/A,2025-08-11 19:28:27
6950,7.328385,8.815498,17069.634766,5.00e-05,8694.88,1533.50,22213955,1.0000,2025-08-11 19:28:27
6951,12.213792,8.815498,17069.634766,5.00e-05,8954.35,1892.50,22217740,N/A,2025-08-11 19:28:28
6952,10.947936,8.815498,17069.634766,5.00e-05,8922.87,1607.50,22220955,N/A,2025-08-11 19:28:28
6953,9.947737,8.815498,17069.634766,5.00e-05,8887.48,1499.50,22223954,N/A,2025-08-11 19:28:28
6954,11.064915,8.815498,17069.634766,5.00e-05,8680.66,1489.50,22226933,N/A,2025-08-11 19:28:29
6955,10.470217,8.815498,17069.634766,5.00e-05,9154.86,1968.50,22230870,N/A,2025-08-11 19:28:29
6956,8.539478,8.815498,17069.634766,5.00e-05,9183.58,1343.00,22233556,N/A,2025-08-11 19:28:30
6957,11.993320,8.815498,17069.634766,5.00e-05,9119.64,1599.50,22236755,N/A,2025-08-11 19:28:30
6958,13.057816,8.815498,17069.634766,5.00e-05,8899.30,1665.50,22240086,N/A,2025-08-11 19:28:30
6959,11.197550,8.815498,17069.634766,5.00e-05,9362.39,1769.50,22243625,N/A,2025-08-11 19:28:31
6960,13.318482,8.815498,17069.634766,5.00e-05,9355.12,1799.00,22247223,1.0000,2025-08-11 19:28:31
6961,10.724871,8.815498,17069.634766,5.00e-05,9095.79,1414.00,22250051,N/A,2025-08-11 19:28:32
6962,12.529041,8.815498,17069.634766,5.00e-05,9108.31,1615.00,22253281,N/A,2025-08-11 19:28:32
6963,8.700885,8.815498,17069.634766,5.00e-05,9027.56,1385.00,22256051,N/A,2025-08-11 19:28:32
6964,9.672055,8.815498,17069.634766,5.00e-05,9003.74,1393.50,22258838,N/A,2025-08-11 19:28:33
6965,9.973506,8.815498,17069.634766,5.00e-05,8820.72,1617.00,22262072,N/A,2025-08-11 19:28:33
6966,7.466299,8.815498,17069.634766,5.00e-05,8639.93,1206.00,22264484,N/A,2025-08-11 19:28:34
6967,11.683799,8.815498,17069.634766,5.00e-05,8882.54,2035.50,22268555,N/A,2025-08-11 19:28:34
6968,10.072628,8.815498,17069.634766,5.00e-05,8772.27,1549.00,22271653,N/A,2025-08-11 19:28:34
6969,10.173815,8.815498,17069.634766,5.00e-05,8869.15,1630.50,22274914,N/A,2025-08-11 19:28:35
6970,6.497710,8.815498,17069.634766,5.00e-05,8180.13,1128.00,22277170,1.0000,2025-08-11 19:28:35
6971,15.435520,8.815498,17069.634766,5.00e-05,8416.56,1877.50,22280925,N/A,2025-08-11 19:28:36
6972,8.260689,8.815498,17069.634766,5.00e-05,8244.00,1381.50,22283688,N/A,2025-08-11 19:28:36
6973,11.675873,8.815498,17069.634766,5.00e-05,8546.28,1936.50,22287561,N/A,2025-08-11 19:28:36
6974,8.244867,8.815498,17069.634766,5.00e-05,8509.53,1344.00,22290249,N/A,2025-08-11 19:28:37
6975,7.499819,8.815498,17069.634766,5.00e-05,8408.04,1264.50,22292778,N/A,2025-08-11 19:28:37
6976,10.971321,8.815498,17069.634766,5.00e-05,8928.76,1931.00,22296640,N/A,2025-08-11 19:28:38
6977,11.253617,8.815498,17069.634766,5.00e-05,8514.05,1298.00,22299236,N/A,2025-08-11 19:28:38
6978,8.118912,8.815498,17069.634766,5.00e-05,8306.67,1243.50,22301723,N/A,2025-08-11 19:28:38
6979,8.926320,8.815498,17069.634766,5.00e-05,8596.24,1619.00,22304961,N/A,2025-08-11 19:28:39
6980,10.432623,8.815498,17069.634766,5.00e-05,8637.59,1484.00,22307929,1.0000,2025-08-11 19:28:39
6981,10.784208,8.815498,17069.634766,5.00e-05,8557.96,1645.00,22311219,N/A,2025-08-11 19:28:40
6982,9.137308,8.815498,17069.634766,5.00e-05,8635.59,1493.50,22314206,N/A,2025-08-11 19:28:40
6983,9.333648,8.815498,17069.634766,5.00e-05,8432.77,1531.00,22317268,N/A,2025-08-11 19:28:40
6984,6.160395,8.815498,17069.634766,5.00e-05,8277.88,1062.00,22319392,N/A,2025-08-11 19:28:41
6985,7.929226,8.815498,17069.634766,5.00e-05,8331.52,1373.50,22322139,N/A,2025-08-11 19:28:41
6986,9.417422,8.815498,17069.634766,5.00e-05,7859.01,1181.50,22324502,N/A,2025-08-11 19:28:42
6987,13.146377,8.815498,17069.634766,5.00e-05,8180.60,1900.50,22328303,N/A,2025-08-11 19:28:42
6988,10.619201,8.815498,17069.634766,5.00e-05,8444.92,1671.50,22331646,N/A,2025-08-11 19:28:42
6989,7.410158,8.815498,17069.634766,5.00e-05,8369.91,1216.50,22334079,N/A,2025-08-11 19:28:43
6990,12.174338,8.815498,17069.634766,5.00e-05,8520.60,2048.00,22338175,1.0000,2025-08-11 19:28:43
6991,8.835169,8.815498,17069.634766,5.00e-05,8420.02,1478.50,22341132,N/A,2025-08-11 19:28:43
6992,8.009192,8.815498,17069.634766,5.00e-05,8162.22,1033.50,22343199,N/A,2025-08-11 19:28:44
6993,8.495876,8.815498,17069.634766,5.00e-05,8162.98,1540.00,22346279,N/A,2025-08-11 19:28:44
6994,10.840855,8.815498,17069.634766,5.00e-05,8470.76,1609.50,22349498,N/A,2025-08-11 19:28:45
6995,10.987210,8.815498,17069.634766,5.00e-05,8730.74,1631.00,22352760,N/A,2025-08-11 19:28:45
6996,9.692063,8.815498,17069.634766,5.00e-05,8931.74,1424.50,22355609,N/A,2025-08-11 19:28:45
6997,8.090281,8.815498,17069.634766,5.00e-05,8531.29,1287.00,22358183,N/A,2025-08-11 19:28:46
6998,9.302213,8.815498,17069.634766,5.00e-05,8273.41,1302.00,22360787,N/A,2025-08-11 19:28:46
6999,11.198048,8.815498,17069.634766,5.00e-05,8803.03,1850.00,22364487,N/A,2025-08-11 19:28:47
7000,11.074478,8.310072,12939.303711,5.00e-05,2316.07,1731.00,22367949,N/A,2025-08-11 19:28:56
7001,7.224150,8.310072,12939.303711,5.00e-05,2127.34,1032.00,22370013,N/A,2025-08-11 19:28:57
7002,10.303028,8.310072,12939.303711,5.00e-05,2257.07,1925.50,22373864,N/A,2025-08-11 19:28:58
7003,9.827137,8.310072,12939.303711,5.00e-05,2271.27,1639.50,22377143,N/A,2025-08-11 19:28:58
7004,8.618139,8.310072,12939.303711,5.00e-05,2233.69,1382.00,22379907,N/A,2025-08-11 19:28:59
7005,9.405112,8.310072,12939.303711,5.00e-05,2176.63,1239.50,22382386,N/A,2025-08-11 19:28:59
7006,13.867782,8.310072,12939.303711,5.00e-05,2260.65,2030.00,22386446,N/A,2025-08-11 19:28:59
7007,10.932080,8.310072,12939.303711,5.00e-05,2350.91,1876.00,22390198,N/A,2025-08-11 19:29:00
7008,12.205602,8.310072,12939.303711,5.00e-05,2411.56,1758.50,22393715,N/A,2025-08-11 19:29:00
7009,7.607840,8.310072,12939.303711,5.00e-05,7377.56,1081.50,22395878,N/A,2025-08-11 19:29:01
7010,8.592498,8.310072,12939.303711,5.00e-05,8658.66,1608.00,22399094,1.0000,2025-08-11 19:29:01
7011,11.396594,8.310072,12939.303711,5.00e-05,9207.35,1964.00,22403022,N/A,2025-08-11 19:29:01
7012,9.056174,8.310072,12939.303711,5.00e-05,8991.73,1512.50,22406047,N/A,2025-08-11 19:29:02
7013,9.712255,8.310072,12939.303711,5.00e-05,8945.96,1599.50,22409246,N/A,2025-08-11 19:29:02
7014,14.869586,8.310072,12939.303711,5.00e-05,9256.24,1981.00,22413208,N/A,2025-08-11 19:29:03
7015,6.936252,8.310072,12939.303711,5.00e-05,9338.80,1215.50,22415639,N/A,2025-08-11 19:29:03
7016,7.042552,8.310072,12939.303711,5.00e-05,8751.41,1104.50,22417848,N/A,2025-08-11 19:29:03
7017,9.155107,8.310072,12939.303711,5.00e-05,8525.28,1294.00,22420436,N/A,2025-08-11 19:29:04
7018,10.130207,8.310072,12939.303711,5.00e-05,8416.83,1539.50,22423515,N/A,2025-08-11 19:29:04
7019,7.877909,8.310072,12939.303711,5.00e-05,8508.25,1090.00,22425695,N/A,2025-08-11 19:29:05
7020,11.519315,8.310072,12939.303711,5.00e-05,8565.30,1968.50,22429632,1.0000,2025-08-11 19:29:05
7021,13.157152,8.310072,12939.303711,5.00e-05,8511.26,1882.50,22433397,N/A,2025-08-11 19:29:05
7022,7.303449,8.310072,12939.303711,5.00e-05,8361.39,1125.00,22435647,N/A,2025-08-11 19:29:06
7023,11.515147,8.310072,12939.303711,5.00e-05,8422.84,1685.00,22439017,N/A,2025-08-11 19:29:06
7024,16.957535,8.310072,12939.303711,5.00e-05,8400.59,1906.00,22442829,N/A,2025-08-11 19:29:07
7025,11.257720,8.310072,12939.303711,5.00e-05,8616.90,1534.50,22445898,N/A,2025-08-11 19:29:07
7026,11.965647,8.310072,12939.303711,5.00e-05,9126.71,2009.50,22449917,N/A,2025-08-11 19:29:07
7027,11.661283,8.310072,12939.303711,5.00e-05,9358.96,1803.50,22453524,N/A,2025-08-11 19:29:08
7028,9.696142,8.310072,12939.303711,5.00e-05,9428.80,1557.50,22456639,N/A,2025-08-11 19:29:08
7029,15.541521,8.310072,12939.303711,5.00e-05,10142.83,2048.00,22460735,N/A,2025-08-11 19:29:08
7030,6.878879,8.310072,12939.303711,5.00e-05,9517.54,1334.00,22463403,1.0000,2025-08-11 19:29:09
7031,12.952027,8.310072,12939.303711,5.00e-05,9619.72,2048.00,22467499,N/A,2025-08-11 19:29:09
7032,10.091460,8.310072,12939.303711,5.00e-05,9941.63,1702.50,22470904,N/A,2025-08-11 19:29:10
7033,10.706686,8.310072,12939.303711,5.00e-05,9943.58,1701.50,22474307,N/A,2025-08-11 19:29:10
7034,8.426488,8.310072,12939.303711,5.00e-05,9681.50,1355.50,22477018,N/A,2025-08-11 19:29:10
7035,10.001875,8.310072,12939.303711,5.00e-05,9663.45,1507.50,22480033,N/A,2025-08-11 19:29:11
7036,10.914452,8.310072,12939.303711,5.00e-05,9618.01,1846.50,22483726,N/A,2025-08-11 19:29:11
7037,14.370700,8.310072,12939.303711,5.00e-05,9669.41,1878.50,22487483,N/A,2025-08-11 19:29:12
7038,10.143380,8.310072,12939.303711,5.00e-05,9713.06,1720.00,22490923,N/A,2025-08-11 19:29:12
7039,9.565973,8.310072,12939.303711,5.00e-05,9576.55,1453.00,22493829,N/A,2025-08-11 19:29:12
7040,14.541088,8.310072,12939.303711,5.00e-05,9739.50,1978.00,22497785,1.0000,2025-08-11 19:29:13
7041,11.491427,8.310072,12939.303711,5.00e-05,9492.19,1616.00,22501017,N/A,2025-08-11 19:29:13
7042,9.204560,8.310072,12939.303711,5.00e-05,9296.48,1374.50,22503766,N/A,2025-08-11 19:29:14
7043,12.422008,8.310072,12939.303711,5.00e-05,9282.45,1765.00,22507296,N/A,2025-08-11 19:29:14
7044,9.116496,8.310072,12939.303711,5.00e-05,9427.22,1614.00,22510524,N/A,2025-08-11 19:29:14
7045,9.445293,8.310072,12939.303711,5.00e-05,9348.29,1559.00,22513642,N/A,2025-08-11 19:29:15
7046,11.417604,8.310072,12939.303711,5.00e-05,9224.80,1655.50,22516953,N/A,2025-08-11 19:29:15
7047,6.259254,8.310072,12939.303711,5.00e-05,8863.29,1146.00,22519245,N/A,2025-08-11 19:29:16
7048,9.669983,8.310072,12939.303711,5.00e-05,8809.85,1540.50,22522326,N/A,2025-08-11 19:29:16
7049,10.243382,8.310072,12939.303711,5.00e-05,9109.26,1662.00,22525650,N/A,2025-08-11 19:29:16
7050,9.222770,8.310072,12939.303711,5.00e-05,8762.37,1727.50,22529105,1.0000,2025-08-11 19:29:17
7051,9.493099,8.310072,12939.303711,5.00e-05,8664.10,1412.50,22531930,N/A,2025-08-11 19:29:17
7052,7.183742,8.310072,12939.303711,5.00e-05,8625.30,1282.50,22534495,N/A,2025-08-11 19:29:18
7053,9.156545,8.310072,12939.303711,5.00e-05,8391.54,1375.50,22537246,N/A,2025-08-11 19:29:18
7054,11.825438,8.310072,12939.303711,5.00e-05,8726.25,2048.00,22541342,N/A,2025-08-11 19:29:18
7055,11.935198,8.310072,12939.303711,5.00e-05,8854.37,1728.50,22544799,N/A,2025-08-11 19:29:19
7056,10.824524,8.310072,12939.303711,5.00e-05,8825.79,1671.00,22548141,N/A,2025-08-11 19:29:19
7057,9.757815,8.310072,12939.303711,5.00e-05,9080.49,1652.50,22551446,N/A,2025-08-11 19:29:19
7058,11.048286,8.310072,12939.303711,5.00e-05,9046.92,1458.50,22554363,N/A,2025-08-11 19:29:20
7059,9.515849,8.310072,12939.303711,5.00e-05,9273.23,1705.00,22557773,N/A,2025-08-11 19:29:20
7060,6.354241,8.310072,12939.303711,5.00e-05,8547.83,1026.50,22559826,1.0000,2025-08-11 19:29:21
7061,8.847407,8.310072,12939.303711,5.00e-05,8641.96,1538.50,22562903,N/A,2025-08-11 19:29:21
7062,9.346313,8.310072,12939.303711,5.00e-05,8871.55,1672.50,22566248,N/A,2025-08-11 19:29:22
7063,9.285254,8.310072,12939.303711,5.00e-05,8912.62,1434.50,22569117,N/A,2025-08-11 19:29:22
7064,12.474635,8.310072,12939.303711,5.00e-05,8768.61,1809.00,22572735,N/A,2025-08-11 19:29:22
7065,11.319376,8.310072,12939.303711,5.00e-05,8955.99,2048.00,22576831,N/A,2025-08-11 19:29:23
7066,9.591809,8.310072,12939.303711,5.00e-05,8919.15,1568.00,22579967,N/A,2025-08-11 19:29:23
7067,10.430542,8.310072,12939.303711,5.00e-05,8935.84,1774.00,22583515,N/A,2025-08-11 19:29:23
7068,7.875689,8.310072,12939.303711,5.00e-05,8840.13,1265.00,22586045,N/A,2025-08-11 19:29:24
7069,11.823841,8.310072,12939.303711,5.00e-05,9183.60,1873.50,22589792,N/A,2025-08-11 19:29:24
7070,6.262769,8.310072,12939.303711,5.00e-05,8985.36,1099.00,22591990,1.0000,2025-08-11 19:29:25
7071,10.474403,8.310072,12939.303711,5.00e-05,9016.26,1595.50,22595181,N/A,2025-08-11 19:29:25
7072,14.447643,8.310072,12939.303711,5.00e-05,9080.21,1786.00,22598753,N/A,2025-08-11 19:29:25
7073,10.932428,8.310072,12939.303711,5.00e-05,9365.64,1922.00,22602597,N/A,2025-08-11 19:29:26
7074,11.210997,8.310072,12939.303711,5.00e-05,9250.54,1542.50,22605682,N/A,2025-08-11 19:29:26
7075,12.715940,8.310072,12939.303711,5.00e-05,9222.22,1967.50,22609617,N/A,2025-08-11 19:29:27
7076,6.415823,8.310072,12939.303711,5.00e-05,8955.19,1089.00,22611795,N/A,2025-08-11 19:29:27
7077,10.182508,8.310072,12939.303711,5.00e-05,8857.34,1650.50,22615096,N/A,2025-08-11 19:29:27
7078,12.229573,8.310072,12939.303711,5.00e-05,9137.46,1876.50,22618849,N/A,2025-08-11 19:29:28
7079,6.844456,8.310072,12939.303711,5.00e-05,8988.66,1197.00,22621243,N/A,2025-08-11 19:29:28
7080,8.850126,8.310072,12939.303711,5.00e-05,8959.67,1370.00,22623983,1.0000,2025-08-11 19:29:29
7081,9.975939,8.310072,12939.303711,5.00e-05,8888.07,1456.00,22626895,N/A,2025-08-11 19:29:29
7082,7.128921,8.310072,12939.303711,5.00e-05,8487.78,1186.50,22629268,N/A,2025-08-11 19:29:29
7083,14.836443,8.310072,12939.303711,5.00e-05,8471.47,2048.00,22633364,N/A,2025-08-11 19:29:30
7084,8.740605,8.310072,12939.303711,5.00e-05,8371.15,1362.50,22636089,N/A,2025-08-11 19:29:30
7085,10.850257,8.310072,12939.303711,5.00e-05,8185.37,1562.00,22639213,N/A,2025-08-11 19:29:31
7086,10.012808,8.310072,12939.303711,5.00e-05,8394.10,1422.50,22642058,N/A,2025-08-11 19:29:31
7087,15.679066,8.310072,12939.303711,5.00e-05,8644.37,1840.00,22645738,N/A,2025-08-11 19:29:31
7088,12.519874,8.310072,12939.303711,5.00e-05,8715.99,2025.00,22649788,N/A,2025-08-11 19:29:32
7089,10.511061,8.310072,12939.303711,5.00e-05,8988.92,1361.00,22652510,N/A,2025-08-11 19:29:32
7090,7.564777,8.310072,12939.303711,5.00e-05,8791.03,1428.00,22655366,1.0000,2025-08-11 19:29:33
7091,9.090321,8.310072,12939.303711,5.00e-05,8961.38,1681.00,22658728,N/A,2025-08-11 19:29:33
7092,11.655787,8.310072,12939.303711,5.00e-05,9255.35,1560.00,22661848,N/A,2025-08-11 19:29:33
7093,12.894057,8.310072,12939.303711,5.00e-05,9255.33,2048.00,22665944,N/A,2025-08-11 19:29:34
7094,7.594519,8.310072,12939.303711,5.00e-05,9249.47,1340.00,22668624,N/A,2025-08-11 19:29:34
7095,8.124890,8.310072,12939.303711,5.00e-05,9018.16,1145.00,22670914,N/A,2025-08-11 19:29:35
7096,15.691664,8.310072,12939.303711,5.00e-05,9302.46,1933.50,22674781,N/A,2025-08-11 19:29:35
7097,12.118993,8.310072,12939.303711,5.00e-05,9268.67,1748.00,22678277,N/A,2025-08-11 19:29:35
7098,8.647155,8.310072,12939.303711,5.00e-05,9077.83,1663.50,22681604,N/A,2025-08-11 19:29:36
7099,7.857559,8.310072,12939.303711,5.00e-05,9224.58,1225.50,22684055,N/A,2025-08-11 19:29:36
7100,9.851648,8.310072,12939.303711,5.00e-05,9165.79,1593.50,22687242,1.0000,2025-08-11 19:29:36
7101,11.021788,8.310072,12939.303711,5.00e-05,7650.20,2032.50,22691307,N/A,2025-08-11 19:29:38
7102,10.752047,8.310072,12939.303711,5.00e-05,7668.88,1677.00,22694661,N/A,2025-08-11 19:29:38
7103,12.279347,8.310072,12939.303711,5.00e-05,7592.90,1891.00,22698443,N/A,2025-08-11 19:29:38
7104,10.904853,8.310072,12939.303711,5.00e-05,7777.63,1740.00,22701923,N/A,2025-08-11 19:29:39
7105,9.648314,8.310072,12939.303711,5.00e-05,8078.63,1786.00,22705495,N/A,2025-08-11 19:29:39
7106,11.987012,8.310072,12939.303711,5.00e-05,8004.15,1820.00,22709135,N/A,2025-08-11 19:29:40
7107,7.948827,8.310072,12939.303711,5.00e-05,7749.08,1403.50,22711942,N/A,2025-08-11 19:29:40
7108,11.083209,8.310072,12939.303711,5.00e-05,7904.64,1985.50,22715913,N/A,2025-08-11 19:29:40
7109,10.108958,8.310072,12939.303711,5.00e-05,8218.76,1653.00,22719219,N/A,2025-08-11 19:29:41
7110,8.132955,8.310072,12939.303711,5.00e-05,9778.22,1528.50,22722276,1.0000,2025-08-11 19:29:41
7111,9.132628,8.310072,12939.303711,5.00e-05,9404.44,1248.00,22724772,N/A,2025-08-11 19:29:42
7112,13.553244,8.310072,12939.303711,5.00e-05,9600.70,2048.00,22728868,N/A,2025-08-11 19:29:42
7113,8.058418,8.310072,12939.303711,5.00e-05,9502.22,1720.00,22732308,N/A,2025-08-11 19:29:42
7114,10.384928,8.310072,12939.303711,5.00e-05,9436.31,1645.50,22735599,N/A,2025-08-11 19:29:43
7115,9.472952,8.310072,12939.303711,5.00e-05,9162.99,1337.50,22738274,N/A,2025-08-11 19:29:43
7116,6.721342,8.310072,12939.303711,5.00e-05,8887.77,1117.00,22740508,N/A,2025-08-11 19:29:44
7117,11.284582,8.310072,12939.303711,5.00e-05,9134.95,1838.00,22744184,N/A,2025-08-11 19:29:44
7118,10.317179,8.310072,12939.303711,5.00e-05,8772.80,1419.50,22747023,N/A,2025-08-11 19:29:44
7119,10.809361,8.310072,12939.303711,5.00e-05,8914.80,1526.00,22750075,N/A,2025-08-11 19:29:45
7120,10.106533,8.310072,12939.303711,5.00e-05,8830.29,1719.00,22753513,1.0000,2025-08-11 19:29:45
7121,7.565638,8.310072,12939.303711,5.00e-05,8931.65,1396.00,22756305,N/A,2025-08-11 19:29:46
7122,11.006357,8.310072,12939.303711,5.00e-05,8647.25,1537.50,22759380,N/A,2025-08-11 19:29:46
7123,7.399196,8.310072,12939.303711,5.00e-05,8268.05,1203.00,22761786,N/A,2025-08-11 19:29:46
7124,9.938042,8.310072,12939.303711,5.00e-05,8446.26,1867.50,22765521,N/A,2025-08-11 19:29:47
7125,9.453740,8.310072,12939.303711,5.00e-05,8462.66,1408.00,22768337,N/A,2025-08-11 19:29:47
7126,13.401662,8.310072,12939.303711,5.00e-05,8808.02,1735.00,22771807,N/A,2025-08-11 19:29:47
7127,11.382996,8.310072,12939.303711,5.00e-05,8668.68,1643.00,22775093,N/A,2025-08-11 19:29:48
7128,12.672159,8.310072,12939.303711,5.00e-05,9029.73,2048.00,22779189,N/A,2025-08-11 19:29:48
7129,16.101522,8.310072,12939.303711,5.00e-05,9358.78,1878.50,22782946,N/A,2025-08-11 19:29:49
7130,10.759583,8.310072,12939.303711,5.00e-05,9264.91,1855.00,22786656,1.0000,2025-08-11 19:29:49
7131,13.767241,8.310072,12939.303711,5.00e-05,9567.69,1989.50,22790635,N/A,2025-08-11 19:29:49
7132,9.029353,8.310072,12939.303711,5.00e-05,9548.13,1533.00,22793701,N/A,2025-08-11 19:29:50
7133,9.942865,8.310072,12939.303711,5.00e-05,9784.06,1623.50,22796948,N/A,2025-08-11 19:29:50
7134,8.745376,8.310072,12939.303711,5.00e-05,9542.76,1493.00,22799934,N/A,2025-08-11 19:29:51
7135,12.379568,8.310072,12939.303711,5.00e-05,9801.00,1862.00,22803658,N/A,2025-08-11 19:29:51
7136,14.610084,8.310072,12939.303711,5.00e-05,9985.43,1922.50,22807503,N/A,2025-08-11 19:29:51
7137,9.219467,8.310072,12939.303711,5.00e-05,9967.77,1621.50,22810746,N/A,2025-08-11 19:29:52
7138,9.716415,8.310072,12939.303711,5.00e-05,9681.30,1419.00,22813584,N/A,2025-08-11 19:29:52
7139,12.705037,8.310072,12939.303711,5.00e-05,9857.18,1904.00,22817392,N/A,2025-08-11 19:29:53
7140,8.570128,8.310072,12939.303711,5.00e-05,9343.33,1281.50,22819955,1.0000,2025-08-11 19:29:53
7141,11.417191,8.310072,12939.303711,5.00e-05,9419.11,1906.50,22823768,N/A,2025-08-11 19:29:53
7142,12.007520,8.310072,12939.303711,5.00e-05,9656.80,2045.50,22827859,N/A,2025-08-11 19:29:54
7143,11.824413,8.310072,12939.303711,5.00e-05,9863.11,1954.50,22831768,N/A,2025-08-11 19:29:54
7144,8.546804,8.310072,12939.303711,5.00e-05,9930.37,1609.50,22834987,N/A,2025-08-11 19:29:55
7145,10.817768,8.310072,12939.303711,5.00e-05,9880.20,1759.00,22838505,N/A,2025-08-11 19:29:55
7146,10.224873,8.310072,12939.303711,5.00e-05,9342.53,1189.50,22840884,N/A,2025-08-11 19:29:55
7147,9.948668,8.310072,12939.303711,5.00e-05,9268.07,1496.50,22843877,N/A,2025-08-11 19:29:56
7148,6.604819,8.310072,12939.303711,5.00e-05,9190.38,1257.00,22846391,N/A,2025-08-11 19:29:56
7149,7.869475,8.310072,12939.303711,5.00e-05,9034.97,1269.00,22848929,N/A,2025-08-11 19:29:57
7150,11.034129,8.310072,12939.303711,5.00e-05,9013.98,1749.50,22852428,1.0000,2025-08-11 19:29:57
7151,9.582008,8.310072,12939.303711,5.00e-05,8804.24,1453.50,22855335,N/A,2025-08-11 19:29:57
7152,8.927736,8.310072,12939.303711,5.00e-05,8396.35,1268.50,22857872,N/A,2025-08-11 19:29:58
7153,12.610711,8.310072,12939.303711,5.00e-05,8357.54,1896.00,22861664,N/A,2025-08-11 19:29:58
7154,10.356290,8.310072,12939.303711,5.00e-05,8492.33,1924.50,22865513,N/A,2025-08-11 19:29:59
7155,11.097007,8.310072,12939.303711,5.00e-05,8657.76,1918.50,22869350,N/A,2025-08-11 19:29:59
7156,8.506044,8.310072,12939.303711,5.00e-05,8740.72,1458.00,22872266,N/A,2025-08-11 19:29:59
7157,11.289513,8.310072,12939.303711,5.00e-05,8732.17,1490.50,22875247,N/A,2025-08-11 19:30:00
7158,9.091351,8.310072,12939.303711,5.00e-05,8782.53,1349.00,22877945,N/A,2025-08-11 19:30:00
7159,7.282565,8.310072,12939.303711,5.00e-05,9110.83,1349.00,22880643,N/A,2025-08-11 19:30:01
7160,16.204138,8.310072,12939.303711,5.00e-05,9010.04,2040.00,22884723,1.0000,2025-08-11 19:30:01
7161,7.996925,8.310072,12939.303711,5.00e-05,8814.86,1069.50,22886862,N/A,2025-08-11 19:30:01
7162,10.933739,8.310072,12939.303711,5.00e-05,8933.62,1479.50,22889821,N/A,2025-08-11 19:30:02
7163,10.927402,8.310072,12939.303711,5.00e-05,8940.51,1872.00,22893565,N/A,2025-08-11 19:30:02
7164,8.585657,8.310072,12939.303711,5.00e-05,8755.86,1547.50,22896660,N/A,2025-08-11 19:30:03
7165,10.599904,8.310072,12939.303711,5.00e-05,8482.21,1347.00,22899354,N/A,2025-08-11 19:30:03
7166,7.331131,8.310072,12939.303711,5.00e-05,8328.48,1296.50,22901947,N/A,2025-08-11 19:30:03
7167,8.669967,8.310072,12939.303711,5.00e-05,8322.46,1465.50,22904878,N/A,2025-08-11 19:30:04
7168,9.021377,8.310072,12939.303711,5.00e-05,8602.86,1851.00,22908580,N/A,2025-08-11 19:30:04
7169,7.594398,8.310072,12939.303711,5.00e-05,8867.41,1364.00,22911308,N/A,2025-08-11 19:30:04
7170,8.983445,8.310072,12939.303711,5.00e-05,8544.44,1791.50,22914891,1.0000,2025-08-11 19:30:05
7171,13.085971,8.310072,12939.303711,5.00e-05,9092.47,2021.50,22918934,N/A,2025-08-11 19:30:05
7172,8.180201,8.310072,12939.303711,5.00e-05,8905.87,1112.50,22921159,N/A,2025-08-11 19:30:06
7173,9.948311,8.310072,12939.303711,5.00e-05,8799.20,1646.00,22924451,N/A,2025-08-11 19:30:06
7174,11.918797,8.310072,12939.303711,5.00e-05,8857.69,1635.00,22927721,N/A,2025-08-11 19:30:06
7175,8.677509,8.310072,12939.303711,5.00e-05,8977.46,1430.00,22930581,N/A,2025-08-11 19:30:07
7176,14.211033,8.310072,12939.303711,5.00e-05,9358.84,1964.00,22934509,N/A,2025-08-11 19:30:07
7177,10.695475,8.310072,12939.303711,5.00e-05,9438.25,1628.00,22937765,N/A,2025-08-11 19:30:08
7178,8.031381,8.310072,12939.303711,5.00e-05,9141.88,1358.50,22940482,N/A,2025-08-11 19:30:08
7179,7.334349,8.310072,12939.303711,5.00e-05,9324.68,1403.00,22943288,N/A,2025-08-11 19:30:08
7180,9.738511,8.310072,12939.303711,5.00e-05,9154.49,1805.00,22946898,1.0000,2025-08-11 19:30:09
7181,11.512336,8.310072,12939.303711,5.00e-05,9112.82,2002.00,22950902,N/A,2025-08-11 19:30:09
7182,6.013688,8.310072,12939.303711,5.00e-05,9113.36,1151.00,22953204,N/A,2025-08-11 19:30:10
7183,9.408829,8.310072,12939.303711,5.00e-05,9078.83,1563.50,22956331,N/A,2025-08-11 19:30:10
7184,6.403919,8.310072,12939.303711,5.00e-05,8741.26,1043.00,22958417,N/A,2025-08-11 19:30:10
7185,12.795439,8.310072,12939.303711,5.00e-05,8974.43,1853.50,22962124,N/A,2025-08-11 19:30:11
7186,12.086989,8.310072,12939.303711,5.00e-05,8779.86,1581.50,22965287,N/A,2025-08-11 19:30:11
7187,13.727490,8.310072,12939.303711,5.00e-05,8819.95,1895.50,22969078,N/A,2025-08-11 19:30:11
7188,10.788852,8.310072,12939.303711,5.00e-05,9047.96,1814.00,22972706,N/A,2025-08-11 19:30:12
7189,8.533342,8.310072,12939.303711,5.00e-05,9155.15,1367.50,22975441,N/A,2025-08-11 19:30:12
7190,12.293333,8.310072,12939.303711,5.00e-05,8857.25,1799.50,22979040,1.0000,2025-08-11 19:30:13
7191,9.150500,8.310072,12939.303711,5.00e-05,8603.19,1585.00,22982210,N/A,2025-08-11 19:30:13
7192,9.532270,8.310072,12939.303711,5.00e-05,8936.01,1746.50,22985703,N/A,2025-08-11 19:30:14
7193,10.626838,8.310072,12939.303711,5.00e-05,9078.60,1866.00,22989435,N/A,2025-08-11 19:30:14
7194,9.541880,8.310072,12939.303711,5.00e-05,9449.05,1726.50,22992888,N/A,2025-08-11 19:30:14
7195,11.956203,8.310072,12939.303711,5.00e-05,9211.30,1621.50,22996131,N/A,2025-08-11 19:30:15
7196,6.479258,8.310072,12939.303711,5.00e-05,9208.86,1412.50,22998956,N/A,2025-08-11 19:30:15
7197,9.445143,8.310072,12939.303711,5.00e-05,8872.39,1256.50,23001469,N/A,2025-08-11 19:30:16
7198,12.818191,8.310072,12939.303711,5.00e-05,8983.31,1956.50,23005382,N/A,2025-08-11 19:30:16
7199,13.302093,8.310072,12939.303711,5.00e-05,9616.65,1966.50,23009315,N/A,2025-08-11 19:30:16
7200,9.931320,8.310072,12939.303711,5.00e-05,9056.63,1048.50,23011412,1.0000,2025-08-11 19:30:17
7201,10.238543,8.310072,12939.303711,5.00e-05,7452.85,1596.00,23014604,N/A,2025-08-11 19:30:18
7202,11.089260,8.310072,12939.303711,5.00e-05,7469.89,1827.50,23018259,N/A,2025-08-11 19:30:18
7203,8.581141,8.310072,12939.303711,5.00e-05,7255.21,1466.00,23021191,N/A,2025-08-11 19:30:19
7204,9.378113,8.310072,12939.303711,5.00e-05,7265.83,1583.50,23024358,N/A,2025-08-11 19:30:19
7205,8.808204,8.310072,12939.303711,5.00e-05,7184.21,1404.50,23027167,N/A,2025-08-11 19:30:19
7206,15.053342,8.310072,12939.303711,5.00e-05,7477.37,1986.00,23031139,N/A,2025-08-11 19:30:20
7207,9.829862,8.310072,12939.303711,5.00e-05,7663.29,1643.00,23034425,N/A,2025-08-11 19:30:20
7208,11.268915,8.310072,12939.303711,5.00e-05,7529.10,1620.00,23037665,N/A,2025-08-11 19:30:21
7209,6.540690,8.310072,12939.303711,5.00e-05,7195.13,1088.50,23039842,N/A,2025-08-11 19:30:21
7210,8.691198,8.310072,12939.303711,5.00e-05,8836.93,1414.00,23042670,1.0000,2025-08-11 19:30:21
7211,6.944847,8.310072,12939.303711,5.00e-05,8553.09,1146.50,23044963,N/A,2025-08-11 19:30:22
7212,9.666207,8.310072,12939.303711,5.00e-05,8525.20,1701.50,23048366,N/A,2025-08-11 19:30:22
7213,8.823089,8.310072,12939.303711,5.00e-05,8510.31,1478.50,23051323,N/A,2025-08-11 19:30:23
7214,14.070882,8.310072,12939.303711,5.00e-05,8726.13,1993.00,23055309,N/A,2025-08-11 19:30:23
7215,8.782023,8.310072,12939.303711,5.00e-05,8817.18,1573.50,23058456,N/A,2025-08-11 19:30:23
7216,9.729084,8.310072,12939.303711,5.00e-05,8431.96,1311.50,23061079,N/A,2025-08-11 19:30:24
7217,9.941404,8.310072,12939.303711,5.00e-05,8317.92,1427.50,23063934,N/A,2025-08-11 19:30:24
7218,11.535660,8.310072,12939.303711,5.00e-05,8410.86,1693.50,23067321,N/A,2025-08-11 19:30:25
7219,8.000217,8.310072,12939.303711,5.00e-05,8780.61,1459.50,23070240,N/A,2025-08-11 19:30:25
7220,10.102201,8.310072,12939.303711,5.00e-05,8929.10,1841.00,23073922,1.0000,2025-08-11 19:30:25
7221,6.816118,8.310072,12939.303711,5.00e-05,9098.48,1414.50,23076751,N/A,2025-08-11 19:30:26
7222,11.912122,8.310072,12939.303711,5.00e-05,9110.90,1716.50,23080184,N/A,2025-08-11 19:30:26
7223,11.613613,8.310072,12939.303711,5.00e-05,9150.27,1492.50,23083169,N/A,2025-08-11 19:30:26
7224,9.015985,8.310072,12939.303711,5.00e-05,9072.67,1898.50,23086966,N/A,2025-08-11 19:30:27
7225,10.562189,8.310072,12939.303711,5.00e-05,9158.48,1711.50,23090389,N/A,2025-08-11 19:30:27
7226,9.679020,8.310072,12939.303711,5.00e-05,9343.22,1695.50,23093780,N/A,2025-08-11 19:30:28
7227,9.744194,8.310072,12939.303711,5.00e-05,9148.44,1126.00,23096032,N/A,2025-08-11 19:30:28
7228,11.404813,8.310072,12939.303711,5.00e-05,9142.96,1693.50,23099419,N/A,2025-08-11 19:30:28
7229,11.128049,8.310072,12939.303711,5.00e-05,9365.04,1519.50,23102458,N/A,2025-08-11 19:30:29
7230,10.372437,8.310072,12939.303711,5.00e-05,9124.87,1793.00,23106044,1.0000,2025-08-11 19:30:29
7231,9.015170,8.310072,12939.303711,5.00e-05,9214.86,1538.50,23109121,N/A,2025-08-11 19:30:30
7232,9.876767,8.310072,12939.303711,5.00e-05,9090.39,1503.00,23112127,N/A,2025-08-11 19:30:30
7233,9.357771,8.310072,12939.303711,5.00e-05,8983.11,1265.50,23114658,N/A,2025-08-11 19:30:30
7234,9.471464,8.310072,12939.303711,5.00e-05,8773.85,1552.50,23117763,N/A,2025-08-11 19:30:31
7235,12.030769,8.310072,12939.303711,5.00e-05,8867.33,1825.50,23121414,N/A,2025-08-11 19:30:31
7236,14.833475,8.310072,12939.303711,5.00e-05,8880.37,1900.50,23125215,N/A,2025-08-11 19:30:32
7237,9.875854,8.310072,12939.303711,5.00e-05,9235.20,1917.50,23129050,N/A,2025-08-11 19:30:32
7238,6.473209,8.310072,12939.303711,5.00e-05,8927.27,1141.00,23131332,N/A,2025-08-11 19:30:32
7239,9.072837,8.310072,12939.303711,5.00e-05,9210.27,1689.50,23134711,N/A,2025-08-11 19:30:33
7240,16.203617,8.310072,12939.303711,5.00e-05,9148.79,2005.00,23138721,1.0000,2025-08-11 19:30:33
7241,10.247744,8.310072,12939.303711,5.00e-05,9247.97,1814.50,23142350,N/A,2025-08-11 19:30:34
7242,12.729207,8.310072,12939.303711,5.00e-05,9501.57,1976.50,23146303,N/A,2025-08-11 19:30:34
7243,9.472285,8.310072,12939.303711,5.00e-05,9725.55,1661.00,23149625,N/A,2025-08-11 19:30:34
7244,11.708738,8.310072,12939.303711,5.00e-05,9785.58,1766.50,23153158,N/A,2025-08-11 19:30:35
7245,12.254916,8.310072,12939.303711,5.00e-05,9979.79,1947.50,23157053,N/A,2025-08-11 19:30:35
7246,12.443954,8.310072,12939.303711,5.00e-05,10037.82,1903.00,23160859,N/A,2025-08-11 19:30:36
7247,8.764613,8.310072,12939.303711,5.00e-05,9768.41,1433.50,23163726,N/A,2025-08-11 19:30:36
7248,9.745543,8.310072,12939.303711,5.00e-05,10050.73,1617.50,23166961,N/A,2025-08-11 19:30:36
7249,13.929577,8.310072,12939.303711,5.00e-05,10439.39,2033.50,23171028,N/A,2025-08-11 19:30:37
7250,9.713103,8.310072,12939.303711,5.00e-05,10011.93,1639.00,23174306,1.0000,2025-08-11 19:30:37
7251,14.347501,8.310072,12939.303711,5.00e-05,10121.95,1992.00,23178290,N/A,2025-08-11 19:30:38
7252,13.497616,8.310072,12939.303711,5.00e-05,9946.63,1710.50,23181711,N/A,2025-08-11 19:30:38
7253,8.161295,8.310072,12939.303711,5.00e-05,9722.38,1151.50,23184014,N/A,2025-08-11 19:30:38
7254,8.117912,8.310072,12939.303711,5.00e-05,9489.88,1336.00,23186686,N/A,2025-08-11 19:30:39
7255,10.327310,8.310072,12939.303711,5.00e-05,9396.52,1702.00,23190090,N/A,2025-08-11 19:30:39
7256,8.059036,8.310072,12939.303711,5.00e-05,9150.36,1467.50,23193025,N/A,2025-08-11 19:30:39
7257,10.997516,8.310072,12939.303711,5.00e-05,9199.39,1581.00,23196187,N/A,2025-08-11 19:30:40
7258,5.838186,8.310072,12939.303711,5.00e-05,9034.47,1318.00,23198823,N/A,2025-08-11 19:30:40
7259,13.247471,8.310072,12939.303711,5.00e-05,9267.12,1997.50,23202818,N/A,2025-08-11 19:30:41
7260,15.058317,8.310072,12939.303711,5.00e-05,9163.36,1728.00,23206274,1.0000,2025-08-11 19:30:41
7261,11.624291,8.310072,12939.303711,5.00e-05,8976.22,1803.50,23209881,N/A,2025-08-11 19:30:41
7262,10.281472,8.310072,12939.303711,5.00e-05,8944.22,1673.50,23213228,N/A,2025-08-11 19:30:42
7263,12.499743,8.310072,12939.303711,5.00e-05,9410.01,1951.50,23217131,N/A,2025-08-11 19:30:42
7264,8.975851,8.310072,12939.303711,5.00e-05,9390.40,1297.00,23219725,N/A,2025-08-11 19:30:43
7265,8.526021,8.310072,12939.303711,5.00e-05,9274.87,1538.50,23222802,N/A,2025-08-11 19:30:43
7266,13.459670,8.310072,12939.303711,5.00e-05,9511.89,1922.50,23226647,N/A,2025-08-11 19:30:43
7267,8.529745,8.310072,12939.303711,5.00e-05,9487.99,1580.00,23229807,N/A,2025-08-11 19:30:44
7268,7.559082,8.310072,12939.303711,5.00e-05,9415.39,1200.50,23232208,N/A,2025-08-11 19:30:44
7269,10.078217,8.310072,12939.303711,5.00e-05,9442.50,1814.00,23235836,N/A,2025-08-11 19:30:45
7270,8.918008,8.310072,12939.303711,5.00e-05,9258.38,1499.00,23238834,1.0000,2025-08-11 19:30:45
7271,12.369129,8.310072,12939.303711,5.00e-05,9300.66,1920.00,23242674,N/A,2025-08-11 19:30:45
7272,12.762606,8.310072,12939.303711,5.00e-05,9419.90,1920.50,23246515,N/A,2025-08-11 19:30:46
7273,6.991242,8.310072,12939.303711,5.00e-05,8994.42,1188.00,23248891,N/A,2025-08-11 19:30:46
7274,10.966178,8.310072,12939.303711,5.00e-05,9295.73,1879.00,23252649,N/A,2025-08-11 19:30:47
7275,13.358711,8.310072,12939.303711,5.00e-05,9483.05,1761.50,23256172,N/A,2025-08-11 19:30:47
7276,10.444342,8.310072,12939.303711,5.00e-05,9422.40,1799.00,23259770,N/A,2025-08-11 19:30:47
7277,12.149087,8.310072,12939.303711,5.00e-05,9464.41,1657.00,23263084,N/A,2025-08-11 19:30:48
7278,6.936492,8.310072,12939.303711,5.00e-05,9293.24,1119.00,23265322,N/A,2025-08-11 19:30:48
7279,7.899491,8.310072,12939.303711,5.00e-05,9067.35,1156.50,23267635,N/A,2025-08-11 19:30:48
7280,12.252196,8.310072,12939.303711,5.00e-05,9131.82,1900.00,23271435,1.0000,2025-08-11 19:30:49
7281,9.873987,8.310072,12939.303711,5.00e-05,8974.08,1651.50,23274738,N/A,2025-08-11 19:30:49
7282,8.767232,8.310072,12939.303711,5.00e-05,8705.17,1438.50,23277615,N/A,2025-08-11 19:30:50
7283,12.320060,8.310072,12939.303711,5.00e-05,9095.15,1845.00,23281305,N/A,2025-08-11 19:30:50
7284,11.375174,8.310072,12939.303711,5.00e-05,8756.33,1284.00,23283873,N/A,2025-08-11 19:30:50
7285,11.953623,8.310072,12939.303711,5.00e-05,8827.48,1893.00,23287659,N/A,2025-08-11 19:30:51
7286,11.343402,8.310072,12939.303711,5.00e-05,8610.64,1405.00,23290469,N/A,2025-08-11 19:30:51
7287,9.397981,8.310072,12939.303711,5.00e-05,8751.75,1665.50,23293800,N/A,2025-08-11 19:30:52
7288,7.466761,8.310072,12939.303711,5.00e-05,8820.27,1308.50,23296417,N/A,2025-08-11 19:30:52
7289,12.060123,8.310072,12939.303711,5.00e-05,9488.89,2048.00,23300513,N/A,2025-08-11 19:30:52
7290,13.402769,8.310072,12939.303711,5.00e-05,9088.81,1676.00,23303865,1.0000,2025-08-11 19:30:53
7291,7.300704,8.310072,12939.303711,5.00e-05,8925.39,1390.50,23306646,N/A,2025-08-11 19:30:53
7292,10.757835,8.310072,12939.303711,5.00e-05,9100.95,1700.50,23310047,N/A,2025-08-11 19:30:54
7293,10.233976,8.310072,12939.303711,5.00e-05,8953.73,1571.00,23313189,N/A,2025-08-11 19:30:54
7294,9.374663,8.310072,12939.303711,5.00e-05,9264.89,1832.50,23316854,N/A,2025-08-11 19:30:54
7295,8.587150,8.310072,12939.303711,5.00e-05,8955.43,1338.00,23319530,N/A,2025-08-11 19:30:55
7296,11.018447,8.310072,12939.303711,5.00e-05,9304.46,2015.00,23323560,N/A,2025-08-11 19:30:55
7297,14.632257,8.310072,12939.303711,5.00e-05,9439.72,1852.00,23327264,N/A,2025-08-11 19:30:56
7298,11.442789,8.310072,12939.303711,5.00e-05,9549.00,1548.50,23330361,N/A,2025-08-11 19:30:56
7299,10.522639,8.310072,12939.303711,5.00e-05,9824.65,1997.50,23334356,N/A,2025-08-11 19:30:56
7300,8.480823,8.310072,12939.303711,5.00e-05,9590.09,1560.50,23337477,1.0000,2025-08-11 19:30:57
7301,11.292860,8.310072,12939.303711,5.00e-05,7843.07,1843.00,23341163,N/A,2025-08-11 19:30:58
7302,11.736835,8.310072,12939.303711,5.00e-05,7810.73,1657.50,23344478,N/A,2025-08-11 19:30:58
7303,6.713628,8.310072,12939.303711,5.00e-05,7647.05,1275.50,23347029,N/A,2025-08-11 19:30:59
7304,12.512771,8.310072,12939.303711,5.00e-05,7694.66,1939.00,23350907,N/A,2025-08-11 19:30:59
7305,10.521702,8.310072,12939.303711,5.00e-05,7708.59,1386.50,23353680,N/A,2025-08-11 19:31:00
7306,8.620967,8.310072,12939.303711,5.00e-05,7435.94,1449.50,23356579,N/A,2025-08-11 19:31:00
7307,8.173131,8.310072,12939.303711,5.00e-05,7312.65,1487.50,23359554,N/A,2025-08-11 19:31:00
7308,11.373498,8.310072,12939.303711,5.00e-05,7512.83,2048.00,23363650,N/A,2025-08-11 19:31:01
7309,6.530400,8.310072,12939.303711,5.00e-05,7173.32,1102.00,23365854,N/A,2025-08-11 19:31:01
7310,7.940298,8.310072,12939.303711,5.00e-05,8540.02,1139.00,23368132,1.0000,2025-08-11 19:31:02
7311,9.078773,8.310072,12939.303711,5.00e-05,8303.91,1399.00,23370930,N/A,2025-08-11 19:31:02
7312,8.140265,8.310072,12939.303711,5.00e-05,8342.09,1659.50,23374249,N/A,2025-08-11 19:31:02
7313,6.994815,8.310072,12939.303711,5.00e-05,8213.17,1063.50,23376376,N/A,2025-08-11 19:31:03
7314,10.416462,8.310072,12939.303711,5.00e-05,8054.69,1718.50,23379813,N/A,2025-08-11 19:31:03
7315,9.670829,8.310072,12939.303711,5.00e-05,8035.18,1315.00,23382443,N/A,2025-08-11 19:31:04
7316,9.956915,8.310072,12939.303711,5.00e-05,8071.05,1506.50,23385456,N/A,2025-08-11 19:31:04
7317,11.949550,8.310072,12939.303711,5.00e-05,8421.13,2048.00,23389552,N/A,2025-08-11 19:31:04
7318,5.274687,8.310072,12939.303711,5.00e-05,7985.44,1184.00,23391920,N/A,2025-08-11 19:31:05
7319,16.059086,8.310072,12939.303711,5.00e-05,8709.80,2048.00,23396016,N/A,2025-08-11 19:31:05
7320,6.272369,8.310072,12939.303711,5.00e-05,8617.88,1344.50,23398705,1.0000,2025-08-11 19:31:06
7321,12.455432,8.310072,12939.303711,5.00e-05,8913.17,1895.00,23402495,N/A,2025-08-11 19:31:06
7322,6.358422,8.310072,12939.303711,5.00e-05,8785.55,1453.50,23405402,N/A,2025-08-11 19:31:06
7323,10.591718,8.310072,12939.303711,5.00e-05,9130.85,1692.00,23408786,N/A,2025-08-11 19:31:07
7324,8.300058,8.310072,12939.303711,5.00e-05,8838.97,1142.50,23411071,N/A,2025-08-11 19:31:07
7325,9.739298,8.310072,12939.303711,5.00e-05,9116.32,1884.50,23414840,N/A,2025-08-11 19:31:07
7326,12.133386,8.310072,12939.303711,5.00e-05,9114.54,1661.50,23418163,N/A,2025-08-11 19:31:08
7327,7.883754,8.310072,12939.303711,5.00e-05,8688.16,1283.50,23420730,N/A,2025-08-11 19:31:08
7328,9.071926,8.310072,12939.303711,5.00e-05,9026.65,1742.50,23424215,N/A,2025-08-11 19:31:09
7329,9.748266,8.310072,12939.303711,5.00e-05,9017.61,1637.50,23427490,N/A,2025-08-11 19:31:09
7330,9.862521,8.310072,12939.303711,5.00e-05,8781.13,1326.00,23430142,1.0000,2025-08-11 19:31:10
7331,9.809218,8.310072,12939.303711,5.00e-05,8609.99,1550.50,23433243,N/A,2025-08-11 19:31:10
7332,12.164477,8.310072,12939.303711,5.00e-05,8738.88,1578.50,23436400,N/A,2025-08-11 19:31:10
7333,10.208825,8.310072,12939.303711,5.00e-05,8806.42,1820.00,23440040,N/A,2025-08-11 19:31:11
7334,7.727931,8.310072,12939.303711,5.00e-05,8886.83,1219.00,23442478,N/A,2025-08-11 19:31:11
7335,6.895387,8.310072,12939.303711,5.00e-05,8653.27,1342.50,23445163,N/A,2025-08-11 19:31:11
7336,11.186488,8.310072,12939.303711,5.00e-05,8851.39,2013.50,23449190,N/A,2025-08-11 19:31:12
7337,7.852160,8.310072,12939.303711,5.00e-05,9010.38,1646.00,23452482,N/A,2025-08-11 19:31:12
7338,11.539916,8.310072,12939.303711,5.00e-05,9139.57,2003.00,23456488,N/A,2025-08-11 19:31:13
7339,9.395644,8.310072,12939.303711,5.00e-05,9311.81,1556.00,23459600,N/A,2025-08-11 19:31:13
7340,12.921102,8.310072,12939.303711,5.00e-05,9283.61,1788.50,23463177,1.0000,2025-08-11 19:31:13
7341,10.681389,8.310072,12939.303711,5.00e-05,9472.23,1876.00,23466929,N/A,2025-08-11 19:31:14
7342,12.348995,8.310072,12939.303711,5.00e-05,9596.88,2048.00,23471025,N/A,2025-08-11 19:31:14
7343,11.639788,8.310072,12939.303711,5.00e-05,9343.81,1608.00,23474241,N/A,2025-08-11 19:31:15
7344,12.626045,8.310072,12939.303711,5.00e-05,9444.00,1380.00,23477001,N/A,2025-08-11 19:31:15
7345,11.001953,8.310072,12939.303711,5.00e-05,9568.25,1810.50,23480622,N/A,2025-08-11 19:31:15
7346,8.865689,8.310072,12939.303711,5.00e-05,9328.55,1467.00,23483556,N/A,2025-08-11 19:31:16
7347,8.250549,8.310072,12939.303711,5.00e-05,8997.48,1095.00,23485746,N/A,2025-08-11 19:31:16
7348,7.958182,8.310072,12939.303711,5.00e-05,8965.66,1910.50,23489567,N/A,2025-08-11 19:31:17
7349,5.955587,8.310072,12939.303711,5.00e-05,8964.49,1059.50,23491686,N/A,2025-08-11 19:31:17
7350,11.737096,8.310072,12939.303711,5.00e-05,8663.47,1534.00,23494754,1.0000,2025-08-11 19:31:17
7351,6.986075,8.310072,12939.303711,5.00e-05,8359.18,1143.00,23497040,N/A,2025-08-11 19:31:18
7352,9.606116,8.310072,12939.303711,5.00e-05,8228.13,1604.50,23500249,N/A,2025-08-11 19:31:18
7353,9.191922,8.310072,12939.303711,5.00e-05,8104.51,1407.00,23503063,N/A,2025-08-11 19:31:19
7354,10.076799,8.310072,12939.303711,5.00e-05,8314.48,1531.50,23506126,N/A,2025-08-11 19:31:19
7355,10.404300,8.310072,12939.303711,5.00e-05,8235.23,1670.00,23509466,N/A,2025-08-11 19:31:19
7356,7.375417,8.310072,12939.303711,5.00e-05,8215.72,1357.50,23512181,N/A,2025-08-11 19:31:20
7357,6.354164,8.310072,12939.303711,5.00e-05,8359.05,1363.50,23514908,N/A,2025-08-11 19:31:20
7358,8.958365,8.310072,12939.303711,5.00e-05,8120.18,1485.50,23517879,N/A,2025-08-11 19:31:21
7359,11.600928,8.310072,12939.303711,5.00e-05,8786.31,1943.00,23521765,N/A,2025-08-11 19:31:21
7360,13.204029,8.310072,12939.303711,5.00e-05,8642.53,1704.50,23525174,1.0000,2025-08-11 19:31:21
7361,6.251760,8.310072,12939.303711,5.00e-05,8581.48,1171.50,23527517,N/A,2025-08-11 19:31:22
7362,9.754660,8.310072,12939.303711,5.00e-05,8736.83,1851.00,23531219,N/A,2025-08-11 19:31:22
7363,10.164250,8.310072,12939.303711,5.00e-05,8738.51,1424.00,23534067,N/A,2025-08-11 19:31:23
7364,9.118441,8.310072,12939.303711,5.00e-05,8777.37,1649.50,23537366,N/A,2025-08-11 19:31:23
7365,12.026619,8.310072,12939.303711,5.00e-05,8931.42,1932.00,23541230,N/A,2025-08-11 19:31:23
7366,8.719571,8.310072,12939.303711,5.00e-05,8929.24,1341.00,23543912,N/A,2025-08-11 19:31:24
7367,10.279710,8.310072,12939.303711,5.00e-05,9038.98,1585.00,23547082,N/A,2025-08-11 19:31:24
7368,9.220420,8.310072,12939.303711,5.00e-05,9123.73,1617.50,23550317,N/A,2025-08-11 19:31:24
7369,9.169633,8.310072,12939.303711,5.00e-05,9151.68,1532.00,23553381,N/A,2025-08-11 19:31:25
7370,7.597427,8.310072,12939.303711,5.00e-05,8754.71,1279.50,23555940,1.0000,2025-08-11 19:31:25
7371,7.789617,8.310072,12939.303711,5.00e-05,8910.87,1486.00,23558912,N/A,2025-08-11 19:31:26
7372,10.422935,8.310072,12939.303711,5.00e-05,8573.28,1223.50,23561359,N/A,2025-08-11 19:31:26
7373,9.803223,8.310072,12939.303711,5.00e-05,8854.75,1863.00,23565085,N/A,2025-08-11 19:31:26
7374,12.101309,8.310072,12939.303711,5.00e-05,9018.49,1933.00,23568951,N/A,2025-08-11 19:31:27
7375,12.884554,8.310072,12939.303711,5.00e-05,9041.10,1950.00,23572851,N/A,2025-08-11 19:31:27
7376,9.069008,8.310072,12939.303711,5.00e-05,9174.65,1549.50,23575950,N/A,2025-08-11 19:31:28
7377,9.599174,8.310072,12939.303711,5.00e-05,9015.72,1350.50,23578651,N/A,2025-08-11 19:31:28
7378,10.763521,8.310072,12939.303711,5.00e-05,9206.16,1935.50,23582522,N/A,2025-08-11 19:31:28
7379,9.104220,8.310072,12939.303711,5.00e-05,9537.29,1726.00,23585974,N/A,2025-08-11 19:31:29
7380,9.317987,8.310072,12939.303711,5.00e-05,9645.44,1797.00,23589568,1.0000,2025-08-11 19:31:29
7381,11.859264,8.310072,12939.303711,5.00e-05,9917.99,1991.50,23593551,N/A,2025-08-11 19:31:30
7382,10.055479,8.310072,12939.303711,5.00e-05,10031.79,1412.00,23596375,N/A,2025-08-11 19:31:30
7383,10.811795,8.310072,12939.303711,5.00e-05,9969.44,1801.00,23599977,N/A,2025-08-11 19:31:30
7384,12.095299,8.310072,12939.303711,5.00e-05,9904.12,1966.50,23603910,N/A,2025-08-11 19:31:31
7385,14.379961,8.310072,12939.303711,5.00e-05,9774.10,1883.50,23607677,N/A,2025-08-11 19:31:31
7386,12.627618,8.310072,12939.303711,5.00e-05,9779.75,1529.00,23610735,N/A,2025-08-11 19:31:32
7387,10.382645,8.310072,12939.303711,5.00e-05,9891.67,1543.00,23613821,N/A,2025-08-11 19:31:32
7388,9.375729,8.310072,12939.303711,5.00e-05,9741.18,1612.00,23617045,N/A,2025-08-11 19:31:32
7389,10.999002,8.310072,12939.303711,5.00e-05,9863.86,1593.00,23620231,N/A,2025-08-11 19:31:33
7390,8.436378,8.310072,12939.303711,5.00e-05,9370.32,1271.50,23622774,1.0000,2025-08-11 19:31:33
7391,9.351424,8.310072,12939.303711,5.00e-05,9224.82,1761.50,23626297,N/A,2025-08-11 19:31:33
7392,11.107567,8.310072,12939.303711,5.00e-05,9397.28,1711.50,23629720,N/A,2025-08-11 19:31:34
7393,8.275053,8.310072,12939.303711,5.00e-05,9215.61,1365.50,23632451,N/A,2025-08-11 19:31:34
7394,5.547368,8.310072,12939.303711,5.00e-05,8804.13,1101.00,23634653,N/A,2025-08-11 19:31:35
7395,8.697219,8.310072,12939.303711,5.00e-05,8495.11,1452.50,23637558,N/A,2025-08-11 19:31:35
7396,12.249609,8.310072,12939.303711,5.00e-05,8707.06,1915.00,23641388,N/A,2025-08-11 19:31:35
7397,8.338139,8.310072,12939.303711,5.00e-05,8611.77,1586.00,23644560,N/A,2025-08-11 19:31:36
7398,9.588393,8.310072,12939.303711,5.00e-05,8553.36,1591.50,23647743,N/A,2025-08-11 19:31:36
7399,9.122900,8.310072,12939.303711,5.00e-05,8701.29,1622.50,23650988,N/A,2025-08-11 19:31:37
7400,9.997858,8.310072,12939.303711,5.00e-05,8719.84,1568.50,23654125,1.0000,2025-08-11 19:31:37
7401,9.805529,8.310072,12939.303711,5.00e-05,7089.75,1601.00,23657327,N/A,2025-08-11 19:31:38
7402,6.866583,8.310072,12939.303711,5.00e-05,6896.75,1283.50,23659894,N/A,2025-08-11 19:31:39
7403,9.319649,8.310072,12939.303711,5.00e-05,6947.94,1517.00,23662928,N/A,2025-08-11 19:31:39
7404,14.536073,8.310072,12939.303711,5.00e-05,7390.20,1972.00,23666872,N/A,2025-08-11 19:31:39
7405,9.110546,8.310072,12939.303711,5.00e-05,7583.64,1872.50,23670617,N/A,2025-08-11 19:31:40
7406,14.103098,8.310072,12939.303711,5.00e-05,7686.94,1945.00,23674507,N/A,2025-08-11 19:31:40
7407,7.686369,8.310072,12939.303711,5.00e-05,7548.31,1199.00,23676905,N/A,2025-08-11 19:31:41
7408,10.244294,8.310072,12939.303711,5.00e-05,7605.54,1714.50,23680334,N/A,2025-08-11 19:31:41
7409,9.582977,8.310072,12939.303711,5.00e-05,7688.87,1568.00,23683470,N/A,2025-08-11 19:31:41
7410,10.987141,8.310072,12939.303711,5.00e-05,9444.50,1876.50,23687223,1.0000,2025-08-11 19:31:42
7411,9.623926,8.310072,12939.303711,5.00e-05,9342.01,1415.50,23690054,N/A,2025-08-11 19:31:42
7412,7.477498,8.310072,12939.303711,5.00e-05,9382.79,1304.50,23692663,N/A,2025-08-11 19:31:42
7413,10.414304,8.310072,12939.303711,5.00e-05,9426.42,1711.00,23696085,N/A,2025-08-11 19:31:43
7414,10.244156,8.310072,12939.303711,5.00e-05,9305.33,1745.50,23699576,N/A,2025-08-11 19:31:43
7415,8.626164,8.310072,12939.303711,5.00e-05,9119.21,1548.00,23702672,N/A,2025-08-11 19:31:44
7416,8.598166,8.310072,12939.303711,5.00e-05,8728.00,1470.50,23705613,N/A,2025-08-11 19:31:44
7417,7.526503,8.310072,12939.303711,5.00e-05,8717.87,1092.50,23707798,N/A,2025-08-11 19:31:44
7418,14.823345,8.310072,12939.303711,5.00e-05,8743.89,1755.00,23711308,N/A,2025-08-11 19:31:45
7419,9.679526,8.310072,12939.303711,5.00e-05,8803.02,1384.00,23714076,N/A,2025-08-11 19:31:45
7420,8.709316,8.310072,12939.303711,5.00e-05,8346.15,1344.50,23716765,1.0000,2025-08-11 19:31:46
7421,6.529400,8.310072,12939.303711,5.00e-05,8144.38,1065.50,23718896,N/A,2025-08-11 19:31:46
7422,10.072231,8.310072,12939.303711,5.00e-05,8426.36,1727.50,23722351,N/A,2025-08-11 19:31:46
7423,9.216760,8.310072,12939.303711,5.00e-05,8468.60,1790.00,23725931,N/A,2025-08-11 19:31:47
7424,8.503997,8.310072,12939.303711,5.00e-05,8248.21,1390.00,23728711,N/A,2025-08-11 19:31:47
7425,9.802626,8.310072,12939.303711,5.00e-05,8451.38,1718.50,23732148,N/A,2025-08-11 19:31:48
7426,10.220909,8.310072,12939.303711,5.00e-05,8496.03,1575.00,23735298,N/A,2025-08-11 19:31:48
7427,7.826792,8.310072,12939.303711,5.00e-05,8532.14,1151.00,23737600,N/A,2025-08-11 19:31:48
7428,10.450883,8.310072,12939.303711,5.00e-05,8524.43,1736.50,23741073,N/A,2025-08-11 19:31:49
7429,9.991983,8.310072,12939.303711,5.00e-05,8938.67,1844.00,23744761,N/A,2025-08-11 19:31:49
7430,7.422760,8.310072,12939.303711,5.00e-05,8728.90,1280.00,23747321,1.0000,2025-08-11 19:31:50
7431,12.272113,8.310072,12939.303711,5.00e-05,9315.41,2048.00,23751417,N/A,2025-08-11 19:31:50
7432,6.818337,8.310072,12939.303711,5.00e-05,9025.61,1236.50,23753890,N/A,2025-08-11 19:31:50
7433,12.581731,8.310072,12939.303711,5.00e-05,9169.86,2030.00,23757950,N/A,2025-08-11 19:31:51
7434,7.169425,8.310072,12939.303711,5.00e-05,8955.44,1073.50,23760097,N/A,2025-08-11 19:31:51
7435,8.278989,8.310072,12939.303711,5.00e-05,8783.06,1401.50,23762900,N/A,2025-08-11 19:31:51
7436,13.252326,8.310072,12939.303711,5.00e-05,8883.95,1811.00,23766522,N/A,2025-08-11 19:31:52
7437,7.396061,8.310072,12939.303711,5.00e-05,8807.67,1036.00,23768594,N/A,2025-08-11 19:31:52
7438,12.090292,8.310072,12939.303711,5.00e-05,8939.11,1984.00,23772562,N/A,2025-08-11 19:31:53
7439,10.604889,8.310072,12939.303711,5.00e-05,8891.21,1494.50,23775551,N/A,2025-08-11 19:31:53
7440,7.866601,8.310072,12939.303711,5.00e-05,8541.86,1060.00,23777671,1.0000,2025-08-11 19:31:53
7441,9.902598,8.310072,12939.303711,5.00e-05,8422.59,1812.00,23781295,N/A,2025-08-11 19:31:54
7442,8.890407,8.310072,12939.303711,5.00e-05,8455.36,1381.50,23784058,N/A,2025-08-11 19:31:54
7443,8.529837,8.310072,12939.303711,5.00e-05,8137.97,1429.00,23786916,N/A,2025-08-11 19:31:55
7444,7.681359,8.310072,12939.303711,5.00e-05,8330.29,1456.00,23789828,N/A,2025-08-11 19:31:55
7445,7.914019,8.310072,12939.303711,5.00e-05,8475.10,1587.50,23793003,N/A,2025-08-11 19:31:55
7446,8.885864,8.310072,12939.303711,5.00e-05,8292.55,1470.50,23795944,N/A,2025-08-11 19:31:56
7447,9.204636,8.310072,12939.303711,5.00e-05,8584.52,1586.50,23799117,N/A,2025-08-11 19:31:56
7448,8.393830,8.310072,12939.303711,5.00e-05,8294.66,1443.00,23802003,N/A,2025-08-11 19:31:57
7449,11.906660,8.310072,12939.303711,5.00e-05,8701.25,1853.00,23805709,N/A,2025-08-11 19:31:57
7450,9.991462,8.310072,12939.303711,5.00e-05,8774.30,1518.50,23808746,1.0000,2025-08-11 19:31:57
7451,9.649323,8.310072,12939.303711,5.00e-05,8781.28,1756.50,23812259,N/A,2025-08-11 19:31:58
7452,13.164189,8.310072,12939.303711,5.00e-05,8858.18,1711.00,23815681,N/A,2025-08-11 19:31:58
7453,12.561444,8.310072,12939.303711,5.00e-05,9160.58,1911.50,23819504,N/A,2025-08-11 19:31:59
7454,7.627011,8.310072,12939.303711,5.00e-05,9010.30,1197.00,23821898,N/A,2025-08-11 19:31:59
7455,5.849464,8.310072,12939.303711,5.00e-05,8680.67,1029.00,23823956,N/A,2025-08-11 19:31:59
7456,10.523262,8.310072,12939.303711,5.00e-05,8983.45,1985.50,23827927,N/A,2025-08-11 19:32:00
7457,8.568543,8.310072,12939.303711,5.00e-05,8883.28,1392.00,23830711,N/A,2025-08-11 19:32:00
7458,13.322709,8.310072,12939.303711,5.00e-05,9140.24,1899.50,23834510,N/A,2025-08-11 19:32:00
7459,11.058158,8.310072,12939.303711,5.00e-05,9414.85,2010.00,23838530,N/A,2025-08-11 19:32:01
7460,11.756018,8.310072,12939.303711,5.00e-05,9474.55,1856.50,23842243,1.0000,2025-08-11 19:32:01
7461,15.534513,8.310072,12939.303711,5.00e-05,9739.88,1961.00,23846165,N/A,2025-08-11 19:32:02
7462,6.763508,8.310072,12939.303711,5.00e-05,9425.60,1170.50,23848506,N/A,2025-08-11 19:32:02
7463,10.341492,8.310072,12939.303711,5.00e-05,9246.77,1610.00,23851726,N/A,2025-08-11 19:32:02
7464,6.406126,8.310072,12939.303711,5.00e-05,9219.01,1184.50,23854095,N/A,2025-08-11 19:32:03
7465,9.369085,8.310072,12939.303711,5.00e-05,9680.68,1801.00,23857697,N/A,2025-08-11 19:32:03
7466,9.471062,8.310072,12939.303711,5.00e-05,9290.83,1374.00,23860445,N/A,2025-08-11 19:32:04
7467,7.908437,8.310072,12939.303711,5.00e-05,9132.13,1178.00,23862801,N/A,2025-08-11 19:32:04
7468,9.852691,8.310072,12939.303711,5.00e-05,8796.22,1312.00,23865425,N/A,2025-08-11 19:32:04
7469,7.729636,8.310072,12939.303711,5.00e-05,8561.71,1370.00,23868165,N/A,2025-08-11 19:32:05
7470,8.187633,8.310072,12939.303711,5.00e-05,8169.96,1479.00,23871123,1.0000,2025-08-11 19:32:05
7471,8.783192,8.310072,12939.303711,5.00e-05,8084.87,1823.50,23874770,N/A,2025-08-11 19:32:06
7472,10.132655,8.310072,12939.303711,5.00e-05,8396.19,1711.50,23878193,N/A,2025-08-11 19:32:06
7473,5.982220,8.310072,12939.303711,5.00e-05,8166.56,1153.00,23880499,N/A,2025-08-11 19:32:06
7474,9.598460,8.310072,12939.303711,5.00e-05,8387.21,1565.00,23883629,N/A,2025-08-11 19:32:07
7475,11.381403,8.310072,12939.303711,5.00e-05,8353.93,1677.50,23886984,N/A,2025-08-11 19:32:07
7476,7.248646,8.310072,12939.303711,5.00e-05,8384.72,1384.50,23889753,N/A,2025-08-11 19:32:07
7477,10.878396,8.310072,12939.303711,5.00e-05,8658.14,1765.00,23893283,N/A,2025-08-11 19:32:08
7478,9.680947,8.310072,12939.303711,5.00e-05,8975.32,1845.00,23896973,N/A,2025-08-11 19:32:08
7479,6.470685,8.310072,12939.303711,5.00e-05,9150.25,1387.50,23899748,N/A,2025-08-11 19:32:09
7480,9.776925,8.310072,12939.303711,5.00e-05,8981.43,1455.00,23902658,1.0000,2025-08-11 19:32:09
7481,10.986309,8.310072,12939.303711,5.00e-05,9071.06,2009.50,23906677,N/A,2025-08-11 19:32:09
7482,11.570631,8.310072,12939.303711,5.00e-05,9122.64,1793.00,23910263,N/A,2025-08-11 19:32:10
7483,10.915446,8.310072,12939.303711,5.00e-05,9416.37,1690.50,23913644,N/A,2025-08-11 19:32:10
7484,6.936214,8.310072,12939.303711,5.00e-05,9186.61,1196.50,23916037,N/A,2025-08-11 19:32:11
7485,8.023681,8.310072,12939.303711,5.00e-05,9025.44,1381.50,23918800,N/A,2025-08-11 19:32:11
7486,8.364237,8.310072,12939.303711,5.00e-05,9147.42,1591.50,23921983,N/A,2025-08-11 19:32:11
7487,11.852214,8.310072,12939.303711,5.00e-05,9133.72,1739.00,23925461,N/A,2025-08-11 19:32:12
7488,7.992764,8.310072,12939.303711,5.00e-05,8973.07,1521.00,23928503,N/A,2025-08-11 19:32:12
7489,11.284839,8.310072,12939.303711,5.00e-05,9393.32,1934.00,23932371,N/A,2025-08-11 19:32:13
7490,7.334456,8.310072,12939.303711,5.00e-05,9003.00,1197.00,23934765,1.0000,2025-08-11 19:32:13
7491,10.152368,8.310072,12939.303711,5.00e-05,8917.82,1865.50,23938496,N/A,2025-08-11 19:32:13
7492,9.340805,8.310072,12939.303711,5.00e-05,8849.08,1651.00,23941798,N/A,2025-08-11 19:32:14
7493,12.390837,8.310072,12939.303711,5.00e-05,8935.11,1809.00,23945416,N/A,2025-08-11 19:32:14
7494,12.924557,8.310072,12939.303711,5.00e-05,9255.76,1752.00,23948920,N/A,2025-08-11 19:32:15
7495,8.613551,8.310072,12939.303711,5.00e-05,9426.30,1565.50,23952051,N/A,2025-08-11 19:32:15
7496,12.720557,8.310072,12939.303711,5.00e-05,9569.86,1870.50,23955792,N/A,2025-08-11 19:32:15
7497,8.675563,8.310072,12939.303711,5.00e-05,9407.57,1461.00,23958714,N/A,2025-08-11 19:32:16
7498,13.139401,8.310072,12939.303711,5.00e-05,9689.88,1924.00,23962562,N/A,2025-08-11 19:32:16
7499,7.032979,8.310072,12939.303711,5.00e-05,9741.23,1648.50,23965859,N/A,2025-08-11 19:32:16
7500,6.968560,8.310072,12939.303711,5.00e-05,9521.19,1173.00,23968205,1.0000,2025-08-11 19:32:17
7501,8.093277,8.310072,12939.303711,5.00e-05,7389.18,1285.00,23970775,N/A,2025-08-11 19:32:18
7502,9.184176,8.310072,12939.303711,5.00e-05,7355.16,1625.00,23974025,N/A,2025-08-11 19:32:19
7503,9.150418,8.310072,12939.303711,5.00e-05,7165.56,1473.50,23976972,N/A,2025-08-11 19:32:19
7504,9.269470,8.310072,12939.303711,5.00e-05,6964.57,1440.00,23979852,N/A,2025-08-11 19:32:19
7505,8.682821,8.310072,12939.303711,5.00e-05,7009.01,1646.50,23983145,N/A,2025-08-11 19:32:20
7506,8.977898,8.310072,12939.303711,5.00e-05,6965.20,1775.50,23986696,N/A,2025-08-11 19:32:20
7507,8.101284,8.310072,12939.303711,5.00e-05,6880.74,1297.00,23989290,N/A,2025-08-11 19:32:21
7508,10.599070,8.310072,12939.303711,5.00e-05,6873.51,1846.00,23992982,N/A,2025-08-11 19:32:21
7509,10.457553,8.310072,12939.303711,5.00e-05,6905.46,1629.50,23996241,N/A,2025-08-11 19:32:21
7510,6.680671,8.310072,12939.303711,5.00e-05,8570.20,1494.50,23999230,1.0000,2025-08-11 19:32:22
7511,9.465137,8.310072,12939.303711,5.00e-05,8893.03,1834.00,24002898,N/A,2025-08-11 19:32:22
7512,7.166813,8.310072,12939.303711,5.00e-05,8739.91,1358.50,24005615,N/A,2025-08-11 19:32:23
7513,10.348701,8.310072,12939.303711,5.00e-05,8950.17,1731.00,24009077,N/A,2025-08-11 19:32:23
7514,7.033313,8.310072,12939.303711,5.00e-05,8881.44,1311.50,24011700,N/A,2025-08-11 19:32:23
7515,6.039448,8.310072,12939.303711,5.00e-05,8561.39,1172.50,24014045,N/A,2025-08-11 19:32:24
7516,9.396116,8.310072,12939.303711,5.00e-05,8452.14,1547.00,24017139,N/A,2025-08-11 19:32:24
7517,10.473373,8.310072,12939.303711,5.00e-05,8704.04,1745.50,24020630,N/A,2025-08-11 19:32:25
7518,10.775595,8.310072,12939.303711,5.00e-05,8916.03,2000.00,24024630,N/A,2025-08-11 19:32:25
7519,10.739836,8.310072,12939.303711,5.00e-05,9158.72,1722.00,24028074,N/A,2025-08-11 19:32:25
7520,8.135788,8.310072,12939.303711,5.00e-05,9136.28,1726.50,24031527,1.0000,2025-08-11 19:32:26
7521,10.941365,8.310072,12939.303711,5.00e-05,9239.53,1887.00,24035301,N/A,2025-08-11 19:32:26
7522,9.867738,8.310072,12939.303711,5.00e-05,9590.74,1916.00,24039133,N/A,2025-08-11 19:32:26
7523,9.792736,8.310072,12939.303711,5.00e-05,9348.51,1321.50,24041776,N/A,2025-08-11 19:32:27
7524,7.956625,8.310072,12939.303711,5.00e-05,9498.98,1453.00,24044682,N/A,2025-08-11 19:32:27
7525,6.628383,8.310072,12939.303711,5.00e-05,9451.51,1095.00,24046872,N/A,2025-08-11 19:32:28
7526,11.660190,8.310072,12939.303711,5.00e-05,9610.21,1864.50,24050601,N/A,2025-08-11 19:32:28
7527,16.019970,8.310072,12939.303711,5.00e-05,9750.72,2048.00,24054697,N/A,2025-08-11 19:32:28
7528,5.555680,8.310072,12939.303711,5.00e-05,9213.46,1058.00,24056813,N/A,2025-08-11 19:32:29
7529,9.058807,8.310072,12939.303711,5.00e-05,9348.69,1698.00,24060209,N/A,2025-08-11 19:32:29
7530,10.527829,8.310072,12939.303711,5.00e-05,9305.73,2008.00,24064225,1.0000,2025-08-11 19:32:30
7531,9.181675,8.310072,12939.303711,5.00e-05,9017.50,1371.50,24066968,N/A,2025-08-11 19:32:30
7532,7.356569,8.310072,12939.303711,5.00e-05,8714.43,1377.00,24069722,N/A,2025-08-11 19:32:30
7533,9.436258,8.310072,12939.303711,5.00e-05,8781.28,1439.50,24072601,N/A,2025-08-11 19:32:31
7534,11.856216,8.310072,12939.303711,5.00e-05,9044.18,1921.50,24076444,N/A,2025-08-11 19:32:31
7535,12.474148,8.310072,12939.303711,5.00e-05,9503.25,1853.00,24080150,N/A,2025-08-11 19:32:32
7536,7.661570,8.310072,12939.303711,5.00e-05,9192.64,1361.50,24082873,N/A,2025-08-11 19:32:32
7537,6.921265,8.310072,12939.303711,5.00e-05,8640.60,1060.50,24084994,N/A,2025-08-11 19:32:32
7538,10.918127,8.310072,12939.303711,5.00e-05,9038.95,1735.50,24088465,N/A,2025-08-11 19:32:33
7539,9.412223,8.310072,12939.303711,5.00e-05,9106.80,1514.50,24091494,N/A,2025-08-11 19:32:33
7540,6.255137,8.310072,12939.303711,5.00e-05,8339.59,1054.50,24093603,1.0000,2025-08-11 19:32:34
7541,11.547421,8.310072,12939.303711,5.00e-05,8633.27,2028.50,24097660,N/A,2025-08-11 19:32:34
7542,10.431419,8.310072,12939.303711,5.00e-05,8763.22,1704.00,24101068,N/A,2025-08-11 19:32:34
7543,8.269611,8.310072,12939.303711,5.00e-05,8844.06,1565.50,24104199,N/A,2025-08-11 19:32:35
7544,5.780859,8.310072,12939.303711,5.00e-05,8339.15,1074.50,24106348,N/A,2025-08-11 19:32:35
7545,7.928850,8.310072,12939.303711,5.00e-05,8041.48,1350.50,24109049,N/A,2025-08-11 19:32:35
7546,11.277299,8.310072,12939.303711,5.00e-05,8125.30,1677.50,24112404,N/A,2025-08-11 19:32:36
7547,7.367037,8.310072,12939.303711,5.00e-05,8159.22,1303.50,24115011,N/A,2025-08-11 19:32:36
7548,10.742120,8.310072,12939.303711,5.00e-05,8198.39,1817.00,24118645,N/A,2025-08-11 19:32:37
7549,11.161689,8.310072,12939.303711,5.00e-05,8630.79,1953.50,24122552,N/A,2025-08-11 19:32:37
7550,7.134429,8.310072,12939.303711,5.00e-05,8513.46,1056.00,24124664,1.0000,2025-08-11 19:32:38
7551,7.808650,8.310072,12939.303711,5.00e-05,8235.03,1495.00,24127654,N/A,2025-08-11 19:32:38
7552,7.143692,8.310072,12939.303711,5.00e-05,7989.07,1267.00,24130188,N/A,2025-08-11 19:32:38
7553,8.123571,8.310072,12939.303711,5.00e-05,7758.30,1090.50,24132369,N/A,2025-08-11 19:32:39
7554,10.936707,8.310072,12939.303711,5.00e-05,8327.18,1985.00,24136339,N/A,2025-08-11 19:32:39
7555,8.851274,8.310072,12939.303711,5.00e-05,8400.26,1334.50,24139008,N/A,2025-08-11 19:32:39
7556,11.172019,8.310072,12939.303711,5.00e-05,8538.63,1702.50,24142413,N/A,2025-08-11 19:32:40
7557,6.337606,8.310072,12939.303711,5.00e-05,8441.63,1168.50,24144750,N/A,2025-08-11 19:32:40
7558,9.725271,8.310072,12939.303711,5.00e-05,8157.62,1401.00,24147552,N/A,2025-08-11 19:32:41
7559,8.463635,8.310072,12939.303711,5.00e-05,8201.82,1683.50,24150919,N/A,2025-08-11 19:32:41
7560,7.627732,8.310072,12939.303711,5.00e-05,8105.77,1164.50,24153248,1.0000,2025-08-11 19:32:41
7561,9.688347,8.310072,12939.303711,5.00e-05,8108.81,1491.00,24156230,N/A,2025-08-11 19:32:42
7562,9.205037,8.310072,12939.303711,5.00e-05,8361.29,1714.50,24159659,N/A,2025-08-11 19:32:42
7563,5.733521,8.310072,12939.303711,5.00e-05,8465.01,1294.00,24162247,N/A,2025-08-11 19:32:43
7564,12.234285,8.310072,12939.303711,5.00e-05,8340.99,1772.50,24165792,N/A,2025-08-11 19:32:43
7565,11.217188,8.310072,12939.303711,5.00e-05,8467.82,1565.50,24168923,N/A,2025-08-11 19:32:43
7566,9.054172,8.310072,12939.303711,5.00e-05,8434.18,1555.50,24172034,N/A,2025-08-11 19:32:44
7567,6.057906,8.310072,12939.303711,5.00e-05,8461.65,1111.00,24174256,N/A,2025-08-11 19:32:44
7568,11.378759,8.310072,12939.303711,5.00e-05,8708.36,1836.50,24177929,N/A,2025-08-11 19:32:45
7569,11.157786,8.310072,12939.303711,5.00e-05,8992.33,1826.00,24181581,N/A,2025-08-11 19:32:45
7570,7.111247,8.310072,12939.303711,5.00e-05,8728.34,1090.50,24183762,1.0000,2025-08-11 19:32:45
7571,7.456604,8.310072,12939.303711,5.00e-05,8568.92,1200.50,24186163,N/A,2025-08-11 19:32:46
7572,12.334114,8.310072,12939.303711,5.00e-05,8667.45,1991.00,24190145,N/A,2025-08-11 19:32:46
7573,5.822581,8.310072,12939.303711,5.00e-05,8601.11,1214.00,24192573,N/A,2025-08-11 19:32:47
7574,9.618033,8.310072,12939.303711,5.00e-05,7242.16,1690.00,24195953,N/A,2025-08-11 19:32:48
7575,8.644464,8.310072,12939.303711,5.00e-05,7109.67,1370.50,24198694,N/A,2025-08-11 19:32:48
7576,8.221022,8.310072,12939.303711,5.00e-05,6929.32,1267.50,24201229,N/A,2025-08-11 19:32:48
7577,8.254745,8.310072,12939.303711,5.00e-05,7067.83,1448.00,24204125,N/A,2025-08-11 19:32:49
7578,9.272508,8.310072,12939.303711,5.00e-05,7006.16,1723.50,24207572,N/A,2025-08-11 19:32:49
7579,14.707769,8.310072,12939.303711,5.00e-05,7137.54,1916.00,24211404,N/A,2025-08-11 19:32:50
7580,11.363551,8.310072,12939.303711,5.00e-05,7254.36,1907.50,24215219,1.0000,2025-08-11 19:32:50
7581,5.007576,8.310072,12939.303711,5.00e-05,7201.93,1079.00,24217377,N/A,2025-08-11 19:32:50
7582,13.679812,8.310072,12939.303711,5.00e-05,7107.77,1828.00,24221033,N/A,2025-08-11 19:32:51
7583,10.012398,8.310072,12939.303711,5.00e-05,8440.61,1721.00,24224475,N/A,2025-08-11 19:32:51
7584,13.104318,8.310072,12939.303711,5.00e-05,8503.94,1841.00,24228157,N/A,2025-08-11 19:32:52
7585,8.336061,8.310072,12939.303711,5.00e-05,8290.91,1188.50,24230534,N/A,2025-08-11 19:32:52
7586,10.686004,8.310072,12939.303711,5.00e-05,8356.27,1600.00,24233734,N/A,2025-08-11 19:32:53
7587,15.104788,8.310072,12939.303711,5.00e-05,8457.94,1960.00,24237654,N/A,2025-08-11 19:32:53
7588,9.161364,8.310072,12939.303711,5.00e-05,5997.87,1602.50,24240859,N/A,2025-08-11 19:32:55
7589,13.481265,8.310072,12939.303711,5.00e-05,6165.68,2015.00,24244889,N/A,2025-08-11 19:32:56
7590,7.491094,8.310072,12939.303711,5.00e-05,5849.63,1162.00,24247213,1.0000,2025-08-11 19:32:56
7591,10.215288,8.310072,12939.303711,5.00e-05,5941.54,1409.00,24250031,N/A,2025-08-11 19:32:56
7592,10.630939,8.310072,12939.303711,5.00e-05,6016.86,1822.00,24253675,N/A,2025-08-11 19:32:57
7593,7.323429,8.310072,12939.303711,5.00e-05,5926.21,1403.00,24256481,N/A,2025-08-11 19:32:57
7594,11.511143,8.310072,12939.303711,5.00e-05,5939.72,1653.50,24259788,N/A,2025-08-11 19:32:58
7595,8.036477,8.310072,12939.303711,5.00e-05,6021.39,1238.00,24262264,N/A,2025-08-11 19:32:58
7596,10.600579,8.310072,12939.303711,5.00e-05,6008.22,1330.50,24264925,N/A,2025-08-11 19:32:58
7597,10.828272,8.310072,12939.303711,5.00e-05,8520.37,1592.00,24268109,N/A,2025-08-11 19:32:59
7598,10.333983,8.310072,12939.303711,5.00e-05,8676.80,1723.50,24271556,N/A,2025-08-11 19:32:59
7599,8.505947,8.310072,12939.303711,5.00e-05,8530.67,1488.50,24274533,N/A,2025-08-11 19:32:59
7600,10.694407,8.310072,12939.303711,5.00e-05,8689.63,1669.50,24277872,1.0000,2025-08-11 19:33:00
7601,10.486269,8.310072,12939.303711,5.00e-05,7327.99,1738.50,24281349,N/A,2025-08-11 19:33:01
7602,7.667029,8.310072,12939.303711,5.00e-05,7106.64,1330.50,24284010,N/A,2025-08-11 19:33:01
7603,8.860513,8.310072,12939.303711,5.00e-05,7200.29,1635.00,24287280,N/A,2025-08-11 19:33:02
7604,7.615371,8.310072,12939.303711,5.00e-05,7192.73,1617.50,24290515,N/A,2025-08-11 19:33:02
7605,8.323638,8.310072,12939.303711,5.00e-05,7230.69,1304.00,24293123,N/A,2025-08-11 19:33:03
7606,13.231323,8.310072,12939.303711,5.00e-05,7536.06,2048.00,24297219,N/A,2025-08-11 19:33:03
7607,8.359053,8.310072,12939.303711,5.00e-05,7421.20,1340.50,24299900,N/A,2025-08-11 19:33:03
7608,9.494368,8.310072,12939.303711,5.00e-05,7387.15,1676.50,24303253,N/A,2025-08-11 19:33:04
7609,8.903503,8.310072,12939.303711,5.00e-05,7573.06,1498.00,24306249,N/A,2025-08-11 19:33:04
7610,6.700350,8.310072,12939.303711,5.00e-05,8719.34,1109.00,24308467,1.0000,2025-08-11 19:33:05
7611,6.343441,8.310072,12939.303711,5.00e-05,8324.99,1029.00,24310525,N/A,2025-08-11 19:33:05
7612,13.772799,8.310072,12939.303711,5.00e-05,8729.78,1983.00,24314491,N/A,2025-08-11 19:33:05
7613,10.960295,8.310072,12939.303711,5.00e-05,8760.42,1780.50,24318052,N/A,2025-08-11 19:33:06
7614,8.498777,8.310072,12939.303711,5.00e-05,8580.90,1308.50,24320669,N/A,2025-08-11 19:33:06
7615,7.462802,8.310072,12939.303711,5.00e-05,8610.72,1272.00,24323213,N/A,2025-08-11 19:33:06
7616,6.741708,8.310072,12939.303711,5.00e-05,8174.46,1277.50,24325768,N/A,2025-08-11 19:33:07
7617,9.790479,8.310072,12939.303711,5.00e-05,8498.55,1864.50,24329497,N/A,2025-08-11 19:33:07
7618,4.931802,8.310072,12939.303711,5.00e-05,8144.22,1094.00,24331685,N/A,2025-08-11 19:33:08
7619,13.829220,8.310072,12939.303711,5.00e-05,8483.04,1841.00,24335367,N/A,2025-08-11 19:33:08
7620,13.807339,8.310072,12939.303711,5.00e-05,8742.23,1984.00,24339335,1.0000,2025-08-11 19:33:08
7621,15.982419,8.310072,12939.303711,5.00e-05,9174.00,1919.00,24343173,N/A,2025-08-11 19:33:09
7622,10.559128,8.310072,12939.303711,5.00e-05,9114.42,1921.50,24347016,N/A,2025-08-11 19:33:09
7623,8.431987,8.310072,12939.303711,5.00e-05,8842.45,1323.50,24349663,N/A,2025-08-11 19:33:10
7624,11.177935,8.310072,12939.303711,5.00e-05,8904.36,1594.00,24352851,N/A,2025-08-11 19:33:10
7625,9.483862,8.310072,12939.303711,5.00e-05,9003.24,1556.50,24355964,N/A,2025-08-11 19:33:10
7626,7.624188,8.310072,12939.303711,5.00e-05,9073.56,1451.50,24358867,N/A,2025-08-11 19:33:11
7627,8.961923,8.310072,12939.303711,5.00e-05,8870.51,1455.50,24361778,N/A,2025-08-11 19:33:11
7628,10.866703,8.310072,12939.303711,5.00e-05,9407.04,2048.00,24365874,N/A,2025-08-11 19:33:12
7629,8.956290,8.310072,12939.303711,5.00e-05,9549.88,1728.00,24369330,N/A,2025-08-11 19:33:12
7630,6.953709,8.310072,12939.303711,5.00e-05,9018.77,1207.00,24371744,1.0000,2025-08-11 19:33:12
7631,10.128234,8.310072,12939.303711,5.00e-05,8869.03,1566.50,24374877,N/A,2025-08-11 19:33:13
7632,6.512881,8.310072,12939.303711,5.00e-05,8477.69,1180.50,24377238,N/A,2025-08-11 19:33:13
7633,9.960293,8.310072,12939.303711,5.00e-05,8870.07,1865.00,24380968,N/A,2025-08-11 19:33:14
7634,6.505026,8.310072,12939.303711,5.00e-05,8557.92,1160.00,24383288,N/A,2025-08-11 19:33:14
7635,12.207008,8.310072,12939.303711,5.00e-05,8653.52,1676.00,24386640,N/A,2025-08-11 19:33:14
7636,8.159492,8.310072,12939.303711,5.00e-05,8582.60,1310.50,24389261,N/A,2025-08-11 19:33:15
7637,9.692234,8.310072,12939.303711,5.00e-05,8757.95,1735.00,24392731,N/A,2025-08-11 19:33:15
7638,8.405922,8.310072,12939.303711,5.00e-05,8330.72,1221.50,24395174,N/A,2025-08-11 19:33:16
7639,8.871071,8.310072,12939.303711,5.00e-05,8552.65,1844.50,24398863,N/A,2025-08-11 19:33:16
7640,8.112185,8.310072,12939.303711,5.00e-05,8516.54,1507.00,24401877,1.0000,2025-08-11 19:33:16
7641,10.546588,8.310072,12939.303711,5.00e-05,8661.01,1815.00,24405507,N/A,2025-08-11 19:33:17
7642,8.052107,8.310072,12939.303711,5.00e-05,8859.24,1508.50,24408524,N/A,2025-08-11 19:33:17
7643,11.162154,8.310072,12939.303711,5.00e-05,9001.42,1893.00,24412310,N/A,2025-08-11 19:33:17
7644,10.674788,8.310072,12939.303711,5.00e-05,9182.23,1635.50,24415581,N/A,2025-08-11 19:33:18
7645,9.710131,8.310072,12939.303711,5.00e-05,9132.31,1603.00,24418787,N/A,2025-08-11 19:33:18
7646,6.914872,8.310072,12939.303711,5.00e-05,9166.06,1370.50,24421528,N/A,2025-08-11 19:33:19
7647,8.423922,8.310072,12939.303711,5.00e-05,8969.50,1396.00,24424320,N/A,2025-08-11 19:33:19
7648,9.476709,8.310072,12939.303711,5.00e-05,9304.08,1819.00,24427958,N/A,2025-08-11 19:33:19
7649,10.907709,8.310072,12939.303711,5.00e-05,9539.14,1808.50,24431575,N/A,2025-08-11 19:33:20
7650,10.305303,8.310072,12939.303711,5.00e-05,9612.40,1977.50,24435530,1.0000,2025-08-11 19:33:20
7651,10.992442,8.310072,12939.303711,5.00e-05,9471.63,1616.00,24438762,N/A,2025-08-11 19:33:21
7652,7.515413,8.310072,12939.303711,5.00e-05,9082.29,1042.50,24440847,N/A,2025-08-11 19:33:21
7653,10.260455,8.310072,12939.303711,5.00e-05,9019.94,1682.00,24444211,N/A,2025-08-11 19:33:21
7654,7.257035,8.310072,12939.303711,5.00e-05,8840.86,1315.50,24446842,N/A,2025-08-11 19:33:22
7655,9.380948,8.310072,12939.303711,5.00e-05,8819.40,1606.50,24450055,N/A,2025-08-11 19:33:22
7656,6.467692,8.310072,12939.303711,5.00e-05,8766.39,1299.00,24452653,N/A,2025-08-11 19:33:23
7657,10.264509,8.310072,12939.303711,5.00e-05,9064.44,2048.00,24456749,N/A,2025-08-11 19:33:23
7658,11.948894,8.310072,12939.303711,5.00e-05,9130.81,1931.50,24460612,N/A,2025-08-11 19:33:23
7659,10.091535,8.310072,12939.303711,5.00e-05,9281.75,1755.50,24464123,N/A,2025-08-11 19:33:24
7660,11.681273,8.310072,12939.303711,5.00e-05,9074.02,1940.00,24468003,1.0000,2025-08-11 19:33:24
7661,10.998795,8.310072,12939.303711,5.00e-05,8977.36,1239.50,24470482,N/A,2025-08-11 19:33:25
7662,11.842210,8.310072,12939.303711,5.00e-05,9530.96,1979.50,24474441,N/A,2025-08-11 19:33:25
7663,7.322942,8.310072,12939.303711,5.00e-05,9364.67,1384.00,24477209,N/A,2025-08-11 19:33:25
7664,11.482858,8.310072,12939.303711,5.00e-05,9585.70,1752.50,24480714,N/A,2025-08-11 19:33:26
7665,9.338599,8.310072,12939.303711,5.00e-05,9546.46,1526.00,24483766,N/A,2025-08-11 19:33:26
7666,7.029155,8.310072,12939.303711,5.00e-05,9672.72,1407.50,24486581,N/A,2025-08-11 19:33:27
7667,11.461090,8.310072,12939.303711,5.00e-05,9566.83,1961.00,24490503,N/A,2025-08-11 19:33:27
7668,8.845087,8.310072,12939.303711,5.00e-05,9385.77,1610.00,24493723,N/A,2025-08-11 19:33:27
7669,4.701260,8.310072,12939.303711,5.00e-05,9276.11,1213.00,24496149,N/A,2025-08-11 19:33:28
7670,11.100667,8.310072,12939.303711,5.00e-05,9152.34,2048.00,24500245,1.0000,2025-08-11 19:33:28
7671,11.648352,8.310072,12939.303711,5.00e-05,9527.98,1921.50,24504088,N/A,2025-08-11 19:33:28
7672,7.370483,8.310072,12939.303711,5.00e-05,9216.91,1506.00,24507100,N/A,2025-08-11 19:33:29
7673,16.075724,8.310072,12939.303711,5.00e-05,9543.83,1888.00,24510876,N/A,2025-08-11 19:33:29
7674,11.245128,8.310072,12939.303711,5.00e-05,9619.67,1859.00,24514594,N/A,2025-08-11 19:33:30
7675,10.843387,8.310072,12939.303711,5.00e-05,9825.45,2045.50,24518685,N/A,2025-08-11 19:33:30
7676,7.495458,8.310072,12939.303711,5.00e-05,9917.59,1452.00,24521589,N/A,2025-08-11 19:33:30
7677,6.809631,8.310072,12939.303711,5.00e-05,9447.37,1289.50,24524168,N/A,2025-08-11 19:33:31
7678,13.378539,8.310072,12939.303711,5.00e-05,9676.70,1972.00,24528112,N/A,2025-08-11 19:33:31
7679,10.466764,8.310072,12939.303711,5.00e-05,10095.80,1717.50,24531547,N/A,2025-08-11 19:33:32
7680,8.465441,8.310072,12939.303711,5.00e-05,9361.03,1228.00,24534003,1.0000,2025-08-11 19:33:32
7681,9.176737,8.310072,12939.303711,5.00e-05,9188.22,1637.00,24537277,N/A,2025-08-11 19:33:32
7682,13.671939,8.310072,12939.303711,5.00e-05,9469.41,2032.50,24541342,N/A,2025-08-11 19:33:33
7683,10.612639,8.310072,12939.303711,5.00e-05,9539.31,2022.00,24545386,N/A,2025-08-11 19:33:33
7684,9.258965,8.310072,12939.303711,5.00e-05,9554.78,1712.50,24548811,N/A,2025-08-11 19:33:34
7685,8.916371,8.310072,12939.303711,5.00e-05,9245.86,1481.50,24551774,N/A,2025-08-11 19:33:34
7686,5.215035,8.310072,12939.303711,5.00e-05,9110.04,1050.50,24553875,N/A,2025-08-11 19:33:34
7687,8.436841,8.310072,12939.303711,5.00e-05,9058.35,1213.50,24556302,N/A,2025-08-11 19:33:35
7688,11.625294,8.310072,12939.303711,5.00e-05,8794.86,1490.00,24559282,N/A,2025-08-11 19:33:35
7689,9.650724,8.310072,12939.303711,5.00e-05,9082.50,1771.50,24562825,N/A,2025-08-11 19:33:36
7690,7.046043,8.310072,12939.303711,5.00e-05,8727.08,1173.50,24565172,1.0000,2025-08-11 19:33:36
7691,11.107033,8.310072,12939.303711,5.00e-05,8830.65,1807.00,24568786,N/A,2025-08-11 19:33:36
7692,6.912978,8.310072,12939.303711,5.00e-05,8449.13,1341.00,24571468,N/A,2025-08-11 19:33:37
7693,14.275892,8.310072,12939.303711,5.00e-05,8274.05,1712.00,24574892,N/A,2025-08-11 19:33:37
7694,8.293465,8.310072,12939.303711,5.00e-05,8063.16,1357.00,24577606,N/A,2025-08-11 19:33:38
7695,7.884694,8.310072,12939.303711,5.00e-05,7918.54,1267.50,24580141,N/A,2025-08-11 19:33:38
7696,10.926415,8.310072,12939.303711,5.00e-05,8295.88,1736.50,24583614,N/A,2025-08-11 19:33:38
7697,12.035717,8.310072,12939.303711,5.00e-05,8610.55,1701.00,24587016,N/A,2025-08-11 19:33:39
7698,8.386828,8.310072,12939.303711,5.00e-05,8643.47,1550.50,24590117,N/A,2025-08-11 19:33:39
7699,7.648674,8.310072,12939.303711,5.00e-05,8831.00,1455.50,24593028,N/A,2025-08-11 19:33:39
7700,10.883006,8.310072,12939.303711,5.00e-05,8919.72,1815.50,24596659,1.0000,2025-08-11 19:33:40
7701,8.035772,8.310072,12939.303711,5.00e-05,7107.44,1295.00,24599249,N/A,2025-08-11 19:33:41
7702,8.865539,8.310072,12939.303711,5.00e-05,7145.94,1467.50,24602184,N/A,2025-08-11 19:33:42
7703,10.400082,8.310072,12939.303711,5.00e-05,7165.11,1753.00,24605690,N/A,2025-08-11 19:33:42
7704,7.983267,8.310072,12939.303711,5.00e-05,7148.03,1282.50,24608255,N/A,2025-08-11 19:33:42
7705,14.544976,8.310072,12939.303711,5.00e-05,7450.27,1927.50,24612110,N/A,2025-08-11 19:33:43
7706,8.220378,8.310072,12939.303711,5.00e-05,7247.89,1393.50,24614897,N/A,2025-08-11 19:33:43
7707,9.745328,8.310072,12939.303711,5.00e-05,7188.39,1675.50,24618248,N/A,2025-08-11 19:33:43
7708,8.309529,8.310072,12939.303711,5.00e-05,7052.88,1243.00,24620734,N/A,2025-08-11 19:33:44
7709,6.730482,8.310072,12939.303711,5.00e-05,7192.83,1352.00,24623438,N/A,2025-08-11 19:33:44
7710,8.752942,8.310072,12939.303711,5.00e-05,8532.28,1712.50,24626863,1.0000,2025-08-11 19:33:45
7711,10.969892,8.310072,12939.303711,5.00e-05,8927.54,1936.00,24630735,N/A,2025-08-11 19:33:45
7712,6.725393,8.310072,12939.303711,5.00e-05,8872.44,1355.50,24633446,N/A,2025-08-11 19:33:45
7713,9.687000,8.310072,12939.303711,5.00e-05,8913.39,1828.50,24637103,N/A,2025-08-11 19:33:46
7714,10.902448,8.310072,12939.303711,5.00e-05,9239.64,1844.00,24640791,N/A,2025-08-11 19:33:46
7715,9.935842,8.310072,12939.303711,5.00e-05,9187.13,1779.00,24644349,N/A,2025-08-11 19:33:47
7716,10.954616,8.310072,12939.303711,5.00e-05,9575.57,1929.50,24648208,N/A,2025-08-11 19:33:47
7717,6.971124,8.310072,12939.303711,5.00e-05,9327.35,1279.00,24650766,N/A,2025-08-11 19:33:47
7718,12.949042,8.310072,12939.303711,5.00e-05,9682.55,1894.00,24654554,N/A,2025-08-11 19:33:48
7719,11.446212,8.310072,12939.303711,5.00e-05,9989.62,1607.50,24657769,N/A,2025-08-11 19:33:48
7720,12.670898,8.310072,12939.303711,5.00e-05,9991.71,2048.00,24661865,1.0000,2025-08-11 19:33:49
7721,9.099668,8.310072,12939.303711,5.00e-05,9863.85,1711.00,24665287,N/A,2025-08-11 19:33:49
7722,12.338317,8.310072,12939.303711,5.00e-05,10069.62,1694.50,24668676,N/A,2025-08-11 19:33:49
7723,6.428894,8.310072,12939.303711,5.00e-05,9612.86,1110.00,24670896,N/A,2025-08-11 19:33:50
7724,8.920048,8.310072,12939.303711,5.00e-05,9538.70,1632.50,24674161,N/A,2025-08-11 19:33:50
7725,7.119313,8.310072,12939.303711,5.00e-05,9349.63,1433.00,24677027,N/A,2025-08-11 19:33:50
7726,7.819176,8.310072,12939.303711,5.00e-05,9131.84,1537.00,24680101,N/A,2025-08-11 19:33:51
7727,9.650420,8.310072,12939.303711,5.00e-05,9357.32,1664.50,24683430,N/A,2025-08-11 19:33:51
7728,5.821918,8.310072,12939.303711,5.00e-05,8907.60,1079.00,24685588,N/A,2025-08-11 19:33:52
7729,7.220439,8.310072,12939.303711,5.00e-05,8840.24,1418.50,24688425,N/A,2025-08-11 19:33:52
7730,13.445204,8.310072,12939.303711,5.00e-05,8674.46,2048.00,24692521,1.0000,2025-08-11 19:33:52
7731,11.302416,8.310072,12939.303711,5.00e-05,8698.86,1988.50,24696498,N/A,2025-08-11 19:33:53
7732,4.743845,8.310072,12939.303711,5.00e-05,8390.11,1102.50,24698703,N/A,2025-08-11 19:33:53
7733,9.548698,8.310072,12939.303711,5.00e-05,8533.95,1389.00,24701481,N/A,2025-08-11 19:33:54
7734,7.235232,8.310072,12939.303711,5.00e-05,8529.61,1625.50,24704732,N/A,2025-08-11 19:33:54
7735,12.961698,8.310072,12939.303711,5.00e-05,8824.32,1950.50,24708633,N/A,2025-08-11 19:33:54
7736,8.007010,8.310072,12939.303711,5.00e-05,8601.21,1146.00,24710925,N/A,2025-08-11 19:33:55
7737,9.217236,8.310072,12939.303711,5.00e-05,8595.74,1642.50,24714210,N/A,2025-08-11 19:33:55
7738,9.376758,8.310072,12939.303711,5.00e-05,9093.77,1736.50,24717683,N/A,2025-08-11 19:33:56
7739,9.188101,8.310072,12939.303711,5.00e-05,9442.04,1745.00,24721173,N/A,2025-08-11 19:33:56
7740,8.083138,8.310072,12939.303711,5.00e-05,8820.43,1161.50,24723496,1.0000,2025-08-11 19:33:56
7741,13.709139,8.310072,12939.303711,5.00e-05,8810.98,1979.50,24727455,N/A,2025-08-11 19:33:57
7742,8.667525,8.310072,12939.303711,5.00e-05,8962.92,1354.50,24730164,N/A,2025-08-11 19:33:57
7743,11.860069,8.310072,12939.303711,5.00e-05,9199.53,1866.50,24733897,N/A,2025-08-11 19:33:58
7744,12.401719,8.310072,12939.303711,5.00e-05,9396.89,2048.00,24737993,N/A,2025-08-11 19:33:58
7745,10.019309,8.310072,12939.303711,5.00e-05,9289.72,1744.00,24741481,N/A,2025-08-11 19:33:58
7746,9.618010,8.310072,12939.303711,5.00e-05,9412.12,1513.50,24744508,N/A,2025-08-11 19:33:59
7747,13.346555,8.310072,12939.303711,5.00e-05,9642.99,2048.00,24748604,N/A,2025-08-11 19:33:59
7748,7.958337,8.310072,12939.303711,5.00e-05,9549.34,1557.00,24751718,N/A,2025-08-11 19:33:59
7749,9.845446,8.310072,12939.303711,5.00e-05,9835.56,1879.50,24755477,N/A,2025-08-11 19:34:00
7750,7.458611,8.310072,12939.303711,5.00e-05,9682.90,1356.00,24758189,1.0000,2025-08-11 19:34:00
7751,11.305825,8.310072,12939.303711,5.00e-05,9504.65,1751.00,24761691,N/A,2025-08-11 19:34:01
7752,10.858761,8.310072,12939.303711,5.00e-05,9873.13,1935.00,24765561,N/A,2025-08-11 19:34:01
7753,10.309649,8.310072,12939.303711,5.00e-05,9882.05,1788.50,24769138,N/A,2025-08-11 19:34:01
7754,8.017785,8.310072,12939.303711,5.00e-05,9515.35,1379.00,24771896,N/A,2025-08-11 19:34:02
7755,9.372540,8.310072,12939.303711,5.00e-05,9672.99,1887.00,24775670,N/A,2025-08-11 19:34:02
7756,11.661960,8.310072,12939.303711,5.00e-05,9805.12,1780.50,24779231,N/A,2025-08-11 19:34:03
7757,12.772117,8.310072,12939.303711,5.00e-05,9762.14,1989.00,24783209,N/A,2025-08-11 19:34:03
7758,10.817638,8.310072,12939.303711,5.00e-05,9978.89,1869.50,24786948,N/A,2025-08-11 19:34:03
7759,9.962490,8.310072,12939.303711,5.00e-05,10301.16,1898.50,24790745,N/A,2025-08-11 19:34:04
7760,5.715774,8.310072,12939.303711,5.00e-05,10031.46,1113.50,24792972,1.0000,2025-08-11 19:34:04
7761,7.120175,8.310072,12939.303711,5.00e-05,9709.17,1206.00,24795384,N/A,2025-08-11 19:34:05
7762,6.626064,8.310072,12939.303711,5.00e-05,9348.13,1306.00,24797996,N/A,2025-08-11 19:34:05
7763,9.614923,8.310072,12939.303711,5.00e-05,9427.49,1956.00,24801908,N/A,2025-08-11 19:34:05
7764,10.982560,8.310072,12939.303711,5.00e-05,9704.32,1992.50,24805893,N/A,2025-08-11 19:34:06
7765,10.399302,8.310072,12939.303711,5.00e-05,9756.94,1969.00,24809831,N/A,2025-08-11 19:34:06
7766,10.105774,8.310072,12939.303711,5.00e-05,9753.31,1751.50,24813334,N/A,2025-08-11 19:34:07
7767,14.651959,8.310072,12939.303711,5.00e-05,9552.43,1778.00,24816890,N/A,2025-08-11 19:34:07
7768,5.819783,8.310072,12939.303711,5.00e-05,9037.98,1065.00,24819020,N/A,2025-08-11 19:34:07
7769,9.810060,8.310072,12939.303711,5.00e-05,9177.57,1896.50,24822813,N/A,2025-08-11 19:34:08
7770,11.253765,8.310072,12939.303711,5.00e-05,9202.65,1632.50,24826078,1.0000,2025-08-11 19:34:08
7771,8.354991,8.310072,12939.303711,5.00e-05,9430.28,1687.00,24829452,N/A,2025-08-11 19:34:09
7772,8.318669,8.310072,12939.303711,5.00e-05,9312.31,1144.50,24831741,N/A,2025-08-11 19:34:09
7773,9.376073,8.310072,12939.303711,5.00e-05,9225.36,1671.50,24835084,N/A,2025-08-11 19:34:09
7774,10.294404,8.310072,12939.303711,5.00e-05,9029.22,1776.00,24838636,N/A,2025-08-11 19:34:10
7775,8.407755,8.310072,12939.303711,5.00e-05,8874.89,1694.00,24842024,N/A,2025-08-11 19:34:10
7776,10.500174,8.310072,12939.303711,5.00e-05,8958.83,1782.50,24845589,N/A,2025-08-11 19:34:11
7777,8.391348,8.310072,12939.303711,5.00e-05,8786.95,1472.00,24848533,N/A,2025-08-11 19:34:11
7778,13.058822,8.310072,12939.303711,5.00e-05,9337.13,2032.50,24852598,N/A,2025-08-11 19:34:11
7779,8.626853,8.310072,12939.303711,5.00e-05,9242.51,1358.50,24855315,N/A,2025-08-11 19:34:12
7780,11.600681,8.310072,12939.303711,5.00e-05,9238.59,1893.00,24859101,1.0000,2025-08-11 19:34:12
7781,10.087005,8.310072,12939.303711,5.00e-05,9271.09,1706.50,24862514,N/A,2025-08-11 19:34:13
7782,10.189061,8.310072,12939.303711,5.00e-05,9512.32,1598.50,24865711,N/A,2025-08-11 19:34:13
7783,9.831428,8.310072,12939.303711,5.00e-05,9603.22,1682.50,24869076,N/A,2025-08-11 19:34:13
7784,6.602610,8.310072,12939.303711,5.00e-05,9274.90,1193.00,24871462,N/A,2025-08-11 19:34:14
7785,8.989318,8.310072,12939.303711,5.00e-05,9142.58,1560.50,24874583,N/A,2025-08-11 19:34:14
7786,10.859548,8.310072,12939.303711,5.00e-05,9129.07,1684.00,24877951,N/A,2025-08-11 19:34:14
7787,9.577230,8.310072,12939.303711,5.00e-05,9185.50,1707.50,24881366,N/A,2025-08-11 19:34:15
7788,8.437609,8.310072,12939.303711,5.00e-05,8913.27,1486.00,24884338,N/A,2025-08-11 19:34:15
7789,11.427274,8.310072,12939.303711,5.00e-05,9145.50,1560.50,24887459,N/A,2025-08-11 19:34:16
7790,7.963340,8.310072,12939.303711,5.00e-05,8632.90,1276.00,24890011,1.0000,2025-08-11 19:34:16
7791,7.486053,8.310072,12939.303711,5.00e-05,8476.70,1432.00,24892875,N/A,2025-08-11 19:34:17
7792,10.626502,8.310072,12939.303711,5.00e-05,8541.07,1725.50,24896326,N/A,2025-08-11 19:34:17
7793,11.534710,8.310072,12939.303711,5.00e-05,8720.48,1998.50,24900323,N/A,2025-08-11 19:34:17
7794,8.164708,8.310072,12939.303711,5.00e-05,8888.49,1420.00,24903163,N/A,2025-08-11 19:34:18
7795,10.661567,8.310072,12939.303711,5.00e-05,8903.52,1694.00,24906551,N/A,2025-08-11 19:34:18
7796,8.808150,8.310072,12939.303711,5.00e-05,8876.22,1493.50,24909538,N/A,2025-08-11 19:34:18
7797,13.630279,8.310072,12939.303711,5.00e-05,8978.94,1898.50,24913335,N/A,2025-08-11 19:34:19
7798,7.888785,8.310072,12939.303711,5.00e-05,8898.37,1389.00,24916113,N/A,2025-08-11 19:34:19
7799,11.490923,8.310072,12939.303711,5.00e-05,9362.50,2048.00,24920209,N/A,2025-08-11 19:34:20
7800,6.561753,8.310072,12939.303711,5.00e-05,9091.18,1075.50,24922360,1.0000,2025-08-11 19:34:20
7801,7.965991,8.310072,12939.303711,5.00e-05,7289.12,1470.00,24925300,N/A,2025-08-11 19:34:21
7802,5.458763,8.310072,12939.303711,5.00e-05,7012.91,1101.00,24927502,N/A,2025-08-11 19:34:22
7803,9.406044,8.310072,12939.303711,5.00e-05,6864.69,1700.00,24930902,N/A,2025-08-11 19:34:22
7804,9.271508,8.310072,12939.303711,5.00e-05,7076.91,1873.00,24934648,N/A,2025-08-11 19:34:23
7805,11.456387,8.310072,12939.303711,5.00e-05,7084.84,1745.50,24938139,N/A,2025-08-11 19:34:23
7806,9.765751,8.310072,12939.303711,5.00e-05,7249.31,1821.00,24941781,N/A,2025-08-11 19:34:23
7807,9.155847,8.310072,12939.303711,5.00e-05,7290.51,1870.00,24945521,N/A,2025-08-11 19:34:24
7808,11.775058,8.310072,12939.303711,5.00e-05,7596.31,2048.00,24949617,N/A,2025-08-11 19:34:24
7809,12.181281,8.310072,12939.303711,5.00e-05,7657.94,1928.00,24953473,N/A,2025-08-11 19:34:24
7810,9.699141,8.310072,12939.303711,5.00e-05,9529.08,1349.50,24956172,1.0000,2025-08-11 19:34:25
7811,7.044246,8.310072,12939.303711,5.00e-05,9435.24,1319.50,24958811,N/A,2025-08-11 19:34:25
7812,10.625982,8.310072,12939.303711,5.00e-05,9851.93,1730.50,24962272,N/A,2025-08-11 19:34:26
7813,10.332721,8.310072,12939.303711,5.00e-05,9984.56,1792.50,24965857,N/A,2025-08-11 19:34:26
7814,10.366210,8.310072,12939.303711,5.00e-05,9926.32,1713.50,24969284,N/A,2025-08-11 19:34:26
7815,8.754508,8.310072,12939.303711,5.00e-05,9869.06,1650.50,24972585,N/A,2025-08-11 19:34:27
7816,10.052591,8.310072,12939.303711,5.00e-05,9717.63,1561.00,24975707,N/A,2025-08-11 19:34:27
7817,10.980735,8.310072,12939.303711,5.00e-05,9576.04,1726.50,24979160,N/A,2025-08-11 19:34:28
7818,9.732569,8.310072,12939.303711,5.00e-05,9396.97,1771.50,24982703,N/A,2025-08-11 19:34:28
7819,9.821895,8.310072,12939.303711,5.00e-05,9478.92,1628.50,24985960,N/A,2025-08-11 19:34:28
7820,8.430797,8.310072,12939.303711,5.00e-05,9109.27,1212.50,24988385,1.0000,2025-08-11 19:34:29
7821,7.343390,8.310072,12939.303711,5.00e-05,9083.71,1447.00,24991279,N/A,2025-08-11 19:34:29
7822,7.899124,8.310072,12939.303711,5.00e-05,8826.20,1311.50,24993902,N/A,2025-08-11 19:34:30
7823,9.457272,8.310072,12939.303711,5.00e-05,8612.08,1385.00,24996672,N/A,2025-08-11 19:34:30
7824,14.599087,8.310072,12939.303711,5.00e-05,8724.03,1912.50,25000497,N/A,2025-08-11 19:34:30
7825,8.721235,8.310072,12939.303711,5.00e-05,8662.22,1548.00,25003593,N/A,2025-08-11 19:34:31
7826,8.430749,8.310072,12939.303711,5.00e-05,8778.45,1682.00,25006957,N/A,2025-08-11 19:34:31
7827,7.888792,8.310072,12939.303711,5.00e-05,8452.03,1154.00,25009265,N/A,2025-08-11 19:34:31
7828,7.071213,8.310072,12939.303711,5.00e-05,8261.72,1406.50,25012078,N/A,2025-08-11 19:34:32
7829,10.287070,8.310072,12939.303711,5.00e-05,8651.06,1845.00,25015768,N/A,2025-08-11 19:34:32
7830,10.973948,8.310072,12939.303711,5.00e-05,8907.20,1830.00,25019428,1.0000,2025-08-11 19:34:33
7831,12.786179,8.310072,12939.303711,5.00e-05,9036.86,1743.50,25022915,N/A,2025-08-11 19:34:33
7832,8.887742,8.310072,12939.303711,5.00e-05,9012.98,1320.00,25025555,N/A,2025-08-11 19:34:33
7833,8.015321,8.310072,12939.303711,5.00e-05,8869.23,1116.00,25027787,N/A,2025-08-11 19:34:34
7834,10.225159,8.310072,12939.303711,5.00e-05,8785.55,1735.50,25031258,N/A,2025-08-11 19:34:34
7835,10.974739,8.310072,12939.303711,5.00e-05,8930.29,1812.00,25034882,N/A,2025-08-11 19:34:35
7836,9.164075,8.310072,12939.303711,5.00e-05,8831.38,1439.50,25037761,N/A,2025-08-11 19:34:35
7837,10.946681,8.310072,12939.303711,5.00e-05,9216.08,1819.00,25041399,N/A,2025-08-11 19:34:35
7838,8.866382,8.310072,12939.303711,5.00e-05,9288.49,1616.50,25044632,N/A,2025-08-11 19:34:36
7839,8.845285,8.310072,12939.303711,5.00e-05,9333.27,1582.50,25047797,N/A,2025-08-11 19:34:36
7840,9.640465,8.310072,12939.303711,5.00e-05,9159.56,1769.00,25051335,1.0000,2025-08-11 19:34:37
7841,7.729588,8.310072,12939.303711,5.00e-05,8937.81,1345.50,25054026,N/A,2025-08-11 19:34:37
7842,4.545152,8.310072,12939.303711,5.00e-05,8701.86,1074.00,25056174,N/A,2025-08-11 19:34:37
7843,11.885155,8.310072,12939.303711,5.00e-05,9079.19,1850.50,25059875,N/A,2025-08-11 19:34:38
7844,12.783233,8.310072,12939.303711,5.00e-05,9128.77,1823.00,25063521,N/A,2025-08-11 19:34:38
7845,12.552476,8.310072,12939.303711,5.00e-05,9110.94,1801.00,25067123,N/A,2025-08-11 19:34:39
7846,14.626812,8.310072,12939.303711,5.00e-05,9364.99,1914.50,25070952,N/A,2025-08-11 19:34:39
7847,12.099175,8.310072,12939.303711,5.00e-05,9386.12,1772.50,25074497,N/A,2025-08-11 19:34:39
7848,13.288519,8.310072,12939.303711,5.00e-05,9601.47,1995.00,25078487,N/A,2025-08-11 19:34:40
7849,9.239615,8.310072,12939.303711,5.00e-05,9952.04,1846.50,25082180,N/A,2025-08-11 19:34:40
7850,13.656886,8.310072,12939.303711,5.00e-05,9758.05,1803.00,25085786,1.0000,2025-08-11 19:34:40
7851,11.859218,8.310072,12939.303711,5.00e-05,10139.12,1850.50,25089487,N/A,2025-08-11 19:34:41
7852,6.800294,8.310072,12939.303711,5.00e-05,10417.94,1497.00,25092481,N/A,2025-08-11 19:34:41
7853,6.866824,8.310072,12939.303711,5.00e-05,10057.97,1207.50,25094896,N/A,2025-08-11 19:34:42
7854,10.218030,8.310072,12939.303711,5.00e-05,9932.48,1618.50,25098133,N/A,2025-08-11 19:34:42
7855,12.619853,8.310072,12939.303711,5.00e-05,9945.34,1888.00,25101909,N/A,2025-08-11 19:34:42
7856,7.860464,8.310072,12939.303711,5.00e-05,9605.65,1374.00,25104657,N/A,2025-08-11 19:34:43
7857,14.565639,8.310072,12939.303711,5.00e-05,9705.16,2048.00,25108753,N/A,2025-08-11 19:34:43
7858,10.723065,8.310072,12939.303711,5.00e-05,9452.73,1706.50,25112166,N/A,2025-08-11 19:34:44
7859,8.807744,8.310072,12939.303711,5.00e-05,9520.14,1601.50,25115369,N/A,2025-08-11 19:34:44
7860,10.217921,8.310072,12939.303711,5.00e-05,9278.46,1645.50,25118660,1.0000,2025-08-11 19:34:44
7861,10.023709,8.310072,12939.303711,5.00e-05,8885.23,1154.00,25120968,N/A,2025-08-11 19:34:45
7862,10.352389,8.310072,12939.303711,5.00e-05,9180.44,2043.50,25125055,N/A,2025-08-11 19:34:45
7863,9.020136,8.310072,12939.303711,5.00e-05,9431.25,1654.50,25128364,N/A,2025-08-11 19:34:46
7864,9.140187,8.310072,12939.303711,5.00e-05,9476.49,1737.00,25131838,N/A,2025-08-11 19:34:46
7865,10.689074,8.310072,12939.303711,5.00e-05,9489.52,1958.50,25135755,N/A,2025-08-11 19:34:46
7866,9.777331,8.310072,12939.303711,5.00e-05,9787.04,1857.50,25139470,N/A,2025-08-11 19:34:47
7867,6.442294,8.310072,12939.303711,5.00e-05,9603.04,1539.00,25142548,N/A,2025-08-11 19:34:47
7868,11.927883,8.310072,12939.303711,5.00e-05,9510.93,1643.00,25145834,N/A,2025-08-11 19:34:48
7869,12.376204,8.310072,12939.303711,5.00e-05,9759.73,1856.50,25149547,N/A,2025-08-11 19:34:48
7870,11.624640,8.310072,12939.303711,5.00e-05,9618.30,1736.50,25153020,1.0000,2025-08-11 19:34:48
7871,7.156627,8.310072,12939.303711,5.00e-05,9642.03,1187.00,25155394,N/A,2025-08-11 19:34:49
7872,12.687682,8.310072,12939.303711,5.00e-05,9531.63,1841.50,25159077,N/A,2025-08-11 19:34:49
7873,7.754571,8.310072,12939.303711,5.00e-05,9541.41,1588.50,25162254,N/A,2025-08-11 19:34:50
7874,10.608825,8.310072,12939.303711,5.00e-05,9649.07,1831.50,25165917,N/A,2025-08-11 19:34:50
7875,11.956365,8.310072,12939.303711,5.00e-05,9603.64,1804.00,25169525,N/A,2025-08-11 19:34:50
7876,7.001930,8.310072,12939.303711,5.00e-05,9149.59,1094.50,25171714,N/A,2025-08-11 19:34:51
7877,8.836787,8.310072,12939.303711,5.00e-05,9194.28,1537.50,25174789,N/A,2025-08-11 19:34:51
7878,12.967812,8.310072,12939.303711,5.00e-05,9443.04,1979.00,25178747,N/A,2025-08-11 19:34:51
7879,8.919198,8.310072,12939.303711,5.00e-05,9500.23,1620.50,25181988,N/A,2025-08-11 19:34:52
7880,10.583694,8.310072,12939.303711,5.00e-05,9245.75,1813.00,25185614,1.0000,2025-08-11 19:34:52
7881,10.073517,8.310072,12939.303711,5.00e-05,9606.20,1894.50,25189403,N/A,2025-08-11 19:34:53
7882,6.721760,8.310072,12939.303711,5.00e-05,9260.58,1238.00,25191879,N/A,2025-08-11 19:34:53
7883,8.551257,8.310072,12939.303711,5.00e-05,9125.38,1339.50,25194558,N/A,2025-08-11 19:34:53
7884,6.499580,8.310072,12939.303711,5.00e-05,8757.59,1193.50,25196945,N/A,2025-08-11 19:34:54
7885,11.335732,8.310072,12939.303711,5.00e-05,8807.92,1967.50,25200880,N/A,2025-08-11 19:34:54
7886,8.533463,8.310072,12939.303711,5.00e-05,9235.99,1852.00,25204584,N/A,2025-08-11 19:34:55
7887,7.898602,8.310072,12939.303711,5.00e-05,9103.09,1307.50,25207199,N/A,2025-08-11 19:34:55
7888,10.989559,8.310072,12939.303711,5.00e-05,8966.35,1722.00,25210643,N/A,2025-08-11 19:34:55
7889,6.300662,8.310072,12939.303711,5.00e-05,8893.81,1084.50,25212812,N/A,2025-08-11 19:34:56
7890,5.628918,8.310072,12939.303711,5.00e-05,8390.00,1116.50,25215045,1.0000,2025-08-11 19:34:56
7891,9.608302,8.310072,12939.303711,5.00e-05,8186.44,1494.50,25218034,N/A,2025-08-11 19:34:57
7892,10.898438,8.310072,12939.303711,5.00e-05,8398.82,1626.50,25221287,N/A,2025-08-11 19:34:57
7893,8.796872,8.310072,12939.303711,5.00e-05,8336.39,1226.50,25223740,N/A,2025-08-11 19:34:57
7894,11.279283,8.310072,12939.303711,5.00e-05,8515.17,1534.50,25226809,N/A,2025-08-11 19:34:58
7895,9.098327,8.310072,12939.303711,5.00e-05,8171.67,1357.50,25229524,N/A,2025-08-11 19:34:58
7896,9.508041,8.310072,12939.303711,5.00e-05,8078.25,1673.50,25232871,N/A,2025-08-11 19:34:58
7897,11.373637,8.310072,12939.303711,5.00e-05,8421.24,1916.50,25236704,N/A,2025-08-11 19:34:59
7898,7.536447,8.310072,12939.303711,5.00e-05,8451.19,1694.50,25240093,N/A,2025-08-11 19:34:59
7899,11.945690,8.310072,12939.303711,5.00e-05,9026.70,1987.50,25244068,N/A,2025-08-11 19:35:00
7900,7.469436,8.310072,12939.303711,5.00e-05,8868.48,1251.50,25246571,1.0000,2025-08-11 19:35:00
7901,8.481339,8.310072,12939.303711,5.00e-05,7360.88,1447.00,25249465,N/A,2025-08-11 19:35:01
7902,8.182048,8.310072,12939.303711,5.00e-05,7268.21,1443.50,25252352,N/A,2025-08-11 19:35:02
7903,10.757710,8.310072,12939.303711,5.00e-05,7495.28,1597.50,25255547,N/A,2025-08-11 19:35:02
7904,10.572851,8.310072,12939.303711,5.00e-05,7385.83,1299.00,25258145,N/A,2025-08-11 19:35:02
7905,10.282981,8.310072,12939.303711,5.00e-05,7558.86,1769.00,25261683,N/A,2025-08-11 19:35:03
7906,9.295439,8.310072,12939.303711,5.00e-05,7693.55,2003.50,25265690,N/A,2025-08-11 19:35:03
7907,11.345917,8.310072,12939.303711,5.00e-05,7531.63,1642.50,25268975,N/A,2025-08-11 19:35:04
7908,10.655456,8.310072,12939.303711,5.00e-05,7649.95,1804.00,25272583,N/A,2025-08-11 19:35:04
7909,7.168466,8.310072,12939.303711,5.00e-05,7482.55,1301.00,25275185,N/A,2025-08-11 19:35:04
7910,11.578835,8.310072,12939.303711,5.00e-05,9181.07,1811.00,25278807,1.0000,2025-08-11 19:35:05
7911,14.497599,8.310072,12939.303711,5.00e-05,9521.68,2048.00,25282903,N/A,2025-08-11 19:35:05
7912,10.524553,8.310072,12939.303711,5.00e-05,9819.82,2007.00,25286917,N/A,2025-08-11 19:35:05
7913,8.286278,8.310072,12939.303711,5.00e-05,9744.07,1435.50,25289788,N/A,2025-08-11 19:35:06
7914,9.099157,8.310072,12939.303711,5.00e-05,10071.71,1822.00,25293432,N/A,2025-08-11 19:35:06
7915,11.377295,8.310072,12939.303711,5.00e-05,10079.49,1729.50,25296891,N/A,2025-08-11 19:35:07
7916,7.985016,8.310072,12939.303711,5.00e-05,9817.92,1439.50,25299770,N/A,2025-08-11 19:35:07
7917,11.333922,8.310072,12939.303711,5.00e-05,10049.89,2022.50,25303815,N/A,2025-08-11 19:35:07
7918,9.765678,8.310072,12939.303711,5.00e-05,9990.04,1719.00,25307253,N/A,2025-08-11 19:35:08
7919,9.164065,8.310072,12939.303711,5.00e-05,10178.13,1397.00,25310047,N/A,2025-08-11 19:35:08
7920,12.290986,8.310072,12939.303711,5.00e-05,9926.45,1763.00,25313573,1.0000,2025-08-11 19:35:09
7921,8.089564,8.310072,12939.303711,5.00e-05,9644.91,1588.00,25316749,N/A,2025-08-11 19:35:09
7922,11.804503,8.310072,12939.303711,5.00e-05,9545.26,1865.00,25320479,N/A,2025-08-11 19:35:09
7923,7.092593,8.310072,12939.303711,5.00e-05,9349.40,1202.50,25322884,N/A,2025-08-11 19:35:10
7924,9.250971,8.310072,12939.303711,5.00e-05,9268.63,1677.50,25326239,N/A,2025-08-11 19:35:10
7925,8.296797,8.310072,12939.303711,5.00e-05,9030.63,1310.00,25328859,N/A,2025-08-11 19:35:11
7926,8.283981,8.310072,12939.303711,5.00e-05,9151.24,1666.00,25332191,N/A,2025-08-11 19:35:11
7927,11.145362,8.310072,12939.303711,5.00e-05,9081.71,1867.00,25335925,N/A,2025-08-11 19:35:11
7928,8.485443,8.310072,12939.303711,5.00e-05,9071.21,1572.00,25339069,N/A,2025-08-11 19:35:12
7929,10.786870,8.310072,12939.303711,5.00e-05,9497.41,1752.50,25342574,N/A,2025-08-11 19:35:12
7930,12.432136,8.310072,12939.303711,5.00e-05,9440.10,1922.50,25346419,1.0000,2025-08-11 19:35:12
7931,9.255073,8.310072,12939.303711,5.00e-05,9391.93,1533.00,25349485,N/A,2025-08-11 19:35:13
7932,7.950994,8.310072,12939.303711,5.00e-05,9098.09,1238.50,25351962,N/A,2025-08-11 19:35:13
7933,8.317457,8.310072,12939.303711,5.00e-05,9287.88,1544.50,25355051,N/A,2025-08-11 19:35:14
7934,8.040823,8.310072,12939.303711,5.00e-05,9158.71,1525.50,25358102,N/A,2025-08-11 19:35:14
7935,9.763070,8.310072,12939.303711,5.00e-05,9188.59,1494.50,25361091,N/A,2025-08-11 19:35:14
7936,10.489513,8.310072,12939.303711,5.00e-05,9410.03,2048.00,25365187,N/A,2025-08-11 19:35:15
7937,9.134923,8.310072,12939.303711,5.00e-05,9204.84,1509.50,25368206,N/A,2025-08-11 19:35:15
7938,13.640800,8.310072,12939.303711,5.00e-05,9470.35,2042.50,25372291,N/A,2025-08-11 19:35:16
7939,7.572705,8.310072,12939.303711,5.00e-05,9421.31,1346.00,25374983,N/A,2025-08-11 19:35:16
7940,8.400664,8.310072,12939.303711,5.00e-05,9174.82,1770.50,25378524,1.0000,2025-08-11 19:35:16
7941,13.505891,8.310072,12939.303711,5.00e-05,9384.02,1902.00,25382328,N/A,2025-08-11 19:35:17
7942,10.881782,8.310072,12939.303711,5.00e-05,9766.44,1901.50,25386131,N/A,2025-08-11 19:35:17
7943,8.316842,8.310072,12939.303711,5.00e-05,9717.87,1411.00,25388953,N/A,2025-08-11 19:35:17
7944,6.774121,8.310072,12939.303711,5.00e-05,9565.24,1253.00,25391459,N/A,2025-08-11 19:35:18
7945,12.276080,8.310072,12939.303711,5.00e-05,9837.42,1976.50,25395412,N/A,2025-08-11 19:35:18
7946,9.712551,8.310072,12939.303711,5.00e-05,9530.52,1535.00,25398482,N/A,2025-08-11 19:35:19
7947,11.223082,8.310072,12939.303711,5.00e-05,9847.93,2048.00,25402578,N/A,2025-08-11 19:35:19
7948,11.454875,8.310072,12939.303711,5.00e-05,9808.43,1984.50,25406547,N/A,2025-08-11 19:35:19
7949,8.747197,8.310072,12939.303711,5.00e-05,10095.76,1564.50,25409676,N/A,2025-08-11 19:35:20
7950,7.082308,8.310072,12939.303711,5.00e-05,9509.64,1408.00,25412492,1.0000,2025-08-11 19:35:20
7951,11.904207,8.310072,12939.303711,5.00e-05,9485.26,1854.00,25416200,N/A,2025-08-11 19:35:21
7952,11.086460,8.310072,12939.303711,5.00e-05,9496.96,1997.00,25420194,N/A,2025-08-11 19:35:21
7953,10.354495,8.310072,12939.303711,5.00e-05,9570.51,1655.00,25423504,N/A,2025-08-11 19:35:21
7954,12.651860,8.310072,12939.303711,5.00e-05,9848.54,1783.00,25427070,N/A,2025-08-11 19:35:22
7955,9.182717,8.310072,12939.303711,5.00e-05,9484.97,1325.50,25429721,N/A,2025-08-11 19:35:22
7956,5.169592,8.310072,12939.303711,5.00e-05,9243.28,1132.00,25431985,N/A,2025-08-11 19:35:23
7957,8.241268,8.310072,12939.303711,5.00e-05,8993.04,1600.50,25435186,N/A,2025-08-11 19:35:23
7958,7.799274,8.310072,12939.303711,5.00e-05,8770.85,1618.50,25438423,N/A,2025-08-11 19:35:23
7959,8.750487,8.310072,12939.303711,5.00e-05,8992.81,1397.50,25441218,N/A,2025-08-11 19:35:24
7960,11.778195,8.310072,12939.303711,5.00e-05,9010.59,1896.00,25445010,1.0000,2025-08-11 19:35:24
7961,9.349413,8.310072,12939.303711,5.00e-05,8858.74,1504.50,25448019,N/A,2025-08-11 19:35:25
7962,7.656026,8.310072,12939.303711,5.00e-05,8784.05,1646.50,25451312,N/A,2025-08-11 19:35:25
7963,7.953042,8.310072,12939.303711,5.00e-05,8775.90,1638.00,25454588,N/A,2025-08-11 19:35:25
7964,6.283342,8.310072,12939.303711,5.00e-05,8422.10,1251.50,25457091,N/A,2025-08-11 19:35:26
7965,11.610558,8.310072,12939.303711,5.00e-05,8710.01,1836.50,25460764,N/A,2025-08-11 19:35:26
7966,8.225342,8.310072,12939.303711,5.00e-05,9020.59,1651.00,25464066,N/A,2025-08-11 19:35:27
7967,13.345180,8.310072,12939.303711,5.00e-05,9239.30,1987.00,25468040,N/A,2025-08-11 19:35:27
7968,12.866646,8.310072,12939.303711,5.00e-05,9435.79,1959.00,25471958,N/A,2025-08-11 19:35:27
7969,10.826585,8.310072,12939.303711,5.00e-05,10014.81,1965.00,25475888,N/A,2025-08-11 19:35:28
7970,5.591665,8.310072,12939.303711,5.00e-05,9241.00,1035.00,25477958,1.0000,2025-08-11 19:35:28
7971,7.268394,8.310072,12939.303711,5.00e-05,9330.17,1660.50,25481279,N/A,2025-08-11 19:35:29
7972,9.954918,8.310072,12939.303711,5.00e-05,9259.62,1509.00,25484297,N/A,2025-08-11 19:35:29
7973,6.984934,8.310072,12939.303711,5.00e-05,8994.00,1057.50,25486412,N/A,2025-08-11 19:35:29
7974,12.697865,8.310072,12939.303711,5.00e-05,9397.94,1960.00,25490332,N/A,2025-08-11 19:35:30
7975,7.875772,8.310072,12939.303711,5.00e-05,8987.82,1125.00,25492582,N/A,2025-08-11 19:35:30
7976,11.186980,8.310072,12939.303711,5.00e-05,9019.30,1680.00,25495942,N/A,2025-08-11 19:35:31
7977,8.277199,8.310072,12939.303711,5.00e-05,8551.20,1152.00,25498246,N/A,2025-08-11 19:35:31
7978,10.608669,8.310072,12939.303711,5.00e-05,8587.41,2002.50,25502251,N/A,2025-08-11 19:35:31
7979,8.919037,8.310072,12939.303711,5.00e-05,8737.78,1758.00,25505767,N/A,2025-08-11 19:35:32
7980,6.867858,8.310072,12939.303711,5.00e-05,8792.85,1393.50,25508554,1.0000,2025-08-11 19:35:32
7981,6.245433,8.310072,12939.303711,5.00e-05,8485.72,1144.00,25510842,N/A,2025-08-11 19:35:32
7982,11.785120,8.310072,12939.303711,5.00e-05,8621.86,1800.00,25514442,N/A,2025-08-11 19:35:33
7983,12.859732,8.310072,12939.303711,5.00e-05,9134.77,1948.00,25518338,N/A,2025-08-11 19:35:33
7984,9.034373,8.310072,12939.303711,5.00e-05,9010.06,1732.00,25521802,N/A,2025-08-11 19:35:34
7985,5.948252,8.310072,12939.303711,5.00e-05,9042.52,1114.00,25524030,N/A,2025-08-11 19:35:34
7986,9.048321,8.310072,12939.303711,5.00e-05,8936.26,1538.00,25527106,N/A,2025-08-11 19:35:34
7987,8.672348,8.310072,12939.303711,5.00e-05,9181.37,1628.50,25530363,N/A,2025-08-11 19:35:35
7988,8.449268,8.310072,12939.303711,5.00e-05,8969.60,1626.00,25533615,N/A,2025-08-11 19:35:35
7989,9.098014,8.310072,12939.303711,5.00e-05,9226.19,1928.00,25537471,N/A,2025-08-11 19:35:36
7990,8.759543,8.310072,12939.303711,5.00e-05,9086.01,1412.50,25540296,1.0000,2025-08-11 19:35:36
7991,9.172284,8.310072,12939.303711,5.00e-05,9227.68,1330.50,25542957,N/A,2025-08-11 19:35:36
7992,6.430944,8.310072,12939.303711,5.00e-05,8963.88,1387.50,25545732,N/A,2025-08-11 19:35:37
7993,8.384599,8.310072,12939.303711,5.00e-05,8576.20,1338.50,25548409,N/A,2025-08-11 19:35:37
7994,9.062632,8.310072,12939.303711,5.00e-05,8663.84,1962.00,25552333,N/A,2025-08-11 19:35:38
7995,7.020062,8.310072,12939.303711,5.00e-05,8711.73,1190.50,25554714,N/A,2025-08-11 19:35:38
7996,11.006920,8.310072,12939.303711,5.00e-05,8678.62,1628.00,25557970,N/A,2025-08-11 19:35:38
7997,10.067958,8.310072,12939.303711,5.00e-05,8776.63,1829.00,25561628,N/A,2025-08-11 19:35:39
7998,9.008088,8.310072,12939.303711,5.00e-05,8679.54,1670.00,25564968,N/A,2025-08-11 19:35:39
7999,7.921074,8.310072,12939.303711,5.00e-05,8639.45,1589.50,25568147,N/A,2025-08-11 19:35:40
8000,10.009451,8.102896,7357.615723,5.00e-05,2450.36,1549.50,25571246,N/A,2025-08-11 19:35:49
8001,6.073265,8.102896,7357.615723,5.00e-05,2291.00,1205.50,25573657,N/A,2025-08-11 19:35:50
8002,8.448709,8.102896,7357.615723,5.00e-05,2295.52,1407.50,25576472,N/A,2025-08-11 19:35:51
8003,8.717006,8.102896,7357.615723,5.00e-05,2308.43,1408.50,25579289,N/A,2025-08-11 19:35:51
8004,10.822377,8.102896,7357.615723,5.00e-05,2286.35,1809.00,25582907,N/A,2025-08-11 19:35:51
8005,7.667031,8.102896,7357.615723,5.00e-05,2320.18,1358.50,25585624,N/A,2025-08-11 19:35:52
8006,7.743037,8.102896,7357.615723,5.00e-05,2308.68,1550.00,25588724,N/A,2025-08-11 19:35:52
8007,7.854302,8.102896,7357.615723,5.00e-05,2279.58,1609.50,25591943,N/A,2025-08-11 19:35:52
8008,9.340649,8.102896,7357.615723,5.00e-05,2302.21,1861.00,25595665,N/A,2025-08-11 19:35:53
8009,11.678997,8.102896,7357.615723,5.00e-05,7247.00,1682.00,25599029,N/A,2025-08-11 19:35:53
8010,9.726747,8.102896,7357.615723,5.00e-05,8711.89,1617.50,25602264,1.0000,2025-08-11 19:35:54
8011,7.043138,8.102896,7357.615723,5.00e-05,8725.34,1212.50,25604689,N/A,2025-08-11 19:35:54
8012,12.940423,8.102896,7357.615723,5.00e-05,9053.14,1981.00,25608651,N/A,2025-08-11 19:35:54
8013,7.755708,8.102896,7357.615723,5.00e-05,8979.36,1357.50,25611366,N/A,2025-08-11 19:35:55
8014,11.806803,8.102896,7357.615723,5.00e-05,9034.78,1979.50,25615325,N/A,2025-08-11 19:35:55
8015,11.022759,8.102896,7357.615723,5.00e-05,9283.77,1810.50,25618946,N/A,2025-08-11 19:35:56
8016,5.905118,8.102896,7357.615723,5.00e-05,9067.33,1100.50,25621147,N/A,2025-08-11 19:35:56
8017,9.627714,8.102896,7357.615723,5.00e-05,9284.12,1906.50,25624960,N/A,2025-08-11 19:35:56
8018,12.463827,8.102896,7357.615723,5.00e-05,9250.34,1770.50,25628501,N/A,2025-08-11 19:35:57
8019,11.071286,8.102896,7357.615723,5.00e-05,9605.37,1935.00,25632371,N/A,2025-08-11 19:35:57
8020,9.966108,8.102896,7357.615723,5.00e-05,9509.36,1853.00,25636077,1.0000,2025-08-11 19:35:58
8021,5.695300,8.102896,7357.615723,5.00e-05,9517.05,1263.50,25638604,N/A,2025-08-11 19:35:58
8022,6.856467,8.102896,7357.615723,5.00e-05,9215.63,1436.50,25641477,N/A,2025-08-11 19:35:58
8023,10.736063,8.102896,7357.615723,5.00e-05,9612.38,1981.00,25645439,N/A,2025-08-11 19:35:59
8024,6.885270,8.102896,7357.615723,5.00e-05,9292.73,1405.00,25648249,N/A,2025-08-11 19:35:59
8025,12.469845,8.102896,7357.615723,5.00e-05,9353.99,1855.00,25651959,N/A,2025-08-11 19:36:00
8026,7.285606,8.102896,7357.615723,5.00e-05,9576.14,1431.00,25654821,N/A,2025-08-11 19:36:00
8027,7.835750,8.102896,7357.615723,5.00e-05,9080.64,1267.50,25657356,N/A,2025-08-11 19:36:00
8028,7.732454,8.102896,7357.615723,5.00e-05,8823.98,1321.00,25659998,N/A,2025-08-11 19:36:01
8029,8.120807,8.102896,7357.615723,5.00e-05,8833.48,1591.50,25663181,N/A,2025-08-11 19:36:01
8030,9.453634,8.102896,7357.615723,5.00e-05,8508.33,1577.50,25666336,1.0000,2025-08-11 19:36:02
8031,14.131392,8.102896,7357.615723,5.00e-05,9006.01,2045.00,25670426,N/A,2025-08-11 19:36:02
8032,7.830532,8.102896,7357.615723,5.00e-05,8853.81,1168.50,25672763,N/A,2025-08-11 19:36:02
8033,10.836729,8.102896,7357.615723,5.00e-05,8811.55,1954.00,25676671,N/A,2025-08-11 19:36:03
8034,8.857740,8.102896,7357.615723,5.00e-05,8957.39,1682.50,25680036,N/A,2025-08-11 19:36:03
8035,8.098335,8.102896,7357.615723,5.00e-05,8833.96,1653.00,25683342,N/A,2025-08-11 19:36:03
8036,10.588543,8.102896,7357.615723,5.00e-05,9158.73,1859.00,25687060,N/A,2025-08-11 19:36:04
8037,6.103381,8.102896,7357.615723,5.00e-05,9168.77,1273.50,25689607,N/A,2025-08-11 19:36:04
8038,8.349891,8.102896,7357.615723,5.00e-05,9260.02,1455.00,25692517,N/A,2025-08-11 19:36:05
8039,6.215804,8.102896,7357.615723,5.00e-05,9278.94,1280.00,25695077,N/A,2025-08-11 19:36:05
8040,14.673779,8.102896,7357.615723,5.00e-05,9373.77,2048.00,25699173,1.0000,2025-08-11 19:36:05
8041,9.143568,8.102896,7357.615723,5.00e-05,9263.28,2010.50,25703194,N/A,2025-08-11 19:36:06
8042,9.555742,8.102896,7357.615723,5.00e-05,9763.85,2048.00,25707290,N/A,2025-08-11 19:36:06
8043,10.376834,8.102896,7357.615723,5.00e-05,9625.42,1682.50,25710655,N/A,2025-08-11 19:36:07
8044,11.260806,8.102896,7357.615723,5.00e-05,9810.00,1974.50,25714604,N/A,2025-08-11 19:36:07
8045,8.772248,8.102896,7357.615723,5.00e-05,9996.58,1882.50,25718369,N/A,2025-08-11 19:36:07
8046,11.629677,8.102896,7357.615723,5.00e-05,9912.03,1758.50,25721886,N/A,2025-08-11 19:36:08
8047,7.133647,8.102896,7357.615723,5.00e-05,10093.62,1622.00,25725130,N/A,2025-08-11 19:36:08
8048,6.310224,8.102896,7357.615723,5.00e-05,9884.09,1190.00,25727510,N/A,2025-08-11 19:36:09
8049,10.618353,8.102896,7357.615723,5.00e-05,10348.42,1772.50,25731055,N/A,2025-08-11 19:36:09
8050,11.173285,8.102896,7357.615723,5.00e-05,10167.74,1873.50,25734802,1.0000,2025-08-11 19:36:09
8051,6.553863,8.102896,7357.615723,5.00e-05,9729.66,1230.50,25737263,N/A,2025-08-11 19:36:10
8052,8.819803,8.102896,7357.615723,5.00e-05,9330.74,1378.00,25740019,N/A,2025-08-11 19:36:10
8053,7.864871,8.102896,7357.615723,5.00e-05,9180.18,1435.00,25742889,N/A,2025-08-11 19:36:11
8054,14.729142,8.102896,7357.615723,5.00e-05,8857.55,1405.00,25745699,N/A,2025-08-11 19:36:11
8055,9.948446,8.102896,7357.615723,5.00e-05,8573.87,1468.50,25748636,N/A,2025-08-11 19:36:11
8056,8.218115,8.102896,7357.615723,5.00e-05,8354.26,1359.00,25751354,N/A,2025-08-11 19:36:12
8057,8.651061,8.102896,7357.615723,5.00e-05,8458.41,1768.50,25754891,N/A,2025-08-11 19:36:12
8058,11.373888,8.102896,7357.615723,5.00e-05,8772.03,1753.00,25758397,N/A,2025-08-11 19:36:12
8059,10.373369,8.102896,7357.615723,5.00e-05,8930.87,1931.50,25762260,N/A,2025-08-11 19:36:13
8060,9.048881,8.102896,7357.615723,5.00e-05,8792.07,1857.50,25765975,1.0000,2025-08-11 19:36:13
8061,4.865761,8.102896,7357.615723,5.00e-05,8681.96,1150.00,25768275,N/A,2025-08-11 19:36:14
8062,13.680023,8.102896,7357.615723,5.00e-05,9042.67,1999.50,25772274,N/A,2025-08-11 19:36:14
8063,7.502253,8.102896,7357.615723,5.00e-05,9027.40,1507.50,25775289,N/A,2025-08-11 19:36:14
8064,8.424156,8.102896,7357.615723,5.00e-05,9153.04,1480.00,25778249,N/A,2025-08-11 19:36:15
8065,12.906861,8.102896,7357.615723,5.00e-05,9409.60,2027.00,25782303,N/A,2025-08-11 19:36:15
8066,13.020672,8.102896,7357.615723,5.00e-05,9822.77,2048.00,25786399,N/A,2025-08-11 19:36:16
8067,5.578496,8.102896,7357.615723,5.00e-05,9560.61,1293.00,25788985,N/A,2025-08-11 19:36:16
8068,11.572634,8.102896,7357.615723,5.00e-05,9715.16,1949.00,25792883,N/A,2025-08-11 19:36:16
8069,7.386877,8.102896,7357.615723,5.00e-05,9428.82,1139.50,25795162,N/A,2025-08-11 19:36:17
8070,10.621634,8.102896,7357.615723,5.00e-05,9372.85,2048.00,25799258,1.0000,2025-08-11 19:36:17
8071,8.867374,8.102896,7357.615723,5.00e-05,9684.60,1748.00,25802754,N/A,2025-08-11 19:36:18
8072,11.198968,8.102896,7357.615723,5.00e-05,9557.30,1693.00,25806140,N/A,2025-08-11 19:36:18
8073,9.918017,8.102896,7357.615723,5.00e-05,9463.45,1357.00,25808854,N/A,2025-08-11 19:36:18
8074,6.606338,8.102896,7357.615723,5.00e-05,9471.34,1387.00,25811628,N/A,2025-08-11 19:36:19
8075,8.281497,8.102896,7357.615723,5.00e-05,9224.36,1585.50,25814799,N/A,2025-08-11 19:36:19
8076,9.706497,8.102896,7357.615723,5.00e-05,9141.36,1891.00,25818581,N/A,2025-08-11 19:36:20
8077,7.797443,8.102896,7357.615723,5.00e-05,9297.14,1499.00,25821579,N/A,2025-08-11 19:36:20
8078,9.879368,8.102896,7357.615723,5.00e-05,9199.47,1796.50,25825172,N/A,2025-08-11 19:36:20
8079,8.751129,8.102896,7357.615723,5.00e-05,9735.24,1664.50,25828501,N/A,2025-08-11 19:36:21
8080,9.839067,8.102896,7357.615723,5.00e-05,9326.85,1696.50,25831894,1.0000,2025-08-11 19:36:21
8081,12.742614,8.102896,7357.615723,5.00e-05,9490.55,2022.50,25835939,N/A,2025-08-11 19:36:22
8082,7.946582,8.102896,7357.615723,5.00e-05,9299.22,1342.50,25838624,N/A,2025-08-11 19:36:22
8083,11.065646,8.102896,7357.615723,5.00e-05,9504.48,1720.00,25842064,N/A,2025-08-11 19:36:22
8084,9.860205,8.102896,7357.615723,5.00e-05,9778.76,1883.50,25845831,N/A,2025-08-11 19:36:23
8085,10.144209,8.102896,7357.615723,5.00e-05,9867.45,1766.50,25849364,N/A,2025-08-11 19:36:23
8086,11.693295,8.102896,7357.615723,5.00e-05,9869.64,1879.50,25853123,N/A,2025-08-11 19:36:23
8087,7.650706,8.102896,7357.615723,5.00e-05,9837.99,1422.50,25855968,N/A,2025-08-11 19:36:24
8088,9.082740,8.102896,7357.615723,5.00e-05,9745.47,1713.50,25859395,N/A,2025-08-11 19:36:24
8089,7.537054,8.102896,7357.615723,5.00e-05,9769.68,1313.50,25862022,N/A,2025-08-11 19:36:25
8090,10.470665,8.102896,7357.615723,5.00e-05,9722.61,1907.00,25865836,1.0000,2025-08-11 19:36:25
8091,10.739060,8.102896,7357.615723,5.00e-05,9582.74,1774.00,25869384,N/A,2025-08-11 19:36:25
8092,6.468187,8.102896,7357.615723,5.00e-05,9512.18,1224.50,25871833,N/A,2025-08-11 19:36:26
8093,7.544583,8.102896,7357.615723,5.00e-05,9316.90,1356.00,25874545,N/A,2025-08-11 19:36:26
8094,6.742308,8.102896,7357.615723,5.00e-05,8928.51,1244.00,25877033,N/A,2025-08-11 19:36:27
8095,9.096490,8.102896,7357.615723,5.00e-05,9047.24,1975.50,25880984,N/A,2025-08-11 19:36:27
8096,8.989930,8.102896,7357.615723,5.00e-05,9037.66,1870.50,25884725,N/A,2025-08-11 19:36:27
8097,8.450074,8.102896,7357.615723,5.00e-05,9110.60,1562.00,25887849,N/A,2025-08-11 19:36:28
8098,8.167356,8.102896,7357.615723,5.00e-05,8959.07,1453.00,25890755,N/A,2025-08-11 19:36:28
8099,9.966445,8.102896,7357.615723,5.00e-05,9244.40,1589.50,25893934,N/A,2025-08-11 19:36:28
8100,10.478294,8.102896,7357.615723,5.00e-05,8956.55,1808.50,25897551,1.0000,2025-08-11 19:36:29
8101,11.465469,8.102896,7357.615723,5.00e-05,7154.18,1887.00,25901325,N/A,2025-08-11 19:36:30
8102,8.523747,8.102896,7357.615723,5.00e-05,7369.72,1694.00,25904713,N/A,2025-08-11 19:36:31
8103,9.344835,8.102896,7357.615723,5.00e-05,7583.88,1822.00,25908357,N/A,2025-08-11 19:36:31
8104,9.299894,8.102896,7357.615723,5.00e-05,7857.45,1856.00,25912069,N/A,2025-08-11 19:36:31
8105,7.584679,8.102896,7357.615723,5.00e-05,7568.30,1321.50,25914712,N/A,2025-08-11 19:36:32
8106,10.590992,8.102896,7357.615723,5.00e-05,7496.37,1630.00,25917972,N/A,2025-08-11 19:36:32
8107,9.464319,8.102896,7357.615723,5.00e-05,7589.03,1781.50,25921535,N/A,2025-08-11 19:36:32
8108,6.240535,8.102896,7357.615723,5.00e-05,7540.71,1322.50,25924180,N/A,2025-08-11 19:36:33
8109,8.315527,8.102896,7357.615723,5.00e-05,7681.45,1618.50,25927417,N/A,2025-08-11 19:36:33
8110,9.594267,8.102896,7357.615723,5.00e-05,9316.91,1462.50,25930342,1.0000,2025-08-11 19:36:34
8111,4.397147,8.102896,7357.615723,5.00e-05,8900.15,1174.50,25932691,N/A,2025-08-11 19:36:34
8112,12.188784,8.102896,7357.615723,5.00e-05,8981.67,1821.50,25936334,N/A,2025-08-11 19:36:35
8113,7.500696,8.102896,7357.615723,5.00e-05,8657.48,1383.00,25939100,N/A,2025-08-11 19:36:35
8114,8.381446,8.102896,7357.615723,5.00e-05,8391.66,1490.00,25942080,N/A,2025-08-11 19:36:35
8115,8.879215,8.102896,7357.615723,5.00e-05,8411.23,1342.00,25944764,N/A,2025-08-11 19:36:36
8116,10.215010,8.102896,7357.615723,5.00e-05,8634.80,1999.50,25948763,N/A,2025-08-11 19:36:36
8117,9.784287,8.102896,7357.615723,5.00e-05,8699.72,1936.00,25952635,N/A,2025-08-11 19:36:36
8118,6.924515,8.102896,7357.615723,5.00e-05,8725.93,1321.00,25955277,N/A,2025-08-11 19:36:37
8119,10.208013,8.102896,7357.615723,5.00e-05,9041.46,1775.50,25958828,N/A,2025-08-11 19:36:37
8120,8.112733,8.102896,7357.615723,5.00e-05,8756.34,1300.50,25961429,1.0000,2025-08-11 19:36:38
8121,7.899095,8.102896,7357.615723,5.00e-05,9028.82,1631.50,25964692,N/A,2025-08-11 19:36:38
8122,8.803523,8.102896,7357.615723,5.00e-05,9006.69,1721.00,25968134,N/A,2025-08-11 19:36:38
8123,9.331312,8.102896,7357.615723,5.00e-05,9084.25,1400.00,25970934,N/A,2025-08-11 19:36:39
8124,9.231409,8.102896,7357.615723,5.00e-05,8910.32,1174.00,25973282,N/A,2025-08-11 19:36:39
8125,10.539698,8.102896,7357.615723,5.00e-05,9063.24,1618.00,25976518,N/A,2025-08-11 19:36:40
8126,6.848754,8.102896,7357.615723,5.00e-05,8751.78,1468.50,25979455,N/A,2025-08-11 19:36:40
8127,9.672579,8.102896,7357.615723,5.00e-05,8596.55,1772.50,25983000,N/A,2025-08-11 19:36:40
8128,7.309371,8.102896,7357.615723,5.00e-05,8559.10,1289.50,25985579,N/A,2025-08-11 19:36:41
8129,9.007565,8.102896,7357.615723,5.00e-05,8677.54,1634.00,25988847,N/A,2025-08-11 19:36:41
8130,12.052969,8.102896,7357.615723,5.00e-05,8828.15,1898.00,25992643,1.0000,2025-08-11 19:36:42
8131,12.860454,8.102896,7357.615723,5.00e-05,8957.95,1783.50,25996210,N/A,2025-08-11 19:36:42
8132,10.929832,8.102896,7357.615723,5.00e-05,8834.58,1510.00,25999230,N/A,2025-08-11 19:36:42
8133,14.438771,8.102896,7357.615723,5.00e-05,9149.12,1999.00,26003228,N/A,2025-08-11 19:36:43
8134,11.360176,8.102896,7357.615723,5.00e-05,9495.70,1809.00,26006846,N/A,2025-08-11 19:36:43
8135,9.478050,8.102896,7357.615723,5.00e-05,9476.70,1479.00,26009804,N/A,2025-08-11 19:36:43
8136,11.152219,8.102896,7357.615723,5.00e-05,9719.25,1769.00,26013342,N/A,2025-08-11 19:36:44
8137,8.509370,8.102896,7357.615723,5.00e-05,9612.74,1552.00,26016446,N/A,2025-08-11 19:36:44
8138,10.145557,8.102896,7357.615723,5.00e-05,9913.18,1824.00,26020094,N/A,2025-08-11 19:36:45
8139,10.658336,8.102896,7357.615723,5.00e-05,10098.57,1732.00,26023558,N/A,2025-08-11 19:36:45
8140,11.426447,8.102896,7357.615723,5.00e-05,9594.07,1335.50,26026229,1.0000,2025-08-11 19:36:45
8141,6.963318,8.102896,7357.615723,5.00e-05,9249.51,1191.00,26028611,N/A,2025-08-11 19:36:46
8142,9.953163,8.102896,7357.615723,5.00e-05,9427.94,1776.50,26032164,N/A,2025-08-11 19:36:46
8143,10.461801,8.102896,7357.615723,5.00e-05,9255.01,1731.00,26035626,N/A,2025-08-11 19:36:47
8144,9.155414,8.102896,7357.615723,5.00e-05,9043.96,1479.50,26038585,N/A,2025-08-11 19:36:47
8145,12.942831,8.102896,7357.615723,5.00e-05,9330.97,2014.00,26042613,N/A,2025-08-11 19:36:47
8146,8.160281,8.102896,7357.615723,5.00e-05,9283.74,1750.50,26046114,N/A,2025-08-11 19:36:48
8147,8.581606,8.102896,7357.615723,5.00e-05,9189.96,1502.00,26049118,N/A,2025-08-11 19:36:48
8148,9.731740,8.102896,7357.615723,5.00e-05,9318.11,1887.50,26052893,N/A,2025-08-11 19:36:49
8149,5.842075,8.102896,7357.615723,5.00e-05,9269.12,1352.50,26055598,N/A,2025-08-11 19:36:49
8150,16.817984,8.102896,7357.615723,5.00e-05,9425.44,1956.00,26059510,1.0000,2025-08-11 19:36:49
8151,12.553734,8.102896,7357.615723,5.00e-05,9787.17,1935.50,26063381,N/A,2025-08-11 19:36:50
8152,10.937357,8.102896,7357.615723,5.00e-05,9882.11,1955.00,26067291,N/A,2025-08-11 19:36:50
8153,8.837644,8.102896,7357.615723,5.00e-05,9634.02,1414.50,26070120,N/A,2025-08-11 19:36:51
8154,6.599389,8.102896,7357.615723,5.00e-05,9732.86,1637.00,26073394,N/A,2025-08-11 19:36:51
8155,12.306205,8.102896,7357.615723,5.00e-05,9723.25,1943.00,26077280,N/A,2025-08-11 19:36:51
8156,8.058357,8.102896,7357.615723,5.00e-05,9691.05,1595.50,26080471,N/A,2025-08-11 19:36:52
8157,8.033018,8.102896,7357.615723,5.00e-05,9631.33,1434.50,26083340,N/A,2025-08-11 19:36:52
8158,13.317782,8.102896,7357.615723,5.00e-05,9548.78,1787.50,26086915,N/A,2025-08-11 19:36:52
8159,8.415057,8.102896,7357.615723,5.00e-05,9817.15,1533.00,26089981,N/A,2025-08-11 19:36:53
8160,11.301024,8.102896,7357.615723,5.00e-05,9511.20,1710.50,26093402,1.0000,2025-08-11 19:36:53
8161,8.800554,8.102896,7357.615723,5.00e-05,9365.27,1659.00,26096720,N/A,2025-08-11 19:36:54
8162,7.367630,8.102896,7357.615723,5.00e-05,9308.35,1690.00,26100100,N/A,2025-08-11 19:36:54
8163,7.045642,8.102896,7357.615723,5.00e-05,9327.03,1447.50,26102995,N/A,2025-08-11 19:36:54
8164,6.107090,8.102896,7357.615723,5.00e-05,8951.21,1064.50,26105124,N/A,2025-08-11 19:36:55
8165,14.069858,8.102896,7357.615723,5.00e-05,8964.13,1949.00,26109022,N/A,2025-08-11 19:36:55
8166,12.026494,8.102896,7357.615723,5.00e-05,9067.29,1854.50,26112731,N/A,2025-08-11 19:36:56
8167,7.014839,8.102896,7357.615723,5.00e-05,9241.95,1699.50,26116130,N/A,2025-08-11 19:36:56
8168,8.653276,8.102896,7357.615723,5.00e-05,9080.03,1577.00,26119284,N/A,2025-08-11 19:36:56
8169,8.181606,8.102896,7357.615723,5.00e-05,9193.14,1366.00,26122016,N/A,2025-08-11 19:36:57
8170,9.784475,8.102896,7357.615723,5.00e-05,8927.74,1549.50,26125115,1.0000,2025-08-11 19:36:57
8171,11.155760,8.102896,7357.615723,5.00e-05,8928.13,1708.00,26128531,N/A,2025-08-11 19:36:58
8172,8.991062,8.102896,7357.615723,5.00e-05,8771.18,1411.50,26131354,N/A,2025-08-11 19:36:58
8173,9.308345,8.102896,7357.615723,5.00e-05,8835.42,1599.50,26134553,N/A,2025-08-11 19:36:58
8174,8.561794,8.102896,7357.615723,5.00e-05,9158.70,1662.50,26137878,N/A,2025-08-11 19:36:59
8175,10.367404,8.102896,7357.615723,5.00e-05,8918.78,1400.50,26140679,N/A,2025-08-11 19:36:59
8176,8.284140,8.102896,7357.615723,5.00e-05,8719.00,1603.00,26143885,N/A,2025-08-11 19:37:00
8177,8.023318,8.102896,7357.615723,5.00e-05,8647.46,1437.50,26146760,N/A,2025-08-11 19:37:00
8178,9.231639,8.102896,7357.615723,5.00e-05,8610.95,1509.00,26149778,N/A,2025-08-11 19:37:00
8179,7.921581,8.102896,7357.615723,5.00e-05,8743.50,1251.00,26152280,N/A,2025-08-11 19:37:01
8180,10.513647,8.102896,7357.615723,5.00e-05,8682.41,1837.50,26155955,1.0000,2025-08-11 19:37:01
8181,7.945851,8.102896,7357.615723,5.00e-05,8554.25,1520.50,26158996,N/A,2025-08-11 19:37:02
8182,9.159978,8.102896,7357.615723,5.00e-05,8895.80,1878.50,26162753,N/A,2025-08-11 19:37:02
8183,6.625822,8.102896,7357.615723,5.00e-05,8706.82,1231.00,26165215,N/A,2025-08-11 19:37:02
8184,9.914106,8.102896,7357.615723,5.00e-05,8547.04,1451.50,26168118,N/A,2025-08-11 19:37:03
8185,7.256702,8.102896,7357.615723,5.00e-05,8620.88,1461.50,26171041,N/A,2025-08-11 19:37:03
8186,10.518573,8.102896,7357.615723,5.00e-05,8746.60,1929.50,26174900,N/A,2025-08-11 19:37:04
8187,8.609597,8.102896,7357.615723,5.00e-05,8754.02,1442.00,26177784,N/A,2025-08-11 19:37:04
8188,8.323821,8.102896,7357.615723,5.00e-05,8661.71,1369.50,26180523,N/A,2025-08-11 19:37:04
8189,6.929957,8.102896,7357.615723,5.00e-05,9000.95,1522.50,26183568,N/A,2025-08-11 19:37:05
8190,6.955697,8.102896,7357.615723,5.00e-05,8442.61,1180.00,26185928,1.0000,2025-08-11 19:37:05
8191,9.426661,8.102896,7357.615723,5.00e-05,8444.53,1523.00,26188974,N/A,2025-08-11 19:37:06
8192,5.058857,8.102896,7357.615723,5.00e-05,7979.40,1070.00,26191114,N/A,2025-08-11 19:37:06
8193,7.237106,8.102896,7357.615723,5.00e-05,8057.75,1325.50,26193765,N/A,2025-08-11 19:37:06
8194,9.170479,8.102896,7357.615723,5.00e-05,8165.01,1613.00,26196991,N/A,2025-08-11 19:37:07
8195,10.402705,8.102896,7357.615723,5.00e-05,8351.40,1694.50,26200380,N/A,2025-08-11 19:37:07
8196,11.251633,8.102896,7357.615723,5.00e-05,8346.98,1941.50,26204263,N/A,2025-08-11 19:37:07
8197,12.636313,8.102896,7357.615723,5.00e-05,8593.98,1892.00,26208047,N/A,2025-08-11 19:37:08
8198,7.961264,8.102896,7357.615723,5.00e-05,8622.26,1299.50,26210646,N/A,2025-08-11 19:37:08
8199,9.946579,8.102896,7357.615723,5.00e-05,9011.99,1814.00,26214274,N/A,2025-08-11 19:37:09
8200,8.387945,8.102896,7357.615723,5.00e-05,8959.64,1593.00,26217460,1.0000,2025-08-11 19:37:09
8201,12.028579,8.102896,7357.615723,5.00e-05,7611.33,2048.00,26221556,N/A,2025-08-11 19:37:10
8202,8.577550,8.102896,7357.615723,5.00e-05,7850.44,1586.00,26224728,N/A,2025-08-11 19:37:11
8203,5.827606,8.102896,7357.615723,5.00e-05,7864.50,1356.00,26227440,N/A,2025-08-11 19:37:11
8204,6.558682,8.102896,7357.615723,5.00e-05,7626.57,1106.50,26229653,N/A,2025-08-11 19:37:11
8205,7.553381,8.102896,7357.615723,5.00e-05,7539.79,1576.50,26232806,N/A,2025-08-11 19:37:12
8206,6.697042,8.102896,7357.615723,5.00e-05,7300.20,1385.50,26235577,N/A,2025-08-11 19:37:12
8207,7.881581,8.102896,7357.615723,5.00e-05,7034.17,1331.50,26238240,N/A,2025-08-11 19:37:12
8208,13.847382,8.102896,7357.615723,5.00e-05,7146.09,1570.50,26241381,N/A,2025-08-11 19:37:13
8209,12.909976,8.102896,7357.615723,5.00e-05,7393.54,1949.00,26245279,N/A,2025-08-11 19:37:13
8210,7.232517,8.102896,7357.615723,5.00e-05,8602.63,1191.00,26247661,1.0000,2025-08-11 19:37:14
8211,10.617219,8.102896,7357.615723,5.00e-05,8508.12,1966.50,26251594,N/A,2025-08-11 19:37:14
8212,11.380145,8.102896,7357.615723,5.00e-05,8776.05,2048.00,26255690,N/A,2025-08-11 19:37:14
8213,10.080361,8.102896,7357.615723,5.00e-05,8859.08,1508.00,26258706,N/A,2025-08-11 19:37:15
8214,12.851046,8.102896,7357.615723,5.00e-05,9384.97,1944.00,26262594,N/A,2025-08-11 19:37:15
8215,9.051857,8.102896,7357.615723,5.00e-05,9425.41,1659.50,26265913,N/A,2025-08-11 19:37:16
8216,11.318767,8.102896,7357.615723,5.00e-05,9801.04,2034.50,26269982,N/A,2025-08-11 19:37:16
8217,10.619106,8.102896,7357.615723,5.00e-05,10041.66,1735.50,26273453,N/A,2025-08-11 19:37:16
8218,10.333490,8.102896,7357.615723,5.00e-05,10081.88,1632.50,26276718,N/A,2025-08-11 19:37:17
8219,8.509810,8.102896,7357.615723,5.00e-05,10036.27,1485.50,26279689,N/A,2025-08-11 19:37:17
8220,7.321172,8.102896,7357.615723,5.00e-05,10053.12,1469.00,26282627,1.0000,2025-08-11 19:37:18
8221,6.020244,8.102896,7357.615723,5.00e-05,9589.24,1211.50,26285050,N/A,2025-08-11 19:37:18
8222,8.940088,8.102896,7357.615723,5.00e-05,9331.73,1608.50,26288267,N/A,2025-08-11 19:37:18
8223,5.663117,8.102896,7357.615723,5.00e-05,9178.16,1233.00,26290733,N/A,2025-08-11 19:37:19
8224,9.953873,8.102896,7357.615723,5.00e-05,9104.59,1817.50,26294368,N/A,2025-08-11 19:37:19
8225,7.829815,8.102896,7357.615723,5.00e-05,8951.07,1401.00,26297170,N/A,2025-08-11 19:37:19
8226,10.857177,8.102896,7357.615723,5.00e-05,8719.39,1673.00,26300516,N/A,2025-08-11 19:37:20
8227,6.680240,8.102896,7357.615723,5.00e-05,8508.30,1352.50,26303221,N/A,2025-08-11 19:37:20
8228,6.391221,8.102896,7357.615723,5.00e-05,8264.35,1192.00,26305605,N/A,2025-08-11 19:37:21
8229,9.986606,8.102896,7357.615723,5.00e-05,8685.05,1916.50,26309438,N/A,2025-08-11 19:37:21
8230,5.941171,8.102896,7357.615723,5.00e-05,8355.44,1165.00,26311768,1.0000,2025-08-11 19:37:21
8231,5.570008,8.102896,7357.615723,5.00e-05,8247.20,1127.50,26314023,N/A,2025-08-11 19:37:22
8232,9.674962,8.102896,7357.615723,5.00e-05,8495.97,2032.00,26318087,N/A,2025-08-11 19:37:22
8233,7.869680,8.102896,7357.615723,5.00e-05,8595.98,1642.00,26321371,N/A,2025-08-11 19:37:23
8234,7.566771,8.102896,7357.615723,5.00e-05,8498.77,1726.50,26324824,N/A,2025-08-11 19:37:23
8235,7.533429,8.102896,7357.615723,5.00e-05,8423.28,1227.50,26327279,N/A,2025-08-11 19:37:23
8236,8.466940,8.102896,7357.615723,5.00e-05,8421.93,1679.00,26330637,N/A,2025-08-11 19:37:24
8237,9.429075,8.102896,7357.615723,5.00e-05,8619.09,1744.50,26334126,N/A,2025-08-11 19:37:24
8238,10.021969,8.102896,7357.615723,5.00e-05,8895.22,1677.00,26337480,N/A,2025-08-11 19:37:25
8239,9.104017,8.102896,7357.615723,5.00e-05,9037.44,1893.50,26341267,N/A,2025-08-11 19:37:25
8240,8.296489,8.102896,7357.615723,5.00e-05,9048.94,1434.00,26344135,1.0000,2025-08-11 19:37:25
8241,7.853171,8.102896,7357.615723,5.00e-05,9229.29,1461.00,26347057,N/A,2025-08-11 19:37:26
8242,6.570395,8.102896,7357.615723,5.00e-05,8853.66,1159.50,26349376,N/A,2025-08-11 19:37:26
8243,9.981511,8.102896,7357.615723,5.00e-05,9086.72,1973.50,26353323,N/A,2025-08-11 19:37:27
8244,10.768200,8.102896,7357.615723,5.00e-05,8859.12,1543.50,26356410,N/A,2025-08-11 19:37:27
8245,9.741758,8.102896,7357.615723,5.00e-05,9207.91,1861.00,26360132,N/A,2025-08-11 19:37:27
8246,10.837337,8.102896,7357.615723,5.00e-05,9313.37,1936.00,26364004,N/A,2025-08-11 19:37:28
8247,9.274191,8.102896,7357.615723,5.00e-05,9274.14,1696.00,26367396,N/A,2025-08-11 19:37:28
8248,8.580222,8.102896,7357.615723,5.00e-05,9142.25,1413.00,26370222,N/A,2025-08-11 19:37:29
8249,5.400403,8.102896,7357.615723,5.00e-05,8895.33,1189.50,26372601,N/A,2025-08-11 19:37:29
8250,8.785546,8.102896,7357.615723,5.00e-05,8811.46,1625.50,26375852,1.0000,2025-08-11 19:37:29
8251,7.738126,8.102896,7357.615723,5.00e-05,8699.98,1236.00,26378324,N/A,2025-08-11 19:37:30
8252,14.531960,8.102896,7357.615723,5.00e-05,9093.75,1977.00,26382278,N/A,2025-08-11 19:37:30
8253,8.257233,8.102896,7357.615723,5.00e-05,8920.53,1462.00,26385202,N/A,2025-08-11 19:37:31
8254,8.213710,8.102896,7357.615723,5.00e-05,8979.21,1644.00,26388490,N/A,2025-08-11 19:37:31
8255,11.533184,8.102896,7357.615723,5.00e-05,8771.56,1585.00,26391660,N/A,2025-08-11 19:37:31
8256,7.970575,8.102896,7357.615723,5.00e-05,8652.98,1933.00,26395526,N/A,2025-08-11 19:37:32
8257,6.673017,8.102896,7357.615723,5.00e-05,8289.59,1064.00,26397654,N/A,2025-08-11 19:37:32
8258,6.606220,8.102896,7357.615723,5.00e-05,8171.12,1115.50,26399885,N/A,2025-08-11 19:37:33
8259,12.001266,8.102896,7357.615723,5.00e-05,8805.97,2048.00,26403981,N/A,2025-08-11 19:37:33
8260,11.407619,8.102896,7357.615723,5.00e-05,8839.88,1942.00,26407865,1.0000,2025-08-11 19:37:33
8261,9.185996,8.102896,7357.615723,5.00e-05,8851.50,1339.00,26410543,N/A,2025-08-11 19:37:34
8262,9.520989,8.102896,7357.615723,5.00e-05,8715.47,1775.00,26414093,N/A,2025-08-11 19:37:34
8263,7.676101,8.102896,7357.615723,5.00e-05,8659.98,1384.00,26416861,N/A,2025-08-11 19:37:35
8264,7.824914,8.102896,7357.615723,5.00e-05,8627.93,1381.00,26419623,N/A,2025-08-11 19:37:35
8265,8.469019,8.102896,7357.615723,5.00e-05,8720.98,1579.00,26422781,N/A,2025-08-11 19:37:35
8266,11.365483,8.102896,7357.615723,5.00e-05,8600.22,1878.00,26426537,N/A,2025-08-11 19:37:36
8267,12.890478,8.102896,7357.615723,5.00e-05,9051.43,2005.50,26430548,N/A,2025-08-11 19:37:36
8268,13.287312,8.102896,7357.615723,5.00e-05,9463.65,1913.50,26434375,N/A,2025-08-11 19:37:37
8269,9.925743,8.102896,7357.615723,5.00e-05,9493.20,1787.50,26437950,N/A,2025-08-11 19:37:37
8270,7.176603,8.102896,7357.615723,5.00e-05,9051.93,1289.00,26440528,1.0000,2025-08-11 19:37:37
8271,14.391111,8.102896,7357.615723,5.00e-05,9234.90,1615.50,26443759,N/A,2025-08-11 19:37:38
8272,5.381774,8.102896,7357.615723,5.00e-05,8931.07,1199.00,26446157,N/A,2025-08-11 19:37:38
8273,6.851516,8.102896,7357.615723,5.00e-05,8877.13,1324.50,26448806,N/A,2025-08-11 19:37:39
8274,10.162278,8.102896,7357.615723,5.00e-05,9280.28,2048.00,26452902,N/A,2025-08-11 19:37:39
8275,11.189402,8.102896,7357.615723,5.00e-05,9286.40,1356.00,26455614,N/A,2025-08-11 19:37:39
8276,8.646994,8.102896,7357.615723,5.00e-05,9472.76,2024.50,26459663,N/A,2025-08-11 19:37:40
8277,8.269341,8.102896,7357.615723,5.00e-05,9021.47,1108.00,26461879,N/A,2025-08-11 19:37:40
8278,11.864534,8.102896,7357.615723,5.00e-05,9085.44,2048.00,26465975,N/A,2025-08-11 19:37:40
8279,9.959369,8.102896,7357.615723,5.00e-05,9289.28,1905.50,26469786,N/A,2025-08-11 19:37:41
8280,9.674789,8.102896,7357.615723,5.00e-05,9496.26,1951.50,26473689,1.0000,2025-08-11 19:37:41
8281,8.051591,8.102896,7357.615723,5.00e-05,9315.00,1300.50,26476290,N/A,2025-08-11 19:37:42
8282,9.098422,8.102896,7357.615723,5.00e-05,9408.20,1428.50,26479147,N/A,2025-08-11 19:37:42
8283,4.785402,8.102896,7357.615723,5.00e-05,9231.03,1039.00,26481225,N/A,2025-08-11 19:37:42
8284,8.883574,8.102896,7357.615723,5.00e-05,8852.43,1434.50,26484094,N/A,2025-08-11 19:37:43
8285,10.792967,8.102896,7357.615723,5.00e-05,9063.37,1752.50,26487599,N/A,2025-08-11 19:37:43
8286,9.809237,8.102896,7357.615723,5.00e-05,8857.41,1680.00,26490959,N/A,2025-08-11 19:37:44
8287,8.047128,8.102896,7357.615723,5.00e-05,8868.15,1109.50,26493178,N/A,2025-08-11 19:37:44
8288,7.849649,8.102896,7357.615723,5.00e-05,8583.50,1454.00,26496086,N/A,2025-08-11 19:37:44
8289,10.713455,8.102896,7357.615723,5.00e-05,8571.41,1576.00,26499238,N/A,2025-08-11 19:37:45
8290,11.256698,8.102896,7357.615723,5.00e-05,8411.93,1933.00,26503104,1.0000,2025-08-11 19:37:45
8291,9.192321,8.102896,7357.615723,5.00e-05,8627.26,1574.00,26506252,N/A,2025-08-11 19:37:46
8292,9.101693,8.102896,7357.615723,5.00e-05,8897.70,1925.00,26510102,N/A,2025-08-11 19:37:46
8293,6.264692,8.102896,7357.615723,5.00e-05,9026.06,1290.00,26512682,N/A,2025-08-11 19:37:46
8294,10.911600,8.102896,7357.615723,5.00e-05,9290.40,1898.50,26516479,N/A,2025-08-11 19:37:47
8295,9.430806,8.102896,7357.615723,5.00e-05,9160.43,1527.50,26519534,N/A,2025-08-11 19:37:47
8296,9.685735,8.102896,7357.615723,5.00e-05,9297.75,1959.50,26523453,N/A,2025-08-11 19:37:47
8297,8.631287,8.102896,7357.615723,5.00e-05,9464.79,1423.50,26526300,N/A,2025-08-11 19:37:48
8298,12.002776,8.102896,7357.615723,5.00e-05,9809.67,2048.00,26530396,N/A,2025-08-11 19:37:48
8299,6.415977,8.102896,7357.615723,5.00e-05,9834.20,1343.50,26533083,N/A,2025-08-11 19:37:49
8300,6.572214,8.102896,7357.615723,5.00e-05,9336.33,1465.00,26536013,1.0000,2025-08-11 19:37:49
8301,8.333324,8.102896,7357.615723,5.00e-05,7272.59,1642.00,26539297,N/A,2025-08-11 19:37:50
8302,8.550497,8.102896,7357.615723,5.00e-05,7151.65,1607.50,26542512,N/A,2025-08-11 19:37:51
8303,8.264123,8.102896,7357.615723,5.00e-05,7308.95,1696.50,26545905,N/A,2025-08-11 19:37:51
8304,7.037569,8.102896,7357.615723,5.00e-05,7169.98,1587.50,26549080,N/A,2025-08-11 19:37:52
8305,8.878457,8.102896,7357.615723,5.00e-05,7140.06,1442.00,26551964,N/A,2025-08-11 19:37:52
8306,6.758088,8.102896,7357.615723,5.00e-05,6862.32,1370.00,26554704,N/A,2025-08-11 19:37:52
8307,10.162839,8.102896,7357.615723,5.00e-05,7045.93,1877.50,26558459,N/A,2025-08-11 19:37:53
8308,10.673790,8.102896,7357.615723,5.00e-05,6887.47,1674.00,26561807,N/A,2025-08-11 19:37:53
8309,7.011367,8.102896,7357.615723,5.00e-05,7064.89,1466.00,26564739,N/A,2025-08-11 19:37:54
8310,7.708365,8.102896,7357.615723,5.00e-05,9112.67,1637.00,26568013,1.0000,2025-08-11 19:37:54
8311,9.821592,8.102896,7357.615723,5.00e-05,9088.63,1743.50,26571500,N/A,2025-08-11 19:37:54
8312,10.572732,8.102896,7357.615723,5.00e-05,9191.96,1745.50,26574991,N/A,2025-08-11 19:37:55
8313,8.328648,8.102896,7357.615723,5.00e-05,9230.66,1863.50,26578718,N/A,2025-08-11 19:37:55
8314,6.352503,8.102896,7357.615723,5.00e-05,9056.92,1320.00,26581358,N/A,2025-08-11 19:37:56
8315,11.207433,8.102896,7357.615723,5.00e-05,9373.89,2042.50,26585443,N/A,2025-08-11 19:37:56
8316,8.297321,8.102896,7357.615723,5.00e-05,9441.52,1448.50,26588340,N/A,2025-08-11 19:37:56
8317,11.174900,8.102896,7357.615723,5.00e-05,9468.28,1937.00,26592214,N/A,2025-08-11 19:37:57
8318,7.034647,8.102896,7357.615723,5.00e-05,9340.32,1478.00,26595170,N/A,2025-08-11 19:37:57
8319,8.474948,8.102896,7357.615723,5.00e-05,9564.20,1612.00,26598394,N/A,2025-08-11 19:37:58
8320,7.674228,8.102896,7357.615723,5.00e-05,9240.76,1390.50,26601175,1.0000,2025-08-11 19:37:58
8321,9.305676,8.102896,7357.615723,5.00e-05,9236.87,1712.50,26604600,N/A,2025-08-11 19:37:58
8322,9.963365,8.102896,7357.615723,5.00e-05,9301.09,1744.00,26608088,N/A,2025-08-11 19:37:59
8323,9.554917,8.102896,7357.615723,5.00e-05,9148.49,1556.00,26611200,N/A,2025-08-11 19:37:59
8324,11.198953,8.102896,7357.615723,5.00e-05,9500.11,1811.00,26614822,N/A,2025-08-11 19:38:00
8325,10.871982,8.102896,7357.615723,5.00e-05,9330.15,1805.00,26618432,N/A,2025-08-11 19:38:00
8326,8.955055,8.102896,7357.615723,5.00e-05,9353.95,1493.50,26621419,N/A,2025-08-11 19:38:00
8327,7.455581,8.102896,7357.615723,5.00e-05,8991.80,1253.00,26623925,N/A,2025-08-11 19:38:01
8328,11.584002,8.102896,7357.615723,5.00e-05,8956.12,1593.00,26627111,N/A,2025-08-11 19:38:01
8329,6.746438,8.102896,7357.615723,5.00e-05,9298.86,1748.00,26630607,N/A,2025-08-11 19:38:01
8330,8.982701,8.102896,7357.615723,5.00e-05,9203.59,1664.00,26633935,1.0000,2025-08-11 19:38:02
8331,7.622810,8.102896,7357.615723,5.00e-05,8988.46,1338.50,26636612,N/A,2025-08-11 19:38:02
8332,8.173985,8.102896,7357.615723,5.00e-05,8866.62,1555.00,26639722,N/A,2025-08-11 19:38:03
8333,8.555476,8.102896,7357.615723,5.00e-05,9005.72,1818.00,26643358,N/A,2025-08-11 19:38:03
8334,11.857518,8.102896,7357.615723,5.00e-05,9180.78,2048.00,26647454,N/A,2025-08-11 19:38:03
8335,11.859382,8.102896,7357.615723,5.00e-05,9272.81,2040.00,26651534,N/A,2025-08-11 19:38:04
8336,6.471121,8.102896,7357.615723,5.00e-05,9121.84,1245.50,26654025,N/A,2025-08-11 19:38:04
8337,8.234120,8.102896,7357.615723,5.00e-05,9350.25,1428.00,26656881,N/A,2025-08-11 19:38:05
8338,9.950269,8.102896,7357.615723,5.00e-05,9357.97,1599.50,26660080,N/A,2025-08-11 19:38:05
8339,7.690510,8.102896,7357.615723,5.00e-05,9437.12,1428.00,26662936,N/A,2025-08-11 19:38:05
8340,9.556627,8.102896,7357.615723,5.00e-05,9505.27,2048.00,26667032,1.0000,2025-08-11 19:38:06
8341,9.653411,8.102896,7357.615723,5.00e-05,9829.39,1847.00,26670726,N/A,2025-08-11 19:38:06
8342,5.390193,8.102896,7357.615723,5.00e-05,9494.75,1126.00,26672978,N/A,2025-08-11 19:38:07
8343,13.100518,8.102896,7357.615723,5.00e-05,9497.31,1951.00,26676880,N/A,2025-08-11 19:38:07
8344,11.344138,8.102896,7357.615723,5.00e-05,9384.17,1854.00,26680588,N/A,2025-08-11 19:38:07
8345,9.349786,8.102896,7357.615723,5.00e-05,9332.54,1981.00,26684550,N/A,2025-08-11 19:38:08
8346,8.647326,8.102896,7357.615723,5.00e-05,9438.34,1494.00,26687538,N/A,2025-08-11 19:38:08
8347,6.294905,8.102896,7357.615723,5.00e-05,9281.03,1125.50,26689789,N/A,2025-08-11 19:38:09
8348,9.366813,8.102896,7357.615723,5.00e-05,9292.48,1607.00,26693003,N/A,2025-08-11 19:38:09
8349,10.543776,8.102896,7357.615723,5.00e-05,9487.55,1493.00,26695989,N/A,2025-08-11 19:38:09
8350,5.361417,8.102896,7357.615723,5.00e-05,8722.75,1096.50,26698182,1.0000,2025-08-11 19:38:10
8351,13.084175,8.102896,7357.615723,5.00e-05,8714.37,1764.50,26701711,N/A,2025-08-11 19:38:10
8352,7.334970,8.102896,7357.615723,5.00e-05,8732.67,1272.00,26704255,N/A,2025-08-11 19:38:11
8353,9.398016,8.102896,7357.615723,5.00e-05,8644.26,1704.50,26707664,N/A,2025-08-11 19:38:11
8354,6.370573,8.102896,7357.615723,5.00e-05,8250.34,1107.00,26709878,N/A,2025-08-11 19:38:11
8355,7.704640,8.102896,7357.615723,5.00e-05,7918.30,1475.50,26712829,N/A,2025-08-11 19:38:12
8356,10.930394,8.102896,7357.615723,5.00e-05,7796.09,1388.00,26715605,N/A,2025-08-11 19:38:12
8357,6.856102,8.102896,7357.615723,5.00e-05,7759.27,1087.00,26717779,N/A,2025-08-11 19:38:13
8358,12.063956,8.102896,7357.615723,5.00e-05,7920.24,2039.00,26721857,N/A,2025-08-11 19:38:13
8359,9.557554,8.102896,7357.615723,5.00e-05,8018.83,1364.00,26724585,N/A,2025-08-11 19:38:13
8360,7.861171,8.102896,7357.615723,5.00e-05,8100.65,1521.00,26727627,1.0000,2025-08-11 19:38:14
8361,12.652105,8.102896,7357.615723,5.00e-05,8142.23,1702.00,26731031,N/A,2025-08-11 19:38:14
8362,11.195125,8.102896,7357.615723,5.00e-05,8570.87,2048.00,26735127,N/A,2025-08-11 19:38:15
8363,8.318699,8.102896,7357.615723,5.00e-05,8423.17,1454.00,26738035,N/A,2025-08-11 19:38:15
8364,10.334270,8.102896,7357.615723,5.00e-05,8771.89,1609.00,26741253,N/A,2025-08-11 19:38:15
8365,9.578732,8.102896,7357.615723,5.00e-05,9043.29,1836.50,26744926,N/A,2025-08-11 19:38:16
8366,5.962178,8.102896,7357.615723,5.00e-05,9014.74,1340.50,26747607,N/A,2025-08-11 19:38:16
8367,8.505755,8.102896,7357.615723,5.00e-05,9194.60,1244.50,26750096,N/A,2025-08-11 19:38:16
8368,8.175481,8.102896,7357.615723,5.00e-05,8816.49,1350.00,26752796,N/A,2025-08-11 19:38:17
8369,7.400410,8.102896,7357.615723,5.00e-05,9025.03,1355.00,26755506,N/A,2025-08-11 19:38:17
8370,7.575100,8.102896,7357.615723,5.00e-05,8630.21,1307.50,26758121,1.0000,2025-08-11 19:38:18
8371,7.722831,8.102896,7357.615723,5.00e-05,8324.08,1297.00,26760715,N/A,2025-08-11 19:38:18
8372,14.845646,8.102896,7357.615723,5.00e-05,8265.22,1915.50,26764546,N/A,2025-08-11 19:38:18
8373,8.538816,8.102896,7357.615723,5.00e-05,8244.25,1389.50,26767325,N/A,2025-08-11 19:38:19
8374,9.711319,8.102896,7357.615723,5.00e-05,8424.18,1933.00,26771191,N/A,2025-08-11 19:38:19
8375,9.775950,8.102896,7357.615723,5.00e-05,8456.46,1876.50,26774944,N/A,2025-08-11 19:38:20
8376,7.018701,8.102896,7357.615723,5.00e-05,8659.39,1777.00,26778498,N/A,2025-08-11 19:38:20
8377,9.901796,8.102896,7357.615723,5.00e-05,8981.31,1804.50,26782107,N/A,2025-08-11 19:38:20
8378,9.838145,8.102896,7357.615723,5.00e-05,9320.52,1943.00,26785993,N/A,2025-08-11 19:38:21
8379,8.774380,8.102896,7357.615723,5.00e-05,9693.23,1404.50,26788802,N/A,2025-08-11 19:38:21
8380,6.888712,8.102896,7357.615723,5.00e-05,9504.65,1148.50,26791099,1.0000,2025-08-11 19:38:22
8381,7.744982,8.102896,7357.615723,5.00e-05,9598.65,1490.50,26794080,N/A,2025-08-11 19:38:22
8382,12.262100,8.102896,7357.615723,5.00e-05,9491.24,1726.00,26797532,N/A,2025-08-11 19:38:22
8383,8.457058,8.102896,7357.615723,5.00e-05,9529.12,1530.50,26800593,N/A,2025-08-11 19:38:23
8384,7.032546,8.102896,7357.615723,5.00e-05,9088.51,1308.50,26803210,N/A,2025-08-11 19:38:23
8385,9.866672,8.102896,7357.615723,5.00e-05,9215.43,2048.00,26807306,N/A,2025-08-11 19:38:24
8386,9.116259,8.102896,7357.615723,5.00e-05,9336.74,1986.50,26811279,N/A,2025-08-11 19:38:24
8387,13.926923,8.102896,7357.615723,5.00e-05,9301.50,1749.50,26814778,N/A,2025-08-11 19:38:24
8388,7.367427,8.102896,7357.615723,5.00e-05,9053.00,1613.00,26818004,N/A,2025-08-11 19:38:25
8389,10.029398,8.102896,7357.615723,5.00e-05,9493.93,1863.50,26821731,N/A,2025-08-11 19:38:25
8390,6.575843,8.102896,7357.615723,5.00e-05,9348.18,1178.50,26824088,1.0000,2025-08-11 19:38:26
8391,12.977452,8.102896,7357.615723,5.00e-05,9535.39,1833.00,26827754,N/A,2025-08-11 19:38:26
8392,8.356726,8.102896,7357.615723,5.00e-05,9467.29,1561.00,26830876,N/A,2025-08-11 19:38:26
8393,11.336764,8.102896,7357.615723,5.00e-05,9557.18,1516.50,26833909,N/A,2025-08-11 19:38:27
8394,6.662211,8.102896,7357.615723,5.00e-05,9604.69,1458.00,26836825,N/A,2025-08-11 19:38:27
8395,8.118430,8.102896,7357.615723,5.00e-05,9246.74,1438.50,26839702,N/A,2025-08-11 19:38:27
8396,7.000480,8.102896,7357.615723,5.00e-05,8811.23,1234.00,26842170,N/A,2025-08-11 19:38:28
8397,8.405189,8.102896,7357.615723,5.00e-05,8798.06,1623.00,26845416,N/A,2025-08-11 19:38:28
8398,11.673451,8.102896,7357.615723,5.00e-05,9021.41,2048.00,26849512,N/A,2025-08-11 19:38:29
8399,9.923574,8.102896,7357.615723,5.00e-05,9077.09,1684.00,26852880,N/A,2025-08-11 19:38:29
8400,11.111937,8.102896,7357.615723,5.00e-05,9263.04,1900.50,26856681,1.0000,2025-08-11 19:38:29
8401,11.105408,8.102896,7357.615723,5.00e-05,7686.53,1934.00,26860549,N/A,2025-08-11 19:38:31
8402,10.268389,8.102896,7357.615723,5.00e-05,7774.82,1807.00,26864163,N/A,2025-08-11 19:38:31
8403,6.497234,8.102896,7357.615723,5.00e-05,7721.33,1355.00,26866873,N/A,2025-08-11 19:38:31
8404,6.049885,8.102896,7357.615723,5.00e-05,7628.20,1353.50,26869580,N/A,2025-08-11 19:38:32
8405,7.921439,8.102896,7357.615723,5.00e-05,7835.83,1881.00,26873342,N/A,2025-08-11 19:38:32
8406,10.678893,8.102896,7357.615723,5.00e-05,8019.71,1658.00,26876658,N/A,2025-08-11 19:38:32
8407,7.052477,8.102896,7357.615723,5.00e-05,7954.36,1558.50,26879775,N/A,2025-08-11 19:38:33
8408,9.118258,8.102896,7357.615723,5.00e-05,7900.84,1923.50,26883622,N/A,2025-08-11 19:38:33
8409,10.141191,8.102896,7357.615723,5.00e-05,8156.38,1880.50,26887383,N/A,2025-08-11 19:38:34
8410,8.148358,8.102896,7357.615723,5.00e-05,9522.14,1618.50,26890620,1.0000,2025-08-11 19:38:34
8411,12.735835,8.102896,7357.615723,5.00e-05,9473.44,1946.50,26894513,N/A,2025-08-11 19:38:34
8412,9.366238,8.102896,7357.615723,5.00e-05,9168.10,1274.50,26897062,N/A,2025-08-11 19:38:35
8413,8.971268,8.102896,7357.615723,5.00e-05,9183.35,1267.50,26899597,N/A,2025-08-11 19:38:35
8414,14.063475,8.102896,7357.615723,5.00e-05,9503.25,1998.50,26903594,N/A,2025-08-11 19:38:36
8415,9.963111,8.102896,7357.615723,5.00e-05,9263.79,1428.50,26906451,N/A,2025-08-11 19:38:36
8416,5.427051,8.102896,7357.615723,5.00e-05,8991.02,1026.50,26908504,N/A,2025-08-11 19:38:36
8417,8.508717,8.102896,7357.615723,5.00e-05,9011.76,1624.00,26911752,N/A,2025-08-11 19:38:37
8418,6.815745,8.102896,7357.615723,5.00e-05,8659.89,1307.50,26914367,N/A,2025-08-11 19:38:37
8419,12.052933,8.102896,7357.615723,5.00e-05,8935.27,2026.00,26918419,N/A,2025-08-11 19:38:38
8420,5.638868,8.102896,7357.615723,5.00e-05,8571.73,1206.00,26920831,1.0000,2025-08-11 19:38:38
8421,8.054847,8.102896,7357.615723,5.00e-05,8170.39,1223.00,26923277,N/A,2025-08-11 19:38:38
8422,5.531675,8.102896,7357.615723,5.00e-05,8039.38,1073.50,26925424,N/A,2025-08-11 19:38:39
8423,9.797750,8.102896,7357.615723,5.00e-05,8329.55,1779.50,26928983,N/A,2025-08-11 19:38:39
8424,8.821980,8.102896,7357.615723,5.00e-05,8092.87,1586.50,26932156,N/A,2025-08-11 19:38:40
8425,8.679872,8.102896,7357.615723,5.00e-05,8328.41,1854.50,26935865,N/A,2025-08-11 19:38:40
8426,7.496889,8.102896,7357.615723,5.00e-05,8640.20,1541.50,26938948,N/A,2025-08-11 19:38:40
8427,9.272431,8.102896,7357.615723,5.00e-05,8758.13,1819.50,26942587,N/A,2025-08-11 19:38:41
8428,9.897398,8.102896,7357.615723,5.00e-05,9021.13,1744.50,26946076,N/A,2025-08-11 19:38:41
8429,9.422977,8.102896,7357.615723,5.00e-05,9020.64,1646.00,26949368,N/A,2025-08-11 19:38:41
8430,12.665659,8.102896,7357.615723,5.00e-05,9264.77,1968.00,26953304,1.0000,2025-08-11 19:38:42
8431,5.582644,8.102896,7357.615723,5.00e-05,9259.80,1171.50,26955647,N/A,2025-08-11 19:38:42
8432,8.812439,8.102896,7357.615723,5.00e-05,9732.42,1831.50,26959310,N/A,2025-08-11 19:38:43
8433,10.673508,8.102896,7357.615723,5.00e-05,9842.68,1985.50,26963281,N/A,2025-08-11 19:38:43
8434,7.252464,8.102896,7357.615723,5.00e-05,9715.72,1511.00,26966303,N/A,2025-08-11 19:38:43
8435,11.791169,8.102896,7357.615723,5.00e-05,9690.35,1816.50,26969936,N/A,2025-08-11 19:38:44
8436,5.158005,8.102896,7357.615723,5.00e-05,9443.24,1111.50,26972159,N/A,2025-08-11 19:38:44
8437,7.207709,8.102896,7357.615723,5.00e-05,9175.85,1448.50,26975056,N/A,2025-08-11 19:38:45
8438,11.283431,8.102896,7357.615723,5.00e-05,9226.18,1840.50,26978737,N/A,2025-08-11 19:38:45
8439,5.994989,8.102896,7357.615723,5.00e-05,9328.05,1558.00,26981853,N/A,2025-08-11 19:38:45
8440,11.532458,8.102896,7357.615723,5.00e-05,9162.91,1960.50,26985774,1.0000,2025-08-11 19:38:46
8441,8.307301,8.102896,7357.615723,5.00e-05,9339.62,1446.00,26988666,N/A,2025-08-11 19:38:46
8442,7.655684,8.102896,7357.615723,5.00e-05,9254.96,1668.00,26992002,N/A,2025-08-11 19:38:47
8443,6.214726,8.102896,7357.615723,5.00e-05,8837.11,1131.50,26994265,N/A,2025-08-11 19:38:47
8444,8.256581,8.102896,7357.615723,5.00e-05,9052.16,1896.00,26998057,N/A,2025-08-11 19:38:47
8445,9.127636,8.102896,7357.615723,5.00e-05,8906.16,1645.00,27001347,N/A,2025-08-11 19:38:48
8446,9.081277,8.102896,7357.615723,5.00e-05,9330.50,1731.00,27004809,N/A,2025-08-11 19:38:48
8447,5.285256,8.102896,7357.615723,5.00e-05,9179.08,1185.00,27007179,N/A,2025-08-11 19:38:48
8448,8.325968,8.102896,7357.615723,5.00e-05,9067.95,1752.00,27010683,N/A,2025-08-11 19:38:49
8449,9.628510,8.102896,7357.615723,5.00e-05,9314.82,1706.00,27014095,N/A,2025-08-11 19:38:49
8450,6.835407,8.102896,7357.615723,5.00e-05,8880.40,1553.00,27017201,1.0000,2025-08-11 19:38:50
8451,9.217325,8.102896,7357.615723,5.00e-05,9065.88,1764.00,27020729,N/A,2025-08-11 19:38:50
8452,6.783501,8.102896,7357.615723,5.00e-05,8832.15,1237.00,27023203,N/A,2025-08-11 19:38:50
8453,13.370588,8.102896,7357.615723,5.00e-05,9269.43,1915.50,27027034,N/A,2025-08-11 19:38:51
8454,6.778069,8.102896,7357.615723,5.00e-05,8916.97,1219.00,27029472,N/A,2025-08-11 19:38:51
8455,8.853137,8.102896,7357.615723,5.00e-05,8771.65,1421.00,27032314,N/A,2025-08-11 19:38:52
8456,10.173119,8.102896,7357.615723,5.00e-05,8780.98,1749.00,27035812,N/A,2025-08-11 19:38:52
8457,7.365687,8.102896,7357.615723,5.00e-05,9033.96,1435.00,27038682,N/A,2025-08-11 19:38:52
8458,7.982078,8.102896,7357.615723,5.00e-05,8972.04,1692.50,27042067,N/A,2025-08-11 19:38:53
8459,10.411870,8.102896,7357.615723,5.00e-05,9149.55,1697.50,27045462,N/A,2025-08-11 19:38:53
8460,8.284119,8.102896,7357.615723,5.00e-05,9159.05,1856.00,27049174,1.0000,2025-08-11 19:38:54
8461,6.315196,8.102896,7357.615723,5.00e-05,8758.15,1052.50,27051279,N/A,2025-08-11 19:38:54
8462,10.175448,8.102896,7357.615723,5.00e-05,9233.62,2048.00,27055375,N/A,2025-08-11 19:38:54
8463,6.054715,8.102896,7357.615723,5.00e-05,8776.66,1183.50,27057742,N/A,2025-08-11 19:38:55
8464,8.618213,8.102896,7357.615723,5.00e-05,8930.29,1473.50,27060689,N/A,2025-08-11 19:38:55
8465,10.583097,8.102896,7357.615723,5.00e-05,9181.53,1869.00,27064427,N/A,2025-08-11 19:38:56
8466,8.107371,8.102896,7357.615723,5.00e-05,8858.13,1173.00,27066773,N/A,2025-08-11 19:38:56
8467,6.032569,8.102896,7357.615723,5.00e-05,8686.63,1096.00,27068965,N/A,2025-08-11 19:38:56
8468,7.336723,8.102896,7357.615723,5.00e-05,8435.55,1243.50,27071452,N/A,2025-08-11 19:38:57
8469,4.817894,8.102896,7357.615723,5.00e-05,8208.13,1069.50,27073591,N/A,2025-08-11 19:38:57
8470,11.319625,8.102896,7357.615723,5.00e-05,8064.02,1906.50,27077404,1.0000,2025-08-11 19:38:57
8471,7.326035,8.102896,7357.615723,5.00e-05,8166.48,1401.50,27080207,N/A,2025-08-11 19:38:58
8472,6.643920,8.102896,7357.615723,5.00e-05,7800.46,1336.00,27082879,N/A,2025-08-11 19:38:58
8473,7.145594,8.102896,7357.615723,5.00e-05,7908.91,1565.00,27086009,N/A,2025-08-11 19:38:59
8474,10.133814,8.102896,7357.615723,5.00e-05,7993.19,1611.50,27089232,N/A,2025-08-11 19:38:59
8475,10.673038,8.102896,7357.615723,5.00e-05,8029.62,1931.50,27093095,N/A,2025-08-11 19:38:59
8476,7.718849,8.102896,7357.615723,5.00e-05,8251.21,1567.50,27096230,N/A,2025-08-11 19:39:00
8477,5.969990,8.102896,7357.615723,5.00e-05,8245.09,1100.50,27098431,N/A,2025-08-11 19:39:00
8478,10.831966,8.102896,7357.615723,5.00e-05,8542.32,1759.00,27101949,N/A,2025-08-11 19:39:01
8479,6.870479,8.102896,7357.615723,5.00e-05,8864.08,1326.00,27104601,N/A,2025-08-11 19:39:01
8480,9.760205,8.102896,7357.615723,5.00e-05,8581.35,1556.00,27107713,1.0000,2025-08-11 19:39:01
8481,11.614574,8.102896,7357.615723,5.00e-05,8799.29,2008.50,27111730,N/A,2025-08-11 19:39:02
8482,7.697994,8.102896,7357.615723,5.00e-05,8970.12,1496.50,27114723,N/A,2025-08-11 19:39:02
8483,6.934072,8.102896,7357.615723,5.00e-05,8787.35,1325.50,27117374,N/A,2025-08-11 19:39:03
8484,7.232015,8.102896,7357.615723,5.00e-05,8553.39,1211.50,27119797,N/A,2025-08-11 19:39:03
8485,7.299199,8.102896,7357.615723,5.00e-05,8224.67,1460.00,27122717,N/A,2025-08-11 19:39:03
8486,6.985258,8.102896,7357.615723,5.00e-05,8167.61,1433.50,27125584,N/A,2025-08-11 19:39:04
8487,10.243949,8.102896,7357.615723,5.00e-05,8631.28,1928.50,27129441,N/A,2025-08-11 19:39:04
8488,7.583502,8.102896,7357.615723,5.00e-05,8483.29,1492.50,27132426,N/A,2025-08-11 19:39:05
8489,13.273320,8.102896,7357.615723,5.00e-05,9047.52,1999.50,27136425,N/A,2025-08-11 19:39:05
8490,11.232856,8.102896,7357.615723,5.00e-05,9207.81,1934.00,27140293,1.0000,2025-08-11 19:39:05
8491,9.816402,8.102896,7357.615723,5.00e-05,9107.70,1758.00,27143809,N/A,2025-08-11 19:39:06
8492,8.413660,8.102896,7357.615723,5.00e-05,9250.59,1658.00,27147125,N/A,2025-08-11 19:39:06
8493,8.648014,8.102896,7357.615723,5.00e-05,9201.27,1238.50,27149602,N/A,2025-08-11 19:39:07
8494,9.069622,8.102896,7357.615723,5.00e-05,9763.88,2048.00,27153698,N/A,2025-08-11 19:39:07
8495,10.310143,8.102896,7357.615723,5.00e-05,9878.27,1769.00,27157236,N/A,2025-08-11 19:39:07
8496,9.434004,8.102896,7357.615723,5.00e-05,10025.10,1868.50,27160973,N/A,2025-08-11 19:39:08
8497,5.861992,8.102896,7357.615723,5.00e-05,9621.04,1260.00,27163493,N/A,2025-08-11 19:39:08
8498,10.846649,8.102896,7357.615723,5.00e-05,9715.77,1689.00,27166871,N/A,2025-08-11 19:39:09
8499,7.086545,8.102896,7357.615723,5.00e-05,9547.09,1337.00,27169545,N/A,2025-08-11 19:39:09
8500,7.950307,8.102896,7357.615723,5.00e-05,9093.92,1560.50,27172666,1.0000,2025-08-11 19:39:09
8501,7.812767,8.102896,7357.615723,5.00e-05,6881.32,1609.00,27175884,N/A,2025-08-11 19:39:11
8502,6.942952,8.102896,7357.615723,5.00e-05,6752.04,1389.00,27178662,N/A,2025-08-11 19:39:11
8503,8.991631,8.102896,7357.615723,5.00e-05,7031.97,1892.50,27182447,N/A,2025-08-11 19:39:12
8504,6.496912,8.102896,7357.615723,5.00e-05,6703.67,1299.50,27185046,N/A,2025-08-11 19:39:12
8505,9.863851,8.102896,7357.615723,5.00e-05,6816.45,1961.50,27188969,N/A,2025-08-11 19:39:12
8506,7.894212,8.102896,7357.615723,5.00e-05,6645.35,1490.50,27191950,N/A,2025-08-11 19:39:13
8507,11.797060,8.102896,7357.615723,5.00e-05,6810.05,1630.00,27195210,N/A,2025-08-11 19:39:13
8508,9.756380,8.102896,7357.615723,5.00e-05,6824.03,1725.50,27198661,N/A,2025-08-11 19:39:14
8509,6.114059,8.102896,7357.615723,5.00e-05,6923.57,1243.00,27201147,N/A,2025-08-11 19:39:14
8510,6.805690,8.102896,7357.615723,5.00e-05,8822.87,1439.50,27204026,1.0000,2025-08-11 19:39:14
8511,6.034281,8.102896,7357.615723,5.00e-05,8704.69,1432.50,27206891,N/A,2025-08-11 19:39:15
8512,9.338040,8.102896,7357.615723,5.00e-05,8880.78,1699.50,27210290,N/A,2025-08-11 19:39:15
8513,8.010821,8.102896,7357.615723,5.00e-05,8853.17,1717.00,27213724,N/A,2025-08-11 19:39:16
8514,8.523559,8.102896,7357.615723,5.00e-05,8980.38,1476.50,27216677,N/A,2025-08-11 19:39:16
8515,6.925505,8.102896,7357.615723,5.00e-05,8617.44,1290.50,27219258,N/A,2025-08-11 19:39:16
8516,7.195247,8.102896,7357.615723,5.00e-05,8420.77,1142.50,27221543,N/A,2025-08-11 19:39:17
8517,8.132051,8.102896,7357.615723,5.00e-05,8258.04,1358.50,27224260,N/A,2025-08-11 19:39:17
8518,6.903012,8.102896,7357.615723,5.00e-05,7989.69,1278.00,27226816,N/A,2025-08-11 19:39:17
8519,10.884037,8.102896,7357.615723,5.00e-05,8493.67,1789.00,27230394,N/A,2025-08-11 19:39:18
8520,7.454333,8.102896,7357.615723,5.00e-05,8236.29,1228.50,27232851,1.0000,2025-08-11 19:39:18
8521,5.825841,8.102896,7357.615723,5.00e-05,7947.05,1058.00,27234967,N/A,2025-08-11 19:39:19
8522,9.898794,8.102896,7357.615723,5.00e-05,8088.84,1944.50,27238856,N/A,2025-08-11 19:39:19
8523,8.572308,8.102896,7357.615723,5.00e-05,8008.48,1587.00,27242030,N/A,2025-08-11 19:39:19
8524,8.548452,8.102896,7357.615723,5.00e-05,7873.48,1195.00,27244420,N/A,2025-08-11 19:39:20
8525,10.550212,8.102896,7357.615723,5.00e-05,8208.92,1907.50,27248235,N/A,2025-08-11 19:39:20
8526,7.900664,8.102896,7357.615723,5.00e-05,8467.95,1589.00,27251413,N/A,2025-08-11 19:39:21
8527,6.322711,8.102896,7357.615723,5.00e-05,8489.37,1485.50,27254384,N/A,2025-08-11 19:39:21
8528,9.141994,8.102896,7357.615723,5.00e-05,8793.77,1785.00,27257954,N/A,2025-08-11 19:39:21
8529,7.163108,8.102896,7357.615723,5.00e-05,8771.63,1432.00,27260818,N/A,2025-08-11 19:39:22
8530,5.993863,8.102896,7357.615723,5.00e-05,8535.99,1091.50,27263001,1.0000,2025-08-11 19:39:22
8531,11.436979,8.102896,7357.615723,5.00e-05,9033.06,2048.00,27267097,N/A,2025-08-11 19:39:23
8532,10.294728,8.102896,7357.615723,5.00e-05,9038.27,1950.50,27270998,N/A,2025-08-11 19:39:23
8533,9.094792,8.102896,7357.615723,5.00e-05,9158.39,1844.00,27274686,N/A,2025-08-11 19:39:23
8534,8.659771,8.102896,7357.615723,5.00e-05,9574.89,1903.00,27278492,N/A,2025-08-11 19:39:24
8535,8.332646,8.102896,7357.615723,5.00e-05,9505.95,1762.00,27282016,N/A,2025-08-11 19:39:24
8536,5.236443,8.102896,7357.615723,5.00e-05,9301.62,1113.50,27284243,N/A,2025-08-11 19:39:25
8537,8.256607,8.102896,7357.615723,5.00e-05,9367.98,1596.00,27287435,N/A,2025-08-11 19:39:25
8538,5.623456,8.102896,7357.615723,5.00e-05,9033.28,1170.50,27289776,N/A,2025-08-11 19:39:25
8539,10.332032,8.102896,7357.615723,5.00e-05,9343.63,1776.00,27293328,N/A,2025-08-11 19:39:26
8540,9.861288,8.102896,7357.615723,5.00e-05,9701.23,1952.50,27297233,1.0000,2025-08-11 19:39:26
8541,11.002819,8.102896,7357.615723,5.00e-05,9703.57,2005.50,27301244,N/A,2025-08-11 19:39:27
8542,5.158075,8.102896,7357.615723,5.00e-05,9152.34,1093.50,27303431,N/A,2025-08-11 19:39:27
8543,10.024038,8.102896,7357.615723,5.00e-05,9265.22,2048.00,27307527,N/A,2025-08-11 19:39:27
8544,8.260996,8.102896,7357.615723,5.00e-05,9233.47,1916.50,27311360,N/A,2025-08-11 19:39:28
8545,5.784863,8.102896,7357.615723,5.00e-05,8960.93,1343.00,27314046,N/A,2025-08-11 19:39:28
8546,9.695283,8.102896,7357.615723,5.00e-05,9301.71,1705.50,27317457,N/A,2025-08-11 19:39:28
8547,10.512370,8.102896,7357.615723,5.00e-05,9486.40,1919.00,27321295,N/A,2025-08-11 19:39:29
8548,4.912778,8.102896,7357.615723,5.00e-05,9595.12,1118.00,27323531,N/A,2025-08-11 19:39:29
8549,8.291688,8.102896,7357.615723,5.00e-05,9676.82,1636.50,27326804,N/A,2025-08-11 19:39:30
8550,7.326753,8.102896,7357.615723,5.00e-05,9249.74,1623.00,27330050,1.0000,2025-08-11 19:39:30
8551,9.235727,8.102896,7357.615723,5.00e-05,9061.07,1520.50,27333091,N/A,2025-08-11 19:39:30
8552,5.773404,8.102896,7357.615723,5.00e-05,9141.81,1242.00,27335575,N/A,2025-08-11 19:39:31
8553,9.067511,8.102896,7357.615723,5.00e-05,8934.26,1628.00,27338831,N/A,2025-08-11 19:39:31
8554,7.807442,8.102896,7357.615723,5.00e-05,8823.56,1638.50,27342108,N/A,2025-08-11 19:39:32
8555,6.781248,8.102896,7357.615723,5.00e-05,8804.23,1303.00,27344714,N/A,2025-08-11 19:39:32
8556,7.806340,8.102896,7357.615723,5.00e-05,8816.78,1735.50,27348185,N/A,2025-08-11 19:39:32
8557,11.167553,8.102896,7357.615723,5.00e-05,8768.26,1866.00,27351917,N/A,2025-08-11 19:39:33
8558,7.030860,8.102896,7357.615723,5.00e-05,8998.07,1454.50,27354826,N/A,2025-08-11 19:39:33
8559,11.014654,8.102896,7357.615723,5.00e-05,9385.17,1920.50,27358667,N/A,2025-08-11 19:39:33
8560,6.018269,8.102896,7357.615723,5.00e-05,9062.21,1381.00,27361429,1.0000,2025-08-11 19:39:34
8561,8.543421,8.102896,7357.615723,5.00e-05,9024.15,1450.50,27364330,N/A,2025-08-11 19:39:34
8562,11.096193,8.102896,7357.615723,5.00e-05,9381.91,1889.00,27368108,N/A,2025-08-11 19:39:35
8563,8.132257,8.102896,7357.615723,5.00e-05,9264.84,1492.50,27371093,N/A,2025-08-11 19:39:35
8564,9.500431,8.102896,7357.615723,5.00e-05,9365.89,1842.50,27374778,N/A,2025-08-11 19:39:35
8565,7.432209,8.102896,7357.615723,5.00e-05,9451.15,1462.50,27377703,N/A,2025-08-11 19:39:36
8566,7.011847,8.102896,7357.615723,5.00e-05,9117.84,1127.50,27379958,N/A,2025-08-11 19:39:36
8567,9.757757,8.102896,7357.615723,5.00e-05,9069.92,1796.50,27383551,N/A,2025-08-11 19:39:37
8568,9.363489,8.102896,7357.615723,5.00e-05,9133.41,1568.50,27386688,N/A,2025-08-11 19:39:37
8569,8.932179,8.102896,7357.615723,5.00e-05,9196.37,1777.00,27390242,N/A,2025-08-11 19:39:37
8570,6.895625,8.102896,7357.615723,5.00e-05,9046.35,1439.50,27393121,1.0000,2025-08-11 19:39:38
8571,8.454525,8.102896,7357.615723,5.00e-05,9310.93,1872.50,27396866,N/A,2025-08-11 19:39:38
8572,12.654135,8.102896,7357.615723,5.00e-05,9338.05,1983.50,27400833,N/A,2025-08-11 19:39:39
8573,10.737532,8.102896,7357.615723,5.00e-05,9486.69,1854.00,27404541,N/A,2025-08-11 19:39:39
8574,6.680271,8.102896,7357.615723,5.00e-05,9254.70,1441.50,27407424,N/A,2025-08-11 19:39:39
8575,8.088998,8.102896,7357.615723,5.00e-05,9088.77,1231.50,27409887,N/A,2025-08-11 19:39:40
8576,6.737408,8.102896,7357.615723,5.00e-05,9246.35,1380.50,27412648,N/A,2025-08-11 19:39:40
8577,9.667805,8.102896,7357.615723,5.00e-05,9123.15,1552.50,27415753,N/A,2025-08-11 19:39:40
8578,8.604972,8.102896,7357.615723,5.00e-05,9202.93,1637.50,27419028,N/A,2025-08-11 19:39:41
8579,12.095086,8.102896,7357.615723,5.00e-05,9506.95,1989.50,27423007,N/A,2025-08-11 19:39:41
8580,5.790395,8.102896,7357.615723,5.00e-05,9197.43,1220.50,27425448,1.0000,2025-08-11 19:39:42
8581,7.480860,8.102896,7357.615723,5.00e-05,9105.70,1603.50,27428655,N/A,2025-08-11 19:39:42
8582,6.671745,8.102896,7357.615723,5.00e-05,8825.86,1382.50,27431420,N/A,2025-08-11 19:39:42
8583,9.136841,8.102896,7357.615723,5.00e-05,8893.89,2011.00,27435442,N/A,2025-08-11 19:39:43
8584,7.551928,8.102896,7357.615723,5.00e-05,8933.86,1463.50,27438369,N/A,2025-08-11 19:39:43
8585,8.922412,8.102896,7357.615723,5.00e-05,9226.93,1743.50,27441856,N/A,2025-08-11 19:39:44
8586,8.893727,8.102896,7357.615723,5.00e-05,9456.20,1791.50,27445439,N/A,2025-08-11 19:39:44
8587,6.676797,8.102896,7357.615723,5.00e-05,9334.59,1357.00,27448153,N/A,2025-08-11 19:39:44
8588,10.689424,8.102896,7357.615723,5.00e-05,7975.08,1818.00,27451789,N/A,2025-08-11 19:39:45
8589,6.680238,8.102896,7357.615723,5.00e-05,7749.33,1273.50,27454336,N/A,2025-08-11 19:39:46
8590,9.422679,8.102896,7357.615723,5.00e-05,7890.65,1749.50,27457835,1.0000,2025-08-11 19:39:46
8591,11.493620,8.102896,7357.615723,5.00e-05,7873.53,1686.50,27461208,N/A,2025-08-11 19:39:47
8592,9.263750,8.102896,7357.615723,5.00e-05,7857.33,1300.50,27463809,N/A,2025-08-11 19:39:47
8593,9.165330,8.102896,7357.615723,5.00e-05,7633.10,1549.50,27466908,N/A,2025-08-11 19:39:47
8594,5.759502,8.102896,7357.615723,5.00e-05,7492.54,1214.00,27469336,N/A,2025-08-11 19:39:48
8595,10.905358,8.102896,7357.615723,5.00e-05,7292.27,1482.00,27472300,N/A,2025-08-11 19:39:48
8596,8.289465,8.102896,7357.615723,5.00e-05,7215.00,1630.00,27475560,N/A,2025-08-11 19:39:48
8597,9.530394,8.102896,7357.615723,5.00e-05,8670.17,1643.50,27478847,N/A,2025-08-11 19:39:49
8598,9.834478,8.102896,7357.615723,5.00e-05,8528.84,1606.00,27482059,N/A,2025-08-11 19:39:49
8599,8.093476,8.102896,7357.615723,5.00e-05,8855.99,1588.50,27485236,N/A,2025-08-11 19:39:50
8600,8.756107,8.102896,7357.615723,5.00e-05,8640.28,1710.00,27488656,1.0000,2025-08-11 19:39:50
8601,7.615766,8.102896,7357.615723,5.00e-05,6928.63,1339.50,27491335,N/A,2025-08-11 19:39:51
8602,10.875181,8.102896,7357.615723,5.00e-05,7169.79,1926.00,27495187,N/A,2025-08-11 19:39:52
8603,7.514214,8.102896,7357.615723,5.00e-05,6991.65,1225.00,27497637,N/A,2025-08-11 19:39:52
8604,8.092855,8.102896,7357.615723,5.00e-05,7299.70,1761.00,27501159,N/A,2025-08-11 19:39:52
8605,6.534656,8.102896,7357.615723,5.00e-05,7260.59,1435.00,27504029,N/A,2025-08-11 19:39:53
8606,9.622304,8.102896,7357.615723,5.00e-05,7268.06,1683.00,27507395,N/A,2025-08-11 19:39:53
8607,7.205609,8.102896,7357.615723,5.00e-05,7049.89,1132.00,27509659,N/A,2025-08-11 19:39:54
8608,9.383883,8.102896,7357.615723,5.00e-05,6944.13,1370.00,27512399,N/A,2025-08-11 19:39:54
8609,7.682050,8.102896,7357.615723,5.00e-05,7135.64,1639.50,27515678,N/A,2025-08-11 19:39:54
8610,7.296447,8.102896,7357.615723,5.00e-05,8492.66,1563.00,27518804,1.0000,2025-08-11 19:39:55
8611,14.936836,8.102896,7357.615723,5.00e-05,8862.90,1863.00,27522530,N/A,2025-08-11 19:39:55
8612,6.535333,8.102896,7357.615723,5.00e-05,8552.38,1259.00,27525048,N/A,2025-08-11 19:39:56
8613,11.484965,8.102896,7357.615723,5.00e-05,8962.18,2023.50,27529095,N/A,2025-08-11 19:39:56
8614,5.393760,8.102896,7357.615723,5.00e-05,8641.97,1208.50,27531512,N/A,2025-08-11 19:39:56
8615,8.522081,8.102896,7357.615723,5.00e-05,8739.83,1553.00,27534618,N/A,2025-08-11 19:39:57
8616,7.763364,8.102896,7357.615723,5.00e-05,8531.82,1350.50,27537319,N/A,2025-08-11 19:39:57
8617,10.308455,8.102896,7357.615723,5.00e-05,8847.80,1721.50,27540762,N/A,2025-08-11 19:39:58
8618,7.612951,8.102896,7357.615723,5.00e-05,9054.04,1804.50,27544371,N/A,2025-08-11 19:39:58
8619,10.184272,8.102896,7357.615723,5.00e-05,9390.79,1957.50,27548286,N/A,2025-08-11 19:39:58
8620,4.960327,8.102896,7357.615723,5.00e-05,8855.98,1116.50,27550519,1.0000,2025-08-11 19:39:59
8621,9.683273,8.102896,7357.615723,5.00e-05,8792.64,1756.00,27554031,N/A,2025-08-11 19:39:59
8622,7.391232,8.102896,7357.615723,5.00e-05,8967.06,1483.50,27556998,N/A,2025-08-11 19:40:00
8623,11.547469,8.102896,7357.615723,5.00e-05,8953.52,1952.50,27560903,N/A,2025-08-11 19:40:00
8624,8.584320,8.102896,7357.615723,5.00e-05,9240.91,1709.00,27564321,N/A,2025-08-11 19:40:00
8625,9.937097,8.102896,7357.615723,5.00e-05,9302.49,1653.50,27567628,N/A,2025-08-11 19:40:01
8626,10.839781,8.102896,7357.615723,5.00e-05,9578.14,1878.00,27571384,N/A,2025-08-11 19:40:01
8627,8.229506,8.102896,7357.615723,5.00e-05,9601.55,1676.50,27574737,N/A,2025-08-11 19:40:01
8628,7.659738,8.102896,7357.615723,5.00e-05,9393.48,1476.00,27577689,N/A,2025-08-11 19:40:02
8629,8.738965,8.102896,7357.615723,5.00e-05,9418.37,1472.00,27580633,N/A,2025-08-11 19:40:02
8630,8.687301,8.102896,7357.615723,5.00e-05,9539.60,1712.50,27584058,1.0000,2025-08-11 19:40:03
8631,11.230694,8.102896,7357.615723,5.00e-05,9498.00,1668.00,27587394,N/A,2025-08-11 19:40:03
8632,13.798030,8.102896,7357.615723,5.00e-05,9696.41,1824.50,27591043,N/A,2025-08-11 19:40:03
8633,6.856511,8.102896,7357.615723,5.00e-05,9232.67,1343.00,27593729,N/A,2025-08-11 19:40:04
8634,9.380434,8.102896,7357.615723,5.00e-05,9224.05,1675.50,27597080,N/A,2025-08-11 19:40:04
8635,6.943331,8.102896,7357.615723,5.00e-05,9136.39,1439.00,27599958,N/A,2025-08-11 19:40:05
8636,9.510712,8.102896,7357.615723,5.00e-05,9106.04,1815.00,27603588,N/A,2025-08-11 19:40:05
8637,9.185346,8.102896,7357.615723,5.00e-05,8949.27,1435.50,27606459,N/A,2025-08-11 19:40:05
8638,7.680876,8.102896,7357.615723,5.00e-05,9044.78,1635.50,27609730,N/A,2025-08-11 19:40:06
8639,5.928232,8.102896,7357.615723,5.00e-05,9268.77,1510.50,27612751,N/A,2025-08-11 19:40:06
8640,9.566296,8.102896,7357.615723,5.00e-05,9146.15,1766.00,27616283,1.0000,2025-08-11 19:40:07
8641,6.335845,8.102896,7357.615723,5.00e-05,9104.22,1595.00,27619473,N/A,2025-08-11 19:40:07
8642,7.553708,8.102896,7357.615723,5.00e-05,8801.24,1154.50,27621782,N/A,2025-08-11 19:40:07
8643,11.889982,8.102896,7357.615723,5.00e-05,9131.36,1963.50,27625709,N/A,2025-08-11 19:40:08
8644,7.312556,8.102896,7357.615723,5.00e-05,8963.38,1382.50,27628474,N/A,2025-08-11 19:40:08
8645,7.281442,8.102896,7357.615723,5.00e-05,8835.24,1224.50,27630923,N/A,2025-08-11 19:40:09
8646,11.288795,8.102896,7357.615723,5.00e-05,9008.82,2048.00,27635019,N/A,2025-08-11 19:40:09
8647,9.267053,8.102896,7357.615723,5.00e-05,9061.20,1532.00,27638083,N/A,2025-08-11 19:40:09
8648,7.834138,8.102896,7357.615723,5.00e-05,8800.24,1279.50,27640642,N/A,2025-08-11 19:40:10
8649,6.641755,8.102896,7357.615723,5.00e-05,8671.82,1028.50,27642699,N/A,2025-08-11 19:40:10
8650,8.803850,8.102896,7357.615723,5.00e-05,8294.89,1661.00,27646021,1.0000,2025-08-11 19:40:11
8651,9.048557,8.102896,7357.615723,5.00e-05,8354.29,1647.50,27649316,N/A,2025-08-11 19:40:11
8652,12.128092,8.102896,7357.615723,5.00e-05,8675.89,1709.00,27652734,N/A,2025-08-11 19:40:11
8653,5.283486,8.102896,7357.615723,5.00e-05,8299.50,1278.00,27655290,N/A,2025-08-11 19:40:12
8654,7.552070,8.102896,7357.615723,5.00e-05,8355.43,1538.00,27658366,N/A,2025-08-11 19:40:12
8655,9.390751,8.102896,7357.615723,5.00e-05,8659.29,1760.00,27661886,N/A,2025-08-11 19:40:12
8656,10.132454,8.102896,7357.615723,5.00e-05,8593.44,1984.00,27665854,N/A,2025-08-11 19:40:13
8657,9.456992,8.102896,7357.615723,5.00e-05,8936.39,2048.00,27669950,N/A,2025-08-11 19:40:13
8658,7.534307,8.102896,7357.615723,5.00e-05,9238.01,1821.50,27673593,N/A,2025-08-11 19:40:14
8659,6.826083,8.102896,7357.615723,5.00e-05,9753.00,1325.50,27676244,N/A,2025-08-11 19:40:14
8660,10.368443,8.102896,7357.615723,5.00e-05,9678.17,1849.50,27679943,1.0000,2025-08-11 19:40:14
8661,5.561698,8.102896,7357.615723,5.00e-05,9500.93,1313.00,27682569,N/A,2025-08-11 19:40:15
8662,9.428914,8.102896,7357.615723,5.00e-05,9375.87,1811.50,27686192,N/A,2025-08-11 19:40:15
8663,8.618134,8.102896,7357.615723,5.00e-05,9591.91,1673.00,27689538,N/A,2025-08-11 19:40:16
8664,6.356610,8.102896,7357.615723,5.00e-05,9455.03,1388.00,27692314,N/A,2025-08-11 19:40:16
8665,8.401587,8.102896,7357.615723,5.00e-05,9390.50,1726.00,27695766,N/A,2025-08-11 19:40:16
8666,7.533438,8.102896,7357.615723,5.00e-05,9349.29,2004.00,27699774,N/A,2025-08-11 19:40:17
8667,7.208304,8.102896,7357.615723,5.00e-05,8867.81,1298.00,27702370,N/A,2025-08-11 19:40:17
8668,7.667096,8.102896,7357.615723,5.00e-05,8440.62,1274.00,27704918,N/A,2025-08-11 19:40:18
8669,10.346099,8.102896,7357.615723,5.00e-05,8941.33,2001.50,27708921,N/A,2025-08-11 19:40:18
8670,7.612326,8.102896,7357.615723,5.00e-05,8308.97,1353.50,27711628,1.0000,2025-08-11 19:40:19
8671,9.915024,8.102896,7357.615723,5.00e-05,8618.55,1703.50,27715035,N/A,2025-08-11 19:40:19
8672,8.791812,8.102896,7357.615723,5.00e-05,8345.12,1481.00,27717997,N/A,2025-08-11 19:40:19
8673,7.683227,8.102896,7357.615723,5.00e-05,7934.69,1108.00,27720213,N/A,2025-08-11 19:40:20
8674,7.812719,8.102896,7357.615723,5.00e-05,8053.24,1739.50,27723692,N/A,2025-08-11 19:40:20
8675,6.276400,8.102896,7357.615723,5.00e-05,7778.07,1340.00,27726372,N/A,2025-08-11 19:40:21
8676,8.889582,8.102896,7357.615723,5.00e-05,7795.06,2025.00,27730422,N/A,2025-08-11 19:40:21
8677,1.482731,8.102896,7357.615723,5.00e-05,7306.55,224.50,27730871,N/A,2025-08-11 19:40:22
8678,7.790302,8.102896,7357.615723,5.00e-05,5633.83,1247.50,27733366,N/A,2025-08-11 19:40:23
8679,9.932861,8.102896,7357.615723,5.00e-05,5725.11,1800.50,27736967,N/A,2025-08-11 19:40:24
8680,11.316889,8.102896,7357.615723,5.00e-05,5899.74,1968.00,27740903,1.0000,2025-08-11 19:40:24
8681,10.340382,8.102896,7357.615723,5.00e-05,6069.38,1942.50,27744788,N/A,2025-08-11 19:40:24
8682,6.427297,8.102896,7357.615723,5.00e-05,6200.42,1565.00,27747918,N/A,2025-08-11 19:40:25
8683,8.414697,8.102896,7357.615723,5.00e-05,6418.08,1441.50,27750801,N/A,2025-08-11 19:40:25
8684,5.276167,8.102896,7357.615723,5.00e-05,6234.34,1114.50,27753030,N/A,2025-08-11 19:40:26
8685,9.407048,8.102896,7357.615723,5.00e-05,6415.57,1755.50,27756541,N/A,2025-08-11 19:40:26
8686,7.803125,8.102896,7357.615723,5.00e-05,6161.94,1445.00,27759431,N/A,2025-08-11 19:40:26
8687,10.406542,8.102896,7357.615723,5.00e-05,9064.96,1906.00,27763243,N/A,2025-08-11 19:40:27
8688,11.935225,8.102896,7357.615723,5.00e-05,9463.93,2026.50,27767296,N/A,2025-08-11 19:40:27
8689,8.160702,8.102896,7357.615723,5.00e-05,9532.70,1649.00,27770594,N/A,2025-08-11 19:40:28
8690,8.514492,8.102896,7357.615723,5.00e-05,9016.32,1429.00,27773452,1.0000,2025-08-11 19:40:28
8691,13.111267,8.102896,7357.615723,5.00e-05,8983.75,1892.00,27777236,N/A,2025-08-11 19:40:28
8692,10.731135,8.102896,7357.615723,5.00e-05,8902.53,1427.50,27780091,N/A,2025-08-11 19:40:29
8693,10.105618,8.102896,7357.615723,5.00e-05,9243.39,2048.00,27784187,N/A,2025-08-11 19:40:29
8694,5.691303,8.102896,7357.615723,5.00e-05,9288.55,1094.00,27786375,N/A,2025-08-11 19:40:29
8695,6.925370,8.102896,7357.615723,5.00e-05,9090.23,1253.00,27788881,N/A,2025-08-11 19:40:30
8696,6.466614,8.102896,7357.615723,5.00e-05,8930.54,1086.00,27791053,N/A,2025-08-11 19:40:30
8697,7.653979,8.102896,7357.615723,5.00e-05,8770.56,1526.00,27794105,N/A,2025-08-11 19:40:31
8698,5.954924,8.102896,7357.615723,5.00e-05,8424.90,1311.50,27796728,N/A,2025-08-11 19:40:31
8699,11.004557,8.102896,7357.615723,5.00e-05,8830.18,2048.00,27800824,N/A,2025-08-11 19:40:31
8700,8.463711,8.102896,7357.615723,5.00e-05,8864.52,1760.50,27804345,1.0000,2025-08-11 19:40:32
8701,9.475049,8.102896,7357.615723,5.00e-05,7099.75,1770.50,27807886,N/A,2025-08-11 19:40:33
8702,7.414746,8.102896,7357.615723,5.00e-05,7076.18,1373.00,27810632,N/A,2025-08-11 19:40:33
8703,9.778620,8.102896,7357.615723,5.00e-05,6945.85,1841.50,27814315,N/A,2025-08-11 19:40:34
8704,6.015265,8.102896,7357.615723,5.00e-05,7056.15,1394.50,27817104,N/A,2025-08-11 19:40:34
8705,8.578752,8.102896,7357.615723,5.00e-05,7300.67,1776.00,27820656,N/A,2025-08-11 19:40:35
8706,8.613529,8.102896,7357.615723,5.00e-05,7660.21,1951.00,27824558,N/A,2025-08-11 19:40:35
8707,7.153529,8.102896,7357.615723,5.00e-05,7587.62,1413.50,27827385,N/A,2025-08-11 19:40:35
8708,8.290477,8.102896,7357.615723,5.00e-05,7815.82,1765.00,27830915,N/A,2025-08-11 19:40:36
8709,9.209437,8.102896,7357.615723,5.00e-05,7831.79,1843.00,27834601,N/A,2025-08-11 19:40:36
8710,6.356853,8.102896,7357.615723,5.00e-05,9209.01,1269.00,27837139,1.0000,2025-08-11 19:40:37
8711,8.758929,8.102896,7357.615723,5.00e-05,9219.20,1798.00,27840735,N/A,2025-08-11 19:40:37
8712,6.657569,8.102896,7357.615723,5.00e-05,9191.82,1287.00,27843309,N/A,2025-08-11 19:40:37
8713,11.499177,8.102896,7357.615723,5.00e-05,9289.92,1991.00,27847291,N/A,2025-08-11 19:40:38
8714,8.412076,8.102896,7357.615723,5.00e-05,9476.91,1733.50,27850758,N/A,2025-08-11 19:40:38
8715,8.204637,8.102896,7357.615723,5.00e-05,9118.45,1144.50,27853047,N/A,2025-08-11 19:40:39
8716,6.995120,8.102896,7357.615723,5.00e-05,8980.65,1637.00,27856321,N/A,2025-08-11 19:40:39
8717,10.155475,8.102896,7357.615723,5.00e-05,9050.30,1519.00,27859359,N/A,2025-08-11 19:40:39
8718,10.639462,8.102896,7357.615723,5.00e-05,9011.18,1659.50,27862678,N/A,2025-08-11 19:40:40
8719,9.938422,8.102896,7357.615723,5.00e-05,9038.92,1532.50,27865743,N/A,2025-08-11 19:40:40
8720,6.260084,8.102896,7357.615723,5.00e-05,8796.06,1208.00,27868159,1.0000,2025-08-11 19:40:41
8721,7.454658,8.102896,7357.615723,5.00e-05,8563.41,1331.00,27870821,N/A,2025-08-11 19:40:41
8722,7.746205,8.102896,7357.615723,5.00e-05,8766.08,1616.00,27874053,N/A,2025-08-11 19:40:41
8723,6.770604,8.102896,7357.615723,5.00e-05,8686.66,1829.50,27877712,N/A,2025-08-11 19:40:42
8724,9.126665,8.102896,7357.615723,5.00e-05,8616.21,1507.00,27880726,N/A,2025-08-11 19:40:42
8725,8.197302,8.102896,7357.615723,5.00e-05,8846.37,1582.00,27883890,N/A,2025-08-11 19:40:42
8726,9.952290,8.102896,7357.615723,5.00e-05,8812.20,1637.50,27887165,N/A,2025-08-11 19:40:43
8727,6.723784,8.102896,7357.615723,5.00e-05,8535.75,1064.00,27889293,N/A,2025-08-11 19:40:43
8728,8.902138,8.102896,7357.615723,5.00e-05,8666.96,1892.00,27893077,N/A,2025-08-11 19:40:44
8729,7.083295,8.102896,7357.615723,5.00e-05,8727.72,1354.50,27895786,N/A,2025-08-11 19:40:44
8730,11.926470,8.102896,7357.615723,5.00e-05,8772.31,1677.00,27899140,1.0000,2025-08-11 19:40:44
8731,6.905157,8.102896,7357.615723,5.00e-05,8577.35,1034.50,27901209,N/A,2025-08-11 19:40:45
8732,7.666536,8.102896,7357.615723,5.00e-05,8378.70,1283.00,27903775,N/A,2025-08-11 19:40:45
8733,6.686882,8.102896,7357.615723,5.00e-05,8210.93,1552.50,27906880,N/A,2025-08-11 19:40:46
8734,9.377083,8.102896,7357.615723,5.00e-05,8384.55,1802.50,27910485,N/A,2025-08-11 19:40:46
8735,11.643995,8.102896,7357.615723,5.00e-05,8501.67,1802.00,27914089,N/A,2025-08-11 19:40:46
8736,6.287407,8.102896,7357.615723,5.00e-05,8233.52,1145.00,27916379,N/A,2025-08-11 19:40:47
8737,12.821578,8.102896,7357.615723,5.00e-05,8721.68,1929.50,27920238,N/A,2025-08-11 19:40:47
8738,8.282336,8.102896,7357.615723,5.00e-05,8573.74,1559.00,27923356,N/A,2025-08-11 19:40:47
8739,9.613276,8.102896,7357.615723,5.00e-05,8907.12,1614.50,27926585,N/A,2025-08-11 19:40:48
8740,6.359713,8.102896,7357.615723,5.00e-05,8484.59,1235.50,27929056,1.0000,2025-08-11 19:40:48
8741,7.305865,8.102896,7357.615723,5.00e-05,8647.10,1327.50,27931711,N/A,2025-08-11 19:40:49
8742,9.638582,8.102896,7357.615723,5.00e-05,8938.93,1776.50,27935264,N/A,2025-08-11 19:40:49
8743,7.649537,8.102896,7357.615723,5.00e-05,8910.15,1561.00,27938386,N/A,2025-08-11 19:40:50
8744,7.420597,8.102896,7357.615723,5.00e-05,8772.05,1519.50,27941425,N/A,2025-08-11 19:40:50
8745,7.029375,8.102896,7357.615723,5.00e-05,8484.84,1289.50,27944004,N/A,2025-08-11 19:40:50
8746,7.421795,8.102896,7357.615723,5.00e-05,8647.19,1422.50,27946849,N/A,2025-08-11 19:40:51
8747,8.551270,8.102896,7357.615723,5.00e-05,8290.72,1325.50,27949500,N/A,2025-08-11 19:40:51
8748,7.666564,8.102896,7357.615723,5.00e-05,8186.93,1342.00,27952184,N/A,2025-08-11 19:40:51
8749,8.371997,8.102896,7357.615723,5.00e-05,8491.54,1803.00,27955790,N/A,2025-08-11 19:40:52
8750,10.885717,8.102896,7357.615723,5.00e-05,8739.42,1919.50,27959629,1.0000,2025-08-11 19:40:52
8751,14.725560,8.102896,7357.615723,5.00e-05,9054.96,2000.00,27963629,N/A,2025-08-11 19:40:53
8752,7.630169,8.102896,7357.615723,5.00e-05,8905.24,1463.00,27966555,N/A,2025-08-11 19:40:53
8753,11.458268,8.102896,7357.615723,5.00e-05,9152.57,2014.00,27970583,N/A,2025-08-11 19:40:53
8754,5.068725,8.102896,7357.615723,5.00e-05,8958.80,1206.00,27972995,N/A,2025-08-11 19:40:54
8755,8.481987,8.102896,7357.615723,5.00e-05,9117.84,1572.50,27976140,N/A,2025-08-11 19:40:54
8756,10.301105,8.102896,7357.615723,5.00e-05,9388.49,1908.00,27979956,N/A,2025-08-11 19:40:55
8757,5.921830,8.102896,7357.615723,5.00e-05,9369.53,1281.00,27982518,N/A,2025-08-11 19:40:55
8758,9.597819,8.102896,7357.615723,5.00e-05,9595.50,1737.00,27985992,N/A,2025-08-11 19:40:55
8759,14.175383,8.102896,7357.615723,5.00e-05,9845.54,1930.00,27989852,N/A,2025-08-11 19:40:56
8760,5.519163,8.102896,7357.615723,5.00e-05,9379.34,1273.00,27992398,1.0000,2025-08-11 19:40:56
8761,10.355825,8.102896,7357.615723,5.00e-05,9340.15,1905.50,27996209,N/A,2025-08-11 19:40:57
8762,6.011182,8.102896,7357.615723,5.00e-05,9148.73,1084.50,27998378,N/A,2025-08-11 19:40:57
8763,10.084225,8.102896,7357.615723,5.00e-05,9091.10,1902.50,28002183,N/A,2025-08-11 19:40:57
8764,10.016008,8.102896,7357.615723,5.00e-05,9431.82,1878.00,28005939,N/A,2025-08-11 19:40:58
8765,9.033482,8.102896,7357.615723,5.00e-05,9562.95,1813.00,28009565,N/A,2025-08-11 19:40:58
8766,6.403935,8.102896,7357.615723,5.00e-05,9080.18,1044.00,28011653,N/A,2025-08-11 19:40:58
8767,10.123248,8.102896,7357.615723,5.00e-05,9363.15,1900.50,28015454,N/A,2025-08-11 19:40:59
8768,7.225905,8.102896,7357.615723,5.00e-05,9081.20,1229.50,28017913,N/A,2025-08-11 19:40:59
8769,7.902685,8.102896,7357.615723,5.00e-05,8949.99,1541.50,28020996,N/A,2025-08-11 19:41:00
8770,8.403072,8.102896,7357.615723,5.00e-05,8943.19,1599.50,28024195,1.0000,2025-08-11 19:41:00
8771,9.067711,8.102896,7357.615723,5.00e-05,8747.52,1683.00,28027561,N/A,2025-08-11 19:41:00
8772,9.789010,8.102896,7357.615723,5.00e-05,9182.89,1998.50,28031558,N/A,2025-08-11 19:41:01
8773,8.479767,8.102896,7357.615723,5.00e-05,9182.53,1829.00,28035216,N/A,2025-08-11 19:41:01
8774,5.325046,8.102896,7357.615723,5.00e-05,8858.02,1236.50,28037689,N/A,2025-08-11 19:41:02
8775,7.452931,8.102896,7357.615723,5.00e-05,8604.18,1357.00,28040403,N/A,2025-08-11 19:41:02
8776,9.081594,8.102896,7357.615723,5.00e-05,8914.61,1477.00,28043357,N/A,2025-08-11 19:41:02
8777,8.715010,8.102896,7357.615723,5.00e-05,8656.28,1577.00,28046511,N/A,2025-08-11 19:41:03
8778,6.962315,8.102896,7357.615723,5.00e-05,8615.09,1278.00,28049067,N/A,2025-08-11 19:41:03
8779,12.021144,8.102896,7357.615723,5.00e-05,8981.42,1885.00,28052837,N/A,2025-08-11 19:41:04
8780,8.647160,8.102896,7357.615723,5.00e-05,8691.48,1469.50,28055776,1.0000,2025-08-11 19:41:04
8781,6.776269,8.102896,7357.615723,5.00e-05,8529.96,1258.00,28058292,N/A,2025-08-11 19:41:04
8782,6.625000,8.102896,7357.615723,5.00e-05,8156.99,1320.00,28060932,N/A,2025-08-11 19:41:05
8783,6.704170,8.102896,7357.615723,5.00e-05,7900.52,1369.00,28063670,N/A,2025-08-11 19:41:05
8784,8.542259,8.102896,7357.615723,5.00e-05,8152.48,1694.50,28067059,N/A,2025-08-11 19:41:06
8785,6.860174,8.102896,7357.615723,5.00e-05,8213.31,1496.00,28070051,N/A,2025-08-11 19:41:06
8786,5.460333,8.102896,7357.615723,5.00e-05,8068.72,1110.50,28072272,N/A,2025-08-11 19:41:06
8787,9.551954,8.102896,7357.615723,5.00e-05,8363.50,1864.00,28076000,N/A,2025-08-11 19:41:07
8788,9.615802,8.102896,7357.615723,5.00e-05,8674.18,1812.00,28079624,N/A,2025-08-11 19:41:07
8789,8.371024,8.102896,7357.615723,5.00e-05,8563.12,1440.50,28082505,N/A,2025-08-11 19:41:08
8790,5.338935,8.102896,7357.615723,5.00e-05,8173.27,1087.50,28084680,1.0000,2025-08-11 19:41:08
8791,9.390694,8.102896,7357.615723,5.00e-05,8616.29,2039.50,28088759,N/A,2025-08-11 19:41:08
8792,7.997770,8.102896,7357.615723,5.00e-05,8880.95,1871.00,28092501,N/A,2025-08-11 19:41:09
8793,6.325696,8.102896,7357.615723,5.00e-05,8790.34,1260.50,28095022,N/A,2025-08-11 19:41:09
8794,10.345969,8.102896,7357.615723,5.00e-05,8811.93,1709.50,28098441,N/A,2025-08-11 19:41:10
8795,8.101982,8.102896,7357.615723,5.00e-05,8792.05,1444.00,28101329,N/A,2025-08-11 19:41:10
8796,9.061724,8.102896,7357.615723,5.00e-05,9240.57,1921.00,28105171,N/A,2025-08-11 19:41:10
8797,7.512953,8.102896,7357.615723,5.00e-05,8953.89,1355.50,28107882,N/A,2025-08-11 19:41:11
8798,8.280780,8.102896,7357.615723,5.00e-05,9168.72,1915.00,28111712,N/A,2025-08-11 19:41:11
8799,12.533817,8.102896,7357.615723,5.00e-05,9554.17,2021.50,28115755,N/A,2025-08-11 19:41:11
8800,6.490137,8.102896,7357.615723,5.00e-05,9510.79,1326.50,28118408,1.0000,2025-08-11 19:41:12
8801,12.331632,8.102896,7357.615723,5.00e-05,7448.90,1739.50,28121887,N/A,2025-08-11 19:41:13
8802,8.542245,8.102896,7357.615723,5.00e-05,7358.10,1707.00,28125301,N/A,2025-08-11 19:41:14
8803,8.187695,8.102896,7357.615723,5.00e-05,7469.58,1514.50,28128330,N/A,2025-08-11 19:41:14
8804,5.223764,8.102896,7357.615723,5.00e-05,7241.05,1244.50,28130819,N/A,2025-08-11 19:41:14
8805,9.244528,8.102896,7357.615723,5.00e-05,7469.64,1967.50,28134754,N/A,2025-08-11 19:41:15
8806,6.180987,8.102896,7357.615723,5.00e-05,7104.04,1149.00,28137052,N/A,2025-08-11 19:41:15
8807,11.523453,8.102896,7357.615723,5.00e-05,7395.69,2007.00,28141066,N/A,2025-08-11 19:41:16
8808,5.495286,8.102896,7357.615723,5.00e-05,7175.77,1245.50,28143557,N/A,2025-08-11 19:41:16
8809,8.520027,8.102896,7357.615723,5.00e-05,7116.40,1659.50,28146876,N/A,2025-08-11 19:41:16
8810,7.145753,8.102896,7357.615723,5.00e-05,8662.63,1313.00,28149502,1.0000,2025-08-11 19:41:17
8811,5.835020,8.102896,7357.615723,5.00e-05,8434.30,1222.00,28151946,N/A,2025-08-11 19:41:17
8812,9.116995,8.102896,7357.615723,5.00e-05,8601.39,2020.50,28155987,N/A,2025-08-11 19:41:18
8813,6.978981,8.102896,7357.615723,5.00e-05,8406.69,1145.50,28158278,N/A,2025-08-11 19:41:18
8814,8.529863,8.102896,7357.615723,5.00e-05,8520.25,1509.00,28161296,N/A,2025-08-11 19:41:18
8815,9.410790,8.102896,7357.615723,5.00e-05,8476.18,1835.00,28164966,N/A,2025-08-11 19:41:19
8816,7.566643,8.102896,7357.615723,5.00e-05,8520.90,1330.50,28167627,N/A,2025-08-11 19:41:19
8817,6.540753,8.102896,7357.615723,5.00e-05,8077.02,1201.00,28170029,N/A,2025-08-11 19:41:20
8818,8.012060,8.102896,7357.615723,5.00e-05,8527.20,2048.00,28174125,N/A,2025-08-11 19:41:20
8819,6.059645,8.102896,7357.615723,5.00e-05,8467.24,1144.00,28176413,N/A,2025-08-11 19:41:20
8820,9.246218,8.102896,7357.615723,5.00e-05,8554.83,1774.50,28179962,1.0000,2025-08-11 19:41:21
8821,7.509633,8.102896,7357.615723,5.00e-05,8515.42,1310.50,28182583,N/A,2025-08-11 19:41:21
8822,5.223329,8.102896,7357.615723,5.00e-05,8051.64,1208.50,28185000,N/A,2025-08-11 19:41:22
8823,9.266387,8.102896,7357.615723,5.00e-05,8343.83,1612.50,28188225,N/A,2025-08-11 19:41:22
8824,9.624599,8.102896,7357.615723,5.00e-05,8539.35,1872.00,28191969,N/A,2025-08-11 19:41:22
8825,8.221947,8.102896,7357.615723,5.00e-05,8393.11,1532.00,28195033,N/A,2025-08-11 19:41:23
8826,9.407236,8.102896,7357.615723,5.00e-05,8653.52,1809.50,28198652,N/A,2025-08-11 19:41:23
8827,9.612640,8.102896,7357.615723,5.00e-05,8953.51,1731.50,28202115,N/A,2025-08-11 19:41:23
8828,7.979189,8.102896,7357.615723,5.00e-05,8846.23,1714.00,28205543,N/A,2025-08-11 19:41:24
8829,7.819429,8.102896,7357.615723,5.00e-05,9197.26,1454.00,28208451,N/A,2025-08-11 19:41:24
8830,13.871345,8.102896,7357.615723,5.00e-05,9157.88,1914.00,28212279,1.0000,2025-08-11 19:41:25
8831,7.829786,8.102896,7357.615723,5.00e-05,9343.41,1588.50,28215456,N/A,2025-08-11 19:41:25
8832,7.690524,8.102896,7357.615723,5.00e-05,9463.14,1425.50,28218307,N/A,2025-08-11 19:41:25
8833,8.705403,8.102896,7357.615723,5.00e-05,9334.45,1368.50,28221044,N/A,2025-08-11 19:41:26
8834,10.055524,8.102896,7357.615723,5.00e-05,9338.15,1843.00,28224730,N/A,2025-08-11 19:41:26
8835,9.328817,8.102896,7357.615723,5.00e-05,9337.57,1538.50,28227807,N/A,2025-08-11 19:41:27
8836,9.043328,8.102896,7357.615723,5.00e-05,9246.01,1663.50,28231134,N/A,2025-08-11 19:41:27
8837,6.487858,8.102896,7357.615723,5.00e-05,8988.09,1325.50,28233785,N/A,2025-08-11 19:41:27
8838,8.737276,8.102896,7357.615723,5.00e-05,8948.50,1690.50,28237166,N/A,2025-08-11 19:41:28
8839,8.781902,8.102896,7357.615723,5.00e-05,9344.83,1739.50,28240645,N/A,2025-08-11 19:41:28
8840,8.628688,8.102896,7357.615723,5.00e-05,9011.11,1649.00,28243943,1.0000,2025-08-11 19:41:29
8841,9.113585,8.102896,7357.615723,5.00e-05,9105.97,1738.00,28247419,N/A,2025-08-11 19:41:29
8842,9.051643,8.102896,7357.615723,5.00e-05,9163.83,1543.50,28250506,N/A,2025-08-11 19:41:29
8843,7.898840,8.102896,7357.615723,5.00e-05,9373.56,1704.00,28253914,N/A,2025-08-11 19:41:30
8844,12.189555,8.102896,7357.615723,5.00e-05,9461.10,1995.00,28257904,N/A,2025-08-11 19:41:30
8845,9.997806,8.102896,7357.615723,5.00e-05,9647.30,2010.00,28261924,N/A,2025-08-11 19:41:31
8846,7.978385,8.102896,7357.615723,5.00e-05,9531.36,1372.50,28264669,N/A,2025-08-11 19:41:31
8847,9.827247,8.102896,7357.615723,5.00e-05,9902.92,1899.50,28268468,N/A,2025-08-11 19:41:31
8848,5.790746,8.102896,7357.615723,5.00e-05,9628.42,1194.00,28270856,N/A,2025-08-11 19:41:32
8849,4.488056,8.102896,7357.615723,5.00e-05,9434.06,1077.50,28273011,N/A,2025-08-11 19:41:32
8850,11.069988,8.102896,7357.615723,5.00e-05,9287.53,1898.50,28276808,1.0000,2025-08-11 19:41:33
8851,9.372907,8.102896,7357.615723,5.00e-05,9144.11,1503.00,28279814,N/A,2025-08-11 19:41:33
8852,9.603545,8.102896,7357.615723,5.00e-05,8988.71,1368.00,28282550,N/A,2025-08-11 19:41:33
8853,11.465789,8.102896,7357.615723,5.00e-05,9159.53,2048.00,28286646,N/A,2025-08-11 19:41:34
8854,5.849291,8.102896,7357.615723,5.00e-05,8704.09,1103.50,28288853,N/A,2025-08-11 19:41:34
8855,8.432930,8.102896,7357.615723,5.00e-05,8656.15,1943.50,28292740,N/A,2025-08-11 19:41:34
8856,10.059309,8.102896,7357.615723,5.00e-05,9019.28,2036.50,28296813,N/A,2025-08-11 19:41:35
8857,9.083583,8.102896,7357.615723,5.00e-05,8978.57,1833.50,28300480,N/A,2025-08-11 19:41:35
8858,10.423630,8.102896,7357.615723,5.00e-05,9194.69,1576.50,28303633,N/A,2025-08-11 19:41:36
8859,6.627114,8.102896,7357.615723,5.00e-05,9773.46,1599.50,28306832,N/A,2025-08-11 19:41:36
8860,10.308260,8.102896,7357.615723,5.00e-05,9525.64,1845.50,28310523,1.0000,2025-08-11 19:41:36
8861,10.267147,8.102896,7357.615723,5.00e-05,9772.97,1868.50,28314260,N/A,2025-08-11 19:41:37
8862,7.687397,8.102896,7357.615723,5.00e-05,9816.41,1443.50,28317147,N/A,2025-08-11 19:41:37
8863,8.874856,8.102896,7357.615723,5.00e-05,9498.71,1470.50,28320088,N/A,2025-08-11 19:41:38
8864,11.840399,8.102896,7357.615723,5.00e-05,10023.04,2034.00,28324156,N/A,2025-08-11 19:41:38
8865,8.128461,8.102896,7357.615723,5.00e-05,9855.44,1640.00,28327436,N/A,2025-08-11 19:41:38
8866,7.334138,8.102896,7357.615723,5.00e-05,9361.62,1168.50,28329773,N/A,2025-08-11 19:41:39
8867,11.657732,8.102896,7357.615723,5.00e-05,9483.00,2045.00,28333863,N/A,2025-08-11 19:41:39
8868,7.796411,8.102896,7357.615723,5.00e-05,9755.59,2036.50,28337936,N/A,2025-08-11 19:41:39
8869,6.247990,8.102896,7357.615723,5.00e-05,10067.73,1709.00,28341354,N/A,2025-08-11 19:41:40
8870,8.125378,8.102896,7357.615723,5.00e-05,9773.96,1658.50,28344671,1.0000,2025-08-11 19:41:40
8871,7.307201,8.102896,7357.615723,5.00e-05,9402.56,1164.50,28347000,N/A,2025-08-11 19:41:41
8872,7.135245,8.102896,7357.615723,5.00e-05,9511.00,1593.00,28350186,N/A,2025-08-11 19:41:41
8873,7.640933,8.102896,7357.615723,5.00e-05,9709.42,1802.50,28353791,N/A,2025-08-11 19:41:41
8874,6.512144,8.102896,7357.615723,5.00e-05,9274.12,1307.50,28356406,N/A,2025-08-11 19:41:42
8875,10.756067,8.102896,7357.615723,5.00e-05,9431.04,1915.50,28360237,N/A,2025-08-11 19:41:42
8876,6.209102,8.102896,7357.615723,5.00e-05,9417.54,1201.50,28362640,N/A,2025-08-11 19:41:43
8877,6.858037,8.102896,7357.615723,5.00e-05,8960.87,1272.50,28365185,N/A,2025-08-11 19:41:43
8878,5.986757,8.102896,7357.615723,5.00e-05,8531.75,1293.00,28367771,N/A,2025-08-11 19:41:43
8879,9.530737,8.102896,7357.615723,5.00e-05,8629.49,1611.00,28370993,N/A,2025-08-11 19:41:44
8880,9.965777,8.102896,7357.615723,5.00e-05,8429.06,1680.50,28374354,1.0000,2025-08-11 19:41:44
8881,9.023018,8.102896,7357.615723,5.00e-05,8723.60,1762.00,28377878,N/A,2025-08-11 19:41:45
8882,4.383140,8.102896,7357.615723,5.00e-05,8412.54,1192.00,28380262,N/A,2025-08-11 19:41:45
8883,7.442386,8.102896,7357.615723,5.00e-05,8213.48,1623.50,28383509,N/A,2025-08-11 19:41:45
8884,6.615306,8.102896,7357.615723,5.00e-05,8099.76,1097.50,28385704,N/A,2025-08-11 19:41:46
8885,10.491095,8.102896,7357.615723,5.00e-05,8032.83,1766.00,28389236,N/A,2025-08-11 19:41:46
8886,7.190540,8.102896,7357.615723,5.00e-05,8271.70,1628.00,28392492,N/A,2025-08-11 19:41:47
8887,8.344560,8.102896,7357.615723,5.00e-05,8582.55,1877.00,28396246,N/A,2025-08-11 19:41:47
8888,5.598517,8.102896,7357.615723,5.00e-05,8538.05,1205.50,28398657,N/A,2025-08-11 19:41:47
8889,9.704050,8.102896,7357.615723,5.00e-05,8859.46,1868.00,28402393,N/A,2025-08-11 19:41:48
8890,10.003817,8.102896,7357.615723,5.00e-05,8845.37,1892.00,28406177,1.0000,2025-08-11 19:41:48
8891,6.000864,8.102896,7357.615723,5.00e-05,8700.68,1336.00,28408849,N/A,2025-08-11 19:41:49
8892,10.783195,8.102896,7357.615723,5.00e-05,9038.50,1655.00,28412159,N/A,2025-08-11 19:41:49
8893,6.804945,8.102896,7357.615723,5.00e-05,8834.91,1248.00,28414655,N/A,2025-08-11 19:41:49
8894,11.225798,8.102896,7357.615723,5.00e-05,9266.25,1832.50,28418320,N/A,2025-08-11 19:41:50
8895,12.640346,8.102896,7357.615723,5.00e-05,9348.59,1890.50,28422101,N/A,2025-08-11 19:41:50
8896,7.088931,8.102896,7357.615723,5.00e-05,9152.62,1229.00,28424559,N/A,2025-08-11 19:41:50
8897,8.800571,8.102896,7357.615723,5.00e-05,9193.25,1925.00,28428409,N/A,2025-08-11 19:41:51
8898,9.300210,8.102896,7357.615723,5.00e-05,9405.78,1536.50,28431482,N/A,2025-08-11 19:41:51
8899,7.923057,8.102896,7357.615723,5.00e-05,9356.27,1431.00,28434344,N/A,2025-08-11 19:41:52
8900,6.321182,8.102896,7357.615723,5.00e-05,8728.04,1107.00,28436558,1.0000,2025-08-11 19:41:52
8901,10.831894,8.102896,7357.615723,5.00e-05,7269.19,1667.00,28439892,N/A,2025-08-11 19:41:53
8902,7.804650,8.102896,7357.615723,5.00e-05,7249.08,1630.00,28443152,N/A,2025-08-11 19:41:54
8903,6.882473,8.102896,7357.615723,5.00e-05,7274.96,1322.00,28445796,N/A,2025-08-11 19:41:54
8904,9.641274,8.102896,7357.615723,5.00e-05,7126.88,1540.00,28448876,N/A,2025-08-11 19:41:54
8905,10.281670,8.102896,7357.615723,5.00e-05,7092.11,1811.50,28452499,N/A,2025-08-11 19:41:55
8906,9.108040,8.102896,7357.615723,5.00e-05,7179.21,1413.00,28455325,N/A,2025-08-11 19:41:55
8907,8.626708,8.102896,7357.615723,5.00e-05,6953.58,1437.50,28458200,N/A,2025-08-11 19:41:56
8908,8.397272,8.102896,7357.615723,5.00e-05,7110.48,1966.00,28462132,N/A,2025-08-11 19:41:56
8909,4.657839,8.102896,7357.615723,5.00e-05,7088.72,1152.00,28464436,N/A,2025-08-11 19:41:56
8910,9.203369,8.102896,7357.615723,5.00e-05,8762.83,1392.00,28467220,1.0000,2025-08-11 19:41:57
8911,6.227877,8.102896,7357.615723,5.00e-05,8505.28,1308.00,28469836,N/A,2025-08-11 19:41:57
8912,7.990053,8.102896,7357.615723,5.00e-05,8367.52,1468.00,28472772,N/A,2025-08-11 19:41:58
8913,7.359312,8.102896,7357.615723,5.00e-05,8462.94,1569.50,28475911,N/A,2025-08-11 19:41:58
8914,6.558797,8.102896,7357.615723,5.00e-05,8384.51,1434.00,28478779,N/A,2025-08-11 19:41:58
8915,10.458933,8.102896,7357.615723,5.00e-05,8374.87,1908.50,28482596,N/A,2025-08-11 19:41:59
8916,9.766547,8.102896,7357.615723,5.00e-05,8530.26,1885.00,28486366,N/A,2025-08-11 19:41:59
8917,7.753457,8.102896,7357.615723,5.00e-05,8450.86,1319.00,28489004,N/A,2025-08-11 19:42:00
8918,12.552361,8.102896,7357.615723,5.00e-05,8443.51,1975.50,28492955,N/A,2025-08-11 19:42:00
8919,10.592351,8.102896,7357.615723,5.00e-05,8968.91,1832.00,28496619,N/A,2025-08-11 19:42:00
8920,5.576162,8.102896,7357.615723,5.00e-05,8594.66,1165.50,28498950,1.0000,2025-08-11 19:42:01
8921,7.941940,8.102896,7357.615723,5.00e-05,8836.50,1646.50,28502243,N/A,2025-08-11 19:42:01
8922,7.833310,8.102896,7357.615723,5.00e-05,9068.38,1795.50,28505834,N/A,2025-08-11 19:42:02
8923,6.558404,8.102896,7357.615723,5.00e-05,8829.79,1200.50,28508235,N/A,2025-08-11 19:42:02
8924,6.288880,8.102896,7357.615723,5.00e-05,8703.31,1130.00,28510495,N/A,2025-08-11 19:42:02
8925,8.873329,8.102896,7357.615723,5.00e-05,8518.13,1453.00,28513401,N/A,2025-08-11 19:42:03
8926,8.917310,8.102896,7357.615723,5.00e-05,8330.13,1438.00,28516277,N/A,2025-08-11 19:42:03
8927,10.979336,8.102896,7357.615723,5.00e-05,8653.75,1872.50,28520022,N/A,2025-08-11 19:42:04
8928,11.679327,8.102896,7357.615723,5.00e-05,8625.55,1937.50,28523897,N/A,2025-08-11 19:42:04
8929,11.505786,8.102896,7357.615723,5.00e-05,9062.18,2048.00,28527993,N/A,2025-08-11 19:42:04
8930,5.601540,8.102896,7357.615723,5.00e-05,9012.03,1467.50,28530928,1.0000,2025-08-11 19:42:05
8931,10.478764,8.102896,7357.615723,5.00e-05,9161.12,1901.00,28534730,N/A,2025-08-11 19:42:05
8932,12.279366,8.102896,7357.615723,5.00e-05,9248.43,1871.50,28538473,N/A,2025-08-11 19:42:06
8933,6.557016,8.102896,7357.615723,5.00e-05,9171.42,1032.50,28540538,N/A,2025-08-11 19:42:06
8934,8.628387,8.102896,7357.615723,5.00e-05,9522.04,1661.00,28543860,N/A,2025-08-11 19:42:06
8935,7.694867,8.102896,7357.615723,5.00e-05,9521.87,1440.00,28546740,N/A,2025-08-11 19:42:07
8936,5.290021,8.102896,7357.615723,5.00e-05,9401.01,1226.50,28549193,N/A,2025-08-11 19:42:07
8937,10.490711,8.102896,7357.615723,5.00e-05,9364.28,1838.00,28552869,N/A,2025-08-11 19:42:07
8938,7.964501,8.102896,7357.615723,5.00e-05,9072.14,1510.50,28555890,N/A,2025-08-11 19:42:08
8939,6.585347,8.102896,7357.615723,5.00e-05,8980.08,1502.00,28558894,N/A,2025-08-11 19:42:08
8940,6.497004,8.102896,7357.615723,5.00e-05,8775.25,1472.50,28561839,1.0000,2025-08-11 19:42:09
8941,7.154976,8.102896,7357.615723,5.00e-05,8462.02,1332.00,28564503,N/A,2025-08-11 19:42:09
8942,7.875070,8.102896,7357.615723,5.00e-05,8343.78,1671.00,28567845,N/A,2025-08-11 19:42:09
8943,8.646414,8.102896,7357.615723,5.00e-05,8817.39,1923.50,28571692,N/A,2025-08-11 19:42:10
8944,10.381341,8.102896,7357.615723,5.00e-05,9023.91,2025.50,28575743,N/A,2025-08-11 19:42:10
8945,6.598213,8.102896,7357.615723,5.00e-05,9117.85,1622.00,28578987,N/A,2025-08-11 19:42:11
8946,8.647101,8.102896,7357.615723,5.00e-05,9271.74,1457.00,28581901,N/A,2025-08-11 19:42:11
8947,7.012234,8.102896,7357.615723,5.00e-05,9113.94,1502.50,28584906,N/A,2025-08-11 19:42:11
8948,8.947351,8.102896,7357.615723,5.00e-05,9298.35,1903.50,28588713,N/A,2025-08-11 19:42:12
8949,5.563009,8.102896,7357.615723,5.00e-05,9329.67,1284.50,28591282,N/A,2025-08-11 19:42:12
8950,8.475180,8.102896,7357.615723,5.00e-05,9109.34,1411.00,28594104,1.0000,2025-08-11 19:42:13
8951,9.294718,8.102896,7357.615723,5.00e-05,9363.22,1795.50,28597695,N/A,2025-08-11 19:42:13
8952,9.025253,8.102896,7357.615723,5.00e-05,9237.56,1504.50,28600704,N/A,2025-08-11 19:42:13
8953,7.034282,8.102896,7357.615723,5.00e-05,9130.93,1789.50,28604283,N/A,2025-08-11 19:42:14
8954,8.018945,8.102896,7357.615723,5.00e-05,8934.95,1671.50,28607626,N/A,2025-08-11 19:42:14
8955,8.537203,8.102896,7357.615723,5.00e-05,8777.64,1347.00,28610320,N/A,2025-08-11 19:42:15
8956,5.260223,8.102896,7357.615723,5.00e-05,8706.00,1278.00,28612876,N/A,2025-08-11 19:42:15
8957,7.657360,8.102896,7357.615723,5.00e-05,8896.88,1775.00,28616426,N/A,2025-08-11 19:42:15
8958,6.644997,8.102896,7357.615723,5.00e-05,8620.37,1308.50,28619043,N/A,2025-08-11 19:42:16
8959,8.624114,8.102896,7357.615723,5.00e-05,8773.64,1296.50,28621636,N/A,2025-08-11 19:42:16
8960,8.431736,8.102896,7357.615723,5.00e-05,8639.48,1448.00,28624532,1.0000,2025-08-11 19:42:17
8961,8.669175,8.102896,7357.615723,5.00e-05,8421.93,1292.00,28627116,N/A,2025-08-11 19:42:17
8962,9.627172,8.102896,7357.615723,5.00e-05,8432.29,1464.50,28630045,N/A,2025-08-11 19:42:17
8963,9.883526,8.102896,7357.615723,5.00e-05,8461.05,1981.00,28634007,N/A,2025-08-11 19:42:18
8964,10.072766,8.102896,7357.615723,5.00e-05,8288.18,1439.00,28636885,N/A,2025-08-11 19:42:18
8965,10.732375,8.102896,7357.615723,5.00e-05,8565.73,1850.50,28640586,N/A,2025-08-11 19:42:18
8966,6.356563,8.102896,7357.615723,5.00e-05,8568.97,1329.00,28643244,N/A,2025-08-11 19:42:19
8967,7.902171,8.102896,7357.615723,5.00e-05,8394.03,1452.00,28646148,N/A,2025-08-11 19:42:19
8968,7.534725,8.102896,7357.615723,5.00e-05,8488.24,1421.50,28648991,N/A,2025-08-11 19:42:20
8969,9.598577,8.102896,7357.615723,5.00e-05,8947.56,1951.50,28652894,N/A,2025-08-11 19:42:20
8970,7.917123,8.102896,7357.615723,5.00e-05,8934.79,2042.00,28656978,1.0000,2025-08-11 19:42:21
8971,5.650451,8.102896,7357.615723,5.00e-05,8918.88,1362.50,28659703,N/A,2025-08-11 19:42:21
8972,6.771630,8.102896,7357.615723,5.00e-05,8970.41,1459.50,28662622,N/A,2025-08-11 19:42:21
8973,7.649701,8.102896,7357.615723,5.00e-05,8847.93,1670.00,28665962,N/A,2025-08-11 19:42:22
8974,11.122966,8.102896,7357.615723,5.00e-05,9114.96,1938.00,28669838,N/A,2025-08-11 19:42:22
8975,5.125603,8.102896,7357.615723,5.00e-05,8830.40,1383.50,28672605,N/A,2025-08-11 19:42:22
8976,10.439513,8.102896,7357.615723,5.00e-05,9179.04,2018.50,28676642,N/A,2025-08-11 19:42:23
8977,9.386616,8.102896,7357.615723,5.00e-05,9380.08,1838.50,28680319,N/A,2025-08-11 19:42:23
8978,7.486955,8.102896,7357.615723,5.00e-05,9515.89,1598.50,28683516,N/A,2025-08-11 19:42:24
8979,6.793541,8.102896,7357.615723,5.00e-05,9542.80,1364.00,28686244,N/A,2025-08-11 19:42:24
8980,7.385388,8.102896,7357.615723,5.00e-05,9265.16,1797.00,28689838,1.0000,2025-08-11 19:42:24
8981,8.616991,8.102896,7357.615723,5.00e-05,9527.13,1805.00,28693448,N/A,2025-08-11 19:42:25
8982,8.395895,8.102896,7357.615723,5.00e-05,9524.34,1505.50,28696459,N/A,2025-08-11 19:42:25
8983,6.734761,8.102896,7357.615723,5.00e-05,9392.97,1552.00,28699563,N/A,2025-08-11 19:42:26
8984,6.824275,8.102896,7357.615723,5.00e-05,9096.86,1313.00,28702189,N/A,2025-08-11 19:42:26
8985,8.878025,8.102896,7357.615723,5.00e-05,9116.70,1443.00,28705075,N/A,2025-08-11 19:42:26
8986,5.676070,8.102896,7357.615723,5.00e-05,8568.91,1104.00,28707283,N/A,2025-08-11 19:42:27
8987,6.741897,8.102896,7357.615723,5.00e-05,8345.49,1373.00,28710029,N/A,2025-08-11 19:42:27
8988,9.964046,8.102896,7357.615723,5.00e-05,8529.15,1924.50,28713878,N/A,2025-08-11 19:42:28
8989,5.380962,8.102896,7357.615723,5.00e-05,8593.84,1190.00,28716258,N/A,2025-08-11 19:42:28
8990,9.189024,8.102896,7357.615723,5.00e-05,8338.22,1661.50,28719581,1.0000,2025-08-11 19:42:28
8991,21.328087,8.102896,7357.615723,5.00e-05,8430.85,1938.50,28723458,N/A,2025-08-11 19:42:29
8992,9.331607,8.102896,7357.615723,5.00e-05,8570.12,1706.50,28726871,N/A,2025-08-11 19:42:29
8993,9.204183,8.102896,7357.615723,5.00e-05,8724.34,1816.00,28730503,N/A,2025-08-11 19:42:30
8994,10.612166,8.102896,7357.615723,5.00e-05,8892.90,1650.00,28733803,N/A,2025-08-11 19:42:30
8995,9.570987,8.102896,7357.615723,5.00e-05,9069.50,1668.00,28737139,N/A,2025-08-11 19:42:30
8996,9.787290,8.102896,7357.615723,5.00e-05,9348.48,1666.00,28740471,N/A,2025-08-11 19:42:31
8997,9.573416,8.102896,7357.615723,5.00e-05,9529.89,1686.50,28743844,N/A,2025-08-11 19:42:31
8998,9.598980,8.102896,7357.615723,5.00e-05,9349.45,1570.00,28746984,N/A,2025-08-11 19:42:31
8999,11.566939,8.102896,7357.615723,5.00e-05,9840.20,1681.00,28750346,N/A,2025-08-11 19:42:32
9000,11.647859,8.243062,10518.808594,5.00e-05,2704.65,1770.50,28753887,N/A,2025-08-11 19:42:41
9001,8.010792,8.243062,10518.808594,5.00e-05,2516.78,1696.00,28757279,N/A,2025-08-11 19:42:43
9002,8.382101,8.243062,10518.808594,5.00e-05,2475.87,1439.50,28760158,N/A,2025-08-11 19:42:43
9003,9.125745,8.243062,10518.808594,5.00e-05,2496.46,1943.00,28764044,N/A,2025-08-11 19:42:43
9004,5.387148,8.243062,10518.808594,5.00e-05,2467.72,1465.50,28766975,N/A,2025-08-11 19:42:44
9005,5.609836,8.243062,10518.808594,5.00e-05,2423.65,1351.00,28769677,N/A,2025-08-11 19:42:44
9006,7.703113,8.243062,10518.808594,5.00e-05,2403.09,1520.50,28772718,N/A,2025-08-11 19:42:45
9007,8.551813,8.243062,10518.808594,5.00e-05,2377.56,1519.00,28775756,N/A,2025-08-11 19:42:45
9008,7.047881,8.243062,10518.808594,5.00e-05,2407.82,1793.50,28779343,N/A,2025-08-11 19:42:45
9009,6.064941,8.243062,10518.808594,5.00e-05,7470.13,1254.50,28781852,N/A,2025-08-11 19:42:46
9010,7.148520,8.243062,10518.808594,5.00e-05,8835.66,1645.50,28785143,1.0000,2025-08-11 19:42:46
9011,8.479563,8.243062,10518.808594,5.00e-05,8652.39,1343.50,28787830,N/A,2025-08-11 19:42:47
9012,8.563910,8.243062,10518.808594,5.00e-05,8855.85,1727.00,28791284,N/A,2025-08-11 19:42:47
9013,8.299123,8.243062,10518.808594,5.00e-05,8542.09,1358.00,28794000,N/A,2025-08-11 19:42:47
9014,12.539086,8.243062,10518.808594,5.00e-05,8829.99,2048.00,28798096,N/A,2025-08-11 19:42:48
9015,8.175239,8.243062,10518.808594,5.00e-05,8854.38,1424.50,28800945,N/A,2025-08-11 19:42:48
9016,8.312778,8.243062,10518.808594,5.00e-05,8744.81,1389.00,28803723,N/A,2025-08-11 19:42:48
9017,6.982071,8.243062,10518.808594,5.00e-05,8653.38,1253.00,28806229,N/A,2025-08-11 19:42:49
9018,7.710756,8.243062,10518.808594,5.00e-05,8299.50,1175.00,28808579,N/A,2025-08-11 19:42:49
9019,5.829658,8.243062,10518.808594,5.00e-05,8484.52,1206.00,28810991,N/A,2025-08-11 19:42:50
9020,8.376673,8.243062,10518.808594,5.00e-05,8066.83,1395.00,28813781,1.0000,2025-08-11 19:42:50
9021,6.544515,8.243062,10518.808594,5.00e-05,8047.02,1330.50,28816442,N/A,2025-08-11 19:42:50
9022,7.247970,8.243062,10518.808594,5.00e-05,8091.15,1817.00,28820076,N/A,2025-08-11 19:42:51
9023,7.971362,8.243062,10518.808594,5.00e-05,8450.70,1982.00,28824040,N/A,2025-08-11 19:42:51
9024,5.662590,8.243062,10518.808594,5.00e-05,7926.12,1111.50,28826263,N/A,2025-08-11 19:42:52
9025,7.902882,8.243062,10518.808594,5.00e-05,8102.91,1662.50,28829588,N/A,2025-08-11 19:42:52
9026,5.573489,8.243062,10518.808594,5.00e-05,7949.52,1154.00,28831896,N/A,2025-08-11 19:42:52
9027,8.624637,8.243062,10518.808594,5.00e-05,8310.76,1981.00,28835858,N/A,2025-08-11 19:42:53
9028,7.957967,8.243062,10518.808594,5.00e-05,8487.14,1520.00,28838898,N/A,2025-08-11 19:42:53
9029,7.527699,8.243062,10518.808594,5.00e-05,8826.14,1291.00,28841480,N/A,2025-08-11 19:42:54
9030,6.899279,8.243062,10518.808594,5.00e-05,8634.50,1446.00,28844372,1.0000,2025-08-11 19:42:54
9031,6.197173,8.243062,10518.808594,5.00e-05,8652.87,1383.50,28847139,N/A,2025-08-11 19:42:54
9032,9.170078,8.243062,10518.808594,5.00e-05,8759.21,1930.50,28851000,N/A,2025-08-11 19:42:55
9033,10.297450,8.243062,10518.808594,5.00e-05,8568.75,1750.50,28854501,N/A,2025-08-11 19:42:55
9034,3.915911,8.243062,10518.808594,5.00e-05,8555.47,1115.50,28856732,N/A,2025-08-11 19:42:56
9035,4.995471,8.243062,10518.808594,5.00e-05,8221.46,1055.50,28858843,N/A,2025-08-11 19:42:56
9036,9.439159,8.243062,10518.808594,5.00e-05,8585.31,1733.00,28862309,N/A,2025-08-11 19:42:56
9037,7.832613,8.243062,10518.808594,5.00e-05,8384.20,1596.50,28865502,N/A,2025-08-11 19:42:57
9038,6.061140,8.243062,10518.808594,5.00e-05,8351.40,1549.50,28868601,N/A,2025-08-11 19:42:57
9039,5.038977,8.243062,10518.808594,5.00e-05,8439.39,1091.00,28870783,N/A,2025-08-11 19:42:57
9040,11.052366,8.243062,10518.808594,5.00e-05,8322.04,1597.00,28873977,1.0000,2025-08-11 19:42:58
9041,5.623050,8.243062,10518.808594,5.00e-05,8300.61,1363.50,28876704,N/A,2025-08-11 19:42:58
9042,4.219125,8.243062,10518.808594,5.00e-05,7925.32,1146.50,28878997,N/A,2025-08-11 19:42:59
9043,6.620267,8.243062,10518.808594,5.00e-05,7720.70,1368.50,28881734,N/A,2025-08-11 19:42:59
9044,7.892168,8.243062,10518.808594,5.00e-05,8143.17,1912.00,28885558,N/A,2025-08-11 19:42:59
9045,7.102486,8.243062,10518.808594,5.00e-05,8074.71,1119.00,28887796,N/A,2025-08-11 19:43:00
9046,5.739896,8.243062,10518.808594,5.00e-05,7773.95,1242.50,28890281,N/A,2025-08-11 19:43:00
9047,9.391277,8.243062,10518.808594,5.00e-05,7953.89,1849.50,28893980,N/A,2025-08-11 19:43:01
9048,5.546186,8.243062,10518.808594,5.00e-05,7876.46,1479.50,28896939,N/A,2025-08-11 19:43:01
9049,10.081054,8.243062,10518.808594,5.00e-05,8477.77,1804.50,28900548,N/A,2025-08-11 19:43:01
9050,8.918203,8.243062,10518.808594,5.00e-05,8312.88,1826.50,28904201,1.0000,2025-08-11 19:43:02
9051,7.793282,8.243062,10518.808594,5.00e-05,8367.27,1627.00,28907455,N/A,2025-08-11 19:43:02
9052,11.059085,8.243062,10518.808594,5.00e-05,8527.13,1544.50,28910544,N/A,2025-08-11 19:43:03
9053,9.006620,8.243062,10518.808594,5.00e-05,8912.81,1986.50,28914517,N/A,2025-08-11 19:43:03
9054,7.551122,8.243062,10518.808594,5.00e-05,8918.10,1686.00,28917889,N/A,2025-08-11 19:43:04
9055,8.370430,8.243062,10518.808594,5.00e-05,9079.57,1335.00,28920559,N/A,2025-08-11 19:43:04
9056,7.709531,8.243062,10518.808594,5.00e-05,9294.61,1616.00,28923791,N/A,2025-08-11 19:43:04
9057,9.804771,8.243062,10518.808594,5.00e-05,9332.69,1812.50,28927416,N/A,2025-08-11 19:43:05
9058,7.075857,8.243062,10518.808594,5.00e-05,9216.79,1263.50,28929943,N/A,2025-08-11 19:43:05
9059,9.337292,8.243062,10518.808594,5.00e-05,9410.03,1552.00,28933047,N/A,2025-08-11 19:43:05
9060,7.357144,8.243062,10518.808594,5.00e-05,9040.30,1312.50,28935672,1.0000,2025-08-11 19:43:06
9061,10.232309,8.243062,10518.808594,5.00e-05,9155.33,1704.00,28939080,N/A,2025-08-11 19:43:06
9062,6.962135,8.243062,10518.808594,5.00e-05,9004.40,1377.50,28941835,N/A,2025-08-11 19:43:07
9063,10.585269,8.243062,10518.808594,5.00e-05,8933.30,1880.50,28945596,N/A,2025-08-11 19:43:07
9064,7.692736,8.243062,10518.808594,5.00e-05,9051.58,1967.00,28949530,N/A,2025-08-11 19:43:07
9065,7.286418,8.243062,10518.808594,5.00e-05,9114.80,1484.00,28952498,N/A,2025-08-11 19:43:08
9066,7.391356,8.243062,10518.808594,5.00e-05,9053.74,1494.50,28955487,N/A,2025-08-11 19:43:08
9067,8.473283,8.243062,10518.808594,5.00e-05,8946.80,1629.50,28958746,N/A,2025-08-11 19:43:09
9068,5.601181,8.243062,10518.808594,5.00e-05,8876.08,1145.00,28961036,N/A,2025-08-11 19:43:09
9069,6.910049,8.243062,10518.808594,5.00e-05,8986.59,1461.50,28963959,N/A,2025-08-11 19:43:09
9070,10.394727,8.243062,10518.808594,5.00e-05,9058.62,1750.00,28967459,1.0000,2025-08-11 19:43:10
9071,5.625746,8.243062,10518.808594,5.00e-05,8923.86,1391.50,28970242,N/A,2025-08-11 19:43:10
9072,8.984250,8.243062,10518.808594,5.00e-05,8854.79,1344.50,28972931,N/A,2025-08-11 19:43:11
9073,7.731511,8.243062,10518.808594,5.00e-05,8559.77,1296.00,28975523,N/A,2025-08-11 19:43:11
9074,7.075065,8.243062,10518.808594,5.00e-05,8417.85,1719.50,28978962,N/A,2025-08-11 19:43:11
9075,10.801706,8.243062,10518.808594,5.00e-05,8721.74,2046.50,28983055,N/A,2025-08-11 19:43:12
9076,5.470947,8.243062,10518.808594,5.00e-05,8567.57,1303.50,28985662,N/A,2025-08-11 19:43:12
9077,7.424225,8.243062,10518.808594,5.00e-05,8423.03,1387.50,28988437,N/A,2025-08-11 19:43:12
9078,7.064818,8.243062,10518.808594,5.00e-05,8638.10,1694.50,28991826,N/A,2025-08-11 19:43:13
9079,7.940572,8.243062,10518.808594,5.00e-05,8845.46,1545.00,28994916,N/A,2025-08-11 19:43:13
9080,9.074667,8.243062,10518.808594,5.00e-05,8772.28,1881.00,28998678,1.0000,2025-08-11 19:43:14
9081,9.654801,8.243062,10518.808594,5.00e-05,8869.25,1479.00,29001636,N/A,2025-08-11 19:43:14
9082,9.614199,8.243062,10518.808594,5.00e-05,9034.18,1645.50,29004927,N/A,2025-08-11 19:43:14
9083,8.281642,8.243062,10518.808594,5.00e-05,9366.85,1864.50,29008656,N/A,2025-08-11 19:43:15
9084,8.854814,8.243062,10518.808594,5.00e-05,9336.54,1654.00,29011964,N/A,2025-08-11 19:43:15
9085,7.358948,8.243062,10518.808594,5.00e-05,9178.37,1824.50,29015613,N/A,2025-08-11 19:43:16
9086,7.956382,8.243062,10518.808594,5.00e-05,9215.32,1343.50,29018300,N/A,2025-08-11 19:43:16
9087,7.559191,8.243062,10518.808594,5.00e-05,9310.56,1354.00,29021008,N/A,2025-08-11 19:43:16
9088,7.792977,8.243062,10518.808594,5.00e-05,9413.79,1875.00,29024758,N/A,2025-08-11 19:43:17
9089,9.116439,8.243062,10518.808594,5.00e-05,9413.86,1373.50,29027505,N/A,2025-08-11 19:43:17
9090,9.197804,8.243062,10518.808594,5.00e-05,9060.42,1646.00,29030797,1.0000,2025-08-11 19:43:18
9091,5.785260,8.243062,10518.808594,5.00e-05,8787.97,1068.00,29032933,N/A,2025-08-11 19:43:18
9092,7.448587,8.243062,10518.808594,5.00e-05,8736.27,1547.00,29036027,N/A,2025-08-11 19:43:18
9093,8.912137,8.243062,10518.808594,5.00e-05,8738.14,1908.00,29039843,N/A,2025-08-11 19:43:19
9094,6.360775,8.243062,10518.808594,5.00e-05,8539.18,1244.00,29042331,N/A,2025-08-11 19:43:19
9095,10.438316,8.243062,10518.808594,5.00e-05,8434.56,1685.00,29045701,N/A,2025-08-11 19:43:20
9096,8.507662,8.243062,10518.808594,5.00e-05,8465.56,1533.50,29048768,N/A,2025-08-11 19:43:20
9097,7.302465,8.243062,10518.808594,5.00e-05,8530.56,1469.00,29051706,N/A,2025-08-11 19:43:20
9098,7.182260,8.243062,10518.808594,5.00e-05,8316.28,1382.00,29054470,N/A,2025-08-11 19:43:21
9099,8.684253,8.243062,10518.808594,5.00e-05,8710.70,1687.00,29057844,N/A,2025-08-11 19:43:21
9100,7.051779,8.243062,10518.808594,5.00e-05,8454.05,1502.50,29060849,1.0000,2025-08-11 19:43:22
9101,12.030499,8.243062,10518.808594,5.00e-05,6814.17,1978.50,29064806,N/A,2025-08-11 19:43:23
9102,6.676763,8.243062,10518.808594,5.00e-05,6737.76,1335.50,29067477,N/A,2025-08-11 19:43:23
9103,8.199765,8.243062,10518.808594,5.00e-05,6670.46,1687.00,29070851,N/A,2025-08-11 19:43:24
9104,8.461205,8.243062,10518.808594,5.00e-05,6819.38,1610.50,29074072,N/A,2025-08-11 19:43:24
9105,11.147649,8.243062,10518.808594,5.00e-05,7009.10,2029.00,29078130,N/A,2025-08-11 19:43:25
9106,6.459851,8.243062,10518.808594,5.00e-05,6993.18,1490.50,29081111,N/A,2025-08-11 19:43:25
9107,8.400173,8.243062,10518.808594,5.00e-05,7035.00,1595.00,29084301,N/A,2025-08-11 19:43:25
9108,9.605707,8.243062,10518.808594,5.00e-05,7223.93,1827.00,29087955,N/A,2025-08-11 19:43:26
9109,7.046733,8.243062,10518.808594,5.00e-05,7180.71,1270.00,29090495,N/A,2025-08-11 19:43:26
9110,4.637983,8.243062,10518.808594,5.00e-05,9170.24,1211.50,29092918,1.0000,2025-08-11 19:43:27
9111,5.962740,8.243062,10518.808594,5.00e-05,8562.87,1063.50,29095045,N/A,2025-08-11 19:43:27
9112,8.029941,8.243062,10518.808594,5.00e-05,8698.55,1582.50,29098210,N/A,2025-08-11 19:43:27
9113,5.943498,8.243062,10518.808594,5.00e-05,8621.30,1527.50,29101265,N/A,2025-08-11 19:43:28
9114,9.374568,8.243062,10518.808594,5.00e-05,8694.28,1928.00,29105121,N/A,2025-08-11 19:43:28
9115,5.404376,8.243062,10518.808594,5.00e-05,8107.32,1067.00,29107255,N/A,2025-08-11 19:43:29
9116,6.920897,8.243062,10518.808594,5.00e-05,8044.21,1439.00,29110133,N/A,2025-08-11 19:43:29
9117,9.270000,8.243062,10518.808594,5.00e-05,8096.57,1769.50,29113672,N/A,2025-08-11 19:43:29
9118,8.163648,8.243062,10518.808594,5.00e-05,8077.34,1775.00,29117222,N/A,2025-08-11 19:43:30
9119,7.391949,8.243062,10518.808594,5.00e-05,8375.71,1502.50,29120227,N/A,2025-08-11 19:43:30
9120,9.014372,8.243062,10518.808594,5.00e-05,8477.88,1547.00,29123321,1.0000,2025-08-11 19:43:31
9121,6.715431,8.243062,10518.808594,5.00e-05,8879.40,1779.00,29126879,N/A,2025-08-11 19:43:31
9122,8.264247,8.243062,10518.808594,5.00e-05,8907.55,1592.00,29130063,N/A,2025-08-11 19:43:31
9123,5.579705,8.243062,10518.808594,5.00e-05,8833.29,1183.50,29132430,N/A,2025-08-11 19:43:32
9124,4.748663,8.243062,10518.808594,5.00e-05,8558.66,1352.00,29135134,N/A,2025-08-11 19:43:32
9125,8.831461,8.243062,10518.808594,5.00e-05,9043.80,1851.00,29138836,N/A,2025-08-11 19:43:32
9126,7.746418,8.243062,10518.808594,5.00e-05,9044.03,1380.00,29141596,N/A,2025-08-11 19:43:33
9127,7.919436,8.243062,10518.808594,5.00e-05,9007.58,1705.00,29145006,N/A,2025-08-11 19:43:33
9128,8.203951,8.243062,10518.808594,5.00e-05,9035.25,1861.00,29148728,N/A,2025-08-11 19:43:34
9129,7.947817,8.243062,10518.808594,5.00e-05,9226.46,1569.50,29151867,N/A,2025-08-11 19:43:34
9130,11.914992,8.243062,10518.808594,5.00e-05,9275.65,2048.00,29155963,1.0000,2025-08-11 19:43:34
9131,7.892525,8.243062,10518.808594,5.00e-05,8952.30,1211.00,29158385,N/A,2025-08-11 19:43:35
9132,9.074398,8.243062,10518.808594,5.00e-05,9204.30,2048.00,29162481,N/A,2025-08-11 19:43:35
9133,12.641584,8.243062,10518.808594,5.00e-05,9543.34,1790.00,29166061,N/A,2025-08-11 19:43:36
9134,6.520219,8.243062,10518.808594,5.00e-05,9590.60,1515.50,29169092,N/A,2025-08-11 19:43:36
9135,8.137023,8.243062,10518.808594,5.00e-05,9420.48,1555.00,29172202,N/A,2025-08-11 19:43:36
9136,6.854746,8.243062,10518.808594,5.00e-05,9717.56,1940.50,29176083,N/A,2025-08-11 19:43:37
9137,9.862921,8.243062,10518.808594,5.00e-05,9713.94,1670.50,29179424,N/A,2025-08-11 19:43:37
9138,11.530462,8.243062,10518.808594,5.00e-05,9847.47,2036.00,29183496,N/A,2025-08-11 19:43:38
9139,7.093771,8.243062,10518.808594,5.00e-05,9972.12,1352.50,29186201,N/A,2025-08-11 19:43:38
9140,7.097519,8.243062,10518.808594,5.00e-05,9363.93,1329.00,29188859,1.0000,2025-08-11 19:43:38
9141,6.473700,8.243062,10518.808594,5.00e-05,9335.94,1154.00,29191167,N/A,2025-08-11 19:43:39
9142,8.787291,8.243062,10518.808594,5.00e-05,9291.47,1947.00,29195061,N/A,2025-08-11 19:43:39
9143,9.010626,8.243062,10518.808594,5.00e-05,9211.80,1541.00,29198143,N/A,2025-08-11 19:43:39
9144,8.916378,8.243062,10518.808594,5.00e-05,9252.46,1650.50,29201444,N/A,2025-08-11 19:43:40
9145,5.908059,8.243062,10518.808594,5.00e-05,9120.23,1320.50,29204085,N/A,2025-08-11 19:43:40
9146,6.575397,8.243062,10518.808594,5.00e-05,8911.61,1560.50,29207206,N/A,2025-08-11 19:43:41
9147,10.712749,8.243062,10518.808594,5.00e-05,8929.10,1694.50,29210595,N/A,2025-08-11 19:43:41
9148,8.678175,8.243062,10518.808594,5.00e-05,8849.36,1877.50,29214350,N/A,2025-08-11 19:43:41
9149,8.040479,8.243062,10518.808594,5.00e-05,9058.18,1389.00,29217128,N/A,2025-08-11 19:43:42
9150,12.023489,8.243062,10518.808594,5.00e-05,9299.25,2037.50,29221203,1.0000,2025-08-11 19:43:42
9151,6.966920,8.243062,10518.808594,5.00e-05,9240.40,1155.50,29223514,N/A,2025-08-11 19:43:43
9152,6.598841,8.243062,10518.808594,5.00e-05,8884.98,1342.50,29226199,N/A,2025-08-11 19:43:43
9153,9.681636,8.243062,10518.808594,5.00e-05,9108.19,1889.00,29229977,N/A,2025-08-11 19:43:43
9154,6.211027,8.243062,10518.808594,5.00e-05,8843.00,1264.00,29232505,N/A,2025-08-11 19:43:44
9155,10.236472,8.243062,10518.808594,5.00e-05,9167.72,1902.00,29236309,N/A,2025-08-11 19:43:44
9156,5.113693,8.243062,10518.808594,5.00e-05,8990.17,1276.50,29238862,N/A,2025-08-11 19:43:45
9157,11.185789,8.243062,10518.808594,5.00e-05,9071.10,1833.50,29242529,N/A,2025-08-11 19:43:45
9158,7.198214,8.243062,10518.808594,5.00e-05,8712.78,1339.00,29245207,N/A,2025-08-11 19:43:45
9159,10.539843,8.243062,10518.808594,5.00e-05,8924.35,1515.00,29248237,N/A,2025-08-11 19:43:46
9160,9.462914,8.243062,10518.808594,5.00e-05,8591.43,1916.50,29252070,1.0000,2025-08-11 19:43:46
9161,5.912297,8.243062,10518.808594,5.00e-05,8711.32,1362.00,29254794,N/A,2025-08-11 19:43:47
9162,7.008092,8.243062,10518.808594,5.00e-05,8742.87,1369.50,29257533,N/A,2025-08-11 19:43:47
9163,6.606478,8.243062,10518.808594,5.00e-05,8403.13,1369.50,29260272,N/A,2025-08-11 19:43:47
9164,9.272184,8.243062,10518.808594,5.00e-05,8672.25,1830.00,29263932,N/A,2025-08-11 19:43:48
9165,4.681438,8.243062,10518.808594,5.00e-05,6938.59,1105.50,29266143,N/A,2025-08-11 19:43:49
9166,11.254233,8.243062,10518.808594,5.00e-05,7244.54,1936.50,29270016,N/A,2025-08-11 19:43:49
9167,10.450010,8.243062,10518.808594,5.00e-05,7370.40,2048.00,29274112,N/A,2025-08-11 19:43:50
9168,7.301653,8.243062,10518.808594,5.00e-05,7338.09,1358.00,29276828,N/A,2025-08-11 19:43:50
9169,9.723408,8.243062,10518.808594,5.00e-05,7716.59,1909.50,29280647,N/A,2025-08-11 19:43:50
9170,8.817681,8.243062,10518.808594,5.00e-05,7431.93,1575.00,29283797,1.0000,2025-08-11 19:43:51
9171,9.102406,8.243062,10518.808594,5.00e-05,7523.36,1546.50,29286890,N/A,2025-08-11 19:43:51
9172,8.539304,8.243062,10518.808594,5.00e-05,7739.43,1661.00,29290212,N/A,2025-08-11 19:43:52
9173,10.512769,8.243062,10518.808594,5.00e-05,8098.59,2048.00,29294308,N/A,2025-08-11 19:43:52
9174,7.909279,8.243062,10518.808594,5.00e-05,9383.42,1402.50,29297113,N/A,2025-08-11 19:43:52
9175,6.512399,8.243062,10518.808594,5.00e-05,9698.97,1720.00,29300553,N/A,2025-08-11 19:43:53
9176,6.864163,8.243062,10518.808594,5.00e-05,9277.25,1272.50,29303098,N/A,2025-08-11 19:43:53
9177,7.915003,8.243062,10518.808594,5.00e-05,9153.13,1696.00,29306490,N/A,2025-08-11 19:43:54
9178,8.085592,8.243062,10518.808594,5.00e-05,9361.41,1697.00,29309884,N/A,2025-08-11 19:43:54
9179,7.766357,8.243062,10518.808594,5.00e-05,9433.42,1707.00,29313298,N/A,2025-08-11 19:43:54
9180,5.824283,8.243062,10518.808594,5.00e-05,8974.64,1166.50,29315631,1.0000,2025-08-11 19:43:55
9181,7.909967,8.243062,10518.808594,5.00e-05,8980.94,1625.50,29318882,N/A,2025-08-11 19:43:55
9182,10.103183,8.243062,10518.808594,5.00e-05,9166.20,2004.00,29322890,N/A,2025-08-11 19:43:56
9183,10.345428,8.243062,10518.808594,5.00e-05,9010.04,1687.50,29326265,N/A,2025-08-11 19:43:56
9184,7.078068,8.243062,10518.808594,5.00e-05,8939.38,1254.00,29328773,N/A,2025-08-11 19:43:56
9185,9.773007,8.243062,10518.808594,5.00e-05,8968.07,1664.00,29332101,N/A,2025-08-11 19:43:57
9186,12.581007,8.243062,10518.808594,5.00e-05,9416.20,2048.00,29336197,N/A,2025-08-11 19:43:57
9187,8.403128,8.243062,10518.808594,5.00e-05,9490.31,1896.00,29339989,N/A,2025-08-11 19:43:57
9188,6.095568,8.243062,10518.808594,5.00e-05,9350.02,1601.50,29343192,N/A,2025-08-11 19:43:58
9189,10.766402,8.243062,10518.808594,5.00e-05,9773.50,2048.00,29347288,N/A,2025-08-11 19:43:58
9190,6.287662,8.243062,10518.808594,5.00e-05,9727.86,1340.00,29349968,1.0000,2025-08-11 19:43:59
9191,8.557118,8.243062,10518.808594,5.00e-05,9817.63,1777.00,29353522,N/A,2025-08-11 19:43:59
9192,8.195976,8.243062,10518.808594,5.00e-05,9737.77,1874.50,29357271,N/A,2025-08-11 19:43:59
9193,4.926662,8.243062,10518.808594,5.00e-05,9470.71,1210.00,29359691,N/A,2025-08-11 19:44:00
9194,7.209841,8.243062,10518.808594,5.00e-05,9340.84,1128.50,29361948,N/A,2025-08-11 19:44:00
9195,6.326218,8.243062,10518.808594,5.00e-05,9048.31,1166.00,29364280,N/A,2025-08-11 19:44:01
9196,4.805273,8.243062,10518.808594,5.00e-05,8641.51,1244.50,29366769,N/A,2025-08-11 19:44:01
9197,11.018097,8.243062,10518.808594,5.00e-05,8674.11,1875.50,29370520,N/A,2025-08-11 19:44:01
9198,6.633107,8.243062,10518.808594,5.00e-05,8494.61,1264.50,29373049,N/A,2025-08-11 19:44:02
9199,7.271256,8.243062,10518.808594,5.00e-05,8145.40,1164.00,29375377,N/A,2025-08-11 19:44:02
9200,5.959205,8.243062,10518.808594,5.00e-05,8085.22,1561.50,29378500,1.0000,2025-08-11 19:44:03
9201,10.267184,8.243062,10518.808594,5.00e-05,6662.24,1805.00,29382110,N/A,2025-08-11 19:44:04
9202,8.198312,8.243062,10518.808594,5.00e-05,6682.94,1904.50,29385919,N/A,2025-08-11 19:44:04
9203,10.509107,8.243062,10518.808594,5.00e-05,7024.15,1947.50,29389814,N/A,2025-08-11 19:44:05
9204,8.644055,8.243062,10518.808594,5.00e-05,7270.77,1732.50,29393279,N/A,2025-08-11 19:44:05
9205,9.299862,8.243062,10518.808594,5.00e-05,7622.26,1952.00,29397183,N/A,2025-08-11 19:44:05
9206,6.631665,8.243062,10518.808594,5.00e-05,7659.35,1474.00,29400131,N/A,2025-08-11 19:44:06
9207,6.193860,8.243062,10518.808594,5.00e-05,7461.01,1645.00,29403421,N/A,2025-08-11 19:44:06
9208,6.442628,8.243062,10518.808594,5.00e-05,7543.41,1449.00,29406319,N/A,2025-08-11 19:44:07
9209,6.977050,8.243062,10518.808594,5.00e-05,7840.44,1499.00,29409317,N/A,2025-08-11 19:44:07
9210,8.232860,8.243062,10518.808594,5.00e-05,9571.50,1948.00,29413213,1.0000,2025-08-11 19:44:07
9211,5.876565,8.243062,10518.808594,5.00e-05,9341.99,1421.00,29416055,N/A,2025-08-11 19:44:08
9212,5.783946,8.243062,10518.808594,5.00e-05,9049.03,1361.00,29418777,N/A,2025-08-11 19:44:08
9213,6.261013,8.243062,10518.808594,5.00e-05,8776.38,1333.50,29421444,N/A,2025-08-11 19:44:09
9214,9.942882,8.243062,10518.808594,5.00e-05,8927.13,2048.00,29425540,N/A,2025-08-11 19:44:09
9215,8.309100,8.243062,10518.808594,5.00e-05,8964.75,1771.50,29429083,N/A,2025-08-11 19:44:09
9216,8.502065,8.243062,10518.808594,5.00e-05,9207.93,1767.50,29432618,N/A,2025-08-11 19:44:10
9217,4.377797,8.243062,10518.808594,5.00e-05,8992.33,1272.00,29435162,N/A,2025-08-11 19:44:10
9218,11.556677,8.243062,10518.808594,5.00e-05,9269.50,1927.50,29439017,N/A,2025-08-11 19:44:10
9219,7.099074,8.243062,10518.808594,5.00e-05,9372.04,1399.50,29441816,N/A,2025-08-11 19:44:11
9220,5.598179,8.243062,10518.808594,5.00e-05,8764.67,1232.50,29444281,1.0000,2025-08-11 19:44:11
9221,5.549509,8.243062,10518.808594,5.00e-05,8669.11,1179.50,29446640,N/A,2025-08-11 19:44:12
9222,7.890735,8.243062,10518.808594,5.00e-05,8863.26,1711.00,29450062,N/A,2025-08-11 19:44:12
9223,6.551187,8.243062,10518.808594,5.00e-05,8945.48,1405.50,29452873,N/A,2025-08-11 19:44:12
9224,7.542857,8.243062,10518.808594,5.00e-05,8499.12,1343.50,29455560,N/A,2025-08-11 19:44:13
9225,8.992462,8.243062,10518.808594,5.00e-05,8530.83,1760.50,29459081,N/A,2025-08-11 19:44:13
9226,7.766450,8.243062,10518.808594,5.00e-05,8349.14,1652.00,29462385,N/A,2025-08-11 19:44:14
9227,9.392327,8.243062,10518.808594,5.00e-05,8784.68,2048.00,29466481,N/A,2025-08-11 19:44:14
9228,4.959742,8.243062,10518.808594,5.00e-05,8317.90,1106.50,29468694,N/A,2025-08-11 19:44:14
9229,7.206947,8.243062,10518.808594,5.00e-05,8732.37,1775.50,29472245,N/A,2025-08-11 19:44:15
9230,10.737877,8.243062,10518.808594,5.00e-05,9028.33,2026.00,29476297,1.0000,2025-08-11 19:44:15
9231,7.605800,8.243062,10518.808594,5.00e-05,9236.17,1536.00,29479369,N/A,2025-08-11 19:44:16
9232,7.795508,8.243062,10518.808594,5.00e-05,9284.35,1784.50,29482938,N/A,2025-08-11 19:44:16
9233,7.356029,8.243062,10518.808594,5.00e-05,9339.60,1600.00,29486138,N/A,2025-08-11 19:44:16
9234,6.982321,8.243062,10518.808594,5.00e-05,9199.17,1060.00,29488258,N/A,2025-08-11 19:44:17
9235,7.057712,8.243062,10518.808594,5.00e-05,9286.07,1688.50,29491635,N/A,2025-08-11 19:44:17
9236,8.761232,8.243062,10518.808594,5.00e-05,9110.04,1445.00,29494525,N/A,2025-08-11 19:44:18
9237,6.355106,8.243062,10518.808594,5.00e-05,8820.46,1549.00,29497623,N/A,2025-08-11 19:44:18
9238,7.336095,8.243062,10518.808594,5.00e-05,8984.67,1485.50,29500594,N/A,2025-08-11 19:44:18
9239,7.886506,8.243062,10518.808594,5.00e-05,9250.75,1948.50,29504491,N/A,2025-08-11 19:44:19
9240,7.778439,8.243062,10518.808594,5.00e-05,8873.83,1782.00,29508055,1.0000,2025-08-11 19:44:19
9241,9.164092,8.243062,10518.808594,5.00e-05,9039.52,1824.00,29511703,N/A,2025-08-11 19:44:20
9242,9.778466,8.243062,10518.808594,5.00e-05,9245.74,1974.50,29515652,N/A,2025-08-11 19:44:20
9243,6.309034,8.243062,10518.808594,5.00e-05,9054.70,1249.50,29518151,N/A,2025-08-11 19:44:20
9244,6.051969,8.243062,10518.808594,5.00e-05,9126.11,1295.00,29520741,N/A,2025-08-11 19:44:21
9245,5.576038,8.243062,10518.808594,5.00e-05,8872.84,1158.00,29523057,N/A,2025-08-11 19:44:21
9246,11.053394,8.243062,10518.808594,5.00e-05,9145.92,1886.00,29526829,N/A,2025-08-11 19:44:21
9247,7.080406,8.243062,10518.808594,5.00e-05,9229.07,1592.00,29530013,N/A,2025-08-11 19:44:22
9248,9.830338,8.243062,10518.808594,5.00e-05,9423.15,1887.00,29533787,N/A,2025-08-11 19:44:22
9249,9.170760,8.243062,10518.808594,5.00e-05,9454.17,1638.50,29537064,N/A,2025-08-11 19:44:23
9250,7.800954,8.243062,10518.808594,5.00e-05,9144.75,1553.00,29540170,1.0000,2025-08-11 19:44:23
9251,7.013122,8.243062,10518.808594,5.00e-05,8977.26,1537.00,29543244,N/A,2025-08-11 19:44:23
9252,8.020733,8.243062,10518.808594,5.00e-05,8761.25,1605.50,29546455,N/A,2025-08-11 19:44:24
9253,10.186126,8.243062,10518.808594,5.00e-05,8989.44,1530.00,29549515,N/A,2025-08-11 19:44:24
9254,9.431497,8.243062,10518.808594,5.00e-05,9076.56,1664.50,29552844,N/A,2025-08-11 19:44:25
9255,7.480206,8.243062,10518.808594,5.00e-05,9354.09,1669.50,29556183,N/A,2025-08-11 19:44:25
9256,10.557951,8.243062,10518.808594,5.00e-05,9248.84,1705.00,29559593,N/A,2025-08-11 19:44:25
9257,7.474383,8.243062,10518.808594,5.00e-05,9196.29,1664.00,29562921,N/A,2025-08-11 19:44:26
9258,8.287872,8.243062,10518.808594,5.00e-05,9011.57,1530.00,29565981,N/A,2025-08-11 19:44:26
9259,5.054594,8.243062,10518.808594,5.00e-05,8863.38,1165.00,29568311,N/A,2025-08-11 19:44:27
9260,9.989069,8.243062,10518.808594,5.00e-05,8914.51,1906.00,29572123,1.0000,2025-08-11 19:44:27
9261,9.239645,8.243062,10518.808594,5.00e-05,9083.97,1907.50,29575938,N/A,2025-08-11 19:44:27
9262,5.898744,8.243062,10518.808594,5.00e-05,8825.31,1284.00,29578506,N/A,2025-08-11 19:44:28
9263,8.927398,8.243062,10518.808594,5.00e-05,9072.01,1757.50,29582021,N/A,2025-08-11 19:44:28
9264,8.622087,8.243062,10518.808594,5.00e-05,9076.52,1697.00,29585415,N/A,2025-08-11 19:44:29
9265,9.034556,8.243062,10518.808594,5.00e-05,9195.33,1885.50,29589186,N/A,2025-08-11 19:44:29
9266,9.500805,8.243062,10518.808594,5.00e-05,9181.52,1563.50,29592313,N/A,2025-08-11 19:44:29
9267,9.819591,8.243062,10518.808594,5.00e-05,9413.00,2048.00,29596409,N/A,2025-08-11 19:44:30
9268,7.420981,8.243062,10518.808594,5.00e-05,9391.75,1393.00,29599195,N/A,2025-08-11 19:44:30
9269,10.601231,8.243062,10518.808594,5.00e-05,10055.91,2048.00,29603291,N/A,2025-08-11 19:44:31
9270,8.965624,8.243062,10518.808594,5.00e-05,9906.21,1877.50,29607046,1.0000,2025-08-11 19:44:31
9271,8.603230,8.243062,10518.808594,5.00e-05,9839.01,1627.00,29610300,N/A,2025-08-11 19:44:31
9272,7.575977,8.243062,10518.808594,5.00e-05,10074.66,1668.50,29613637,N/A,2025-08-11 19:44:32
9273,8.673194,8.243062,10518.808594,5.00e-05,9927.29,1460.00,29616557,N/A,2025-08-11 19:44:32
9274,4.773870,8.243062,10518.808594,5.00e-05,9585.51,1140.50,29618838,N/A,2025-08-11 19:44:32
9275,9.981150,8.243062,10518.808594,5.00e-05,9709.32,2022.00,29622882,N/A,2025-08-11 19:44:33
9276,6.709198,8.243062,10518.808594,5.00e-05,9688.11,1528.50,29625939,N/A,2025-08-11 19:44:33
9277,5.363147,8.243062,10518.808594,5.00e-05,9338.03,1432.00,29628803,N/A,2025-08-11 19:44:34
9278,7.922517,8.243062,10518.808594,5.00e-05,9541.33,1745.00,29632293,N/A,2025-08-11 19:44:34
9279,6.298094,8.243062,10518.808594,5.00e-05,9295.20,1340.00,29634973,N/A,2025-08-11 19:44:34
9280,10.999162,8.243062,10518.808594,5.00e-05,9091.92,1921.00,29638815,1.0000,2025-08-11 19:44:35
9281,7.102976,8.243062,10518.808594,5.00e-05,8973.34,1447.00,29641709,N/A,2025-08-11 19:44:35
9282,5.712967,8.243062,10518.808594,5.00e-05,8541.84,1048.00,29643805,N/A,2025-08-11 19:44:36
9283,9.108785,8.243062,10518.808594,5.00e-05,8532.23,1482.00,29646769,N/A,2025-08-11 19:44:36
9284,9.235040,8.243062,10518.808594,5.00e-05,8612.03,1303.00,29649375,N/A,2025-08-11 19:44:36
9285,7.004983,8.243062,10518.808594,5.00e-05,8206.49,1324.00,29652023,N/A,2025-08-11 19:44:37
9286,7.356314,8.243062,10518.808594,5.00e-05,8102.56,1355.50,29654734,N/A,2025-08-11 19:44:37
9287,8.225517,8.243062,10518.808594,5.00e-05,8189.79,1604.50,29657943,N/A,2025-08-11 19:44:38
9288,5.703907,8.243062,10518.808594,5.00e-05,7902.77,1279.50,29660502,N/A,2025-08-11 19:44:38
9289,11.699864,8.243062,10518.808594,5.00e-05,8380.04,1840.00,29664182,N/A,2025-08-11 19:44:38
9290,7.679431,8.243062,10518.808594,5.00e-05,8054.84,1763.00,29667708,1.0000,2025-08-11 19:44:39
9291,5.175676,8.243062,10518.808594,5.00e-05,7883.88,1023.50,29669755,N/A,2025-08-11 19:44:39
9292,6.418877,8.243062,10518.808594,5.00e-05,8146.84,1530.00,29672815,N/A,2025-08-11 19:44:40
9293,9.163564,8.243062,10518.808594,5.00e-05,8314.48,1724.00,29676263,N/A,2025-08-11 19:44:40
9294,10.278516,8.243062,10518.808594,5.00e-05,8686.46,1947.00,29680157,N/A,2025-08-11 19:44:40
9295,7.683158,8.243062,10518.808594,5.00e-05,8927.83,1750.00,29683657,N/A,2025-08-11 19:44:41
9296,6.219129,8.243062,10518.808594,5.00e-05,8813.13,1110.50,29685878,N/A,2025-08-11 19:44:41
9297,8.121795,8.243062,10518.808594,5.00e-05,8839.96,1588.00,29689054,N/A,2025-08-11 19:44:41
9298,11.821602,8.243062,10518.808594,5.00e-05,9227.18,1962.50,29692979,N/A,2025-08-11 19:44:42
9299,6.466684,8.243062,10518.808594,5.00e-05,9209.34,1479.50,29695938,N/A,2025-08-11 19:44:42
9300,6.499206,8.243062,10518.808594,5.00e-05,8767.99,1296.00,29698530,1.0000,2025-08-11 19:44:43
9301,5.428160,8.243062,10518.808594,5.00e-05,7269.86,1398.50,29701327,N/A,2025-08-11 19:44:44
9302,10.105650,8.243062,10518.808594,5.00e-05,7502.78,2039.50,29705406,N/A,2025-08-11 19:44:44
9303,5.630695,8.243062,10518.808594,5.00e-05,7320.45,1325.00,29708056,N/A,2025-08-11 19:44:45
9304,10.586241,8.243062,10518.808594,5.00e-05,7253.75,1795.00,29711646,N/A,2025-08-11 19:44:45
9305,6.627764,8.243062,10518.808594,5.00e-05,7099.14,1488.00,29714622,N/A,2025-08-11 19:44:45
9306,8.701845,8.243062,10518.808594,5.00e-05,7288.26,1530.50,29717683,N/A,2025-08-11 19:44:46
9307,5.984422,8.243062,10518.808594,5.00e-05,7162.75,1313.00,29720309,N/A,2025-08-11 19:44:46
9308,8.082809,8.243062,10518.808594,5.00e-05,7079.80,1675.00,29723659,N/A,2025-08-11 19:44:47
9309,12.505787,8.243062,10518.808594,5.00e-05,7458.44,2048.00,29727755,N/A,2025-08-11 19:44:47
9310,8.212506,8.243062,10518.808594,5.00e-05,9186.31,1467.50,29730690,1.0000,2025-08-11 19:44:47
9311,8.833895,8.243062,10518.808594,5.00e-05,9419.68,1850.00,29734390,N/A,2025-08-11 19:44:48
9312,7.221742,8.243062,10518.808594,5.00e-05,9143.13,1545.50,29737481,N/A,2025-08-11 19:44:48
9313,8.743548,8.243062,10518.808594,5.00e-05,9325.59,1647.50,29740776,N/A,2025-08-11 19:44:49
9314,5.940756,8.243062,10518.808594,5.00e-05,9179.88,1534.50,29743845,N/A,2025-08-11 19:44:49
9315,8.044113,8.243062,10518.808594,5.00e-05,9289.04,1732.50,29747310,N/A,2025-08-11 19:44:49
9316,7.220773,8.243062,10518.808594,5.00e-05,9403.16,1717.00,29750744,N/A,2025-08-11 19:44:50
9317,7.785806,8.243062,10518.808594,5.00e-05,9584.61,1712.50,29754169,N/A,2025-08-11 19:44:50
9318,8.572253,8.243062,10518.808594,5.00e-05,9465.28,1445.00,29757059,N/A,2025-08-11 19:44:50
9319,5.296113,8.243062,10518.808594,5.00e-05,9182.64,1396.00,29759851,N/A,2025-08-11 19:44:51
9320,7.026750,8.243062,10518.808594,5.00e-05,8999.38,1380.00,29762611,1.0000,2025-08-11 19:44:51
9321,9.813784,8.243062,10518.808594,5.00e-05,9021.04,2048.00,29766707,N/A,2025-08-11 19:44:52
9322,6.773170,8.243062,10518.808594,5.00e-05,9084.29,1658.00,29770023,N/A,2025-08-11 19:44:52
9323,6.847546,8.243062,10518.808594,5.00e-05,8999.02,1441.50,29772906,N/A,2025-08-11 19:44:53
9324,6.052536,8.243062,10518.808594,5.00e-05,8850.09,1403.50,29775713,N/A,2025-08-11 19:44:53
9325,9.159737,8.243062,10518.808594,5.00e-05,8853.31,1746.00,29779205,N/A,2025-08-11 19:44:53
9326,7.948328,8.243062,10518.808594,5.00e-05,8800.69,1527.00,29782259,N/A,2025-08-11 19:44:54
9327,7.900354,8.243062,10518.808594,5.00e-05,8722.68,1680.50,29785620,N/A,2025-08-11 19:44:54
9328,9.094609,8.243062,10518.808594,5.00e-05,9054.94,1843.50,29789307,N/A,2025-08-11 19:44:54
9329,6.981074,8.243062,10518.808594,5.00e-05,9207.68,1384.00,29792075,N/A,2025-08-11 19:44:55
9330,8.640373,8.243062,10518.808594,5.00e-05,9318.15,1711.50,29795498,1.0000,2025-08-11 19:44:55
9331,4.401347,8.243062,10518.808594,5.00e-05,8817.83,1335.00,29798168,N/A,2025-08-11 19:44:56
9332,5.945411,8.243062,10518.808594,5.00e-05,8632.75,1321.00,29800810,N/A,2025-08-11 19:44:56
9333,9.795498,8.243062,10518.808594,5.00e-05,8998.05,1903.50,29804617,N/A,2025-08-11 19:44:56
9334,9.275192,8.243062,10518.808594,5.00e-05,9064.01,1619.50,29807856,N/A,2025-08-11 19:44:57
9335,6.128296,8.243062,10518.808594,5.00e-05,8752.56,1263.50,29810383,N/A,2025-08-11 19:44:57
9336,9.507068,8.243062,10518.808594,5.00e-05,9059.83,2016.00,29814415,N/A,2025-08-11 19:44:58
9337,9.828865,8.243062,10518.808594,5.00e-05,9194.45,1923.50,29818262,N/A,2025-08-11 19:44:58
9338,9.439433,8.243062,10518.808594,5.00e-05,8907.18,1397.00,29821056,N/A,2025-08-11 19:44:58
9339,8.807352,8.243062,10518.808594,5.00e-05,9189.60,1672.00,29824400,N/A,2025-08-11 19:44:59
9340,6.265863,8.243062,10518.808594,5.00e-05,8811.41,1214.50,29826829,1.0000,2025-08-11 19:44:59
9341,4.939716,8.243062,10518.808594,5.00e-05,8653.30,1058.00,29828945,N/A,2025-08-11 19:45:00
9342,9.514592,8.243062,10518.808594,5.00e-05,8996.93,1934.50,29832814,N/A,2025-08-11 19:45:00
9343,7.570745,8.243062,10518.808594,5.00e-05,8821.84,1587.50,29835989,N/A,2025-08-11 19:45:00
9344,7.037439,8.243062,10518.808594,5.00e-05,8755.88,1433.00,29838855,N/A,2025-08-11 19:45:01
9345,11.405083,8.243062,10518.808594,5.00e-05,9204.01,2033.00,29842921,N/A,2025-08-11 19:45:01
9346,7.433877,8.243062,10518.808594,5.00e-05,8942.64,1529.50,29845980,N/A,2025-08-11 19:45:02
9347,9.898186,8.243062,10518.808594,5.00e-05,8910.75,2019.50,29850019,N/A,2025-08-11 19:45:02
9348,5.966600,8.243062,10518.808594,5.00e-05,8826.83,1201.00,29852421,N/A,2025-08-11 19:45:02
9349,9.618321,8.243062,10518.808594,5.00e-05,9158.52,2031.50,29856484,N/A,2025-08-11 19:45:03
9350,4.288162,8.243062,10518.808594,5.00e-05,9091.92,1361.00,29859206,1.0000,2025-08-11 19:45:03
9351,8.443444,8.243062,10518.808594,5.00e-05,9383.79,1574.00,29862354,N/A,2025-08-11 19:45:04
9352,8.501842,8.243062,10518.808594,5.00e-05,9400.39,1854.00,29866062,N/A,2025-08-11 19:45:04
9353,8.370275,8.243062,10518.808594,5.00e-05,9347.26,1625.50,29869313,N/A,2025-08-11 19:45:04
9354,8.467041,8.243062,10518.808594,5.00e-05,9242.82,1309.00,29871931,N/A,2025-08-11 19:45:05
9355,8.989963,8.243062,10518.808594,5.00e-05,9083.24,1736.00,29875403,N/A,2025-08-11 19:45:05
9356,10.939198,8.243062,10518.808594,5.00e-05,9339.88,1750.50,29878904,N/A,2025-08-11 19:45:05
9357,8.535600,8.243062,10518.808594,5.00e-05,9067.73,1518.00,29881940,N/A,2025-08-11 19:45:06
9358,8.697010,8.243062,10518.808594,5.00e-05,9336.59,1529.50,29884999,N/A,2025-08-11 19:45:06
9359,6.878244,8.243062,10518.808594,5.00e-05,9291.62,1665.00,29888329,N/A,2025-08-11 19:45:07
9360,9.552848,8.243062,10518.808594,5.00e-05,9182.54,1595.50,29891520,1.0000,2025-08-11 19:45:07
9361,7.814460,8.243062,10518.808594,5.00e-05,9105.76,1548.00,29894616,N/A,2025-08-11 19:45:07
9362,6.633908,8.243062,10518.808594,5.00e-05,8909.38,1420.50,29897457,N/A,2025-08-11 19:45:08
9363,7.981762,8.243062,10518.808594,5.00e-05,8890.72,1520.00,29900497,N/A,2025-08-11 19:45:08
9364,6.056234,8.243062,10518.808594,5.00e-05,8811.14,1182.50,29902862,N/A,2025-08-11 19:45:09
9365,9.975628,8.243062,10518.808594,5.00e-05,8956.81,1998.00,29906858,N/A,2025-08-11 19:45:09
9366,7.842869,8.243062,10518.808594,5.00e-05,8857.08,1564.00,29909986,N/A,2025-08-11 19:45:09
9367,9.003472,8.243062,10518.808594,5.00e-05,8933.72,1688.50,29913363,N/A,2025-08-11 19:45:10
9368,9.262568,8.243062,10518.808594,5.00e-05,9083.15,1815.50,29916994,N/A,2025-08-11 19:45:10
9369,6.106341,8.243062,10518.808594,5.00e-05,9104.61,1404.00,29919802,N/A,2025-08-11 19:45:11
9370,7.361623,8.243062,10518.808594,5.00e-05,9038.76,1669.50,29923141,1.0000,2025-08-11 19:45:11
9371,8.360403,8.243062,10518.808594,5.00e-05,9123.29,1663.50,29926468,N/A,2025-08-11 19:45:11
9372,6.982217,8.243062,10518.808594,5.00e-05,9253.24,1668.50,29929805,N/A,2025-08-11 19:45:12
9373,8.895168,8.243062,10518.808594,5.00e-05,9267.36,1546.00,29932897,N/A,2025-08-11 19:45:12
9374,7.220444,8.243062,10518.808594,5.00e-05,9517.96,1706.00,29936309,N/A,2025-08-11 19:45:13
9375,5.333305,8.243062,10518.808594,5.00e-05,9018.09,1186.00,29938681,N/A,2025-08-11 19:45:13
9376,6.755251,8.243062,10518.808594,5.00e-05,8777.28,1219.00,29941119,N/A,2025-08-11 19:45:13
9377,8.117868,8.243062,10518.808594,5.00e-05,8765.85,1747.50,29944614,N/A,2025-08-11 19:45:14
9378,9.118496,8.243062,10518.808594,5.00e-05,8925.68,1989.00,29948592,N/A,2025-08-11 19:45:14
9379,7.955469,8.243062,10518.808594,5.00e-05,9104.66,1499.00,29951590,N/A,2025-08-11 19:45:14
9380,5.669451,8.243062,10518.808594,5.00e-05,8650.16,1145.50,29953881,1.0000,2025-08-11 19:45:15
9381,8.547536,8.243062,10518.808594,5.00e-05,8460.67,1319.00,29956519,N/A,2025-08-11 19:45:15
9382,7.126876,8.243062,10518.808594,5.00e-05,8309.26,1531.50,29959582,N/A,2025-08-11 19:45:16
9383,10.300226,8.243062,10518.808594,5.00e-05,8420.11,1685.00,29962952,N/A,2025-08-11 19:45:16
9384,5.945017,8.243062,10518.808594,5.00e-05,8319.50,1452.00,29965856,N/A,2025-08-11 19:45:16
9385,8.958079,8.243062,10518.808594,5.00e-05,8489.66,1457.00,29968770,N/A,2025-08-11 19:45:17
9386,7.981784,8.243062,10518.808594,5.00e-05,8812.72,1674.50,29972119,N/A,2025-08-11 19:45:17
9387,8.313972,8.243062,10518.808594,5.00e-05,8691.11,1572.50,29975264,N/A,2025-08-11 19:45:18
9388,5.728399,8.243062,10518.808594,5.00e-05,8252.13,1187.00,29977638,N/A,2025-08-11 19:45:18
9389,10.019413,8.243062,10518.808594,5.00e-05,8474.88,1767.50,29981173,N/A,2025-08-11 19:45:18
9390,6.077415,8.243062,10518.808594,5.00e-05,8447.71,1407.00,29983987,1.0000,2025-08-11 19:45:19
9391,6.756795,8.243062,10518.808594,5.00e-05,8653.29,1536.00,29987059,N/A,2025-08-11 19:45:19
9392,11.831195,8.243062,10518.808594,5.00e-05,8900.68,1954.00,29990967,N/A,2025-08-11 19:45:20
9393,8.632339,8.243062,10518.808594,5.00e-05,8977.33,1815.00,29994597,N/A,2025-08-11 19:45:20
9394,6.468343,8.243062,10518.808594,5.00e-05,9060.21,1521.50,29997640,N/A,2025-08-11 19:45:20
9395,7.880966,8.243062,10518.808594,5.00e-05,9244.22,1816.50,30001273,N/A,2025-08-11 19:45:21
9396,8.638399,8.243062,10518.808594,5.00e-05,9434.24,1976.50,30005226,N/A,2025-08-11 19:45:21
9397,10.228423,8.243062,10518.808594,5.00e-05,9585.67,1811.00,30008848,N/A,2025-08-11 19:45:21
9398,10.758545,8.243062,10518.808594,5.00e-05,9981.09,1889.50,30012627,N/A,2025-08-11 19:45:22
9399,6.802382,8.243062,10518.808594,5.00e-05,9754.45,1260.50,30015148,N/A,2025-08-11 19:45:22
9400,6.096836,8.243062,10518.808594,5.00e-05,9611.37,1719.00,30018586,1.0000,2025-08-11 19:45:23
9401,9.287990,8.243062,10518.808594,5.00e-05,8131.34,1815.50,30022217,N/A,2025-08-11 19:45:24
9402,6.179317,8.243062,10518.808594,5.00e-05,7623.62,1058.00,30024333,N/A,2025-08-11 19:45:24
9403,9.100682,8.243062,10518.808594,5.00e-05,7623.07,2018.00,30028369,N/A,2025-08-11 19:45:25
9404,7.370191,8.243062,10518.808594,5.00e-05,7660.07,1606.00,30031581,N/A,2025-08-11 19:45:25
9405,7.394744,8.243062,10518.808594,5.00e-05,7468.55,1381.50,30034344,N/A,2025-08-11 19:45:26
9406,5.908260,8.243062,10518.808594,5.00e-05,7073.73,1125.50,30036595,N/A,2025-08-11 19:45:26
9407,7.270972,8.243062,10518.808594,5.00e-05,6933.75,1403.00,30039401,N/A,2025-08-11 19:45:26
9408,10.916251,8.243062,10518.808594,5.00e-05,6704.43,1193.00,30041787,N/A,2025-08-11 19:45:27
9409,13.531932,8.243062,10518.808594,5.00e-05,6966.96,1599.00,30044985,N/A,2025-08-11 19:45:27
9410,6.954298,8.243062,10518.808594,5.00e-05,8089.62,1508.50,30048002,1.0000,2025-08-11 19:45:28
9411,8.553272,8.243062,10518.808594,5.00e-05,8166.18,1791.00,30051584,N/A,2025-08-11 19:45:28
9412,9.835929,8.243062,10518.808594,5.00e-05,8801.65,1992.50,30055569,N/A,2025-08-11 19:45:28
9413,7.435748,8.243062,10518.808594,5.00e-05,8514.32,1497.00,30058563,N/A,2025-08-11 19:45:29
9414,9.046370,8.243062,10518.808594,5.00e-05,8745.98,2034.00,30062631,N/A,2025-08-11 19:45:29
9415,7.802014,8.243062,10518.808594,5.00e-05,8934.26,1870.00,30066371,N/A,2025-08-11 19:45:30
9416,6.465878,8.243062,10518.808594,5.00e-05,9132.85,1438.50,30069248,N/A,2025-08-11 19:45:30
9417,5.132985,8.243062,10518.808594,5.00e-05,8913.31,1122.50,30071493,N/A,2025-08-11 19:45:30
9418,8.745698,8.243062,10518.808594,5.00e-05,9397.77,1843.50,30075180,N/A,2025-08-11 19:45:31
9419,9.640443,8.243062,10518.808594,5.00e-05,9785.94,2024.50,30079229,N/A,2025-08-11 19:45:31
9420,4.466588,8.243062,10518.808594,5.00e-05,9212.32,1101.00,30081431,1.0000,2025-08-11 19:45:32
9421,7.246131,8.243062,10518.808594,5.00e-05,9136.62,1856.00,30085143,N/A,2025-08-11 19:45:32
9422,7.097650,8.243062,10518.808594,5.00e-05,8768.61,1330.00,30087803,N/A,2025-08-11 19:45:32
9423,10.845638,8.243062,10518.808594,5.00e-05,8929.41,1835.50,30091474,N/A,2025-08-11 19:45:33
9424,5.719827,8.243062,10518.808594,5.00e-05,8541.93,1143.00,30093760,N/A,2025-08-11 19:45:33
9425,6.852586,8.243062,10518.808594,5.00e-05,8327.69,1493.50,30096747,N/A,2025-08-11 19:45:34
9426,10.602052,8.243062,10518.808594,5.00e-05,8509.86,1695.00,30100137,N/A,2025-08-11 19:45:34
9427,7.177809,8.243062,10518.808594,5.00e-05,8711.12,1483.00,30103103,N/A,2025-08-11 19:45:34
9428,9.239724,8.243062,10518.808594,5.00e-05,8713.81,1746.00,30106595,N/A,2025-08-11 19:45:35
9429,8.396502,8.243062,10518.808594,5.00e-05,8726.38,1554.00,30109703,N/A,2025-08-11 19:45:35
9430,5.025396,8.243062,10518.808594,5.00e-05,8721.16,1163.50,30112030,1.0000,2025-08-11 19:45:36
9431,9.996706,8.243062,10518.808594,5.00e-05,8418.89,1320.50,30114671,N/A,2025-08-11 19:45:36
9432,6.992219,8.243062,10518.808594,5.00e-05,8532.47,1535.00,30117741,N/A,2025-08-11 19:45:36
9433,6.768914,8.243062,10518.808594,5.00e-05,8339.78,1509.50,30120760,N/A,2025-08-11 19:45:37
9434,5.100940,8.243062,10518.808594,5.00e-05,8420.11,1373.00,30123506,N/A,2025-08-11 19:45:37
9435,9.184195,8.243062,10518.808594,5.00e-05,8452.30,1570.00,30126646,N/A,2025-08-11 19:45:37
9436,7.264823,8.243062,10518.808594,5.00e-05,8250.98,1371.00,30129388,N/A,2025-08-11 19:45:38
9437,15.413342,8.243062,10518.808594,5.00e-05,8551.76,2048.00,30133484,N/A,2025-08-11 19:45:38
9438,9.477312,8.243062,10518.808594,5.00e-05,8570.23,1659.00,30136802,N/A,2025-08-11 19:45:39
9439,8.547673,8.243062,10518.808594,5.00e-05,8780.28,1649.50,30140101,N/A,2025-08-11 19:45:39
9440,3.934810,8.243062,10518.808594,5.00e-05,8626.50,1175.00,30142451,1.0000,2025-08-11 19:45:39
9441,8.100053,8.243062,10518.808594,5.00e-05,8959.19,1890.50,30146232,N/A,2025-08-11 19:45:40
9442,7.055853,8.243062,10518.808594,5.00e-05,8854.46,1342.50,30148917,N/A,2025-08-11 19:45:40
9443,6.149278,8.243062,10518.808594,5.00e-05,8693.99,1166.50,30151250,N/A,2025-08-11 19:45:41
9444,8.957690,8.243062,10518.808594,5.00e-05,9104.58,2048.00,30155346,N/A,2025-08-11 19:45:41
9445,8.283415,8.243062,10518.808594,5.00e-05,9307.12,1869.50,30159085,N/A,2025-08-11 19:45:41
9446,9.192313,8.243062,10518.808594,5.00e-05,9462.92,1595.00,30162275,N/A,2025-08-11 19:45:42
9447,4.221862,8.243062,10518.808594,5.00e-05,8858.66,1150.50,30164576,N/A,2025-08-11 19:45:42
9448,8.961452,8.243062,10518.808594,5.00e-05,8743.92,1466.00,30167508,N/A,2025-08-11 19:45:42
9449,6.204912,8.243062,10518.808594,5.00e-05,8875.42,1694.50,30170897,N/A,2025-08-11 19:45:43
9450,6.120386,8.243062,10518.808594,5.00e-05,8682.17,1073.00,30173043,1.0000,2025-08-11 19:45:43
9451,6.471901,8.243062,10518.808594,5.00e-05,8489.02,1772.50,30176588,N/A,2025-08-11 19:45:44
9452,10.128756,8.243062,10518.808594,5.00e-05,8581.97,1486.00,30179560,N/A,2025-08-11 19:45:44
9453,8.849068,8.243062,10518.808594,5.00e-05,8737.58,1491.00,30182542,N/A,2025-08-11 19:45:45
9454,10.130455,8.243062,10518.808594,5.00e-05,8615.51,1865.50,30186273,N/A,2025-08-11 19:45:45
9455,7.659666,8.243062,10518.808594,5.00e-05,8300.69,1437.50,30189148,N/A,2025-08-11 19:45:45
9456,7.981975,8.243062,10518.808594,5.00e-05,8380.51,1645.00,30192438,N/A,2025-08-11 19:45:46
9457,8.102602,8.243062,10518.808594,5.00e-05,8533.20,1393.00,30195224,N/A,2025-08-11 19:45:46
9458,6.453086,8.243062,10518.808594,5.00e-05,8441.57,1210.50,30197645,N/A,2025-08-11 19:45:46
9459,10.021325,8.243062,10518.808594,5.00e-05,8643.99,1828.00,30201301,N/A,2025-08-11 19:45:47
9460,8.013115,8.243062,10518.808594,5.00e-05,8724.40,1408.50,30204118,1.0000,2025-08-11 19:45:47
9461,12.863678,8.243062,10518.808594,5.00e-05,8857.65,2048.00,30208214,N/A,2025-08-11 19:45:48
9462,7.151542,8.243062,10518.808594,5.00e-05,8918.67,1556.50,30211327,N/A,2025-08-11 19:45:48
9463,10.407667,8.243062,10518.808594,5.00e-05,9089.07,1951.50,30215230,N/A,2025-08-11 19:45:49
9464,8.314293,8.243062,10518.808594,5.00e-05,8978.87,1629.50,30218489,N/A,2025-08-11 19:45:49
9465,9.068817,8.243062,10518.808594,5.00e-05,9097.02,1601.00,30221691,N/A,2025-08-11 19:45:49
9466,7.441290,8.243062,10518.808594,5.00e-05,8930.29,1354.00,30224399,N/A,2025-08-11 19:45:50
9467,6.214833,8.243062,10518.808594,5.00e-05,8762.45,1149.50,30226698,N/A,2025-08-11 19:45:50
9468,8.252613,8.243062,10518.808594,5.00e-05,9073.90,1716.50,30230131,N/A,2025-08-11 19:45:50
9469,5.854630,8.243062,10518.808594,5.00e-05,8963.02,1218.00,30232567,N/A,2025-08-11 19:45:51
9470,6.740139,8.243062,10518.808594,5.00e-05,8882.74,1582.00,30235731,1.0000,2025-08-11 19:45:51
9471,8.046166,8.243062,10518.808594,5.00e-05,8594.46,1528.50,30238788,N/A,2025-08-11 19:45:52
9472,8.916295,8.243062,10518.808594,5.00e-05,8526.18,1334.50,30241457,N/A,2025-08-11 19:45:52
9473,7.304787,8.243062,10518.808594,5.00e-05,8494.18,1837.50,30245132,N/A,2025-08-11 19:45:52
9474,8.046288,8.243062,10518.808594,5.00e-05,8256.91,1254.50,30247641,N/A,2025-08-11 19:45:53
9475,8.502870,8.243062,10518.808594,5.00e-05,8230.94,1598.00,30250837,N/A,2025-08-11 19:45:53
9476,6.632664,8.243062,10518.808594,5.00e-05,8232.57,1278.50,30253394,N/A,2025-08-11 19:45:54
9477,9.068549,8.243062,10518.808594,5.00e-05,8746.31,2048.00,30257490,N/A,2025-08-11 19:45:54
9478,9.606586,8.243062,10518.808594,5.00e-05,8734.76,1666.50,30260823,N/A,2025-08-11 19:45:54
9479,8.394565,8.243062,10518.808594,5.00e-05,9230.76,1946.00,30264715,N/A,2025-08-11 19:45:55
9480,10.333921,8.243062,10518.808594,5.00e-05,9273.94,2005.50,30268726,1.0000,2025-08-11 19:45:55
9481,7.786662,8.243062,10518.808594,5.00e-05,9437.54,1808.00,30272342,N/A,2025-08-11 19:45:56
9482,9.565473,8.243062,10518.808594,5.00e-05,9767.03,1874.00,30276090,N/A,2025-08-11 19:45:56
9483,8.690596,8.243062,10518.808594,5.00e-05,9903.53,2048.00,30280186,N/A,2025-08-11 19:45:56
9484,9.298859,8.243062,10518.808594,5.00e-05,10244.13,1809.50,30283805,N/A,2025-08-11 19:45:57
9485,9.154891,8.243062,10518.808594,5.00e-05,10333.18,1870.50,30287546,N/A,2025-08-11 19:45:57
9486,7.235038,8.243062,10518.808594,5.00e-05,10423.90,1506.50,30290559,N/A,2025-08-11 19:45:58
9487,8.003644,8.243062,10518.808594,5.00e-05,10151.20,1678.50,30293916,N/A,2025-08-11 19:45:58
9488,9.901179,8.243062,10518.808594,5.00e-05,10430.18,1914.50,30297745,N/A,2025-08-11 19:45:58
9489,7.915849,8.243062,10518.808594,5.00e-05,10663.70,2048.00,30301841,N/A,2025-08-11 19:45:59
9490,10.061985,8.243062,10518.808594,5.00e-05,10526.36,2048.00,30305937,1.0000,2025-08-11 19:45:59
9491,5.469725,8.243062,10518.808594,5.00e-05,10297.16,1430.50,30308798,N/A,2025-08-11 19:46:00
9492,6.683935,8.243062,10518.808594,5.00e-05,9961.47,1279.00,30311356,N/A,2025-08-11 19:46:00
9493,8.189172,8.243062,10518.808594,5.00e-05,9862.53,1891.50,30315139,N/A,2025-08-11 19:46:00
9494,7.889617,8.243062,10518.808594,5.00e-05,9849.18,1713.00,30318565,N/A,2025-08-11 19:46:01
9495,8.373908,8.243062,10518.808594,5.00e-05,9809.23,1851.50,30322268,N/A,2025-08-11 19:46:01
9496,5.287194,8.243062,10518.808594,5.00e-05,9637.04,1103.50,30324475,N/A,2025-08-11 19:46:01
9497,4.977703,8.243062,10518.808594,5.00e-05,9435.09,1319.50,30327114,N/A,2025-08-11 19:46:02
9498,6.463510,8.243062,10518.808594,5.00e-05,9414.43,1789.50,30330693,N/A,2025-08-11 19:46:02
9499,7.445409,8.243062,10518.808594,5.00e-05,9174.65,1376.00,30333445,N/A,2025-08-11 19:46:03
9500,7.462325,8.243062,10518.808594,5.00e-05,8756.17,1713.00,30336871,1.0000,2025-08-11 19:46:03
9501,8.563995,8.243062,10518.808594,5.00e-05,7212.72,1864.00,30340599,N/A,2025-08-11 19:46:04
9502,4.775825,8.243062,10518.808594,5.00e-05,7185.64,1208.50,30343016,N/A,2025-08-11 19:46:05
9503,6.753812,8.243062,10518.808594,5.00e-05,7117.56,1756.50,30346529,N/A,2025-08-11 19:46:05
9504,7.398299,8.243062,10518.808594,5.00e-05,7027.72,1435.00,30349399,N/A,2025-08-11 19:46:05
9505,10.102042,8.243062,10518.808594,5.00e-05,7090.15,1977.00,30353353,N/A,2025-08-11 19:46:06
9506,5.622755,8.243062,10518.808594,5.00e-05,7196.17,1323.50,30356000,N/A,2025-08-11 19:46:06
9507,6.540691,8.243062,10518.808594,5.00e-05,7272.02,1497.50,30358995,N/A,2025-08-11 19:46:07
9508,6.072474,8.243062,10518.808594,5.00e-05,7132.38,1438.00,30361871,N/A,2025-08-11 19:46:07
9509,8.813308,8.243062,10518.808594,5.00e-05,7383.77,1599.50,30365070,N/A,2025-08-11 19:46:07
9510,6.051800,8.243062,10518.808594,5.00e-05,8817.92,1389.50,30367849,1.0000,2025-08-11 19:46:08
9511,7.608074,8.243062,10518.808594,5.00e-05,8757.64,1758.50,30371366,N/A,2025-08-11 19:46:08
9512,5.694866,8.243062,10518.808594,5.00e-05,8867.91,1367.50,30374101,N/A,2025-08-11 19:46:09
9513,6.530118,8.243062,10518.808594,5.00e-05,8580.89,1359.50,30376820,N/A,2025-08-11 19:46:09
9514,8.652559,8.243062,10518.808594,5.00e-05,8658.70,1593.00,30380006,N/A,2025-08-11 19:46:09
9515,5.246861,8.243062,10518.808594,5.00e-05,8253.53,1266.00,30382538,N/A,2025-08-11 19:46:10
9516,9.232187,8.243062,10518.808594,5.00e-05,8396.63,1695.00,30385928,N/A,2025-08-11 19:46:10
9517,6.357771,8.243062,10518.808594,5.00e-05,8501.29,1692.00,30389312,N/A,2025-08-11 19:46:11
9518,8.386329,8.243062,10518.808594,5.00e-05,8601.91,1614.00,30392540,N/A,2025-08-11 19:46:11
9519,5.057203,8.243062,10518.808594,5.00e-05,8550.47,1046.00,30394632,N/A,2025-08-11 19:46:11
9520,8.093521,8.243062,10518.808594,5.00e-05,8625.86,1782.50,30398197,1.0000,2025-08-11 19:46:12
9521,4.903284,8.243062,10518.808594,5.00e-05,8383.64,1372.50,30400942,N/A,2025-08-11 19:46:12
9522,6.340590,8.243062,10518.808594,5.00e-05,8445.36,1493.00,30403928,N/A,2025-08-11 19:46:13
9523,6.553402,8.243062,10518.808594,5.00e-05,8559.22,1577.00,30407082,N/A,2025-08-11 19:46:13
9524,6.246014,8.243062,10518.808594,5.00e-05,8500.19,1478.00,30410038,N/A,2025-08-11 19:46:13
9525,7.005023,8.243062,10518.808594,5.00e-05,8714.55,1513.00,30413064,N/A,2025-08-11 19:46:14
9526,8.519281,8.243062,10518.808594,5.00e-05,8866.08,1952.50,30416969,N/A,2025-08-11 19:46:14
9527,10.338956,8.243062,10518.808594,5.00e-05,9005.32,1982.00,30420933,N/A,2025-08-11 19:46:14
9528,8.733590,8.243062,10518.808594,5.00e-05,8949.06,1519.00,30423971,N/A,2025-08-11 19:46:15
9529,13.015471,8.243062,10518.808594,5.00e-05,9677.61,2048.00,30428067,N/A,2025-08-11 19:46:15
9530,7.997039,8.243062,10518.808594,5.00e-05,9397.28,1581.00,30431229,1.0000,2025-08-11 19:46:16
9531,7.040343,8.243062,10518.808594,5.00e-05,9554.86,1557.00,30434343,N/A,2025-08-11 19:46:16
9532,5.685356,8.243062,10518.808594,5.00e-05,9532.13,1416.50,30437176,N/A,2025-08-11 19:46:16
9533,8.209468,8.243062,10518.808594,5.00e-05,9507.26,1664.50,30440505,N/A,2025-08-11 19:46:17
9534,6.295169,8.243062,10518.808594,5.00e-05,9485.34,1441.50,30443388,N/A,2025-08-11 19:46:17
9535,6.237342,8.243062,10518.808594,5.00e-05,9349.08,1306.50,30446001,N/A,2025-08-11 19:46:18
9536,8.255782,8.243062,10518.808594,5.00e-05,9340.23,1903.50,30449808,N/A,2025-08-11 19:46:18
9537,4.700797,8.243062,10518.808594,5.00e-05,8921.98,1380.50,30452569,N/A,2025-08-11 19:46:18
9538,13.552203,8.243062,10518.808594,5.00e-05,9044.36,1817.50,30456204,N/A,2025-08-11 19:46:19
9539,9.629974,8.243062,10518.808594,5.00e-05,9179.85,2005.50,30460215,N/A,2025-08-11 19:46:19
9540,8.108555,8.243062,10518.808594,5.00e-05,9134.74,1874.00,30463963,1.0000,2025-08-11 19:46:20
9541,5.359295,8.243062,10518.808594,5.00e-05,8977.74,1346.00,30466655,N/A,2025-08-11 19:46:20
9542,5.869745,8.243062,10518.808594,5.00e-05,8968.31,1293.00,30469241,N/A,2025-08-11 19:46:20
9543,7.407851,8.243062,10518.808594,5.00e-05,8912.47,1606.00,30472453,N/A,2025-08-11 19:46:21
9544,9.441328,8.243062,10518.808594,5.00e-05,9081.01,1765.50,30475984,N/A,2025-08-11 19:46:21
9545,10.793611,8.243062,10518.808594,5.00e-05,9381.70,1822.50,30479629,N/A,2025-08-11 19:46:22
9546,9.411221,8.243062,10518.808594,5.00e-05,9384.56,1766.00,30483161,N/A,2025-08-11 19:46:22
9547,8.389863,8.243062,10518.808594,5.00e-05,9740.53,1922.00,30487005,N/A,2025-08-11 19:46:22
9548,10.992094,8.243062,10518.808594,5.00e-05,9855.88,2021.00,30491047,N/A,2025-08-11 19:46:23
9549,7.921033,8.243062,10518.808594,5.00e-05,9724.82,1422.50,30493892,N/A,2025-08-11 19:46:23
9550,8.386167,8.243062,10518.808594,5.00e-05,9394.47,1840.50,30497573,1.0000,2025-08-11 19:46:24
9551,9.151671,8.243062,10518.808594,5.00e-05,9722.06,2009.50,30501592,N/A,2025-08-11 19:46:24
9552,10.083590,8.243062,10518.808594,5.00e-05,10045.43,1849.00,30505290,N/A,2025-08-11 19:46:24
9553,5.487807,8.243062,10518.808594,5.00e-05,9899.57,1322.00,30507934,N/A,2025-08-11 19:46:25
9554,9.926455,8.243062,10518.808594,5.00e-05,9966.74,1888.50,30511711,N/A,2025-08-11 19:46:25
9555,6.795687,8.243062,10518.808594,5.00e-05,9960.13,1818.00,30515347,N/A,2025-08-11 19:46:25
9556,9.532097,8.243062,10518.808594,5.00e-05,9773.03,1533.00,30518413,N/A,2025-08-11 19:46:26
9557,6.444140,8.243062,10518.808594,5.00e-05,9699.94,1729.50,30521872,N/A,2025-08-11 19:46:26
9558,6.979982,8.243062,10518.808594,5.00e-05,9505.62,1585.50,30525043,N/A,2025-08-11 19:46:27
9559,7.331110,8.243062,10518.808594,5.00e-05,10149.04,1906.00,30528855,N/A,2025-08-11 19:46:27
9560,6.214011,8.243062,10518.808594,5.00e-05,9836.01,1567.50,30531990,1.0000,2025-08-11 19:46:27
9561,6.261303,8.243062,10518.808594,5.00e-05,9419.58,1377.00,30534744,N/A,2025-08-11 19:46:28
9562,6.981067,8.243062,10518.808594,5.00e-05,9379.47,1756.50,30538257,N/A,2025-08-11 19:46:28
9563,6.815394,8.243062,10518.808594,5.00e-05,9441.29,1436.50,30541130,N/A,2025-08-11 19:46:29
9564,5.588661,8.243062,10518.808594,5.00e-05,9041.52,1235.50,30543601,N/A,2025-08-11 19:46:29
9565,12.681146,8.243062,10518.808594,5.00e-05,9232.61,2048.00,30547697,N/A,2025-08-11 19:46:29
9566,7.083208,8.243062,10518.808594,5.00e-05,9310.79,1676.50,30551050,N/A,2025-08-11 19:46:30
9567,6.615357,8.243062,10518.808594,5.00e-05,9201.08,1584.50,30554219,N/A,2025-08-11 19:46:30
9568,6.957066,8.243062,10518.808594,5.00e-05,9326.80,1835.50,30557890,N/A,2025-08-11 19:46:31
9569,6.116972,8.243062,10518.808594,5.00e-05,9342.76,1608.50,30561107,N/A,2025-08-11 19:46:31
9570,8.795126,8.243062,10518.808594,5.00e-05,9460.55,1965.00,30565037,1.0000,2025-08-11 19:46:31
9571,5.095341,8.243062,10518.808594,5.00e-05,9410.95,1382.00,30567801,N/A,2025-08-11 19:46:32
9572,10.045764,8.243062,10518.808594,5.00e-05,9510.03,2019.00,30571839,N/A,2025-08-11 19:46:32
9573,8.778709,8.243062,10518.808594,5.00e-05,9771.73,1853.00,30575545,N/A,2025-08-11 19:46:33
9574,7.670666,8.243062,10518.808594,5.00e-05,10011.08,1794.00,30579133,N/A,2025-08-11 19:46:33
9575,9.177174,8.243062,10518.808594,5.00e-05,9845.14,1765.00,30582663,N/A,2025-08-11 19:46:33
9576,7.967781,8.243062,10518.808594,5.00e-05,9921.04,1775.00,30586213,N/A,2025-08-11 19:46:34
9577,5.877643,8.243062,10518.808594,5.00e-05,9757.12,1267.00,30588747,N/A,2025-08-11 19:46:34
9578,6.776724,8.243062,10518.808594,5.00e-05,9507.59,1396.00,30591539,N/A,2025-08-11 19:46:34
9579,5.539746,8.243062,10518.808594,5.00e-05,9377.86,1155.00,30593849,N/A,2025-08-11 19:46:35
9580,10.708864,8.243062,10518.808594,5.00e-05,9198.98,1928.00,30597705,1.0000,2025-08-11 19:46:35
9581,8.042456,8.243062,10518.808594,5.00e-05,9474.46,1766.00,30601237,N/A,2025-08-11 19:46:36
9582,7.326340,8.243062,10518.808594,5.00e-05,9036.72,1232.00,30603701,N/A,2025-08-11 19:46:36
9583,7.539712,8.243062,10518.808594,5.00e-05,8919.55,1532.50,30606766,N/A,2025-08-11 19:46:36
9584,9.405728,8.243062,10518.808594,5.00e-05,8866.01,1696.50,30610159,N/A,2025-08-11 19:46:37
9585,8.090010,8.243062,10518.808594,5.00e-05,8853.69,1754.50,30613668,N/A,2025-08-11 19:46:37
9586,8.054339,8.243062,10518.808594,5.00e-05,8957.99,2003.00,30617674,N/A,2025-08-11 19:46:38
9587,4.499972,8.243062,10518.808594,5.00e-05,8939.63,1232.00,30620138,N/A,2025-08-11 19:46:38
9588,6.916388,8.243062,10518.808594,5.00e-05,8856.66,1301.50,30622741,N/A,2025-08-11 19:46:38
9589,4.441264,8.243062,10518.808594,5.00e-05,9125.72,1269.00,30625279,N/A,2025-08-11 19:46:39
9590,6.779471,8.243062,10518.808594,5.00e-05,8567.46,1315.50,30627910,1.0000,2025-08-11 19:46:39
9591,6.842801,8.243062,10518.808594,5.00e-05,8470.10,1599.00,30631108,N/A,2025-08-11 19:46:40
9592,5.151266,8.243062,10518.808594,5.00e-05,8434.00,1148.00,30633404,N/A,2025-08-11 19:46:40
9593,9.134991,8.243062,10518.808594,5.00e-05,8617.20,1867.00,30637138,N/A,2025-08-11 19:46:40
9594,7.374709,8.243062,10518.808594,5.00e-05,8348.71,1338.00,30639814,N/A,2025-08-11 19:46:41
9595,6.006692,8.243062,10518.808594,5.00e-05,8179.23,1501.00,30642816,N/A,2025-08-11 19:46:41
9596,5.600155,8.243062,10518.808594,5.00e-05,7667.77,1095.50,30645007,N/A,2025-08-11 19:46:42
9597,8.903693,8.243062,10518.808594,5.00e-05,7934.23,1692.50,30648392,N/A,2025-08-11 19:46:42
9598,9.347430,8.243062,10518.808594,5.00e-05,8208.16,1911.00,30652214,N/A,2025-08-11 19:46:42
9599,8.313076,8.243062,10518.808594,5.00e-05,8569.74,1751.50,30655717,N/A,2025-08-11 19:46:43
9600,6.690921,8.243062,10518.808594,5.00e-05,8273.22,1169.00,30658055,1.0000,2025-08-11 19:46:43
9601,8.236362,8.243062,10518.808594,5.00e-05,6533.08,1867.00,30661789,N/A,2025-08-11 19:46:45
9602,7.540913,8.243062,10518.808594,5.00e-05,6749.31,1669.50,30665128,N/A,2025-08-11 19:46:45
9603,5.440633,8.243062,10518.808594,5.00e-05,6466.45,1115.50,30667359,N/A,2025-08-11 19:46:45
9604,10.037007,8.243062,10518.808594,5.00e-05,6762.27,1969.50,30671298,N/A,2025-08-11 19:46:46
9605,8.608680,8.243062,10518.808594,5.00e-05,6876.46,1847.50,30674993,N/A,2025-08-11 19:46:46
9606,9.088647,8.243062,10518.808594,5.00e-05,7091.48,1524.00,30678041,N/A,2025-08-11 19:46:47
9607,7.324992,8.243062,10518.808594,5.00e-05,7040.05,1484.00,30681009,N/A,2025-08-11 19:46:47
9608,6.394865,8.243062,10518.808594,5.00e-05,6841.52,1315.50,30683640,N/A,2025-08-11 19:46:47
9609,9.157033,8.243062,10518.808594,5.00e-05,6872.13,1541.50,30686723,N/A,2025-08-11 19:46:48
9610,6.213488,8.243062,10518.808594,5.00e-05,8870.50,1519.50,30689762,1.0000,2025-08-11 19:46:48
9611,5.778902,8.243062,10518.808594,5.00e-05,8685.22,1509.50,30692781,N/A,2025-08-11 19:46:49
9612,8.299643,8.243062,10518.808594,5.00e-05,8785.36,1846.00,30696473,N/A,2025-08-11 19:46:49
9613,7.080636,8.243062,10518.808594,5.00e-05,8981.12,1441.00,30699355,N/A,2025-08-11 19:46:49
9614,7.270150,8.243062,10518.808594,5.00e-05,8685.16,1352.00,30702059,N/A,2025-08-11 19:46:50
9615,9.469121,8.243062,10518.808594,5.00e-05,8559.10,1599.50,30705258,N/A,2025-08-11 19:46:50
9616,8.042461,8.243062,10518.808594,5.00e-05,8811.43,2026.50,30709311,N/A,2025-08-11 19:46:51
9617,10.884356,8.243062,10518.808594,5.00e-05,9087.75,1955.00,30713221,N/A,2025-08-11 19:46:51
9618,5.788143,8.243062,10518.808594,5.00e-05,9214.97,1523.00,30716267,N/A,2025-08-11 19:46:51
9619,5.683825,8.243062,10518.808594,5.00e-05,9283.00,1149.50,30718566,N/A,2025-08-11 19:46:52
9620,9.741051,8.243062,10518.808594,5.00e-05,9329.88,1992.50,30722551,1.0000,2025-08-11 19:46:52
9621,8.679677,8.243062,10518.808594,5.00e-05,9498.49,1802.50,30726156,N/A,2025-08-11 19:46:52
9622,7.604566,8.243062,10518.808594,5.00e-05,9363.68,1659.50,30729475,N/A,2025-08-11 19:46:53
9623,5.334688,8.243062,10518.808594,5.00e-05,9313.94,1379.00,30732233,N/A,2025-08-11 19:46:53
9624,6.113423,8.243062,10518.808594,5.00e-05,9086.89,1197.50,30734628,N/A,2025-08-11 19:46:54
9625,9.186247,8.243062,10518.808594,5.00e-05,9383.26,2048.00,30738724,N/A,2025-08-11 19:46:54
9626,3.363714,8.243062,10518.808594,5.00e-05,8810.09,1186.50,30741097,N/A,2025-08-11 19:46:54
9627,6.178121,8.243062,10518.808594,5.00e-05,8505.11,1389.00,30743875,N/A,2025-08-11 19:46:55
9628,9.760480,8.243062,10518.808594,5.00e-05,8745.30,1945.00,30747765,N/A,2025-08-11 19:46:55
9629,5.875965,8.243062,10518.808594,5.00e-05,8952.98,1241.50,30750248,N/A,2025-08-11 19:46:56
9630,10.942566,8.243062,10518.808594,5.00e-05,8593.07,1752.00,30753752,1.0000,2025-08-11 19:46:56
9631,7.349812,8.243062,10518.808594,5.00e-05,8291.66,1346.00,30756444,N/A,2025-08-11 19:46:57
9632,7.336821,8.243062,10518.808594,5.00e-05,8319.15,1753.50,30759951,N/A,2025-08-11 19:46:57
9633,8.412705,8.243062,10518.808594,5.00e-05,8587.96,1648.50,30763248,N/A,2025-08-11 19:46:57
9634,8.176453,8.243062,10518.808594,5.00e-05,8791.86,1601.00,30766450,N/A,2025-08-11 19:46:58
9635,5.624474,8.243062,10518.808594,5.00e-05,8467.62,1297.50,30769045,N/A,2025-08-11 19:46:58
9636,8.627781,8.243062,10518.808594,5.00e-05,8869.35,1874.00,30772793,N/A,2025-08-11 19:46:58
9637,4.755156,8.243062,10518.808594,5.00e-05,8711.80,1113.50,30775020,N/A,2025-08-11 19:46:59
9638,7.628943,8.243062,10518.808594,5.00e-05,8674.19,1807.50,30778635,N/A,2025-08-11 19:46:59
9639,10.027963,8.243062,10518.808594,5.00e-05,9297.80,1913.50,30782462,N/A,2025-08-11 19:47:00
9640,5.701859,8.243062,10518.808594,5.00e-05,8800.13,1038.50,30784539,1.0000,2025-08-11 19:47:00
9641,7.081611,8.243062,10518.808594,5.00e-05,8771.09,1229.50,30786998,N/A,2025-08-11 19:47:00
9642,8.554380,8.243062,10518.808594,5.00e-05,8922.71,2013.50,30791025,N/A,2025-08-11 19:47:01
9643,4.279948,8.243062,10518.808594,5.00e-05,8613.16,1069.00,30793163,N/A,2025-08-11 19:47:01
9644,6.291046,8.243062,10518.808594,5.00e-05,8456.57,1329.50,30795822,N/A,2025-08-11 19:47:02
9645,9.145112,8.243062,10518.808594,5.00e-05,8679.83,1751.00,30799324,N/A,2025-08-11 19:47:02
9646,5.723939,8.243062,10518.808594,5.00e-05,8442.12,1464.50,30802253,N/A,2025-08-11 19:47:02
9647,6.651671,8.243062,10518.808594,5.00e-05,8505.91,1231.50,30804716,N/A,2025-08-11 19:47:03
9648,8.631064,8.243062,10518.808594,5.00e-05,8380.93,1595.00,30807906,N/A,2025-08-11 19:47:03
9649,5.560788,8.243062,10518.808594,5.00e-05,8245.72,1441.00,30810788,N/A,2025-08-11 19:47:03
9650,3.856600,8.243062,10518.808594,5.00e-05,8107.82,1093.00,30812974,1.0000,2025-08-11 19:47:04
9651,9.698895,8.243062,10518.808594,5.00e-05,8474.90,1939.00,30816852,N/A,2025-08-11 19:47:04
9652,8.981472,8.243062,10518.808594,5.00e-05,8172.20,1466.50,30819785,N/A,2025-08-11 19:47:05
9653,6.103174,8.243062,10518.808594,5.00e-05,8289.37,1276.00,30822337,N/A,2025-08-11 19:47:05
9654,4.881512,8.243062,10518.808594,5.00e-05,8269.69,1250.00,30824837,N/A,2025-08-11 19:47:05
9655,7.696994,8.243062,10518.808594,5.00e-05,8432.57,2048.00,30828933,N/A,2025-08-11 19:47:06
9656,7.784823,8.243062,10518.808594,5.00e-05,8590.68,1714.50,30832362,N/A,2025-08-11 19:47:06
9657,7.667296,8.243062,10518.808594,5.00e-05,8873.57,1720.50,30835803,N/A,2025-08-11 19:47:07
9658,5.808155,8.243062,10518.808594,5.00e-05,8872.28,1662.50,30839128,N/A,2025-08-11 19:47:07
9659,6.361219,8.243062,10518.808594,5.00e-05,9177.83,1633.50,30842395,N/A,2025-08-11 19:47:07
9660,8.604664,8.243062,10518.808594,5.00e-05,9109.67,1337.00,30845069,1.0000,2025-08-11 19:47:08
9661,6.643717,8.243062,10518.808594,5.00e-05,8878.32,1550.50,30848170,N/A,2025-08-11 19:47:08
9662,8.197104,8.243062,10518.808594,5.00e-05,8859.83,1422.50,30851015,N/A,2025-08-11 19:47:09
9663,11.140170,8.243062,10518.808594,5.00e-05,9224.29,1930.50,30854876,N/A,2025-08-11 19:47:09
9664,7.378945,8.243062,10518.808594,5.00e-05,9427.25,1603.50,30858083,N/A,2025-08-11 19:47:09
9665,8.128927,8.243062,10518.808594,5.00e-05,8924.81,1153.50,30860390,N/A,2025-08-11 19:47:10
9666,9.056974,8.243062,10518.808594,5.00e-05,8970.56,1797.00,30863984,N/A,2025-08-11 19:47:10
9667,5.019307,8.243062,10518.808594,5.00e-05,8806.81,1356.50,30866697,N/A,2025-08-11 19:47:10
9668,8.091389,8.243062,10518.808594,5.00e-05,8810.96,1649.00,30869995,N/A,2025-08-11 19:47:11
9669,5.291356,8.243062,10518.808594,5.00e-05,8983.11,1565.00,30873125,N/A,2025-08-11 19:47:11
9670,5.775752,8.243062,10518.808594,5.00e-05,8859.19,1400.50,30875926,1.0000,2025-08-11 19:47:12
9671,8.626500,8.243062,10518.808594,5.00e-05,8864.54,1650.50,30879227,N/A,2025-08-11 19:47:12
9672,7.690712,8.243062,10518.808594,5.00e-05,9144.01,1917.50,30883062,N/A,2025-08-11 19:47:12
9673,6.520620,8.243062,10518.808594,5.00e-05,8926.35,1547.00,30886156,N/A,2025-08-11 19:47:13
9674,8.604595,8.243062,10518.808594,5.00e-05,8934.61,1637.00,30889430,N/A,2025-08-11 19:47:13
9675,6.970085,8.243062,10518.808594,5.00e-05,9038.91,1325.00,30892080,N/A,2025-08-11 19:47:14
9676,10.049807,8.243062,10518.808594,5.00e-05,9172.73,2015.50,30896111,N/A,2025-08-11 19:47:14
9677,6.320779,8.243062,10518.808594,5.00e-05,9070.64,1198.50,30898508,N/A,2025-08-11 19:47:14
9678,7.684428,8.243062,10518.808594,5.00e-05,9053.67,1569.00,30901646,N/A,2025-08-11 19:47:15
9679,9.332205,8.243062,10518.808594,5.00e-05,9421.36,2016.50,30905679,N/A,2025-08-11 19:47:15
9680,4.642349,8.243062,10518.808594,5.00e-05,9103.65,1057.50,30907794,1.0000,2025-08-11 19:47:16
9681,8.982783,8.243062,10518.808594,5.00e-05,9183.40,1959.50,30911713,N/A,2025-08-11 19:47:16
9682,8.025995,8.243062,10518.808594,5.00e-05,8870.98,1358.50,30914430,N/A,2025-08-11 19:47:16
9683,9.790092,8.243062,10518.808594,5.00e-05,8906.50,1631.50,30917693,N/A,2025-08-11 19:47:17
9684,4.749842,8.243062,10518.808594,5.00e-05,8679.92,1257.50,30920208,N/A,2025-08-11 19:47:17
9685,10.077165,8.243062,10518.808594,5.00e-05,9018.29,1964.00,30924136,N/A,2025-08-11 19:47:18
9686,8.088680,8.243062,10518.808594,5.00e-05,8847.36,1781.50,30927699,N/A,2025-08-11 19:47:18
9687,6.729830,8.243062,10518.808594,5.00e-05,9000.58,1568.50,30930836,N/A,2025-08-11 19:47:18
9688,12.518928,8.243062,10518.808594,5.00e-05,9106.32,1676.50,30934189,N/A,2025-08-11 19:47:19
9689,6.573868,8.243062,10518.808594,5.00e-05,8935.24,1430.00,30937049,N/A,2025-08-11 19:47:19
9690,6.389091,8.243062,10518.808594,5.00e-05,9138.11,1629.00,30940307,1.0000,2025-08-11 19:47:20
9691,7.783039,8.243062,10518.808594,5.00e-05,8910.25,1532.50,30943372,N/A,2025-08-11 19:47:20
9692,5.631475,8.243062,10518.808594,5.00e-05,8912.54,1412.00,30946196,N/A,2025-08-11 19:47:20
9693,8.318283,8.243062,10518.808594,5.00e-05,9108.87,2010.50,30950217,N/A,2025-08-11 19:47:21
9694,10.830415,8.243062,10518.808594,5.00e-05,9517.19,1928.00,30954073,N/A,2025-08-11 19:47:21
9695,5.961966,8.243062,10518.808594,5.00e-05,9138.29,1221.50,30956516,N/A,2025-08-11 19:47:21
9696,4.961191,8.243062,10518.808594,5.00e-05,9105.38,1634.50,30959785,N/A,2025-08-11 19:47:22
9697,6.948034,8.243062,10518.808594,5.00e-05,9007.34,1368.50,30962522,N/A,2025-08-11 19:47:22
9698,4.704881,8.243062,10518.808594,5.00e-05,8630.44,1103.00,30964728,N/A,2025-08-11 19:47:23
9699,8.598085,8.243062,10518.808594,5.00e-05,8880.84,1506.50,30967741,N/A,2025-08-11 19:47:23
9700,7.936206,8.243062,10518.808594,5.00e-05,8546.87,1492.50,30970726,1.0000,2025-08-11 19:47:24
9701,6.535577,8.243062,10518.808594,5.00e-05,6934.40,1356.00,30973438,N/A,2025-08-11 19:47:25
9702,10.267529,8.243062,10518.808594,5.00e-05,7044.28,1625.50,30976689,N/A,2025-08-11 19:47:25
9703,8.622818,8.243062,10518.808594,5.00e-05,6983.74,1880.00,30980449,N/A,2025-08-11 19:47:25
9704,9.729863,8.243062,10518.808594,5.00e-05,6941.18,1877.50,30984204,N/A,2025-08-11 19:47:26
9705,8.643689,8.243062,10518.808594,5.00e-05,7255.02,1909.50,30988023,N/A,2025-08-11 19:47:26
9706,5.214060,8.243062,10518.808594,5.00e-05,7048.43,1194.00,30990411,N/A,2025-08-11 19:47:27
9707,8.307198,8.243062,10518.808594,5.00e-05,7252.66,1754.50,30993920,N/A,2025-08-11 19:47:27
9708,5.985129,8.243062,10518.808594,5.00e-05,7281.88,1145.00,30996210,N/A,2025-08-11 19:47:27
9709,4.919872,8.243062,10518.808594,5.00e-05,7280.69,1283.50,30998777,N/A,2025-08-11 19:47:28
9710,7.734703,8.243062,10518.808594,5.00e-05,8838.19,1623.00,31002023,1.0000,2025-08-11 19:47:28
9711,8.296861,8.243062,10518.808594,5.00e-05,9021.48,1768.00,31005559,N/A,2025-08-11 19:47:29
9712,6.646057,8.243062,10518.808594,5.00e-05,9001.85,1604.50,31008768,N/A,2025-08-11 19:47:29
9713,8.046107,8.243062,10518.808594,5.00e-05,9004.89,1830.00,31012428,N/A,2025-08-11 19:47:29
9714,8.014534,8.243062,10518.808594,5.00e-05,8877.19,1692.00,31015812,N/A,2025-08-11 19:47:30
9715,7.356077,8.243062,10518.808594,5.00e-05,8645.14,1674.50,31019161,N/A,2025-08-11 19:47:30
9716,9.686884,8.243062,10518.808594,5.00e-05,8939.94,1713.00,31022587,N/A,2025-08-11 19:47:31
9717,6.855974,8.243062,10518.808594,5.00e-05,8675.59,1307.50,31025202,N/A,2025-08-11 19:47:31
9718,7.915729,8.243062,10518.808594,5.00e-05,8976.07,1509.50,31028221,N/A,2025-08-11 19:47:31
9719,8.540189,8.243062,10518.808594,5.00e-05,9582.04,2002.50,31032226,N/A,2025-08-11 19:47:32
9720,6.872246,8.243062,10518.808594,5.00e-05,9336.71,1581.50,31035389,1.0000,2025-08-11 19:47:32
9721,6.850595,8.243062,10518.808594,5.00e-05,9410.93,1937.00,31039263,N/A,2025-08-11 19:47:33
9722,4.796760,8.243062,10518.808594,5.00e-05,9136.21,1151.50,31041566,N/A,2025-08-11 19:47:33
9723,7.485672,8.243062,10518.808594,5.00e-05,9058.40,1654.50,31044875,N/A,2025-08-11 19:47:33
9724,9.366650,8.243062,10518.808594,5.00e-05,9238.71,1807.00,31048489,N/A,2025-08-11 19:47:34
9725,9.920557,8.243062,10518.808594,5.00e-05,9258.21,1786.50,31052062,N/A,2025-08-11 19:47:34
9726,7.679852,8.243062,10518.808594,5.00e-05,9222.38,1622.50,31055307,N/A,2025-08-11 19:47:35
9727,8.575927,8.243062,10518.808594,5.00e-05,9316.79,1460.00,31058227,N/A,2025-08-11 19:47:35
9728,7.512575,8.243062,10518.808594,5.00e-05,9251.38,1418.50,31061064,N/A,2025-08-11 19:47:35
9729,5.479121,8.243062,10518.808594,5.00e-05,9112.25,1295.00,31063654,N/A,2025-08-11 19:47:36
9730,4.873295,8.243062,10518.808594,5.00e-05,8842.19,1328.50,31066311,1.0000,2025-08-11 19:47:36
9731,8.668011,8.243062,10518.808594,5.00e-05,8783.74,1799.00,31069909,N/A,2025-08-11 19:47:36
9732,9.400590,8.243062,10518.808594,5.00e-05,9041.06,1617.00,31073143,N/A,2025-08-11 19:47:37
9733,6.625080,8.243062,10518.808594,5.00e-05,8948.02,1518.50,31076180,N/A,2025-08-11 19:47:37
9734,9.039350,8.243062,10518.808594,5.00e-05,9062.03,1974.50,31080129,N/A,2025-08-11 19:47:38
9735,8.504706,8.243062,10518.808594,5.00e-05,9172.79,1975.00,31084079,N/A,2025-08-11 19:47:38
9736,7.523959,8.243062,10518.808594,5.00e-05,9076.95,1542.00,31087163,N/A,2025-08-11 19:47:38
9737,6.938008,8.243062,10518.808594,5.00e-05,9065.79,1451.00,31090065,N/A,2025-08-11 19:47:39
9738,6.943956,8.243062,10518.808594,5.00e-05,9216.91,1663.00,31093391,N/A,2025-08-11 19:47:39
9739,8.683331,8.243062,10518.808594,5.00e-05,9664.38,1798.50,31096988,N/A,2025-08-11 19:47:40
9740,7.824789,8.243062,10518.808594,5.00e-05,9464.14,1631.00,31100250,1.0000,2025-08-11 19:47:40
9741,8.554739,8.243062,10518.808594,5.00e-05,9459.57,1776.00,31103802,N/A,2025-08-11 19:47:40
9742,8.619197,8.243062,10518.808594,5.00e-05,9703.02,2048.00,31107898,N/A,2025-08-11 19:47:41
9743,8.408860,8.243062,10518.808594,5.00e-05,9722.70,1495.00,31110888,N/A,2025-08-11 19:47:41
9744,9.609897,8.243062,10518.808594,5.00e-05,9712.03,1942.50,31114773,N/A,2025-08-11 19:47:42
9745,7.980206,8.243062,10518.808594,5.00e-05,9438.30,1650.00,31118073,N/A,2025-08-11 19:47:42
9746,8.366735,8.243062,10518.808594,5.00e-05,9652.01,2021.00,31122115,N/A,2025-08-11 19:47:42
9747,7.496609,8.243062,10518.808594,5.00e-05,9748.31,1670.00,31125455,N/A,2025-08-11 19:47:43
9748,6.275634,8.243062,10518.808594,5.00e-05,9721.09,1629.00,31128713,N/A,2025-08-11 19:47:43
9749,6.723095,8.243062,10518.808594,5.00e-05,10021.60,1670.50,31132054,N/A,2025-08-11 19:47:44
9750,7.530092,8.243062,10518.808594,5.00e-05,9909.68,1877.00,31135808,1.0000,2025-08-11 19:47:44
9751,6.171275,8.243062,10518.808594,5.00e-05,10068.54,2048.00,31139904,N/A,2025-08-11 19:47:44
9752,8.251019,8.243062,10518.808594,5.00e-05,9900.23,1734.50,31143373,N/A,2025-08-11 19:47:45
9753,6.890479,8.243062,10518.808594,5.00e-05,9951.01,1603.00,31146579,N/A,2025-08-11 19:47:45
9754,7.702462,8.243062,10518.808594,5.00e-05,9898.45,1610.00,31149799,N/A,2025-08-11 19:47:46
9755,7.719813,8.243062,10518.808594,5.00e-05,10117.94,1901.50,31153602,N/A,2025-08-11 19:47:46
9756,5.467367,8.243062,10518.808594,5.00e-05,9699.95,1330.50,31156263,N/A,2025-08-11 19:47:46
9757,6.205890,8.243062,10518.808594,5.00e-05,9450.66,1213.00,31158689,N/A,2025-08-11 19:47:47
9758,8.529813,8.243062,10518.808594,5.00e-05,9417.86,1550.50,31161790,N/A,2025-08-11 19:47:47
9759,6.853139,8.243062,10518.808594,5.00e-05,9605.20,1572.00,31164934,N/A,2025-08-11 19:47:47
9760,10.634654,8.243062,10518.808594,5.00e-05,9365.85,1841.00,31168616,1.0000,2025-08-11 19:47:48
9761,4.710106,8.243062,10518.808594,5.00e-05,8813.15,1086.50,31170789,N/A,2025-08-11 19:47:48
9762,11.316937,8.243062,10518.808594,5.00e-05,8986.95,2036.50,31174862,N/A,2025-08-11 19:47:49
9763,7.321169,8.243062,10518.808594,5.00e-05,8890.55,1426.00,31177714,N/A,2025-08-11 19:47:49
9764,7.099198,8.243062,10518.808594,5.00e-05,8833.64,1509.50,31180733,N/A,2025-08-11 19:47:49
9765,6.214971,8.243062,10518.808594,5.00e-05,8593.87,1432.00,31183597,N/A,2025-08-11 19:47:50
9766,9.071094,8.243062,10518.808594,5.00e-05,8826.38,1807.00,31187211,N/A,2025-08-11 19:47:50
9767,7.387044,8.243062,10518.808594,5.00e-05,9153.81,1806.50,31190824,N/A,2025-08-11 19:47:51
9768,8.849741,8.243062,10518.808594,5.00e-05,9271.72,1824.50,31194473,N/A,2025-08-11 19:47:51
9769,8.960213,8.243062,10518.808594,5.00e-05,9563.97,1804.00,31198081,N/A,2025-08-11 19:47:51
9770,9.755323,8.243062,10518.808594,5.00e-05,9333.75,1947.50,31201976,1.0000,2025-08-11 19:47:52
9771,8.782127,8.243062,10518.808594,5.00e-05,9736.48,1787.50,31205551,N/A,2025-08-11 19:47:52
9772,7.936735,8.243062,10518.808594,5.00e-05,9600.76,1814.50,31209180,N/A,2025-08-11 19:47:53
9773,8.395493,8.243062,10518.808594,5.00e-05,9875.44,1994.00,31213168,N/A,2025-08-11 19:47:53
9774,7.219138,8.243062,10518.808594,5.00e-05,9855.65,1460.50,31216089,N/A,2025-08-11 19:47:53
9775,6.473263,8.243062,10518.808594,5.00e-05,10133.87,1848.00,31219785,N/A,2025-08-11 19:47:54
9776,7.945005,8.243062,10518.808594,5.00e-05,10081.58,1702.00,31223189,N/A,2025-08-11 19:47:54
9777,8.579041,8.243062,10518.808594,5.00e-05,10161.55,1878.50,31226946,N/A,2025-08-11 19:47:55
9778,4.812788,8.243062,10518.808594,5.00e-05,9852.16,1179.50,31229305,N/A,2025-08-11 19:47:55
9779,7.909980,8.243062,10518.808594,5.00e-05,10245.28,1941.50,31233188,N/A,2025-08-11 19:47:55
9780,7.175769,8.243062,10518.808594,5.00e-05,9767.12,1784.00,31236756,1.0000,2025-08-11 19:47:56
9781,9.224025,8.243062,10518.808594,5.00e-05,9869.15,1952.50,31240661,N/A,2025-08-11 19:47:56
9782,7.932652,8.243062,10518.808594,5.00e-05,9845.47,1692.50,31244046,N/A,2025-08-11 19:47:57
9783,6.670764,8.243062,10518.808594,5.00e-05,9627.66,1584.50,31247215,N/A,2025-08-11 19:47:57
9784,9.003545,8.243062,10518.808594,5.00e-05,9840.27,1943.50,31251102,N/A,2025-08-11 19:47:57
9785,4.309186,8.243062,10518.808594,5.00e-05,9310.69,1044.00,31253190,N/A,2025-08-11 19:47:58
9786,6.578028,8.243062,10518.808594,5.00e-05,9230.31,1527.50,31256245,N/A,2025-08-11 19:47:58
9787,11.501680,8.243062,10518.808594,5.00e-05,9265.95,1991.50,31260228,N/A,2025-08-11 19:47:58
9788,6.422901,8.243062,10518.808594,5.00e-05,9353.56,1402.50,31263033,N/A,2025-08-11 19:47:59
9789,11.413037,8.243062,10518.808594,5.00e-05,9539.64,1710.50,31266454,N/A,2025-08-11 19:47:59
9790,5.850848,8.243062,10518.808594,5.00e-05,8898.26,1180.00,31268814,1.0000,2025-08-11 19:48:00
9791,5.852668,8.243062,10518.808594,5.00e-05,8453.03,1247.00,31271308,N/A,2025-08-11 19:48:00
9792,9.109514,8.243062,10518.808594,5.00e-05,8396.60,1681.50,31274671,N/A,2025-08-11 19:48:01
9793,7.490461,8.243062,10518.808594,5.00e-05,8204.22,1329.00,31277329,N/A,2025-08-11 19:48:01
9794,8.080737,8.243062,10518.808594,5.00e-05,8164.89,1839.00,31281007,N/A,2025-08-11 19:48:01
9795,8.052053,8.243062,10518.808594,5.00e-05,8572.56,1834.00,31284675,N/A,2025-08-11 19:48:02
9796,8.620675,8.243062,10518.808594,5.00e-05,8783.79,1968.50,31288612,N/A,2025-08-11 19:48:02
9797,7.383873,8.243062,10518.808594,5.00e-05,8519.94,1619.00,31291850,N/A,2025-08-11 19:48:03
9798,5.201034,8.243062,10518.808594,5.00e-05,8503.66,1425.50,31294701,N/A,2025-08-11 19:48:03
9799,7.354578,8.243062,10518.808594,5.00e-05,8651.81,1645.50,31297992,N/A,2025-08-11 19:48:03
9800,6.547456,8.243062,10518.808594,5.00e-05,8770.15,1817.00,31301626,1.0000,2025-08-11 19:48:04
9801,8.646864,8.243062,10518.808594,5.00e-05,7352.53,1762.50,31305151,N/A,2025-08-11 19:48:05
9802,7.783286,8.243062,10518.808594,5.00e-05,7361.93,1630.50,31308412,N/A,2025-08-11 19:48:06
9803,4.661359,8.243062,10518.808594,5.00e-05,7190.88,1059.00,31310530,N/A,2025-08-11 19:48:06
9804,7.286317,8.243062,10518.808594,5.00e-05,4759.39,1431.00,31313392,N/A,2025-08-11 19:48:09
9805,7.429214,8.243062,10518.808594,5.00e-05,4764.49,1795.50,31316983,N/A,2025-08-11 19:48:09
9806,8.448274,8.243062,10518.808594,5.00e-05,4701.35,1709.50,31320402,N/A,2025-08-11 19:48:09
9807,6.722894,8.243062,10518.808594,5.00e-05,4659.69,1410.50,31323223,N/A,2025-08-11 19:48:10
9808,7.340918,8.243062,10518.808594,5.00e-05,4811.16,1864.00,31326951,N/A,2025-08-11 19:48:10
9809,7.931215,8.243062,10518.808594,5.00e-05,4830.58,1473.00,31329897,N/A,2025-08-11 19:48:11
9810,7.415097,8.243062,10518.808594,5.00e-05,5342.59,1403.00,31332703,1.0000,2025-08-11 19:48:11
9811,9.177217,8.243062,10518.808594,5.00e-05,5375.08,1794.50,31336292,N/A,2025-08-11 19:48:11
9812,10.771667,8.243062,10518.808594,5.00e-05,5514.43,1988.00,31340268,N/A,2025-08-11 19:48:12
9813,7.873429,8.243062,10518.808594,5.00e-05,9255.52,1785.00,31343838,N/A,2025-08-11 19:48:12
9814,8.541154,8.243062,10518.808594,5.00e-05,9540.55,1979.00,31347796,N/A,2025-08-11 19:48:13
9815,7.194667,8.243062,10518.808594,5.00e-05,9491.05,1627.50,31351051,N/A,2025-08-11 19:48:13
9816,4.249158,8.243062,10518.808594,5.00e-05,9221.74,1275.50,31353602,N/A,2025-08-11 19:48:13
9817,5.250794,8.243062,10518.808594,5.00e-05,9090.02,1137.00,31355876,N/A,2025-08-11 19:48:14
9818,8.308841,8.243062,10518.808594,5.00e-05,9227.57,2015.50,31359907,N/A,2025-08-11 19:48:14
9819,6.823298,8.243062,10518.808594,5.00e-05,9348.37,1250.50,31362408,N/A,2025-08-11 19:48:14
9820,5.975704,8.243062,10518.808594,5.00e-05,9198.44,1452.50,31365313,1.0000,2025-08-11 19:48:15
9821,8.456172,8.243062,10518.808594,5.00e-05,9299.99,1804.50,31368922,N/A,2025-08-11 19:48:15
9822,5.658002,8.243062,10518.808594,5.00e-05,9110.80,1561.50,31372045,N/A,2025-08-11 19:48:16
9823,6.712705,8.243062,10518.808594,5.00e-05,8803.18,1209.00,31374463,N/A,2025-08-11 19:48:16
9824,7.327719,8.243062,10518.808594,5.00e-05,8592.61,1596.50,31377656,N/A,2025-08-11 19:48:16
9825,5.988337,8.243062,10518.808594,5.00e-05,8447.25,1330.50,31380317,N/A,2025-08-11 19:48:17
9826,12.464718,8.243062,10518.808594,5.00e-05,8707.95,1798.50,31383914,N/A,2025-08-11 19:48:17
9827,10.780625,8.243062,10518.808594,5.00e-05,9040.58,1762.50,31387439,N/A,2025-08-11 19:48:18
9828,9.535567,8.243062,10518.808594,5.00e-05,8813.95,1723.00,31390885,N/A,2025-08-11 19:48:18
9829,6.419337,8.243062,10518.808594,5.00e-05,9049.31,1351.00,31393587,N/A,2025-08-11 19:48:18
9830,9.411132,8.243062,10518.808594,5.00e-05,9233.54,2048.00,31397683,1.0000,2025-08-11 19:48:19
9831,10.774205,8.243062,10518.808594,5.00e-05,9164.78,1693.00,31401069,N/A,2025-08-11 19:48:19
9832,4.167152,8.243062,10518.808594,5.00e-05,8820.28,1087.00,31403243,N/A,2025-08-11 19:48:20
9833,8.229855,8.243062,10518.808594,5.00e-05,8893.61,1334.50,31405912,N/A,2025-08-11 19:48:20
9834,8.788547,8.243062,10518.808594,5.00e-05,9076.44,1934.50,31409781,N/A,2025-08-11 19:48:20
9835,4.031227,8.243062,10518.808594,5.00e-05,8890.40,1028.50,31411838,N/A,2025-08-11 19:48:21
9836,8.482021,8.243062,10518.808594,5.00e-05,9059.25,2048.00,31415934,N/A,2025-08-11 19:48:21
9837,8.807082,8.243062,10518.808594,5.00e-05,9225.50,1938.50,31419811,N/A,2025-08-11 19:48:21
9838,6.040882,8.243062,10518.808594,5.00e-05,8888.52,1290.00,31422391,N/A,2025-08-11 19:48:22
9839,4.144185,8.243062,10518.808594,5.00e-05,8911.73,1148.50,31424688,N/A,2025-08-11 19:48:22
9840,7.264644,8.243062,10518.808594,5.00e-05,8479.01,1592.50,31427873,1.0000,2025-08-11 19:48:23
9841,5.727581,8.243062,10518.808594,5.00e-05,8376.26,1417.00,31430707,N/A,2025-08-11 19:48:23
9842,6.176389,8.243062,10518.808594,5.00e-05,8404.04,1155.00,31433017,N/A,2025-08-11 19:48:24
9843,7.024060,8.243062,10518.808594,5.00e-05,8542.46,1778.50,31436574,N/A,2025-08-11 19:48:24
9844,5.355230,8.243062,10518.808594,5.00e-05,8209.12,1240.50,31439055,N/A,2025-08-11 19:48:24
9845,7.553192,8.243062,10518.808594,5.00e-05,8392.33,1588.50,31442232,N/A,2025-08-11 19:48:25
9846,8.433284,8.243062,10518.808594,5.00e-05,8189.22,1705.00,31445642,N/A,2025-08-11 19:48:25
9847,8.726771,8.243062,10518.808594,5.00e-05,8116.76,1776.00,31449194,N/A,2025-08-11 19:48:26
9848,6.746185,8.243062,10518.808594,5.00e-05,8415.77,1787.00,31452768,N/A,2025-08-11 19:48:26
9849,4.988452,8.243062,10518.808594,5.00e-05,8651.56,1261.50,31455291,N/A,2025-08-11 19:48:26
9850,8.988605,8.243062,10518.808594,5.00e-05,8749.75,2016.00,31459323,1.0000,2025-08-11 19:48:27
9851,6.834238,8.243062,10518.808594,5.00e-05,8616.64,1153.50,31461630,N/A,2025-08-11 19:48:27
9852,3.483500,8.243062,10518.808594,5.00e-05,8638.65,1041.00,31463712,N/A,2025-08-11 19:48:27
9853,8.063965,8.243062,10518.808594,5.00e-05,8556.12,1642.00,31466996,N/A,2025-08-11 19:48:28
9854,7.725251,8.243062,10518.808594,5.00e-05,9044.62,1871.50,31470739,N/A,2025-08-11 19:48:28
9855,9.205872,8.243062,10518.808594,5.00e-05,9163.87,1775.50,31474290,N/A,2025-08-11 19:48:29
9856,5.498120,8.243062,10518.808594,5.00e-05,8993.94,1296.50,31476883,N/A,2025-08-11 19:48:29
9857,6.220368,8.243062,10518.808594,5.00e-05,8726.59,1526.50,31479936,N/A,2025-08-11 19:48:29
9858,8.478209,8.243062,10518.808594,5.00e-05,8783.14,1922.50,31483781,N/A,2025-08-11 19:48:30
9859,6.814899,8.243062,10518.808594,5.00e-05,8873.74,1284.50,31486350,N/A,2025-08-11 19:48:30
9860,7.270284,8.243062,10518.808594,5.00e-05,8677.43,1973.50,31490297,1.0000,2025-08-11 19:48:31
9861,6.313030,8.243062,10518.808594,5.00e-05,8838.32,1392.50,31493082,N/A,2025-08-11 19:48:31
9862,6.557670,8.243062,10518.808594,5.00e-05,9141.99,1566.00,31496214,N/A,2025-08-11 19:48:31
9863,4.648170,8.243062,10518.808594,5.00e-05,8832.95,1099.00,31498412,N/A,2025-08-11 19:48:32
9864,5.773256,8.243062,10518.808594,5.00e-05,8518.74,1310.00,31501032,N/A,2025-08-11 19:48:32
9865,5.407633,8.243062,10518.808594,5.00e-05,8306.88,1432.00,31503896,N/A,2025-08-11 19:48:33
9866,4.962493,8.243062,10518.808594,5.00e-05,8536.14,1502.00,31506900,N/A,2025-08-11 19:48:33
9867,4.941669,8.243062,10518.808594,5.00e-05,8234.39,1077.50,31509055,N/A,2025-08-11 19:48:33
9868,5.738943,8.243062,10518.808594,5.00e-05,7927.51,1259.50,31511574,N/A,2025-08-11 19:48:34
9869,7.367339,8.243062,10518.808594,5.00e-05,8125.38,1530.00,31514634,N/A,2025-08-11 19:48:34
9870,8.137372,8.243062,10518.808594,5.00e-05,7878.37,1791.50,31518217,1.0000,2025-08-11 19:48:35
9871,7.992898,8.243062,10518.808594,5.00e-05,7929.74,1690.00,31521597,N/A,2025-08-11 19:48:35
9872,5.978548,8.243062,10518.808594,5.00e-05,7837.86,1400.50,31524398,N/A,2025-08-11 19:48:35
9873,6.690777,8.243062,10518.808594,5.00e-05,8165.42,1730.00,31527858,N/A,2025-08-11 19:48:36
9874,6.882152,8.243062,10518.808594,5.00e-05,8539.20,1943.50,31531745,N/A,2025-08-11 19:48:36
9875,6.816854,8.243062,10518.808594,5.00e-05,8525.48,1400.50,31534546,N/A,2025-08-11 19:48:37
9876,6.908466,8.243062,10518.808594,5.00e-05,8467.82,1279.50,31537105,N/A,2025-08-11 19:48:37
9877,7.601059,8.243062,10518.808594,5.00e-05,8922.35,1933.50,31540972,N/A,2025-08-11 19:48:37
9878,5.973696,8.243062,10518.808594,5.00e-05,8956.23,1235.00,31543442,N/A,2025-08-11 19:48:38
9879,6.792805,8.243062,10518.808594,5.00e-05,9229.68,1737.00,31546916,N/A,2025-08-11 19:48:38
9880,7.928204,8.243062,10518.808594,5.00e-05,9009.04,1487.50,31549891,1.0000,2025-08-11 19:48:39
9881,6.640522,8.243062,10518.808594,5.00e-05,8971.85,1616.00,31553123,N/A,2025-08-11 19:48:39
9882,8.367716,8.243062,10518.808594,5.00e-05,8893.20,1344.00,31555811,N/A,2025-08-11 19:48:39
9883,7.471039,8.243062,10518.808594,5.00e-05,9025.91,1982.50,31559776,N/A,2025-08-11 19:48:40
9884,8.571539,8.243062,10518.808594,5.00e-05,8741.64,1502.00,31562780,N/A,2025-08-11 19:48:40
9885,7.772617,8.243062,10518.808594,5.00e-05,8873.78,1652.00,31566084,N/A,2025-08-11 19:48:40
9886,8.505318,8.243062,10518.808594,5.00e-05,9233.49,1861.50,31569807,N/A,2025-08-11 19:48:41
9887,4.709163,8.243062,10518.808594,5.00e-05,8862.84,1198.00,31572203,N/A,2025-08-11 19:48:41
9888,8.502012,8.243062,10518.808594,5.00e-05,9045.00,1543.00,31575289,N/A,2025-08-11 19:48:42
9889,8.216524,8.243062,10518.808594,5.00e-05,8919.33,1441.00,31578171,N/A,2025-08-11 19:48:42
9890,13.249193,8.243062,10518.808594,5.00e-05,8948.00,1912.50,31581996,1.0000,2025-08-11 19:48:42
9891,6.097780,8.243062,10518.808594,5.00e-05,8869.42,1367.50,31584731,N/A,2025-08-11 19:48:43
9892,7.973612,8.243062,10518.808594,5.00e-05,8766.18,1143.50,31587018,N/A,2025-08-11 19:48:43
9893,8.448211,8.243062,10518.808594,5.00e-05,8478.42,1489.00,31589996,N/A,2025-08-11 19:48:44
9894,11.499964,8.243062,10518.808594,5.00e-05,8741.75,2048.00,31594092,N/A,2025-08-11 19:48:44
9895,5.404465,8.243062,10518.808594,5.00e-05,8389.72,1163.50,31596419,N/A,2025-08-11 19:48:44
9896,8.713554,8.243062,10518.808594,5.00e-05,8391.57,1919.50,31600258,N/A,2025-08-11 19:48:45
9897,6.704769,8.243062,10518.808594,5.00e-05,8472.56,1343.00,31602944,N/A,2025-08-11 19:48:45
9898,7.291381,8.243062,10518.808594,5.00e-05,8448.03,1354.50,31605653,N/A,2025-08-11 19:48:46
9899,11.881111,8.243062,10518.808594,5.00e-05,8825.62,1788.50,31609230,N/A,2025-08-11 19:48:46
9900,5.539967,8.243062,10518.808594,5.00e-05,8272.67,1262.50,31611755,1.0000,2025-08-11 19:48:46
9901,8.262414,8.243062,10518.808594,5.00e-05,6724.91,1220.00,31614195,N/A,2025-08-11 19:48:48
9902,4.699956,8.243062,10518.808594,5.00e-05,6837.30,1369.50,31616934,N/A,2025-08-11 19:48:48
9903,10.403775,8.243062,10518.808594,5.00e-05,7115.28,2037.00,31621008,N/A,2025-08-11 19:48:48
9904,8.124292,8.243062,10518.808594,5.00e-05,7164.59,2048.00,31625104,N/A,2025-08-11 19:48:49
9905,7.827491,8.243062,10518.808594,5.00e-05,7495.29,1812.50,31628729,N/A,2025-08-11 19:48:49
9906,5.717819,8.243062,10518.808594,5.00e-05,7253.22,1402.50,31631534,N/A,2025-08-11 19:48:50
9907,9.236558,8.243062,10518.808594,5.00e-05,7477.91,1751.50,31635037,N/A,2025-08-11 19:48:50
9908,6.477118,8.243062,10518.808594,5.00e-05,7534.93,1462.00,31637961,N/A,2025-08-11 19:48:50
9909,7.246771,8.243062,10518.808594,5.00e-05,7516.62,1456.50,31640874,N/A,2025-08-11 19:48:51
9910,6.354496,8.243062,10518.808594,5.00e-05,9206.61,1540.00,31643954,1.0000,2025-08-11 19:48:51
9911,7.351591,8.243062,10518.808594,5.00e-05,9447.52,1582.50,31647119,N/A,2025-08-11 19:48:52
9912,10.158507,8.243062,10518.808594,5.00e-05,9795.46,1938.50,31650996,N/A,2025-08-11 19:48:52
9913,8.711772,8.243062,10518.808594,5.00e-05,9804.31,2026.00,31655048,N/A,2025-08-11 19:48:52
9914,6.521846,8.243062,10518.808594,5.00e-05,9319.02,1316.50,31657681,N/A,2025-08-11 19:48:53
9915,4.771471,8.243062,10518.808594,5.00e-05,8909.96,1100.00,31659881,N/A,2025-08-11 19:48:53
9916,10.942270,8.243062,10518.808594,5.00e-05,9179.16,1881.50,31663644,N/A,2025-08-11 19:48:53
9917,5.474703,8.243062,10518.808594,5.00e-05,8931.63,1450.00,31666544,N/A,2025-08-11 19:48:54
9918,8.940367,8.243062,10518.808594,5.00e-05,9040.13,1651.00,31669846,N/A,2025-08-11 19:48:54
9919,11.552505,8.243062,10518.808594,5.00e-05,9558.45,2016.00,31673878,N/A,2025-08-11 19:48:55
9920,6.746767,8.243062,10518.808594,5.00e-05,9598.27,1902.00,31677682,1.0000,2025-08-11 19:48:55
9921,4.649154,8.243062,10518.808594,5.00e-05,9274.38,1024.50,31679731,N/A,2025-08-11 19:48:55
9922,4.659898,8.243062,10518.808594,5.00e-05,9089.23,1614.50,31682960,N/A,2025-08-11 19:48:56
9923,9.182463,8.243062,10518.808594,5.00e-05,9044.83,1845.00,31686650,N/A,2025-08-11 19:48:56
9924,7.250746,8.243062,10518.808594,5.00e-05,9153.09,1519.50,31689689,N/A,2025-08-11 19:48:57
9925,5.661251,8.243062,10518.808594,5.00e-05,9284.42,1342.50,31692374,N/A,2025-08-11 19:48:57
9926,7.988503,8.243062,10518.808594,5.00e-05,9058.70,1562.00,31695498,N/A,2025-08-11 19:48:57
9927,8.032682,8.243062,10518.808594,5.00e-05,9096.43,1535.00,31698568,N/A,2025-08-11 19:48:58
9928,5.680815,8.243062,10518.808594,5.00e-05,8883.79,1347.50,31701263,N/A,2025-08-11 19:48:58
9929,6.582358,8.243062,10518.808594,5.00e-05,8640.20,1442.00,31704147,N/A,2025-08-11 19:48:59
9930,5.115819,8.243062,10518.808594,5.00e-05,8120.24,1327.00,31706801,1.0000,2025-08-11 19:48:59
9931,8.186747,8.243062,10518.808594,5.00e-05,8647.27,1965.00,31710731,N/A,2025-08-11 19:48:59
9932,7.556314,8.243062,10518.808594,5.00e-05,8562.25,1459.00,31713649,N/A,2025-08-11 19:49:00
9933,8.416362,8.243062,10518.808594,5.00e-05,8531.05,1778.50,31717206,N/A,2025-08-11 19:49:00
9934,4.013397,8.243062,10518.808594,5.00e-05,8410.46,1286.00,31719778,N/A,2025-08-11 19:49:00
9935,6.427336,8.243062,10518.808594,5.00e-05,8588.06,1572.00,31722922,N/A,2025-08-11 19:49:01
9936,7.932793,8.243062,10518.808594,5.00e-05,8659.01,1694.50,31726311,N/A,2025-08-11 19:49:01
9937,10.057558,8.243062,10518.808594,5.00e-05,8776.72,1719.00,31729749,N/A,2025-08-11 19:49:02
9938,6.275068,8.243062,10518.808594,5.00e-05,8745.33,1197.00,31732143,N/A,2025-08-11 19:49:02
9939,3.783978,8.243062,10518.808594,5.00e-05,8742.37,1116.00,31734375,N/A,2025-08-11 19:49:02
9940,7.761175,8.243062,10518.808594,5.00e-05,8962.67,2048.00,31738471,1.0000,2025-08-11 19:49:03
9941,10.091823,8.243062,10518.808594,5.00e-05,8992.42,2048.00,31742567,N/A,2025-08-11 19:49:03
9942,5.489190,8.243062,10518.808594,5.00e-05,8733.87,1215.00,31744997,N/A,2025-08-11 19:49:04
9943,7.672926,8.243062,10518.808594,5.00e-05,8752.37,1875.50,31748748,N/A,2025-08-11 19:49:04
9944,5.501636,8.243062,10518.808594,5.00e-05,8785.82,1224.00,31751196,N/A,2025-08-11 19:49:04
9945,7.617455,8.243062,10518.808594,5.00e-05,8763.33,1492.50,31754181,N/A,2025-08-11 19:49:05
9946,7.593874,8.243062,10518.808594,5.00e-05,8808.12,1826.50,31757834,N/A,2025-08-11 19:49:05
9947,5.976335,8.243062,10518.808594,5.00e-05,8638.09,1377.50,31760589,N/A,2025-08-11 19:49:06
9948,6.511724,8.243062,10518.808594,5.00e-05,8930.07,1681.00,31763951,N/A,2025-08-11 19:49:06
9949,6.872135,8.243062,10518.808594,5.00e-05,9472.35,1736.00,31767423,N/A,2025-08-11 19:49:06
9950,7.445694,8.243062,10518.808594,5.00e-05,9193.69,1887.50,31771198,1.0000,2025-08-11 19:49:07
9951,7.749651,8.243062,10518.808594,5.00e-05,9076.16,1613.50,31774425,N/A,2025-08-11 19:49:07
9952,6.043262,8.243062,10518.808594,5.00e-05,9360.55,1684.00,31777793,N/A,2025-08-11 19:49:08
9953,6.233943,8.243062,10518.808594,5.00e-05,9125.22,1454.00,31780701,N/A,2025-08-11 19:49:08
9954,6.245287,8.243062,10518.808594,5.00e-05,9121.54,1316.00,31783333,N/A,2025-08-11 19:49:08
9955,7.924666,8.243062,10518.808594,5.00e-05,9283.57,1691.50,31786716,N/A,2025-08-11 19:49:09
9956,7.980987,8.243062,10518.808594,5.00e-05,9243.84,1786.50,31790289,N/A,2025-08-11 19:49:09
9957,6.880952,8.243062,10518.808594,5.00e-05,9572.58,1954.50,31794198,N/A,2025-08-11 19:49:10
9958,5.408904,8.243062,10518.808594,5.00e-05,9177.03,1222.50,31796643,N/A,2025-08-11 19:49:10
9959,3.799823,8.243062,10518.808594,5.00e-05,8980.48,1035.50,31798714,N/A,2025-08-11 19:49:10
9960,5.108598,8.243062,10518.808594,5.00e-05,8560.27,1419.00,31801552,1.0000,2025-08-11 19:49:11
9961,10.071677,8.243062,10518.808594,5.00e-05,8797.48,1994.00,31805540,N/A,2025-08-11 19:49:11
9962,6.585432,8.243062,10518.808594,5.00e-05,8821.91,1839.50,31809219,N/A,2025-08-11 19:49:12
9963,5.127873,8.243062,10518.808594,5.00e-05,8758.97,1237.00,31811693,N/A,2025-08-11 19:49:12
9964,6.148743,8.243062,10518.808594,5.00e-05,8942.85,1682.00,31815057,N/A,2025-08-11 19:49:12
9965,5.729585,8.243062,10518.808594,5.00e-05,8704.84,1374.50,31817806,N/A,2025-08-11 19:49:13
9966,5.387187,8.243062,10518.808594,5.00e-05,8563.64,1548.00,31820902,N/A,2025-08-11 19:49:13
9967,5.531767,8.243062,10518.808594,5.00e-05,8325.26,1317.50,31823537,N/A,2025-08-11 19:49:13
9968,8.049790,8.243062,10518.808594,5.00e-05,8753.01,1958.00,31827453,N/A,2025-08-11 19:49:14
9969,4.048604,8.243062,10518.808594,5.00e-05,8979.78,1146.50,31829746,N/A,2025-08-11 19:49:14
9970,5.774216,8.243062,10518.808594,5.00e-05,8809.57,1421.00,31832588,1.0000,2025-08-11 19:49:15
9971,5.756187,8.243062,10518.808594,5.00e-05,8823.87,1923.00,31836434,N/A,2025-08-11 19:49:15
9972,6.019632,8.243062,10518.808594,5.00e-05,8502.36,1299.50,31839033,N/A,2025-08-11 19:49:15
9973,5.220510,8.243062,10518.808594,5.00e-05,8866.64,1832.00,31842697,N/A,2025-08-11 19:49:16
9974,8.171789,8.243062,10518.808594,5.00e-05,9125.56,2048.00,31846793,N/A,2025-08-11 19:49:16
9975,6.969143,8.243062,10518.808594,5.00e-05,9296.58,1664.00,31850121,N/A,2025-08-11 19:49:17
9976,3.988798,8.243062,10518.808594,5.00e-05,9038.54,1094.00,31852309,N/A,2025-08-11 19:49:17
9977,7.624382,8.243062,10518.808594,5.00e-05,9091.12,1550.00,31855409,N/A,2025-08-11 19:49:17
9978,5.349327,8.243062,10518.808594,5.00e-05,8520.27,1032.50,31857474,N/A,2025-08-11 19:49:18
9979,6.429308,8.243062,10518.808594,5.00e-05,9014.67,1822.50,31861119,N/A,2025-08-11 19:49:18
9980,8.104479,8.243062,10518.808594,5.00e-05,9056.42,1850.50,31864820,1.0000,2025-08-11 19:49:19
9981,8.091069,8.243062,10518.808594,5.00e-05,9019.69,1857.50,31868535,N/A,2025-08-11 19:49:19
9982,5.841786,8.243062,10518.808594,5.00e-05,9234.01,1674.50,31871884,N/A,2025-08-11 19:49:19
9983,4.656577,8.243062,10518.808594,5.00e-05,8839.36,1089.50,31874063,N/A,2025-08-11 19:49:20
9984,8.003174,8.243062,10518.808594,5.00e-05,8458.68,1470.00,31877003,N/A,2025-08-11 19:49:20
9985,4.255655,8.243062,10518.808594,5.00e-05,8227.02,1259.50,31879522,N/A,2025-08-11 19:49:21
9986,7.717206,8.243062,10518.808594,5.00e-05,8772.96,1941.50,31883405,N/A,2025-08-11 19:49:21
9987,9.068475,8.243062,10518.808594,5.00e-05,8866.09,1687.50,31886780,N/A,2025-08-11 19:49:21
9988,8.346376,8.243062,10518.808594,5.00e-05,9246.95,1695.50,31890171,N/A,2025-08-11 19:49:22
9989,8.907795,8.243062,10518.808594,5.00e-05,9514.38,1998.50,31894168,N/A,2025-08-11 19:49:22
9990,5.078382,8.243062,10518.808594,5.00e-05,8834.08,1072.00,31896312,1.0000,2025-08-11 19:49:23
9991,7.108801,8.243062,10518.808594,5.00e-05,8685.55,1712.00,31899736,N/A,2025-08-11 19:49:23
9992,6.838461,8.243062,10518.808594,5.00e-05,8382.45,1139.50,31902015,N/A,2025-08-11 19:49:23
9993,5.636787,8.243062,10518.808594,5.00e-05,8608.45,1391.00,31904797,N/A,2025-08-11 19:49:24
9994,7.057263,8.243062,10518.808594,5.00e-05,8824.32,1858.50,31908514,N/A,2025-08-11 19:49:24
9995,9.939528,8.243062,10518.808594,5.00e-05,8919.91,1672.50,31911859,N/A,2025-08-11 19:49:25
9996,5.892847,8.243062,10518.808594,5.00e-05,8804.67,1916.50,31915692,N/A,2025-08-11 19:49:25
9997,9.791372,8.243062,10518.808594,5.00e-05,8982.54,2016.00,31919724,N/A,2025-08-11 19:49:25
9998,5.607782,8.243062,10518.808594,5.00e-05,8707.59,1097.00,31921918,N/A,2025-08-11 19:49:26
9999,4.948074,8.243062,10518.808594,5.00e-05,8480.95,1210.50,31924339,N/A,2025-08-11 19:49:26
10000,7.136859,8.218127,7783.442383,5.00e-05,2442.07,1645.50,31927630,N/A,2025-08-11 19:49:36
10001,7.880166,8.218127,7783.442383,5.00e-05,2327.60,1895.50,31931421,N/A,2025-08-11 19:49:37
10002,10.443192,8.218127,7783.442383,5.00e-05,2443.60,1934.00,31935289,N/A,2025-08-11 19:49:37
10003,6.366487,8.218127,7783.442383,5.00e-05,2447.89,1427.00,31938143,N/A,2025-08-11 19:49:38
10004,8.362647,8.218127,7783.442383,5.00e-05,2386.88,1394.50,31940932,N/A,2025-08-11 19:49:38
10005,8.782722,8.218127,7783.442383,5.00e-05,2434.34,1948.50,31944829,N/A,2025-08-11 19:49:38
10006,10.271666,8.218127,7783.442383,5.00e-05,2429.49,1861.00,31948551,N/A,2025-08-11 19:49:39
10007,9.552304,8.218127,7783.442383,5.00e-05,2402.34,1836.00,31952223,N/A,2025-08-11 19:49:39
10008,4.961112,8.218127,7783.442383,5.00e-05,2430.77,1288.50,31954800,N/A,2025-08-11 19:49:40
10009,6.826938,8.218127,7783.442383,5.00e-05,8020.55,1757.00,31958314,N/A,2025-08-11 19:49:40
10010,7.068452,8.218127,7783.442383,5.00e-05,9583.66,1556.00,31961426,1.0000,2025-08-11 19:49:40
10011,7.701221,8.218127,7783.442383,5.00e-05,9528.16,2008.50,31965443,N/A,2025-08-11 19:49:41
10012,4.107810,8.218127,7783.442383,5.00e-05,9046.15,1109.50,31967662,N/A,2025-08-11 19:49:41
10013,8.306932,8.218127,7783.442383,5.00e-05,9199.50,1637.50,31970937,N/A,2025-08-11 19:49:42
10014,8.032585,8.218127,7783.442383,5.00e-05,9401.48,1705.00,31974347,N/A,2025-08-11 19:49:42
10015,6.174900,8.218127,7783.442383,5.00e-05,9126.75,1490.00,31977327,N/A,2025-08-11 19:49:42
10016,9.809555,8.218127,7783.442383,5.00e-05,9132.81,1875.00,31981077,N/A,2025-08-11 19:49:43
10017,4.108124,8.218127,7783.442383,5.00e-05,8792.18,1213.50,31983504,N/A,2025-08-11 19:49:43
10018,11.692745,8.218127,7783.442383,5.00e-05,9156.32,1967.00,31987438,N/A,2025-08-11 19:49:44
10019,9.184134,8.218127,7783.442383,5.00e-05,9382.12,1790.50,31991019,N/A,2025-08-11 19:49:44
10020,8.891129,8.218127,7783.442383,5.00e-05,9076.35,1442.00,31993903,1.0000,2025-08-11 19:49:44
10021,10.657722,8.218127,7783.442383,5.00e-05,8968.62,1756.00,31997415,N/A,2025-08-11 19:49:45
10022,7.234901,8.218127,7783.442383,5.00e-05,9038.78,1308.00,32000031,N/A,2025-08-11 19:49:45
10023,9.375981,8.218127,7783.442383,5.00e-05,9054.68,1706.00,32003443,N/A,2025-08-11 19:49:46
10024,4.063128,8.218127,7783.442383,5.00e-05,8797.44,1202.50,32005848,N/A,2025-08-11 19:49:46
10025,9.801293,8.218127,7783.442383,5.00e-05,9090.63,2011.50,32009871,N/A,2025-08-11 19:49:46
10026,5.290685,8.218127,7783.442383,5.00e-05,9042.15,1775.50,32013422,N/A,2025-08-11 19:49:47
10027,9.395495,8.218127,7783.442383,5.00e-05,9475.21,1961.00,32017344,N/A,2025-08-11 19:49:47
10028,8.314107,8.218127,7783.442383,5.00e-05,9345.85,1772.50,32020889,N/A,2025-08-11 19:49:48
10029,9.195019,8.218127,7783.442383,5.00e-05,9740.02,1927.50,32024744,N/A,2025-08-11 19:49:48
10030,6.592420,8.218127,7783.442383,5.00e-05,9593.32,1500.50,32027745,1.0000,2025-08-11 19:49:48
10031,5.190637,8.218127,7783.442383,5.00e-05,9435.65,1423.50,32030592,N/A,2025-08-11 19:49:49
10032,5.156995,8.218127,7783.442383,5.00e-05,9522.92,1388.00,32033368,N/A,2025-08-11 19:49:49
10033,7.189259,8.218127,7783.442383,5.00e-05,9438.39,1566.00,32036500,N/A,2025-08-11 19:49:50
10034,6.467249,8.218127,7783.442383,5.00e-05,9253.04,1090.50,32038681,N/A,2025-08-11 19:49:50
10035,7.602043,8.218127,7783.442383,5.00e-05,8996.06,1562.50,32041806,N/A,2025-08-11 19:49:50
10036,7.192364,8.218127,7783.442383,5.00e-05,9111.36,1976.00,32045758,N/A,2025-08-11 19:49:51
10037,6.330981,8.218127,7783.442383,5.00e-05,8813.53,1393.00,32048544,N/A,2025-08-11 19:49:51
10038,8.280001,8.218127,7783.442383,5.00e-05,8905.36,1843.00,32052230,N/A,2025-08-11 19:49:51
10039,6.586145,8.218127,7783.442383,5.00e-05,8760.47,1387.50,32055005,N/A,2025-08-11 19:49:52
10040,7.948956,8.218127,7783.442383,5.00e-05,8689.42,1683.50,32058372,1.0000,2025-08-11 19:49:52
10041,7.662684,8.218127,7783.442383,5.00e-05,8812.50,1699.50,32061771,N/A,2025-08-11 19:49:53
10042,4.226551,8.218127,7783.442383,5.00e-05,8613.83,1039.00,32063849,N/A,2025-08-11 19:49:53
10043,9.109066,8.218127,7783.442383,5.00e-05,8904.35,1887.50,32067624,N/A,2025-08-11 19:49:53
10044,8.769836,8.218127,7783.442383,5.00e-05,9384.84,1924.50,32071473,N/A,2025-08-11 19:49:54
10045,7.773730,8.218127,7783.442383,5.00e-05,9363.90,1514.50,32074502,N/A,2025-08-11 19:49:54
10046,11.339049,8.218127,7783.442383,5.00e-05,9288.68,1858.00,32078218,N/A,2025-08-11 19:49:55
10047,8.591933,8.218127,7783.442383,5.00e-05,9500.16,1771.50,32081761,N/A,2025-08-11 19:49:55
10048,9.069707,8.218127,7783.442383,5.00e-05,9566.66,1964.00,32085689,N/A,2025-08-11 19:49:55
10049,6.439144,8.218127,7783.442383,5.00e-05,9894.79,1596.50,32088882,N/A,2025-08-11 19:49:56
10050,5.663895,8.218127,7783.442383,5.00e-05,9426.76,1142.50,32091167,1.0000,2025-08-11 19:49:56
10051,6.850441,8.218127,7783.442383,5.00e-05,9434.95,1700.00,32094567,N/A,2025-08-11 19:49:57
10052,5.346739,8.218127,7783.442383,5.00e-05,9636.08,1350.50,32097268,N/A,2025-08-11 19:49:57
10053,4.770282,8.218127,7783.442383,5.00e-05,9100.27,1055.00,32099378,N/A,2025-08-11 19:49:57
10054,9.456172,8.218127,7783.442383,5.00e-05,9144.25,2048.00,32103474,N/A,2025-08-11 19:49:58
10055,10.529923,8.218127,7783.442383,5.00e-05,9453.22,2040.00,32107554,N/A,2025-08-11 19:49:58
10056,4.987363,8.218127,7783.442383,5.00e-05,9057.30,1152.00,32109858,N/A,2025-08-11 19:49:58
10057,6.929995,8.218127,7783.442383,5.00e-05,8763.48,1239.00,32112336,N/A,2025-08-11 19:49:59
10058,5.897550,8.218127,7783.442383,5.00e-05,8414.79,1407.50,32115151,N/A,2025-08-11 19:49:59
10059,6.913049,8.218127,7783.442383,5.00e-05,8493.47,1458.50,32118068,N/A,2025-08-11 19:50:00
10060,8.198133,8.218127,7783.442383,5.00e-05,8618.37,1627.50,32121323,1.0000,2025-08-11 19:50:00
10061,7.576231,8.218127,7783.442383,5.00e-05,8501.07,1523.50,32124370,N/A,2025-08-11 19:50:00
10062,9.726936,8.218127,7783.442383,5.00e-05,8838.92,1928.50,32128227,N/A,2025-08-11 19:50:01
10063,5.808783,8.218127,7783.442383,5.00e-05,9008.63,1301.00,32130829,N/A,2025-08-11 19:50:01
10064,8.963150,8.218127,7783.442383,5.00e-05,8863.22,1884.50,32134598,N/A,2025-08-11 19:50:02
10065,4.885118,8.218127,7783.442383,5.00e-05,8405.13,1230.00,32137058,N/A,2025-08-11 19:50:02
10066,10.215199,8.218127,7783.442383,5.00e-05,8903.62,2048.00,32141154,N/A,2025-08-11 19:50:02
10067,8.032542,8.218127,7783.442383,5.00e-05,9211.65,1770.00,32144694,N/A,2025-08-11 19:50:03
10068,7.635474,8.218127,7783.442383,5.00e-05,9249.18,1633.50,32147961,N/A,2025-08-11 19:50:03
10069,7.490215,8.218127,7783.442383,5.00e-05,9461.44,1598.00,32151157,N/A,2025-08-11 19:50:04
10070,8.211450,8.218127,7783.442383,5.00e-05,9254.80,1587.50,32154332,1.0000,2025-08-11 19:50:04
10071,5.468586,8.218127,7783.442383,5.00e-05,9032.90,1222.50,32156777,N/A,2025-08-11 19:50:04
10072,7.529211,8.218127,7783.442383,5.00e-05,8987.35,1864.00,32160505,N/A,2025-08-11 19:50:05
10073,7.492301,8.218127,7783.442383,5.00e-05,9442.31,2029.00,32164563,N/A,2025-08-11 19:50:05
10074,6.685995,8.218127,7783.442383,5.00e-05,9260.07,1556.00,32167675,N/A,2025-08-11 19:50:06
10075,9.707853,8.218127,7783.442383,5.00e-05,9622.52,1837.00,32171349,N/A,2025-08-11 19:50:06
10076,4.919414,8.218127,7783.442383,5.00e-05,9202.38,1401.50,32174152,N/A,2025-08-11 19:50:06
10077,9.301019,8.218127,7783.442383,5.00e-05,9259.33,1827.00,32177806,N/A,2025-08-11 19:50:07
10078,4.831667,8.218127,7783.442383,5.00e-05,8979.87,1238.00,32180282,N/A,2025-08-11 19:50:07
10079,8.906900,8.218127,7783.442383,5.00e-05,9346.56,1962.00,32184206,N/A,2025-08-11 19:50:08
10080,5.923658,8.218127,7783.442383,5.00e-05,9013.96,1165.00,32186536,1.0000,2025-08-11 19:50:08
10081,5.374619,8.218127,7783.442383,5.00e-05,8930.05,1072.50,32188681,N/A,2025-08-11 19:50:08
10082,6.887921,8.218127,7783.442383,5.00e-05,8719.98,1537.00,32191755,N/A,2025-08-11 19:50:09
10083,9.749138,8.218127,7783.442383,5.00e-05,8645.22,1914.50,32195584,N/A,2025-08-11 19:50:09
10084,6.467677,8.218127,7783.442383,5.00e-05,8802.06,1864.00,32199312,N/A,2025-08-11 19:50:09
10085,9.979291,8.218127,7783.442383,5.00e-05,8664.96,1462.00,32202236,N/A,2025-08-11 19:50:10
10086,6.132731,8.218127,7783.442383,5.00e-05,8682.16,1350.50,32204937,N/A,2025-08-11 19:50:10
10087,4.795566,8.218127,7783.442383,5.00e-05,8478.77,1362.00,32207661,N/A,2025-08-11 19:50:11
10088,9.634096,8.218127,7783.442383,5.00e-05,8906.05,1954.50,32211570,N/A,2025-08-11 19:50:11
10089,6.567523,8.218127,7783.442383,5.00e-05,8949.62,1699.50,32214969,N/A,2025-08-11 19:50:11
10090,8.512321,8.218127,7783.442383,5.00e-05,9246.24,1968.50,32218906,1.0000,2025-08-11 19:50:12
10091,5.296608,8.218127,7783.442383,5.00e-05,9448.96,1364.00,32221634,N/A,2025-08-11 19:50:12
10092,8.606552,8.218127,7783.442383,5.00e-05,9463.97,1649.50,32224933,N/A,2025-08-11 19:50:13
10093,9.106471,8.218127,7783.442383,5.00e-05,9225.35,1722.50,32228378,N/A,2025-08-11 19:50:13
10094,5.915349,8.218127,7783.442383,5.00e-05,8922.94,1394.50,32231167,N/A,2025-08-11 19:50:13
10095,6.142900,8.218127,7783.442383,5.00e-05,9157.67,1963.00,32235093,N/A,2025-08-11 19:50:14
10096,7.315658,8.218127,7783.442383,5.00e-05,9313.77,1592.00,32238277,N/A,2025-08-11 19:50:14
10097,5.161887,8.218127,7783.442383,5.00e-05,9348.96,1417.50,32241112,N/A,2025-08-11 19:50:15
10098,5.959241,8.218127,7783.442383,5.00e-05,9038.07,1480.50,32244073,N/A,2025-08-11 19:50:15
10099,8.464945,8.218127,7783.442383,5.00e-05,9191.60,1789.00,32247651,N/A,2025-08-11 19:50:15
10100,8.084055,8.218127,7783.442383,5.00e-05,8712.77,1529.00,32250709,1.0000,2025-08-11 19:50:16
10101,10.051062,8.218127,7783.442383,5.00e-05,7449.97,2024.50,32254758,N/A,2025-08-11 19:50:17
10102,7.564578,8.218127,7783.442383,5.00e-05,7687.11,1986.50,32258731,N/A,2025-08-11 19:50:17
10103,6.195421,8.218127,7783.442383,5.00e-05,7486.07,1230.50,32261192,N/A,2025-08-11 19:50:18
10104,7.582990,8.218127,7783.442383,5.00e-05,7757.19,1907.00,32265006,N/A,2025-08-11 19:50:18
10105,4.502979,8.218127,7783.442383,5.00e-05,7518.28,1433.00,32267872,N/A,2025-08-11 19:50:19
10106,5.436251,8.218127,7783.442383,5.00e-05,7389.47,1295.00,32270462,N/A,2025-08-11 19:50:19
10107,7.074866,8.218127,7783.442383,5.00e-05,7602.18,1807.50,32274077,N/A,2025-08-11 19:50:19
10108,7.119102,8.218127,7783.442383,5.00e-05,7650.84,1491.00,32277059,N/A,2025-08-11 19:50:20
10109,5.689697,8.218127,7783.442383,5.00e-05,7617.99,1358.00,32279775,N/A,2025-08-11 19:50:20
10110,7.830567,8.218127,7783.442383,5.00e-05,9204.62,1513.00,32282801,1.0000,2025-08-11 19:50:21
10111,10.332021,8.218127,7783.442383,5.00e-05,9116.00,1868.50,32286538,N/A,2025-08-11 19:50:21
10112,6.615757,8.218127,7783.442383,5.00e-05,8869.96,1637.00,32289812,N/A,2025-08-11 19:50:21
10113,4.556177,8.218127,7783.442383,5.00e-05,8895.38,1243.00,32292298,N/A,2025-08-11 19:50:22
10114,4.189936,8.218127,7783.442383,5.00e-05,8424.30,1088.50,32294475,N/A,2025-08-11 19:50:22
10115,7.268670,8.218127,7783.442383,5.00e-05,8666.41,1903.00,32298281,N/A,2025-08-11 19:50:22
10116,7.705009,8.218127,7783.442383,5.00e-05,8912.28,1771.00,32301823,N/A,2025-08-11 19:50:23
10117,8.275728,8.218127,7783.442383,5.00e-05,8863.29,1816.50,32305456,N/A,2025-08-11 19:50:23
10118,7.557549,8.218127,7783.442383,5.00e-05,8900.61,1571.00,32308598,N/A,2025-08-11 19:50:24
10119,9.781781,8.218127,7783.442383,5.00e-05,9345.14,1990.50,32312579,N/A,2025-08-11 19:50:24
10120,4.671942,8.218127,7783.442383,5.00e-05,8988.21,1244.50,32315068,1.0000,2025-08-11 19:50:25
10121,7.860649,8.218127,7783.442383,5.00e-05,8797.00,1471.00,32318010,N/A,2025-08-11 19:50:25
10122,7.673850,8.218127,7783.442383,5.00e-05,8864.73,1877.00,32321764,N/A,2025-08-11 19:50:25
10123,4.922206,8.218127,7783.442383,5.00e-05,8768.34,1088.50,32323941,N/A,2025-08-11 19:50:26
10124,8.779138,8.218127,7783.442383,5.00e-05,9320.44,2048.00,32328037,N/A,2025-08-11 19:50:26
10125,9.857688,8.218127,7783.442383,5.00e-05,9198.96,1652.50,32331342,N/A,2025-08-11 19:50:26
10126,5.992260,8.218127,7783.442383,5.00e-05,9252.21,1745.00,32334832,N/A,2025-08-11 19:50:27
10127,8.418099,8.218127,7783.442383,5.00e-05,8951.74,1272.50,32337377,N/A,2025-08-11 19:50:27
10128,7.101156,8.218127,7783.442383,5.00e-05,9057.19,1554.00,32340485,N/A,2025-08-11 19:50:28
10129,5.657804,8.218127,7783.442383,5.00e-05,8811.52,1221.50,32342928,N/A,2025-08-11 19:50:28
10130,4.179182,8.218127,7783.442383,5.00e-05,8661.08,1282.50,32345493,1.0000,2025-08-11 19:50:28
10131,7.593229,8.218127,7783.442383,5.00e-05,8847.42,1800.00,32349093,N/A,2025-08-11 19:50:29
10132,5.512846,8.218127,7783.442383,5.00e-05,8493.45,1247.00,32351587,N/A,2025-08-11 19:50:29
10133,6.449669,8.218127,7783.442383,5.00e-05,8598.01,1330.50,32354248,N/A,2025-08-11 19:50:30
10134,9.720957,8.218127,7783.442383,5.00e-05,8436.86,1767.50,32357783,N/A,2025-08-11 19:50:30
10135,6.003265,8.218127,7783.442383,5.00e-05,8297.93,1438.00,32360659,N/A,2025-08-11 19:50:30
10136,7.505144,8.218127,7783.442383,5.00e-05,8299.81,1749.00,32364157,N/A,2025-08-11 19:50:31
10137,5.703039,8.218127,7783.442383,5.00e-05,8481.74,1565.00,32367287,N/A,2025-08-11 19:50:31
10138,7.350627,8.218127,7783.442383,5.00e-05,8379.20,1449.00,32370185,N/A,2025-08-11 19:50:32
10139,8.367131,8.218127,7783.442383,5.00e-05,8959.17,1907.00,32373999,N/A,2025-08-11 19:50:32
10140,7.210736,8.218127,7783.442383,5.00e-05,9183.29,2048.00,32378095,1.0000,2025-08-11 19:50:32
10141,6.032158,8.218127,7783.442383,5.00e-05,8998.56,1477.00,32381049,N/A,2025-08-11 19:50:33
10142,9.098898,8.218127,7783.442383,5.00e-05,9227.50,1837.50,32384724,N/A,2025-08-11 19:50:33
10143,10.389454,8.218127,7783.442383,5.00e-05,9600.67,1987.00,32388698,N/A,2025-08-11 19:50:34
10144,5.852272,8.218127,7783.442383,5.00e-05,9359.48,1306.00,32391310,N/A,2025-08-11 19:50:34
10145,7.988291,8.218127,7783.442383,5.00e-05,9598.45,1871.00,32395052,N/A,2025-08-11 19:50:34
10146,5.253240,8.218127,7783.442383,5.00e-05,9380.15,1347.00,32397746,N/A,2025-08-11 19:50:35
10147,9.138769,8.218127,7783.442383,5.00e-05,9553.76,1775.50,32401297,N/A,2025-08-11 19:50:35
10148,4.842378,8.218127,7783.442383,5.00e-05,9391.36,1168.00,32403633,N/A,2025-08-11 19:50:35
10149,5.569264,8.218127,7783.442383,5.00e-05,9152.53,1155.50,32405944,N/A,2025-08-11 19:50:36
10150,9.614129,8.218127,7783.442383,5.00e-05,8917.94,1921.00,32409786,1.0000,2025-08-11 19:50:36
10151,7.385559,8.218127,7783.442383,5.00e-05,9217.34,1763.50,32413313,N/A,2025-08-11 19:50:37
10152,6.754697,8.218127,7783.442383,5.00e-05,8860.63,1338.50,32415990,N/A,2025-08-11 19:50:37
10153,6.328347,8.218127,7783.442383,5.00e-05,8720.24,1872.00,32419734,N/A,2025-08-11 19:50:37
10154,7.670165,8.218127,7783.442383,5.00e-05,8773.98,1402.00,32422538,N/A,2025-08-11 19:50:38
10155,4.997872,8.218127,7783.442383,5.00e-05,8513.90,1395.00,32425328,N/A,2025-08-11 19:50:38
10156,6.945558,8.218127,7783.442383,5.00e-05,8757.56,1775.50,32428879,N/A,2025-08-11 19:50:39
10157,4.329500,8.218127,7783.442383,5.00e-05,8428.83,1179.00,32431237,N/A,2025-08-11 19:50:39
10158,7.508863,8.218127,7783.442383,5.00e-05,8894.96,1845.50,32434928,N/A,2025-08-11 19:50:39
10159,10.049447,8.218127,7783.442383,5.00e-05,9356.18,1753.00,32438434,N/A,2025-08-11 19:50:40
10160,7.035114,8.218127,7783.442383,5.00e-05,9097.91,1783.00,32442000,1.0000,2025-08-11 19:50:40
10161,5.398890,8.218127,7783.442383,5.00e-05,7474.69,1094.00,32444188,N/A,2025-08-11 19:50:41
10162,7.231771,8.218127,7783.442383,5.00e-05,7683.17,1712.50,32447613,N/A,2025-08-11 19:50:42
10163,8.030889,8.218127,7783.442383,5.00e-05,7613.22,1816.00,32451245,N/A,2025-08-11 19:50:42
10164,8.293103,8.218127,7783.442383,5.00e-05,7868.27,2002.00,32455249,N/A,2025-08-11 19:50:42
10165,7.102070,8.218127,7783.442383,5.00e-05,7927.98,1630.50,32458510,N/A,2025-08-11 19:50:43
10166,7.156895,8.218127,7783.442383,5.00e-05,7845.86,1663.00,32461836,N/A,2025-08-11 19:50:43
10167,6.152779,8.218127,7783.442383,5.00e-05,8075.46,1657.50,32465151,N/A,2025-08-11 19:50:44
10168,7.729827,8.218127,7783.442383,5.00e-05,7897.79,1416.00,32467983,N/A,2025-08-11 19:50:44
10169,6.822473,8.218127,7783.442383,5.00e-05,7703.99,1103.00,32470189,N/A,2025-08-11 19:50:44
10170,8.670787,8.218127,7783.442383,5.00e-05,8743.99,1736.50,32473662,1.0000,2025-08-11 19:50:45
10171,4.887227,8.218127,7783.442383,5.00e-05,8843.89,1231.00,32476124,N/A,2025-08-11 19:50:45
10172,6.162495,8.218127,7783.442383,5.00e-05,8581.03,1136.00,32478396,N/A,2025-08-11 19:50:46
10173,7.698180,8.218127,7783.442383,5.00e-05,8578.09,1764.00,32481924,N/A,2025-08-11 19:50:46
10174,5.313725,8.218127,7783.442383,5.00e-05,8227.84,1260.00,32484444,N/A,2025-08-11 19:50:46
10175,7.597674,8.218127,7783.442383,5.00e-05,8391.32,1857.00,32488158,N/A,2025-08-11 19:50:47
10176,5.399116,8.218127,7783.442383,5.00e-05,8242.42,1426.50,32491011,N/A,2025-08-11 19:50:47
10177,8.920141,8.218127,7783.442383,5.00e-05,8361.03,1928.50,32494868,N/A,2025-08-11 19:50:48
10178,8.179255,8.218127,7783.442383,5.00e-05,8665.96,1973.50,32498815,N/A,2025-08-11 19:50:48
10179,8.217046,8.218127,7783.442383,5.00e-05,9349.67,1877.50,32502570,N/A,2025-08-11 19:50:48
10180,6.630732,8.218127,7783.442383,5.00e-05,9010.95,1445.50,32505461,1.0000,2025-08-11 19:50:49
10181,5.710578,8.218127,7783.442383,5.00e-05,9214.78,1583.00,32508627,N/A,2025-08-11 19:50:49
10182,7.518325,8.218127,7783.442383,5.00e-05,9246.84,1185.50,32510998,N/A,2025-08-11 19:50:50
10183,4.670300,8.218127,7783.442383,5.00e-05,9312.61,1898.00,32514794,N/A,2025-08-11 19:50:50
10184,5.722021,8.218127,7783.442383,5.00e-05,9524.45,1635.50,32518065,N/A,2025-08-11 19:50:50
10185,8.155824,8.218127,7783.442383,5.00e-05,9348.72,1514.50,32521094,N/A,2025-08-11 19:50:51
10186,9.938843,8.218127,7783.442383,5.00e-05,9564.46,1810.50,32524715,N/A,2025-08-11 19:50:51
10187,7.262315,8.218127,7783.442383,5.00e-05,9566.54,1948.00,32528611,N/A,2025-08-11 19:50:51
10188,8.426569,8.218127,7783.442383,5.00e-05,9481.09,1712.00,32532035,N/A,2025-08-11 19:50:52
10189,7.216856,8.218127,7783.442383,5.00e-05,9586.05,1776.00,32535587,N/A,2025-08-11 19:50:52
10190,8.556921,8.218127,7783.442383,5.00e-05,9308.15,1578.50,32538744,1.0000,2025-08-11 19:50:53
10191,8.035219,8.218127,7783.442383,5.00e-05,9431.39,1868.50,32542481,N/A,2025-08-11 19:50:53
10192,7.273495,8.218127,7783.442383,5.00e-05,9742.57,1712.00,32545905,N/A,2025-08-11 19:50:53
10193,7.888195,8.218127,7783.442383,5.00e-05,9635.34,1798.00,32549501,N/A,2025-08-11 19:50:54
10194,7.894249,8.218127,7783.442383,5.00e-05,9841.90,2048.00,32553597,N/A,2025-08-11 19:50:54
10195,5.045966,8.218127,7783.442383,5.00e-05,9623.86,1043.00,32555683,N/A,2025-08-11 19:50:55
10196,5.955995,8.218127,7783.442383,5.00e-05,9348.64,1369.00,32558421,N/A,2025-08-11 19:50:55
10197,6.571445,8.218127,7783.442383,5.00e-05,8981.64,1318.00,32561057,N/A,2025-08-11 19:50:55
10198,7.423376,8.218127,7783.442383,5.00e-05,9104.84,1912.00,32564881,N/A,2025-08-11 19:50:56
10199,6.588833,8.218127,7783.442383,5.00e-05,9253.27,1466.50,32567814,N/A,2025-08-11 19:50:56
10200,8.174299,8.218127,7783.442383,5.00e-05,9321.40,1914.50,32571643,1.0000,2025-08-11 19:50:57
