step,train_loss,val_loss,val_perplexity,learning_rate,tokens_per_sec,total_tokens,grad_norm,timestamp
0,11.998807,N/A,N/A,2.50e-07,0.00,4096,N/A,2025-07-14 11:57:51
1,11.998334,N/A,N/A,5.00e-07,440.76,8192,N/A,2025-07-14 11:58:10
2,11.854810,N/A,N/A,7.50e-07,655.56,12288,N/A,2025-07-14 11:58:10
3,12.002942,N/A,N/A,1.00e-06,866.72,16384,N/A,2025-07-14 11:58:10
4,12.051015,N/A,N/A,1.25e-06,1074.24,20480,N/A,2025-07-14 11:58:10
5,11.927760,N/A,N/A,1.50e-06,1278.31,24576,N/A,2025-07-14 11:58:10
6,11.825562,N/A,N/A,1.75e-06,1478.99,28672,N/A,2025-07-14 11:58:11
7,11.904724,N/A,N/A,2.00e-06,1676.25,32768,N/A,2025-07-14 11:58:11
8,11.769156,N/A,N/A,2.25e-06,1870.59,36864,N/A,2025-07-14 11:58:11
9,11.912011,N/A,N/A,2.50e-06,2061.47,40960,N/A,2025-07-14 11:58:11
10,11.848478,N/A,N/A,2.75e-06,27669.51,45056,1.0000,2025-07-14 11:58:11
11,11.933163,N/A,N/A,3.00e-06,27586.45,49152,N/A,2025-07-14 11:58:11
12,11.661439,N/A,N/A,3.25e-06,27548.25,53248,N/A,2025-07-14 11:58:12
13,11.764057,N/A,N/A,3.50e-06,27587.67,57344,N/A,2025-07-14 11:58:12
14,11.771378,N/A,N/A,3.75e-06,27615.50,61440,N/A,2025-07-14 11:58:12
15,11.962049,N/A,N/A,4.00e-06,27458.29,65536,N/A,2025-07-14 11:58:12
16,11.759356,N/A,N/A,4.25e-06,27430.39,69632,N/A,2025-07-14 11:58:12
17,11.573290,N/A,N/A,4.50e-06,27142.91,73728,N/A,2025-07-14 11:58:12
18,11.257096,N/A,N/A,4.75e-06,27151.28,77824,N/A,2025-07-14 11:58:13
19,11.383576,N/A,N/A,5.00e-06,27627.31,81920,N/A,2025-07-14 11:58:13
20,11.383148,N/A,N/A,5.25e-06,26746.92,86016,1.0000,2025-07-14 11:58:13
21,11.156726,N/A,N/A,5.50e-06,26702.37,90112,N/A,2025-07-14 11:58:13
22,11.325561,N/A,N/A,5.75e-06,26696.53,94208,N/A,2025-07-14 11:58:13
23,11.687500,N/A,N/A,6.00e-06,26261.42,98304,N/A,2025-07-14 11:58:13
24,11.423657,N/A,N/A,6.25e-06,26460.73,102400,N/A,2025-07-14 11:58:14
25,10.624186,N/A,N/A,6.50e-06,26518.34,106496,N/A,2025-07-14 11:58:14
26,11.073838,N/A,N/A,6.75e-06,26783.53,110592,N/A,2025-07-14 11:58:14
27,10.850036,N/A,N/A,7.00e-06,26796.68,114688,N/A,2025-07-14 11:58:14
28,11.930166,N/A,N/A,7.25e-06,26979.92,118784,N/A,2025-07-14 11:58:14
29,12.142603,N/A,N/A,7.50e-06,27877.90,122880,N/A,2025-07-14 11:58:14
30,11.503931,N/A,N/A,7.75e-06,27218.09,126976,1.0000,2025-07-14 11:58:15
31,11.684399,N/A,N/A,8.00e-06,27185.16,131072,N/A,2025-07-14 11:58:15
32,12.220704,N/A,N/A,8.25e-06,27652.74,135168,N/A,2025-07-14 11:58:15
33,12.713225,N/A,N/A,8.50e-06,27616.11,139264,N/A,2025-07-14 11:58:15
34,12.468844,N/A,N/A,8.75e-06,27598.99,143360,N/A,2025-07-14 11:58:15
35,12.242658,N/A,N/A,9.00e-06,27418.49,147456,N/A,2025-07-14 11:58:15
36,12.008619,N/A,N/A,9.25e-06,27442.68,151552,N/A,2025-07-14 11:58:16
37,11.505296,N/A,N/A,9.50e-06,27441.54,155648,N/A,2025-07-14 11:58:16
38,11.321735,N/A,N/A,9.75e-06,27451.29,159744,N/A,2025-07-14 11:58:16
39,11.703972,N/A,N/A,1.00e-05,28148.60,163840,N/A,2025-07-14 11:58:16
40,11.409328,N/A,N/A,1.03e-05,27240.81,167936,1.0000,2025-07-14 11:58:16
41,11.017177,N/A,N/A,1.05e-05,27026.75,172032,N/A,2025-07-14 11:58:16
42,11.444584,N/A,N/A,1.08e-05,27013.21,176128,N/A,2025-07-14 11:58:17
43,10.476247,N/A,N/A,1.10e-05,27057.21,180224,N/A,2025-07-14 11:58:17
44,11.442230,N/A,N/A,1.13e-05,27028.15,184320,N/A,2025-07-14 11:58:17
45,9.921149,N/A,N/A,1.15e-05,26943.70,188416,N/A,2025-07-14 11:58:17
46,10.308825,N/A,N/A,1.18e-05,26813.40,192512,N/A,2025-07-14 11:58:17
47,10.366609,N/A,N/A,1.20e-05,26802.77,196608,N/A,2025-07-14 11:58:17
48,10.403602,N/A,N/A,1.22e-05,26816.20,200704,N/A,2025-07-14 11:58:18
49,10.238657,N/A,N/A,1.25e-05,27624.16,204800,N/A,2025-07-14 11:58:18
50,9.945923,N/A,N/A,1.28e-05,26964.90,208896,1.0000,2025-07-14 11:58:18
51,10.741931,N/A,N/A,1.30e-05,26999.00,212992,N/A,2025-07-14 11:58:18
52,10.361235,N/A,N/A,1.33e-05,26968.08,217088,N/A,2025-07-14 11:58:18
53,9.860639,N/A,N/A,1.35e-05,27096.91,221184,N/A,2025-07-14 11:58:18
54,9.967906,N/A,N/A,1.38e-05,27146.44,225280,N/A,2025-07-14 11:58:19
55,9.732230,N/A,N/A,1.40e-05,27231.18,229376,N/A,2025-07-14 11:58:19
56,7.747743,N/A,N/A,1.42e-05,27071.47,233472,N/A,2025-07-14 11:58:19
57,9.689332,N/A,N/A,1.45e-05,27091.19,237568,N/A,2025-07-14 11:58:19
58,9.176193,N/A,N/A,1.47e-05,27145.40,241664,N/A,2025-07-14 11:58:19
59,9.765869,N/A,N/A,1.50e-05,27953.96,245760,N/A,2025-07-14 11:58:19
60,10.736918,N/A,N/A,1.52e-05,27218.41,249856,1.0000,2025-07-14 11:58:20
61,10.747296,N/A,N/A,1.55e-05,27221.11,253952,N/A,2025-07-14 11:58:20
62,10.416455,N/A,N/A,1.57e-05,27329.64,258048,N/A,2025-07-14 11:58:20
63,9.036141,N/A,N/A,1.60e-05,27205.97,262144,N/A,2025-07-14 11:58:20
64,8.528312,N/A,N/A,1.63e-05,27234.09,266240,N/A,2025-07-14 11:58:20
65,10.150488,N/A,N/A,1.65e-05,27424.86,270336,N/A,2025-07-14 11:58:20
66,10.182349,N/A,N/A,1.68e-05,27385.15,274432,N/A,2025-07-14 11:58:21
67,9.583532,N/A,N/A,1.70e-05,27403.18,278528,N/A,2025-07-14 11:58:21
68,10.361964,N/A,N/A,1.73e-05,27501.93,282624,N/A,2025-07-14 11:58:21
69,9.228643,N/A,N/A,1.75e-05,28150.99,286720,N/A,2025-07-14 11:58:21
70,9.071662,N/A,N/A,1.78e-05,27478.22,290816,1.0000,2025-07-14 11:58:21
71,9.348851,N/A,N/A,1.80e-05,27456.51,294912,N/A,2025-07-14 11:58:21
72,9.621280,N/A,N/A,1.82e-05,27573.08,299008,N/A,2025-07-14 11:58:22
73,9.395000,N/A,N/A,1.85e-05,27634.68,303104,N/A,2025-07-14 11:58:22
74,8.533268,N/A,N/A,1.88e-05,27658.82,307200,N/A,2025-07-14 11:58:22
75,9.187340,N/A,N/A,1.90e-05,27688.07,311296,N/A,2025-07-14 11:58:22
76,9.770226,N/A,N/A,1.93e-05,27691.90,315392,N/A,2025-07-14 11:58:22
77,8.498305,N/A,N/A,1.95e-05,27654.83,319488,N/A,2025-07-14 11:58:22
78,7.204246,N/A,N/A,1.98e-05,27682.58,323584,N/A,2025-07-14 11:58:23
79,7.029202,N/A,N/A,2.00e-05,28269.96,327680,N/A,2025-07-14 11:58:23
80,9.514924,N/A,N/A,2.02e-05,27594.14,331776,1.0000,2025-07-14 11:58:23
81,10.586094,N/A,N/A,2.05e-05,27563.69,335872,N/A,2025-07-14 11:58:23
82,10.080831,N/A,N/A,2.07e-05,27505.93,339968,N/A,2025-07-14 11:58:23
83,5.940329,N/A,N/A,2.10e-05,27512.64,344064,N/A,2025-07-14 11:58:23
84,7.445622,N/A,N/A,2.13e-05,27524.67,348160,N/A,2025-07-14 11:58:24
85,10.344666,N/A,N/A,2.15e-05,27517.02,352256,N/A,2025-07-14 11:58:24
86,6.537449,N/A,N/A,2.18e-05,27563.70,356352,N/A,2025-07-14 11:58:24
87,8.052913,N/A,N/A,2.20e-05,27589.63,360448,N/A,2025-07-14 11:58:24
88,7.912580,N/A,N/A,2.22e-05,27636.64,364544,N/A,2025-07-14 11:58:24
89,7.570283,N/A,N/A,2.25e-05,28250.10,368640,N/A,2025-07-14 11:58:24
90,8.828794,N/A,N/A,2.28e-05,27567.30,372736,1.0000,2025-07-14 11:58:25
91,8.097178,N/A,N/A,2.30e-05,27590.58,376832,N/A,2025-07-14 11:58:25
92,9.080953,N/A,N/A,2.33e-05,27518.90,380928,N/A,2025-07-14 11:58:25
93,3.527866,N/A,N/A,2.35e-05,27519.29,385024,N/A,2025-07-14 11:58:25
94,5.961687,N/A,N/A,2.37e-05,27547.30,389120,N/A,2025-07-14 11:58:25
95,8.616446,N/A,N/A,2.40e-05,27513.73,393216,N/A,2025-07-14 11:58:25
96,5.588860,N/A,N/A,2.42e-05,27575.16,397312,N/A,2025-07-14 11:58:25
97,7.383296,N/A,N/A,2.45e-05,27610.70,401408,N/A,2025-07-14 11:58:26
98,6.295467,N/A,N/A,2.48e-05,27553.02,405504,N/A,2025-07-14 11:58:26
99,7.939666,N/A,N/A,2.50e-05,28324.55,409600,N/A,2025-07-14 11:58:26
100,7.246737,N/A,N/A,2.53e-05,27735.17,413696,1.0000,2025-07-14 11:58:26
101,7.563162,N/A,N/A,2.55e-05,21214.63,417792,N/A,2025-07-14 11:58:27
102,8.902523,N/A,N/A,2.57e-05,21205.99,421888,N/A,2025-07-14 11:58:27
103,5.989516,N/A,N/A,2.60e-05,21230.72,425984,N/A,2025-07-14 11:58:27
104,10.014466,N/A,N/A,2.63e-05,21248.05,430080,N/A,2025-07-14 11:58:27
105,8.003839,N/A,N/A,2.65e-05,21217.19,434176,N/A,2025-07-14 11:58:27
106,7.927168,N/A,N/A,2.68e-05,21250.64,438272,N/A,2025-07-14 11:58:28
107,4.938817,N/A,N/A,2.70e-05,21214.99,442368,N/A,2025-07-14 11:58:28
108,7.255357,N/A,N/A,2.72e-05,21142.98,446464,N/A,2025-07-14 11:58:28
109,5.866261,N/A,N/A,2.75e-05,21359.57,450560,N/A,2025-07-14 11:58:28
110,9.428259,N/A,N/A,2.77e-05,27374.46,454656,1.0000,2025-07-14 11:58:28
111,9.990511,N/A,N/A,2.80e-05,27434.14,458752,N/A,2025-07-14 11:58:28
112,7.924961,N/A,N/A,2.83e-05,27403.17,462848,N/A,2025-07-14 11:58:29
113,9.280624,N/A,N/A,2.85e-05,27330.52,466944,N/A,2025-07-14 11:58:29
114,9.602118,N/A,N/A,2.87e-05,27147.15,471040,N/A,2025-07-14 11:58:29
115,6.729084,N/A,N/A,2.90e-05,27111.67,475136,N/A,2025-07-14 11:58:29
116,7.023141,N/A,N/A,2.92e-05,27335.22,479232,N/A,2025-07-14 11:58:29
117,7.276407,N/A,N/A,2.95e-05,27451.21,483328,N/A,2025-07-14 11:58:29
118,6.796555,N/A,N/A,2.98e-05,27689.13,487424,N/A,2025-07-14 11:58:30
119,7.541322,N/A,N/A,3.00e-05,28347.30,491520,N/A,2025-07-14 11:58:30
120,5.827870,N/A,N/A,3.03e-05,27639.17,495616,1.0000,2025-07-14 11:58:30
121,5.007565,N/A,N/A,3.05e-05,27188.03,499712,N/A,2025-07-14 11:58:30
122,7.378026,N/A,N/A,3.08e-05,27245.22,503808,N/A,2025-07-14 11:58:30
123,7.549949,N/A,N/A,3.10e-05,27434.48,507904,N/A,2025-07-14 11:58:30
124,8.357687,N/A,N/A,3.13e-05,27417.79,512000,N/A,2025-07-14 11:58:31
125,10.298748,N/A,N/A,3.15e-05,27197.57,516096,N/A,2025-07-14 11:58:31
126,6.253247,N/A,N/A,3.18e-05,26999.18,520192,N/A,2025-07-14 11:58:31
127,8.357424,N/A,N/A,3.20e-05,26903.92,524288,N/A,2025-07-14 11:58:31
128,8.427836,N/A,N/A,3.22e-05,26935.86,528384,N/A,2025-07-14 11:58:31
129,8.205909,N/A,N/A,3.25e-05,27493.99,532480,N/A,2025-07-14 11:58:31
130,8.319412,N/A,N/A,3.28e-05,27260.00,536576,1.0000,2025-07-14 11:58:32
131,7.859377,N/A,N/A,3.30e-05,27198.38,540672,N/A,2025-07-14 11:58:32
132,8.555795,N/A,N/A,3.33e-05,27164.14,544768,N/A,2025-07-14 11:58:32
133,7.316143,N/A,N/A,3.35e-05,27162.15,548864,N/A,2025-07-14 11:58:32
134,8.232081,N/A,N/A,3.38e-05,27237.39,552960,N/A,2025-07-14 11:58:32
135,2.850629,N/A,N/A,3.40e-05,27465.26,557056,N/A,2025-07-14 11:58:32
136,6.835012,N/A,N/A,3.42e-05,27060.04,561152,N/A,2025-07-14 11:58:33
137,9.350231,N/A,N/A,3.45e-05,27052.47,565248,N/A,2025-07-14 11:58:33
138,8.995063,N/A,N/A,3.48e-05,27079.34,569344,N/A,2025-07-14 11:58:33
139,6.735375,N/A,N/A,3.50e-05,27651.70,573440,N/A,2025-07-14 11:58:33
140,9.781724,N/A,N/A,3.53e-05,27051.23,577536,1.0000,2025-07-14 11:58:33
141,7.654246,N/A,N/A,3.55e-05,27024.88,581632,N/A,2025-07-14 11:58:33
142,7.742648,N/A,N/A,3.58e-05,26957.97,585728,N/A,2025-07-14 11:58:34
143,5.250545,N/A,N/A,3.60e-05,26994.18,589824,N/A,2025-07-14 11:58:34
144,6.013575,N/A,N/A,3.63e-05,26968.32,593920,N/A,2025-07-14 11:58:34
145,7.797699,N/A,N/A,3.65e-05,27469.70,598016,N/A,2025-07-14 11:58:34
146,6.181844,N/A,N/A,3.68e-05,27413.07,602112,N/A,2025-07-14 11:58:34
147,6.708516,N/A,N/A,3.70e-05,27469.04,606208,N/A,2025-07-14 11:58:34
148,7.594259,N/A,N/A,3.72e-05,27601.28,610304,N/A,2025-07-14 11:58:35
149,6.419043,N/A,N/A,3.75e-05,28160.87,614400,N/A,2025-07-14 11:58:35
150,6.540015,N/A,N/A,3.78e-05,27341.91,618496,1.0000,2025-07-14 11:58:35
151,5.670021,N/A,N/A,3.80e-05,27335.10,622592,N/A,2025-07-14 11:58:35
152,7.394093,N/A,N/A,3.83e-05,27081.41,626688,N/A,2025-07-14 11:58:35
153,5.650618,N/A,N/A,3.85e-05,27067.27,630784,N/A,2025-07-14 11:58:35
154,6.290755,N/A,N/A,3.87e-05,26994.76,634880,N/A,2025-07-14 11:58:36
155,6.476789,N/A,N/A,3.90e-05,26599.31,638976,N/A,2025-07-14 11:58:36
156,3.761800,N/A,N/A,3.93e-05,26571.78,643072,N/A,2025-07-14 11:58:36
157,7.378581,N/A,N/A,3.95e-05,26550.65,647168,N/A,2025-07-14 11:58:36
158,8.177968,N/A,N/A,3.98e-05,26512.55,651264,N/A,2025-07-14 11:58:36
159,4.031426,N/A,N/A,4.00e-05,27382.53,655360,N/A,2025-07-14 11:58:36
160,9.006829,N/A,N/A,4.03e-05,26852.96,659456,1.0000,2025-07-14 11:58:37
161,7.071177,N/A,N/A,4.05e-05,26958.81,663552,N/A,2025-07-14 11:58:37
162,6.479781,N/A,N/A,4.08e-05,27011.37,667648,N/A,2025-07-14 11:58:37
163,3.041606,N/A,N/A,4.10e-05,27106.57,671744,N/A,2025-07-14 11:58:37
164,7.344231,N/A,N/A,4.12e-05,27609.51,675840,N/A,2025-07-14 11:58:37
165,6.513004,N/A,N/A,4.15e-05,27624.53,679936,N/A,2025-07-14 11:58:37
166,5.868745,N/A,N/A,4.17e-05,27653.91,684032,N/A,2025-07-14 11:58:38
167,3.951077,N/A,N/A,4.20e-05,27834.58,688128,N/A,2025-07-14 11:58:38
168,3.346708,N/A,N/A,4.23e-05,27881.14,692224,N/A,2025-07-14 11:58:38
169,5.892280,N/A,N/A,4.25e-05,28583.38,696320,N/A,2025-07-14 11:58:38
170,5.792702,N/A,N/A,4.28e-05,28127.95,700416,1.0000,2025-07-14 11:58:38
171,6.880779,N/A,N/A,4.30e-05,28057.38,704512,N/A,2025-07-14 11:58:38
172,6.129405,N/A,N/A,4.33e-05,28066.74,708608,N/A,2025-07-14 11:58:39
173,7.709895,N/A,N/A,4.35e-05,28065.89,712704,N/A,2025-07-14 11:58:39
174,5.830578,N/A,N/A,4.38e-05,27958.16,716800,N/A,2025-07-14 11:58:39
175,3.253674,N/A,N/A,4.40e-05,27956.92,720896,N/A,2025-07-14 11:58:39
176,6.603838,N/A,N/A,4.42e-05,27964.93,724992,N/A,2025-07-14 11:58:39
177,5.576813,N/A,N/A,4.45e-05,27834.98,729088,N/A,2025-07-14 11:58:39
178,4.561469,N/A,N/A,4.47e-05,27866.51,733184,N/A,2025-07-14 11:58:40
179,6.676704,N/A,N/A,4.50e-05,28563.76,737280,N/A,2025-07-14 11:58:40
180,6.049814,N/A,N/A,4.53e-05,27423.74,741376,1.0000,2025-07-14 11:58:40
181,3.671089,N/A,N/A,4.55e-05,27362.66,745472,N/A,2025-07-14 11:58:40
182,5.285503,N/A,N/A,4.58e-05,27372.88,749568,N/A,2025-07-14 11:58:40
183,7.028598,N/A,N/A,4.60e-05,27477.45,753664,N/A,2025-07-14 11:58:40
184,2.231989,N/A,N/A,4.63e-05,27406.92,757760,N/A,2025-07-14 11:58:41
185,6.493973,N/A,N/A,4.65e-05,27282.56,761856,N/A,2025-07-14 11:58:41
186,5.935299,N/A,N/A,4.68e-05,27317.37,765952,N/A,2025-07-14 11:58:41
187,4.062597,N/A,N/A,4.70e-05,27248.00,770048,N/A,2025-07-14 11:58:41
188,6.520879,N/A,N/A,4.73e-05,27143.47,774144,N/A,2025-07-14 11:58:41
189,6.065115,N/A,N/A,4.75e-05,28247.98,778240,N/A,2025-07-14 11:58:41
190,4.956249,N/A,N/A,4.78e-05,27651.18,782336,1.0000,2025-07-14 11:58:42
191,6.368301,N/A,N/A,4.80e-05,27607.06,786432,N/A,2025-07-14 11:58:42
192,6.143805,N/A,N/A,4.83e-05,27643.87,790528,N/A,2025-07-14 11:58:42
193,6.451355,N/A,N/A,4.85e-05,27703.56,794624,N/A,2025-07-14 11:58:42
194,4.473190,N/A,N/A,4.87e-05,27834.06,798720,N/A,2025-07-14 11:58:42
195,6.313832,N/A,N/A,4.90e-05,27925.56,802816,N/A,2025-07-14 11:58:42
196,6.283396,N/A,N/A,4.93e-05,27985.30,806912,N/A,2025-07-14 11:58:43
197,5.555868,N/A,N/A,4.95e-05,28062.06,811008,N/A,2025-07-14 11:58:43
198,5.445312,N/A,N/A,4.98e-05,28083.26,815104,N/A,2025-07-14 11:58:43
199,6.207129,N/A,N/A,5.00e-05,28676.74,819200,N/A,2025-07-14 11:58:43
200,5.629576,N/A,N/A,5.00e-05,27480.67,823296,1.0000,2025-07-14 11:58:43
201,5.035941,N/A,N/A,5.00e-05,21623.93,827392,N/A,2025-07-14 11:58:44
202,6.765065,N/A,N/A,5.00e-05,21292.26,831488,N/A,2025-07-14 11:58:44
203,5.963515,N/A,N/A,5.00e-05,21228.74,835584,N/A,2025-07-14 11:58:44
204,6.980391,N/A,N/A,5.00e-05,21153.44,839680,N/A,2025-07-14 11:58:44
205,7.315586,N/A,N/A,5.00e-05,21144.10,843776,N/A,2025-07-14 11:58:44
206,4.561155,N/A,N/A,5.00e-05,21108.06,847872,N/A,2025-07-14 11:58:45
207,8.001167,N/A,N/A,5.00e-05,21140.09,851968,N/A,2025-07-14 11:58:45
208,3.494093,N/A,N/A,5.00e-05,21149.18,856064,N/A,2025-07-14 11:58:45
209,5.647088,N/A,N/A,5.00e-05,21774.64,860160,N/A,2025-07-14 11:58:45
210,6.618286,N/A,N/A,5.00e-05,27042.09,864256,1.0000,2025-07-14 11:58:45
211,5.762532,N/A,N/A,5.00e-05,27045.24,868352,N/A,2025-07-14 11:58:45
212,7.657360,N/A,N/A,5.00e-05,27179.28,872448,N/A,2025-07-14 11:58:46
213,6.111167,N/A,N/A,5.00e-05,27259.21,876544,N/A,2025-07-14 11:58:46
214,6.318264,N/A,N/A,5.00e-05,27097.70,880640,N/A,2025-07-14 11:58:46
215,5.333156,N/A,N/A,5.00e-05,27132.54,884736,N/A,2025-07-14 11:58:46
216,6.898193,N/A,N/A,5.00e-05,27097.53,888832,N/A,2025-07-14 11:58:46
217,7.003159,N/A,N/A,5.00e-05,27083.07,892928,N/A,2025-07-14 11:58:46
218,4.009218,N/A,N/A,5.00e-05,27249.23,897024,N/A,2025-07-14 11:58:47
219,5.095943,N/A,N/A,5.00e-05,27928.03,901120,N/A,2025-07-14 11:58:47
220,6.772085,N/A,N/A,5.00e-05,27719.32,905216,1.0000,2025-07-14 11:58:47
221,6.282331,N/A,N/A,5.00e-05,27594.03,909312,N/A,2025-07-14 11:58:47
222,5.890006,N/A,N/A,5.00e-05,27517.62,913408,N/A,2025-07-14 11:58:47
223,6.038017,N/A,N/A,5.00e-05,27638.89,917504,N/A,2025-07-14 11:58:47
224,6.660078,N/A,N/A,5.00e-05,27517.58,921600,N/A,2025-07-14 11:58:48
225,7.250908,N/A,N/A,5.00e-05,27433.74,925696,N/A,2025-07-14 11:58:48
226,5.256183,N/A,N/A,5.00e-05,27347.76,929792,N/A,2025-07-14 11:58:48
227,5.970067,N/A,N/A,5.00e-05,27272.10,933888,N/A,2025-07-14 11:58:48
228,7.528622,N/A,N/A,5.00e-05,27275.08,937984,N/A,2025-07-14 11:58:48
229,6.828256,N/A,N/A,5.00e-05,27832.72,942080,N/A,2025-07-14 11:58:48
230,6.740040,N/A,N/A,5.00e-05,27188.83,946176,1.0000,2025-07-14 11:58:49
231,6.538001,N/A,N/A,5.00e-05,27166.65,950272,N/A,2025-07-14 11:58:49
232,6.787581,N/A,N/A,5.00e-05,27187.83,954368,N/A,2025-07-14 11:58:49
233,6.836396,N/A,N/A,5.00e-05,27390.75,958464,N/A,2025-07-14 11:58:49
234,6.095713,N/A,N/A,5.00e-05,26957.78,962560,N/A,2025-07-14 11:58:49
235,3.934410,N/A,N/A,5.00e-05,26971.79,966656,N/A,2025-07-14 11:58:49
236,6.066535,N/A,N/A,5.00e-05,26935.66,970752,N/A,2025-07-14 11:58:50
237,5.937378,N/A,N/A,5.00e-05,26829.99,974848,N/A,2025-07-14 11:58:50
238,7.595904,N/A,N/A,5.00e-05,26753.67,978944,N/A,2025-07-14 11:58:50
239,7.314960,N/A,N/A,5.00e-05,27295.09,983040,N/A,2025-07-14 11:58:50
240,6.815563,N/A,N/A,5.00e-05,26609.57,987136,1.0000,2025-07-14 11:58:50
241,4.612042,N/A,N/A,5.00e-05,26556.72,991232,N/A,2025-07-14 11:58:50
242,6.914963,N/A,N/A,5.00e-05,26428.20,995328,N/A,2025-07-14 11:58:51
243,5.656213,N/A,N/A,5.00e-05,26806.48,999424,N/A,2025-07-14 11:58:51
244,6.180383,N/A,N/A,5.00e-05,26880.09,1003520,N/A,2025-07-14 11:58:51
245,5.920269,N/A,N/A,5.00e-05,26731.00,1007616,N/A,2025-07-14 11:58:51
246,7.074341,N/A,N/A,5.00e-05,26836.21,1011712,N/A,2025-07-14 11:58:51
247,3.452229,N/A,N/A,5.00e-05,26957.96,1015808,N/A,2025-07-14 11:58:51
248,3.698257,N/A,N/A,5.00e-05,26755.20,1019904,N/A,2025-07-14 11:58:52
249,3.615974,N/A,N/A,5.00e-05,27136.78,1024000,N/A,2025-07-14 11:58:52
250,3.254113,N/A,N/A,5.00e-05,26344.09,1028096,1.0000,2025-07-14 11:58:52
251,4.234737,N/A,N/A,5.00e-05,26193.76,1032192,N/A,2025-07-14 11:58:52
252,7.250966,N/A,N/A,5.00e-05,25836.86,1036288,N/A,2025-07-14 11:58:52
253,6.214438,N/A,N/A,5.00e-05,25493.80,1040384,N/A,2025-07-14 11:58:53
254,6.713901,N/A,N/A,5.00e-05,25467.29,1044480,N/A,2025-07-14 11:58:53
255,4.503197,N/A,N/A,5.00e-05,25345.37,1048576,N/A,2025-07-14 11:58:53
256,6.057100,N/A,N/A,5.00e-05,25393.92,1052672,N/A,2025-07-14 11:58:53
257,7.340692,N/A,N/A,5.00e-05,25625.39,1056768,N/A,2025-07-14 11:58:53
258,7.799859,N/A,N/A,5.00e-05,25891.36,1060864,N/A,2025-07-14 11:58:53
259,6.008375,N/A,N/A,5.00e-05,26628.23,1064960,N/A,2025-07-14 11:58:54
260,3.553694,N/A,N/A,5.00e-05,26176.67,1069056,1.0000,2025-07-14 11:58:54
261,4.613667,N/A,N/A,5.00e-05,26452.18,1073152,N/A,2025-07-14 11:58:54
262,4.937594,N/A,N/A,5.00e-05,26792.41,1077248,N/A,2025-07-14 11:58:54
263,6.843110,N/A,N/A,5.00e-05,26993.63,1081344,N/A,2025-07-14 11:58:54
264,7.032406,N/A,N/A,5.00e-05,27057.69,1085440,N/A,2025-07-14 11:58:54
265,5.927453,N/A,N/A,5.00e-05,27077.47,1089536,N/A,2025-07-14 11:58:55
266,3.550292,N/A,N/A,5.00e-05,27077.41,1093632,N/A,2025-07-14 11:58:55
267,6.048133,N/A,N/A,5.00e-05,26852.47,1097728,N/A,2025-07-14 11:58:55
268,5.936675,N/A,N/A,5.00e-05,26520.98,1101824,N/A,2025-07-14 11:58:55
269,6.182954,N/A,N/A,5.00e-05,26784.60,1105920,N/A,2025-07-14 11:58:55
270,6.475900,N/A,N/A,5.00e-05,26238.15,1110016,1.0000,2025-07-14 11:58:56
271,7.106184,N/A,N/A,5.00e-05,26193.05,1114112,N/A,2025-07-14 11:58:56
272,7.355502,N/A,N/A,5.00e-05,26103.35,1118208,N/A,2025-07-14 11:58:56
273,2.917572,N/A,N/A,5.00e-05,26099.85,1122304,N/A,2025-07-14 11:58:56
274,7.573271,N/A,N/A,5.00e-05,26063.94,1126400,N/A,2025-07-14 11:58:56
275,7.903585,N/A,N/A,5.00e-05,26030.80,1130496,N/A,2025-07-14 11:58:56
276,7.095385,N/A,N/A,5.00e-05,26211.34,1134592,N/A,2025-07-14 11:58:57
277,4.850877,N/A,N/A,5.00e-05,26557.47,1138688,N/A,2025-07-14 11:58:57
278,7.370796,N/A,N/A,5.00e-05,26800.30,1142784,N/A,2025-07-14 11:58:57
279,4.556689,N/A,N/A,5.00e-05,27465.11,1146880,N/A,2025-07-14 11:58:57
280,5.302660,N/A,N/A,5.00e-05,26856.61,1150976,1.0000,2025-07-14 11:58:57
281,6.880189,N/A,N/A,5.00e-05,26891.85,1155072,N/A,2025-07-14 11:58:57
282,5.376361,N/A,N/A,5.00e-05,26846.42,1159168,N/A,2025-07-14 11:58:58
283,5.340429,N/A,N/A,5.00e-05,26827.87,1163264,N/A,2025-07-14 11:58:58
284,5.389523,N/A,N/A,5.00e-05,26901.01,1167360,N/A,2025-07-14 11:58:58
285,7.241404,N/A,N/A,5.00e-05,26946.05,1171456,N/A,2025-07-14 11:58:58
286,6.349866,N/A,N/A,5.00e-05,26870.38,1175552,N/A,2025-07-14 11:58:58
287,5.737120,N/A,N/A,5.00e-05,26903.25,1179648,N/A,2025-07-14 11:58:58
288,6.347732,N/A,N/A,5.00e-05,27062.29,1183744,N/A,2025-07-14 11:58:59
289,5.288515,N/A,N/A,5.00e-05,27758.98,1187840,N/A,2025-07-14 11:58:59
290,7.102766,N/A,N/A,5.00e-05,27258.01,1191936,1.0000,2025-07-14 11:58:59
291,5.269671,N/A,N/A,5.00e-05,27330.31,1196032,N/A,2025-07-14 11:58:59
292,6.412609,N/A,N/A,5.00e-05,27420.84,1200128,N/A,2025-07-14 11:58:59
293,4.872376,N/A,N/A,5.00e-05,27471.62,1204224,N/A,2025-07-14 11:58:59
294,4.081779,N/A,N/A,5.00e-05,27325.14,1208320,N/A,2025-07-14 11:59:00
295,5.843851,N/A,N/A,5.00e-05,27421.72,1212416,N/A,2025-07-14 11:59:00
296,5.635453,N/A,N/A,5.00e-05,27589.32,1216512,N/A,2025-07-14 11:59:00
297,4.824059,N/A,N/A,5.00e-05,27544.55,1220608,N/A,2025-07-14 11:59:00
298,6.984802,N/A,N/A,5.00e-05,27617.74,1224704,N/A,2025-07-14 11:59:00
299,6.938763,N/A,N/A,5.00e-05,28201.33,1228800,N/A,2025-07-14 11:59:00
300,6.474480,N/A,N/A,5.00e-05,27595.97,1232896,1.0000,2025-07-14 11:59:01
301,4.898850,N/A,N/A,5.00e-05,21433.35,1236992,N/A,2025-07-14 11:59:01
302,5.132474,N/A,N/A,5.00e-05,21412.25,1241088,N/A,2025-07-14 11:59:01
303,7.006070,N/A,N/A,5.00e-05,21561.11,1245184,N/A,2025-07-14 11:59:01
304,6.110035,N/A,N/A,5.00e-05,21299.09,1249280,N/A,2025-07-14 11:59:02
305,3.091602,N/A,N/A,5.00e-05,21313.73,1253376,N/A,2025-07-14 11:59:02
306,5.408359,N/A,N/A,5.00e-05,21035.18,1257472,N/A,2025-07-14 11:59:02
307,6.526991,N/A,N/A,5.00e-05,21019.63,1261568,N/A,2025-07-14 11:59:02
308,5.384025,N/A,N/A,5.00e-05,21018.20,1265664,N/A,2025-07-14 11:59:02
309,6.289451,N/A,N/A,5.00e-05,21335.05,1269760,N/A,2025-07-14 11:59:02
310,4.584934,N/A,N/A,5.00e-05,26764.21,1273856,1.0000,2025-07-14 11:59:03
311,7.453297,N/A,N/A,5.00e-05,26782.03,1277952,N/A,2025-07-14 11:59:03
312,6.598287,N/A,N/A,5.00e-05,26529.83,1282048,N/A,2025-07-14 11:59:03
313,6.408598,N/A,N/A,5.00e-05,26994.17,1286144,N/A,2025-07-14 11:59:03
314,2.974454,N/A,N/A,5.00e-05,26574.31,1290240,N/A,2025-07-14 11:59:03
315,5.643666,N/A,N/A,5.00e-05,26995.52,1294336,N/A,2025-07-14 11:59:03
316,5.672433,N/A,N/A,5.00e-05,26956.99,1298432,N/A,2025-07-14 11:59:04
317,2.697273,N/A,N/A,5.00e-05,27002.22,1302528,N/A,2025-07-14 11:59:04
318,8.307006,N/A,N/A,5.00e-05,27148.22,1306624,N/A,2025-07-14 11:59:04
319,4.696234,N/A,N/A,5.00e-05,27808.98,1310720,N/A,2025-07-14 11:59:04
320,3.046852,N/A,N/A,5.00e-05,27048.03,1314816,1.0000,2025-07-14 11:59:04
321,5.769866,N/A,N/A,5.00e-05,27089.34,1318912,N/A,2025-07-14 11:59:04
322,6.481928,N/A,N/A,5.00e-05,27051.53,1323008,N/A,2025-07-14 11:59:05
323,4.160886,N/A,N/A,5.00e-05,27425.48,1327104,N/A,2025-07-14 11:59:05
324,5.837056,N/A,N/A,5.00e-05,27459.51,1331200,N/A,2025-07-14 11:59:05
325,6.337234,N/A,N/A,5.00e-05,27422.81,1335296,N/A,2025-07-14 11:59:05
326,5.753215,N/A,N/A,5.00e-05,27441.00,1339392,N/A,2025-07-14 11:59:05
327,7.459581,N/A,N/A,5.00e-05,27397.34,1343488,N/A,2025-07-14 11:59:05
328,5.748672,N/A,N/A,5.00e-05,27405.92,1347584,N/A,2025-07-14 11:59:06
329,4.974808,N/A,N/A,5.00e-05,28151.78,1351680,N/A,2025-07-14 11:59:06
330,4.866258,N/A,N/A,5.00e-05,27706.52,1355776,1.0000,2025-07-14 11:59:06
331,6.968394,N/A,N/A,5.00e-05,27715.61,1359872,N/A,2025-07-14 11:59:06
332,5.403374,N/A,N/A,5.00e-05,27723.57,1363968,N/A,2025-07-14 11:59:06
333,5.376952,N/A,N/A,5.00e-05,27729.58,1368064,N/A,2025-07-14 11:59:06
334,5.867785,N/A,N/A,5.00e-05,27826.45,1372160,N/A,2025-07-14 11:59:07
335,7.337502,N/A,N/A,5.00e-05,27816.63,1376256,N/A,2025-07-14 11:59:07
336,5.463821,N/A,N/A,5.00e-05,27775.29,1380352,N/A,2025-07-14 11:59:07
337,5.987230,N/A,N/A,5.00e-05,27748.75,1384448,N/A,2025-07-14 11:59:07
338,7.913624,N/A,N/A,5.00e-05,27730.66,1388544,N/A,2025-07-14 11:59:07
339,3.565150,N/A,N/A,5.00e-05,27861.44,1392640,N/A,2025-07-14 11:59:07
340,4.681790,N/A,N/A,5.00e-05,27156.97,1396736,1.0000,2025-07-14 11:59:08
341,5.610247,N/A,N/A,5.00e-05,26754.97,1400832,N/A,2025-07-14 11:59:08
342,5.251987,N/A,N/A,5.00e-05,26743.13,1404928,N/A,2025-07-14 11:59:08
343,5.557483,N/A,N/A,5.00e-05,26682.79,1409024,N/A,2025-07-14 11:59:08
344,3.116705,N/A,N/A,5.00e-05,26693.64,1413120,N/A,2025-07-14 11:59:08
345,6.089634,N/A,N/A,5.00e-05,26655.53,1417216,N/A,2025-07-14 11:59:08
346,6.051078,N/A,N/A,5.00e-05,26682.95,1421312,N/A,2025-07-14 11:59:09
347,4.735313,N/A,N/A,5.00e-05,26743.31,1425408,N/A,2025-07-14 11:59:09
348,5.200304,N/A,N/A,5.00e-05,27158.58,1429504,N/A,2025-07-14 11:59:09
349,5.867653,N/A,N/A,5.00e-05,27791.34,1433600,N/A,2025-07-14 11:59:09
350,3.886172,N/A,N/A,5.00e-05,27432.83,1437696,1.0000,2025-07-14 11:59:09
351,3.885911,N/A,N/A,5.00e-05,27424.15,1441792,N/A,2025-07-14 11:59:09
352,3.781686,N/A,N/A,5.00e-05,27048.97,1445888,N/A,2025-07-14 11:59:10
353,5.296344,N/A,N/A,5.00e-05,26996.71,1449984,N/A,2025-07-14 11:59:10
354,5.463308,N/A,N/A,5.00e-05,27051.58,1454080,N/A,2025-07-14 11:59:10
355,4.846395,N/A,N/A,5.00e-05,27113.09,1458176,N/A,2025-07-14 11:59:10
356,5.755438,N/A,N/A,5.00e-05,27109.64,1462272,N/A,2025-07-14 11:59:10
357,2.698590,N/A,N/A,5.00e-05,27211.11,1466368,N/A,2025-07-14 11:59:10
358,4.786415,N/A,N/A,5.00e-05,27090.27,1470464,N/A,2025-07-14 11:59:11
359,5.227367,N/A,N/A,5.00e-05,27826.66,1474560,N/A,2025-07-14 11:59:11
360,6.181365,N/A,N/A,5.00e-05,27180.46,1478656,1.0000,2025-07-14 11:59:11
361,6.936654,N/A,N/A,5.00e-05,27566.12,1482752,N/A,2025-07-14 11:59:11
362,3.991146,N/A,N/A,5.00e-05,27571.78,1486848,N/A,2025-07-14 11:59:11
363,6.402961,N/A,N/A,5.00e-05,27561.17,1490944,N/A,2025-07-14 11:59:11
364,5.272100,N/A,N/A,5.00e-05,27551.94,1495040,N/A,2025-07-14 11:59:12
365,5.201512,N/A,N/A,5.00e-05,27606.79,1499136,N/A,2025-07-14 11:59:12
366,5.700158,N/A,N/A,5.00e-05,27398.89,1503232,N/A,2025-07-14 11:59:12
367,6.348670,N/A,N/A,5.00e-05,27651.06,1507328,N/A,2025-07-14 11:59:12
368,5.055190,N/A,N/A,5.00e-05,27571.02,1511424,N/A,2025-07-14 11:59:12
369,3.929435,N/A,N/A,5.00e-05,28199.70,1515520,N/A,2025-07-14 11:59:12
370,6.539938,N/A,N/A,5.00e-05,27496.45,1519616,1.0000,2025-07-14 11:59:13
371,6.765264,N/A,N/A,5.00e-05,27476.25,1523712,N/A,2025-07-14 11:59:13
372,5.107465,N/A,N/A,5.00e-05,27464.60,1527808,N/A,2025-07-14 11:59:13
373,5.019310,N/A,N/A,5.00e-05,27478.33,1531904,N/A,2025-07-14 11:59:13
374,4.454418,N/A,N/A,5.00e-05,27394.90,1536000,N/A,2025-07-14 11:59:13
375,4.842616,N/A,N/A,5.00e-05,27619.58,1540096,N/A,2025-07-14 11:59:13
376,5.885962,N/A,N/A,5.00e-05,27518.67,1544192,N/A,2025-07-14 11:59:14
377,7.399284,N/A,N/A,5.00e-05,27622.75,1548288,N/A,2025-07-14 11:59:14
378,5.180645,N/A,N/A,5.00e-05,27655.85,1552384,N/A,2025-07-14 11:59:14
379,4.682135,N/A,N/A,5.00e-05,28384.99,1556480,N/A,2025-07-14 11:59:14
380,4.891050,N/A,N/A,5.00e-05,27599.22,1560576,1.0000,2025-07-14 11:59:14
381,4.463751,N/A,N/A,5.00e-05,27531.01,1564672,N/A,2025-07-14 11:59:14
382,5.901036,N/A,N/A,5.00e-05,27415.77,1568768,N/A,2025-07-14 11:59:15
383,3.564162,N/A,N/A,5.00e-05,27378.33,1572864,N/A,2025-07-14 11:59:15
384,6.207993,N/A,N/A,5.00e-05,27183.98,1576960,N/A,2025-07-14 11:59:15
385,6.089754,N/A,N/A,5.00e-05,27234.57,1581056,N/A,2025-07-14 11:59:15
386,6.675042,N/A,N/A,5.00e-05,27214.93,1585152,N/A,2025-07-14 11:59:15
387,5.041574,N/A,N/A,5.00e-05,27213.85,1589248,N/A,2025-07-14 11:59:15
388,6.419940,N/A,N/A,5.00e-05,27153.73,1593344,N/A,2025-07-14 11:59:16
389,4.439841,N/A,N/A,5.00e-05,27915.70,1597440,N/A,2025-07-14 11:59:16
390,7.434979,N/A,N/A,5.00e-05,27158.40,1601536,0.9644,2025-07-14 11:59:16
391,6.192871,N/A,N/A,5.00e-05,26958.52,1605632,N/A,2025-07-14 11:59:16
392,7.412769,N/A,N/A,5.00e-05,26987.79,1609728,N/A,2025-07-14 11:59:16
393,7.624566,N/A,N/A,5.00e-05,27144.52,1613824,N/A,2025-07-14 11:59:16
394,6.192763,N/A,N/A,5.00e-05,27076.03,1617920,N/A,2025-07-14 11:59:17
395,6.510433,N/A,N/A,5.00e-05,27043.50,1622016,N/A,2025-07-14 11:59:17
396,5.767438,N/A,N/A,5.00e-05,26993.85,1626112,N/A,2025-07-14 11:59:17
397,5.940580,N/A,N/A,5.00e-05,27026.31,1630208,N/A,2025-07-14 11:59:17
398,8.322206,N/A,N/A,5.00e-05,27049.44,1634304,N/A,2025-07-14 11:59:17
399,5.495925,N/A,N/A,5.00e-05,27798.84,1638400,N/A,2025-07-14 11:59:17
400,6.626648,N/A,N/A,5.00e-05,27124.99,1642496,1.0000,2025-07-14 11:59:18
401,6.390925,N/A,N/A,5.00e-05,20824.15,1646592,N/A,2025-07-14 11:59:18
402,6.813679,N/A,N/A,5.00e-05,20728.43,1650688,N/A,2025-07-14 11:59:18
403,7.088812,N/A,N/A,5.00e-05,20784.24,1654784,N/A,2025-07-14 11:59:19
404,6.449058,N/A,N/A,5.00e-05,20805.09,1658880,N/A,2025-07-14 11:59:19
405,6.458402,N/A,N/A,5.00e-05,20830.53,1662976,N/A,2025-07-14 11:59:19
406,6.659095,N/A,N/A,5.00e-05,20812.48,1667072,N/A,2025-07-14 11:59:19
407,6.982196,N/A,N/A,5.00e-05,20793.67,1671168,N/A,2025-07-14 11:59:19
408,6.612681,N/A,N/A,5.00e-05,20812.90,1675264,N/A,2025-07-14 11:59:19
409,8.014560,N/A,N/A,5.00e-05,21345.11,1679360,N/A,2025-07-14 11:59:20
410,6.751898,N/A,N/A,5.00e-05,27424.49,1683456,1.0000,2025-07-14 11:59:20
411,5.385865,N/A,N/A,5.00e-05,27543.98,1687552,N/A,2025-07-14 11:59:20
412,5.721403,N/A,N/A,5.00e-05,27532.54,1691648,N/A,2025-07-14 11:59:20
413,4.200459,N/A,N/A,5.00e-05,27586.17,1695744,N/A,2025-07-14 11:59:20
414,4.879663,N/A,N/A,5.00e-05,27561.57,1699840,N/A,2025-07-14 11:59:20
415,4.577789,N/A,N/A,5.00e-05,27611.70,1703936,N/A,2025-07-14 11:59:21
416,4.980301,N/A,N/A,5.00e-05,27663.87,1708032,N/A,2025-07-14 11:59:21
417,4.853817,N/A,N/A,5.00e-05,27698.77,1712128,N/A,2025-07-14 11:59:21
418,4.433702,N/A,N/A,5.00e-05,27241.70,1716224,N/A,2025-07-14 11:59:21
419,7.394681,N/A,N/A,5.00e-05,27795.44,1720320,N/A,2025-07-14 11:59:21
420,5.158449,N/A,N/A,5.00e-05,27080.56,1724416,1.0000,2025-07-14 11:59:21
421,5.676733,N/A,N/A,5.00e-05,26605.16,1728512,N/A,2025-07-14 11:59:22
422,6.248695,N/A,N/A,5.00e-05,26577.35,1732608,N/A,2025-07-14 11:59:22
423,6.269577,N/A,N/A,5.00e-05,26631.61,1736704,N/A,2025-07-14 11:59:22
424,7.049876,N/A,N/A,5.00e-05,26633.14,1740800,N/A,2025-07-14 11:59:22
425,4.073841,N/A,N/A,5.00e-05,26669.02,1744896,N/A,2025-07-14 11:59:22
426,5.149142,N/A,N/A,5.00e-05,26658.62,1748992,N/A,2025-07-14 11:59:22
427,4.591604,N/A,N/A,5.00e-05,27106.83,1753088,N/A,2025-07-14 11:59:23
428,7.315041,N/A,N/A,5.00e-05,27139.98,1757184,N/A,2025-07-14 11:59:23
429,7.888620,N/A,N/A,5.00e-05,27874.66,1761280,N/A,2025-07-14 11:59:23
430,6.672083,N/A,N/A,5.00e-05,27645.40,1765376,1.0000,2025-07-14 11:59:23
431,5.424763,N/A,N/A,5.00e-05,27628.20,1769472,N/A,2025-07-14 11:59:23
432,4.011293,N/A,N/A,5.00e-05,27572.56,1773568,N/A,2025-07-14 11:59:23
433,6.053855,N/A,N/A,5.00e-05,27600.78,1777664,N/A,2025-07-14 11:59:24
434,6.504021,N/A,N/A,5.00e-05,27567.82,1781760,N/A,2025-07-14 11:59:24
435,7.953979,N/A,N/A,5.00e-05,27429.38,1785856,N/A,2025-07-14 11:59:24
436,5.198407,N/A,N/A,5.00e-05,27438.52,1789952,N/A,2025-07-14 11:59:24
437,4.670728,N/A,N/A,5.00e-05,27006.94,1794048,N/A,2025-07-14 11:59:24
438,5.217450,N/A,N/A,5.00e-05,26883.73,1798144,N/A,2025-07-14 11:59:24
439,6.792652,N/A,N/A,5.00e-05,27520.59,1802240,N/A,2025-07-14 11:59:25
440,4.716241,N/A,N/A,5.00e-05,26454.12,1806336,1.0000,2025-07-14 11:59:25
441,6.192907,N/A,N/A,5.00e-05,26486.28,1810432,N/A,2025-07-14 11:59:25
442,6.783042,N/A,N/A,5.00e-05,26445.21,1814528,N/A,2025-07-14 11:59:25
443,4.415682,N/A,N/A,5.00e-05,26509.40,1818624,N/A,2025-07-14 11:59:25
444,4.373154,N/A,N/A,5.00e-05,26564.19,1822720,N/A,2025-07-14 11:59:25
445,3.548173,N/A,N/A,5.00e-05,26183.56,1826816,N/A,2025-07-14 11:59:26
446,5.946059,N/A,N/A,5.00e-05,26651.50,1830912,N/A,2025-07-14 11:59:26
447,7.756980,N/A,N/A,5.00e-05,26740.34,1835008,N/A,2025-07-14 11:59:26
448,4.361248,N/A,N/A,5.00e-05,26805.40,1839104,N/A,2025-07-14 11:59:26
449,6.874898,N/A,N/A,5.00e-05,27877.79,1843200,N/A,2025-07-14 11:59:26
450,5.661575,N/A,N/A,5.00e-05,27179.05,1847296,1.0000,2025-07-14 11:59:26
451,6.823745,N/A,N/A,5.00e-05,27201.56,1851392,N/A,2025-07-14 11:59:27
452,6.660779,N/A,N/A,5.00e-05,27147.69,1855488,N/A,2025-07-14 11:59:27
453,4.901998,N/A,N/A,5.00e-05,27261.93,1859584,N/A,2025-07-14 11:59:27
454,6.032998,N/A,N/A,5.00e-05,27669.38,1863680,N/A,2025-07-14 11:59:27
455,5.481049,N/A,N/A,5.00e-05,27613.16,1867776,N/A,2025-07-14 11:59:27
456,5.058146,N/A,N/A,5.00e-05,27621.74,1871872,N/A,2025-07-14 11:59:27
457,6.806153,N/A,N/A,5.00e-05,27615.43,1875968,N/A,2025-07-14 11:59:28
458,4.778655,N/A,N/A,5.00e-05,27697.04,1880064,N/A,2025-07-14 11:59:28
459,5.378143,N/A,N/A,5.00e-05,28364.06,1884160,N/A,2025-07-14 11:59:28
460,4.237185,N/A,N/A,5.00e-05,27616.44,1888256,1.0000,2025-07-14 11:59:28
461,6.666562,N/A,N/A,5.00e-05,27581.93,1892352,N/A,2025-07-14 11:59:28
462,6.087445,N/A,N/A,5.00e-05,27157.37,1896448,N/A,2025-07-14 11:59:28
463,5.989691,N/A,N/A,5.00e-05,27233.58,1900544,N/A,2025-07-14 11:59:29
464,3.805117,N/A,N/A,5.00e-05,27313.26,1904640,N/A,2025-07-14 11:59:29
465,6.863112,N/A,N/A,5.00e-05,27091.09,1908736,N/A,2025-07-14 11:59:29
466,5.953157,N/A,N/A,5.00e-05,26970.97,1912832,N/A,2025-07-14 11:59:29
467,6.695183,N/A,N/A,5.00e-05,26693.27,1916928,N/A,2025-07-14 11:59:29
468,6.575205,N/A,N/A,5.00e-05,26751.97,1921024,N/A,2025-07-14 11:59:29
469,6.364490,N/A,N/A,5.00e-05,27430.35,1925120,N/A,2025-07-14 11:59:30
470,5.442907,N/A,N/A,5.00e-05,26781.86,1929216,1.0000,2025-07-14 11:59:30
471,6.481131,N/A,N/A,5.00e-05,27168.62,1933312,N/A,2025-07-14 11:59:30
472,6.300737,N/A,N/A,5.00e-05,27124.48,1937408,N/A,2025-07-14 11:59:30
473,8.139849,N/A,N/A,5.00e-05,26736.05,1941504,N/A,2025-07-14 11:59:30
474,5.916795,N/A,N/A,5.00e-05,26985.71,1945600,N/A,2025-07-14 11:59:30
475,6.621784,N/A,N/A,5.00e-05,27071.00,1949696,N/A,2025-07-14 11:59:31
476,5.994361,N/A,N/A,5.00e-05,26851.84,1953792,N/A,2025-07-14 11:59:31
477,4.897608,N/A,N/A,5.00e-05,26845.76,1957888,N/A,2025-07-14 11:59:31
478,6.712657,N/A,N/A,5.00e-05,26847.90,1961984,N/A,2025-07-14 11:59:31
479,4.484422,N/A,N/A,5.00e-05,27472.78,1966080,N/A,2025-07-14 11:59:31
480,4.932375,N/A,N/A,5.00e-05,26707.80,1970176,1.0000,2025-07-14 11:59:31
481,6.667038,N/A,N/A,5.00e-05,26650.53,1974272,N/A,2025-07-14 11:59:32
482,3.807254,N/A,N/A,5.00e-05,26968.07,1978368,N/A,2025-07-14 11:59:32
483,7.273714,N/A,N/A,5.00e-05,26963.09,1982464,N/A,2025-07-14 11:59:32
484,4.104187,N/A,N/A,5.00e-05,27001.95,1986560,N/A,2025-07-14 11:59:32
485,4.618008,N/A,N/A,5.00e-05,27466.41,1990656,N/A,2025-07-14 11:59:32
486,4.559672,N/A,N/A,5.00e-05,27029.93,1994752,N/A,2025-07-14 11:59:32
487,3.948330,N/A,N/A,5.00e-05,27043.78,1998848,N/A,2025-07-14 11:59:33
488,5.368385,N/A,N/A,5.00e-05,27094.73,2002944,N/A,2025-07-14 11:59:33
489,5.086302,N/A,N/A,5.00e-05,27878.23,2007040,N/A,2025-07-14 11:59:33
490,5.572479,N/A,N/A,5.00e-05,27246.75,2011136,1.0000,2025-07-14 11:59:33
491,5.933522,N/A,N/A,5.00e-05,27249.27,2015232,N/A,2025-07-14 11:59:33
492,5.928400,N/A,N/A,5.00e-05,27249.81,2019328,N/A,2025-07-14 11:59:33
493,4.789647,N/A,N/A,5.00e-05,27074.29,2023424,N/A,2025-07-14 11:59:34
494,7.469329,N/A,N/A,5.00e-05,27102.41,2027520,N/A,2025-07-14 11:59:34
495,4.966120,N/A,N/A,5.00e-05,27534.33,2031616,N/A,2025-07-14 11:59:34
496,7.200897,N/A,N/A,5.00e-05,27564.36,2035712,N/A,2025-07-14 11:59:34
497,7.160922,N/A,N/A,5.00e-05,27578.59,2039808,N/A,2025-07-14 11:59:34
498,4.714000,N/A,N/A,5.00e-05,27622.91,2043904,N/A,2025-07-14 11:59:34
499,3.575948,N/A,N/A,5.00e-05,28003.51,2048000,N/A,2025-07-14 11:59:35
500,5.097704,N/A,N/A,5.00e-05,26815.17,2052096,1.0000,2025-07-14 11:59:35
501,5.056790,N/A,N/A,5.00e-05,21153.76,2056192,N/A,2025-07-14 11:59:35
502,3.196779,N/A,N/A,5.00e-05,21245.69,2060288,N/A,2025-07-14 11:59:36
503,4.356720,N/A,N/A,5.00e-05,21280.57,2064384,N/A,2025-07-14 11:59:36
504,4.282473,N/A,N/A,5.00e-05,21266.58,2068480,N/A,2025-07-14 11:59:36
505,5.469715,N/A,N/A,5.00e-05,21260.10,2072576,N/A,2025-07-14 11:59:36
506,6.004776,N/A,N/A,5.00e-05,21253.46,2076672,N/A,2025-07-14 11:59:36
507,6.369028,N/A,N/A,5.00e-05,20995.24,2080768,N/A,2025-07-14 11:59:36
508,7.036767,N/A,N/A,5.00e-05,21150.45,2084864,N/A,2025-07-14 11:59:37
509,6.040760,N/A,N/A,5.00e-05,21853.86,2088960,N/A,2025-07-14 11:59:37
510,6.542475,N/A,N/A,5.00e-05,27269.07,2093056,1.0000,2025-07-14 11:59:37
511,6.835118,N/A,N/A,5.00e-05,27262.06,2097152,N/A,2025-07-14 11:59:37
512,6.678337,N/A,N/A,5.00e-05,27205.51,2101248,N/A,2025-07-14 11:59:37
513,4.359117,N/A,N/A,5.00e-05,26996.26,2105344,N/A,2025-07-14 11:59:37
514,3.934249,N/A,N/A,5.00e-05,26904.75,2109440,N/A,2025-07-14 11:59:38
515,5.147275,N/A,N/A,5.00e-05,26859.12,2113536,N/A,2025-07-14 11:59:38
516,4.452023,N/A,N/A,5.00e-05,27207.21,2117632,N/A,2025-07-14 11:59:38
517,6.957019,N/A,N/A,5.00e-05,27220.72,2121728,N/A,2025-07-14 11:59:38
518,6.247672,N/A,N/A,5.00e-05,27287.67,2125824,N/A,2025-07-14 11:59:38
519,6.041077,N/A,N/A,5.00e-05,27915.75,2129920,N/A,2025-07-14 11:59:38
520,6.584077,N/A,N/A,5.00e-05,27248.03,2134016,1.0000,2025-07-14 11:59:39
521,6.383316,N/A,N/A,5.00e-05,27214.66,2138112,N/A,2025-07-14 11:59:39
522,5.704047,N/A,N/A,5.00e-05,27464.88,2142208,N/A,2025-07-14 11:59:39
523,6.231991,N/A,N/A,5.00e-05,27545.22,2146304,N/A,2025-07-14 11:59:39
524,5.339697,N/A,N/A,5.00e-05,27568.62,2150400,N/A,2025-07-14 11:59:39
525,5.125965,N/A,N/A,5.00e-05,27672.02,2154496,N/A,2025-07-14 11:59:39
526,4.369826,N/A,N/A,5.00e-05,27709.13,2158592,N/A,2025-07-14 11:59:40
527,6.235015,N/A,N/A,5.00e-05,27666.44,2162688,N/A,2025-07-14 11:59:40
528,4.648605,N/A,N/A,5.00e-05,27692.39,2166784,N/A,2025-07-14 11:59:40
529,5.137115,N/A,N/A,5.00e-05,28321.08,2170880,N/A,2025-07-14 11:59:40
530,5.227264,N/A,N/A,5.00e-05,27412.70,2174976,1.0000,2025-07-14 11:59:40
531,3.360288,N/A,N/A,5.00e-05,27338.40,2179072,N/A,2025-07-14 11:59:40
532,6.806727,N/A,N/A,5.00e-05,27348.55,2183168,N/A,2025-07-14 11:59:41
533,7.018306,N/A,N/A,5.00e-05,27320.10,2187264,N/A,2025-07-14 11:59:41
534,7.011130,N/A,N/A,5.00e-05,27210.94,2191360,N/A,2025-07-14 11:59:41
535,5.500187,N/A,N/A,5.00e-05,27173.25,2195456,N/A,2025-07-14 11:59:41
536,5.619868,N/A,N/A,5.00e-05,27039.98,2199552,N/A,2025-07-14 11:59:41
537,5.430857,N/A,N/A,5.00e-05,27029.17,2203648,N/A,2025-07-14 11:59:41
538,5.855605,N/A,N/A,5.00e-05,26976.87,2207744,N/A,2025-07-14 11:59:42
539,5.888310,N/A,N/A,5.00e-05,27736.59,2211840,N/A,2025-07-14 11:59:42
540,3.518659,N/A,N/A,5.00e-05,26624.76,2215936,1.0000,2025-07-14 11:59:42
541,6.663070,N/A,N/A,5.00e-05,25958.81,2220032,N/A,2025-07-14 11:59:42
542,3.703335,N/A,N/A,5.00e-05,25938.03,2224128,N/A,2025-07-14 11:59:42
543,5.424741,N/A,N/A,5.00e-05,25504.42,2228224,N/A,2025-07-14 11:59:42
544,6.443671,N/A,N/A,5.00e-05,25459.58,2232320,N/A,2025-07-14 11:59:43
545,4.892047,N/A,N/A,5.00e-05,25534.35,2236416,N/A,2025-07-14 11:59:43
546,6.041903,N/A,N/A,5.00e-05,25424.81,2240512,N/A,2025-07-14 11:59:43
547,6.770833,N/A,N/A,5.00e-05,25349.75,2244608,N/A,2025-07-14 11:59:43
548,7.119524,N/A,N/A,5.00e-05,25179.70,2248704,N/A,2025-07-14 11:59:43
549,4.817209,N/A,N/A,5.00e-05,25871.08,2252800,N/A,2025-07-14 11:59:44
550,5.482611,N/A,N/A,5.00e-05,25680.89,2256896,1.0000,2025-07-14 11:59:44
551,4.955475,N/A,N/A,5.00e-05,25662.89,2260992,N/A,2025-07-14 11:59:44
552,6.039237,N/A,N/A,5.00e-05,26031.68,2265088,N/A,2025-07-14 11:59:44
553,6.369550,N/A,N/A,5.00e-05,26062.92,2269184,N/A,2025-07-14 11:59:44
554,4.842252,N/A,N/A,5.00e-05,26109.81,2273280,N/A,2025-07-14 11:59:44
555,6.770988,N/A,N/A,5.00e-05,26282.80,2277376,N/A,2025-07-14 11:59:45
556,7.426920,N/A,N/A,5.00e-05,26463.82,2281472,N/A,2025-07-14 11:59:45
557,4.299058,N/A,N/A,5.00e-05,26760.29,2285568,N/A,2025-07-14 11:59:45
558,7.642244,N/A,N/A,5.00e-05,27101.18,2289664,N/A,2025-07-14 11:59:45
559,5.352955,N/A,N/A,5.00e-05,28039.71,2293760,N/A,2025-07-14 11:59:45
560,6.264952,N/A,N/A,5.00e-05,27453.35,2297856,1.0000,2025-07-14 11:59:45
561,4.105651,N/A,N/A,5.00e-05,27549.68,2301952,N/A,2025-07-14 11:59:46
562,5.315376,N/A,N/A,5.00e-05,27540.47,2306048,N/A,2025-07-14 11:59:46
563,5.894886,N/A,N/A,5.00e-05,27503.99,2310144,N/A,2025-07-14 11:59:46
564,6.790405,N/A,N/A,5.00e-05,27386.48,2314240,N/A,2025-07-14 11:59:46
565,5.195440,N/A,N/A,5.00e-05,27420.84,2318336,N/A,2025-07-14 11:59:46
566,6.349413,N/A,N/A,5.00e-05,27423.12,2322432,N/A,2025-07-14 11:59:46
567,5.626940,N/A,N/A,5.00e-05,27449.14,2326528,N/A,2025-07-14 11:59:47
568,7.581111,N/A,N/A,5.00e-05,27279.60,2330624,N/A,2025-07-14 11:59:47
569,6.891640,N/A,N/A,5.00e-05,27921.02,2334720,N/A,2025-07-14 11:59:47
570,2.996674,N/A,N/A,5.00e-05,27262.00,2338816,1.0000,2025-07-14 11:59:47
571,4.771197,N/A,N/A,5.00e-05,27286.27,2342912,N/A,2025-07-14 11:59:47
572,6.747231,N/A,N/A,5.00e-05,27325.80,2347008,N/A,2025-07-14 11:59:47
573,5.933506,N/A,N/A,5.00e-05,27298.52,2351104,N/A,2025-07-14 11:59:48
574,5.017698,N/A,N/A,5.00e-05,27178.38,2355200,N/A,2025-07-14 11:59:48
575,6.099638,N/A,N/A,5.00e-05,27157.75,2359296,N/A,2025-07-14 11:59:48
576,4.214630,N/A,N/A,5.00e-05,26951.31,2363392,N/A,2025-07-14 11:59:48
577,5.714737,N/A,N/A,5.00e-05,27080.59,2367488,N/A,2025-07-14 11:59:48
578,5.136362,N/A,N/A,5.00e-05,27108.21,2371584,N/A,2025-07-14 11:59:48
579,6.090514,N/A,N/A,5.00e-05,27771.50,2375680,N/A,2025-07-14 11:59:49
580,4.393832,N/A,N/A,5.00e-05,26873.06,2379776,1.0000,2025-07-14 11:59:49
581,5.665190,N/A,N/A,5.00e-05,26794.19,2383872,N/A,2025-07-14 11:59:49
582,5.531006,N/A,N/A,5.00e-05,26433.14,2387968,N/A,2025-07-14 11:59:49
583,3.894021,N/A,N/A,5.00e-05,26540.19,2392064,N/A,2025-07-14 11:59:49
584,6.103417,N/A,N/A,5.00e-05,26534.51,2396160,N/A,2025-07-14 11:59:49
585,7.035363,N/A,N/A,5.00e-05,26223.46,2400256,N/A,2025-07-14 11:59:50
586,4.599062,N/A,N/A,5.00e-05,26080.29,2404352,N/A,2025-07-14 11:59:50
587,7.274426,N/A,N/A,5.00e-05,26082.77,2408448,N/A,2025-07-14 11:59:50
588,6.060865,N/A,N/A,5.00e-05,25970.33,2412544,N/A,2025-07-14 11:59:50
589,7.928847,N/A,N/A,5.00e-05,26618.46,2416640,N/A,2025-07-14 11:59:50
590,5.591195,N/A,N/A,5.00e-05,25867.30,2420736,1.0000,2025-07-14 11:59:50
591,6.184410,N/A,N/A,5.00e-05,26297.87,2424832,N/A,2025-07-14 11:59:51
592,3.757192,N/A,N/A,5.00e-05,26041.95,2428928,N/A,2025-07-14 11:59:51
593,6.867605,N/A,N/A,5.00e-05,25881.93,2433024,N/A,2025-07-14 11:59:51
594,5.145018,N/A,N/A,5.00e-05,26388.69,2437120,N/A,2025-07-14 11:59:51
595,4.898314,N/A,N/A,5.00e-05,26585.99,2441216,N/A,2025-07-14 11:59:51
596,6.776436,N/A,N/A,5.00e-05,26624.77,2445312,N/A,2025-07-14 11:59:51
597,6.335861,N/A,N/A,5.00e-05,26478.73,2449408,N/A,2025-07-14 11:59:52
598,5.128778,N/A,N/A,5.00e-05,26585.66,2453504,N/A,2025-07-14 11:59:52
599,6.243838,N/A,N/A,5.00e-05,27406.47,2457600,N/A,2025-07-14 11:59:52
600,5.460149,N/A,N/A,5.00e-05,26522.97,2461696,0.8247,2025-07-14 11:59:52
601,5.460134,N/A,N/A,5.00e-05,21595.93,2465792,N/A,2025-07-14 11:59:53
602,5.103579,N/A,N/A,5.00e-05,21711.82,2469888,N/A,2025-07-14 11:59:53
603,4.290730,N/A,N/A,5.00e-05,21659.46,2473984,N/A,2025-07-14 11:59:53
604,7.175832,N/A,N/A,5.00e-05,21649.21,2478080,N/A,2025-07-14 11:59:53
605,3.281231,N/A,N/A,5.00e-05,21555.68,2482176,N/A,2025-07-14 11:59:53
606,4.634330,N/A,N/A,5.00e-05,21723.34,2486272,N/A,2025-07-14 11:59:54
607,6.037005,N/A,N/A,5.00e-05,21790.96,2490368,N/A,2025-07-14 11:59:54
608,4.549123,N/A,N/A,5.00e-05,21629.99,2494464,N/A,2025-07-14 11:59:54
609,6.224786,N/A,N/A,5.00e-05,22149.06,2498560,N/A,2025-07-14 11:59:54
610,5.879833,N/A,N/A,5.00e-05,26931.82,2502656,1.0000,2025-07-14 11:59:54
611,6.091509,N/A,N/A,5.00e-05,26733.96,2506752,N/A,2025-07-14 11:59:54
612,6.860509,N/A,N/A,5.00e-05,26836.22,2510848,N/A,2025-07-14 11:59:55
613,4.907367,N/A,N/A,5.00e-05,26885.44,2514944,N/A,2025-07-14 11:59:55
614,1.909054,N/A,N/A,5.00e-05,26954.86,2519040,N/A,2025-07-14 11:59:55
615,5.097891,N/A,N/A,5.00e-05,26979.10,2523136,N/A,2025-07-14 11:59:55
616,7.269481,N/A,N/A,5.00e-05,26583.59,2527232,N/A,2025-07-14 11:59:55
617,5.210072,N/A,N/A,5.00e-05,26864.16,2531328,N/A,2025-07-14 11:59:55
618,4.604256,N/A,N/A,5.00e-05,26864.12,2535424,N/A,2025-07-14 11:59:56
619,7.351586,N/A,N/A,5.00e-05,27062.32,2539520,N/A,2025-07-14 11:59:56
620,4.815575,N/A,N/A,5.00e-05,26601.45,2543616,1.0000,2025-07-14 11:59:56
621,4.886615,N/A,N/A,5.00e-05,26453.30,2547712,N/A,2025-07-14 11:59:56
622,7.299192,N/A,N/A,5.00e-05,26353.27,2551808,N/A,2025-07-14 11:59:56
623,2.382693,N/A,N/A,5.00e-05,25855.57,2555904,N/A,2025-07-14 11:59:56
624,5.446528,N/A,N/A,5.00e-05,25843.20,2560000,N/A,2025-07-14 11:59:57
625,4.906878,N/A,N/A,5.00e-05,26194.69,2564096,N/A,2025-07-14 11:59:57
626,6.590365,N/A,N/A,5.00e-05,26224.01,2568192,N/A,2025-07-14 11:59:57
627,6.110306,N/A,N/A,5.00e-05,26233.47,2572288,N/A,2025-07-14 11:59:57
628,6.827910,N/A,N/A,5.00e-05,26721.23,2576384,N/A,2025-07-14 11:59:57
629,2.625182,N/A,N/A,5.00e-05,27389.70,2580480,N/A,2025-07-14 11:59:57
630,4.668902,N/A,N/A,5.00e-05,26855.95,2584576,1.0000,2025-07-14 11:59:58
631,7.323346,N/A,N/A,5.00e-05,26742.31,2588672,N/A,2025-07-14 11:59:58
632,5.105360,N/A,N/A,5.00e-05,27180.73,2592768,N/A,2025-07-14 11:59:58
633,5.621190,N/A,N/A,5.00e-05,27177.17,2596864,N/A,2025-07-14 11:59:58
634,5.455133,N/A,N/A,5.00e-05,27191.53,2600960,N/A,2025-07-14 11:59:58
635,4.840690,N/A,N/A,5.00e-05,27106.32,2605056,N/A,2025-07-14 11:59:58
636,7.494645,N/A,N/A,5.00e-05,27166.76,2609152,N/A,2025-07-14 11:59:59
637,6.124267,N/A,N/A,5.00e-05,26994.54,2613248,N/A,2025-07-14 11:59:59
638,2.746122,N/A,N/A,5.00e-05,27012.83,2617344,N/A,2025-07-14 11:59:59
639,5.372526,N/A,N/A,5.00e-05,27662.19,2621440,N/A,2025-07-14 11:59:59
640,4.943326,N/A,N/A,5.00e-05,26899.70,2625536,1.0000,2025-07-14 11:59:59
641,5.001950,N/A,N/A,5.00e-05,26958.37,2629632,N/A,2025-07-14 11:59:59
642,3.207246,N/A,N/A,5.00e-05,26944.16,2633728,N/A,2025-07-14 12:00:00
643,6.019920,N/A,N/A,5.00e-05,26960.95,2637824,N/A,2025-07-14 12:00:00
644,3.760355,N/A,N/A,5.00e-05,27001.07,2641920,N/A,2025-07-14 12:00:00
645,5.633616,N/A,N/A,5.00e-05,26928.86,2646016,N/A,2025-07-14 12:00:00
646,4.145060,N/A,N/A,5.00e-05,27043.20,2650112,N/A,2025-07-14 12:00:00
647,6.122330,N/A,N/A,5.00e-05,26936.90,2654208,N/A,2025-07-14 12:00:00
648,6.878460,N/A,N/A,5.00e-05,26935.79,2658304,N/A,2025-07-14 12:00:01
649,6.025278,N/A,N/A,5.00e-05,27815.48,2662400,N/A,2025-07-14 12:00:01
650,3.954901,N/A,N/A,5.00e-05,26840.34,2666496,1.0000,2025-07-14 12:00:01
651,5.944968,N/A,N/A,5.00e-05,26823.93,2670592,N/A,2025-07-14 12:00:01
652,6.827539,N/A,N/A,5.00e-05,26809.60,2674688,N/A,2025-07-14 12:00:01
653,7.469234,N/A,N/A,5.00e-05,26803.11,2678784,N/A,2025-07-14 12:00:02
654,7.312120,N/A,N/A,5.00e-05,26897.45,2682880,N/A,2025-07-14 12:00:02
655,4.807017,N/A,N/A,5.00e-05,26891.83,2686976,N/A,2025-07-14 12:00:02
656,5.753140,N/A,N/A,5.00e-05,27045.32,2691072,N/A,2025-07-14 12:00:02
657,6.167542,N/A,N/A,5.00e-05,27072.83,2695168,N/A,2025-07-14 12:00:02
658,5.300466,N/A,N/A,5.00e-05,26701.43,2699264,N/A,2025-07-14 12:00:02
659,4.827203,N/A,N/A,5.00e-05,27589.97,2703360,N/A,2025-07-14 12:00:03
660,2.515218,N/A,N/A,5.00e-05,27012.70,2707456,1.0000,2025-07-14 12:00:03
661,5.947948,N/A,N/A,5.00e-05,26992.23,2711552,N/A,2025-07-14 12:00:03
662,7.240884,N/A,N/A,5.00e-05,26795.86,2715648,N/A,2025-07-14 12:00:03
663,6.946166,N/A,N/A,5.00e-05,26595.18,2719744,N/A,2025-07-14 12:00:03
664,6.236508,N/A,N/A,5.00e-05,26546.44,2723840,N/A,2025-07-14 12:00:03
665,4.279880,N/A,N/A,5.00e-05,26262.65,2727936,N/A,2025-07-14 12:00:04
666,6.546227,N/A,N/A,5.00e-05,25953.62,2732032,N/A,2025-07-14 12:00:04
667,7.476166,N/A,N/A,5.00e-05,26205.75,2736128,N/A,2025-07-14 12:00:04
668,6.835973,N/A,N/A,5.00e-05,26154.20,2740224,N/A,2025-07-14 12:00:04
669,5.139096,N/A,N/A,5.00e-05,26715.26,2744320,N/A,2025-07-14 12:00:04
670,5.884774,N/A,N/A,5.00e-05,26080.34,2748416,1.0000,2025-07-14 12:00:04
671,5.449771,N/A,N/A,5.00e-05,26299.62,2752512,N/A,2025-07-14 12:00:05
672,4.955360,N/A,N/A,5.00e-05,26480.59,2756608,N/A,2025-07-14 12:00:05
673,4.525335,N/A,N/A,5.00e-05,26490.16,2760704,N/A,2025-07-14 12:00:05
674,3.927533,N/A,N/A,5.00e-05,26694.02,2764800,N/A,2025-07-14 12:00:05
675,6.257015,N/A,N/A,5.00e-05,26987.80,2768896,N/A,2025-07-14 12:00:05
676,4.648170,N/A,N/A,5.00e-05,27072.38,2772992,N/A,2025-07-14 12:00:05
677,6.117193,N/A,N/A,5.00e-05,27246.01,2777088,N/A,2025-07-14 12:00:06
678,4.624778,N/A,N/A,5.00e-05,27126.09,2781184,N/A,2025-07-14 12:00:06
679,3.696706,N/A,N/A,5.00e-05,27532.84,2785280,N/A,2025-07-14 12:00:06
680,6.256076,N/A,N/A,5.00e-05,26602.04,2789376,1.0000,2025-07-14 12:00:06
681,6.883561,N/A,N/A,5.00e-05,26257.58,2793472,N/A,2025-07-14 12:00:06
682,5.545630,N/A,N/A,5.00e-05,26145.59,2797568,N/A,2025-07-14 12:00:06
683,4.705786,N/A,N/A,5.00e-05,26156.03,2801664,N/A,2025-07-14 12:00:07
684,5.987581,N/A,N/A,5.00e-05,26017.81,2805760,N/A,2025-07-14 12:00:07
685,3.845309,N/A,N/A,5.00e-05,26094.27,2809856,N/A,2025-07-14 12:00:07
686,5.250800,N/A,N/A,5.00e-05,26075.01,2813952,N/A,2025-07-14 12:00:07
687,4.605604,N/A,N/A,5.00e-05,26236.66,2818048,N/A,2025-07-14 12:00:07
688,6.767136,N/A,N/A,5.00e-05,26518.16,2822144,N/A,2025-07-14 12:00:07
689,4.450745,N/A,N/A,5.00e-05,27367.78,2826240,N/A,2025-07-14 12:00:08
690,4.209316,N/A,N/A,5.00e-05,26838.86,2830336,1.0000,2025-07-14 12:00:08
691,6.308083,N/A,N/A,5.00e-05,27010.22,2834432,N/A,2025-07-14 12:00:08
692,7.680460,N/A,N/A,5.00e-05,27065.11,2838528,N/A,2025-07-14 12:00:08
693,4.907069,N/A,N/A,5.00e-05,27318.88,2842624,N/A,2025-07-14 12:00:08
694,6.716076,N/A,N/A,5.00e-05,27302.41,2846720,N/A,2025-07-14 12:00:08
695,4.228508,N/A,N/A,5.00e-05,27283.72,2850816,N/A,2025-07-14 12:00:09
696,5.648175,N/A,N/A,5.00e-05,27264.29,2854912,N/A,2025-07-14 12:00:09
697,4.354189,N/A,N/A,5.00e-05,27224.32,2859008,N/A,2025-07-14 12:00:09
698,7.229540,N/A,N/A,5.00e-05,27236.20,2863104,N/A,2025-07-14 12:00:09
699,5.605361,N/A,N/A,5.00e-05,28130.96,2867200,N/A,2025-07-14 12:00:09
700,5.376734,N/A,N/A,5.00e-05,26845.73,2871296,1.0000,2025-07-14 12:00:10
701,5.110063,N/A,N/A,5.00e-05,20939.65,2875392,N/A,2025-07-14 12:00:10
702,3.245445,N/A,N/A,5.00e-05,20900.22,2879488,N/A,2025-07-14 12:00:10
703,3.649296,N/A,N/A,5.00e-05,20777.47,2883584,N/A,2025-07-14 12:00:10
704,5.169024,N/A,N/A,5.00e-05,20726.13,2887680,N/A,2025-07-14 12:00:11
705,5.792734,N/A,N/A,5.00e-05,20689.03,2891776,N/A,2025-07-14 12:00:11
706,4.982407,N/A,N/A,5.00e-05,20590.16,2895872,N/A,2025-07-14 12:00:11
707,5.968196,N/A,N/A,5.00e-05,20562.89,2899968,N/A,2025-07-14 12:00:11
708,3.440194,N/A,N/A,5.00e-05,20581.56,2904064,N/A,2025-07-14 12:00:11
709,4.030932,N/A,N/A,5.00e-05,21292.38,2908160,N/A,2025-07-14 12:00:11
710,5.616796,N/A,N/A,5.00e-05,26828.51,2912256,1.0000,2025-07-14 12:00:12
711,5.034090,N/A,N/A,5.00e-05,26737.69,2916352,N/A,2025-07-14 12:00:12
712,6.184090,N/A,N/A,5.00e-05,26942.27,2920448,N/A,2025-07-14 12:00:12
713,4.373974,N/A,N/A,5.00e-05,27015.98,2924544,N/A,2025-07-14 12:00:12
714,6.037295,N/A,N/A,5.00e-05,27070.72,2928640,N/A,2025-07-14 12:00:12
715,5.270861,N/A,N/A,5.00e-05,27260.36,2932736,N/A,2025-07-14 12:00:12
716,6.916732,N/A,N/A,5.00e-05,27388.19,2936832,N/A,2025-07-14 12:00:13
717,5.043493,N/A,N/A,5.00e-05,27380.59,2940928,N/A,2025-07-14 12:00:13
718,2.685914,N/A,N/A,5.00e-05,27109.25,2945024,N/A,2025-07-14 12:00:13
719,5.128193,N/A,N/A,5.00e-05,27576.25,2949120,N/A,2025-07-14 12:00:13
720,6.235093,N/A,N/A,5.00e-05,26571.80,2953216,1.0000,2025-07-14 12:00:13
721,7.048616,N/A,N/A,5.00e-05,26511.37,2957312,N/A,2025-07-14 12:00:14
722,3.175516,N/A,N/A,5.00e-05,26562.49,2961408,N/A,2025-07-14 12:00:14
723,4.209450,N/A,N/A,5.00e-05,26528.39,2965504,N/A,2025-07-14 12:00:14
724,3.156050,N/A,N/A,5.00e-05,26567.95,2969600,N/A,2025-07-14 12:00:14
725,6.109661,N/A,N/A,5.00e-05,26328.65,2973696,N/A,2025-07-14 12:00:14
726,4.337347,N/A,N/A,5.00e-05,26389.83,2977792,N/A,2025-07-14 12:00:14
727,3.877939,N/A,N/A,5.00e-05,26649.13,2981888,N/A,2025-07-14 12:00:15
728,6.032963,N/A,N/A,5.00e-05,26688.72,2985984,N/A,2025-07-14 12:00:15
729,6.380297,N/A,N/A,5.00e-05,27660.14,2990080,N/A,2025-07-14 12:00:15
730,4.577425,N/A,N/A,5.00e-05,26910.45,2994176,1.0000,2025-07-14 12:00:15
731,5.123693,N/A,N/A,5.00e-05,26802.93,2998272,N/A,2025-07-14 12:00:15
732,2.549233,N/A,N/A,5.00e-05,26828.73,3002368,N/A,2025-07-14 12:00:15
733,5.323346,N/A,N/A,5.00e-05,26720.39,3006464,N/A,2025-07-14 12:00:16
734,3.993760,N/A,N/A,5.00e-05,26819.93,3010560,N/A,2025-07-14 12:00:16
735,5.655592,N/A,N/A,5.00e-05,26667.66,3014656,N/A,2025-07-14 12:00:16
736,4.800610,N/A,N/A,5.00e-05,26689.80,3018752,N/A,2025-07-14 12:00:16
737,6.520245,N/A,N/A,5.00e-05,26453.59,3022848,N/A,2025-07-14 12:00:16
738,4.636571,N/A,N/A,5.00e-05,26572.08,3026944,N/A,2025-07-14 12:00:16
739,5.009879,N/A,N/A,5.00e-05,27300.58,3031040,N/A,2025-07-14 12:00:17
740,6.501276,N/A,N/A,5.00e-05,26752.05,3035136,1.0000,2025-07-14 12:00:17
741,3.744299,N/A,N/A,5.00e-05,26763.09,3039232,N/A,2025-07-14 12:00:17
742,6.918353,N/A,N/A,5.00e-05,26868.97,3043328,N/A,2025-07-14 12:00:17
743,4.829939,N/A,N/A,5.00e-05,27044.50,3047424,N/A,2025-07-14 12:00:17
744,6.125496,N/A,N/A,5.00e-05,27156.90,3051520,N/A,2025-07-14 12:00:17
745,5.049424,N/A,N/A,5.00e-05,27172.72,3055616,N/A,2025-07-14 12:00:18
746,6.301733,N/A,N/A,5.00e-05,27500.94,3059712,N/A,2025-07-14 12:00:18
747,4.035086,N/A,N/A,5.00e-05,27513.65,3063808,N/A,2025-07-14 12:00:18
748,7.062037,N/A,N/A,5.00e-05,27548.34,3067904,N/A,2025-07-14 12:00:18
749,5.910247,N/A,N/A,5.00e-05,28181.90,3072000,N/A,2025-07-14 12:00:18
750,6.869308,N/A,N/A,5.00e-05,27413.27,3076096,1.0000,2025-07-14 12:00:18
751,6.518261,N/A,N/A,5.00e-05,27420.15,3080192,N/A,2025-07-14 12:00:19
752,4.810974,N/A,N/A,5.00e-05,27406.64,3084288,N/A,2025-07-14 12:00:19
753,5.910027,N/A,N/A,5.00e-05,27443.93,3088384,N/A,2025-07-14 12:00:19
754,5.795254,N/A,N/A,5.00e-05,27488.45,3092480,N/A,2025-07-14 12:00:19
755,4.709846,N/A,N/A,5.00e-05,27489.30,3096576,N/A,2025-07-14 12:00:19
756,6.289642,N/A,N/A,5.00e-05,27493.83,3100672,N/A,2025-07-14 12:00:19
757,5.077137,N/A,N/A,5.00e-05,27548.89,3104768,N/A,2025-07-14 12:00:20
758,4.933187,N/A,N/A,5.00e-05,27516.92,3108864,N/A,2025-07-14 12:00:20
759,6.292785,N/A,N/A,5.00e-05,28249.62,3112960,N/A,2025-07-14 12:00:20
760,7.327026,N/A,N/A,5.00e-05,27568.26,3117056,1.0000,2025-07-14 12:00:20
761,4.228213,N/A,N/A,5.00e-05,27455.16,3121152,N/A,2025-07-14 12:00:20
762,6.298375,N/A,N/A,5.00e-05,27261.24,3125248,N/A,2025-07-14 12:00:20
763,5.538775,N/A,N/A,5.00e-05,27065.10,3129344,N/A,2025-07-14 12:00:21
764,6.474797,N/A,N/A,5.00e-05,27068.07,3133440,N/A,2025-07-14 12:00:21
765,4.617098,N/A,N/A,5.00e-05,27013.20,3137536,N/A,2025-07-14 12:00:21
766,5.782979,N/A,N/A,5.00e-05,26996.50,3141632,N/A,2025-07-14 12:00:21
767,4.609332,N/A,N/A,5.00e-05,27101.52,3145728,N/A,2025-07-14 12:00:21
768,7.422729,N/A,N/A,5.00e-05,27217.79,3149824,N/A,2025-07-14 12:00:21
769,5.397848,N/A,N/A,5.00e-05,27894.38,3153920,N/A,2025-07-14 12:00:22
770,6.547068,N/A,N/A,5.00e-05,27341.37,3158016,1.0000,2025-07-14 12:00:22
771,6.131530,N/A,N/A,5.00e-05,27490.51,3162112,N/A,2025-07-14 12:00:22
772,6.868172,N/A,N/A,5.00e-05,27683.52,3166208,N/A,2025-07-14 12:00:22
773,3.901547,N/A,N/A,5.00e-05,27726.81,3170304,N/A,2025-07-14 12:00:22
774,6.307895,N/A,N/A,5.00e-05,27746.40,3174400,N/A,2025-07-14 12:00:22
775,4.806493,N/A,N/A,5.00e-05,27191.43,3178496,N/A,2025-07-14 12:00:23
776,3.712996,N/A,N/A,5.00e-05,27165.92,3182592,N/A,2025-07-14 12:00:23
777,3.740672,N/A,N/A,5.00e-05,27100.42,3186688,N/A,2025-07-14 12:00:23
778,7.768270,N/A,N/A,5.00e-05,27039.66,3190784,N/A,2025-07-14 12:00:23
779,4.627347,N/A,N/A,5.00e-05,27523.52,3194880,N/A,2025-07-14 12:00:23
780,3.544571,N/A,N/A,5.00e-05,26909.69,3198976,1.0000,2025-07-14 12:00:23
781,7.143910,N/A,N/A,5.00e-05,26913.09,3203072,N/A,2025-07-14 12:00:24
782,4.026088,N/A,N/A,5.00e-05,26847.76,3207168,N/A,2025-07-14 12:00:24
783,4.463829,N/A,N/A,5.00e-05,26908.69,3211264,N/A,2025-07-14 12:00:24
784,4.259940,N/A,N/A,5.00e-05,27435.32,3215360,N/A,2025-07-14 12:00:24
785,4.519946,N/A,N/A,5.00e-05,27426.85,3219456,N/A,2025-07-14 12:00:24
786,5.996246,N/A,N/A,5.00e-05,27425.27,3223552,N/A,2025-07-14 12:00:24
787,5.283820,N/A,N/A,5.00e-05,27417.09,3227648,N/A,2025-07-14 12:00:25
788,3.839101,N/A,N/A,5.00e-05,27557.40,3231744,N/A,2025-07-14 12:00:25
789,3.070344,N/A,N/A,5.00e-05,28146.54,3235840,N/A,2025-07-14 12:00:25
790,5.635444,N/A,N/A,5.00e-05,27508.42,3239936,1.0000,2025-07-14 12:00:25
791,4.294065,N/A,N/A,5.00e-05,27519.77,3244032,N/A,2025-07-14 12:00:25
792,4.787611,N/A,N/A,5.00e-05,27525.21,3248128,N/A,2025-07-14 12:00:25
793,4.248436,N/A,N/A,5.00e-05,27597.66,3252224,N/A,2025-07-14 12:00:26
794,5.308358,N/A,N/A,5.00e-05,27593.62,3256320,N/A,2025-07-14 12:00:26
795,3.716190,N/A,N/A,5.00e-05,27657.25,3260416,N/A,2025-07-14 12:00:26
796,3.709710,N/A,N/A,5.00e-05,27732.99,3264512,N/A,2025-07-14 12:00:26
797,4.061957,N/A,N/A,5.00e-05,27760.92,3268608,N/A,2025-07-14 12:00:26
798,4.129638,N/A,N/A,5.00e-05,27681.75,3272704,N/A,2025-07-14 12:00:26
799,5.334168,N/A,N/A,5.00e-05,28264.88,3276800,N/A,2025-07-14 12:00:26
800,4.858004,N/A,N/A,5.00e-05,27675.51,3280896,1.0000,2025-07-14 12:00:27
801,4.912035,N/A,N/A,5.00e-05,22200.11,3284992,N/A,2025-07-14 12:00:27
802,2.906163,N/A,N/A,5.00e-05,22190.17,3289088,N/A,2025-07-14 12:00:27
803,4.178325,N/A,N/A,5.00e-05,22185.40,3293184,N/A,2025-07-14 12:00:28
804,5.298107,N/A,N/A,5.00e-05,22171.97,3297280,N/A,2025-07-14 12:00:28
805,6.671354,N/A,N/A,5.00e-05,22161.21,3301376,N/A,2025-07-14 12:00:28
806,7.308611,N/A,N/A,5.00e-05,22128.83,3305472,N/A,2025-07-14 12:00:28
807,6.705636,N/A,N/A,5.00e-05,21912.72,3309568,N/A,2025-07-14 12:00:28
808,6.942375,N/A,N/A,5.00e-05,21964.91,3313664,N/A,2025-07-14 12:00:28
809,6.378195,N/A,N/A,5.00e-05,22358.56,3317760,N/A,2025-07-14 12:00:29
810,7.758826,N/A,N/A,5.00e-05,27254.35,3321856,1.0000,2025-07-14 12:00:29
811,5.200707,N/A,N/A,5.00e-05,27272.04,3325952,N/A,2025-07-14 12:00:29
812,3.445836,N/A,N/A,5.00e-05,27297.76,3330048,N/A,2025-07-14 12:00:29
813,5.692038,N/A,N/A,5.00e-05,27230.35,3334144,N/A,2025-07-14 12:00:29
814,4.346022,N/A,N/A,5.00e-05,27254.99,3338240,N/A,2025-07-14 12:00:29
815,6.520053,N/A,N/A,5.00e-05,27288.03,3342336,N/A,2025-07-14 12:00:30
816,3.904111,N/A,N/A,5.00e-05,27818.06,3346432,N/A,2025-07-14 12:00:30
817,4.316363,N/A,N/A,5.00e-05,27786.84,3350528,N/A,2025-07-14 12:00:30
818,5.328830,N/A,N/A,5.00e-05,27785.90,3354624,N/A,2025-07-14 12:00:30
819,2.932095,N/A,N/A,5.00e-05,28422.67,3358720,N/A,2025-07-14 12:00:30
820,3.740615,N/A,N/A,5.00e-05,27704.86,3362816,1.0000,2025-07-14 12:00:30
821,4.645709,N/A,N/A,5.00e-05,27712.33,3366912,N/A,2025-07-14 12:00:31
822,3.064652,N/A,N/A,5.00e-05,27748.65,3371008,N/A,2025-07-14 12:00:31
823,6.247251,N/A,N/A,5.00e-05,27740.33,3375104,N/A,2025-07-14 12:00:31
824,4.306120,N/A,N/A,5.00e-05,27306.61,3379200,N/A,2025-07-14 12:00:31
825,3.867534,N/A,N/A,5.00e-05,27349.61,3383296,N/A,2025-07-14 12:00:31
826,4.905189,N/A,N/A,5.00e-05,27336.36,3387392,N/A,2025-07-14 12:00:31
827,4.454773,N/A,N/A,5.00e-05,27330.36,3391488,N/A,2025-07-14 12:00:31
828,4.020578,N/A,N/A,5.00e-05,27355.88,3395584,N/A,2025-07-14 12:00:32
829,6.990128,N/A,N/A,5.00e-05,27973.55,3399680,N/A,2025-07-14 12:00:32
830,4.120873,N/A,N/A,5.00e-05,27283.44,3403776,1.0000,2025-07-14 12:00:32
831,4.482358,N/A,N/A,5.00e-05,27329.45,3407872,N/A,2025-07-14 12:00:32
832,4.977242,N/A,N/A,5.00e-05,27262.20,3411968,N/A,2025-07-14 12:00:32
833,5.342821,N/A,N/A,5.00e-05,27661.71,3416064,N/A,2025-07-14 12:00:32
834,4.011103,N/A,N/A,5.00e-05,27588.02,3420160,N/A,2025-07-14 12:00:33
835,3.337769,N/A,N/A,5.00e-05,27605.17,3424256,N/A,2025-07-14 12:00:33
836,5.585859,N/A,N/A,5.00e-05,27568.23,3428352,N/A,2025-07-14 12:00:33
837,6.795154,N/A,N/A,5.00e-05,27532.89,3432448,N/A,2025-07-14 12:00:33
838,6.141778,N/A,N/A,5.00e-05,27540.84,3436544,N/A,2025-07-14 12:00:33
839,7.467268,N/A,N/A,5.00e-05,28168.52,3440640,N/A,2025-07-14 12:00:33
840,4.733188,N/A,N/A,5.00e-05,26966.67,3444736,1.0000,2025-07-14 12:00:34
841,4.536259,N/A,N/A,5.00e-05,26986.93,3448832,N/A,2025-07-14 12:00:34
842,6.770590,N/A,N/A,5.00e-05,26975.70,3452928,N/A,2025-07-14 12:00:34
843,5.679346,N/A,N/A,5.00e-05,26964.08,3457024,N/A,2025-07-14 12:00:34
844,5.862526,N/A,N/A,5.00e-05,27008.62,3461120,N/A,2025-07-14 12:00:34
845,2.944041,N/A,N/A,5.00e-05,27023.80,3465216,N/A,2025-07-14 12:00:34
846,7.331382,N/A,N/A,5.00e-05,27009.77,3469312,N/A,2025-07-14 12:00:35
847,5.318092,N/A,N/A,5.00e-05,27047.31,3473408,N/A,2025-07-14 12:00:35
848,5.227707,N/A,N/A,5.00e-05,27090.18,3477504,N/A,2025-07-14 12:00:35
849,7.497591,N/A,N/A,5.00e-05,28206.08,3481600,N/A,2025-07-14 12:00:35
850,5.818308,N/A,N/A,5.00e-05,27536.25,3485696,1.0000,2025-07-14 12:00:35
851,5.307886,N/A,N/A,5.00e-05,27520.74,3489792,N/A,2025-07-14 12:00:35
852,3.140058,N/A,N/A,5.00e-05,27472.32,3493888,N/A,2025-07-14 12:00:36
853,4.620001,N/A,N/A,5.00e-05,27362.21,3497984,N/A,2025-07-14 12:00:36
854,4.165512,N/A,N/A,5.00e-05,27330.95,3502080,N/A,2025-07-14 12:00:36
855,6.215287,N/A,N/A,5.00e-05,27335.93,3506176,N/A,2025-07-14 12:00:36
856,5.288736,N/A,N/A,5.00e-05,27240.73,3510272,N/A,2025-07-14 12:00:36
857,4.803907,N/A,N/A,5.00e-05,27269.15,3514368,N/A,2025-07-14 12:00:36
858,5.482351,N/A,N/A,5.00e-05,27197.61,3518464,N/A,2025-07-14 12:00:37
859,4.037815,N/A,N/A,5.00e-05,27493.18,3522560,N/A,2025-07-14 12:00:37
860,5.970891,N/A,N/A,5.00e-05,26408.32,3526656,1.0000,2025-07-14 12:00:37
861,3.416124,N/A,N/A,5.00e-05,26416.43,3530752,N/A,2025-07-14 12:00:37
862,5.192065,N/A,N/A,5.00e-05,26381.00,3534848,N/A,2025-07-14 12:00:37
863,2.884129,N/A,N/A,5.00e-05,26355.22,3538944,N/A,2025-07-14 12:00:38
864,3.817853,N/A,N/A,5.00e-05,26340.74,3543040,N/A,2025-07-14 12:00:38
865,6.518198,N/A,N/A,5.00e-05,26371.07,3547136,N/A,2025-07-14 12:00:38
866,4.287997,N/A,N/A,5.00e-05,26330.97,3551232,N/A,2025-07-14 12:00:38
867,4.949668,N/A,N/A,5.00e-05,26346.92,3555328,N/A,2025-07-14 12:00:38
868,3.926759,N/A,N/A,5.00e-05,26611.42,3559424,N/A,2025-07-14 12:00:38
869,6.597669,N/A,N/A,5.00e-05,27648.26,3563520,N/A,2025-07-14 12:00:39
870,3.764730,N/A,N/A,5.00e-05,27007.32,3567616,1.0000,2025-07-14 12:00:39
871,4.870729,N/A,N/A,5.00e-05,27068.75,3571712,N/A,2025-07-14 12:00:39
872,2.749649,N/A,N/A,5.00e-05,27129.22,3575808,N/A,2025-07-14 12:00:39
873,6.129447,N/A,N/A,5.00e-05,27043.68,3579904,N/A,2025-07-14 12:00:39
874,5.357288,N/A,N/A,5.00e-05,26738.23,3584000,N/A,2025-07-14 12:00:39
875,2.151177,N/A,N/A,5.00e-05,26493.71,3588096,N/A,2025-07-14 12:00:40
876,7.525853,N/A,N/A,5.00e-05,26557.51,3592192,N/A,2025-07-14 12:00:40
877,4.153584,N/A,N/A,5.00e-05,26644.86,3596288,N/A,2025-07-14 12:00:40
878,5.501636,N/A,N/A,5.00e-05,26735.73,3600384,N/A,2025-07-14 12:00:40
879,5.885262,N/A,N/A,5.00e-05,27346.71,3604480,N/A,2025-07-14 12:00:40
880,4.968544,N/A,N/A,5.00e-05,26508.83,3608576,1.0000,2025-07-14 12:00:40
881,3.219059,N/A,N/A,5.00e-05,26493.57,3612672,N/A,2025-07-14 12:00:41
882,6.671459,N/A,N/A,5.00e-05,26420.30,3616768,N/A,2025-07-14 12:00:41
883,5.400013,N/A,N/A,5.00e-05,26642.39,3620864,N/A,2025-07-14 12:00:41
884,3.277626,N/A,N/A,5.00e-05,26918.63,3624960,N/A,2025-07-14 12:00:41
885,7.802815,N/A,N/A,5.00e-05,26899.83,3629056,N/A,2025-07-14 12:00:41
886,4.930369,N/A,N/A,5.00e-05,26840.85,3633152,N/A,2025-07-14 12:00:41
887,7.273544,N/A,N/A,5.00e-05,26798.56,3637248,N/A,2025-07-14 12:00:42
888,3.733534,N/A,N/A,5.00e-05,26850.38,3641344,N/A,2025-07-14 12:00:42
889,4.372464,N/A,N/A,5.00e-05,27726.21,3645440,N/A,2025-07-14 12:00:42
890,3.551732,N/A,N/A,5.00e-05,26955.69,3649536,1.0000,2025-07-14 12:00:42
891,7.360774,N/A,N/A,5.00e-05,27133.14,3653632,N/A,2025-07-14 12:00:42
892,7.572282,N/A,N/A,5.00e-05,27253.50,3657728,N/A,2025-07-14 12:00:42
893,5.765545,N/A,N/A,5.00e-05,27239.11,3661824,N/A,2025-07-14 12:00:43
894,6.723429,N/A,N/A,5.00e-05,27305.53,3665920,N/A,2025-07-14 12:00:43
895,2.635874,N/A,N/A,5.00e-05,27218.55,3670016,N/A,2025-07-14 12:00:43
896,4.555183,N/A,N/A,5.00e-05,27102.19,3674112,N/A,2025-07-14 12:00:43
897,6.648151,N/A,N/A,5.00e-05,27142.67,3678208,N/A,2025-07-14 12:00:43
898,5.271722,N/A,N/A,5.00e-05,27180.41,3682304,N/A,2025-07-14 12:00:43
899,2.782704,N/A,N/A,5.00e-05,27980.55,3686400,N/A,2025-07-14 12:00:44
900,3.720266,N/A,N/A,5.00e-05,27422.37,3690496,0.7818,2025-07-14 12:00:44
901,6.125333,N/A,N/A,5.00e-05,21683.69,3694592,N/A,2025-07-14 12:00:44
902,6.540843,N/A,N/A,5.00e-05,21699.47,3698688,N/A,2025-07-14 12:00:44
903,6.665720,N/A,N/A,5.00e-05,21679.50,3702784,N/A,2025-07-14 12:00:45
904,2.532419,N/A,N/A,5.00e-05,21768.65,3706880,N/A,2025-07-14 12:00:45
905,5.564933,N/A,N/A,5.00e-05,21899.71,3710976,N/A,2025-07-14 12:00:45
906,5.241857,N/A,N/A,5.00e-05,21897.19,3715072,N/A,2025-07-14 12:00:45
907,6.534580,N/A,N/A,5.00e-05,21894.15,3719168,N/A,2025-07-14 12:00:45
908,5.848808,N/A,N/A,5.00e-05,21917.00,3723264,N/A,2025-07-14 12:00:45
909,4.715139,N/A,N/A,5.00e-05,22273.30,3727360,N/A,2025-07-14 12:00:46
910,4.791288,N/A,N/A,5.00e-05,27657.51,3731456,1.0000,2025-07-14 12:00:46
911,8.231925,N/A,N/A,5.00e-05,27543.52,3735552,N/A,2025-07-14 12:00:46
912,5.733093,N/A,N/A,5.00e-05,27535.56,3739648,N/A,2025-07-14 12:00:46
913,7.043355,N/A,N/A,5.00e-05,27507.29,3743744,N/A,2025-07-14 12:00:46
914,4.154653,N/A,N/A,5.00e-05,27449.29,3747840,N/A,2025-07-14 12:00:46
915,6.808253,N/A,N/A,5.00e-05,27378.65,3751936,N/A,2025-07-14 12:00:47
916,5.033171,N/A,N/A,5.00e-05,27341.98,3756032,N/A,2025-07-14 12:00:47
917,2.456355,N/A,N/A,5.00e-05,27334.91,3760128,N/A,2025-07-14 12:00:47
918,2.357021,N/A,N/A,5.00e-05,27390.70,3764224,N/A,2025-07-14 12:00:47
919,5.668981,N/A,N/A,5.00e-05,28000.70,3768320,N/A,2025-07-14 12:00:47
920,2.421561,N/A,N/A,5.00e-05,27380.54,3772416,1.0000,2025-07-14 12:00:47
921,6.530754,N/A,N/A,5.00e-05,27317.73,3776512,N/A,2025-07-14 12:00:48
922,4.607705,N/A,N/A,5.00e-05,27240.59,3780608,N/A,2025-07-14 12:00:48
923,6.144532,N/A,N/A,5.00e-05,27242.21,3784704,N/A,2025-07-14 12:00:48
924,4.566384,N/A,N/A,5.00e-05,27195.34,3788800,N/A,2025-07-14 12:00:48
925,4.132324,N/A,N/A,5.00e-05,27136.93,3792896,N/A,2025-07-14 12:00:48
926,6.075846,N/A,N/A,5.00e-05,26627.91,3796992,N/A,2025-07-14 12:00:48
927,6.162177,N/A,N/A,5.00e-05,26562.86,3801088,N/A,2025-07-14 12:00:49
928,5.879165,N/A,N/A,5.00e-05,26574.90,3805184,N/A,2025-07-14 12:00:49
929,5.106053,N/A,N/A,5.00e-05,27207.73,3809280,N/A,2025-07-14 12:00:49
930,2.877325,N/A,N/A,5.00e-05,26580.19,3813376,1.0000,2025-07-14 12:00:49
931,3.041431,N/A,N/A,5.00e-05,26644.10,3817472,N/A,2025-07-14 12:00:49
932,5.571640,N/A,N/A,5.00e-05,26656.70,3821568,N/A,2025-07-14 12:00:50
933,4.544867,N/A,N/A,5.00e-05,26704.30,3825664,N/A,2025-07-14 12:00:50
934,4.319154,N/A,N/A,5.00e-05,26610.97,3829760,N/A,2025-07-14 12:00:50
935,5.322823,N/A,N/A,5.00e-05,27057.71,3833856,N/A,2025-07-14 12:00:50
936,6.865199,N/A,N/A,5.00e-05,27070.05,3837952,N/A,2025-07-14 12:00:50
937,4.439568,N/A,N/A,5.00e-05,26688.26,3842048,N/A,2025-07-14 12:00:50
938,5.746367,N/A,N/A,5.00e-05,26717.31,3846144,N/A,2025-07-14 12:00:51
939,4.116857,N/A,N/A,5.00e-05,27222.10,3850240,N/A,2025-07-14 12:00:51
940,4.976510,N/A,N/A,5.00e-05,26579.93,3854336,0.9312,2025-07-14 12:00:51
941,5.479052,N/A,N/A,5.00e-05,26562.62,3858432,N/A,2025-07-14 12:00:51
942,6.377487,N/A,N/A,5.00e-05,26572.84,3862528,N/A,2025-07-14 12:00:51
943,5.135158,N/A,N/A,5.00e-05,26522.62,3866624,N/A,2025-07-14 12:00:51
944,7.147893,N/A,N/A,5.00e-05,26557.43,3870720,N/A,2025-07-14 12:00:52
945,3.843026,N/A,N/A,5.00e-05,26543.03,3874816,N/A,2025-07-14 12:00:52
946,3.891192,N/A,N/A,5.00e-05,26995.48,3878912,N/A,2025-07-14 12:00:52
947,4.184971,N/A,N/A,5.00e-05,27043.89,3883008,N/A,2025-07-14 12:00:52
948,6.031521,N/A,N/A,5.00e-05,27212.16,3887104,N/A,2025-07-14 12:00:52
949,8.034122,N/A,N/A,5.00e-05,27850.32,3891200,N/A,2025-07-14 12:00:52
950,4.054402,N/A,N/A,5.00e-05,26705.70,3895296,1.0000,2025-07-14 12:00:53
951,5.687459,N/A,N/A,5.00e-05,26686.39,3899392,N/A,2025-07-14 12:00:53
952,4.862146,N/A,N/A,5.00e-05,26891.30,3903488,N/A,2025-07-14 12:00:53
953,6.021839,N/A,N/A,5.00e-05,26871.72,3907584,N/A,2025-07-14 12:00:53
954,6.813340,N/A,N/A,5.00e-05,26863.28,3911680,N/A,2025-07-14 12:00:53
955,4.300537,N/A,N/A,5.00e-05,26522.29,3915776,N/A,2025-07-14 12:00:53
956,9.867467,N/A,N/A,5.00e-05,26264.14,3919872,N/A,2025-07-14 12:00:54
957,3.812698,N/A,N/A,5.00e-05,26301.25,3923968,N/A,2025-07-14 12:00:54
958,4.286360,N/A,N/A,5.00e-05,26357.88,3928064,N/A,2025-07-14 12:00:54
959,5.454362,N/A,N/A,5.00e-05,27474.68,3932160,N/A,2025-07-14 12:00:54
960,3.162859,N/A,N/A,5.00e-05,26836.48,3936256,1.0000,2025-07-14 12:00:54
961,5.423050,N/A,N/A,5.00e-05,26881.69,3940352,N/A,2025-07-14 12:00:54
962,3.510511,N/A,N/A,5.00e-05,26914.77,3944448,N/A,2025-07-14 12:00:55
963,7.118454,N/A,N/A,5.00e-05,26742.95,3948544,N/A,2025-07-14 12:00:55
964,5.811265,N/A,N/A,5.00e-05,26879.80,3952640,N/A,2025-07-14 12:00:55
965,4.881629,N/A,N/A,5.00e-05,27024.81,3956736,N/A,2025-07-14 12:00:55
966,4.680240,N/A,N/A,5.00e-05,27001.17,3960832,N/A,2025-07-14 12:00:55
967,3.706237,N/A,N/A,5.00e-05,26594.71,3964928,N/A,2025-07-14 12:00:55
968,3.480339,N/A,N/A,5.00e-05,26689.85,3969024,N/A,2025-07-14 12:00:56
969,4.330475,N/A,N/A,5.00e-05,26972.83,3973120,N/A,2025-07-14 12:00:56
970,5.047915,N/A,N/A,5.00e-05,25653.88,3977216,1.0000,2025-07-14 12:00:56
971,5.623521,N/A,N/A,5.00e-05,25480.65,3981312,N/A,2025-07-14 12:00:56
972,5.909644,N/A,N/A,5.00e-05,25680.48,3985408,N/A,2025-07-14 12:00:56
973,4.975914,N/A,N/A,5.00e-05,25861.39,3989504,N/A,2025-07-14 12:00:57
974,5.089921,N/A,N/A,5.00e-05,25926.76,3993600,N/A,2025-07-14 12:00:57
975,4.058153,N/A,N/A,5.00e-05,25953.52,3997696,N/A,2025-07-14 12:00:57
976,5.013917,N/A,N/A,5.00e-05,26342.40,4001792,N/A,2025-07-14 12:00:57
977,2.955728,N/A,N/A,5.00e-05,26244.86,4005888,N/A,2025-07-14 12:00:57
978,3.973762,N/A,N/A,5.00e-05,26635.42,4009984,N/A,2025-07-14 12:00:57
979,6.301685,N/A,N/A,5.00e-05,28074.26,4014080,N/A,2025-07-14 12:00:57
980,5.720456,N/A,N/A,5.00e-05,27608.16,4018176,1.0000,2025-07-14 12:00:58
981,7.625662,N/A,N/A,5.00e-05,27648.31,4022272,N/A,2025-07-14 12:00:58
982,7.647427,N/A,N/A,5.00e-05,27678.57,4026368,N/A,2025-07-14 12:00:58
983,6.617791,N/A,N/A,5.00e-05,27781.28,4030464,N/A,2025-07-14 12:00:58
984,5.797568,N/A,N/A,5.00e-05,27766.95,4034560,N/A,2025-07-14 12:00:58
985,5.645558,N/A,N/A,5.00e-05,27841.50,4038656,N/A,2025-07-14 12:00:58
986,2.278238,N/A,N/A,5.00e-05,27885.15,4042752,N/A,2025-07-14 12:00:59
987,4.418939,N/A,N/A,5.00e-05,27914.81,4046848,N/A,2025-07-14 12:00:59
988,4.867784,N/A,N/A,5.00e-05,27893.50,4050944,N/A,2025-07-14 12:00:59
989,5.374144,N/A,N/A,5.00e-05,28511.24,4055040,N/A,2025-07-14 12:00:59
990,6.245961,N/A,N/A,5.00e-05,27714.21,4059136,1.0000,2025-07-14 12:00:59
991,6.574123,N/A,N/A,5.00e-05,27468.66,4063232,N/A,2025-07-14 12:00:59
992,4.798585,N/A,N/A,5.00e-05,27365.66,4067328,N/A,2025-07-14 12:01:00
993,6.230831,N/A,N/A,5.00e-05,27299.24,4071424,N/A,2025-07-14 12:01:00
994,5.912337,N/A,N/A,5.00e-05,27182.89,4075520,N/A,2025-07-14 12:01:00
995,2.801397,N/A,N/A,5.00e-05,27204.20,4079616,N/A,2025-07-14 12:01:00
996,4.588837,N/A,N/A,5.00e-05,27164.96,4083712,N/A,2025-07-14 12:01:00
997,6.168522,N/A,N/A,5.00e-05,27120.39,4087808,N/A,2025-07-14 12:01:00
998,6.118492,N/A,N/A,5.00e-05,27007.49,4091904,N/A,2025-07-14 12:01:01
999,5.643327,N/A,N/A,5.00e-05,27646.01,4096000,N/A,2025-07-14 12:01:01
1000,4.266512,4.840972,225.327988,5.00e-05,4863.18,4100096,N/A,2025-07-14 12:01:08
1001,3.903751,4.840972,225.327988,5.00e-05,4522.81,4104192,N/A,2025-07-14 12:01:09
1002,6.944097,4.840972,225.327988,5.00e-05,4518.97,4108288,N/A,2025-07-14 12:01:09
1003,4.391680,4.840972,225.327988,5.00e-05,4514.72,4112384,N/A,2025-07-14 12:01:09
1004,5.202586,4.840972,225.327988,5.00e-05,4501.76,4116480,N/A,2025-07-14 12:01:09
1005,6.752941,4.840972,225.327988,5.00e-05,4496.13,4120576,N/A,2025-07-14 12:01:09
1006,5.138649,4.840972,225.327988,5.00e-05,4495.76,4124672,N/A,2025-07-14 12:01:10
1007,7.079117,4.840972,225.327988,5.00e-05,4491.03,4128768,N/A,2025-07-14 12:01:10
1008,5.205424,4.840972,225.327988,5.00e-05,4484.49,4132864,N/A,2025-07-14 12:01:10
1009,4.631711,4.840972,225.327988,5.00e-05,18634.13,4136960,N/A,2025-07-14 12:01:10
1010,4.960018,4.840972,225.327988,5.00e-05,24799.31,4141056,0.8394,2025-07-14 12:01:10
1011,5.096335,4.840972,225.327988,5.00e-05,24800.73,4145152,N/A,2025-07-14 12:01:11
1012,3.756237,4.840972,225.327988,5.00e-05,24566.04,4149248,N/A,2025-07-14 12:01:11
1013,4.468206,4.840972,225.327988,5.00e-05,24691.16,4153344,N/A,2025-07-14 12:01:11
1014,5.978065,4.840972,225.327988,5.00e-05,24721.16,4157440,N/A,2025-07-14 12:01:11
1015,5.010662,4.840972,225.327988,5.00e-05,24365.01,4161536,N/A,2025-07-14 12:01:11
1016,6.678564,4.840972,225.327988,5.00e-05,24422.03,4165632,N/A,2025-07-14 12:01:11
1017,2.903752,4.840972,225.327988,5.00e-05,24268.95,4169728,N/A,2025-07-14 12:01:12
1018,5.948225,4.840972,225.327988,5.00e-05,24118.20,4173824,N/A,2025-07-14 12:01:12
1019,4.976879,4.840972,225.327988,5.00e-05,25317.40,4177920,N/A,2025-07-14 12:01:12
1020,5.940813,4.840972,225.327988,5.00e-05,24393.03,4182016,1.0000,2025-07-14 12:01:12
1021,6.776588,4.840972,225.327988,5.00e-05,24164.03,4186112,N/A,2025-07-14 12:01:12
1022,6.480794,4.840972,225.327988,5.00e-05,24383.81,4190208,N/A,2025-07-14 12:01:13
1023,5.741566,4.840972,225.327988,5.00e-05,24484.35,4194304,N/A,2025-07-14 12:01:13
1024,7.899954,4.840972,225.327988,5.00e-05,24183.63,4198400,N/A,2025-07-14 12:01:13
1025,5.202667,4.840972,225.327988,5.00e-05,24223.60,4202496,N/A,2025-07-14 12:01:13
1026,6.062535,4.840972,225.327988,5.00e-05,24572.13,4206592,N/A,2025-07-14 12:01:13
1027,6.601952,4.840972,225.327988,5.00e-05,24837.36,4210688,N/A,2025-07-14 12:01:13
1028,4.645524,4.840972,225.327988,5.00e-05,24514.27,4214784,N/A,2025-07-14 12:01:14
1029,3.172891,4.840972,225.327988,5.00e-05,25418.97,4218880,N/A,2025-07-14 12:01:14
1030,6.803264,4.840972,225.327988,5.00e-05,25515.56,4222976,0.6543,2025-07-14 12:01:14
1031,4.772572,4.840972,225.327988,5.00e-05,25261.07,4227072,N/A,2025-07-14 12:01:14
1032,4.816542,4.840972,225.327988,5.00e-05,24996.50,4231168,N/A,2025-07-14 12:01:14
1033,6.895431,4.840972,225.327988,5.00e-05,25648.88,4235264,N/A,2025-07-14 12:01:15
1034,5.873287,4.840972,225.327988,5.00e-05,25809.28,4239360,N/A,2025-07-14 12:01:15
1035,5.179924,4.840972,225.327988,5.00e-05,25509.25,4243456,N/A,2025-07-14 12:01:15
1036,4.868726,4.840972,225.327988,5.00e-05,25548.54,4247552,N/A,2025-07-14 12:01:15
1037,2.249781,4.840972,225.327988,5.00e-05,25979.32,4251648,N/A,2025-07-14 12:01:15
1038,4.496397,4.840972,225.327988,5.00e-05,25682.23,4255744,N/A,2025-07-14 12:01:15
1039,3.041743,4.840972,225.327988,5.00e-05,25890.86,4259840,N/A,2025-07-14 12:01:16
1040,4.199815,4.840972,225.327988,5.00e-05,25450.15,4263936,0.6425,2025-07-14 12:01:16
1041,6.848973,4.840972,225.327988,5.00e-05,25640.29,4268032,N/A,2025-07-14 12:01:16
1042,6.283985,4.840972,225.327988,5.00e-05,25424.25,4272128,N/A,2025-07-14 12:01:16
1043,5.487846,4.840972,225.327988,5.00e-05,25327.96,4276224,N/A,2025-07-14 12:01:16
1044,6.466310,4.840972,225.327988,5.00e-05,25198.41,4280320,N/A,2025-07-14 12:01:17
1045,7.640966,4.840972,225.327988,5.00e-05,25038.27,4284416,N/A,2025-07-14 12:01:17
1046,5.923572,4.840972,225.327988,5.00e-05,24742.24,4288512,N/A,2025-07-14 12:01:17
1047,6.115005,4.840972,225.327988,5.00e-05,25108.48,4292608,N/A,2025-07-14 12:01:17
1048,5.731580,4.840972,225.327988,5.00e-05,25311.62,4296704,N/A,2025-07-14 12:01:17
1049,5.901994,4.840972,225.327988,5.00e-05,26017.85,4300800,N/A,2025-07-14 12:01:17
1050,6.074938,4.840972,225.327988,5.00e-05,25601.28,4304896,1.0000,2025-07-14 12:01:18
1051,6.645694,4.840972,225.327988,5.00e-05,25918.56,4308992,N/A,2025-07-14 12:01:18
1052,6.102885,4.840972,225.327988,5.00e-05,25900.57,4313088,N/A,2025-07-14 12:01:18
1053,4.207702,4.840972,225.327988,5.00e-05,26385.19,4317184,N/A,2025-07-14 12:01:18
1054,7.815325,4.840972,225.327988,5.00e-05,26661.98,4321280,N/A,2025-07-14 12:01:18
1055,2.903225,4.840972,225.327988,5.00e-05,27062.66,4325376,N/A,2025-07-14 12:01:18
1056,6.270226,4.840972,225.327988,5.00e-05,27219.09,4329472,N/A,2025-07-14 12:01:19
1057,4.659633,4.840972,225.327988,5.00e-05,26923.95,4333568,N/A,2025-07-14 12:01:19
1058,6.969673,4.840972,225.327988,5.00e-05,26914.98,4337664,N/A,2025-07-14 12:01:19
1059,5.252549,4.840972,225.327988,5.00e-05,27463.21,4341760,N/A,2025-07-14 12:01:19
1060,5.038157,4.840972,225.327988,5.00e-05,26508.78,4345856,0.8654,2025-07-14 12:01:19
1061,2.652041,4.840972,225.327988,5.00e-05,26647.87,4349952,N/A,2025-07-14 12:01:19
1062,5.587662,4.840972,225.327988,5.00e-05,26508.71,4354048,N/A,2025-07-14 12:01:20
1063,7.012657,4.840972,225.327988,5.00e-05,26459.71,4358144,N/A,2025-07-14 12:01:20
1064,5.886051,4.840972,225.327988,5.00e-05,26356.81,4362240,N/A,2025-07-14 12:01:20
1065,5.203753,4.840972,225.327988,5.00e-05,26319.17,4366336,N/A,2025-07-14 12:01:20
1066,4.591422,4.840972,225.327988,5.00e-05,26661.03,4370432,N/A,2025-07-14 12:01:20
1067,6.428170,4.840972,225.327988,5.00e-05,26615.29,4374528,N/A,2025-07-14 12:01:20
1068,4.725174,4.840972,225.327988,5.00e-05,26663.32,4378624,N/A,2025-07-14 12:01:21
1069,7.447163,4.840972,225.327988,5.00e-05,27551.83,4382720,N/A,2025-07-14 12:01:21
1070,6.282455,4.840972,225.327988,5.00e-05,26818.64,4386816,1.0000,2025-07-14 12:01:21
1071,4.647687,4.840972,225.327988,5.00e-05,26970.31,4390912,N/A,2025-07-14 12:01:21
1072,5.809643,4.840972,225.327988,5.00e-05,26942.33,4395008,N/A,2025-07-14 12:01:21
1073,2.405316,4.840972,225.327988,5.00e-05,26777.23,4399104,N/A,2025-07-14 12:01:21
1074,4.486652,4.840972,225.327988,5.00e-05,26774.23,4403200,N/A,2025-07-14 12:01:22
1075,6.680462,4.840972,225.327988,5.00e-05,26888.09,4407296,N/A,2025-07-14 12:01:22
1076,7.097362,4.840972,225.327988,5.00e-05,26812.03,4411392,N/A,2025-07-14 12:01:22
1077,2.748874,4.840972,225.327988,5.00e-05,26483.31,4415488,N/A,2025-07-14 12:01:22
1078,3.541538,4.840972,225.327988,5.00e-05,26357.34,4419584,N/A,2025-07-14 12:01:22
1079,5.545101,4.840972,225.327988,5.00e-05,26956.81,4423680,N/A,2025-07-14 12:01:22
1080,4.733384,4.840972,225.327988,5.00e-05,26308.61,4427776,1.0000,2025-07-14 12:01:23
1081,3.037035,4.840972,225.327988,5.00e-05,26418.03,4431872,N/A,2025-07-14 12:01:23
1082,3.894978,4.840972,225.327988,5.00e-05,26653.18,4435968,N/A,2025-07-14 12:01:23
1083,5.913789,4.840972,225.327988,5.00e-05,26673.51,4440064,N/A,2025-07-14 12:01:23
1084,3.946561,4.840972,225.327988,5.00e-05,26751.53,4444160,N/A,2025-07-14 12:01:23
1085,5.861880,4.840972,225.327988,5.00e-05,26798.92,4448256,N/A,2025-07-14 12:01:23
1086,5.007859,4.840972,225.327988,5.00e-05,26915.78,4452352,N/A,2025-07-14 12:01:24
1087,6.214239,4.840972,225.327988,5.00e-05,27080.42,4456448,N/A,2025-07-14 12:01:24
1088,5.310482,4.840972,225.327988,5.00e-05,26696.22,4460544,N/A,2025-07-14 12:01:24
1089,5.227991,4.840972,225.327988,5.00e-05,27414.15,4464640,N/A,2025-07-14 12:01:24
1090,3.223582,4.840972,225.327988,5.00e-05,26669.73,4468736,1.0000,2025-07-14 12:01:24
1091,2.066861,4.840972,225.327988,5.00e-05,26203.36,4472832,N/A,2025-07-14 12:01:25
1092,5.519901,4.840972,225.327988,5.00e-05,25932.15,4476928,N/A,2025-07-14 12:01:25
1093,5.895497,4.840972,225.327988,5.00e-05,25875.23,4481024,N/A,2025-07-14 12:01:25
1094,5.808814,4.840972,225.327988,5.00e-05,25785.94,4485120,N/A,2025-07-14 12:01:25
1095,4.343490,4.840972,225.327988,5.00e-05,25971.51,4489216,N/A,2025-07-14 12:01:25
1096,5.623411,4.840972,225.327988,5.00e-05,25552.19,4493312,N/A,2025-07-14 12:01:25
1097,4.953309,4.840972,225.327988,5.00e-05,26008.19,4497408,N/A,2025-07-14 12:01:26
1098,4.601562,4.840972,225.327988,5.00e-05,25989.18,4501504,N/A,2025-07-14 12:01:26
1099,4.671225,4.840972,225.327988,5.00e-05,26248.07,4505600,N/A,2025-07-14 12:01:26
1100,4.634835,4.840972,225.327988,5.00e-05,26007.62,4509696,0.7449,2025-07-14 12:01:26
1101,4.731845,4.840972,225.327988,5.00e-05,21305.53,4513792,N/A,2025-07-14 12:01:27
1102,7.131224,4.840972,225.327988,5.00e-05,21292.83,4517888,N/A,2025-07-14 12:01:27
1103,4.593062,4.840972,225.327988,5.00e-05,21377.25,4521984,N/A,2025-07-14 12:01:27
1104,3.940724,4.840972,225.327988,5.00e-05,21363.09,4526080,N/A,2025-07-14 12:01:27
1105,6.381123,4.840972,225.327988,5.00e-05,21607.67,4530176,N/A,2025-07-14 12:01:27
1106,4.968483,4.840972,225.327988,5.00e-05,21564.58,4534272,N/A,2025-07-14 12:01:27
1107,6.437271,4.840972,225.327988,5.00e-05,21367.48,4538368,N/A,2025-07-14 12:01:28
1108,2.829650,4.840972,225.327988,5.00e-05,21635.43,4542464,N/A,2025-07-14 12:01:28
1109,6.119012,4.840972,225.327988,5.00e-05,22108.78,4546560,N/A,2025-07-14 12:01:28
1110,7.567950,4.840972,225.327988,5.00e-05,26770.00,4550656,0.9432,2025-07-14 12:01:28
1111,4.286376,4.840972,225.327988,5.00e-05,26787.26,4554752,N/A,2025-07-14 12:01:28
1112,6.671585,4.840972,225.327988,5.00e-05,26356.29,4558848,N/A,2025-07-14 12:01:29
1113,1.952660,4.840972,225.327988,5.00e-05,26330.69,4562944,N/A,2025-07-14 12:01:29
1114,3.278766,4.840972,225.327988,5.00e-05,26393.79,4567040,N/A,2025-07-14 12:01:29
1115,4.788600,4.840972,225.327988,5.00e-05,26409.26,4571136,N/A,2025-07-14 12:01:29
1116,5.807209,4.840972,225.327988,5.00e-05,26535.77,4575232,N/A,2025-07-14 12:01:29
1117,5.686780,4.840972,225.327988,5.00e-05,26597.09,4579328,N/A,2025-07-14 12:01:29
1118,6.834798,4.840972,225.327988,5.00e-05,26388.35,4583424,N/A,2025-07-14 12:01:30
1119,2.592474,4.840972,225.327988,5.00e-05,27087.73,4587520,N/A,2025-07-14 12:01:30
1120,5.854698,4.840972,225.327988,5.00e-05,26483.65,4591616,0.4385,2025-07-14 12:01:30
1121,2.768619,4.840972,225.327988,5.00e-05,26980.57,4595712,N/A,2025-07-14 12:01:30
1122,7.285065,4.840972,225.327988,5.00e-05,27041.16,4599808,N/A,2025-07-14 12:01:30
1123,5.252141,4.840972,225.327988,5.00e-05,27104.28,4603904,N/A,2025-07-14 12:01:30
1124,4.930987,4.840972,225.327988,5.00e-05,27176.91,4608000,N/A,2025-07-14 12:01:31
1125,7.141973,4.840972,225.327988,5.00e-05,27262.75,4612096,N/A,2025-07-14 12:01:31
1126,3.936260,4.840972,225.327988,5.00e-05,27189.44,4616192,N/A,2025-07-14 12:01:31
1127,4.729498,4.840972,225.327988,5.00e-05,27522.14,4620288,N/A,2025-07-14 12:01:31
1128,4.200562,4.840972,225.327988,5.00e-05,27470.22,4624384,N/A,2025-07-14 12:01:31
1129,5.723816,4.840972,225.327988,5.00e-05,28078.00,4628480,N/A,2025-07-14 12:01:31
1130,4.833329,4.840972,225.327988,5.00e-05,27041.38,4632576,1.0000,2025-07-14 12:01:32
1131,6.722780,4.840972,225.327988,5.00e-05,27075.46,4636672,N/A,2025-07-14 12:01:32
1132,6.076894,4.840972,225.327988,5.00e-05,27076.36,4640768,N/A,2025-07-14 12:01:32
1133,5.893387,4.840972,225.327988,5.00e-05,27092.13,4644864,N/A,2025-07-14 12:01:32
1134,4.163041,4.840972,225.327988,5.00e-05,26976.76,4648960,N/A,2025-07-14 12:01:32
1135,5.380044,4.840972,225.327988,5.00e-05,26651.82,4653056,N/A,2025-07-14 12:01:32
1136,3.453563,4.840972,225.327988,5.00e-05,26270.37,4657152,N/A,2025-07-14 12:01:33
1137,5.483284,4.840972,225.327988,5.00e-05,26086.38,4661248,N/A,2025-07-14 12:01:33
1138,4.689713,4.840972,225.327988,5.00e-05,25806.12,4665344,N/A,2025-07-14 12:01:33
1139,5.711141,4.840972,225.327988,5.00e-05,26467.62,4669440,N/A,2025-07-14 12:01:33
1140,5.119400,4.840972,225.327988,5.00e-05,25748.49,4673536,0.8980,2025-07-14 12:01:33
1141,6.832986,4.840972,225.327988,5.00e-05,25691.55,4677632,N/A,2025-07-14 12:01:34
1142,6.278503,4.840972,225.327988,5.00e-05,25681.64,4681728,N/A,2025-07-14 12:01:34
1143,5.323025,4.840972,225.327988,5.00e-05,25812.28,4685824,N/A,2025-07-14 12:01:34
1144,6.908113,4.840972,225.327988,5.00e-05,26079.06,4689920,N/A,2025-07-14 12:01:34
1145,5.714970,4.840972,225.327988,5.00e-05,26363.16,4694016,N/A,2025-07-14 12:01:34
1146,5.729645,4.840972,225.327988,5.00e-05,26484.78,4698112,N/A,2025-07-14 12:01:34
1147,4.327578,4.840972,225.327988,5.00e-05,26784.23,4702208,N/A,2025-07-14 12:01:34
1148,3.155080,4.840972,225.327988,5.00e-05,27047.42,4706304,N/A,2025-07-14 12:01:35
1149,4.310765,4.840972,225.327988,5.00e-05,27681.71,4710400,N/A,2025-07-14 12:01:35
1150,4.363465,4.840972,225.327988,5.00e-05,26994.48,4714496,0.9685,2025-07-14 12:01:35
1151,6.234972,4.840972,225.327988,5.00e-05,26951.66,4718592,N/A,2025-07-14 12:01:35
1152,6.836473,4.840972,225.327988,5.00e-05,26960.76,4722688,N/A,2025-07-14 12:01:35
1153,4.042323,4.840972,225.327988,5.00e-05,26969.75,4726784,N/A,2025-07-14 12:01:36
1154,3.860153,4.840972,225.327988,5.00e-05,27000.35,4730880,N/A,2025-07-14 12:01:36
1155,2.087044,4.840972,225.327988,5.00e-05,26806.71,4734976,N/A,2025-07-14 12:01:36
1156,5.567940,4.840972,225.327988,5.00e-05,26451.10,4739072,N/A,2025-07-14 12:01:36
1157,3.544063,4.840972,225.327988,5.00e-05,26083.95,4743168,N/A,2025-07-14 12:01:36
1158,4.962843,4.840972,225.327988,5.00e-05,25923.52,4747264,N/A,2025-07-14 12:01:36
1159,3.751440,4.840972,225.327988,5.00e-05,26269.05,4751360,N/A,2025-07-14 12:01:37
1160,4.381095,4.840972,225.327988,5.00e-05,25335.10,4755456,0.5756,2025-07-14 12:01:37
1161,4.687839,4.840972,225.327988,5.00e-05,25226.20,4759552,N/A,2025-07-14 12:01:37
1162,2.979857,4.840972,225.327988,5.00e-05,25117.13,4763648,N/A,2025-07-14 12:01:37
1163,6.734801,4.840972,225.327988,5.00e-05,25037.63,4767744,N/A,2025-07-14 12:01:37
1164,5.466049,4.840972,225.327988,5.00e-05,25038.59,4771840,N/A,2025-07-14 12:01:37
1165,7.778227,4.840972,225.327988,5.00e-05,25236.98,4775936,N/A,2025-07-14 12:01:38
1166,4.105439,4.840972,225.327988,5.00e-05,25468.93,4780032,N/A,2025-07-14 12:01:38
1167,4.911915,4.840972,225.327988,5.00e-05,25577.98,4784128,N/A,2025-07-14 12:01:38
1168,6.319267,4.840972,225.327988,5.00e-05,25648.32,4788224,N/A,2025-07-14 12:01:38
1169,6.922846,4.840972,225.327988,5.00e-05,26336.24,4792320,N/A,2025-07-14 12:01:38
1170,2.843871,4.840972,225.327988,5.00e-05,25768.31,4796416,1.0000,2025-07-14 12:01:39
1171,3.533152,4.840972,225.327988,5.00e-05,25755.87,4800512,N/A,2025-07-14 12:01:39
1172,7.734426,4.840972,225.327988,5.00e-05,25510.31,4804608,N/A,2025-07-14 12:01:39
1173,5.317752,4.840972,225.327988,5.00e-05,25623.07,4808704,N/A,2025-07-14 12:01:39
1174,7.390917,4.840972,225.327988,5.00e-05,25264.70,4812800,N/A,2025-07-14 12:01:39
1175,5.990414,4.840972,225.327988,5.00e-05,25021.57,4816896,N/A,2025-07-14 12:01:39
1176,4.713526,4.840972,225.327988,5.00e-05,25121.73,4820992,N/A,2025-07-14 12:01:40
1177,4.532737,4.840972,225.327988,5.00e-05,25374.89,4825088,N/A,2025-07-14 12:01:40
1178,3.950934,4.840972,225.327988,5.00e-05,25670.14,4829184,N/A,2025-07-14 12:01:40
1179,4.484653,4.840972,225.327988,5.00e-05,26376.88,4833280,N/A,2025-07-14 12:01:40
1180,4.218421,4.840972,225.327988,5.00e-05,25727.07,4837376,0.8535,2025-07-14 12:01:40
1181,1.964320,4.840972,225.327988,5.00e-05,25470.54,4841472,N/A,2025-07-14 12:01:41
1182,6.298188,4.840972,225.327988,5.00e-05,25092.69,4845568,N/A,2025-07-14 12:01:41
1183,5.739027,4.840972,225.327988,5.00e-05,25192.87,4849664,N/A,2025-07-14 12:01:41
1184,3.885117,4.840972,225.327988,5.00e-05,25103.09,4853760,N/A,2025-07-14 12:01:41
1185,3.922346,4.840972,225.327988,5.00e-05,24696.47,4857856,N/A,2025-07-14 12:01:41
1186,5.924941,4.840972,225.327988,5.00e-05,24613.16,4861952,N/A,2025-07-14 12:01:41
1187,3.305336,4.840972,225.327988,5.00e-05,24517.10,4866048,N/A,2025-07-14 12:01:42
1188,6.598633,4.840972,225.327988,5.00e-05,24513.16,4870144,N/A,2025-07-14 12:01:42
1189,5.240584,4.840972,225.327988,5.00e-05,25240.77,4874240,N/A,2025-07-14 12:01:42
1190,4.942968,4.840972,225.327988,5.00e-05,25121.85,4878336,0.7531,2025-07-14 12:01:42
1191,5.136202,4.840972,225.327988,5.00e-05,25642.98,4882432,N/A,2025-07-14 12:01:42
1192,4.422350,4.840972,225.327988,5.00e-05,25934.86,4886528,N/A,2025-07-14 12:01:42
1193,5.527526,4.840972,225.327988,5.00e-05,26390.40,4890624,N/A,2025-07-14 12:01:43
1194,6.572526,4.840972,225.327988,5.00e-05,26844.87,4894720,N/A,2025-07-14 12:01:43
1195,5.685783,4.840972,225.327988,5.00e-05,26927.08,4898816,N/A,2025-07-14 12:01:43
1196,6.474103,4.840972,225.327988,5.00e-05,26939.08,4902912,N/A,2025-07-14 12:01:43
1197,5.578532,4.840972,225.327988,5.00e-05,26927.68,4907008,N/A,2025-07-14 12:01:43
1198,5.428760,4.840972,225.327988,5.00e-05,26853.28,4911104,N/A,2025-07-14 12:01:43
1199,4.801267,4.840972,225.327988,5.00e-05,27692.19,4915200,N/A,2025-07-14 12:01:44
1200,3.635555,4.840972,225.327988,5.00e-05,27105.23,4919296,0.8278,2025-07-14 12:01:44
1201,5.750786,4.840972,225.327988,5.00e-05,19121.36,4923392,N/A,2025-07-14 12:01:45
1202,5.137708,4.840972,225.327988,5.00e-05,19093.02,4927488,N/A,2025-07-14 12:01:45
1203,2.359764,4.840972,225.327988,5.00e-05,19084.67,4931584,N/A,2025-07-14 12:01:45
1204,5.731391,4.840972,225.327988,5.00e-05,19119.57,4935680,N/A,2025-07-14 12:01:45
1205,4.426914,4.840972,225.327988,5.00e-05,19167.93,4939776,N/A,2025-07-14 12:01:45
1206,4.838682,4.840972,225.327988,5.00e-05,19164.55,4943872,N/A,2025-07-14 12:01:45
1207,4.098750,4.840972,225.327988,5.00e-05,19258.21,4947968,N/A,2025-07-14 12:01:46
1208,4.916926,4.840972,225.327988,5.00e-05,19280.78,4952064,N/A,2025-07-14 12:01:46
1209,6.605491,4.840972,225.327988,5.00e-05,19459.30,4956160,N/A,2025-07-14 12:01:46
1210,3.829139,4.840972,225.327988,5.00e-05,26975.59,4960256,1.0000,2025-07-14 12:01:46
1211,5.193827,4.840972,225.327988,5.00e-05,26871.46,4964352,N/A,2025-07-14 12:01:46
1212,4.692139,4.840972,225.327988,5.00e-05,27018.58,4968448,N/A,2025-07-14 12:01:46
1213,5.254547,4.840972,225.327988,5.00e-05,26917.55,4972544,N/A,2025-07-14 12:01:47
1214,5.705206,4.840972,225.327988,5.00e-05,26517.68,4976640,N/A,2025-07-14 12:01:47
1215,3.436712,4.840972,225.327988,5.00e-05,26367.63,4980736,N/A,2025-07-14 12:01:47
1216,5.867722,4.840972,225.327988,5.00e-05,26227.96,4984832,N/A,2025-07-14 12:01:47
1217,5.017515,4.840972,225.327988,5.00e-05,26151.96,4988928,N/A,2025-07-14 12:01:47
1218,8.405245,4.840972,225.327988,5.00e-05,26330.00,4993024,N/A,2025-07-14 12:01:47
1219,3.413173,4.840972,225.327988,5.00e-05,27137.62,4997120,N/A,2025-07-14 12:01:48
1220,5.525930,4.840972,225.327988,5.00e-05,26348.00,5001216,0.6321,2025-07-14 12:01:48
1221,5.329441,4.840972,225.327988,5.00e-05,26192.52,5005312,N/A,2025-07-14 12:01:48
1222,2.454453,4.840972,225.327988,5.00e-05,26149.97,5009408,N/A,2025-07-14 12:01:48
1223,4.135070,4.840972,225.327988,5.00e-05,26467.15,5013504,N/A,2025-07-14 12:01:48
1224,4.215950,4.840972,225.327988,5.00e-05,26567.74,5017600,N/A,2025-07-14 12:01:49
1225,4.661751,4.840972,225.327988,5.00e-05,26553.19,5021696,N/A,2025-07-14 12:01:49
1226,4.692822,4.840972,225.327988,5.00e-05,26465.48,5025792,N/A,2025-07-14 12:01:49
1227,5.232862,4.840972,225.327988,5.00e-05,26400.97,5029888,N/A,2025-07-14 12:01:49
1228,4.783555,4.840972,225.327988,5.00e-05,26329.46,5033984,N/A,2025-07-14 12:01:49
1229,5.904327,4.840972,225.327988,5.00e-05,27250.16,5038080,N/A,2025-07-14 12:01:49
1230,6.769764,4.840972,225.327988,5.00e-05,26151.22,5042176,1.0000,2025-07-14 12:01:50
1231,7.306141,4.840972,225.327988,5.00e-05,26196.84,5046272,N/A,2025-07-14 12:01:50
1232,7.508167,4.840972,225.327988,5.00e-05,26308.63,5050368,N/A,2025-07-14 12:01:50
1233,7.034748,4.840972,225.327988,5.00e-05,26450.58,5054464,N/A,2025-07-14 12:01:50
1234,5.503179,4.840972,225.327988,5.00e-05,26586.12,5058560,N/A,2025-07-14 12:01:50
1235,4.487215,4.840972,225.327988,5.00e-05,26723.84,5062656,N/A,2025-07-14 12:01:50
1236,3.534943,4.840972,225.327988,5.00e-05,26836.20,5066752,N/A,2025-07-14 12:01:51
1237,3.769558,4.840972,225.327988,5.00e-05,27045.82,5070848,N/A,2025-07-14 12:01:51
1238,6.379488,4.840972,225.327988,5.00e-05,26977.36,5074944,N/A,2025-07-14 12:01:51
1239,2.631146,4.840972,225.327988,5.00e-05,28029.58,5079040,N/A,2025-07-14 12:01:51
1240,3.214324,4.840972,225.327988,5.00e-05,27464.80,5083136,0.5563,2025-07-14 12:01:51
1241,5.364879,4.840972,225.327988,5.00e-05,27350.29,5087232,N/A,2025-07-14 12:01:51
1242,4.348476,4.840972,225.327988,5.00e-05,27336.56,5091328,N/A,2025-07-14 12:01:52
1243,2.243646,4.840972,225.327988,5.00e-05,27324.93,5095424,N/A,2025-07-14 12:01:52
1244,6.327806,4.840972,225.327988,5.00e-05,27345.33,5099520,N/A,2025-07-14 12:01:52
1245,5.149109,4.840972,225.327988,5.00e-05,27380.07,5103616,N/A,2025-07-14 12:01:52
1246,4.725198,4.840972,225.327988,5.00e-05,27336.97,5107712,N/A,2025-07-14 12:01:52
1247,6.181700,4.840972,225.327988,5.00e-05,27331.00,5111808,N/A,2025-07-14 12:01:52
1248,5.887905,4.840972,225.327988,5.00e-05,27572.78,5115904,N/A,2025-07-14 12:01:53
1249,5.747657,4.840972,225.327988,5.00e-05,28186.49,5120000,N/A,2025-07-14 12:01:53
1250,7.789616,4.840972,225.327988,5.00e-05,27661.15,5124096,1.0000,2025-07-14 12:01:53
1251,6.727787,4.840972,225.327988,5.00e-05,27667.55,5128192,N/A,2025-07-14 12:01:53
1252,5.851516,4.840972,225.327988,5.00e-05,27436.30,5132288,N/A,2025-07-14 12:01:53
1253,6.246069,4.840972,225.327988,5.00e-05,27478.48,5136384,N/A,2025-07-14 12:01:53
1254,4.720266,4.840972,225.327988,5.00e-05,27518.90,5140480,N/A,2025-07-14 12:01:54
1255,6.250471,4.840972,225.327988,5.00e-05,27466.41,5144576,N/A,2025-07-14 12:01:54
1256,7.174635,4.840972,225.327988,5.00e-05,27433.86,5148672,N/A,2025-07-14 12:01:54
1257,3.633781,4.840972,225.327988,5.00e-05,27343.05,5152768,N/A,2025-07-14 12:01:54
1258,6.185748,4.840972,225.327988,5.00e-05,27322.52,5156864,N/A,2025-07-14 12:01:54
1259,5.287256,4.840972,225.327988,5.00e-05,27868.04,5160960,N/A,2025-07-14 12:01:54
1260,7.371675,4.840972,225.327988,5.00e-05,26744.91,5165056,0.8218,2025-07-14 12:01:55
1261,3.593448,4.840972,225.327988,5.00e-05,26953.27,5169152,N/A,2025-07-14 12:01:55
1262,7.121091,4.840972,225.327988,5.00e-05,26880.91,5173248,N/A,2025-07-14 12:01:55
1263,4.268258,4.840972,225.327988,5.00e-05,26366.78,5177344,N/A,2025-07-14 12:01:55
1264,5.935901,4.840972,225.327988,5.00e-05,26426.76,5181440,N/A,2025-07-14 12:01:55
1265,4.022305,4.840972,225.327988,5.00e-05,26531.86,5185536,N/A,2025-07-14 12:01:55
1266,4.688662,4.840972,225.327988,5.00e-05,26319.47,5189632,N/A,2025-07-14 12:01:56
1267,3.719043,4.840972,225.327988,5.00e-05,26139.17,5193728,N/A,2025-07-14 12:01:56
1268,6.958763,4.840972,225.327988,5.00e-05,25968.48,5197824,N/A,2025-07-14 12:01:56
1269,5.371569,4.840972,225.327988,5.00e-05,26903.91,5201920,N/A,2025-07-14 12:01:56
1270,2.716837,4.840972,225.327988,5.00e-05,25814.69,5206016,0.7819,2025-07-14 12:01:56
1271,4.785553,4.840972,225.327988,5.00e-05,25584.81,5210112,N/A,2025-07-14 12:01:57
1272,3.799046,4.840972,225.327988,5.00e-05,25752.39,5214208,N/A,2025-07-14 12:01:57
1273,3.932134,4.840972,225.327988,5.00e-05,25607.04,5218304,N/A,2025-07-14 12:01:57
1274,4.973874,4.840972,225.327988,5.00e-05,25669.63,5222400,N/A,2025-07-14 12:01:57
1275,4.503684,4.840972,225.327988,5.00e-05,25907.52,5226496,N/A,2025-07-14 12:01:57
1276,6.644050,4.840972,225.327988,5.00e-05,25966.64,5230592,N/A,2025-07-14 12:01:57
1277,6.000151,4.840972,225.327988,5.00e-05,26125.49,5234688,N/A,2025-07-14 12:01:58
1278,6.016758,4.840972,225.327988,5.00e-05,26031.16,5238784,N/A,2025-07-14 12:01:58
1279,4.444220,4.840972,225.327988,5.00e-05,26841.18,5242880,N/A,2025-07-14 12:01:58
1280,6.626244,4.840972,225.327988,5.00e-05,26241.57,5246976,0.6631,2025-07-14 12:01:58
1281,4.793401,4.840972,225.327988,5.00e-05,26399.80,5251072,N/A,2025-07-14 12:01:58
1282,3.994943,4.840972,225.327988,5.00e-05,26539.12,5255168,N/A,2025-07-14 12:01:58
1283,6.120176,4.840972,225.327988,5.00e-05,26435.86,5259264,N/A,2025-07-14 12:01:59
1284,2.468768,4.840972,225.327988,5.00e-05,26240.44,5263360,N/A,2025-07-14 12:01:59
1285,6.332397,4.840972,225.327988,5.00e-05,25973.22,5267456,N/A,2025-07-14 12:01:59
1286,5.012961,4.840972,225.327988,5.00e-05,25993.64,5271552,N/A,2025-07-14 12:01:59
1287,6.936549,4.840972,225.327988,5.00e-05,26033.38,5275648,N/A,2025-07-14 12:01:59
1288,4.249424,4.840972,225.327988,5.00e-05,26240.81,5279744,N/A,2025-07-14 12:01:59
1289,6.807659,4.840972,225.327988,5.00e-05,16551.69,5283840,N/A,2025-07-14 12:02:01
1290,3.639126,4.840972,225.327988,5.00e-05,16304.62,5287936,1.0000,2025-07-14 12:02:01
1291,5.635132,4.840972,225.327988,5.00e-05,16285.22,5292032,N/A,2025-07-14 12:02:01
1292,4.600157,4.840972,225.327988,5.00e-05,16255.59,5296128,N/A,2025-07-14 12:02:01
1293,5.237857,4.840972,225.327988,5.00e-05,16341.67,5300224,N/A,2025-07-14 12:02:01
1294,5.026471,4.840972,225.327988,5.00e-05,16344.14,5304320,N/A,2025-07-14 12:02:01
1295,6.400153,4.840972,225.327988,5.00e-05,16303.91,5308416,N/A,2025-07-14 12:02:02
1296,5.056661,4.840972,225.327988,5.00e-05,16284.38,5312512,N/A,2025-07-14 12:02:02
1297,4.600787,4.840972,225.327988,5.00e-05,16314.04,5316608,N/A,2025-07-14 12:02:02
1298,3.906891,4.840972,225.327988,5.00e-05,26483.04,5320704,N/A,2025-07-14 12:02:02
1299,5.654431,4.840972,225.327988,5.00e-05,27274.39,5324800,N/A,2025-07-14 12:02:02
1300,2.023117,4.840972,225.327988,5.00e-05,26796.27,5328896,0.9341,2025-07-14 12:02:02
1301,5.367905,4.840972,225.327988,5.00e-05,20349.18,5332992,N/A,2025-07-14 12:02:03
1302,3.691382,4.840972,225.327988,5.00e-05,20357.15,5337088,N/A,2025-07-14 12:02:03
1303,5.278442,4.840972,225.327988,5.00e-05,20589.67,5341184,N/A,2025-07-14 12:02:03
1304,4.961003,4.840972,225.327988,5.00e-05,20653.93,5345280,N/A,2025-07-14 12:02:04
1305,3.154085,4.840972,225.327988,5.00e-05,20709.69,5349376,N/A,2025-07-14 12:02:04
1306,5.533901,4.840972,225.327988,5.00e-05,20541.90,5353472,N/A,2025-07-14 12:02:04
1307,5.326993,4.840972,225.327988,5.00e-05,20484.61,5357568,N/A,2025-07-14 12:02:04
1308,4.138995,4.840972,225.327988,5.00e-05,20335.94,5361664,N/A,2025-07-14 12:02:04
1309,4.817086,4.840972,225.327988,5.00e-05,20637.24,5365760,N/A,2025-07-14 12:02:04
1310,4.175269,4.840972,225.327988,5.00e-05,26309.04,5369856,0.7446,2025-07-14 12:02:05
1311,3.168941,4.840972,225.327988,5.00e-05,26075.09,5373952,N/A,2025-07-14 12:02:05
1312,6.410500,4.840972,225.327988,5.00e-05,26054.48,5378048,N/A,2025-07-14 12:02:05
1313,5.286037,4.840972,225.327988,5.00e-05,25906.35,5382144,N/A,2025-07-14 12:02:05
1314,6.041708,4.840972,225.327988,5.00e-05,25934.95,5386240,N/A,2025-07-14 12:02:05
1315,5.201120,4.840972,225.327988,5.00e-05,25878.23,5390336,N/A,2025-07-14 12:02:06
1316,5.241028,4.840972,225.327988,5.00e-05,25784.45,5394432,N/A,2025-07-14 12:02:06
1317,4.945224,4.840972,225.327988,5.00e-05,25985.33,5398528,N/A,2025-07-14 12:02:06
1318,5.035024,4.840972,225.327988,5.00e-05,25731.71,5402624,N/A,2025-07-14 12:02:06
1319,7.143246,4.840972,225.327988,5.00e-05,26828.06,5406720,N/A,2025-07-14 12:02:06
1320,5.873776,4.840972,225.327988,5.00e-05,26366.14,5410816,1.0000,2025-07-14 12:02:06
1321,6.170519,4.840972,225.327988,5.00e-05,26362.58,5414912,N/A,2025-07-14 12:02:07
1322,4.939607,4.840972,225.327988,5.00e-05,26549.40,5419008,N/A,2025-07-14 12:02:07
1323,5.834805,4.840972,225.327988,5.00e-05,26591.22,5423104,N/A,2025-07-14 12:02:07
1324,7.271048,4.840972,225.327988,5.00e-05,26683.39,5427200,N/A,2025-07-14 12:02:07
1325,4.012022,4.840972,225.327988,5.00e-05,26826.95,5431296,N/A,2025-07-14 12:02:07
1326,5.031334,4.840972,225.327988,5.00e-05,26895.16,5435392,N/A,2025-07-14 12:02:07
1327,6.111839,4.840972,225.327988,5.00e-05,27186.63,5439488,N/A,2025-07-14 12:02:08
1328,5.070399,4.840972,225.327988,5.00e-05,27168.38,5443584,N/A,2025-07-14 12:02:08
1329,5.702079,4.840972,225.327988,5.00e-05,27814.16,5447680,N/A,2025-07-14 12:02:08
1330,5.550577,4.840972,225.327988,5.00e-05,26856.74,5451776,0.8672,2025-07-14 12:02:08
1331,6.075498,4.840972,225.327988,5.00e-05,26526.59,5455872,N/A,2025-07-14 12:02:08
1332,5.261353,4.840972,225.327988,5.00e-05,26364.09,5459968,N/A,2025-07-14 12:02:08
1333,2.807979,4.840972,225.327988,5.00e-05,26556.01,5464064,N/A,2025-07-14 12:02:09
1334,4.022013,4.840972,225.327988,5.00e-05,26557.20,5468160,N/A,2025-07-14 12:02:09
1335,4.315513,4.840972,225.327988,5.00e-05,26494.85,5472256,N/A,2025-07-14 12:02:09
1336,4.340034,4.840972,225.327988,5.00e-05,26541.55,5476352,N/A,2025-07-14 12:02:09
1337,5.924904,4.840972,225.327988,5.00e-05,26577.50,5480448,N/A,2025-07-14 12:02:09
1338,6.532382,4.840972,225.327988,5.00e-05,26412.48,5484544,N/A,2025-07-14 12:02:09
1339,6.241625,4.840972,225.327988,5.00e-05,27116.04,5488640,N/A,2025-07-14 12:02:10
1340,4.525740,4.840972,225.327988,5.00e-05,26489.49,5492736,1.0000,2025-07-14 12:02:10
1341,3.437923,4.840972,225.327988,5.00e-05,26558.88,5496832,N/A,2025-07-14 12:02:10
1342,4.399190,4.840972,225.327988,5.00e-05,26641.52,5500928,N/A,2025-07-14 12:02:10
1343,3.197695,4.840972,225.327988,5.00e-05,26610.21,5505024,N/A,2025-07-14 12:02:10
1344,6.138779,4.840972,225.327988,5.00e-05,26603.03,5509120,N/A,2025-07-14 12:02:10
1345,2.968726,4.840972,225.327988,5.00e-05,26488.95,5513216,N/A,2025-07-14 12:02:11
1346,4.677961,4.840972,225.327988,5.00e-05,26026.44,5517312,N/A,2025-07-14 12:02:11
1347,6.872427,4.840972,225.327988,5.00e-05,26275.74,5521408,N/A,2025-07-14 12:02:11
1348,6.237638,4.840972,225.327988,5.00e-05,26445.17,5525504,N/A,2025-07-14 12:02:11
1349,5.763706,4.840972,225.327988,5.00e-05,27288.17,5529600,N/A,2025-07-14 12:02:11
1350,6.966334,4.840972,225.327988,5.00e-05,26758.95,5533696,1.0000,2025-07-14 12:02:12
1351,6.412426,4.840972,225.327988,5.00e-05,26654.69,5537792,N/A,2025-07-14 12:02:12
1352,4.951039,4.840972,225.327988,5.00e-05,26694.18,5541888,N/A,2025-07-14 12:02:12
1353,5.481100,4.840972,225.327988,5.00e-05,26662.49,5545984,N/A,2025-07-14 12:02:12
1354,4.305665,4.840972,225.327988,5.00e-05,26793.81,5550080,N/A,2025-07-14 12:02:12
1355,4.857671,4.840972,225.327988,5.00e-05,27304.96,5554176,N/A,2025-07-14 12:02:12
1356,6.255773,4.840972,225.327988,5.00e-05,27252.18,5558272,N/A,2025-07-14 12:02:12
1357,4.100294,4.840972,225.327988,5.00e-05,27159.71,5562368,N/A,2025-07-14 12:02:13
1358,5.503105,4.840972,225.327988,5.00e-05,27136.73,5566464,N/A,2025-07-14 12:02:13
1359,4.417715,4.840972,225.327988,5.00e-05,27727.39,5570560,N/A,2025-07-14 12:02:13
1360,6.482338,4.840972,225.327988,5.00e-05,27159.97,5574656,1.0000,2025-07-14 12:02:13
1361,5.309958,4.840972,225.327988,5.00e-05,27205.29,5578752,N/A,2025-07-14 12:02:13
1362,3.527761,4.840972,225.327988,5.00e-05,27317.52,5582848,N/A,2025-07-14 12:02:13
1363,4.704538,4.840972,225.327988,5.00e-05,27210.38,5586944,N/A,2025-07-14 12:02:14
1364,4.978369,4.840972,225.327988,5.00e-05,27225.49,5591040,N/A,2025-07-14 12:02:14
1365,5.192550,4.840972,225.327988,5.00e-05,27158.80,5595136,N/A,2025-07-14 12:02:14
1366,6.024187,4.840972,225.327988,5.00e-05,27236.42,5599232,N/A,2025-07-14 12:02:14
1367,6.970015,4.840972,225.327988,5.00e-05,27350.21,5603328,N/A,2025-07-14 12:02:14
1368,2.804446,4.840972,225.327988,5.00e-05,27384.17,5607424,N/A,2025-07-14 12:02:14
1369,5.882931,4.840972,225.327988,5.00e-05,27638.14,5611520,N/A,2025-07-14 12:02:15
1370,3.653949,4.840972,225.327988,5.00e-05,26679.31,5615616,0.9664,2025-07-14 12:02:15
1371,4.891772,4.840972,225.327988,5.00e-05,26640.36,5619712,N/A,2025-07-14 12:02:15
1372,3.258679,4.840972,225.327988,5.00e-05,26669.97,5623808,N/A,2025-07-14 12:02:15
1373,5.031927,4.840972,225.327988,5.00e-05,26218.58,5627904,N/A,2025-07-14 12:02:15
1374,1.841449,4.840972,225.327988,5.00e-05,26267.24,5632000,N/A,2025-07-14 12:02:16
1375,7.882329,4.840972,225.327988,5.00e-05,26277.05,5636096,N/A,2025-07-14 12:02:16
1376,6.210372,4.840972,225.327988,5.00e-05,26173.35,5640192,N/A,2025-07-14 12:02:16
1377,5.044856,4.840972,225.327988,5.00e-05,26135.04,5644288,N/A,2025-07-14 12:02:16
1378,5.510628,4.840972,225.327988,5.00e-05,26368.91,5648384,N/A,2025-07-14 12:02:16
1379,6.887068,4.840972,225.327988,5.00e-05,27134.22,5652480,N/A,2025-07-14 12:02:16
1380,5.375542,4.840972,225.327988,5.00e-05,26075.15,5656576,1.0000,2025-07-14 12:02:17
1381,4.422937,4.840972,225.327988,5.00e-05,26048.18,5660672,N/A,2025-07-14 12:02:17
1382,4.227642,4.840972,225.327988,5.00e-05,26313.40,5664768,N/A,2025-07-14 12:02:17
1383,5.814329,4.840972,225.327988,5.00e-05,26387.26,5668864,N/A,2025-07-14 12:02:17
1384,5.732047,4.840972,225.327988,5.00e-05,26384.44,5672960,N/A,2025-07-14 12:02:17
1385,5.841940,4.840972,225.327988,5.00e-05,26524.16,5677056,N/A,2025-07-14 12:02:17
1386,2.789617,4.840972,225.327988,5.00e-05,26612.57,5681152,N/A,2025-07-14 12:02:18
1387,5.295437,4.840972,225.327988,5.00e-05,26706.11,5685248,N/A,2025-07-14 12:02:18
1388,3.665092,4.840972,225.327988,5.00e-05,26714.07,5689344,N/A,2025-07-14 12:02:18
1389,5.536342,4.840972,225.327988,5.00e-05,27739.08,5693440,N/A,2025-07-14 12:02:18
1390,1.665345,4.840972,225.327988,5.00e-05,27034.33,5697536,0.9098,2025-07-14 12:02:18
1391,4.606337,4.840972,225.327988,5.00e-05,27084.09,5701632,N/A,2025-07-14 12:02:18
1392,6.516360,4.840972,225.327988,5.00e-05,26972.57,5705728,N/A,2025-07-14 12:02:19
1393,3.706026,4.840972,225.327988,5.00e-05,26582.44,5709824,N/A,2025-07-14 12:02:19
1394,3.038597,4.840972,225.327988,5.00e-05,26521.51,5713920,N/A,2025-07-14 12:02:19
1395,6.600541,4.840972,225.327988,5.00e-05,26463.13,5718016,N/A,2025-07-14 12:02:19
1396,6.082635,4.840972,225.327988,5.00e-05,26441.70,5722112,N/A,2025-07-14 12:02:19
1397,5.099446,4.840972,225.327988,5.00e-05,26309.11,5726208,N/A,2025-07-14 12:02:19
1398,4.961850,4.840972,225.327988,5.00e-05,26382.33,5730304,N/A,2025-07-14 12:02:20
1399,4.432512,4.840972,225.327988,5.00e-05,27020.77,5734400,N/A,2025-07-14 12:02:20
1400,5.660417,4.840972,225.327988,5.00e-05,26516.44,5738496,0.6938,2025-07-14 12:02:20
1401,4.343449,4.840972,225.327988,5.00e-05,21079.23,5742592,N/A,2025-07-14 12:02:21
1402,3.241748,4.840972,225.327988,5.00e-05,21221.96,5746688,N/A,2025-07-14 12:02:21
1403,7.731685,4.840972,225.327988,5.00e-05,21147.85,5750784,N/A,2025-07-14 12:02:21
1404,2.879694,4.840972,225.327988,5.00e-05,21003.08,5754880,N/A,2025-07-14 12:02:21
1405,4.053051,4.840972,225.327988,5.00e-05,20973.03,5758976,N/A,2025-07-14 12:02:21
1406,6.379709,4.840972,225.327988,5.00e-05,20968.71,5763072,N/A,2025-07-14 12:02:21
1407,3.106805,4.840972,225.327988,5.00e-05,20981.89,5767168,N/A,2025-07-14 12:02:22
1408,4.660498,4.840972,225.327988,5.00e-05,20997.17,5771264,N/A,2025-07-14 12:02:22
1409,3.955056,4.840972,225.327988,5.00e-05,21256.64,5775360,N/A,2025-07-14 12:02:22
1410,4.691145,4.840972,225.327988,5.00e-05,26227.73,5779456,0.6054,2025-07-14 12:02:22
1411,6.343517,4.840972,225.327988,5.00e-05,26286.11,5783552,N/A,2025-07-14 12:02:22
1412,4.932112,4.840972,225.327988,5.00e-05,26393.45,5787648,N/A,2025-07-14 12:02:22
1413,4.096555,4.840972,225.327988,5.00e-05,26503.85,5791744,N/A,2025-07-14 12:02:23
1414,6.776274,4.840972,225.327988,5.00e-05,26367.93,5795840,N/A,2025-07-14 12:02:23
1415,3.676321,4.840972,225.327988,5.00e-05,26559.26,5799936,N/A,2025-07-14 12:02:23
1416,6.933530,4.840972,225.327988,5.00e-05,26513.78,5804032,N/A,2025-07-14 12:02:23
1417,5.019019,4.840972,225.327988,5.00e-05,26324.60,5808128,N/A,2025-07-14 12:02:23
1418,4.142974,4.840972,225.327988,5.00e-05,26481.93,5812224,N/A,2025-07-14 12:02:23
1419,5.430250,4.840972,225.327988,5.00e-05,27061.57,5816320,N/A,2025-07-14 12:02:24
1420,5.339604,4.840972,225.327988,5.00e-05,26033.03,5820416,1.0000,2025-07-14 12:02:24
1421,3.355216,4.840972,225.327988,5.00e-05,26038.51,5824512,N/A,2025-07-14 12:02:24
1422,4.181076,4.840972,225.327988,5.00e-05,26181.34,5828608,N/A,2025-07-14 12:02:24
1423,3.878048,4.840972,225.327988,5.00e-05,26362.68,5832704,N/A,2025-07-14 12:02:24
1424,3.689817,4.840972,225.327988,5.00e-05,26447.28,5836800,N/A,2025-07-14 12:02:25
1425,2.935856,4.840972,225.327988,5.00e-05,26266.86,5840896,N/A,2025-07-14 12:02:25
1426,3.336868,4.840972,225.327988,5.00e-05,26234.19,5844992,N/A,2025-07-14 12:02:25
1427,6.821099,4.840972,225.327988,5.00e-05,26268.14,5849088,N/A,2025-07-14 12:02:25
1428,6.327024,4.840972,225.327988,5.00e-05,25824.22,5853184,N/A,2025-07-14 12:02:25
1429,6.081910,4.840972,225.327988,5.00e-05,26551.73,5857280,N/A,2025-07-14 12:02:25
1430,5.341089,4.840972,225.327988,5.00e-05,25825.22,5861376,0.9469,2025-07-14 12:02:26
1431,4.917511,4.840972,225.327988,5.00e-05,25740.89,5865472,N/A,2025-07-14 12:02:26
1432,5.309622,4.840972,225.327988,5.00e-05,25804.02,5869568,N/A,2025-07-14 12:02:26
1433,4.936583,4.840972,225.327988,5.00e-05,25837.33,5873664,N/A,2025-07-14 12:02:26
1434,5.041015,4.840972,225.327988,5.00e-05,25666.09,5877760,N/A,2025-07-14 12:02:26
1435,5.838390,4.840972,225.327988,5.00e-05,25868.12,5881856,N/A,2025-07-14 12:02:26
1436,5.790909,4.840972,225.327988,5.00e-05,25757.58,5885952,N/A,2025-07-14 12:02:27
1437,4.941791,4.840972,225.327988,5.00e-05,26344.13,5890048,N/A,2025-07-14 12:02:27
1438,7.068218,4.840972,225.327988,5.00e-05,26592.11,5894144,N/A,2025-07-14 12:02:27
1439,2.448411,4.840972,225.327988,5.00e-05,27424.72,5898240,N/A,2025-07-14 12:02:27
1440,3.900517,4.840972,225.327988,5.00e-05,26936.31,5902336,0.5490,2025-07-14 12:02:27
1441,4.641415,4.840972,225.327988,5.00e-05,26709.86,5906432,N/A,2025-07-14 12:02:27
1442,4.607657,4.840972,225.327988,5.00e-05,26649.92,5910528,N/A,2025-07-14 12:02:28
1443,5.664324,4.840972,225.327988,5.00e-05,27056.33,5914624,N/A,2025-07-14 12:02:28
1444,3.720712,4.840972,225.327988,5.00e-05,27067.01,5918720,N/A,2025-07-14 12:02:28
1445,4.198079,4.840972,225.327988,5.00e-05,27213.72,5922816,N/A,2025-07-14 12:02:28
1446,4.338962,4.840972,225.327988,5.00e-05,27092.64,5926912,N/A,2025-07-14 12:02:28
1447,5.299842,4.840972,225.327988,5.00e-05,26861.75,5931008,N/A,2025-07-14 12:02:28
1448,5.728106,4.840972,225.327988,5.00e-05,26752.79,5935104,N/A,2025-07-14 12:02:29
1449,5.261802,4.840972,225.327988,5.00e-05,27306.43,5939200,N/A,2025-07-14 12:02:29
1450,4.899758,4.840972,225.327988,5.00e-05,26655.82,5943296,0.9666,2025-07-14 12:02:29
1451,4.939006,4.840972,225.327988,5.00e-05,26613.57,5947392,N/A,2025-07-14 12:02:29
1452,6.410448,4.840972,225.327988,5.00e-05,26358.86,5951488,N/A,2025-07-14 12:02:29
1453,2.356483,4.840972,225.327988,5.00e-05,26426.08,5955584,N/A,2025-07-14 12:02:30
1454,5.857489,4.840972,225.327988,5.00e-05,26301.05,5959680,N/A,2025-07-14 12:02:30
1455,5.692300,4.840972,225.327988,5.00e-05,26352.24,5963776,N/A,2025-07-14 12:02:30
1456,4.502805,4.840972,225.327988,5.00e-05,26576.32,5967872,N/A,2025-07-14 12:02:30
1457,6.289288,4.840972,225.327988,5.00e-05,26649.45,5971968,N/A,2025-07-14 12:02:30
1458,5.160661,4.840972,225.327988,5.00e-05,26682.75,5976064,N/A,2025-07-14 12:02:30
1459,4.612298,4.840972,225.327988,5.00e-05,27540.68,5980160,N/A,2025-07-14 12:02:30
1460,5.051036,4.840972,225.327988,5.00e-05,26673.15,5984256,0.7023,2025-07-14 12:02:31
1461,6.089446,4.840972,225.327988,5.00e-05,26994.41,5988352,N/A,2025-07-14 12:02:31
1462,5.568789,4.840972,225.327988,5.00e-05,27007.64,5992448,N/A,2025-07-14 12:02:31
1463,4.515503,4.840972,225.327988,5.00e-05,27112.65,5996544,N/A,2025-07-14 12:02:31
1464,3.817805,4.840972,225.327988,5.00e-05,27048.32,6000640,N/A,2025-07-14 12:02:31
1465,4.056721,4.840972,225.327988,5.00e-05,27191.10,6004736,N/A,2025-07-14 12:02:32
1466,5.961631,4.840972,225.327988,5.00e-05,27234.33,6008832,N/A,2025-07-14 12:02:32
1467,6.096697,4.840972,225.327988,5.00e-05,27066.42,6012928,N/A,2025-07-14 12:02:32
1468,4.716124,4.840972,225.327988,5.00e-05,27021.11,6017024,N/A,2025-07-14 12:02:32
1469,4.695273,4.840972,225.327988,5.00e-05,27685.01,6021120,N/A,2025-07-14 12:02:32
1470,4.002836,4.840972,225.327988,5.00e-05,26483.77,6025216,0.8854,2025-07-14 12:02:32
1471,6.131908,4.840972,225.327988,5.00e-05,26444.63,6029312,N/A,2025-07-14 12:02:33
1472,6.197336,4.840972,225.327988,5.00e-05,26412.67,6033408,N/A,2025-07-14 12:02:33
1473,4.870238,4.840972,225.327988,5.00e-05,26534.91,6037504,N/A,2025-07-14 12:02:33
1474,4.848910,4.840972,225.327988,5.00e-05,26548.96,6041600,N/A,2025-07-14 12:02:33
1475,5.056294,4.840972,225.327988,5.00e-05,26477.92,6045696,N/A,2025-07-14 12:02:33
1476,5.996548,4.840972,225.327988,5.00e-05,26616.52,6049792,N/A,2025-07-14 12:02:33
1477,4.363480,4.840972,225.327988,5.00e-05,26627.07,6053888,N/A,2025-07-14 12:02:34
1478,4.337808,4.840972,225.327988,5.00e-05,26859.23,6057984,N/A,2025-07-14 12:02:34
1479,6.044310,4.840972,225.327988,5.00e-05,28059.46,6062080,N/A,2025-07-14 12:02:34
1480,5.276279,4.840972,225.327988,5.00e-05,27050.69,6066176,0.9057,2025-07-14 12:02:34
1481,6.588163,4.840972,225.327988,5.00e-05,27088.25,6070272,N/A,2025-07-14 12:02:34
1482,4.624578,4.840972,225.327988,5.00e-05,27026.29,6074368,N/A,2025-07-14 12:02:34
1483,6.510923,4.840972,225.327988,5.00e-05,27094.72,6078464,N/A,2025-07-14 12:02:35
1484,2.907786,4.840972,225.327988,5.00e-05,27122.84,6082560,N/A,2025-07-14 12:02:35
1485,6.654136,4.840972,225.327988,5.00e-05,27007.51,6086656,N/A,2025-07-14 12:02:35
1486,5.868472,4.840972,225.327988,5.00e-05,27053.09,6090752,N/A,2025-07-14 12:02:35
1487,7.202163,4.840972,225.327988,5.00e-05,27107.12,6094848,N/A,2025-07-14 12:02:35
1488,4.865674,4.840972,225.327988,5.00e-05,27082.27,6098944,N/A,2025-07-14 12:02:35
1489,4.676456,4.840972,225.327988,5.00e-05,27594.21,6103040,N/A,2025-07-14 12:02:36
1490,5.432401,4.840972,225.327988,5.00e-05,26825.73,6107136,0.7454,2025-07-14 12:02:36
1491,5.575211,4.840972,225.327988,5.00e-05,26862.26,6111232,N/A,2025-07-14 12:02:36
1492,4.405601,4.840972,225.327988,5.00e-05,26583.13,6115328,N/A,2025-07-14 12:02:36
1493,5.246829,4.840972,225.327988,5.00e-05,26604.24,6119424,N/A,2025-07-14 12:02:36
1494,6.550809,4.840972,225.327988,5.00e-05,26332.26,6123520,N/A,2025-07-14 12:02:36
1495,5.247200,4.840972,225.327988,5.00e-05,26342.64,6127616,N/A,2025-07-14 12:02:37
1496,3.507006,4.840972,225.327988,5.00e-05,26349.48,6131712,N/A,2025-07-14 12:02:37
1497,4.332822,4.840972,225.327988,5.00e-05,26364.84,6135808,N/A,2025-07-14 12:02:37
1498,4.793379,4.840972,225.327988,5.00e-05,26892.19,6139904,N/A,2025-07-14 12:02:37
1499,4.959627,4.840972,225.327988,5.00e-05,27609.20,6144000,N/A,2025-07-14 12:02:37
1500,2.479372,4.840972,225.327988,5.00e-05,26756.44,6148096,0.8762,2025-07-14 12:02:37
1501,6.042940,4.840972,225.327988,5.00e-05,21713.84,6152192,N/A,2025-07-14 12:02:38
1502,2.410106,4.840972,225.327988,5.00e-05,21714.34,6156288,N/A,2025-07-14 12:02:38
1503,4.690737,4.840972,225.327988,5.00e-05,21956.91,6160384,N/A,2025-07-14 12:02:38
1504,7.527903,4.840972,225.327988,5.00e-05,21984.49,6164480,N/A,2025-07-14 12:02:38
1505,5.019101,4.840972,225.327988,5.00e-05,21991.34,6168576,N/A,2025-07-14 12:02:39
1506,4.618589,4.840972,225.327988,5.00e-05,21991.50,6172672,N/A,2025-07-14 12:02:39
1507,5.680069,4.840972,225.327988,5.00e-05,21986.08,6176768,N/A,2025-07-14 12:02:39
1508,4.453939,4.840972,225.327988,5.00e-05,22060.89,6180864,N/A,2025-07-14 12:02:39
1509,4.809332,4.840972,225.327988,5.00e-05,22617.18,6184960,N/A,2025-07-14 12:02:39
1510,5.674700,4.840972,225.327988,5.00e-05,27823.78,6189056,0.8074,2025-07-14 12:02:39
1511,6.076842,4.840972,225.327988,5.00e-05,27831.79,6193152,N/A,2025-07-14 12:02:40
1512,5.234045,4.840972,225.327988,5.00e-05,27835.94,6197248,N/A,2025-07-14 12:02:40
1513,4.766308,4.840972,225.327988,5.00e-05,27452.17,6201344,N/A,2025-07-14 12:02:40
1514,3.959283,4.840972,225.327988,5.00e-05,27071.68,6205440,N/A,2025-07-14 12:02:40
1515,3.022499,4.840972,225.327988,5.00e-05,27039.64,6209536,N/A,2025-07-14 12:02:40
1516,6.270314,4.840972,225.327988,5.00e-05,27020.57,6213632,N/A,2025-07-14 12:02:40
1517,4.333890,4.840972,225.327988,5.00e-05,26691.60,6217728,N/A,2025-07-14 12:02:41
1518,2.863324,4.840972,225.327988,5.00e-05,26101.74,6221824,N/A,2025-07-14 12:02:41
1519,5.814104,4.840972,225.327988,5.00e-05,26545.89,6225920,N/A,2025-07-14 12:02:41
1520,3.734715,4.840972,225.327988,5.00e-05,25549.56,6230016,1.0000,2025-07-14 12:02:41
1521,7.549012,4.840972,225.327988,5.00e-05,25575.57,6234112,N/A,2025-07-14 12:02:41
1522,3.548272,4.840972,225.327988,5.00e-05,25842.19,6238208,N/A,2025-07-14 12:02:42
1523,4.297687,4.840972,225.327988,5.00e-05,26043.62,6242304,N/A,2025-07-14 12:02:42
1524,4.336742,4.840972,225.327988,5.00e-05,25911.48,6246400,N/A,2025-07-14 12:02:42
1525,7.681468,4.840972,225.327988,5.00e-05,25874.90,6250496,N/A,2025-07-14 12:02:42
1526,5.989058,4.840972,225.327988,5.00e-05,26055.45,6254592,N/A,2025-07-14 12:02:42
1527,6.218697,4.840972,225.327988,5.00e-05,26570.50,6258688,N/A,2025-07-14 12:02:42
1528,4.190506,4.840972,225.327988,5.00e-05,26513.67,6262784,N/A,2025-07-14 12:02:43
1529,4.457284,4.840972,225.327988,5.00e-05,27518.12,6266880,N/A,2025-07-14 12:02:43
1530,6.395366,4.840972,225.327988,5.00e-05,26642.93,6270976,0.8725,2025-07-14 12:02:43
1531,7.562837,4.840972,225.327988,5.00e-05,26529.67,6275072,N/A,2025-07-14 12:02:43
1532,4.963549,4.840972,225.327988,5.00e-05,26665.37,6279168,N/A,2025-07-14 12:02:43
1533,4.365010,4.840972,225.327988,5.00e-05,26813.71,6283264,N/A,2025-07-14 12:02:43
1534,6.256371,4.840972,225.327988,5.00e-05,26731.10,6287360,N/A,2025-07-14 12:02:44
1535,4.568704,4.840972,225.327988,5.00e-05,26723.73,6291456,N/A,2025-07-14 12:02:44
1536,5.571631,4.840972,225.327988,5.00e-05,26799.94,6295552,N/A,2025-07-14 12:02:44
1537,5.371071,4.840972,225.327988,5.00e-05,26878.71,6299648,N/A,2025-07-14 12:02:44
1538,5.789072,4.840972,225.327988,5.00e-05,26906.62,6303744,N/A,2025-07-14 12:02:44
1539,3.268183,4.840972,225.327988,5.00e-05,27770.23,6307840,N/A,2025-07-14 12:02:44
1540,3.250340,4.840972,225.327988,5.00e-05,26676.05,6311936,0.4923,2025-07-14 12:02:45
1541,3.685618,4.840972,225.327988,5.00e-05,26558.19,6316032,N/A,2025-07-14 12:02:45
1542,5.954808,4.840972,225.327988,5.00e-05,26370.16,6320128,N/A,2025-07-14 12:02:45
1543,2.246520,4.840972,225.327988,5.00e-05,26385.40,6324224,N/A,2025-07-14 12:02:45
1544,4.166157,4.840972,225.327988,5.00e-05,26479.80,6328320,N/A,2025-07-14 12:02:45
1545,2.522015,4.840972,225.327988,5.00e-05,26199.85,6332416,N/A,2025-07-14 12:02:45
1546,2.724190,4.840972,225.327988,5.00e-05,26234.92,6336512,N/A,2025-07-14 12:02:46
1547,6.386248,4.840972,225.327988,5.00e-05,26161.44,6340608,N/A,2025-07-14 12:02:46
1548,3.837767,4.840972,225.327988,5.00e-05,26258.80,6344704,N/A,2025-07-14 12:02:46
1549,5.959177,4.840972,225.327988,5.00e-05,27349.83,6348800,N/A,2025-07-14 12:02:46
1550,3.485090,4.840972,225.327988,5.00e-05,26734.92,6352896,0.8653,2025-07-14 12:02:46
1551,5.603219,4.840972,225.327988,5.00e-05,26789.29,6356992,N/A,2025-07-14 12:02:47
1552,4.946652,4.840972,225.327988,5.00e-05,26851.72,6361088,N/A,2025-07-14 12:02:47
1553,6.265499,4.840972,225.327988,5.00e-05,26797.12,6365184,N/A,2025-07-14 12:02:47
1554,5.611277,4.840972,225.327988,5.00e-05,27087.54,6369280,N/A,2025-07-14 12:02:47
1555,5.616927,4.840972,225.327988,5.00e-05,27128.29,6373376,N/A,2025-07-14 12:02:47
1556,6.748899,4.840972,225.327988,5.00e-05,27217.20,6377472,N/A,2025-07-14 12:02:47
1557,6.819139,4.840972,225.327988,5.00e-05,27146.10,6381568,N/A,2025-07-14 12:02:47
1558,4.022953,4.840972,225.327988,5.00e-05,27064.19,6385664,N/A,2025-07-14 12:02:48
1559,7.581013,4.840972,225.327988,5.00e-05,27753.62,6389760,N/A,2025-07-14 12:02:48
1560,4.500364,4.840972,225.327988,5.00e-05,27025.45,6393856,1.0000,2025-07-14 12:02:48
1561,6.103199,4.840972,225.327988,5.00e-05,26809.78,6397952,N/A,2025-07-14 12:02:48
1562,4.889047,4.840972,225.327988,5.00e-05,26802.93,6402048,N/A,2025-07-14 12:02:48
1563,4.271717,4.840972,225.327988,5.00e-05,26831.56,6406144,N/A,2025-07-14 12:02:49
1564,3.629130,4.840972,225.327988,5.00e-05,26813.96,6410240,N/A,2025-07-14 12:02:49
1565,6.127981,4.840972,225.327988,5.00e-05,26859.34,6414336,N/A,2025-07-14 12:02:49
1566,4.876735,4.840972,225.327988,5.00e-05,26811.66,6418432,N/A,2025-07-14 12:02:49
1567,6.149032,4.840972,225.327988,5.00e-05,27014.02,6422528,N/A,2025-07-14 12:02:49
1568,4.271660,4.840972,225.327988,5.00e-05,27047.02,6426624,N/A,2025-07-14 12:02:49
1569,4.610484,4.840972,225.327988,5.00e-05,27855.93,6430720,N/A,2025-07-14 12:02:49
1570,3.803952,4.840972,225.327988,5.00e-05,27446.74,6434816,1.0000,2025-07-14 12:02:50
1571,3.276858,4.840972,225.327988,5.00e-05,27537.60,6438912,N/A,2025-07-14 12:02:50
1572,3.991255,4.840972,225.327988,5.00e-05,27449.77,6443008,N/A,2025-07-14 12:02:50
1573,7.619899,4.840972,225.327988,5.00e-05,27471.24,6447104,N/A,2025-07-14 12:02:50
1574,6.211242,4.840972,225.327988,5.00e-05,27408.38,6451200,N/A,2025-07-14 12:02:50
1575,6.542811,4.840972,225.327988,5.00e-05,27439.65,6455296,N/A,2025-07-14 12:02:51
1576,4.274466,4.840972,225.327988,5.00e-05,27381.42,6459392,N/A,2025-07-14 12:02:51
1577,5.318019,4.840972,225.327988,5.00e-05,27326.19,6463488,N/A,2025-07-14 12:02:51
1578,5.997852,4.840972,225.327988,5.00e-05,27325.44,6467584,N/A,2025-07-14 12:02:51
1579,3.100062,4.840972,225.327988,5.00e-05,27917.26,6471680,N/A,2025-07-14 12:02:51
1580,4.204450,4.840972,225.327988,5.00e-05,26704.87,6475776,0.6008,2025-07-14 12:02:51
1581,3.605551,4.840972,225.327988,5.00e-05,26567.11,6479872,N/A,2025-07-14 12:02:52
1582,6.448056,4.840972,225.327988,5.00e-05,26501.43,6483968,N/A,2025-07-14 12:02:52
1583,5.702657,4.840972,225.327988,5.00e-05,26528.36,6488064,N/A,2025-07-14 12:02:52
1584,6.057860,4.840972,225.327988,5.00e-05,26587.11,6492160,N/A,2025-07-14 12:02:52
1585,5.305665,4.840972,225.327988,5.00e-05,26624.10,6496256,N/A,2025-07-14 12:02:52
1586,5.356078,4.840972,225.327988,5.00e-05,26625.47,6500352,N/A,2025-07-14 12:02:52
1587,5.986332,4.840972,225.327988,5.00e-05,26634.21,6504448,N/A,2025-07-14 12:02:53
1588,4.127249,4.840972,225.327988,5.00e-05,26642.43,6508544,N/A,2025-07-14 12:02:53
1589,3.690416,4.840972,225.327988,5.00e-05,27647.73,6512640,N/A,2025-07-14 12:02:53
1590,4.825286,4.840972,225.327988,5.00e-05,27115.67,6516736,0.6530,2025-07-14 12:02:53
1591,5.648858,4.840972,225.327988,5.00e-05,26682.35,6520832,N/A,2025-07-14 12:02:53
1592,4.782580,4.840972,225.327988,5.00e-05,26645.79,6524928,N/A,2025-07-14 12:02:53
1593,4.679442,4.840972,225.327988,5.00e-05,26591.45,6529024,N/A,2025-07-14 12:02:54
1594,6.275691,4.840972,225.327988,5.00e-05,26553.33,6533120,N/A,2025-07-14 12:02:54
1595,1.894345,4.840972,225.327988,5.00e-05,26574.47,6537216,N/A,2025-07-14 12:02:54
1596,3.850924,4.840972,225.327988,5.00e-05,26614.02,6541312,N/A,2025-07-14 12:02:54
1597,6.086950,4.840972,225.327988,5.00e-05,26615.60,6545408,N/A,2025-07-14 12:02:54
1598,5.634102,4.840972,225.327988,5.00e-05,26668.86,6549504,N/A,2025-07-14 12:02:54
1599,2.791114,4.840972,225.327988,5.00e-05,27201.48,6553600,N/A,2025-07-14 12:02:55
1600,3.889215,4.840972,225.327988,5.00e-05,27021.82,6557696,0.5886,2025-07-14 12:02:55
1601,6.177654,4.840972,225.327988,5.00e-05,21350.02,6561792,N/A,2025-07-14 12:02:55
1602,2.972799,4.840972,225.327988,5.00e-05,21291.86,6565888,N/A,2025-07-14 12:02:56
1603,4.192938,4.840972,225.327988,5.00e-05,21313.33,6569984,N/A,2025-07-14 12:02:56
1604,5.142892,4.840972,225.327988,5.00e-05,21344.93,6574080,N/A,2025-07-14 12:02:56
1605,4.825483,4.840972,225.327988,5.00e-05,21399.54,6578176,N/A,2025-07-14 12:02:56
1606,6.512970,4.840972,225.327988,5.00e-05,21277.66,6582272,N/A,2025-07-14 12:02:56
1607,6.391079,4.840972,225.327988,5.00e-05,21085.42,6586368,N/A,2025-07-14 12:02:56
1608,7.445260,4.840972,225.327988,5.00e-05,21188.59,6590464,N/A,2025-07-14 12:02:57
1609,3.510903,4.840972,225.327988,5.00e-05,21554.20,6594560,N/A,2025-07-14 12:02:57
1610,5.084916,4.840972,225.327988,5.00e-05,26488.39,6598656,1.0000,2025-07-14 12:02:57
1611,7.547164,4.840972,225.327988,5.00e-05,26334.20,6602752,N/A,2025-07-14 12:02:57
1612,5.327575,4.840972,225.327988,5.00e-05,26278.83,6606848,N/A,2025-07-14 12:02:57
1613,5.994786,4.840972,225.327988,5.00e-05,26072.96,6610944,N/A,2025-07-14 12:02:57
1614,7.513991,4.840972,225.327988,5.00e-05,26009.23,6615040,N/A,2025-07-14 12:02:58
1615,6.427595,4.840972,225.327988,5.00e-05,26205.76,6619136,N/A,2025-07-14 12:02:58
1616,6.690742,4.840972,225.327988,5.00e-05,26479.07,6623232,N/A,2025-07-14 12:02:58
1617,4.998162,4.840972,225.327988,5.00e-05,26444.41,6627328,N/A,2025-07-14 12:02:58
1618,9.586964,4.840972,225.327988,5.00e-05,26529.85,6631424,N/A,2025-07-14 12:02:58
1619,8.148979,4.840972,225.327988,5.00e-05,27359.65,6635520,N/A,2025-07-14 12:02:58
1620,4.833098,4.840972,225.327988,5.00e-05,26921.37,6639616,1.0000,2025-07-14 12:02:59
1621,6.476503,4.840972,225.327988,5.00e-05,26712.94,6643712,N/A,2025-07-14 12:02:59
1622,3.569272,4.840972,225.327988,5.00e-05,26840.36,6647808,N/A,2025-07-14 12:02:59
1623,4.221881,4.840972,225.327988,5.00e-05,26881.81,6651904,N/A,2025-07-14 12:02:59
1624,4.332661,4.840972,225.327988,5.00e-05,26946.48,6656000,N/A,2025-07-14 12:02:59
1625,4.607528,4.840972,225.327988,5.00e-05,27062.86,6660096,N/A,2025-07-14 12:02:59
1626,4.176813,4.840972,225.327988,5.00e-05,27034.50,6664192,N/A,2025-07-14 12:03:00
1627,4.840478,4.840972,225.327988,5.00e-05,27024.45,6668288,N/A,2025-07-14 12:03:00
1628,7.259475,4.840972,225.327988,5.00e-05,27128.48,6672384,N/A,2025-07-14 12:03:00
1629,5.702003,4.840972,225.327988,5.00e-05,27640.26,6676480,N/A,2025-07-14 12:03:00
1630,5.836794,4.840972,225.327988,5.00e-05,27247.32,6680576,1.0000,2025-07-14 12:03:00
1631,6.471119,4.840972,225.327988,5.00e-05,27334.19,6684672,N/A,2025-07-14 12:03:00
1632,6.631743,4.840972,225.327988,5.00e-05,27307.90,6688768,N/A,2025-07-14 12:03:01
1633,6.844063,4.840972,225.327988,5.00e-05,27251.62,6692864,N/A,2025-07-14 12:03:01
1634,3.544706,4.840972,225.327988,5.00e-05,27300.02,6696960,N/A,2025-07-14 12:03:01
1635,4.939298,4.840972,225.327988,5.00e-05,27083.68,6701056,N/A,2025-07-14 12:03:01
1636,5.056108,4.840972,225.327988,5.00e-05,27096.33,6705152,N/A,2025-07-14 12:03:01
1637,6.527867,4.840972,225.327988,5.00e-05,27062.74,6709248,N/A,2025-07-14 12:03:01
1638,5.964079,4.840972,225.327988,5.00e-05,26986.66,6713344,N/A,2025-07-14 12:03:02
1639,3.930609,4.840972,225.327988,5.00e-05,27556.80,6717440,N/A,2025-07-14 12:03:02
1640,5.741665,4.840972,225.327988,5.00e-05,26785.77,6721536,1.0000,2025-07-14 12:03:02
1641,1.905839,4.840972,225.327988,5.00e-05,26761.69,6725632,N/A,2025-07-14 12:03:02
1642,5.318752,4.840972,225.327988,5.00e-05,26579.74,6729728,N/A,2025-07-14 12:03:02
1643,5.999326,4.840972,225.327988,5.00e-05,26244.80,6733824,N/A,2025-07-14 12:03:02
1644,5.415226,4.840972,225.327988,5.00e-05,26496.90,6737920,N/A,2025-07-14 12:03:03
1645,4.570065,4.840972,225.327988,5.00e-05,26348.70,6742016,N/A,2025-07-14 12:03:03
1646,5.047162,4.840972,225.327988,5.00e-05,25842.24,6746112,N/A,2025-07-14 12:03:03
1647,4.441605,4.840972,225.327988,5.00e-05,25556.69,6750208,N/A,2025-07-14 12:03:03
1648,3.396517,4.840972,225.327988,5.00e-05,25654.45,6754304,N/A,2025-07-14 12:03:03
1649,4.626237,4.840972,225.327988,5.00e-05,26292.14,6758400,N/A,2025-07-14 12:03:04
1650,4.735260,4.840972,225.327988,5.00e-05,25678.33,6762496,0.8094,2025-07-14 12:03:04
1651,4.552135,4.840972,225.327988,5.00e-05,25891.85,6766592,N/A,2025-07-14 12:03:04
1652,5.202121,4.840972,225.327988,5.00e-05,26161.38,6770688,N/A,2025-07-14 12:03:04
1653,4.670688,4.840972,225.327988,5.00e-05,26081.29,6774784,N/A,2025-07-14 12:03:04
1654,3.101609,4.840972,225.327988,5.00e-05,26127.79,6778880,N/A,2025-07-14 12:03:04
1655,4.730145,4.840972,225.327988,5.00e-05,26542.87,6782976,N/A,2025-07-14 12:03:05
1656,4.465179,4.840972,225.327988,5.00e-05,27000.74,6787072,N/A,2025-07-14 12:03:05
1657,2.773831,4.840972,225.327988,5.00e-05,26823.21,6791168,N/A,2025-07-14 12:03:05
1658,5.162220,4.840972,225.327988,5.00e-05,26613.45,6795264,N/A,2025-07-14 12:03:05
1659,6.824402,4.840972,225.327988,5.00e-05,26987.38,6799360,N/A,2025-07-14 12:03:05
1660,5.894536,4.840972,225.327988,5.00e-05,25787.63,6803456,1.0000,2025-07-14 12:03:05
1661,5.639502,4.840972,225.327988,5.00e-05,25357.84,6807552,N/A,2025-07-14 12:03:06
1662,5.265957,4.840972,225.327988,5.00e-05,24921.73,6811648,N/A,2025-07-14 12:03:06
1663,5.619748,4.840972,225.327988,5.00e-05,24857.26,6815744,N/A,2025-07-14 12:03:06
1664,5.404131,4.840972,225.327988,5.00e-05,24637.08,6819840,N/A,2025-07-14 12:03:06
1665,4.531947,4.840972,225.327988,5.00e-05,24416.20,6823936,N/A,2025-07-14 12:03:06
1666,1.772486,4.840972,225.327988,5.00e-05,24096.91,6828032,N/A,2025-07-14 12:03:07
1667,6.819294,4.840972,225.327988,5.00e-05,23786.41,6832128,N/A,2025-07-14 12:03:07
1668,4.388336,4.840972,225.327988,5.00e-05,23619.77,6836224,N/A,2025-07-14 12:03:07
1669,6.546414,4.840972,225.327988,5.00e-05,24231.03,6840320,N/A,2025-07-14 12:03:07
1670,6.786837,4.840972,225.327988,5.00e-05,23716.16,6844416,1.0000,2025-07-14 12:03:07
1671,2.888371,4.840972,225.327988,5.00e-05,23841.36,6848512,N/A,2025-07-14 12:03:08
1672,5.937415,4.840972,225.327988,5.00e-05,23608.34,6852608,N/A,2025-07-14 12:03:08
1673,5.390737,4.840972,225.327988,5.00e-05,23356.43,6856704,N/A,2025-07-14 12:03:08
1674,2.654474,4.840972,225.327988,5.00e-05,23189.97,6860800,N/A,2025-07-14 12:03:08
1675,3.685515,4.840972,225.327988,5.00e-05,23297.95,6864896,N/A,2025-07-14 12:03:08
1676,6.329022,4.840972,225.327988,5.00e-05,23529.93,6868992,N/A,2025-07-14 12:03:09
1677,6.590929,4.840972,225.327988,5.00e-05,23676.61,6873088,N/A,2025-07-14 12:03:09
1678,3.884650,4.840972,225.327988,5.00e-05,23930.76,6877184,N/A,2025-07-14 12:03:09
1679,5.062078,4.840972,225.327988,5.00e-05,24460.23,6881280,N/A,2025-07-14 12:03:09
1680,4.473975,4.840972,225.327988,5.00e-05,23943.97,6885376,1.0000,2025-07-14 12:03:09
1681,5.037079,4.840972,225.327988,5.00e-05,24208.43,6889472,N/A,2025-07-14 12:03:09
1682,3.258705,4.840972,225.327988,5.00e-05,24711.02,6893568,N/A,2025-07-14 12:03:10
1683,6.039397,4.840972,225.327988,5.00e-05,25148.39,6897664,N/A,2025-07-14 12:03:10
1684,5.605175,4.840972,225.327988,5.00e-05,25338.61,6901760,N/A,2025-07-14 12:03:10
1685,4.814865,4.840972,225.327988,5.00e-05,25420.12,6905856,N/A,2025-07-14 12:03:10
1686,5.855582,4.840972,225.327988,5.00e-05,25672.92,6909952,N/A,2025-07-14 12:03:10
1687,6.659580,4.840972,225.327988,5.00e-05,25272.24,6914048,N/A,2025-07-14 12:03:10
1688,5.579367,4.840972,225.327988,5.00e-05,25377.12,6918144,N/A,2025-07-14 12:03:11
1689,3.610641,4.840972,225.327988,5.00e-05,25968.80,6922240,N/A,2025-07-14 12:03:11
1690,3.916888,4.840972,225.327988,5.00e-05,25185.29,6926336,0.7632,2025-07-14 12:03:11
1691,3.740124,4.840972,225.327988,5.00e-05,25103.39,6930432,N/A,2025-07-14 12:03:11
1692,7.708440,4.840972,225.327988,5.00e-05,25159.35,6934528,N/A,2025-07-14 12:03:11
1693,2.993528,4.840972,225.327988,5.00e-05,25045.24,6938624,N/A,2025-07-14 12:03:12
1694,3.760417,4.840972,225.327988,5.00e-05,25051.33,6942720,N/A,2025-07-14 12:03:12
1695,5.507167,4.840972,225.327988,5.00e-05,24590.71,6946816,N/A,2025-07-14 12:03:12
1696,4.486880,4.840972,225.327988,5.00e-05,24617.49,6950912,N/A,2025-07-14 12:03:12
1697,5.288990,4.840972,225.327988,5.00e-05,24320.40,6955008,N/A,2025-07-14 12:03:12
1698,7.028956,4.840972,225.327988,5.00e-05,24144.23,6959104,N/A,2025-07-14 12:03:13
1699,5.655334,4.840972,225.327988,5.00e-05,24747.63,6963200,N/A,2025-07-14 12:03:13
1700,7.029696,4.840972,225.327988,5.00e-05,24115.70,6967296,1.0000,2025-07-14 12:03:13
1701,4.996923,4.840972,225.327988,5.00e-05,19427.09,6971392,N/A,2025-07-14 12:03:14
1702,5.198209,4.840972,225.327988,5.00e-05,19559.69,6975488,N/A,2025-07-14 12:03:14
1703,2.639004,4.840972,225.327988,5.00e-05,19557.36,6979584,N/A,2025-07-14 12:03:14
1704,5.397028,4.840972,225.327988,5.00e-05,19830.29,6983680,N/A,2025-07-14 12:03:14
1705,6.537848,4.840972,225.327988,5.00e-05,20070.56,6987776,N/A,2025-07-14 12:03:14
1706,3.834014,4.840972,225.327988,5.00e-05,20440.16,6991872,N/A,2025-07-14 12:03:14
1707,7.061193,4.840972,225.327988,5.00e-05,20782.55,6995968,N/A,2025-07-14 12:03:15
1708,3.220806,4.840972,225.327988,5.00e-05,20935.23,7000064,N/A,2025-07-14 12:03:15
1709,5.989567,4.840972,225.327988,5.00e-05,21465.22,7004160,N/A,2025-07-14 12:03:15
1710,3.715692,4.840972,225.327988,5.00e-05,26447.97,7008256,1.0000,2025-07-14 12:03:15
1711,6.018125,4.840972,225.327988,5.00e-05,26464.17,7012352,N/A,2025-07-14 12:03:15
1712,6.452394,4.840972,225.327988,5.00e-05,26681.27,7016448,N/A,2025-07-14 12:03:15
1713,3.758029,4.840972,225.327988,5.00e-05,26734.41,7020544,N/A,2025-07-14 12:03:16
1714,2.624991,4.840972,225.327988,5.00e-05,26813.69,7024640,N/A,2025-07-14 12:03:16
1715,5.814701,4.840972,225.327988,5.00e-05,26933.08,7028736,N/A,2025-07-14 12:03:16
1716,4.986258,4.840972,225.327988,5.00e-05,26741.78,7032832,N/A,2025-07-14 12:03:16
1717,6.622530,4.840972,225.327988,5.00e-05,26560.35,7036928,N/A,2025-07-14 12:03:16
1718,6.266572,4.840972,225.327988,5.00e-05,26684.95,7041024,N/A,2025-07-14 12:03:16
1719,6.373694,4.840972,225.327988,5.00e-05,27576.83,7045120,N/A,2025-07-14 12:03:17
1720,7.137851,4.840972,225.327988,5.00e-05,26784.52,7049216,1.0000,2025-07-14 12:03:17
1721,6.011902,4.840972,225.327988,5.00e-05,26657.30,7053312,N/A,2025-07-14 12:03:17
1722,5.042330,4.840972,225.327988,5.00e-05,26647.00,7057408,N/A,2025-07-14 12:03:17
1723,5.999041,4.840972,225.327988,5.00e-05,26634.55,7061504,N/A,2025-07-14 12:03:17
1724,3.512406,4.840972,225.327988,5.00e-05,26561.96,7065600,N/A,2025-07-14 12:03:17
1725,2.704979,4.840972,225.327988,5.00e-05,26757.60,7069696,N/A,2025-07-14 12:03:18
1726,3.609472,4.840972,225.327988,5.00e-05,26952.11,7073792,N/A,2025-07-14 12:03:18
1727,4.954987,4.840972,225.327988,5.00e-05,26435.35,7077888,N/A,2025-07-14 12:03:18
1728,7.053309,4.840972,225.327988,5.00e-05,26377.82,7081984,N/A,2025-07-14 12:03:18
1729,4.267610,4.840972,225.327988,5.00e-05,27184.07,7086080,N/A,2025-07-14 12:03:18
1730,3.104637,4.840972,225.327988,5.00e-05,26784.93,7090176,0.7800,2025-07-14 12:03:18
1731,3.883837,4.840972,225.327988,5.00e-05,26877.37,7094272,N/A,2025-07-14 12:03:19
1732,5.249641,4.840972,225.327988,5.00e-05,26907.37,7098368,N/A,2025-07-14 12:03:19
1733,7.095744,4.840972,225.327988,5.00e-05,26901.58,7102464,N/A,2025-07-14 12:03:19
1734,5.275941,4.840972,225.327988,5.00e-05,26992.09,7106560,N/A,2025-07-14 12:03:19
1735,4.912887,4.840972,225.327988,5.00e-05,27085.03,7110656,N/A,2025-07-14 12:03:19
1736,5.531224,4.840972,225.327988,5.00e-05,27361.04,7114752,N/A,2025-07-14 12:03:19
1737,2.435451,4.840972,225.327988,5.00e-05,27197.41,7118848,N/A,2025-07-14 12:03:20
1738,5.338929,4.840972,225.327988,5.00e-05,27104.98,7122944,N/A,2025-07-14 12:03:20
1739,6.745036,4.840972,225.327988,5.00e-05,27633.49,7127040,N/A,2025-07-14 12:03:20
1740,3.931957,4.840972,225.327988,5.00e-05,26884.28,7131136,0.8646,2025-07-14 12:03:20
1741,2.826131,4.840972,225.327988,5.00e-05,26681.94,7135232,N/A,2025-07-14 12:03:20
1742,3.745626,4.840972,225.327988,5.00e-05,26773.58,7139328,N/A,2025-07-14 12:03:20
1743,6.719707,4.840972,225.327988,5.00e-05,26790.43,7143424,N/A,2025-07-14 12:03:21
1744,4.986406,4.840972,225.327988,5.00e-05,26696.56,7147520,N/A,2025-07-14 12:03:21
1745,4.785299,4.840972,225.327988,5.00e-05,26941.28,7151616,N/A,2025-07-14 12:03:21
1746,5.406478,4.840972,225.327988,5.00e-05,27213.56,7155712,N/A,2025-07-14 12:03:21
1747,5.963131,4.840972,225.327988,5.00e-05,27111.12,7159808,N/A,2025-07-14 12:03:21
1748,4.307371,4.840972,225.327988,5.00e-05,27231.03,7163904,N/A,2025-07-14 12:03:21
1749,5.572325,4.840972,225.327988,5.00e-05,27773.79,7168000,N/A,2025-07-14 12:03:22
1750,7.650259,4.840972,225.327988,5.00e-05,27289.18,7172096,1.0000,2025-07-14 12:03:22
1751,6.467953,4.840972,225.327988,5.00e-05,27176.69,7176192,N/A,2025-07-14 12:03:22
1752,3.849433,4.840972,225.327988,5.00e-05,27046.39,7180288,N/A,2025-07-14 12:03:22
1753,5.062840,4.840972,225.327988,5.00e-05,26954.02,7184384,N/A,2025-07-14 12:03:22
1754,6.287634,4.840972,225.327988,5.00e-05,26805.25,7188480,N/A,2025-07-14 12:03:22
1755,4.052044,4.840972,225.327988,5.00e-05,26699.37,7192576,N/A,2025-07-14 12:03:23
1756,7.493873,4.840972,225.327988,5.00e-05,26852.86,7196672,N/A,2025-07-14 12:03:23
1757,5.450786,4.840972,225.327988,5.00e-05,26765.47,7200768,N/A,2025-07-14 12:03:23
1758,6.030581,4.840972,225.327988,5.00e-05,26838.73,7204864,N/A,2025-07-14 12:03:23
1759,6.117182,4.840972,225.327988,5.00e-05,27442.28,7208960,N/A,2025-07-14 12:03:23
1760,5.067002,4.840972,225.327988,5.00e-05,26491.92,7213056,1.0000,2025-07-14 12:03:24
1761,4.826801,4.840972,225.327988,5.00e-05,26573.39,7217152,N/A,2025-07-14 12:03:24
1762,5.871304,4.840972,225.327988,5.00e-05,26740.86,7221248,N/A,2025-07-14 12:03:24
1763,3.723656,4.840972,225.327988,5.00e-05,26558.86,7225344,N/A,2025-07-14 12:03:24
1764,3.912223,4.840972,225.327988,5.00e-05,26347.68,7229440,N/A,2025-07-14 12:03:24
1765,4.653579,4.840972,225.327988,5.00e-05,25613.23,7233536,N/A,2025-07-14 12:03:24
1766,6.167061,4.840972,225.327988,5.00e-05,25365.66,7237632,N/A,2025-07-14 12:03:25
1767,5.649997,4.840972,225.327988,5.00e-05,25249.33,7241728,N/A,2025-07-14 12:03:25
1768,6.721666,4.840972,225.327988,5.00e-05,25167.01,7245824,N/A,2025-07-14 12:03:25
1769,4.379941,4.840972,225.327988,5.00e-05,26007.38,7249920,N/A,2025-07-14 12:03:25
1770,5.084620,4.840972,225.327988,5.00e-05,24924.01,7254016,0.7705,2025-07-14 12:03:25
1771,6.037042,4.840972,225.327988,5.00e-05,24610.23,7258112,N/A,2025-07-14 12:03:26
1772,3.591222,4.840972,225.327988,5.00e-05,24768.57,7262208,N/A,2025-07-14 12:03:26
1773,5.331055,4.840972,225.327988,5.00e-05,25044.22,7266304,N/A,2025-07-14 12:03:26
1774,6.135314,4.840972,225.327988,5.00e-05,25782.90,7270400,N/A,2025-07-14 12:03:26
1775,7.064113,4.840972,225.327988,5.00e-05,26003.41,7274496,N/A,2025-07-14 12:03:26
1776,5.324091,4.840972,225.327988,5.00e-05,25928.58,7278592,N/A,2025-07-14 12:03:26
1777,7.820265,4.840972,225.327988,5.00e-05,25847.51,7282688,N/A,2025-07-14 12:03:27
1778,4.665523,4.840972,225.327988,5.00e-05,25862.43,7286784,N/A,2025-07-14 12:03:27
1779,4.894002,4.840972,225.327988,5.00e-05,27061.87,7290880,N/A,2025-07-14 12:03:27
1780,6.377687,4.840972,225.327988,5.00e-05,26437.03,7294976,1.0000,2025-07-14 12:03:27
1781,5.551874,4.840972,225.327988,5.00e-05,26576.49,7299072,N/A,2025-07-14 12:03:27
1782,5.327526,4.840972,225.327988,5.00e-05,26640.80,7303168,N/A,2025-07-14 12:03:27
1783,4.250014,4.840972,225.327988,5.00e-05,26706.58,7307264,N/A,2025-07-14 12:03:28
1784,6.634251,4.840972,225.327988,5.00e-05,26787.65,7311360,N/A,2025-07-14 12:03:28
1785,3.485099,4.840972,225.327988,5.00e-05,27055.85,7315456,N/A,2025-07-14 12:03:28
1786,5.488249,4.840972,225.327988,5.00e-05,27206.43,7319552,N/A,2025-07-14 12:03:28
1787,5.462676,4.840972,225.327988,5.00e-05,27300.41,7323648,N/A,2025-07-14 12:03:28
1788,5.421321,4.840972,225.327988,5.00e-05,26924.54,7327744,N/A,2025-07-14 12:03:28
1789,3.529440,4.840972,225.327988,5.00e-05,27566.63,7331840,N/A,2025-07-14 12:03:29
1790,2.006258,4.840972,225.327988,5.00e-05,26455.54,7335936,1.0000,2025-07-14 12:03:29
1791,4.661182,4.840972,225.327988,5.00e-05,26009.72,7340032,N/A,2025-07-14 12:03:29
1792,6.197768,4.840972,225.327988,5.00e-05,25873.40,7344128,N/A,2025-07-14 12:03:29
1793,6.070413,4.840972,225.327988,5.00e-05,25596.46,7348224,N/A,2025-07-14 12:03:29
1794,5.520456,4.840972,225.327988,5.00e-05,25161.43,7352320,N/A,2025-07-14 12:03:29
1795,5.680352,4.840972,225.327988,5.00e-05,24954.74,7356416,N/A,2025-07-14 12:03:30
1796,6.397030,4.840972,225.327988,5.00e-05,24882.33,7360512,N/A,2025-07-14 12:03:30
1797,5.722474,4.840972,225.327988,5.00e-05,24995.74,7364608,N/A,2025-07-14 12:03:30
1798,4.855464,4.840972,225.327988,5.00e-05,25025.14,7368704,N/A,2025-07-14 12:03:30
1799,2.132000,4.840972,225.327988,5.00e-05,25551.83,7372800,N/A,2025-07-14 12:03:30
1800,4.381388,4.840972,225.327988,5.00e-05,24767.32,7376896,0.5385,2025-07-14 12:03:31
1801,4.190520,4.840972,225.327988,5.00e-05,19331.46,7380992,N/A,2025-07-14 12:03:31
1802,5.063696,4.840972,225.327988,5.00e-05,19478.56,7385088,N/A,2025-07-14 12:03:31
1803,5.150064,4.840972,225.327988,5.00e-05,19726.74,7389184,N/A,2025-07-14 12:03:32
1804,3.029964,4.840972,225.327988,5.00e-05,19831.16,7393280,N/A,2025-07-14 12:03:32
1805,4.125237,4.840972,225.327988,5.00e-05,19826.69,7397376,N/A,2025-07-14 12:03:32
1806,3.886074,4.840972,225.327988,5.00e-05,19714.20,7401472,N/A,2025-07-14 12:03:32
1807,3.187337,4.840972,225.327988,5.00e-05,19877.29,7405568,N/A,2025-07-14 12:03:32
1808,5.012924,4.840972,225.327988,5.00e-05,20161.97,7409664,N/A,2025-07-14 12:03:32
1809,3.654166,4.840972,225.327988,5.00e-05,20901.29,7413760,N/A,2025-07-14 12:03:33
1810,6.106669,4.840972,225.327988,5.00e-05,26893.94,7417856,1.0000,2025-07-14 12:03:33
1811,4.203492,4.840972,225.327988,5.00e-05,26816.90,7421952,N/A,2025-07-14 12:03:33
1812,4.984881,4.840972,225.327988,5.00e-05,26884.69,7426048,N/A,2025-07-14 12:03:33
1813,7.203290,4.840972,225.327988,5.00e-05,26960.24,7430144,N/A,2025-07-14 12:03:33
1814,4.100731,4.840972,225.327988,5.00e-05,27018.44,7434240,N/A,2025-07-14 12:03:33
1815,4.768404,4.840972,225.327988,5.00e-05,27416.12,7438336,N/A,2025-07-14 12:03:34
1816,5.795650,4.840972,225.327988,5.00e-05,27378.64,7442432,N/A,2025-07-14 12:03:34
1817,3.283927,4.840972,225.327988,5.00e-05,27296.90,7446528,N/A,2025-07-14 12:03:34
1818,5.387382,4.840972,225.327988,5.00e-05,27340.38,7450624,N/A,2025-07-14 12:03:34
1819,4.948799,4.840972,225.327988,5.00e-05,27885.27,7454720,N/A,2025-07-14 12:03:34
1820,4.120870,4.840972,225.327988,5.00e-05,27370.24,7458816,1.0000,2025-07-14 12:03:34
1821,3.161447,4.840972,225.327988,5.00e-05,27372.98,7462912,N/A,2025-07-14 12:03:35
1822,6.829432,4.840972,225.327988,5.00e-05,27509.13,7467008,N/A,2025-07-14 12:03:35
1823,4.342116,4.840972,225.327988,5.00e-05,27072.36,7471104,N/A,2025-07-14 12:03:35
1824,6.158225,4.840972,225.327988,5.00e-05,27124.26,7475200,N/A,2025-07-14 12:03:35
1825,7.683645,4.840972,225.327988,5.00e-05,26726.65,7479296,N/A,2025-07-14 12:03:35
1826,6.523806,4.840972,225.327988,5.00e-05,26830.75,7483392,N/A,2025-07-14 12:03:35
1827,6.694054,4.840972,225.327988,5.00e-05,26645.44,7487488,N/A,2025-07-14 12:03:36
1828,3.343996,4.840972,225.327988,5.00e-05,26281.51,7491584,N/A,2025-07-14 12:03:36
1829,3.843968,4.840972,225.327988,5.00e-05,26768.18,7495680,N/A,2025-07-14 12:03:36
1830,7.265819,4.840972,225.327988,5.00e-05,25998.83,7499776,0.9857,2025-07-14 12:03:36
1831,4.240613,4.840972,225.327988,5.00e-05,25976.54,7503872,N/A,2025-07-14 12:03:36
1832,4.961252,4.840972,225.327988,5.00e-05,26357.25,7507968,N/A,2025-07-14 12:03:36
1833,4.846541,4.840972,225.327988,5.00e-05,26376.60,7512064,N/A,2025-07-14 12:03:37
1834,4.062313,4.840972,225.327988,5.00e-05,26853.93,7516160,N/A,2025-07-14 12:03:37
1835,3.482905,4.840972,225.327988,5.00e-05,26837.47,7520256,N/A,2025-07-14 12:03:37
1836,4.457858,4.840972,225.327988,5.00e-05,27032.78,7524352,N/A,2025-07-14 12:03:37
1837,7.790240,4.840972,225.327988,5.00e-05,27490.33,7528448,N/A,2025-07-14 12:03:37
1838,5.094015,4.840972,225.327988,5.00e-05,27571.31,7532544,N/A,2025-07-14 12:03:37
1839,5.430787,4.840972,225.327988,5.00e-05,28191.06,7536640,N/A,2025-07-14 12:03:38
1840,4.066882,4.840972,225.327988,5.00e-05,27282.96,7540736,1.0000,2025-07-14 12:03:38
1841,6.259210,4.840972,225.327988,5.00e-05,27265.73,7544832,N/A,2025-07-14 12:03:38
1842,2.911022,4.840972,225.327988,5.00e-05,26983.57,7548928,N/A,2025-07-14 12:03:38
1843,4.698398,4.840972,225.327988,5.00e-05,26918.48,7553024,N/A,2025-07-14 12:03:38
1844,3.474017,4.840972,225.327988,5.00e-05,26681.56,7557120,N/A,2025-07-14 12:03:38
1845,5.337296,4.840972,225.327988,5.00e-05,26656.26,7561216,N/A,2025-07-14 12:03:39
1846,2.765503,4.840972,225.327988,5.00e-05,26679.61,7565312,N/A,2025-07-14 12:03:39
1847,4.945340,4.840972,225.327988,5.00e-05,26658.12,7569408,N/A,2025-07-14 12:03:39
1848,3.059550,4.840972,225.327988,5.00e-05,26814.77,7573504,N/A,2025-07-14 12:03:39
1849,6.991814,4.840972,225.327988,5.00e-05,27615.81,7577600,N/A,2025-07-14 12:03:39
1850,6.460600,4.840972,225.327988,5.00e-05,27044.28,7581696,1.0000,2025-07-14 12:03:39
1851,5.508630,4.840972,225.327988,5.00e-05,27331.82,7585792,N/A,2025-07-14 12:03:40
1852,5.480021,4.840972,225.327988,5.00e-05,27358.20,7589888,N/A,2025-07-14 12:03:40
1853,5.574962,4.840972,225.327988,5.00e-05,27562.21,7593984,N/A,2025-07-14 12:03:40
1854,6.204609,4.840972,225.327988,5.00e-05,27576.19,7598080,N/A,2025-07-14 12:03:40
1855,3.874391,4.840972,225.327988,5.00e-05,27532.39,7602176,N/A,2025-07-14 12:03:40
1856,7.114234,4.840972,225.327988,5.00e-05,27534.05,7606272,N/A,2025-07-14 12:03:40
1857,4.173670,4.840972,225.327988,5.00e-05,27556.72,7610368,N/A,2025-07-14 12:03:41
1858,6.631433,4.840972,225.327988,5.00e-05,27042.73,7614464,N/A,2025-07-14 12:03:41
1859,5.739317,4.840972,225.327988,5.00e-05,27572.98,7618560,N/A,2025-07-14 12:03:41
1860,4.177863,4.840972,225.327988,5.00e-05,26656.87,7622656,1.0000,2025-07-14 12:03:41
1861,2.855435,4.840972,225.327988,5.00e-05,26590.80,7626752,N/A,2025-07-14 12:03:41
1862,5.444421,4.840972,225.327988,5.00e-05,26560.91,7630848,N/A,2025-07-14 12:03:42
1863,3.953374,4.840972,225.327988,5.00e-05,26584.92,7634944,N/A,2025-07-14 12:03:42
1864,7.289054,4.840972,225.327988,5.00e-05,26421.79,7639040,N/A,2025-07-14 12:03:42
1865,2.754354,4.840972,225.327988,5.00e-05,26434.06,7643136,N/A,2025-07-14 12:03:42
1866,2.503978,4.840972,225.327988,5.00e-05,26484.98,7647232,N/A,2025-07-14 12:03:42
1867,5.564048,4.840972,225.327988,5.00e-05,26879.32,7651328,N/A,2025-07-14 12:03:42
1868,5.207567,4.840972,225.327988,5.00e-05,26741.26,7655424,N/A,2025-07-14 12:03:43
1869,3.708106,4.840972,225.327988,5.00e-05,27591.11,7659520,N/A,2025-07-14 12:03:43
1870,4.101997,4.840972,225.327988,5.00e-05,26879.53,7663616,0.7008,2025-07-14 12:03:43
1871,5.893589,4.840972,225.327988,5.00e-05,26894.74,7667712,N/A,2025-07-14 12:03:43
1872,1.057900,4.840972,225.327988,5.00e-05,26666.28,7671808,N/A,2025-07-14 12:03:43
1873,5.745062,4.840972,225.327988,5.00e-05,26877.00,7675904,N/A,2025-07-14 12:03:43
1874,4.149687,4.840972,225.327988,5.00e-05,26679.05,7680000,N/A,2025-07-14 12:03:44
1875,6.017554,4.840972,225.327988,5.00e-05,26719.30,7684096,N/A,2025-07-14 12:03:44
1876,4.019316,4.840972,225.327988,5.00e-05,26893.83,7688192,N/A,2025-07-14 12:03:44
1877,6.617702,4.840972,225.327988,5.00e-05,27129.79,7692288,N/A,2025-07-14 12:03:44
1878,3.262445,4.840972,225.327988,5.00e-05,27032.72,7696384,N/A,2025-07-14 12:03:44
1879,4.302272,4.840972,225.327988,5.00e-05,27726.44,7700480,N/A,2025-07-14 12:03:44
1880,6.660572,4.840972,225.327988,5.00e-05,26564.79,7704576,0.7060,2025-07-14 12:03:45
1881,6.226535,4.840972,225.327988,5.00e-05,26407.32,7708672,N/A,2025-07-14 12:03:45
1882,5.590981,4.840972,225.327988,5.00e-05,26018.35,7712768,N/A,2025-07-14 12:03:45
1883,1.366695,4.840972,225.327988,5.00e-05,26138.00,7716864,N/A,2025-07-14 12:03:45
1884,3.744349,4.840972,225.327988,5.00e-05,25857.37,7720960,N/A,2025-07-14 12:03:45
1885,5.136708,4.840972,225.327988,5.00e-05,25753.65,7725056,N/A,2025-07-14 12:03:45
1886,5.111921,4.840972,225.327988,5.00e-05,25608.98,7729152,N/A,2025-07-14 12:03:46
1887,5.768896,4.840972,225.327988,5.00e-05,25593.48,7733248,N/A,2025-07-14 12:03:46
1888,6.154946,4.840972,225.327988,5.00e-05,25597.61,7737344,N/A,2025-07-14 12:03:46
1889,6.317348,4.840972,225.327988,5.00e-05,26553.27,7741440,N/A,2025-07-14 12:03:46
1890,4.550283,4.840972,225.327988,5.00e-05,26255.97,7745536,1.0000,2025-07-14 12:03:46
1891,5.756162,4.840972,225.327988,5.00e-05,26536.52,7749632,N/A,2025-07-14 12:03:46
1892,2.259963,4.840972,225.327988,5.00e-05,26568.80,7753728,N/A,2025-07-14 12:03:47
1893,4.775531,4.840972,225.327988,5.00e-05,26693.60,7757824,N/A,2025-07-14 12:03:47
1894,2.800496,4.840972,225.327988,5.00e-05,26218.49,7761920,N/A,2025-07-14 12:03:47
1895,7.066245,4.840972,225.327988,5.00e-05,25940.03,7766016,N/A,2025-07-14 12:03:47
1896,4.963634,4.840972,225.327988,5.00e-05,26010.81,7770112,N/A,2025-07-14 12:03:47
1897,4.659097,4.840972,225.327988,5.00e-05,26039.82,7774208,N/A,2025-07-14 12:03:48
1898,4.956721,4.840972,225.327988,5.00e-05,26171.52,7778304,N/A,2025-07-14 12:03:48
1899,2.721837,4.840972,225.327988,5.00e-05,26748.23,7782400,N/A,2025-07-14 12:03:48
1900,5.180701,4.840972,225.327988,5.00e-05,26067.92,7786496,0.7007,2025-07-14 12:03:48
1901,3.916331,4.840972,225.327988,5.00e-05,21182.72,7790592,N/A,2025-07-14 12:03:49
1902,5.335182,4.840972,225.327988,5.00e-05,21142.21,7794688,N/A,2025-07-14 12:03:49
1903,4.959124,4.840972,225.327988,5.00e-05,21261.85,7798784,N/A,2025-07-14 12:03:49
1904,6.106281,4.840972,225.327988,5.00e-05,21416.76,7802880,N/A,2025-07-14 12:03:49
1905,7.110311,4.840972,225.327988,5.00e-05,21476.57,7806976,N/A,2025-07-14 12:03:49
1906,5.063187,4.840972,225.327988,5.00e-05,21529.19,7811072,N/A,2025-07-14 12:03:49
1907,3.149364,4.840972,225.327988,5.00e-05,21555.68,7815168,N/A,2025-07-14 12:03:50
1908,6.092310,4.840972,225.327988,5.00e-05,21659.26,7819264,N/A,2025-07-14 12:03:50
1909,5.213955,4.840972,225.327988,5.00e-05,22151.42,7823360,N/A,2025-07-14 12:03:50
1910,5.725916,4.840972,225.327988,5.00e-05,26886.98,7827456,1.0000,2025-07-14 12:03:50
1911,6.187211,4.840972,225.327988,5.00e-05,27015.17,7831552,N/A,2025-07-14 12:03:50
1912,7.546746,4.840972,225.327988,5.00e-05,27447.32,7835648,N/A,2025-07-14 12:03:50
1913,6.887476,4.840972,225.327988,5.00e-05,27723.06,7839744,N/A,2025-07-14 12:03:51
1914,6.182591,4.840972,225.327988,5.00e-05,27716.70,7843840,N/A,2025-07-14 12:03:51
1915,3.724848,4.840972,225.327988,5.00e-05,27271.13,7847936,N/A,2025-07-14 12:03:51
1916,6.447476,4.840972,225.327988,5.00e-05,27193.75,7852032,N/A,2025-07-14 12:03:51
1917,5.319138,4.840972,225.327988,5.00e-05,27122.96,7856128,N/A,2025-07-14 12:03:51
1918,3.751065,4.840972,225.327988,5.00e-05,26912.93,7860224,N/A,2025-07-14 12:03:51
1919,6.802080,4.840972,225.327988,5.00e-05,27187.22,7864320,N/A,2025-07-14 12:03:52
1920,6.057872,4.840972,225.327988,5.00e-05,26549.05,7868416,1.0000,2025-07-14 12:03:52
1921,6.120051,4.840972,225.327988,5.00e-05,26104.80,7872512,N/A,2025-07-14 12:03:52
1922,6.140163,4.840972,225.327988,5.00e-05,25860.02,7876608,N/A,2025-07-14 12:03:52
1923,3.703485,4.840972,225.327988,5.00e-05,25666.39,7880704,N/A,2025-07-14 12:03:52
1924,6.473326,4.840972,225.327988,5.00e-05,26007.02,7884800,N/A,2025-07-14 12:03:53
1925,5.678372,4.840972,225.327988,5.00e-05,26065.60,7888896,N/A,2025-07-14 12:03:53
1926,5.355970,4.840972,225.327988,5.00e-05,26058.09,7892992,N/A,2025-07-14 12:03:53
1927,6.600809,4.840972,225.327988,5.00e-05,26277.10,7897088,N/A,2025-07-14 12:03:53
1928,5.092596,4.840972,225.327988,5.00e-05,26629.67,7901184,N/A,2025-07-14 12:03:53
1929,5.553527,4.840972,225.327988,5.00e-05,27193.23,7905280,N/A,2025-07-14 12:03:53
1930,4.686255,4.840972,225.327988,5.00e-05,26359.22,7909376,1.0000,2025-07-14 12:03:54
1931,5.826080,4.840972,225.327988,5.00e-05,26547.02,7913472,N/A,2025-07-14 12:03:54
1932,5.370478,4.840972,225.327988,5.00e-05,26688.90,7917568,N/A,2025-07-14 12:03:54
1933,6.603974,4.840972,225.327988,5.00e-05,26714.11,7921664,N/A,2025-07-14 12:03:54
1934,4.861973,4.840972,225.327988,5.00e-05,26565.34,7925760,N/A,2025-07-14 12:03:54
1935,7.682724,4.840972,225.327988,5.00e-05,26658.47,7929856,N/A,2025-07-14 12:03:54
1936,3.961715,4.840972,225.327988,5.00e-05,26772.29,7933952,N/A,2025-07-14 12:03:55
1937,5.159118,4.840972,225.327988,5.00e-05,26792.44,7938048,N/A,2025-07-14 12:03:55
1938,5.095942,4.840972,225.327988,5.00e-05,26803.03,7942144,N/A,2025-07-14 12:03:55
1939,5.902558,4.840972,225.327988,5.00e-05,28099.06,7946240,N/A,2025-07-14 12:03:55
1940,3.756603,4.840972,225.327988,5.00e-05,27439.17,7950336,1.0000,2025-07-14 12:03:55
1941,6.865710,4.840972,225.327988,5.00e-05,27349.12,7954432,N/A,2025-07-14 12:03:55
1942,4.449861,4.840972,225.327988,5.00e-05,27311.22,7958528,N/A,2025-07-14 12:03:56
1943,3.122139,4.840972,225.327988,5.00e-05,27531.14,7962624,N/A,2025-07-14 12:03:56
1944,4.732368,4.840972,225.327988,5.00e-05,26971.17,7966720,N/A,2025-07-14 12:03:56
1945,4.242676,4.840972,225.327988,5.00e-05,26947.64,7970816,N/A,2025-07-14 12:03:56
1946,5.839752,4.840972,225.327988,5.00e-05,27049.67,7974912,N/A,2025-07-14 12:03:56
1947,4.471852,4.840972,225.327988,5.00e-05,27211.60,7979008,N/A,2025-07-14 12:03:56
1948,5.283721,4.840972,225.327988,5.00e-05,27082.37,7983104,N/A,2025-07-14 12:03:57
1949,3.401313,4.840972,225.327988,5.00e-05,27746.05,7987200,N/A,2025-07-14 12:03:57
1950,6.655483,4.840972,225.327988,5.00e-05,27082.93,7991296,1.0000,2025-07-14 12:03:57
1951,6.731775,4.840972,225.327988,5.00e-05,27050.15,7995392,N/A,2025-07-14 12:03:57
1952,5.310133,4.840972,225.327988,5.00e-05,27019.22,7999488,N/A,2025-07-14 12:03:57
1953,2.741063,4.840972,225.327988,5.00e-05,27515.91,8003584,N/A,2025-07-14 12:03:57
1954,6.526464,4.840972,225.327988,5.00e-05,27455.78,8007680,N/A,2025-07-14 12:03:58
1955,6.176168,4.840972,225.327988,5.00e-05,27444.33,8011776,N/A,2025-07-14 12:03:58
1956,7.198791,4.840972,225.327988,5.00e-05,27227.00,8015872,N/A,2025-07-14 12:03:58
1957,6.171801,4.840972,225.327988,5.00e-05,27357.50,8019968,N/A,2025-07-14 12:03:58
1958,5.507552,4.840972,225.327988,5.00e-05,27198.63,8024064,N/A,2025-07-14 12:03:58
1959,4.953263,4.840972,225.327988,5.00e-05,27993.04,8028160,N/A,2025-07-14 12:03:58
1960,5.023503,4.840972,225.327988,5.00e-05,27421.79,8032256,1.0000,2025-07-14 12:03:59
1961,5.053081,4.840972,225.327988,5.00e-05,27409.50,8036352,N/A,2025-07-14 12:03:59
1962,6.834986,4.840972,225.327988,5.00e-05,27401.92,8040448,N/A,2025-07-14 12:03:59
1963,5.627919,4.840972,225.327988,5.00e-05,27425.66,8044544,N/A,2025-07-14 12:03:59
1964,5.858911,4.840972,225.327988,5.00e-05,27274.31,8048640,N/A,2025-07-14 12:03:59
1965,4.361765,4.840972,225.327988,5.00e-05,27452.82,8052736,N/A,2025-07-14 12:03:59
1966,4.194948,4.840972,225.327988,5.00e-05,27085.61,8056832,N/A,2025-07-14 12:04:00
1967,4.222970,4.840972,225.327988,5.00e-05,27250.51,8060928,N/A,2025-07-14 12:04:00
1968,5.198454,4.840972,225.327988,5.00e-05,27239.64,8065024,N/A,2025-07-14 12:04:00
1969,4.158091,4.840972,225.327988,5.00e-05,27339.61,8069120,N/A,2025-07-14 12:04:00
1970,7.685956,4.840972,225.327988,5.00e-05,26084.80,8073216,1.0000,2025-07-14 12:04:00
1971,6.459291,4.840972,225.327988,5.00e-05,26104.08,8077312,N/A,2025-07-14 12:04:00
1972,4.209611,4.840972,225.327988,5.00e-05,25995.19,8081408,N/A,2025-07-14 12:04:01
1973,6.461611,4.840972,225.327988,5.00e-05,26082.42,8085504,N/A,2025-07-14 12:04:01
1974,4.942650,4.840972,225.327988,5.00e-05,26038.71,8089600,N/A,2025-07-14 12:04:01
1975,2.975321,4.840972,225.327988,5.00e-05,26324.98,8093696,N/A,2025-07-14 12:04:01
1976,5.125224,4.840972,225.327988,5.00e-05,26314.46,8097792,N/A,2025-07-14 12:04:01
1977,5.952439,4.840972,225.327988,5.00e-05,26149.65,8101888,N/A,2025-07-14 12:04:01
1978,5.378235,4.840972,225.327988,5.00e-05,26688.20,8105984,N/A,2025-07-14 12:04:02
1979,4.982441,4.840972,225.327988,5.00e-05,27990.19,8110080,N/A,2025-07-14 12:04:02
1980,5.889267,4.840972,225.327988,5.00e-05,27250.86,8114176,1.0000,2025-07-14 12:04:02
1981,7.516363,4.840972,225.327988,5.00e-05,27371.43,8118272,N/A,2025-07-14 12:04:02
1982,3.566493,4.840972,225.327988,5.00e-05,27435.99,8122368,N/A,2025-07-14 12:04:02
1983,4.897725,4.840972,225.327988,5.00e-05,27303.31,8126464,N/A,2025-07-14 12:04:02
1984,5.271983,4.840972,225.327988,5.00e-05,27390.40,8130560,N/A,2025-07-14 12:04:03
1985,6.206378,4.840972,225.327988,5.00e-05,27428.95,8134656,N/A,2025-07-14 12:04:03
1986,5.194670,4.840972,225.327988,5.00e-05,27629.48,8138752,N/A,2025-07-14 12:04:03
1987,6.427006,4.840972,225.327988,5.00e-05,27642.54,8142848,N/A,2025-07-14 12:04:03
1988,3.296674,4.840972,225.327988,5.00e-05,27650.92,8146944,N/A,2025-07-14 12:04:03
1989,3.683948,4.840972,225.327988,5.00e-05,28410.58,8151040,N/A,2025-07-14 12:04:03
1990,4.396590,4.840972,225.327988,5.00e-05,27780.06,8155136,1.0000,2025-07-14 12:04:04
1991,5.372524,4.840972,225.327988,5.00e-05,27765.18,8159232,N/A,2025-07-14 12:04:04
1992,3.092170,4.840972,225.327988,5.00e-05,27955.88,8163328,N/A,2025-07-14 12:04:04
1993,4.481572,4.840972,225.327988,5.00e-05,27919.01,8167424,N/A,2025-07-14 12:04:04
1994,5.013340,4.840972,225.327988,5.00e-05,27891.37,8171520,N/A,2025-07-14 12:04:04
1995,4.680386,4.840972,225.327988,5.00e-05,27435.58,8175616,N/A,2025-07-14 12:04:04
1996,5.590366,4.840972,225.327988,5.00e-05,27379.50,8179712,N/A,2025-07-14 12:04:05
1997,4.126173,4.840972,225.327988,5.00e-05,27326.65,8183808,N/A,2025-07-14 12:04:05
1998,4.386160,4.840972,225.327988,5.00e-05,27265.06,8187904,N/A,2025-07-14 12:04:05
1999,3.961868,4.840972,225.327988,5.00e-05,27860.99,8192000,N/A,2025-07-14 12:04:05
2000,4.131139,4.814906,185.335434,5.00e-05,3713.77,8196096,N/A,2025-07-14 12:04:15
2001,4.456297,4.814906,185.335434,5.00e-05,3554.69,8200192,N/A,2025-07-14 12:04:15
2002,4.528759,4.814906,185.335434,5.00e-05,3547.07,8204288,N/A,2025-07-14 12:04:16
2003,6.532201,4.814906,185.335434,5.00e-05,3537.50,8208384,N/A,2025-07-14 12:04:16
2004,5.587099,4.814906,185.335434,5.00e-05,3542.86,8212480,N/A,2025-07-14 12:04:16
2005,6.163780,4.814906,185.335434,5.00e-05,3532.30,8216576,N/A,2025-07-14 12:04:16
2006,4.439697,4.814906,185.335434,5.00e-05,3527.15,8220672,N/A,2025-07-14 12:04:16
2007,4.851368,4.814906,185.335434,5.00e-05,3523.27,8224768,N/A,2025-07-14 12:04:17
2008,1.955916,4.814906,185.335434,5.00e-05,3517.92,8228864,N/A,2025-07-14 12:04:17
2009,5.636638,4.814906,185.335434,5.00e-05,19541.12,8232960,N/A,2025-07-14 12:04:17
2010,6.758808,4.814906,185.335434,5.00e-05,24276.33,8237056,1.0000,2025-07-14 12:04:17
2011,4.967026,4.814906,185.335434,5.00e-05,24167.76,8241152,N/A,2025-07-14 12:04:17
2012,2.018529,4.814906,185.335434,5.00e-05,24398.17,8245248,N/A,2025-07-14 12:04:17
2013,4.443625,4.814906,185.335434,5.00e-05,24235.91,8249344,N/A,2025-07-14 12:04:18
2014,5.716222,4.814906,185.335434,5.00e-05,24405.34,8253440,N/A,2025-07-14 12:04:18
2015,4.583960,4.814906,185.335434,5.00e-05,24652.93,8257536,N/A,2025-07-14 12:04:18
2016,4.676996,4.814906,185.335434,5.00e-05,24809.25,8261632,N/A,2025-07-14 12:04:18
2017,5.398794,4.814906,185.335434,5.00e-05,24848.09,8265728,N/A,2025-07-14 12:04:18
2018,2.270341,4.814906,185.335434,5.00e-05,24376.27,8269824,N/A,2025-07-14 12:04:19
2019,6.470741,4.814906,185.335434,5.00e-05,25580.47,8273920,N/A,2025-07-14 12:04:19
2020,4.949117,4.814906,185.335434,5.00e-05,24259.55,8278016,1.0000,2025-07-14 12:04:19
2021,6.132747,4.814906,185.335434,5.00e-05,24070.04,8282112,N/A,2025-07-14 12:04:19
2022,4.492392,4.814906,185.335434,5.00e-05,24264.93,8286208,N/A,2025-07-14 12:04:19
2023,6.146270,4.814906,185.335434,5.00e-05,23700.19,8290304,N/A,2025-07-14 12:04:20
2024,6.181028,4.814906,185.335434,5.00e-05,23247.34,8294400,N/A,2025-07-14 12:04:20
2025,3.763934,4.814906,185.335434,5.00e-05,22996.60,8298496,N/A,2025-07-14 12:04:20
2026,5.317989,4.814906,185.335434,5.00e-05,22816.40,8302592,N/A,2025-07-14 12:04:20
2027,3.121773,4.814906,185.335434,5.00e-05,22862.50,8306688,N/A,2025-07-14 12:04:20
2028,2.326974,4.814906,185.335434,5.00e-05,22547.58,8310784,N/A,2025-07-14 12:04:21
2029,6.944040,4.814906,185.335434,5.00e-05,23778.62,8314880,N/A,2025-07-14 12:04:21
2030,3.833161,4.814906,185.335434,5.00e-05,23218.09,8318976,1.0000,2025-07-14 12:04:21
2031,6.519604,4.814906,185.335434,5.00e-05,23126.48,8323072,N/A,2025-07-14 12:04:21
2032,5.145188,4.814906,185.335434,5.00e-05,23883.31,8327168,N/A,2025-07-14 12:04:21
2033,3.265473,4.814906,185.335434,5.00e-05,24201.28,8331264,N/A,2025-07-14 12:04:21
2034,4.930978,4.814906,185.335434,5.00e-05,24478.32,8335360,N/A,2025-07-14 12:04:22
2035,5.169017,4.814906,185.335434,5.00e-05,24805.33,8339456,N/A,2025-07-14 12:04:22
2036,2.763866,4.814906,185.335434,5.00e-05,24817.13,8343552,N/A,2025-07-14 12:04:22
2037,5.587056,4.814906,185.335434,5.00e-05,24925.13,8347648,N/A,2025-07-14 12:04:22
2038,6.812874,4.814906,185.335434,5.00e-05,25327.19,8351744,N/A,2025-07-14 12:04:22
2039,6.308915,4.814906,185.335434,5.00e-05,25861.15,8355840,N/A,2025-07-14 12:04:23
2040,4.229026,4.814906,185.335434,5.00e-05,24745.10,8359936,1.0000,2025-07-14 12:04:23
2041,3.923017,4.814906,185.335434,5.00e-05,24747.34,8364032,N/A,2025-07-14 12:04:23
2042,5.363145,4.814906,185.335434,5.00e-05,24497.11,8368128,N/A,2025-07-14 12:04:23
2043,2.088432,4.814906,185.335434,5.00e-05,23868.46,8372224,N/A,2025-07-14 12:04:23
2044,5.088803,4.814906,185.335434,5.00e-05,23847.92,8376320,N/A,2025-07-14 12:04:23
2045,5.467844,4.814906,185.335434,5.00e-05,24349.09,8380416,N/A,2025-07-14 12:04:24
2046,3.936485,4.814906,185.335434,5.00e-05,24487.33,8384512,N/A,2025-07-14 12:04:24
2047,5.285607,4.814906,185.335434,5.00e-05,24283.87,8388608,N/A,2025-07-14 12:04:24
2048,6.941504,4.814906,185.335434,5.00e-05,24557.40,8392704,N/A,2025-07-14 12:04:24
2049,4.526517,4.814906,185.335434,5.00e-05,25805.71,8396800,N/A,2025-07-14 12:04:24
2050,5.186920,4.814906,185.335434,5.00e-05,25332.03,8400896,1.0000,2025-07-14 12:04:25
2051,5.999875,4.814906,185.335434,5.00e-05,25823.66,8404992,N/A,2025-07-14 12:04:25
2052,5.024021,4.814906,185.335434,5.00e-05,26633.68,8409088,N/A,2025-07-14 12:04:25
2053,7.150826,4.814906,185.335434,5.00e-05,26783.18,8413184,N/A,2025-07-14 12:04:25
2054,5.342234,4.814906,185.335434,5.00e-05,26821.57,8417280,N/A,2025-07-14 12:04:25
2055,5.145216,4.814906,185.335434,5.00e-05,26986.29,8421376,N/A,2025-07-14 12:04:25
2056,7.130404,4.814906,185.335434,5.00e-05,27235.82,8425472,N/A,2025-07-14 12:04:26
2057,6.062073,4.814906,185.335434,5.00e-05,27544.92,8429568,N/A,2025-07-14 12:04:26
2058,5.140163,4.814906,185.335434,5.00e-05,27504.26,8433664,N/A,2025-07-14 12:04:26
2059,4.443256,4.814906,185.335434,5.00e-05,28106.53,8437760,N/A,2025-07-14 12:04:26
2060,5.667755,4.814906,185.335434,5.00e-05,27315.42,8441856,1.0000,2025-07-14 12:04:26
2061,4.997377,4.814906,185.335434,5.00e-05,27388.31,8445952,N/A,2025-07-14 12:04:26
2062,4.626610,4.814906,185.335434,5.00e-05,27313.11,8450048,N/A,2025-07-14 12:04:27
2063,3.858146,4.814906,185.335434,5.00e-05,27195.71,8454144,N/A,2025-07-14 12:04:27
2064,2.596906,4.814906,185.335434,5.00e-05,27275.10,8458240,N/A,2025-07-14 12:04:27
2065,3.008323,4.814906,185.335434,5.00e-05,27297.93,8462336,N/A,2025-07-14 12:04:27
2066,4.414615,4.814906,185.335434,5.00e-05,27306.91,8466432,N/A,2025-07-14 12:04:27
2067,5.638045,4.814906,185.335434,5.00e-05,27437.07,8470528,N/A,2025-07-14 12:04:27
2068,4.448039,4.814906,185.335434,5.00e-05,27530.67,8474624,N/A,2025-07-14 12:04:27
2069,3.552531,4.814906,185.335434,5.00e-05,28312.97,8478720,N/A,2025-07-14 12:04:28
2070,3.621561,4.814906,185.335434,5.00e-05,27536.95,8482816,1.0000,2025-07-14 12:04:28
2071,7.025964,4.814906,185.335434,5.00e-05,27529.53,8486912,N/A,2025-07-14 12:04:28
2072,5.850470,4.814906,185.335434,5.00e-05,27631.62,8491008,N/A,2025-07-14 12:04:28
2073,6.512226,4.814906,185.335434,5.00e-05,27609.10,8495104,N/A,2025-07-14 12:04:28
2074,4.044851,4.814906,185.335434,5.00e-05,27586.17,8499200,N/A,2025-07-14 12:04:28
2075,4.055829,4.814906,185.335434,5.00e-05,27605.80,8503296,N/A,2025-07-14 12:04:29
2076,4.931675,4.814906,185.335434,5.00e-05,27541.33,8507392,N/A,2025-07-14 12:04:29
2077,2.641846,4.814906,185.335434,5.00e-05,27510.62,8511488,N/A,2025-07-14 12:04:29
2078,2.488629,4.814906,185.335434,5.00e-05,27554.14,8515584,N/A,2025-07-14 12:04:29
2079,6.363794,4.814906,185.335434,5.00e-05,28161.09,8519680,N/A,2025-07-14 12:04:29
2080,2.583498,4.814906,185.335434,5.00e-05,27546.51,8523776,1.0000,2025-07-14 12:04:30
2081,4.534071,4.814906,185.335434,5.00e-05,27589.47,8527872,N/A,2025-07-14 12:04:30
2082,4.360491,4.814906,185.335434,5.00e-05,27641.48,8531968,N/A,2025-07-14 12:04:30
2083,6.746886,4.814906,185.335434,5.00e-05,27622.89,8536064,N/A,2025-07-14 12:04:30
2084,6.047513,4.814906,185.335434,5.00e-05,27487.03,8540160,N/A,2025-07-14 12:04:30
2085,4.719211,4.814906,185.335434,5.00e-05,27553.26,8544256,N/A,2025-07-14 12:04:30
2086,5.403049,4.814906,185.335434,5.00e-05,27473.78,8548352,N/A,2025-07-14 12:04:30
2087,6.075020,4.814906,185.335434,5.00e-05,27440.04,8552448,N/A,2025-07-14 12:04:31
2088,3.489845,4.814906,185.335434,5.00e-05,27502.78,8556544,N/A,2025-07-14 12:04:31
2089,4.744030,4.814906,185.335434,5.00e-05,28190.44,8560640,N/A,2025-07-14 12:04:31
2090,6.666844,4.814906,185.335434,5.00e-05,27499.17,8564736,1.0000,2025-07-14 12:04:31
2091,3.376939,4.814906,185.335434,5.00e-05,27514.62,8568832,N/A,2025-07-14 12:04:31
2092,5.574860,4.814906,185.335434,5.00e-05,27515.76,8572928,N/A,2025-07-14 12:04:31
2093,4.265201,4.814906,185.335434,5.00e-05,27607.77,8577024,N/A,2025-07-14 12:04:32
2094,5.426091,4.814906,185.335434,5.00e-05,27568.46,8581120,N/A,2025-07-14 12:04:32
2095,4.734638,4.814906,185.335434,5.00e-05,27672.11,8585216,N/A,2025-07-14 12:04:32
2096,5.807511,4.814906,185.335434,5.00e-05,27643.77,8589312,N/A,2025-07-14 12:04:32
2097,5.493134,4.814906,185.335434,5.00e-05,27256.79,8593408,N/A,2025-07-14 12:04:32
2098,4.986346,4.814906,185.335434,5.00e-05,27233.86,8597504,N/A,2025-07-14 12:04:32
2099,6.794655,4.814906,185.335434,5.00e-05,27860.14,8601600,N/A,2025-07-14 12:04:33
2100,4.964727,4.814906,185.335434,5.00e-05,27165.03,8605696,1.0000,2025-07-14 12:04:33
2101,3.416074,4.814906,185.335434,5.00e-05,21249.57,8609792,N/A,2025-07-14 12:04:33
2102,5.351848,4.814906,185.335434,5.00e-05,21139.98,8613888,N/A,2025-07-14 12:04:34
2103,6.317210,4.814906,185.335434,5.00e-05,21058.51,8617984,N/A,2025-07-14 12:04:34
2104,4.419599,4.814906,185.335434,5.00e-05,20952.04,8622080,N/A,2025-07-14 12:04:34
2105,6.043737,4.814906,185.335434,5.00e-05,20922.73,8626176,N/A,2025-07-14 12:04:34
2106,4.361962,4.814906,185.335434,5.00e-05,21195.85,8630272,N/A,2025-07-14 12:04:34
2107,3.750787,4.814906,185.335434,5.00e-05,21124.68,8634368,N/A,2025-07-14 12:04:34
2108,4.946444,4.814906,185.335434,5.00e-05,21137.39,8638464,N/A,2025-07-14 12:04:35
2109,4.718897,4.814906,185.335434,5.00e-05,21458.79,8642560,N/A,2025-07-14 12:04:35
2110,5.149091,4.814906,185.335434,5.00e-05,26376.76,8646656,1.0000,2025-07-14 12:04:35
2111,4.195030,4.814906,185.335434,5.00e-05,26625.17,8650752,N/A,2025-07-14 12:04:35
2112,4.600530,4.814906,185.335434,5.00e-05,26718.41,8654848,N/A,2025-07-14 12:04:35
2113,6.175661,4.814906,185.335434,5.00e-05,26881.89,8658944,N/A,2025-07-14 12:04:35
2114,5.015224,4.814906,185.335434,5.00e-05,26917.63,8663040,N/A,2025-07-14 12:04:36
2115,3.124599,4.814906,185.335434,5.00e-05,26805.66,8667136,N/A,2025-07-14 12:04:36
2116,6.922764,4.814906,185.335434,5.00e-05,26951.89,8671232,N/A,2025-07-14 12:04:36
2117,2.955305,4.814906,185.335434,5.00e-05,27021.41,8675328,N/A,2025-07-14 12:04:36
2118,5.607741,4.814906,185.335434,5.00e-05,27148.13,8679424,N/A,2025-07-14 12:04:36
2119,5.845269,4.814906,185.335434,5.00e-05,28296.85,8683520,N/A,2025-07-14 12:04:36
2120,5.362066,4.814906,185.335434,5.00e-05,27445.47,8687616,1.0000,2025-07-14 12:04:37
2121,5.905144,4.814906,185.335434,5.00e-05,27418.27,8691712,N/A,2025-07-14 12:04:37
2122,4.745045,4.814906,185.335434,5.00e-05,26948.42,8695808,N/A,2025-07-14 12:04:37
2123,5.585507,4.814906,185.335434,5.00e-05,26998.19,8699904,N/A,2025-07-14 12:04:37
2124,3.820472,4.814906,185.335434,5.00e-05,27044.56,8704000,N/A,2025-07-14 12:04:37
2125,5.937527,4.814906,185.335434,5.00e-05,27053.30,8708096,N/A,2025-07-14 12:04:37
2126,5.206507,4.814906,185.335434,5.00e-05,26953.01,8712192,N/A,2025-07-14 12:04:38
2127,5.784237,4.814906,185.335434,5.00e-05,26912.53,8716288,N/A,2025-07-14 12:04:38
2128,4.837696,4.814906,185.335434,5.00e-05,26987.87,8720384,N/A,2025-07-14 12:04:38
2129,2.641895,4.814906,185.335434,5.00e-05,27772.83,8724480,N/A,2025-07-14 12:04:38
2130,3.223138,4.814906,185.335434,5.00e-05,27152.72,8728576,0.8758,2025-07-14 12:04:38
2131,3.407430,4.814906,185.335434,5.00e-05,27600.45,8732672,N/A,2025-07-14 12:04:38
2132,4.406201,4.814906,185.335434,5.00e-05,27356.38,8736768,N/A,2025-07-14 12:04:39
2133,6.415690,4.814906,185.335434,5.00e-05,26943.98,8740864,N/A,2025-07-14 12:04:39
2134,4.123718,4.814906,185.335434,5.00e-05,26827.63,8744960,N/A,2025-07-14 12:04:39
2135,3.973217,4.814906,185.335434,5.00e-05,26837.63,8749056,N/A,2025-07-14 12:04:39
2136,5.534815,4.814906,185.335434,5.00e-05,26798.37,8753152,N/A,2025-07-14 12:04:39
2137,4.802164,4.814906,185.335434,5.00e-05,26523.49,8757248,N/A,2025-07-14 12:04:39
2138,4.135592,4.814906,185.335434,5.00e-05,26403.54,8761344,N/A,2025-07-14 12:04:40
2139,3.936673,4.814906,185.335434,5.00e-05,27006.18,8765440,N/A,2025-07-14 12:04:40
2140,7.289500,4.814906,185.335434,5.00e-05,26421.80,8769536,1.0000,2025-07-14 12:04:40
2141,5.288251,4.814906,185.335434,5.00e-05,26600.32,8773632,N/A,2025-07-14 12:04:40
2142,4.578068,4.814906,185.335434,5.00e-05,26989.37,8777728,N/A,2025-07-14 12:04:40
2143,3.105510,4.814906,185.335434,5.00e-05,27123.76,8781824,N/A,2025-07-14 12:04:40
2144,5.842962,4.814906,185.335434,5.00e-05,27135.61,8785920,N/A,2025-07-14 12:04:41
2145,5.085210,4.814906,185.335434,5.00e-05,26761.00,8790016,N/A,2025-07-14 12:04:41
2146,3.086187,4.814906,185.335434,5.00e-05,27060.96,8794112,N/A,2025-07-14 12:04:41
2147,6.153244,4.814906,185.335434,5.00e-05,27205.83,8798208,N/A,2025-07-14 12:04:41
2148,2.524383,4.814906,185.335434,5.00e-05,26793.25,8802304,N/A,2025-07-14 12:04:41
2149,3.676836,4.814906,185.335434,5.00e-05,27389.37,8806400,N/A,2025-07-14 12:04:41
2150,5.334772,4.814906,185.335434,5.00e-05,26801.11,8810496,1.0000,2025-07-14 12:04:42
2151,1.170711,4.814906,185.335434,5.00e-05,26652.11,8814592,N/A,2025-07-14 12:04:42
2152,3.561403,4.814906,185.335434,5.00e-05,26660.34,8818688,N/A,2025-07-14 12:04:42
2153,6.718862,4.814906,185.335434,5.00e-05,26698.90,8822784,N/A,2025-07-14 12:04:42
2154,5.364794,4.814906,185.335434,5.00e-05,27178.20,8826880,N/A,2025-07-14 12:04:42
2155,1.805367,4.814906,185.335434,5.00e-05,27228.38,8830976,N/A,2025-07-14 12:04:42
2156,5.667136,4.814906,185.335434,5.00e-05,27198.75,8835072,N/A,2025-07-14 12:04:43
2157,3.837043,4.814906,185.335434,5.00e-05,27643.97,8839168,N/A,2025-07-14 12:04:43
2158,4.603934,4.814906,185.335434,5.00e-05,27423.40,8843264,N/A,2025-07-14 12:04:43
2159,6.216826,4.814906,185.335434,5.00e-05,28073.09,8847360,N/A,2025-07-14 12:04:43
2160,5.974891,4.814906,185.335434,5.00e-05,27055.81,8851456,1.0000,2025-07-14 12:04:43
2161,3.347058,4.814906,185.335434,5.00e-05,27042.65,8855552,N/A,2025-07-14 12:04:44
2162,4.990938,4.814906,185.335434,5.00e-05,26809.11,8859648,N/A,2025-07-14 12:04:44
2163,5.046400,4.814906,185.335434,5.00e-05,26807.80,8863744,N/A,2025-07-14 12:04:44
2164,5.412758,4.814906,185.335434,5.00e-05,26739.11,8867840,N/A,2025-07-14 12:04:44
2165,4.857855,4.814906,185.335434,5.00e-05,26783.60,8871936,N/A,2025-07-14 12:04:44
2166,5.905126,4.814906,185.335434,5.00e-05,26837.86,8876032,N/A,2025-07-14 12:04:44
2167,4.458347,4.814906,185.335434,5.00e-05,27032.15,8880128,N/A,2025-07-14 12:04:44
2168,5.771822,4.814906,185.335434,5.00e-05,27075.50,8884224,N/A,2025-07-14 12:04:45
2169,6.065058,4.814906,185.335434,5.00e-05,27814.06,8888320,N/A,2025-07-14 12:04:45
2170,5.449708,4.814906,185.335434,5.00e-05,26726.63,8892416,1.0000,2025-07-14 12:04:45
2171,6.518549,4.814906,185.335434,5.00e-05,26924.11,8896512,N/A,2025-07-14 12:04:45
2172,5.350974,4.814906,185.335434,5.00e-05,26906.92,8900608,N/A,2025-07-14 12:04:45
2173,5.868911,4.814906,185.335434,5.00e-05,26938.47,8904704,N/A,2025-07-14 12:04:46
2174,4.909101,4.814906,185.335434,5.00e-05,26921.47,8908800,N/A,2025-07-14 12:04:46
2175,4.751180,4.814906,185.335434,5.00e-05,26904.51,8912896,N/A,2025-07-14 12:04:46
2176,4.361115,4.814906,185.335434,5.00e-05,26921.30,8916992,N/A,2025-07-14 12:04:46
2177,5.629221,4.814906,185.335434,5.00e-05,26909.31,8921088,N/A,2025-07-14 12:04:46
2178,6.086096,4.814906,185.335434,5.00e-05,27423.99,8925184,N/A,2025-07-14 12:04:46
2179,2.770973,4.814906,185.335434,5.00e-05,28366.21,8929280,N/A,2025-07-14 12:04:46
2180,7.185843,4.814906,185.335434,5.00e-05,27799.99,8933376,1.0000,2025-07-14 12:04:47
2181,4.625349,4.814906,185.335434,5.00e-05,27793.04,8937472,N/A,2025-07-14 12:04:47
2182,5.856703,4.814906,185.335434,5.00e-05,27765.59,8941568,N/A,2025-07-14 12:04:47
2183,4.510238,4.814906,185.335434,5.00e-05,27684.61,8945664,N/A,2025-07-14 12:04:47
2184,4.137833,4.814906,185.335434,5.00e-05,27591.34,8949760,N/A,2025-07-14 12:04:47
2185,5.502645,4.814906,185.335434,5.00e-05,27575.17,8953856,N/A,2025-07-14 12:04:47
2186,4.056282,4.814906,185.335434,5.00e-05,27495.66,8957952,N/A,2025-07-14 12:04:48
2187,3.290577,4.814906,185.335434,5.00e-05,27396.17,8962048,N/A,2025-07-14 12:04:48
2188,5.940778,4.814906,185.335434,5.00e-05,27382.99,8966144,N/A,2025-07-14 12:04:48
2189,4.083231,4.814906,185.335434,5.00e-05,27935.81,8970240,N/A,2025-07-14 12:04:48
2190,4.158619,4.814906,185.335434,5.00e-05,27303.10,8974336,1.0000,2025-07-14 12:04:48
2191,5.872237,4.814906,185.335434,5.00e-05,27336.27,8978432,N/A,2025-07-14 12:04:49
2192,5.896063,4.814906,185.335434,5.00e-05,26927.98,8982528,N/A,2025-07-14 12:04:49
2193,4.512630,4.814906,185.335434,5.00e-05,26838.75,8986624,N/A,2025-07-14 12:04:49
2194,5.609465,4.814906,185.335434,5.00e-05,26897.32,8990720,N/A,2025-07-14 12:04:49
2195,3.663619,4.814906,185.335434,5.00e-05,26957.62,8994816,N/A,2025-07-14 12:04:49
2196,1.942431,4.814906,185.335434,5.00e-05,26999.23,8998912,N/A,2025-07-14 12:04:49
2197,5.646385,4.814906,185.335434,5.00e-05,27220.88,9003008,N/A,2025-07-14 12:04:49
2198,6.314365,4.814906,185.335434,5.00e-05,27225.00,9007104,N/A,2025-07-14 12:04:50
2199,4.881896,4.814906,185.335434,5.00e-05,27791.66,9011200,N/A,2025-07-14 12:04:50
2200,4.150573,4.814906,185.335434,5.00e-05,27062.34,9015296,1.0000,2025-07-14 12:04:50
2201,7.355073,4.814906,185.335434,5.00e-05,21522.33,9019392,N/A,2025-07-14 12:04:51
2202,3.832756,4.814906,185.335434,5.00e-05,21482.33,9023488,N/A,2025-07-14 12:04:51
2203,6.387458,4.814906,185.335434,5.00e-05,21465.20,9027584,N/A,2025-07-14 12:04:51
2204,3.305880,4.814906,185.335434,5.00e-05,21426.21,9031680,N/A,2025-07-14 12:04:51
2205,3.170522,4.814906,185.335434,5.00e-05,21403.27,9035776,N/A,2025-07-14 12:04:51
2206,4.807646,4.814906,185.335434,5.00e-05,21378.92,9039872,N/A,2025-07-14 12:04:51
2207,5.970111,4.814906,185.335434,5.00e-05,21364.04,9043968,N/A,2025-07-14 12:04:52
2208,5.242843,4.814906,185.335434,5.00e-05,21342.46,9048064,N/A,2025-07-14 12:04:52
2209,3.789611,4.814906,185.335434,5.00e-05,21687.17,9052160,N/A,2025-07-14 12:04:52
2210,5.734880,4.814906,185.335434,5.00e-05,27131.59,9056256,1.0000,2025-07-14 12:04:52
2211,5.919181,4.814906,185.335434,5.00e-05,27076.60,9060352,N/A,2025-07-14 12:04:52
2212,7.183801,4.814906,185.335434,5.00e-05,27070.40,9064448,N/A,2025-07-14 12:04:52
2213,5.110763,4.814906,185.335434,5.00e-05,27085.14,9068544,N/A,2025-07-14 12:04:53
2214,6.526632,4.814906,185.335434,5.00e-05,27056.57,9072640,N/A,2025-07-14 12:04:53
2215,6.506461,4.814906,185.335434,5.00e-05,26913.88,9076736,N/A,2025-07-14 12:04:53
2216,4.259002,4.814906,185.335434,5.00e-05,26877.28,9080832,N/A,2025-07-14 12:04:53
2217,4.655112,4.814906,185.335434,5.00e-05,26921.94,9084928,N/A,2025-07-14 12:04:53
2218,5.414464,4.814906,185.335434,5.00e-05,27008.19,9089024,N/A,2025-07-14 12:04:53
2219,6.959459,4.814906,185.335434,5.00e-05,27623.62,9093120,N/A,2025-07-14 12:04:54
2220,6.407520,4.814906,185.335434,5.00e-05,27247.97,9097216,1.0000,2025-07-14 12:04:54
2221,4.186609,4.814906,185.335434,5.00e-05,27171.62,9101312,N/A,2025-07-14 12:04:54
2222,6.224939,4.814906,185.335434,5.00e-05,27165.20,9105408,N/A,2025-07-14 12:04:54
2223,6.755839,4.814906,185.335434,5.00e-05,26735.73,9109504,N/A,2025-07-14 12:04:54
2224,5.503799,4.814906,185.335434,5.00e-05,26899.70,9113600,N/A,2025-07-14 12:04:54
2225,4.203029,4.814906,185.335434,5.00e-05,26975.48,9117696,N/A,2025-07-14 12:04:55
2226,5.315090,4.814906,185.335434,5.00e-05,26949.48,9121792,N/A,2025-07-14 12:04:55
2227,4.380174,4.814906,185.335434,5.00e-05,26948.76,9125888,N/A,2025-07-14 12:04:55
2228,5.337562,4.814906,185.335434,5.00e-05,26898.57,9129984,N/A,2025-07-14 12:04:55
2229,5.902563,4.814906,185.335434,5.00e-05,27472.41,9134080,N/A,2025-07-14 12:04:55
2230,2.572349,4.814906,185.335434,5.00e-05,26977.43,9138176,1.0000,2025-07-14 12:04:55
2231,3.667454,4.814906,185.335434,5.00e-05,27018.69,9142272,N/A,2025-07-14 12:04:56
2232,5.992767,4.814906,185.335434,5.00e-05,27580.32,9146368,N/A,2025-07-14 12:04:56
2233,3.128821,4.814906,185.335434,5.00e-05,27572.51,9150464,N/A,2025-07-14 12:04:56
2234,4.036424,4.814906,185.335434,5.00e-05,27367.19,9154560,N/A,2025-07-14 12:04:56
2235,6.653649,4.814906,185.335434,5.00e-05,27424.09,9158656,N/A,2025-07-14 12:04:56
2236,5.090393,4.814906,185.335434,5.00e-05,27490.76,9162752,N/A,2025-07-14 12:04:56
2237,3.260606,4.814906,185.335434,5.00e-05,27555.70,9166848,N/A,2025-07-14 12:04:57
2238,6.946782,4.814906,185.335434,5.00e-05,27688.35,9170944,N/A,2025-07-14 12:04:57
2239,4.384440,4.814906,185.335434,5.00e-05,28148.13,9175040,N/A,2025-07-14 12:04:57
2240,4.990859,4.814906,185.335434,5.00e-05,27545.87,9179136,1.0000,2025-07-14 12:04:57
2241,4.318618,4.814906,185.335434,5.00e-05,27411.58,9183232,N/A,2025-07-14 12:04:57
2242,4.636330,4.814906,185.335434,5.00e-05,27412.29,9187328,N/A,2025-07-14 12:04:57
2243,4.317742,4.814906,185.335434,5.00e-05,27620.30,9191424,N/A,2025-07-14 12:04:58
2244,4.725052,4.814906,185.335434,5.00e-05,27654.14,9195520,N/A,2025-07-14 12:04:58
2245,5.559419,4.814906,185.335434,5.00e-05,27448.78,9199616,N/A,2025-07-14 12:04:58
2246,4.517957,4.814906,185.335434,5.00e-05,27437.72,9203712,N/A,2025-07-14 12:04:58
2247,3.153893,4.814906,185.335434,5.00e-05,26938.48,9207808,N/A,2025-07-14 12:04:58
2248,4.169492,4.814906,185.335434,5.00e-05,27059.13,9211904,N/A,2025-07-14 12:04:58
2249,4.955649,4.814906,185.335434,5.00e-05,27132.42,9216000,N/A,2025-07-14 12:04:59
2250,5.697468,4.814906,185.335434,5.00e-05,26585.81,9220096,1.0000,2025-07-14 12:04:59
2251,3.716351,4.814906,185.335434,5.00e-05,26532.45,9224192,N/A,2025-07-14 12:04:59
2252,3.877033,4.814906,185.335434,5.00e-05,26510.86,9228288,N/A,2025-07-14 12:04:59
2253,4.381629,4.814906,185.335434,5.00e-05,26409.36,9232384,N/A,2025-07-14 12:04:59
2254,5.297908,4.814906,185.335434,5.00e-05,26548.79,9236480,N/A,2025-07-14 12:04:59
2255,5.850451,4.814906,185.335434,5.00e-05,26534.90,9240576,N/A,2025-07-14 12:05:00
2256,5.155043,4.814906,185.335434,5.00e-05,26981.01,9244672,N/A,2025-07-14 12:05:00
2257,5.996809,4.814906,185.335434,5.00e-05,26951.67,9248768,N/A,2025-07-14 12:05:00
2258,5.341111,4.814906,185.335434,5.00e-05,27459.47,9252864,N/A,2025-07-14 12:05:00
2259,3.418128,4.814906,185.335434,5.00e-05,28086.00,9256960,N/A,2025-07-14 12:05:00
2260,3.510131,4.814906,185.335434,5.00e-05,27240.90,9261056,1.0000,2025-07-14 12:05:00
2261,4.233285,4.814906,185.335434,5.00e-05,27285.87,9265152,N/A,2025-07-14 12:05:01
2262,5.874660,4.814906,185.335434,5.00e-05,27104.46,9269248,N/A,2025-07-14 12:05:01
2263,5.475618,4.814906,185.335434,5.00e-05,27100.80,9273344,N/A,2025-07-14 12:05:01
2264,4.692196,4.814906,185.335434,5.00e-05,27162.99,9277440,N/A,2025-07-14 12:05:01
2265,4.417883,4.814906,185.335434,5.00e-05,27159.15,9281536,N/A,2025-07-14 12:05:01
2266,5.912969,4.814906,185.335434,5.00e-05,27220.36,9285632,N/A,2025-07-14 12:05:01
2267,5.340108,4.814906,185.335434,5.00e-05,27247.07,9289728,N/A,2025-07-14 12:05:02
2268,6.201417,4.814906,185.335434,5.00e-05,27350.77,9293824,N/A,2025-07-14 12:05:02
2269,4.119801,4.814906,185.335434,5.00e-05,28208.57,9297920,N/A,2025-07-14 12:05:02
2270,5.326284,4.814906,185.335434,5.00e-05,27456.48,9302016,1.0000,2025-07-14 12:05:02
2271,2.819351,4.814906,185.335434,5.00e-05,27711.27,9306112,N/A,2025-07-14 12:05:02
2272,3.335208,4.814906,185.335434,5.00e-05,27776.03,9310208,N/A,2025-07-14 12:05:02
2273,4.836667,4.814906,185.335434,5.00e-05,27703.69,9314304,N/A,2025-07-14 12:05:03
2274,4.415051,4.814906,185.335434,5.00e-05,27699.22,9318400,N/A,2025-07-14 12:05:03
2275,2.225554,4.814906,185.335434,5.00e-05,27441.99,9322496,N/A,2025-07-14 12:05:03
2276,2.920485,4.814906,185.335434,5.00e-05,27463.02,9326592,N/A,2025-07-14 12:05:03
2277,4.008636,4.814906,185.335434,5.00e-05,27382.99,9330688,N/A,2025-07-14 12:05:03
2278,4.258743,4.814906,185.335434,5.00e-05,27383.04,9334784,N/A,2025-07-14 12:05:03
2279,6.861801,4.814906,185.335434,5.00e-05,28010.45,9338880,N/A,2025-07-14 12:05:04
2280,5.084798,4.814906,185.335434,5.00e-05,27339.56,9342976,1.0000,2025-07-14 12:05:04
2281,6.456728,4.814906,185.335434,5.00e-05,27317.73,9347072,N/A,2025-07-14 12:05:04
2282,4.714244,4.814906,185.335434,5.00e-05,27424.46,9351168,N/A,2025-07-14 12:05:04
2283,3.140028,4.814906,185.335434,5.00e-05,27444.50,9355264,N/A,2025-07-14 12:05:04
2284,2.739447,4.814906,185.335434,5.00e-05,27750.30,9359360,N/A,2025-07-14 12:05:04
2285,5.451999,4.814906,185.335434,5.00e-05,27731.35,9363456,N/A,2025-07-14 12:05:05
2286,5.879386,4.814906,185.335434,5.00e-05,27756.02,9367552,N/A,2025-07-14 12:05:05
2287,3.997457,4.814906,185.335434,5.00e-05,27678.09,9371648,N/A,2025-07-14 12:05:05
2288,3.598310,4.814906,185.335434,5.00e-05,27754.73,9375744,N/A,2025-07-14 12:05:05
2289,5.720064,4.814906,185.335434,5.00e-05,28348.97,9379840,N/A,2025-07-14 12:05:05
2290,7.184404,4.814906,185.335434,5.00e-05,27740.22,9383936,1.0000,2025-07-14 12:05:05
2291,4.150109,4.814906,185.335434,5.00e-05,27591.97,9388032,N/A,2025-07-14 12:05:06
2292,4.629809,4.814906,185.335434,5.00e-05,27516.22,9392128,N/A,2025-07-14 12:05:06
2293,6.042572,4.814906,185.335434,5.00e-05,26937.69,9396224,N/A,2025-07-14 12:05:06
2294,3.692353,4.814906,185.335434,5.00e-05,26954.51,9400320,N/A,2025-07-14 12:05:06
2295,3.384757,4.814906,185.335434,5.00e-05,26706.75,9404416,N/A,2025-07-14 12:05:06
2296,3.687253,4.814906,185.335434,5.00e-05,26834.43,9408512,N/A,2025-07-14 12:05:06
2297,5.102787,4.814906,185.335434,5.00e-05,26593.21,9412608,N/A,2025-07-14 12:05:07
2298,5.292893,4.814906,185.335434,5.00e-05,26692.24,9416704,N/A,2025-07-14 12:05:07
2299,5.256557,4.814906,185.335434,5.00e-05,27093.67,9420800,N/A,2025-07-14 12:05:07
2300,4.875670,4.814906,185.335434,5.00e-05,26639.78,9424896,1.0000,2025-07-14 12:05:07
2301,4.065845,4.814906,185.335434,5.00e-05,20791.83,9428992,N/A,2025-07-14 12:05:08
2302,5.454756,4.814906,185.335434,5.00e-05,21015.98,9433088,N/A,2025-07-14 12:05:08
2303,3.481938,4.814906,185.335434,5.00e-05,20951.85,9437184,N/A,2025-07-14 12:05:08
2304,2.992610,4.814906,185.335434,5.00e-05,21056.21,9441280,N/A,2025-07-14 12:05:08
2305,3.717998,4.814906,185.335434,5.00e-05,20976.95,9445376,N/A,2025-07-14 12:05:08
2306,2.985043,4.814906,185.335434,5.00e-05,21134.05,9449472,N/A,2025-07-14 12:05:09
2307,5.367961,4.814906,185.335434,5.00e-05,21147.08,9453568,N/A,2025-07-14 12:05:09
2308,4.499867,4.814906,185.335434,5.00e-05,21272.67,9457664,N/A,2025-07-14 12:05:09
2309,4.468375,4.814906,185.335434,5.00e-05,21601.11,9461760,N/A,2025-07-14 12:05:09
2310,4.758121,4.814906,185.335434,5.00e-05,27478.38,9465856,1.0000,2025-07-14 12:05:09
2311,5.623600,4.814906,185.335434,5.00e-05,27650.98,9469952,N/A,2025-07-14 12:05:09
2312,4.729474,4.814906,185.335434,5.00e-05,27732.40,9474048,N/A,2025-07-14 12:05:10
2313,5.625539,4.814906,185.335434,5.00e-05,27849.40,9478144,N/A,2025-07-14 12:05:10
2314,3.859955,4.814906,185.335434,5.00e-05,27940.54,9482240,N/A,2025-07-14 12:05:10
2315,5.200813,4.814906,185.335434,5.00e-05,27907.04,9486336,N/A,2025-07-14 12:05:10
2316,3.894156,4.814906,185.335434,5.00e-05,27897.05,9490432,N/A,2025-07-14 12:05:10
2317,4.435548,4.814906,185.335434,5.00e-05,27392.14,9494528,N/A,2025-07-14 12:05:10
2318,6.413643,4.814906,185.335434,5.00e-05,27450.26,9498624,N/A,2025-07-14 12:05:11
2319,4.995341,4.814906,185.335434,5.00e-05,27544.97,9502720,N/A,2025-07-14 12:05:11
2320,4.265021,4.814906,185.335434,5.00e-05,26958.84,9506816,1.0000,2025-07-14 12:05:11
2321,3.969679,4.814906,185.335434,5.00e-05,26929.69,9510912,N/A,2025-07-14 12:05:11
2322,2.702753,4.814906,185.335434,5.00e-05,26941.34,9515008,N/A,2025-07-14 12:05:11
2323,4.777402,4.814906,185.335434,5.00e-05,26993.71,9519104,N/A,2025-07-14 12:05:11
2324,3.413279,4.814906,185.335434,5.00e-05,27015.44,9523200,N/A,2025-07-14 12:05:12
2325,6.084116,4.814906,185.335434,5.00e-05,26843.59,9527296,N/A,2025-07-14 12:05:12
2326,3.108301,4.814906,185.335434,5.00e-05,27099.61,9531392,N/A,2025-07-14 12:05:12
2327,5.522928,4.814906,185.335434,5.00e-05,27030.61,9535488,N/A,2025-07-14 12:05:12
2328,4.105350,4.814906,185.335434,5.00e-05,27269.17,9539584,N/A,2025-07-14 12:05:12
2329,1.788662,4.814906,185.335434,5.00e-05,27764.38,9543680,N/A,2025-07-14 12:05:12
2330,4.602134,4.814906,185.335434,5.00e-05,27086.98,9547776,1.0000,2025-07-14 12:05:13
2331,5.209054,4.814906,185.335434,5.00e-05,27066.45,9551872,N/A,2025-07-14 12:05:13
2332,3.915173,4.814906,185.335434,5.00e-05,27080.64,9555968,N/A,2025-07-14 12:05:13
2333,6.620643,4.814906,185.335434,5.00e-05,27089.88,9560064,N/A,2025-07-14 12:05:13
2334,5.182263,4.814906,185.335434,5.00e-05,27294.91,9564160,N/A,2025-07-14 12:05:13
2335,5.332036,4.814906,185.335434,5.00e-05,27469.27,9568256,N/A,2025-07-14 12:05:13
2336,3.745902,4.814906,185.335434,5.00e-05,27496.13,9572352,N/A,2025-07-14 12:05:14
2337,6.555027,4.814906,185.335434,5.00e-05,27710.99,9576448,N/A,2025-07-14 12:05:14
2338,4.808408,4.814906,185.335434,5.00e-05,27832.47,9580544,N/A,2025-07-14 12:05:14
2339,2.715090,4.814906,185.335434,5.00e-05,28484.42,9584640,N/A,2025-07-14 12:05:14
2340,2.783362,4.814906,185.335434,5.00e-05,27703.75,9588736,1.0000,2025-07-14 12:05:14
2341,4.755933,4.814906,185.335434,5.00e-05,27683.36,9592832,N/A,2025-07-14 12:05:14
2342,4.332829,4.814906,185.335434,5.00e-05,27592.35,9596928,N/A,2025-07-14 12:05:15
2343,2.613828,4.814906,185.335434,5.00e-05,27503.59,9601024,N/A,2025-07-14 12:05:15
2344,6.052530,4.814906,185.335434,5.00e-05,27538.31,9605120,N/A,2025-07-14 12:05:15
2345,4.850364,4.814906,185.335434,5.00e-05,27519.17,9609216,N/A,2025-07-14 12:05:15
2346,2.883321,4.814906,185.335434,5.00e-05,27469.02,9613312,N/A,2025-07-14 12:05:15
2347,2.659347,4.814906,185.335434,5.00e-05,27495.57,9617408,N/A,2025-07-14 12:05:15
2348,5.094511,4.814906,185.335434,5.00e-05,27610.18,9621504,N/A,2025-07-14 12:05:15
2349,3.597483,4.814906,185.335434,5.00e-05,28206.27,9625600,N/A,2025-07-14 12:05:16
2350,4.849799,4.814906,185.335434,5.00e-05,27083.23,9629696,1.0000,2025-07-14 12:05:16
2351,4.768457,4.814906,185.335434,5.00e-05,27118.54,9633792,N/A,2025-07-14 12:05:16
2352,4.423677,4.814906,185.335434,5.00e-05,26700.00,9637888,N/A,2025-07-14 12:05:16
2353,6.008229,4.814906,185.335434,5.00e-05,26728.15,9641984,N/A,2025-07-14 12:05:16
2354,5.189530,4.814906,185.335434,5.00e-05,26793.17,9646080,N/A,2025-07-14 12:05:17
2355,5.293178,4.814906,185.335434,5.00e-05,26639.65,9650176,N/A,2025-07-14 12:05:17
2356,4.092226,4.814906,185.335434,5.00e-05,26605.00,9654272,N/A,2025-07-14 12:05:17
2357,6.167709,4.814906,185.335434,5.00e-05,26581.09,9658368,N/A,2025-07-14 12:05:17
2358,5.089237,4.814906,185.335434,5.00e-05,26729.64,9662464,N/A,2025-07-14 12:05:17
2359,2.896144,4.814906,185.335434,5.00e-05,27790.07,9666560,N/A,2025-07-14 12:05:17
2360,6.595690,4.814906,185.335434,5.00e-05,27236.82,9670656,1.0000,2025-07-14 12:05:18
2361,2.142600,4.814906,185.335434,5.00e-05,27758.95,9674752,N/A,2025-07-14 12:05:18
2362,4.931356,4.814906,185.335434,5.00e-05,27501.01,9678848,N/A,2025-07-14 12:05:18
2363,6.600690,4.814906,185.335434,5.00e-05,27427.04,9682944,N/A,2025-07-14 12:05:18
2364,3.291715,4.814906,185.335434,5.00e-05,27589.11,9687040,N/A,2025-07-14 12:05:18
2365,3.255699,4.814906,185.335434,5.00e-05,27586.02,9691136,N/A,2025-07-14 12:05:18
2366,6.380740,4.814906,185.335434,5.00e-05,27556.82,9695232,N/A,2025-07-14 12:05:19
2367,5.671539,4.814906,185.335434,5.00e-05,27438.07,9699328,N/A,2025-07-14 12:05:19
2368,4.458762,4.814906,185.335434,5.00e-05,27371.61,9703424,N/A,2025-07-14 12:05:19
2369,3.938296,4.814906,185.335434,5.00e-05,27948.73,9707520,N/A,2025-07-14 12:05:19
2370,6.312351,4.814906,185.335434,5.00e-05,27261.54,9711616,1.0000,2025-07-14 12:05:19
2371,4.688286,4.814906,185.335434,5.00e-05,27517.88,9715712,N/A,2025-07-14 12:05:19
2372,6.474256,4.814906,185.335434,5.00e-05,27531.18,9719808,N/A,2025-07-14 12:05:20
2373,6.970088,4.814906,185.335434,5.00e-05,27544.64,9723904,N/A,2025-07-14 12:05:20
2374,5.218970,4.814906,185.335434,5.00e-05,27494.97,9728000,N/A,2025-07-14 12:05:20
2375,4.178732,4.814906,185.335434,5.00e-05,27473.15,9732096,N/A,2025-07-14 12:05:20
2376,4.675620,4.814906,185.335434,5.00e-05,27139.92,9736192,N/A,2025-07-14 12:05:20
2377,4.019263,4.814906,185.335434,5.00e-05,27224.83,9740288,N/A,2025-07-14 12:05:20
2378,5.096264,4.814906,185.335434,5.00e-05,27246.87,9744384,N/A,2025-07-14 12:05:21
2379,4.898214,4.814906,185.335434,5.00e-05,27662.83,9748480,N/A,2025-07-14 12:05:21
2380,2.200367,4.814906,185.335434,5.00e-05,26833.82,9752576,1.0000,2025-07-14 12:05:21
2381,5.685258,4.814906,185.335434,5.00e-05,26877.36,9756672,N/A,2025-07-14 12:05:21
2382,5.264722,4.814906,185.335434,5.00e-05,26962.30,9760768,N/A,2025-07-14 12:05:21
2383,4.551508,4.814906,185.335434,5.00e-05,26878.87,9764864,N/A,2025-07-14 12:05:21
2384,5.498607,4.814906,185.335434,5.00e-05,26854.36,9768960,N/A,2025-07-14 12:05:22
2385,4.273286,4.814906,185.335434,5.00e-05,27250.72,9773056,N/A,2025-07-14 12:05:22
2386,5.333649,4.814906,185.335434,5.00e-05,27174.06,9777152,N/A,2025-07-14 12:05:22
2387,5.508103,4.814906,185.335434,5.00e-05,27206.79,9781248,N/A,2025-07-14 12:05:22
2388,4.185664,4.814906,185.335434,5.00e-05,27386.15,9785344,N/A,2025-07-14 12:05:22
2389,5.037020,4.814906,185.335434,5.00e-05,28196.65,9789440,N/A,2025-07-14 12:05:22
2390,5.928085,4.814906,185.335434,5.00e-05,27467.20,9793536,1.0000,2025-07-14 12:05:23
2391,3.858346,4.814906,185.335434,5.00e-05,27071.10,9797632,N/A,2025-07-14 12:05:23
2392,6.286036,4.814906,185.335434,5.00e-05,27218.61,9801728,N/A,2025-07-14 12:05:23
2393,5.764562,4.814906,185.335434,5.00e-05,27227.53,9805824,N/A,2025-07-14 12:05:23
2394,3.490490,4.814906,185.335434,5.00e-05,27217.67,9809920,N/A,2025-07-14 12:05:23
2395,6.265480,4.814906,185.335434,5.00e-05,27322.88,9814016,N/A,2025-07-14 12:05:23
2396,4.976665,4.814906,185.335434,5.00e-05,27304.67,9818112,N/A,2025-07-14 12:05:24
2397,3.885898,4.814906,185.335434,5.00e-05,27410.24,9822208,N/A,2025-07-14 12:05:24
2398,4.260934,4.814906,185.335434,5.00e-05,27437.10,9826304,N/A,2025-07-14 12:05:24
2399,5.860198,4.814906,185.335434,5.00e-05,28041.33,9830400,N/A,2025-07-14 12:05:24
2400,4.731357,4.814906,185.335434,5.00e-05,27677.95,9834496,1.0000,2025-07-14 12:05:24
2401,5.143157,4.814906,185.335434,5.00e-05,21570.79,9838592,N/A,2025-07-14 12:05:25
2402,4.594009,4.814906,185.335434,5.00e-05,21465.09,9842688,N/A,2025-07-14 12:05:25
2403,3.301842,4.814906,185.335434,5.00e-05,21322.68,9846784,N/A,2025-07-14 12:05:25
2404,5.248862,4.814906,185.335434,5.00e-05,21302.67,9850880,N/A,2025-07-14 12:05:25
2405,3.009596,4.814906,185.335434,5.00e-05,21015.80,9854976,N/A,2025-07-14 12:05:25
2406,6.467076,4.814906,185.335434,5.00e-05,20939.61,9859072,N/A,2025-07-14 12:05:26
2407,5.226602,4.814906,185.335434,5.00e-05,20948.31,9863168,N/A,2025-07-14 12:05:26
2408,4.937745,4.814906,185.335434,5.00e-05,21003.69,9867264,N/A,2025-07-14 12:05:26
2409,4.291954,4.814906,185.335434,5.00e-05,21440.14,9871360,N/A,2025-07-14 12:05:26
2410,6.386060,4.814906,185.335434,5.00e-05,26762.34,9875456,1.0000,2025-07-14 12:05:26
2411,5.004690,4.814906,185.335434,5.00e-05,26899.85,9879552,N/A,2025-07-14 12:05:26
2412,4.800709,4.814906,185.335434,5.00e-05,27183.07,9883648,N/A,2025-07-14 12:05:27
2413,5.126281,4.814906,185.335434,5.00e-05,27219.15,9887744,N/A,2025-07-14 12:05:27
2414,4.846357,4.814906,185.335434,5.00e-05,27222.34,9891840,N/A,2025-07-14 12:05:27
2415,2.049144,4.814906,185.335434,5.00e-05,27332.65,9895936,N/A,2025-07-14 12:05:27
2416,4.336189,4.814906,185.335434,5.00e-05,27308.03,9900032,N/A,2025-07-14 12:05:27
2417,3.868767,4.814906,185.335434,5.00e-05,27318.35,9904128,N/A,2025-07-14 12:05:27
2418,6.585235,4.814906,185.335434,5.00e-05,27169.65,9908224,N/A,2025-07-14 12:05:28
2419,3.299887,4.814906,185.335434,5.00e-05,27343.83,9912320,N/A,2025-07-14 12:05:28
2420,3.135679,4.814906,185.335434,5.00e-05,26784.01,9916416,1.0000,2025-07-14 12:05:28
2421,3.258376,4.814906,185.335434,5.00e-05,26765.10,9920512,N/A,2025-07-14 12:05:28
2422,4.774662,4.814906,185.335434,5.00e-05,26706.24,9924608,N/A,2025-07-14 12:05:28
2423,3.082159,4.814906,185.335434,5.00e-05,27184.42,9928704,N/A,2025-07-14 12:05:28
2424,3.665531,4.814906,185.335434,5.00e-05,27149.33,9932800,N/A,2025-07-14 12:05:29
2425,6.846619,4.814906,185.335434,5.00e-05,27172.14,9936896,N/A,2025-07-14 12:05:29
2426,3.679853,4.814906,185.335434,5.00e-05,27131.62,9940992,N/A,2025-07-14 12:05:29
2427,4.514743,4.814906,185.335434,5.00e-05,27278.53,9945088,N/A,2025-07-14 12:05:29
2428,3.919586,4.814906,185.335434,5.00e-05,27766.21,9949184,N/A,2025-07-14 12:05:29
2429,3.808637,4.814906,185.335434,5.00e-05,28461.76,9953280,N/A,2025-07-14 12:05:29
2430,4.746726,4.814906,185.335434,5.00e-05,27120.44,9957376,1.0000,2025-07-14 12:05:30
2431,4.467503,4.814906,185.335434,5.00e-05,27184.81,9961472,N/A,2025-07-14 12:05:30
2432,4.811191,4.814906,185.335434,5.00e-05,27174.34,9965568,N/A,2025-07-14 12:05:30
2433,2.577863,4.814906,185.335434,5.00e-05,27023.39,9969664,N/A,2025-07-14 12:05:30
2434,3.061434,4.814906,185.335434,5.00e-05,26977.42,9973760,N/A,2025-07-14 12:05:30
2435,3.319793,4.814906,185.335434,5.00e-05,27003.61,9977856,N/A,2025-07-14 12:05:30
2436,4.369081,4.814906,185.335434,5.00e-05,26990.93,9981952,N/A,2025-07-14 12:05:31
2437,6.313478,4.814906,185.335434,5.00e-05,26931.01,9986048,N/A,2025-07-14 12:05:31
2438,6.247899,4.814906,185.335434,5.00e-05,26976.40,9990144,N/A,2025-07-14 12:05:31
2439,4.038986,4.814906,185.335434,5.00e-05,28207.33,9994240,N/A,2025-07-14 12:05:31
2440,4.809638,4.814906,185.335434,5.00e-05,27563.43,9998336,1.0000,2025-07-14 12:05:31
2441,3.710574,4.814906,185.335434,5.00e-05,27603.11,10002432,N/A,2025-07-14 12:05:31
2442,4.354824,4.814906,185.335434,5.00e-05,27641.30,10006528,N/A,2025-07-14 12:05:32
2443,5.348237,4.814906,185.335434,5.00e-05,27726.70,10010624,N/A,2025-07-14 12:05:32
2444,5.406137,4.814906,185.335434,5.00e-05,27770.13,10014720,N/A,2025-07-14 12:05:32
2445,6.270810,4.814906,185.335434,5.00e-05,27796.06,10018816,N/A,2025-07-14 12:05:32
2446,5.679312,4.814906,185.335434,5.00e-05,27916.92,10022912,N/A,2025-07-14 12:05:32
2447,5.663249,4.814906,185.335434,5.00e-05,27905.32,10027008,N/A,2025-07-14 12:05:32
2448,4.772375,4.814906,185.335434,5.00e-05,28041.29,10031104,N/A,2025-07-14 12:05:33
2449,4.610999,4.814906,185.335434,5.00e-05,28622.98,10035200,N/A,2025-07-14 12:05:33
2450,5.153635,4.814906,185.335434,5.00e-05,27949.28,10039296,1.0000,2025-07-14 12:05:33
2451,5.700765,4.814906,185.335434,5.00e-05,28092.44,10043392,N/A,2025-07-14 12:05:33
2452,3.138535,4.814906,185.335434,5.00e-05,28055.88,10047488,N/A,2025-07-14 12:05:33
2453,2.174758,4.814906,185.335434,5.00e-05,28060.65,10051584,N/A,2025-07-14 12:05:33
2454,6.000695,4.814906,185.335434,5.00e-05,28060.59,10055680,N/A,2025-07-14 12:05:34
2455,3.847657,4.814906,185.335434,5.00e-05,28050.82,10059776,N/A,2025-07-14 12:05:34
2456,3.037644,4.814906,185.335434,5.00e-05,28040.23,10063872,N/A,2025-07-14 12:05:34
2457,5.238055,4.814906,185.335434,5.00e-05,27933.17,10067968,N/A,2025-07-14 12:05:34
2458,4.205161,4.814906,185.335434,5.00e-05,28007.60,10072064,N/A,2025-07-14 12:05:34
2459,4.089497,4.814906,185.335434,5.00e-05,28631.04,10076160,N/A,2025-07-14 12:05:34
2460,5.265473,4.814906,185.335434,5.00e-05,27328.48,10080256,1.0000,2025-07-14 12:05:35
2461,6.476749,4.814906,185.335434,5.00e-05,27208.70,10084352,N/A,2025-07-14 12:05:35
2462,4.372206,4.814906,185.335434,5.00e-05,27137.47,10088448,N/A,2025-07-14 12:05:35
2463,2.554970,4.814906,185.335434,5.00e-05,27102.51,10092544,N/A,2025-07-14 12:05:35
2464,3.568370,4.814906,185.335434,5.00e-05,27121.52,10096640,N/A,2025-07-14 12:05:35
2465,5.840878,4.814906,185.335434,5.00e-05,27084.71,10100736,N/A,2025-07-14 12:05:35
2466,3.112460,4.814906,185.335434,5.00e-05,26662.60,10104832,N/A,2025-07-14 12:05:36
2467,5.082766,4.814906,185.335434,5.00e-05,26433.55,10108928,N/A,2025-07-14 12:05:36
2468,3.366564,4.814906,185.335434,5.00e-05,26236.48,10113024,N/A,2025-07-14 12:05:36
2469,6.140698,4.814906,185.335434,5.00e-05,27409.58,10117120,N/A,2025-07-14 12:05:36
2470,3.570988,4.814906,185.335434,5.00e-05,26922.16,10121216,1.0000,2025-07-14 12:05:36
2471,4.022258,4.814906,185.335434,5.00e-05,26489.18,10125312,N/A,2025-07-14 12:05:36
2472,4.619940,4.814906,185.335434,5.00e-05,26545.86,10129408,N/A,2025-07-14 12:05:37
2473,4.471311,4.814906,185.335434,5.00e-05,26529.56,10133504,N/A,2025-07-14 12:05:37
2474,5.295630,4.814906,185.335434,5.00e-05,26569.42,10137600,N/A,2025-07-14 12:05:37
2475,2.855520,4.814906,185.335434,5.00e-05,27047.50,10141696,N/A,2025-07-14 12:05:37
2476,6.340573,4.814906,185.335434,5.00e-05,27306.71,10145792,N/A,2025-07-14 12:05:37
2477,3.888401,4.814906,185.335434,5.00e-05,27319.59,10149888,N/A,2025-07-14 12:05:37
2478,5.037326,4.814906,185.335434,5.00e-05,27292.93,10153984,N/A,2025-07-14 12:05:38
2479,4.803214,4.814906,185.335434,5.00e-05,27903.96,10158080,N/A,2025-07-14 12:05:38
2480,3.613564,4.814906,185.335434,5.00e-05,27827.70,10162176,1.0000,2025-07-14 12:05:38
2481,3.677106,4.814906,185.335434,5.00e-05,27754.64,10166272,N/A,2025-07-14 12:05:38
2482,3.514136,4.814906,185.335434,5.00e-05,27721.14,10170368,N/A,2025-07-14 12:05:38
2483,5.305882,4.814906,185.335434,5.00e-05,27719.40,10174464,N/A,2025-07-14 12:05:38
2484,5.622566,4.814906,185.335434,5.00e-05,27705.27,10178560,N/A,2025-07-14 12:05:39
2485,6.742056,4.814906,185.335434,5.00e-05,27693.50,10182656,N/A,2025-07-14 12:05:39
2486,4.429770,4.814906,185.335434,5.00e-05,27871.54,10186752,N/A,2025-07-14 12:05:39
2487,3.794060,4.814906,185.335434,5.00e-05,27847.50,10190848,N/A,2025-07-14 12:05:39
2488,3.192333,4.814906,185.335434,5.00e-05,27783.38,10194944,N/A,2025-07-14 12:05:39
2489,4.926943,4.814906,185.335434,5.00e-05,28367.07,10199040,N/A,2025-07-14 12:05:39
2490,6.573925,4.814906,185.335434,5.00e-05,27476.24,10203136,1.0000,2025-07-14 12:05:40
2491,4.223612,4.814906,185.335434,5.00e-05,27465.21,10207232,N/A,2025-07-14 12:05:40
2492,5.161329,4.814906,185.335434,5.00e-05,27313.31,10211328,N/A,2025-07-14 12:05:40
2493,5.389462,4.814906,185.335434,5.00e-05,27379.30,10215424,N/A,2025-07-14 12:05:40
2494,3.196418,4.814906,185.335434,5.00e-05,27365.49,10219520,N/A,2025-07-14 12:05:40
2495,3.845018,4.814906,185.335434,5.00e-05,27368.46,10223616,N/A,2025-07-14 12:05:40
2496,3.769715,4.814906,185.335434,5.00e-05,27340.13,10227712,N/A,2025-07-14 12:05:41
2497,4.903994,4.814906,185.335434,5.00e-05,27325.68,10231808,N/A,2025-07-14 12:05:41
2498,6.429552,4.814906,185.335434,5.00e-05,27336.37,10235904,N/A,2025-07-14 12:05:41
2499,4.788354,4.814906,185.335434,5.00e-05,28232.95,10240000,N/A,2025-07-14 12:05:41
2500,5.380759,4.814906,185.335434,5.00e-05,27634.31,10244096,1.0000,2025-07-14 12:05:41
2501,3.573964,4.814906,185.335434,5.00e-05,21385.37,10248192,N/A,2025-07-14 12:05:42
2502,3.312239,4.814906,185.335434,5.00e-05,21256.97,10252288,N/A,2025-07-14 12:05:42
2503,6.606194,4.814906,185.335434,5.00e-05,21189.72,10256384,N/A,2025-07-14 12:05:42
2504,6.713863,4.814906,185.335434,5.00e-05,21185.18,10260480,N/A,2025-07-14 12:05:42
2505,5.778596,4.814906,185.335434,5.00e-05,21216.02,10264576,N/A,2025-07-14 12:05:42
2506,4.746775,4.814906,185.335434,5.00e-05,21273.98,10268672,N/A,2025-07-14 12:05:43
2507,4.084800,4.814906,185.335434,5.00e-05,21302.75,10272768,N/A,2025-07-14 12:05:43
2508,4.178338,4.814906,185.335434,5.00e-05,21318.63,10276864,N/A,2025-07-14 12:05:43
2509,6.675888,4.814906,185.335434,5.00e-05,21671.11,10280960,N/A,2025-07-14 12:05:43
2510,5.148588,4.814906,185.335434,5.00e-05,27395.26,10285056,1.0000,2025-07-14 12:05:43
2511,5.802948,4.814906,185.335434,5.00e-05,27563.37,10289152,N/A,2025-07-14 12:05:43
2512,3.974375,4.814906,185.335434,5.00e-05,27696.34,10293248,N/A,2025-07-14 12:05:44
2513,4.700309,4.814906,185.335434,5.00e-05,27744.87,10297344,N/A,2025-07-14 12:05:44
2514,5.075728,4.814906,185.335434,5.00e-05,27753.63,10301440,N/A,2025-07-14 12:05:44
2515,6.280797,4.814906,185.335434,5.00e-05,27673.02,10305536,N/A,2025-07-14 12:05:44
2516,4.668718,4.814906,185.335434,5.00e-05,27356.68,10309632,N/A,2025-07-14 12:05:44
2517,3.092682,4.814906,185.335434,5.00e-05,27296.48,10313728,N/A,2025-07-14 12:05:44
2518,3.735579,4.814906,185.335434,5.00e-05,27251.29,10317824,N/A,2025-07-14 12:05:45
2519,2.940812,4.814906,185.335434,5.00e-05,27998.67,10321920,N/A,2025-07-14 12:05:45
2520,4.834074,4.814906,185.335434,5.00e-05,27305.81,10326016,1.0000,2025-07-14 12:05:45
2521,5.231613,4.814906,185.335434,5.00e-05,27170.28,10330112,N/A,2025-07-14 12:05:45
2522,3.713489,4.814906,185.335434,5.00e-05,27097.67,10334208,N/A,2025-07-14 12:05:45
2523,6.202970,4.814906,185.335434,5.00e-05,27098.68,10338304,N/A,2025-07-14 12:05:45
2524,5.396766,4.814906,185.335434,5.00e-05,26690.87,10342400,N/A,2025-07-14 12:05:46
2525,6.255228,4.814906,185.335434,5.00e-05,26851.10,10346496,N/A,2025-07-14 12:05:46
2526,3.756538,4.814906,185.335434,5.00e-05,26827.52,10350592,N/A,2025-07-14 12:05:46
2527,4.826694,4.814906,185.335434,5.00e-05,26883.21,10354688,N/A,2025-07-14 12:05:46
2528,3.978803,4.814906,185.335434,5.00e-05,27000.18,10358784,N/A,2025-07-14 12:05:46
2529,3.058739,4.814906,185.335434,5.00e-05,27439.04,10362880,N/A,2025-07-14 12:05:46
2530,3.338699,4.814906,185.335434,5.00e-05,26795.11,10366976,1.0000,2025-07-14 12:05:47
2531,3.068130,4.814906,185.335434,5.00e-05,26823.69,10371072,N/A,2025-07-14 12:05:47
2532,3.196446,4.814906,185.335434,5.00e-05,26816.81,10375168,N/A,2025-07-14 12:05:47
2533,3.789076,4.814906,185.335434,5.00e-05,26973.13,10379264,N/A,2025-07-14 12:05:47
2534,4.180630,4.814906,185.335434,5.00e-05,26980.08,10383360,N/A,2025-07-14 12:05:47
2535,5.783100,4.814906,185.335434,5.00e-05,27047.72,10387456,N/A,2025-07-14 12:05:48
2536,5.711543,4.814906,185.335434,5.00e-05,26808.83,10391552,N/A,2025-07-14 12:05:48
2537,4.655313,4.814906,185.335434,5.00e-05,26524.99,10395648,N/A,2025-07-14 12:05:48
2538,3.175926,4.814906,185.335434,5.00e-05,26540.18,10399744,N/A,2025-07-14 12:05:48
2539,4.565936,4.814906,185.335434,5.00e-05,27187.54,10403840,N/A,2025-07-14 12:05:48
2540,2.126668,4.814906,185.335434,5.00e-05,26492.63,10407936,1.0000,2025-07-14 12:05:48
2541,2.418068,4.814906,185.335434,5.00e-05,26473.15,10412032,N/A,2025-07-14 12:05:49
2542,3.481624,4.814906,185.335434,5.00e-05,26704.42,10416128,N/A,2025-07-14 12:05:49
2543,3.486943,4.814906,185.335434,5.00e-05,26785.87,10420224,N/A,2025-07-14 12:05:49
2544,4.320680,4.814906,185.335434,5.00e-05,26768.25,10424320,N/A,2025-07-14 12:05:49
2545,5.540837,4.814906,185.335434,5.00e-05,27001.31,10428416,N/A,2025-07-14 12:05:49
2546,3.865254,4.814906,185.335434,5.00e-05,27248.86,10432512,N/A,2025-07-14 12:05:49
2547,3.574454,4.814906,185.335434,5.00e-05,27484.26,10436608,N/A,2025-07-14 12:05:50
2548,1.263845,4.814906,185.335434,5.00e-05,27605.06,10440704,N/A,2025-07-14 12:05:50
2549,3.224182,4.814906,185.335434,5.00e-05,28346.94,10444800,N/A,2025-07-14 12:05:50
2550,3.876477,4.814906,185.335434,5.00e-05,27333.21,10448896,1.0000,2025-07-14 12:05:50
2551,3.950406,4.814906,185.335434,5.00e-05,27424.71,10452992,N/A,2025-07-14 12:05:50
2552,2.845607,4.814906,185.335434,5.00e-05,27424.00,10457088,N/A,2025-07-14 12:05:50
2553,4.502898,4.814906,185.335434,5.00e-05,27493.54,10461184,N/A,2025-07-14 12:05:51
2554,4.094008,4.814906,185.335434,5.00e-05,27523.39,10465280,N/A,2025-07-14 12:05:51
2555,4.762823,4.814906,185.335434,5.00e-05,27546.06,10469376,N/A,2025-07-14 12:05:51
2556,4.459802,4.814906,185.335434,5.00e-05,27572.70,10473472,N/A,2025-07-14 12:05:51
2557,5.902864,4.814906,185.335434,5.00e-05,27544.95,10477568,N/A,2025-07-14 12:05:51
2558,3.918899,4.814906,185.335434,5.00e-05,27483.52,10481664,N/A,2025-07-14 12:05:51
2559,4.775898,4.814906,185.335434,5.00e-05,28567.31,10485760,N/A,2025-07-14 12:05:51
2560,3.926970,4.814906,185.335434,5.00e-05,27826.24,10489856,1.0000,2025-07-14 12:05:52
2561,6.183416,4.814906,185.335434,5.00e-05,27842.82,10493952,N/A,2025-07-14 12:05:52
2562,4.942142,4.814906,185.335434,5.00e-05,27685.45,10498048,N/A,2025-07-14 12:05:52
2563,4.728060,4.814906,185.335434,5.00e-05,27658.35,10502144,N/A,2025-07-14 12:05:52
2564,5.039617,4.814906,185.335434,5.00e-05,27589.38,10506240,N/A,2025-07-14 12:05:52
2565,3.355359,4.814906,185.335434,5.00e-05,27311.23,10510336,N/A,2025-07-14 12:05:52
2566,5.029276,4.814906,185.335434,5.00e-05,26805.95,10514432,N/A,2025-07-14 12:05:53
2567,4.314705,4.814906,185.335434,5.00e-05,26705.62,10518528,N/A,2025-07-14 12:05:53
2568,5.226691,4.814906,185.335434,5.00e-05,26743.59,10522624,N/A,2025-07-14 12:05:53
2569,5.499728,4.814906,185.335434,5.00e-05,27211.80,10526720,N/A,2025-07-14 12:05:53
2570,3.060104,4.814906,185.335434,5.00e-05,26368.92,10530816,1.0000,2025-07-14 12:05:53
2571,4.118568,4.814906,185.335434,5.00e-05,26477.72,10534912,N/A,2025-07-14 12:05:54
2572,3.583919,4.814906,185.335434,5.00e-05,26473.72,10539008,N/A,2025-07-14 12:05:54
2573,4.086388,4.814906,185.335434,5.00e-05,26509.01,10543104,N/A,2025-07-14 12:05:54
2574,4.116193,4.814906,185.335434,5.00e-05,26703.85,10547200,N/A,2025-07-14 12:05:54
2575,4.291286,4.814906,185.335434,5.00e-05,27232.18,10551296,N/A,2025-07-14 12:05:54
2576,4.408949,4.814906,185.335434,5.00e-05,27452.19,10555392,N/A,2025-07-14 12:05:54
2577,5.640488,4.814906,185.335434,5.00e-05,27430.35,10559488,N/A,2025-07-14 12:05:55
2578,5.010501,4.814906,185.335434,5.00e-05,27383.66,10563584,N/A,2025-07-14 12:05:55
2579,4.117620,4.814906,185.335434,5.00e-05,28265.69,10567680,N/A,2025-07-14 12:05:55
2580,4.003102,4.814906,185.335434,5.00e-05,27609.82,10571776,1.0000,2025-07-14 12:05:55
2581,5.026917,4.814906,185.335434,5.00e-05,27495.03,10575872,N/A,2025-07-14 12:05:55
2582,4.120203,4.814906,185.335434,5.00e-05,27539.38,10579968,N/A,2025-07-14 12:05:55
2583,5.671901,4.814906,185.335434,5.00e-05,27525.93,10584064,N/A,2025-07-14 12:05:56
2584,5.727730,4.814906,185.335434,5.00e-05,27328.63,10588160,N/A,2025-07-14 12:05:56
2585,5.892218,4.814906,185.335434,5.00e-05,27253.76,10592256,N/A,2025-07-14 12:05:56
2586,4.637646,4.814906,185.335434,5.00e-05,27225.67,10596352,N/A,2025-07-14 12:05:56
2587,5.714040,4.814906,185.335434,5.00e-05,27483.39,10600448,N/A,2025-07-14 12:05:56
2588,2.925142,4.814906,185.335434,5.00e-05,27513.99,10604544,N/A,2025-07-14 12:05:56
2589,3.082842,4.814906,185.335434,5.00e-05,27987.08,10608640,N/A,2025-07-14 12:05:56
2590,3.768018,4.814906,185.335434,5.00e-05,27461.27,10612736,1.0000,2025-07-14 12:05:57
2591,4.944156,4.814906,185.335434,5.00e-05,27479.28,10616832,N/A,2025-07-14 12:05:57
2592,5.337582,4.814906,185.335434,5.00e-05,27572.59,10620928,N/A,2025-07-14 12:05:57
2593,5.452238,4.814906,185.335434,5.00e-05,27464.20,10625024,N/A,2025-07-14 12:05:57
2594,4.148256,4.814906,185.335434,5.00e-05,27556.85,10629120,N/A,2025-07-14 12:05:57
2595,3.988660,4.814906,185.335434,5.00e-05,27571.79,10633216,N/A,2025-07-14 12:05:57
2596,4.584430,4.814906,185.335434,5.00e-05,27540.19,10637312,N/A,2025-07-14 12:05:58
2597,4.055749,4.814906,185.335434,5.00e-05,27493.39,10641408,N/A,2025-07-14 12:05:58
2598,3.556869,4.814906,185.335434,5.00e-05,27513.71,10645504,N/A,2025-07-14 12:05:58
2599,6.000647,4.814906,185.335434,5.00e-05,28003.66,10649600,N/A,2025-07-14 12:05:58
2600,4.428602,4.814906,185.335434,5.00e-05,27298.06,10653696,1.0000,2025-07-14 12:05:58
2601,2.595051,4.814906,185.335434,5.00e-05,21694.33,10657792,N/A,2025-07-14 12:05:59
2602,3.947897,4.814906,185.335434,5.00e-05,21745.25,10661888,N/A,2025-07-14 12:05:59
2603,4.050263,4.814906,185.335434,5.00e-05,21704.99,10665984,N/A,2025-07-14 12:05:59
2604,2.171841,4.814906,185.335434,5.00e-05,21660.78,10670080,N/A,2025-07-14 12:05:59
2605,4.355072,4.814906,185.335434,5.00e-05,21601.47,10674176,N/A,2025-07-14 12:06:00
2606,2.833210,4.814906,185.335434,5.00e-05,21613.05,10678272,N/A,2025-07-14 12:06:00
2607,2.574190,4.814906,185.335434,5.00e-05,21715.09,10682368,N/A,2025-07-14 12:06:00
2608,2.759567,4.814906,185.335434,5.00e-05,21827.02,10686464,N/A,2025-07-14 12:06:00
2609,4.102600,4.814906,185.335434,5.00e-05,22258.07,10690560,N/A,2025-07-14 12:06:00
2610,3.336465,4.814906,185.335434,5.00e-05,27371.99,10694656,1.0000,2025-07-14 12:06:00
2611,2.939847,4.814906,185.335434,5.00e-05,27577.03,10698752,N/A,2025-07-14 12:06:01
2612,4.328707,4.814906,185.335434,5.00e-05,27386.01,10702848,N/A,2025-07-14 12:06:01
2613,3.371254,4.814906,185.335434,5.00e-05,27475.09,10706944,N/A,2025-07-14 12:06:01
2614,4.002907,4.814906,185.335434,5.00e-05,27267.58,10711040,N/A,2025-07-14 12:06:01
2615,5.047597,4.814906,185.335434,5.00e-05,27298.64,10715136,N/A,2025-07-14 12:06:01
2616,4.890532,4.814906,185.335434,5.00e-05,27309.05,10719232,N/A,2025-07-14 12:06:01
2617,1.887752,4.814906,185.335434,5.00e-05,27273.07,10723328,N/A,2025-07-14 12:06:02
2618,3.713399,4.814906,185.335434,5.00e-05,27261.96,10727424,N/A,2025-07-14 12:06:02
2619,5.087660,4.814906,185.335434,5.00e-05,28021.00,10731520,N/A,2025-07-14 12:06:02
2620,5.408588,4.814906,185.335434,5.00e-05,27438.59,10735616,1.0000,2025-07-14 12:06:02
2621,2.699036,4.814906,185.335434,5.00e-05,27673.03,10739712,N/A,2025-07-14 12:06:02
2622,4.950006,4.814906,185.335434,5.00e-05,27623.51,10743808,N/A,2025-07-14 12:06:02
2623,3.861302,4.814906,185.335434,5.00e-05,27943.06,10747904,N/A,2025-07-14 12:06:03
2624,6.017941,4.814906,185.335434,5.00e-05,27888.04,10752000,N/A,2025-07-14 12:06:03
2625,3.055136,4.814906,185.335434,5.00e-05,27796.94,10756096,N/A,2025-07-14 12:06:03
2626,2.090344,4.814906,185.335434,5.00e-05,27781.82,10760192,N/A,2025-07-14 12:06:03
2627,6.369839,4.814906,185.335434,5.00e-05,27720.20,10764288,N/A,2025-07-14 12:06:03
2628,6.109178,4.814906,185.335434,5.00e-05,27745.03,10768384,N/A,2025-07-14 12:06:03
2629,4.202156,4.814906,185.335434,5.00e-05,28256.55,10772480,N/A,2025-07-14 12:06:03
2630,3.494382,4.814906,185.335434,5.00e-05,27109.22,10776576,1.0000,2025-07-14 12:06:04
2631,4.039027,4.814906,185.335434,5.00e-05,27123.52,10780672,N/A,2025-07-14 12:06:04
2632,2.764810,4.814906,185.335434,5.00e-05,27136.12,10784768,N/A,2025-07-14 12:06:04
2633,3.388455,4.814906,185.335434,5.00e-05,27128.52,10788864,N/A,2025-07-14 12:06:04
2634,4.461336,4.814906,185.335434,5.00e-05,27119.08,10792960,N/A,2025-07-14 12:06:04
2635,4.173452,4.814906,185.335434,5.00e-05,27102.21,10797056,N/A,2025-07-14 12:06:05
2636,4.840535,4.814906,185.335434,5.00e-05,27126.97,10801152,N/A,2025-07-14 12:06:05
2637,3.579882,4.814906,185.335434,5.00e-05,26870.57,10805248,N/A,2025-07-14 12:06:05
2638,4.427674,4.814906,185.335434,5.00e-05,26930.05,10809344,N/A,2025-07-14 12:06:05
2639,4.100735,4.814906,185.335434,5.00e-05,28034.25,10813440,N/A,2025-07-14 12:06:05
2640,3.069935,4.814906,185.335434,5.00e-05,27276.23,10817536,1.0000,2025-07-14 12:06:05
2641,3.886308,4.814906,185.335434,5.00e-05,27303.87,10821632,N/A,2025-07-14 12:06:06
2642,5.385137,4.814906,185.335434,5.00e-05,27371.17,10825728,N/A,2025-07-14 12:06:06
2643,3.904408,4.814906,185.335434,5.00e-05,27408.19,10829824,N/A,2025-07-14 12:06:06
2644,3.783617,4.814906,185.335434,5.00e-05,27443.80,10833920,N/A,2025-07-14 12:06:06
2645,4.830236,4.814906,185.335434,5.00e-05,26973.38,10838016,N/A,2025-07-14 12:06:06
2646,4.550691,4.814906,185.335434,5.00e-05,27196.99,10842112,N/A,2025-07-14 12:06:06
2647,3.751616,4.814906,185.335434,5.00e-05,27179.20,10846208,N/A,2025-07-14 12:06:07
2648,3.923530,4.814906,185.335434,5.00e-05,27213.33,10850304,N/A,2025-07-14 12:06:07
2649,4.822888,4.814906,185.335434,5.00e-05,27989.81,10854400,N/A,2025-07-14 12:06:07
2650,3.619130,4.814906,185.335434,5.00e-05,27061.41,10858496,1.0000,2025-07-14 12:06:07
2651,4.539564,4.814906,185.335434,5.00e-05,27002.74,10862592,N/A,2025-07-14 12:06:07
2652,4.595771,4.814906,185.335434,5.00e-05,27024.08,10866688,N/A,2025-07-14 12:06:07
2653,5.048537,4.814906,185.335434,5.00e-05,27097.12,10870784,N/A,2025-07-14 12:06:08
2654,5.135167,4.814906,185.335434,5.00e-05,27602.44,10874880,N/A,2025-07-14 12:06:08
2655,4.113388,4.814906,185.335434,5.00e-05,27642.48,10878976,N/A,2025-07-14 12:06:08
2656,4.793606,4.814906,185.335434,5.00e-05,27682.38,10883072,N/A,2025-07-14 12:06:08
2657,4.755397,4.814906,185.335434,5.00e-05,27653.16,10887168,N/A,2025-07-14 12:06:08
2658,4.239190,4.814906,185.335434,5.00e-05,27665.88,10891264,N/A,2025-07-14 12:06:08
2659,6.217782,4.814906,185.335434,5.00e-05,28569.97,10895360,N/A,2025-07-14 12:06:08
2660,6.053445,4.814906,185.335434,5.00e-05,27999.80,10899456,1.0000,2025-07-14 12:06:09
2661,4.125943,4.814906,185.335434,5.00e-05,28046.13,10903552,N/A,2025-07-14 12:06:09
2662,5.467948,4.814906,185.335434,5.00e-05,27944.94,10907648,N/A,2025-07-14 12:06:09
2663,4.310474,4.814906,185.335434,5.00e-05,27911.26,10911744,N/A,2025-07-14 12:06:09
2664,4.996479,4.814906,185.335434,5.00e-05,27927.05,10915840,N/A,2025-07-14 12:06:09
2665,4.697333,4.814906,185.335434,5.00e-05,27885.78,10919936,N/A,2025-07-14 12:06:09
2666,5.020508,4.814906,185.335434,5.00e-05,27940.44,10924032,N/A,2025-07-14 12:06:10
2667,5.388898,4.814906,185.335434,5.00e-05,27936.00,10928128,N/A,2025-07-14 12:06:10
2668,3.479903,4.814906,185.335434,5.00e-05,27977.64,10932224,N/A,2025-07-14 12:06:10
2669,4.794758,4.814906,185.335434,5.00e-05,28455.30,10936320,N/A,2025-07-14 12:06:10
2670,5.386410,4.814906,185.335434,5.00e-05,27752.88,10940416,1.0000,2025-07-14 12:06:10
2671,2.231144,4.814906,185.335434,5.00e-05,27809.07,10944512,N/A,2025-07-14 12:06:10
2672,3.023600,4.814906,185.335434,5.00e-05,27868.64,10948608,N/A,2025-07-14 12:06:11
2673,2.221689,4.814906,185.335434,5.00e-05,27733.28,10952704,N/A,2025-07-14 12:06:11
2674,2.728847,4.814906,185.335434,5.00e-05,27775.37,10956800,N/A,2025-07-14 12:06:11
2675,5.593291,4.814906,185.335434,5.00e-05,27776.01,10960896,N/A,2025-07-14 12:06:11
2676,4.633696,4.814906,185.335434,5.00e-05,27815.38,10964992,N/A,2025-07-14 12:06:11
2677,2.635727,4.814906,185.335434,5.00e-05,27848.64,10969088,N/A,2025-07-14 12:06:11
2678,4.175051,4.814906,185.335434,5.00e-05,28006.74,10973184,N/A,2025-07-14 12:06:12
2679,3.186734,4.814906,185.335434,5.00e-05,28603.93,10977280,N/A,2025-07-14 12:06:12
2680,4.084376,4.814906,185.335434,5.00e-05,27966.80,10981376,1.0000,2025-07-14 12:06:12
2681,3.246821,4.814906,185.335434,5.00e-05,27883.48,10985472,N/A,2025-07-14 12:06:12
2682,4.938873,4.814906,185.335434,5.00e-05,27512.33,10989568,N/A,2025-07-14 12:06:12
2683,2.719674,4.814906,185.335434,5.00e-05,27525.78,10993664,N/A,2025-07-14 12:06:12
2684,3.838348,4.814906,185.335434,5.00e-05,27454.74,10997760,N/A,2025-07-14 12:06:13
2685,6.278173,4.814906,185.335434,5.00e-05,26950.88,11001856,N/A,2025-07-14 12:06:13
2686,5.874975,4.814906,185.335434,5.00e-05,26940.97,11005952,N/A,2025-07-14 12:06:13
2687,4.517978,4.814906,185.335434,5.00e-05,26865.38,11010048,N/A,2025-07-14 12:06:13
2688,4.362710,4.814906,185.335434,5.00e-05,26850.07,11014144,N/A,2025-07-14 12:06:13
2689,5.678029,4.814906,185.335434,5.00e-05,27440.83,11018240,N/A,2025-07-14 12:06:13
2690,4.359314,4.814906,185.335434,5.00e-05,26895.41,11022336,1.0000,2025-07-14 12:06:14
2691,3.391658,4.814906,185.335434,5.00e-05,27261.71,11026432,N/A,2025-07-14 12:06:14
2692,5.382657,4.814906,185.335434,5.00e-05,27249.59,11030528,N/A,2025-07-14 12:06:14
2693,4.438199,4.814906,185.335434,5.00e-05,27264.73,11034624,N/A,2025-07-14 12:06:14
2694,3.372237,4.814906,185.335434,5.00e-05,27713.13,11038720,N/A,2025-07-14 12:06:14
2695,5.049914,4.814906,185.335434,5.00e-05,27669.00,11042816,N/A,2025-07-14 12:06:14
2696,5.528442,4.814906,185.335434,5.00e-05,27660.12,11046912,N/A,2025-07-14 12:06:15
2697,4.443575,4.814906,185.335434,5.00e-05,27693.05,11051008,N/A,2025-07-14 12:06:15
2698,3.816142,4.814906,185.335434,5.00e-05,27702.29,11055104,N/A,2025-07-14 12:06:15
2699,2.688894,4.814906,185.335434,5.00e-05,28292.92,11059200,N/A,2025-07-14 12:06:15
2700,5.163071,4.814906,185.335434,5.00e-05,27558.05,11063296,1.0000,2025-07-14 12:06:15
2701,2.972796,4.814906,185.335434,5.00e-05,21912.09,11067392,N/A,2025-07-14 12:06:16
2702,3.215429,4.814906,185.335434,5.00e-05,21811.76,11071488,N/A,2025-07-14 12:06:16
2703,5.159580,4.814906,185.335434,5.00e-05,21834.85,11075584,N/A,2025-07-14 12:06:16
2704,6.500240,4.814906,185.335434,5.00e-05,21791.84,11079680,N/A,2025-07-14 12:06:16
2705,3.369810,4.814906,185.335434,5.00e-05,21797.96,11083776,N/A,2025-07-14 12:06:16
2706,4.582479,4.814906,185.335434,5.00e-05,21836.64,11087872,N/A,2025-07-14 12:06:17
2707,4.782774,4.814906,185.335434,5.00e-05,21847.23,11091968,N/A,2025-07-14 12:06:17
2708,2.417740,4.814906,185.335434,5.00e-05,21809.03,11096064,N/A,2025-07-14 12:06:17
2709,5.187771,4.814906,185.335434,5.00e-05,22305.17,11100160,N/A,2025-07-14 12:06:17
2710,2.722324,4.814906,185.335434,5.00e-05,26922.88,11104256,1.0000,2025-07-14 12:06:17
2711,4.572486,4.814906,185.335434,5.00e-05,27111.79,11108352,N/A,2025-07-14 12:06:17
2712,3.586779,4.814906,185.335434,5.00e-05,27032.15,11112448,N/A,2025-07-14 12:06:18
2713,2.675477,4.814906,185.335434,5.00e-05,27121.86,11116544,N/A,2025-07-14 12:06:18
2714,5.987545,4.814906,185.335434,5.00e-05,27148.61,11120640,N/A,2025-07-14 12:06:18
2715,4.623706,4.814906,185.335434,5.00e-05,26620.99,11124736,N/A,2025-07-14 12:06:18
2716,4.473755,4.814906,185.335434,5.00e-05,26556.75,11128832,N/A,2025-07-14 12:06:18
2717,3.601481,4.814906,185.335434,5.00e-05,26597.52,11132928,N/A,2025-07-14 12:06:18
2718,4.324383,4.814906,185.335434,5.00e-05,26582.08,11137024,N/A,2025-07-14 12:06:19
2719,3.663376,4.814906,185.335434,5.00e-05,27721.37,11141120,N/A,2025-07-14 12:06:19
2720,5.682554,4.814906,185.335434,5.00e-05,27055.44,11145216,1.0000,2025-07-14 12:06:19
2721,2.900454,4.814906,185.335434,5.00e-05,27054.90,11149312,N/A,2025-07-14 12:06:19
2722,6.223350,4.814906,185.335434,5.00e-05,27009.32,11153408,N/A,2025-07-14 12:06:19
2723,5.080810,4.814906,185.335434,5.00e-05,19559.05,11157504,N/A,2025-07-14 12:06:20
2724,3.505930,4.814906,185.335434,5.00e-05,19788.87,11161600,N/A,2025-07-14 12:06:20
2725,5.693369,4.814906,185.335434,5.00e-05,19771.27,11165696,N/A,2025-07-14 12:06:20
2726,3.089334,4.814906,185.335434,5.00e-05,19781.73,11169792,N/A,2025-07-14 12:06:21
2727,5.511190,4.814906,185.335434,5.00e-05,19815.88,11173888,N/A,2025-07-14 12:06:21
2728,4.721884,4.814906,185.335434,5.00e-05,19839.62,11177984,N/A,2025-07-14 12:06:21
2729,4.865230,4.814906,185.335434,5.00e-05,20175.89,11182080,N/A,2025-07-14 12:06:21
2730,4.417794,4.814906,185.335434,5.00e-05,19856.36,11186176,1.0000,2025-07-14 12:06:21
2731,5.689000,4.814906,185.335434,5.00e-05,19869.95,11190272,N/A,2025-07-14 12:06:21
2732,3.373767,4.814906,185.335434,5.00e-05,27615.95,11194368,N/A,2025-07-14 12:06:22
2733,2.743110,4.814906,185.335434,5.00e-05,27744.62,11198464,N/A,2025-07-14 12:06:22
2734,2.096571,4.814906,185.335434,5.00e-05,27803.10,11202560,N/A,2025-07-14 12:06:22
2735,4.101203,4.814906,185.335434,5.00e-05,27855.68,11206656,N/A,2025-07-14 12:06:22
2736,6.026937,4.814906,185.335434,5.00e-05,27851.78,11210752,N/A,2025-07-14 12:06:22
2737,3.083494,4.814906,185.335434,5.00e-05,27813.66,11214848,N/A,2025-07-14 12:06:22
2738,4.707939,4.814906,185.335434,5.00e-05,27742.39,11218944,N/A,2025-07-14 12:06:23
2739,4.572507,4.814906,185.335434,5.00e-05,28304.72,11223040,N/A,2025-07-14 12:06:23
2740,3.991861,4.814906,185.335434,5.00e-05,27616.29,11227136,1.0000,2025-07-14 12:06:23
2741,3.721615,4.814906,185.335434,5.00e-05,27337.77,11231232,N/A,2025-07-14 12:06:23
2742,5.510942,4.814906,185.335434,5.00e-05,27305.30,11235328,N/A,2025-07-14 12:06:23
2743,5.831339,4.814906,185.335434,5.00e-05,27278.85,11239424,N/A,2025-07-14 12:06:23
2744,3.677370,4.814906,185.335434,5.00e-05,27128.43,11243520,N/A,2025-07-14 12:06:24
2745,3.573751,4.814906,185.335434,5.00e-05,27077.98,11247616,N/A,2025-07-14 12:06:24
2746,4.714583,4.814906,185.335434,5.00e-05,27049.36,11251712,N/A,2025-07-14 12:06:24
2747,6.211290,4.814906,185.335434,5.00e-05,27140.00,11255808,N/A,2025-07-14 12:06:24
2748,6.101801,4.814906,185.335434,5.00e-05,26772.06,11259904,N/A,2025-07-14 12:06:24
2749,5.607997,4.814906,185.335434,5.00e-05,27389.78,11264000,N/A,2025-07-14 12:06:24
2750,2.984533,4.814906,185.335434,5.00e-05,26801.05,11268096,1.0000,2025-07-14 12:06:25
2751,3.742340,4.814906,185.335434,5.00e-05,26767.87,11272192,N/A,2025-07-14 12:06:25
2752,4.760424,4.814906,185.335434,5.00e-05,26790.98,11276288,N/A,2025-07-14 12:06:25
2753,3.365821,4.814906,185.335434,5.00e-05,26456.89,11280384,N/A,2025-07-14 12:06:25
2754,3.749540,4.814906,185.335434,5.00e-05,26452.21,11284480,N/A,2025-07-14 12:06:25
2755,5.107158,4.814906,185.335434,5.00e-05,26176.60,11288576,N/A,2025-07-14 12:06:25
2756,3.236250,4.814906,185.335434,5.00e-05,26136.44,11292672,N/A,2025-07-14 12:06:26
2757,3.816321,4.814906,185.335434,5.00e-05,26484.15,11296768,N/A,2025-07-14 12:06:26
2758,6.508377,4.814906,185.335434,5.00e-05,26504.01,11300864,N/A,2025-07-14 12:06:26
2759,3.200873,4.814906,185.335434,5.00e-05,27370.54,11304960,N/A,2025-07-14 12:06:26
2760,5.449096,4.814906,185.335434,5.00e-05,26825.33,11309056,1.0000,2025-07-14 12:06:26
2761,5.209266,4.814906,185.335434,5.00e-05,26826.94,11313152,N/A,2025-07-14 12:06:26
2762,2.922287,4.814906,185.335434,5.00e-05,27337.81,11317248,N/A,2025-07-14 12:06:27
2763,5.833364,4.814906,185.335434,5.00e-05,27154.69,11321344,N/A,2025-07-14 12:06:27
2764,5.507768,4.814906,185.335434,5.00e-05,27392.17,11325440,N/A,2025-07-14 12:06:27
2765,3.914937,4.814906,185.335434,5.00e-05,27359.76,11329536,N/A,2025-07-14 12:06:27
2766,5.694915,4.814906,185.335434,5.00e-05,27408.50,11333632,N/A,2025-07-14 12:06:27
2767,3.456688,4.814906,185.335434,5.00e-05,27346.61,11337728,N/A,2025-07-14 12:06:27
2768,3.253326,4.814906,185.335434,5.00e-05,27278.94,11341824,N/A,2025-07-14 12:06:28
2769,3.278008,4.814906,185.335434,5.00e-05,27848.45,11345920,N/A,2025-07-14 12:06:28
2770,3.667306,4.814906,185.335434,5.00e-05,27261.33,11350016,1.0000,2025-07-14 12:06:28
2771,4.202902,4.814906,185.335434,5.00e-05,26996.74,11354112,N/A,2025-07-14 12:06:28
2772,2.646257,4.814906,185.335434,5.00e-05,27170.15,11358208,N/A,2025-07-14 12:06:28
2773,3.398501,4.814906,185.335434,5.00e-05,27282.47,11362304,N/A,2025-07-14 12:06:28
2774,4.624479,4.814906,185.335434,5.00e-05,27349.86,11366400,N/A,2025-07-14 12:06:29
2775,4.176740,4.814906,185.335434,5.00e-05,27412.23,11370496,N/A,2025-07-14 12:06:29
2776,3.884437,4.814906,185.335434,5.00e-05,27458.42,11374592,N/A,2025-07-14 12:06:29
2777,4.989246,4.814906,185.335434,5.00e-05,27538.30,11378688,N/A,2025-07-14 12:06:29
2778,4.136536,4.814906,185.335434,5.00e-05,27558.34,11382784,N/A,2025-07-14 12:06:29
2779,5.439183,4.814906,185.335434,5.00e-05,28101.67,11386880,N/A,2025-07-14 12:06:29
2780,4.927009,4.814906,185.335434,5.00e-05,27701.34,11390976,1.0000,2025-07-14 12:06:30
2781,5.074066,4.814906,185.335434,5.00e-05,27744.88,11395072,N/A,2025-07-14 12:06:30
2782,2.908567,4.814906,185.335434,5.00e-05,27777.97,11399168,N/A,2025-07-14 12:06:30
2783,5.646111,4.814906,185.335434,5.00e-05,27655.82,11403264,N/A,2025-07-14 12:06:30
2784,4.861355,4.814906,185.335434,5.00e-05,27672.80,11407360,N/A,2025-07-14 12:06:30
2785,5.120697,4.814906,185.335434,5.00e-05,27676.61,11411456,N/A,2025-07-14 12:06:30
2786,4.287507,4.814906,185.335434,5.00e-05,27651.68,11415552,N/A,2025-07-14 12:06:31
2787,3.457495,4.814906,185.335434,5.00e-05,27615.66,11419648,N/A,2025-07-14 12:06:31
2788,6.094867,4.814906,185.335434,5.00e-05,27649.29,11423744,N/A,2025-07-14 12:06:31
2789,4.973698,4.814906,185.335434,5.00e-05,28184.65,11427840,N/A,2025-07-14 12:06:31
2790,4.749334,4.814906,185.335434,5.00e-05,27535.67,11431936,1.0000,2025-07-14 12:06:31
2791,4.759351,4.814906,185.335434,5.00e-05,27517.89,11436032,N/A,2025-07-14 12:06:31
2792,3.957808,4.814906,185.335434,5.00e-05,27613.18,11440128,N/A,2025-07-14 12:06:32
2793,3.229881,4.814906,185.335434,5.00e-05,27569.41,11444224,N/A,2025-07-14 12:06:32
2794,2.859832,4.814906,185.335434,5.00e-05,27056.03,11448320,N/A,2025-07-14 12:06:32
2795,5.269743,4.814906,185.335434,5.00e-05,27014.48,11452416,N/A,2025-07-14 12:06:32
2796,3.668425,4.814906,185.335434,5.00e-05,27024.25,11456512,N/A,2025-07-14 12:06:32
2797,4.482812,4.814906,185.335434,5.00e-05,27064.08,11460608,N/A,2025-07-14 12:06:32
2798,1.556267,4.814906,185.335434,5.00e-05,27200.64,11464704,N/A,2025-07-14 12:06:33
2799,4.768927,4.814906,185.335434,5.00e-05,27764.70,11468800,N/A,2025-07-14 12:06:33
2800,4.456438,4.814906,185.335434,5.00e-05,26526.78,11472896,1.0000,2025-07-14 12:06:33
2801,4.180256,4.814906,185.335434,5.00e-05,21423.04,11476992,N/A,2025-07-14 12:06:33
2802,1.506544,4.814906,185.335434,5.00e-05,21292.00,11481088,N/A,2025-07-14 12:06:34
2803,4.858973,4.814906,185.335434,5.00e-05,21580.58,11485184,N/A,2025-07-14 12:06:34
2804,3.456805,4.814906,185.335434,5.00e-05,21579.56,11489280,N/A,2025-07-14 12:06:34
2805,4.724724,4.814906,185.335434,5.00e-05,21604.94,11493376,N/A,2025-07-14 12:06:34
2806,4.046576,4.814906,185.335434,5.00e-05,21609.27,11497472,N/A,2025-07-14 12:06:34
2807,2.428971,4.814906,185.335434,5.00e-05,21578.42,11501568,N/A,2025-07-14 12:06:34
2808,6.678590,4.814906,185.335434,5.00e-05,21650.00,11505664,N/A,2025-07-14 12:06:35
2809,5.766549,4.814906,185.335434,5.00e-05,22463.34,11509760,N/A,2025-07-14 12:06:35
2810,2.350796,4.814906,185.335434,5.00e-05,26877.92,11513856,1.0000,2025-07-14 12:06:35
2811,5.407301,4.814906,185.335434,5.00e-05,26953.62,11517952,N/A,2025-07-14 12:06:35
2812,5.899992,4.814906,185.335434,5.00e-05,26965.12,11522048,N/A,2025-07-14 12:06:35
2813,3.161514,4.814906,185.335434,5.00e-05,27023.06,11526144,N/A,2025-07-14 12:06:35
2814,4.917830,4.814906,185.335434,5.00e-05,27019.10,11530240,N/A,2025-07-14 12:06:36
2815,3.443790,4.814906,185.335434,5.00e-05,26792.66,11534336,N/A,2025-07-14 12:06:36
2816,4.172659,4.814906,185.335434,5.00e-05,26847.01,11538432,N/A,2025-07-14 12:06:36
2817,3.713976,4.814906,185.335434,5.00e-05,26849.49,11542528,N/A,2025-07-14 12:06:36
2818,4.059227,4.814906,185.335434,5.00e-05,26879.27,11546624,N/A,2025-07-14 12:06:36
2819,3.070496,4.814906,185.335434,5.00e-05,27890.71,11550720,N/A,2025-07-14 12:06:36
2820,4.397170,4.814906,185.335434,5.00e-05,27418.97,11554816,1.0000,2025-07-14 12:06:37
2821,4.196198,4.814906,185.335434,5.00e-05,27447.19,11558912,N/A,2025-07-14 12:06:37
2822,2.901953,4.814906,185.335434,5.00e-05,27426.72,11563008,N/A,2025-07-14 12:06:37
2823,6.073097,4.814906,185.335434,5.00e-05,27047.95,11567104,N/A,2025-07-14 12:06:37
2824,3.806591,4.814906,185.335434,5.00e-05,27255.41,11571200,N/A,2025-07-14 12:06:37
2825,5.179883,4.814906,185.335434,5.00e-05,27227.38,11575296,N/A,2025-07-14 12:06:37
2826,5.593064,4.814906,185.335434,5.00e-05,27214.97,11579392,N/A,2025-07-14 12:06:38
2827,5.267076,4.814906,185.335434,5.00e-05,27207.48,11583488,N/A,2025-07-14 12:06:38
2828,5.167300,4.814906,185.335434,5.00e-05,27471.49,11587584,N/A,2025-07-14 12:06:38
2829,5.456586,4.814906,185.335434,5.00e-05,28108.24,11591680,N/A,2025-07-14 12:06:38
2830,3.469927,4.814906,185.335434,5.00e-05,27382.01,11595776,1.0000,2025-07-14 12:06:38
2831,4.737834,4.814906,185.335434,5.00e-05,27347.71,11599872,N/A,2025-07-14 12:06:38
2832,4.478157,4.814906,185.335434,5.00e-05,27632.04,11603968,N/A,2025-07-14 12:06:39
2833,5.355251,4.814906,185.335434,5.00e-05,27420.19,11608064,N/A,2025-07-14 12:06:39
2834,5.173007,4.814906,185.335434,5.00e-05,27445.81,11612160,N/A,2025-07-14 12:06:39
2835,4.934178,4.814906,185.335434,5.00e-05,27369.33,11616256,N/A,2025-07-14 12:06:39
2836,3.990173,4.814906,185.335434,5.00e-05,27257.74,11620352,N/A,2025-07-14 12:06:39
2837,4.240613,4.814906,185.335434,5.00e-05,27216.98,11624448,N/A,2025-07-14 12:06:39
2838,2.859038,4.814906,185.335434,5.00e-05,27182.34,11628544,N/A,2025-07-14 12:06:40
2839,4.703733,4.814906,185.335434,5.00e-05,27843.70,11632640,N/A,2025-07-14 12:06:40
2840,4.849589,4.814906,185.335434,5.00e-05,27085.12,11636736,1.0000,2025-07-14 12:06:40
2841,4.951446,4.814906,185.335434,5.00e-05,27183.30,11640832,N/A,2025-07-14 12:06:40
2842,5.163435,4.814906,185.335434,5.00e-05,27209.88,11644928,N/A,2025-07-14 12:06:40
2843,2.459384,4.814906,185.335434,5.00e-05,27118.87,11649024,N/A,2025-07-14 12:06:40
2844,4.675519,4.814906,185.335434,5.00e-05,27023.01,11653120,N/A,2025-07-14 12:06:41
2845,5.450132,4.814906,185.335434,5.00e-05,26799.49,11657216,N/A,2025-07-14 12:06:41
2846,2.684338,4.814906,185.335434,5.00e-05,26817.59,11661312,N/A,2025-07-14 12:06:41
2847,5.912443,4.814906,185.335434,5.00e-05,26746.34,11665408,N/A,2025-07-14 12:06:41
2848,4.128336,4.814906,185.335434,5.00e-05,26827.82,11669504,N/A,2025-07-14 12:06:41
2849,3.270995,4.814906,185.335434,5.00e-05,27488.11,11673600,N/A,2025-07-14 12:06:41
2850,6.362927,4.814906,185.335434,5.00e-05,26789.03,11677696,1.0000,2025-07-14 12:06:42
2851,5.492306,4.814906,185.335434,5.00e-05,26426.62,11681792,N/A,2025-07-14 12:06:42
2852,4.302227,4.814906,185.335434,5.00e-05,25995.50,11685888,N/A,2025-07-14 12:06:42
2853,5.738008,4.814906,185.335434,5.00e-05,25887.27,11689984,N/A,2025-07-14 12:06:42
2854,2.592120,4.814906,185.335434,5.00e-05,26155.44,11694080,N/A,2025-07-14 12:06:42
2855,5.813941,4.814906,185.335434,5.00e-05,26105.46,11698176,N/A,2025-07-14 12:06:43
2856,4.147828,4.814906,185.335434,5.00e-05,26142.54,11702272,N/A,2025-07-14 12:06:43
2857,4.050457,4.814906,185.335434,5.00e-05,26116.03,11706368,N/A,2025-07-14 12:06:43
2858,4.127256,4.814906,185.335434,5.00e-05,26244.69,11710464,N/A,2025-07-14 12:06:43
2859,5.331542,4.814906,185.335434,5.00e-05,26893.90,11714560,N/A,2025-07-14 12:06:43
2860,2.993037,4.814906,185.335434,5.00e-05,26831.31,11718656,1.0000,2025-07-14 12:06:43
2861,4.616082,4.814906,185.335434,5.00e-05,27334.20,11722752,N/A,2025-07-14 12:06:44
2862,5.055845,4.814906,185.335434,5.00e-05,27610.05,11726848,N/A,2025-07-14 12:06:44
2863,5.815933,4.814906,185.335434,5.00e-05,27603.20,11730944,N/A,2025-07-14 12:06:44
2864,4.722816,4.814906,185.335434,5.00e-05,27657.21,11735040,N/A,2025-07-14 12:06:44
2865,3.068211,4.814906,185.335434,5.00e-05,27761.17,11739136,N/A,2025-07-14 12:06:44
2866,3.550039,4.814906,185.335434,5.00e-05,27783.95,11743232,N/A,2025-07-14 12:06:44
2867,4.352455,4.814906,185.335434,5.00e-05,27745.47,11747328,N/A,2025-07-14 12:06:44
2868,3.743355,4.814906,185.335434,5.00e-05,27728.39,11751424,N/A,2025-07-14 12:06:45
2869,3.265078,4.814906,185.335434,5.00e-05,28379.06,11755520,N/A,2025-07-14 12:06:45
2870,5.608179,4.814906,185.335434,5.00e-05,27632.72,11759616,1.0000,2025-07-14 12:06:45
2871,3.973614,4.814906,185.335434,5.00e-05,27667.80,11763712,N/A,2025-07-14 12:06:45
2872,2.906921,4.814906,185.335434,5.00e-05,27483.77,11767808,N/A,2025-07-14 12:06:45
2873,5.356541,4.814906,185.335434,5.00e-05,27139.91,11771904,N/A,2025-07-14 12:06:46
2874,3.245855,4.814906,185.335434,5.00e-05,27166.16,11776000,N/A,2025-07-14 12:06:46
2875,3.909954,4.814906,185.335434,5.00e-05,27171.71,11780096,N/A,2025-07-14 12:06:46
2876,4.427485,4.814906,185.335434,5.00e-05,27208.29,11784192,N/A,2025-07-14 12:06:46
2877,4.385678,4.814906,185.335434,5.00e-05,27187.66,11788288,N/A,2025-07-14 12:06:46
2878,3.605324,4.814906,185.335434,5.00e-05,27237.24,11792384,N/A,2025-07-14 12:06:46
2879,5.178943,4.814906,185.335434,5.00e-05,27950.76,11796480,N/A,2025-07-14 12:06:46
2880,4.959788,4.814906,185.335434,5.00e-05,27282.91,11800576,1.0000,2025-07-14 12:06:47
2881,4.641751,4.814906,185.335434,5.00e-05,27533.32,11804672,N/A,2025-07-14 12:06:47
2882,4.614309,4.814906,185.335434,5.00e-05,27926.36,11808768,N/A,2025-07-14 12:06:47
2883,4.601963,4.814906,185.335434,5.00e-05,27884.20,11812864,N/A,2025-07-14 12:06:47
2884,4.538555,4.814906,185.335434,5.00e-05,27885.44,11816960,N/A,2025-07-14 12:06:47
2885,2.414932,4.814906,185.335434,5.00e-05,27490.35,11821056,N/A,2025-07-14 12:06:47
2886,3.484162,4.814906,185.335434,5.00e-05,27492.41,11825152,N/A,2025-07-14 12:06:48
2887,1.915892,4.814906,185.335434,5.00e-05,27245.80,11829248,N/A,2025-07-14 12:06:48
2888,5.094157,4.814906,185.335434,5.00e-05,27144.02,11833344,N/A,2025-07-14 12:06:48
2889,2.705167,4.814906,185.335434,5.00e-05,27651.90,11837440,N/A,2025-07-14 12:06:48
2890,3.767622,4.814906,185.335434,5.00e-05,26863.87,11841536,1.0000,2025-07-14 12:06:48
2891,4.399525,4.814906,185.335434,5.00e-05,26772.65,11845632,N/A,2025-07-14 12:06:49
2892,3.696476,4.814906,185.335434,5.00e-05,26739.14,11849728,N/A,2025-07-14 12:06:49
2893,3.769058,4.814906,185.335434,5.00e-05,26737.04,11853824,N/A,2025-07-14 12:06:49
2894,2.011859,4.814906,185.335434,5.00e-05,27103.10,11857920,N/A,2025-07-14 12:06:49
2895,5.005386,4.814906,185.335434,5.00e-05,27165.55,11862016,N/A,2025-07-14 12:06:49
2896,5.998466,4.814906,185.335434,5.00e-05,27370.25,11866112,N/A,2025-07-14 12:06:49
2897,3.966573,4.814906,185.335434,5.00e-05,27382.57,11870208,N/A,2025-07-14 12:06:49
2898,3.849660,4.814906,185.335434,5.00e-05,27501.51,11874304,N/A,2025-07-14 12:06:50
2899,4.022465,4.814906,185.335434,5.00e-05,27937.55,11878400,N/A,2025-07-14 12:06:50
2900,4.263693,4.814906,185.335434,5.00e-05,27011.26,11882496,1.0000,2025-07-14 12:06:50
2901,5.295710,4.814906,185.335434,5.00e-05,21225.62,11886592,N/A,2025-07-14 12:06:51
2902,4.810740,4.814906,185.335434,5.00e-05,21013.10,11890688,N/A,2025-07-14 12:06:51
2903,5.756359,4.814906,185.335434,5.00e-05,20755.26,11894784,N/A,2025-07-14 12:06:51
2904,5.844530,4.814906,185.335434,5.00e-05,20398.33,11898880,N/A,2025-07-14 12:06:51
2905,5.774751,4.814906,185.335434,5.00e-05,20226.97,11902976,N/A,2025-07-14 12:06:51
2906,3.056800,4.814906,185.335434,5.00e-05,20155.75,11907072,N/A,2025-07-14 12:06:52
2907,3.295561,4.814906,185.335434,5.00e-05,20021.94,11911168,N/A,2025-07-14 12:06:52
2908,2.725725,4.814906,185.335434,5.00e-05,20099.46,11915264,N/A,2025-07-14 12:06:52
2909,5.115859,4.814906,185.335434,5.00e-05,20606.58,11919360,N/A,2025-07-14 12:06:52
2910,4.608206,4.814906,185.335434,5.00e-05,25234.90,11923456,1.0000,2025-07-14 12:06:52
2911,5.021538,4.814906,185.335434,5.00e-05,25106.34,11927552,N/A,2025-07-14 12:06:52
2912,4.033462,4.814906,185.335434,5.00e-05,25345.00,11931648,N/A,2025-07-14 12:06:53
2913,2.868212,4.814906,185.335434,5.00e-05,25871.35,11935744,N/A,2025-07-14 12:06:53
2914,4.162195,4.814906,185.335434,5.00e-05,25984.48,11939840,N/A,2025-07-14 12:06:53
2915,2.999394,4.814906,185.335434,5.00e-05,26041.26,11943936,N/A,2025-07-14 12:06:53
2916,3.284753,4.814906,185.335434,5.00e-05,26245.65,11948032,N/A,2025-07-14 12:06:53
2917,2.751979,4.814906,185.335434,5.00e-05,26438.24,11952128,N/A,2025-07-14 12:06:53
2918,3.438972,4.814906,185.335434,5.00e-05,26503.32,11956224,N/A,2025-07-14 12:06:54
2919,4.438415,4.814906,185.335434,5.00e-05,26862.21,11960320,N/A,2025-07-14 12:06:54
2920,5.922782,4.814906,185.335434,5.00e-05,26537.42,11964416,1.0000,2025-07-14 12:06:54
2921,2.433080,4.814906,185.335434,5.00e-05,26522.85,11968512,N/A,2025-07-14 12:06:54
2922,3.358797,4.814906,185.335434,5.00e-05,26500.11,11972608,N/A,2025-07-14 12:06:54
2923,4.130819,4.814906,185.335434,5.00e-05,26692.09,11976704,N/A,2025-07-14 12:06:54
2924,2.875873,4.814906,185.335434,5.00e-05,26474.02,11980800,N/A,2025-07-14 12:06:55
2925,4.038365,4.814906,185.335434,5.00e-05,26477.74,11984896,N/A,2025-07-14 12:06:55
2926,4.205245,4.814906,185.335434,5.00e-05,26436.48,11988992,N/A,2025-07-14 12:06:55
2927,5.121384,4.814906,185.335434,5.00e-05,26429.40,11993088,N/A,2025-07-14 12:06:55
2928,3.911276,4.814906,185.335434,5.00e-05,26922.13,11997184,N/A,2025-07-14 12:06:55
2929,5.843979,4.814906,185.335434,5.00e-05,27681.43,12001280,N/A,2025-07-14 12:06:55
2930,3.927301,4.814906,185.335434,5.00e-05,27252.50,12005376,1.0000,2025-07-14 12:06:56
2931,2.699218,4.814906,185.335434,5.00e-05,27220.91,12009472,N/A,2025-07-14 12:06:56
2932,3.898644,4.814906,185.335434,5.00e-05,27192.40,12013568,N/A,2025-07-14 12:06:56
2933,5.965381,4.814906,185.335434,5.00e-05,27675.78,12017664,N/A,2025-07-14 12:06:56
2934,3.372829,4.814906,185.335434,5.00e-05,27104.42,12021760,N/A,2025-07-14 12:06:56
2935,4.859787,4.814906,185.335434,5.00e-05,27120.04,12025856,N/A,2025-07-14 12:06:56
2936,2.384719,4.814906,185.335434,5.00e-05,27081.48,12029952,N/A,2025-07-14 12:06:57
2937,3.815446,4.814906,185.335434,5.00e-05,27137.69,12034048,N/A,2025-07-14 12:06:57
2938,3.529022,4.814906,185.335434,5.00e-05,27204.36,12038144,N/A,2025-07-14 12:06:57
2939,3.364933,4.814906,185.335434,5.00e-05,27720.60,12042240,N/A,2025-07-14 12:06:57
2940,2.763578,4.814906,185.335434,5.00e-05,27199.31,12046336,1.0000,2025-07-14 12:06:57
2941,1.812866,4.814906,185.335434,5.00e-05,27247.06,12050432,N/A,2025-07-14 12:06:57
2942,3.847978,4.814906,185.335434,5.00e-05,27138.47,12054528,N/A,2025-07-14 12:06:58
2943,3.563416,4.814906,185.335434,5.00e-05,27679.69,12058624,N/A,2025-07-14 12:06:58
2944,3.354576,4.814906,185.335434,5.00e-05,27548.90,12062720,N/A,2025-07-14 12:06:58
2945,2.984147,4.814906,185.335434,5.00e-05,27529.98,12066816,N/A,2025-07-14 12:06:58
2946,4.116800,4.814906,185.335434,5.00e-05,27403.88,12070912,N/A,2025-07-14 12:06:58
2947,2.055697,4.814906,185.335434,5.00e-05,27366.87,12075008,N/A,2025-07-14 12:06:58
2948,4.555764,4.814906,185.335434,5.00e-05,27429.78,12079104,N/A,2025-07-14 12:06:59
2949,1.868321,4.814906,185.335434,5.00e-05,27980.91,12083200,N/A,2025-07-14 12:06:59
2950,4.542389,4.814906,185.335434,5.00e-05,27327.00,12087296,1.0000,2025-07-14 12:06:59
2951,5.540864,4.814906,185.335434,5.00e-05,27359.42,12091392,N/A,2025-07-14 12:06:59
2952,3.898503,4.814906,185.335434,5.00e-05,27372.62,12095488,N/A,2025-07-14 12:06:59
2953,4.153523,4.814906,185.335434,5.00e-05,27533.36,12099584,N/A,2025-07-14 12:06:59
2954,4.651379,4.814906,185.335434,5.00e-05,27632.64,12103680,N/A,2025-07-14 12:07:00
2955,4.647666,4.814906,185.335434,5.00e-05,27758.46,12107776,N/A,2025-07-14 12:07:00
2956,1.900932,4.814906,185.335434,5.00e-05,27801.18,12111872,N/A,2025-07-14 12:07:00
2957,3.278946,4.814906,185.335434,5.00e-05,27836.66,12115968,N/A,2025-07-14 12:07:00
2958,3.305852,4.814906,185.335434,5.00e-05,27873.37,12120064,N/A,2025-07-14 12:07:00
2959,3.963082,4.814906,185.335434,5.00e-05,28464.81,12124160,N/A,2025-07-14 12:07:00
2960,4.897265,4.814906,185.335434,5.00e-05,27783.89,12128256,1.0000,2025-07-14 12:07:01
2961,2.762098,4.814906,185.335434,5.00e-05,27377.03,12132352,N/A,2025-07-14 12:07:01
2962,5.209356,4.814906,185.335434,5.00e-05,27418.28,12136448,N/A,2025-07-14 12:07:01
2963,4.092112,4.814906,185.335434,5.00e-05,27193.63,12140544,N/A,2025-07-14 12:07:01
2964,3.448908,4.814906,185.335434,5.00e-05,27137.00,12144640,N/A,2025-07-14 12:07:01
2965,4.945231,4.814906,185.335434,5.00e-05,27132.48,12148736,N/A,2025-07-14 12:07:01
2966,4.256696,4.814906,185.335434,5.00e-05,27082.19,12152832,N/A,2025-07-14 12:07:02
2967,5.254344,4.814906,185.335434,5.00e-05,27125.58,12156928,N/A,2025-07-14 12:07:02
2968,4.826101,4.814906,185.335434,5.00e-05,27240.70,12161024,N/A,2025-07-14 12:07:02
2969,4.705986,4.814906,185.335434,5.00e-05,27852.42,12165120,N/A,2025-07-14 12:07:02
2970,6.204537,4.814906,185.335434,5.00e-05,26962.14,12169216,1.0000,2025-07-14 12:07:02
2971,5.328446,4.814906,185.335434,5.00e-05,26916.26,12173312,N/A,2025-07-14 12:07:02
2972,5.229232,4.814906,185.335434,5.00e-05,27153.50,12177408,N/A,2025-07-14 12:07:03
2973,5.173755,4.814906,185.335434,5.00e-05,27125.56,12181504,N/A,2025-07-14 12:07:03
2974,3.864900,4.814906,185.335434,5.00e-05,27103.17,12185600,N/A,2025-07-14 12:07:03
2975,2.175822,4.814906,185.335434,5.00e-05,27170.56,12189696,N/A,2025-07-14 12:07:03
2976,3.751244,4.814906,185.335434,5.00e-05,27163.63,12193792,N/A,2025-07-14 12:07:03
2977,4.663614,4.814906,185.335434,5.00e-05,27133.24,12197888,N/A,2025-07-14 12:07:03
2978,2.988341,4.814906,185.335434,5.00e-05,26881.70,12201984,N/A,2025-07-14 12:07:04
2979,5.102616,4.814906,185.335434,5.00e-05,28096.93,12206080,N/A,2025-07-14 12:07:04
2980,3.397364,4.814906,185.335434,5.00e-05,26866.12,12210176,1.0000,2025-07-14 12:07:04
2981,6.333818,4.814906,185.335434,5.00e-05,26807.05,12214272,N/A,2025-07-14 12:07:04
2982,5.597355,4.814906,185.335434,5.00e-05,26871.57,12218368,N/A,2025-07-14 12:07:04
2983,4.857247,4.814906,185.335434,5.00e-05,26878.79,12222464,N/A,2025-07-14 12:07:04
2984,5.107201,4.814906,185.335434,5.00e-05,26887.52,12226560,N/A,2025-07-14 12:07:05
2985,5.702846,4.814906,185.335434,5.00e-05,26895.45,12230656,N/A,2025-07-14 12:07:05
2986,5.954069,4.814906,185.335434,5.00e-05,26878.55,12234752,N/A,2025-07-14 12:07:05
2987,4.573233,4.814906,185.335434,5.00e-05,27203.12,12238848,N/A,2025-07-14 12:07:05
2988,2.654054,4.814906,185.335434,5.00e-05,27347.07,12242944,N/A,2025-07-14 12:07:05
2989,2.962241,4.814906,185.335434,5.00e-05,28603.79,12247040,N/A,2025-07-14 12:07:05
2990,5.919354,4.814906,185.335434,5.00e-05,27970.29,12251136,1.0000,2025-07-14 12:07:06
2991,4.522328,4.814906,185.335434,5.00e-05,27825.08,12255232,N/A,2025-07-14 12:07:06
2992,3.416425,4.814906,185.335434,5.00e-05,27862.99,12259328,N/A,2025-07-14 12:07:06
2993,4.151128,4.814906,185.335434,5.00e-05,27587.60,12263424,N/A,2025-07-14 12:07:06
2994,3.117156,4.814906,185.335434,5.00e-05,27555.46,12267520,N/A,2025-07-14 12:07:06
2995,3.579402,4.814906,185.335434,5.00e-05,27561.85,12271616,N/A,2025-07-14 12:07:06
2996,3.572475,4.814906,185.335434,5.00e-05,27560.99,12275712,N/A,2025-07-14 12:07:07
2997,5.201959,4.814906,185.335434,5.00e-05,27566.92,12279808,N/A,2025-07-14 12:07:07
2998,5.596929,4.814906,185.335434,5.00e-05,27611.89,12283904,N/A,2025-07-14 12:07:07
2999,2.678051,4.814906,185.335434,5.00e-05,28198.36,12288000,N/A,2025-07-14 12:07:07
3000,4.863880,3.925923,77.099380,5.00e-05,3710.52,12292096,N/A,2025-07-14 12:07:17
3001,6.422405,3.925923,77.099380,5.00e-05,3566.30,12296192,N/A,2025-07-14 12:07:17
3002,3.366549,3.925923,77.099380,5.00e-05,3564.99,12300288,N/A,2025-07-14 12:07:18
3003,5.038462,3.925923,77.099380,5.00e-05,3560.26,12304384,N/A,2025-07-14 12:07:18
3004,4.126961,3.925923,77.099380,5.00e-05,3555.11,12308480,N/A,2025-07-14 12:07:18
3005,4.740382,3.925923,77.099380,5.00e-05,3552.85,12312576,N/A,2025-07-14 12:07:18
3006,5.674988,3.925923,77.099380,5.00e-05,3546.69,12316672,N/A,2025-07-14 12:07:18
3007,3.484100,3.925923,77.099380,5.00e-05,3538.79,12320768,N/A,2025-07-14 12:07:18
3008,2.959287,3.925923,77.099380,5.00e-05,3535.97,12324864,N/A,2025-07-14 12:07:19
3009,3.873624,3.925923,77.099380,5.00e-05,20373.52,12328960,N/A,2025-07-14 12:07:19
3010,4.694209,3.925923,77.099380,5.00e-05,25261.89,12333056,1.0000,2025-07-14 12:07:19
3011,5.466455,3.925923,77.099380,5.00e-05,25456.27,12337152,N/A,2025-07-14 12:07:19
3012,4.083146,3.925923,77.099380,5.00e-05,25458.31,12341248,N/A,2025-07-14 12:07:19
3013,5.349371,3.925923,77.099380,5.00e-05,25240.65,12345344,N/A,2025-07-14 12:07:20
3014,5.658173,3.925923,77.099380,5.00e-05,25179.95,12349440,N/A,2025-07-14 12:07:20
3015,4.745358,3.925923,77.099380,5.00e-05,25200.38,12353536,N/A,2025-07-14 12:07:20
3016,4.941316,3.925923,77.099380,5.00e-05,25210.60,12357632,N/A,2025-07-14 12:07:20
3017,4.951935,3.925923,77.099380,5.00e-05,25310.92,12361728,N/A,2025-07-14 12:07:20
3018,2.603885,3.925923,77.099380,5.00e-05,25495.26,12365824,N/A,2025-07-14 12:07:20
3019,2.285443,3.925923,77.099380,5.00e-05,26109.97,12369920,N/A,2025-07-14 12:07:21
3020,3.199426,3.925923,77.099380,5.00e-05,25298.06,12374016,1.0000,2025-07-14 12:07:21
3021,4.489836,3.925923,77.099380,5.00e-05,25264.65,12378112,N/A,2025-07-14 12:07:21
3022,4.005710,3.925923,77.099380,5.00e-05,25443.11,12382208,N/A,2025-07-14 12:07:21
3023,3.691615,3.925923,77.099380,5.00e-05,25430.59,12386304,N/A,2025-07-14 12:07:21
3024,3.014678,3.925923,77.099380,5.00e-05,25634.47,12390400,N/A,2025-07-14 12:07:22
3025,4.566844,3.925923,77.099380,5.00e-05,25656.03,12394496,N/A,2025-07-14 12:07:22
3026,5.806752,3.925923,77.099380,5.00e-05,25577.37,12398592,N/A,2025-07-14 12:07:22
3027,4.422032,3.925923,77.099380,5.00e-05,25640.51,12402688,N/A,2025-07-14 12:07:22
3028,3.958189,3.925923,77.099380,5.00e-05,25900.66,12406784,N/A,2025-07-14 12:07:22
3029,4.021231,3.925923,77.099380,5.00e-05,26751.25,12410880,N/A,2025-07-14 12:07:22
3030,3.070680,3.925923,77.099380,5.00e-05,26072.24,12414976,1.0000,2025-07-14 12:07:23
3031,3.072746,3.925923,77.099380,5.00e-05,26285.37,12419072,N/A,2025-07-14 12:07:23
3032,4.624156,3.925923,77.099380,5.00e-05,26157.69,12423168,N/A,2025-07-14 12:07:23
3033,5.656247,3.925923,77.099380,5.00e-05,26066.46,12427264,N/A,2025-07-14 12:07:23
3034,2.979650,3.925923,77.099380,5.00e-05,26345.76,12431360,N/A,2025-07-14 12:07:23
3035,4.332932,3.925923,77.099380,5.00e-05,25771.74,12435456,N/A,2025-07-14 12:07:23
3036,4.028176,3.925923,77.099380,5.00e-05,25237.92,12439552,N/A,2025-07-14 12:07:24
3037,5.003637,3.925923,77.099380,5.00e-05,25226.94,12443648,N/A,2025-07-14 12:07:24
3038,4.632015,3.925923,77.099380,5.00e-05,25053.66,12447744,N/A,2025-07-14 12:07:24
3039,4.858898,3.925923,77.099380,5.00e-05,25723.77,12451840,N/A,2025-07-14 12:07:24
3040,4.043622,3.925923,77.099380,5.00e-05,24865.48,12455936,1.0000,2025-07-14 12:07:24
3041,3.797113,3.925923,77.099380,5.00e-05,25013.63,12460032,N/A,2025-07-14 12:07:25
3042,2.753240,3.925923,77.099380,5.00e-05,25039.64,12464128,N/A,2025-07-14 12:07:25
3043,3.333196,3.925923,77.099380,5.00e-05,24689.86,12468224,N/A,2025-07-14 12:07:25
3044,2.016619,3.925923,77.099380,5.00e-05,25145.94,12472320,N/A,2025-07-14 12:07:25
3045,4.072177,3.925923,77.099380,5.00e-05,25636.73,12476416,N/A,2025-07-14 12:07:25
3046,3.798004,3.925923,77.099380,5.00e-05,25400.51,12480512,N/A,2025-07-14 12:07:25
3047,4.327712,3.925923,77.099380,5.00e-05,25372.99,12484608,N/A,2025-07-14 12:07:26
3048,2.872360,3.925923,77.099380,5.00e-05,25455.51,12488704,N/A,2025-07-14 12:07:26
3049,5.173598,3.925923,77.099380,5.00e-05,26027.15,12492800,N/A,2025-07-14 12:07:26
3050,3.996805,3.925923,77.099380,5.00e-05,25040.83,12496896,1.0000,2025-07-14 12:07:26
3051,4.463940,3.925923,77.099380,5.00e-05,25124.78,12500992,N/A,2025-07-14 12:07:26
3052,4.298057,3.925923,77.099380,5.00e-05,25524.57,12505088,N/A,2025-07-14 12:07:27
3053,3.448821,3.925923,77.099380,5.00e-05,25350.43,12509184,N/A,2025-07-14 12:07:27
3054,4.909274,3.925923,77.099380,5.00e-05,25391.74,12513280,N/A,2025-07-14 12:07:27
3055,2.806612,3.925923,77.099380,5.00e-05,25638.92,12517376,N/A,2025-07-14 12:07:27
3056,3.433428,3.925923,77.099380,5.00e-05,25905.23,12521472,N/A,2025-07-14 12:07:27
3057,4.008295,3.925923,77.099380,5.00e-05,25996.51,12525568,N/A,2025-07-14 12:07:27
3058,3.659451,3.925923,77.099380,5.00e-05,26452.96,12529664,N/A,2025-07-14 12:07:28
3059,4.209527,3.925923,77.099380,5.00e-05,27703.87,12533760,N/A,2025-07-14 12:07:28
3060,2.151026,3.925923,77.099380,5.00e-05,26989.27,12537856,1.0000,2025-07-14 12:07:28
3061,3.726261,3.925923,77.099380,5.00e-05,26949.32,12541952,N/A,2025-07-14 12:07:28
3062,4.543063,3.925923,77.099380,5.00e-05,27436.57,12546048,N/A,2025-07-14 12:07:28
3063,2.095789,3.925923,77.099380,5.00e-05,27536.76,12550144,N/A,2025-07-14 12:07:28
3064,4.593168,3.925923,77.099380,5.00e-05,27630.90,12554240,N/A,2025-07-14 12:07:29
3065,5.494593,3.925923,77.099380,5.00e-05,27686.31,12558336,N/A,2025-07-14 12:07:29
3066,4.858228,3.925923,77.099380,5.00e-05,27814.51,12562432,N/A,2025-07-14 12:07:29
3067,4.326305,3.925923,77.099380,5.00e-05,27537.19,12566528,N/A,2025-07-14 12:07:29
3068,3.805682,3.925923,77.099380,5.00e-05,27496.91,12570624,N/A,2025-07-14 12:07:29
3069,3.489937,3.925923,77.099380,5.00e-05,28158.43,12574720,N/A,2025-07-14 12:07:29
3070,3.718618,3.925923,77.099380,5.00e-05,27053.33,12578816,1.0000,2025-07-14 12:07:30
3071,1.183477,3.925923,77.099380,5.00e-05,27011.92,12582912,N/A,2025-07-14 12:07:30
3072,4.430950,3.925923,77.099380,5.00e-05,26952.43,12587008,N/A,2025-07-14 12:07:30
3073,3.548815,3.925923,77.099380,5.00e-05,26829.32,12591104,N/A,2025-07-14 12:07:30
3074,2.845786,3.925923,77.099380,5.00e-05,26628.92,12595200,N/A,2025-07-14 12:07:30
3075,4.694574,3.925923,77.099380,5.00e-05,26523.08,12599296,N/A,2025-07-14 12:07:30
3076,5.065072,3.925923,77.099380,5.00e-05,26543.62,12603392,N/A,2025-07-14 12:07:31
3077,5.484798,3.925923,77.099380,5.00e-05,26321.75,12607488,N/A,2025-07-14 12:07:31
3078,5.221823,3.925923,77.099380,5.00e-05,26254.75,12611584,N/A,2025-07-14 12:07:31
3079,3.588469,3.925923,77.099380,5.00e-05,27388.63,12615680,N/A,2025-07-14 12:07:31
3080,4.777007,3.925923,77.099380,5.00e-05,26717.44,12619776,1.0000,2025-07-14 12:07:31
3081,5.700450,3.925923,77.099380,5.00e-05,26706.79,12623872,N/A,2025-07-14 12:07:31
3082,4.026823,3.925923,77.099380,5.00e-05,26709.04,12627968,N/A,2025-07-14 12:07:32
3083,4.513247,3.925923,77.099380,5.00e-05,26716.46,12632064,N/A,2025-07-14 12:07:32
3084,4.800030,3.925923,77.099380,5.00e-05,26711.86,12636160,N/A,2025-07-14 12:07:32
3085,2.562623,3.925923,77.099380,5.00e-05,26890.78,12640256,N/A,2025-07-14 12:07:32
3086,4.305720,3.925923,77.099380,5.00e-05,27195.24,12644352,N/A,2025-07-14 12:07:32
3087,2.672479,3.925923,77.099380,5.00e-05,27411.01,12648448,N/A,2025-07-14 12:07:32
3088,2.103688,3.925923,77.099380,5.00e-05,27425.55,12652544,N/A,2025-07-14 12:07:33
3089,4.521693,3.925923,77.099380,5.00e-05,28118.35,12656640,N/A,2025-07-14 12:07:33
3090,3.648955,3.925923,77.099380,5.00e-05,27342.61,12660736,1.0000,2025-07-14 12:07:33
3091,4.766672,3.925923,77.099380,5.00e-05,27408.08,12664832,N/A,2025-07-14 12:07:33
3092,4.030604,3.925923,77.099380,5.00e-05,27354.04,12668928,N/A,2025-07-14 12:07:33
3093,3.335718,3.925923,77.099380,5.00e-05,27415.90,12673024,N/A,2025-07-14 12:07:33
3094,6.007713,3.925923,77.099380,5.00e-05,27451.22,12677120,N/A,2025-07-14 12:07:34
3095,4.066442,3.925923,77.099380,5.00e-05,27449.19,12681216,N/A,2025-07-14 12:07:34
3096,4.805782,3.925923,77.099380,5.00e-05,27356.92,12685312,N/A,2025-07-14 12:07:34
3097,4.073365,3.925923,77.099380,5.00e-05,27370.49,12689408,N/A,2025-07-14 12:07:34
3098,5.906481,3.925923,77.099380,5.00e-05,27430.70,12693504,N/A,2025-07-14 12:07:34
3099,4.502508,3.925923,77.099380,5.00e-05,28245.01,12697600,N/A,2025-07-14 12:07:34
3100,3.807648,3.925923,77.099380,5.00e-05,27388.53,12701696,1.0000,2025-07-14 12:07:35
3101,4.727277,3.925923,77.099380,5.00e-05,21917.77,12705792,N/A,2025-07-14 12:07:35
3102,4.363970,3.925923,77.099380,5.00e-05,21749.04,12709888,N/A,2025-07-14 12:07:35
3103,4.924426,3.925923,77.099380,5.00e-05,21701.70,12713984,N/A,2025-07-14 12:07:35
3104,4.306330,3.925923,77.099380,5.00e-05,21642.42,12718080,N/A,2025-07-14 12:07:36
3105,2.980671,3.925923,77.099380,5.00e-05,21692.76,12722176,N/A,2025-07-14 12:07:36
3106,3.996592,3.925923,77.099380,5.00e-05,21636.21,12726272,N/A,2025-07-14 12:07:36
3107,3.578053,3.925923,77.099380,5.00e-05,21632.08,12730368,N/A,2025-07-14 12:07:36
3108,3.565291,3.925923,77.099380,5.00e-05,21630.66,12734464,N/A,2025-07-14 12:07:36
3109,2.771213,3.925923,77.099380,5.00e-05,22184.20,12738560,N/A,2025-07-14 12:07:36
3110,4.486333,3.925923,77.099380,5.00e-05,27392.06,12742656,1.0000,2025-07-14 12:07:37
3111,3.289498,3.925923,77.099380,5.00e-05,27658.81,12746752,N/A,2025-07-14 12:07:37
3112,4.092297,3.925923,77.099380,5.00e-05,27588.53,12750848,N/A,2025-07-14 12:07:37
3113,3.341356,3.925923,77.099380,5.00e-05,27630.58,12754944,N/A,2025-07-14 12:07:37
3114,4.867952,3.925923,77.099380,5.00e-05,27587.64,12759040,N/A,2025-07-14 12:07:37
3115,5.135160,3.925923,77.099380,5.00e-05,27655.08,12763136,N/A,2025-07-14 12:07:37
3116,4.753616,3.925923,77.099380,5.00e-05,27612.75,12767232,N/A,2025-07-14 12:07:38
3117,4.602912,3.925923,77.099380,5.00e-05,27620.16,12771328,N/A,2025-07-14 12:07:38
3118,4.040658,3.925923,77.099380,5.00e-05,27638.15,12775424,N/A,2025-07-14 12:07:38
3119,3.908648,3.925923,77.099380,5.00e-05,28168.21,12779520,N/A,2025-07-14 12:07:38
3120,3.805493,3.925923,77.099380,5.00e-05,27539.09,12783616,1.0000,2025-07-14 12:07:38
3121,4.937418,3.925923,77.099380,5.00e-05,27665.22,12787712,N/A,2025-07-14 12:07:38
3122,4.945973,3.925923,77.099380,5.00e-05,27733.48,12791808,N/A,2025-07-14 12:07:39
3123,3.251778,3.925923,77.099380,5.00e-05,27795.71,12795904,N/A,2025-07-14 12:07:39
3124,2.975742,3.925923,77.099380,5.00e-05,27823.49,12800000,N/A,2025-07-14 12:07:39
3125,5.025208,3.925923,77.099380,5.00e-05,27888.33,12804096,N/A,2025-07-14 12:07:39
3126,3.332389,3.925923,77.099380,5.00e-05,27842.19,12808192,N/A,2025-07-14 12:07:39
3127,4.371060,3.925923,77.099380,5.00e-05,27815.28,12812288,N/A,2025-07-14 12:07:39
3128,2.128354,3.925923,77.099380,5.00e-05,27898.34,12816384,N/A,2025-07-14 12:07:40
3129,2.096669,3.925923,77.099380,5.00e-05,28416.52,12820480,N/A,2025-07-14 12:07:40
3130,5.134199,3.925923,77.099380,5.00e-05,27671.06,12824576,1.0000,2025-07-14 12:07:40
3131,3.618709,3.925923,77.099380,5.00e-05,27611.93,12828672,N/A,2025-07-14 12:07:40
3132,5.998301,3.925923,77.099380,5.00e-05,27025.41,12832768,N/A,2025-07-14 12:07:40
3133,3.964924,3.925923,77.099380,5.00e-05,26870.15,12836864,N/A,2025-07-14 12:07:40
3134,3.932056,3.925923,77.099380,5.00e-05,26822.37,12840960,N/A,2025-07-14 12:07:41
3135,5.055338,3.925923,77.099380,5.00e-05,26900.94,12845056,N/A,2025-07-14 12:07:41
3136,5.014427,3.925923,77.099380,5.00e-05,26457.22,12849152,N/A,2025-07-14 12:07:41
3137,5.879830,3.925923,77.099380,5.00e-05,26505.09,12853248,N/A,2025-07-14 12:07:41
3138,2.739690,3.925923,77.099380,5.00e-05,26537.07,12857344,N/A,2025-07-14 12:07:41
3139,4.984783,3.925923,77.099380,5.00e-05,27243.25,12861440,N/A,2025-07-14 12:07:41
3140,3.730864,3.925923,77.099380,5.00e-05,26662.42,12865536,1.0000,2025-07-14 12:07:42
3141,4.858284,3.925923,77.099380,5.00e-05,27028.18,12869632,N/A,2025-07-14 12:07:42
3142,4.621358,3.925923,77.099380,5.00e-05,27109.86,12873728,N/A,2025-07-14 12:07:42
3143,3.107216,3.925923,77.099380,5.00e-05,27157.14,12877824,N/A,2025-07-14 12:07:42
3144,4.428095,3.925923,77.099380,5.00e-05,27065.22,12881920,N/A,2025-07-14 12:07:42
3145,5.120009,3.925923,77.099380,5.00e-05,27524.54,12886016,N/A,2025-07-14 12:07:42
3146,2.615210,3.925923,77.099380,5.00e-05,27548.67,12890112,N/A,2025-07-14 12:07:43
3147,3.201135,3.925923,77.099380,5.00e-05,27650.20,12894208,N/A,2025-07-14 12:07:43
3148,2.984544,3.925923,77.099380,5.00e-05,27635.08,12898304,N/A,2025-07-14 12:07:43
3149,3.719735,3.925923,77.099380,5.00e-05,28273.22,12902400,N/A,2025-07-14 12:07:43
3150,3.528476,3.925923,77.099380,5.00e-05,27799.84,12906496,1.0000,2025-07-14 12:07:43
3151,2.146895,3.925923,77.099380,5.00e-05,27843.59,12910592,N/A,2025-07-14 12:07:43
3152,4.667051,3.925923,77.099380,5.00e-05,27701.33,12914688,N/A,2025-07-14 12:07:44
3153,3.700845,3.925923,77.099380,5.00e-05,27642.52,12918784,N/A,2025-07-14 12:07:44
3154,3.493418,3.925923,77.099380,5.00e-05,27615.22,12922880,N/A,2025-07-14 12:07:44
3155,4.498616,3.925923,77.099380,5.00e-05,27355.53,12926976,N/A,2025-07-14 12:07:44
3156,2.619724,3.925923,77.099380,5.00e-05,27369.79,12931072,N/A,2025-07-14 12:07:44
3157,5.830634,3.925923,77.099380,5.00e-05,27414.64,12935168,N/A,2025-07-14 12:07:44
3158,3.542600,3.925923,77.099380,5.00e-05,27342.79,12939264,N/A,2025-07-14 12:07:45
3159,3.891579,3.925923,77.099380,5.00e-05,27918.33,12943360,N/A,2025-07-14 12:07:45
3160,3.103209,3.925923,77.099380,5.00e-05,26761.66,12947456,1.0000,2025-07-14 12:07:45
3161,2.615060,3.925923,77.099380,5.00e-05,26849.66,12951552,N/A,2025-07-14 12:07:45
3162,3.444224,3.925923,77.099380,5.00e-05,26955.27,12955648,N/A,2025-07-14 12:07:45
3163,3.092626,3.925923,77.099380,5.00e-05,26945.83,12959744,N/A,2025-07-14 12:07:45
3164,2.789541,3.925923,77.099380,5.00e-05,26997.62,12963840,N/A,2025-07-14 12:07:46
3165,3.526012,3.925923,77.099380,5.00e-05,26964.65,12967936,N/A,2025-07-14 12:07:46
3166,2.762428,3.925923,77.099380,5.00e-05,26923.36,12972032,N/A,2025-07-14 12:07:46
3167,5.004900,3.925923,77.099380,5.00e-05,26995.73,12976128,N/A,2025-07-14 12:07:46
3168,4.681448,3.925923,77.099380,5.00e-05,27020.51,12980224,N/A,2025-07-14 12:07:46
3169,3.781641,3.925923,77.099380,5.00e-05,28198.34,12984320,N/A,2025-07-14 12:07:46
3170,1.713804,3.925923,77.099380,5.00e-05,27493.43,12988416,1.0000,2025-07-14 12:07:47
3171,5.402989,3.925923,77.099380,5.00e-05,27486.50,12992512,N/A,2025-07-14 12:07:47
3172,5.114164,3.925923,77.099380,5.00e-05,27519.74,12996608,N/A,2025-07-14 12:07:47
3173,5.731699,3.925923,77.099380,5.00e-05,27626.19,13000704,N/A,2025-07-14 12:07:47
3174,3.559028,3.925923,77.099380,5.00e-05,27582.25,13004800,N/A,2025-07-14 12:07:47
3175,3.490235,3.925923,77.099380,5.00e-05,27599.93,13008896,N/A,2025-07-14 12:07:47
3176,4.348284,3.925923,77.099380,5.00e-05,27542.33,13012992,N/A,2025-07-14 12:07:48
3177,5.022113,3.925923,77.099380,5.00e-05,27603.47,13017088,N/A,2025-07-14 12:07:48
3178,5.064615,3.925923,77.099380,5.00e-05,27559.01,13021184,N/A,2025-07-14 12:07:48
3179,5.435661,3.925923,77.099380,5.00e-05,28224.45,13025280,N/A,2025-07-14 12:07:48
3180,4.024463,3.925923,77.099380,5.00e-05,27524.05,13029376,1.0000,2025-07-14 12:07:48
3181,4.709610,3.925923,77.099380,5.00e-05,27496.40,13033472,N/A,2025-07-14 12:07:48
3182,3.307876,3.925923,77.099380,5.00e-05,27506.03,13037568,N/A,2025-07-14 12:07:49
3183,4.343512,3.925923,77.099380,5.00e-05,27571.10,13041664,N/A,2025-07-14 12:07:49
3184,4.359606,3.925923,77.099380,5.00e-05,27476.71,13045760,N/A,2025-07-14 12:07:49
3185,1.881453,3.925923,77.099380,5.00e-05,27483.06,13049856,N/A,2025-07-14 12:07:49
3186,5.324156,3.925923,77.099380,5.00e-05,26959.09,13053952,N/A,2025-07-14 12:07:49
3187,3.587741,3.925923,77.099380,5.00e-05,26838.13,13058048,N/A,2025-07-14 12:07:49
3188,4.776324,3.925923,77.099380,5.00e-05,26882.40,13062144,N/A,2025-07-14 12:07:50
3189,4.830012,3.925923,77.099380,5.00e-05,27007.85,13066240,N/A,2025-07-14 12:07:50
3190,2.458236,3.925923,77.099380,5.00e-05,26204.53,13070336,1.0000,2025-07-14 12:07:50
3191,3.021426,3.925923,77.099380,5.00e-05,25784.77,13074432,N/A,2025-07-14 12:07:50
3192,3.971386,3.925923,77.099380,5.00e-05,25707.51,13078528,N/A,2025-07-14 12:07:50
3193,3.210050,3.925923,77.099380,5.00e-05,25752.74,13082624,N/A,2025-07-14 12:07:50
3194,5.234249,3.925923,77.099380,5.00e-05,25813.23,13086720,N/A,2025-07-14 12:07:51
3195,3.747574,3.925923,77.099380,5.00e-05,26178.82,13090816,N/A,2025-07-14 12:07:51
3196,4.515914,3.925923,77.099380,5.00e-05,26290.11,13094912,N/A,2025-07-14 12:07:51
3197,4.355937,3.925923,77.099380,5.00e-05,26259.24,13099008,N/A,2025-07-14 12:07:51
3198,4.361354,3.925923,77.099380,5.00e-05,26569.43,13103104,N/A,2025-07-14 12:07:51
3199,4.475543,3.925923,77.099380,5.00e-05,27397.38,13107200,N/A,2025-07-14 12:07:51
3200,4.607683,3.925923,77.099380,5.00e-05,27203.24,13111296,1.0000,2025-07-14 12:07:52
3201,5.466403,3.925923,77.099380,5.00e-05,20870.77,13115392,N/A,2025-07-14 12:07:52
3202,5.978564,3.925923,77.099380,5.00e-05,20808.36,13119488,N/A,2025-07-14 12:07:52
3203,5.408576,3.925923,77.099380,5.00e-05,20778.61,13123584,N/A,2025-07-14 12:07:53
3204,4.258610,3.925923,77.099380,5.00e-05,20786.39,13127680,N/A,2025-07-14 12:07:53
3205,3.616982,3.925923,77.099380,5.00e-05,20815.33,13131776,N/A,2025-07-14 12:07:53
3206,2.935419,3.925923,77.099380,5.00e-05,20841.79,13135872,N/A,2025-07-14 12:07:53
3207,3.888938,3.925923,77.099380,5.00e-05,20961.78,13139968,N/A,2025-07-14 12:07:53
3208,3.120334,3.925923,77.099380,5.00e-05,20964.58,13144064,N/A,2025-07-14 12:07:53
3209,4.641609,3.925923,77.099380,5.00e-05,21312.94,13148160,N/A,2025-07-14 12:07:54
3210,4.771735,3.925923,77.099380,5.00e-05,27430.68,13152256,1.0000,2025-07-14 12:07:54
3211,4.537110,3.925923,77.099380,5.00e-05,27409.69,13156352,N/A,2025-07-14 12:07:54
3212,3.314804,3.925923,77.099380,5.00e-05,27485.68,13160448,N/A,2025-07-14 12:07:54
3213,4.807990,3.925923,77.099380,5.00e-05,27620.70,13164544,N/A,2025-07-14 12:07:54
3214,3.647701,3.925923,77.099380,5.00e-05,27607.76,13168640,N/A,2025-07-14 12:07:54
3215,4.025939,3.925923,77.099380,5.00e-05,27598.29,13172736,N/A,2025-07-14 12:07:55
3216,5.674150,3.925923,77.099380,5.00e-05,27677.61,13176832,N/A,2025-07-14 12:07:55
3217,3.645364,3.925923,77.099380,5.00e-05,27629.44,13180928,N/A,2025-07-14 12:07:55
3218,4.071929,3.925923,77.099380,5.00e-05,27669.66,13185024,N/A,2025-07-14 12:07:55
3219,3.211963,3.925923,77.099380,5.00e-05,28208.51,13189120,N/A,2025-07-14 12:07:55
3220,3.275244,3.925923,77.099380,5.00e-05,27623.74,13193216,1.0000,2025-07-14 12:07:55
3221,1.977099,3.925923,77.099380,5.00e-05,27611.93,13197312,N/A,2025-07-14 12:07:56
3222,4.660864,3.925923,77.099380,5.00e-05,27570.73,13201408,N/A,2025-07-14 12:07:56
3223,4.288195,3.925923,77.099380,5.00e-05,27628.05,13205504,N/A,2025-07-14 12:07:56
3224,4.588774,3.925923,77.099380,5.00e-05,27598.91,13209600,N/A,2025-07-14 12:07:56
3225,2.874458,3.925923,77.099380,5.00e-05,27490.71,13213696,N/A,2025-07-14 12:07:56
3226,2.170231,3.925923,77.099380,5.00e-05,27470.56,13217792,N/A,2025-07-14 12:07:56
3227,4.293048,3.925923,77.099380,5.00e-05,27530.78,13221888,N/A,2025-07-14 12:07:57
3228,4.854939,3.925923,77.099380,5.00e-05,27558.50,13225984,N/A,2025-07-14 12:07:57
3229,3.916005,3.925923,77.099380,5.00e-05,28297.08,13230080,N/A,2025-07-14 12:07:57
3230,4.980628,3.925923,77.099380,5.00e-05,27614.79,13234176,1.0000,2025-07-14 12:07:57
3231,4.723923,3.925923,77.099380,5.00e-05,27609.09,13238272,N/A,2025-07-14 12:07:57
3232,4.020002,3.925923,77.099380,5.00e-05,27580.58,13242368,N/A,2025-07-14 12:07:57
3233,4.808947,3.925923,77.099380,5.00e-05,27621.59,13246464,N/A,2025-07-14 12:07:58
3234,3.282384,3.925923,77.099380,5.00e-05,27677.10,13250560,N/A,2025-07-14 12:07:58
3235,4.348680,3.925923,77.099380,5.00e-05,27800.40,13254656,N/A,2025-07-14 12:07:58
3236,2.863835,3.925923,77.099380,5.00e-05,27787.70,13258752,N/A,2025-07-14 12:07:58
3237,2.312029,3.925923,77.099380,5.00e-05,27794.04,13262848,N/A,2025-07-14 12:07:58
3238,3.181715,3.925923,77.099380,5.00e-05,27794.75,13266944,N/A,2025-07-14 12:07:58
3239,4.060879,3.925923,77.099380,5.00e-05,28450.87,13271040,N/A,2025-07-14 12:07:58
3240,2.840531,3.925923,77.099380,5.00e-05,27809.08,13275136,1.0000,2025-07-14 12:07:59
3241,4.462257,3.925923,77.099380,5.00e-05,27793.25,13279232,N/A,2025-07-14 12:07:59
3242,4.193194,3.925923,77.099380,5.00e-05,27695.49,13283328,N/A,2025-07-14 12:07:59
3243,3.924444,3.925923,77.099380,5.00e-05,27705.28,13287424,N/A,2025-07-14 12:07:59
3244,2.590818,3.925923,77.099380,5.00e-05,27672.87,13291520,N/A,2025-07-14 12:07:59
3245,5.237288,3.925923,77.099380,5.00e-05,27745.06,13295616,N/A,2025-07-14 12:07:59
3246,2.341929,3.925923,77.099380,5.00e-05,27722.26,13299712,N/A,2025-07-14 12:08:00
3247,3.885217,3.925923,77.099380,5.00e-05,27707.48,13303808,N/A,2025-07-14 12:08:00
3248,4.262033,3.925923,77.099380,5.00e-05,27690.51,13307904,N/A,2025-07-14 12:08:00
3249,1.439196,3.925923,77.099380,5.00e-05,28274.84,13312000,N/A,2025-07-14 12:08:00
3250,4.417374,3.925923,77.099380,5.00e-05,27397.06,13316096,1.0000,2025-07-14 12:08:00
3251,3.257021,3.925923,77.099380,5.00e-05,27459.58,13320192,N/A,2025-07-14 12:08:00
3252,3.232547,3.925923,77.099380,5.00e-05,27416.63,13324288,N/A,2025-07-14 12:08:01
3253,3.302339,3.925923,77.099380,5.00e-05,27411.12,13328384,N/A,2025-07-14 12:08:01
3254,1.212088,3.925923,77.099380,5.00e-05,26858.36,13332480,N/A,2025-07-14 12:08:01
3255,4.941697,3.925923,77.099380,5.00e-05,26433.01,13336576,N/A,2025-07-14 12:08:01
3256,5.000997,3.925923,77.099380,5.00e-05,26448.52,13340672,N/A,2025-07-14 12:08:01
3257,4.176783,3.925923,77.099380,5.00e-05,26335.51,13344768,N/A,2025-07-14 12:08:02
3258,3.281869,3.925923,77.099380,5.00e-05,26339.09,13348864,N/A,2025-07-14 12:08:02
3259,2.271638,3.925923,77.099380,5.00e-05,26654.37,13352960,N/A,2025-07-14 12:08:02
3260,6.218617,3.925923,77.099380,5.00e-05,26109.71,13357056,1.0000,2025-07-14 12:08:02
3261,2.580422,3.925923,77.099380,5.00e-05,26041.28,13361152,N/A,2025-07-14 12:08:02
3262,2.946347,3.925923,77.099380,5.00e-05,26039.98,13365248,N/A,2025-07-14 12:08:02
3263,3.713325,3.925923,77.099380,5.00e-05,26570.39,13369344,N/A,2025-07-14 12:08:03
3264,4.992104,3.925923,77.099380,5.00e-05,27074.76,13373440,N/A,2025-07-14 12:08:03
3265,3.931000,3.925923,77.099380,5.00e-05,27093.74,13377536,N/A,2025-07-14 12:08:03
3266,4.304176,3.925923,77.099380,5.00e-05,27215.56,13381632,N/A,2025-07-14 12:08:03
3267,3.435344,3.925923,77.099380,5.00e-05,27289.25,13385728,N/A,2025-07-14 12:08:03
3268,3.703258,3.925923,77.099380,5.00e-05,27792.50,13389824,N/A,2025-07-14 12:08:03
3269,2.192785,3.925923,77.099380,5.00e-05,28415.00,13393920,N/A,2025-07-14 12:08:03
3270,4.932752,3.925923,77.099380,5.00e-05,27506.55,13398016,1.0000,2025-07-14 12:08:04
3271,3.683400,3.925923,77.099380,5.00e-05,27516.41,13402112,N/A,2025-07-14 12:08:04
3272,4.364252,3.925923,77.099380,5.00e-05,27426.90,13406208,N/A,2025-07-14 12:08:04
3273,2.872328,3.925923,77.099380,5.00e-05,27451.87,13410304,N/A,2025-07-14 12:08:04
3274,2.183948,3.925923,77.099380,5.00e-05,27402.91,13414400,N/A,2025-07-14 12:08:04
3275,5.005681,3.925923,77.099380,5.00e-05,27374.63,13418496,N/A,2025-07-14 12:08:05
3276,4.658103,3.925923,77.099380,5.00e-05,27341.13,13422592,N/A,2025-07-14 12:08:05
3277,6.013346,3.925923,77.099380,5.00e-05,27330.79,13426688,N/A,2025-07-14 12:08:05
3278,3.707870,3.925923,77.099380,5.00e-05,27136.72,13430784,N/A,2025-07-14 12:08:05
3279,4.652992,3.925923,77.099380,5.00e-05,28113.26,13434880,N/A,2025-07-14 12:08:05
3280,3.595466,3.925923,77.099380,5.00e-05,27441.00,13438976,1.0000,2025-07-14 12:08:05
3281,3.739438,3.925923,77.099380,5.00e-05,27524.38,13443072,N/A,2025-07-14 12:08:06
3282,4.910553,3.925923,77.099380,5.00e-05,27486.04,13447168,N/A,2025-07-14 12:08:06
3283,5.327913,3.925923,77.099380,5.00e-05,27569.11,13451264,N/A,2025-07-14 12:08:06
3284,4.216158,3.925923,77.099380,5.00e-05,27129.03,13455360,N/A,2025-07-14 12:08:06
3285,5.327692,3.925923,77.099380,5.00e-05,27079.12,13459456,N/A,2025-07-14 12:08:06
3286,3.795681,3.925923,77.099380,5.00e-05,27083.48,13463552,N/A,2025-07-14 12:08:06
3287,3.308878,3.925923,77.099380,5.00e-05,27223.76,13467648,N/A,2025-07-14 12:08:07
3288,5.126822,3.925923,77.099380,5.00e-05,27184.54,13471744,N/A,2025-07-14 12:08:07
3289,6.151224,3.925923,77.099380,5.00e-05,27512.50,13475840,N/A,2025-07-14 12:08:07
3290,4.529217,3.925923,77.099380,5.00e-05,26680.87,13479936,1.0000,2025-07-14 12:08:07
3291,3.816810,3.925923,77.099380,5.00e-05,26234.09,13484032,N/A,2025-07-14 12:08:07
3292,3.735201,3.925923,77.099380,5.00e-05,26195.96,13488128,N/A,2025-07-14 12:08:07
3293,4.690720,3.925923,77.099380,5.00e-05,26694.66,13492224,N/A,2025-07-14 12:08:08
3294,3.357895,3.925923,77.099380,5.00e-05,26681.89,13496320,N/A,2025-07-14 12:08:08
3295,5.184250,3.925923,77.099380,5.00e-05,26748.71,13500416,N/A,2025-07-14 12:08:08
3296,4.098403,3.925923,77.099380,5.00e-05,26826.89,13504512,N/A,2025-07-14 12:08:08
3297,4.257453,3.925923,77.099380,5.00e-05,26815.54,13508608,N/A,2025-07-14 12:08:08
3298,3.679094,3.925923,77.099380,5.00e-05,27153.39,13512704,N/A,2025-07-14 12:08:08
3299,3.055262,3.925923,77.099380,5.00e-05,27933.02,13516800,N/A,2025-07-14 12:08:09
3300,4.759952,3.925923,77.099380,5.00e-05,27747.41,13520896,1.0000,2025-07-14 12:08:09
3301,3.880462,3.925923,77.099380,5.00e-05,21182.19,13524992,N/A,2025-07-14 12:08:09
3302,6.034536,3.925923,77.099380,5.00e-05,21056.54,13529088,N/A,2025-07-14 12:08:10
3303,3.112958,3.925923,77.099380,5.00e-05,21103.80,13533184,N/A,2025-07-14 12:08:10
3304,3.492327,3.925923,77.099380,5.00e-05,21021.14,13537280,N/A,2025-07-14 12:08:10
3305,3.268796,3.925923,77.099380,5.00e-05,20979.23,13541376,N/A,2025-07-14 12:08:10
3306,2.890527,3.925923,77.099380,5.00e-05,21032.35,13545472,N/A,2025-07-14 12:08:10
3307,4.514424,3.925923,77.099380,5.00e-05,20983.93,13549568,N/A,2025-07-14 12:08:10
3308,5.925619,3.925923,77.099380,5.00e-05,20963.20,13553664,N/A,2025-07-14 12:08:10
3309,4.827050,3.925923,77.099380,5.00e-05,21344.09,13557760,N/A,2025-07-14 12:08:11
3310,2.947685,3.925923,77.099380,5.00e-05,27308.10,13561856,1.0000,2025-07-14 12:08:11
3311,4.080611,3.925923,77.099380,5.00e-05,27504.88,13565952,N/A,2025-07-14 12:08:11
3312,4.779984,3.925923,77.099380,5.00e-05,27146.94,13570048,N/A,2025-07-14 12:08:11
3313,4.208980,3.925923,77.099380,5.00e-05,26947.40,13574144,N/A,2025-07-14 12:08:11
3314,4.950908,3.925923,77.099380,5.00e-05,27028.14,13578240,N/A,2025-07-14 12:08:12
3315,4.269728,3.925923,77.099380,5.00e-05,27044.78,13582336,N/A,2025-07-14 12:08:12
3316,1.883771,3.925923,77.099380,5.00e-05,26971.33,13586432,N/A,2025-07-14 12:08:12
3317,3.201545,3.925923,77.099380,5.00e-05,27001.48,13590528,N/A,2025-07-14 12:08:12
3318,2.463215,3.925923,77.099380,5.00e-05,27021.99,13594624,N/A,2025-07-14 12:08:12
3319,2.950685,3.925923,77.099380,5.00e-05,27644.12,13598720,N/A,2025-07-14 12:08:12
3320,5.390150,3.925923,77.099380,5.00e-05,26977.78,13602816,1.0000,2025-07-14 12:08:13
3321,4.740189,3.925923,77.099380,5.00e-05,27244.54,13606912,N/A,2025-07-14 12:08:13
3322,2.763409,3.925923,77.099380,5.00e-05,27517.49,13611008,N/A,2025-07-14 12:08:13
3323,4.059139,3.925923,77.099380,5.00e-05,27528.48,13615104,N/A,2025-07-14 12:08:13
3324,4.151268,3.925923,77.099380,5.00e-05,27474.15,13619200,N/A,2025-07-14 12:08:13
3325,5.168513,3.925923,77.099380,5.00e-05,27343.40,13623296,N/A,2025-07-14 12:08:13
3326,4.391797,3.925923,77.099380,5.00e-05,27357.72,13627392,N/A,2025-07-14 12:08:13
3327,2.667232,3.925923,77.099380,5.00e-05,27342.49,13631488,N/A,2025-07-14 12:08:14
3328,5.000962,3.925923,77.099380,5.00e-05,27343.36,13635584,N/A,2025-07-14 12:08:14
3329,3.150111,3.925923,77.099380,5.00e-05,27812.78,13639680,N/A,2025-07-14 12:08:14
3330,3.164483,3.925923,77.099380,5.00e-05,27089.89,13643776,1.0000,2025-07-14 12:08:14
3331,3.718574,3.925923,77.099380,5.00e-05,27073.70,13647872,N/A,2025-07-14 12:08:14
3332,2.936713,3.925923,77.099380,5.00e-05,27010.48,13651968,N/A,2025-07-14 12:08:15
3333,4.315461,3.925923,77.099380,5.00e-05,26882.54,13656064,N/A,2025-07-14 12:08:15
3334,3.539267,3.925923,77.099380,5.00e-05,27000.81,13660160,N/A,2025-07-14 12:08:15
3335,4.606079,3.925923,77.099380,5.00e-05,26829.90,13664256,N/A,2025-07-14 12:08:15
3336,3.608020,3.925923,77.099380,5.00e-05,26813.10,13668352,N/A,2025-07-14 12:08:15
3337,3.692855,3.925923,77.099380,5.00e-05,26856.48,13672448,N/A,2025-07-14 12:08:15
3338,4.011641,3.925923,77.099380,5.00e-05,26968.63,13676544,N/A,2025-07-14 12:08:16
3339,3.435515,3.925923,77.099380,5.00e-05,27646.41,13680640,N/A,2025-07-14 12:08:16
3340,1.320665,3.925923,77.099380,5.00e-05,26735.45,13684736,1.0000,2025-07-14 12:08:16
3341,3.306438,3.925923,77.099380,5.00e-05,26207.63,13688832,N/A,2025-07-14 12:08:16
3342,4.224182,3.925923,77.099380,5.00e-05,26359.68,13692928,N/A,2025-07-14 12:08:16
3343,4.302230,3.925923,77.099380,5.00e-05,26444.61,13697024,N/A,2025-07-14 12:08:16
3344,2.059520,3.925923,77.099380,5.00e-05,26650.64,13701120,N/A,2025-07-14 12:08:17
3345,5.236715,3.925923,77.099380,5.00e-05,26628.62,13705216,N/A,2025-07-14 12:08:17
3346,3.934264,3.925923,77.099380,5.00e-05,26638.68,13709312,N/A,2025-07-14 12:08:17
3347,4.706385,3.925923,77.099380,5.00e-05,26661.21,13713408,N/A,2025-07-14 12:08:17
3348,2.677670,3.925923,77.099380,5.00e-05,26721.07,13717504,N/A,2025-07-14 12:08:17
3349,4.679697,3.925923,77.099380,5.00e-05,27602.55,13721600,N/A,2025-07-14 12:08:17
3350,2.626626,3.925923,77.099380,5.00e-05,27351.83,13725696,1.0000,2025-07-14 12:08:18
3351,2.782643,3.925923,77.099380,5.00e-05,27290.45,13729792,N/A,2025-07-14 12:08:18
3352,3.603116,3.925923,77.099380,5.00e-05,26825.78,13733888,N/A,2025-07-14 12:08:18
3353,4.949326,3.925923,77.099380,5.00e-05,26774.31,13737984,N/A,2025-07-14 12:08:18
3354,3.254088,3.925923,77.099380,5.00e-05,26325.65,13742080,N/A,2025-07-14 12:08:18
3355,2.463030,3.925923,77.099380,5.00e-05,26090.78,13746176,N/A,2025-07-14 12:08:18
3356,4.987779,3.925923,77.099380,5.00e-05,26079.95,13750272,N/A,2025-07-14 12:08:19
3357,4.716372,3.925923,77.099380,5.00e-05,26016.97,13754368,N/A,2025-07-14 12:08:19
3358,4.559584,3.925923,77.099380,5.00e-05,26038.15,13758464,N/A,2025-07-14 12:08:19
3359,3.816178,3.925923,77.099380,5.00e-05,26663.09,13762560,N/A,2025-07-14 12:08:19
3360,2.297892,3.925923,77.099380,5.00e-05,25908.71,13766656,1.0000,2025-07-14 12:08:19
3361,4.686528,3.925923,77.099380,5.00e-05,26323.18,13770752,N/A,2025-07-14 12:08:19
3362,4.451035,3.925923,77.099380,5.00e-05,26291.09,13774848,N/A,2025-07-14 12:08:20
3363,4.248476,3.925923,77.099380,5.00e-05,26717.31,13778944,N/A,2025-07-14 12:08:20
3364,6.026364,3.925923,77.099380,5.00e-05,26907.94,13783040,N/A,2025-07-14 12:08:20
3365,3.913730,3.925923,77.099380,5.00e-05,26807.46,13787136,N/A,2025-07-14 12:08:20
3366,2.695596,3.925923,77.099380,5.00e-05,26835.97,13791232,N/A,2025-07-14 12:08:20
3367,5.581373,3.925923,77.099380,5.00e-05,26826.65,13795328,N/A,2025-07-14 12:08:20
3368,2.918309,3.925923,77.099380,5.00e-05,26809.18,13799424,N/A,2025-07-14 12:08:21
3369,5.124849,3.925923,77.099380,5.00e-05,27568.38,13803520,N/A,2025-07-14 12:08:21
3370,2.522224,3.925923,77.099380,5.00e-05,26871.99,13807616,1.0000,2025-07-14 12:08:21
3371,5.246158,3.925923,77.099380,5.00e-05,26902.20,13811712,N/A,2025-07-14 12:08:21
3372,4.376953,3.925923,77.099380,5.00e-05,26949.95,13815808,N/A,2025-07-14 12:08:21
3373,3.936945,3.925923,77.099380,5.00e-05,27062.76,13819904,N/A,2025-07-14 12:08:21
3374,2.883985,3.925923,77.099380,5.00e-05,27227.29,13824000,N/A,2025-07-14 12:08:22
3375,4.839394,3.925923,77.099380,5.00e-05,27092.05,13828096,N/A,2025-07-14 12:08:22
3376,4.665240,3.925923,77.099380,5.00e-05,26939.48,13832192,N/A,2025-07-14 12:08:22
3377,4.548649,3.925923,77.099380,5.00e-05,27123.52,13836288,N/A,2025-07-14 12:08:22
3378,3.426993,3.925923,77.099380,5.00e-05,27196.10,13840384,N/A,2025-07-14 12:08:22
3379,3.616732,3.925923,77.099380,5.00e-05,27933.97,13844480,N/A,2025-07-14 12:08:22
3380,4.504421,3.925923,77.099380,5.00e-05,27276.03,13848576,1.0000,2025-07-14 12:08:23
3381,3.812961,3.925923,77.099380,5.00e-05,27251.34,13852672,N/A,2025-07-14 12:08:23
3382,2.892084,3.925923,77.099380,5.00e-05,27133.46,13856768,N/A,2025-07-14 12:08:23
3383,3.213840,3.925923,77.099380,5.00e-05,27113.41,13860864,N/A,2025-07-14 12:08:23
3384,4.168330,3.925923,77.099380,5.00e-05,27260.48,13864960,N/A,2025-07-14 12:08:23
3385,3.720716,3.925923,77.099380,5.00e-05,27438.28,13869056,N/A,2025-07-14 12:08:23
3386,3.944824,3.925923,77.099380,5.00e-05,27459.69,13873152,N/A,2025-07-14 12:08:24
3387,5.283788,3.925923,77.099380,5.00e-05,27496.08,13877248,N/A,2025-07-14 12:08:24
3388,3.218993,3.925923,77.099380,5.00e-05,27557.53,13881344,N/A,2025-07-14 12:08:24
3389,4.838727,3.925923,77.099380,5.00e-05,28246.01,13885440,N/A,2025-07-14 12:08:24
3390,4.970626,3.925923,77.099380,5.00e-05,27670.14,13889536,1.0000,2025-07-14 12:08:24
3391,3.256984,3.925923,77.099380,5.00e-05,27717.97,13893632,N/A,2025-07-14 12:08:24
3392,5.430896,3.925923,77.099380,5.00e-05,27700.51,13897728,N/A,2025-07-14 12:08:25
3393,4.262068,3.925923,77.099380,5.00e-05,27784.71,13901824,N/A,2025-07-14 12:08:25
3394,5.283136,3.925923,77.099380,5.00e-05,27755.67,13905920,N/A,2025-07-14 12:08:25
3395,5.411796,3.925923,77.099380,5.00e-05,27737.80,13910016,N/A,2025-07-14 12:08:25
3396,3.506976,3.925923,77.099380,5.00e-05,27647.58,13914112,N/A,2025-07-14 12:08:25
3397,5.486444,3.925923,77.099380,5.00e-05,27539.39,13918208,N/A,2025-07-14 12:08:25
3398,5.131542,3.925923,77.099380,5.00e-05,27338.49,13922304,N/A,2025-07-14 12:08:26
3399,5.243109,3.925923,77.099380,5.00e-05,27931.89,13926400,N/A,2025-07-14 12:08:26
3400,4.064108,3.925923,77.099380,5.00e-05,27014.13,13930496,1.0000,2025-07-14 12:08:26
3401,4.821456,3.925923,77.099380,5.00e-05,20691.00,13934592,N/A,2025-07-14 12:08:27
3402,2.805077,3.925923,77.099380,5.00e-05,20560.88,13938688,N/A,2025-07-14 12:08:27
3403,2.426227,3.925923,77.099380,5.00e-05,20434.19,13942784,N/A,2025-07-14 12:08:27
3404,5.231412,3.925923,77.099380,5.00e-05,20358.08,13946880,N/A,2025-07-14 12:08:27
3405,3.147271,3.925923,77.099380,5.00e-05,20336.27,13950976,N/A,2025-07-14 12:08:27
3406,4.041727,3.925923,77.099380,5.00e-05,20294.18,13955072,N/A,2025-07-14 12:08:27
3407,5.910009,3.925923,77.099380,5.00e-05,20403.03,13959168,N/A,2025-07-14 12:08:28
3408,3.876137,3.925923,77.099380,5.00e-05,20357.83,13963264,N/A,2025-07-14 12:08:28
3409,3.869453,3.925923,77.099380,5.00e-05,20895.87,13967360,N/A,2025-07-14 12:08:28
3410,2.294621,3.925923,77.099380,5.00e-05,26569.58,13971456,1.0000,2025-07-14 12:08:28
3411,4.699581,3.925923,77.099380,5.00e-05,26776.41,13975552,N/A,2025-07-14 12:08:28
3412,1.991567,3.925923,77.099380,5.00e-05,27019.03,13979648,N/A,2025-07-14 12:08:28
3413,5.214507,3.925923,77.099380,5.00e-05,27172.53,13983744,N/A,2025-07-14 12:08:29
3414,3.155750,3.925923,77.099380,5.00e-05,27254.42,13987840,N/A,2025-07-14 12:08:29
3415,3.374656,3.925923,77.099380,5.00e-05,27380.04,13991936,N/A,2025-07-14 12:08:29
3416,4.418370,3.925923,77.099380,5.00e-05,27379.55,13996032,N/A,2025-07-14 12:08:29
3417,5.083364,3.925923,77.099380,5.00e-05,27199.33,14000128,N/A,2025-07-14 12:08:29
3418,3.899686,3.925923,77.099380,5.00e-05,27179.26,14004224,N/A,2025-07-14 12:08:29
3419,4.682327,3.925923,77.099380,5.00e-05,27979.30,14008320,N/A,2025-07-14 12:08:30
3420,3.424024,3.925923,77.099380,5.00e-05,27257.39,14012416,1.0000,2025-07-14 12:08:30
3421,4.573617,3.925923,77.099380,5.00e-05,27230.65,14016512,N/A,2025-07-14 12:08:30
3422,2.056691,3.925923,77.099380,5.00e-05,27183.82,14020608,N/A,2025-07-14 12:08:30
3423,4.592168,3.925923,77.099380,5.00e-05,27226.18,14024704,N/A,2025-07-14 12:08:30
3424,3.461361,3.925923,77.099380,5.00e-05,27219.38,14028800,N/A,2025-07-14 12:08:30
3425,4.952115,3.925923,77.099380,5.00e-05,27232.72,14032896,N/A,2025-07-14 12:08:31
3426,3.988654,3.925923,77.099380,5.00e-05,27470.82,14036992,N/A,2025-07-14 12:08:31
3427,3.614622,3.925923,77.099380,5.00e-05,27459.54,14041088,N/A,2025-07-14 12:08:31
3428,3.399238,3.925923,77.099380,5.00e-05,27186.75,14045184,N/A,2025-07-14 12:08:31
3429,2.798906,3.925923,77.099380,5.00e-05,27904.41,14049280,N/A,2025-07-14 12:08:31
3430,4.869200,3.925923,77.099380,5.00e-05,27283.55,14053376,1.0000,2025-07-14 12:08:31
3431,4.876368,3.925923,77.099380,5.00e-05,27254.99,14057472,N/A,2025-07-14 12:08:32
3432,4.705899,3.925923,77.099380,5.00e-05,27223.02,14061568,N/A,2025-07-14 12:08:32
3433,4.450481,3.925923,77.099380,5.00e-05,26917.47,14065664,N/A,2025-07-14 12:08:32
3434,5.569915,3.925923,77.099380,5.00e-05,26927.56,14069760,N/A,2025-07-14 12:08:32
3435,5.069946,3.925923,77.099380,5.00e-05,26970.03,14073856,N/A,2025-07-14 12:08:32
3436,3.326187,3.925923,77.099380,5.00e-05,26997.44,14077952,N/A,2025-07-14 12:08:32
3437,3.986639,3.925923,77.099380,5.00e-05,27208.57,14082048,N/A,2025-07-14 12:08:33
3438,3.385173,3.925923,77.099380,5.00e-05,27192.58,14086144,N/A,2025-07-14 12:08:33
3439,2.824599,3.925923,77.099380,5.00e-05,27829.00,14090240,N/A,2025-07-14 12:08:33
3440,5.295270,3.925923,77.099380,5.00e-05,27285.11,14094336,1.0000,2025-07-14 12:08:33
3441,3.366580,3.925923,77.099380,5.00e-05,27290.16,14098432,N/A,2025-07-14 12:08:33
3442,5.012972,3.925923,77.099380,5.00e-05,27677.59,14102528,N/A,2025-07-14 12:08:33
3443,3.869118,3.925923,77.099380,5.00e-05,27636.60,14106624,N/A,2025-07-14 12:08:34
3444,3.802083,3.925923,77.099380,5.00e-05,27626.60,14110720,N/A,2025-07-14 12:08:34
3445,5.203190,3.925923,77.099380,5.00e-05,27631.96,14114816,N/A,2025-07-14 12:08:34
3446,2.416859,3.925923,77.099380,5.00e-05,27769.68,14118912,N/A,2025-07-14 12:08:34
3447,3.810726,3.925923,77.099380,5.00e-05,27586.97,14123008,N/A,2025-07-14 12:08:34
3448,4.602253,3.925923,77.099380,5.00e-05,27686.89,14127104,N/A,2025-07-14 12:08:34
3449,3.748956,3.925923,77.099380,5.00e-05,28322.62,14131200,N/A,2025-07-14 12:08:35
3450,4.041242,3.925923,77.099380,5.00e-05,27715.27,14135296,1.0000,2025-07-14 12:08:35
3451,2.268896,3.925923,77.099380,5.00e-05,27723.35,14139392,N/A,2025-07-14 12:08:35
3452,2.050639,3.925923,77.099380,5.00e-05,27739.62,14143488,N/A,2025-07-14 12:08:35
3453,3.209181,3.925923,77.099380,5.00e-05,27728.27,14147584,N/A,2025-07-14 12:08:35
3454,2.827702,3.925923,77.099380,5.00e-05,27706.74,14151680,N/A,2025-07-14 12:08:35
3455,4.634216,3.925923,77.099380,5.00e-05,27686.50,14155776,N/A,2025-07-14 12:08:36
3456,5.357256,3.925923,77.099380,5.00e-05,27890.91,14159872,N/A,2025-07-14 12:08:36
3457,3.368144,3.925923,77.099380,5.00e-05,27830.62,14163968,N/A,2025-07-14 12:08:36
3458,3.522987,3.925923,77.099380,5.00e-05,27804.97,14168064,N/A,2025-07-14 12:08:36
3459,5.161517,3.925923,77.099380,5.00e-05,28350.33,14172160,N/A,2025-07-14 12:08:36
3460,3.360421,3.925923,77.099380,5.00e-05,27542.08,14176256,1.0000,2025-07-14 12:08:36
3461,5.022303,3.925923,77.099380,5.00e-05,27481.45,14180352,N/A,2025-07-14 12:08:37
3462,3.332485,3.925923,77.099380,5.00e-05,26997.38,14184448,N/A,2025-07-14 12:08:37
3463,4.693178,3.925923,77.099380,5.00e-05,27054.69,14188544,N/A,2025-07-14 12:08:37
3464,4.755682,3.925923,77.099380,5.00e-05,27025.91,14192640,N/A,2025-07-14 12:08:37
3465,2.967338,3.925923,77.099380,5.00e-05,26642.39,14196736,N/A,2025-07-14 12:08:37
3466,4.069484,3.925923,77.099380,5.00e-05,26686.42,14200832,N/A,2025-07-14 12:08:37
3467,2.902078,3.925923,77.099380,5.00e-05,26719.11,14204928,N/A,2025-07-14 12:08:38
3468,3.771006,3.925923,77.099380,5.00e-05,26780.53,14209024,N/A,2025-07-14 12:08:38
3469,5.442901,3.925923,77.099380,5.00e-05,27449.19,14213120,N/A,2025-07-14 12:08:38
3470,4.726164,3.925923,77.099380,5.00e-05,26739.42,14217216,1.0000,2025-07-14 12:08:38
3471,4.654689,3.925923,77.099380,5.00e-05,27207.91,14221312,N/A,2025-07-14 12:08:38
3472,4.628141,3.925923,77.099380,5.00e-05,27142.10,14225408,N/A,2025-07-14 12:08:38
3473,3.328154,3.925923,77.099380,5.00e-05,26966.07,14229504,N/A,2025-07-14 12:08:39
3474,4.202926,3.925923,77.099380,5.00e-05,27370.19,14233600,N/A,2025-07-14 12:08:39
3475,4.099108,3.925923,77.099380,5.00e-05,27323.35,14237696,N/A,2025-07-14 12:08:39
3476,4.527009,3.925923,77.099380,5.00e-05,27303.18,14241792,N/A,2025-07-14 12:08:39
3477,4.363527,3.925923,77.099380,5.00e-05,27307.47,14245888,N/A,2025-07-14 12:08:39
3478,5.022123,3.925923,77.099380,5.00e-05,27396.32,14249984,N/A,2025-07-14 12:08:39
3479,2.416135,3.925923,77.099380,5.00e-05,28155.21,14254080,N/A,2025-07-14 12:08:40
3480,4.783801,3.925923,77.099380,5.00e-05,27115.72,14258176,1.0000,2025-07-14 12:08:40
3481,2.320134,3.925923,77.099380,5.00e-05,27060.72,14262272,N/A,2025-07-14 12:08:40
3482,5.863240,3.925923,77.099380,5.00e-05,27240.97,14266368,N/A,2025-07-14 12:08:40
3483,4.715737,3.925923,77.099380,5.00e-05,27206.49,14270464,N/A,2025-07-14 12:08:40
3484,3.433683,3.925923,77.099380,5.00e-05,26846.68,14274560,N/A,2025-07-14 12:08:40
3485,5.382653,3.925923,77.099380,5.00e-05,26747.39,14278656,N/A,2025-07-14 12:08:41
3486,5.180894,3.925923,77.099380,5.00e-05,26559.50,14282752,N/A,2025-07-14 12:08:41
3487,2.191412,3.925923,77.099380,5.00e-05,26264.17,14286848,N/A,2025-07-14 12:08:41
3488,1.895983,3.925923,77.099380,5.00e-05,26092.16,14290944,N/A,2025-07-14 12:08:41
3489,3.867177,3.925923,77.099380,5.00e-05,27011.89,14295040,N/A,2025-07-14 12:08:41
3490,2.347567,3.925923,77.099380,5.00e-05,25796.28,14299136,1.0000,2025-07-14 12:08:42
3491,4.127870,3.925923,77.099380,5.00e-05,25793.25,14303232,N/A,2025-07-14 12:08:42
3492,3.608114,3.925923,77.099380,5.00e-05,25854.12,14307328,N/A,2025-07-14 12:08:42
3493,4.451813,3.925923,77.099380,5.00e-05,26165.03,14311424,N/A,2025-07-14 12:08:42
3494,4.293006,3.925923,77.099380,5.00e-05,26186.92,14315520,N/A,2025-07-14 12:08:42
3495,4.240645,3.925923,77.099380,5.00e-05,26361.96,14319616,N/A,2025-07-14 12:08:42
3496,4.363105,3.925923,77.099380,5.00e-05,26387.18,14323712,N/A,2025-07-14 12:08:43
3497,5.146429,3.925923,77.099380,5.00e-05,26611.42,14327808,N/A,2025-07-14 12:08:43
3498,3.444491,3.925923,77.099380,5.00e-05,26645.39,14331904,N/A,2025-07-14 12:08:43
3499,5.097156,3.925923,77.099380,5.00e-05,27989.28,14336000,N/A,2025-07-14 12:08:43
3500,4.923314,3.925923,77.099380,5.00e-05,27343.98,14340096,1.0000,2025-07-14 12:08:43
3501,2.284493,3.925923,77.099380,5.00e-05,21827.34,14344192,N/A,2025-07-14 12:08:44
3502,3.549805,3.925923,77.099380,5.00e-05,21661.44,14348288,N/A,2025-07-14 12:08:44
3503,3.660331,3.925923,77.099380,5.00e-05,21689.45,14352384,N/A,2025-07-14 12:08:44
3504,4.658937,3.925923,77.099380,5.00e-05,21685.94,14356480,N/A,2025-07-14 12:08:44
3505,4.916697,3.925923,77.099380,5.00e-05,21710.79,14360576,N/A,2025-07-14 12:08:44
3506,3.850004,3.925923,77.099380,5.00e-05,21734.14,14364672,N/A,2025-07-14 12:08:45
3507,3.937833,3.925923,77.099380,5.00e-05,21755.66,14368768,N/A,2025-07-14 12:08:45
3508,4.350526,3.925923,77.099380,5.00e-05,21655.44,14372864,N/A,2025-07-14 12:08:45
3509,4.825498,3.925923,77.099380,5.00e-05,21910.07,14376960,N/A,2025-07-14 12:08:45
3510,4.386322,3.925923,77.099380,5.00e-05,26830.19,14381056,1.0000,2025-07-14 12:08:45
3511,3.556159,3.925923,77.099380,5.00e-05,27079.50,14385152,N/A,2025-07-14 12:08:45
3512,4.984063,3.925923,77.099380,5.00e-05,27047.04,14389248,N/A,2025-07-14 12:08:46
3513,4.698752,3.925923,77.099380,5.00e-05,27087.82,14393344,N/A,2025-07-14 12:08:46
3514,3.564201,3.925923,77.099380,5.00e-05,27280.85,14397440,N/A,2025-07-14 12:08:46
3515,3.805277,3.925923,77.099380,5.00e-05,27021.76,14401536,N/A,2025-07-14 12:08:46
3516,6.081099,3.925923,77.099380,5.00e-05,26746.58,14405632,N/A,2025-07-14 12:08:46
3517,5.203350,3.925923,77.099380,5.00e-05,26728.30,14409728,N/A,2025-07-14 12:08:46
3518,0.943996,3.925923,77.099380,5.00e-05,26982.31,14413824,N/A,2025-07-14 12:08:47
3519,2.447408,3.925923,77.099380,5.00e-05,27520.27,14417920,N/A,2025-07-14 12:08:47
3520,3.789456,3.925923,77.099380,5.00e-05,26421.04,14422016,1.0000,2025-07-14 12:08:47
3521,4.553410,3.925923,77.099380,5.00e-05,26379.01,14426112,N/A,2025-07-14 12:08:47
3522,5.012841,3.925923,77.099380,5.00e-05,26062.78,14430208,N/A,2025-07-14 12:08:47
3523,4.833841,3.925923,77.099380,5.00e-05,26043.84,14434304,N/A,2025-07-14 12:08:47
3524,4.583746,3.925923,77.099380,5.00e-05,26252.03,14438400,N/A,2025-07-14 12:08:48
3525,3.323908,3.925923,77.099380,5.00e-05,26239.87,14442496,N/A,2025-07-14 12:08:48
3526,3.905430,3.925923,77.099380,5.00e-05,26413.94,14446592,N/A,2025-07-14 12:08:48
3527,5.167791,3.925923,77.099380,5.00e-05,26252.22,14450688,N/A,2025-07-14 12:08:48
3528,4.397390,3.925923,77.099380,5.00e-05,26274.98,14454784,N/A,2025-07-14 12:08:48
3529,3.831330,3.925923,77.099380,5.00e-05,27081.63,14458880,N/A,2025-07-14 12:08:48
3530,2.811567,3.925923,77.099380,5.00e-05,26082.24,14462976,1.0000,2025-07-14 12:08:49
3531,2.978253,3.925923,77.099380,5.00e-05,26140.49,14467072,N/A,2025-07-14 12:08:49
3532,2.616768,3.925923,77.099380,5.00e-05,26158.01,14471168,N/A,2025-07-14 12:08:49
3533,2.430787,3.925923,77.099380,5.00e-05,26162.71,14475264,N/A,2025-07-14 12:08:49
3534,4.551960,3.925923,77.099380,5.00e-05,26369.32,14479360,N/A,2025-07-14 12:08:49
3535,3.999593,3.925923,77.099380,5.00e-05,26274.54,14483456,N/A,2025-07-14 12:08:50
3536,4.465155,3.925923,77.099380,5.00e-05,26418.69,14487552,N/A,2025-07-14 12:08:50
3537,3.088916,3.925923,77.099380,5.00e-05,26355.31,14491648,N/A,2025-07-14 12:08:50
3538,3.597710,3.925923,77.099380,5.00e-05,26609.88,14495744,N/A,2025-07-14 12:08:50
3539,5.306210,3.925923,77.099380,5.00e-05,27657.75,14499840,N/A,2025-07-14 12:08:50
3540,4.553524,3.925923,77.099380,5.00e-05,27126.06,14503936,1.0000,2025-07-14 12:08:50
3541,1.948987,3.925923,77.099380,5.00e-05,27173.37,14508032,N/A,2025-07-14 12:08:51
3542,3.554120,3.925923,77.099380,5.00e-05,27097.09,14512128,N/A,2025-07-14 12:08:51
3543,4.297778,3.925923,77.099380,5.00e-05,27210.06,14516224,N/A,2025-07-14 12:08:51
3544,5.626725,3.925923,77.099380,5.00e-05,27261.80,14520320,N/A,2025-07-14 12:08:51
3545,4.095389,3.925923,77.099380,5.00e-05,27275.76,14524416,N/A,2025-07-14 12:08:51
3546,2.800506,3.925923,77.099380,5.00e-05,27399.23,14528512,N/A,2025-07-14 12:08:51
3547,3.710546,3.925923,77.099380,5.00e-05,27296.65,14532608,N/A,2025-07-14 12:08:52
3548,5.122708,3.925923,77.099380,5.00e-05,27340.66,14536704,N/A,2025-07-14 12:08:52
3549,3.479946,3.925923,77.099380,5.00e-05,27726.51,14540800,N/A,2025-07-14 12:08:52
3550,4.998585,3.925923,77.099380,5.00e-05,27118.46,14544896,1.0000,2025-07-14 12:08:52
3551,4.484108,3.925923,77.099380,5.00e-05,26964.29,14548992,N/A,2025-07-14 12:08:52
3552,4.688493,3.925923,77.099380,5.00e-05,26870.36,14553088,N/A,2025-07-14 12:08:52
3553,5.303829,3.925923,77.099380,5.00e-05,26973.28,14557184,N/A,2025-07-14 12:08:53
3554,5.271458,3.925923,77.099380,5.00e-05,27004.36,14561280,N/A,2025-07-14 12:08:53
3555,4.479453,3.925923,77.099380,5.00e-05,27007.98,14565376,N/A,2025-07-14 12:08:53
3556,3.374769,3.925923,77.099380,5.00e-05,27200.78,14569472,N/A,2025-07-14 12:08:53
3557,3.345221,3.925923,77.099380,5.00e-05,27307.83,14573568,N/A,2025-07-14 12:08:53
3558,3.905289,3.925923,77.099380,5.00e-05,27721.46,14577664,N/A,2025-07-14 12:08:53
3559,3.692433,3.925923,77.099380,5.00e-05,28327.85,14581760,N/A,2025-07-14 12:08:54
3560,3.141383,3.925923,77.099380,5.00e-05,27867.71,14585856,1.0000,2025-07-14 12:08:54
3561,3.606549,3.925923,77.099380,5.00e-05,27885.34,14589952,N/A,2025-07-14 12:08:54
3562,4.874917,3.925923,77.099380,5.00e-05,27673.37,14594048,N/A,2025-07-14 12:08:54
3563,2.716373,3.925923,77.099380,5.00e-05,27650.25,14598144,N/A,2025-07-14 12:08:54
3564,4.220143,3.925923,77.099380,5.00e-05,27629.91,14602240,N/A,2025-07-14 12:08:54
3565,3.465037,3.925923,77.099380,5.00e-05,27569.64,14606336,N/A,2025-07-14 12:08:55
3566,4.279620,3.925923,77.099380,5.00e-05,27308.04,14610432,N/A,2025-07-14 12:08:55
3567,4.782830,3.925923,77.099380,5.00e-05,27084.01,14614528,N/A,2025-07-14 12:08:55
3568,2.735392,3.925923,77.099380,5.00e-05,27046.08,14618624,N/A,2025-07-14 12:08:55
3569,4.141512,3.925923,77.099380,5.00e-05,27713.69,14622720,N/A,2025-07-14 12:08:55
3570,3.991354,3.925923,77.099380,5.00e-05,27039.52,14626816,1.0000,2025-07-14 12:08:55
3571,3.480421,3.925923,77.099380,5.00e-05,27166.20,14630912,N/A,2025-07-14 12:08:56
3572,3.555634,3.925923,77.099380,5.00e-05,27129.88,14635008,N/A,2025-07-14 12:08:56
3573,3.063421,3.925923,77.099380,5.00e-05,27083.45,14639104,N/A,2025-07-14 12:08:56
3574,5.971221,3.925923,77.099380,5.00e-05,27089.98,14643200,N/A,2025-07-14 12:08:56
3575,3.113588,3.925923,77.099380,5.00e-05,27263.18,14647296,N/A,2025-07-14 12:08:56
3576,3.499219,3.925923,77.099380,5.00e-05,27473.18,14651392,N/A,2025-07-14 12:08:56
3577,3.226138,3.925923,77.099380,5.00e-05,27468.83,14655488,N/A,2025-07-14 12:08:57
3578,5.124644,3.925923,77.099380,5.00e-05,27188.25,14659584,N/A,2025-07-14 12:08:57
3579,4.295208,3.925923,77.099380,5.00e-05,27867.69,14663680,N/A,2025-07-14 12:08:57
3580,2.643620,3.925923,77.099380,5.00e-05,26857.94,14667776,1.0000,2025-07-14 12:08:57
3581,4.537451,3.925923,77.099380,5.00e-05,26886.02,14671872,N/A,2025-07-14 12:08:57
3582,4.281092,3.925923,77.099380,5.00e-05,26913.91,14675968,N/A,2025-07-14 12:08:57
3583,5.348506,3.925923,77.099380,5.00e-05,26739.97,14680064,N/A,2025-07-14 12:08:58
3584,5.314157,3.925923,77.099380,5.00e-05,26269.44,14684160,N/A,2025-07-14 12:08:58
3585,3.458470,3.925923,77.099380,5.00e-05,26273.90,14688256,N/A,2025-07-14 12:08:58
3586,2.913946,3.925923,77.099380,5.00e-05,26292.44,14692352,N/A,2025-07-14 12:08:58
3587,3.980599,3.925923,77.099380,5.00e-05,26570.06,14696448,N/A,2025-07-14 12:08:58
3588,5.456846,3.925923,77.099380,5.00e-05,26539.78,14700544,N/A,2025-07-14 12:08:58
3589,3.993694,3.925923,77.099380,5.00e-05,27316.47,14704640,N/A,2025-07-14 12:08:59
3590,5.681241,3.925923,77.099380,5.00e-05,26462.88,14708736,1.0000,2025-07-14 12:08:59
3591,1.488358,3.925923,77.099380,5.00e-05,26467.61,14712832,N/A,2025-07-14 12:08:59
3592,3.506505,3.925923,77.099380,5.00e-05,26445.37,14716928,N/A,2025-07-14 12:08:59
3593,1.883246,3.925923,77.099380,5.00e-05,26775.23,14721024,N/A,2025-07-14 12:08:59
3594,4.471560,3.925923,77.099380,5.00e-05,26801.95,14725120,N/A,2025-07-14 12:08:59
3595,3.143995,3.925923,77.099380,5.00e-05,26818.42,14729216,N/A,2025-07-14 12:09:00
3596,1.908645,3.925923,77.099380,5.00e-05,26614.27,14733312,N/A,2025-07-14 12:09:00
3597,3.645395,3.925923,77.099380,5.00e-05,26383.16,14737408,N/A,2025-07-14 12:09:00
3598,4.280986,3.925923,77.099380,5.00e-05,26560.28,14741504,N/A,2025-07-14 12:09:00
3599,3.341385,3.925923,77.099380,5.00e-05,27329.42,14745600,N/A,2025-07-14 12:09:00
3600,3.721753,3.925923,77.099380,5.00e-05,26719.20,14749696,1.0000,2025-07-14 12:09:00
3601,4.820294,3.925923,77.099380,5.00e-05,21272.77,14753792,N/A,2025-07-14 12:09:01
3602,2.753059,3.925923,77.099380,5.00e-05,21267.44,14757888,N/A,2025-07-14 12:09:01
3603,5.038661,3.925923,77.099380,5.00e-05,21236.17,14761984,N/A,2025-07-14 12:09:01
3604,4.064020,3.925923,77.099380,5.00e-05,21170.27,14766080,N/A,2025-07-14 12:09:02
3605,5.688336,3.925923,77.099380,5.00e-05,21291.67,14770176,N/A,2025-07-14 12:09:02
3606,4.670828,3.925923,77.099380,5.00e-05,21434.22,14774272,N/A,2025-07-14 12:09:02
3607,4.087206,3.925923,77.099380,5.00e-05,21436.57,14778368,N/A,2025-07-14 12:09:02
3608,3.667534,3.925923,77.099380,5.00e-05,21322.67,14782464,N/A,2025-07-14 12:09:02
3609,4.504620,3.925923,77.099380,5.00e-05,21372.25,14786560,N/A,2025-07-14 12:09:02
3610,4.123802,3.925923,77.099380,5.00e-05,26053.30,14790656,1.0000,2025-07-14 12:09:03
3611,2.551010,3.925923,77.099380,5.00e-05,25988.67,14794752,N/A,2025-07-14 12:09:03
3612,3.916060,3.925923,77.099380,5.00e-05,25803.26,14798848,N/A,2025-07-14 12:09:03
3613,4.149480,3.925923,77.099380,5.00e-05,25803.33,14802944,N/A,2025-07-14 12:09:03
3614,3.025002,3.925923,77.099380,5.00e-05,25727.03,14807040,N/A,2025-07-14 12:09:03
3615,4.436977,3.925923,77.099380,5.00e-05,25735.63,14811136,N/A,2025-07-14 12:09:03
3616,3.396674,3.925923,77.099380,5.00e-05,25690.30,14815232,N/A,2025-07-14 12:09:04
3617,3.317123,3.925923,77.099380,5.00e-05,25902.79,14819328,N/A,2025-07-14 12:09:04
3618,4.060434,3.925923,77.099380,5.00e-05,26460.04,14823424,N/A,2025-07-14 12:09:04
3619,4.460873,3.925923,77.099380,5.00e-05,27461.77,14827520,N/A,2025-07-14 12:09:04
3620,1.565953,3.925923,77.099380,5.00e-05,26963.95,14831616,1.0000,2025-07-14 12:09:04
3621,4.199343,3.925923,77.099380,5.00e-05,26936.48,14835712,N/A,2025-07-14 12:09:04
3622,3.326999,3.925923,77.099380,5.00e-05,27066.39,14839808,N/A,2025-07-14 12:09:05
3623,5.206896,3.925923,77.099380,5.00e-05,27187.14,14843904,N/A,2025-07-14 12:09:05
3624,2.375121,3.925923,77.099380,5.00e-05,27203.35,14848000,N/A,2025-07-14 12:09:05
3625,3.602363,3.925923,77.099380,5.00e-05,27252.09,14852096,N/A,2025-07-14 12:09:05
3626,3.796028,3.925923,77.099380,5.00e-05,27299.56,14856192,N/A,2025-07-14 12:09:05
3627,3.634153,3.925923,77.099380,5.00e-05,27181.41,14860288,N/A,2025-07-14 12:09:05
3628,4.218657,3.925923,77.099380,5.00e-05,27177.62,14864384,N/A,2025-07-14 12:09:06
3629,3.823528,3.925923,77.099380,5.00e-05,27886.48,14868480,N/A,2025-07-14 12:09:06
3630,3.872266,3.925923,77.099380,5.00e-05,27434.67,14872576,1.0000,2025-07-14 12:09:06
3631,4.325666,3.925923,77.099380,5.00e-05,27330.48,14876672,N/A,2025-07-14 12:09:06
3632,3.264792,3.925923,77.099380,5.00e-05,27072.72,14880768,N/A,2025-07-14 12:09:06
3633,5.037727,3.925923,77.099380,5.00e-05,27132.85,14884864,N/A,2025-07-14 12:09:06
3634,4.038854,3.925923,77.099380,5.00e-05,27204.73,14888960,N/A,2025-07-14 12:09:07
3635,4.377080,3.925923,77.099380,5.00e-05,27219.89,14893056,N/A,2025-07-14 12:09:07
3636,4.373629,3.925923,77.099380,5.00e-05,27278.94,14897152,N/A,2025-07-14 12:09:07
3637,3.523541,3.925923,77.099380,5.00e-05,27314.30,14901248,N/A,2025-07-14 12:09:07
3638,4.318312,3.925923,77.099380,5.00e-05,27395.06,14905344,N/A,2025-07-14 12:09:07
3639,5.199962,3.925923,77.099380,5.00e-05,28068.29,14909440,N/A,2025-07-14 12:09:07
3640,3.091383,3.925923,77.099380,5.00e-05,27528.47,14913536,1.0000,2025-07-14 12:09:08
3641,5.258442,3.925923,77.099380,5.00e-05,27738.77,14917632,N/A,2025-07-14 12:09:08
3642,4.757324,3.925923,77.099380,5.00e-05,27745.25,14921728,N/A,2025-07-14 12:09:08
3643,3.651828,3.925923,77.099380,5.00e-05,27704.31,14925824,N/A,2025-07-14 12:09:08
3644,3.031621,3.925923,77.099380,5.00e-05,27189.17,14929920,N/A,2025-07-14 12:09:08
3645,4.540454,3.925923,77.099380,5.00e-05,27210.16,14934016,N/A,2025-07-14 12:09:08
3646,4.159833,3.925923,77.099380,5.00e-05,27206.08,14938112,N/A,2025-07-14 12:09:09
3647,4.528248,3.925923,77.099380,5.00e-05,26892.83,14942208,N/A,2025-07-14 12:09:09
3648,4.533951,3.925923,77.099380,5.00e-05,26934.16,14946304,N/A,2025-07-14 12:09:09
3649,4.708565,3.925923,77.099380,5.00e-05,27476.66,14950400,N/A,2025-07-14 12:09:09
3650,2.933560,3.925923,77.099380,5.00e-05,26853.34,14954496,1.0000,2025-07-14 12:09:09
3651,4.331721,3.925923,77.099380,5.00e-05,26888.75,14958592,N/A,2025-07-14 12:09:09
3652,4.447929,3.925923,77.099380,5.00e-05,26879.30,14962688,N/A,2025-07-14 12:09:10
3653,4.355841,3.925923,77.099380,5.00e-05,27414.81,14966784,N/A,2025-07-14 12:09:10
3654,5.113177,3.925923,77.099380,5.00e-05,27426.48,14970880,N/A,2025-07-14 12:09:10
3655,5.302871,3.925923,77.099380,5.00e-05,27463.29,14974976,N/A,2025-07-14 12:09:10
3656,3.138039,3.925923,77.099380,5.00e-05,27716.16,14979072,N/A,2025-07-14 12:09:10
3657,3.818284,3.925923,77.099380,5.00e-05,27650.47,14983168,N/A,2025-07-14 12:09:10
3658,4.813658,3.925923,77.099380,5.00e-05,27700.16,14987264,N/A,2025-07-14 12:09:11
3659,5.261112,3.925923,77.099380,5.00e-05,28361.64,14991360,N/A,2025-07-14 12:09:11
3660,3.029991,3.925923,77.099380,5.00e-05,27495.48,14995456,1.0000,2025-07-14 12:09:11
3661,4.593808,3.925923,77.099380,5.00e-05,27449.28,14999552,N/A,2025-07-14 12:09:11
3662,4.845309,3.925923,77.099380,5.00e-05,27128.15,15003648,N/A,2025-07-14 12:09:11
3663,3.420782,3.925923,77.099380,5.00e-05,27107.50,15007744,N/A,2025-07-14 12:09:11
3664,4.143412,3.925923,77.099380,5.00e-05,27039.64,15011840,N/A,2025-07-14 12:09:12
3665,4.863563,3.925923,77.099380,5.00e-05,27045.09,15015936,N/A,2025-07-14 12:09:12
3666,2.775709,3.925923,77.099380,5.00e-05,27138.86,15020032,N/A,2025-07-14 12:09:12
3667,1.704206,3.925923,77.099380,5.00e-05,27115.60,15024128,N/A,2025-07-14 12:09:12
3668,5.675642,3.925923,77.099380,5.00e-05,26857.21,15028224,N/A,2025-07-14 12:09:12
3669,4.790672,3.925923,77.099380,5.00e-05,27150.26,15032320,N/A,2025-07-14 12:09:12
3670,5.024860,3.925923,77.099380,5.00e-05,26550.63,15036416,1.0000,2025-07-14 12:09:13
3671,4.151761,3.925923,77.099380,5.00e-05,26731.64,15040512,N/A,2025-07-14 12:09:13
3672,2.648046,3.925923,77.099380,5.00e-05,26694.55,15044608,N/A,2025-07-14 12:09:13
3673,3.386728,3.925923,77.099380,5.00e-05,26497.62,15048704,N/A,2025-07-14 12:09:13
3674,3.055983,3.925923,77.099380,5.00e-05,26535.93,15052800,N/A,2025-07-14 12:09:13
3675,4.007762,3.925923,77.099380,5.00e-05,26549.77,15056896,N/A,2025-07-14 12:09:13
3676,2.877881,3.925923,77.099380,5.00e-05,26555.22,15060992,N/A,2025-07-14 12:09:14
3677,2.577244,3.925923,77.099380,5.00e-05,26809.98,15065088,N/A,2025-07-14 12:09:14
3678,4.652510,3.925923,77.099380,5.00e-05,27269.95,15069184,N/A,2025-07-14 12:09:14
3679,4.272426,3.925923,77.099380,5.00e-05,27864.70,15073280,N/A,2025-07-14 12:09:14
3680,5.595947,3.925923,77.099380,5.00e-05,27320.76,15077376,1.0000,2025-07-14 12:09:14
3681,3.744288,3.925923,77.099380,5.00e-05,27395.41,15081472,N/A,2025-07-14 12:09:14
3682,4.255804,3.925923,77.099380,5.00e-05,27676.21,15085568,N/A,2025-07-14 12:09:15
3683,3.742502,3.925923,77.099380,5.00e-05,27478.06,15089664,N/A,2025-07-14 12:09:15
3684,5.542506,3.925923,77.099380,5.00e-05,27136.27,15093760,N/A,2025-07-14 12:09:15
3685,3.392807,3.925923,77.099380,5.00e-05,27175.64,15097856,N/A,2025-07-14 12:09:15
3686,4.126377,3.925923,77.099380,5.00e-05,27234.08,15101952,N/A,2025-07-14 12:09:15
3687,3.984831,3.925923,77.099380,5.00e-05,27290.47,15106048,N/A,2025-07-14 12:09:15
3688,4.221872,3.925923,77.099380,5.00e-05,27407.48,15110144,N/A,2025-07-14 12:09:16
3689,1.848570,3.925923,77.099380,5.00e-05,27997.09,15114240,N/A,2025-07-14 12:09:16
3690,5.003530,3.925923,77.099380,5.00e-05,26672.82,15118336,1.0000,2025-07-14 12:09:16
3691,3.989281,3.925923,77.099380,5.00e-05,26173.63,15122432,N/A,2025-07-14 12:09:16
3692,3.614817,3.925923,77.099380,5.00e-05,26353.03,15126528,N/A,2025-07-14 12:09:16
3693,3.529306,3.925923,77.099380,5.00e-05,26637.29,15130624,N/A,2025-07-14 12:09:17
3694,2.970714,3.925923,77.099380,5.00e-05,26626.14,15134720,N/A,2025-07-14 12:09:17
3695,2.580052,3.925923,77.099380,5.00e-05,26578.93,15138816,N/A,2025-07-14 12:09:17
3696,4.203444,3.925923,77.099380,5.00e-05,26463.71,15142912,N/A,2025-07-14 12:09:17
3697,3.438797,3.925923,77.099380,5.00e-05,26467.32,15147008,N/A,2025-07-14 12:09:17
3698,4.543394,3.925923,77.099380,5.00e-05,26396.10,15151104,N/A,2025-07-14 12:09:17
3699,3.327701,3.925923,77.099380,5.00e-05,27096.03,15155200,N/A,2025-07-14 12:09:18
3700,4.883032,3.925923,77.099380,5.00e-05,27004.12,15159296,1.0000,2025-07-14 12:09:18
3701,4.241547,3.925923,77.099380,5.00e-05,20497.29,15163392,N/A,2025-07-14 12:09:18
3702,3.574311,3.925923,77.099380,5.00e-05,20190.95,15167488,N/A,2025-07-14 12:09:19
3703,2.746606,3.925923,77.099380,5.00e-05,20181.57,15171584,N/A,2025-07-14 12:09:19
3704,2.926758,3.925923,77.099380,5.00e-05,20205.46,15175680,N/A,2025-07-14 12:09:19
3705,3.240318,3.925923,77.099380,5.00e-05,20261.24,15179776,N/A,2025-07-14 12:09:19
3706,4.604204,3.925923,77.099380,5.00e-05,20275.61,15183872,N/A,2025-07-14 12:09:19
3707,3.071428,3.925923,77.099380,5.00e-05,20222.40,15187968,N/A,2025-07-14 12:09:19
3708,4.067328,3.925923,77.099380,5.00e-05,20535.37,15192064,N/A,2025-07-14 12:09:20
3709,4.588702,3.925923,77.099380,5.00e-05,20885.39,15196160,N/A,2025-07-14 12:09:20
3710,4.669492,3.925923,77.099380,5.00e-05,26891.04,15200256,1.0000,2025-07-14 12:09:20
3711,3.972802,3.925923,77.099380,5.00e-05,27442.20,15204352,N/A,2025-07-14 12:09:20
3712,2.714294,3.925923,77.099380,5.00e-05,27099.67,15208448,N/A,2025-07-14 12:09:20
3713,4.525026,3.925923,77.099380,5.00e-05,27111.94,15212544,N/A,2025-07-14 12:09:20
3714,4.375444,3.925923,77.099380,5.00e-05,27072.82,15216640,N/A,2025-07-14 12:09:21
3715,2.936428,3.925923,77.099380,5.00e-05,27067.16,15220736,N/A,2025-07-14 12:09:21
3716,4.814615,3.925923,77.099380,5.00e-05,27299.09,15224832,N/A,2025-07-14 12:09:21
3717,2.099734,3.925923,77.099380,5.00e-05,27260.16,15228928,N/A,2025-07-14 12:09:21
3718,4.557596,3.925923,77.099380,5.00e-05,27154.27,15233024,N/A,2025-07-14 12:09:21
3719,3.130242,3.925923,77.099380,5.00e-05,27949.28,15237120,N/A,2025-07-14 12:09:21
3720,4.895648,3.925923,77.099380,5.00e-05,27167.88,15241216,1.0000,2025-07-14 12:09:22
3721,4.018675,3.925923,77.099380,5.00e-05,27543.30,15245312,N/A,2025-07-14 12:09:22
3722,3.659466,3.925923,77.099380,5.00e-05,27542.12,15249408,N/A,2025-07-14 12:09:22
3723,4.755226,3.925923,77.099380,5.00e-05,27546.96,15253504,N/A,2025-07-14 12:09:22
3724,3.728321,3.925923,77.099380,5.00e-05,27468.88,15257600,N/A,2025-07-14 12:09:22
3725,4.348843,3.925923,77.099380,5.00e-05,27463.18,15261696,N/A,2025-07-14 12:09:22
3726,4.816815,3.925923,77.099380,5.00e-05,27497.90,15265792,N/A,2025-07-14 12:09:23
3727,5.663815,3.925923,77.099380,5.00e-05,27636.09,15269888,N/A,2025-07-14 12:09:23
3728,3.656931,3.925923,77.099380,5.00e-05,27704.27,15273984,N/A,2025-07-14 12:09:23
3729,4.602761,3.925923,77.099380,5.00e-05,28505.67,15278080,N/A,2025-07-14 12:09:23
3730,3.530445,3.925923,77.099380,5.00e-05,27859.49,15282176,1.0000,2025-07-14 12:09:23
3731,3.057585,3.925923,77.099380,5.00e-05,27879.08,15286272,N/A,2025-07-14 12:09:23
3732,2.602987,3.925923,77.099380,5.00e-05,27850.27,15290368,N/A,2025-07-14 12:09:24
3733,4.013153,3.925923,77.099380,5.00e-05,27856.91,15294464,N/A,2025-07-14 12:09:24
3734,5.133604,3.925923,77.099380,5.00e-05,27594.73,15298560,N/A,2025-07-14 12:09:24
3735,4.397838,3.925923,77.099380,5.00e-05,27611.97,15302656,N/A,2025-07-14 12:09:24
3736,5.713560,3.925923,77.099380,5.00e-05,27613.11,15306752,N/A,2025-07-14 12:09:24
3737,3.218130,3.925923,77.099380,5.00e-05,27594.15,15310848,N/A,2025-07-14 12:09:24
3738,3.114419,3.925923,77.099380,5.00e-05,27635.57,15314944,N/A,2025-07-14 12:09:24
3739,1.647073,3.925923,77.099380,5.00e-05,28240.99,15319040,N/A,2025-07-14 12:09:25
3740,5.340272,3.925923,77.099380,5.00e-05,27500.10,15323136,1.0000,2025-07-14 12:09:25
3741,5.678432,3.925923,77.099380,5.00e-05,27565.86,15327232,N/A,2025-07-14 12:09:25
3742,2.945090,3.925923,77.099380,5.00e-05,27562.26,15331328,N/A,2025-07-14 12:09:25
3743,4.121312,3.925923,77.099380,5.00e-05,27841.07,15335424,N/A,2025-07-14 12:09:25
3744,4.878554,3.925923,77.099380,5.00e-05,27853.60,15339520,N/A,2025-07-14 12:09:25
3745,5.293764,3.925923,77.099380,5.00e-05,27817.91,15343616,N/A,2025-07-14 12:09:26
3746,2.643425,3.925923,77.099380,5.00e-05,27817.92,15347712,N/A,2025-07-14 12:09:26
3747,5.595904,3.925923,77.099380,5.00e-05,27809.00,15351808,N/A,2025-07-14 12:09:26
3748,5.130983,3.925923,77.099380,5.00e-05,27783.02,15355904,N/A,2025-07-14 12:09:26
3749,4.005486,3.925923,77.099380,5.00e-05,28262.04,15360000,N/A,2025-07-14 12:09:26
3750,2.718587,3.925923,77.099380,5.00e-05,27617.40,15364096,1.0000,2025-07-14 12:09:26
3751,4.146049,3.925923,77.099380,5.00e-05,27712.78,15368192,N/A,2025-07-14 12:09:27
3752,2.995361,3.925923,77.099380,5.00e-05,27681.33,15372288,N/A,2025-07-14 12:09:27
3753,2.247998,3.925923,77.099380,5.00e-05,27663.46,15376384,N/A,2025-07-14 12:09:27
3754,2.444525,3.925923,77.099380,5.00e-05,27507.33,15380480,N/A,2025-07-14 12:09:27
3755,4.744571,3.925923,77.099380,5.00e-05,27483.15,15384576,N/A,2025-07-14 12:09:27
3756,3.322083,3.925923,77.099380,5.00e-05,27380.68,15388672,N/A,2025-07-14 12:09:27
3757,4.106411,3.925923,77.099380,5.00e-05,27330.12,15392768,N/A,2025-07-14 12:09:28
3758,3.765384,3.925923,77.099380,5.00e-05,27534.21,15396864,N/A,2025-07-14 12:09:28
3759,3.384745,3.925923,77.099380,5.00e-05,28143.36,15400960,N/A,2025-07-14 12:09:28
3760,4.818612,3.925923,77.099380,5.00e-05,26748.50,15405056,1.0000,2025-07-14 12:09:28
3761,4.898077,3.925923,77.099380,5.00e-05,26741.35,15409152,N/A,2025-07-14 12:09:28
3762,4.114267,3.925923,77.099380,5.00e-05,26745.27,15413248,N/A,2025-07-14 12:09:28
3763,5.226280,3.925923,77.099380,5.00e-05,26658.14,15417344,N/A,2025-07-14 12:09:29
3764,3.078330,3.925923,77.099380,5.00e-05,26704.00,15421440,N/A,2025-07-14 12:09:29
3765,2.967769,3.925923,77.099380,5.00e-05,26493.04,15425536,N/A,2025-07-14 12:09:29
3766,4.283807,3.925923,77.099380,5.00e-05,26615.73,15429632,N/A,2025-07-14 12:09:29
3767,4.064164,3.925923,77.099380,5.00e-05,26658.91,15433728,N/A,2025-07-14 12:09:29
3768,4.585536,3.925923,77.099380,5.00e-05,26721.04,15437824,N/A,2025-07-14 12:09:29
3769,2.116753,3.925923,77.099380,5.00e-05,28059.09,15441920,N/A,2025-07-14 12:09:30
3770,4.465042,3.925923,77.099380,5.00e-05,27309.46,15446016,1.0000,2025-07-14 12:09:30
3771,4.491658,3.925923,77.099380,5.00e-05,27321.24,15450112,N/A,2025-07-14 12:09:30
3772,3.465305,3.925923,77.099380,5.00e-05,27194.23,15454208,N/A,2025-07-14 12:09:30
3773,3.876482,3.925923,77.099380,5.00e-05,27161.70,15458304,N/A,2025-07-14 12:09:30
3774,2.092868,3.925923,77.099380,5.00e-05,27446.76,15462400,N/A,2025-07-14 12:09:30
3775,3.789357,3.925923,77.099380,5.00e-05,26992.76,15466496,N/A,2025-07-14 12:09:31
3776,3.550401,3.925923,77.099380,5.00e-05,26756.13,15470592,N/A,2025-07-14 12:09:31
3777,3.853657,3.925923,77.099380,5.00e-05,26479.85,15474688,N/A,2025-07-14 12:09:31
3778,4.840836,3.925923,77.099380,5.00e-05,26495.39,15478784,N/A,2025-07-14 12:09:31
3779,2.769013,3.925923,77.099380,5.00e-05,27086.81,15482880,N/A,2025-07-14 12:09:31
3780,3.090382,3.925923,77.099380,5.00e-05,26315.17,15486976,1.0000,2025-07-14 12:09:32
3781,3.574385,3.925923,77.099380,5.00e-05,26706.08,15491072,N/A,2025-07-14 12:09:32
3782,4.365427,3.925923,77.099380,5.00e-05,26638.40,15495168,N/A,2025-07-14 12:09:32
3783,5.043010,3.925923,77.099380,5.00e-05,26658.74,15499264,N/A,2025-07-14 12:09:32
3784,2.972621,3.925923,77.099380,5.00e-05,26928.44,15503360,N/A,2025-07-14 12:09:32
3785,3.627576,3.925923,77.099380,5.00e-05,27164.40,15507456,N/A,2025-07-14 12:09:32
3786,3.048971,3.925923,77.099380,5.00e-05,27295.82,15511552,N/A,2025-07-14 12:09:33
3787,4.738713,3.925923,77.099380,5.00e-05,27060.58,15515648,N/A,2025-07-14 12:09:33
3788,3.382659,3.925923,77.099380,5.00e-05,27205.98,15519744,N/A,2025-07-14 12:09:33
3789,4.118252,3.925923,77.099380,5.00e-05,27900.85,15523840,N/A,2025-07-14 12:09:33
3790,3.650247,3.925923,77.099380,5.00e-05,26955.41,15527936,1.0000,2025-07-14 12:09:33
3791,3.595716,3.925923,77.099380,5.00e-05,26977.98,15532032,N/A,2025-07-14 12:09:33
3792,4.078010,3.925923,77.099380,5.00e-05,27016.57,15536128,N/A,2025-07-14 12:09:34
3793,5.009247,3.925923,77.099380,5.00e-05,26683.72,15540224,N/A,2025-07-14 12:09:34
3794,4.543425,3.925923,77.099380,5.00e-05,26629.30,15544320,N/A,2025-07-14 12:09:34
3795,4.908351,3.925923,77.099380,5.00e-05,26732.70,15548416,N/A,2025-07-14 12:09:34
3796,3.807702,3.925923,77.099380,5.00e-05,26733.45,15552512,N/A,2025-07-14 12:09:34
3797,3.022621,3.925923,77.099380,5.00e-05,26773.95,15556608,N/A,2025-07-14 12:09:34
3798,2.988625,3.925923,77.099380,5.00e-05,26855.06,15560704,N/A,2025-07-14 12:09:35
3799,3.524858,3.925923,77.099380,5.00e-05,27687.34,15564800,N/A,2025-07-14 12:09:35
3800,4.879296,3.925923,77.099380,5.00e-05,27086.21,15568896,1.0000,2025-07-14 12:09:35
3801,4.157918,3.925923,77.099380,5.00e-05,21433.38,15572992,N/A,2025-07-14 12:09:35
3802,3.082652,3.925923,77.099380,5.00e-05,21490.02,15577088,N/A,2025-07-14 12:09:36
3803,4.278105,3.925923,77.099380,5.00e-05,21501.91,15581184,N/A,2025-07-14 12:09:36
3804,3.478324,3.925923,77.099380,5.00e-05,21433.98,15585280,N/A,2025-07-14 12:09:36
3805,2.510401,3.925923,77.099380,5.00e-05,21594.49,15589376,N/A,2025-07-14 12:09:36
3806,4.234157,3.925923,77.099380,5.00e-05,21541.14,15593472,N/A,2025-07-14 12:09:36
3807,5.095216,3.925923,77.099380,5.00e-05,21561.66,15597568,N/A,2025-07-14 12:09:36
3808,3.782033,3.925923,77.099380,5.00e-05,21604.93,15601664,N/A,2025-07-14 12:09:37
3809,4.033525,3.925923,77.099380,5.00e-05,21999.71,15605760,N/A,2025-07-14 12:09:37
3810,4.626443,3.925923,77.099380,5.00e-05,27353.87,15609856,1.0000,2025-07-14 12:09:37
3811,3.624146,3.925923,77.099380,5.00e-05,27770.30,15613952,N/A,2025-07-14 12:09:37
3812,2.221590,3.925923,77.099380,5.00e-05,27355.67,15618048,N/A,2025-07-14 12:09:37
3813,2.572364,3.925923,77.099380,5.00e-05,27478.39,15622144,N/A,2025-07-14 12:09:37
3814,1.773423,3.925923,77.099380,5.00e-05,27254.07,15626240,N/A,2025-07-14 12:09:38
3815,1.720025,3.925923,77.099380,5.00e-05,27308.36,15630336,N/A,2025-07-14 12:09:38
3816,4.818629,3.925923,77.099380,5.00e-05,27294.67,15634432,N/A,2025-07-14 12:09:38
3817,2.535617,3.925923,77.099380,5.00e-05,27269.27,15638528,N/A,2025-07-14 12:09:38
3818,4.058277,3.925923,77.099380,5.00e-05,27317.53,15642624,N/A,2025-07-14 12:09:38
3819,3.019175,3.925923,77.099380,5.00e-05,27885.54,15646720,N/A,2025-07-14 12:09:38
3820,2.346437,3.925923,77.099380,5.00e-05,27013.82,15650816,1.0000,2025-07-14 12:09:39
3821,4.317387,3.925923,77.099380,5.00e-05,27393.12,15654912,N/A,2025-07-14 12:09:39
3822,3.579029,3.925923,77.099380,5.00e-05,27095.21,15659008,N/A,2025-07-14 12:09:39
3823,3.849653,3.925923,77.099380,5.00e-05,27284.09,15663104,N/A,2025-07-14 12:09:39
3824,4.775361,3.925923,77.099380,5.00e-05,27229.89,15667200,N/A,2025-07-14 12:09:39
3825,4.637035,3.925923,77.099380,5.00e-05,27075.29,15671296,N/A,2025-07-14 12:09:39
3826,4.537733,3.925923,77.099380,5.00e-05,26961.60,15675392,N/A,2025-07-14 12:09:40
3827,4.037810,3.925923,77.099380,5.00e-05,26910.76,15679488,N/A,2025-07-14 12:09:40
3828,4.695543,3.925923,77.099380,5.00e-05,26929.53,15683584,N/A,2025-07-14 12:09:40
3829,3.831191,3.925923,77.099380,5.00e-05,27790.21,15687680,N/A,2025-07-14 12:09:40
3830,3.949171,3.925923,77.099380,5.00e-05,27105.88,15691776,1.0000,2025-07-14 12:09:40
3831,3.067714,3.925923,77.099380,5.00e-05,27020.39,15695872,N/A,2025-07-14 12:09:40
3832,4.314270,3.925923,77.099380,5.00e-05,26996.22,15699968,N/A,2025-07-14 12:09:41
3833,3.006189,3.925923,77.099380,5.00e-05,26748.45,15704064,N/A,2025-07-14 12:09:41
3834,4.304588,3.925923,77.099380,5.00e-05,26848.79,15708160,N/A,2025-07-14 12:09:41
3835,3.999019,3.925923,77.099380,5.00e-05,26957.72,15712256,N/A,2025-07-14 12:09:41
3836,2.924000,3.925923,77.099380,5.00e-05,26927.31,15716352,N/A,2025-07-14 12:09:41
3837,4.308983,3.925923,77.099380,5.00e-05,26956.41,15720448,N/A,2025-07-14 12:09:41
3838,4.073593,3.925923,77.099380,5.00e-05,26911.47,15724544,N/A,2025-07-14 12:09:42
3839,5.469964,3.925923,77.099380,5.00e-05,27134.69,15728640,N/A,2025-07-14 12:09:42
3840,4.190785,3.925923,77.099380,5.00e-05,26937.13,15732736,1.0000,2025-07-14 12:09:42
3841,5.107965,3.925923,77.099380,5.00e-05,27002.98,15736832,N/A,2025-07-14 12:09:42
3842,2.668570,3.925923,77.099380,5.00e-05,27297.39,15740928,N/A,2025-07-14 12:09:42
3843,2.504131,3.925923,77.099380,5.00e-05,27362.31,15745024,N/A,2025-07-14 12:09:42
3844,4.845275,3.925923,77.099380,5.00e-05,27322.84,15749120,N/A,2025-07-14 12:09:43
3845,3.518555,3.925923,77.099380,5.00e-05,27327.41,15753216,N/A,2025-07-14 12:09:43
3846,5.388772,3.925923,77.099380,5.00e-05,27286.59,15757312,N/A,2025-07-14 12:09:43
3847,3.419412,3.925923,77.099380,5.00e-05,27294.06,15761408,N/A,2025-07-14 12:09:43
3848,3.127108,3.925923,77.099380,5.00e-05,27755.90,15765504,N/A,2025-07-14 12:09:43
3849,3.456134,3.925923,77.099380,5.00e-05,28328.57,15769600,N/A,2025-07-14 12:09:43
3850,4.682703,3.925923,77.099380,5.00e-05,27703.31,15773696,1.0000,2025-07-14 12:09:44
3851,4.387707,3.925923,77.099380,5.00e-05,27711.88,15777792,N/A,2025-07-14 12:09:44
3852,3.643586,3.925923,77.099380,5.00e-05,27691.72,15781888,N/A,2025-07-14 12:09:44
3853,2.639940,3.925923,77.099380,5.00e-05,27816.79,15785984,N/A,2025-07-14 12:09:44
3854,3.929558,3.925923,77.099380,5.00e-05,27595.14,15790080,N/A,2025-07-14 12:09:44
3855,6.339720,3.925923,77.099380,5.00e-05,27141.83,15794176,N/A,2025-07-14 12:09:44
3856,3.893900,3.925923,77.099380,5.00e-05,27197.45,15798272,N/A,2025-07-14 12:09:45
3857,3.327496,3.925923,77.099380,5.00e-05,27270.62,15802368,N/A,2025-07-14 12:09:45
3858,3.600209,3.925923,77.099380,5.00e-05,27065.53,15806464,N/A,2025-07-14 12:09:45
3859,3.312016,3.925923,77.099380,5.00e-05,27649.33,15810560,N/A,2025-07-14 12:09:45
3860,4.684744,3.925923,77.099380,5.00e-05,26994.86,15814656,1.0000,2025-07-14 12:09:45
3861,4.684081,3.925923,77.099380,5.00e-05,26996.40,15818752,N/A,2025-07-14 12:09:45
3862,4.162714,3.925923,77.099380,5.00e-05,26946.43,15822848,N/A,2025-07-14 12:09:46
3863,6.190067,3.925923,77.099380,5.00e-05,27185.76,15826944,N/A,2025-07-14 12:09:46
3864,2.188076,3.925923,77.099380,5.00e-05,27609.30,15831040,N/A,2025-07-14 12:09:46
3865,4.927904,3.925923,77.099380,5.00e-05,27540.70,15835136,N/A,2025-07-14 12:09:46
3866,2.390715,3.925923,77.099380,5.00e-05,27394.37,15839232,N/A,2025-07-14 12:09:46
3867,3.734080,3.925923,77.099380,5.00e-05,27639.55,15843328,N/A,2025-07-14 12:09:46
3868,3.692278,3.925923,77.099380,5.00e-05,27619.71,15847424,N/A,2025-07-14 12:09:47
3869,4.767617,3.925923,77.099380,5.00e-05,28236.70,15851520,N/A,2025-07-14 12:09:47
3870,3.897740,3.925923,77.099380,5.00e-05,27496.81,15855616,1.0000,2025-07-14 12:09:47
3871,2.876903,3.925923,77.099380,5.00e-05,27552.49,15859712,N/A,2025-07-14 12:09:47
3872,4.669896,3.925923,77.099380,5.00e-05,27576.35,15863808,N/A,2025-07-14 12:09:47
3873,4.118368,3.925923,77.099380,5.00e-05,27673.99,15867904,N/A,2025-07-14 12:09:47
3874,2.082361,3.925923,77.099380,5.00e-05,27720.31,15872000,N/A,2025-07-14 12:09:48
3875,3.413643,3.925923,77.099380,5.00e-05,27733.45,15876096,N/A,2025-07-14 12:09:48
3876,4.715639,3.925923,77.099380,5.00e-05,27701.29,15880192,N/A,2025-07-14 12:09:48
3877,4.806306,3.925923,77.099380,5.00e-05,27722.37,15884288,N/A,2025-07-14 12:09:48
3878,5.087557,3.925923,77.099380,5.00e-05,27761.75,15888384,N/A,2025-07-14 12:09:48
3879,4.145646,3.925923,77.099380,5.00e-05,28403.74,15892480,N/A,2025-07-14 12:09:48
3880,4.727588,3.925923,77.099380,5.00e-05,27736.38,15896576,1.0000,2025-07-14 12:09:49
3881,4.525526,3.925923,77.099380,5.00e-05,27711.64,15900672,N/A,2025-07-14 12:09:49
3882,3.023809,3.925923,77.099380,5.00e-05,27660.22,15904768,N/A,2025-07-14 12:09:49
3883,4.170918,3.925923,77.099380,5.00e-05,27671.68,15908864,N/A,2025-07-14 12:09:49
3884,4.237138,3.925923,77.099380,5.00e-05,27753.54,15912960,N/A,2025-07-14 12:09:49
3885,3.500793,3.925923,77.099380,5.00e-05,27806.93,15917056,N/A,2025-07-14 12:09:49
3886,3.248816,3.925923,77.099380,5.00e-05,27810.80,15921152,N/A,2025-07-14 12:09:50
3887,2.384616,3.925923,77.099380,5.00e-05,27787.75,15925248,N/A,2025-07-14 12:09:50
3888,4.623803,3.925923,77.099380,5.00e-05,27851.45,15929344,N/A,2025-07-14 12:09:50
3889,3.024392,3.925923,77.099380,5.00e-05,27838.37,15933440,N/A,2025-07-14 12:09:50
3890,3.806079,3.925923,77.099380,5.00e-05,26446.97,15937536,1.0000,2025-07-14 12:09:50
3891,4.400720,3.925923,77.099380,5.00e-05,25910.92,15941632,N/A,2025-07-14 12:09:51
3892,3.635646,3.925923,77.099380,5.00e-05,25843.73,15945728,N/A,2025-07-14 12:09:51
3893,5.268571,3.925923,77.099380,5.00e-05,25897.09,15949824,N/A,2025-07-14 12:09:51
3894,4.154731,3.925923,77.099380,5.00e-05,25667.88,15953920,N/A,2025-07-14 12:09:51
3895,3.724094,3.925923,77.099380,5.00e-05,25578.31,15958016,N/A,2025-07-14 12:09:51
3896,3.443793,3.925923,77.099380,5.00e-05,25586.76,15962112,N/A,2025-07-14 12:09:51
3897,4.366750,3.925923,77.099380,5.00e-05,25446.94,15966208,N/A,2025-07-14 12:09:51
3898,3.650969,3.925923,77.099380,5.00e-05,26003.86,15970304,N/A,2025-07-14 12:09:52
3899,4.699254,3.925923,77.099380,5.00e-05,27284.02,15974400,N/A,2025-07-14 12:09:52
3900,2.985292,3.925923,77.099380,5.00e-05,26673.91,15978496,1.0000,2025-07-14 12:09:52
3901,3.788578,3.925923,77.099380,5.00e-05,20950.88,15982592,N/A,2025-07-14 12:09:53
3902,3.508085,3.925923,77.099380,5.00e-05,20827.28,15986688,N/A,2025-07-14 12:09:53
3903,2.866284,3.925923,77.099380,5.00e-05,20926.69,15990784,N/A,2025-07-14 12:09:53
3904,2.378120,3.925923,77.099380,5.00e-05,20954.53,15994880,N/A,2025-07-14 12:09:53
3905,4.316296,3.925923,77.099380,5.00e-05,20976.19,15998976,N/A,2025-07-14 12:09:53
3906,2.847260,3.925923,77.099380,5.00e-05,21115.34,16003072,N/A,2025-07-14 12:09:53
3907,5.469970,3.925923,77.099380,5.00e-05,21088.25,16007168,N/A,2025-07-14 12:09:54
3908,3.357221,3.925923,77.099380,5.00e-05,21138.17,16011264,N/A,2025-07-14 12:09:54
3909,3.126383,3.925923,77.099380,5.00e-05,21903.07,16015360,N/A,2025-07-14 12:09:54
3910,3.053111,3.925923,77.099380,5.00e-05,27655.38,16019456,1.0000,2025-07-14 12:09:54
3911,3.408250,3.925923,77.099380,5.00e-05,27812.34,16023552,N/A,2025-07-14 12:09:54
3912,3.544730,3.925923,77.099380,5.00e-05,27903.54,16027648,N/A,2025-07-14 12:09:54
3913,2.759809,3.925923,77.099380,5.00e-05,27975.45,16031744,N/A,2025-07-14 12:09:55
3914,4.452328,3.925923,77.099380,5.00e-05,27830.55,16035840,N/A,2025-07-14 12:09:55
3915,4.025034,3.925923,77.099380,5.00e-05,27829.02,16039936,N/A,2025-07-14 12:09:55
3916,3.950446,3.925923,77.099380,5.00e-05,27860.08,16044032,N/A,2025-07-14 12:09:55
3917,4.565758,3.925923,77.099380,5.00e-05,27852.23,16048128,N/A,2025-07-14 12:09:55
3918,3.763061,3.925923,77.099380,5.00e-05,27855.58,16052224,N/A,2025-07-14 12:09:55
3919,2.912045,3.925923,77.099380,5.00e-05,28415.61,16056320,N/A,2025-07-14 12:09:56
3920,3.443213,3.925923,77.099380,5.00e-05,27670.37,16060416,1.0000,2025-07-14 12:09:56
3921,2.791569,3.925923,77.099380,5.00e-05,27651.41,16064512,N/A,2025-07-14 12:09:56
3922,3.729320,3.925923,77.099380,5.00e-05,27571.90,16068608,N/A,2025-07-14 12:09:56
3923,5.146230,3.925923,77.099380,5.00e-05,27692.59,16072704,N/A,2025-07-14 12:09:56
3924,3.904641,3.925923,77.099380,5.00e-05,27657.14,16076800,N/A,2025-07-14 12:09:56
3925,4.287685,3.925923,77.099380,5.00e-05,27669.17,16080896,N/A,2025-07-14 12:09:57
3926,2.543523,3.925923,77.099380,5.00e-05,27717.42,16084992,N/A,2025-07-14 12:09:57
3927,4.924951,3.925923,77.099380,5.00e-05,27715.86,16089088,N/A,2025-07-14 12:09:57
3928,3.043138,3.925923,77.099380,5.00e-05,27806.09,16093184,N/A,2025-07-14 12:09:57
3929,4.048134,3.925923,77.099380,5.00e-05,28490.58,16097280,N/A,2025-07-14 12:09:57
3930,3.831537,3.925923,77.099380,5.00e-05,27814.31,16101376,1.0000,2025-07-14 12:09:57
3931,4.049424,3.925923,77.099380,5.00e-05,27810.79,16105472,N/A,2025-07-14 12:09:58
3932,2.747832,3.925923,77.099380,5.00e-05,27798.09,16109568,N/A,2025-07-14 12:09:58
3933,4.271642,3.925923,77.099380,5.00e-05,27580.94,16113664,N/A,2025-07-14 12:09:58
3934,3.602709,3.925923,77.099380,5.00e-05,27482.17,16117760,N/A,2025-07-14 12:09:58
3935,3.517248,3.925923,77.099380,5.00e-05,27472.60,16121856,N/A,2025-07-14 12:09:58
3936,3.162764,3.925923,77.099380,5.00e-05,27421.96,16125952,N/A,2025-07-14 12:09:58
3937,5.755621,3.925923,77.099380,5.00e-05,27448.12,16130048,N/A,2025-07-14 12:09:59
3938,4.453942,3.925923,77.099380,5.00e-05,27517.33,16134144,N/A,2025-07-14 12:09:59
3939,3.538199,3.925923,77.099380,5.00e-05,28083.78,16138240,N/A,2025-07-14 12:09:59
3940,3.869782,3.925923,77.099380,5.00e-05,27319.22,16142336,1.0000,2025-07-14 12:09:59
3941,3.322835,3.925923,77.099380,5.00e-05,27382.39,16146432,N/A,2025-07-14 12:09:59
3942,5.191509,3.925923,77.099380,5.00e-05,27619.16,16150528,N/A,2025-07-14 12:09:59
3943,2.750438,3.925923,77.099380,5.00e-05,27715.31,16154624,N/A,2025-07-14 12:10:00
3944,3.873976,3.925923,77.099380,5.00e-05,27636.24,16158720,N/A,2025-07-14 12:10:00
3945,4.961725,3.925923,77.099380,5.00e-05,27621.26,16162816,N/A,2025-07-14 12:10:00
3946,2.726156,3.925923,77.099380,5.00e-05,27539.33,16166912,N/A,2025-07-14 12:10:00
3947,5.524234,3.925923,77.099380,5.00e-05,27529.24,16171008,N/A,2025-07-14 12:10:00
3948,4.757116,3.925923,77.099380,5.00e-05,27322.99,16175104,N/A,2025-07-14 12:10:00
3949,4.572079,3.925923,77.099380,5.00e-05,28089.14,16179200,N/A,2025-07-14 12:10:00
3950,3.955622,3.925923,77.099380,5.00e-05,26852.21,16183296,1.0000,2025-07-14 12:10:01
3951,3.506236,3.925923,77.099380,5.00e-05,26487.19,16187392,N/A,2025-07-14 12:10:01
3952,3.398421,3.925923,77.099380,5.00e-05,26414.50,16191488,N/A,2025-07-14 12:10:01
3953,5.339613,3.925923,77.099380,5.00e-05,26450.70,16195584,N/A,2025-07-14 12:10:01
3954,4.272640,3.925923,77.099380,5.00e-05,26512.23,16199680,N/A,2025-07-14 12:10:01
3955,4.426921,3.925923,77.099380,5.00e-05,26408.80,16203776,N/A,2025-07-14 12:10:02
3956,4.458496,3.925923,77.099380,5.00e-05,26401.89,16207872,N/A,2025-07-14 12:10:02
3957,2.899163,3.925923,77.099380,5.00e-05,26186.39,16211968,N/A,2025-07-14 12:10:02
3958,2.809772,3.925923,77.099380,5.00e-05,26204.23,16216064,N/A,2025-07-14 12:10:02
3959,3.107577,3.925923,77.099380,5.00e-05,27281.69,16220160,N/A,2025-07-14 12:10:02
3960,3.428187,3.925923,77.099380,5.00e-05,26933.44,16224256,1.0000,2025-07-14 12:10:02
3961,4.969531,3.925923,77.099380,5.00e-05,26850.52,16228352,N/A,2025-07-14 12:10:03
3962,3.650149,3.925923,77.099380,5.00e-05,26702.83,16232448,N/A,2025-07-14 12:10:03
3963,2.880550,3.925923,77.099380,5.00e-05,26626.42,16236544,N/A,2025-07-14 12:10:03
3964,2.663578,3.925923,77.099380,5.00e-05,26746.68,16240640,N/A,2025-07-14 12:10:03
3965,1.926981,3.925923,77.099380,5.00e-05,26793.43,16244736,N/A,2025-07-14 12:10:03
3966,2.966139,3.925923,77.099380,5.00e-05,27252.66,16248832,N/A,2025-07-14 12:10:03
3967,5.362959,3.925923,77.099380,5.00e-05,27211.38,16252928,N/A,2025-07-14 12:10:04
3968,2.020126,3.925923,77.099380,5.00e-05,27185.86,16257024,N/A,2025-07-14 12:10:04
3969,4.141004,3.925923,77.099380,5.00e-05,27855.22,16261120,N/A,2025-07-14 12:10:04
3970,5.703593,3.925923,77.099380,5.00e-05,27320.50,16265216,1.0000,2025-07-14 12:10:04
3971,4.049764,3.925923,77.099380,5.00e-05,27462.04,16269312,N/A,2025-07-14 12:10:04
3972,5.794962,3.925923,77.099380,5.00e-05,27534.33,16273408,N/A,2025-07-14 12:10:04
3973,4.236909,3.925923,77.099380,5.00e-05,27607.42,16277504,N/A,2025-07-14 12:10:05
3974,5.016379,3.925923,77.099380,5.00e-05,27617.46,16281600,N/A,2025-07-14 12:10:05
3975,5.697392,3.925923,77.099380,5.00e-05,27697.69,16285696,N/A,2025-07-14 12:10:05
3976,4.313472,3.925923,77.099380,5.00e-05,27574.89,16289792,N/A,2025-07-14 12:10:05
3977,3.862816,3.925923,77.099380,5.00e-05,27632.78,16293888,N/A,2025-07-14 12:10:05
3978,3.817805,3.925923,77.099380,5.00e-05,27705.66,16297984,N/A,2025-07-14 12:10:05
3979,4.451471,3.925923,77.099380,5.00e-05,28065.74,16302080,N/A,2025-07-14 12:10:06
3980,3.719322,3.925923,77.099380,5.00e-05,27452.69,16306176,1.0000,2025-07-14 12:10:06
3981,4.682348,3.925923,77.099380,5.00e-05,27422.52,16310272,N/A,2025-07-14 12:10:06
3982,3.686889,3.925923,77.099380,5.00e-05,27425.05,16314368,N/A,2025-07-14 12:10:06
3983,5.038762,3.925923,77.099380,5.00e-05,27348.51,16318464,N/A,2025-07-14 12:10:06
3984,3.896432,3.925923,77.099380,5.00e-05,27275.79,16322560,N/A,2025-07-14 12:10:06
3985,4.994598,3.925923,77.099380,5.00e-05,27427.21,16326656,N/A,2025-07-14 12:10:07
3986,2.005862,3.925923,77.099380,5.00e-05,27397.48,16330752,N/A,2025-07-14 12:10:07
3987,4.969924,3.925923,77.099380,5.00e-05,27421.30,16334848,N/A,2025-07-14 12:10:07
3988,5.016587,3.925923,77.099380,5.00e-05,27507.02,16338944,N/A,2025-07-14 12:10:07
3989,3.484445,3.925923,77.099380,5.00e-05,28084.33,16343040,N/A,2025-07-14 12:10:07
3990,3.007182,3.925923,77.099380,5.00e-05,27382.31,16347136,1.0000,2025-07-14 12:10:07
3991,4.433642,3.925923,77.099380,5.00e-05,27380.47,16351232,N/A,2025-07-14 12:10:08
3992,2.866868,3.925923,77.099380,5.00e-05,27425.58,16355328,N/A,2025-07-14 12:10:08
3993,4.081776,3.925923,77.099380,5.00e-05,27497.58,16359424,N/A,2025-07-14 12:10:08
3994,4.171549,3.925923,77.099380,5.00e-05,27535.69,16363520,N/A,2025-07-14 12:10:08
3995,3.004448,3.925923,77.099380,5.00e-05,27625.65,16367616,N/A,2025-07-14 12:10:08
3996,3.775210,3.925923,77.099380,5.00e-05,27593.87,16371712,N/A,2025-07-14 12:10:08
3997,3.823814,3.925923,77.099380,5.00e-05,27813.45,16375808,N/A,2025-07-14 12:10:09
3998,5.406672,3.925923,77.099380,5.00e-05,27891.44,16379904,N/A,2025-07-14 12:10:09
3999,3.659866,3.925923,77.099380,5.00e-05,28632.21,16384000,N/A,2025-07-14 12:10:09
4000,4.913684,3.513570,44.998653,5.00e-05,3672.05,16388096,N/A,2025-07-14 12:10:19
4001,3.983799,3.513570,44.998653,5.00e-05,3517.60,16392192,N/A,2025-07-14 12:10:19
4002,4.952184,3.513570,44.998653,5.00e-05,3507.92,16396288,N/A,2025-07-14 12:10:20
4003,5.423900,3.513570,44.998653,5.00e-05,3505.13,16400384,N/A,2025-07-14 12:10:20
4004,4.884410,3.513570,44.998653,5.00e-05,3499.61,16404480,N/A,2025-07-14 12:10:20
4005,4.289036,3.513570,44.998653,5.00e-05,3495.46,16408576,N/A,2025-07-14 12:10:20
4006,4.102370,3.513570,44.998653,5.00e-05,3490.96,16412672,N/A,2025-07-14 12:10:20
4007,5.252537,3.513570,44.998653,5.00e-05,3487.24,16416768,N/A,2025-07-14 12:10:20
4008,4.529117,3.513570,44.998653,5.00e-05,3483.51,16420864,N/A,2025-07-14 12:10:21
4009,5.165237,3.513570,44.998653,5.00e-05,19933.06,16424960,N/A,2025-07-14 12:10:21
4010,4.476964,3.513570,44.998653,5.00e-05,25056.88,16429056,1.0000,2025-07-14 12:10:21
4011,2.937729,3.513570,44.998653,5.00e-05,25289.64,16433152,N/A,2025-07-14 12:10:21
4012,3.561104,3.513570,44.998653,5.00e-05,25360.02,16437248,N/A,2025-07-14 12:10:21
4013,3.352242,3.513570,44.998653,5.00e-05,25209.48,16441344,N/A,2025-07-14 12:10:22
4014,2.236915,3.513570,44.998653,5.00e-05,25098.16,16445440,N/A,2025-07-14 12:10:22
4015,4.373153,3.513570,44.998653,5.00e-05,25025.56,16449536,N/A,2025-07-14 12:10:22
4016,4.410720,3.513570,44.998653,5.00e-05,25101.09,16453632,N/A,2025-07-14 12:10:22
4017,4.658641,3.513570,44.998653,5.00e-05,25040.14,16457728,N/A,2025-07-14 12:10:22
4018,3.865824,3.513570,44.998653,5.00e-05,24946.78,16461824,N/A,2025-07-14 12:10:22
4019,2.762470,3.513570,44.998653,5.00e-05,25768.69,16465920,N/A,2025-07-14 12:10:23
4020,4.090397,3.513570,44.998653,5.00e-05,24890.71,16470016,1.0000,2025-07-14 12:10:23
4021,3.422977,3.513570,44.998653,5.00e-05,24431.91,16474112,N/A,2025-07-14 12:10:23
4022,2.932445,3.513570,44.998653,5.00e-05,24273.43,16478208,N/A,2025-07-14 12:10:23
4023,4.481349,3.513570,44.998653,5.00e-05,24140.35,16482304,N/A,2025-07-14 12:10:23
4024,3.944566,3.513570,44.998653,5.00e-05,24086.62,16486400,N/A,2025-07-14 12:10:24
4025,4.339644,3.513570,44.998653,5.00e-05,23983.62,16490496,N/A,2025-07-14 12:10:24
4026,2.371328,3.513570,44.998653,5.00e-05,24046.27,16494592,N/A,2025-07-14 12:10:24
4027,3.045275,3.513570,44.998653,5.00e-05,23753.53,16498688,N/A,2025-07-14 12:10:24
4028,4.209067,3.513570,44.998653,5.00e-05,23900.20,16502784,N/A,2025-07-14 12:10:24
4029,4.644563,3.513570,44.998653,5.00e-05,24824.09,16506880,N/A,2025-07-14 12:10:24
4030,4.972291,3.513570,44.998653,5.00e-05,24258.49,16510976,1.0000,2025-07-14 12:10:25
4031,2.694450,3.513570,44.998653,5.00e-05,24708.36,16515072,N/A,2025-07-14 12:10:25
4032,5.491839,3.513570,44.998653,5.00e-05,25104.77,16519168,N/A,2025-07-14 12:10:25
4033,2.276369,3.513570,44.998653,5.00e-05,25128.37,16523264,N/A,2025-07-14 12:10:25
4034,2.511257,3.513570,44.998653,5.00e-05,24509.27,16527360,N/A,2025-07-14 12:10:25
4035,4.948424,3.513570,44.998653,5.00e-05,24641.26,16531456,N/A,2025-07-14 12:10:26
4036,2.660546,3.513570,44.998653,5.00e-05,25165.93,16535552,N/A,2025-07-14 12:10:26
4037,3.680715,3.513570,44.998653,5.00e-05,24633.35,16539648,N/A,2025-07-14 12:10:26
4038,4.709531,3.513570,44.998653,5.00e-05,24678.70,16543744,N/A,2025-07-14 12:10:26
4039,3.028374,3.513570,44.998653,5.00e-05,25784.27,16547840,N/A,2025-07-14 12:10:26
4040,3.818039,3.513570,44.998653,5.00e-05,24857.27,16551936,1.0000,2025-07-14 12:10:27
4041,2.717828,3.513570,44.998653,5.00e-05,24838.33,16556032,N/A,2025-07-14 12:10:27
4042,4.836657,3.513570,44.998653,5.00e-05,24978.56,16560128,N/A,2025-07-14 12:10:27
4043,4.830793,3.513570,44.998653,5.00e-05,25821.95,16564224,N/A,2025-07-14 12:10:27
4044,3.859685,3.513570,44.998653,5.00e-05,25823.44,16568320,N/A,2025-07-14 12:10:27
4045,3.570255,3.513570,44.998653,5.00e-05,25862.33,16572416,N/A,2025-07-14 12:10:27
4046,4.843944,3.513570,44.998653,5.00e-05,26522.28,16576512,N/A,2025-07-14 12:10:27
4047,2.931262,3.513570,44.998653,5.00e-05,26219.96,16580608,N/A,2025-07-14 12:10:28
4048,3.174141,3.513570,44.998653,5.00e-05,25793.07,16584704,N/A,2025-07-14 12:10:28
4049,4.891498,3.513570,44.998653,5.00e-05,26625.63,16588800,N/A,2025-07-14 12:10:28
4050,3.597225,3.513570,44.998653,5.00e-05,26064.57,16592896,1.0000,2025-07-14 12:10:28
4051,3.538393,3.513570,44.998653,5.00e-05,26212.86,16596992,N/A,2025-07-14 12:10:28
4052,4.345902,3.513570,44.998653,5.00e-05,25812.51,16601088,N/A,2025-07-14 12:10:29
4053,2.453972,3.513570,44.998653,5.00e-05,25440.01,16605184,N/A,2025-07-14 12:10:29
4054,3.226013,3.513570,44.998653,5.00e-05,25374.74,16609280,N/A,2025-07-14 12:10:29
4055,3.218255,3.513570,44.998653,5.00e-05,25410.29,16613376,N/A,2025-07-14 12:10:29
4056,3.246770,3.513570,44.998653,5.00e-05,25713.48,16617472,N/A,2025-07-14 12:10:29
4057,3.144455,3.513570,44.998653,5.00e-05,26167.17,16621568,N/A,2025-07-14 12:10:29
4058,3.361647,3.513570,44.998653,5.00e-05,26429.60,16625664,N/A,2025-07-14 12:10:30
4059,3.295570,3.513570,44.998653,5.00e-05,27063.71,16629760,N/A,2025-07-14 12:10:30
4060,5.051779,3.513570,44.998653,5.00e-05,26329.64,16633856,1.0000,2025-07-14 12:10:30
4061,3.160568,3.513570,44.998653,5.00e-05,26776.20,16637952,N/A,2025-07-14 12:10:30
4062,2.307243,3.513570,44.998653,5.00e-05,27277.65,16642048,N/A,2025-07-14 12:10:30
4063,4.190662,3.513570,44.998653,5.00e-05,27529.25,16646144,N/A,2025-07-14 12:10:30
4064,3.819499,3.513570,44.998653,5.00e-05,27287.81,16650240,N/A,2025-07-14 12:10:31
4065,3.964750,3.513570,44.998653,5.00e-05,27321.53,16654336,N/A,2025-07-14 12:10:31
4066,4.465476,3.513570,44.998653,5.00e-05,26831.94,16658432,N/A,2025-07-14 12:10:31
4067,3.661626,3.513570,44.998653,5.00e-05,26840.74,16662528,N/A,2025-07-14 12:10:31
4068,4.815756,3.513570,44.998653,5.00e-05,26816.23,16666624,N/A,2025-07-14 12:10:31
4069,3.601361,3.513570,44.998653,5.00e-05,27514.38,16670720,N/A,2025-07-14 12:10:31
4070,4.896863,3.513570,44.998653,5.00e-05,26693.27,16674816,1.0000,2025-07-14 12:10:32
4071,3.416853,3.513570,44.998653,5.00e-05,26670.48,16678912,N/A,2025-07-14 12:10:32
4072,3.707213,3.513570,44.998653,5.00e-05,26626.22,16683008,N/A,2025-07-14 12:10:32
4073,3.180974,3.513570,44.998653,5.00e-05,26870.29,16687104,N/A,2025-07-14 12:10:32
4074,5.720055,3.513570,44.998653,5.00e-05,26819.19,16691200,N/A,2025-07-14 12:10:32
4075,3.150777,3.513570,44.998653,5.00e-05,27281.00,16695296,N/A,2025-07-14 12:10:32
4076,5.592940,3.513570,44.998653,5.00e-05,27233.08,16699392,N/A,2025-07-14 12:10:33
4077,4.093164,3.513570,44.998653,5.00e-05,27248.60,16703488,N/A,2025-07-14 12:10:33
4078,4.176224,3.513570,44.998653,5.00e-05,27338.63,16707584,N/A,2025-07-14 12:10:33
4079,4.820395,3.513570,44.998653,5.00e-05,28094.24,16711680,N/A,2025-07-14 12:10:33
4080,3.576355,3.513570,44.998653,5.00e-05,27311.62,16715776,1.0000,2025-07-14 12:10:33
4081,3.655651,3.513570,44.998653,5.00e-05,27254.78,16719872,N/A,2025-07-14 12:10:33
4082,3.229280,3.513570,44.998653,5.00e-05,27144.69,16723968,N/A,2025-07-14 12:10:34
4083,4.527193,3.513570,44.998653,5.00e-05,27161.71,16728064,N/A,2025-07-14 12:10:34
4084,3.780626,3.513570,44.998653,5.00e-05,27057.71,16732160,N/A,2025-07-14 12:10:34
4085,4.573751,3.513570,44.998653,5.00e-05,26717.72,16736256,N/A,2025-07-14 12:10:34
4086,4.504237,3.513570,44.998653,5.00e-05,26737.95,16740352,N/A,2025-07-14 12:10:34
4087,4.922990,3.513570,44.998653,5.00e-05,26808.18,16744448,N/A,2025-07-14 12:10:34
4088,4.807047,3.513570,44.998653,5.00e-05,26865.74,16748544,N/A,2025-07-14 12:10:35
4089,3.621978,3.513570,44.998653,5.00e-05,27564.37,16752640,N/A,2025-07-14 12:10:35
4090,5.269225,3.513570,44.998653,5.00e-05,27044.49,16756736,1.0000,2025-07-14 12:10:35
4091,4.290051,3.513570,44.998653,5.00e-05,27110.63,16760832,N/A,2025-07-14 12:10:35
4092,2.551414,3.513570,44.998653,5.00e-05,27102.91,16764928,N/A,2025-07-14 12:10:35
4093,3.615922,3.513570,44.998653,5.00e-05,27274.97,16769024,N/A,2025-07-14 12:10:35
4094,3.946773,3.513570,44.998653,5.00e-05,27309.35,16773120,N/A,2025-07-14 12:10:36
4095,5.078950,3.513570,44.998653,5.00e-05,27287.45,16777216,N/A,2025-07-14 12:10:36
4096,3.315812,3.513570,44.998653,5.00e-05,27115.02,16781312,N/A,2025-07-14 12:10:36
4097,4.318189,3.513570,44.998653,5.00e-05,27162.19,16785408,N/A,2025-07-14 12:10:36
4098,3.102517,3.513570,44.998653,5.00e-05,27120.97,16789504,N/A,2025-07-14 12:10:36
4099,1.297272,3.513570,44.998653,5.00e-05,27649.72,16793600,N/A,2025-07-14 12:10:36
4100,4.340623,3.513570,44.998653,5.00e-05,26487.70,16797696,1.0000,2025-07-14 12:10:37
4101,3.251060,3.513570,44.998653,5.00e-05,20611.11,16801792,N/A,2025-07-14 12:10:37
4102,4.310970,3.513570,44.998653,5.00e-05,20510.12,16805888,N/A,2025-07-14 12:10:37
4103,3.917277,3.513570,44.998653,5.00e-05,20701.15,16809984,N/A,2025-07-14 12:10:38
4104,5.240952,3.513570,44.998653,5.00e-05,20627.71,16814080,N/A,2025-07-14 12:10:38
4105,4.747452,3.513570,44.998653,5.00e-05,20742.80,16818176,N/A,2025-07-14 12:10:38
4106,4.843529,3.513570,44.998653,5.00e-05,20733.38,16822272,N/A,2025-07-14 12:10:38
4107,3.196261,3.513570,44.998653,5.00e-05,20760.21,16826368,N/A,2025-07-14 12:10:38
4108,3.226988,3.513570,44.998653,5.00e-05,20501.14,16830464,N/A,2025-07-14 12:10:38
4109,4.980609,3.513570,44.998653,5.00e-05,21146.35,16834560,N/A,2025-07-14 12:10:39
4110,3.388724,3.513570,44.998653,5.00e-05,26809.81,16838656,1.0000,2025-07-14 12:10:39
4111,2.851792,3.513570,44.998653,5.00e-05,26893.49,16842752,N/A,2025-07-14 12:10:39
4112,2.335762,3.513570,44.998653,5.00e-05,26817.01,16846848,N/A,2025-07-14 12:10:39
4113,2.434864,3.513570,44.998653,5.00e-05,26821.69,16850944,N/A,2025-07-14 12:10:39
4114,5.536258,3.513570,44.998653,5.00e-05,26681.03,16855040,N/A,2025-07-14 12:10:39
4115,5.025144,3.513570,44.998653,5.00e-05,26654.95,16859136,N/A,2025-07-14 12:10:40
4116,3.485597,3.513570,44.998653,5.00e-05,26507.74,16863232,N/A,2025-07-14 12:10:40
4117,5.220808,3.513570,44.998653,5.00e-05,26967.38,16867328,N/A,2025-07-14 12:10:40
4118,5.337178,3.513570,44.998653,5.00e-05,27037.60,16871424,N/A,2025-07-14 12:10:40
4119,3.073439,3.513570,44.998653,5.00e-05,27559.24,16875520,N/A,2025-07-14 12:10:40
4120,3.144067,3.513570,44.998653,5.00e-05,26947.74,16879616,1.0000,2025-07-14 12:10:41
4121,4.095831,3.513570,44.998653,5.00e-05,26962.80,16883712,N/A,2025-07-14 12:10:41
4122,5.349085,3.513570,44.998653,5.00e-05,26996.85,16887808,N/A,2025-07-14 12:10:41
4123,5.231537,3.513570,44.998653,5.00e-05,27107.62,16891904,N/A,2025-07-14 12:10:41
4124,2.430405,3.513570,44.998653,5.00e-05,26698.88,16896000,N/A,2025-07-14 12:10:41
4125,2.509161,3.513570,44.998653,5.00e-05,26384.77,16900096,N/A,2025-07-14 12:10:41
4126,3.396136,3.513570,44.998653,5.00e-05,26421.15,16904192,N/A,2025-07-14 12:10:42
4127,3.383706,3.513570,44.998653,5.00e-05,26420.95,16908288,N/A,2025-07-14 12:10:42
4128,5.199069,3.513570,44.998653,5.00e-05,26460.48,16912384,N/A,2025-07-14 12:10:42
4129,3.979034,3.513570,44.998653,5.00e-05,27071.07,16916480,N/A,2025-07-14 12:10:42
4130,4.476274,3.513570,44.998653,5.00e-05,26484.71,16920576,1.0000,2025-07-14 12:10:42
4131,3.807114,3.513570,44.998653,5.00e-05,26560.12,16924672,N/A,2025-07-14 12:10:42
4132,3.822900,3.513570,44.998653,5.00e-05,26517.12,16928768,N/A,2025-07-14 12:10:43
4133,5.649865,3.513570,44.998653,5.00e-05,26617.84,16932864,N/A,2025-07-14 12:10:43
4134,3.911267,3.513570,44.998653,5.00e-05,27170.00,16936960,N/A,2025-07-14 12:10:43
4135,3.860611,3.513570,44.998653,5.00e-05,26925.02,16941056,N/A,2025-07-14 12:10:43
4136,3.091810,3.513570,44.998653,5.00e-05,26974.79,16945152,N/A,2025-07-14 12:10:43
4137,3.427713,3.513570,44.998653,5.00e-05,27013.95,16949248,N/A,2025-07-14 12:10:43
4138,3.581676,3.513570,44.998653,5.00e-05,27039.14,16953344,N/A,2025-07-14 12:10:44
4139,3.579473,3.513570,44.998653,5.00e-05,27648.84,16957440,N/A,2025-07-14 12:10:44
4140,3.491670,3.513570,44.998653,5.00e-05,26974.30,16961536,1.0000,2025-07-14 12:10:44
4141,3.685019,3.513570,44.998653,5.00e-05,26939.03,16965632,N/A,2025-07-14 12:10:44
4142,2.393800,3.513570,44.998653,5.00e-05,27237.84,16969728,N/A,2025-07-14 12:10:44
4143,5.717556,3.513570,44.998653,5.00e-05,26987.34,16973824,N/A,2025-07-14 12:10:44
4144,3.776701,3.513570,44.998653,5.00e-05,27113.60,16977920,N/A,2025-07-14 12:10:45
4145,2.721835,3.513570,44.998653,5.00e-05,26983.03,16982016,N/A,2025-07-14 12:10:45
4146,3.311768,3.513570,44.998653,5.00e-05,26778.99,16986112,N/A,2025-07-14 12:10:45
4147,4.468821,3.513570,44.998653,5.00e-05,26788.63,16990208,N/A,2025-07-14 12:10:45
4148,2.537334,3.513570,44.998653,5.00e-05,26641.78,16994304,N/A,2025-07-14 12:10:45
4149,3.649888,3.513570,44.998653,5.00e-05,27049.16,16998400,N/A,2025-07-14 12:10:45
4150,3.537392,3.513570,44.998653,5.00e-05,26471.89,17002496,1.0000,2025-07-14 12:10:46
4151,4.193946,3.513570,44.998653,5.00e-05,26368.02,17006592,N/A,2025-07-14 12:10:46
4152,4.551178,3.513570,44.998653,5.00e-05,26554.15,17010688,N/A,2025-07-14 12:10:46
4153,5.245497,3.513570,44.998653,5.00e-05,26650.61,17014784,N/A,2025-07-14 12:10:46
4154,2.304328,3.513570,44.998653,5.00e-05,26695.79,17018880,N/A,2025-07-14 12:10:46
4155,4.245048,3.513570,44.998653,5.00e-05,26441.02,17022976,N/A,2025-07-14 12:10:46
4156,3.195867,3.513570,44.998653,5.00e-05,26266.31,17027072,N/A,2025-07-14 12:10:47
4157,3.605538,3.513570,44.998653,5.00e-05,26490.64,17031168,N/A,2025-07-14 12:10:47
4158,4.051084,3.513570,44.998653,5.00e-05,26729.41,17035264,N/A,2025-07-14 12:10:47
4159,3.188372,3.513570,44.998653,5.00e-05,27079.99,17039360,N/A,2025-07-14 12:10:47
4160,5.152901,3.513570,44.998653,5.00e-05,26504.91,17043456,1.0000,2025-07-14 12:10:47
4161,3.897974,3.513570,44.998653,5.00e-05,26528.80,17047552,N/A,2025-07-14 12:10:47
4162,4.553966,3.513570,44.998653,5.00e-05,26524.64,17051648,N/A,2025-07-14 12:10:48
4163,4.092718,3.513570,44.998653,5.00e-05,26605.53,17055744,N/A,2025-07-14 12:10:48
4164,5.080831,3.513570,44.998653,5.00e-05,27137.21,17059840,N/A,2025-07-14 12:10:48
4165,5.551088,3.513570,44.998653,5.00e-05,27323.02,17063936,N/A,2025-07-14 12:10:48
4166,3.655748,3.513570,44.998653,5.00e-05,27262.92,17068032,N/A,2025-07-14 12:10:48
4167,3.698778,3.513570,44.998653,5.00e-05,27267.90,17072128,N/A,2025-07-14 12:10:48
4168,4.692263,3.513570,44.998653,5.00e-05,27637.95,17076224,N/A,2025-07-14 12:10:49
4169,5.389915,3.513570,44.998653,5.00e-05,20228.14,17080320,N/A,2025-07-14 12:10:49
4170,5.250395,3.513570,44.998653,5.00e-05,19872.25,17084416,1.0000,2025-07-14 12:10:50
4171,1.920665,3.513570,44.998653,5.00e-05,19870.19,17088512,N/A,2025-07-14 12:10:50
4172,3.263180,3.513570,44.998653,5.00e-05,19832.06,17092608,N/A,2025-07-14 12:10:50
4173,5.763533,3.513570,44.998653,5.00e-05,19799.42,17096704,N/A,2025-07-14 12:10:50
4174,4.285975,3.513570,44.998653,5.00e-05,19748.38,17100800,N/A,2025-07-14 12:10:50
4175,3.568114,3.513570,44.998653,5.00e-05,19739.76,17104896,N/A,2025-07-14 12:10:50
4176,4.078208,3.513570,44.998653,5.00e-05,19736.25,17108992,N/A,2025-07-14 12:10:51
4177,2.388723,3.513570,44.998653,5.00e-05,19694.10,17113088,N/A,2025-07-14 12:10:51
4178,3.310369,3.513570,44.998653,5.00e-05,27326.98,17117184,N/A,2025-07-14 12:10:51
4179,4.644897,3.513570,44.998653,5.00e-05,27933.65,17121280,N/A,2025-07-14 12:10:51
4180,3.848906,3.513570,44.998653,5.00e-05,27222.22,17125376,1.0000,2025-07-14 12:10:51
4181,3.891751,3.513570,44.998653,5.00e-05,27282.75,17129472,N/A,2025-07-14 12:10:51
4182,3.889005,3.513570,44.998653,5.00e-05,27238.00,17133568,N/A,2025-07-14 12:10:52
4183,4.259307,3.513570,44.998653,5.00e-05,27188.53,17137664,N/A,2025-07-14 12:10:52
4184,2.594869,3.513570,44.998653,5.00e-05,27289.61,17141760,N/A,2025-07-14 12:10:52
4185,3.896828,3.513570,44.998653,5.00e-05,27296.67,17145856,N/A,2025-07-14 12:10:52
4186,3.885033,3.513570,44.998653,5.00e-05,27289.01,17149952,N/A,2025-07-14 12:10:52
4187,3.345341,3.513570,44.998653,5.00e-05,27301.72,17154048,N/A,2025-07-14 12:10:52
4188,4.682322,3.513570,44.998653,5.00e-05,27402.66,17158144,N/A,2025-07-14 12:10:53
4189,4.416590,3.513570,44.998653,5.00e-05,28167.88,17162240,N/A,2025-07-14 12:10:53
4190,3.146446,3.513570,44.998653,5.00e-05,27465.86,17166336,1.0000,2025-07-14 12:10:53
4191,2.439783,3.513570,44.998653,5.00e-05,27491.64,17170432,N/A,2025-07-14 12:10:53
4192,2.681361,3.513570,44.998653,5.00e-05,27628.62,17174528,N/A,2025-07-14 12:10:53
4193,4.578228,3.513570,44.998653,5.00e-05,27594.89,17178624,N/A,2025-07-14 12:10:53
4194,4.049212,3.513570,44.998653,5.00e-05,27613.59,17182720,N/A,2025-07-14 12:10:54
4195,5.001114,3.513570,44.998653,5.00e-05,27618.28,17186816,N/A,2025-07-14 12:10:54
4196,3.525412,3.513570,44.998653,5.00e-05,27629.79,17190912,N/A,2025-07-14 12:10:54
4197,3.804971,3.513570,44.998653,5.00e-05,27631.59,17195008,N/A,2025-07-14 12:10:54
4198,3.208125,3.513570,44.998653,5.00e-05,27566.56,17199104,N/A,2025-07-14 12:10:54
4199,4.960352,3.513570,44.998653,5.00e-05,28207.20,17203200,N/A,2025-07-14 12:10:54
4200,3.550386,3.513570,44.998653,5.00e-05,27546.76,17207296,1.0000,2025-07-14 12:10:55
4201,3.933215,3.513570,44.998653,5.00e-05,21696.24,17211392,N/A,2025-07-14 12:10:55
4202,4.874660,3.513570,44.998653,5.00e-05,21607.42,17215488,N/A,2025-07-14 12:10:55
4203,5.713335,3.513570,44.998653,5.00e-05,21588.54,17219584,N/A,2025-07-14 12:10:55
4204,4.633454,3.513570,44.998653,5.00e-05,21618.20,17223680,N/A,2025-07-14 12:10:56
4205,3.081930,3.513570,44.998653,5.00e-05,21635.88,17227776,N/A,2025-07-14 12:10:56
4206,4.079826,3.513570,44.998653,5.00e-05,21588.43,17231872,N/A,2025-07-14 12:10:56
4207,2.942118,3.513570,44.998653,5.00e-05,21652.60,17235968,N/A,2025-07-14 12:10:56
4208,1.700111,3.513570,44.998653,5.00e-05,21627.29,17240064,N/A,2025-07-14 12:10:56
4209,3.609981,3.513570,44.998653,5.00e-05,22003.58,17244160,N/A,2025-07-14 12:10:56
4210,3.459669,3.513570,44.998653,5.00e-05,27167.31,17248256,1.0000,2025-07-14 12:10:57
4211,3.192043,3.513570,44.998653,5.00e-05,27319.17,17252352,N/A,2025-07-14 12:10:57
4212,3.701178,3.513570,44.998653,5.00e-05,27382.13,17256448,N/A,2025-07-14 12:10:57
4213,3.541795,3.513570,44.998653,5.00e-05,26842.56,17260544,N/A,2025-07-14 12:10:57
4214,4.109673,3.513570,44.998653,5.00e-05,26820.12,17264640,N/A,2025-07-14 12:10:57
4215,3.565680,3.513570,44.998653,5.00e-05,26885.72,17268736,N/A,2025-07-14 12:10:57
4216,3.923863,3.513570,44.998653,5.00e-05,26876.96,17272832,N/A,2025-07-14 12:10:58
4217,1.759881,3.513570,44.998653,5.00e-05,27005.19,17276928,N/A,2025-07-14 12:10:58
4218,3.410393,3.513570,44.998653,5.00e-05,27074.09,17281024,N/A,2025-07-14 12:10:58
4219,5.281954,3.513570,44.998653,5.00e-05,27836.45,17285120,N/A,2025-07-14 12:10:58
4220,2.138207,3.513570,44.998653,5.00e-05,27088.30,17289216,1.0000,2025-07-14 12:10:58
4221,3.200968,3.513570,44.998653,5.00e-05,26882.57,17293312,N/A,2025-07-14 12:10:58
4222,1.957388,3.513570,44.998653,5.00e-05,27291.37,17297408,N/A,2025-07-14 12:10:59
4223,2.940608,3.513570,44.998653,5.00e-05,27296.20,17301504,N/A,2025-07-14 12:10:59
4224,4.657232,3.513570,44.998653,5.00e-05,27047.18,17305600,N/A,2025-07-14 12:10:59
4225,4.100343,3.513570,44.998653,5.00e-05,26937.37,17309696,N/A,2025-07-14 12:10:59
4226,2.533087,3.513570,44.998653,5.00e-05,26854.72,17313792,N/A,2025-07-14 12:10:59
4227,4.061242,3.513570,44.998653,5.00e-05,26833.71,17317888,N/A,2025-07-14 12:10:59
4228,3.171232,3.513570,44.998653,5.00e-05,26888.67,17321984,N/A,2025-07-14 12:11:00
4229,4.368751,3.513570,44.998653,5.00e-05,27533.70,17326080,N/A,2025-07-14 12:11:00
4230,3.318550,3.513570,44.998653,5.00e-05,26934.72,17330176,1.0000,2025-07-14 12:11:00
4231,3.206541,3.513570,44.998653,5.00e-05,26744.62,17334272,N/A,2025-07-14 12:11:00
4232,2.648905,3.513570,44.998653,5.00e-05,26786.07,17338368,N/A,2025-07-14 12:11:00
4233,5.245783,3.513570,44.998653,5.00e-05,27031.60,17342464,N/A,2025-07-14 12:11:00
4234,3.535882,3.513570,44.998653,5.00e-05,27117.38,17346560,N/A,2025-07-14 12:11:01
4235,4.028471,3.513570,44.998653,5.00e-05,27197.14,17350656,N/A,2025-07-14 12:11:01
4236,4.258790,3.513570,44.998653,5.00e-05,27238.29,17354752,N/A,2025-07-14 12:11:01
4237,3.879920,3.513570,44.998653,5.00e-05,27289.47,17358848,N/A,2025-07-14 12:11:01
4238,4.110615,3.513570,44.998653,5.00e-05,26844.94,17362944,N/A,2025-07-14 12:11:01
4239,3.443475,3.513570,44.998653,5.00e-05,27605.88,17367040,N/A,2025-07-14 12:11:01
4240,3.023353,3.513570,44.998653,5.00e-05,27195.60,17371136,1.0000,2025-07-14 12:11:02
4241,3.061382,3.513570,44.998653,5.00e-05,27196.44,17375232,N/A,2025-07-14 12:11:02
4242,3.301708,3.513570,44.998653,5.00e-05,27225.08,17379328,N/A,2025-07-14 12:11:02
4243,4.417902,3.513570,44.998653,5.00e-05,26869.41,17383424,N/A,2025-07-14 12:11:02
4244,4.012460,3.513570,44.998653,5.00e-05,26843.36,17387520,N/A,2025-07-14 12:11:02
4245,3.793599,3.513570,44.998653,5.00e-05,26843.01,17391616,N/A,2025-07-14 12:11:02
4246,1.292788,3.513570,44.998653,5.00e-05,26892.20,17395712,N/A,2025-07-14 12:11:03
4247,3.097934,3.513570,44.998653,5.00e-05,27455.52,17399808,N/A,2025-07-14 12:11:03
4248,3.908817,3.513570,44.998653,5.00e-05,27533.82,17403904,N/A,2025-07-14 12:11:03
4249,3.951801,3.513570,44.998653,5.00e-05,28275.86,17408000,N/A,2025-07-14 12:11:03
4250,3.091163,3.513570,44.998653,5.00e-05,27500.80,17412096,1.0000,2025-07-14 12:11:03
4251,3.283818,3.513570,44.998653,5.00e-05,27458.30,17416192,N/A,2025-07-14 12:11:03
4252,2.657928,3.513570,44.998653,5.00e-05,27862.29,17420288,N/A,2025-07-14 12:11:04
4253,2.931223,3.513570,44.998653,5.00e-05,27766.28,17424384,N/A,2025-07-14 12:11:04
4254,3.994814,3.513570,44.998653,5.00e-05,27302.94,17428480,N/A,2025-07-14 12:11:04
4255,4.615296,3.513570,44.998653,5.00e-05,27288.91,17432576,N/A,2025-07-14 12:11:04
4256,4.423571,3.513570,44.998653,5.00e-05,27250.52,17436672,N/A,2025-07-14 12:11:04
4257,3.349744,3.513570,44.998653,5.00e-05,27227.07,17440768,N/A,2025-07-14 12:11:04
4258,3.067671,3.513570,44.998653,5.00e-05,27291.60,17444864,N/A,2025-07-14 12:11:05
4259,4.063135,3.513570,44.998653,5.00e-05,27891.85,17448960,N/A,2025-07-14 12:11:05
4260,3.293000,3.513570,44.998653,5.00e-05,26808.19,17453056,1.0000,2025-07-14 12:11:05
4261,3.333598,3.513570,44.998653,5.00e-05,26428.34,17457152,N/A,2025-07-14 12:11:05
4262,4.903675,3.513570,44.998653,5.00e-05,26497.79,17461248,N/A,2025-07-14 12:11:05
4263,4.018031,3.513570,44.998653,5.00e-05,26982.25,17465344,N/A,2025-07-14 12:11:05
4264,3.890795,3.513570,44.998653,5.00e-05,26842.89,17469440,N/A,2025-07-14 12:11:06
4265,2.998206,3.513570,44.998653,5.00e-05,26365.80,17473536,N/A,2025-07-14 12:11:06
4266,3.798518,3.513570,44.998653,5.00e-05,26105.08,17477632,N/A,2025-07-14 12:11:06
4267,3.820124,3.513570,44.998653,5.00e-05,26016.83,17481728,N/A,2025-07-14 12:11:06
4268,4.154806,3.513570,44.998653,5.00e-05,26052.53,17485824,N/A,2025-07-14 12:11:06
4269,2.415299,3.513570,44.998653,5.00e-05,26893.29,17489920,N/A,2025-07-14 12:11:06
4270,3.781987,3.513570,44.998653,5.00e-05,26556.04,17494016,1.0000,2025-07-14 12:11:07
4271,4.308578,3.513570,44.998653,5.00e-05,26586.20,17498112,N/A,2025-07-14 12:11:07
4272,2.979598,3.513570,44.998653,5.00e-05,26477.62,17502208,N/A,2025-07-14 12:11:07
4273,2.742224,3.513570,44.998653,5.00e-05,26285.17,17506304,N/A,2025-07-14 12:11:07
4274,3.832070,3.513570,44.998653,5.00e-05,26555.54,17510400,N/A,2025-07-14 12:11:07
4275,2.931025,3.513570,44.998653,5.00e-05,26770.84,17514496,N/A,2025-07-14 12:11:08
4276,5.054453,3.513570,44.998653,5.00e-05,26765.64,17518592,N/A,2025-07-14 12:11:08
4277,4.407928,3.513570,44.998653,5.00e-05,26376.53,17522688,N/A,2025-07-14 12:11:08
4278,4.970381,3.513570,44.998653,5.00e-05,26037.03,17526784,N/A,2025-07-14 12:11:08
4279,4.411497,3.513570,44.998653,5.00e-05,26646.29,17530880,N/A,2025-07-14 12:11:08
4280,4.480246,3.513570,44.998653,5.00e-05,25922.64,17534976,1.0000,2025-07-14 12:11:08
4281,4.222697,3.513570,44.998653,5.00e-05,25949.51,17539072,N/A,2025-07-14 12:11:09
4282,3.141540,3.513570,44.998653,5.00e-05,26175.52,17543168,N/A,2025-07-14 12:11:09
4283,4.105348,3.513570,44.998653,5.00e-05,26176.90,17547264,N/A,2025-07-14 12:11:09
4284,4.133612,3.513570,44.998653,5.00e-05,26266.56,17551360,N/A,2025-07-14 12:11:09
4285,1.948755,3.513570,44.998653,5.00e-05,26352.18,17555456,N/A,2025-07-14 12:11:09
4286,3.923929,3.513570,44.998653,5.00e-05,26749.12,17559552,N/A,2025-07-14 12:11:09
4287,3.963773,3.513570,44.998653,5.00e-05,27290.63,17563648,N/A,2025-07-14 12:11:10
4288,4.968032,3.513570,44.998653,5.00e-05,27371.79,17567744,N/A,2025-07-14 12:11:10
4289,2.914785,3.513570,44.998653,5.00e-05,28078.20,17571840,N/A,2025-07-14 12:11:10
4290,4.238296,3.513570,44.998653,5.00e-05,27161.50,17575936,1.0000,2025-07-14 12:11:10
4291,2.287841,3.513570,44.998653,5.00e-05,27264.00,17580032,N/A,2025-07-14 12:11:10
4292,2.723342,3.513570,44.998653,5.00e-05,27521.83,17584128,N/A,2025-07-14 12:11:10
4293,2.495402,3.513570,44.998653,5.00e-05,27488.63,17588224,N/A,2025-07-14 12:11:11
4294,4.104802,3.513570,44.998653,5.00e-05,27488.17,17592320,N/A,2025-07-14 12:11:11
4295,3.463496,3.513570,44.998653,5.00e-05,27265.65,17596416,N/A,2025-07-14 12:11:11
4296,4.004522,3.513570,44.998653,5.00e-05,27093.25,17600512,N/A,2025-07-14 12:11:11
4297,2.735616,3.513570,44.998653,5.00e-05,27037.83,17604608,N/A,2025-07-14 12:11:11
4298,3.112570,3.513570,44.998653,5.00e-05,26756.14,17608704,N/A,2025-07-14 12:11:11
4299,2.830664,3.513570,44.998653,5.00e-05,27507.08,17612800,N/A,2025-07-14 12:11:12
4300,4.551270,3.513570,44.998653,5.00e-05,26477.71,17616896,1.0000,2025-07-14 12:11:12
4301,3.980505,3.513570,44.998653,5.00e-05,19060.98,17620992,N/A,2025-07-14 12:11:13
4302,1.774637,3.513570,44.998653,5.00e-05,18959.32,17625088,N/A,2025-07-14 12:11:13
4303,3.690849,3.513570,44.998653,5.00e-05,18949.59,17629184,N/A,2025-07-14 12:11:13
4304,2.335840,3.513570,44.998653,5.00e-05,19095.32,17633280,N/A,2025-07-14 12:11:13
4305,4.071376,3.513570,44.998653,5.00e-05,19068.27,17637376,N/A,2025-07-14 12:11:13
4306,3.271759,3.513570,44.998653,5.00e-05,19094.33,17641472,N/A,2025-07-14 12:11:13
4307,4.401628,3.513570,44.998653,5.00e-05,19280.12,17645568,N/A,2025-07-14 12:11:14
4308,1.838325,3.513570,44.998653,5.00e-05,19351.63,17649664,N/A,2025-07-14 12:11:14
4309,2.565496,3.513570,44.998653,5.00e-05,19851.24,17653760,N/A,2025-07-14 12:11:14
4310,4.589248,3.513570,44.998653,5.00e-05,27146.88,17657856,1.0000,2025-07-14 12:11:14
4311,3.793945,3.513570,44.998653,5.00e-05,27279.61,17661952,N/A,2025-07-14 12:11:14
4312,5.601905,3.513570,44.998653,5.00e-05,27288.71,17666048,N/A,2025-07-14 12:11:14
4313,2.962114,3.513570,44.998653,5.00e-05,27331.75,17670144,N/A,2025-07-14 12:11:15
4314,2.937428,3.513570,44.998653,5.00e-05,27575.90,17674240,N/A,2025-07-14 12:11:15
4315,5.242219,3.513570,44.998653,5.00e-05,27512.77,17678336,N/A,2025-07-14 12:11:15
4316,4.517727,3.513570,44.998653,5.00e-05,26986.80,17682432,N/A,2025-07-14 12:11:15
4317,4.061843,3.513570,44.998653,5.00e-05,27046.39,17686528,N/A,2025-07-14 12:11:15
4318,5.318722,3.513570,44.998653,5.00e-05,27090.07,17690624,N/A,2025-07-14 12:11:15
4319,2.715727,3.513570,44.998653,5.00e-05,27669.65,17694720,N/A,2025-07-14 12:11:16
4320,3.490252,3.513570,44.998653,5.00e-05,26805.86,17698816,1.0000,2025-07-14 12:11:16
4321,3.934919,3.513570,44.998653,5.00e-05,26602.85,17702912,N/A,2025-07-14 12:11:16
4322,2.961848,3.513570,44.998653,5.00e-05,26436.25,17707008,N/A,2025-07-14 12:11:16
4323,4.010820,3.513570,44.998653,5.00e-05,26177.47,17711104,N/A,2025-07-14 12:11:16
4324,3.853553,3.513570,44.998653,5.00e-05,26249.21,17715200,N/A,2025-07-14 12:11:16
4325,2.276964,3.513570,44.998653,5.00e-05,26695.71,17719296,N/A,2025-07-14 12:11:17
4326,4.595875,3.513570,44.998653,5.00e-05,26675.06,17723392,N/A,2025-07-14 12:11:17
4327,4.139955,3.513570,44.998653,5.00e-05,26661.23,17727488,N/A,2025-07-14 12:11:17
4328,3.733651,3.513570,44.998653,5.00e-05,26912.93,17731584,N/A,2025-07-14 12:11:17
4329,3.536252,3.513570,44.998653,5.00e-05,27766.13,17735680,N/A,2025-07-14 12:11:17
4330,3.832908,3.513570,44.998653,5.00e-05,27139.38,17739776,1.0000,2025-07-14 12:11:17
4331,4.637839,3.513570,44.998653,5.00e-05,27099.11,17743872,N/A,2025-07-14 12:11:18
4332,3.370604,3.513570,44.998653,5.00e-05,27001.41,17747968,N/A,2025-07-14 12:11:18
4333,3.680204,3.513570,44.998653,5.00e-05,26985.60,17752064,N/A,2025-07-14 12:11:18
4334,2.276251,3.513570,44.998653,5.00e-05,27027.06,17756160,N/A,2025-07-14 12:11:18
4335,3.739152,3.513570,44.998653,5.00e-05,27043.14,17760256,N/A,2025-07-14 12:11:18
4336,3.442469,3.513570,44.998653,5.00e-05,27008.79,17764352,N/A,2025-07-14 12:11:18
4337,4.661595,3.513570,44.998653,5.00e-05,27007.58,17768448,N/A,2025-07-14 12:11:19
4338,2.922308,3.513570,44.998653,5.00e-05,27096.83,17772544,N/A,2025-07-14 12:11:19
4339,4.160358,3.513570,44.998653,5.00e-05,27817.05,17776640,N/A,2025-07-14 12:11:19
4340,3.740796,3.513570,44.998653,5.00e-05,27042.18,17780736,1.0000,2025-07-14 12:11:19
4341,2.681614,3.513570,44.998653,5.00e-05,27388.05,17784832,N/A,2025-07-14 12:11:19
4342,3.556758,3.513570,44.998653,5.00e-05,27239.33,17788928,N/A,2025-07-14 12:11:19
4343,1.963556,3.513570,44.998653,5.00e-05,27274.74,17793024,N/A,2025-07-14 12:11:20
4344,3.704951,3.513570,44.998653,5.00e-05,27260.90,17797120,N/A,2025-07-14 12:11:20
4345,3.451815,3.513570,44.998653,5.00e-05,27271.25,17801216,N/A,2025-07-14 12:11:20
4346,3.038995,3.513570,44.998653,5.00e-05,27270.72,17805312,N/A,2025-07-14 12:11:20
4347,3.357230,3.513570,44.998653,5.00e-05,27267.24,17809408,N/A,2025-07-14 12:11:20
4348,5.297225,3.513570,44.998653,5.00e-05,27372.85,17813504,N/A,2025-07-14 12:11:20
4349,5.110083,3.513570,44.998653,5.00e-05,27757.02,17817600,N/A,2025-07-14 12:11:21
4350,3.313322,3.513570,44.998653,5.00e-05,26881.19,17821696,1.0000,2025-07-14 12:11:21
4351,3.691436,3.513570,44.998653,5.00e-05,26796.53,17825792,N/A,2025-07-14 12:11:21
4352,3.219656,3.513570,44.998653,5.00e-05,26693.51,17829888,N/A,2025-07-14 12:11:21
4353,3.522519,3.513570,44.998653,5.00e-05,26629.18,17833984,N/A,2025-07-14 12:11:21
4354,4.762693,3.513570,44.998653,5.00e-05,26237.28,17838080,N/A,2025-07-14 12:11:22
4355,3.963641,3.513570,44.998653,5.00e-05,25799.95,17842176,N/A,2025-07-14 12:11:22
4356,3.166484,3.513570,44.998653,5.00e-05,25783.59,17846272,N/A,2025-07-14 12:11:22
4357,2.330279,3.513570,44.998653,5.00e-05,25709.30,17850368,N/A,2025-07-14 12:11:22
4358,3.488616,3.513570,44.998653,5.00e-05,26205.96,17854464,N/A,2025-07-14 12:11:22
4359,4.244557,3.513570,44.998653,5.00e-05,27003.82,17858560,N/A,2025-07-14 12:11:22
4360,3.170855,3.513570,44.998653,5.00e-05,26531.03,17862656,1.0000,2025-07-14 12:11:23
4361,4.327144,3.513570,44.998653,5.00e-05,26565.11,17866752,N/A,2025-07-14 12:11:23
4362,3.064171,3.513570,44.998653,5.00e-05,26602.09,17870848,N/A,2025-07-14 12:11:23
4363,2.826884,3.513570,44.998653,5.00e-05,27064.14,17874944,N/A,2025-07-14 12:11:23
4364,3.465901,3.513570,44.998653,5.00e-05,27446.02,17879040,N/A,2025-07-14 12:11:23
4365,4.051950,3.513570,44.998653,5.00e-05,27452.17,17883136,N/A,2025-07-14 12:11:23
4366,4.819195,3.513570,44.998653,5.00e-05,27259.62,17887232,N/A,2025-07-14 12:11:24
4367,3.989589,3.513570,44.998653,5.00e-05,27168.39,17891328,N/A,2025-07-14 12:11:24
4368,3.375538,3.513570,44.998653,5.00e-05,27251.28,17895424,N/A,2025-07-14 12:11:24
4369,3.565968,3.513570,44.998653,5.00e-05,27935.62,17899520,N/A,2025-07-14 12:11:24
4370,3.962259,3.513570,44.998653,5.00e-05,27310.23,17903616,1.0000,2025-07-14 12:11:24
4371,3.716098,3.513570,44.998653,5.00e-05,27125.83,17907712,N/A,2025-07-14 12:11:24
4372,5.081495,3.513570,44.998653,5.00e-05,27090.42,17911808,N/A,2025-07-14 12:11:25
4373,3.931330,3.513570,44.998653,5.00e-05,27159.69,17915904,N/A,2025-07-14 12:11:25
4374,3.803122,3.513570,44.998653,5.00e-05,27161.56,17920000,N/A,2025-07-14 12:11:25
4375,3.419145,3.513570,44.998653,5.00e-05,27391.13,17924096,N/A,2025-07-14 12:11:25
4376,2.740627,3.513570,44.998653,5.00e-05,27517.80,17928192,N/A,2025-07-14 12:11:25
4377,2.586798,3.513570,44.998653,5.00e-05,27479.45,17932288,N/A,2025-07-14 12:11:25
4378,4.224841,3.513570,44.998653,5.00e-05,27498.95,17936384,N/A,2025-07-14 12:11:25
4379,3.948025,3.513570,44.998653,5.00e-05,28124.43,17940480,N/A,2025-07-14 12:11:26
4380,4.235341,3.513570,44.998653,5.00e-05,27695.10,17944576,1.0000,2025-07-14 12:11:26
4381,3.573446,3.513570,44.998653,5.00e-05,27586.00,17948672,N/A,2025-07-14 12:11:26
4382,1.697778,3.513570,44.998653,5.00e-05,27547.01,17952768,N/A,2025-07-14 12:11:26
4383,4.624141,3.513570,44.998653,5.00e-05,27279.08,17956864,N/A,2025-07-14 12:11:26
4384,3.154944,3.513570,44.998653,5.00e-05,27271.85,17960960,N/A,2025-07-14 12:11:27
4385,5.360828,3.513570,44.998653,5.00e-05,27270.27,17965056,N/A,2025-07-14 12:11:27
4386,2.279812,3.513570,44.998653,5.00e-05,27272.55,17969152,N/A,2025-07-14 12:11:27
4387,4.897979,3.513570,44.998653,5.00e-05,26952.55,17973248,N/A,2025-07-14 12:11:27
4388,4.483488,3.513570,44.998653,5.00e-05,26998.70,17977344,N/A,2025-07-14 12:11:27
4389,4.126752,3.513570,44.998653,5.00e-05,27392.42,17981440,N/A,2025-07-14 12:11:27
4390,4.008162,3.513570,44.998653,5.00e-05,26932.76,17985536,1.0000,2025-07-14 12:11:28
4391,4.271817,3.513570,44.998653,5.00e-05,26514.66,17989632,N/A,2025-07-14 12:11:28
4392,4.171885,3.513570,44.998653,5.00e-05,26708.16,17993728,N/A,2025-07-14 12:11:28
4393,3.405734,3.513570,44.998653,5.00e-05,26327.17,17997824,N/A,2025-07-14 12:11:28
4394,2.182766,3.513570,44.998653,5.00e-05,26192.75,18001920,N/A,2025-07-14 12:11:28
4395,5.237053,3.513570,44.998653,5.00e-05,26060.52,18006016,N/A,2025-07-14 12:11:28
4396,5.207059,3.513570,44.998653,5.00e-05,26214.28,18010112,N/A,2025-07-14 12:11:29
4397,3.553467,3.513570,44.998653,5.00e-05,26164.55,18014208,N/A,2025-07-14 12:11:29
4398,4.329806,3.513570,44.998653,5.00e-05,26206.57,18018304,N/A,2025-07-14 12:11:29
4399,2.878252,3.513570,44.998653,5.00e-05,26613.61,18022400,N/A,2025-07-14 12:11:29
4400,4.358458,3.513570,44.998653,5.00e-05,26393.63,18026496,1.0000,2025-07-14 12:11:29
4401,5.059894,3.513570,44.998653,5.00e-05,19714.54,18030592,N/A,2025-07-14 12:11:30
4402,4.924708,3.513570,44.998653,5.00e-05,19879.57,18034688,N/A,2025-07-14 12:11:30
4403,3.628926,3.513570,44.998653,5.00e-05,19917.91,18038784,N/A,2025-07-14 12:11:30
4404,2.657486,3.513570,44.998653,5.00e-05,19985.89,18042880,N/A,2025-07-14 12:11:30
4405,4.055000,3.513570,44.998653,5.00e-05,20093.44,18046976,N/A,2025-07-14 12:11:31
4406,4.382058,3.513570,44.998653,5.00e-05,20097.14,18051072,N/A,2025-07-14 12:11:31
4407,4.866504,3.513570,44.998653,5.00e-05,20204.11,18055168,N/A,2025-07-14 12:11:31
4408,2.878309,3.513570,44.998653,5.00e-05,20283.56,18059264,N/A,2025-07-14 12:11:31
4409,3.890442,3.513570,44.998653,5.00e-05,20669.17,18063360,N/A,2025-07-14 12:11:31
4410,3.589366,3.513570,44.998653,5.00e-05,27497.49,18067456,1.0000,2025-07-14 12:11:31
4411,4.163315,3.513570,44.998653,5.00e-05,27592.22,18071552,N/A,2025-07-14 12:11:32
4412,4.901635,3.513570,44.998653,5.00e-05,27625.18,18075648,N/A,2025-07-14 12:11:32
4413,4.038721,3.513570,44.998653,5.00e-05,27424.07,18079744,N/A,2025-07-14 12:11:32
4414,4.181362,3.513570,44.998653,5.00e-05,27381.41,18083840,N/A,2025-07-14 12:11:32
4415,4.230696,3.513570,44.998653,5.00e-05,27377.17,18087936,N/A,2025-07-14 12:11:32
4416,3.371896,3.513570,44.998653,5.00e-05,27358.39,18092032,N/A,2025-07-14 12:11:32
4417,2.951586,3.513570,44.998653,5.00e-05,27358.45,18096128,N/A,2025-07-14 12:11:33
4418,3.597207,3.513570,44.998653,5.00e-05,27396.75,18100224,N/A,2025-07-14 12:11:33
4419,4.282956,3.513570,44.998653,5.00e-05,28017.57,18104320,N/A,2025-07-14 12:11:33
4420,4.568715,3.513570,44.998653,5.00e-05,27095.38,18108416,1.0000,2025-07-14 12:11:33
4421,3.940171,3.513570,44.998653,5.00e-05,26695.32,18112512,N/A,2025-07-14 12:11:33
4422,3.773619,3.513570,44.998653,5.00e-05,26790.05,18116608,N/A,2025-07-14 12:11:33
4423,4.563836,3.513570,44.998653,5.00e-05,26760.40,18120704,N/A,2025-07-14 12:11:34
4424,3.220796,3.513570,44.998653,5.00e-05,26677.07,18124800,N/A,2025-07-14 12:11:34
4425,4.519483,3.513570,44.998653,5.00e-05,26589.25,18128896,N/A,2025-07-14 12:11:34
4426,4.408540,3.513570,44.998653,5.00e-05,26541.84,18132992,N/A,2025-07-14 12:11:34
4427,2.980450,3.513570,44.998653,5.00e-05,26227.18,18137088,N/A,2025-07-14 12:11:34
4428,5.527933,3.513570,44.998653,5.00e-05,26111.72,18141184,N/A,2025-07-14 12:11:34
4429,4.230006,3.513570,44.998653,5.00e-05,26883.00,18145280,N/A,2025-07-14 12:11:35
4430,5.575451,3.513570,44.998653,5.00e-05,26630.38,18149376,1.0000,2025-07-14 12:11:35
4431,3.726499,3.513570,44.998653,5.00e-05,26591.37,18153472,N/A,2025-07-14 12:11:35
4432,5.352238,3.513570,44.998653,5.00e-05,26542.25,18157568,N/A,2025-07-14 12:11:35
4433,3.262514,3.513570,44.998653,5.00e-05,26515.38,18161664,N/A,2025-07-14 12:11:35
4434,4.657909,3.513570,44.998653,5.00e-05,26551.26,18165760,N/A,2025-07-14 12:11:36
4435,4.031850,3.513570,44.998653,5.00e-05,26474.27,18169856,N/A,2025-07-14 12:11:36
4436,2.969256,3.513570,44.998653,5.00e-05,26652.99,18173952,N/A,2025-07-14 12:11:36
4437,4.407135,3.513570,44.998653,5.00e-05,26691.84,18178048,N/A,2025-07-14 12:11:36
4438,4.552934,3.513570,44.998653,5.00e-05,26679.58,18182144,N/A,2025-07-14 12:11:36
4439,3.259629,3.513570,44.998653,5.00e-05,27127.66,18186240,N/A,2025-07-14 12:11:36
4440,3.865848,3.513570,44.998653,5.00e-05,26409.31,18190336,1.0000,2025-07-14 12:11:37
4441,3.686564,3.513570,44.998653,5.00e-05,26477.48,18194432,N/A,2025-07-14 12:11:37
4442,3.943140,3.513570,44.998653,5.00e-05,26647.24,18198528,N/A,2025-07-14 12:11:37
4443,3.741990,3.513570,44.998653,5.00e-05,26582.02,18202624,N/A,2025-07-14 12:11:37
4444,2.785688,3.513570,44.998653,5.00e-05,26374.79,18206720,N/A,2025-07-14 12:11:37
4445,3.884830,3.513570,44.998653,5.00e-05,26434.43,18210816,N/A,2025-07-14 12:11:37
4446,4.187775,3.513570,44.998653,5.00e-05,26551.38,18214912,N/A,2025-07-14 12:11:38
4447,2.425497,3.513570,44.998653,5.00e-05,26624.96,18219008,N/A,2025-07-14 12:11:38
4448,2.746945,3.513570,44.998653,5.00e-05,26826.52,18223104,N/A,2025-07-14 12:11:38
4449,4.210537,3.513570,44.998653,5.00e-05,27460.63,18227200,N/A,2025-07-14 12:11:38
4450,3.630751,3.513570,44.998653,5.00e-05,26856.94,18231296,1.0000,2025-07-14 12:11:38
4451,3.750202,3.513570,44.998653,5.00e-05,26786.40,18235392,N/A,2025-07-14 12:11:38
4452,1.758006,3.513570,44.998653,5.00e-05,26867.16,18239488,N/A,2025-07-14 12:11:39
4453,4.029911,3.513570,44.998653,5.00e-05,27030.06,18243584,N/A,2025-07-14 12:11:39
4454,3.154171,3.513570,44.998653,5.00e-05,26940.48,18247680,N/A,2025-07-14 12:11:39
4455,3.108867,3.513570,44.998653,5.00e-05,26744.27,18251776,N/A,2025-07-14 12:11:39
4456,2.593385,3.513570,44.998653,5.00e-05,26748.61,18255872,N/A,2025-07-14 12:11:39
4457,4.838361,3.513570,44.998653,5.00e-05,26733.62,18259968,N/A,2025-07-14 12:11:39
4458,4.111724,3.513570,44.998653,5.00e-05,26849.41,18264064,N/A,2025-07-14 12:11:40
4459,2.864883,3.513570,44.998653,5.00e-05,27346.70,18268160,N/A,2025-07-14 12:11:40
4460,3.915580,3.513570,44.998653,5.00e-05,26679.71,18272256,1.0000,2025-07-14 12:11:40
4461,4.465389,3.513570,44.998653,5.00e-05,26705.94,18276352,N/A,2025-07-14 12:11:40
4462,3.390883,3.513570,44.998653,5.00e-05,26614.45,18280448,N/A,2025-07-14 12:11:40
4463,4.232532,3.513570,44.998653,5.00e-05,26662.97,18284544,N/A,2025-07-14 12:11:40
4464,3.482288,3.513570,44.998653,5.00e-05,26858.91,18288640,N/A,2025-07-14 12:11:41
4465,3.005597,3.513570,44.998653,5.00e-05,26804.93,18292736,N/A,2025-07-14 12:11:41
4466,4.127650,3.513570,44.998653,5.00e-05,26693.42,18296832,N/A,2025-07-14 12:11:41
4467,2.893021,3.513570,44.998653,5.00e-05,26799.93,18300928,N/A,2025-07-14 12:11:41
4468,5.411192,3.513570,44.998653,5.00e-05,26799.34,18305024,N/A,2025-07-14 12:11:41
4469,3.876221,3.513570,44.998653,5.00e-05,27324.63,18309120,N/A,2025-07-14 12:11:41
4470,3.517999,3.513570,44.998653,5.00e-05,26328.78,18313216,1.0000,2025-07-14 12:11:42
4471,4.260847,3.513570,44.998653,5.00e-05,26555.76,18317312,N/A,2025-07-14 12:11:42
4472,3.184770,3.513570,44.998653,5.00e-05,26584.99,18321408,N/A,2025-07-14 12:11:42
4473,4.011439,3.513570,44.998653,5.00e-05,25985.45,18325504,N/A,2025-07-14 12:11:42
4474,3.979633,3.513570,44.998653,5.00e-05,25995.98,18329600,N/A,2025-07-14 12:11:42
4475,3.472279,3.513570,44.998653,5.00e-05,26009.44,18333696,N/A,2025-07-14 12:11:43
4476,3.647653,3.513570,44.998653,5.00e-05,25934.88,18337792,N/A,2025-07-14 12:11:43
4477,5.213289,3.513570,44.998653,5.00e-05,25932.75,18341888,N/A,2025-07-14 12:11:43
4478,3.054225,3.513570,44.998653,5.00e-05,25752.66,18345984,N/A,2025-07-14 12:11:43
4479,3.907966,3.513570,44.998653,5.00e-05,26173.27,18350080,N/A,2025-07-14 12:11:43
4480,1.867249,3.513570,44.998653,5.00e-05,25473.54,18354176,1.0000,2025-07-14 12:11:43
4481,4.057754,3.513570,44.998653,5.00e-05,25430.50,18358272,N/A,2025-07-14 12:11:44
4482,3.832902,3.513570,44.998653,5.00e-05,25919.27,18362368,N/A,2025-07-14 12:11:44
4483,5.522232,3.513570,44.998653,5.00e-05,25924.32,18366464,N/A,2025-07-14 12:11:44
4484,4.747259,3.513570,44.998653,5.00e-05,26059.56,18370560,N/A,2025-07-14 12:11:44
4485,3.583043,3.513570,44.998653,5.00e-05,26032.85,18374656,N/A,2025-07-14 12:11:44
4486,3.199354,3.513570,44.998653,5.00e-05,26054.19,18378752,N/A,2025-07-14 12:11:44
4487,1.447494,3.513570,44.998653,5.00e-05,26421.11,18382848,N/A,2025-07-14 12:11:45
4488,3.875989,3.513570,44.998653,5.00e-05,26930.50,18386944,N/A,2025-07-14 12:11:45
4489,3.003733,3.513570,44.998653,5.00e-05,27581.75,18391040,N/A,2025-07-14 12:11:45
4490,4.736825,3.513570,44.998653,5.00e-05,27053.54,18395136,1.0000,2025-07-14 12:11:45
4491,2.984801,3.513570,44.998653,5.00e-05,27047.93,18399232,N/A,2025-07-14 12:11:45
4492,4.585376,3.513570,44.998653,5.00e-05,27104.10,18403328,N/A,2025-07-14 12:11:45
4493,4.421807,3.513570,44.998653,5.00e-05,27075.66,18407424,N/A,2025-07-14 12:11:46
4494,4.000310,3.513570,44.998653,5.00e-05,27163.80,18411520,N/A,2025-07-14 12:11:46
4495,4.919505,3.513570,44.998653,5.00e-05,26760.62,18415616,N/A,2025-07-14 12:11:46
4496,4.187751,3.513570,44.998653,5.00e-05,26703.56,18419712,N/A,2025-07-14 12:11:46
4497,2.057720,3.513570,44.998653,5.00e-05,26715.28,18423808,N/A,2025-07-14 12:11:46
4498,2.685635,3.513570,44.998653,5.00e-05,26850.01,18427904,N/A,2025-07-14 12:11:46
4499,3.973892,3.513570,44.998653,5.00e-05,27425.40,18432000,N/A,2025-07-14 12:11:47
4500,4.382935,3.513570,44.998653,5.00e-05,26886.84,18436096,1.0000,2025-07-14 12:11:47
4501,3.084325,3.513570,44.998653,5.00e-05,21516.71,18440192,N/A,2025-07-14 12:11:47
4502,2.366827,3.513570,44.998653,5.00e-05,21348.93,18444288,N/A,2025-07-14 12:11:48
4503,3.797567,3.513570,44.998653,5.00e-05,21313.01,18448384,N/A,2025-07-14 12:11:48
4504,3.846062,3.513570,44.998653,5.00e-05,21596.50,18452480,N/A,2025-07-14 12:11:48
4505,2.453149,3.513570,44.998653,5.00e-05,21589.99,18456576,N/A,2025-07-14 12:11:48
4506,4.310811,3.513570,44.998653,5.00e-05,21585.81,18460672,N/A,2025-07-14 12:11:48
4507,4.566777,3.513570,44.998653,5.00e-05,21579.18,18464768,N/A,2025-07-14 12:11:48
4508,2.690913,3.513570,44.998653,5.00e-05,21589.68,18468864,N/A,2025-07-14 12:11:49
4509,2.948519,3.513570,44.998653,5.00e-05,21978.87,18472960,N/A,2025-07-14 12:11:49
4510,3.478929,3.513570,44.998653,5.00e-05,26601.86,18477056,1.0000,2025-07-14 12:11:49
4511,5.605502,3.513570,44.998653,5.00e-05,26815.56,18481152,N/A,2025-07-14 12:11:49
4512,5.084437,3.513570,44.998653,5.00e-05,26889.87,18485248,N/A,2025-07-14 12:11:49
4513,4.619638,3.513570,44.998653,5.00e-05,26920.52,18489344,N/A,2025-07-14 12:11:49
4514,2.951719,3.513570,44.998653,5.00e-05,26910.85,18493440,N/A,2025-07-14 12:11:50
4515,3.618390,3.513570,44.998653,5.00e-05,26872.68,18497536,N/A,2025-07-14 12:11:50
4516,3.253782,3.513570,44.998653,5.00e-05,26878.16,18501632,N/A,2025-07-14 12:11:50
4517,3.168295,3.513570,44.998653,5.00e-05,26906.91,18505728,N/A,2025-07-14 12:11:50
4518,3.043065,3.513570,44.998653,5.00e-05,26923.55,18509824,N/A,2025-07-14 12:11:50
4519,5.020498,3.513570,44.998653,5.00e-05,27958.74,18513920,N/A,2025-07-14 12:11:50
4520,5.667798,3.513570,44.998653,5.00e-05,27328.98,18518016,1.0000,2025-07-14 12:11:51
4521,3.248828,3.513570,44.998653,5.00e-05,27325.61,18522112,N/A,2025-07-14 12:11:51
4522,4.476639,3.513570,44.998653,5.00e-05,27326.87,18526208,N/A,2025-07-14 12:11:51
4523,4.996983,3.513570,44.998653,5.00e-05,27189.43,18530304,N/A,2025-07-14 12:11:51
4524,3.790174,3.513570,44.998653,5.00e-05,27223.66,18534400,N/A,2025-07-14 12:11:51
4525,5.334079,3.513570,44.998653,5.00e-05,27205.27,18538496,N/A,2025-07-14 12:11:51
4526,4.234684,3.513570,44.998653,5.00e-05,27095.79,18542592,N/A,2025-07-14 12:11:52
4527,4.807186,3.513570,44.998653,5.00e-05,27157.26,18546688,N/A,2025-07-14 12:11:52
4528,4.112702,3.513570,44.998653,5.00e-05,27177.16,18550784,N/A,2025-07-14 12:11:52
4529,2.977460,3.513570,44.998653,5.00e-05,27581.93,18554880,N/A,2025-07-14 12:11:52
4530,3.142039,3.513570,44.998653,5.00e-05,26966.60,18558976,1.0000,2025-07-14 12:11:52
4531,4.073048,3.513570,44.998653,5.00e-05,26919.18,18563072,N/A,2025-07-14 12:11:52
4532,3.256233,3.513570,44.998653,5.00e-05,27083.11,18567168,N/A,2025-07-14 12:11:53
4533,2.929950,3.513570,44.998653,5.00e-05,27098.34,18571264,N/A,2025-07-14 12:11:53
4534,1.855123,3.513570,44.998653,5.00e-05,27166.44,18575360,N/A,2025-07-14 12:11:53
4535,2.824899,3.513570,44.998653,5.00e-05,27083.01,18579456,N/A,2025-07-14 12:11:53
4536,2.741350,3.513570,44.998653,5.00e-05,27036.61,18583552,N/A,2025-07-14 12:11:53
4537,5.075432,3.513570,44.998653,5.00e-05,27039.28,18587648,N/A,2025-07-14 12:11:53
4538,4.281792,3.513570,44.998653,5.00e-05,27290.44,18591744,N/A,2025-07-14 12:11:54
4539,3.087911,3.513570,44.998653,5.00e-05,27876.67,18595840,N/A,2025-07-14 12:11:54
4540,4.557930,3.513570,44.998653,5.00e-05,27192.70,18599936,1.0000,2025-07-14 12:11:54
4541,4.992257,3.513570,44.998653,5.00e-05,26986.68,18604032,N/A,2025-07-14 12:11:54
4542,2.790883,3.513570,44.998653,5.00e-05,26769.26,18608128,N/A,2025-07-14 12:11:54
4543,3.529875,3.513570,44.998653,5.00e-05,26765.97,18612224,N/A,2025-07-14 12:11:54
4544,3.231267,3.513570,44.998653,5.00e-05,26792.15,18616320,N/A,2025-07-14 12:11:55
4545,3.230827,3.513570,44.998653,5.00e-05,26581.40,18620416,N/A,2025-07-14 12:11:55
4546,4.924098,3.513570,44.998653,5.00e-05,26560.21,18624512,N/A,2025-07-14 12:11:55
4547,2.538031,3.513570,44.998653,5.00e-05,26550.75,18628608,N/A,2025-07-14 12:11:55
4548,2.521347,3.513570,44.998653,5.00e-05,26483.23,18632704,N/A,2025-07-14 12:11:55
4549,3.285291,3.513570,44.998653,5.00e-05,27191.35,18636800,N/A,2025-07-14 12:11:55
4550,3.992558,3.513570,44.998653,5.00e-05,26674.34,18640896,1.0000,2025-07-14 12:11:56
4551,2.597100,3.513570,44.998653,5.00e-05,26814.63,18644992,N/A,2025-07-14 12:11:56
4552,3.396440,3.513570,44.998653,5.00e-05,26792.03,18649088,N/A,2025-07-14 12:11:56
4553,2.978998,3.513570,44.998653,5.00e-05,26823.95,18653184,N/A,2025-07-14 12:11:56
4554,4.799667,3.513570,44.998653,5.00e-05,27025.47,18657280,N/A,2025-07-14 12:11:56
4555,4.363325,3.513570,44.998653,5.00e-05,27003.20,18661376,N/A,2025-07-14 12:11:56
4556,4.304726,3.513570,44.998653,5.00e-05,26977.67,18665472,N/A,2025-07-14 12:11:57
4557,4.698380,3.513570,44.998653,5.00e-05,26845.86,18669568,N/A,2025-07-14 12:11:57
4558,3.980094,3.513570,44.998653,5.00e-05,26848.57,18673664,N/A,2025-07-14 12:11:57
4559,2.653129,3.513570,44.998653,5.00e-05,27598.72,18677760,N/A,2025-07-14 12:11:57
4560,4.454362,3.513570,44.998653,5.00e-05,26917.95,18681856,1.0000,2025-07-14 12:11:57
4561,4.287066,3.513570,44.998653,5.00e-05,26884.43,18685952,N/A,2025-07-14 12:11:57
4562,2.124580,3.513570,44.998653,5.00e-05,27013.87,18690048,N/A,2025-07-14 12:11:58
4563,3.683551,3.513570,44.998653,5.00e-05,26964.13,18694144,N/A,2025-07-14 12:11:58
4564,2.227654,3.513570,44.998653,5.00e-05,26962.42,18698240,N/A,2025-07-14 12:11:58
4565,3.881133,3.513570,44.998653,5.00e-05,26927.03,18702336,N/A,2025-07-14 12:11:58
4566,4.444146,3.513570,44.998653,5.00e-05,27215.85,18706432,N/A,2025-07-14 12:11:58
4567,3.677933,3.513570,44.998653,5.00e-05,27192.07,18710528,N/A,2025-07-14 12:11:58
4568,3.064731,3.513570,44.998653,5.00e-05,27283.76,18714624,N/A,2025-07-14 12:11:59
4569,2.878559,3.513570,44.998653,5.00e-05,28106.78,18718720,N/A,2025-07-14 12:11:59
4570,3.502191,3.513570,44.998653,5.00e-05,27372.62,18722816,1.0000,2025-07-14 12:11:59
4571,4.857545,3.513570,44.998653,5.00e-05,27356.61,18726912,N/A,2025-07-14 12:11:59
4572,3.325723,3.513570,44.998653,5.00e-05,27408.50,18731008,N/A,2025-07-14 12:11:59
4573,4.793165,3.513570,44.998653,5.00e-05,27427.10,18735104,N/A,2025-07-14 12:11:59
4574,4.257197,3.513570,44.998653,5.00e-05,27479.40,18739200,N/A,2025-07-14 12:12:00
4575,2.118152,3.513570,44.998653,5.00e-05,27402.88,18743296,N/A,2025-07-14 12:12:00
4576,2.151677,3.513570,44.998653,5.00e-05,27470.60,18747392,N/A,2025-07-14 12:12:00
4577,4.686373,3.513570,44.998653,5.00e-05,27384.40,18751488,N/A,2025-07-14 12:12:00
4578,3.100224,3.513570,44.998653,5.00e-05,26893.07,18755584,N/A,2025-07-14 12:12:00
4579,2.374937,3.513570,44.998653,5.00e-05,27612.61,18759680,N/A,2025-07-14 12:12:00
4580,4.042590,3.513570,44.998653,5.00e-05,26954.49,18763776,1.0000,2025-07-14 12:12:01
4581,4.577580,3.513570,44.998653,5.00e-05,26662.61,18767872,N/A,2025-07-14 12:12:01
4582,3.671774,3.513570,44.998653,5.00e-05,26719.90,18771968,N/A,2025-07-14 12:12:01
4583,3.924677,3.513570,44.998653,5.00e-05,26776.24,18776064,N/A,2025-07-14 12:12:01
4584,4.866260,3.513570,44.998653,5.00e-05,26814.09,18780160,N/A,2025-07-14 12:12:01
4585,3.263533,3.513570,44.998653,5.00e-05,26713.64,18784256,N/A,2025-07-14 12:12:01
4586,3.722505,3.513570,44.998653,5.00e-05,26750.00,18788352,N/A,2025-07-14 12:12:02
4587,3.888933,3.513570,44.998653,5.00e-05,27235.79,18792448,N/A,2025-07-14 12:12:02
4588,3.072525,3.513570,44.998653,5.00e-05,27326.92,18796544,N/A,2025-07-14 12:12:02
4589,3.476167,3.513570,44.998653,5.00e-05,28017.18,18800640,N/A,2025-07-14 12:12:02
4590,2.551946,3.513570,44.998653,5.00e-05,27744.29,18804736,1.0000,2025-07-14 12:12:02
4591,1.781749,3.513570,44.998653,5.00e-05,27637.75,18808832,N/A,2025-07-14 12:12:02
4592,2.713471,3.513570,44.998653,5.00e-05,27579.86,18812928,N/A,2025-07-14 12:12:03
4593,3.344743,3.513570,44.998653,5.00e-05,27563.96,18817024,N/A,2025-07-14 12:12:03
4594,2.339713,3.513570,44.998653,5.00e-05,27407.01,18821120,N/A,2025-07-14 12:12:03
4595,3.176566,3.513570,44.998653,5.00e-05,27435.75,18825216,N/A,2025-07-14 12:12:03
4596,4.014957,3.513570,44.998653,5.00e-05,27382.91,18829312,N/A,2025-07-14 12:12:03
4597,3.251769,3.513570,44.998653,5.00e-05,27291.60,18833408,N/A,2025-07-14 12:12:03
4598,4.062748,3.513570,44.998653,5.00e-05,27238.80,18837504,N/A,2025-07-14 12:12:04
4599,3.050893,3.513570,44.998653,5.00e-05,27812.96,18841600,N/A,2025-07-14 12:12:04
4600,4.162811,3.513570,44.998653,5.00e-05,27255.66,18845696,1.0000,2025-07-14 12:12:04
4601,4.361053,3.513570,44.998653,5.00e-05,21079.33,18849792,N/A,2025-07-14 12:12:05
4602,3.292747,3.513570,44.998653,5.00e-05,21019.50,18853888,N/A,2025-07-14 12:12:05
4603,3.788512,3.513570,44.998653,5.00e-05,21185.12,18857984,N/A,2025-07-14 12:12:05
4604,4.204432,3.513570,44.998653,5.00e-05,21170.82,18862080,N/A,2025-07-14 12:12:05
4605,5.093678,3.513570,44.998653,5.00e-05,21196.08,18866176,N/A,2025-07-14 12:12:05
4606,5.260721,3.513570,44.998653,5.00e-05,21245.09,18870272,N/A,2025-07-14 12:12:05
4607,4.693467,3.513570,44.998653,5.00e-05,21302.74,18874368,N/A,2025-07-14 12:12:06
4608,1.674320,3.513570,44.998653,5.00e-05,21327.59,18878464,N/A,2025-07-14 12:12:06
4609,1.915675,3.513570,44.998653,5.00e-05,21499.28,18882560,N/A,2025-07-14 12:12:06
4610,4.670971,3.513570,44.998653,5.00e-05,26844.55,18886656,1.0000,2025-07-14 12:12:06
4611,2.899899,3.513570,44.998653,5.00e-05,26958.74,18890752,N/A,2025-07-14 12:12:06
4612,2.464672,3.513570,44.998653,5.00e-05,26950.06,18894848,N/A,2025-07-14 12:12:06
4613,1.433678,3.513570,44.998653,5.00e-05,26887.47,18898944,N/A,2025-07-14 12:12:07
4614,4.060630,3.513570,44.998653,5.00e-05,26922.00,18903040,N/A,2025-07-14 12:12:07
4615,3.973321,3.513570,44.998653,5.00e-05,26787.74,18907136,N/A,2025-07-14 12:12:07
4616,3.890676,3.513570,44.998653,5.00e-05,26797.73,18911232,N/A,2025-07-14 12:12:07
4617,2.853430,3.513570,44.998653,5.00e-05,26721.12,18915328,N/A,2025-07-14 12:12:07
4618,3.241482,3.513570,44.998653,5.00e-05,27096.68,18919424,N/A,2025-07-14 12:12:07
4619,5.625284,3.513570,44.998653,5.00e-05,28267.18,18923520,N/A,2025-07-14 12:12:08
4620,3.319239,3.513570,44.998653,5.00e-05,27516.48,18927616,1.0000,2025-07-14 12:12:08
4621,2.375296,3.513570,44.998653,5.00e-05,27385.03,18931712,N/A,2025-07-14 12:12:08
4622,2.970129,3.513570,44.998653,5.00e-05,27406.19,18935808,N/A,2025-07-14 12:12:08
4623,3.741033,3.513570,44.998653,5.00e-05,27359.65,18939904,N/A,2025-07-14 12:12:08
4624,3.419085,3.513570,44.998653,5.00e-05,27243.48,18944000,N/A,2025-07-14 12:12:08
4625,4.307936,3.513570,44.998653,5.00e-05,27234.80,18948096,N/A,2025-07-14 12:12:09
4626,3.040357,3.513570,44.998653,5.00e-05,27311.04,18952192,N/A,2025-07-14 12:12:09
4627,3.377908,3.513570,44.998653,5.00e-05,27331.28,18956288,N/A,2025-07-14 12:12:09
4628,4.396346,3.513570,44.998653,5.00e-05,27340.99,18960384,N/A,2025-07-14 12:12:09
4629,2.948766,3.513570,44.998653,5.00e-05,28012.99,18964480,N/A,2025-07-14 12:12:09
4630,3.956744,3.513570,44.998653,5.00e-05,27199.66,18968576,1.0000,2025-07-14 12:12:09
4631,2.940228,3.513570,44.998653,5.00e-05,27161.55,18972672,N/A,2025-07-14 12:12:10
4632,3.743688,3.513570,44.998653,5.00e-05,27133.72,18976768,N/A,2025-07-14 12:12:10
4633,4.895180,3.513570,44.998653,5.00e-05,26834.14,18980864,N/A,2025-07-14 12:12:10
4634,3.813657,3.513570,44.998653,5.00e-05,26748.30,18984960,N/A,2025-07-14 12:12:10
4635,3.733463,3.513570,44.998653,5.00e-05,26724.59,18989056,N/A,2025-07-14 12:12:10
4636,4.953339,3.513570,44.998653,5.00e-05,26683.41,18993152,N/A,2025-07-14 12:12:10
4637,4.186729,3.513570,44.998653,5.00e-05,26672.27,18997248,N/A,2025-07-14 12:12:11
4638,2.552469,3.513570,44.998653,5.00e-05,26763.93,19001344,N/A,2025-07-14 12:12:11
4639,5.243285,3.513570,44.998653,5.00e-05,27645.40,19005440,N/A,2025-07-14 12:12:11
4640,4.252371,3.513570,44.998653,5.00e-05,27133.35,19009536,1.0000,2025-07-14 12:12:11
4641,4.275491,3.513570,44.998653,5.00e-05,27117.99,19013632,N/A,2025-07-14 12:12:11
4642,2.755906,3.513570,44.998653,5.00e-05,27567.73,19017728,N/A,2025-07-14 12:12:11
4643,4.261910,3.513570,44.998653,5.00e-05,27655.98,19021824,N/A,2025-07-14 12:12:12
4644,2.297024,3.513570,44.998653,5.00e-05,27643.51,19025920,N/A,2025-07-14 12:12:12
4645,3.561422,3.513570,44.998653,5.00e-05,27556.00,19030016,N/A,2025-07-14 12:12:12
4646,3.944162,3.513570,44.998653,5.00e-05,27559.03,19034112,N/A,2025-07-14 12:12:12
4647,2.072024,3.513570,44.998653,5.00e-05,27485.80,19038208,N/A,2025-07-14 12:12:12
4648,3.482866,3.513570,44.998653,5.00e-05,27405.12,19042304,N/A,2025-07-14 12:12:12
4649,5.224734,3.513570,44.998653,5.00e-05,27938.04,19046400,N/A,2025-07-14 12:12:13
4650,2.061203,3.513570,44.998653,5.00e-05,27162.51,19050496,1.0000,2025-07-14 12:12:13
4651,3.777089,3.513570,44.998653,5.00e-05,26930.19,19054592,N/A,2025-07-14 12:12:13
4652,4.046590,3.513570,44.998653,5.00e-05,26831.05,19058688,N/A,2025-07-14 12:12:13
4653,2.581733,3.513570,44.998653,5.00e-05,26797.44,19062784,N/A,2025-07-14 12:12:13
4654,3.307240,3.513570,44.998653,5.00e-05,26851.50,19066880,N/A,2025-07-14 12:12:13
4655,4.269978,3.513570,44.998653,5.00e-05,26889.44,19070976,N/A,2025-07-14 12:12:14
4656,2.941743,3.513570,44.998653,5.00e-05,26856.40,19075072,N/A,2025-07-14 12:12:14
4657,4.264559,3.513570,44.998653,5.00e-05,26885.84,19079168,N/A,2025-07-14 12:12:14
4658,5.151063,3.513570,44.998653,5.00e-05,26901.34,19083264,N/A,2025-07-14 12:12:14
4659,3.416758,3.513570,44.998653,5.00e-05,27654.21,19087360,N/A,2025-07-14 12:12:14
4660,4.816665,3.513570,44.998653,5.00e-05,27278.22,19091456,1.0000,2025-07-14 12:12:14
4661,2.800336,3.513570,44.998653,5.00e-05,27348.67,19095552,N/A,2025-07-14 12:12:15
4662,3.584994,3.513570,44.998653,5.00e-05,27395.61,19099648,N/A,2025-07-14 12:12:15
4663,3.422355,3.513570,44.998653,5.00e-05,26940.92,19103744,N/A,2025-07-14 12:12:15
4664,4.925052,3.513570,44.998653,5.00e-05,26890.82,19107840,N/A,2025-07-14 12:12:15
4665,4.755423,3.513570,44.998653,5.00e-05,26985.86,19111936,N/A,2025-07-14 12:12:15
4666,2.136178,3.513570,44.998653,5.00e-05,27018.49,19116032,N/A,2025-07-14 12:12:15
4667,3.376441,3.513570,44.998653,5.00e-05,26978.63,19120128,N/A,2025-07-14 12:12:16
4668,3.780129,3.513570,44.998653,5.00e-05,26998.68,19124224,N/A,2025-07-14 12:12:16
4669,3.085275,3.513570,44.998653,5.00e-05,27531.32,19128320,N/A,2025-07-14 12:12:16
4670,2.465591,3.513570,44.998653,5.00e-05,26888.41,19132416,1.0000,2025-07-14 12:12:16
4671,5.695447,3.513570,44.998653,5.00e-05,26830.44,19136512,N/A,2025-07-14 12:12:16
4672,2.625037,3.513570,44.998653,5.00e-05,27231.25,19140608,N/A,2025-07-14 12:12:16
4673,3.544052,3.513570,44.998653,5.00e-05,27196.10,19144704,N/A,2025-07-14 12:12:17
4674,5.039762,3.513570,44.998653,5.00e-05,27123.21,19148800,N/A,2025-07-14 12:12:17
4675,4.985263,3.513570,44.998653,5.00e-05,26785.63,19152896,N/A,2025-07-14 12:12:17
4676,3.295242,3.513570,44.998653,5.00e-05,26756.99,19156992,N/A,2025-07-14 12:12:17
4677,4.367821,3.513570,44.998653,5.00e-05,26740.87,19161088,N/A,2025-07-14 12:12:17
4678,3.208259,3.513570,44.998653,5.00e-05,26808.74,19165184,N/A,2025-07-14 12:12:17
4679,4.368532,3.513570,44.998653,5.00e-05,27346.09,19169280,N/A,2025-07-14 12:12:18
4680,3.315999,3.513570,44.998653,5.00e-05,26641.16,19173376,1.0000,2025-07-14 12:12:18
4681,4.008744,3.513570,44.998653,5.00e-05,26616.65,19177472,N/A,2025-07-14 12:12:18
4682,5.515589,3.513570,44.998653,5.00e-05,26639.97,19181568,N/A,2025-07-14 12:12:18
4683,3.531858,3.513570,44.998653,5.00e-05,26635.09,19185664,N/A,2025-07-14 12:12:18
4684,2.561410,3.513570,44.998653,5.00e-05,26461.21,19189760,N/A,2025-07-14 12:12:19
4685,1.793324,3.513570,44.998653,5.00e-05,26269.28,19193856,N/A,2025-07-14 12:12:19
4686,4.843153,3.513570,44.998653,5.00e-05,26202.49,19197952,N/A,2025-07-14 12:12:19
4687,4.202834,3.513570,44.998653,5.00e-05,26154.83,19202048,N/A,2025-07-14 12:12:19
4688,2.806221,3.513570,44.998653,5.00e-05,26235.98,19206144,N/A,2025-07-14 12:12:19
4689,4.115133,3.513570,44.998653,5.00e-05,26937.62,19210240,N/A,2025-07-14 12:12:19
4690,3.481826,3.513570,44.998653,5.00e-05,26448.80,19214336,1.0000,2025-07-14 12:12:20
4691,2.162536,3.513570,44.998653,5.00e-05,26457.67,19218432,N/A,2025-07-14 12:12:20
4692,4.119909,3.513570,44.998653,5.00e-05,26500.48,19222528,N/A,2025-07-14 12:12:20
4693,2.647135,3.513570,44.998653,5.00e-05,26896.57,19226624,N/A,2025-07-14 12:12:20
4694,3.910617,3.513570,44.998653,5.00e-05,27141.32,19230720,N/A,2025-07-14 12:12:20
4695,3.384712,3.513570,44.998653,5.00e-05,26902.74,19234816,N/A,2025-07-14 12:12:20
4696,2.016349,3.513570,44.998653,5.00e-05,26946.73,19238912,N/A,2025-07-14 12:12:21
4697,3.701887,3.513570,44.998653,5.00e-05,26707.01,19243008,N/A,2025-07-14 12:12:21
4698,3.543324,3.513570,44.998653,5.00e-05,26768.21,19247104,N/A,2025-07-14 12:12:21
4699,3.605249,3.513570,44.998653,5.00e-05,26897.60,19251200,N/A,2025-07-14 12:12:21
4700,4.818778,3.513570,44.998653,5.00e-05,25815.10,19255296,1.0000,2025-07-14 12:12:21
4701,3.690644,3.513570,44.998653,5.00e-05,19221.99,19259392,N/A,2025-07-14 12:12:22
4702,4.170107,3.513570,44.998653,5.00e-05,19164.54,19263488,N/A,2025-07-14 12:12:22
4703,4.301670,3.513570,44.998653,5.00e-05,19168.18,19267584,N/A,2025-07-14 12:12:22
4704,4.510472,3.513570,44.998653,5.00e-05,19310.37,19271680,N/A,2025-07-14 12:12:22
4705,2.723691,3.513570,44.998653,5.00e-05,19342.13,19275776,N/A,2025-07-14 12:12:23
4706,4.484679,3.513570,44.998653,5.00e-05,19497.46,19279872,N/A,2025-07-14 12:12:23
4707,4.474487,3.513570,44.998653,5.00e-05,19474.17,19283968,N/A,2025-07-14 12:12:23
4708,2.354601,3.513570,44.998653,5.00e-05,19507.83,19288064,N/A,2025-07-14 12:12:23
4709,4.083385,3.513570,44.998653,5.00e-05,19884.63,19292160,N/A,2025-07-14 12:12:23
4710,2.631674,3.513570,44.998653,5.00e-05,26311.38,19296256,1.0000,2025-07-14 12:12:24
4711,4.454355,3.513570,44.998653,5.00e-05,26361.54,19300352,N/A,2025-07-14 12:12:24
4712,4.166660,3.513570,44.998653,5.00e-05,26415.21,19304448,N/A,2025-07-14 12:12:24
4713,5.479251,3.513570,44.998653,5.00e-05,26509.19,19308544,N/A,2025-07-14 12:12:24
4714,4.084737,3.513570,44.998653,5.00e-05,26058.69,19312640,N/A,2025-07-14 12:12:24
4715,3.411840,3.513570,44.998653,5.00e-05,25711.30,19316736,N/A,2025-07-14 12:12:24
4716,3.696929,3.513570,44.998653,5.00e-05,25765.66,19320832,N/A,2025-07-14 12:12:25
4717,1.506947,3.513570,44.998653,5.00e-05,26074.49,19324928,N/A,2025-07-14 12:12:25
4718,3.673503,3.513570,44.998653,5.00e-05,26474.57,19329024,N/A,2025-07-14 12:12:25
4719,4.559784,3.513570,44.998653,5.00e-05,27130.15,19333120,N/A,2025-07-14 12:12:25
4720,4.483729,3.513570,44.998653,5.00e-05,26647.23,19337216,1.0000,2025-07-14 12:12:25
4721,2.348082,3.513570,44.998653,5.00e-05,26660.63,19341312,N/A,2025-07-14 12:12:25
4722,2.887019,3.513570,44.998653,5.00e-05,26664.89,19345408,N/A,2025-07-14 12:12:26
4723,4.962272,3.513570,44.998653,5.00e-05,27144.30,19349504,N/A,2025-07-14 12:12:26
4724,4.321248,3.513570,44.998653,5.00e-05,27493.79,19353600,N/A,2025-07-14 12:12:26
4725,5.075693,3.513570,44.998653,5.00e-05,27511.77,19357696,N/A,2025-07-14 12:12:26
4726,4.463936,3.513570,44.998653,5.00e-05,27566.53,19361792,N/A,2025-07-14 12:12:26
4727,4.436271,3.513570,44.998653,5.00e-05,27534.71,19365888,N/A,2025-07-14 12:12:26
4728,5.132654,3.513570,44.998653,5.00e-05,27559.71,19369984,N/A,2025-07-14 12:12:27
4729,2.815750,3.513570,44.998653,5.00e-05,28221.85,19374080,N/A,2025-07-14 12:12:27
4730,2.143334,3.513570,44.998653,5.00e-05,27571.99,19378176,1.0000,2025-07-14 12:12:27
4731,4.719764,3.513570,44.998653,5.00e-05,27560.13,19382272,N/A,2025-07-14 12:12:27
4732,3.617679,3.513570,44.998653,5.00e-05,27592.50,19386368,N/A,2025-07-14 12:12:27
4733,4.894341,3.513570,44.998653,5.00e-05,27624.13,19390464,N/A,2025-07-14 12:12:27
4734,3.396026,3.513570,44.998653,5.00e-05,27622.94,19394560,N/A,2025-07-14 12:12:28
4735,1.766422,3.513570,44.998653,5.00e-05,27603.67,19398656,N/A,2025-07-14 12:12:28
4736,3.753486,3.513570,44.998653,5.00e-05,27698.15,19402752,N/A,2025-07-14 12:12:28
4737,5.139510,3.513570,44.998653,5.00e-05,27787.86,19406848,N/A,2025-07-14 12:12:28
4738,2.609315,3.513570,44.998653,5.00e-05,27781.86,19410944,N/A,2025-07-14 12:12:28
4739,3.431425,3.513570,44.998653,5.00e-05,28059.93,19415040,N/A,2025-07-14 12:12:28
4740,3.721277,3.513570,44.998653,5.00e-05,27298.47,19419136,1.0000,2025-07-14 12:12:29
4741,4.600104,3.513570,44.998653,5.00e-05,27165.56,19423232,N/A,2025-07-14 12:12:29
4742,4.706772,3.513570,44.998653,5.00e-05,27189.12,19427328,N/A,2025-07-14 12:12:29
4743,1.849405,3.513570,44.998653,5.00e-05,27075.77,19431424,N/A,2025-07-14 12:12:29
4744,5.905105,3.513570,44.998653,5.00e-05,27055.96,19435520,N/A,2025-07-14 12:12:29
4745,3.246186,3.513570,44.998653,5.00e-05,26979.86,19439616,N/A,2025-07-14 12:12:29
4746,3.386891,3.513570,44.998653,5.00e-05,26904.43,19443712,N/A,2025-07-14 12:12:30
4747,1.844499,3.513570,44.998653,5.00e-05,26913.54,19447808,N/A,2025-07-14 12:12:30
4748,3.579681,3.513570,44.998653,5.00e-05,27145.71,19451904,N/A,2025-07-14 12:12:30
4749,2.407815,3.513570,44.998653,5.00e-05,27783.36,19456000,N/A,2025-07-14 12:12:30
4750,3.913934,3.513570,44.998653,5.00e-05,27165.20,19460096,1.0000,2025-07-14 12:12:30
4751,2.989574,3.513570,44.998653,5.00e-05,27085.85,19464192,N/A,2025-07-14 12:12:30
4752,3.488643,3.513570,44.998653,5.00e-05,27102.39,19468288,N/A,2025-07-14 12:12:31
4753,4.458999,3.513570,44.998653,5.00e-05,27137.24,19472384,N/A,2025-07-14 12:12:31
4754,3.306071,3.513570,44.998653,5.00e-05,27153.25,19476480,N/A,2025-07-14 12:12:31
4755,3.100574,3.513570,44.998653,5.00e-05,27151.31,19480576,N/A,2025-07-14 12:12:31
4756,3.008480,3.513570,44.998653,5.00e-05,27150.74,19484672,N/A,2025-07-14 12:12:31
4757,3.954191,3.513570,44.998653,5.00e-05,27289.04,19488768,N/A,2025-07-14 12:12:31
4758,4.438725,3.513570,44.998653,5.00e-05,27342.70,19492864,N/A,2025-07-14 12:12:32
4759,2.823799,3.513570,44.998653,5.00e-05,27824.40,19496960,N/A,2025-07-14 12:12:32
4760,4.193482,3.513570,44.998653,5.00e-05,26749.37,19501056,1.0000,2025-07-14 12:12:32
4761,2.899469,3.513570,44.998653,5.00e-05,26819.03,19505152,N/A,2025-07-14 12:12:32
4762,2.401000,3.513570,44.998653,5.00e-05,26813.24,19509248,N/A,2025-07-14 12:12:32
4763,3.517063,3.513570,44.998653,5.00e-05,26734.84,19513344,N/A,2025-07-14 12:12:32
4764,4.701170,3.513570,44.998653,5.00e-05,26709.66,19517440,N/A,2025-07-14 12:12:33
4765,4.184425,3.513570,44.998653,5.00e-05,26811.35,19521536,N/A,2025-07-14 12:12:33
4766,3.445884,3.513570,44.998653,5.00e-05,26756.63,19525632,N/A,2025-07-14 12:12:33
4767,3.153585,3.513570,44.998653,5.00e-05,26766.19,19529728,N/A,2025-07-14 12:12:33
4768,4.377872,3.513570,44.998653,5.00e-05,26993.88,19533824,N/A,2025-07-14 12:12:33
4769,5.272889,3.513570,44.998653,5.00e-05,27537.24,19537920,N/A,2025-07-14 12:12:33
4770,3.831094,3.513570,44.998653,5.00e-05,26890.79,19542016,1.0000,2025-07-14 12:12:34
4771,2.852365,3.513570,44.998653,5.00e-05,26931.93,19546112,N/A,2025-07-14 12:12:34
4772,1.900293,3.513570,44.998653,5.00e-05,27064.57,19550208,N/A,2025-07-14 12:12:34
4773,4.978030,3.513570,44.998653,5.00e-05,27134.35,19554304,N/A,2025-07-14 12:12:34
4774,5.015968,3.513570,44.998653,5.00e-05,27110.82,19558400,N/A,2025-07-14 12:12:34
4775,2.988637,3.513570,44.998653,5.00e-05,27176.83,19562496,N/A,2025-07-14 12:12:34
4776,1.096248,3.513570,44.998653,5.00e-05,27258.70,19566592,N/A,2025-07-14 12:12:35
4777,4.125385,3.513570,44.998653,5.00e-05,27302.11,19570688,N/A,2025-07-14 12:12:35
4778,2.649817,3.513570,44.998653,5.00e-05,27754.49,19574784,N/A,2025-07-14 12:12:35
4779,3.012848,3.513570,44.998653,5.00e-05,28434.65,19578880,N/A,2025-07-14 12:12:35
4780,2.470106,3.513570,44.998653,5.00e-05,27667.43,19582976,1.0000,2025-07-14 12:12:35
4781,3.636607,3.513570,44.998653,5.00e-05,27667.89,19587072,N/A,2025-07-14 12:12:35
4782,3.777355,3.513570,44.998653,5.00e-05,27449.81,19591168,N/A,2025-07-14 12:12:36
4783,3.678882,3.513570,44.998653,5.00e-05,26906.97,19595264,N/A,2025-07-14 12:12:36
4784,3.579381,3.513570,44.998653,5.00e-05,26864.85,19599360,N/A,2025-07-14 12:12:36
4785,3.799706,3.513570,44.998653,5.00e-05,26803.76,19603456,N/A,2025-07-14 12:12:36
4786,5.334620,3.513570,44.998653,5.00e-05,26792.11,19607552,N/A,2025-07-14 12:12:36
4787,5.132696,3.513570,44.998653,5.00e-05,26903.58,19611648,N/A,2025-07-14 12:12:36
4788,3.865535,3.513570,44.998653,5.00e-05,26742.75,19615744,N/A,2025-07-14 12:12:37
4789,3.383140,3.513570,44.998653,5.00e-05,27354.66,19619840,N/A,2025-07-14 12:12:37
4790,3.637552,3.513570,44.998653,5.00e-05,26756.32,19623936,1.0000,2025-07-14 12:12:37
4791,2.749416,3.513570,44.998653,5.00e-05,26961.05,19628032,N/A,2025-07-14 12:12:37
4792,2.875201,3.513570,44.998653,5.00e-05,27265.56,19632128,N/A,2025-07-14 12:12:37
4793,5.558502,3.513570,44.998653,5.00e-05,27255.81,19636224,N/A,2025-07-14 12:12:37
4794,3.607955,3.513570,44.998653,5.00e-05,27324.36,19640320,N/A,2025-07-14 12:12:38
4795,3.842205,3.513570,44.998653,5.00e-05,27336.50,19644416,N/A,2025-07-14 12:12:38
4796,3.012040,3.513570,44.998653,5.00e-05,27321.39,19648512,N/A,2025-07-14 12:12:38
4797,4.102339,3.513570,44.998653,5.00e-05,27500.16,19652608,N/A,2025-07-14 12:12:38
4798,3.156833,3.513570,44.998653,5.00e-05,27488.52,19656704,N/A,2025-07-14 12:12:38
4799,4.961842,3.513570,44.998653,5.00e-05,28128.46,19660800,N/A,2025-07-14 12:12:38
4800,3.700013,3.513570,44.998653,5.00e-05,27326.40,19664896,1.0000,2025-07-14 12:12:39
4801,3.112297,3.513570,44.998653,5.00e-05,22144.96,19668992,N/A,2025-07-14 12:12:39
4802,4.722936,3.513570,44.998653,5.00e-05,22073.34,19673088,N/A,2025-07-14 12:12:39
4803,3.802189,3.513570,44.998653,5.00e-05,22043.14,19677184,N/A,2025-07-14 12:12:39
4804,3.333742,3.513570,44.998653,5.00e-05,21999.44,19681280,N/A,2025-07-14 12:12:40
4805,2.538531,3.513570,44.998653,5.00e-05,22053.99,19685376,N/A,2025-07-14 12:12:40
4806,2.032376,3.513570,44.998653,5.00e-05,21733.76,19689472,N/A,2025-07-14 12:12:40
4807,2.817451,3.513570,44.998653,5.00e-05,21688.72,19693568,N/A,2025-07-14 12:12:40
4808,4.142610,3.513570,44.998653,5.00e-05,21646.72,19697664,N/A,2025-07-14 12:12:40
4809,2.812041,3.513570,44.998653,5.00e-05,22083.34,19701760,N/A,2025-07-14 12:12:40
4810,4.526167,3.513570,44.998653,5.00e-05,26855.28,19705856,1.0000,2025-07-14 12:12:41
4811,3.205949,3.513570,44.998653,5.00e-05,26941.96,19709952,N/A,2025-07-14 12:12:41
4812,3.747197,3.513570,44.998653,5.00e-05,26794.74,19714048,N/A,2025-07-14 12:12:41
4813,3.927936,3.513570,44.998653,5.00e-05,26814.57,19718144,N/A,2025-07-14 12:12:41
4814,1.915471,3.513570,44.998653,5.00e-05,26715.42,19722240,N/A,2025-07-14 12:12:41
4815,1.983748,3.513570,44.998653,5.00e-05,26945.59,19726336,N/A,2025-07-14 12:12:41
4816,3.599937,3.513570,44.998653,5.00e-05,27038.56,19730432,N/A,2025-07-14 12:12:42
4817,3.519428,3.513570,44.998653,5.00e-05,27024.62,19734528,N/A,2025-07-14 12:12:42
4818,2.871827,3.513570,44.998653,5.00e-05,26899.89,19738624,N/A,2025-07-14 12:12:42
4819,3.344399,3.513570,44.998653,5.00e-05,27487.42,19742720,N/A,2025-07-14 12:12:42
4820,3.768390,3.513570,44.998653,5.00e-05,26896.86,19746816,1.0000,2025-07-14 12:12:42
4821,4.407633,3.513570,44.998653,5.00e-05,26960.95,19750912,N/A,2025-07-14 12:12:43
4822,3.142641,3.513570,44.998653,5.00e-05,26934.21,19755008,N/A,2025-07-14 12:12:43
4823,3.540468,3.513570,44.998653,5.00e-05,26980.51,19759104,N/A,2025-07-14 12:12:43
4824,4.180840,3.513570,44.998653,5.00e-05,27109.46,19763200,N/A,2025-07-14 12:12:43
4825,3.523310,3.513570,44.998653,5.00e-05,27139.76,19767296,N/A,2025-07-14 12:12:43
4826,3.472203,3.513570,44.998653,5.00e-05,27175.83,19771392,N/A,2025-07-14 12:12:43
4827,4.380680,3.513570,44.998653,5.00e-05,27407.21,19775488,N/A,2025-07-14 12:12:43
4828,3.023297,3.513570,44.998653,5.00e-05,27455.35,19779584,N/A,2025-07-14 12:12:44
4829,3.288200,3.513570,44.998653,5.00e-05,27814.91,19783680,N/A,2025-07-14 12:12:44
4830,2.598849,3.513570,44.998653,5.00e-05,26869.64,19787776,1.0000,2025-07-14 12:12:44
4831,5.437123,3.513570,44.998653,5.00e-05,26721.53,19791872,N/A,2025-07-14 12:12:44
4832,2.850132,3.513570,44.998653,5.00e-05,26607.93,19795968,N/A,2025-07-14 12:12:44
4833,4.508897,3.513570,44.998653,5.00e-05,26684.29,19800064,N/A,2025-07-14 12:12:45
4834,2.698796,3.513570,44.998653,5.00e-05,26504.81,19804160,N/A,2025-07-14 12:12:45
4835,2.382202,3.513570,44.998653,5.00e-05,26516.37,19808256,N/A,2025-07-14 12:12:45
4836,3.231736,3.513570,44.998653,5.00e-05,26547.50,19812352,N/A,2025-07-14 12:12:45
4837,3.491982,3.513570,44.998653,5.00e-05,26490.41,19816448,N/A,2025-07-14 12:12:45
4838,3.008572,3.513570,44.998653,5.00e-05,26784.43,19820544,N/A,2025-07-14 12:12:45
4839,3.636497,3.513570,44.998653,5.00e-05,27770.39,19824640,N/A,2025-07-14 12:12:46
4840,1.139900,3.513570,44.998653,5.00e-05,27237.62,19828736,1.0000,2025-07-14 12:12:46
4841,4.509412,3.513570,44.998653,5.00e-05,27352.08,19832832,N/A,2025-07-14 12:12:46
4842,3.776051,3.513570,44.998653,5.00e-05,27376.55,19836928,N/A,2025-07-14 12:12:46
4843,4.240141,3.513570,44.998653,5.00e-05,27647.86,19841024,N/A,2025-07-14 12:12:46
4844,4.129709,3.513570,44.998653,5.00e-05,27601.71,19845120,N/A,2025-07-14 12:12:46
4845,1.993807,3.513570,44.998653,5.00e-05,27504.96,19849216,N/A,2025-07-14 12:12:47
4846,4.904667,3.513570,44.998653,5.00e-05,27489.84,19853312,N/A,2025-07-14 12:12:47
4847,3.933992,3.513570,44.998653,5.00e-05,27362.50,19857408,N/A,2025-07-14 12:12:47
4848,4.044851,3.513570,44.998653,5.00e-05,27388.55,19861504,N/A,2025-07-14 12:12:47
4849,4.097116,3.513570,44.998653,5.00e-05,28138.04,19865600,N/A,2025-07-14 12:12:47
4850,2.049690,3.513570,44.998653,5.00e-05,26976.42,19869696,1.0000,2025-07-14 12:12:47
4851,1.817258,3.513570,44.998653,5.00e-05,26792.85,19873792,N/A,2025-07-14 12:12:48
4852,3.710706,3.513570,44.998653,5.00e-05,26752.42,19877888,N/A,2025-07-14 12:12:48
4853,2.859545,3.513570,44.998653,5.00e-05,26820.18,19881984,N/A,2025-07-14 12:12:48
4854,4.279959,3.513570,44.998653,5.00e-05,26897.43,19886080,N/A,2025-07-14 12:12:48
4855,4.657413,3.513570,44.998653,5.00e-05,26987.55,19890176,N/A,2025-07-14 12:12:48
4856,4.453875,3.513570,44.998653,5.00e-05,27088.47,19894272,N/A,2025-07-14 12:12:48
4857,3.717964,3.513570,44.998653,5.00e-05,27121.04,19898368,N/A,2025-07-14 12:12:49
4858,4.159096,3.513570,44.998653,5.00e-05,26954.63,19902464,N/A,2025-07-14 12:12:49
4859,2.280504,3.513570,44.998653,5.00e-05,28133.12,19906560,N/A,2025-07-14 12:12:49
4860,4.619106,3.513570,44.998653,5.00e-05,27732.41,19910656,1.0000,2025-07-14 12:12:49
4861,2.405646,3.513570,44.998653,5.00e-05,27711.56,19914752,N/A,2025-07-14 12:12:49
4862,3.048464,3.513570,44.998653,5.00e-05,27511.22,19918848,N/A,2025-07-14 12:12:49
4863,4.519208,3.513570,44.998653,5.00e-05,27512.58,19922944,N/A,2025-07-14 12:12:50
4864,3.777159,3.513570,44.998653,5.00e-05,26979.86,19927040,N/A,2025-07-14 12:12:50
4865,4.331996,3.513570,44.998653,5.00e-05,26889.04,19931136,N/A,2025-07-14 12:12:50
4866,4.068327,3.513570,44.998653,5.00e-05,26857.83,19935232,N/A,2025-07-14 12:12:50
4867,3.696823,3.513570,44.998653,5.00e-05,27034.34,19939328,N/A,2025-07-14 12:12:50
4868,2.048959,3.513570,44.998653,5.00e-05,27061.46,19943424,N/A,2025-07-14 12:12:50
4869,5.669034,3.513570,44.998653,5.00e-05,27659.89,19947520,N/A,2025-07-14 12:12:51
4870,3.733427,3.513570,44.998653,5.00e-05,27101.73,19951616,1.0000,2025-07-14 12:12:51
4871,4.385942,3.513570,44.998653,5.00e-05,27243.03,19955712,N/A,2025-07-14 12:12:51
4872,3.337411,3.513570,44.998653,5.00e-05,27044.18,19959808,N/A,2025-07-14 12:12:51
4873,4.551053,3.513570,44.998653,5.00e-05,27545.04,19963904,N/A,2025-07-14 12:12:51
4874,3.984230,3.513570,44.998653,5.00e-05,27587.67,19968000,N/A,2025-07-14 12:12:51
4875,2.685021,3.513570,44.998653,5.00e-05,27559.87,19972096,N/A,2025-07-14 12:12:52
4876,4.945297,3.513570,44.998653,5.00e-05,27325.57,19976192,N/A,2025-07-14 12:12:52
4877,3.704232,3.513570,44.998653,5.00e-05,27301.49,19980288,N/A,2025-07-14 12:12:52
4878,4.180655,3.513570,44.998653,5.00e-05,26924.71,19984384,N/A,2025-07-14 12:12:52
4879,5.218595,3.513570,44.998653,5.00e-05,27402.43,19988480,N/A,2025-07-14 12:12:52
4880,2.685000,3.513570,44.998653,5.00e-05,26666.83,19992576,1.0000,2025-07-14 12:12:52
4881,2.899360,3.513570,44.998653,5.00e-05,26822.87,19996672,N/A,2025-07-14 12:12:53
4882,3.192808,3.513570,44.998653,5.00e-05,26801.71,20000768,N/A,2025-07-14 12:12:53
4883,3.615828,3.513570,44.998653,5.00e-05,26814.95,20004864,N/A,2025-07-14 12:12:53
4884,3.426202,3.513570,44.998653,5.00e-05,26827.00,20008960,N/A,2025-07-14 12:12:53
4885,4.008374,3.513570,44.998653,5.00e-05,27039.82,20013056,N/A,2025-07-14 12:12:53
4886,5.535650,3.513570,44.998653,5.00e-05,26523.74,20017152,N/A,2025-07-14 12:12:53
4887,3.638006,3.513570,44.998653,5.00e-05,26800.10,20021248,N/A,2025-07-14 12:12:54
4888,2.758487,3.513570,44.998653,5.00e-05,26867.98,20025344,N/A,2025-07-14 12:12:54
4889,4.480706,3.513570,44.998653,5.00e-05,27639.42,20029440,N/A,2025-07-14 12:12:54
4890,3.990258,3.513570,44.998653,5.00e-05,26977.55,20033536,1.0000,2025-07-14 12:12:54
4891,2.469423,3.513570,44.998653,5.00e-05,26926.02,20037632,N/A,2025-07-14 12:12:54
4892,4.311562,3.513570,44.998653,5.00e-05,27000.89,20041728,N/A,2025-07-14 12:12:54
4893,3.073065,3.513570,44.998653,5.00e-05,26937.44,20045824,N/A,2025-07-14 12:12:55
4894,2.632116,3.513570,44.998653,5.00e-05,26631.74,20049920,N/A,2025-07-14 12:12:55
4895,3.398264,3.513570,44.998653,5.00e-05,27147.79,20054016,N/A,2025-07-14 12:12:55
4896,3.451846,3.513570,44.998653,5.00e-05,26813.67,20058112,N/A,2025-07-14 12:12:55
4897,3.570501,3.513570,44.998653,5.00e-05,26761.18,20062208,N/A,2025-07-14 12:12:55
4898,2.586471,3.513570,44.998653,5.00e-05,26692.21,20066304,N/A,2025-07-14 12:12:55
4899,3.920252,3.513570,44.998653,5.00e-05,27231.29,20070400,N/A,2025-07-14 12:12:56
4900,5.070501,3.513570,44.998653,5.00e-05,26717.02,20074496,1.0000,2025-07-14 12:12:56
4901,4.544127,3.513570,44.998653,5.00e-05,20750.34,20078592,N/A,2025-07-14 12:12:56
4902,3.852392,3.513570,44.998653,5.00e-05,20719.96,20082688,N/A,2025-07-14 12:12:57
4903,4.884691,3.513570,44.998653,5.00e-05,20759.73,20086784,N/A,2025-07-14 12:12:57
4904,3.182693,3.513570,44.998653,5.00e-05,20697.53,20090880,N/A,2025-07-14 12:12:57
4905,4.250903,3.513570,44.998653,5.00e-05,20932.02,20094976,N/A,2025-07-14 12:12:57
4906,5.584758,3.513570,44.998653,5.00e-05,20971.92,20099072,N/A,2025-07-14 12:12:57
4907,5.282491,3.513570,44.998653,5.00e-05,21027.84,20103168,N/A,2025-07-14 12:12:57
4908,2.768106,3.513570,44.998653,5.00e-05,21125.99,20107264,N/A,2025-07-14 12:12:58
4909,4.631412,3.513570,44.998653,5.00e-05,21419.54,20111360,N/A,2025-07-14 12:12:58
4910,4.735101,3.513570,44.998653,5.00e-05,27183.62,20115456,1.0000,2025-07-14 12:12:58
4911,3.084274,3.513570,44.998653,5.00e-05,27091.80,20119552,N/A,2025-07-14 12:12:58
4912,4.790604,3.513570,44.998653,5.00e-05,27081.37,20123648,N/A,2025-07-14 12:12:58
4913,3.307668,3.513570,44.998653,5.00e-05,27198.51,20127744,N/A,2025-07-14 12:12:58
4914,3.246044,3.513570,44.998653,5.00e-05,27041.66,20131840,N/A,2025-07-14 12:12:59
4915,4.052336,3.513570,44.998653,5.00e-05,26989.07,20135936,N/A,2025-07-14 12:12:59
4916,3.541359,3.513570,44.998653,5.00e-05,26783.67,20140032,N/A,2025-07-14 12:12:59
4917,5.334141,3.513570,44.998653,5.00e-05,26794.93,20144128,N/A,2025-07-14 12:12:59
4918,5.469091,3.513570,44.998653,5.00e-05,26682.01,20148224,N/A,2025-07-14 12:12:59
4919,4.996586,3.513570,44.998653,5.00e-05,27034.11,20152320,N/A,2025-07-14 12:12:59
4920,2.777203,3.513570,44.998653,5.00e-05,26621.84,20156416,1.0000,2025-07-14 12:13:00
4921,4.060216,3.513570,44.998653,5.00e-05,26866.26,20160512,N/A,2025-07-14 12:13:00
4922,4.956156,3.513570,44.998653,5.00e-05,26639.68,20164608,N/A,2025-07-14 12:13:00
4923,3.077744,3.513570,44.998653,5.00e-05,26832.33,20168704,N/A,2025-07-14 12:13:00
4924,4.610189,3.513570,44.998653,5.00e-05,26825.89,20172800,N/A,2025-07-14 12:13:00
4925,3.241491,3.513570,44.998653,5.00e-05,26976.18,20176896,N/A,2025-07-14 12:13:00
4926,4.940402,3.513570,44.998653,5.00e-05,26754.89,20180992,N/A,2025-07-14 12:13:01
4927,3.042799,3.513570,44.998653,5.00e-05,27001.75,20185088,N/A,2025-07-14 12:13:01
4928,3.217080,3.513570,44.998653,5.00e-05,27275.28,20189184,N/A,2025-07-14 12:13:01
4929,2.322172,3.513570,44.998653,5.00e-05,27940.31,20193280,N/A,2025-07-14 12:13:01
4930,4.425546,3.513570,44.998653,5.00e-05,27323.86,20197376,1.0000,2025-07-14 12:13:01
4931,3.855199,3.513570,44.998653,5.00e-05,27507.84,20201472,N/A,2025-07-14 12:13:01
4932,3.115786,3.513570,44.998653,5.00e-05,27455.13,20205568,N/A,2025-07-14 12:13:02
4933,2.632321,3.513570,44.998653,5.00e-05,27476.31,20209664,N/A,2025-07-14 12:13:02
4934,4.012025,3.513570,44.998653,5.00e-05,27498.91,20213760,N/A,2025-07-14 12:13:02
4935,3.135476,3.513570,44.998653,5.00e-05,27699.33,20217856,N/A,2025-07-14 12:13:02
4936,2.306841,3.513570,44.998653,5.00e-05,27506.07,20221952,N/A,2025-07-14 12:13:02
4937,3.789337,3.513570,44.998653,5.00e-05,27466.15,20226048,N/A,2025-07-14 12:13:02
4938,2.481678,3.513570,44.998653,5.00e-05,27506.25,20230144,N/A,2025-07-14 12:13:03
4939,3.365972,3.513570,44.998653,5.00e-05,28177.03,20234240,N/A,2025-07-14 12:13:03
4940,2.947490,3.513570,44.998653,5.00e-05,27626.15,20238336,1.0000,2025-07-14 12:13:03
4941,4.622221,3.513570,44.998653,5.00e-05,27653.86,20242432,N/A,2025-07-14 12:13:03
4942,4.962350,3.513570,44.998653,5.00e-05,27703.46,20246528,N/A,2025-07-14 12:13:03
4943,2.823684,3.513570,44.998653,5.00e-05,27766.05,20250624,N/A,2025-07-14 12:13:03
4944,3.540123,3.513570,44.998653,5.00e-05,27743.77,20254720,N/A,2025-07-14 12:13:04
4945,4.702205,3.513570,44.998653,5.00e-05,27907.59,20258816,N/A,2025-07-14 12:13:04
4946,5.462884,3.513570,44.998653,5.00e-05,27860.12,20262912,N/A,2025-07-14 12:13:04
4947,3.807146,3.513570,44.998653,5.00e-05,27796.24,20267008,N/A,2025-07-14 12:13:04
4948,3.805938,3.513570,44.998653,5.00e-05,27773.87,20271104,N/A,2025-07-14 12:13:04
4949,3.354232,3.513570,44.998653,5.00e-05,28349.21,20275200,N/A,2025-07-14 12:13:04
4950,4.120330,3.513570,44.998653,5.00e-05,26619.18,20279296,1.0000,2025-07-14 12:13:05
4951,2.777061,3.513570,44.998653,5.00e-05,26591.15,20283392,N/A,2025-07-14 12:13:05
4952,3.371498,3.513570,44.998653,5.00e-05,26538.52,20287488,N/A,2025-07-14 12:13:05
4953,2.470684,3.513570,44.998653,5.00e-05,26519.30,20291584,N/A,2025-07-14 12:13:05
4954,3.124310,3.513570,44.998653,5.00e-05,26479.46,20295680,N/A,2025-07-14 12:13:05
4955,2.996583,3.513570,44.998653,5.00e-05,26512.90,20299776,N/A,2025-07-14 12:13:05
4956,2.049541,3.513570,44.998653,5.00e-05,26518.81,20303872,N/A,2025-07-14 12:13:06
4957,4.002476,3.513570,44.998653,5.00e-05,26487.91,20307968,N/A,2025-07-14 12:13:06
4958,3.481175,3.513570,44.998653,5.00e-05,26074.32,20312064,N/A,2025-07-14 12:13:06
4959,3.092372,3.513570,44.998653,5.00e-05,27586.45,20316160,N/A,2025-07-14 12:13:06
4960,2.585944,3.513570,44.998653,5.00e-05,26835.40,20320256,1.0000,2025-07-14 12:13:06
4961,3.351788,3.513570,44.998653,5.00e-05,26382.34,20324352,N/A,2025-07-14 12:13:06
4962,4.076616,3.513570,44.998653,5.00e-05,26183.95,20328448,N/A,2025-07-14 12:13:07
4963,3.360193,3.513570,44.998653,5.00e-05,26160.98,20332544,N/A,2025-07-14 12:13:07
4964,4.488187,3.513570,44.998653,5.00e-05,26100.07,20336640,N/A,2025-07-14 12:13:07
4965,4.051696,3.513570,44.998653,5.00e-05,26087.10,20340736,N/A,2025-07-14 12:13:07
4966,4.350382,3.513570,44.998653,5.00e-05,25772.29,20344832,N/A,2025-07-14 12:13:07
4967,3.155286,3.513570,44.998653,5.00e-05,26165.05,20348928,N/A,2025-07-14 12:13:07
4968,2.876292,3.513570,44.998653,5.00e-05,26148.60,20353024,N/A,2025-07-14 12:13:08
4969,4.195863,3.513570,44.998653,5.00e-05,26838.16,20357120,N/A,2025-07-14 12:13:08
4970,4.777774,3.513570,44.998653,5.00e-05,26588.08,20361216,1.0000,2025-07-14 12:13:08
4971,3.721496,3.513570,44.998653,5.00e-05,26767.30,20365312,N/A,2025-07-14 12:13:08
4972,4.675147,3.513570,44.998653,5.00e-05,26677.14,20369408,N/A,2025-07-14 12:13:08
4973,3.967663,3.513570,44.998653,5.00e-05,26728.80,20373504,N/A,2025-07-14 12:13:09
4974,4.053269,3.513570,44.998653,5.00e-05,26786.92,20377600,N/A,2025-07-14 12:13:09
4975,3.178580,3.513570,44.998653,5.00e-05,27189.97,20381696,N/A,2025-07-14 12:13:09
4976,3.111753,3.513570,44.998653,5.00e-05,27204.33,20385792,N/A,2025-07-14 12:13:09
4977,3.412174,3.513570,44.998653,5.00e-05,27372.92,20389888,N/A,2025-07-14 12:13:09
4978,3.169968,3.513570,44.998653,5.00e-05,27422.57,20393984,N/A,2025-07-14 12:13:09
4979,3.339525,3.513570,44.998653,5.00e-05,28155.75,20398080,N/A,2025-07-14 12:13:09
4980,4.257045,3.513570,44.998653,5.00e-05,27414.60,20402176,1.0000,2025-07-14 12:13:10
4981,5.587413,3.513570,44.998653,5.00e-05,27538.54,20406272,N/A,2025-07-14 12:13:10
4982,3.449365,3.513570,44.998653,5.00e-05,27597.34,20410368,N/A,2025-07-14 12:13:10
4983,2.173583,3.513570,44.998653,5.00e-05,27495.56,20414464,N/A,2025-07-14 12:13:10
4984,1.659015,3.513570,44.998653,5.00e-05,27298.04,20418560,N/A,2025-07-14 12:13:10
4985,3.884865,3.513570,44.998653,5.00e-05,27326.21,20422656,N/A,2025-07-14 12:13:10
4986,4.370727,3.513570,44.998653,5.00e-05,27269.05,20426752,N/A,2025-07-14 12:13:11
4987,3.091238,3.513570,44.998653,5.00e-05,27257.80,20430848,N/A,2025-07-14 12:13:11
4988,3.106952,3.513570,44.998653,5.00e-05,27181.95,20434944,N/A,2025-07-14 12:13:11
4989,2.860409,3.513570,44.998653,5.00e-05,27972.79,20439040,N/A,2025-07-14 12:13:11
4990,4.957131,3.513570,44.998653,5.00e-05,27330.24,20443136,1.0000,2025-07-14 12:13:11
4991,2.370545,3.513570,44.998653,5.00e-05,27333.32,20447232,N/A,2025-07-14 12:13:11
4992,3.191584,3.513570,44.998653,5.00e-05,27398.78,20451328,N/A,2025-07-14 12:13:12
4993,4.984739,3.513570,44.998653,5.00e-05,27506.50,20455424,N/A,2025-07-14 12:13:12
4994,4.182678,3.513570,44.998653,5.00e-05,27481.91,20459520,N/A,2025-07-14 12:13:12
4995,3.882041,3.513570,44.998653,5.00e-05,27562.50,20463616,N/A,2025-07-14 12:13:12
4996,2.801138,3.513570,44.998653,5.00e-05,27337.72,20467712,N/A,2025-07-14 12:13:12
4997,3.366396,3.513570,44.998653,5.00e-05,27463.12,20471808,N/A,2025-07-14 12:13:12
4998,2.004966,3.513570,44.998653,5.00e-05,27312.16,20475904,N/A,2025-07-14 12:13:13
4999,2.404514,3.513570,44.998653,5.00e-05,27926.84,20480000,N/A,2025-07-14 12:13:13
5000,5.386267,3.417224,40.405994,5.00e-05,3441.24,20484096,N/A,2025-07-14 12:13:23
5001,3.566392,3.417224,40.405994,5.00e-05,3311.73,20488192,N/A,2025-07-14 12:13:24
5002,2.835435,3.417224,40.405994,5.00e-05,3310.47,20492288,N/A,2025-07-14 12:13:24
5003,3.899607,3.417224,40.405994,5.00e-05,3304.35,20496384,N/A,2025-07-14 12:13:24
5004,5.473428,3.417224,40.405994,5.00e-05,3298.39,20500480,N/A,2025-07-14 12:13:25
5005,3.963042,3.417224,40.405994,5.00e-05,3299.44,20504576,N/A,2025-07-14 12:13:25
5006,3.216808,3.417224,40.405994,5.00e-05,3299.12,20508672,N/A,2025-07-14 12:13:25
5007,4.197362,3.417224,40.405994,5.00e-05,3300.41,20512768,N/A,2025-07-14 12:13:25
5008,4.065575,3.417224,40.405994,5.00e-05,3289.21,20516864,N/A,2025-07-14 12:13:25
5009,4.226537,3.417224,40.405994,5.00e-05,20108.20,20520960,N/A,2025-07-14 12:13:25
5010,4.524376,3.417224,40.405994,5.00e-05,25301.95,20525056,1.0000,2025-07-14 12:13:26
5011,1.486413,3.417224,40.405994,5.00e-05,25259.82,20529152,N/A,2025-07-14 12:13:26
5012,4.183220,3.417224,40.405994,5.00e-05,25382.12,20533248,N/A,2025-07-14 12:13:26
5013,2.821847,3.417224,40.405994,5.00e-05,25485.17,20537344,N/A,2025-07-14 12:13:26
5014,3.535850,3.417224,40.405994,5.00e-05,25522.98,20541440,N/A,2025-07-14 12:13:26
5015,3.432179,3.417224,40.405994,5.00e-05,25540.26,20545536,N/A,2025-07-14 12:13:26
5016,4.131320,3.417224,40.405994,5.00e-05,25587.88,20549632,N/A,2025-07-14 12:13:27
5017,2.984943,3.417224,40.405994,5.00e-05,26115.49,20553728,N/A,2025-07-14 12:13:27
5018,2.713937,3.417224,40.405994,5.00e-05,26262.54,20557824,N/A,2025-07-14 12:13:27
5019,3.516793,3.417224,40.405994,5.00e-05,26696.07,20561920,N/A,2025-07-14 12:13:27
5020,4.204097,3.417224,40.405994,5.00e-05,26037.55,20566016,1.0000,2025-07-14 12:13:27
5021,5.175196,3.417224,40.405994,5.00e-05,26113.16,20570112,N/A,2025-07-14 12:13:28
5022,4.289381,3.417224,40.405994,5.00e-05,26273.79,20574208,N/A,2025-07-14 12:13:28
5023,3.887115,3.417224,40.405994,5.00e-05,26184.26,20578304,N/A,2025-07-14 12:13:28
5024,2.889835,3.417224,40.405994,5.00e-05,26046.60,20582400,N/A,2025-07-14 12:13:28
5025,5.252183,3.417224,40.405994,5.00e-05,25883.41,20586496,N/A,2025-07-14 12:13:28
5026,2.682760,3.417224,40.405994,5.00e-05,25888.94,20590592,N/A,2025-07-14 12:13:28
5027,4.254789,3.417224,40.405994,5.00e-05,25952.60,20594688,N/A,2025-07-14 12:13:29
5028,5.149303,3.417224,40.405994,5.00e-05,26273.87,20598784,N/A,2025-07-14 12:13:29
5029,2.789295,3.417224,40.405994,5.00e-05,26926.98,20602880,N/A,2025-07-14 12:13:29
5030,2.807023,3.417224,40.405994,5.00e-05,25248.36,20606976,1.0000,2025-07-14 12:13:29
5031,3.421323,3.417224,40.405994,5.00e-05,25260.07,20611072,N/A,2025-07-14 12:13:29
5032,4.481096,3.417224,40.405994,5.00e-05,25050.94,20615168,N/A,2025-07-14 12:13:30
5033,2.887794,3.417224,40.405994,5.00e-05,24298.01,20619264,N/A,2025-07-14 12:13:30
5034,3.654166,3.417224,40.405994,5.00e-05,24082.72,20623360,N/A,2025-07-14 12:13:30
5035,3.129356,3.417224,40.405994,5.00e-05,23994.09,20627456,N/A,2025-07-14 12:13:30
5036,3.375247,3.417224,40.405994,5.00e-05,24013.51,20631552,N/A,2025-07-14 12:13:30
5037,3.689144,3.417224,40.405994,5.00e-05,24050.18,20635648,N/A,2025-07-14 12:13:30
5038,2.928944,3.417224,40.405994,5.00e-05,24170.13,20639744,N/A,2025-07-14 12:13:31
5039,2.281762,3.417224,40.405994,5.00e-05,25687.14,20643840,N/A,2025-07-14 12:13:31
5040,3.405717,3.417224,40.405994,5.00e-05,25032.75,20647936,1.0000,2025-07-14 12:13:31
5041,4.863724,3.417224,40.405994,5.00e-05,25325.02,20652032,N/A,2025-07-14 12:13:31
5042,2.501040,3.417224,40.405994,5.00e-05,26086.85,20656128,N/A,2025-07-14 12:13:31
5043,3.693339,3.417224,40.405994,5.00e-05,26242.40,20660224,N/A,2025-07-14 12:13:31
5044,5.371800,3.417224,40.405994,5.00e-05,26508.40,20664320,N/A,2025-07-14 12:13:32
5045,3.140184,3.417224,40.405994,5.00e-05,26045.82,20668416,N/A,2025-07-14 12:13:32
5046,1.931306,3.417224,40.405994,5.00e-05,25891.88,20672512,N/A,2025-07-14 12:13:32
5047,4.361382,3.417224,40.405994,5.00e-05,25842.93,20676608,N/A,2025-07-14 12:13:32
5048,4.682492,3.417224,40.405994,5.00e-05,25928.06,20680704,N/A,2025-07-14 12:13:32
5049,2.968849,3.417224,40.405994,5.00e-05,26328.60,20684800,N/A,2025-07-14 12:13:33
5050,4.596877,3.417224,40.405994,5.00e-05,25343.67,20688896,1.0000,2025-07-14 12:13:33
5051,4.759548,3.417224,40.405994,5.00e-05,25243.98,20692992,N/A,2025-07-14 12:13:33
5052,4.398457,3.417224,40.405994,5.00e-05,24907.22,20697088,N/A,2025-07-14 12:13:33
5053,2.819520,3.417224,40.405994,5.00e-05,24862.86,20701184,N/A,2025-07-14 12:13:33
5054,3.034516,3.417224,40.405994,5.00e-05,25015.39,20705280,N/A,2025-07-14 12:13:33
5055,4.431258,3.417224,40.405994,5.00e-05,25025.57,20709376,N/A,2025-07-14 12:13:34
5056,2.856304,3.417224,40.405994,5.00e-05,24851.52,20713472,N/A,2025-07-14 12:13:34
5057,4.362914,3.417224,40.405994,5.00e-05,24463.43,20717568,N/A,2025-07-14 12:13:34
5058,3.927282,3.417224,40.405994,5.00e-05,24517.08,20721664,N/A,2025-07-14 12:13:34
5059,2.841802,3.417224,40.405994,5.00e-05,25254.05,20725760,N/A,2025-07-14 12:13:34
5060,2.193036,3.417224,40.405994,5.00e-05,24531.03,20729856,1.0000,2025-07-14 12:13:35
5061,4.023015,3.417224,40.405994,5.00e-05,25037.01,20733952,N/A,2025-07-14 12:13:35
5062,4.233902,3.417224,40.405994,5.00e-05,24685.00,20738048,N/A,2025-07-14 12:13:35
5063,2.920903,3.417224,40.405994,5.00e-05,24256.11,20742144,N/A,2025-07-14 12:13:35
5064,4.041366,3.417224,40.405994,5.00e-05,23945.71,20746240,N/A,2025-07-14 12:13:35
5065,4.221937,3.417224,40.405994,5.00e-05,24112.02,20750336,N/A,2025-07-14 12:13:36
5066,2.034583,3.417224,40.405994,5.00e-05,24338.04,20754432,N/A,2025-07-14 12:13:36
5067,2.866873,3.417224,40.405994,5.00e-05,24529.60,20758528,N/A,2025-07-14 12:13:36
5068,3.504940,3.417224,40.405994,5.00e-05,24568.27,20762624,N/A,2025-07-14 12:13:36
5069,4.158120,3.417224,40.405994,5.00e-05,25403.20,20766720,N/A,2025-07-14 12:13:36
5070,4.608366,3.417224,40.405994,5.00e-05,24838.11,20770816,1.0000,2025-07-14 12:13:36
5071,3.440825,3.417224,40.405994,5.00e-05,24955.10,20774912,N/A,2025-07-14 12:13:37
5072,2.446235,3.417224,40.405994,5.00e-05,25524.09,20779008,N/A,2025-07-14 12:13:37
5073,3.155918,3.417224,40.405994,5.00e-05,23833.51,20783104,N/A,2025-07-14 12:13:37
5074,4.353722,3.417224,40.405994,5.00e-05,23856.04,20787200,N/A,2025-07-14 12:13:37
5075,1.981769,3.417224,40.405994,5.00e-05,24033.17,20791296,N/A,2025-07-14 12:13:37
5076,4.958503,3.417224,40.405994,5.00e-05,23974.98,20795392,N/A,2025-07-14 12:13:38
5077,3.987455,3.417224,40.405994,5.00e-05,23849.79,20799488,N/A,2025-07-14 12:13:38
5078,3.505301,3.417224,40.405994,5.00e-05,23566.57,20803584,N/A,2025-07-14 12:13:38
5079,4.502088,3.417224,40.405994,5.00e-05,24091.45,20807680,N/A,2025-07-14 12:13:38
5080,4.923711,3.417224,40.405994,5.00e-05,23605.46,20811776,1.0000,2025-07-14 12:13:38
5081,4.289444,3.417224,40.405994,5.00e-05,23774.00,20815872,N/A,2025-07-14 12:13:38
5082,2.803856,3.417224,40.405994,5.00e-05,25531.98,20819968,N/A,2025-07-14 12:13:39
5083,5.447272,3.417224,40.405994,5.00e-05,25614.39,20824064,N/A,2025-07-14 12:13:39
5084,1.232746,3.417224,40.405994,5.00e-05,25691.91,20828160,N/A,2025-07-14 12:13:39
5085,4.380978,3.417224,40.405994,5.00e-05,25867.37,20832256,N/A,2025-07-14 12:13:39
5086,4.646641,3.417224,40.405994,5.00e-05,26261.04,20836352,N/A,2025-07-14 12:13:39
5087,3.972002,3.417224,40.405994,5.00e-05,26825.53,20840448,N/A,2025-07-14 12:13:39
5088,4.225420,3.417224,40.405994,5.00e-05,26852.29,20844544,N/A,2025-07-14 12:13:40
5089,3.514379,3.417224,40.405994,5.00e-05,27668.21,20848640,N/A,2025-07-14 12:13:40
5090,3.820735,3.417224,40.405994,5.00e-05,26989.35,20852736,1.0000,2025-07-14 12:13:40
5091,2.554930,3.417224,40.405994,5.00e-05,27502.56,20856832,N/A,2025-07-14 12:13:40
5092,4.391532,3.417224,40.405994,5.00e-05,27476.70,20860928,N/A,2025-07-14 12:13:40
5093,3.544834,3.417224,40.405994,5.00e-05,27440.78,20865024,N/A,2025-07-14 12:13:40
5094,3.166908,3.417224,40.405994,5.00e-05,27376.67,20869120,N/A,2025-07-14 12:13:41
5095,5.028661,3.417224,40.405994,5.00e-05,27190.88,20873216,N/A,2025-07-14 12:13:41
5096,3.673965,3.417224,40.405994,5.00e-05,27213.32,20877312,N/A,2025-07-14 12:13:41
5097,3.715943,3.417224,40.405994,5.00e-05,27027.45,20881408,N/A,2025-07-14 12:13:41
5098,3.124473,3.417224,40.405994,5.00e-05,27238.65,20885504,N/A,2025-07-14 12:13:41
5099,2.903882,3.417224,40.405994,5.00e-05,27885.16,20889600,N/A,2025-07-14 12:13:41
5100,3.598222,3.417224,40.405994,5.00e-05,27164.14,20893696,1.0000,2025-07-14 12:13:42
5101,4.629634,3.417224,40.405994,5.00e-05,20913.85,20897792,N/A,2025-07-14 12:13:42
5102,5.056871,3.417224,40.405994,5.00e-05,20819.97,20901888,N/A,2025-07-14 12:13:42
5103,4.039073,3.417224,40.405994,5.00e-05,20729.67,20905984,N/A,2025-07-14 12:13:43
5104,1.652809,3.417224,40.405994,5.00e-05,20840.65,20910080,N/A,2025-07-14 12:13:43
5105,3.242128,3.417224,40.405994,5.00e-05,20826.58,20914176,N/A,2025-07-14 12:13:43
5106,2.825593,3.417224,40.405994,5.00e-05,20947.26,20918272,N/A,2025-07-14 12:13:43
5107,2.494115,3.417224,40.405994,5.00e-05,20960.76,20922368,N/A,2025-07-14 12:13:43
5108,4.188728,3.417224,40.405994,5.00e-05,20979.22,20926464,N/A,2025-07-14 12:13:43
5109,3.020922,3.417224,40.405994,5.00e-05,21376.78,20930560,N/A,2025-07-14 12:13:44
5110,3.833273,3.417224,40.405994,5.00e-05,27334.34,20934656,1.0000,2025-07-14 12:13:44
5111,4.066191,3.417224,40.405994,5.00e-05,27258.23,20938752,N/A,2025-07-14 12:13:44
5112,3.352152,3.417224,40.405994,5.00e-05,27481.42,20942848,N/A,2025-07-14 12:13:44
5113,2.710894,3.417224,40.405994,5.00e-05,27536.46,20946944,N/A,2025-07-14 12:13:44
5114,2.352111,3.417224,40.405994,5.00e-05,27397.41,20951040,N/A,2025-07-14 12:13:44
5115,3.532830,3.417224,40.405994,5.00e-05,27410.27,20955136,N/A,2025-07-14 12:13:45
5116,4.185180,3.417224,40.405994,5.00e-05,27228.00,20959232,N/A,2025-07-14 12:13:45
5117,2.953159,3.417224,40.405994,5.00e-05,27237.97,20963328,N/A,2025-07-14 12:13:45
5118,3.136337,3.417224,40.405994,5.00e-05,27199.32,20967424,N/A,2025-07-14 12:13:45
5119,2.247694,3.417224,40.405994,5.00e-05,27563.01,20971520,N/A,2025-07-14 12:13:45
5120,3.278864,3.417224,40.405994,5.00e-05,26944.84,20975616,1.0000,2025-07-14 12:13:45
5121,3.735337,3.417224,40.405994,5.00e-05,26792.22,20979712,N/A,2025-07-14 12:13:46
5122,3.300242,3.417224,40.405994,5.00e-05,26736.25,20983808,N/A,2025-07-14 12:13:46
5123,4.317104,3.417224,40.405994,5.00e-05,26906.70,20987904,N/A,2025-07-14 12:13:46
5124,2.652500,3.417224,40.405994,5.00e-05,26778.85,20992000,N/A,2025-07-14 12:13:46
5125,3.486331,3.417224,40.405994,5.00e-05,26963.96,20996096,N/A,2025-07-14 12:13:46
5126,4.228174,3.417224,40.405994,5.00e-05,26845.74,21000192,N/A,2025-07-14 12:13:46
5127,4.610686,3.417224,40.405994,5.00e-05,26934.91,21004288,N/A,2025-07-14 12:13:47
5128,4.442259,3.417224,40.405994,5.00e-05,27083.48,21008384,N/A,2025-07-14 12:13:47
5129,4.256131,3.417224,40.405994,5.00e-05,27866.55,21012480,N/A,2025-07-14 12:13:47
5130,2.750304,3.417224,40.405994,5.00e-05,27322.33,21016576,1.0000,2025-07-14 12:13:47
5131,3.450847,3.417224,40.405994,5.00e-05,27220.88,21020672,N/A,2025-07-14 12:13:47
5132,3.581141,3.417224,40.405994,5.00e-05,27127.88,21024768,N/A,2025-07-14 12:13:47
5133,4.907799,3.417224,40.405994,5.00e-05,27220.99,21028864,N/A,2025-07-14 12:13:48
5134,2.468037,3.417224,40.405994,5.00e-05,27118.64,21032960,N/A,2025-07-14 12:13:48
5135,4.049809,3.417224,40.405994,5.00e-05,27271.44,21037056,N/A,2025-07-14 12:13:48
5136,5.099002,3.417224,40.405994,5.00e-05,26752.77,21041152,N/A,2025-07-14 12:13:48
5137,3.518542,3.417224,40.405994,5.00e-05,26753.16,21045248,N/A,2025-07-14 12:13:48
5138,3.973764,3.417224,40.405994,5.00e-05,26812.67,21049344,N/A,2025-07-14 12:13:48
5139,2.746489,3.417224,40.405994,5.00e-05,27393.45,21053440,N/A,2025-07-14 12:13:49
5140,3.851412,3.417224,40.405994,5.00e-05,26714.69,21057536,1.0000,2025-07-14 12:13:49
5141,4.179334,3.417224,40.405994,5.00e-05,26746.56,21061632,N/A,2025-07-14 12:13:49
5142,4.058030,3.417224,40.405994,5.00e-05,26517.70,21065728,N/A,2025-07-14 12:13:49
5143,3.894341,3.417224,40.405994,5.00e-05,26583.57,21069824,N/A,2025-07-14 12:13:49
5144,3.822132,3.417224,40.405994,5.00e-05,26269.31,21073920,N/A,2025-07-14 12:13:50
5145,3.127489,3.417224,40.405994,5.00e-05,26701.02,21078016,N/A,2025-07-14 12:13:50
5146,1.785236,3.417224,40.405994,5.00e-05,26708.64,21082112,N/A,2025-07-14 12:13:50
5147,1.150100,3.417224,40.405994,5.00e-05,26285.94,21086208,N/A,2025-07-14 12:13:50
5148,2.882057,3.417224,40.405994,5.00e-05,26352.76,21090304,N/A,2025-07-14 12:13:50
5149,3.780370,3.417224,40.405994,5.00e-05,27130.27,21094400,N/A,2025-07-14 12:13:50
5150,3.626783,3.417224,40.405994,5.00e-05,26509.42,21098496,1.0000,2025-07-14 12:13:51
5151,3.174129,3.417224,40.405994,5.00e-05,26647.06,21102592,N/A,2025-07-14 12:13:51
5152,3.737924,3.417224,40.405994,5.00e-05,26654.62,21106688,N/A,2025-07-14 12:13:51
5153,3.708898,3.417224,40.405994,5.00e-05,26918.91,21110784,N/A,2025-07-14 12:13:51
5154,4.739972,3.417224,40.405994,5.00e-05,26626.38,21114880,N/A,2025-07-14 12:13:51
5155,2.925761,3.417224,40.405994,5.00e-05,26733.87,21118976,N/A,2025-07-14 12:13:51
5156,2.547092,3.417224,40.405994,5.00e-05,27214.09,21123072,N/A,2025-07-14 12:13:52
5157,3.001027,3.417224,40.405994,5.00e-05,27178.27,21127168,N/A,2025-07-14 12:13:52
5158,1.660127,3.417224,40.405994,5.00e-05,27108.39,21131264,N/A,2025-07-14 12:13:52
5159,4.304505,3.417224,40.405994,5.00e-05,27662.39,21135360,N/A,2025-07-14 12:13:52
5160,3.473656,3.417224,40.405994,5.00e-05,27091.75,21139456,1.0000,2025-07-14 12:13:52
5161,2.533185,3.417224,40.405994,5.00e-05,27093.01,21143552,N/A,2025-07-14 12:13:52
5162,4.006583,3.417224,40.405994,5.00e-05,27079.44,21147648,N/A,2025-07-14 12:13:53
5163,2.078500,3.417224,40.405994,5.00e-05,27241.71,21151744,N/A,2025-07-14 12:13:53
5164,1.770124,3.417224,40.405994,5.00e-05,27160.08,21155840,N/A,2025-07-14 12:13:53
5165,2.663717,3.417224,40.405994,5.00e-05,27169.42,21159936,N/A,2025-07-14 12:13:53
5166,4.375425,3.417224,40.405994,5.00e-05,27212.71,21164032,N/A,2025-07-14 12:13:53
5167,3.742669,3.417224,40.405994,5.00e-05,27251.85,21168128,N/A,2025-07-14 12:13:53
5168,1.751064,3.417224,40.405994,5.00e-05,27356.61,21172224,N/A,2025-07-14 12:13:54
5169,2.915805,3.417224,40.405994,5.00e-05,28057.07,21176320,N/A,2025-07-14 12:13:54
5170,3.134743,3.417224,40.405994,5.00e-05,26938.62,21180416,1.0000,2025-07-14 12:13:54
5171,2.779573,3.417224,40.405994,5.00e-05,26817.99,21184512,N/A,2025-07-14 12:13:54
5172,3.695634,3.417224,40.405994,5.00e-05,27020.68,21188608,N/A,2025-07-14 12:13:54
5173,4.078138,3.417224,40.405994,5.00e-05,27089.86,21192704,N/A,2025-07-14 12:13:54
5174,4.398394,3.417224,40.405994,5.00e-05,27129.54,21196800,N/A,2025-07-14 12:13:55
5175,3.962888,3.417224,40.405994,5.00e-05,26936.47,21200896,N/A,2025-07-14 12:13:55
5176,5.093559,3.417224,40.405994,5.00e-05,27001.75,21204992,N/A,2025-07-14 12:13:55
5177,1.771758,3.417224,40.405994,5.00e-05,27026.12,21209088,N/A,2025-07-14 12:13:55
5178,4.120852,3.417224,40.405994,5.00e-05,27107.78,21213184,N/A,2025-07-14 12:13:55
5179,1.806957,3.417224,40.405994,5.00e-05,28223.26,21217280,N/A,2025-07-14 12:13:55
5180,3.856987,3.417224,40.405994,5.00e-05,27801.62,21221376,1.0000,2025-07-14 12:13:56
5181,3.225965,3.417224,40.405994,5.00e-05,27813.51,21225472,N/A,2025-07-14 12:13:56
5182,3.767193,3.417224,40.405994,5.00e-05,27821.14,21229568,N/A,2025-07-14 12:13:56
5183,3.863162,3.417224,40.405994,5.00e-05,27818.31,21233664,N/A,2025-07-14 12:13:56
5184,3.595010,3.417224,40.405994,5.00e-05,27468.70,21237760,N/A,2025-07-14 12:13:56
5185,3.664714,3.417224,40.405994,5.00e-05,27459.04,21241856,N/A,2025-07-14 12:13:56
5186,3.143854,3.417224,40.405994,5.00e-05,27494.84,21245952,N/A,2025-07-14 12:13:57
5187,4.299381,3.417224,40.405994,5.00e-05,27482.71,21250048,N/A,2025-07-14 12:13:57
5188,4.197364,3.417224,40.405994,5.00e-05,27497.69,21254144,N/A,2025-07-14 12:13:57
5189,3.929534,3.417224,40.405994,5.00e-05,28085.99,21258240,N/A,2025-07-14 12:13:57
5190,3.828620,3.417224,40.405994,5.00e-05,26845.26,21262336,1.0000,2025-07-14 12:13:57
5191,3.389651,3.417224,40.405994,5.00e-05,26812.84,21266432,N/A,2025-07-14 12:13:57
5192,4.463549,3.417224,40.405994,5.00e-05,26813.82,21270528,N/A,2025-07-14 12:13:58
5193,2.498383,3.417224,40.405994,5.00e-05,27397.16,21274624,N/A,2025-07-14 12:13:58
5194,3.028346,3.417224,40.405994,5.00e-05,27367.84,21278720,N/A,2025-07-14 12:13:58
5195,2.985009,3.417224,40.405994,5.00e-05,27258.86,21282816,N/A,2025-07-14 12:13:58
5196,4.101103,3.417224,40.405994,5.00e-05,27023.17,21286912,N/A,2025-07-14 12:13:58
5197,5.214510,3.417224,40.405994,5.00e-05,27019.03,21291008,N/A,2025-07-14 12:13:58
5198,3.966737,3.417224,40.405994,5.00e-05,27062.96,21295104,N/A,2025-07-14 12:13:59
5199,3.240124,3.417224,40.405994,5.00e-05,28262.89,21299200,N/A,2025-07-14 12:13:59
5200,3.160078,3.417224,40.405994,5.00e-05,27580.68,21303296,1.0000,2025-07-14 12:13:59
5201,2.457987,3.417224,40.405994,5.00e-05,22107.25,21307392,N/A,2025-07-14 12:13:59
5202,3.195079,3.417224,40.405994,5.00e-05,21891.48,21311488,N/A,2025-07-14 12:14:00
5203,3.228711,3.417224,40.405994,5.00e-05,21899.03,21315584,N/A,2025-07-14 12:14:00
5204,2.483958,3.417224,40.405994,5.00e-05,21767.46,21319680,N/A,2025-07-14 12:14:00
5205,4.213298,3.417224,40.405994,5.00e-05,21877.49,21323776,N/A,2025-07-14 12:14:00
5206,3.210907,3.417224,40.405994,5.00e-05,21894.57,21327872,N/A,2025-07-14 12:14:00
5207,2.089915,3.417224,40.405994,5.00e-05,21911.26,21331968,N/A,2025-07-14 12:14:00
5208,4.088480,3.417224,40.405994,5.00e-05,21945.42,21336064,N/A,2025-07-14 12:14:01
5209,4.078541,3.417224,40.405994,5.00e-05,22352.80,21340160,N/A,2025-07-14 12:14:01
5210,2.668705,3.417224,40.405994,5.00e-05,26873.22,21344256,1.0000,2025-07-14 12:14:01
5211,4.492515,3.417224,40.405994,5.00e-05,27140.52,21348352,N/A,2025-07-14 12:14:01
5212,2.685065,3.417224,40.405994,5.00e-05,27147.79,21352448,N/A,2025-07-14 12:14:01
5213,3.038970,3.417224,40.405994,5.00e-05,27443.49,21356544,N/A,2025-07-14 12:14:01
5214,3.161263,3.417224,40.405994,5.00e-05,27402.25,21360640,N/A,2025-07-14 12:14:02
5215,2.623870,3.417224,40.405994,5.00e-05,27407.70,21364736,N/A,2025-07-14 12:14:02
5216,4.306061,3.417224,40.405994,5.00e-05,27325.28,21368832,N/A,2025-07-14 12:14:02
5217,4.338042,3.417224,40.405994,5.00e-05,26809.37,21372928,N/A,2025-07-14 12:14:02
5218,2.973866,3.417224,40.405994,5.00e-05,26765.46,21377024,N/A,2025-07-14 12:14:02
5219,4.623998,3.417224,40.405994,5.00e-05,27759.35,21381120,N/A,2025-07-14 12:14:02
5220,2.416586,3.417224,40.405994,5.00e-05,26985.11,21385216,1.0000,2025-07-14 12:14:03
5221,3.156602,3.417224,40.405994,5.00e-05,26766.92,21389312,N/A,2025-07-14 12:14:03
5222,2.099780,3.417224,40.405994,5.00e-05,26775.68,21393408,N/A,2025-07-14 12:14:03
5223,3.303887,3.417224,40.405994,5.00e-05,26803.65,21397504,N/A,2025-07-14 12:14:03
5224,3.665871,3.417224,40.405994,5.00e-05,26741.82,21401600,N/A,2025-07-14 12:14:03
5225,2.616040,3.417224,40.405994,5.00e-05,26759.96,21405696,N/A,2025-07-14 12:14:03
5226,3.631855,3.417224,40.405994,5.00e-05,27186.71,21409792,N/A,2025-07-14 12:14:04
5227,2.414023,3.417224,40.405994,5.00e-05,27246.87,21413888,N/A,2025-07-14 12:14:04
5228,3.808179,3.417224,40.405994,5.00e-05,27287.15,21417984,N/A,2025-07-14 12:14:04
5229,1.811330,3.417224,40.405994,5.00e-05,28076.91,21422080,N/A,2025-07-14 12:14:04
5230,3.911728,3.417224,40.405994,5.00e-05,27546.46,21426176,1.0000,2025-07-14 12:14:04
5231,2.925808,3.417224,40.405994,5.00e-05,27454.63,21430272,N/A,2025-07-14 12:14:04
5232,3.000139,3.417224,40.405994,5.00e-05,27231.93,21434368,N/A,2025-07-14 12:14:05
5233,4.946743,3.417224,40.405994,5.00e-05,27270.04,21438464,N/A,2025-07-14 12:14:05
5234,3.991503,3.417224,40.405994,5.00e-05,26818.29,21442560,N/A,2025-07-14 12:14:05
5235,3.538816,3.417224,40.405994,5.00e-05,26834.53,21446656,N/A,2025-07-14 12:14:05
5236,1.842853,3.417224,40.405994,5.00e-05,26816.58,21450752,N/A,2025-07-14 12:14:05
5237,2.237446,3.417224,40.405994,5.00e-05,26802.68,21454848,N/A,2025-07-14 12:14:05
5238,2.158644,3.417224,40.405994,5.00e-05,26758.57,21458944,N/A,2025-07-14 12:14:06
5239,3.582119,3.417224,40.405994,5.00e-05,27445.86,21463040,N/A,2025-07-14 12:14:06
5240,3.964572,3.417224,40.405994,5.00e-05,26891.28,21467136,1.0000,2025-07-14 12:14:06
5241,3.343554,3.417224,40.405994,5.00e-05,26971.45,21471232,N/A,2025-07-14 12:14:06
5242,3.483084,3.417224,40.405994,5.00e-05,26828.04,21475328,N/A,2025-07-14 12:14:06
5243,4.079452,3.417224,40.405994,5.00e-05,27270.69,21479424,N/A,2025-07-14 12:14:06
5244,2.998603,3.417224,40.405994,5.00e-05,27285.53,21483520,N/A,2025-07-14 12:14:07
5245,4.859515,3.417224,40.405994,5.00e-05,27198.46,21487616,N/A,2025-07-14 12:14:07
5246,2.601208,3.417224,40.405994,5.00e-05,27207.54,21491712,N/A,2025-07-14 12:14:07
5247,2.026106,3.417224,40.405994,5.00e-05,27249.88,21495808,N/A,2025-07-14 12:14:07
5248,4.698667,3.417224,40.405994,5.00e-05,27246.20,21499904,N/A,2025-07-14 12:14:07
5249,3.912454,3.417224,40.405994,5.00e-05,27867.49,21504000,N/A,2025-07-14 12:14:07
5250,2.020495,3.417224,40.405994,5.00e-05,27359.24,21508096,1.0000,2025-07-14 12:14:08
5251,4.033519,3.417224,40.405994,5.00e-05,27546.18,21512192,N/A,2025-07-14 12:14:08
5252,4.887097,3.417224,40.405994,5.00e-05,27499.97,21516288,N/A,2025-07-14 12:14:08
5253,3.568990,3.417224,40.405994,5.00e-05,27466.13,21520384,N/A,2025-07-14 12:14:08
5254,4.015234,3.417224,40.405994,5.00e-05,27567.70,21524480,N/A,2025-07-14 12:14:08
5255,3.319049,3.417224,40.405994,5.00e-05,27535.27,21528576,N/A,2025-07-14 12:14:08
5256,2.937820,3.417224,40.405994,5.00e-05,27417.89,21532672,N/A,2025-07-14 12:14:09
5257,2.793375,3.417224,40.405994,5.00e-05,27471.14,21536768,N/A,2025-07-14 12:14:09
5258,2.276442,3.417224,40.405994,5.00e-05,27465.69,21540864,N/A,2025-07-14 12:14:09
5259,4.003411,3.417224,40.405994,5.00e-05,28143.00,21544960,N/A,2025-07-14 12:14:09
5260,2.203561,3.417224,40.405994,5.00e-05,27377.04,21549056,1.0000,2025-07-14 12:14:09
5261,3.716679,3.417224,40.405994,5.00e-05,27511.45,21553152,N/A,2025-07-14 12:14:09
5262,2.615125,3.417224,40.405994,5.00e-05,27326.49,21557248,N/A,2025-07-14 12:14:10
5263,3.932303,3.417224,40.405994,5.00e-05,27377.18,21561344,N/A,2025-07-14 12:14:10
5264,3.387546,3.417224,40.405994,5.00e-05,27458.36,21565440,N/A,2025-07-14 12:14:10
5265,2.902794,3.417224,40.405994,5.00e-05,27540.81,21569536,N/A,2025-07-14 12:14:10
5266,2.736935,3.417224,40.405994,5.00e-05,27513.82,21573632,N/A,2025-07-14 12:14:10
5267,3.159946,3.417224,40.405994,5.00e-05,27523.65,21577728,N/A,2025-07-14 12:14:10
5268,2.696045,3.417224,40.405994,5.00e-05,27538.76,21581824,N/A,2025-07-14 12:14:11
5269,4.012082,3.417224,40.405994,5.00e-05,27680.87,21585920,N/A,2025-07-14 12:14:11
5270,3.764456,3.417224,40.405994,5.00e-05,26864.61,21590016,1.0000,2025-07-14 12:14:11
5271,4.089263,3.417224,40.405994,5.00e-05,26944.80,21594112,N/A,2025-07-14 12:14:11
5272,2.864415,3.417224,40.405994,5.00e-05,26941.08,21598208,N/A,2025-07-14 12:14:11
5273,3.004790,3.417224,40.405994,5.00e-05,26861.55,21602304,N/A,2025-07-14 12:14:11
5274,2.642596,3.417224,40.405994,5.00e-05,26923.00,21606400,N/A,2025-07-14 12:14:12
5275,4.476469,3.417224,40.405994,5.00e-05,26819.45,21610496,N/A,2025-07-14 12:14:12
5276,1.913516,3.417224,40.405994,5.00e-05,26849.20,21614592,N/A,2025-07-14 12:14:12
5277,3.667840,3.417224,40.405994,5.00e-05,26880.45,21618688,N/A,2025-07-14 12:14:12
5278,4.869821,3.417224,40.405994,5.00e-05,27488.55,21622784,N/A,2025-07-14 12:14:12
5279,4.654526,3.417224,40.405994,5.00e-05,28264.79,21626880,N/A,2025-07-14 12:14:12
5280,2.218919,3.417224,40.405994,5.00e-05,27415.53,21630976,1.0000,2025-07-14 12:14:13
5281,4.061101,3.417224,40.405994,5.00e-05,26911.22,21635072,N/A,2025-07-14 12:14:13
5282,4.045439,3.417224,40.405994,5.00e-05,27000.10,21639168,N/A,2025-07-14 12:14:13
5283,2.489701,3.417224,40.405994,5.00e-05,26996.50,21643264,N/A,2025-07-14 12:14:13
5284,4.475595,3.417224,40.405994,5.00e-05,27138.82,21647360,N/A,2025-07-14 12:14:13
5285,3.593266,3.417224,40.405994,5.00e-05,27148.07,21651456,N/A,2025-07-14 12:14:13
5286,2.979749,3.417224,40.405994,5.00e-05,26642.22,21655552,N/A,2025-07-14 12:14:14
5287,3.705182,3.417224,40.405994,5.00e-05,26507.95,21659648,N/A,2025-07-14 12:14:14
5288,6.078703,3.417224,40.405994,5.00e-05,26379.36,21663744,N/A,2025-07-14 12:14:14
5289,5.137863,3.417224,40.405994,5.00e-05,27302.85,21667840,N/A,2025-07-14 12:14:14
5290,5.866296,3.417224,40.405994,5.00e-05,27114.70,21671936,1.0000,2025-07-14 12:14:14
5291,5.696631,3.417224,40.405994,5.00e-05,27036.48,21676032,N/A,2025-07-14 12:14:14
5292,5.790707,3.417224,40.405994,5.00e-05,26981.12,21680128,N/A,2025-07-14 12:14:15
5293,3.720746,3.417224,40.405994,5.00e-05,26931.24,21684224,N/A,2025-07-14 12:14:15
5294,6.714237,3.417224,40.405994,5.00e-05,26824.55,21688320,N/A,2025-07-14 12:14:15
5295,6.488004,3.417224,40.405994,5.00e-05,26951.35,21692416,N/A,2025-07-14 12:14:15
5296,6.502738,3.417224,40.405994,5.00e-05,26550.10,21696512,N/A,2025-07-14 12:14:15
5297,6.192016,3.417224,40.405994,5.00e-05,26717.96,21700608,N/A,2025-07-14 12:14:16
5298,4.212330,3.417224,40.405994,5.00e-05,26728.78,21704704,N/A,2025-07-14 12:14:16
5299,3.443982,3.417224,40.405994,5.00e-05,27364.95,21708800,N/A,2025-07-14 12:14:16
5300,3.654500,3.417224,40.405994,5.00e-05,26601.24,21712896,1.0000,2025-07-14 12:14:16
5301,4.740780,3.417224,40.405994,5.00e-05,20256.40,21716992,N/A,2025-07-14 12:14:17
5302,4.632721,3.417224,40.405994,5.00e-05,20235.47,21721088,N/A,2025-07-14 12:14:17
5303,6.153337,3.417224,40.405994,5.00e-05,20272.33,21725184,N/A,2025-07-14 12:14:17
5304,5.189069,3.417224,40.405994,5.00e-05,20319.05,21729280,N/A,2025-07-14 12:14:17
5305,4.247221,3.417224,40.405994,5.00e-05,20564.93,21733376,N/A,2025-07-14 12:14:17
5306,4.370967,3.417224,40.405994,5.00e-05,20541.30,21737472,N/A,2025-07-14 12:14:17
5307,3.780474,3.417224,40.405994,5.00e-05,20543.06,21741568,N/A,2025-07-14 12:14:18
5308,5.375449,3.417224,40.405994,5.00e-05,20574.37,21745664,N/A,2025-07-14 12:14:18
5309,3.671836,3.417224,40.405994,5.00e-05,21014.02,21749760,N/A,2025-07-14 12:14:18
5310,3.942693,3.417224,40.405994,5.00e-05,27217.90,21753856,1.0000,2025-07-14 12:14:18
5311,5.794450,3.417224,40.405994,5.00e-05,27178.10,21757952,N/A,2025-07-14 12:14:18
5312,4.091500,3.417224,40.405994,5.00e-05,27102.77,21762048,N/A,2025-07-14 12:14:19
5313,4.059407,3.417224,40.405994,5.00e-05,27355.53,21766144,N/A,2025-07-14 12:14:19
5314,2.196937,3.417224,40.405994,5.00e-05,27360.13,21770240,N/A,2025-07-14 12:14:19
5315,3.824752,3.417224,40.405994,5.00e-05,27340.92,21774336,N/A,2025-07-14 12:14:19
5316,4.477658,3.417224,40.405994,5.00e-05,27271.45,21778432,N/A,2025-07-14 12:14:19
5317,6.065847,3.417224,40.405994,5.00e-05,27219.08,21782528,N/A,2025-07-14 12:14:19
5318,4.536300,3.417224,40.405994,5.00e-05,27294.69,21786624,N/A,2025-07-14 12:14:19
5319,5.635105,3.417224,40.405994,5.00e-05,27439.59,21790720,N/A,2025-07-14 12:14:20
5320,4.227293,3.417224,40.405994,5.00e-05,26817.19,21794816,1.0000,2025-07-14 12:14:20
5321,3.064571,3.417224,40.405994,5.00e-05,26853.00,21798912,N/A,2025-07-14 12:14:20
5322,4.146191,3.417224,40.405994,5.00e-05,26818.38,21803008,N/A,2025-07-14 12:14:20
5323,5.176960,3.417224,40.405994,5.00e-05,26851.59,21807104,N/A,2025-07-14 12:14:20
5324,2.613039,3.417224,40.405994,5.00e-05,26602.13,21811200,N/A,2025-07-14 12:14:21
5325,4.548842,3.417224,40.405994,5.00e-05,26710.01,21815296,N/A,2025-07-14 12:14:21
5326,3.591776,3.417224,40.405994,5.00e-05,26779.10,21819392,N/A,2025-07-14 12:14:21
5327,3.532467,3.417224,40.405994,5.00e-05,26655.12,21823488,N/A,2025-07-14 12:14:21
5328,4.906033,3.417224,40.405994,5.00e-05,27204.89,21827584,N/A,2025-07-14 12:14:21
5329,4.224373,3.417224,40.405994,5.00e-05,27870.97,21831680,N/A,2025-07-14 12:14:21
5330,5.085965,3.417224,40.405994,5.00e-05,26962.53,21835776,1.0000,2025-07-14 12:14:22
5331,3.490542,3.417224,40.405994,5.00e-05,26894.03,21839872,N/A,2025-07-14 12:14:22
5332,3.378956,3.417224,40.405994,5.00e-05,26917.32,21843968,N/A,2025-07-14 12:14:22
5333,3.032957,3.417224,40.405994,5.00e-05,27216.13,21848064,N/A,2025-07-14 12:14:22
5334,3.449191,3.417224,40.405994,5.00e-05,26625.73,21852160,N/A,2025-07-14 12:14:22
5335,2.168042,3.417224,40.405994,5.00e-05,26285.90,21856256,N/A,2025-07-14 12:14:22
5336,4.909219,3.417224,40.405994,5.00e-05,26207.47,21860352,N/A,2025-07-14 12:14:23
5337,2.760813,3.417224,40.405994,5.00e-05,26203.82,21864448,N/A,2025-07-14 12:14:23
5338,4.165535,3.417224,40.405994,5.00e-05,26274.62,21868544,N/A,2025-07-14 12:14:23
5339,3.359183,3.417224,40.405994,5.00e-05,27163.51,21872640,N/A,2025-07-14 12:14:23
5340,3.273306,3.417224,40.405994,5.00e-05,26671.25,21876736,1.0000,2025-07-14 12:14:23
5341,2.741907,3.417224,40.405994,5.00e-05,26688.16,21880832,N/A,2025-07-14 12:14:23
5342,4.069608,3.417224,40.405994,5.00e-05,26645.99,21884928,N/A,2025-07-14 12:14:24
5343,4.081931,3.417224,40.405994,5.00e-05,27235.64,21889024,N/A,2025-07-14 12:14:24
5344,3.449446,3.417224,40.405994,5.00e-05,27499.88,21893120,N/A,2025-07-14 12:14:24
5345,4.686372,3.417224,40.405994,5.00e-05,27591.63,21897216,N/A,2025-07-14 12:14:24
5346,2.513696,3.417224,40.405994,5.00e-05,27617.63,21901312,N/A,2025-07-14 12:14:24
5347,2.861146,3.417224,40.405994,5.00e-05,27640.29,21905408,N/A,2025-07-14 12:14:24
5348,1.644801,3.417224,40.405994,5.00e-05,27683.39,21909504,N/A,2025-07-14 12:14:25
5349,3.389263,3.417224,40.405994,5.00e-05,28356.99,21913600,N/A,2025-07-14 12:14:25
5350,4.711809,3.417224,40.405994,5.00e-05,27627.29,21917696,1.0000,2025-07-14 12:14:25
5351,4.049575,3.417224,40.405994,5.00e-05,27694.82,21921792,N/A,2025-07-14 12:14:25
5352,4.259989,3.417224,40.405994,5.00e-05,27650.07,21925888,N/A,2025-07-14 12:14:25
5353,2.476874,3.417224,40.405994,5.00e-05,27643.04,21929984,N/A,2025-07-14 12:14:25
5354,3.195898,3.417224,40.405994,5.00e-05,27773.98,21934080,N/A,2025-07-14 12:14:26
5355,3.051944,3.417224,40.405994,5.00e-05,27690.09,21938176,N/A,2025-07-14 12:14:26
5356,2.042957,3.417224,40.405994,5.00e-05,27661.06,21942272,N/A,2025-07-14 12:14:26
5357,4.001441,3.417224,40.405994,5.00e-05,27618.24,21946368,N/A,2025-07-14 12:14:26
5358,3.845435,3.417224,40.405994,5.00e-05,27543.43,21950464,N/A,2025-07-14 12:14:26
5359,3.655038,3.417224,40.405994,5.00e-05,28189.78,21954560,N/A,2025-07-14 12:14:26
5360,4.034029,3.417224,40.405994,5.00e-05,27405.15,21958656,1.0000,2025-07-14 12:14:27
5361,3.540808,3.417224,40.405994,5.00e-05,27032.32,21962752,N/A,2025-07-14 12:14:27
5362,5.275991,3.417224,40.405994,5.00e-05,27030.50,21966848,N/A,2025-07-14 12:14:27
5363,2.241394,3.417224,40.405994,5.00e-05,26949.54,21970944,N/A,2025-07-14 12:14:27
5364,4.245935,3.417224,40.405994,5.00e-05,26944.59,21975040,N/A,2025-07-14 12:14:27
5365,3.180088,3.417224,40.405994,5.00e-05,26897.00,21979136,N/A,2025-07-14 12:14:27
5366,2.487257,3.417224,40.405994,5.00e-05,26854.65,21983232,N/A,2025-07-14 12:14:28
5367,3.565443,3.417224,40.405994,5.00e-05,26868.71,21987328,N/A,2025-07-14 12:14:28
5368,3.879515,3.417224,40.405994,5.00e-05,26854.07,21991424,N/A,2025-07-14 12:14:28
5369,3.525850,3.417224,40.405994,5.00e-05,27495.44,21995520,N/A,2025-07-14 12:14:28
5370,2.781540,3.417224,40.405994,5.00e-05,27029.89,21999616,1.0000,2025-07-14 12:14:28
5371,4.157540,3.417224,40.405994,5.00e-05,27049.00,22003712,N/A,2025-07-14 12:14:28
5372,4.692360,3.417224,40.405994,5.00e-05,27049.37,22007808,N/A,2025-07-14 12:14:29
5373,3.549428,3.417224,40.405994,5.00e-05,27144.42,22011904,N/A,2025-07-14 12:14:29
5374,3.277639,3.417224,40.405994,5.00e-05,27160.26,22016000,N/A,2025-07-14 12:14:29
5375,3.034668,3.417224,40.405994,5.00e-05,27045.91,22020096,N/A,2025-07-14 12:14:29
5376,3.495756,3.417224,40.405994,5.00e-05,27104.48,22024192,N/A,2025-07-14 12:14:29
5377,3.089025,3.417224,40.405994,5.00e-05,26897.78,22028288,N/A,2025-07-14 12:14:29
5378,3.630182,3.417224,40.405994,5.00e-05,27029.58,22032384,N/A,2025-07-14 12:14:30
5379,3.726685,3.417224,40.405994,5.00e-05,27862.85,22036480,N/A,2025-07-14 12:14:30
5380,3.579125,3.417224,40.405994,5.00e-05,27158.09,22040576,1.0000,2025-07-14 12:14:30
5381,2.450365,3.417224,40.405994,5.00e-05,27245.15,22044672,N/A,2025-07-14 12:14:30
5382,3.883468,3.417224,40.405994,5.00e-05,27258.62,22048768,N/A,2025-07-14 12:14:30
5383,3.580601,3.417224,40.405994,5.00e-05,27247.64,22052864,N/A,2025-07-14 12:14:30
5384,4.202907,3.417224,40.405994,5.00e-05,27418.33,22056960,N/A,2025-07-14 12:14:31
5385,3.717520,3.417224,40.405994,5.00e-05,27404.72,22061056,N/A,2025-07-14 12:14:31
5386,2.758125,3.417224,40.405994,5.00e-05,27704.41,22065152,N/A,2025-07-14 12:14:31
5387,3.582446,3.417224,40.405994,5.00e-05,27634.45,22069248,N/A,2025-07-14 12:14:31
5388,2.502335,3.417224,40.405994,5.00e-05,27429.31,22073344,N/A,2025-07-14 12:14:31
5389,3.982032,3.417224,40.405994,5.00e-05,27609.51,22077440,N/A,2025-07-14 12:14:31
5390,4.008675,3.417224,40.405994,5.00e-05,26808.35,22081536,1.0000,2025-07-14 12:14:32
5391,2.863853,3.417224,40.405994,5.00e-05,26777.80,22085632,N/A,2025-07-14 12:14:32
5392,2.403167,3.417224,40.405994,5.00e-05,26578.20,22089728,N/A,2025-07-14 12:14:32
5393,5.009549,3.417224,40.405994,5.00e-05,26079.14,22093824,N/A,2025-07-14 12:14:32
5394,3.746229,3.417224,40.405994,5.00e-05,26073.36,22097920,N/A,2025-07-14 12:14:32
5395,2.053948,3.417224,40.405994,5.00e-05,25998.56,22102016,N/A,2025-07-14 12:14:32
5396,4.253796,3.417224,40.405994,5.00e-05,25948.20,22106112,N/A,2025-07-14 12:14:33
5397,2.971314,3.417224,40.405994,5.00e-05,25959.35,22110208,N/A,2025-07-14 12:14:33
5398,1.551709,3.417224,40.405994,5.00e-05,26510.54,22114304,N/A,2025-07-14 12:14:33
5399,3.522131,3.417224,40.405994,5.00e-05,27194.78,22118400,N/A,2025-07-14 12:14:33
5400,2.000070,3.417224,40.405994,5.00e-05,26519.08,22122496,1.0000,2025-07-14 12:14:33
5401,3.763591,3.417224,40.405994,5.00e-05,20547.50,22126592,N/A,2025-07-14 12:14:34
5402,2.768648,3.417224,40.405994,5.00e-05,20702.84,22130688,N/A,2025-07-14 12:14:34
5403,2.084841,3.417224,40.405994,5.00e-05,20560.04,22134784,N/A,2025-07-14 12:14:34
5404,1.801627,3.417224,40.405994,5.00e-05,20626.04,22138880,N/A,2025-07-14 12:14:34
5405,3.155788,3.417224,40.405994,5.00e-05,20647.78,22142976,N/A,2025-07-14 12:14:35
5406,3.077654,3.417224,40.405994,5.00e-05,20780.32,22147072,N/A,2025-07-14 12:14:35
5407,4.216466,3.417224,40.405994,5.00e-05,20786.20,22151168,N/A,2025-07-14 12:14:35
5408,4.404162,3.417224,40.405994,5.00e-05,20849.26,22155264,N/A,2025-07-14 12:14:35
5409,3.577794,3.417224,40.405994,5.00e-05,21256.59,22159360,N/A,2025-07-14 12:14:35
5410,2.660100,3.417224,40.405994,5.00e-05,27230.97,22163456,1.0000,2025-07-14 12:14:35
5411,3.500618,3.417224,40.405994,5.00e-05,27460.24,22167552,N/A,2025-07-14 12:14:36
5412,1.743369,3.417224,40.405994,5.00e-05,27448.97,22171648,N/A,2025-07-14 12:14:36
5413,3.482676,3.417224,40.405994,5.00e-05,26956.76,22175744,N/A,2025-07-14 12:14:36
5414,4.932592,3.417224,40.405994,5.00e-05,27020.86,22179840,N/A,2025-07-14 12:14:36
5415,4.999375,3.417224,40.405994,5.00e-05,26880.30,22183936,N/A,2025-07-14 12:14:36
5416,4.006622,3.417224,40.405994,5.00e-05,26803.74,22188032,N/A,2025-07-14 12:14:36
5417,3.535603,3.417224,40.405994,5.00e-05,26566.69,22192128,N/A,2025-07-14 12:14:37
5418,3.625113,3.417224,40.405994,5.00e-05,26543.55,22196224,N/A,2025-07-14 12:14:37
5419,2.360398,3.417224,40.405994,5.00e-05,27198.55,22200320,N/A,2025-07-14 12:14:37
5420,5.217724,3.417224,40.405994,5.00e-05,26667.66,22204416,1.0000,2025-07-14 12:14:37
5421,3.801471,3.417224,40.405994,5.00e-05,26873.07,22208512,N/A,2025-07-14 12:14:37
5422,4.671891,3.417224,40.405994,5.00e-05,27337.40,22212608,N/A,2025-07-14 12:14:37
5423,2.697358,3.417224,40.405994,5.00e-05,27288.14,22216704,N/A,2025-07-14 12:14:38
5424,2.812289,3.417224,40.405994,5.00e-05,27232.02,22220800,N/A,2025-07-14 12:14:38
5425,3.072906,3.417224,40.405994,5.00e-05,26791.56,22224896,N/A,2025-07-14 12:14:38
5426,2.907650,3.417224,40.405994,5.00e-05,27005.28,22228992,N/A,2025-07-14 12:14:38
5427,4.877785,3.417224,40.405994,5.00e-05,27003.10,22233088,N/A,2025-07-14 12:14:38
5428,3.745902,3.417224,40.405994,5.00e-05,27024.89,22237184,N/A,2025-07-14 12:14:38
5429,3.061119,3.417224,40.405994,5.00e-05,27542.34,22241280,N/A,2025-07-14 12:14:39
5430,3.469197,3.417224,40.405994,5.00e-05,26877.11,22245376,1.0000,2025-07-14 12:14:39
5431,1.630825,3.417224,40.405994,5.00e-05,26890.25,22249472,N/A,2025-07-14 12:14:39
5432,4.339260,3.417224,40.405994,5.00e-05,26933.03,22253568,N/A,2025-07-14 12:14:39
5433,3.839515,3.417224,40.405994,5.00e-05,27111.29,22257664,N/A,2025-07-14 12:14:39
5434,4.060782,3.417224,40.405994,5.00e-05,27070.57,22261760,N/A,2025-07-14 12:14:39
5435,2.911027,3.417224,40.405994,5.00e-05,27074.57,22265856,N/A,2025-07-14 12:14:40
5436,3.813140,3.417224,40.405994,5.00e-05,27017.58,22269952,N/A,2025-07-14 12:14:40
5437,2.558031,3.417224,40.405994,5.00e-05,26995.41,22274048,N/A,2025-07-14 12:14:40
5438,2.483115,3.417224,40.405994,5.00e-05,27096.56,22278144,N/A,2025-07-14 12:14:40
5439,3.643515,3.417224,40.405994,5.00e-05,27820.80,22282240,N/A,2025-07-14 12:14:40
5440,3.258084,3.417224,40.405994,5.00e-05,27035.82,22286336,1.0000,2025-07-14 12:14:40
5441,3.072443,3.417224,40.405994,5.00e-05,26593.47,22290432,N/A,2025-07-14 12:14:41
5442,3.821882,3.417224,40.405994,5.00e-05,26616.59,22294528,N/A,2025-07-14 12:14:41
5443,2.786933,3.417224,40.405994,5.00e-05,27142.84,22298624,N/A,2025-07-14 12:14:41
5444,2.703489,3.417224,40.405994,5.00e-05,27169.38,22302720,N/A,2025-07-14 12:14:41
5445,1.597362,3.417224,40.405994,5.00e-05,27272.80,22306816,N/A,2025-07-14 12:14:41
5446,3.776689,3.417224,40.405994,5.00e-05,27281.36,22310912,N/A,2025-07-14 12:14:41
5447,5.158724,3.417224,40.405994,5.00e-05,27210.71,22315008,N/A,2025-07-14 12:14:42
5448,4.027925,3.417224,40.405994,5.00e-05,27209.28,22319104,N/A,2025-07-14 12:14:42
5449,3.014623,3.417224,40.405994,5.00e-05,27901.39,22323200,N/A,2025-07-14 12:14:42
5450,4.238178,3.417224,40.405994,5.00e-05,27695.03,22327296,1.0000,2025-07-14 12:14:42
5451,4.424643,3.417224,40.405994,5.00e-05,27186.05,22331392,N/A,2025-07-14 12:14:42
5452,3.621387,3.417224,40.405994,5.00e-05,27224.87,22335488,N/A,2025-07-14 12:14:42
5453,4.666376,3.417224,40.405994,5.00e-05,27223.15,22339584,N/A,2025-07-14 12:14:43
5454,3.484520,3.417224,40.405994,5.00e-05,27046.13,22343680,N/A,2025-07-14 12:14:43
5455,4.435639,3.417224,40.405994,5.00e-05,27079.85,22347776,N/A,2025-07-14 12:14:43
5456,2.953613,3.417224,40.405994,5.00e-05,27144.32,22351872,N/A,2025-07-14 12:14:43
5457,2.798919,3.417224,40.405994,5.00e-05,27104.14,22355968,N/A,2025-07-14 12:14:43
5458,4.074376,3.417224,40.405994,5.00e-05,27175.32,22360064,N/A,2025-07-14 12:14:43
5459,4.804480,3.417224,40.405994,5.00e-05,27756.16,22364160,N/A,2025-07-14 12:14:44
5460,3.044549,3.417224,40.405994,5.00e-05,27473.47,22368256,1.0000,2025-07-14 12:14:44
5461,1.825428,3.417224,40.405994,5.00e-05,27405.11,22372352,N/A,2025-07-14 12:14:44
5462,2.814116,3.417224,40.405994,5.00e-05,27123.64,22376448,N/A,2025-07-14 12:14:44
5463,2.437009,3.417224,40.405994,5.00e-05,27279.89,22380544,N/A,2025-07-14 12:14:44
5464,2.419148,3.417224,40.405994,5.00e-05,27220.39,22384640,N/A,2025-07-14 12:14:44
5465,3.503188,3.417224,40.405994,5.00e-05,26866.39,22388736,N/A,2025-07-14 12:14:45
5466,4.468419,3.417224,40.405994,5.00e-05,26951.41,22392832,N/A,2025-07-14 12:14:45
5467,1.373173,3.417224,40.405994,5.00e-05,26847.61,22396928,N/A,2025-07-14 12:14:45
5468,3.372011,3.417224,40.405994,5.00e-05,26686.12,22401024,N/A,2025-07-14 12:14:45
5469,3.947939,3.417224,40.405994,5.00e-05,26935.57,22405120,N/A,2025-07-14 12:14:45
5470,1.296819,3.417224,40.405994,5.00e-05,26354.74,22409216,1.0000,2025-07-14 12:14:46
5471,3.162969,3.417224,40.405994,5.00e-05,26527.37,22413312,N/A,2025-07-14 12:14:46
5472,2.581827,3.417224,40.405994,5.00e-05,25991.68,22417408,N/A,2025-07-14 12:14:46
5473,3.325063,3.417224,40.405994,5.00e-05,26030.72,22421504,N/A,2025-07-14 12:14:46
5474,3.539137,3.417224,40.405994,5.00e-05,26363.54,22425600,N/A,2025-07-14 12:14:46
5475,2.243651,3.417224,40.405994,5.00e-05,26365.71,22429696,N/A,2025-07-14 12:14:46
5476,3.204307,3.417224,40.405994,5.00e-05,26500.55,22433792,N/A,2025-07-14 12:14:47
5477,3.435736,3.417224,40.405994,5.00e-05,26744.67,22437888,N/A,2025-07-14 12:14:47
5478,3.787873,3.417224,40.405994,5.00e-05,27278.52,22441984,N/A,2025-07-14 12:14:47
5479,2.971933,3.417224,40.405994,5.00e-05,27891.84,22446080,N/A,2025-07-14 12:14:47
5480,2.182243,3.417224,40.405994,5.00e-05,27188.62,22450176,1.0000,2025-07-14 12:14:47
5481,3.620082,3.417224,40.405994,5.00e-05,27728.85,22454272,N/A,2025-07-14 12:14:47
5482,3.563707,3.417224,40.405994,5.00e-05,27720.71,22458368,N/A,2025-07-14 12:14:48
5483,2.450001,3.417224,40.405994,5.00e-05,27677.49,22462464,N/A,2025-07-14 12:14:48
5484,4.490956,3.417224,40.405994,5.00e-05,27642.98,22466560,N/A,2025-07-14 12:14:48
5485,3.285506,3.417224,40.405994,5.00e-05,27613.50,22470656,N/A,2025-07-14 12:14:48
5486,2.793711,3.417224,40.405994,5.00e-05,27326.62,22474752,N/A,2025-07-14 12:14:48
5487,4.027121,3.417224,40.405994,5.00e-05,27227.48,22478848,N/A,2025-07-14 12:14:48
5488,2.754452,3.417224,40.405994,5.00e-05,27270.70,22482944,N/A,2025-07-14 12:14:49
5489,2.950237,3.417224,40.405994,5.00e-05,28027.07,22487040,N/A,2025-07-14 12:14:49
5490,2.586147,3.417224,40.405994,5.00e-05,26985.03,22491136,1.0000,2025-07-14 12:14:49
5491,1.355261,3.417224,40.405994,5.00e-05,27045.51,22495232,N/A,2025-07-14 12:14:49
5492,1.607420,3.417224,40.405994,5.00e-05,27105.20,22499328,N/A,2025-07-14 12:14:49
5493,1.815285,3.417224,40.405994,5.00e-05,27102.48,22503424,N/A,2025-07-14 12:14:49
5494,3.290128,3.417224,40.405994,5.00e-05,27156.01,22507520,N/A,2025-07-14 12:14:50
5495,2.039294,3.417224,40.405994,5.00e-05,27227.83,22511616,N/A,2025-07-14 12:14:50
5496,3.594800,3.417224,40.405994,5.00e-05,27285.38,22515712,N/A,2025-07-14 12:14:50
5497,4.508453,3.417224,40.405994,5.00e-05,27224.51,22519808,N/A,2025-07-14 12:14:50
5498,2.761062,3.417224,40.405994,5.00e-05,27062.44,22523904,N/A,2025-07-14 12:14:50
5499,3.383209,3.417224,40.405994,5.00e-05,28190.56,22528000,N/A,2025-07-14 12:14:50
5500,2.118372,3.417224,40.405994,5.00e-05,27446.61,22532096,1.0000,2025-07-14 12:14:51
5501,4.701743,3.417224,40.405994,5.00e-05,21640.22,22536192,N/A,2025-07-14 12:14:51
5502,2.064310,3.417224,40.405994,5.00e-05,21568.81,22540288,N/A,2025-07-14 12:14:51
5503,2.366832,3.417224,40.405994,5.00e-05,21527.04,22544384,N/A,2025-07-14 12:14:51
5504,2.684816,3.417224,40.405994,5.00e-05,21635.59,22548480,N/A,2025-07-14 12:14:52
5505,3.960676,3.417224,40.405994,5.00e-05,21438.44,22552576,N/A,2025-07-14 12:14:52
5506,3.211848,3.417224,40.405994,5.00e-05,21333.64,22556672,N/A,2025-07-14 12:14:52
5507,3.454209,3.417224,40.405994,5.00e-05,21395.27,22560768,N/A,2025-07-14 12:14:52
5508,2.691203,3.417224,40.405994,5.00e-05,21372.13,22564864,N/A,2025-07-14 12:14:52
5509,4.009791,3.417224,40.405994,5.00e-05,21793.93,22568960,N/A,2025-07-14 12:14:52
5510,4.709967,3.417224,40.405994,5.00e-05,27041.31,22573056,1.0000,2025-07-14 12:14:53
5511,3.986124,3.417224,40.405994,5.00e-05,27110.15,22577152,N/A,2025-07-14 12:14:53
5512,4.013801,3.417224,40.405994,5.00e-05,27079.79,22581248,N/A,2025-07-14 12:14:53
5513,3.836532,3.417224,40.405994,5.00e-05,27107.80,22585344,N/A,2025-07-14 12:14:53
5514,1.299356,3.417224,40.405994,5.00e-05,27334.21,22589440,N/A,2025-07-14 12:14:53
5515,3.072830,3.417224,40.405994,5.00e-05,27557.01,22593536,N/A,2025-07-14 12:14:53
5516,3.836385,3.417224,40.405994,5.00e-05,27661.60,22597632,N/A,2025-07-14 12:14:54
5517,3.901341,3.417224,40.405994,5.00e-05,27693.78,22601728,N/A,2025-07-14 12:14:54
5518,3.243195,3.417224,40.405994,5.00e-05,27740.68,22605824,N/A,2025-07-14 12:14:54
5519,3.986382,3.417224,40.405994,5.00e-05,28324.15,22609920,N/A,2025-07-14 12:14:54
5520,3.967131,3.417224,40.405994,5.00e-05,27564.93,22614016,1.0000,2025-07-14 12:14:54
5521,3.696713,3.417224,40.405994,5.00e-05,27569.58,22618112,N/A,2025-07-14 12:14:54
5522,4.802223,3.417224,40.405994,5.00e-05,27477.14,22622208,N/A,2025-07-14 12:14:55
5523,3.173209,3.417224,40.405994,5.00e-05,27595.03,22626304,N/A,2025-07-14 12:14:55
5524,3.363310,3.417224,40.405994,5.00e-05,27554.86,22630400,N/A,2025-07-14 12:14:55
5525,2.933753,3.417224,40.405994,5.00e-05,27359.75,22634496,N/A,2025-07-14 12:14:55
5526,2.686751,3.417224,40.405994,5.00e-05,27125.93,22638592,N/A,2025-07-14 12:14:55
5527,4.052748,3.417224,40.405994,5.00e-05,27130.69,22642688,N/A,2025-07-14 12:14:55
5528,2.915549,3.417224,40.405994,5.00e-05,27207.52,22646784,N/A,2025-07-14 12:14:56
5529,2.982713,3.417224,40.405994,5.00e-05,27969.13,22650880,N/A,2025-07-14 12:14:56
5530,3.457219,3.417224,40.405994,5.00e-05,27346.19,22654976,1.0000,2025-07-14 12:14:56
5531,2.390660,3.417224,40.405994,5.00e-05,27453.27,22659072,N/A,2025-07-14 12:14:56
5532,3.143783,3.417224,40.405994,5.00e-05,27436.30,22663168,N/A,2025-07-14 12:14:56
5533,3.091187,3.417224,40.405994,5.00e-05,27462.52,22667264,N/A,2025-07-14 12:14:56
5534,3.845346,3.417224,40.405994,5.00e-05,27616.23,22671360,N/A,2025-07-14 12:14:57
5535,3.285894,3.417224,40.405994,5.00e-05,27832.00,22675456,N/A,2025-07-14 12:14:57
5536,3.914340,3.417224,40.405994,5.00e-05,27743.53,22679552,N/A,2025-07-14 12:14:57
5537,2.228640,3.417224,40.405994,5.00e-05,27395.47,22683648,N/A,2025-07-14 12:14:57
5538,2.087769,3.417224,40.405994,5.00e-05,27404.74,22687744,N/A,2025-07-14 12:14:57
5539,2.592338,3.417224,40.405994,5.00e-05,27998.75,22691840,N/A,2025-07-14 12:14:57
5540,3.062814,3.417224,40.405994,5.00e-05,27380.33,22695936,1.0000,2025-07-14 12:14:58
5541,4.474490,3.417224,40.405994,5.00e-05,27353.67,22700032,N/A,2025-07-14 12:14:58
5542,2.208141,3.417224,40.405994,5.00e-05,26915.99,22704128,N/A,2025-07-14 12:14:58
5543,2.834205,3.417224,40.405994,5.00e-05,26903.28,22708224,N/A,2025-07-14 12:14:58
5544,2.401321,3.417224,40.405994,5.00e-05,26744.74,22712320,N/A,2025-07-14 12:14:58
5545,1.907697,3.417224,40.405994,5.00e-05,26737.05,22716416,N/A,2025-07-14 12:14:58
5546,3.669929,3.417224,40.405994,5.00e-05,26979.83,22720512,N/A,2025-07-14 12:14:59
5547,2.737269,3.417224,40.405994,5.00e-05,26954.76,22724608,N/A,2025-07-14 12:14:59
5548,3.850263,3.417224,40.405994,5.00e-05,26866.43,22728704,N/A,2025-07-14 12:14:59
5549,2.757041,3.417224,40.405994,5.00e-05,27350.97,22732800,N/A,2025-07-14 12:14:59
5550,3.194308,3.417224,40.405994,5.00e-05,26597.41,22736896,1.0000,2025-07-14 12:14:59
5551,4.558090,3.417224,40.405994,5.00e-05,26723.17,22740992,N/A,2025-07-14 12:14:59
5552,3.828702,3.417224,40.405994,5.00e-05,26737.04,22745088,N/A,2025-07-14 12:15:00
5553,3.831922,3.417224,40.405994,5.00e-05,26863.57,22749184,N/A,2025-07-14 12:15:00
5554,1.886418,3.417224,40.405994,5.00e-05,26795.08,22753280,N/A,2025-07-14 12:15:00
5555,3.821043,3.417224,40.405994,5.00e-05,26561.41,22757376,N/A,2025-07-14 12:15:00
5556,3.336192,3.417224,40.405994,5.00e-05,26600.88,22761472,N/A,2025-07-14 12:15:00
5557,3.474228,3.417224,40.405994,5.00e-05,26735.85,22765568,N/A,2025-07-14 12:15:00
5558,3.693956,3.417224,40.405994,5.00e-05,26786.20,22769664,N/A,2025-07-14 12:15:01
5559,3.276274,3.417224,40.405994,5.00e-05,27549.75,22773760,N/A,2025-07-14 12:15:01
5560,3.824967,3.417224,40.405994,5.00e-05,27091.42,22777856,1.0000,2025-07-14 12:15:01
5561,3.677484,3.417224,40.405994,5.00e-05,27158.64,22781952,N/A,2025-07-14 12:15:01
5562,4.966109,3.417224,40.405994,5.00e-05,27221.80,22786048,N/A,2025-07-14 12:15:01
5563,4.500826,3.417224,40.405994,5.00e-05,27391.20,22790144,N/A,2025-07-14 12:15:01
5564,1.724803,3.417224,40.405994,5.00e-05,27727.63,22794240,N/A,2025-07-14 12:15:02
5565,3.334848,3.417224,40.405994,5.00e-05,27753.48,22798336,N/A,2025-07-14 12:15:02
5566,2.975121,3.417224,40.405994,5.00e-05,27780.28,22802432,N/A,2025-07-14 12:15:02
5567,4.332874,3.417224,40.405994,5.00e-05,27846.89,22806528,N/A,2025-07-14 12:15:02
5568,2.975965,3.417224,40.405994,5.00e-05,27815.89,22810624,N/A,2025-07-14 12:15:02
5569,2.425524,3.417224,40.405994,5.00e-05,28392.61,22814720,N/A,2025-07-14 12:15:02
5570,2.889395,3.417224,40.405994,5.00e-05,27409.29,22818816,1.0000,2025-07-14 12:15:03
5571,2.778141,3.417224,40.405994,5.00e-05,27383.06,22822912,N/A,2025-07-14 12:15:03
5572,2.641746,3.417224,40.405994,5.00e-05,27358.03,22827008,N/A,2025-07-14 12:15:03
5573,4.615304,3.417224,40.405994,5.00e-05,27362.25,22831104,N/A,2025-07-14 12:15:03
5574,3.291978,3.417224,40.405994,5.00e-05,27379.64,22835200,N/A,2025-07-14 12:15:03
5575,4.785455,3.417224,40.405994,5.00e-05,27381.56,22839296,N/A,2025-07-14 12:15:03
5576,3.500111,3.417224,40.405994,5.00e-05,27356.85,22843392,N/A,2025-07-14 12:15:04
5577,3.726520,3.417224,40.405994,5.00e-05,27422.91,22847488,N/A,2025-07-14 12:15:04
5578,5.060404,3.417224,40.405994,5.00e-05,27682.78,22851584,N/A,2025-07-14 12:15:04
5579,4.323009,3.417224,40.405994,5.00e-05,28642.08,22855680,N/A,2025-07-14 12:15:04
5580,2.923213,3.417224,40.405994,5.00e-05,27970.83,22859776,1.0000,2025-07-14 12:15:04
5581,3.281360,3.417224,40.405994,5.00e-05,27891.98,22863872,N/A,2025-07-14 12:15:04
5582,4.381710,3.417224,40.405994,5.00e-05,27489.42,22867968,N/A,2025-07-14 12:15:05
5583,3.262324,3.417224,40.405994,5.00e-05,27435.04,22872064,N/A,2025-07-14 12:15:05
5584,2.895459,3.417224,40.405994,5.00e-05,27026.37,22876160,N/A,2025-07-14 12:15:05
5585,3.786027,3.417224,40.405994,5.00e-05,26940.78,22880256,N/A,2025-07-14 12:15:05
5586,4.203395,3.417224,40.405994,5.00e-05,26634.34,22884352,N/A,2025-07-14 12:15:05
5587,3.547114,3.417224,40.405994,5.00e-05,26582.76,22888448,N/A,2025-07-14 12:15:05
5588,3.065366,3.417224,40.405994,5.00e-05,26634.86,22892544,N/A,2025-07-14 12:15:06
5589,3.112680,3.417224,40.405994,5.00e-05,27268.50,22896640,N/A,2025-07-14 12:15:06
5590,2.268292,3.417224,40.405994,5.00e-05,25998.72,22900736,1.0000,2025-07-14 12:15:06
5591,2.313082,3.417224,40.405994,5.00e-05,26347.46,22904832,N/A,2025-07-14 12:15:06
5592,3.612736,3.417224,40.405994,5.00e-05,26363.35,22908928,N/A,2025-07-14 12:15:06
5593,4.229255,3.417224,40.405994,5.00e-05,26683.04,22913024,N/A,2025-07-14 12:15:06
5594,3.713451,3.417224,40.405994,5.00e-05,26728.29,22917120,N/A,2025-07-14 12:15:07
5595,4.599544,3.417224,40.405994,5.00e-05,26501.60,22921216,N/A,2025-07-14 12:15:07
5596,3.261556,3.417224,40.405994,5.00e-05,26573.64,22925312,N/A,2025-07-14 12:15:07
5597,4.529055,3.417224,40.405994,5.00e-05,26462.90,22929408,N/A,2025-07-14 12:15:07
5598,3.186280,3.417224,40.405994,5.00e-05,26399.32,22933504,N/A,2025-07-14 12:15:07
5599,3.321882,3.417224,40.405994,5.00e-05,27662.94,22937600,N/A,2025-07-14 12:15:07
5600,3.453627,3.417224,40.405994,5.00e-05,26930.03,22941696,1.0000,2025-07-14 12:15:08
5601,2.781747,3.417224,40.405994,5.00e-05,21247.21,22945792,N/A,2025-07-14 12:15:08
5602,4.057486,3.417224,40.405994,5.00e-05,21217.79,22949888,N/A,2025-07-14 12:15:08
5603,3.697206,3.417224,40.405994,5.00e-05,21239.16,22953984,N/A,2025-07-14 12:15:09
5604,3.284595,3.417224,40.405994,5.00e-05,21566.71,22958080,N/A,2025-07-14 12:15:09
5605,1.722005,3.417224,40.405994,5.00e-05,21551.40,22962176,N/A,2025-07-14 12:15:09
5606,3.050308,3.417224,40.405994,5.00e-05,21607.00,22966272,N/A,2025-07-14 12:15:09
5607,2.126856,3.417224,40.405994,5.00e-05,21656.01,22970368,N/A,2025-07-14 12:15:09
5608,3.591393,3.417224,40.405994,5.00e-05,21725.45,22974464,N/A,2025-07-14 12:15:09
5609,2.810207,3.417224,40.405994,5.00e-05,22164.88,22978560,N/A,2025-07-14 12:15:10
5610,2.454326,3.417224,40.405994,5.00e-05,27698.46,22982656,1.0000,2025-07-14 12:15:10
5611,4.104599,3.417224,40.405994,5.00e-05,27750.60,22986752,N/A,2025-07-14 12:15:10
5612,2.584550,3.417224,40.405994,5.00e-05,27710.89,22990848,N/A,2025-07-14 12:15:10
5613,3.746802,3.417224,40.405994,5.00e-05,27693.45,22994944,N/A,2025-07-14 12:15:10
5614,3.469805,3.417224,40.405994,5.00e-05,27690.53,22999040,N/A,2025-07-14 12:15:10
5615,2.767623,3.417224,40.405994,5.00e-05,27671.94,23003136,N/A,2025-07-14 12:15:11
5616,3.201947,3.417224,40.405994,5.00e-05,27659.60,23007232,N/A,2025-07-14 12:15:11
5617,3.709999,3.417224,40.405994,5.00e-05,27622.21,23011328,N/A,2025-07-14 12:15:11
5618,2.263419,3.417224,40.405994,5.00e-05,27577.70,23015424,N/A,2025-07-14 12:15:11
5619,3.182342,3.417224,40.405994,5.00e-05,28184.79,23019520,N/A,2025-07-14 12:15:11
5620,2.896621,3.417224,40.405994,5.00e-05,27382.13,23023616,1.0000,2025-07-14 12:15:11
5621,2.291178,3.417224,40.405994,5.00e-05,27305.16,23027712,N/A,2025-07-14 12:15:12
5622,3.319382,3.417224,40.405994,5.00e-05,27228.85,23031808,N/A,2025-07-14 12:15:12
5623,2.670545,3.417224,40.405994,5.00e-05,27201.60,23035904,N/A,2025-07-14 12:15:12
5624,2.374193,3.417224,40.405994,5.00e-05,27118.80,23040000,N/A,2025-07-14 12:15:12
5625,0.820761,3.417224,40.405994,5.00e-05,26842.11,23044096,N/A,2025-07-14 12:15:12
5626,3.032455,3.417224,40.405994,5.00e-05,26869.68,23048192,N/A,2025-07-14 12:15:12
5627,3.069611,3.417224,40.405994,5.00e-05,26925.99,23052288,N/A,2025-07-14 12:15:13
5628,3.160066,3.417224,40.405994,5.00e-05,26887.81,23056384,N/A,2025-07-14 12:15:13
5629,3.187251,3.417224,40.405994,5.00e-05,27718.44,23060480,N/A,2025-07-14 12:15:13
5630,1.201863,3.417224,40.405994,5.00e-05,27220.90,23064576,1.0000,2025-07-14 12:15:13
5631,4.320735,3.417224,40.405994,5.00e-05,27261.48,23068672,N/A,2025-07-14 12:15:13
5632,3.410085,3.417224,40.405994,5.00e-05,27296.80,23072768,N/A,2025-07-14 12:15:13
5633,2.265815,3.417224,40.405994,5.00e-05,27423.47,23076864,N/A,2025-07-14 12:15:14
5634,2.788861,3.417224,40.405994,5.00e-05,27537.28,23080960,N/A,2025-07-14 12:15:14
5635,4.046178,3.417224,40.405994,5.00e-05,27263.31,23085056,N/A,2025-07-14 12:15:14
5636,3.722171,3.417224,40.405994,5.00e-05,27260.25,23089152,N/A,2025-07-14 12:15:14
5637,2.806916,3.417224,40.405994,5.00e-05,27445.47,23093248,N/A,2025-07-14 12:15:14
5638,3.836142,3.417224,40.405994,5.00e-05,27399.14,23097344,N/A,2025-07-14 12:15:14
5639,5.422652,3.417224,40.405994,5.00e-05,27707.79,23101440,N/A,2025-07-14 12:15:15
5640,4.307421,3.417224,40.405994,5.00e-05,27116.70,23105536,1.0000,2025-07-14 12:15:15
5641,1.417288,3.417224,40.405994,5.00e-05,27140.77,23109632,N/A,2025-07-14 12:15:15
5642,3.611082,3.417224,40.405994,5.00e-05,27090.84,23113728,N/A,2025-07-14 12:15:15
5643,3.221059,3.417224,40.405994,5.00e-05,27251.66,23117824,N/A,2025-07-14 12:15:15
5644,3.046011,3.417224,40.405994,5.00e-05,27568.25,23121920,N/A,2025-07-14 12:15:15
5645,3.494798,3.417224,40.405994,5.00e-05,27551.45,23126016,N/A,2025-07-14 12:15:16
5646,3.506238,3.417224,40.405994,5.00e-05,27477.61,23130112,N/A,2025-07-14 12:15:16
5647,2.072538,3.417224,40.405994,5.00e-05,27547.93,23134208,N/A,2025-07-14 12:15:16
5648,3.937476,3.417224,40.405994,5.00e-05,27858.41,23138304,N/A,2025-07-14 12:15:16
5649,2.857886,3.417224,40.405994,5.00e-05,28467.73,23142400,N/A,2025-07-14 12:15:16
5650,3.815838,3.417224,40.405994,5.00e-05,27164.05,23146496,1.0000,2025-07-14 12:15:16
5651,2.555868,3.417224,40.405994,5.00e-05,27163.42,23150592,N/A,2025-07-14 12:15:17
5652,2.088435,3.417224,40.405994,5.00e-05,27115.91,23154688,N/A,2025-07-14 12:15:17
5653,4.572883,3.417224,40.405994,5.00e-05,27091.94,23158784,N/A,2025-07-14 12:15:17
5654,3.665738,3.417224,40.405994,5.00e-05,26950.04,23162880,N/A,2025-07-14 12:15:17
5655,2.124892,3.417224,40.405994,5.00e-05,27018.49,23166976,N/A,2025-07-14 12:15:17
5656,3.518991,3.417224,40.405994,5.00e-05,27045.60,23171072,N/A,2025-07-14 12:15:17
5657,2.556530,3.417224,40.405994,5.00e-05,27023.93,23175168,N/A,2025-07-14 12:15:18
5658,1.557693,3.417224,40.405994,5.00e-05,26815.69,23179264,N/A,2025-07-14 12:15:18
5659,4.096301,3.417224,40.405994,5.00e-05,27960.17,23183360,N/A,2025-07-14 12:15:18
5660,4.175214,3.417224,40.405994,5.00e-05,27254.78,23187456,1.0000,2025-07-14 12:15:18
5661,2.471175,3.417224,40.405994,5.00e-05,27312.39,23191552,N/A,2025-07-14 12:15:18
5662,2.988534,3.417224,40.405994,5.00e-05,27248.60,23195648,N/A,2025-07-14 12:15:18
5663,3.985190,3.417224,40.405994,5.00e-05,27396.11,23199744,N/A,2025-07-14 12:15:19
5664,1.965733,3.417224,40.405994,5.00e-05,26824.23,23203840,N/A,2025-07-14 12:15:19
5665,4.467045,3.417224,40.405994,5.00e-05,26751.58,23207936,N/A,2025-07-14 12:15:19
5666,1.740409,3.417224,40.405994,5.00e-05,26794.81,23212032,N/A,2025-07-14 12:15:19
5667,3.199578,3.417224,40.405994,5.00e-05,27051.23,23216128,N/A,2025-07-14 12:15:19
5668,3.058460,3.417224,40.405994,5.00e-05,27170.23,23220224,N/A,2025-07-14 12:15:19
5669,1.893785,3.417224,40.405994,5.00e-05,27740.44,23224320,N/A,2025-07-14 12:15:20
5670,2.855945,3.417224,40.405994,5.00e-05,26683.33,23228416,1.0000,2025-07-14 12:15:20
5671,3.797091,3.417224,40.405994,5.00e-05,26699.87,23232512,N/A,2025-07-14 12:15:20
5672,2.520130,3.417224,40.405994,5.00e-05,26705.78,23236608,N/A,2025-07-14 12:15:20
5673,3.691909,3.417224,40.405994,5.00e-05,26769.63,23240704,N/A,2025-07-14 12:15:20
5674,3.230971,3.417224,40.405994,5.00e-05,26826.36,23244800,N/A,2025-07-14 12:15:20
5675,2.763456,3.417224,40.405994,5.00e-05,26785.94,23248896,N/A,2025-07-14 12:15:21
5676,4.386780,3.417224,40.405994,5.00e-05,26805.03,23252992,N/A,2025-07-14 12:15:21
5677,3.513020,3.417224,40.405994,5.00e-05,26716.72,23257088,N/A,2025-07-14 12:15:21
5678,3.544467,3.417224,40.405994,5.00e-05,26816.14,23261184,N/A,2025-07-14 12:15:21
5679,3.270681,3.417224,40.405994,5.00e-05,27811.82,23265280,N/A,2025-07-14 12:15:21
5680,3.992631,3.417224,40.405994,5.00e-05,27220.11,23269376,1.0000,2025-07-14 12:15:21
5681,3.130558,3.417224,40.405994,5.00e-05,27258.59,23273472,N/A,2025-07-14 12:15:22
5682,4.385242,3.417224,40.405994,5.00e-05,27752.12,23277568,N/A,2025-07-14 12:15:22
5683,4.510659,3.417224,40.405994,5.00e-05,27678.69,23281664,N/A,2025-07-14 12:15:22
5684,2.046853,3.417224,40.405994,5.00e-05,27659.72,23285760,N/A,2025-07-14 12:15:22
5685,1.878344,3.417224,40.405994,5.00e-05,27338.98,23289856,N/A,2025-07-14 12:15:22
5686,2.998340,3.417224,40.405994,5.00e-05,26871.35,23293952,N/A,2025-07-14 12:15:22
5687,2.612944,3.417224,40.405994,5.00e-05,26845.74,23298048,N/A,2025-07-14 12:15:23
5688,3.141844,3.417224,40.405994,5.00e-05,26912.32,23302144,N/A,2025-07-14 12:15:23
5689,2.962329,3.417224,40.405994,5.00e-05,27273.01,23306240,N/A,2025-07-14 12:15:23
5690,1.460401,3.417224,40.405994,5.00e-05,26689.44,23310336,1.0000,2025-07-14 12:15:23
5691,3.055449,3.417224,40.405994,5.00e-05,26649.81,23314432,N/A,2025-07-14 12:15:23
5692,3.782885,3.417224,40.405994,5.00e-05,26653.88,23318528,N/A,2025-07-14 12:15:23
5693,4.076058,3.417224,40.405994,5.00e-05,26479.67,23322624,N/A,2025-07-14 12:15:24
5694,2.456596,3.417224,40.405994,5.00e-05,26774.39,23326720,N/A,2025-07-14 12:15:24
5695,2.505799,3.417224,40.405994,5.00e-05,27288.45,23330816,N/A,2025-07-14 12:15:24
5696,2.841798,3.417224,40.405994,5.00e-05,27311.02,23334912,N/A,2025-07-14 12:15:24
5697,2.999089,3.417224,40.405994,5.00e-05,27312.01,23339008,N/A,2025-07-14 12:15:24
5698,2.338882,3.417224,40.405994,5.00e-05,27539.38,23343104,N/A,2025-07-14 12:15:24
5699,3.449155,3.417224,40.405994,5.00e-05,28087.94,23347200,N/A,2025-07-14 12:15:25
5700,3.935424,3.417224,40.405994,5.00e-05,27319.11,23351296,1.0000,2025-07-14 12:15:25
5701,3.472920,3.417224,40.405994,5.00e-05,22006.09,23355392,N/A,2025-07-14 12:15:25
5702,2.001945,3.417224,40.405994,5.00e-05,22017.53,23359488,N/A,2025-07-14 12:15:25
5703,3.739496,3.417224,40.405994,5.00e-05,22005.35,23363584,N/A,2025-07-14 12:15:26
5704,3.383388,3.417224,40.405994,5.00e-05,22005.63,23367680,N/A,2025-07-14 12:15:26
5705,2.802639,3.417224,40.405994,5.00e-05,22014.17,23371776,N/A,2025-07-14 12:15:26
5706,3.004807,3.417224,40.405994,5.00e-05,22014.08,23375872,N/A,2025-07-14 12:15:26
5707,1.647197,3.417224,40.405994,5.00e-05,22016.46,23379968,N/A,2025-07-14 12:15:26
5708,2.698303,3.417224,40.405994,5.00e-05,22065.68,23384064,N/A,2025-07-14 12:15:26
5709,2.668273,3.417224,40.405994,5.00e-05,22539.92,23388160,N/A,2025-07-14 12:15:27
5710,2.945368,3.417224,40.405994,5.00e-05,27547.09,23392256,1.0000,2025-07-14 12:15:27
5711,4.108702,3.417224,40.405994,5.00e-05,27669.50,23396352,N/A,2025-07-14 12:15:27
5712,2.924497,3.417224,40.405994,5.00e-05,27616.58,23400448,N/A,2025-07-14 12:15:27
5713,2.432559,3.417224,40.405994,5.00e-05,27593.18,23404544,N/A,2025-07-14 12:15:27
5714,3.948142,3.417224,40.405994,5.00e-05,27438.69,23408640,N/A,2025-07-14 12:15:27
5715,3.287508,3.417224,40.405994,5.00e-05,27384.50,23412736,N/A,2025-07-14 12:15:28
5716,2.847579,3.417224,40.405994,5.00e-05,27329.98,23416832,N/A,2025-07-14 12:15:28
5717,3.894097,3.417224,40.405994,5.00e-05,27292.06,23420928,N/A,2025-07-14 12:15:28
5718,2.708892,3.417224,40.405994,5.00e-05,26854.19,23425024,N/A,2025-07-14 12:15:28
5719,4.682403,3.417224,40.405994,5.00e-05,27455.75,23429120,N/A,2025-07-14 12:15:28
5720,3.486677,3.417224,40.405994,5.00e-05,26652.01,23433216,1.0000,2025-07-14 12:15:28
5721,3.483945,3.417224,40.405994,5.00e-05,26703.96,23437312,N/A,2025-07-14 12:15:29
5722,2.780029,3.417224,40.405994,5.00e-05,26662.09,23441408,N/A,2025-07-14 12:15:29
5723,3.270763,3.417224,40.405994,5.00e-05,26828.59,23445504,N/A,2025-07-14 12:15:29
5724,1.724440,3.417224,40.405994,5.00e-05,26909.71,23449600,N/A,2025-07-14 12:15:29
5725,3.350590,3.417224,40.405994,5.00e-05,26973.15,23453696,N/A,2025-07-14 12:15:29
5726,2.543855,3.417224,40.405994,5.00e-05,27040.93,23457792,N/A,2025-07-14 12:15:29
5727,3.317513,3.417224,40.405994,5.00e-05,27545.12,23461888,N/A,2025-07-14 12:15:30
5728,4.095951,3.417224,40.405994,5.00e-05,27562.86,23465984,N/A,2025-07-14 12:15:30
5729,2.416296,3.417224,40.405994,5.00e-05,28494.56,23470080,N/A,2025-07-14 12:15:30
5730,2.354906,3.417224,40.405994,5.00e-05,27106.36,23474176,1.0000,2025-07-14 12:15:30
5731,2.456603,3.417224,40.405994,5.00e-05,27112.44,23478272,N/A,2025-07-14 12:15:30
5732,2.695222,3.417224,40.405994,5.00e-05,27109.82,23482368,N/A,2025-07-14 12:15:30
5733,3.601844,3.417224,40.405994,5.00e-05,27103.96,23486464,N/A,2025-07-14 12:15:31
5734,1.848200,3.417224,40.405994,5.00e-05,27101.77,23490560,N/A,2025-07-14 12:15:31
5735,4.353379,3.417224,40.405994,5.00e-05,27007.20,23494656,N/A,2025-07-14 12:15:31
5736,1.863462,3.417224,40.405994,5.00e-05,26971.75,23498752,N/A,2025-07-14 12:15:31
5737,2.896015,3.417224,40.405994,5.00e-05,26923.45,23502848,N/A,2025-07-14 12:15:31
5738,4.495012,3.417224,40.405994,5.00e-05,26449.48,23506944,N/A,2025-07-14 12:15:31
5739,3.739948,3.417224,40.405994,5.00e-05,27683.92,23511040,N/A,2025-07-14 12:15:32
5740,3.573491,3.417224,40.405994,5.00e-05,27062.07,23515136,1.0000,2025-07-14 12:15:32
5741,2.111405,3.417224,40.405994,5.00e-05,27031.45,23519232,N/A,2025-07-14 12:15:32
5742,3.800457,3.417224,40.405994,5.00e-05,26949.65,23523328,N/A,2025-07-14 12:15:32
5743,3.569386,3.417224,40.405994,5.00e-05,26963.72,23527424,N/A,2025-07-14 12:15:32
5744,3.159512,3.417224,40.405994,5.00e-05,27003.86,23531520,N/A,2025-07-14 12:15:32
5745,2.514330,3.417224,40.405994,5.00e-05,27017.63,23535616,N/A,2025-07-14 12:15:33
5746,4.598451,3.417224,40.405994,5.00e-05,27082.75,23539712,N/A,2025-07-14 12:15:33
5747,2.445732,3.417224,40.405994,5.00e-05,27617.99,23543808,N/A,2025-07-14 12:15:33
5748,2.826730,3.417224,40.405994,5.00e-05,27745.61,23547904,N/A,2025-07-14 12:15:33
5749,2.715946,3.417224,40.405994,5.00e-05,28419.47,23552000,N/A,2025-07-14 12:15:33
5750,3.504213,3.417224,40.405994,5.00e-05,27747.67,23556096,1.0000,2025-07-14 12:15:33
5751,3.643118,3.417224,40.405994,5.00e-05,27591.30,23560192,N/A,2025-07-14 12:15:34
5752,2.348605,3.417224,40.405994,5.00e-05,27595.65,23564288,N/A,2025-07-14 12:15:34
5753,3.181710,3.417224,40.405994,5.00e-05,27071.98,23568384,N/A,2025-07-14 12:15:34
5754,3.423526,3.417224,40.405994,5.00e-05,27151.61,23572480,N/A,2025-07-14 12:15:34
5755,2.655116,3.417224,40.405994,5.00e-05,27107.57,23576576,N/A,2025-07-14 12:15:34
5756,3.835587,3.417224,40.405994,5.00e-05,27075.90,23580672,N/A,2025-07-14 12:15:34
5757,3.357586,3.417224,40.405994,5.00e-05,26733.00,23584768,N/A,2025-07-14 12:15:35
5758,1.091800,3.417224,40.405994,5.00e-05,26775.87,23588864,N/A,2025-07-14 12:15:35
5759,4.331201,3.417224,40.405994,5.00e-05,26938.69,23592960,N/A,2025-07-14 12:15:35
5760,2.572454,3.417224,40.405994,5.00e-05,25912.24,23597056,1.0000,2025-07-14 12:15:35
5761,3.475323,3.417224,40.405994,5.00e-05,25884.88,23601152,N/A,2025-07-14 12:15:35
5762,1.765154,3.417224,40.405994,5.00e-05,26355.33,23605248,N/A,2025-07-14 12:15:36
5763,1.819072,3.417224,40.405994,5.00e-05,26099.34,23609344,N/A,2025-07-14 12:15:36
5764,2.819188,3.417224,40.405994,5.00e-05,26132.62,23613440,N/A,2025-07-14 12:15:36
5765,2.087383,3.417224,40.405994,5.00e-05,26171.94,23617536,N/A,2025-07-14 12:15:36
5766,1.893417,3.417224,40.405994,5.00e-05,26496.98,23621632,N/A,2025-07-14 12:15:36
5767,3.284000,3.417224,40.405994,5.00e-05,26501.30,23625728,N/A,2025-07-14 12:15:36
5768,3.783230,3.417224,40.405994,5.00e-05,27005.52,23629824,N/A,2025-07-14 12:15:36
5769,3.297619,3.417224,40.405994,5.00e-05,28313.05,23633920,N/A,2025-07-14 12:15:37
5770,3.780431,3.417224,40.405994,5.00e-05,27713.76,23638016,1.0000,2025-07-14 12:15:37
5771,2.677432,3.417224,40.405994,5.00e-05,27736.65,23642112,N/A,2025-07-14 12:15:37
5772,2.122395,3.417224,40.405994,5.00e-05,27942.57,23646208,N/A,2025-07-14 12:15:37
5773,1.986565,3.417224,40.405994,5.00e-05,27896.09,23650304,N/A,2025-07-14 12:15:37
5774,4.337611,3.417224,40.405994,5.00e-05,27837.16,23654400,N/A,2025-07-14 12:15:37
5775,4.336144,3.417224,40.405994,5.00e-05,27782.14,23658496,N/A,2025-07-14 12:15:38
5776,3.812399,3.417224,40.405994,5.00e-05,19430.15,23662592,N/A,2025-07-14 12:15:38
5777,2.705417,3.417224,40.405994,5.00e-05,19414.89,23666688,N/A,2025-07-14 12:15:39
5778,4.252488,3.417224,40.405994,5.00e-05,19442.13,23670784,N/A,2025-07-14 12:15:39
5779,4.500377,3.417224,40.405994,5.00e-05,19751.47,23674880,N/A,2025-07-14 12:15:39
5780,3.642638,3.417224,40.405994,5.00e-05,19272.36,23678976,1.0000,2025-07-14 12:15:39
5781,3.075025,3.417224,40.405994,5.00e-05,19289.42,23683072,N/A,2025-07-14 12:15:39
5782,3.412073,3.417224,40.405994,5.00e-05,19324.05,23687168,N/A,2025-07-14 12:15:39
5783,3.009773,3.417224,40.405994,5.00e-05,19088.59,23691264,N/A,2025-07-14 12:15:40
5784,3.433864,3.417224,40.405994,5.00e-05,19077.79,23695360,N/A,2025-07-14 12:15:40
5785,3.553658,3.417224,40.405994,5.00e-05,27035.97,23699456,N/A,2025-07-14 12:15:40
5786,4.769296,3.417224,40.405994,5.00e-05,26977.47,23703552,N/A,2025-07-14 12:15:40
5787,4.300402,3.417224,40.405994,5.00e-05,26864.24,23707648,N/A,2025-07-14 12:15:40
5788,2.010093,3.417224,40.405994,5.00e-05,26834.08,23711744,N/A,2025-07-14 12:15:40
5789,1.972011,3.417224,40.405994,5.00e-05,27750.60,23715840,N/A,2025-07-14 12:15:41
5790,3.067413,3.417224,40.405994,5.00e-05,27122.17,23719936,1.0000,2025-07-14 12:15:41
5791,3.864223,3.417224,40.405994,5.00e-05,26967.96,23724032,N/A,2025-07-14 12:15:41
5792,4.056738,3.417224,40.405994,5.00e-05,27421.05,23728128,N/A,2025-07-14 12:15:41
5793,3.338133,3.417224,40.405994,5.00e-05,27483.24,23732224,N/A,2025-07-14 12:15:41
5794,2.677446,3.417224,40.405994,5.00e-05,27413.89,23736320,N/A,2025-07-14 12:15:41
5795,2.047904,3.417224,40.405994,5.00e-05,27265.76,23740416,N/A,2025-07-14 12:15:42
5796,3.359698,3.417224,40.405994,5.00e-05,27358.51,23744512,N/A,2025-07-14 12:15:42
5797,4.137166,3.417224,40.405994,5.00e-05,27305.79,23748608,N/A,2025-07-14 12:15:42
5798,4.553614,3.417224,40.405994,5.00e-05,27300.34,23752704,N/A,2025-07-14 12:15:42
5799,2.577810,3.417224,40.405994,5.00e-05,27876.03,23756800,N/A,2025-07-14 12:15:42
5800,3.893589,3.417224,40.405994,5.00e-05,27147.30,23760896,1.0000,2025-07-14 12:15:42
5801,3.202590,3.417224,40.405994,5.00e-05,21013.80,23764992,N/A,2025-07-14 12:15:43
5802,4.343637,3.417224,40.405994,5.00e-05,20852.08,23769088,N/A,2025-07-14 12:15:43
5803,3.695449,3.417224,40.405994,5.00e-05,20930.84,23773184,N/A,2025-07-14 12:15:43
5804,4.366608,3.417224,40.405994,5.00e-05,20869.10,23777280,N/A,2025-07-14 12:15:44
5805,3.475227,3.417224,40.405994,5.00e-05,20890.34,23781376,N/A,2025-07-14 12:15:44
5806,4.098661,3.417224,40.405994,5.00e-05,20862.31,23785472,N/A,2025-07-14 12:15:44
5807,1.930804,3.417224,40.405994,5.00e-05,20877.23,23789568,N/A,2025-07-14 12:15:44
5808,1.794328,3.417224,40.405994,5.00e-05,20922.24,23793664,N/A,2025-07-14 12:15:44
5809,3.243267,3.417224,40.405994,5.00e-05,21272.41,23797760,N/A,2025-07-14 12:15:44
5810,3.518372,3.417224,40.405994,5.00e-05,26997.89,23801856,1.0000,2025-07-14 12:15:45
5811,3.120704,3.417224,40.405994,5.00e-05,27280.53,23805952,N/A,2025-07-14 12:15:45
5812,3.574505,3.417224,40.405994,5.00e-05,27244.85,23810048,N/A,2025-07-14 12:15:45
5813,3.280718,3.417224,40.405994,5.00e-05,27596.06,23814144,N/A,2025-07-14 12:15:45
5814,3.824471,3.417224,40.405994,5.00e-05,27575.03,23818240,N/A,2025-07-14 12:15:45
5815,3.291827,3.417224,40.405994,5.00e-05,27473.40,23822336,N/A,2025-07-14 12:15:45
5816,3.091819,3.417224,40.405994,5.00e-05,27452.85,23826432,N/A,2025-07-14 12:15:46
5817,3.857227,3.417224,40.405994,5.00e-05,27373.33,23830528,N/A,2025-07-14 12:15:46
5818,2.578243,3.417224,40.405994,5.00e-05,27582.16,23834624,N/A,2025-07-14 12:15:46
5819,5.173288,3.417224,40.405994,5.00e-05,28176.95,23838720,N/A,2025-07-14 12:15:46
5820,3.029028,3.417224,40.405994,5.00e-05,27267.40,23842816,1.0000,2025-07-14 12:15:46
5821,3.026948,3.417224,40.405994,5.00e-05,27212.48,23846912,N/A,2025-07-14 12:15:46
5822,2.321221,3.417224,40.405994,5.00e-05,27174.55,23851008,N/A,2025-07-14 12:15:47
5823,2.549773,3.417224,40.405994,5.00e-05,27179.88,23855104,N/A,2025-07-14 12:15:47
5824,3.233632,3.417224,40.405994,5.00e-05,27376.55,23859200,N/A,2025-07-14 12:15:47
5825,2.677739,3.417224,40.405994,5.00e-05,27365.43,23863296,N/A,2025-07-14 12:15:47
5826,3.664148,3.417224,40.405994,5.00e-05,26921.81,23867392,N/A,2025-07-14 12:15:47
5827,2.623496,3.417224,40.405994,5.00e-05,26982.64,23871488,N/A,2025-07-14 12:15:47
5828,2.994419,3.417224,40.405994,5.00e-05,27049.07,23875584,N/A,2025-07-14 12:15:48
5829,4.102683,3.417224,40.405994,5.00e-05,27861.92,23879680,N/A,2025-07-14 12:15:48
5830,3.444332,3.417224,40.405994,5.00e-05,27245.23,23883776,1.0000,2025-07-14 12:15:48
5831,3.981181,3.417224,40.405994,5.00e-05,27046.33,23887872,N/A,2025-07-14 12:15:48
5832,4.171279,3.417224,40.405994,5.00e-05,26982.35,23891968,N/A,2025-07-14 12:15:48
5833,3.020634,3.417224,40.405994,5.00e-05,26946.46,23896064,N/A,2025-07-14 12:15:48
5834,3.614137,3.417224,40.405994,5.00e-05,26950.24,23900160,N/A,2025-07-14 12:15:49
5835,4.465806,3.417224,40.405994,5.00e-05,27489.52,23904256,N/A,2025-07-14 12:15:49
5836,2.969674,3.417224,40.405994,5.00e-05,27200.13,23908352,N/A,2025-07-14 12:15:49
5837,2.969891,3.417224,40.405994,5.00e-05,27150.85,23912448,N/A,2025-07-14 12:15:49
5838,3.456539,3.417224,40.405994,5.00e-05,26923.51,23916544,N/A,2025-07-14 12:15:49
5839,2.846105,3.417224,40.405994,5.00e-05,27526.00,23920640,N/A,2025-07-14 12:15:49
5840,1.182246,3.417224,40.405994,5.00e-05,26974.96,23924736,1.0000,2025-07-14 12:15:50
5841,2.937472,3.417224,40.405994,5.00e-05,26894.81,23928832,N/A,2025-07-14 12:15:50
5842,2.387375,3.417224,40.405994,5.00e-05,26939.07,23932928,N/A,2025-07-14 12:15:50
5843,4.310232,3.417224,40.405994,5.00e-05,26732.88,23937024,N/A,2025-07-14 12:15:50
5844,3.413200,3.417224,40.405994,5.00e-05,26479.37,23941120,N/A,2025-07-14 12:15:50
5845,3.808401,3.417224,40.405994,5.00e-05,26436.98,23945216,N/A,2025-07-14 12:15:50
5846,3.462232,3.417224,40.405994,5.00e-05,26213.98,23949312,N/A,2025-07-14 12:15:51
5847,2.517689,3.417224,40.405994,5.00e-05,26319.41,23953408,N/A,2025-07-14 12:15:51
5848,3.311805,3.417224,40.405994,5.00e-05,26362.35,23957504,N/A,2025-07-14 12:15:51
5849,1.929071,3.417224,40.405994,5.00e-05,26983.68,23961600,N/A,2025-07-14 12:15:51
5850,2.846219,3.417224,40.405994,5.00e-05,26256.15,23965696,1.0000,2025-07-14 12:15:51
5851,3.053269,3.417224,40.405994,5.00e-05,26214.96,23969792,N/A,2025-07-14 12:15:52
5852,2.973132,3.417224,40.405994,5.00e-05,26287.99,23973888,N/A,2025-07-14 12:15:52
5853,3.493917,3.417224,40.405994,5.00e-05,26470.75,23977984,N/A,2025-07-14 12:15:52
5854,2.278314,3.417224,40.405994,5.00e-05,26735.30,23982080,N/A,2025-07-14 12:15:52
5855,4.451859,3.417224,40.405994,5.00e-05,26967.80,23986176,N/A,2025-07-14 12:15:52
5856,3.986164,3.417224,40.405994,5.00e-05,27116.76,23990272,N/A,2025-07-14 12:15:52
5857,3.815303,3.417224,40.405994,5.00e-05,27019.80,23994368,N/A,2025-07-14 12:15:52
5858,3.865900,3.417224,40.405994,5.00e-05,27095.25,23998464,N/A,2025-07-14 12:15:53
5859,2.815703,3.417224,40.405994,5.00e-05,27971.65,24002560,N/A,2025-07-14 12:15:53
5860,3.144571,3.417224,40.405994,5.00e-05,27370.76,24006656,1.0000,2025-07-14 12:15:53
5861,2.902132,3.417224,40.405994,5.00e-05,27514.83,24010752,N/A,2025-07-14 12:15:53
5862,3.325168,3.417224,40.405994,5.00e-05,27550.66,24014848,N/A,2025-07-14 12:15:53
5863,1.146787,3.417224,40.405994,5.00e-05,27552.16,24018944,N/A,2025-07-14 12:15:53
5864,3.320578,3.417224,40.405994,5.00e-05,27405.16,24023040,N/A,2025-07-14 12:15:54
5865,3.897275,3.417224,40.405994,5.00e-05,27406.58,24027136,N/A,2025-07-14 12:15:54
5866,2.447360,3.417224,40.405994,5.00e-05,27484.12,24031232,N/A,2025-07-14 12:15:54
5867,3.131991,3.417224,40.405994,5.00e-05,27514.45,24035328,N/A,2025-07-14 12:15:54
5868,4.077454,3.417224,40.405994,5.00e-05,27512.10,24039424,N/A,2025-07-14 12:15:54
5869,3.203273,3.417224,40.405994,5.00e-05,28150.18,24043520,N/A,2025-07-14 12:15:54
5870,2.993044,3.417224,40.405994,5.00e-05,27440.65,24047616,1.0000,2025-07-14 12:15:55
5871,1.942469,3.417224,40.405994,5.00e-05,27398.05,24051712,N/A,2025-07-14 12:15:55
5872,3.659394,3.417224,40.405994,5.00e-05,27242.02,24055808,N/A,2025-07-14 12:15:55
5873,2.780314,3.417224,40.405994,5.00e-05,27358.92,24059904,N/A,2025-07-14 12:15:55
5874,4.188837,3.417224,40.405994,5.00e-05,27283.79,24064000,N/A,2025-07-14 12:15:55
5875,1.302109,3.417224,40.405994,5.00e-05,27277.83,24068096,N/A,2025-07-14 12:15:55
5876,2.942921,3.417224,40.405994,5.00e-05,26806.11,24072192,N/A,2025-07-14 12:15:56
5877,4.347723,3.417224,40.405994,5.00e-05,26404.99,24076288,N/A,2025-07-14 12:15:56
5878,1.678046,3.417224,40.405994,5.00e-05,26419.90,24080384,N/A,2025-07-14 12:15:56
5879,2.692565,3.417224,40.405994,5.00e-05,27081.77,24084480,N/A,2025-07-14 12:15:56
5880,3.173627,3.417224,40.405994,5.00e-05,26532.28,24088576,1.0000,2025-07-14 12:15:56
5881,2.974051,3.417224,40.405994,5.00e-05,26677.54,24092672,N/A,2025-07-14 12:15:57
5882,1.859425,3.417224,40.405994,5.00e-05,26713.21,24096768,N/A,2025-07-14 12:15:57
5883,1.615223,3.417224,40.405994,5.00e-05,26810.51,24100864,N/A,2025-07-14 12:15:57
5884,3.670006,3.417224,40.405994,5.00e-05,26788.43,24104960,N/A,2025-07-14 12:15:57
5885,2.811339,3.417224,40.405994,5.00e-05,26779.86,24109056,N/A,2025-07-14 12:15:57
5886,2.464145,3.417224,40.405994,5.00e-05,27178.97,24113152,N/A,2025-07-14 12:15:57
5887,3.012571,3.417224,40.405994,5.00e-05,27184.64,24117248,N/A,2025-07-14 12:15:58
5888,3.569309,3.417224,40.405994,5.00e-05,27166.36,24121344,N/A,2025-07-14 12:15:58
5889,5.183145,3.417224,40.405994,5.00e-05,27774.10,24125440,N/A,2025-07-14 12:15:58
5890,3.411686,3.417224,40.405994,5.00e-05,27153.07,24129536,1.0000,2025-07-14 12:15:58
5891,3.264617,3.417224,40.405994,5.00e-05,27144.95,24133632,N/A,2025-07-14 12:15:58
5892,2.170665,3.417224,40.405994,5.00e-05,27121.08,24137728,N/A,2025-07-14 12:15:58
5893,3.826528,3.417224,40.405994,5.00e-05,27157.28,24141824,N/A,2025-07-14 12:15:59
5894,2.498258,3.417224,40.405994,5.00e-05,27621.96,24145920,N/A,2025-07-14 12:15:59
5895,3.859751,3.417224,40.405994,5.00e-05,27678.68,24150016,N/A,2025-07-14 12:15:59
5896,2.420859,3.417224,40.405994,5.00e-05,27511.65,24154112,N/A,2025-07-14 12:15:59
5897,3.067381,3.417224,40.405994,5.00e-05,27567.20,24158208,N/A,2025-07-14 12:15:59
5898,2.424158,3.417224,40.405994,5.00e-05,27608.26,24162304,N/A,2025-07-14 12:15:59
5899,1.193502,3.417224,40.405994,5.00e-05,28283.33,24166400,N/A,2025-07-14 12:15:59
5900,3.153656,3.417224,40.405994,5.00e-05,27634.45,24170496,1.0000,2025-07-14 12:16:00
5901,3.862526,3.417224,40.405994,5.00e-05,21237.12,24174592,N/A,2025-07-14 12:16:00
5902,2.682122,3.417224,40.405994,5.00e-05,21116.28,24178688,N/A,2025-07-14 12:16:00
5903,3.366766,3.417224,40.405994,5.00e-05,21108.22,24182784,N/A,2025-07-14 12:16:01
5904,3.727099,3.417224,40.405994,5.00e-05,20992.70,24186880,N/A,2025-07-14 12:16:01
5905,3.400119,3.417224,40.405994,5.00e-05,20995.92,24190976,N/A,2025-07-14 12:16:01
5906,3.207771,3.417224,40.405994,5.00e-05,20650.92,24195072,N/A,2025-07-14 12:16:01
5907,4.388227,3.417224,40.405994,5.00e-05,20610.82,24199168,N/A,2025-07-14 12:16:01
5908,3.926932,3.417224,40.405994,5.00e-05,20468.10,24203264,N/A,2025-07-14 12:16:01
5909,2.619140,3.417224,40.405994,5.00e-05,20847.19,24207360,N/A,2025-07-14 12:16:02
5910,1.887927,3.417224,40.405994,5.00e-05,26039.47,24211456,1.0000,2025-07-14 12:16:02
5911,3.461277,3.417224,40.405994,5.00e-05,26213.64,24215552,N/A,2025-07-14 12:16:02
5912,2.398356,3.417224,40.405994,5.00e-05,26159.10,24219648,N/A,2025-07-14 12:16:02
5913,3.453844,3.417224,40.405994,5.00e-05,26219.45,24223744,N/A,2025-07-14 12:16:02
5914,2.842477,3.417224,40.405994,5.00e-05,26249.47,24227840,N/A,2025-07-14 12:16:03
5915,4.023346,3.417224,40.405994,5.00e-05,26730.23,24231936,N/A,2025-07-14 12:16:03
5916,2.192830,3.417224,40.405994,5.00e-05,26733.51,24236032,N/A,2025-07-14 12:16:03
5917,3.168448,3.417224,40.405994,5.00e-05,26781.82,24240128,N/A,2025-07-14 12:16:03
5918,1.900264,3.417224,40.405994,5.00e-05,26769.56,24244224,N/A,2025-07-14 12:16:03
5919,2.801372,3.417224,40.405994,5.00e-05,27513.52,24248320,N/A,2025-07-14 12:16:03
5920,2.873467,3.417224,40.405994,5.00e-05,25902.98,24252416,1.0000,2025-07-14 12:16:04
5921,3.398826,3.417224,40.405994,5.00e-05,25893.97,24256512,N/A,2025-07-14 12:16:04
5922,2.901992,3.417224,40.405994,5.00e-05,25662.98,24260608,N/A,2025-07-14 12:16:04
5923,3.481652,3.417224,40.405994,5.00e-05,25766.42,24264704,N/A,2025-07-14 12:16:04
5924,3.153812,3.417224,40.405994,5.00e-05,25784.41,24268800,N/A,2025-07-14 12:16:04
5925,4.115901,3.417224,40.405994,5.00e-05,25772.54,24272896,N/A,2025-07-14 12:16:04
5926,3.826474,3.417224,40.405994,5.00e-05,25924.50,24276992,N/A,2025-07-14 12:16:05
5927,3.684703,3.417224,40.405994,5.00e-05,25906.17,24281088,N/A,2025-07-14 12:16:05
5928,3.524565,3.417224,40.405994,5.00e-05,25966.29,24285184,N/A,2025-07-14 12:16:05
5929,3.117007,3.417224,40.405994,5.00e-05,27584.51,24289280,N/A,2025-07-14 12:16:05
5930,2.397233,3.417224,40.405994,5.00e-05,26957.37,24293376,1.0000,2025-07-14 12:16:05
5931,2.720787,3.417224,40.405994,5.00e-05,27254.47,24297472,N/A,2025-07-14 12:16:05
5932,3.671528,3.417224,40.405994,5.00e-05,27195.03,24301568,N/A,2025-07-14 12:16:06
5933,4.283008,3.417224,40.405994,5.00e-05,26863.22,24305664,N/A,2025-07-14 12:16:06
5934,3.210758,3.417224,40.405994,5.00e-05,26831.87,24309760,N/A,2025-07-14 12:16:06
5935,3.956339,3.417224,40.405994,5.00e-05,26870.57,24313856,N/A,2025-07-14 12:16:06
5936,2.583224,3.417224,40.405994,5.00e-05,26837.74,24317952,N/A,2025-07-14 12:16:06
5937,1.795236,3.417224,40.405994,5.00e-05,27001.29,24322048,N/A,2025-07-14 12:16:06
5938,3.788879,3.417224,40.405994,5.00e-05,26992.28,24326144,N/A,2025-07-14 12:16:07
5939,2.411986,3.417224,40.405994,5.00e-05,27634.73,24330240,N/A,2025-07-14 12:16:07
5940,3.564216,3.417224,40.405994,5.00e-05,26660.85,24334336,1.0000,2025-07-14 12:16:07
5941,1.891689,3.417224,40.405994,5.00e-05,26714.93,24338432,N/A,2025-07-14 12:16:07
5942,1.882740,3.417224,40.405994,5.00e-05,26862.40,24342528,N/A,2025-07-14 12:16:07
5943,3.651348,3.417224,40.405994,5.00e-05,26888.04,24346624,N/A,2025-07-14 12:16:07
5944,2.129215,3.417224,40.405994,5.00e-05,26848.89,24350720,N/A,2025-07-14 12:16:08
5945,2.661796,3.417224,40.405994,5.00e-05,26824.50,24354816,N/A,2025-07-14 12:16:08
5946,2.453745,3.417224,40.405994,5.00e-05,26680.26,24358912,N/A,2025-07-14 12:16:08
5947,1.883635,3.417224,40.405994,5.00e-05,26654.68,24363008,N/A,2025-07-14 12:16:08
5948,3.211003,3.417224,40.405994,5.00e-05,26719.45,24367104,N/A,2025-07-14 12:16:08
5949,3.178892,3.417224,40.405994,5.00e-05,27750.85,24371200,N/A,2025-07-14 12:16:08
5950,2.255839,3.417224,40.405994,5.00e-05,26988.91,24375296,1.0000,2025-07-14 12:16:09
5951,2.993380,3.417224,40.405994,5.00e-05,27165.16,24379392,N/A,2025-07-14 12:16:09
5952,2.817063,3.417224,40.405994,5.00e-05,27235.26,24383488,N/A,2025-07-14 12:16:09
5953,3.212073,3.417224,40.405994,5.00e-05,27276.58,24387584,N/A,2025-07-14 12:16:09
5954,2.641640,3.417224,40.405994,5.00e-05,27191.24,24391680,N/A,2025-07-14 12:16:09
5955,4.051195,3.417224,40.405994,5.00e-05,27165.34,24395776,N/A,2025-07-14 12:16:09
5956,1.022389,3.417224,40.405994,5.00e-05,27258.98,24399872,N/A,2025-07-14 12:16:10
5957,2.659867,3.417224,40.405994,5.00e-05,27190.53,24403968,N/A,2025-07-14 12:16:10
5958,3.148104,3.417224,40.405994,5.00e-05,27098.94,24408064,N/A,2025-07-14 12:16:10
5959,2.932777,3.417224,40.405994,5.00e-05,27847.97,24412160,N/A,2025-07-14 12:16:10
5960,3.690773,3.417224,40.405994,5.00e-05,27161.30,24416256,1.0000,2025-07-14 12:16:10
5961,3.379399,3.417224,40.405994,5.00e-05,26780.12,24420352,N/A,2025-07-14 12:16:11
5962,2.956723,3.417224,40.405994,5.00e-05,26499.69,24424448,N/A,2025-07-14 12:16:11
5963,3.250932,3.417224,40.405994,5.00e-05,26661.70,24428544,N/A,2025-07-14 12:16:11
5964,2.183583,3.417224,40.405994,5.00e-05,26879.28,24432640,N/A,2025-07-14 12:16:11
5965,4.402309,3.417224,40.405994,5.00e-05,26794.27,24436736,N/A,2025-07-14 12:16:11
5966,3.300581,3.417224,40.405994,5.00e-05,26695.49,24440832,N/A,2025-07-14 12:16:11
5967,3.151109,3.417224,40.405994,5.00e-05,26777.37,24444928,N/A,2025-07-14 12:16:11
5968,4.088883,3.417224,40.405994,5.00e-05,26865.68,24449024,N/A,2025-07-14 12:16:12
5969,3.927397,3.417224,40.405994,5.00e-05,27470.63,24453120,N/A,2025-07-14 12:16:12
5970,4.053038,3.417224,40.405994,5.00e-05,27239.38,24457216,1.0000,2025-07-14 12:16:12
5971,2.229558,3.417224,40.405994,5.00e-05,27486.27,24461312,N/A,2025-07-14 12:16:12
5972,3.558348,3.417224,40.405994,5.00e-05,27462.93,24465408,N/A,2025-07-14 12:16:12
5973,3.007955,3.417224,40.405994,5.00e-05,27404.27,24469504,N/A,2025-07-14 12:16:12
5974,3.369091,3.417224,40.405994,5.00e-05,27481.75,24473600,N/A,2025-07-14 12:16:13
5975,3.507505,3.417224,40.405994,5.00e-05,27678.03,24477696,N/A,2025-07-14 12:16:13
5976,3.879280,3.417224,40.405994,5.00e-05,27549.41,24481792,N/A,2025-07-14 12:16:13
5977,4.011473,3.417224,40.405994,5.00e-05,27447.77,24485888,N/A,2025-07-14 12:16:13
5978,1.017511,3.417224,40.405994,5.00e-05,27541.24,24489984,N/A,2025-07-14 12:16:13
5979,2.274113,3.417224,40.405994,5.00e-05,28192.91,24494080,N/A,2025-07-14 12:16:13
5980,3.219664,3.417224,40.405994,5.00e-05,27641.52,24498176,1.0000,2025-07-14 12:16:14
5981,2.661763,3.417224,40.405994,5.00e-05,27635.75,24502272,N/A,2025-07-14 12:16:14
5982,2.457508,3.417224,40.405994,5.00e-05,27683.04,24506368,N/A,2025-07-14 12:16:14
5983,3.136266,3.417224,40.405994,5.00e-05,27660.31,24510464,N/A,2025-07-14 12:16:14
5984,3.668917,3.417224,40.405994,5.00e-05,27670.90,24514560,N/A,2025-07-14 12:16:14
5985,1.691611,3.417224,40.405994,5.00e-05,27645.09,24518656,N/A,2025-07-14 12:16:14
5986,2.423936,3.417224,40.405994,5.00e-05,27701.94,24522752,N/A,2025-07-14 12:16:15
5987,2.403811,3.417224,40.405994,5.00e-05,27746.23,24526848,N/A,2025-07-14 12:16:15
5988,2.731148,3.417224,40.405994,5.00e-05,27599.41,24530944,N/A,2025-07-14 12:16:15
5989,3.242380,3.417224,40.405994,5.00e-05,28186.66,24535040,N/A,2025-07-14 12:16:15
5990,2.444463,3.417224,40.405994,5.00e-05,27445.62,24539136,1.0000,2025-07-14 12:16:15
5991,2.343035,3.417224,40.405994,5.00e-05,27414.50,24543232,N/A,2025-07-14 12:16:15
5992,3.724741,3.417224,40.405994,5.00e-05,27373.18,24547328,N/A,2025-07-14 12:16:16
5993,3.627807,3.417224,40.405994,5.00e-05,27096.74,24551424,N/A,2025-07-14 12:16:16
5994,3.547463,3.417224,40.405994,5.00e-05,27247.85,24555520,N/A,2025-07-14 12:16:16
5995,3.265597,3.417224,40.405994,5.00e-05,27231.27,24559616,N/A,2025-07-14 12:16:16
5996,3.180224,3.417224,40.405994,5.00e-05,27178.80,24563712,N/A,2025-07-14 12:16:16
5997,3.550106,3.417224,40.405994,5.00e-05,27280.61,24567808,N/A,2025-07-14 12:16:16
5998,3.283472,3.417224,40.405994,5.00e-05,27264.18,24571904,N/A,2025-07-14 12:16:17
5999,3.226447,3.417224,40.405994,5.00e-05,27948.62,24576000,N/A,2025-07-14 12:16:17
6000,3.313380,2.967500,25.178440,5.00e-05,3650.74,24580096,N/A,2025-07-14 12:16:27
6001,3.765250,2.967500,25.178440,5.00e-05,3507.10,24584192,N/A,2025-07-14 12:16:27
6002,2.832726,2.967500,25.178440,5.00e-05,3502.02,24588288,N/A,2025-07-14 12:16:28
6003,3.263487,2.967500,25.178440,5.00e-05,3495.34,24592384,N/A,2025-07-14 12:16:28
6004,3.343041,2.967500,25.178440,5.00e-05,3492.84,24596480,N/A,2025-07-14 12:16:28
6005,3.703591,2.967500,25.178440,5.00e-05,3489.70,24600576,N/A,2025-07-14 12:16:28
6006,2.060638,2.967500,25.178440,5.00e-05,3482.30,24604672,N/A,2025-07-14 12:16:28
6007,3.617557,2.967500,25.178440,5.00e-05,3480.10,24608768,N/A,2025-07-14 12:16:28
6008,3.607783,2.967500,25.178440,5.00e-05,3480.80,24612864,N/A,2025-07-14 12:16:29
6009,2.469472,2.967500,25.178440,5.00e-05,19302.28,24616960,N/A,2025-07-14 12:16:29
6010,3.715894,2.967500,25.178440,5.00e-05,23921.07,24621056,1.0000,2025-07-14 12:16:29
6011,1.801539,2.967500,25.178440,5.00e-05,24216.78,24625152,N/A,2025-07-14 12:16:29
6012,2.988642,2.967500,25.178440,5.00e-05,23540.06,24629248,N/A,2025-07-14 12:16:29
6013,2.668439,2.967500,25.178440,5.00e-05,23555.57,24633344,N/A,2025-07-14 12:16:30
6014,4.075418,2.967500,25.178440,5.00e-05,23335.77,24637440,N/A,2025-07-14 12:16:30
6015,3.598429,2.967500,25.178440,5.00e-05,23428.82,24641536,N/A,2025-07-14 12:16:30
6016,2.932764,2.967500,25.178440,5.00e-05,23427.12,24645632,N/A,2025-07-14 12:16:30
6017,3.096415,2.967500,25.178440,5.00e-05,23128.07,24649728,N/A,2025-07-14 12:16:30
6018,2.045010,2.967500,25.178440,5.00e-05,24235.80,24653824,N/A,2025-07-14 12:16:31
6019,2.692145,2.967500,25.178440,5.00e-05,24844.43,24657920,N/A,2025-07-14 12:16:31
6020,2.091175,2.967500,25.178440,5.00e-05,24237.20,24662016,1.0000,2025-07-14 12:16:31
6021,3.122766,2.967500,25.178440,5.00e-05,24413.91,24666112,N/A,2025-07-14 12:16:31
6022,2.670241,2.967500,25.178440,5.00e-05,24257.85,24670208,N/A,2025-07-14 12:16:31
6023,3.111642,2.967500,25.178440,5.00e-05,23462.99,24674304,N/A,2025-07-14 12:16:32
6024,3.026630,2.967500,25.178440,5.00e-05,23431.60,24678400,N/A,2025-07-14 12:16:32
6025,1.761281,2.967500,25.178440,5.00e-05,23430.71,24682496,N/A,2025-07-14 12:16:32
6026,1.970953,2.967500,25.178440,5.00e-05,23598.36,24686592,N/A,2025-07-14 12:16:32
6027,1.455896,2.967500,25.178440,5.00e-05,23629.21,24690688,N/A,2025-07-14 12:16:32
6028,2.918556,2.967500,25.178440,5.00e-05,23689.90,24694784,N/A,2025-07-14 12:16:32
6029,3.332701,2.967500,25.178440,5.00e-05,24149.30,24698880,N/A,2025-07-14 12:16:33
6030,2.423762,2.967500,25.178440,5.00e-05,23906.88,24702976,1.0000,2025-07-14 12:16:33
6031,3.314754,2.967500,25.178440,5.00e-05,24130.35,24707072,N/A,2025-07-14 12:16:33
6032,2.041427,2.967500,25.178440,5.00e-05,24928.52,24711168,N/A,2025-07-14 12:16:33
6033,2.874968,2.967500,25.178440,5.00e-05,24452.64,24715264,N/A,2025-07-14 12:16:33
6034,3.772800,2.967500,25.178440,5.00e-05,24467.27,24719360,N/A,2025-07-14 12:16:34
6035,3.038246,2.967500,25.178440,5.00e-05,24411.48,24723456,N/A,2025-07-14 12:16:34
6036,3.175425,2.967500,25.178440,5.00e-05,24609.75,24727552,N/A,2025-07-14 12:16:34
6037,4.462145,2.967500,25.178440,5.00e-05,24648.04,24731648,N/A,2025-07-14 12:16:34
6038,2.277790,2.967500,25.178440,5.00e-05,23347.59,24735744,N/A,2025-07-14 12:16:34
6039,1.506915,2.967500,25.178440,5.00e-05,24320.31,24739840,N/A,2025-07-14 12:16:35
6040,4.221891,2.967500,25.178440,5.00e-05,23468.54,24743936,1.0000,2025-07-14 12:16:35
6041,3.598372,2.967500,25.178440,5.00e-05,23522.00,24748032,N/A,2025-07-14 12:16:35
6042,3.663232,2.967500,25.178440,5.00e-05,24231.34,24752128,N/A,2025-07-14 12:16:35
6043,2.178161,2.967500,25.178440,5.00e-05,23211.79,24756224,N/A,2025-07-14 12:16:35
6044,2.889187,2.967500,25.178440,5.00e-05,23234.70,24760320,N/A,2025-07-14 12:16:35
6045,3.570653,2.967500,25.178440,5.00e-05,23379.56,24764416,N/A,2025-07-14 12:16:36
6046,2.732027,2.967500,25.178440,5.00e-05,23402.28,24768512,N/A,2025-07-14 12:16:36
6047,3.215594,2.967500,25.178440,5.00e-05,25002.91,24772608,N/A,2025-07-14 12:16:36
6048,3.435810,2.967500,25.178440,5.00e-05,25068.19,24776704,N/A,2025-07-14 12:16:36
6049,2.116128,2.967500,25.178440,5.00e-05,26055.95,24780800,N/A,2025-07-14 12:16:36
6050,2.656678,2.967500,25.178440,5.00e-05,25869.01,24784896,1.0000,2025-07-14 12:16:36
6051,3.928508,2.967500,25.178440,5.00e-05,25929.71,24788992,N/A,2025-07-14 12:16:37
6052,3.437039,2.967500,25.178440,5.00e-05,27324.54,24793088,N/A,2025-07-14 12:16:37
6053,2.396832,2.967500,25.178440,5.00e-05,27632.27,24797184,N/A,2025-07-14 12:16:37
6054,4.259424,2.967500,25.178440,5.00e-05,27687.66,24801280,N/A,2025-07-14 12:16:37
6055,1.672367,2.967500,25.178440,5.00e-05,27730.73,24805376,N/A,2025-07-14 12:16:37
6056,2.826426,2.967500,25.178440,5.00e-05,27750.27,24809472,N/A,2025-07-14 12:16:37
6057,3.168262,2.967500,25.178440,5.00e-05,27592.90,24813568,N/A,2025-07-14 12:16:38
6058,4.188744,2.967500,25.178440,5.00e-05,27609.31,24817664,N/A,2025-07-14 12:16:38
6059,4.010566,2.967500,25.178440,5.00e-05,28301.19,24821760,N/A,2025-07-14 12:16:38
6060,2.741399,2.967500,25.178440,5.00e-05,27389.11,24825856,1.0000,2025-07-14 12:16:38
6061,1.801635,2.967500,25.178440,5.00e-05,27333.14,24829952,N/A,2025-07-14 12:16:38
6062,4.359498,2.967500,25.178440,5.00e-05,27273.52,24834048,N/A,2025-07-14 12:16:38
6063,3.378757,2.967500,25.178440,5.00e-05,27264.61,24838144,N/A,2025-07-14 12:16:39
6064,3.487821,2.967500,25.178440,5.00e-05,27285.65,24842240,N/A,2025-07-14 12:16:39
6065,2.685179,2.967500,25.178440,5.00e-05,27147.73,24846336,N/A,2025-07-14 12:16:39
6066,2.905396,2.967500,25.178440,5.00e-05,27006.74,24850432,N/A,2025-07-14 12:16:39
6067,2.665628,2.967500,25.178440,5.00e-05,27041.76,24854528,N/A,2025-07-14 12:16:39
6068,3.246520,2.967500,25.178440,5.00e-05,27087.58,24858624,N/A,2025-07-14 12:16:39
6069,2.763489,2.967500,25.178440,5.00e-05,27772.89,24862720,N/A,2025-07-14 12:16:40
6070,3.888738,2.967500,25.178440,5.00e-05,26920.96,24866816,1.0000,2025-07-14 12:16:40
6071,2.459669,2.967500,25.178440,5.00e-05,26810.25,24870912,N/A,2025-07-14 12:16:40
6072,2.584125,2.967500,25.178440,5.00e-05,26760.20,24875008,N/A,2025-07-14 12:16:40
6073,3.301383,2.967500,25.178440,5.00e-05,26705.96,24879104,N/A,2025-07-14 12:16:40
6074,1.953630,2.967500,25.178440,5.00e-05,26841.23,24883200,N/A,2025-07-14 12:16:40
6075,2.454082,2.967500,25.178440,5.00e-05,27157.73,24887296,N/A,2025-07-14 12:16:41
6076,4.113520,2.967500,25.178440,5.00e-05,27145.32,24891392,N/A,2025-07-14 12:16:41
6077,3.199856,2.967500,25.178440,5.00e-05,27160.46,24895488,N/A,2025-07-14 12:16:41
6078,2.456516,2.967500,25.178440,5.00e-05,27124.18,24899584,N/A,2025-07-14 12:16:41
6079,3.950568,2.967500,25.178440,5.00e-05,28063.94,24903680,N/A,2025-07-14 12:16:41
6080,2.852779,2.967500,25.178440,5.00e-05,27266.93,24907776,1.0000,2025-07-14 12:16:42
6081,3.191182,2.967500,25.178440,5.00e-05,27336.18,24911872,N/A,2025-07-14 12:16:42
6082,2.735986,2.967500,25.178440,5.00e-05,27362.10,24915968,N/A,2025-07-14 12:16:42
6083,2.778318,2.967500,25.178440,5.00e-05,26850.26,24920064,N/A,2025-07-14 12:16:42
6084,3.652654,2.967500,25.178440,5.00e-05,26876.88,24924160,N/A,2025-07-14 12:16:42
6085,3.924826,2.967500,25.178440,5.00e-05,26803.74,24928256,N/A,2025-07-14 12:16:42
6086,1.586179,2.967500,25.178440,5.00e-05,26770.92,24932352,N/A,2025-07-14 12:16:42
6087,3.534073,2.967500,25.178440,5.00e-05,26990.47,24936448,N/A,2025-07-14 12:16:43
6088,3.714389,2.967500,25.178440,5.00e-05,26957.11,24940544,N/A,2025-07-14 12:16:43
6089,2.117137,2.967500,25.178440,5.00e-05,27676.24,24944640,N/A,2025-07-14 12:16:43
6090,4.254593,2.967500,25.178440,5.00e-05,27016.54,24948736,1.0000,2025-07-14 12:16:43
6091,2.627719,2.967500,25.178440,5.00e-05,26942.93,24952832,N/A,2025-07-14 12:16:43
6092,3.988482,2.967500,25.178440,5.00e-05,27399.52,24956928,N/A,2025-07-14 12:16:44
6093,2.651463,2.967500,25.178440,5.00e-05,27363.25,24961024,N/A,2025-07-14 12:16:44
6094,3.846891,2.967500,25.178440,5.00e-05,27227.07,24965120,N/A,2025-07-14 12:16:44
6095,3.009517,2.967500,25.178440,5.00e-05,27126.16,24969216,N/A,2025-07-14 12:16:44
6096,3.059057,2.967500,25.178440,5.00e-05,26970.59,24973312,N/A,2025-07-14 12:16:44
6097,3.835344,2.967500,25.178440,5.00e-05,26961.91,24977408,N/A,2025-07-14 12:16:44
6098,2.960932,2.967500,25.178440,5.00e-05,27062.46,24981504,N/A,2025-07-14 12:16:44
6099,3.657489,2.967500,25.178440,5.00e-05,27424.57,24985600,N/A,2025-07-14 12:16:45
6100,3.005768,2.967500,25.178440,5.00e-05,26463.13,24989696,1.0000,2025-07-14 12:16:45
6101,2.449277,2.967500,25.178440,5.00e-05,20652.87,24993792,N/A,2025-07-14 12:16:45
6102,2.773844,2.967500,25.178440,5.00e-05,20555.99,24997888,N/A,2025-07-14 12:16:46
6103,3.554654,2.967500,25.178440,5.00e-05,20650.42,25001984,N/A,2025-07-14 12:16:46
6104,2.838048,2.967500,25.178440,5.00e-05,20703.90,25006080,N/A,2025-07-14 12:16:46
6105,2.159363,2.967500,25.178440,5.00e-05,20773.66,25010176,N/A,2025-07-14 12:16:46
6106,3.069175,2.967500,25.178440,5.00e-05,20826.07,25014272,N/A,2025-07-14 12:16:46
6107,2.378771,2.967500,25.178440,5.00e-05,20755.10,25018368,N/A,2025-07-14 12:16:46
6108,3.197783,2.967500,25.178440,5.00e-05,20781.36,25022464,N/A,2025-07-14 12:16:47
6109,2.602427,2.967500,25.178440,5.00e-05,21379.20,25026560,N/A,2025-07-14 12:16:47
6110,3.741093,2.967500,25.178440,5.00e-05,26774.94,25030656,1.0000,2025-07-14 12:16:47
6111,3.051168,2.967500,25.178440,5.00e-05,26954.52,25034752,N/A,2025-07-14 12:16:47
6112,3.151813,2.967500,25.178440,5.00e-05,26795.13,25038848,N/A,2025-07-14 12:16:47
6113,2.275642,2.967500,25.178440,5.00e-05,26813.41,25042944,N/A,2025-07-14 12:16:48
6114,2.812706,2.967500,25.178440,5.00e-05,26843.01,25047040,N/A,2025-07-14 12:16:48
6115,1.479289,2.967500,25.178440,5.00e-05,26597.33,25051136,N/A,2025-07-14 12:16:48
6116,3.336233,2.967500,25.178440,5.00e-05,26600.73,25055232,N/A,2025-07-14 12:16:48
6117,3.059179,2.967500,25.178440,5.00e-05,26604.86,25059328,N/A,2025-07-14 12:16:48
6118,2.458916,2.967500,25.178440,5.00e-05,25993.75,25063424,N/A,2025-07-14 12:16:48
6119,2.068871,2.967500,25.178440,5.00e-05,26705.98,25067520,N/A,2025-07-14 12:16:49
6120,2.024186,2.967500,25.178440,5.00e-05,25922.48,25071616,1.0000,2025-07-14 12:16:49
6121,3.259177,2.967500,25.178440,5.00e-05,25670.98,25075712,N/A,2025-07-14 12:16:49
6122,1.958484,2.967500,25.178440,5.00e-05,25722.44,25079808,N/A,2025-07-14 12:16:49
6123,3.145820,2.967500,25.178440,5.00e-05,25731.74,25083904,N/A,2025-07-14 12:16:49
6124,1.956077,2.967500,25.178440,5.00e-05,25935.10,25088000,N/A,2025-07-14 12:16:49
6125,3.967578,2.967500,25.178440,5.00e-05,26150.86,25092096,N/A,2025-07-14 12:16:50
6126,2.134957,2.967500,25.178440,5.00e-05,26331.38,25096192,N/A,2025-07-14 12:16:50
6127,3.849171,2.967500,25.178440,5.00e-05,27040.91,25100288,N/A,2025-07-14 12:16:50
6128,2.628397,2.967500,25.178440,5.00e-05,27147.45,25104384,N/A,2025-07-14 12:16:50
6129,4.315464,2.967500,25.178440,5.00e-05,27963.63,25108480,N/A,2025-07-14 12:16:50
6130,4.433268,2.967500,25.178440,5.00e-05,27754.40,25112576,1.0000,2025-07-14 12:16:50
6131,2.016146,2.967500,25.178440,5.00e-05,27155.38,25116672,N/A,2025-07-14 12:16:51
6132,2.914000,2.967500,25.178440,5.00e-05,27128.95,25120768,N/A,2025-07-14 12:16:51
6133,2.005719,2.967500,25.178440,5.00e-05,27108.96,25124864,N/A,2025-07-14 12:16:51
6134,2.420421,2.967500,25.178440,5.00e-05,27091.25,25128960,N/A,2025-07-14 12:16:51
6135,3.766498,2.967500,25.178440,5.00e-05,27066.70,25133056,N/A,2025-07-14 12:16:51
6136,3.142972,2.967500,25.178440,5.00e-05,26926.46,25137152,N/A,2025-07-14 12:16:51
6137,3.358262,2.967500,25.178440,5.00e-05,26808.15,25141248,N/A,2025-07-14 12:16:52
6138,2.428695,2.967500,25.178440,5.00e-05,26655.70,25145344,N/A,2025-07-14 12:16:52
6139,2.151320,2.967500,25.178440,5.00e-05,27297.11,25149440,N/A,2025-07-14 12:16:52
6140,3.098934,2.967500,25.178440,5.00e-05,27153.39,25153536,1.0000,2025-07-14 12:16:52
6141,3.328733,2.967500,25.178440,5.00e-05,26915.64,25157632,N/A,2025-07-14 12:16:52
6142,3.677716,2.967500,25.178440,5.00e-05,26913.60,25161728,N/A,2025-07-14 12:16:52
6143,4.125813,2.967500,25.178440,5.00e-05,26863.75,25165824,N/A,2025-07-14 12:16:53
6144,2.770217,2.967500,25.178440,5.00e-05,26882.93,25169920,N/A,2025-07-14 12:16:53
6145,2.906157,2.967500,25.178440,5.00e-05,26977.48,25174016,N/A,2025-07-14 12:16:53
6146,3.597258,2.967500,25.178440,5.00e-05,27157.38,25178112,N/A,2025-07-14 12:16:53
6147,2.357810,2.967500,25.178440,5.00e-05,27363.13,25182208,N/A,2025-07-14 12:16:53
6148,2.435742,2.967500,25.178440,5.00e-05,27381.38,25186304,N/A,2025-07-14 12:16:53
6149,2.332868,2.967500,25.178440,5.00e-05,28047.03,25190400,N/A,2025-07-14 12:16:54
6150,3.229487,2.967500,25.178440,5.00e-05,27642.37,25194496,1.0000,2025-07-14 12:16:54
6151,3.047583,2.967500,25.178440,5.00e-05,27592.35,25198592,N/A,2025-07-14 12:16:54
6152,4.676445,2.967500,25.178440,5.00e-05,27395.62,25202688,N/A,2025-07-14 12:16:54
6153,3.114547,2.967500,25.178440,5.00e-05,27416.34,25206784,N/A,2025-07-14 12:16:54
6154,2.615150,2.967500,25.178440,5.00e-05,27433.93,25210880,N/A,2025-07-14 12:16:54
6155,4.129630,2.967500,25.178440,5.00e-05,27437.42,25214976,N/A,2025-07-14 12:16:55
6156,2.928055,2.967500,25.178440,5.00e-05,27348.32,25219072,N/A,2025-07-14 12:16:55
6157,3.619155,2.967500,25.178440,5.00e-05,26871.59,25223168,N/A,2025-07-14 12:16:55
6158,4.103919,2.967500,25.178440,5.00e-05,26852.66,25227264,N/A,2025-07-14 12:16:55
6159,3.868866,2.967500,25.178440,5.00e-05,27396.51,25231360,N/A,2025-07-14 12:16:55
6160,2.275474,2.967500,25.178440,5.00e-05,26322.82,25235456,1.0000,2025-07-14 12:16:55
6161,3.059912,2.967500,25.178440,5.00e-05,26479.08,25239552,N/A,2025-07-14 12:16:56
6162,2.382844,2.967500,25.178440,5.00e-05,26300.83,25243648,N/A,2025-07-14 12:16:56
6163,2.101295,2.967500,25.178440,5.00e-05,26259.14,25247744,N/A,2025-07-14 12:16:56
6164,3.638935,2.967500,25.178440,5.00e-05,25959.51,25251840,N/A,2025-07-14 12:16:56
6165,3.323029,2.967500,25.178440,5.00e-05,25993.36,25255936,N/A,2025-07-14 12:16:56
6166,1.869800,2.967500,25.178440,5.00e-05,26457.21,25260032,N/A,2025-07-14 12:16:56
6167,2.410017,2.967500,25.178440,5.00e-05,26452.68,25264128,N/A,2025-07-14 12:16:57
6168,2.327490,2.967500,25.178440,5.00e-05,26463.55,25268224,N/A,2025-07-14 12:16:57
6169,1.177674,2.967500,25.178440,5.00e-05,27543.75,25272320,N/A,2025-07-14 12:16:57
6170,3.037694,2.967500,25.178440,5.00e-05,26873.99,25276416,1.0000,2025-07-14 12:16:57
6171,2.384247,2.967500,25.178440,5.00e-05,26974.61,25280512,N/A,2025-07-14 12:16:57
6172,1.936773,2.967500,25.178440,5.00e-05,26628.51,25284608,N/A,2025-07-14 12:16:58
6173,2.168576,2.967500,25.178440,5.00e-05,26450.01,25288704,N/A,2025-07-14 12:16:58
6174,3.336782,2.967500,25.178440,5.00e-05,26021.73,25292800,N/A,2025-07-14 12:16:58
6175,2.818193,2.967500,25.178440,5.00e-05,25968.91,25296896,N/A,2025-07-14 12:16:58
6176,2.171763,2.967500,25.178440,5.00e-05,25942.23,25300992,N/A,2025-07-14 12:16:58
6177,2.467507,2.967500,25.178440,5.00e-05,25941.47,25305088,N/A,2025-07-14 12:16:58
6178,1.335484,2.967500,25.178440,5.00e-05,26005.89,25309184,N/A,2025-07-14 12:16:59
6179,2.214132,2.967500,25.178440,5.00e-05,26652.91,25313280,N/A,2025-07-14 12:16:59
6180,3.032539,2.967500,25.178440,5.00e-05,25962.49,25317376,1.0000,2025-07-14 12:16:59
6181,1.665532,2.967500,25.178440,5.00e-05,26334.23,25321472,N/A,2025-07-14 12:16:59
6182,3.104337,2.967500,25.178440,5.00e-05,26840.01,25325568,N/A,2025-07-14 12:16:59
6183,2.249643,2.967500,25.178440,5.00e-05,27188.06,25329664,N/A,2025-07-14 12:16:59
6184,1.379457,2.967500,25.178440,5.00e-05,26654.06,25333760,N/A,2025-07-14 12:17:00
6185,2.975311,2.967500,25.178440,5.00e-05,26263.29,25337856,N/A,2025-07-14 12:17:00
6186,2.965736,2.967500,25.178440,5.00e-05,26327.32,25341952,N/A,2025-07-14 12:17:00
6187,3.477319,2.967500,25.178440,5.00e-05,26358.02,25346048,N/A,2025-07-14 12:17:00
6188,4.550900,2.967500,25.178440,5.00e-05,26407.52,25350144,N/A,2025-07-14 12:17:00
6189,2.245795,2.967500,25.178440,5.00e-05,26901.81,25354240,N/A,2025-07-14 12:17:00
6190,3.810437,2.967500,25.178440,5.00e-05,26309.10,25358336,1.0000,2025-07-14 12:17:01
6191,2.303981,2.967500,25.178440,5.00e-05,26279.58,25362432,N/A,2025-07-14 12:17:01
6192,2.076116,2.967500,25.178440,5.00e-05,26468.59,25366528,N/A,2025-07-14 12:17:01
6193,2.168034,2.967500,25.178440,5.00e-05,27054.06,25370624,N/A,2025-07-14 12:17:01
6194,1.801469,2.967500,25.178440,5.00e-05,27581.67,25374720,N/A,2025-07-14 12:17:01
6195,3.080601,2.967500,25.178440,5.00e-05,27597.01,25378816,N/A,2025-07-14 12:17:01
6196,3.814893,2.967500,25.178440,5.00e-05,27544.02,25382912,N/A,2025-07-14 12:17:02
6197,2.914145,2.967500,25.178440,5.00e-05,27417.20,25387008,N/A,2025-07-14 12:17:02
6198,2.570980,2.967500,25.178440,5.00e-05,27512.14,25391104,N/A,2025-07-14 12:17:02
6199,3.513014,2.967500,25.178440,5.00e-05,28130.43,25395200,N/A,2025-07-14 12:17:02
6200,3.953575,2.967500,25.178440,5.00e-05,27017.56,25399296,1.0000,2025-07-14 12:17:02
6201,2.087488,2.967500,25.178440,5.00e-05,21330.19,25403392,N/A,2025-07-14 12:17:03
6202,2.465625,2.967500,25.178440,5.00e-05,21206.49,25407488,N/A,2025-07-14 12:17:03
6203,2.248937,2.967500,25.178440,5.00e-05,21042.90,25411584,N/A,2025-07-14 12:17:03
6204,1.790316,2.967500,25.178440,5.00e-05,21055.95,25415680,N/A,2025-07-14 12:17:03
6205,3.646777,2.967500,25.178440,5.00e-05,20886.71,25419776,N/A,2025-07-14 12:17:04
6206,3.609396,2.967500,25.178440,5.00e-05,20950.57,25423872,N/A,2025-07-14 12:17:04
6207,2.457711,2.967500,25.178440,5.00e-05,21086.64,25427968,N/A,2025-07-14 12:17:04
6208,2.245017,2.967500,25.178440,5.00e-05,20946.43,25432064,N/A,2025-07-14 12:17:04
6209,2.371487,2.967500,25.178440,5.00e-05,21329.62,25436160,N/A,2025-07-14 12:17:04
6210,3.981166,2.967500,25.178440,5.00e-05,26434.49,25440256,1.0000,2025-07-14 12:17:04
6211,3.435532,2.967500,25.178440,5.00e-05,26616.60,25444352,N/A,2025-07-14 12:17:05
6212,2.684135,2.967500,25.178440,5.00e-05,26888.94,25448448,N/A,2025-07-14 12:17:05
6213,1.567436,2.967500,25.178440,5.00e-05,26856.28,25452544,N/A,2025-07-14 12:17:05
6214,4.250361,2.967500,25.178440,5.00e-05,27082.56,25456640,N/A,2025-07-14 12:17:05
6215,1.241955,2.967500,25.178440,5.00e-05,27041.38,25460736,N/A,2025-07-14 12:17:05
6216,1.421942,2.967500,25.178440,5.00e-05,26569.79,25464832,N/A,2025-07-14 12:17:05
6217,3.086233,2.967500,25.178440,5.00e-05,26765.14,25468928,N/A,2025-07-14 12:17:06
6218,4.091970,2.967500,25.178440,5.00e-05,27192.87,25473024,N/A,2025-07-14 12:17:06
6219,2.254208,2.967500,25.178440,5.00e-05,27736.49,25477120,N/A,2025-07-14 12:17:06
6220,3.497061,2.967500,25.178440,5.00e-05,26460.32,25481216,1.0000,2025-07-14 12:17:06
6221,2.508991,2.967500,25.178440,5.00e-05,26195.45,25485312,N/A,2025-07-14 12:17:06
6222,2.457748,2.967500,25.178440,5.00e-05,26188.26,25489408,N/A,2025-07-14 12:17:06
6223,3.413087,2.967500,25.178440,5.00e-05,26262.15,25493504,N/A,2025-07-14 12:17:07
6224,2.042784,2.967500,25.178440,5.00e-05,26317.94,25497600,N/A,2025-07-14 12:17:07
6225,3.899896,2.967500,25.178440,5.00e-05,26776.68,25501696,N/A,2025-07-14 12:17:07
6226,2.375996,2.967500,25.178440,5.00e-05,26388.40,25505792,N/A,2025-07-14 12:17:07
6227,4.152654,2.967500,25.178440,5.00e-05,26372.95,25509888,N/A,2025-07-14 12:17:07
6228,3.098104,2.967500,25.178440,5.00e-05,26428.50,25513984,N/A,2025-07-14 12:17:07
6229,2.280360,2.967500,25.178440,5.00e-05,27696.34,25518080,N/A,2025-07-14 12:17:08
6230,2.819857,2.967500,25.178440,5.00e-05,27329.91,25522176,1.0000,2025-07-14 12:17:08
6231,3.448725,2.967500,25.178440,5.00e-05,27177.55,25526272,N/A,2025-07-14 12:17:08
6232,2.261630,2.967500,25.178440,5.00e-05,26875.87,25530368,N/A,2025-07-14 12:17:08
6233,1.617661,2.967500,25.178440,5.00e-05,26802.85,25534464,N/A,2025-07-14 12:17:08
6234,2.858634,2.967500,25.178440,5.00e-05,26732.79,25538560,N/A,2025-07-14 12:17:08
6235,2.232648,2.967500,25.178440,5.00e-05,27214.58,25542656,N/A,2025-07-14 12:17:09
6236,4.062919,2.967500,25.178440,5.00e-05,26910.23,25546752,N/A,2025-07-14 12:17:09
6237,2.641832,2.967500,25.178440,5.00e-05,26916.10,25550848,N/A,2025-07-14 12:17:09
6238,3.558405,2.967500,25.178440,5.00e-05,26942.58,25554944,N/A,2025-07-14 12:17:09
6239,2.909190,2.967500,25.178440,5.00e-05,27534.21,25559040,N/A,2025-07-14 12:17:09
6240,3.018370,2.967500,25.178440,5.00e-05,27088.92,25563136,1.0000,2025-07-14 12:17:09
6241,4.127966,2.967500,25.178440,5.00e-05,27352.06,25567232,N/A,2025-07-14 12:17:10
6242,1.749297,2.967500,25.178440,5.00e-05,27375.25,25571328,N/A,2025-07-14 12:17:10
6243,1.966521,2.967500,25.178440,5.00e-05,27460.48,25575424,N/A,2025-07-14 12:17:10
6244,3.360673,2.967500,25.178440,5.00e-05,27396.45,25579520,N/A,2025-07-14 12:17:10
6245,2.827284,2.967500,25.178440,5.00e-05,27730.80,25583616,N/A,2025-07-14 12:17:10
6246,1.574235,2.967500,25.178440,5.00e-05,27707.83,25587712,N/A,2025-07-14 12:17:10
6247,2.293808,2.967500,25.178440,5.00e-05,27705.41,25591808,N/A,2025-07-14 12:17:11
6248,3.329060,2.967500,25.178440,5.00e-05,27709.53,25595904,N/A,2025-07-14 12:17:11
6249,2.011106,2.967500,25.178440,5.00e-05,28118.73,25600000,N/A,2025-07-14 12:17:11
6250,4.722769,2.967500,25.178440,5.00e-05,27459.72,25604096,1.0000,2025-07-14 12:17:11
6251,2.379015,2.967500,25.178440,5.00e-05,27437.05,25608192,N/A,2025-07-14 12:17:11
6252,2.834354,2.967500,25.178440,5.00e-05,27388.64,25612288,N/A,2025-07-14 12:17:11
6253,2.221198,2.967500,25.178440,5.00e-05,27439.09,25616384,N/A,2025-07-14 12:17:12
6254,4.701304,2.967500,25.178440,5.00e-05,27474.06,25620480,N/A,2025-07-14 12:17:12
6255,2.718153,2.967500,25.178440,5.00e-05,27493.57,25624576,N/A,2025-07-14 12:17:12
6256,1.661147,2.967500,25.178440,5.00e-05,27490.51,25628672,N/A,2025-07-14 12:17:12
6257,3.609575,2.967500,25.178440,5.00e-05,27485.58,25632768,N/A,2025-07-14 12:17:12
6258,4.540201,2.967500,25.178440,5.00e-05,27691.01,25636864,N/A,2025-07-14 12:17:12
6259,2.022749,2.967500,25.178440,5.00e-05,27843.06,25640960,N/A,2025-07-14 12:17:13
6260,4.455858,2.967500,25.178440,5.00e-05,27081.76,25645056,1.0000,2025-07-14 12:17:13
6261,2.937186,2.967500,25.178440,5.00e-05,27148.13,25649152,N/A,2025-07-14 12:17:13
6262,3.398966,2.967500,25.178440,5.00e-05,26983.91,25653248,N/A,2025-07-14 12:17:13
6263,3.305348,2.967500,25.178440,5.00e-05,26929.93,25657344,N/A,2025-07-14 12:17:13
6264,2.613124,2.967500,25.178440,5.00e-05,26918.68,25661440,N/A,2025-07-14 12:17:13
6265,1.989020,2.967500,25.178440,5.00e-05,26913.44,25665536,N/A,2025-07-14 12:17:14
6266,2.091913,2.967500,25.178440,5.00e-05,26756.87,25669632,N/A,2025-07-14 12:17:14
6267,3.800051,2.967500,25.178440,5.00e-05,26509.25,25673728,N/A,2025-07-14 12:17:14
6268,3.387424,2.967500,25.178440,5.00e-05,27048.80,25677824,N/A,2025-07-14 12:17:14
6269,3.199168,2.967500,25.178440,5.00e-05,27862.00,25681920,N/A,2025-07-14 12:17:14
6270,3.195496,2.967500,25.178440,5.00e-05,27161.62,25686016,1.0000,2025-07-14 12:17:14
6271,2.319512,2.967500,25.178440,5.00e-05,27292.58,25690112,N/A,2025-07-14 12:17:15
6272,2.107588,2.967500,25.178440,5.00e-05,27296.15,25694208,N/A,2025-07-14 12:17:15
6273,2.135978,2.967500,25.178440,5.00e-05,27319.75,25698304,N/A,2025-07-14 12:17:15
6274,3.210172,2.967500,25.178440,5.00e-05,27320.58,25702400,N/A,2025-07-14 12:17:15
6275,4.023493,2.967500,25.178440,5.00e-05,27525.29,25706496,N/A,2025-07-14 12:17:15
6276,2.149136,2.967500,25.178440,5.00e-05,27802.45,25710592,N/A,2025-07-14 12:17:15
6277,3.320907,2.967500,25.178440,5.00e-05,27457.93,25714688,N/A,2025-07-14 12:17:16
6278,1.896182,2.967500,25.178440,5.00e-05,27436.64,25718784,N/A,2025-07-14 12:17:16
6279,2.900913,2.967500,25.178440,5.00e-05,27922.87,25722880,N/A,2025-07-14 12:17:16
6280,2.402277,2.967500,25.178440,5.00e-05,27409.90,25726976,1.0000,2025-07-14 12:17:16
6281,3.782218,2.967500,25.178440,5.00e-05,27261.53,25731072,N/A,2025-07-14 12:17:16
6282,1.547246,2.967500,25.178440,5.00e-05,27189.05,25735168,N/A,2025-07-14 12:17:16
6283,3.557267,2.967500,25.178440,5.00e-05,27065.37,25739264,N/A,2025-07-14 12:17:17
6284,3.246893,2.967500,25.178440,5.00e-05,26992.42,25743360,N/A,2025-07-14 12:17:17
6285,3.767194,2.967500,25.178440,5.00e-05,27006.31,25747456,N/A,2025-07-14 12:17:17
6286,1.917064,2.967500,25.178440,5.00e-05,27340.48,25751552,N/A,2025-07-14 12:17:17
6287,3.511033,2.967500,25.178440,5.00e-05,27420.04,25755648,N/A,2025-07-14 12:17:17
6288,3.866147,2.967500,25.178440,5.00e-05,27594.68,25759744,N/A,2025-07-14 12:17:17
6289,1.617499,2.967500,25.178440,5.00e-05,27913.56,25763840,N/A,2025-07-14 12:17:18
6290,3.429723,2.967500,25.178440,5.00e-05,27028.94,25767936,1.0000,2025-07-14 12:17:18
6291,3.920324,2.967500,25.178440,5.00e-05,27012.44,25772032,N/A,2025-07-14 12:17:18
6292,2.174191,2.967500,25.178440,5.00e-05,27115.88,25776128,N/A,2025-07-14 12:17:18
6293,2.178635,2.967500,25.178440,5.00e-05,27169.14,25780224,N/A,2025-07-14 12:17:18
6294,1.087845,2.967500,25.178440,5.00e-05,27177.61,25784320,N/A,2025-07-14 12:17:18
6295,2.252225,2.967500,25.178440,5.00e-05,26864.94,25788416,N/A,2025-07-14 12:17:19
6296,3.117675,2.967500,25.178440,5.00e-05,26785.47,25792512,N/A,2025-07-14 12:17:19
6297,3.589818,2.967500,25.178440,5.00e-05,26823.90,25796608,N/A,2025-07-14 12:17:19
6298,3.870818,2.967500,25.178440,5.00e-05,26839.38,25800704,N/A,2025-07-14 12:17:19
6299,2.797158,2.967500,25.178440,5.00e-05,27901.28,25804800,N/A,2025-07-14 12:17:19
6300,2.391197,2.967500,25.178440,5.00e-05,27284.16,25808896,1.0000,2025-07-14 12:17:19
6301,2.511906,2.967500,25.178440,5.00e-05,21802.23,25812992,N/A,2025-07-14 12:17:20
6302,3.370720,2.967500,25.178440,5.00e-05,21672.62,25817088,N/A,2025-07-14 12:17:20
6303,2.483356,2.967500,25.178440,5.00e-05,21531.64,25821184,N/A,2025-07-14 12:17:20
6304,2.976565,2.967500,25.178440,5.00e-05,21707.43,25825280,N/A,2025-07-14 12:17:21
6305,4.380059,2.967500,25.178440,5.00e-05,21566.05,25829376,N/A,2025-07-14 12:17:21
6306,3.391485,2.967500,25.178440,5.00e-05,21420.67,25833472,N/A,2025-07-14 12:17:21
6307,1.547636,2.967500,25.178440,5.00e-05,21490.80,25837568,N/A,2025-07-14 12:17:21
6308,3.328394,2.967500,25.178440,5.00e-05,21485.86,25841664,N/A,2025-07-14 12:17:21
6309,2.111002,2.967500,25.178440,5.00e-05,21864.14,25845760,N/A,2025-07-14 12:17:21
6310,1.958823,2.967500,25.178440,5.00e-05,26750.75,25849856,1.0000,2025-07-14 12:17:22
6311,4.176762,2.967500,25.178440,5.00e-05,26997.58,25853952,N/A,2025-07-14 12:17:22
6312,1.714373,2.967500,25.178440,5.00e-05,27193.69,25858048,N/A,2025-07-14 12:17:22
6313,3.234755,2.967500,25.178440,5.00e-05,27078.69,25862144,N/A,2025-07-14 12:17:22
6314,2.055017,2.967500,25.178440,5.00e-05,27264.90,25866240,N/A,2025-07-14 12:17:22
6315,1.879789,2.967500,25.178440,5.00e-05,27465.79,25870336,N/A,2025-07-14 12:17:22
6316,2.180608,2.967500,25.178440,5.00e-05,27487.39,25874432,N/A,2025-07-14 12:17:23
6317,4.486243,2.967500,25.178440,5.00e-05,26970.56,25878528,N/A,2025-07-14 12:17:23
6318,3.019788,2.967500,25.178440,5.00e-05,26859.53,25882624,N/A,2025-07-14 12:17:23
6319,2.673817,2.967500,25.178440,5.00e-05,27514.98,25886720,N/A,2025-07-14 12:17:23
6320,4.616107,2.967500,25.178440,5.00e-05,26663.57,25890816,1.0000,2025-07-14 12:17:23
6321,4.035710,2.967500,25.178440,5.00e-05,26667.65,25894912,N/A,2025-07-14 12:17:23
6322,3.908714,2.967500,25.178440,5.00e-05,26775.03,25899008,N/A,2025-07-14 12:17:24
6323,2.096446,2.967500,25.178440,5.00e-05,26817.06,25903104,N/A,2025-07-14 12:17:24
6324,3.572925,2.967500,25.178440,5.00e-05,26823.33,25907200,N/A,2025-07-14 12:17:24
6325,2.329008,2.967500,25.178440,5.00e-05,26855.76,25911296,N/A,2025-07-14 12:17:24
6326,2.376950,2.967500,25.178440,5.00e-05,27361.14,25915392,N/A,2025-07-14 12:17:24
6327,2.872170,2.967500,25.178440,5.00e-05,27547.24,25919488,N/A,2025-07-14 12:17:24
6328,2.523154,2.967500,25.178440,5.00e-05,27342.93,25923584,N/A,2025-07-14 12:17:25
6329,2.313892,2.967500,25.178440,5.00e-05,28131.40,25927680,N/A,2025-07-14 12:17:25
6330,3.114538,2.967500,25.178440,5.00e-05,27278.91,25931776,1.0000,2025-07-14 12:17:25
6331,3.323703,2.967500,25.178440,5.00e-05,27211.24,25935872,N/A,2025-07-14 12:17:25
6332,1.842060,2.967500,25.178440,5.00e-05,27176.29,25939968,N/A,2025-07-14 12:17:25
6333,3.732271,2.967500,25.178440,5.00e-05,27163.58,25944064,N/A,2025-07-14 12:17:25
6334,3.967906,2.967500,25.178440,5.00e-05,27159.74,25948160,N/A,2025-07-14 12:17:26
6335,3.339884,2.967500,25.178440,5.00e-05,26759.70,25952256,N/A,2025-07-14 12:17:26
6336,3.298653,2.967500,25.178440,5.00e-05,26576.79,25956352,N/A,2025-07-14 12:17:26
6337,2.233679,2.967500,25.178440,5.00e-05,26688.17,25960448,N/A,2025-07-14 12:17:26
6338,3.934726,2.967500,25.178440,5.00e-05,26748.15,25964544,N/A,2025-07-14 12:17:26
6339,2.459851,2.967500,25.178440,5.00e-05,27200.94,25968640,N/A,2025-07-14 12:17:26
6340,2.694234,2.967500,25.178440,5.00e-05,26020.60,25972736,1.0000,2025-07-14 12:17:27
6341,3.236505,2.967500,25.178440,5.00e-05,26043.78,25976832,N/A,2025-07-14 12:17:27
6342,2.084877,2.967500,25.178440,5.00e-05,26034.97,25980928,N/A,2025-07-14 12:17:27
6343,3.939365,2.967500,25.178440,5.00e-05,25651.14,25985024,N/A,2025-07-14 12:17:27
6344,1.862796,2.967500,25.178440,5.00e-05,26062.66,25989120,N/A,2025-07-14 12:17:27
6345,3.268289,2.967500,25.178440,5.00e-05,26189.56,25993216,N/A,2025-07-14 12:17:27
6346,2.799651,2.967500,25.178440,5.00e-05,26147.71,25997312,N/A,2025-07-14 12:17:28
6347,3.360159,2.967500,25.178440,5.00e-05,25802.64,26001408,N/A,2025-07-14 12:17:28
6348,2.245145,2.967500,25.178440,5.00e-05,26170.23,26005504,N/A,2025-07-14 12:17:28
6349,3.262008,2.967500,25.178440,5.00e-05,27345.60,26009600,N/A,2025-07-14 12:17:28
6350,2.297558,2.967500,25.178440,5.00e-05,26625.08,26013696,1.0000,2025-07-14 12:17:28
6351,4.550756,2.967500,25.178440,5.00e-05,26639.52,26017792,N/A,2025-07-14 12:17:29
6352,3.263401,2.967500,25.178440,5.00e-05,26608.42,26021888,N/A,2025-07-14 12:17:29
6353,2.314417,2.967500,25.178440,5.00e-05,26118.15,26025984,N/A,2025-07-14 12:17:29
6354,2.650306,2.967500,25.178440,5.00e-05,26144.65,26030080,N/A,2025-07-14 12:17:29
6355,2.221920,2.967500,25.178440,5.00e-05,26281.79,26034176,N/A,2025-07-14 12:17:29
6356,1.974073,2.967500,25.178440,5.00e-05,26152.55,26038272,N/A,2025-07-14 12:17:29
6357,3.966687,2.967500,25.178440,5.00e-05,25634.30,26042368,N/A,2025-07-14 12:17:30
6358,1.862073,2.967500,25.178440,5.00e-05,25659.47,26046464,N/A,2025-07-14 12:17:30
6359,2.922032,2.967500,25.178440,5.00e-05,26344.30,26050560,N/A,2025-07-14 12:17:30
6360,2.793548,2.967500,25.178440,5.00e-05,25788.57,26054656,1.0000,2025-07-14 12:17:30
6361,3.543665,2.967500,25.178440,5.00e-05,26240.09,26058752,N/A,2025-07-14 12:17:30
6362,2.962596,2.967500,25.178440,5.00e-05,26692.75,26062848,N/A,2025-07-14 12:17:30
6363,2.344493,2.967500,25.178440,5.00e-05,26689.77,26066944,N/A,2025-07-14 12:17:31
6364,3.580341,2.967500,25.178440,5.00e-05,26475.48,26071040,N/A,2025-07-14 12:17:31
6365,1.984931,2.967500,25.178440,5.00e-05,26687.62,26075136,N/A,2025-07-14 12:17:31
6366,2.997890,2.967500,25.178440,5.00e-05,27163.51,26079232,N/A,2025-07-14 12:17:31
6367,3.427467,2.967500,25.178440,5.00e-05,27190.24,26083328,N/A,2025-07-14 12:17:31
6368,3.176386,2.967500,25.178440,5.00e-05,27189.87,26087424,N/A,2025-07-14 12:17:31
6369,3.409900,2.967500,25.178440,5.00e-05,27764.97,26091520,N/A,2025-07-14 12:17:32
6370,3.180886,2.967500,25.178440,5.00e-05,26931.32,26095616,1.0000,2025-07-14 12:17:32
6371,2.072217,2.967500,25.178440,5.00e-05,26724.60,26099712,N/A,2025-07-14 12:17:32
6372,1.732043,2.967500,25.178440,5.00e-05,26703.31,26103808,N/A,2025-07-14 12:17:32
6373,1.679400,2.967500,25.178440,5.00e-05,26836.88,26107904,N/A,2025-07-14 12:17:32
6374,3.735564,2.967500,25.178440,5.00e-05,27076.32,26112000,N/A,2025-07-14 12:17:32
6375,2.203902,2.967500,25.178440,5.00e-05,27124.80,26116096,N/A,2025-07-14 12:17:33
6376,2.834142,2.967500,25.178440,5.00e-05,27122.82,26120192,N/A,2025-07-14 12:17:33
6377,3.336270,2.967500,25.178440,5.00e-05,27080.07,26124288,N/A,2025-07-14 12:17:33
6378,1.912934,2.967500,25.178440,5.00e-05,26964.30,26128384,N/A,2025-07-14 12:17:33
6379,2.468777,2.967500,25.178440,5.00e-05,27582.49,26132480,N/A,2025-07-14 12:17:33
6380,3.594507,2.967500,25.178440,5.00e-05,26906.69,26136576,1.0000,2025-07-14 12:17:33
6381,3.309356,2.967500,25.178440,5.00e-05,26862.54,26140672,N/A,2025-07-14 12:17:34
6382,2.905571,2.967500,25.178440,5.00e-05,26922.36,26144768,N/A,2025-07-14 12:17:34
6383,3.296041,2.967500,25.178440,5.00e-05,26734.28,26148864,N/A,2025-07-14 12:17:34
6384,2.460915,2.967500,25.178440,5.00e-05,26556.88,26152960,N/A,2025-07-14 12:17:34
6385,2.502400,2.967500,25.178440,5.00e-05,26579.80,26157056,N/A,2025-07-14 12:17:34
6386,3.282544,2.967500,25.178440,5.00e-05,26597.34,26161152,N/A,2025-07-14 12:17:34
6387,3.720178,2.967500,25.178440,5.00e-05,26781.39,26165248,N/A,2025-07-14 12:17:35
6388,2.960896,2.967500,25.178440,5.00e-05,26989.95,26169344,N/A,2025-07-14 12:17:35
6389,1.542339,2.967500,25.178440,5.00e-05,27852.42,26173440,N/A,2025-07-14 12:17:35
6390,3.044058,2.967500,25.178440,5.00e-05,27104.36,26177536,1.0000,2025-07-14 12:17:35
6391,3.625528,2.967500,25.178440,5.00e-05,27100.82,26181632,N/A,2025-07-14 12:17:35
6392,2.403951,2.967500,25.178440,5.00e-05,27391.11,26185728,N/A,2025-07-14 12:17:35
6393,2.274190,2.967500,25.178440,5.00e-05,27620.39,26189824,N/A,2025-07-14 12:17:36
6394,1.975510,2.967500,25.178440,5.00e-05,27433.29,26193920,N/A,2025-07-14 12:17:36
6395,4.049965,2.967500,25.178440,5.00e-05,27280.75,26198016,N/A,2025-07-14 12:17:36
6396,1.879117,2.967500,25.178440,5.00e-05,27274.67,26202112,N/A,2025-07-14 12:17:36
6397,3.496787,2.967500,25.178440,5.00e-05,27256.01,26206208,N/A,2025-07-14 12:17:36
6398,3.108507,2.967500,25.178440,5.00e-05,27295.76,26210304,N/A,2025-07-14 12:17:36
6399,3.369698,2.967500,25.178440,5.00e-05,27890.66,26214400,N/A,2025-07-14 12:17:37
6400,2.135047,2.967500,25.178440,5.00e-05,27283.87,26218496,1.0000,2025-07-14 12:17:37
6401,3.238146,2.967500,25.178440,5.00e-05,20208.29,26222592,N/A,2025-07-14 12:17:37
6402,3.533139,2.967500,25.178440,5.00e-05,20094.89,26226688,N/A,2025-07-14 12:17:38
6403,3.312726,2.967500,25.178440,5.00e-05,20150.23,26230784,N/A,2025-07-14 12:17:38
6404,4.100610,2.967500,25.178440,5.00e-05,20213.44,26234880,N/A,2025-07-14 12:17:38
6405,3.237864,2.967500,25.178440,5.00e-05,20186.47,26238976,N/A,2025-07-14 12:17:38
6406,3.204091,2.967500,25.178440,5.00e-05,20179.73,26243072,N/A,2025-07-14 12:17:38
6407,3.020975,2.967500,25.178440,5.00e-05,20178.54,26247168,N/A,2025-07-14 12:17:38
6408,2.066657,2.967500,25.178440,5.00e-05,20256.60,26251264,N/A,2025-07-14 12:17:39
6409,2.743524,2.967500,25.178440,5.00e-05,20561.01,26255360,N/A,2025-07-14 12:17:39
6410,2.823732,2.967500,25.178440,5.00e-05,26907.96,26259456,1.0000,2025-07-14 12:17:39
6411,2.610001,2.967500,25.178440,5.00e-05,27091.52,26263552,N/A,2025-07-14 12:17:39
6412,1.143539,2.967500,25.178440,5.00e-05,27167.57,26267648,N/A,2025-07-14 12:17:39
6413,2.861139,2.967500,25.178440,5.00e-05,27205.96,26271744,N/A,2025-07-14 12:17:39
6414,1.469508,2.967500,25.178440,5.00e-05,27199.55,26275840,N/A,2025-07-14 12:17:40
6415,1.894642,2.967500,25.178440,5.00e-05,27226.97,26279936,N/A,2025-07-14 12:17:40
6416,1.846647,2.967500,25.178440,5.00e-05,26784.37,26284032,N/A,2025-07-14 12:17:40
6417,2.829862,2.967500,25.178440,5.00e-05,26882.82,26288128,N/A,2025-07-14 12:17:40
6418,3.715766,2.967500,25.178440,5.00e-05,26912.90,26292224,N/A,2025-07-14 12:17:40
6419,2.923798,2.967500,25.178440,5.00e-05,27836.50,26296320,N/A,2025-07-14 12:17:40
6420,0.767400,2.967500,25.178440,5.00e-05,27105.58,26300416,1.0000,2025-07-14 12:17:41
6421,1.664395,2.967500,25.178440,5.00e-05,27056.56,26304512,N/A,2025-07-14 12:17:41
6422,2.450637,2.967500,25.178440,5.00e-05,27117.42,26308608,N/A,2025-07-14 12:17:41
6423,3.477635,2.967500,25.178440,5.00e-05,26972.80,26312704,N/A,2025-07-14 12:17:41
6424,3.307255,2.967500,25.178440,5.00e-05,27027.38,26316800,N/A,2025-07-14 12:17:41
6425,2.519021,2.967500,25.178440,5.00e-05,26939.13,26320896,N/A,2025-07-14 12:17:42
6426,3.312462,2.967500,25.178440,5.00e-05,26599.71,26324992,N/A,2025-07-14 12:17:42
6427,2.645785,2.967500,25.178440,5.00e-05,26596.69,26329088,N/A,2025-07-14 12:17:42
6428,3.318124,2.967500,25.178440,5.00e-05,26514.45,26333184,N/A,2025-07-14 12:17:42
6429,3.120048,2.967500,25.178440,5.00e-05,27099.28,26337280,N/A,2025-07-14 12:17:42
6430,2.915027,2.967500,25.178440,5.00e-05,26602.17,26341376,1.0000,2025-07-14 12:17:42
6431,2.466260,2.967500,25.178440,5.00e-05,26449.19,26345472,N/A,2025-07-14 12:17:43
6432,3.367641,2.967500,25.178440,5.00e-05,26466.38,26349568,N/A,2025-07-14 12:17:43
6433,2.798715,2.967500,25.178440,5.00e-05,26207.65,26353664,N/A,2025-07-14 12:17:43
6434,4.074359,2.967500,25.178440,5.00e-05,26376.01,26357760,N/A,2025-07-14 12:17:43
6435,3.446140,2.967500,25.178440,5.00e-05,26679.52,26361856,N/A,2025-07-14 12:17:43
6436,2.688796,2.967500,25.178440,5.00e-05,26600.10,26365952,N/A,2025-07-14 12:17:43
6437,3.207146,2.967500,25.178440,5.00e-05,26710.70,26370048,N/A,2025-07-14 12:17:44
6438,3.350878,2.967500,25.178440,5.00e-05,26352.01,26374144,N/A,2025-07-14 12:17:44
6439,2.037215,2.967500,25.178440,5.00e-05,26405.23,26378240,N/A,2025-07-14 12:17:44
6440,2.291883,2.967500,25.178440,5.00e-05,25739.51,26382336,1.0000,2025-07-14 12:17:44
6441,2.548157,2.967500,25.178440,5.00e-05,25578.71,26386432,N/A,2025-07-14 12:17:44
6442,2.938786,2.967500,25.178440,5.00e-05,25694.00,26390528,N/A,2025-07-14 12:17:44
6443,4.463160,2.967500,25.178440,5.00e-05,25939.40,26394624,N/A,2025-07-14 12:17:45
6444,3.314187,2.967500,25.178440,5.00e-05,25926.33,26398720,N/A,2025-07-14 12:17:45
6445,3.581755,2.967500,25.178440,5.00e-05,25959.83,26402816,N/A,2025-07-14 12:17:45
6446,2.195167,2.967500,25.178440,5.00e-05,25922.73,26406912,N/A,2025-07-14 12:17:45
6447,2.451796,2.967500,25.178440,5.00e-05,26369.84,26411008,N/A,2025-07-14 12:17:45
6448,3.857146,2.967500,25.178440,5.00e-05,26616.43,26415104,N/A,2025-07-14 12:17:45
6449,2.731245,2.967500,25.178440,5.00e-05,27419.79,26419200,N/A,2025-07-14 12:17:46
6450,2.909054,2.967500,25.178440,5.00e-05,27151.69,26423296,1.0000,2025-07-14 12:17:46
6451,2.982384,2.967500,25.178440,5.00e-05,27026.67,26427392,N/A,2025-07-14 12:17:46
6452,2.804791,2.967500,25.178440,5.00e-05,26873.54,26431488,N/A,2025-07-14 12:17:46
6453,3.831676,2.967500,25.178440,5.00e-05,26901.54,26435584,N/A,2025-07-14 12:17:46
6454,2.743587,2.967500,25.178440,5.00e-05,26970.67,26439680,N/A,2025-07-14 12:17:47
6455,2.908774,2.967500,25.178440,5.00e-05,26962.89,26443776,N/A,2025-07-14 12:17:47
6456,2.773133,2.967500,25.178440,5.00e-05,26884.73,26447872,N/A,2025-07-14 12:17:47
6457,3.108620,2.967500,25.178440,5.00e-05,27063.41,26451968,N/A,2025-07-14 12:17:47
6458,2.333515,2.967500,25.178440,5.00e-05,27075.54,26456064,N/A,2025-07-14 12:17:47
6459,3.089120,2.967500,25.178440,5.00e-05,27666.87,26460160,N/A,2025-07-14 12:17:47
6460,3.644915,2.967500,25.178440,5.00e-05,27044.86,26464256,1.0000,2025-07-14 12:17:48
6461,2.899721,2.967500,25.178440,5.00e-05,27276.27,26468352,N/A,2025-07-14 12:17:48
6462,4.146974,2.967500,25.178440,5.00e-05,27165.78,26472448,N/A,2025-07-14 12:17:48
6463,3.967652,2.967500,25.178440,5.00e-05,27186.38,26476544,N/A,2025-07-14 12:17:48
6464,2.948325,2.967500,25.178440,5.00e-05,27159.03,26480640,N/A,2025-07-14 12:17:48
6465,3.203209,2.967500,25.178440,5.00e-05,26910.81,26484736,N/A,2025-07-14 12:17:48
6466,2.434802,2.967500,25.178440,5.00e-05,26930.02,26488832,N/A,2025-07-14 12:17:49
6467,2.235883,2.967500,25.178440,5.00e-05,26943.83,26492928,N/A,2025-07-14 12:17:49
6468,2.813826,2.967500,25.178440,5.00e-05,26953.66,26497024,N/A,2025-07-14 12:17:49
6469,3.671884,2.967500,25.178440,5.00e-05,27645.40,26501120,N/A,2025-07-14 12:17:49
6470,2.156943,2.967500,25.178440,5.00e-05,26664.86,26505216,1.0000,2025-07-14 12:17:49
6471,3.025437,2.967500,25.178440,5.00e-05,26612.33,26509312,N/A,2025-07-14 12:17:49
6472,2.376770,2.967500,25.178440,5.00e-05,26303.22,26513408,N/A,2025-07-14 12:17:50
6473,3.000226,2.967500,25.178440,5.00e-05,26242.27,26517504,N/A,2025-07-14 12:17:50
6474,1.982922,2.967500,25.178440,5.00e-05,26462.84,26521600,N/A,2025-07-14 12:17:50
6475,3.856376,2.967500,25.178440,5.00e-05,26316.98,26525696,N/A,2025-07-14 12:17:50
6476,2.532437,2.967500,25.178440,5.00e-05,26309.50,26529792,N/A,2025-07-14 12:17:50
6477,3.153024,2.967500,25.178440,5.00e-05,26303.57,26533888,N/A,2025-07-14 12:17:50
6478,2.586168,2.967500,25.178440,5.00e-05,26029.01,26537984,N/A,2025-07-14 12:17:51
6479,2.042089,2.967500,25.178440,5.00e-05,26924.33,26542080,N/A,2025-07-14 12:17:51
6480,3.448533,2.967500,25.178440,5.00e-05,26147.09,26546176,1.0000,2025-07-14 12:17:51
6481,2.170733,2.967500,25.178440,5.00e-05,26413.31,26550272,N/A,2025-07-14 12:17:51
6482,3.576512,2.967500,25.178440,5.00e-05,26492.48,26554368,N/A,2025-07-14 12:17:51
6483,2.230350,2.967500,25.178440,5.00e-05,26526.55,26558464,N/A,2025-07-14 12:17:51
6484,2.899962,2.967500,25.178440,5.00e-05,26269.87,26562560,N/A,2025-07-14 12:17:52
6485,2.810930,2.967500,25.178440,5.00e-05,26301.72,26566656,N/A,2025-07-14 12:17:52
6486,2.842764,2.967500,25.178440,5.00e-05,26319.56,26570752,N/A,2025-07-14 12:17:52
6487,2.859846,2.967500,25.178440,5.00e-05,26740.03,26574848,N/A,2025-07-14 12:17:52
6488,2.115863,2.967500,25.178440,5.00e-05,26639.28,26578944,N/A,2025-07-14 12:17:52
6489,3.134925,2.967500,25.178440,5.00e-05,27537.29,26583040,N/A,2025-07-14 12:17:52
6490,1.561844,2.967500,25.178440,5.00e-05,26963.77,26587136,1.0000,2025-07-14 12:17:53
6491,2.822114,2.967500,25.178440,5.00e-05,27013.31,26591232,N/A,2025-07-14 12:17:53
6492,2.699624,2.967500,25.178440,5.00e-05,27082.21,26595328,N/A,2025-07-14 12:17:53
6493,3.011418,2.967500,25.178440,5.00e-05,27224.65,26599424,N/A,2025-07-14 12:17:53
6494,2.523095,2.967500,25.178440,5.00e-05,27178.26,26603520,N/A,2025-07-14 12:17:53
6495,3.369625,2.967500,25.178440,5.00e-05,26780.90,26607616,N/A,2025-07-14 12:17:53
6496,1.514206,2.967500,25.178440,5.00e-05,26738.54,26611712,N/A,2025-07-14 12:17:54
6497,2.178368,2.967500,25.178440,5.00e-05,26907.77,26615808,N/A,2025-07-14 12:17:54
6498,3.219991,2.967500,25.178440,5.00e-05,26537.72,26619904,N/A,2025-07-14 12:17:54
6499,2.920786,2.967500,25.178440,5.00e-05,27049.18,26624000,N/A,2025-07-14 12:17:54
6500,3.176340,2.967500,25.178440,5.00e-05,26453.57,26628096,1.0000,2025-07-14 12:17:54
6501,2.956141,2.967500,25.178440,5.00e-05,21216.68,26632192,N/A,2025-07-14 12:17:55
6502,3.663324,2.967500,25.178440,5.00e-05,21281.39,26636288,N/A,2025-07-14 12:17:55
6503,4.283048,2.967500,25.178440,5.00e-05,21072.57,26640384,N/A,2025-07-14 12:17:55
6504,3.182267,2.967500,25.178440,5.00e-05,21315.52,26644480,N/A,2025-07-14 12:17:55
6505,3.673493,2.967500,25.178440,5.00e-05,21253.43,26648576,N/A,2025-07-14 12:17:56
6506,3.575593,2.967500,25.178440,5.00e-05,21244.25,26652672,N/A,2025-07-14 12:17:56
6507,1.129670,2.967500,25.178440,5.00e-05,21522.08,26656768,N/A,2025-07-14 12:17:56
6508,2.300879,2.967500,25.178440,5.00e-05,21553.50,26660864,N/A,2025-07-14 12:17:56
6509,1.809627,2.967500,25.178440,5.00e-05,21929.53,26664960,N/A,2025-07-14 12:17:56
6510,2.140581,2.967500,25.178440,5.00e-05,26904.73,26669056,1.0000,2025-07-14 12:17:56
6511,3.244257,2.967500,25.178440,5.00e-05,27112.31,26673152,N/A,2025-07-14 12:17:57
6512,2.163822,2.967500,25.178440,5.00e-05,27468.40,26677248,N/A,2025-07-14 12:17:57
6513,3.006163,2.967500,25.178440,5.00e-05,27451.84,26681344,N/A,2025-07-14 12:17:57
6514,3.404361,2.967500,25.178440,5.00e-05,27374.12,26685440,N/A,2025-07-14 12:17:57
6515,1.804553,2.967500,25.178440,5.00e-05,27340.65,26689536,N/A,2025-07-14 12:17:57
6516,2.631923,2.967500,25.178440,5.00e-05,27316.63,26693632,N/A,2025-07-14 12:17:57
6517,3.093780,2.967500,25.178440,5.00e-05,27329.93,26697728,N/A,2025-07-14 12:17:58
6518,3.045414,2.967500,25.178440,5.00e-05,27345.09,26701824,N/A,2025-07-14 12:17:58
6519,1.871990,2.967500,25.178440,5.00e-05,27968.82,26705920,N/A,2025-07-14 12:17:58
6520,2.962874,2.967500,25.178440,5.00e-05,27134.68,26710016,1.0000,2025-07-14 12:17:58
6521,2.051409,2.967500,25.178440,5.00e-05,26785.85,26714112,N/A,2025-07-14 12:17:58
6522,1.979862,2.967500,25.178440,5.00e-05,26605.52,26718208,N/A,2025-07-14 12:17:58
6523,2.752956,2.967500,25.178440,5.00e-05,26769.27,26722304,N/A,2025-07-14 12:17:59
6524,2.000978,2.967500,25.178440,5.00e-05,26566.11,26726400,N/A,2025-07-14 12:17:59
6525,2.893964,2.967500,25.178440,5.00e-05,26609.09,26730496,N/A,2025-07-14 12:17:59
6526,2.412895,2.967500,25.178440,5.00e-05,26664.62,26734592,N/A,2025-07-14 12:17:59
6527,1.602551,2.967500,25.178440,5.00e-05,26693.96,26738688,N/A,2025-07-14 12:17:59
6528,2.605031,2.967500,25.178440,5.00e-05,26706.03,26742784,N/A,2025-07-14 12:17:59
6529,3.493496,2.967500,25.178440,5.00e-05,27381.37,26746880,N/A,2025-07-14 12:18:00
6530,3.786467,2.967500,25.178440,5.00e-05,27131.53,26750976,1.0000,2025-07-14 12:18:00
6531,3.924784,2.967500,25.178440,5.00e-05,27324.25,26755072,N/A,2025-07-14 12:18:00
6532,2.040396,2.967500,25.178440,5.00e-05,27398.38,26759168,N/A,2025-07-14 12:18:00
6533,3.464220,2.967500,25.178440,5.00e-05,27637.60,26763264,N/A,2025-07-14 12:18:00
6534,3.541795,2.967500,25.178440,5.00e-05,27682.04,26767360,N/A,2025-07-14 12:18:00
6535,2.310472,2.967500,25.178440,5.00e-05,27656.60,26771456,N/A,2025-07-14 12:18:01
6536,3.064679,2.967500,25.178440,5.00e-05,27467.93,26775552,N/A,2025-07-14 12:18:01
6537,1.643417,2.967500,25.178440,5.00e-05,27537.83,26779648,N/A,2025-07-14 12:18:01
6538,1.046921,2.967500,25.178440,5.00e-05,27677.51,26783744,N/A,2025-07-14 12:18:01
6539,3.077049,2.967500,25.178440,5.00e-05,28269.30,26787840,N/A,2025-07-14 12:18:01
6540,2.912780,2.967500,25.178440,5.00e-05,27511.45,26791936,1.0000,2025-07-14 12:18:01
6541,3.121293,2.967500,25.178440,5.00e-05,27435.60,26796032,N/A,2025-07-14 12:18:02
6542,4.514849,2.967500,25.178440,5.00e-05,26920.54,26800128,N/A,2025-07-14 12:18:02
6543,3.171017,2.967500,25.178440,5.00e-05,26866.39,26804224,N/A,2025-07-14 12:18:02
6544,3.421445,2.967500,25.178440,5.00e-05,26886.32,26808320,N/A,2025-07-14 12:18:02
6545,2.843899,2.967500,25.178440,5.00e-05,27061.86,26812416,N/A,2025-07-14 12:18:02
6546,2.845198,2.967500,25.178440,5.00e-05,27009.64,26816512,N/A,2025-07-14 12:18:02
6547,3.498235,2.967500,25.178440,5.00e-05,27048.00,26820608,N/A,2025-07-14 12:18:03
6548,2.243510,2.967500,25.178440,5.00e-05,27042.91,26824704,N/A,2025-07-14 12:18:03
6549,3.535483,2.967500,25.178440,5.00e-05,27805.73,26828800,N/A,2025-07-14 12:18:03
6550,2.747108,2.967500,25.178440,5.00e-05,26973.47,26832896,1.0000,2025-07-14 12:18:03
6551,2.767256,2.967500,25.178440,5.00e-05,27471.47,26836992,N/A,2025-07-14 12:18:03
6552,2.063792,2.967500,25.178440,5.00e-05,27477.08,26841088,N/A,2025-07-14 12:18:03
6553,3.215528,2.967500,25.178440,5.00e-05,27388.22,26845184,N/A,2025-07-14 12:18:04
6554,2.513761,2.967500,25.178440,5.00e-05,27317.25,26849280,N/A,2025-07-14 12:18:04
6555,3.017093,2.967500,25.178440,5.00e-05,26919.02,26853376,N/A,2025-07-14 12:18:04
6556,3.085380,2.967500,25.178440,5.00e-05,26807.23,26857472,N/A,2025-07-14 12:18:04
6557,3.233111,2.967500,25.178440,5.00e-05,26827.95,26861568,N/A,2025-07-14 12:18:04
6558,1.774094,2.967500,25.178440,5.00e-05,26458.64,26865664,N/A,2025-07-14 12:18:04
6559,2.800598,2.967500,25.178440,5.00e-05,27295.37,26869760,N/A,2025-07-14 12:18:05
6560,3.335083,2.967500,25.178440,5.00e-05,26740.63,26873856,1.0000,2025-07-14 12:18:05
6561,2.858110,2.967500,25.178440,5.00e-05,26745.54,26877952,N/A,2025-07-14 12:18:05
6562,3.814187,2.967500,25.178440,5.00e-05,26755.03,26882048,N/A,2025-07-14 12:18:05
6563,2.782106,2.967500,25.178440,5.00e-05,26526.51,26886144,N/A,2025-07-14 12:18:05
6564,2.577374,2.967500,25.178440,5.00e-05,26866.16,26890240,N/A,2025-07-14 12:18:05
6565,2.424078,2.967500,25.178440,5.00e-05,26857.88,26894336,N/A,2025-07-14 12:18:06
6566,3.020980,2.967500,25.178440,5.00e-05,26859.72,26898432,N/A,2025-07-14 12:18:06
6567,3.211025,2.967500,25.178440,5.00e-05,27153.85,26902528,N/A,2025-07-14 12:18:06
6568,2.747300,2.967500,25.178440,5.00e-05,27121.91,26906624,N/A,2025-07-14 12:18:06
6569,2.437563,2.967500,25.178440,5.00e-05,27678.51,26910720,N/A,2025-07-14 12:18:06
6570,1.547750,2.967500,25.178440,5.00e-05,26760.66,26914816,1.0000,2025-07-14 12:18:06
6571,3.037790,2.967500,25.178440,5.00e-05,26754.79,26918912,N/A,2025-07-14 12:18:07
6572,1.442417,2.967500,25.178440,5.00e-05,26747.07,26923008,N/A,2025-07-14 12:18:07
6573,2.690539,2.967500,25.178440,5.00e-05,26834.54,26927104,N/A,2025-07-14 12:18:07
6574,3.296381,2.967500,25.178440,5.00e-05,26788.47,26931200,N/A,2025-07-14 12:18:07
6575,3.331541,2.967500,25.178440,5.00e-05,26815.86,26935296,N/A,2025-07-14 12:18:07
6576,3.792465,2.967500,25.178440,5.00e-05,26763.39,26939392,N/A,2025-07-14 12:18:07
6577,3.892735,2.967500,25.178440,5.00e-05,26789.21,26943488,N/A,2025-07-14 12:18:08
6578,4.179610,2.967500,25.178440,5.00e-05,26834.07,26947584,N/A,2025-07-14 12:18:08
6579,1.429254,2.967500,25.178440,5.00e-05,27542.85,26951680,N/A,2025-07-14 12:18:08
6580,2.197514,2.967500,25.178440,5.00e-05,26948.09,26955776,1.0000,2025-07-14 12:18:08
6581,3.423983,2.967500,25.178440,5.00e-05,27208.59,26959872,N/A,2025-07-14 12:18:08
6582,2.293689,2.967500,25.178440,5.00e-05,27117.75,26963968,N/A,2025-07-14 12:18:08
6583,3.945019,2.967500,25.178440,5.00e-05,27262.81,26968064,N/A,2025-07-14 12:18:09
6584,3.550651,2.967500,25.178440,5.00e-05,27311.27,26972160,N/A,2025-07-14 12:18:09
6585,3.523010,2.967500,25.178440,5.00e-05,27431.67,26976256,N/A,2025-07-14 12:18:09
6586,1.694629,2.967500,25.178440,5.00e-05,27261.26,26980352,N/A,2025-07-14 12:18:09
6587,3.346901,2.967500,25.178440,5.00e-05,27278.40,26984448,N/A,2025-07-14 12:18:09
6588,2.518154,2.967500,25.178440,5.00e-05,27500.66,26988544,N/A,2025-07-14 12:18:09
6589,3.085604,2.967500,25.178440,5.00e-05,27899.96,26992640,N/A,2025-07-14 12:18:10
6590,2.355030,2.967500,25.178440,5.00e-05,27095.38,26996736,1.0000,2025-07-14 12:18:10
6591,2.158326,2.967500,25.178440,5.00e-05,27137.60,27000832,N/A,2025-07-14 12:18:10
6592,2.263041,2.967500,25.178440,5.00e-05,27142.99,27004928,N/A,2025-07-14 12:18:10
6593,1.220817,2.967500,25.178440,5.00e-05,26807.19,27009024,N/A,2025-07-14 12:18:10
6594,3.738002,2.967500,25.178440,5.00e-05,26790.45,27013120,N/A,2025-07-14 12:18:11
6595,4.059797,2.967500,25.178440,5.00e-05,26883.53,27017216,N/A,2025-07-14 12:18:11
6596,2.763000,2.967500,25.178440,5.00e-05,26860.57,27021312,N/A,2025-07-14 12:18:11
6597,2.004633,2.967500,25.178440,5.00e-05,26839.27,27025408,N/A,2025-07-14 12:18:11
6598,3.012982,2.967500,25.178440,5.00e-05,27037.12,27029504,N/A,2025-07-14 12:18:11
6599,2.235274,2.967500,25.178440,5.00e-05,27851.06,27033600,N/A,2025-07-14 12:18:11
6600,2.611195,2.967500,25.178440,5.00e-05,26677.05,27037696,1.0000,2025-07-14 12:18:12
6601,3.022162,2.967500,25.178440,5.00e-05,21074.55,27041792,N/A,2025-07-14 12:18:12
6602,3.299374,2.967500,25.178440,5.00e-05,21176.64,27045888,N/A,2025-07-14 12:18:12
6603,1.901664,2.967500,25.178440,5.00e-05,21198.84,27049984,N/A,2025-07-14 12:18:12
6604,3.701124,2.967500,25.178440,5.00e-05,21258.55,27054080,N/A,2025-07-14 12:18:13
6605,3.272571,2.967500,25.178440,5.00e-05,21232.48,27058176,N/A,2025-07-14 12:18:13
6606,4.484788,2.967500,25.178440,5.00e-05,21207.25,27062272,N/A,2025-07-14 12:18:13
6607,3.086353,2.967500,25.178440,5.00e-05,21136.70,27066368,N/A,2025-07-14 12:18:13
6608,3.634352,2.967500,25.178440,5.00e-05,21179.21,27070464,N/A,2025-07-14 12:18:13
6609,2.774880,2.967500,25.178440,5.00e-05,21883.44,27074560,N/A,2025-07-14 12:18:13
6610,2.972491,2.967500,25.178440,5.00e-05,27217.89,27078656,1.0000,2025-07-14 12:18:14
6611,2.926196,2.967500,25.178440,5.00e-05,27347.20,27082752,N/A,2025-07-14 12:18:14
6612,2.762616,2.967500,25.178440,5.00e-05,27293.52,27086848,N/A,2025-07-14 12:18:14
6613,1.767124,2.967500,25.178440,5.00e-05,27216.01,27090944,N/A,2025-07-14 12:18:14
6614,2.774657,2.967500,25.178440,5.00e-05,27253.86,27095040,N/A,2025-07-14 12:18:14
6615,3.081721,2.967500,25.178440,5.00e-05,26976.22,27099136,N/A,2025-07-14 12:18:14
6616,3.614526,2.967500,25.178440,5.00e-05,26968.15,27103232,N/A,2025-07-14 12:18:15
6617,2.384918,2.967500,25.178440,5.00e-05,26989.55,27107328,N/A,2025-07-14 12:18:15
6618,3.479365,2.967500,25.178440,5.00e-05,27013.90,27111424,N/A,2025-07-14 12:18:15
6619,3.029519,2.967500,25.178440,5.00e-05,27615.13,27115520,N/A,2025-07-14 12:18:15
6620,1.586582,2.967500,25.178440,5.00e-05,26937.25,27119616,1.0000,2025-07-14 12:18:15
6621,2.107293,2.967500,25.178440,5.00e-05,26973.95,27123712,N/A,2025-07-14 12:18:15
6622,3.563023,2.967500,25.178440,5.00e-05,27047.70,27127808,N/A,2025-07-14 12:18:16
6623,3.585307,2.967500,25.178440,5.00e-05,27071.01,27131904,N/A,2025-07-14 12:18:16
6624,1.516448,2.967500,25.178440,5.00e-05,27377.22,27136000,N/A,2025-07-14 12:18:16
6625,3.168504,2.967500,25.178440,5.00e-05,27022.00,27140096,N/A,2025-07-14 12:18:16
6626,2.402733,2.967500,25.178440,5.00e-05,27001.48,27144192,N/A,2025-07-14 12:18:16
6627,3.354093,2.967500,25.178440,5.00e-05,26609.70,27148288,N/A,2025-07-14 12:18:16
6628,2.499870,2.967500,25.178440,5.00e-05,26797.83,27152384,N/A,2025-07-14 12:18:17
6629,2.796087,2.967500,25.178440,5.00e-05,27463.10,27156480,N/A,2025-07-14 12:18:17
6630,2.558957,2.967500,25.178440,5.00e-05,26541.23,27160576,1.0000,2025-07-14 12:18:17
6631,2.831284,2.967500,25.178440,5.00e-05,26017.37,27164672,N/A,2025-07-14 12:18:17
6632,2.452486,2.967500,25.178440,5.00e-05,25942.55,27168768,N/A,2025-07-14 12:18:17
6633,1.825739,2.967500,25.178440,5.00e-05,25872.05,27172864,N/A,2025-07-14 12:18:18
6634,3.729628,2.967500,25.178440,5.00e-05,26344.71,27176960,N/A,2025-07-14 12:18:18
6635,3.231473,2.967500,25.178440,5.00e-05,26114.72,27181056,N/A,2025-07-14 12:18:18
6636,3.281843,2.967500,25.178440,5.00e-05,26400.47,27185152,N/A,2025-07-14 12:18:18
6637,3.541192,2.967500,25.178440,5.00e-05,26307.18,27189248,N/A,2025-07-14 12:18:18
6638,3.342021,2.967500,25.178440,5.00e-05,26090.85,27193344,N/A,2025-07-14 12:18:18
6639,3.106357,2.967500,25.178440,5.00e-05,26766.55,27197440,N/A,2025-07-14 12:18:19
6640,2.607206,2.967500,25.178440,5.00e-05,26439.57,27201536,1.0000,2025-07-14 12:18:19
6641,2.249396,2.967500,25.178440,5.00e-05,26493.13,27205632,N/A,2025-07-14 12:18:19
6642,3.032417,2.967500,25.178440,5.00e-05,26575.19,27209728,N/A,2025-07-14 12:18:19
6643,3.244957,2.967500,25.178440,5.00e-05,26544.24,27213824,N/A,2025-07-14 12:18:19
6644,2.520303,2.967500,25.178440,5.00e-05,26719.91,27217920,N/A,2025-07-14 12:18:19
6645,2.934268,2.967500,25.178440,5.00e-05,26822.43,27222016,N/A,2025-07-14 12:18:20
6646,2.456813,2.967500,25.178440,5.00e-05,26843.08,27226112,N/A,2025-07-14 12:18:20
6647,2.793499,2.967500,25.178440,5.00e-05,27061.27,27230208,N/A,2025-07-14 12:18:20
6648,2.614591,2.967500,25.178440,5.00e-05,27285.89,27234304,N/A,2025-07-14 12:18:20
6649,4.276524,2.967500,25.178440,5.00e-05,28110.26,27238400,N/A,2025-07-14 12:18:20
6650,2.906331,2.967500,25.178440,5.00e-05,27485.36,27242496,1.0000,2025-07-14 12:18:20
6651,2.563150,2.967500,25.178440,5.00e-05,26802.09,27246592,N/A,2025-07-14 12:18:21
6652,1.951190,2.967500,25.178440,5.00e-05,26838.79,27250688,N/A,2025-07-14 12:18:21
6653,3.806159,2.967500,25.178440,5.00e-05,26675.46,27254784,N/A,2025-07-14 12:18:21
6654,3.135322,2.967500,25.178440,5.00e-05,26692.03,27258880,N/A,2025-07-14 12:18:21
6655,3.467454,2.967500,25.178440,5.00e-05,26690.10,27262976,N/A,2025-07-14 12:18:21
6656,3.169381,2.967500,25.178440,5.00e-05,26666.90,27267072,N/A,2025-07-14 12:18:21
6657,3.249975,2.967500,25.178440,5.00e-05,26633.56,27271168,N/A,2025-07-14 12:18:22
6658,3.415216,2.967500,25.178440,5.00e-05,26770.70,27275264,N/A,2025-07-14 12:18:22
6659,2.288494,2.967500,25.178440,5.00e-05,27186.50,27279360,N/A,2025-07-14 12:18:22
6660,2.052161,2.967500,25.178440,5.00e-05,27220.63,27283456,1.0000,2025-07-14 12:18:22
6661,3.612253,2.967500,25.178440,5.00e-05,27144.10,27287552,N/A,2025-07-14 12:18:22
6662,2.693675,2.967500,25.178440,5.00e-05,27328.97,27291648,N/A,2025-07-14 12:18:22
6663,2.967329,2.967500,25.178440,5.00e-05,27275.50,27295744,N/A,2025-07-14 12:18:23
6664,2.475875,2.967500,25.178440,5.00e-05,27294.01,27299840,N/A,2025-07-14 12:18:23
6665,3.613832,2.967500,25.178440,5.00e-05,27346.43,27303936,N/A,2025-07-14 12:18:23
6666,1.774039,2.967500,25.178440,5.00e-05,26922.85,27308032,N/A,2025-07-14 12:18:23
6667,2.844044,2.967500,25.178440,5.00e-05,26895.52,27312128,N/A,2025-07-14 12:18:23
6668,3.595670,2.967500,25.178440,5.00e-05,27102.84,27316224,N/A,2025-07-14 12:18:23
6669,2.241598,2.967500,25.178440,5.00e-05,27728.27,27320320,N/A,2025-07-14 12:18:24
6670,3.811792,2.967500,25.178440,5.00e-05,27158.11,27324416,1.0000,2025-07-14 12:18:24
6671,3.443467,2.967500,25.178440,5.00e-05,27162.94,27328512,N/A,2025-07-14 12:18:24
6672,2.466119,2.967500,25.178440,5.00e-05,27031.08,27332608,N/A,2025-07-14 12:18:24
6673,2.401833,2.967500,25.178440,5.00e-05,27048.74,27336704,N/A,2025-07-14 12:18:24
6674,2.587165,2.967500,25.178440,5.00e-05,27057.86,27340800,N/A,2025-07-14 12:18:24
6675,2.815042,2.967500,25.178440,5.00e-05,27552.59,27344896,N/A,2025-07-14 12:18:25
6676,2.519624,2.967500,25.178440,5.00e-05,27319.09,27348992,N/A,2025-07-14 12:18:25
6677,2.958987,2.967500,25.178440,5.00e-05,27128.51,27353088,N/A,2025-07-14 12:18:25
6678,3.826672,2.967500,25.178440,5.00e-05,27205.88,27357184,N/A,2025-07-14 12:18:25
6679,3.556577,2.967500,25.178440,5.00e-05,27822.35,27361280,N/A,2025-07-14 12:18:25
6680,3.509776,2.967500,25.178440,5.00e-05,27000.49,27365376,1.0000,2025-07-14 12:18:25
6681,4.364330,2.967500,25.178440,5.00e-05,27202.19,27369472,N/A,2025-07-14 12:18:26
6682,2.183550,2.967500,25.178440,5.00e-05,27212.66,27373568,N/A,2025-07-14 12:18:26
6683,2.140393,2.967500,25.178440,5.00e-05,27041.38,27377664,N/A,2025-07-14 12:18:26
6684,2.593150,2.967500,25.178440,5.00e-05,27006.95,27381760,N/A,2025-07-14 12:18:26
6685,3.575969,2.967500,25.178440,5.00e-05,27221.98,27385856,N/A,2025-07-14 12:18:26
6686,2.664486,2.967500,25.178440,5.00e-05,27340.36,27389952,N/A,2025-07-14 12:18:26
6687,2.898519,2.967500,25.178440,5.00e-05,27303.57,27394048,N/A,2025-07-14 12:18:27
6688,2.999335,2.967500,25.178440,5.00e-05,27319.88,27398144,N/A,2025-07-14 12:18:27
6689,3.845944,2.967500,25.178440,5.00e-05,28021.19,27402240,N/A,2025-07-14 12:18:27
6690,3.569048,2.967500,25.178440,5.00e-05,27316.04,27406336,1.0000,2025-07-14 12:18:27
6691,2.591868,2.967500,25.178440,5.00e-05,27274.11,27410432,N/A,2025-07-14 12:18:27
6692,3.053081,2.967500,25.178440,5.00e-05,27403.07,27414528,N/A,2025-07-14 12:18:27
6693,2.236704,2.967500,25.178440,5.00e-05,27393.07,27418624,N/A,2025-07-14 12:18:28
6694,2.376043,2.967500,25.178440,5.00e-05,27372.25,27422720,N/A,2025-07-14 12:18:28
6695,4.001222,2.967500,25.178440,5.00e-05,27423.00,27426816,N/A,2025-07-14 12:18:28
6696,2.552563,2.967500,25.178440,5.00e-05,27369.18,27430912,N/A,2025-07-14 12:18:28
6697,2.786869,2.967500,25.178440,5.00e-05,27291.55,27435008,N/A,2025-07-14 12:18:28
6698,3.880198,2.967500,25.178440,5.00e-05,27420.84,27439104,N/A,2025-07-14 12:18:28
6699,3.448770,2.967500,25.178440,5.00e-05,28024.26,27443200,N/A,2025-07-14 12:18:29
6700,1.602368,2.967500,25.178440,5.00e-05,27367.31,27447296,1.0000,2025-07-14 12:18:29
6701,2.302309,2.967500,25.178440,5.00e-05,21497.30,27451392,N/A,2025-07-14 12:18:29
6702,2.099792,2.967500,25.178440,5.00e-05,21412.19,27455488,N/A,2025-07-14 12:18:29
6703,3.107236,2.967500,25.178440,5.00e-05,21414.15,27459584,N/A,2025-07-14 12:18:30
6704,3.233799,2.967500,25.178440,5.00e-05,21389.95,27463680,N/A,2025-07-14 12:18:30
6705,2.920540,2.967500,25.178440,5.00e-05,21408.64,27467776,N/A,2025-07-14 12:18:30
6706,3.066524,2.967500,25.178440,5.00e-05,21490.81,27471872,N/A,2025-07-14 12:18:30
6707,2.439315,2.967500,25.178440,5.00e-05,21481.20,27475968,N/A,2025-07-14 12:18:30
6708,3.262171,2.967500,25.178440,5.00e-05,21547.88,27480064,N/A,2025-07-14 12:18:30
6709,2.615916,2.967500,25.178440,5.00e-05,21861.20,27484160,N/A,2025-07-14 12:18:31
6710,3.457799,2.967500,25.178440,5.00e-05,27385.16,27488256,1.0000,2025-07-14 12:18:31
6711,2.554764,2.967500,25.178440,5.00e-05,27432.53,27492352,N/A,2025-07-14 12:18:31
6712,2.124042,2.967500,25.178440,5.00e-05,27483.03,27496448,N/A,2025-07-14 12:18:31
6713,3.198605,2.967500,25.178440,5.00e-05,27434.06,27500544,N/A,2025-07-14 12:18:31
6714,1.738278,2.967500,25.178440,5.00e-05,27447.24,27504640,N/A,2025-07-14 12:18:31
6715,2.508876,2.967500,25.178440,5.00e-05,27407.22,27508736,N/A,2025-07-14 12:18:32
6716,2.699624,2.967500,25.178440,5.00e-05,27392.55,27512832,N/A,2025-07-14 12:18:32
6717,2.957719,2.967500,25.178440,5.00e-05,26949.20,27516928,N/A,2025-07-14 12:18:32
6718,2.352858,2.967500,25.178440,5.00e-05,27112.40,27521024,N/A,2025-07-14 12:18:32
6719,3.246028,2.967500,25.178440,5.00e-05,27668.71,27525120,N/A,2025-07-14 12:18:32
6720,3.960545,2.967500,25.178440,5.00e-05,27123.76,27529216,1.0000,2025-07-14 12:18:33
6721,2.546363,2.967500,25.178440,5.00e-05,26905.18,27533312,N/A,2025-07-14 12:18:33
6722,3.317166,2.967500,25.178440,5.00e-05,26871.58,27537408,N/A,2025-07-14 12:18:33
6723,3.426905,2.967500,25.178440,5.00e-05,26891.42,27541504,N/A,2025-07-14 12:18:33
6724,2.593586,2.967500,25.178440,5.00e-05,26465.39,27545600,N/A,2025-07-14 12:18:33
6725,3.954906,2.967500,25.178440,5.00e-05,26468.66,27549696,N/A,2025-07-14 12:18:33
6726,2.808180,2.967500,25.178440,5.00e-05,26814.78,27553792,N/A,2025-07-14 12:18:34
6727,2.676637,2.967500,25.178440,5.00e-05,26554.53,27557888,N/A,2025-07-14 12:18:34
6728,1.276028,2.967500,25.178440,5.00e-05,26638.72,27561984,N/A,2025-07-14 12:18:34
6729,2.359930,2.967500,25.178440,5.00e-05,27300.69,27566080,N/A,2025-07-14 12:18:34
6730,3.268645,2.967500,25.178440,5.00e-05,26843.61,27570176,1.0000,2025-07-14 12:18:34
6731,2.545537,2.967500,25.178440,5.00e-05,26834.28,27574272,N/A,2025-07-14 12:18:34
6732,2.625358,2.967500,25.178440,5.00e-05,26655.37,27578368,N/A,2025-07-14 12:18:35
6733,1.177996,2.967500,25.178440,5.00e-05,26654.16,27582464,N/A,2025-07-14 12:18:35
6734,3.759195,2.967500,25.178440,5.00e-05,26712.99,27586560,N/A,2025-07-14 12:18:35
6735,3.404116,2.967500,25.178440,5.00e-05,26740.98,27590656,N/A,2025-07-14 12:18:35
6736,3.559436,2.967500,25.178440,5.00e-05,27034.22,27594752,N/A,2025-07-14 12:18:35
6737,2.382398,2.967500,25.178440,5.00e-05,26999.20,27598848,N/A,2025-07-14 12:18:35
6738,2.260464,2.967500,25.178440,5.00e-05,26534.90,27602944,N/A,2025-07-14 12:18:36
6739,2.163695,2.967500,25.178440,5.00e-05,27146.14,27607040,N/A,2025-07-14 12:18:36
6740,2.360380,2.967500,25.178440,5.00e-05,26678.80,27611136,1.0000,2025-07-14 12:18:36
6741,2.508949,2.967500,25.178440,5.00e-05,26883.91,27615232,N/A,2025-07-14 12:18:36
6742,1.934156,2.967500,25.178440,5.00e-05,27277.56,27619328,N/A,2025-07-14 12:18:36
6743,3.416964,2.967500,25.178440,5.00e-05,27241.00,27623424,N/A,2025-07-14 12:18:36
6744,2.017047,2.967500,25.178440,5.00e-05,27249.68,27627520,N/A,2025-07-14 12:18:37
6745,2.927768,2.967500,25.178440,5.00e-05,26810.95,27631616,N/A,2025-07-14 12:18:37
6746,2.009619,2.967500,25.178440,5.00e-05,26792.66,27635712,N/A,2025-07-14 12:18:37
6747,4.055388,2.967500,25.178440,5.00e-05,27246.68,27639808,N/A,2025-07-14 12:18:37
6748,3.840286,2.967500,25.178440,5.00e-05,27265.28,27643904,N/A,2025-07-14 12:18:37
6749,2.602736,2.967500,25.178440,5.00e-05,27881.06,27648000,N/A,2025-07-14 12:18:37
6750,3.444122,2.967500,25.178440,5.00e-05,27188.26,27652096,1.0000,2025-07-14 12:18:38
6751,4.309555,2.967500,25.178440,5.00e-05,26928.61,27656192,N/A,2025-07-14 12:18:38
6752,3.056960,2.967500,25.178440,5.00e-05,26813.04,27660288,N/A,2025-07-14 12:18:38
6753,2.620574,2.967500,25.178440,5.00e-05,26847.85,27664384,N/A,2025-07-14 12:18:38
6754,2.953723,2.967500,25.178440,5.00e-05,27267.84,27668480,N/A,2025-07-14 12:18:38
6755,3.216745,2.967500,25.178440,5.00e-05,27229.43,27672576,N/A,2025-07-14 12:18:38
6756,3.403752,2.967500,25.178440,5.00e-05,26922.03,27676672,N/A,2025-07-14 12:18:39
6757,1.903083,2.967500,25.178440,5.00e-05,26467.53,27680768,N/A,2025-07-14 12:18:39
6758,2.878337,2.967500,25.178440,5.00e-05,26445.39,27684864,N/A,2025-07-14 12:18:39
6759,3.112195,2.967500,25.178440,5.00e-05,26832.09,27688960,N/A,2025-07-14 12:18:39
6760,1.221378,2.967500,25.178440,5.00e-05,26255.40,27693056,1.0000,2025-07-14 12:18:39
6761,2.546891,2.967500,25.178440,5.00e-05,26376.89,27697152,N/A,2025-07-14 12:18:39
6762,1.632047,2.967500,25.178440,5.00e-05,26371.22,27701248,N/A,2025-07-14 12:18:40
6763,3.470794,2.967500,25.178440,5.00e-05,26332.45,27705344,N/A,2025-07-14 12:18:40
6764,4.255917,2.967500,25.178440,5.00e-05,26003.17,27709440,N/A,2025-07-14 12:18:40
6765,2.213663,2.967500,25.178440,5.00e-05,25866.00,27713536,N/A,2025-07-14 12:18:40
6766,3.193360,2.967500,25.178440,5.00e-05,26277.38,27717632,N/A,2025-07-14 12:18:40
6767,2.430705,2.967500,25.178440,5.00e-05,26180.09,27721728,N/A,2025-07-14 12:18:40
6768,1.371106,2.967500,25.178440,5.00e-05,26404.72,27725824,N/A,2025-07-14 12:18:41
6769,4.001164,2.967500,25.178440,5.00e-05,27263.05,27729920,N/A,2025-07-14 12:18:41
6770,2.759019,2.967500,25.178440,5.00e-05,26639.15,27734016,1.0000,2025-07-14 12:18:41
6771,1.801897,2.967500,25.178440,5.00e-05,26552.94,27738112,N/A,2025-07-14 12:18:41
6772,2.687204,2.967500,25.178440,5.00e-05,26602.75,27742208,N/A,2025-07-14 12:18:41
6773,2.895726,2.967500,25.178440,5.00e-05,27055.47,27746304,N/A,2025-07-14 12:18:41
6774,3.490033,2.967500,25.178440,5.00e-05,27305.14,27750400,N/A,2025-07-14 12:18:42
6775,1.983563,2.967500,25.178440,5.00e-05,27298.22,27754496,N/A,2025-07-14 12:18:42
6776,2.271507,2.967500,25.178440,5.00e-05,26968.33,27758592,N/A,2025-07-14 12:18:42
6777,3.277144,2.967500,25.178440,5.00e-05,26980.78,27762688,N/A,2025-07-14 12:18:42
6778,3.546175,2.967500,25.178440,5.00e-05,26986.50,27766784,N/A,2025-07-14 12:18:42
6779,3.194193,2.967500,25.178440,5.00e-05,27601.94,27770880,N/A,2025-07-14 12:18:42
6780,2.428980,2.967500,25.178440,5.00e-05,27068.04,27774976,1.0000,2025-07-14 12:18:43
6781,3.167311,2.967500,25.178440,5.00e-05,27069.48,27779072,N/A,2025-07-14 12:18:43
6782,2.331095,2.967500,25.178440,5.00e-05,26877.14,27783168,N/A,2025-07-14 12:18:43
6783,2.155518,2.967500,25.178440,5.00e-05,27020.45,27787264,N/A,2025-07-14 12:18:43
6784,2.502665,2.967500,25.178440,5.00e-05,26979.16,27791360,N/A,2025-07-14 12:18:43
6785,1.297875,2.967500,25.178440,5.00e-05,27395.50,27795456,N/A,2025-07-14 12:18:43
6786,2.976663,2.967500,25.178440,5.00e-05,27287.34,27799552,N/A,2025-07-14 12:18:44
6787,2.520137,2.967500,25.178440,5.00e-05,27341.19,27803648,N/A,2025-07-14 12:18:44
6788,3.753883,2.967500,25.178440,5.00e-05,27312.97,27807744,N/A,2025-07-14 12:18:44
6789,2.730444,2.967500,25.178440,5.00e-05,27873.24,27811840,N/A,2025-07-14 12:18:44
6790,3.415293,2.967500,25.178440,5.00e-05,26922.64,27815936,1.0000,2025-07-14 12:18:44
6791,3.768859,2.967500,25.178440,5.00e-05,27092.47,27820032,N/A,2025-07-14 12:18:45
6792,2.563838,2.967500,25.178440,5.00e-05,27091.90,27824128,N/A,2025-07-14 12:18:45
6793,2.026237,2.967500,25.178440,5.00e-05,27179.90,27828224,N/A,2025-07-14 12:18:45
6794,3.155718,2.967500,25.178440,5.00e-05,27272.87,27832320,N/A,2025-07-14 12:18:45
6795,2.177928,2.967500,25.178440,5.00e-05,27322.84,27836416,N/A,2025-07-14 12:18:45
6796,3.706655,2.967500,25.178440,5.00e-05,27007.85,27840512,N/A,2025-07-14 12:18:45
6797,2.811488,2.967500,25.178440,5.00e-05,27101.19,27844608,N/A,2025-07-14 12:18:45
6798,3.120990,2.967500,25.178440,5.00e-05,27121.08,27848704,N/A,2025-07-14 12:18:46
6799,3.808134,2.967500,25.178440,5.00e-05,28049.50,27852800,N/A,2025-07-14 12:18:46
6800,2.888108,2.967500,25.178440,5.00e-05,27314.52,27856896,1.0000,2025-07-14 12:18:46
6801,2.136281,2.967500,25.178440,5.00e-05,21226.49,27860992,N/A,2025-07-14 12:18:47
6802,1.434411,2.967500,25.178440,5.00e-05,21143.07,27865088,N/A,2025-07-14 12:18:47
6803,2.636956,2.967500,25.178440,5.00e-05,21075.21,27869184,N/A,2025-07-14 12:18:47
6804,3.391365,2.967500,25.178440,5.00e-05,21091.13,27873280,N/A,2025-07-14 12:18:47
6805,1.529686,2.967500,25.178440,5.00e-05,21274.08,27877376,N/A,2025-07-14 12:18:47
6806,1.553043,2.967500,25.178440,5.00e-05,21216.24,27881472,N/A,2025-07-14 12:18:47
6807,2.382496,2.967500,25.178440,5.00e-05,21172.31,27885568,N/A,2025-07-14 12:18:48
6808,2.292505,2.967500,25.178440,5.00e-05,21072.00,27889664,N/A,2025-07-14 12:18:48
6809,3.221618,2.967500,25.178440,5.00e-05,21357.83,27893760,N/A,2025-07-14 12:18:48
6810,1.927054,2.967500,25.178440,5.00e-05,26854.72,27897856,1.0000,2025-07-14 12:18:48
6811,2.388942,2.967500,25.178440,5.00e-05,27009.95,27901952,N/A,2025-07-14 12:18:48
6812,2.346330,2.967500,25.178440,5.00e-05,27055.24,27906048,N/A,2025-07-14 12:18:48
6813,2.731559,2.967500,25.178440,5.00e-05,26939.97,27910144,N/A,2025-07-14 12:18:49
6814,2.885140,2.967500,25.178440,5.00e-05,26939.07,27914240,N/A,2025-07-14 12:18:49
6815,3.205161,2.967500,25.178440,5.00e-05,26992.33,27918336,N/A,2025-07-14 12:18:49
6816,3.915164,2.967500,25.178440,5.00e-05,27103.90,27922432,N/A,2025-07-14 12:18:49
6817,2.268412,2.967500,25.178440,5.00e-05,27250.85,27926528,N/A,2025-07-14 12:18:49
6818,1.690235,2.967500,25.178440,5.00e-05,27468.11,27930624,N/A,2025-07-14 12:18:49
6819,3.575422,2.967500,25.178440,5.00e-05,28176.94,27934720,N/A,2025-07-14 12:18:50
6820,2.164304,2.967500,25.178440,5.00e-05,27503.29,27938816,1.0000,2025-07-14 12:18:50
6821,3.147983,2.967500,25.178440,5.00e-05,27557.66,27942912,N/A,2025-07-14 12:18:50
6822,1.924642,2.967500,25.178440,5.00e-05,27759.20,27947008,N/A,2025-07-14 12:18:50
6823,2.633502,2.967500,25.178440,5.00e-05,27624.00,27951104,N/A,2025-07-14 12:18:50
6824,1.998216,2.967500,25.178440,5.00e-05,27651.79,27955200,N/A,2025-07-14 12:18:50
6825,2.568559,2.967500,25.178440,5.00e-05,27702.06,27959296,N/A,2025-07-14 12:18:51
6826,2.677102,2.967500,25.178440,5.00e-05,27697.84,27963392,N/A,2025-07-14 12:18:51
6827,3.980383,2.967500,25.178440,5.00e-05,27340.31,27967488,N/A,2025-07-14 12:18:51
6828,2.866301,2.967500,25.178440,5.00e-05,27453.55,27971584,N/A,2025-07-14 12:18:51
6829,2.464730,2.967500,25.178440,5.00e-05,28038.68,27975680,N/A,2025-07-14 12:18:51
6830,3.607251,2.967500,25.178440,5.00e-05,27390.55,27979776,1.0000,2025-07-14 12:18:51
6831,2.629047,2.967500,25.178440,5.00e-05,27149.98,27983872,N/A,2025-07-14 12:18:52
6832,2.360571,2.967500,25.178440,5.00e-05,27273.17,27987968,N/A,2025-07-14 12:18:52
6833,3.350220,2.967500,25.178440,5.00e-05,27284.24,27992064,N/A,2025-07-14 12:18:52
6834,2.032784,2.967500,25.178440,5.00e-05,27291.30,27996160,N/A,2025-07-14 12:18:52
6835,2.873301,2.967500,25.178440,5.00e-05,27360.37,28000256,N/A,2025-07-14 12:18:52
6836,2.538688,2.967500,25.178440,5.00e-05,27692.60,28004352,N/A,2025-07-14 12:18:52
6837,1.853085,2.967500,25.178440,5.00e-05,27655.70,28008448,N/A,2025-07-14 12:18:53
6838,2.555080,2.967500,25.178440,5.00e-05,27723.10,28012544,N/A,2025-07-14 12:18:53
6839,1.569524,2.967500,25.178440,5.00e-05,28364.35,28016640,N/A,2025-07-14 12:18:53
6840,1.419965,2.967500,25.178440,5.00e-05,27945.89,28020736,1.0000,2025-07-14 12:18:53
6841,3.042472,2.967500,25.178440,5.00e-05,27979.32,28024832,N/A,2025-07-14 12:18:53
6842,2.911321,2.967500,25.178440,5.00e-05,27848.15,28028928,N/A,2025-07-14 12:18:53
6843,3.094432,2.967500,25.178440,5.00e-05,27289.89,28033024,N/A,2025-07-14 12:18:54
6844,3.190814,2.967500,25.178440,5.00e-05,27267.79,28037120,N/A,2025-07-14 12:18:54
6845,1.883833,2.967500,25.178440,5.00e-05,27312.44,28041216,N/A,2025-07-14 12:18:54
6846,1.958966,2.967500,25.178440,5.00e-05,27309.71,28045312,N/A,2025-07-14 12:18:54
6847,2.382304,2.967500,25.178440,5.00e-05,27306.86,28049408,N/A,2025-07-14 12:18:54
6848,3.422710,2.967500,25.178440,5.00e-05,27244.42,28053504,N/A,2025-07-14 12:18:54
6849,3.391591,2.967500,25.178440,5.00e-05,27814.24,28057600,N/A,2025-07-14 12:18:55
6850,1.342264,2.967500,25.178440,5.00e-05,27147.41,28061696,1.0000,2025-07-14 12:18:55
6851,2.335956,2.967500,25.178440,5.00e-05,26843.03,28065792,N/A,2025-07-14 12:18:55
6852,3.353276,2.967500,25.178440,5.00e-05,27389.85,28069888,N/A,2025-07-14 12:18:55
6853,2.143730,2.967500,25.178440,5.00e-05,27405.25,28073984,N/A,2025-07-14 12:18:55
6854,3.662654,2.967500,25.178440,5.00e-05,27258.94,28078080,N/A,2025-07-14 12:18:55
6855,4.202550,2.967500,25.178440,5.00e-05,27266.73,28082176,N/A,2025-07-14 12:18:56
6856,3.086817,2.967500,25.178440,5.00e-05,27301.43,28086272,N/A,2025-07-14 12:18:56
6857,2.380746,2.967500,25.178440,5.00e-05,27369.77,28090368,N/A,2025-07-14 12:18:56
6858,1.271425,2.967500,25.178440,5.00e-05,27333.98,28094464,N/A,2025-07-14 12:18:56
6859,2.821223,2.967500,25.178440,5.00e-05,27441.84,28098560,N/A,2025-07-14 12:18:56
6860,3.161350,2.967500,25.178440,5.00e-05,27195.36,28102656,1.0000,2025-07-14 12:18:56
6861,3.289034,2.967500,25.178440,5.00e-05,27172.12,28106752,N/A,2025-07-14 12:18:57
6862,1.934184,2.967500,25.178440,5.00e-05,27165.43,28110848,N/A,2025-07-14 12:18:57
6863,2.230557,2.967500,25.178440,5.00e-05,26803.14,28114944,N/A,2025-07-14 12:18:57
6864,3.128939,2.967500,25.178440,5.00e-05,26572.44,28119040,N/A,2025-07-14 12:18:57
6865,3.073941,2.967500,25.178440,5.00e-05,26535.06,28123136,N/A,2025-07-14 12:18:57
6866,2.554704,2.967500,25.178440,5.00e-05,26575.24,28127232,N/A,2025-07-14 12:18:57
6867,2.921617,2.967500,25.178440,5.00e-05,26657.17,28131328,N/A,2025-07-14 12:18:58
6868,2.392405,2.967500,25.178440,5.00e-05,27147.23,28135424,N/A,2025-07-14 12:18:58
6869,3.089591,2.967500,25.178440,5.00e-05,27230.34,28139520,N/A,2025-07-14 12:18:58
6870,1.711025,2.967500,25.178440,5.00e-05,26548.75,28143616,1.0000,2025-07-14 12:18:58
6871,2.232531,2.967500,25.178440,5.00e-05,26316.78,28147712,N/A,2025-07-14 12:18:58
6872,2.709562,2.967500,25.178440,5.00e-05,26603.97,28151808,N/A,2025-07-14 12:18:58
6873,2.392057,2.967500,25.178440,5.00e-05,26854.55,28155904,N/A,2025-07-14 12:18:59
6874,1.486295,2.967500,25.178440,5.00e-05,26817.75,28160000,N/A,2025-07-14 12:18:59
6875,2.714723,2.967500,25.178440,5.00e-05,26788.45,28164096,N/A,2025-07-14 12:18:59
6876,2.904352,2.967500,25.178440,5.00e-05,26721.49,28168192,N/A,2025-07-14 12:18:59
6877,3.283040,2.967500,25.178440,5.00e-05,26492.78,28172288,N/A,2025-07-14 12:18:59
6878,1.977133,2.967500,25.178440,5.00e-05,27042.06,28176384,N/A,2025-07-14 12:18:59
6879,2.744149,2.967500,25.178440,5.00e-05,27527.03,28180480,N/A,2025-07-14 12:19:00
6880,2.574577,2.967500,25.178440,5.00e-05,27142.97,28184576,1.0000,2025-07-14 12:19:00
6881,2.523835,2.967500,25.178440,5.00e-05,27008.84,28188672,N/A,2025-07-14 12:19:00
6882,1.954662,2.967500,25.178440,5.00e-05,26634.97,28192768,N/A,2025-07-14 12:19:00
6883,2.038626,2.967500,25.178440,5.00e-05,26221.16,28196864,N/A,2025-07-14 12:19:00
6884,2.296049,2.967500,25.178440,5.00e-05,25752.19,28200960,N/A,2025-07-14 12:19:01
6885,2.253366,2.967500,25.178440,5.00e-05,25816.97,28205056,N/A,2025-07-14 12:19:01
6886,1.819084,2.967500,25.178440,5.00e-05,26050.49,28209152,N/A,2025-07-14 12:19:01
6887,2.036964,2.967500,25.178440,5.00e-05,26046.29,28213248,N/A,2025-07-14 12:19:01
6888,3.287426,2.967500,25.178440,5.00e-05,26240.86,28217344,N/A,2025-07-14 12:19:01
6889,2.470774,2.967500,25.178440,5.00e-05,26821.85,28221440,N/A,2025-07-14 12:19:01
6890,3.592288,2.967500,25.178440,5.00e-05,26535.28,28225536,1.0000,2025-07-14 12:19:02
6891,2.301969,2.967500,25.178440,5.00e-05,26853.65,28229632,N/A,2025-07-14 12:19:02
6892,2.574214,2.967500,25.178440,5.00e-05,27154.34,28233728,N/A,2025-07-14 12:19:02
6893,3.657750,2.967500,25.178440,5.00e-05,27691.47,28237824,N/A,2025-07-14 12:19:02
6894,3.065878,2.967500,25.178440,5.00e-05,27670.37,28241920,N/A,2025-07-14 12:19:02
6895,3.123298,2.967500,25.178440,5.00e-05,27677.28,28246016,N/A,2025-07-14 12:19:02
6896,3.156709,2.967500,25.178440,5.00e-05,27673.66,28250112,N/A,2025-07-14 12:19:03
6897,1.936884,2.967500,25.178440,5.00e-05,27695.53,28254208,N/A,2025-07-14 12:19:03
6898,1.319416,2.967500,25.178440,5.00e-05,27688.69,28258304,N/A,2025-07-14 12:19:03
6899,2.817969,2.967500,25.178440,5.00e-05,28288.41,28262400,N/A,2025-07-14 12:19:03
6900,2.593789,2.967500,25.178440,5.00e-05,27636.00,28266496,1.0000,2025-07-14 12:19:03
6901,1.764827,2.967500,25.178440,5.00e-05,22290.85,28270592,N/A,2025-07-14 12:19:04
6902,2.835936,2.967500,25.178440,5.00e-05,22169.67,28274688,N/A,2025-07-14 12:19:04
6903,2.985864,2.967500,25.178440,5.00e-05,22150.56,28278784,N/A,2025-07-14 12:19:04
6904,3.574148,2.967500,25.178440,5.00e-05,22113.25,28282880,N/A,2025-07-14 12:19:04
6905,3.631037,2.967500,25.178440,5.00e-05,22110.15,28286976,N/A,2025-07-14 12:19:04
6906,2.601972,2.967500,25.178440,5.00e-05,22081.03,28291072,N/A,2025-07-14 12:19:05
6907,2.104335,2.967500,25.178440,5.00e-05,22086.83,28295168,N/A,2025-07-14 12:19:05
6908,2.595751,2.967500,25.178440,5.00e-05,22097.61,28299264,N/A,2025-07-14 12:19:05
6909,3.156369,2.967500,25.178440,5.00e-05,22179.18,28303360,N/A,2025-07-14 12:19:05
6910,3.037554,2.967500,25.178440,5.00e-05,26998.31,28307456,1.0000,2025-07-14 12:19:05
6911,3.516833,2.967500,25.178440,5.00e-05,27176.27,28311552,N/A,2025-07-14 12:19:05
6912,1.871950,2.967500,25.178440,5.00e-05,26916.93,28315648,N/A,2025-07-14 12:19:06
6913,3.239246,2.967500,25.178440,5.00e-05,26961.17,28319744,N/A,2025-07-14 12:19:06
6914,2.833031,2.967500,25.178440,5.00e-05,26887.32,28323840,N/A,2025-07-14 12:19:06
6915,3.601346,2.967500,25.178440,5.00e-05,26851.37,28327936,N/A,2025-07-14 12:19:06
6916,1.519274,2.967500,25.178440,5.00e-05,26770.48,28332032,N/A,2025-07-14 12:19:06
6917,1.194998,2.967500,25.178440,5.00e-05,26771.92,28336128,N/A,2025-07-14 12:19:06
6918,2.858847,2.967500,25.178440,5.00e-05,26748.36,28340224,N/A,2025-07-14 12:19:07
6919,2.045782,2.967500,25.178440,5.00e-05,27099.64,28344320,N/A,2025-07-14 12:19:07
6920,2.699656,2.967500,25.178440,5.00e-05,26491.34,28348416,1.0000,2025-07-14 12:19:07
6921,3.288491,2.967500,25.178440,5.00e-05,26542.86,28352512,N/A,2025-07-14 12:19:07
6922,2.468049,2.967500,25.178440,5.00e-05,26255.09,28356608,N/A,2025-07-14 12:19:07
6923,2.620861,2.967500,25.178440,5.00e-05,26334.05,28360704,N/A,2025-07-14 12:19:07
6924,1.813903,2.967500,25.178440,5.00e-05,26353.95,28364800,N/A,2025-07-14 12:19:08
6925,1.977011,2.967500,25.178440,5.00e-05,26150.83,28368896,N/A,2025-07-14 12:19:08
6926,3.200280,2.967500,25.178440,5.00e-05,26129.21,28372992,N/A,2025-07-14 12:19:08
6927,3.631933,2.967500,25.178440,5.00e-05,26292.13,28377088,N/A,2025-07-14 12:19:08
6928,3.002434,2.967500,25.178440,5.00e-05,26458.21,28381184,N/A,2025-07-14 12:19:08
6929,3.391758,2.967500,25.178440,5.00e-05,27008.71,28385280,N/A,2025-07-14 12:19:08
6930,2.158530,2.967500,25.178440,5.00e-05,26110.07,28389376,1.0000,2025-07-14 12:19:09
6931,1.889746,2.967500,25.178440,5.00e-05,26346.79,28393472,N/A,2025-07-14 12:19:09
6932,3.195046,2.967500,25.178440,5.00e-05,26252.45,28397568,N/A,2025-07-14 12:19:09
6933,2.125715,2.967500,25.178440,5.00e-05,26222.83,28401664,N/A,2025-07-14 12:19:09
6934,1.804621,2.967500,25.178440,5.00e-05,26421.86,28405760,N/A,2025-07-14 12:19:09
6935,2.698930,2.967500,25.178440,5.00e-05,26224.19,28409856,N/A,2025-07-14 12:19:09
6936,2.146543,2.967500,25.178440,5.00e-05,26539.13,28413952,N/A,2025-07-14 12:19:10
6937,2.447571,2.967500,25.178440,5.00e-05,26627.36,28418048,N/A,2025-07-14 12:19:10
6938,2.336986,2.967500,25.178440,5.00e-05,26559.02,28422144,N/A,2025-07-14 12:19:10
6939,3.343885,2.967500,25.178440,5.00e-05,27105.52,28426240,N/A,2025-07-14 12:19:10
6940,1.883646,2.967500,25.178440,5.00e-05,26208.14,28430336,1.0000,2025-07-14 12:19:10
6941,2.794030,2.967500,25.178440,5.00e-05,26056.32,28434432,N/A,2025-07-14 12:19:11
6942,2.387984,2.967500,25.178440,5.00e-05,26029.31,28438528,N/A,2025-07-14 12:19:11
6943,2.199947,2.967500,25.178440,5.00e-05,26060.80,28442624,N/A,2025-07-14 12:19:11
6944,2.616133,2.967500,25.178440,5.00e-05,25791.44,28446720,N/A,2025-07-14 12:19:11
6945,2.869021,2.967500,25.178440,5.00e-05,25842.18,28450816,N/A,2025-07-14 12:19:11
6946,3.744098,2.967500,25.178440,5.00e-05,25796.84,28454912,N/A,2025-07-14 12:19:11
6947,2.974391,2.967500,25.178440,5.00e-05,25893.66,28459008,N/A,2025-07-14 12:19:12
6948,1.801403,2.967500,25.178440,5.00e-05,26302.10,28463104,N/A,2025-07-14 12:19:12
6949,2.293729,2.967500,25.178440,5.00e-05,27238.03,28467200,N/A,2025-07-14 12:19:12
6950,2.631064,2.967500,25.178440,5.00e-05,26557.83,28471296,1.0000,2025-07-14 12:19:12
6951,2.895917,2.967500,25.178440,5.00e-05,26579.83,28475392,N/A,2025-07-14 12:19:12
6952,1.926506,2.967500,25.178440,5.00e-05,26637.63,28479488,N/A,2025-07-14 12:19:12
6953,2.043314,2.967500,25.178440,5.00e-05,27220.37,28483584,N/A,2025-07-14 12:19:13
6954,1.793772,2.967500,25.178440,5.00e-05,27057.67,28487680,N/A,2025-07-14 12:19:13
6955,0.957272,2.967500,25.178440,5.00e-05,26853.06,28491776,N/A,2025-07-14 12:19:13
6956,2.805509,2.967500,25.178440,5.00e-05,26798.22,28495872,N/A,2025-07-14 12:19:13
6957,3.182465,2.967500,25.178440,5.00e-05,26840.06,28499968,N/A,2025-07-14 12:19:13
6958,2.637941,2.967500,25.178440,5.00e-05,26616.80,28504064,N/A,2025-07-14 12:19:13
6959,2.892982,2.967500,25.178440,5.00e-05,27486.84,28508160,N/A,2025-07-14 12:19:14
6960,3.217938,2.967500,25.178440,5.00e-05,26497.31,28512256,1.0000,2025-07-14 12:19:14
6961,1.071666,2.967500,25.178440,5.00e-05,26493.41,28516352,N/A,2025-07-14 12:19:14
6962,3.067066,2.967500,25.178440,5.00e-05,26442.64,28520448,N/A,2025-07-14 12:19:14
6963,1.795253,2.967500,25.178440,5.00e-05,26606.39,28524544,N/A,2025-07-14 12:19:14
6964,3.030937,2.967500,25.178440,5.00e-05,26811.82,28528640,N/A,2025-07-14 12:19:14
6965,2.542816,2.967500,25.178440,5.00e-05,26877.97,28532736,N/A,2025-07-14 12:19:15
6966,2.587639,2.967500,25.178440,5.00e-05,26969.07,28536832,N/A,2025-07-14 12:19:15
6967,2.331025,2.967500,25.178440,5.00e-05,27156.28,28540928,N/A,2025-07-14 12:19:15
6968,3.919381,2.967500,25.178440,5.00e-05,27214.25,28545024,N/A,2025-07-14 12:19:15
6969,2.015598,2.967500,25.178440,5.00e-05,27641.28,28549120,N/A,2025-07-14 12:19:15
6970,2.928654,2.967500,25.178440,5.00e-05,26771.36,28553216,1.0000,2025-07-14 12:19:16
6971,1.578742,2.967500,25.178440,5.00e-05,26733.79,28557312,N/A,2025-07-14 12:19:16
6972,2.045037,2.967500,25.178440,5.00e-05,26646.06,28561408,N/A,2025-07-14 12:19:16
6973,1.943480,2.967500,25.178440,5.00e-05,26717.07,28565504,N/A,2025-07-14 12:19:16
6974,3.085428,2.967500,25.178440,5.00e-05,26580.36,28569600,N/A,2025-07-14 12:19:16
6975,3.179555,2.967500,25.178440,5.00e-05,26564.17,28573696,N/A,2025-07-14 12:19:16
6976,2.510876,2.967500,25.178440,5.00e-05,26391.50,28577792,N/A,2025-07-14 12:19:16
6977,1.919051,2.967500,25.178440,5.00e-05,26112.98,28581888,N/A,2025-07-14 12:19:17
6978,3.405435,2.967500,25.178440,5.00e-05,26683.87,28585984,N/A,2025-07-14 12:19:17
6979,3.045115,2.967500,25.178440,5.00e-05,27482.87,28590080,N/A,2025-07-14 12:19:17
6980,1.353339,2.967500,25.178440,5.00e-05,26972.38,28594176,1.0000,2025-07-14 12:19:17
6981,2.186449,2.967500,25.178440,5.00e-05,27026.18,28598272,N/A,2025-07-14 12:19:17
6982,3.105308,2.967500,25.178440,5.00e-05,26726.99,28602368,N/A,2025-07-14 12:19:18
6983,3.515996,2.967500,25.178440,5.00e-05,26763.07,28606464,N/A,2025-07-14 12:19:18
6984,1.996157,2.967500,25.178440,5.00e-05,26744.02,28610560,N/A,2025-07-14 12:19:18
6985,3.286441,2.967500,25.178440,5.00e-05,26776.90,28614656,N/A,2025-07-14 12:19:18
6986,2.932128,2.967500,25.178440,5.00e-05,27083.93,28618752,N/A,2025-07-14 12:19:18
6987,2.789039,2.967500,25.178440,5.00e-05,26935.72,28622848,N/A,2025-07-14 12:19:18
6988,3.372000,2.967500,25.178440,5.00e-05,26941.86,28626944,N/A,2025-07-14 12:19:19
6989,2.706913,2.967500,25.178440,5.00e-05,27136.33,28631040,N/A,2025-07-14 12:19:19
6990,3.119114,2.967500,25.178440,5.00e-05,26060.25,28635136,1.0000,2025-07-14 12:19:19
6991,3.250477,2.967500,25.178440,5.00e-05,26316.64,28639232,N/A,2025-07-14 12:19:19
6992,2.668816,2.967500,25.178440,5.00e-05,26281.15,28643328,N/A,2025-07-14 12:19:19
6993,3.103810,2.967500,25.178440,5.00e-05,26074.25,28647424,N/A,2025-07-14 12:19:19
6994,3.325618,2.967500,25.178440,5.00e-05,26274.22,28651520,N/A,2025-07-14 12:19:20
6995,2.794259,2.967500,25.178440,5.00e-05,26240.49,28655616,N/A,2025-07-14 12:19:20
6996,1.953346,2.967500,25.178440,5.00e-05,26124.38,28659712,N/A,2025-07-14 12:19:20
6997,1.883161,2.967500,25.178440,5.00e-05,25956.78,28663808,N/A,2025-07-14 12:19:20
6998,2.998209,2.967500,25.178440,5.00e-05,25950.85,28667904,N/A,2025-07-14 12:19:20
6999,3.022355,2.967500,25.178440,5.00e-05,26668.16,28672000,N/A,2025-07-14 12:19:20
7000,2.934499,2.553736,15.118670,5.00e-05,3583.28,28676096,N/A,2025-07-14 12:19:31
7001,2.404374,2.553736,15.118670,5.00e-05,3411.94,28680192,N/A,2025-07-14 12:19:31
7002,2.482964,2.553736,15.118670,5.00e-05,3411.28,28684288,N/A,2025-07-14 12:19:31
7003,3.346902,2.553736,15.118670,5.00e-05,3408.82,28688384,N/A,2025-07-14 12:19:32
7004,3.179745,2.553736,15.118670,5.00e-05,3407.90,28692480,N/A,2025-07-14 12:19:32
7005,2.760966,2.553736,15.118670,5.00e-05,3408.49,28696576,N/A,2025-07-14 12:19:32
7006,3.002442,2.553736,15.118670,5.00e-05,3407.13,28700672,N/A,2025-07-14 12:19:32
7007,1.853709,2.553736,15.118670,5.00e-05,3412.32,28704768,N/A,2025-07-14 12:19:32
7008,1.610329,2.553736,15.118670,5.00e-05,3414.36,28708864,N/A,2025-07-14 12:19:32
7009,2.726024,2.553736,15.118670,5.00e-05,19389.01,28712960,N/A,2025-07-14 12:19:33
7010,2.035486,2.553736,15.118670,5.00e-05,25696.24,28717056,1.0000,2025-07-14 12:19:33
7011,2.156716,2.553736,15.118670,5.00e-05,25717.26,28721152,N/A,2025-07-14 12:19:33
7012,2.818235,2.553736,15.118670,5.00e-05,25780.32,28725248,N/A,2025-07-14 12:19:33
7013,1.605220,2.553736,15.118670,5.00e-05,25708.57,28729344,N/A,2025-07-14 12:19:33
7014,1.981022,2.553736,15.118670,5.00e-05,25625.93,28733440,N/A,2025-07-14 12:19:34
7015,2.855425,2.553736,15.118670,5.00e-05,25446.90,28737536,N/A,2025-07-14 12:19:34
7016,3.641596,2.553736,15.118670,5.00e-05,25152.08,28741632,N/A,2025-07-14 12:19:34
7017,2.383049,2.553736,15.118670,5.00e-05,24916.32,28745728,N/A,2025-07-14 12:19:34
7018,2.200975,2.553736,15.118670,5.00e-05,24957.19,28749824,N/A,2025-07-14 12:19:34
7019,2.034450,2.553736,15.118670,5.00e-05,25701.00,28753920,N/A,2025-07-14 12:19:34
7020,2.845570,2.553736,15.118670,5.00e-05,24688.27,28758016,1.0000,2025-07-14 12:19:35
7021,2.230737,2.553736,15.118670,5.00e-05,24647.25,28762112,N/A,2025-07-14 12:19:35
7022,3.805526,2.553736,15.118670,5.00e-05,24440.25,28766208,N/A,2025-07-14 12:19:35
7023,3.288468,2.553736,15.118670,5.00e-05,24489.64,28770304,N/A,2025-07-14 12:19:35
7024,3.051829,2.553736,15.118670,5.00e-05,24463.39,28774400,N/A,2025-07-14 12:19:35
7025,2.812375,2.553736,15.118670,5.00e-05,23307.87,28778496,N/A,2025-07-14 12:19:36
7026,3.010274,2.553736,15.118670,5.00e-05,23410.58,28782592,N/A,2025-07-14 12:19:36
7027,2.034513,2.553736,15.118670,5.00e-05,23492.46,28786688,N/A,2025-07-14 12:19:36
7028,1.225435,2.553736,15.118670,5.00e-05,23622.51,28790784,N/A,2025-07-14 12:19:36
7029,3.669818,2.553736,15.118670,5.00e-05,24693.20,28794880,N/A,2025-07-14 12:19:36
7030,1.333595,2.553736,15.118670,5.00e-05,23919.27,28798976,1.0000,2025-07-14 12:19:37
7031,2.623951,2.553736,15.118670,5.00e-05,24237.12,28803072,N/A,2025-07-14 12:19:37
7032,2.487168,2.553736,15.118670,5.00e-05,24310.69,28807168,N/A,2025-07-14 12:19:37
7033,3.017843,2.553736,15.118670,5.00e-05,24303.64,28811264,N/A,2025-07-14 12:19:37
7034,2.110749,2.553736,15.118670,5.00e-05,25771.31,28815360,N/A,2025-07-14 12:19:37
7035,2.716931,2.553736,15.118670,5.00e-05,25883.41,28819456,N/A,2025-07-14 12:19:37
7036,3.074145,2.553736,15.118670,5.00e-05,25738.97,28823552,N/A,2025-07-14 12:19:38
7037,2.839054,2.553736,15.118670,5.00e-05,25536.08,28827648,N/A,2025-07-14 12:19:38
7038,3.534022,2.553736,15.118670,5.00e-05,24832.97,28831744,N/A,2025-07-14 12:19:38
7039,2.580127,2.553736,15.118670,5.00e-05,25551.76,28835840,N/A,2025-07-14 12:19:38
7040,2.768245,2.553736,15.118670,5.00e-05,24546.94,28839936,1.0000,2025-07-14 12:19:38
7041,2.515402,2.553736,15.118670,5.00e-05,24668.94,28844032,N/A,2025-07-14 12:19:39
7042,2.689393,2.553736,15.118670,5.00e-05,25101.00,28848128,N/A,2025-07-14 12:19:39
7043,1.495966,2.553736,15.118670,5.00e-05,24870.43,28852224,N/A,2025-07-14 12:19:39
7044,2.318694,2.553736,15.118670,5.00e-05,24898.57,28856320,N/A,2025-07-14 12:19:39
7045,2.802410,2.553736,15.118670,5.00e-05,24763.51,28860416,N/A,2025-07-14 12:19:39
7046,2.893017,2.553736,15.118670,5.00e-05,24979.12,28864512,N/A,2025-07-14 12:19:39
7047,2.410007,2.553736,15.118670,5.00e-05,25081.87,28868608,N/A,2025-07-14 12:19:40
7048,1.772872,2.553736,15.118670,5.00e-05,25047.78,28872704,N/A,2025-07-14 12:19:40
7049,2.171725,2.553736,15.118670,5.00e-05,26071.19,28876800,N/A,2025-07-14 12:19:40
7050,2.398037,2.553736,15.118670,5.00e-05,25455.06,28880896,1.0000,2025-07-14 12:19:40
7051,1.691150,2.553736,15.118670,5.00e-05,25217.31,28884992,N/A,2025-07-14 12:19:40
7052,2.642683,2.553736,15.118670,5.00e-05,25361.28,28889088,N/A,2025-07-14 12:19:41
7053,2.611867,2.553736,15.118670,5.00e-05,25420.54,28893184,N/A,2025-07-14 12:19:41
7054,2.156169,2.553736,15.118670,5.00e-05,25682.27,28897280,N/A,2025-07-14 12:19:41
7055,3.276921,2.553736,15.118670,5.00e-05,25655.90,28901376,N/A,2025-07-14 12:19:41
7056,2.807347,2.553736,15.118670,5.00e-05,26322.83,28905472,N/A,2025-07-14 12:19:41
7057,2.240569,2.553736,15.118670,5.00e-05,26528.72,28909568,N/A,2025-07-14 12:19:41
7058,2.895959,2.553736,15.118670,5.00e-05,26494.28,28913664,N/A,2025-07-14 12:19:42
7059,3.756181,2.553736,15.118670,5.00e-05,26461.52,28917760,N/A,2025-07-14 12:19:42
7060,1.497242,2.553736,15.118670,5.00e-05,25985.08,28921856,1.0000,2025-07-14 12:19:42
7061,2.516723,2.553736,15.118670,5.00e-05,24689.48,28925952,N/A,2025-07-14 12:19:42
7062,3.244100,2.553736,15.118670,5.00e-05,24758.51,28930048,N/A,2025-07-14 12:19:42
7063,2.485325,2.553736,15.118670,5.00e-05,24534.10,28934144,N/A,2025-07-14 12:19:43
7064,1.534321,2.553736,15.118670,5.00e-05,24638.85,28938240,N/A,2025-07-14 12:19:43
7065,2.432740,2.553736,15.118670,5.00e-05,24730.38,28942336,N/A,2025-07-14 12:19:43
7066,2.821162,2.553736,15.118670,5.00e-05,24718.50,28946432,N/A,2025-07-14 12:19:43
7067,3.626048,2.553736,15.118670,5.00e-05,24827.05,28950528,N/A,2025-07-14 12:19:43
7068,1.575607,2.553736,15.118670,5.00e-05,25480.04,28954624,N/A,2025-07-14 12:19:43
7069,3.787097,2.553736,15.118670,5.00e-05,26186.13,28958720,N/A,2025-07-14 12:19:43
7070,2.516192,2.553736,15.118670,5.00e-05,27051.31,28962816,1.0000,2025-07-14 12:19:44
7071,3.163592,2.553736,15.118670,5.00e-05,27100.90,28966912,N/A,2025-07-14 12:19:44
7072,2.900406,2.553736,15.118670,5.00e-05,27481.85,28971008,N/A,2025-07-14 12:19:44
7073,3.114444,2.553736,15.118670,5.00e-05,27496.14,28975104,N/A,2025-07-14 12:19:44
7074,1.521459,2.553736,15.118670,5.00e-05,27550.33,28979200,N/A,2025-07-14 12:19:44
7075,2.415768,2.553736,15.118670,5.00e-05,27703.27,28983296,N/A,2025-07-14 12:19:44
7076,2.692785,2.553736,15.118670,5.00e-05,27708.84,28987392,N/A,2025-07-14 12:19:45
7077,2.635708,2.553736,15.118670,5.00e-05,27762.57,28991488,N/A,2025-07-14 12:19:45
7078,2.464225,2.553736,15.118670,5.00e-05,27864.60,28995584,N/A,2025-07-14 12:19:45
7079,2.191726,2.553736,15.118670,5.00e-05,28741.13,28999680,N/A,2025-07-14 12:19:45
7080,1.846688,2.553736,15.118670,5.00e-05,28103.99,29003776,1.0000,2025-07-14 12:19:45
7081,2.771807,2.553736,15.118670,5.00e-05,28039.86,29007872,N/A,2025-07-14 12:19:45
7082,3.363437,2.553736,15.118670,5.00e-05,27986.38,29011968,N/A,2025-07-14 12:19:46
7083,2.671613,2.553736,15.118670,5.00e-05,27836.97,29016064,N/A,2025-07-14 12:19:46
7084,2.672104,2.553736,15.118670,5.00e-05,27786.85,29020160,N/A,2025-07-14 12:19:46
7085,1.245465,2.553736,15.118670,5.00e-05,27737.84,29024256,N/A,2025-07-14 12:19:46
7086,1.773867,2.553736,15.118670,5.00e-05,27740.48,29028352,N/A,2025-07-14 12:19:46
7087,3.093699,2.553736,15.118670,5.00e-05,27633.14,29032448,N/A,2025-07-14 12:19:46
7088,3.226243,2.553736,15.118670,5.00e-05,27652.07,29036544,N/A,2025-07-14 12:19:47
7089,3.344786,2.553736,15.118670,5.00e-05,28239.43,29040640,N/A,2025-07-14 12:19:47
7090,3.886342,2.553736,15.118670,5.00e-05,27637.61,29044736,1.0000,2025-07-14 12:19:47
7091,2.008067,2.553736,15.118670,5.00e-05,27285.77,29048832,N/A,2025-07-14 12:19:47
7092,3.106106,2.553736,15.118670,5.00e-05,27329.06,29052928,N/A,2025-07-14 12:19:47
7093,2.539840,2.553736,15.118670,5.00e-05,27328.49,29057024,N/A,2025-07-14 12:19:47
7094,3.681381,2.553736,15.118670,5.00e-05,26869.86,29061120,N/A,2025-07-14 12:19:48
7095,4.218497,2.553736,15.118670,5.00e-05,26858.73,29065216,N/A,2025-07-14 12:19:48
7096,2.622855,2.553736,15.118670,5.00e-05,26920.05,29069312,N/A,2025-07-14 12:19:48
7097,2.349802,2.553736,15.118670,5.00e-05,26415.04,29073408,N/A,2025-07-14 12:19:48
7098,4.206351,2.553736,15.118670,5.00e-05,26065.17,29077504,N/A,2025-07-14 12:19:48
7099,2.669682,2.553736,15.118670,5.00e-05,26532.15,29081600,N/A,2025-07-14 12:19:48
7100,2.549523,2.553736,15.118670,5.00e-05,25841.54,29085696,1.0000,2025-07-14 12:19:49
7101,1.441559,2.553736,15.118670,5.00e-05,20703.82,29089792,N/A,2025-07-14 12:19:49
7102,1.448912,2.553736,15.118670,5.00e-05,20601.04,29093888,N/A,2025-07-14 12:19:49
7103,2.205857,2.553736,15.118670,5.00e-05,20830.64,29097984,N/A,2025-07-14 12:19:50
7104,2.619674,2.553736,15.118670,5.00e-05,20790.46,29102080,N/A,2025-07-14 12:19:50
7105,2.683828,2.553736,15.118670,5.00e-05,20701.94,29106176,N/A,2025-07-14 12:19:50
7106,2.968793,2.553736,15.118670,5.00e-05,21009.89,29110272,N/A,2025-07-14 12:19:50
7107,2.060605,2.553736,15.118670,5.00e-05,21291.80,29114368,N/A,2025-07-14 12:19:50
7108,2.203258,2.553736,15.118670,5.00e-05,21376.42,29118464,N/A,2025-07-14 12:19:50
7109,2.131812,2.553736,15.118670,5.00e-05,22039.64,29122560,N/A,2025-07-14 12:19:51
7110,2.794795,2.553736,15.118670,5.00e-05,27028.31,29126656,1.0000,2025-07-14 12:19:51
7111,3.115076,2.553736,15.118670,5.00e-05,27139.53,29130752,N/A,2025-07-14 12:19:51
7112,1.184388,2.553736,15.118670,5.00e-05,27209.31,29134848,N/A,2025-07-14 12:19:51
7113,3.048274,2.553736,15.118670,5.00e-05,27184.85,29138944,N/A,2025-07-14 12:19:51
7114,2.206422,2.553736,15.118670,5.00e-05,27387.10,29143040,N/A,2025-07-14 12:19:51
7115,2.049581,2.553736,15.118670,5.00e-05,27407.62,29147136,N/A,2025-07-14 12:19:52
7116,2.414341,2.553736,15.118670,5.00e-05,27376.92,29151232,N/A,2025-07-14 12:19:52
7117,3.532214,2.553736,15.118670,5.00e-05,27357.02,29155328,N/A,2025-07-14 12:19:52
7118,2.264633,2.553736,15.118670,5.00e-05,27466.34,29159424,N/A,2025-07-14 12:19:52
7119,1.463060,2.553736,15.118670,5.00e-05,28430.71,29163520,N/A,2025-07-14 12:19:52
7120,2.945070,2.553736,15.118670,5.00e-05,27893.01,29167616,1.0000,2025-07-14 12:19:52
7121,1.921233,2.553736,15.118670,5.00e-05,27911.55,29171712,N/A,2025-07-14 12:19:53
7122,3.839872,2.553736,15.118670,5.00e-05,28029.12,29175808,N/A,2025-07-14 12:19:53
7123,3.471168,2.553736,15.118670,5.00e-05,28027.98,29179904,N/A,2025-07-14 12:19:53
7124,2.034648,2.553736,15.118670,5.00e-05,28064.74,29184000,N/A,2025-07-14 12:19:53
7125,2.266620,2.553736,15.118670,5.00e-05,27994.72,29188096,N/A,2025-07-14 12:19:53
7126,3.010759,2.553736,15.118670,5.00e-05,27934.97,29192192,N/A,2025-07-14 12:19:53
7127,2.204573,2.553736,15.118670,5.00e-05,27858.45,29196288,N/A,2025-07-14 12:19:54
7128,3.905986,2.553736,15.118670,5.00e-05,27907.78,29200384,N/A,2025-07-14 12:19:54
7129,2.369539,2.553736,15.118670,5.00e-05,28449.87,29204480,N/A,2025-07-14 12:19:54
7130,2.792124,2.553736,15.118670,5.00e-05,27756.98,29208576,1.0000,2025-07-14 12:19:54
7131,2.360656,2.553736,15.118670,5.00e-05,27713.59,29212672,N/A,2025-07-14 12:19:54
7132,2.584716,2.553736,15.118670,5.00e-05,27650.41,29216768,N/A,2025-07-14 12:19:54
7133,3.059319,2.553736,15.118670,5.00e-05,27619.90,29220864,N/A,2025-07-14 12:19:55
7134,1.857445,2.553736,15.118670,5.00e-05,27683.54,29224960,N/A,2025-07-14 12:19:55
7135,2.937958,2.553736,15.118670,5.00e-05,27507.46,29229056,N/A,2025-07-14 12:19:55
7136,2.129165,2.553736,15.118670,5.00e-05,27304.08,29233152,N/A,2025-07-14 12:19:55
7137,2.009725,2.553736,15.118670,5.00e-05,27312.34,29237248,N/A,2025-07-14 12:19:55
7138,2.606218,2.553736,15.118670,5.00e-05,27358.50,29241344,N/A,2025-07-14 12:19:55
7139,3.027229,2.553736,15.118670,5.00e-05,27997.37,29245440,N/A,2025-07-14 12:19:56
7140,3.050674,2.553736,15.118670,5.00e-05,27040.36,29249536,1.0000,2025-07-14 12:19:56
7141,3.062010,2.553736,15.118670,5.00e-05,27047.39,29253632,N/A,2025-07-14 12:19:56
7142,2.698369,2.553736,15.118670,5.00e-05,27053.34,29257728,N/A,2025-07-14 12:19:56
7143,2.066832,2.553736,15.118670,5.00e-05,27046.72,29261824,N/A,2025-07-14 12:19:56
7144,2.163730,2.553736,15.118670,5.00e-05,27256.80,29265920,N/A,2025-07-14 12:19:56
7145,2.771275,2.553736,15.118670,5.00e-05,27461.01,29270016,N/A,2025-07-14 12:19:57
7146,2.455690,2.553736,15.118670,5.00e-05,27451.26,29274112,N/A,2025-07-14 12:19:57
7147,4.088463,2.553736,15.118670,5.00e-05,26979.95,29278208,N/A,2025-07-14 12:19:57
7148,2.087597,2.553736,15.118670,5.00e-05,27023.19,29282304,N/A,2025-07-14 12:19:57
7149,2.869514,2.553736,15.118670,5.00e-05,27460.76,29286400,N/A,2025-07-14 12:19:57
7150,2.357863,2.553736,15.118670,5.00e-05,26843.17,29290496,1.0000,2025-07-14 12:19:57
7151,3.258312,2.553736,15.118670,5.00e-05,26643.45,29294592,N/A,2025-07-14 12:19:58
7152,2.925901,2.553736,15.118670,5.00e-05,26619.83,29298688,N/A,2025-07-14 12:19:58
7153,2.142556,2.553736,15.118670,5.00e-05,26523.28,29302784,N/A,2025-07-14 12:19:58
7154,3.102175,2.553736,15.118670,5.00e-05,26335.84,29306880,N/A,2025-07-14 12:19:58
7155,2.669203,2.553736,15.118670,5.00e-05,26090.94,29310976,N/A,2025-07-14 12:19:58
7156,1.686428,2.553736,15.118670,5.00e-05,26267.33,29315072,N/A,2025-07-14 12:19:58
7157,2.424826,2.553736,15.118670,5.00e-05,25732.47,29319168,N/A,2025-07-14 12:19:59
7158,2.342634,2.553736,15.118670,5.00e-05,26214.49,29323264,N/A,2025-07-14 12:19:59
7159,2.814312,2.553736,15.118670,5.00e-05,26757.45,29327360,N/A,2025-07-14 12:19:59
7160,1.869884,2.553736,15.118670,5.00e-05,26122.29,29331456,1.0000,2025-07-14 12:19:59
7161,1.664454,2.553736,15.118670,5.00e-05,26104.64,29335552,N/A,2025-07-14 12:19:59
7162,1.957322,2.553736,15.118670,5.00e-05,26175.67,29339648,N/A,2025-07-14 12:19:59
7163,1.956008,2.553736,15.118670,5.00e-05,26296.75,29343744,N/A,2025-07-14 12:20:00
7164,2.201461,2.553736,15.118670,5.00e-05,26234.87,29347840,N/A,2025-07-14 12:20:00
7165,1.878257,2.553736,15.118670,5.00e-05,26464.14,29351936,N/A,2025-07-14 12:20:00
7166,2.244293,2.553736,15.118670,5.00e-05,26760.26,29356032,N/A,2025-07-14 12:20:00
7167,2.082330,2.553736,15.118670,5.00e-05,26789.47,29360128,N/A,2025-07-14 12:20:00
7168,2.148527,2.553736,15.118670,5.00e-05,26829.72,29364224,N/A,2025-07-14 12:20:00
7169,3.296932,2.553736,15.118670,5.00e-05,27586.56,29368320,N/A,2025-07-14 12:20:01
7170,3.349071,2.553736,15.118670,5.00e-05,26947.09,29372416,1.0000,2025-07-14 12:20:01
7171,2.750855,2.553736,15.118670,5.00e-05,26929.66,29376512,N/A,2025-07-14 12:20:01
7172,2.746461,2.553736,15.118670,5.00e-05,26794.88,29380608,N/A,2025-07-14 12:20:01
7173,2.578856,2.553736,15.118670,5.00e-05,26646.74,29384704,N/A,2025-07-14 12:20:01
7174,2.597020,2.553736,15.118670,5.00e-05,26701.62,29388800,N/A,2025-07-14 12:20:02
7175,2.162970,2.553736,15.118670,5.00e-05,26958.07,29392896,N/A,2025-07-14 12:20:02
7176,2.936910,2.553736,15.118670,5.00e-05,26951.00,29396992,N/A,2025-07-14 12:20:02
7177,3.538853,2.553736,15.118670,5.00e-05,26925.15,29401088,N/A,2025-07-14 12:20:02
7178,2.493620,2.553736,15.118670,5.00e-05,27028.29,29405184,N/A,2025-07-14 12:20:02
7179,1.293480,2.553736,15.118670,5.00e-05,27651.90,29409280,N/A,2025-07-14 12:20:02
7180,2.819461,2.553736,15.118670,5.00e-05,27007.71,29413376,1.0000,2025-07-14 12:20:03
7181,2.860419,2.553736,15.118670,5.00e-05,27201.81,29417472,N/A,2025-07-14 12:20:03
7182,3.123795,2.553736,15.118670,5.00e-05,27683.82,29421568,N/A,2025-07-14 12:20:03
7183,3.218169,2.553736,15.118670,5.00e-05,27595.28,29425664,N/A,2025-07-14 12:20:03
7184,1.505705,2.553736,15.118670,5.00e-05,27042.89,29429760,N/A,2025-07-14 12:20:03
7185,1.712817,2.553736,15.118670,5.00e-05,26961.00,29433856,N/A,2025-07-14 12:20:03
7186,2.583461,2.553736,15.118670,5.00e-05,26808.55,29437952,N/A,2025-07-14 12:20:04
7187,2.759938,2.553736,15.118670,5.00e-05,26841.66,29442048,N/A,2025-07-14 12:20:04
7188,3.609678,2.553736,15.118670,5.00e-05,26838.33,29446144,N/A,2025-07-14 12:20:04
7189,2.471203,2.553736,15.118670,5.00e-05,27467.12,29450240,N/A,2025-07-14 12:20:04
7190,2.723686,2.553736,15.118670,5.00e-05,26825.33,29454336,1.0000,2025-07-14 12:20:04
7191,2.397443,2.553736,15.118670,5.00e-05,26677.13,29458432,N/A,2025-07-14 12:20:04
7192,1.308203,2.553736,15.118670,5.00e-05,26696.17,29462528,N/A,2025-07-14 12:20:05
7193,3.424302,2.553736,15.118670,5.00e-05,27124.11,29466624,N/A,2025-07-14 12:20:05
7194,3.147332,2.553736,15.118670,5.00e-05,26943.76,29470720,N/A,2025-07-14 12:20:05
7195,2.569057,2.553736,15.118670,5.00e-05,27168.30,29474816,N/A,2025-07-14 12:20:05
7196,3.446629,2.553736,15.118670,5.00e-05,27138.22,29478912,N/A,2025-07-14 12:20:05
7197,1.400249,2.553736,15.118670,5.00e-05,27236.76,29483008,N/A,2025-07-14 12:20:05
7198,2.899920,2.553736,15.118670,5.00e-05,27305.46,29487104,N/A,2025-07-14 12:20:06
7199,2.152659,2.553736,15.118670,5.00e-05,27920.86,29491200,N/A,2025-07-14 12:20:06
7200,3.500750,2.553736,15.118670,5.00e-05,27308.92,29495296,1.0000,2025-07-14 12:20:06
7201,1.781649,2.553736,15.118670,5.00e-05,22054.32,29499392,N/A,2025-07-14 12:20:06
7202,3.472376,2.553736,15.118670,5.00e-05,22028.89,29503488,N/A,2025-07-14 12:20:07
7203,2.926898,2.553736,15.118670,5.00e-05,22187.08,29507584,N/A,2025-07-14 12:20:07
7204,2.863200,2.553736,15.118670,5.00e-05,22147.89,29511680,N/A,2025-07-14 12:20:07
7205,2.940482,2.553736,15.118670,5.00e-05,22112.23,29515776,N/A,2025-07-14 12:20:07
7206,2.118691,2.553736,15.118670,5.00e-05,22058.65,29519872,N/A,2025-07-14 12:20:07
7207,1.809267,2.553736,15.118670,5.00e-05,21993.24,29523968,N/A,2025-07-14 12:20:07
7208,3.272885,2.553736,15.118670,5.00e-05,22038.41,29528064,N/A,2025-07-14 12:20:08
7209,2.858536,2.553736,15.118670,5.00e-05,22499.13,29532160,N/A,2025-07-14 12:20:08
7210,2.310351,2.553736,15.118670,5.00e-05,27333.94,29536256,1.0000,2025-07-14 12:20:08
7211,1.414137,2.553736,15.118670,5.00e-05,27426.39,29540352,N/A,2025-07-14 12:20:08
7212,2.494369,2.553736,15.118670,5.00e-05,27415.32,29544448,N/A,2025-07-14 12:20:08
7213,2.449751,2.553736,15.118670,5.00e-05,27396.02,29548544,N/A,2025-07-14 12:20:08
7214,2.866068,2.553736,15.118670,5.00e-05,27448.69,29552640,N/A,2025-07-14 12:20:09
7215,3.167789,2.553736,15.118670,5.00e-05,27407.79,29556736,N/A,2025-07-14 12:20:09
7216,3.380963,2.553736,15.118670,5.00e-05,27473.65,29560832,N/A,2025-07-14 12:20:09
7217,3.872109,2.553736,15.118670,5.00e-05,27439.48,29564928,N/A,2025-07-14 12:20:09
7218,2.950956,2.553736,15.118670,5.00e-05,27501.33,29569024,N/A,2025-07-14 12:20:09
7219,2.017433,2.553736,15.118670,5.00e-05,27871.19,29573120,N/A,2025-07-14 12:20:09
7220,2.057765,2.553736,15.118670,5.00e-05,26794.86,29577216,1.0000,2025-07-14 12:20:10
7221,1.855771,2.553736,15.118670,5.00e-05,26785.72,29581312,N/A,2025-07-14 12:20:10
7222,0.705766,2.553736,15.118670,5.00e-05,26783.37,29585408,N/A,2025-07-14 12:20:10
7223,2.993234,2.553736,15.118670,5.00e-05,26552.88,29589504,N/A,2025-07-14 12:20:10
7224,2.619559,2.553736,15.118670,5.00e-05,26641.13,29593600,N/A,2025-07-14 12:20:10
7225,1.688726,2.553736,15.118670,5.00e-05,26485.59,29597696,N/A,2025-07-14 12:20:10
7226,2.804202,2.553736,15.118670,5.00e-05,26544.56,29601792,N/A,2025-07-14 12:20:11
7227,2.059993,2.553736,15.118670,5.00e-05,26530.44,29605888,N/A,2025-07-14 12:20:11
7228,2.241523,2.553736,15.118670,5.00e-05,26595.73,29609984,N/A,2025-07-14 12:20:11
7229,2.332989,2.553736,15.118670,5.00e-05,27612.84,29614080,N/A,2025-07-14 12:20:11
7230,1.892585,2.553736,15.118670,5.00e-05,26526.55,29618176,1.0000,2025-07-14 12:20:11
7231,2.676925,2.553736,15.118670,5.00e-05,26519.75,29622272,N/A,2025-07-14 12:20:11
7232,2.913483,2.553736,15.118670,5.00e-05,26764.07,29626368,N/A,2025-07-14 12:20:12
7233,2.939344,2.553736,15.118670,5.00e-05,26776.09,29630464,N/A,2025-07-14 12:20:12
7234,1.227667,2.553736,15.118670,5.00e-05,26960.59,29634560,N/A,2025-07-14 12:20:12
7235,3.100915,2.553736,15.118670,5.00e-05,26951.90,29638656,N/A,2025-07-14 12:20:12
7236,1.187632,2.553736,15.118670,5.00e-05,26753.77,29642752,N/A,2025-07-14 12:20:12
7237,1.516826,2.553736,15.118670,5.00e-05,27018.37,29646848,N/A,2025-07-14 12:20:12
7238,2.374876,2.553736,15.118670,5.00e-05,27135.09,29650944,N/A,2025-07-14 12:20:13
7239,2.237053,2.553736,15.118670,5.00e-05,27710.41,29655040,N/A,2025-07-14 12:20:13
7240,3.242779,2.553736,15.118670,5.00e-05,27136.34,29659136,1.0000,2025-07-14 12:20:13
7241,1.232893,2.553736,15.118670,5.00e-05,27095.53,29663232,N/A,2025-07-14 12:20:13
7242,1.913646,2.553736,15.118670,5.00e-05,26654.51,29667328,N/A,2025-07-14 12:20:13
7243,2.243539,2.553736,15.118670,5.00e-05,26647.42,29671424,N/A,2025-07-14 12:20:13
7244,2.020911,2.553736,15.118670,5.00e-05,26661.55,29675520,N/A,2025-07-14 12:20:14
7245,1.972522,2.553736,15.118670,5.00e-05,26885.41,29679616,N/A,2025-07-14 12:20:14
7246,2.339361,2.553736,15.118670,5.00e-05,26678.90,29683712,N/A,2025-07-14 12:20:14
7247,1.477923,2.553736,15.118670,5.00e-05,26642.87,29687808,N/A,2025-07-14 12:20:14
7248,1.715285,2.553736,15.118670,5.00e-05,27144.47,29691904,N/A,2025-07-14 12:20:14
7249,2.976335,2.553736,15.118670,5.00e-05,27752.20,29696000,N/A,2025-07-14 12:20:14
7250,1.954167,2.553736,15.118670,5.00e-05,27132.22,29700096,1.0000,2025-07-14 12:20:15
7251,2.832486,2.553736,15.118670,5.00e-05,27383.38,29704192,N/A,2025-07-14 12:20:15
7252,2.571184,2.553736,15.118670,5.00e-05,27083.92,29708288,N/A,2025-07-14 12:20:15
7253,3.629546,2.553736,15.118670,5.00e-05,26855.15,29712384,N/A,2025-07-14 12:20:15
7254,2.666689,2.553736,15.118670,5.00e-05,26886.51,29716480,N/A,2025-07-14 12:20:15
7255,2.330870,2.553736,15.118670,5.00e-05,27107.69,29720576,N/A,2025-07-14 12:20:15
7256,2.257251,2.553736,15.118670,5.00e-05,26770.98,29724672,N/A,2025-07-14 12:20:16
7257,1.359265,2.553736,15.118670,5.00e-05,26814.00,29728768,N/A,2025-07-14 12:20:16
7258,3.429481,2.553736,15.118670,5.00e-05,26848.05,29732864,N/A,2025-07-14 12:20:16
7259,2.960100,2.553736,15.118670,5.00e-05,27491.17,29736960,N/A,2025-07-14 12:20:16
7260,1.476977,2.553736,15.118670,5.00e-05,27089.03,29741056,1.0000,2025-07-14 12:20:16
7261,2.739968,2.553736,15.118670,5.00e-05,27390.29,29745152,N/A,2025-07-14 12:20:16
7262,3.165890,2.553736,15.118670,5.00e-05,27140.64,29749248,N/A,2025-07-14 12:20:17
7263,2.331184,2.553736,15.118670,5.00e-05,27107.88,29753344,N/A,2025-07-14 12:20:17
7264,3.156836,2.553736,15.118670,5.00e-05,26917.81,29757440,N/A,2025-07-14 12:20:17
7265,2.662194,2.553736,15.118670,5.00e-05,27237.69,29761536,N/A,2025-07-14 12:20:17
7266,3.004740,2.553736,15.118670,5.00e-05,27225.79,29765632,N/A,2025-07-14 12:20:17
7267,1.820916,2.553736,15.118670,5.00e-05,27238.60,29769728,N/A,2025-07-14 12:20:17
7268,1.828494,2.553736,15.118670,5.00e-05,26779.13,29773824,N/A,2025-07-14 12:20:18
7269,2.409099,2.553736,15.118670,5.00e-05,27304.07,29777920,N/A,2025-07-14 12:20:18
7270,3.214799,2.553736,15.118670,5.00e-05,26641.59,29782016,1.0000,2025-07-14 12:20:18
7271,2.632862,2.553736,15.118670,5.00e-05,27089.75,29786112,N/A,2025-07-14 12:20:18
7272,2.493556,2.553736,15.118670,5.00e-05,27085.37,29790208,N/A,2025-07-14 12:20:18
7273,2.327291,2.553736,15.118670,5.00e-05,27231.76,29794304,N/A,2025-07-14 12:20:18
7274,2.696872,2.553736,15.118670,5.00e-05,27079.43,29798400,N/A,2025-07-14 12:20:19
7275,2.817618,2.553736,15.118670,5.00e-05,27076.08,29802496,N/A,2025-07-14 12:20:19
7276,3.213263,2.553736,15.118670,5.00e-05,27071.63,29806592,N/A,2025-07-14 12:20:19
7277,2.878864,2.553736,15.118670,5.00e-05,27581.76,29810688,N/A,2025-07-14 12:20:19
7278,3.189717,2.553736,15.118670,5.00e-05,27594.91,29814784,N/A,2025-07-14 12:20:19
7279,2.756540,2.553736,15.118670,5.00e-05,28020.10,29818880,N/A,2025-07-14 12:20:19
7280,2.885320,2.553736,15.118670,5.00e-05,27133.85,29822976,1.0000,2025-07-14 12:20:20
7281,2.927857,2.553736,15.118670,5.00e-05,27127.20,29827072,N/A,2025-07-14 12:20:20
7282,1.422271,2.553736,15.118670,5.00e-05,26894.40,29831168,N/A,2025-07-14 12:20:20
7283,3.270389,2.553736,15.118670,5.00e-05,27013.77,29835264,N/A,2025-07-14 12:20:20
7284,2.359331,2.553736,15.118670,5.00e-05,26887.26,29839360,N/A,2025-07-14 12:20:20
7285,2.050331,2.553736,15.118670,5.00e-05,26690.15,29843456,N/A,2025-07-14 12:20:21
7286,1.105337,2.553736,15.118670,5.00e-05,26363.11,29847552,N/A,2025-07-14 12:20:21
7287,2.094346,2.553736,15.118670,5.00e-05,26331.27,29851648,N/A,2025-07-14 12:20:21
7288,3.311162,2.553736,15.118670,5.00e-05,26559.70,29855744,N/A,2025-07-14 12:20:21
7289,2.902893,2.553736,15.118670,5.00e-05,26966.25,29859840,N/A,2025-07-14 12:20:21
7290,2.100743,2.553736,15.118670,5.00e-05,26340.31,29863936,1.0000,2025-07-14 12:20:21
7291,2.006273,2.553736,15.118670,5.00e-05,26532.36,29868032,N/A,2025-07-14 12:20:22
7292,2.182720,2.553736,15.118670,5.00e-05,26275.46,29872128,N/A,2025-07-14 12:20:22
7293,2.843211,2.553736,15.118670,5.00e-05,26395.78,29876224,N/A,2025-07-14 12:20:22
7294,2.186417,2.553736,15.118670,5.00e-05,26305.13,29880320,N/A,2025-07-14 12:20:22
7295,2.679482,2.553736,15.118670,5.00e-05,26330.46,29884416,N/A,2025-07-14 12:20:22
7296,1.637087,2.553736,15.118670,5.00e-05,26324.08,29888512,N/A,2025-07-14 12:20:22
7297,2.448670,2.553736,15.118670,5.00e-05,26288.26,29892608,N/A,2025-07-14 12:20:23
7298,2.045670,2.553736,15.118670,5.00e-05,26726.45,29896704,N/A,2025-07-14 12:20:23
7299,2.598433,2.553736,15.118670,5.00e-05,27365.87,29900800,N/A,2025-07-14 12:20:23
7300,1.968739,2.553736,15.118670,5.00e-05,26837.43,29904896,1.0000,2025-07-14 12:20:23
7301,2.285562,2.553736,15.118670,5.00e-05,20713.17,29908992,N/A,2025-07-14 12:20:24
7302,1.522981,2.553736,15.118670,5.00e-05,20589.55,29913088,N/A,2025-07-14 12:20:24
7303,1.970849,2.553736,15.118670,5.00e-05,20719.48,29917184,N/A,2025-07-14 12:20:24
7304,2.287977,2.553736,15.118670,5.00e-05,20867.21,29921280,N/A,2025-07-14 12:20:24
7305,2.321492,2.553736,15.118670,5.00e-05,20916.20,29925376,N/A,2025-07-14 12:20:24
7306,3.318207,2.553736,15.118670,5.00e-05,20933.28,29929472,N/A,2025-07-14 12:20:25
7307,3.136037,2.553736,15.118670,5.00e-05,20896.38,29933568,N/A,2025-07-14 12:20:25
7308,2.288121,2.553736,15.118670,5.00e-05,20890.22,29937664,N/A,2025-07-14 12:20:25
7309,2.592194,2.553736,15.118670,5.00e-05,21092.89,29941760,N/A,2025-07-14 12:20:25
7310,2.715041,2.553736,15.118670,5.00e-05,26891.56,29945856,1.0000,2025-07-14 12:20:25
7311,2.466687,2.553736,15.118670,5.00e-05,26985.80,29949952,N/A,2025-07-14 12:20:25
7312,2.392096,2.553736,15.118670,5.00e-05,27064.59,29954048,N/A,2025-07-14 12:20:26
7313,1.826229,2.553736,15.118670,5.00e-05,27008.19,29958144,N/A,2025-07-14 12:20:26
7314,1.221585,2.553736,15.118670,5.00e-05,26913.39,29962240,N/A,2025-07-14 12:20:26
7315,2.972475,2.553736,15.118670,5.00e-05,26874.83,29966336,N/A,2025-07-14 12:20:26
7316,1.915760,2.553736,15.118670,5.00e-05,26817.72,29970432,N/A,2025-07-14 12:20:26
7317,1.901619,2.553736,15.118670,5.00e-05,26836.90,29974528,N/A,2025-07-14 12:20:26
7318,1.894688,2.553736,15.118670,5.00e-05,27115.70,29978624,N/A,2025-07-14 12:20:27
7319,1.959525,2.553736,15.118670,5.00e-05,27951.77,29982720,N/A,2025-07-14 12:20:27
7320,2.412098,2.553736,15.118670,5.00e-05,27232.98,29986816,1.0000,2025-07-14 12:20:27
7321,2.977435,2.553736,15.118670,5.00e-05,27151.73,29990912,N/A,2025-07-14 12:20:27
7322,2.594727,2.553736,15.118670,5.00e-05,27190.29,29995008,N/A,2025-07-14 12:20:27
7323,2.308774,2.553736,15.118670,5.00e-05,27271.00,29999104,N/A,2025-07-14 12:20:27
7324,2.019038,2.553736,15.118670,5.00e-05,27318.16,30003200,N/A,2025-07-14 12:20:28
7325,1.200172,2.553736,15.118670,5.00e-05,27382.35,30007296,N/A,2025-07-14 12:20:28
7326,2.657270,2.553736,15.118670,5.00e-05,27390.76,30011392,N/A,2025-07-14 12:20:28
7327,2.765782,2.553736,15.118670,5.00e-05,27361.65,30015488,N/A,2025-07-14 12:20:28
7328,3.487845,2.553736,15.118670,5.00e-05,27393.96,30019584,N/A,2025-07-14 12:20:28
7329,1.723004,2.553736,15.118670,5.00e-05,28196.85,30023680,N/A,2025-07-14 12:20:28
7330,1.763014,2.553736,15.118670,5.00e-05,27602.34,30027776,1.0000,2025-07-14 12:20:29
7331,3.098589,2.553736,15.118670,5.00e-05,27625.25,30031872,N/A,2025-07-14 12:20:29
7332,2.180914,2.553736,15.118670,5.00e-05,27613.53,30035968,N/A,2025-07-14 12:20:29
7333,3.472587,2.553736,15.118670,5.00e-05,27643.69,30040064,N/A,2025-07-14 12:20:29
7334,2.204416,2.553736,15.118670,5.00e-05,27635.60,30044160,N/A,2025-07-14 12:20:29
7335,3.291815,2.553736,15.118670,5.00e-05,27381.34,30048256,N/A,2025-07-14 12:20:29
7336,1.697244,2.553736,15.118670,5.00e-05,27337.95,30052352,N/A,2025-07-14 12:20:30
7337,3.300673,2.553736,15.118670,5.00e-05,27357.30,30056448,N/A,2025-07-14 12:20:30
7338,1.846124,2.553736,15.118670,5.00e-05,27392.79,30060544,N/A,2025-07-14 12:20:30
7339,2.686041,2.553736,15.118670,5.00e-05,27993.68,30064640,N/A,2025-07-14 12:20:30
7340,2.377436,2.553736,15.118670,5.00e-05,27413.66,30068736,1.0000,2025-07-14 12:20:30
7341,3.050505,2.553736,15.118670,5.00e-05,27288.48,30072832,N/A,2025-07-14 12:20:30
7342,2.317108,2.553736,15.118670,5.00e-05,27293.12,30076928,N/A,2025-07-14 12:20:31
7343,2.988582,2.553736,15.118670,5.00e-05,27342.15,30081024,N/A,2025-07-14 12:20:31
7344,1.707485,2.553736,15.118670,5.00e-05,27595.51,30085120,N/A,2025-07-14 12:20:31
7345,2.976927,2.553736,15.118670,5.00e-05,27617.05,30089216,N/A,2025-07-14 12:20:31
7346,1.263635,2.553736,15.118670,5.00e-05,27668.89,30093312,N/A,2025-07-14 12:20:31
7347,3.703207,2.553736,15.118670,5.00e-05,27492.95,30097408,N/A,2025-07-14 12:20:31
7348,2.282280,2.553736,15.118670,5.00e-05,27580.88,30101504,N/A,2025-07-14 12:20:31
7349,2.424995,2.553736,15.118670,5.00e-05,28032.99,30105600,N/A,2025-07-14 12:20:32
7350,1.646697,2.553736,15.118670,5.00e-05,27173.04,30109696,1.0000,2025-07-14 12:20:32
7351,2.181326,2.553736,15.118670,5.00e-05,27095.69,30113792,N/A,2025-07-14 12:20:32
7352,1.466609,2.553736,15.118670,5.00e-05,26583.69,30117888,N/A,2025-07-14 12:20:32
7353,3.701632,2.553736,15.118670,5.00e-05,26202.47,30121984,N/A,2025-07-14 12:20:32
7354,2.850257,2.553736,15.118670,5.00e-05,26193.19,30126080,N/A,2025-07-14 12:20:33
7355,1.657723,2.553736,15.118670,5.00e-05,26205.00,30130176,N/A,2025-07-14 12:20:33
7356,1.939783,2.553736,15.118670,5.00e-05,26350.07,30134272,N/A,2025-07-14 12:20:33
7357,1.462638,2.553736,15.118670,5.00e-05,26305.60,30138368,N/A,2025-07-14 12:20:33
7358,2.398182,2.553736,15.118670,5.00e-05,26450.09,30142464,N/A,2025-07-14 12:20:33
7359,2.770532,2.553736,15.118670,5.00e-05,27146.96,30146560,N/A,2025-07-14 12:20:33
7360,2.301662,2.553736,15.118670,5.00e-05,26576.50,30150656,1.0000,2025-07-14 12:20:34
7361,3.415759,2.553736,15.118670,5.00e-05,27074.39,30154752,N/A,2025-07-14 12:20:34
7362,1.718798,2.553736,15.118670,5.00e-05,27511.93,30158848,N/A,2025-07-14 12:20:34
7363,2.539114,2.553736,15.118670,5.00e-05,27569.45,30162944,N/A,2025-07-14 12:20:34
7364,2.194648,2.553736,15.118670,5.00e-05,27504.15,30167040,N/A,2025-07-14 12:20:34
7365,3.054073,2.553736,15.118670,5.00e-05,27520.49,30171136,N/A,2025-07-14 12:20:34
7366,2.399357,2.553736,15.118670,5.00e-05,27546.71,30175232,N/A,2025-07-14 12:20:35
7367,2.580185,2.553736,15.118670,5.00e-05,27573.87,30179328,N/A,2025-07-14 12:20:35
7368,2.359126,2.553736,15.118670,5.00e-05,27802.61,30183424,N/A,2025-07-14 12:20:35
7369,2.948310,2.553736,15.118670,5.00e-05,28447.28,30187520,N/A,2025-07-14 12:20:35
7370,1.672730,2.553736,15.118670,5.00e-05,27553.37,30191616,1.0000,2025-07-14 12:20:35
7371,1.245539,2.553736,15.118670,5.00e-05,27389.61,30195712,N/A,2025-07-14 12:20:35
7372,2.738689,2.553736,15.118670,5.00e-05,27370.30,30199808,N/A,2025-07-14 12:20:36
7373,3.226819,2.553736,15.118670,5.00e-05,27401.87,30203904,N/A,2025-07-14 12:20:36
7374,3.373662,2.553736,15.118670,5.00e-05,26892.67,30208000,N/A,2025-07-14 12:20:36
7375,1.542372,2.553736,15.118670,5.00e-05,26819.84,30212096,N/A,2025-07-14 12:20:36
7376,2.036553,2.553736,15.118670,5.00e-05,26730.67,30216192,N/A,2025-07-14 12:20:36
7377,1.914470,2.553736,15.118670,5.00e-05,26286.29,30220288,N/A,2025-07-14 12:20:36
7378,2.923743,2.553736,15.118670,5.00e-05,26206.70,30224384,N/A,2025-07-14 12:20:37
7379,2.850353,2.553736,15.118670,5.00e-05,26901.86,30228480,N/A,2025-07-14 12:20:37
7380,1.065712,2.553736,15.118670,5.00e-05,26401.57,30232576,1.0000,2025-07-14 12:20:37
7381,2.535354,2.553736,15.118670,5.00e-05,26397.66,30236672,N/A,2025-07-14 12:20:37
7382,2.009228,2.553736,15.118670,5.00e-05,26417.47,30240768,N/A,2025-07-14 12:20:37
7383,1.615148,2.553736,15.118670,5.00e-05,26874.31,30244864,N/A,2025-07-14 12:20:37
7384,3.141163,2.553736,15.118670,5.00e-05,26927.18,30248960,N/A,2025-07-14 12:20:38
7385,3.201020,2.553736,15.118670,5.00e-05,27017.25,30253056,N/A,2025-07-14 12:20:38
7386,1.382442,2.553736,15.118670,5.00e-05,27516.48,30257152,N/A,2025-07-14 12:20:38
7387,1.350125,2.553736,15.118670,5.00e-05,27690.09,30261248,N/A,2025-07-14 12:20:38
7388,2.603361,2.553736,15.118670,5.00e-05,27773.82,30265344,N/A,2025-07-14 12:20:38
7389,2.620844,2.553736,15.118670,5.00e-05,28398.14,30269440,N/A,2025-07-14 12:20:38
7390,2.249039,2.553736,15.118670,5.00e-05,27708.61,30273536,1.0000,2025-07-14 12:20:39
7391,2.441380,2.553736,15.118670,5.00e-05,27727.38,30277632,N/A,2025-07-14 12:20:39
7392,2.389101,2.553736,15.118670,5.00e-05,27773.52,30281728,N/A,2025-07-14 12:20:39
7393,1.890086,2.553736,15.118670,5.00e-05,27771.88,30285824,N/A,2025-07-14 12:20:39
7394,1.155273,2.553736,15.118670,5.00e-05,27518.28,30289920,N/A,2025-07-14 12:20:39
7395,1.095144,2.553736,15.118670,5.00e-05,27500.14,30294016,N/A,2025-07-14 12:20:39
7396,2.178100,2.553736,15.118670,5.00e-05,27449.59,30298112,N/A,2025-07-14 12:20:40
7397,0.920519,2.553736,15.118670,5.00e-05,27473.88,30302208,N/A,2025-07-14 12:20:40
7398,1.388641,2.553736,15.118670,5.00e-05,27573.27,30306304,N/A,2025-07-14 12:20:40
7399,3.253546,2.553736,15.118670,5.00e-05,28093.27,30310400,N/A,2025-07-14 12:20:40
7400,2.065568,2.553736,15.118670,5.00e-05,27445.44,30314496,1.0000,2025-07-14 12:20:40
7401,2.408600,2.553736,15.118670,5.00e-05,21112.07,30318592,N/A,2025-07-14 12:20:41
7402,1.507520,2.553736,15.118670,5.00e-05,20970.31,30322688,N/A,2025-07-14 12:20:41
7403,3.049287,2.553736,15.118670,5.00e-05,21083.59,30326784,N/A,2025-07-14 12:20:41
7404,2.320413,2.553736,15.118670,5.00e-05,21071.23,30330880,N/A,2025-07-14 12:20:41
7405,2.585299,2.553736,15.118670,5.00e-05,20824.89,30334976,N/A,2025-07-14 12:20:42
7406,2.351801,2.553736,15.118670,5.00e-05,20815.80,30339072,N/A,2025-07-14 12:20:42
7407,3.943187,2.553736,15.118670,5.00e-05,20792.89,30343168,N/A,2025-07-14 12:20:42
7408,2.267767,2.553736,15.118670,5.00e-05,20877.45,30347264,N/A,2025-07-14 12:20:42
7409,2.155959,2.553736,15.118670,5.00e-05,21206.98,30351360,N/A,2025-07-14 12:20:42
7410,2.211657,2.553736,15.118670,5.00e-05,26813.18,30355456,1.0000,2025-07-14 12:20:42
7411,3.954914,2.553736,15.118670,5.00e-05,27068.00,30359552,N/A,2025-07-14 12:20:43
7412,2.417876,2.553736,15.118670,5.00e-05,27099.85,30363648,N/A,2025-07-14 12:20:43
7413,1.832801,2.553736,15.118670,5.00e-05,27187.22,30367744,N/A,2025-07-14 12:20:43
7414,3.297601,2.553736,15.118670,5.00e-05,27597.45,30371840,N/A,2025-07-14 12:20:43
7415,2.304944,2.553736,15.118670,5.00e-05,27606.21,30375936,N/A,2025-07-14 12:20:43
7416,1.642974,2.553736,15.118670,5.00e-05,27553.52,30380032,N/A,2025-07-14 12:20:43
7417,2.864130,2.553736,15.118670,5.00e-05,27583.88,30384128,N/A,2025-07-14 12:20:43
7418,2.037888,2.553736,15.118670,5.00e-05,27578.45,30388224,N/A,2025-07-14 12:20:44
7419,2.631269,2.553736,15.118670,5.00e-05,28182.85,30392320,N/A,2025-07-14 12:20:44
7420,1.392915,2.553736,15.118670,5.00e-05,27153.79,30396416,1.0000,2025-07-14 12:20:44
7421,2.466253,2.553736,15.118670,5.00e-05,27148.04,30400512,N/A,2025-07-14 12:20:44
7422,2.606818,2.553736,15.118670,5.00e-05,27074.74,30404608,N/A,2025-07-14 12:20:44
7423,2.236793,2.553736,15.118670,5.00e-05,27113.19,30408704,N/A,2025-07-14 12:20:45
7424,2.603840,2.553736,15.118670,5.00e-05,27148.07,30412800,N/A,2025-07-14 12:20:45
7425,2.369431,2.553736,15.118670,5.00e-05,27226.93,30416896,N/A,2025-07-14 12:20:45
7426,2.713675,2.553736,15.118670,5.00e-05,27222.80,30420992,N/A,2025-07-14 12:20:45
7427,1.197121,2.553736,15.118670,5.00e-05,27283.73,30425088,N/A,2025-07-14 12:20:45
7428,3.311639,2.553736,15.118670,5.00e-05,27528.07,30429184,N/A,2025-07-14 12:20:45
7429,1.924788,2.553736,15.118670,5.00e-05,28543.41,30433280,N/A,2025-07-14 12:20:45
7430,0.849560,2.553736,15.118670,5.00e-05,27895.88,30437376,1.0000,2025-07-14 12:20:46
7431,2.409239,2.553736,15.118670,5.00e-05,27564.99,30441472,N/A,2025-07-14 12:20:46
7432,2.063789,2.553736,15.118670,5.00e-05,27556.73,30445568,N/A,2025-07-14 12:20:46
7433,2.749071,2.553736,15.118670,5.00e-05,27541.04,30449664,N/A,2025-07-14 12:20:46
7434,3.034303,2.553736,15.118670,5.00e-05,27458.25,30453760,N/A,2025-07-14 12:20:46
7435,2.122706,2.553736,15.118670,5.00e-05,27393.50,30457856,N/A,2025-07-14 12:20:46
7436,2.645078,2.553736,15.118670,5.00e-05,27233.31,30461952,N/A,2025-07-14 12:20:47
7437,2.628369,2.553736,15.118670,5.00e-05,27215.28,30466048,N/A,2025-07-14 12:20:47
7438,1.891423,2.553736,15.118670,5.00e-05,27199.40,30470144,N/A,2025-07-14 12:20:47
7439,1.342184,2.553736,15.118670,5.00e-05,19874.81,30474240,N/A,2025-07-14 12:20:48
7440,2.249447,2.553736,15.118670,5.00e-05,19710.62,30478336,1.0000,2025-07-14 12:20:48
7441,1.734291,2.553736,15.118670,5.00e-05,19698.71,30482432,N/A,2025-07-14 12:20:48
7442,2.297272,2.553736,15.118670,5.00e-05,19690.60,30486528,N/A,2025-07-14 12:20:48
7443,2.440437,2.553736,15.118670,5.00e-05,19708.02,30490624,N/A,2025-07-14 12:20:48
7444,1.911551,2.553736,15.118670,5.00e-05,19735.57,30494720,N/A,2025-07-14 12:20:49
7445,3.375435,2.553736,15.118670,5.00e-05,19840.23,30498816,N/A,2025-07-14 12:20:49
7446,2.807661,2.553736,15.118670,5.00e-05,19850.84,30502912,N/A,2025-07-14 12:20:49
7447,2.171532,2.553736,15.118670,5.00e-05,19867.44,30507008,N/A,2025-07-14 12:20:49
7448,1.758161,2.553736,15.118670,5.00e-05,27754.12,30511104,N/A,2025-07-14 12:20:49
7449,2.133968,2.553736,15.118670,5.00e-05,28425.51,30515200,N/A,2025-07-14 12:20:49
7450,2.437185,2.553736,15.118670,5.00e-05,26877.54,30519296,1.0000,2025-07-14 12:20:50
7451,1.660050,2.553736,15.118670,5.00e-05,26824.73,30523392,N/A,2025-07-14 12:20:50
7452,3.251389,2.553736,15.118670,5.00e-05,26756.87,30527488,N/A,2025-07-14 12:20:50
7453,2.649072,2.553736,15.118670,5.00e-05,26682.19,30531584,N/A,2025-07-14 12:20:50
7454,2.507292,2.553736,15.118670,5.00e-05,26643.70,30535680,N/A,2025-07-14 12:20:50
7455,2.684714,2.553736,15.118670,5.00e-05,26591.08,30539776,N/A,2025-07-14 12:20:50
7456,2.775871,2.553736,15.118670,5.00e-05,26607.36,30543872,N/A,2025-07-14 12:20:51
7457,1.828774,2.553736,15.118670,5.00e-05,26672.50,30547968,N/A,2025-07-14 12:20:51
7458,1.497789,2.553736,15.118670,5.00e-05,26703.56,30552064,N/A,2025-07-14 12:20:51
7459,0.497772,2.553736,15.118670,5.00e-05,27909.54,30556160,N/A,2025-07-14 12:20:51
7460,2.982374,2.553736,15.118670,5.00e-05,26905.96,30560256,1.0000,2025-07-14 12:20:51
7461,1.927814,2.553736,15.118670,5.00e-05,26972.47,30564352,N/A,2025-07-14 12:20:51
7462,1.387783,2.553736,15.118670,5.00e-05,27068.25,30568448,N/A,2025-07-14 12:20:52
7463,1.768491,2.553736,15.118670,5.00e-05,27059.89,30572544,N/A,2025-07-14 12:20:52
7464,2.850548,2.553736,15.118670,5.00e-05,27034.31,30576640,N/A,2025-07-14 12:20:52
7465,1.455197,2.553736,15.118670,5.00e-05,26939.48,30580736,N/A,2025-07-14 12:20:52
7466,2.624911,2.553736,15.118670,5.00e-05,26958.70,30584832,N/A,2025-07-14 12:20:52
7467,2.152143,2.553736,15.118670,5.00e-05,26911.41,30588928,N/A,2025-07-14 12:20:52
7468,1.603788,2.553736,15.118670,5.00e-05,26931.60,30593024,N/A,2025-07-14 12:20:53
7469,1.913191,2.553736,15.118670,5.00e-05,27956.60,30597120,N/A,2025-07-14 12:20:53
7470,1.892226,2.553736,15.118670,5.00e-05,26481.12,30601216,1.0000,2025-07-14 12:20:53
7471,2.224021,2.553736,15.118670,5.00e-05,26133.88,30605312,N/A,2025-07-14 12:20:53
7472,3.302880,2.553736,15.118670,5.00e-05,25863.96,30609408,N/A,2025-07-14 12:20:53
7473,2.579631,2.553736,15.118670,5.00e-05,25873.66,30613504,N/A,2025-07-14 12:20:54
7474,2.601936,2.553736,15.118670,5.00e-05,25930.61,30617600,N/A,2025-07-14 12:20:54
7475,2.104644,2.553736,15.118670,5.00e-05,25848.49,30621696,N/A,2025-07-14 12:20:54
7476,2.695039,2.553736,15.118670,5.00e-05,25876.23,30625792,N/A,2025-07-14 12:20:54
7477,2.682883,2.553736,15.118670,5.00e-05,26064.74,30629888,N/A,2025-07-14 12:20:54
7478,2.542247,2.553736,15.118670,5.00e-05,26109.42,30633984,N/A,2025-07-14 12:20:54
7479,1.159091,2.553736,15.118670,5.00e-05,27491.89,30638080,N/A,2025-07-14 12:20:54
7480,1.883746,2.553736,15.118670,5.00e-05,27050.44,30642176,1.0000,2025-07-14 12:20:55
7481,3.353697,2.553736,15.118670,5.00e-05,27216.00,30646272,N/A,2025-07-14 12:20:55
7482,1.949938,2.553736,15.118670,5.00e-05,26747.77,30650368,N/A,2025-07-14 12:20:55
7483,1.959321,2.553736,15.118670,5.00e-05,26564.46,30654464,N/A,2025-07-14 12:20:55
7484,1.079331,2.553736,15.118670,5.00e-05,26563.93,30658560,N/A,2025-07-14 12:20:55
7485,2.444941,2.553736,15.118670,5.00e-05,26539.56,30662656,N/A,2025-07-14 12:20:56
7486,3.157913,2.553736,15.118670,5.00e-05,26440.82,30666752,N/A,2025-07-14 12:20:56
7487,1.318796,2.553736,15.118670,5.00e-05,26374.80,30670848,N/A,2025-07-14 12:20:56
7488,1.724506,2.553736,15.118670,5.00e-05,25972.67,30674944,N/A,2025-07-14 12:20:56
7489,3.467404,2.553736,15.118670,5.00e-05,26667.66,30679040,N/A,2025-07-14 12:20:56
7490,3.292890,2.553736,15.118670,5.00e-05,26231.93,30683136,1.0000,2025-07-14 12:20:56
7491,3.088284,2.553736,15.118670,5.00e-05,26689.78,30687232,N/A,2025-07-14 12:20:57
7492,2.512455,2.553736,15.118670,5.00e-05,26819.28,30691328,N/A,2025-07-14 12:20:57
7493,1.733838,2.553736,15.118670,5.00e-05,26833.53,30695424,N/A,2025-07-14 12:20:57
7494,2.772314,2.553736,15.118670,5.00e-05,26904.10,30699520,N/A,2025-07-14 12:20:57
7495,1.332959,2.553736,15.118670,5.00e-05,26608.57,30703616,N/A,2025-07-14 12:20:57
7496,2.242031,2.553736,15.118670,5.00e-05,26664.70,30707712,N/A,2025-07-14 12:20:57
7497,3.012871,2.553736,15.118670,5.00e-05,26975.57,30711808,N/A,2025-07-14 12:20:58
7498,2.618651,2.553736,15.118670,5.00e-05,26986.93,30715904,N/A,2025-07-14 12:20:58
7499,1.952371,2.553736,15.118670,5.00e-05,27404.11,30720000,N/A,2025-07-14 12:20:58
7500,2.465164,2.553736,15.118670,5.00e-05,26845.48,30724096,1.0000,2025-07-14 12:20:58
7501,1.304005,2.553736,15.118670,5.00e-05,20931.93,30728192,N/A,2025-07-14 12:20:59
7502,2.169307,2.553736,15.118670,5.00e-05,20833.26,30732288,N/A,2025-07-14 12:20:59
7503,3.063035,2.553736,15.118670,5.00e-05,20799.49,30736384,N/A,2025-07-14 12:20:59
7504,1.707336,2.553736,15.118670,5.00e-05,21066.89,30740480,N/A,2025-07-14 12:20:59
7505,2.750357,2.553736,15.118670,5.00e-05,21077.23,30744576,N/A,2025-07-14 12:20:59
7506,2.492386,2.553736,15.118670,5.00e-05,21008.95,30748672,N/A,2025-07-14 12:21:00
7507,2.345253,2.553736,15.118670,5.00e-05,20822.85,30752768,N/A,2025-07-14 12:21:00
7508,1.110020,2.553736,15.118670,5.00e-05,20931.20,30756864,N/A,2025-07-14 12:21:00
7509,1.728659,2.553736,15.118670,5.00e-05,21268.74,30760960,N/A,2025-07-14 12:21:00
7510,3.408219,2.553736,15.118670,5.00e-05,26811.92,30765056,1.0000,2025-07-14 12:21:00
7511,1.339278,2.553736,15.118670,5.00e-05,26952.14,30769152,N/A,2025-07-14 12:21:00
7512,1.565661,2.553736,15.118670,5.00e-05,27001.84,30773248,N/A,2025-07-14 12:21:01
7513,2.607684,2.553736,15.118670,5.00e-05,27040.13,30777344,N/A,2025-07-14 12:21:01
7514,2.961254,2.553736,15.118670,5.00e-05,27040.75,30781440,N/A,2025-07-14 12:21:01
7515,3.149119,2.553736,15.118670,5.00e-05,27359.73,30785536,N/A,2025-07-14 12:21:01
7516,2.319556,2.553736,15.118670,5.00e-05,27490.24,30789632,N/A,2025-07-14 12:21:01
7517,2.701939,2.553736,15.118670,5.00e-05,27458.97,30793728,N/A,2025-07-14 12:21:01
7518,1.869144,2.553736,15.118670,5.00e-05,27511.42,30797824,N/A,2025-07-14 12:21:02
7519,2.483799,2.553736,15.118670,5.00e-05,28160.62,30801920,N/A,2025-07-14 12:21:02
7520,2.064889,2.553736,15.118670,5.00e-05,27461.14,30806016,1.0000,2025-07-14 12:21:02
7521,2.532361,2.553736,15.118670,5.00e-05,27411.92,30810112,N/A,2025-07-14 12:21:02
7522,1.956174,2.553736,15.118670,5.00e-05,27460.80,30814208,N/A,2025-07-14 12:21:02
7523,1.454752,2.553736,15.118670,5.00e-05,27482.82,30818304,N/A,2025-07-14 12:21:02
7524,1.911023,2.553736,15.118670,5.00e-05,27505.22,30822400,N/A,2025-07-14 12:21:03
7525,2.041905,2.553736,15.118670,5.00e-05,27688.50,30826496,N/A,2025-07-14 12:21:03
7526,1.418449,2.553736,15.118670,5.00e-05,27710.17,30830592,N/A,2025-07-14 12:21:03
7527,2.682722,2.553736,15.118670,5.00e-05,27489.45,30834688,N/A,2025-07-14 12:21:03
7528,1.133298,2.553736,15.118670,5.00e-05,27540.14,30838784,N/A,2025-07-14 12:21:03
7529,2.996059,2.553736,15.118670,5.00e-05,28054.94,30842880,N/A,2025-07-14 12:21:03
7530,3.049242,2.553736,15.118670,5.00e-05,27422.03,30846976,1.0000,2025-07-14 12:21:04
7531,2.023420,2.553736,15.118670,5.00e-05,27364.59,30851072,N/A,2025-07-14 12:21:04
7532,0.751183,2.553736,15.118670,5.00e-05,27383.30,30855168,N/A,2025-07-14 12:21:04
7533,2.033025,2.553736,15.118670,5.00e-05,27339.69,30859264,N/A,2025-07-14 12:21:04
7534,1.527539,2.553736,15.118670,5.00e-05,27408.75,30863360,N/A,2025-07-14 12:21:04
7535,3.087883,2.553736,15.118670,5.00e-05,27441.86,30867456,N/A,2025-07-14 12:21:04
7536,2.478671,2.553736,15.118670,5.00e-05,27389.42,30871552,N/A,2025-07-14 12:21:05
7537,2.211728,2.553736,15.118670,5.00e-05,26611.46,30875648,N/A,2025-07-14 12:21:05
7538,2.037486,2.553736,15.118670,5.00e-05,26789.51,30879744,N/A,2025-07-14 12:21:05
7539,1.427725,2.553736,15.118670,5.00e-05,27357.56,30883840,N/A,2025-07-14 12:21:05
7540,2.884314,2.553736,15.118670,5.00e-05,26785.19,30887936,1.0000,2025-07-14 12:21:05
7541,1.343087,2.553736,15.118670,5.00e-05,26765.72,30892032,N/A,2025-07-14 12:21:05
7542,2.089322,2.553736,15.118670,5.00e-05,26744.89,30896128,N/A,2025-07-14 12:21:06
7543,2.037426,2.553736,15.118670,5.00e-05,26714.85,30900224,N/A,2025-07-14 12:21:06
7544,1.797942,2.553736,15.118670,5.00e-05,26633.82,30904320,N/A,2025-07-14 12:21:06
7545,2.678396,2.553736,15.118670,5.00e-05,26708.38,30908416,N/A,2025-07-14 12:21:06
7546,1.970806,2.553736,15.118670,5.00e-05,27258.13,30912512,N/A,2025-07-14 12:21:06
7547,2.374155,2.553736,15.118670,5.00e-05,27280.46,30916608,N/A,2025-07-14 12:21:06
7548,3.026763,2.553736,15.118670,5.00e-05,27220.27,30920704,N/A,2025-07-14 12:21:07
7549,3.335946,2.553736,15.118670,5.00e-05,27777.92,30924800,N/A,2025-07-14 12:21:07
7550,1.421601,2.553736,15.118670,5.00e-05,26104.71,30928896,1.0000,2025-07-14 12:21:07
7551,1.297852,2.553736,15.118670,5.00e-05,26052.12,30932992,N/A,2025-07-14 12:21:07
7552,1.997156,2.553736,15.118670,5.00e-05,26044.99,30937088,N/A,2025-07-14 12:21:07
7553,2.277749,2.553736,15.118670,5.00e-05,26090.15,30941184,N/A,2025-07-14 12:21:07
7554,1.986477,2.553736,15.118670,5.00e-05,26275.24,30945280,N/A,2025-07-14 12:21:08
7555,2.036936,2.553736,15.118670,5.00e-05,26402.89,30949376,N/A,2025-07-14 12:21:08
7556,2.011649,2.553736,15.118670,5.00e-05,26443.88,30953472,N/A,2025-07-14 12:21:08
7557,2.179438,2.553736,15.118670,5.00e-05,26571.98,30957568,N/A,2025-07-14 12:21:08
7558,1.480873,2.553736,15.118670,5.00e-05,26650.93,30961664,N/A,2025-07-14 12:21:08
7559,1.611682,2.553736,15.118670,5.00e-05,28314.87,30965760,N/A,2025-07-14 12:21:08
7560,2.082356,2.553736,15.118670,5.00e-05,27701.24,30969856,1.0000,2025-07-14 12:21:09
7561,2.409657,2.553736,15.118670,5.00e-05,27722.77,30973952,N/A,2025-07-14 12:21:09
7562,1.281433,2.553736,15.118670,5.00e-05,27698.72,30978048,N/A,2025-07-14 12:21:09
7563,1.132061,2.553736,15.118670,5.00e-05,27689.99,30982144,N/A,2025-07-14 12:21:09
7564,1.082250,2.553736,15.118670,5.00e-05,27815.10,30986240,N/A,2025-07-14 12:21:09
7565,2.253115,2.553736,15.118670,5.00e-05,27790.02,30990336,N/A,2025-07-14 12:21:09
7566,2.893470,2.553736,15.118670,5.00e-05,27770.22,30994432,N/A,2025-07-14 12:21:10
7567,1.554010,2.553736,15.118670,5.00e-05,27627.90,30998528,N/A,2025-07-14 12:21:10
7568,1.498715,2.553736,15.118670,5.00e-05,27651.23,31002624,N/A,2025-07-14 12:21:10
7569,1.958925,2.553736,15.118670,5.00e-05,27739.01,31006720,N/A,2025-07-14 12:21:10
7570,2.771818,2.553736,15.118670,5.00e-05,27141.06,31010816,1.0000,2025-07-14 12:21:10
7571,2.178660,2.553736,15.118670,5.00e-05,27188.40,31014912,N/A,2025-07-14 12:21:10
7572,2.741410,2.553736,15.118670,5.00e-05,27202.56,31019008,N/A,2025-07-14 12:21:11
7573,2.592550,2.553736,15.118670,5.00e-05,27066.70,31023104,N/A,2025-07-14 12:21:11
7574,2.722520,2.553736,15.118670,5.00e-05,27075.85,31027200,N/A,2025-07-14 12:21:11
7575,2.541212,2.553736,15.118670,5.00e-05,27057.09,31031296,N/A,2025-07-14 12:21:11
7576,2.393504,2.553736,15.118670,5.00e-05,27144.21,31035392,N/A,2025-07-14 12:21:11
7577,2.453259,2.553736,15.118670,5.00e-05,27210.26,31039488,N/A,2025-07-14 12:21:11
7578,1.685934,2.553736,15.118670,5.00e-05,27257.51,31043584,N/A,2025-07-14 12:21:12
7579,3.421231,2.553736,15.118670,5.00e-05,27825.08,31047680,N/A,2025-07-14 12:21:12
7580,2.019255,2.553736,15.118670,5.00e-05,26984.21,31051776,1.0000,2025-07-14 12:21:12
7581,2.927665,2.553736,15.118670,5.00e-05,26952.34,31055872,N/A,2025-07-14 12:21:12
7582,1.756756,2.553736,15.118670,5.00e-05,27035.24,31059968,N/A,2025-07-14 12:21:12
7583,2.575439,2.553736,15.118670,5.00e-05,27032.81,31064064,N/A,2025-07-14 12:21:12
7584,1.392687,2.553736,15.118670,5.00e-05,27076.46,31068160,N/A,2025-07-14 12:21:13
7585,1.974673,2.553736,15.118670,5.00e-05,26720.81,31072256,N/A,2025-07-14 12:21:13
7586,1.143975,2.553736,15.118670,5.00e-05,26395.87,31076352,N/A,2025-07-14 12:21:13
7587,3.859514,2.553736,15.118670,5.00e-05,26415.55,31080448,N/A,2025-07-14 12:21:13
7588,2.058547,2.553736,15.118670,5.00e-05,26463.59,31084544,N/A,2025-07-14 12:21:13
7589,1.399658,2.553736,15.118670,5.00e-05,27162.33,31088640,N/A,2025-07-14 12:21:13
7590,2.587228,2.553736,15.118670,5.00e-05,26508.15,31092736,1.0000,2025-07-14 12:21:14
7591,2.600072,2.553736,15.118670,5.00e-05,26518.36,31096832,N/A,2025-07-14 12:21:14
7592,2.010627,2.553736,15.118670,5.00e-05,26494.26,31100928,N/A,2025-07-14 12:21:14
7593,2.520176,2.553736,15.118670,5.00e-05,26428.18,31105024,N/A,2025-07-14 12:21:14
7594,1.645818,2.553736,15.118670,5.00e-05,26776.89,31109120,N/A,2025-07-14 12:21:14
7595,2.214557,2.553736,15.118670,5.00e-05,27014.75,31113216,N/A,2025-07-14 12:21:14
7596,2.751256,2.553736,15.118670,5.00e-05,27520.73,31117312,N/A,2025-07-14 12:21:15
7597,2.108375,2.553736,15.118670,5.00e-05,27166.50,31121408,N/A,2025-07-14 12:21:15
7598,2.108309,2.553736,15.118670,5.00e-05,27297.72,31125504,N/A,2025-07-14 12:21:15
7599,2.760032,2.553736,15.118670,5.00e-05,28005.54,31129600,N/A,2025-07-14 12:21:15
7600,2.014391,2.553736,15.118670,5.00e-05,27166.53,31133696,1.0000,2025-07-14 12:21:15
7601,1.165115,2.553736,15.118670,5.00e-05,21792.72,31137792,N/A,2025-07-14 12:21:16
7602,1.878771,2.553736,15.118670,5.00e-05,21708.78,31141888,N/A,2025-07-14 12:21:16
7603,1.675423,2.553736,15.118670,5.00e-05,21690.09,31145984,N/A,2025-07-14 12:21:16
7604,2.221739,2.553736,15.118670,5.00e-05,21696.14,31150080,N/A,2025-07-14 12:21:16
7605,1.553068,2.553736,15.118670,5.00e-05,21698.07,31154176,N/A,2025-07-14 12:21:17
7606,2.609792,2.553736,15.118670,5.00e-05,21890.91,31158272,N/A,2025-07-14 12:21:17
7607,1.716147,2.553736,15.118670,5.00e-05,21851.15,31162368,N/A,2025-07-14 12:21:17
7608,1.608941,2.553736,15.118670,5.00e-05,21836.34,31166464,N/A,2025-07-14 12:21:17
7609,3.049606,2.553736,15.118670,5.00e-05,22374.54,31170560,N/A,2025-07-14 12:21:17
7610,1.481084,2.553736,15.118670,5.00e-05,27417.03,31174656,1.0000,2025-07-14 12:21:17
7611,2.900857,2.553736,15.118670,5.00e-05,27583.36,31178752,N/A,2025-07-14 12:21:18
7612,2.912413,2.553736,15.118670,5.00e-05,27639.25,31182848,N/A,2025-07-14 12:21:18
7613,2.400455,2.553736,15.118670,5.00e-05,27414.64,31186944,N/A,2025-07-14 12:21:18
7614,1.920493,2.553736,15.118670,5.00e-05,27415.41,31191040,N/A,2025-07-14 12:21:18
7615,2.050240,2.553736,15.118670,5.00e-05,27479.06,31195136,N/A,2025-07-14 12:21:18
7616,2.656675,2.553736,15.118670,5.00e-05,27062.40,31199232,N/A,2025-07-14 12:21:18
7617,2.492800,2.553736,15.118670,5.00e-05,27076.44,31203328,N/A,2025-07-14 12:21:19
7618,1.361329,2.553736,15.118670,5.00e-05,26760.20,31207424,N/A,2025-07-14 12:21:19
7619,1.887274,2.553736,15.118670,5.00e-05,27391.44,31211520,N/A,2025-07-14 12:21:19
7620,2.656747,2.553736,15.118670,5.00e-05,26685.20,31215616,1.0000,2025-07-14 12:21:19
7621,2.021894,2.553736,15.118670,5.00e-05,26190.08,31219712,N/A,2025-07-14 12:21:19
7622,1.993534,2.553736,15.118670,5.00e-05,26370.82,31223808,N/A,2025-07-14 12:21:19
7623,1.663623,2.553736,15.118670,5.00e-05,26371.88,31227904,N/A,2025-07-14 12:21:20
7624,3.473617,2.553736,15.118670,5.00e-05,26193.45,31232000,N/A,2025-07-14 12:21:20
7625,2.437732,2.553736,15.118670,5.00e-05,26527.64,31236096,N/A,2025-07-14 12:21:20
7626,2.527608,2.553736,15.118670,5.00e-05,26268.06,31240192,N/A,2025-07-14 12:21:20
7627,2.354470,2.553736,15.118670,5.00e-05,26103.44,31244288,N/A,2025-07-14 12:21:20
7628,1.530404,2.553736,15.118670,5.00e-05,26110.93,31248384,N/A,2025-07-14 12:21:20
7629,1.278267,2.553736,15.118670,5.00e-05,26734.03,31252480,N/A,2025-07-14 12:21:21
7630,2.430853,2.553736,15.118670,5.00e-05,26521.14,31256576,1.0000,2025-07-14 12:21:21
7631,1.807172,2.553736,15.118670,5.00e-05,26611.28,31260672,N/A,2025-07-14 12:21:21
7632,3.314792,2.553736,15.118670,5.00e-05,26611.68,31264768,N/A,2025-07-14 12:21:21
7633,1.612141,2.553736,15.118670,5.00e-05,26297.80,31268864,N/A,2025-07-14 12:21:21
7634,2.684656,2.553736,15.118670,5.00e-05,26401.41,31272960,N/A,2025-07-14 12:21:21
7635,1.941662,2.553736,15.118670,5.00e-05,26531.89,31277056,N/A,2025-07-14 12:21:22
7636,1.839071,2.553736,15.118670,5.00e-05,26947.31,31281152,N/A,2025-07-14 12:21:22
7637,2.482896,2.553736,15.118670,5.00e-05,26726.40,31285248,N/A,2025-07-14 12:21:22
7638,1.916122,2.553736,15.118670,5.00e-05,26222.59,31289344,N/A,2025-07-14 12:21:22
7639,2.193715,2.553736,15.118670,5.00e-05,26839.85,31293440,N/A,2025-07-14 12:21:22
7640,1.292230,2.553736,15.118670,5.00e-05,26183.92,31297536,1.0000,2025-07-14 12:21:23
7641,2.384446,2.553736,15.118670,5.00e-05,26163.04,31301632,N/A,2025-07-14 12:21:23
7642,0.710986,2.553736,15.118670,5.00e-05,26529.24,31305728,N/A,2025-07-14 12:21:23
7643,1.871742,2.553736,15.118670,5.00e-05,26261.80,31309824,N/A,2025-07-14 12:21:23
7644,2.130414,2.553736,15.118670,5.00e-05,26336.74,31313920,N/A,2025-07-14 12:21:23
7645,2.063725,2.553736,15.118670,5.00e-05,26280.62,31318016,N/A,2025-07-14 12:21:23
7646,1.827505,2.553736,15.118670,5.00e-05,26026.39,31322112,N/A,2025-07-14 12:21:24
7647,2.252055,2.553736,15.118670,5.00e-05,26578.55,31326208,N/A,2025-07-14 12:21:24
7648,2.486136,2.553736,15.118670,5.00e-05,26537.00,31330304,N/A,2025-07-14 12:21:24
7649,2.493357,2.553736,15.118670,5.00e-05,26885.42,31334400,N/A,2025-07-14 12:21:24
7650,1.583892,2.553736,15.118670,5.00e-05,26229.48,31338496,1.0000,2025-07-14 12:21:24
7651,2.284233,2.553736,15.118670,5.00e-05,26227.68,31342592,N/A,2025-07-14 12:21:24
7652,1.103361,2.553736,15.118670,5.00e-05,26439.09,31346688,N/A,2025-07-14 12:21:25
7653,1.653254,2.553736,15.118670,5.00e-05,26403.60,31350784,N/A,2025-07-14 12:21:25
7654,2.378864,2.553736,15.118670,5.00e-05,26015.79,31354880,N/A,2025-07-14 12:21:25
7655,1.452070,2.553736,15.118670,5.00e-05,26403.53,31358976,N/A,2025-07-14 12:21:25
7656,2.082226,2.553736,15.118670,5.00e-05,26087.87,31363072,N/A,2025-07-14 12:21:25
7657,1.243841,2.553736,15.118670,5.00e-05,26209.44,31367168,N/A,2025-07-14 12:21:25
7658,1.872064,2.553736,15.118670,5.00e-05,26310.88,31371264,N/A,2025-07-14 12:21:26
7659,1.672881,2.553736,15.118670,5.00e-05,26943.19,31375360,N/A,2025-07-14 12:21:26
7660,2.223269,2.553736,15.118670,5.00e-05,26485.91,31379456,1.0000,2025-07-14 12:21:26
7661,1.464427,2.553736,15.118670,5.00e-05,26510.88,31383552,N/A,2025-07-14 12:21:26
7662,1.697996,2.553736,15.118670,5.00e-05,26605.26,31387648,N/A,2025-07-14 12:21:26
7663,2.356475,2.553736,15.118670,5.00e-05,27169.77,31391744,N/A,2025-07-14 12:21:26
7664,1.874860,2.553736,15.118670,5.00e-05,27076.25,31395840,N/A,2025-07-14 12:21:27
7665,1.528566,2.553736,15.118670,5.00e-05,26971.11,31399936,N/A,2025-07-14 12:21:27
7666,2.625234,2.553736,15.118670,5.00e-05,26931.92,31404032,N/A,2025-07-14 12:21:27
7667,1.617039,2.553736,15.118670,5.00e-05,27136.69,31408128,N/A,2025-07-14 12:21:27
7668,2.239877,2.553736,15.118670,5.00e-05,27144.12,31412224,N/A,2025-07-14 12:21:27
7669,2.406524,2.553736,15.118670,5.00e-05,27644.08,31416320,N/A,2025-07-14 12:21:27
7670,0.923417,2.553736,15.118670,5.00e-05,26935.72,31420416,1.0000,2025-07-14 12:21:28
7671,1.333349,2.553736,15.118670,5.00e-05,26930.07,31424512,N/A,2025-07-14 12:21:28
7672,2.913082,2.553736,15.118670,5.00e-05,26926.20,31428608,N/A,2025-07-14 12:21:28
7673,2.163197,2.553736,15.118670,5.00e-05,27134.27,31432704,N/A,2025-07-14 12:21:28
7674,1.713104,2.553736,15.118670,5.00e-05,27555.77,31436800,N/A,2025-07-14 12:21:28
7675,2.177558,2.553736,15.118670,5.00e-05,27544.97,31440896,N/A,2025-07-14 12:21:28
7676,2.092270,2.553736,15.118670,5.00e-05,27532.46,31444992,N/A,2025-07-14 12:21:29
7677,3.178224,2.553736,15.118670,5.00e-05,27587.50,31449088,N/A,2025-07-14 12:21:29
7678,1.528640,2.553736,15.118670,5.00e-05,27668.28,31453184,N/A,2025-07-14 12:21:29
7679,2.949046,2.553736,15.118670,5.00e-05,28393.32,31457280,N/A,2025-07-14 12:21:29
7680,1.960555,2.553736,15.118670,5.00e-05,27698.52,31461376,1.0000,2025-07-14 12:21:29
7681,1.972213,2.553736,15.118670,5.00e-05,27276.81,31465472,N/A,2025-07-14 12:21:29
7682,3.003277,2.553736,15.118670,5.00e-05,27234.79,31469568,N/A,2025-07-14 12:21:30
7683,1.821761,2.553736,15.118670,5.00e-05,27000.13,31473664,N/A,2025-07-14 12:21:30
7684,1.006958,2.553736,15.118670,5.00e-05,27076.42,31477760,N/A,2025-07-14 12:21:30
7685,1.973800,2.553736,15.118670,5.00e-05,26734.62,31481856,N/A,2025-07-14 12:21:30
7686,2.950650,2.553736,15.118670,5.00e-05,26677.66,31485952,N/A,2025-07-14 12:21:30
7687,1.998168,2.553736,15.118670,5.00e-05,26730.38,31490048,N/A,2025-07-14 12:21:30
7688,1.577831,2.553736,15.118670,5.00e-05,26751.55,31494144,N/A,2025-07-14 12:21:31
7689,2.543754,2.553736,15.118670,5.00e-05,27357.98,31498240,N/A,2025-07-14 12:21:31
7690,2.384947,2.553736,15.118670,5.00e-05,26996.09,31502336,1.0000,2025-07-14 12:21:31
7691,3.051675,2.553736,15.118670,5.00e-05,27048.03,31506432,N/A,2025-07-14 12:21:31
7692,2.402785,2.553736,15.118670,5.00e-05,27308.50,31510528,N/A,2025-07-14 12:21:31
7693,2.250830,2.553736,15.118670,5.00e-05,27269.27,31514624,N/A,2025-07-14 12:21:31
7694,2.784202,2.553736,15.118670,5.00e-05,27394.16,31518720,N/A,2025-07-14 12:21:32
7695,2.551613,2.553736,15.118670,5.00e-05,27432.24,31522816,N/A,2025-07-14 12:21:32
7696,2.397393,2.553736,15.118670,5.00e-05,27431.03,31526912,N/A,2025-07-14 12:21:32
7697,1.359223,2.553736,15.118670,5.00e-05,27466.67,31531008,N/A,2025-07-14 12:21:32
7698,2.473979,2.553736,15.118670,5.00e-05,27490.34,31535104,N/A,2025-07-14 12:21:32
7699,1.826218,2.553736,15.118670,5.00e-05,28097.72,31539200,N/A,2025-07-14 12:21:32
7700,2.267588,2.553736,15.118670,5.00e-05,27410.56,31543296,1.0000,2025-07-14 12:21:33
7701,1.948213,2.553736,15.118670,5.00e-05,21464.99,31547392,N/A,2025-07-14 12:21:33
7702,2.669003,2.553736,15.118670,5.00e-05,21352.00,31551488,N/A,2025-07-14 12:21:33
7703,2.151346,2.553736,15.118670,5.00e-05,21471.29,31555584,N/A,2025-07-14 12:21:34
7704,2.066206,2.553736,15.118670,5.00e-05,21391.02,31559680,N/A,2025-07-14 12:21:34
7705,2.685097,2.553736,15.118670,5.00e-05,21340.16,31563776,N/A,2025-07-14 12:21:34
7706,2.450674,2.553736,15.118670,5.00e-05,21304.73,31567872,N/A,2025-07-14 12:21:34
7707,1.988989,2.553736,15.118670,5.00e-05,21320.08,31571968,N/A,2025-07-14 12:21:34
7708,1.309752,2.553736,15.118670,5.00e-05,21415.25,31576064,N/A,2025-07-14 12:21:34
7709,2.280194,2.553736,15.118670,5.00e-05,21779.60,31580160,N/A,2025-07-14 12:21:34
7710,2.346615,2.553736,15.118670,5.00e-05,27283.46,31584256,1.0000,2025-07-14 12:21:35
7711,2.389110,2.553736,15.118670,5.00e-05,27465.68,31588352,N/A,2025-07-14 12:21:35
7712,1.390257,2.553736,15.118670,5.00e-05,27462.54,31592448,N/A,2025-07-14 12:21:35
7713,1.574879,2.553736,15.118670,5.00e-05,27300.81,31596544,N/A,2025-07-14 12:21:35
7714,3.085365,2.553736,15.118670,5.00e-05,27222.50,31600640,N/A,2025-07-14 12:21:35
7715,1.853213,2.553736,15.118670,5.00e-05,27163.18,31604736,N/A,2025-07-14 12:21:36
7716,2.259741,2.553736,15.118670,5.00e-05,26867.01,31608832,N/A,2025-07-14 12:21:36
7717,2.005657,2.553736,15.118670,5.00e-05,26456.06,31612928,N/A,2025-07-14 12:21:36
7718,2.581010,2.553736,15.118670,5.00e-05,26196.98,31617024,N/A,2025-07-14 12:21:36
7719,2.265221,2.553736,15.118670,5.00e-05,26803.83,31621120,N/A,2025-07-14 12:21:36
7720,2.518891,2.553736,15.118670,5.00e-05,26250.65,31625216,1.0000,2025-07-14 12:21:36
7721,2.104020,2.553736,15.118670,5.00e-05,26339.31,31629312,N/A,2025-07-14 12:21:37
7722,1.209459,2.553736,15.118670,5.00e-05,26611.19,31633408,N/A,2025-07-14 12:21:37
7723,1.799927,2.553736,15.118670,5.00e-05,26770.84,31637504,N/A,2025-07-14 12:21:37
7724,1.943795,2.553736,15.118670,5.00e-05,26909.90,31641600,N/A,2025-07-14 12:21:37
7725,1.752336,2.553736,15.118670,5.00e-05,27250.93,31645696,N/A,2025-07-14 12:21:37
7726,2.093966,2.553736,15.118670,5.00e-05,27748.63,31649792,N/A,2025-07-14 12:21:37
7727,2.392660,2.553736,15.118670,5.00e-05,28068.00,31653888,N/A,2025-07-14 12:21:38
7728,1.822669,2.553736,15.118670,5.00e-05,27885.81,31657984,N/A,2025-07-14 12:21:38
7729,1.997779,2.553736,15.118670,5.00e-05,28061.17,31662080,N/A,2025-07-14 12:21:38
7730,2.063330,2.553736,15.118670,5.00e-05,27323.70,31666176,1.0000,2025-07-14 12:21:38
7731,1.226148,2.553736,15.118670,5.00e-05,27263.35,31670272,N/A,2025-07-14 12:21:38
7732,1.528648,2.553736,15.118670,5.00e-05,27050.89,31674368,N/A,2025-07-14 12:21:38
7733,1.751808,2.553736,15.118670,5.00e-05,26877.29,31678464,N/A,2025-07-14 12:21:39
7734,2.740518,2.553736,15.118670,5.00e-05,26784.25,31682560,N/A,2025-07-14 12:21:39
7735,1.714369,2.553736,15.118670,5.00e-05,26634.34,31686656,N/A,2025-07-14 12:21:39
7736,2.694474,2.553736,15.118670,5.00e-05,26685.89,31690752,N/A,2025-07-14 12:21:39
7737,1.639400,2.553736,15.118670,5.00e-05,26881.35,31694848,N/A,2025-07-14 12:21:39
7738,1.872840,2.553736,15.118670,5.00e-05,27207.44,31698944,N/A,2025-07-14 12:21:39
7739,1.735391,2.553736,15.118670,5.00e-05,27859.32,31703040,N/A,2025-07-14 12:21:40
7740,1.594636,2.553736,15.118670,5.00e-05,27284.39,31707136,1.0000,2025-07-14 12:21:40
7741,1.818807,2.553736,15.118670,5.00e-05,27414.10,31711232,N/A,2025-07-14 12:21:40
7742,1.495995,2.553736,15.118670,5.00e-05,27495.29,31715328,N/A,2025-07-14 12:21:40
7743,1.672712,2.553736,15.118670,5.00e-05,27219.12,31719424,N/A,2025-07-14 12:21:40
7744,2.834428,2.553736,15.118670,5.00e-05,27321.24,31723520,N/A,2025-07-14 12:21:40
7745,1.497867,2.553736,15.118670,5.00e-05,27261.04,31727616,N/A,2025-07-14 12:21:41
7746,1.946365,2.553736,15.118670,5.00e-05,27219.84,31731712,N/A,2025-07-14 12:21:41
7747,2.351758,2.553736,15.118670,5.00e-05,27331.72,31735808,N/A,2025-07-14 12:21:41
7748,1.104648,2.553736,15.118670,5.00e-05,27338.80,31739904,N/A,2025-07-14 12:21:41
7749,2.015283,2.553736,15.118670,5.00e-05,27921.82,31744000,N/A,2025-07-14 12:21:41
7750,0.755935,2.553736,15.118670,5.00e-05,27119.07,31748096,1.0000,2025-07-14 12:21:41
7751,2.263862,2.553736,15.118670,5.00e-05,27118.32,31752192,N/A,2025-07-14 12:21:42
7752,2.217520,2.553736,15.118670,5.00e-05,27343.86,31756288,N/A,2025-07-14 12:21:42
7753,1.669741,2.553736,15.118670,5.00e-05,27299.33,31760384,N/A,2025-07-14 12:21:42
7754,1.788204,2.553736,15.118670,5.00e-05,27228.60,31764480,N/A,2025-07-14 12:21:42
7755,1.965061,2.553736,15.118670,5.00e-05,26709.44,31768576,N/A,2025-07-14 12:21:42
7756,1.939591,2.553736,15.118670,5.00e-05,26584.51,31772672,N/A,2025-07-14 12:21:42
7757,1.968661,2.553736,15.118670,5.00e-05,26588.60,31776768,N/A,2025-07-14 12:21:43
7758,2.213989,2.553736,15.118670,5.00e-05,26534.81,31780864,N/A,2025-07-14 12:21:43
7759,1.012207,2.553736,15.118670,5.00e-05,27230.75,31784960,N/A,2025-07-14 12:21:43
7760,2.350029,2.553736,15.118670,5.00e-05,26224.52,31789056,1.0000,2025-07-14 12:21:43
7761,1.250659,2.553736,15.118670,5.00e-05,26280.38,31793152,N/A,2025-07-14 12:21:43
7762,1.202597,2.553736,15.118670,5.00e-05,26288.46,31797248,N/A,2025-07-14 12:21:43
7763,1.049314,2.553736,15.118670,5.00e-05,26345.63,31801344,N/A,2025-07-14 12:21:44
7764,1.083382,2.553736,15.118670,5.00e-05,26858.62,31805440,N/A,2025-07-14 12:21:44
7765,2.123957,2.553736,15.118670,5.00e-05,26894.57,31809536,N/A,2025-07-14 12:21:44
7766,2.748017,2.553736,15.118670,5.00e-05,26847.22,31813632,N/A,2025-07-14 12:21:44
7767,2.761775,2.553736,15.118670,5.00e-05,26901.93,31817728,N/A,2025-07-14 12:21:44
7768,2.270389,2.553736,15.118670,5.00e-05,26779.42,31821824,N/A,2025-07-14 12:21:44
7769,1.110953,2.553736,15.118670,5.00e-05,27762.78,31825920,N/A,2025-07-14 12:21:45
7770,2.380965,2.553736,15.118670,5.00e-05,27168.41,31830016,1.0000,2025-07-14 12:21:45
7771,3.058776,2.553736,15.118670,5.00e-05,27252.57,31834112,N/A,2025-07-14 12:21:45
7772,1.774232,2.553736,15.118670,5.00e-05,27218.33,31838208,N/A,2025-07-14 12:21:45
7773,1.880161,2.553736,15.118670,5.00e-05,27168.80,31842304,N/A,2025-07-14 12:21:45
7774,1.313370,2.553736,15.118670,5.00e-05,27175.24,31846400,N/A,2025-07-14 12:21:45
7775,3.104862,2.553736,15.118670,5.00e-05,26874.93,31850496,N/A,2025-07-14 12:21:46
7776,1.821975,2.553736,15.118670,5.00e-05,26896.54,31854592,N/A,2025-07-14 12:21:46
7777,2.348711,2.553736,15.118670,5.00e-05,27158.43,31858688,N/A,2025-07-14 12:21:46
7778,1.946231,2.553736,15.118670,5.00e-05,27183.60,31862784,N/A,2025-07-14 12:21:46
7779,1.405982,2.553736,15.118670,5.00e-05,27707.91,31866880,N/A,2025-07-14 12:21:46
7780,1.195217,2.553736,15.118670,5.00e-05,26367.34,31870976,1.0000,2025-07-14 12:21:47
7781,1.918882,2.553736,15.118670,5.00e-05,26309.40,31875072,N/A,2025-07-14 12:21:47
7782,1.846358,2.553736,15.118670,5.00e-05,26291.82,31879168,N/A,2025-07-14 12:21:47
7783,0.918634,2.553736,15.118670,5.00e-05,26304.96,31883264,N/A,2025-07-14 12:21:47
7784,2.846752,2.553736,15.118670,5.00e-05,26608.06,31887360,N/A,2025-07-14 12:21:47
7785,1.319366,2.553736,15.118670,5.00e-05,26512.18,31891456,N/A,2025-07-14 12:21:47
7786,2.521629,2.553736,15.118670,5.00e-05,26447.87,31895552,N/A,2025-07-14 12:21:47
7787,1.654543,2.553736,15.118670,5.00e-05,26490.30,31899648,N/A,2025-07-14 12:21:48
7788,2.268830,2.553736,15.118670,5.00e-05,26509.84,31903744,N/A,2025-07-14 12:21:48
7789,1.649750,2.553736,15.118670,5.00e-05,27775.01,31907840,N/A,2025-07-14 12:21:48
7790,2.119240,2.553736,15.118670,5.00e-05,27114.53,31911936,1.0000,2025-07-14 12:21:48
7791,1.203507,2.553736,15.118670,5.00e-05,27147.43,31916032,N/A,2025-07-14 12:21:48
7792,2.046067,2.553736,15.118670,5.00e-05,27158.97,31920128,N/A,2025-07-14 12:21:49
7793,1.322694,2.553736,15.118670,5.00e-05,27185.62,31924224,N/A,2025-07-14 12:21:49
7794,2.275702,2.553736,15.118670,5.00e-05,27255.44,31928320,N/A,2025-07-14 12:21:49
7795,1.234832,2.553736,15.118670,5.00e-05,27248.39,31932416,N/A,2025-07-14 12:21:49
7796,3.090275,2.553736,15.118670,5.00e-05,26894.13,31936512,N/A,2025-07-14 12:21:49
7797,2.556050,2.553736,15.118670,5.00e-05,26965.03,31940608,N/A,2025-07-14 12:21:49
7798,1.999565,2.553736,15.118670,5.00e-05,26992.06,31944704,N/A,2025-07-14 12:21:49
7799,1.564565,2.553736,15.118670,5.00e-05,27716.55,31948800,N/A,2025-07-14 12:21:50
7800,1.847909,2.553736,15.118670,5.00e-05,27063.07,31952896,1.0000,2025-07-14 12:21:50
7801,2.311014,2.553736,15.118670,5.00e-05,21654.99,31956992,N/A,2025-07-14 12:21:50
7802,2.225796,2.553736,15.118670,5.00e-05,21540.52,31961088,N/A,2025-07-14 12:21:51
7803,1.714606,2.553736,15.118670,5.00e-05,21452.28,31965184,N/A,2025-07-14 12:21:51
7804,2.888051,2.553736,15.118670,5.00e-05,21415.72,31969280,N/A,2025-07-14 12:21:51
7805,2.231778,2.553736,15.118670,5.00e-05,21507.75,31973376,N/A,2025-07-14 12:21:51
7806,1.426705,2.553736,15.118670,5.00e-05,21518.80,31977472,N/A,2025-07-14 12:21:51
7807,2.049127,2.553736,15.118670,5.00e-05,21356.74,31981568,N/A,2025-07-14 12:21:51
7808,2.428682,2.553736,15.118670,5.00e-05,21095.76,31985664,N/A,2025-07-14 12:21:52
7809,1.553494,2.553736,15.118670,5.00e-05,21493.76,31989760,N/A,2025-07-14 12:21:52
7810,2.377200,2.553736,15.118670,5.00e-05,26078.70,31993856,1.0000,2025-07-14 12:21:52
7811,1.942998,2.553736,15.118670,5.00e-05,26234.32,31997952,N/A,2025-07-14 12:21:52
7812,1.395934,2.553736,15.118670,5.00e-05,26307.34,32002048,N/A,2025-07-14 12:21:52
7813,1.494890,2.553736,15.118670,5.00e-05,26083.73,32006144,N/A,2025-07-14 12:21:52
7814,1.550814,2.553736,15.118670,5.00e-05,26257.67,32010240,N/A,2025-07-14 12:21:53
7815,1.632565,2.553736,15.118670,5.00e-05,25960.61,32014336,N/A,2025-07-14 12:21:53
7816,1.350061,2.553736,15.118670,5.00e-05,26121.71,32018432,N/A,2025-07-14 12:21:53
7817,1.612352,2.553736,15.118670,5.00e-05,26542.67,32022528,N/A,2025-07-14 12:21:53
7818,1.705404,2.553736,15.118670,5.00e-05,26522.18,32026624,N/A,2025-07-14 12:21:53
7819,2.378113,2.553736,15.118670,5.00e-05,27314.05,32030720,N/A,2025-07-14 12:21:53
7820,2.410067,2.553736,15.118670,5.00e-05,26704.61,32034816,1.0000,2025-07-14 12:21:54
7821,1.964702,2.553736,15.118670,5.00e-05,26822.56,32038912,N/A,2025-07-14 12:21:54
7822,2.130447,2.553736,15.118670,5.00e-05,27119.67,32043008,N/A,2025-07-14 12:21:54
7823,1.739593,2.553736,15.118670,5.00e-05,27171.05,32047104,N/A,2025-07-14 12:21:54
7824,2.321253,2.553736,15.118670,5.00e-05,27458.78,32051200,N/A,2025-07-14 12:21:54
7825,1.553394,2.553736,15.118670,5.00e-05,27544.73,32055296,N/A,2025-07-14 12:21:54
7826,2.558251,2.553736,15.118670,5.00e-05,27240.31,32059392,N/A,2025-07-14 12:21:55
7827,1.733165,2.553736,15.118670,5.00e-05,27003.47,32063488,N/A,2025-07-14 12:21:55
7828,1.872571,2.553736,15.118670,5.00e-05,27001.55,32067584,N/A,2025-07-14 12:21:55
7829,1.835563,2.553736,15.118670,5.00e-05,27657.70,32071680,N/A,2025-07-14 12:21:55
7830,1.418400,2.553736,15.118670,5.00e-05,27004.81,32075776,1.0000,2025-07-14 12:21:55
7831,2.743334,2.553736,15.118670,5.00e-05,26981.76,32079872,N/A,2025-07-14 12:21:56
7832,1.752050,2.553736,15.118670,5.00e-05,26577.83,32083968,N/A,2025-07-14 12:21:56
7833,1.837858,2.553736,15.118670,5.00e-05,26582.91,32088064,N/A,2025-07-14 12:21:56
7834,2.846833,2.553736,15.118670,5.00e-05,26624.01,32092160,N/A,2025-07-14 12:21:56
7835,2.488445,2.553736,15.118670,5.00e-05,26945.63,32096256,N/A,2025-07-14 12:21:56
7836,1.703372,2.553736,15.118670,5.00e-05,27255.66,32100352,N/A,2025-07-14 12:21:56
7837,2.482243,2.553736,15.118670,5.00e-05,27263.70,32104448,N/A,2025-07-14 12:21:56
7838,2.403454,2.553736,15.118670,5.00e-05,27208.81,32108544,N/A,2025-07-14 12:21:57
7839,1.747794,2.553736,15.118670,5.00e-05,27777.97,32112640,N/A,2025-07-14 12:21:57
7840,2.221073,2.553736,15.118670,5.00e-05,27154.31,32116736,1.0000,2025-07-14 12:21:57
7841,2.243671,2.553736,15.118670,5.00e-05,27542.91,32120832,N/A,2025-07-14 12:21:57
7842,1.361956,2.553736,15.118670,5.00e-05,27497.99,32124928,N/A,2025-07-14 12:21:57
7843,2.782524,2.553736,15.118670,5.00e-05,27217.92,32129024,N/A,2025-07-14 12:21:58
7844,2.010563,2.553736,15.118670,5.00e-05,27267.44,32133120,N/A,2025-07-14 12:21:58
7845,2.501747,2.553736,15.118670,5.00e-05,27204.26,32137216,N/A,2025-07-14 12:21:58
7846,1.700473,2.553736,15.118670,5.00e-05,27207.02,32141312,N/A,2025-07-14 12:21:58
7847,1.980778,2.553736,15.118670,5.00e-05,27276.00,32145408,N/A,2025-07-14 12:21:58
7848,1.510542,2.553736,15.118670,5.00e-05,27365.47,32149504,N/A,2025-07-14 12:21:58
7849,2.808064,2.553736,15.118670,5.00e-05,28013.58,32153600,N/A,2025-07-14 12:21:58
7850,2.121755,2.553736,15.118670,5.00e-05,27399.70,32157696,1.0000,2025-07-14 12:21:59
7851,2.077368,2.553736,15.118670,5.00e-05,27472.97,32161792,N/A,2025-07-14 12:21:59
7852,1.864988,2.553736,15.118670,5.00e-05,27551.38,32165888,N/A,2025-07-14 12:21:59
7853,1.701350,2.553736,15.118670,5.00e-05,27507.42,32169984,N/A,2025-07-14 12:21:59
7854,2.295815,2.553736,15.118670,5.00e-05,27529.30,32174080,N/A,2025-07-14 12:21:59
7855,1.107545,2.553736,15.118670,5.00e-05,27420.91,32178176,N/A,2025-07-14 12:21:59
7856,2.194743,2.553736,15.118670,5.00e-05,27335.23,32182272,N/A,2025-07-14 12:22:00
7857,2.583348,2.553736,15.118670,5.00e-05,27352.76,32186368,N/A,2025-07-14 12:22:00
7858,2.092898,2.553736,15.118670,5.00e-05,27364.81,32190464,N/A,2025-07-14 12:22:00
7859,1.383807,2.553736,15.118670,5.00e-05,27930.99,32194560,N/A,2025-07-14 12:22:00
7860,2.941390,2.553736,15.118670,5.00e-05,27095.93,32198656,1.0000,2025-07-14 12:22:00
7861,1.466072,2.553736,15.118670,5.00e-05,27019.07,32202752,N/A,2025-07-14 12:22:01
7862,1.598289,2.553736,15.118670,5.00e-05,26919.32,32206848,N/A,2025-07-14 12:22:01
7863,2.084962,2.553736,15.118670,5.00e-05,26909.99,32210944,N/A,2025-07-14 12:22:01
7864,2.229676,2.553736,15.118670,5.00e-05,26818.47,32215040,N/A,2025-07-14 12:22:01
7865,2.220763,2.553736,15.118670,5.00e-05,26833.64,32219136,N/A,2025-07-14 12:22:01
7866,1.025914,2.553736,15.118670,5.00e-05,26632.77,32223232,N/A,2025-07-14 12:22:01
7867,1.270278,2.553736,15.118670,5.00e-05,26648.00,32227328,N/A,2025-07-14 12:22:02
7868,2.182234,2.553736,15.118670,5.00e-05,26689.19,32231424,N/A,2025-07-14 12:22:02
7869,1.679344,2.553736,15.118670,5.00e-05,27427.23,32235520,N/A,2025-07-14 12:22:02
7870,2.745559,2.553736,15.118670,5.00e-05,27135.05,32239616,1.0000,2025-07-14 12:22:02
7871,1.892862,2.553736,15.118670,5.00e-05,27210.40,32243712,N/A,2025-07-14 12:22:02
7872,1.466222,2.553736,15.118670,5.00e-05,27241.96,32247808,N/A,2025-07-14 12:22:02
7873,1.436007,2.553736,15.118670,5.00e-05,26921.09,32251904,N/A,2025-07-14 12:22:03
7874,2.009051,2.553736,15.118670,5.00e-05,26955.51,32256000,N/A,2025-07-14 12:22:03
7875,1.801577,2.553736,15.118670,5.00e-05,27159.35,32260096,N/A,2025-07-14 12:22:03
7876,1.931966,2.553736,15.118670,5.00e-05,27179.16,32264192,N/A,2025-07-14 12:22:03
7877,2.106697,2.553736,15.118670,5.00e-05,26923.99,32268288,N/A,2025-07-14 12:22:03
7878,1.709299,2.553736,15.118670,5.00e-05,26928.04,32272384,N/A,2025-07-14 12:22:03
7879,2.167398,2.553736,15.118670,5.00e-05,27388.64,32276480,N/A,2025-07-14 12:22:04
7880,1.760620,2.553736,15.118670,5.00e-05,26893.38,32280576,1.0000,2025-07-14 12:22:04
7881,2.211994,2.553736,15.118670,5.00e-05,26794.11,32284672,N/A,2025-07-14 12:22:04
7882,2.259590,2.553736,15.118670,5.00e-05,27265.82,32288768,N/A,2025-07-14 12:22:04
7883,2.892934,2.553736,15.118670,5.00e-05,27325.08,32292864,N/A,2025-07-14 12:22:04
7884,2.636030,2.553736,15.118670,5.00e-05,27259.30,32296960,N/A,2025-07-14 12:22:04
7885,1.617758,2.553736,15.118670,5.00e-05,27209.14,32301056,N/A,2025-07-14 12:22:05
7886,2.062443,2.553736,15.118670,5.00e-05,27453.13,32305152,N/A,2025-07-14 12:22:05
7887,0.912926,2.553736,15.118670,5.00e-05,27473.10,32309248,N/A,2025-07-14 12:22:05
7888,1.965732,2.553736,15.118670,5.00e-05,27607.78,32313344,N/A,2025-07-14 12:22:05
7889,2.509374,2.553736,15.118670,5.00e-05,28123.79,32317440,N/A,2025-07-14 12:22:05
7890,1.643122,2.553736,15.118670,5.00e-05,27600.72,32321536,1.0000,2025-07-14 12:22:05
7891,1.324537,2.553736,15.118670,5.00e-05,27373.61,32325632,N/A,2025-07-14 12:22:06
7892,1.387245,2.553736,15.118670,5.00e-05,27370.69,32329728,N/A,2025-07-14 12:22:06
7893,1.680242,2.553736,15.118670,5.00e-05,27430.67,32333824,N/A,2025-07-14 12:22:06
7894,1.545070,2.553736,15.118670,5.00e-05,27446.23,32337920,N/A,2025-07-14 12:22:06
7895,1.571967,2.553736,15.118670,5.00e-05,27455.42,32342016,N/A,2025-07-14 12:22:06
7896,2.506892,2.553736,15.118670,5.00e-05,27504.88,32346112,N/A,2025-07-14 12:22:06
7897,1.784283,2.553736,15.118670,5.00e-05,27490.89,32350208,N/A,2025-07-14 12:22:06
7898,1.908022,2.553736,15.118670,5.00e-05,27570.05,32354304,N/A,2025-07-14 12:22:07
7899,2.698411,2.553736,15.118670,5.00e-05,28128.32,32358400,N/A,2025-07-14 12:22:07
7900,1.365957,2.553736,15.118670,5.00e-05,27530.77,32362496,1.0000,2025-07-14 12:22:07
7901,1.275108,2.553736,15.118670,5.00e-05,21958.37,32366592,N/A,2025-07-14 12:22:08
7902,2.585647,2.553736,15.118670,5.00e-05,21837.07,32370688,N/A,2025-07-14 12:22:08
7903,1.419845,2.553736,15.118670,5.00e-05,21860.89,32374784,N/A,2025-07-14 12:22:08
7904,2.103777,2.553736,15.118670,5.00e-05,21846.04,32378880,N/A,2025-07-14 12:22:08
7905,1.915928,2.553736,15.118670,5.00e-05,21792.57,32382976,N/A,2025-07-14 12:22:08
7906,1.751601,2.553736,15.118670,5.00e-05,21771.59,32387072,N/A,2025-07-14 12:22:08
7907,1.535319,2.553736,15.118670,5.00e-05,21741.01,32391168,N/A,2025-07-14 12:22:09
7908,2.593713,2.553736,15.118670,5.00e-05,21803.56,32395264,N/A,2025-07-14 12:22:09
7909,2.410896,2.553736,15.118670,5.00e-05,22350.46,32399360,N/A,2025-07-14 12:22:09
7910,1.815312,2.553736,15.118670,5.00e-05,27290.13,32403456,1.0000,2025-07-14 12:22:09
7911,1.628194,2.553736,15.118670,5.00e-05,27490.00,32407552,N/A,2025-07-14 12:22:09
7912,2.125129,2.553736,15.118670,5.00e-05,27501.24,32411648,N/A,2025-07-14 12:22:09
7913,1.257249,2.553736,15.118670,5.00e-05,27596.62,32415744,N/A,2025-07-14 12:22:10
7914,2.485980,2.553736,15.118670,5.00e-05,27437.66,32419840,N/A,2025-07-14 12:22:10
7915,2.116290,2.553736,15.118670,5.00e-05,27424.10,32423936,N/A,2025-07-14 12:22:10
7916,2.373801,2.553736,15.118670,5.00e-05,26950.87,32428032,N/A,2025-07-14 12:22:10
7917,2.035179,2.553736,15.118670,5.00e-05,26953.34,32432128,N/A,2025-07-14 12:22:10
7918,2.878335,2.553736,15.118670,5.00e-05,26922.34,32436224,N/A,2025-07-14 12:22:10
7919,0.991889,2.553736,15.118670,5.00e-05,27710.39,32440320,N/A,2025-07-14 12:22:11
7920,0.708807,2.553736,15.118670,5.00e-05,27073.96,32444416,1.0000,2025-07-14 12:22:11
7921,2.053691,2.553736,15.118670,5.00e-05,27050.46,32448512,N/A,2025-07-14 12:22:11
7922,1.655009,2.553736,15.118670,5.00e-05,27004.25,32452608,N/A,2025-07-14 12:22:11
7923,1.833213,2.553736,15.118670,5.00e-05,27236.04,32456704,N/A,2025-07-14 12:22:11
7924,2.211815,2.553736,15.118670,5.00e-05,26801.72,32460800,N/A,2025-07-14 12:22:11
7925,1.047568,2.553736,15.118670,5.00e-05,27291.63,32464896,N/A,2025-07-14 12:22:12
7926,2.441588,2.553736,15.118670,5.00e-05,27122.38,32468992,N/A,2025-07-14 12:22:12
7927,1.453141,2.553736,15.118670,5.00e-05,26715.88,32473088,N/A,2025-07-14 12:22:12
7928,2.456249,2.553736,15.118670,5.00e-05,26724.87,32477184,N/A,2025-07-14 12:22:12
7929,1.958836,2.553736,15.118670,5.00e-05,27285.97,32481280,N/A,2025-07-14 12:22:12
7930,1.646280,2.553736,15.118670,5.00e-05,26699.07,32485376,1.0000,2025-07-14 12:22:12
7931,1.266078,2.553736,15.118670,5.00e-05,26707.93,32489472,N/A,2025-07-14 12:22:13
7932,1.420909,2.553736,15.118670,5.00e-05,26716.00,32493568,N/A,2025-07-14 12:22:13
7933,0.580847,2.553736,15.118670,5.00e-05,27140.18,32497664,N/A,2025-07-14 12:22:13
7934,1.875381,2.553736,15.118670,5.00e-05,26895.29,32501760,N/A,2025-07-14 12:22:13
7935,1.776308,2.553736,15.118670,5.00e-05,26944.74,32505856,N/A,2025-07-14 12:22:13
7936,1.564688,2.553736,15.118670,5.00e-05,27282.22,32509952,N/A,2025-07-14 12:22:13
7937,1.235371,2.553736,15.118670,5.00e-05,27179.30,32514048,N/A,2025-07-14 12:22:14
7938,1.699736,2.553736,15.118670,5.00e-05,27262.97,32518144,N/A,2025-07-14 12:22:14
7939,1.312555,2.553736,15.118670,5.00e-05,27831.02,32522240,N/A,2025-07-14 12:22:14
7940,2.234832,2.553736,15.118670,5.00e-05,27212.80,32526336,1.0000,2025-07-14 12:22:14
7941,2.309181,2.553736,15.118670,5.00e-05,27090.46,32530432,N/A,2025-07-14 12:22:14
7942,1.185027,2.553736,15.118670,5.00e-05,27011.71,32534528,N/A,2025-07-14 12:22:14
7943,1.287637,2.553736,15.118670,5.00e-05,27211.19,32538624,N/A,2025-07-14 12:22:15
7944,1.109546,2.553736,15.118670,5.00e-05,26429.13,32542720,N/A,2025-07-14 12:22:15
7945,2.078781,2.553736,15.118670,5.00e-05,26507.90,32546816,N/A,2025-07-14 12:22:15
7946,1.187613,2.553736,15.118670,5.00e-05,26489.97,32550912,N/A,2025-07-14 12:22:15
7947,2.665902,2.553736,15.118670,5.00e-05,26425.85,32555008,N/A,2025-07-14 12:22:15
7948,2.334713,2.553736,15.118670,5.00e-05,26478.87,32559104,N/A,2025-07-14 12:22:15
7949,2.460274,2.553736,15.118670,5.00e-05,27044.66,32563200,N/A,2025-07-14 12:22:16
7950,1.694387,2.553736,15.118670,5.00e-05,26521.25,32567296,1.0000,2025-07-14 12:22:16
7951,1.524143,2.553736,15.118670,5.00e-05,26665.26,32571392,N/A,2025-07-14 12:22:16
7952,1.219927,2.553736,15.118670,5.00e-05,26653.55,32575488,N/A,2025-07-14 12:22:16
7953,2.116472,2.553736,15.118670,5.00e-05,27513.13,32579584,N/A,2025-07-14 12:22:16
7954,2.079646,2.553736,15.118670,5.00e-05,27355.60,32583680,N/A,2025-07-14 12:22:16
7955,1.575652,2.553736,15.118670,5.00e-05,27479.67,32587776,N/A,2025-07-14 12:22:17
7956,2.808441,2.553736,15.118670,5.00e-05,27521.40,32591872,N/A,2025-07-14 12:22:17
7957,2.330966,2.553736,15.118670,5.00e-05,27319.74,32595968,N/A,2025-07-14 12:22:17
7958,3.635934,2.553736,15.118670,5.00e-05,27273.98,32600064,N/A,2025-07-14 12:22:17
7959,1.497386,2.553736,15.118670,5.00e-05,27865.92,32604160,N/A,2025-07-14 12:22:17
7960,1.565390,2.553736,15.118670,5.00e-05,27064.60,32608256,1.0000,2025-07-14 12:22:17
7961,1.944395,2.553736,15.118670,5.00e-05,26896.39,32612352,N/A,2025-07-14 12:22:18
7962,1.818024,2.553736,15.118670,5.00e-05,26933.59,32616448,N/A,2025-07-14 12:22:18
7963,1.497392,2.553736,15.118670,5.00e-05,27122.71,32620544,N/A,2025-07-14 12:22:18
7964,1.824042,2.553736,15.118670,5.00e-05,26915.77,32624640,N/A,2025-07-14 12:22:18
7965,1.798191,2.553736,15.118670,5.00e-05,26890.78,32628736,N/A,2025-07-14 12:22:18
7966,1.982452,2.553736,15.118670,5.00e-05,27117.88,32632832,N/A,2025-07-14 12:22:18
7967,2.518798,2.553736,15.118670,5.00e-05,27209.18,32636928,N/A,2025-07-14 12:22:19
7968,2.021356,2.553736,15.118670,5.00e-05,27289.41,32641024,N/A,2025-07-14 12:22:19
7969,1.218178,2.553736,15.118670,5.00e-05,27970.28,32645120,N/A,2025-07-14 12:22:19
7970,1.342788,2.553736,15.118670,5.00e-05,27060.61,32649216,1.0000,2025-07-14 12:22:19
7971,0.822787,2.553736,15.118670,5.00e-05,26989.46,32653312,N/A,2025-07-14 12:22:19
7972,1.340271,2.553736,15.118670,5.00e-05,27016.41,32657408,N/A,2025-07-14 12:22:19
7973,1.389688,2.553736,15.118670,5.00e-05,27196.57,32661504,N/A,2025-07-14 12:22:20
7974,0.997750,2.553736,15.118670,5.00e-05,26946.04,32665600,N/A,2025-07-14 12:22:20
7975,1.625484,2.553736,15.118670,5.00e-05,26909.06,32669696,N/A,2025-07-14 12:22:20
7976,1.482236,2.553736,15.118670,5.00e-05,26895.80,32673792,N/A,2025-07-14 12:22:20
7977,2.481715,2.553736,15.118670,5.00e-05,26913.21,32677888,N/A,2025-07-14 12:22:20
7978,1.257572,2.553736,15.118670,5.00e-05,27018.16,32681984,N/A,2025-07-14 12:22:20
7979,1.585958,2.553736,15.118670,5.00e-05,28107.26,32686080,N/A,2025-07-14 12:22:21
7980,1.947674,2.553736,15.118670,5.00e-05,27532.36,32690176,1.0000,2025-07-14 12:22:21
7981,1.496656,2.553736,15.118670,5.00e-05,27504.79,32694272,N/A,2025-07-14 12:22:21
7982,2.159045,2.553736,15.118670,5.00e-05,27511.10,32698368,N/A,2025-07-14 12:22:21
7983,1.514585,2.553736,15.118670,5.00e-05,27801.10,32702464,N/A,2025-07-14 12:22:21
7984,1.256988,2.553736,15.118670,5.00e-05,27800.28,32706560,N/A,2025-07-14 12:22:21
7985,1.205800,2.553736,15.118670,5.00e-05,27652.17,32710656,N/A,2025-07-14 12:22:22
7986,2.078739,2.553736,15.118670,5.00e-05,27597.86,32714752,N/A,2025-07-14 12:22:22
7987,1.716796,2.553736,15.118670,5.00e-05,27277.84,32718848,N/A,2025-07-14 12:22:22
7988,1.991508,2.553736,15.118670,5.00e-05,27240.11,32722944,N/A,2025-07-14 12:22:22
7989,1.464410,2.553736,15.118670,5.00e-05,27619.36,32727040,N/A,2025-07-14 12:22:22
7990,1.529651,2.553736,15.118670,5.00e-05,27017.39,32731136,1.0000,2025-07-14 12:22:22
7991,1.520108,2.553736,15.118670,5.00e-05,26927.88,32735232,N/A,2025-07-14 12:22:23
7992,1.571710,2.553736,15.118670,5.00e-05,26849.14,32739328,N/A,2025-07-14 12:22:23
7993,1.806832,2.553736,15.118670,5.00e-05,26403.34,32743424,N/A,2025-07-14 12:22:23
7994,1.877197,2.553736,15.118670,5.00e-05,26477.34,32747520,N/A,2025-07-14 12:22:23
7995,2.498343,2.553736,15.118670,5.00e-05,26385.17,32751616,N/A,2025-07-14 12:22:23
7996,0.838807,2.553736,15.118670,5.00e-05,26614.66,32755712,N/A,2025-07-14 12:22:23
7997,1.345271,2.553736,15.118670,5.00e-05,26633.07,32759808,N/A,2025-07-14 12:22:24
7998,1.583214,2.553736,15.118670,5.00e-05,26810.75,32763904,N/A,2025-07-14 12:22:24
7999,1.406095,2.553736,15.118670,5.00e-05,27365.15,32768000,N/A,2025-07-14 12:22:24
8000,1.948857,1.690441,5.965318,5.00e-05,3607.37,32772096,N/A,2025-07-14 12:22:34
8001,1.260978,1.690441,5.965318,5.00e-05,3457.38,32776192,N/A,2025-07-14 12:22:35
8002,1.690091,1.690441,5.965318,5.00e-05,3460.30,32780288,N/A,2025-07-14 12:22:35
8003,1.679627,1.690441,5.965318,5.00e-05,3451.71,32784384,N/A,2025-07-14 12:22:35
8004,1.972316,1.690441,5.965318,5.00e-05,3440.45,32788480,N/A,2025-07-14 12:22:35
8005,1.462949,1.690441,5.965318,5.00e-05,3436.22,32792576,N/A,2025-07-14 12:22:35
8006,2.349649,1.690441,5.965318,5.00e-05,3430.73,32796672,N/A,2025-07-14 12:22:36
8007,0.999870,1.690441,5.965318,5.00e-05,3412.11,32800768,N/A,2025-07-14 12:22:36
8008,1.139816,1.690441,5.965318,5.00e-05,3408.65,32804864,N/A,2025-07-14 12:22:36
8009,1.763192,1.690441,5.965318,5.00e-05,18919.59,32808960,N/A,2025-07-14 12:22:36
8010,2.266423,1.690441,5.965318,5.00e-05,23225.11,32813056,1.0000,2025-07-14 12:22:36
8011,2.262927,1.690441,5.965318,5.00e-05,23044.62,32817152,N/A,2025-07-14 12:22:37
8012,2.039279,1.690441,5.965318,5.00e-05,23095.61,32821248,N/A,2025-07-14 12:22:37
8013,1.575389,1.690441,5.965318,5.00e-05,23424.68,32825344,N/A,2025-07-14 12:22:37
8014,1.747063,1.690441,5.965318,5.00e-05,23065.71,32829440,N/A,2025-07-14 12:22:37
8015,1.743477,1.690441,5.965318,5.00e-05,23299.63,32833536,N/A,2025-07-14 12:22:37
8016,1.488860,1.690441,5.965318,5.00e-05,23946.93,32837632,N/A,2025-07-14 12:22:38
8017,1.037696,1.690441,5.965318,5.00e-05,23882.98,32841728,N/A,2025-07-14 12:22:38
8018,2.070104,1.690441,5.965318,5.00e-05,23986.96,32845824,N/A,2025-07-14 12:22:38
8019,1.858017,1.690441,5.965318,5.00e-05,24770.03,32849920,N/A,2025-07-14 12:22:38
8020,2.605798,1.690441,5.965318,5.00e-05,23948.99,32854016,1.0000,2025-07-14 12:22:38
8021,1.903381,1.690441,5.965318,5.00e-05,24073.53,32858112,N/A,2025-07-14 12:22:39
8022,1.834056,1.690441,5.965318,5.00e-05,24116.31,32862208,N/A,2025-07-14 12:22:39
8023,1.249239,1.690441,5.965318,5.00e-05,24703.58,32866304,N/A,2025-07-14 12:22:39
8024,1.692741,1.690441,5.965318,5.00e-05,24357.16,32870400,N/A,2025-07-14 12:22:39
8025,1.631042,1.690441,5.965318,5.00e-05,24305.08,32874496,N/A,2025-07-14 12:22:39
8026,1.421268,1.690441,5.965318,5.00e-05,24338.53,32878592,N/A,2025-07-14 12:22:39
8027,1.468428,1.690441,5.965318,5.00e-05,23537.74,32882688,N/A,2025-07-14 12:22:40
8028,2.518422,1.690441,5.965318,5.00e-05,23695.35,32886784,N/A,2025-07-14 12:22:40
8029,1.665104,1.690441,5.965318,5.00e-05,24419.85,32890880,N/A,2025-07-14 12:22:40
8030,1.642091,1.690441,5.965318,5.00e-05,23581.83,32894976,1.0000,2025-07-14 12:22:40
8031,1.227378,1.690441,5.965318,5.00e-05,23754.80,32899072,N/A,2025-07-14 12:22:40
8032,2.188418,1.690441,5.965318,5.00e-05,23675.41,32903168,N/A,2025-07-14 12:22:41
8033,2.279111,1.690441,5.965318,5.00e-05,23753.67,32907264,N/A,2025-07-14 12:22:41
8034,1.273193,1.690441,5.965318,5.00e-05,23607.76,32911360,N/A,2025-07-14 12:22:41
8035,1.900572,1.690441,5.965318,5.00e-05,23785.53,32915456,N/A,2025-07-14 12:22:41
8036,1.723517,1.690441,5.965318,5.00e-05,24572.59,32919552,N/A,2025-07-14 12:22:41
8037,1.309072,1.690441,5.965318,5.00e-05,24824.76,32923648,N/A,2025-07-14 12:22:41
8038,1.472217,1.690441,5.965318,5.00e-05,25180.47,32927744,N/A,2025-07-14 12:22:42
8039,1.578339,1.690441,5.965318,5.00e-05,26268.50,32931840,N/A,2025-07-14 12:22:42
8040,1.817747,1.690441,5.965318,5.00e-05,25065.61,32935936,1.0000,2025-07-14 12:22:42
8041,2.126994,1.690441,5.965318,5.00e-05,25185.41,32940032,N/A,2025-07-14 12:22:42
8042,2.162712,1.690441,5.965318,5.00e-05,25524.39,32944128,N/A,2025-07-14 12:22:42
8043,2.569471,1.690441,5.965318,5.00e-05,26130.13,32948224,N/A,2025-07-14 12:22:43
8044,1.781920,1.690441,5.965318,5.00e-05,26178.07,32952320,N/A,2025-07-14 12:22:43
8045,1.180846,1.690441,5.965318,5.00e-05,26276.12,32956416,N/A,2025-07-14 12:22:43
8046,1.913935,1.690441,5.965318,5.00e-05,26515.35,32960512,N/A,2025-07-14 12:22:43
8047,1.272982,1.690441,5.965318,5.00e-05,26688.64,32964608,N/A,2025-07-14 12:22:43
8048,1.889430,1.690441,5.965318,5.00e-05,26901.79,32968704,N/A,2025-07-14 12:22:43
8049,1.761296,1.690441,5.965318,5.00e-05,27845.97,32972800,N/A,2025-07-14 12:22:44
8050,1.229309,1.690441,5.965318,5.00e-05,27108.46,32976896,1.0000,2025-07-14 12:22:44
8051,2.228077,1.690441,5.965318,5.00e-05,27111.81,32980992,N/A,2025-07-14 12:22:44
8052,1.390043,1.690441,5.965318,5.00e-05,26825.08,32985088,N/A,2025-07-14 12:22:44
8053,1.188763,1.690441,5.965318,5.00e-05,26840.14,32989184,N/A,2025-07-14 12:22:44
8054,1.959526,1.690441,5.965318,5.00e-05,26855.73,32993280,N/A,2025-07-14 12:22:44
8055,1.538873,1.690441,5.965318,5.00e-05,26737.71,32997376,N/A,2025-07-14 12:22:45
8056,2.194587,1.690441,5.965318,5.00e-05,26770.13,33001472,N/A,2025-07-14 12:22:45
8057,1.579215,1.690441,5.965318,5.00e-05,26738.36,33005568,N/A,2025-07-14 12:22:45
8058,2.082276,1.690441,5.965318,5.00e-05,27011.17,33009664,N/A,2025-07-14 12:22:45
8059,1.917394,1.690441,5.965318,5.00e-05,27762.31,33013760,N/A,2025-07-14 12:22:45
8060,1.525936,1.690441,5.965318,5.00e-05,27130.58,33017856,1.0000,2025-07-14 12:22:45
8061,1.174903,1.690441,5.965318,5.00e-05,27326.60,33021952,N/A,2025-07-14 12:22:46
8062,1.819491,1.690441,5.965318,5.00e-05,27329.19,33026048,N/A,2025-07-14 12:22:46
8063,1.925185,1.690441,5.965318,5.00e-05,27355.76,33030144,N/A,2025-07-14 12:22:46
8064,1.356794,1.690441,5.965318,5.00e-05,27461.25,33034240,N/A,2025-07-14 12:22:46
8065,2.282651,1.690441,5.965318,5.00e-05,27178.04,33038336,N/A,2025-07-14 12:22:46
8066,1.826934,1.690441,5.965318,5.00e-05,26770.08,33042432,N/A,2025-07-14 12:22:46
8067,1.935897,1.690441,5.965318,5.00e-05,27034.83,33046528,N/A,2025-07-14 12:22:47
8068,1.064521,1.690441,5.965318,5.00e-05,27100.13,33050624,N/A,2025-07-14 12:22:47
8069,1.947423,1.690441,5.965318,5.00e-05,27676.35,33054720,N/A,2025-07-14 12:22:47
8070,1.500815,1.690441,5.965318,5.00e-05,27118.20,33058816,1.0000,2025-07-14 12:22:47
8071,1.295189,1.690441,5.965318,5.00e-05,27046.51,33062912,N/A,2025-07-14 12:22:47
8072,1.015879,1.690441,5.965318,5.00e-05,26962.20,33067008,N/A,2025-07-14 12:22:47
8073,1.668818,1.690441,5.965318,5.00e-05,26922.43,33071104,N/A,2025-07-14 12:22:48
8074,1.457680,1.690441,5.965318,5.00e-05,27124.00,33075200,N/A,2025-07-14 12:22:48
8075,2.489167,1.690441,5.965318,5.00e-05,27469.20,33079296,N/A,2025-07-14 12:22:48
8076,2.162266,1.690441,5.965318,5.00e-05,27422.61,33083392,N/A,2025-07-14 12:22:48
8077,1.499118,1.690441,5.965318,5.00e-05,27224.66,33087488,N/A,2025-07-14 12:22:48
8078,2.048790,1.690441,5.965318,5.00e-05,27263.03,33091584,N/A,2025-07-14 12:22:48
8079,1.886571,1.690441,5.965318,5.00e-05,27842.23,33095680,N/A,2025-07-14 12:22:49
8080,1.255775,1.690441,5.965318,5.00e-05,27273.13,33099776,1.0000,2025-07-14 12:22:49
8081,1.858513,1.690441,5.965318,5.00e-05,27285.99,33103872,N/A,2025-07-14 12:22:49
8082,1.772595,1.690441,5.965318,5.00e-05,27291.73,33107968,N/A,2025-07-14 12:22:49
8083,1.439481,1.690441,5.965318,5.00e-05,27016.42,33112064,N/A,2025-07-14 12:22:49
8084,1.827787,1.690441,5.965318,5.00e-05,27146.81,33116160,N/A,2025-07-14 12:22:49
8085,0.758460,1.690441,5.965318,5.00e-05,26650.64,33120256,N/A,2025-07-14 12:22:50
8086,1.271436,1.690441,5.965318,5.00e-05,26549.92,33124352,N/A,2025-07-14 12:22:50
8087,2.020482,1.690441,5.965318,5.00e-05,26538.18,33128448,N/A,2025-07-14 12:22:50
8088,1.236697,1.690441,5.965318,5.00e-05,26593.20,33132544,N/A,2025-07-14 12:22:50
8089,1.692538,1.690441,5.965318,5.00e-05,27178.42,33136640,N/A,2025-07-14 12:22:50
8090,1.548037,1.690441,5.965318,5.00e-05,26240.86,33140736,1.0000,2025-07-14 12:22:50
8091,1.354703,1.690441,5.965318,5.00e-05,26242.17,33144832,N/A,2025-07-14 12:22:51
8092,2.155136,1.690441,5.965318,5.00e-05,26446.57,33148928,N/A,2025-07-14 12:22:51
8093,1.770831,1.690441,5.965318,5.00e-05,26002.02,33153024,N/A,2025-07-14 12:22:51
8094,1.754148,1.690441,5.965318,5.00e-05,26219.75,33157120,N/A,2025-07-14 12:22:51
8095,1.314236,1.690441,5.965318,5.00e-05,26485.48,33161216,N/A,2025-07-14 12:22:51
8096,0.928608,1.690441,5.965318,5.00e-05,26478.59,33165312,N/A,2025-07-14 12:22:51
8097,1.086606,1.690441,5.965318,5.00e-05,26402.61,33169408,N/A,2025-07-14 12:22:52
8098,1.640521,1.690441,5.965318,5.00e-05,26386.58,33173504,N/A,2025-07-14 12:22:52
8099,1.631531,1.690441,5.965318,5.00e-05,27322.83,33177600,N/A,2025-07-14 12:22:52
8100,1.791659,1.690441,5.965318,5.00e-05,26730.32,33181696,1.0000,2025-07-14 12:22:52
8101,1.874240,1.690441,5.965318,5.00e-05,20981.19,33185792,N/A,2025-07-14 12:22:53
8102,1.222636,1.690441,5.965318,5.00e-05,21105.71,33189888,N/A,2025-07-14 12:22:53
8103,1.585254,1.690441,5.965318,5.00e-05,21192.84,33193984,N/A,2025-07-14 12:22:53
8104,2.142069,1.690441,5.965318,5.00e-05,21188.47,33198080,N/A,2025-07-14 12:22:53
8105,1.226790,1.690441,5.965318,5.00e-05,21215.94,33202176,N/A,2025-07-14 12:22:53
8106,1.361666,1.690441,5.965318,5.00e-05,21213.67,33206272,N/A,2025-07-14 12:22:54
8107,1.967165,1.690441,5.965318,5.00e-05,21222.71,33210368,N/A,2025-07-14 12:22:54
8108,1.298835,1.690441,5.965318,5.00e-05,21227.80,33214464,N/A,2025-07-14 12:22:54
8109,1.248786,1.690441,5.965318,5.00e-05,21500.22,33218560,N/A,2025-07-14 12:22:54
8110,1.821063,1.690441,5.965318,5.00e-05,26886.33,33222656,1.0000,2025-07-14 12:22:54
8111,2.315547,1.690441,5.965318,5.00e-05,27074.93,33226752,N/A,2025-07-14 12:22:54
8112,1.979491,1.690441,5.965318,5.00e-05,27099.79,33230848,N/A,2025-07-14 12:22:55
8113,1.368949,1.690441,5.965318,5.00e-05,26967.96,33234944,N/A,2025-07-14 12:22:55
8114,1.827025,1.690441,5.965318,5.00e-05,26890.72,33239040,N/A,2025-07-14 12:22:55
8115,2.502459,1.690441,5.965318,5.00e-05,26835.95,33243136,N/A,2025-07-14 12:22:55
8116,1.307352,1.690441,5.965318,5.00e-05,26649.76,33247232,N/A,2025-07-14 12:22:55
8117,1.550173,1.690441,5.965318,5.00e-05,26677.08,33251328,N/A,2025-07-14 12:22:55
8118,0.905197,1.690441,5.965318,5.00e-05,26887.64,33255424,N/A,2025-07-14 12:22:56
8119,2.057314,1.690441,5.965318,5.00e-05,27667.08,33259520,N/A,2025-07-14 12:22:56
8120,1.431515,1.690441,5.965318,5.00e-05,27076.21,33263616,1.0000,2025-07-14 12:22:56
8121,1.399116,1.690441,5.965318,5.00e-05,26728.96,33267712,N/A,2025-07-14 12:22:56
8122,2.214162,1.690441,5.965318,5.00e-05,26869.24,33271808,N/A,2025-07-14 12:22:56
8123,1.536083,1.690441,5.965318,5.00e-05,26983.54,33275904,N/A,2025-07-14 12:22:56
8124,1.315235,1.690441,5.965318,5.00e-05,27100.98,33280000,N/A,2025-07-14 12:22:57
8125,1.179843,1.690441,5.965318,5.00e-05,27321.95,33284096,N/A,2025-07-14 12:22:57
8126,2.008016,1.690441,5.965318,5.00e-05,27213.59,33288192,N/A,2025-07-14 12:22:57
8127,1.841440,1.690441,5.965318,5.00e-05,27243.82,33292288,N/A,2025-07-14 12:22:57
8128,1.552484,1.690441,5.965318,5.00e-05,27291.40,33296384,N/A,2025-07-14 12:22:57
8129,1.591016,1.690441,5.965318,5.00e-05,27837.01,33300480,N/A,2025-07-14 12:22:57
8130,1.746302,1.690441,5.965318,5.00e-05,27516.61,33304576,1.0000,2025-07-14 12:22:58
8131,2.327449,1.690441,5.965318,5.00e-05,26981.53,33308672,N/A,2025-07-14 12:22:58
8132,1.654508,1.690441,5.965318,5.00e-05,26741.04,33312768,N/A,2025-07-14 12:22:58
8133,1.023781,1.690441,5.965318,5.00e-05,26715.84,33316864,N/A,2025-07-14 12:22:58
8134,1.279822,1.690441,5.965318,5.00e-05,26681.78,33320960,N/A,2025-07-14 12:22:58
8135,0.713160,1.690441,5.965318,5.00e-05,26835.82,33325056,N/A,2025-07-14 12:22:58
8136,2.429431,1.690441,5.965318,5.00e-05,26766.80,33329152,N/A,2025-07-14 12:22:59
8137,2.009717,1.690441,5.965318,5.00e-05,26792.83,33333248,N/A,2025-07-14 12:22:59
8138,1.857490,1.690441,5.965318,5.00e-05,26853.33,33337344,N/A,2025-07-14 12:22:59
8139,1.627718,1.690441,5.965318,5.00e-05,27546.60,33341440,N/A,2025-07-14 12:22:59
8140,1.051743,1.690441,5.965318,5.00e-05,26878.90,33345536,1.0000,2025-07-14 12:22:59
8141,1.449471,1.690441,5.965318,5.00e-05,27080.67,33349632,N/A,2025-07-14 12:22:59
8142,1.489761,1.690441,5.965318,5.00e-05,27117.89,33353728,N/A,2025-07-14 12:23:00
8143,1.372502,1.690441,5.965318,5.00e-05,27064.52,33357824,N/A,2025-07-14 12:23:00
8144,1.671646,1.690441,5.965318,5.00e-05,26837.75,33361920,N/A,2025-07-14 12:23:00
8145,1.784921,1.690441,5.965318,5.00e-05,26796.66,33366016,N/A,2025-07-14 12:23:00
8146,1.854913,1.690441,5.965318,5.00e-05,26674.53,33370112,N/A,2025-07-14 12:23:00
8147,2.160338,1.690441,5.965318,5.00e-05,26722.94,33374208,N/A,2025-07-14 12:23:00
8148,1.867306,1.690441,5.965318,5.00e-05,26553.17,33378304,N/A,2025-07-14 12:23:01
8149,1.333144,1.690441,5.965318,5.00e-05,27680.04,33382400,N/A,2025-07-14 12:23:01
8150,2.084863,1.690441,5.965318,5.00e-05,26961.52,33386496,1.0000,2025-07-14 12:23:01
8151,1.721815,1.690441,5.965318,5.00e-05,26407.13,33390592,N/A,2025-07-14 12:23:01
8152,1.028427,1.690441,5.965318,5.00e-05,26471.08,33394688,N/A,2025-07-14 12:23:01
8153,1.567411,1.690441,5.965318,5.00e-05,26608.38,33398784,N/A,2025-07-14 12:23:02
8154,1.588453,1.690441,5.965318,5.00e-05,26669.32,33402880,N/A,2025-07-14 12:23:02
8155,1.133615,1.690441,5.965318,5.00e-05,26532.63,33406976,N/A,2025-07-14 12:23:02
8156,0.854186,1.690441,5.965318,5.00e-05,26481.20,33411072,N/A,2025-07-14 12:23:02
8157,0.915458,1.690441,5.965318,5.00e-05,26652.54,33415168,N/A,2025-07-14 12:23:02
8158,1.633953,1.690441,5.965318,5.00e-05,26632.21,33419264,N/A,2025-07-14 12:23:02
8159,0.992557,1.690441,5.965318,5.00e-05,27280.52,33423360,N/A,2025-07-14 12:23:02
8160,1.549286,1.690441,5.965318,5.00e-05,26442.29,33427456,1.0000,2025-07-14 12:23:03
8161,1.018314,1.690441,5.965318,5.00e-05,26331.73,33431552,N/A,2025-07-14 12:23:03
8162,1.022401,1.690441,5.965318,5.00e-05,26351.15,33435648,N/A,2025-07-14 12:23:03
8163,1.018736,1.690441,5.965318,5.00e-05,25984.48,33439744,N/A,2025-07-14 12:23:03
8164,1.837723,1.690441,5.965318,5.00e-05,26124.55,33443840,N/A,2025-07-14 12:23:03
8165,1.494947,1.690441,5.965318,5.00e-05,26116.46,33447936,N/A,2025-07-14 12:23:04
8166,0.847573,1.690441,5.965318,5.00e-05,26106.18,33452032,N/A,2025-07-14 12:23:04
8167,1.750399,1.690441,5.965318,5.00e-05,26026.79,33456128,N/A,2025-07-14 12:23:04
8168,0.990714,1.690441,5.965318,5.00e-05,26042.28,33460224,N/A,2025-07-14 12:23:04
8169,1.318463,1.690441,5.965318,5.00e-05,27277.74,33464320,N/A,2025-07-14 12:23:04
8170,1.180163,1.690441,5.965318,5.00e-05,26598.23,33468416,1.0000,2025-07-14 12:23:04
8171,1.735287,1.690441,5.965318,5.00e-05,26512.03,33472512,N/A,2025-07-14 12:23:05
8172,2.138393,1.690441,5.965318,5.00e-05,26848.32,33476608,N/A,2025-07-14 12:23:05
8173,0.834039,1.690441,5.965318,5.00e-05,26685.04,33480704,N/A,2025-07-14 12:23:05
8174,1.513710,1.690441,5.965318,5.00e-05,26756.04,33484800,N/A,2025-07-14 12:23:05
8175,1.331580,1.690441,5.965318,5.00e-05,26499.90,33488896,N/A,2025-07-14 12:23:05
8176,1.323653,1.690441,5.965318,5.00e-05,26581.37,33492992,N/A,2025-07-14 12:23:05
8177,1.642188,1.690441,5.965318,5.00e-05,26446.15,33497088,N/A,2025-07-14 12:23:06
8178,1.277789,1.690441,5.965318,5.00e-05,26568.73,33501184,N/A,2025-07-14 12:23:06
8179,1.258268,1.690441,5.965318,5.00e-05,27405.45,33505280,N/A,2025-07-14 12:23:06
8180,1.896005,1.690441,5.965318,5.00e-05,25796.65,33509376,1.0000,2025-07-14 12:23:06
8181,1.138365,1.690441,5.965318,5.00e-05,25817.31,33513472,N/A,2025-07-14 12:23:06
8182,0.846246,1.690441,5.965318,5.00e-05,26033.79,33517568,N/A,2025-07-14 12:23:07
8183,1.108652,1.690441,5.965318,5.00e-05,26010.48,33521664,N/A,2025-07-14 12:23:07
8184,1.484477,1.690441,5.965318,5.00e-05,25865.17,33525760,N/A,2025-07-14 12:23:07
8185,1.499122,1.690441,5.965318,5.00e-05,25945.66,33529856,N/A,2025-07-14 12:23:07
8186,1.578019,1.690441,5.965318,5.00e-05,26132.18,33533952,N/A,2025-07-14 12:23:07
8187,1.148986,1.690441,5.965318,5.00e-05,26132.48,33538048,N/A,2025-07-14 12:23:07
8188,1.724948,1.690441,5.965318,5.00e-05,26103.19,33542144,N/A,2025-07-14 12:23:08
8189,1.111230,1.690441,5.965318,5.00e-05,27544.85,33546240,N/A,2025-07-14 12:23:08
8190,1.660967,1.690441,5.965318,5.00e-05,26858.81,33550336,1.0000,2025-07-14 12:23:08
8191,1.551454,1.690441,5.965318,5.00e-05,26416.79,33554432,N/A,2025-07-14 12:23:08
8192,1.298390,1.690441,5.965318,5.00e-05,26422.92,33558528,N/A,2025-07-14 12:23:08
8193,1.385044,1.690441,5.965318,5.00e-05,26656.24,33562624,N/A,2025-07-14 12:23:08
8194,1.056340,1.690441,5.965318,5.00e-05,26632.51,33566720,N/A,2025-07-14 12:23:09
8195,0.969414,1.690441,5.965318,5.00e-05,26594.82,33570816,N/A,2025-07-14 12:23:09
8196,1.204395,1.690441,5.965318,5.00e-05,26614.45,33574912,N/A,2025-07-14 12:23:09
8197,0.947719,1.690441,5.965318,5.00e-05,26628.24,33579008,N/A,2025-07-14 12:23:09
8198,0.772955,1.690441,5.965318,5.00e-05,26933.29,33583104,N/A,2025-07-14 12:23:09
8199,1.530021,1.690441,5.965318,5.00e-05,27080.98,33587200,N/A,2025-07-14 12:23:09
8200,1.440139,1.690441,5.965318,5.00e-05,26691.89,33591296,1.0000,2025-07-14 12:23:10
8201,1.618762,1.690441,5.965318,5.00e-05,20279.97,33595392,N/A,2025-07-14 12:23:10
8202,1.394294,1.690441,5.965318,5.00e-05,20408.93,33599488,N/A,2025-07-14 12:23:10
8203,1.702781,1.690441,5.965318,5.00e-05,20395.34,33603584,N/A,2025-07-14 12:23:11
8204,1.323304,1.690441,5.965318,5.00e-05,20412.50,33607680,N/A,2025-07-14 12:23:11
8205,1.955046,1.690441,5.965318,5.00e-05,20371.45,33611776,N/A,2025-07-14 12:23:11
8206,1.086462,1.690441,5.965318,5.00e-05,20363.92,33615872,N/A,2025-07-14 12:23:11
8207,1.522824,1.690441,5.965318,5.00e-05,20317.16,33619968,N/A,2025-07-14 12:23:11
8208,2.018018,1.690441,5.965318,5.00e-05,20397.40,33624064,N/A,2025-07-14 12:23:11
8209,1.956412,1.690441,5.965318,5.00e-05,20858.10,33628160,N/A,2025-07-14 12:23:12
8210,1.537043,1.690441,5.965318,5.00e-05,27077.18,33632256,1.0000,2025-07-14 12:23:12
8211,1.658548,1.690441,5.965318,5.00e-05,26993.19,33636352,N/A,2025-07-14 12:23:12
8212,1.547461,1.690441,5.965318,5.00e-05,27053.10,33640448,N/A,2025-07-14 12:23:12
8213,1.653934,1.690441,5.965318,5.00e-05,27053.42,33644544,N/A,2025-07-14 12:23:12
8214,1.388388,1.690441,5.965318,5.00e-05,27110.26,33648640,N/A,2025-07-14 12:23:12
8215,1.812883,1.690441,5.965318,5.00e-05,27171.01,33652736,N/A,2025-07-14 12:23:13
8216,1.554341,1.690441,5.965318,5.00e-05,27311.15,33656832,N/A,2025-07-14 12:23:13
8217,0.961932,1.690441,5.965318,5.00e-05,27772.72,33660928,N/A,2025-07-14 12:23:13
8218,1.183332,1.690441,5.965318,5.00e-05,27848.78,33665024,N/A,2025-07-14 12:23:13
8219,1.652174,1.690441,5.965318,5.00e-05,28464.92,33669120,N/A,2025-07-14 12:23:13
8220,2.234183,1.690441,5.965318,5.00e-05,27899.36,33673216,1.0000,2025-07-14 12:23:13
8221,1.205096,1.690441,5.965318,5.00e-05,27814.60,33677312,N/A,2025-07-14 12:23:14
8222,1.859763,1.690441,5.965318,5.00e-05,27829.97,33681408,N/A,2025-07-14 12:23:14
8223,1.243446,1.690441,5.965318,5.00e-05,27852.90,33685504,N/A,2025-07-14 12:23:14
8224,1.524820,1.690441,5.965318,5.00e-05,27734.96,33689600,N/A,2025-07-14 12:23:14
8225,1.197571,1.690441,5.965318,5.00e-05,27727.59,33693696,N/A,2025-07-14 12:23:14
8226,1.402718,1.690441,5.965318,5.00e-05,27701.59,33697792,N/A,2025-07-14 12:23:14
8227,1.103126,1.690441,5.965318,5.00e-05,27703.01,33701888,N/A,2025-07-14 12:23:15
8228,1.037410,1.690441,5.965318,5.00e-05,27745.46,33705984,N/A,2025-07-14 12:23:15
8229,1.247366,1.690441,5.965318,5.00e-05,28468.84,33710080,N/A,2025-07-14 12:23:15
8230,1.628246,1.690441,5.965318,5.00e-05,26914.39,33714176,1.0000,2025-07-14 12:23:15
8231,0.984203,1.690441,5.965318,5.00e-05,26706.32,33718272,N/A,2025-07-14 12:23:15
8232,1.603088,1.690441,5.965318,5.00e-05,26444.45,33722368,N/A,2025-07-14 12:23:15
8233,1.025242,1.690441,5.965318,5.00e-05,26482.45,33726464,N/A,2025-07-14 12:23:16
8234,0.852154,1.690441,5.965318,5.00e-05,26446.72,33730560,N/A,2025-07-14 12:23:16
8235,1.504116,1.690441,5.965318,5.00e-05,26323.25,33734656,N/A,2025-07-14 12:23:16
8236,1.359923,1.690441,5.965318,5.00e-05,26270.05,33738752,N/A,2025-07-14 12:23:16
8237,1.366216,1.690441,5.965318,5.00e-05,26242.20,33742848,N/A,2025-07-14 12:23:16
8238,1.007021,1.690441,5.965318,5.00e-05,26223.09,33746944,N/A,2025-07-14 12:23:16
8239,1.773340,1.690441,5.965318,5.00e-05,27741.70,33751040,N/A,2025-07-14 12:23:17
8240,1.141086,1.690441,5.965318,5.00e-05,26933.98,33755136,1.0000,2025-07-14 12:23:17
8241,0.718003,1.690441,5.965318,5.00e-05,27119.93,33759232,N/A,2025-07-14 12:23:17
8242,1.487056,1.690441,5.965318,5.00e-05,26804.30,33763328,N/A,2025-07-14 12:23:17
8243,0.995398,1.690441,5.965318,5.00e-05,26779.18,33767424,N/A,2025-07-14 12:23:17
8244,1.617819,1.690441,5.965318,5.00e-05,26709.68,33771520,N/A,2025-07-14 12:23:17
8245,1.750669,1.690441,5.965318,5.00e-05,26721.75,33775616,N/A,2025-07-14 12:23:18
8246,1.001123,1.690441,5.965318,5.00e-05,26699.33,33779712,N/A,2025-07-14 12:23:18
8247,1.371065,1.690441,5.965318,5.00e-05,26726.86,33783808,N/A,2025-07-14 12:23:18
8248,0.896663,1.690441,5.965318,5.00e-05,26388.38,33787904,N/A,2025-07-14 12:23:18
8249,1.227891,1.690441,5.965318,5.00e-05,27280.06,33792000,N/A,2025-07-14 12:23:18
8250,1.367495,1.690441,5.965318,5.00e-05,26652.29,33796096,1.0000,2025-07-14 12:23:18
8251,1.450727,1.690441,5.965318,5.00e-05,27004.99,33800192,N/A,2025-07-14 12:23:19
8252,0.594398,1.690441,5.965318,5.00e-05,27053.19,33804288,N/A,2025-07-14 12:23:19
8253,1.379292,1.690441,5.965318,5.00e-05,27274.61,33808384,N/A,2025-07-14 12:23:19
8254,1.575141,1.690441,5.965318,5.00e-05,27135.97,33812480,N/A,2025-07-14 12:23:19
8255,1.347850,1.690441,5.965318,5.00e-05,27197.90,33816576,N/A,2025-07-14 12:23:19
8256,0.946758,1.690441,5.965318,5.00e-05,27193.58,33820672,N/A,2025-07-14 12:23:19
8257,0.716499,1.690441,5.965318,5.00e-05,27245.40,33824768,N/A,2025-07-14 12:23:20
8258,1.537772,1.690441,5.965318,5.00e-05,27273.44,33828864,N/A,2025-07-14 12:23:20
8259,0.724342,1.690441,5.965318,5.00e-05,27780.61,33832960,N/A,2025-07-14 12:23:20
8260,1.008126,1.690441,5.965318,5.00e-05,27146.54,33837056,1.0000,2025-07-14 12:23:20
8261,1.605303,1.690441,5.965318,5.00e-05,27134.23,33841152,N/A,2025-07-14 12:23:20
8262,1.420334,1.690441,5.965318,5.00e-05,27084.85,33845248,N/A,2025-07-14 12:23:20
8263,0.883775,1.690441,5.965318,5.00e-05,27173.05,33849344,N/A,2025-07-14 12:23:21
8264,0.751092,1.690441,5.965318,5.00e-05,27044.12,33853440,N/A,2025-07-14 12:23:21
8265,1.599190,1.690441,5.965318,5.00e-05,26830.61,33857536,N/A,2025-07-14 12:23:21
8266,1.923601,1.690441,5.965318,5.00e-05,27166.01,33861632,N/A,2025-07-14 12:23:21
8267,1.218086,1.690441,5.965318,5.00e-05,27216.84,33865728,N/A,2025-07-14 12:23:21
8268,1.103031,1.690441,5.965318,5.00e-05,27417.36,33869824,N/A,2025-07-14 12:23:21
8269,1.354919,1.690441,5.965318,5.00e-05,28024.70,33873920,N/A,2025-07-14 12:23:22
8270,1.006698,1.690441,5.965318,5.00e-05,27189.50,33878016,1.0000,2025-07-14 12:23:22
8271,1.558381,1.690441,5.965318,5.00e-05,27178.38,33882112,N/A,2025-07-14 12:23:22
8272,1.471241,1.690441,5.965318,5.00e-05,27265.39,33886208,N/A,2025-07-14 12:23:22
8273,1.154383,1.690441,5.965318,5.00e-05,27139.02,33890304,N/A,2025-07-14 12:23:22
8274,1.501471,1.690441,5.965318,5.00e-05,27320.15,33894400,N/A,2025-07-14 12:23:22
8275,1.344467,1.690441,5.965318,5.00e-05,26540.41,33898496,N/A,2025-07-14 12:23:23
8276,1.217027,1.690441,5.965318,5.00e-05,26534.79,33902592,N/A,2025-07-14 12:23:23
8277,1.812126,1.690441,5.965318,5.00e-05,26345.47,33906688,N/A,2025-07-14 12:23:23
8278,0.974730,1.690441,5.965318,5.00e-05,25964.46,33910784,N/A,2025-07-14 12:23:23
8279,1.360509,1.690441,5.965318,5.00e-05,26654.05,33914880,N/A,2025-07-14 12:23:23
8280,1.337801,1.690441,5.965318,5.00e-05,26069.77,33918976,1.0000,2025-07-14 12:23:24
8281,1.736816,1.690441,5.965318,5.00e-05,26127.83,33923072,N/A,2025-07-14 12:23:24
8282,1.179352,1.690441,5.965318,5.00e-05,26368.33,33927168,N/A,2025-07-14 12:23:24
8283,0.727345,1.690441,5.965318,5.00e-05,25935.60,33931264,N/A,2025-07-14 12:23:24
8284,0.814265,1.690441,5.965318,5.00e-05,26333.02,33935360,N/A,2025-07-14 12:23:24
8285,0.692451,1.690441,5.965318,5.00e-05,26340.65,33939456,N/A,2025-07-14 12:23:24
8286,1.494395,1.690441,5.965318,5.00e-05,26525.92,33943552,N/A,2025-07-14 12:23:25
8287,1.341172,1.690441,5.965318,5.00e-05,26737.67,33947648,N/A,2025-07-14 12:23:25
8288,0.652262,1.690441,5.965318,5.00e-05,26794.26,33951744,N/A,2025-07-14 12:23:25
8289,1.241064,1.690441,5.965318,5.00e-05,27424.27,33955840,N/A,2025-07-14 12:23:25
8290,0.862712,1.690441,5.965318,5.00e-05,26744.07,33959936,1.0000,2025-07-14 12:23:25
8291,1.324730,1.690441,5.965318,5.00e-05,26766.57,33964032,N/A,2025-07-14 12:23:25
8292,0.789699,1.690441,5.965318,5.00e-05,27110.26,33968128,N/A,2025-07-14 12:23:26
8293,0.723944,1.690441,5.965318,5.00e-05,27114.60,33972224,N/A,2025-07-14 12:23:26
8294,1.129087,1.690441,5.965318,5.00e-05,27140.76,33976320,N/A,2025-07-14 12:23:26
8295,1.196145,1.690441,5.965318,5.00e-05,27106.73,33980416,N/A,2025-07-14 12:23:26
8296,0.957564,1.690441,5.965318,5.00e-05,27284.92,33984512,N/A,2025-07-14 12:23:26
8297,1.210469,1.690441,5.965318,5.00e-05,27324.42,33988608,N/A,2025-07-14 12:23:26
8298,1.516026,1.690441,5.965318,5.00e-05,27320.78,33992704,N/A,2025-07-14 12:23:27
8299,1.286042,1.690441,5.965318,5.00e-05,27904.46,33996800,N/A,2025-07-14 12:23:27
8300,1.055820,1.690441,5.965318,5.00e-05,27152.61,34000896,1.0000,2025-07-14 12:23:27
8301,1.826809,1.690441,5.965318,5.00e-05,22039.69,34004992,N/A,2025-07-14 12:23:27
8302,0.328171,1.690441,5.965318,5.00e-05,22137.63,34009088,N/A,2025-07-14 12:23:28
8303,1.111370,1.690441,5.965318,5.00e-05,21803.01,34013184,N/A,2025-07-14 12:23:28
8304,1.329491,1.690441,5.965318,5.00e-05,21804.03,34017280,N/A,2025-07-14 12:23:28
8305,0.972179,1.690441,5.965318,5.00e-05,21757.93,34021376,N/A,2025-07-14 12:23:28
8306,1.501695,1.690441,5.965318,5.00e-05,21716.87,34025472,N/A,2025-07-14 12:23:28
8307,0.914429,1.690441,5.965318,5.00e-05,21710.05,34029568,N/A,2025-07-14 12:23:28
8308,0.640158,1.690441,5.965318,5.00e-05,21742.18,34033664,N/A,2025-07-14 12:23:29
8309,1.268276,1.690441,5.965318,5.00e-05,22183.76,34037760,N/A,2025-07-14 12:23:29
8310,0.935858,1.690441,5.965318,5.00e-05,26933.56,34041856,1.0000,2025-07-14 12:23:29
8311,1.568018,1.690441,5.965318,5.00e-05,27150.01,34045952,N/A,2025-07-14 12:23:29
8312,0.921380,1.690441,5.965318,5.00e-05,27642.46,34050048,N/A,2025-07-14 12:23:29
8313,1.588411,1.690441,5.965318,5.00e-05,27710.12,34054144,N/A,2025-07-14 12:23:29
8314,1.061073,1.690441,5.965318,5.00e-05,27857.91,34058240,N/A,2025-07-14 12:23:30
8315,0.928516,1.690441,5.965318,5.00e-05,27610.72,34062336,N/A,2025-07-14 12:23:30
8316,0.821087,1.690441,5.965318,5.00e-05,27647.35,34066432,N/A,2025-07-14 12:23:30
8317,0.858747,1.690441,5.965318,5.00e-05,27663.51,34070528,N/A,2025-07-14 12:23:30
8318,1.486421,1.690441,5.965318,5.00e-05,27655.32,34074624,N/A,2025-07-14 12:23:30
8319,1.108521,1.690441,5.965318,5.00e-05,27683.63,34078720,N/A,2025-07-14 12:23:30
8320,1.051632,1.690441,5.965318,5.00e-05,27004.44,34082816,1.0000,2025-07-14 12:23:31
8321,0.612488,1.690441,5.965318,5.00e-05,27011.48,34086912,N/A,2025-07-14 12:23:31
8322,0.924469,1.690441,5.965318,5.00e-05,27012.11,34091008,N/A,2025-07-14 12:23:31
8323,0.854739,1.690441,5.965318,5.00e-05,26792.13,34095104,N/A,2025-07-14 12:23:31
8324,0.695862,1.690441,5.965318,5.00e-05,27093.33,34099200,N/A,2025-07-14 12:23:31
8325,1.546209,1.690441,5.965318,5.00e-05,27070.78,34103296,N/A,2025-07-14 12:23:31
8326,0.783748,1.690441,5.965318,5.00e-05,27053.91,34107392,N/A,2025-07-14 12:23:32
8327,0.948575,1.690441,5.965318,5.00e-05,27127.36,34111488,N/A,2025-07-14 12:23:32
8328,1.398937,1.690441,5.965318,5.00e-05,27731.78,34115584,N/A,2025-07-14 12:23:32
8329,0.779331,1.690441,5.965318,5.00e-05,28375.04,34119680,N/A,2025-07-14 12:23:32
8330,1.482808,1.690441,5.965318,5.00e-05,27633.29,34123776,1.0000,2025-07-14 12:23:32
8331,0.741140,1.690441,5.965318,5.00e-05,27127.40,34127872,N/A,2025-07-14 12:23:32
8332,1.195987,1.690441,5.965318,5.00e-05,27328.06,34131968,N/A,2025-07-14 12:23:33
8333,1.424560,1.690441,5.965318,5.00e-05,27332.25,34136064,N/A,2025-07-14 12:23:33
8334,1.308370,1.690441,5.965318,5.00e-05,27369.06,34140160,N/A,2025-07-14 12:23:33
8335,1.768841,1.690441,5.965318,5.00e-05,27403.32,34144256,N/A,2025-07-14 12:23:33
8336,1.180817,1.690441,5.965318,5.00e-05,27341.01,34148352,N/A,2025-07-14 12:23:33
8337,0.518048,1.690441,5.965318,5.00e-05,27269.50,34152448,N/A,2025-07-14 12:23:33
8338,0.972610,1.690441,5.965318,5.00e-05,27259.80,34156544,N/A,2025-07-14 12:23:34
8339,1.213560,1.690441,5.965318,5.00e-05,27895.87,34160640,N/A,2025-07-14 12:23:34
8340,1.726065,1.690441,5.965318,5.00e-05,27791.67,34164736,1.0000,2025-07-14 12:23:34
8341,0.863282,1.690441,5.965318,5.00e-05,27826.95,34168832,N/A,2025-07-14 12:23:34
8342,1.194555,1.690441,5.965318,5.00e-05,27821.68,34172928,N/A,2025-07-14 12:23:34
8343,1.332721,1.690441,5.965318,5.00e-05,27818.55,34177024,N/A,2025-07-14 12:23:34
8344,1.159627,1.690441,5.965318,5.00e-05,27804.18,34181120,N/A,2025-07-14 12:23:35
8345,1.298067,1.690441,5.965318,5.00e-05,27541.32,34185216,N/A,2025-07-14 12:23:35
8346,0.824019,1.690441,5.965318,5.00e-05,27450.31,34189312,N/A,2025-07-14 12:23:35
8347,1.186211,1.690441,5.965318,5.00e-05,27377.22,34193408,N/A,2025-07-14 12:23:35
8348,0.934909,1.690441,5.965318,5.00e-05,27315.78,34197504,N/A,2025-07-14 12:23:35
8349,0.922521,1.690441,5.965318,5.00e-05,27754.94,34201600,N/A,2025-07-14 12:23:35
8350,1.346061,1.690441,5.965318,5.00e-05,26772.79,34205696,1.0000,2025-07-14 12:23:36
8351,1.729220,1.690441,5.965318,5.00e-05,26740.81,34209792,N/A,2025-07-14 12:23:36
8352,1.181324,1.690441,5.965318,5.00e-05,26509.24,34213888,N/A,2025-07-14 12:23:36
8353,2.028285,1.690441,5.965318,5.00e-05,26551.04,34217984,N/A,2025-07-14 12:23:36
8354,0.919168,1.690441,5.965318,5.00e-05,26516.02,34222080,N/A,2025-07-14 12:23:36
8355,0.716632,1.690441,5.965318,5.00e-05,26598.33,34226176,N/A,2025-07-14 12:23:36
8356,1.098581,1.690441,5.965318,5.00e-05,26647.45,34230272,N/A,2025-07-14 12:23:37
8357,1.262368,1.690441,5.965318,5.00e-05,26634.92,34234368,N/A,2025-07-14 12:23:37
8358,1.347041,1.690441,5.965318,5.00e-05,26718.61,34238464,N/A,2025-07-14 12:23:37
8359,0.819733,1.690441,5.965318,5.00e-05,27374.19,34242560,N/A,2025-07-14 12:23:37
8360,0.717218,1.690441,5.965318,5.00e-05,26661.63,34246656,1.0000,2025-07-14 12:23:37
8361,0.794509,1.690441,5.965318,5.00e-05,26837.40,34250752,N/A,2025-07-14 12:23:37
8362,1.465530,1.690441,5.965318,5.00e-05,26797.22,34254848,N/A,2025-07-14 12:23:38
8363,1.209679,1.690441,5.965318,5.00e-05,27038.34,34258944,N/A,2025-07-14 12:23:38
8364,0.560667,1.690441,5.965318,5.00e-05,26549.97,34263040,N/A,2025-07-14 12:23:38
8365,0.808529,1.690441,5.965318,5.00e-05,26416.46,34267136,N/A,2025-07-14 12:23:38
8366,0.779886,1.690441,5.965318,5.00e-05,26533.38,34271232,N/A,2025-07-14 12:23:38
8367,0.821007,1.690441,5.965318,5.00e-05,26608.64,34275328,N/A,2025-07-14 12:23:38
8368,1.044163,1.690441,5.965318,5.00e-05,26873.27,34279424,N/A,2025-07-14 12:23:39
8369,0.426028,1.690441,5.965318,5.00e-05,27588.26,34283520,N/A,2025-07-14 12:23:39
8370,0.628745,1.690441,5.965318,5.00e-05,26879.98,34287616,1.0000,2025-07-14 12:23:39
8371,1.000533,1.690441,5.965318,5.00e-05,26817.24,34291712,N/A,2025-07-14 12:23:39
8372,1.309799,1.690441,5.965318,5.00e-05,26739.68,34295808,N/A,2025-07-14 12:23:39
8373,1.314328,1.690441,5.965318,5.00e-05,27242.72,34299904,N/A,2025-07-14 12:23:39
8374,1.058672,1.690441,5.965318,5.00e-05,27434.08,34304000,N/A,2025-07-14 12:23:40
8375,1.190086,1.690441,5.965318,5.00e-05,27090.80,34308096,N/A,2025-07-14 12:23:40
8376,0.966302,1.690441,5.965318,5.00e-05,27019.51,34312192,N/A,2025-07-14 12:23:40
8377,0.867734,1.690441,5.965318,5.00e-05,26916.97,34316288,N/A,2025-07-14 12:23:40
8378,1.110658,1.690441,5.965318,5.00e-05,26849.17,34320384,N/A,2025-07-14 12:23:40
8379,0.644382,1.690441,5.965318,5.00e-05,27552.21,34324480,N/A,2025-07-14 12:23:40
8380,1.047956,1.690441,5.965318,5.00e-05,26308.88,34328576,1.0000,2025-07-14 12:23:41
8381,1.490976,1.690441,5.965318,5.00e-05,26335.72,34332672,N/A,2025-07-14 12:23:41
8382,1.267103,1.690441,5.965318,5.00e-05,26032.04,34336768,N/A,2025-07-14 12:23:41
8383,1.138429,1.690441,5.965318,5.00e-05,25533.06,34340864,N/A,2025-07-14 12:23:41
8384,0.458821,1.690441,5.965318,5.00e-05,25758.97,34344960,N/A,2025-07-14 12:23:41
8385,1.047779,1.690441,5.965318,5.00e-05,25772.33,34349056,N/A,2025-07-14 12:23:42
8386,1.138725,1.690441,5.965318,5.00e-05,25432.73,34353152,N/A,2025-07-14 12:23:42
8387,0.538121,1.690441,5.965318,5.00e-05,25541.28,34357248,N/A,2025-07-14 12:23:42
8388,0.841875,1.690441,5.965318,5.00e-05,25623.70,34361344,N/A,2025-07-14 12:23:42
8389,1.209843,1.690441,5.965318,5.00e-05,26820.94,34365440,N/A,2025-07-14 12:23:42
8390,0.528226,1.690441,5.965318,5.00e-05,25731.77,34369536,1.0000,2025-07-14 12:23:42
8391,0.756932,1.690441,5.965318,5.00e-05,26035.41,34373632,N/A,2025-07-14 12:23:43
8392,1.031459,1.690441,5.965318,5.00e-05,26548.98,34377728,N/A,2025-07-14 12:23:43
8393,1.200797,1.690441,5.965318,5.00e-05,26477.28,34381824,N/A,2025-07-14 12:23:43
8394,1.003278,1.690441,5.965318,5.00e-05,26460.08,34385920,N/A,2025-07-14 12:23:43
8395,1.252144,1.690441,5.965318,5.00e-05,26853.58,34390016,N/A,2025-07-14 12:23:43
8396,1.379769,1.690441,5.965318,5.00e-05,26798.94,34394112,N/A,2025-07-14 12:23:43
8397,1.234996,1.690441,5.965318,5.00e-05,26729.12,34398208,N/A,2025-07-14 12:23:44
8398,0.899287,1.690441,5.965318,5.00e-05,26563.49,34402304,N/A,2025-07-14 12:23:44
8399,1.186173,1.690441,5.965318,5.00e-05,27623.67,34406400,N/A,2025-07-14 12:23:44
8400,1.334557,1.690441,5.965318,5.00e-05,26842.58,34410496,1.0000,2025-07-14 12:23:44
8401,0.524087,1.690441,5.965318,5.00e-05,21708.22,34414592,N/A,2025-07-14 12:23:45
8402,0.927288,1.690441,5.965318,5.00e-05,21719.34,34418688,N/A,2025-07-14 12:23:45
8403,0.694716,1.690441,5.965318,5.00e-05,21783.16,34422784,N/A,2025-07-14 12:23:45
8404,0.899198,1.690441,5.965318,5.00e-05,21769.64,34426880,N/A,2025-07-14 12:23:45
8405,1.764853,1.690441,5.965318,5.00e-05,21767.40,34430976,N/A,2025-07-14 12:23:45
8406,0.895884,1.690441,5.965318,5.00e-05,21765.31,34435072,N/A,2025-07-14 12:23:45
8407,0.866093,1.690441,5.965318,5.00e-05,21909.92,34439168,N/A,2025-07-14 12:23:46
8408,0.627717,1.690441,5.965318,5.00e-05,22064.97,34443264,N/A,2025-07-14 12:23:46
8409,0.993874,1.690441,5.965318,5.00e-05,22588.84,34447360,N/A,2025-07-14 12:23:46
8410,0.644207,1.690441,5.965318,5.00e-05,27399.11,34451456,1.0000,2025-07-14 12:23:46
8411,1.068451,1.690441,5.965318,5.00e-05,27480.76,34455552,N/A,2025-07-14 12:23:46
8412,0.674535,1.690441,5.965318,5.00e-05,27100.41,34459648,N/A,2025-07-14 12:23:46
8413,0.878817,1.690441,5.965318,5.00e-05,27205.44,34463744,N/A,2025-07-14 12:23:47
8414,1.223988,1.690441,5.965318,5.00e-05,27014.11,34467840,N/A,2025-07-14 12:23:47
8415,1.169819,1.690441,5.965318,5.00e-05,26987.28,34471936,N/A,2025-07-14 12:23:47
8416,1.257084,1.690441,5.965318,5.00e-05,26950.81,34476032,N/A,2025-07-14 12:23:47
8417,0.565146,1.690441,5.965318,5.00e-05,26901.17,34480128,N/A,2025-07-14 12:23:47
8418,0.973718,1.690441,5.965318,5.00e-05,26764.05,34484224,N/A,2025-07-14 12:23:47
8419,1.056871,1.690441,5.965318,5.00e-05,27461.85,34488320,N/A,2025-07-14 12:23:48
8420,1.082056,1.690441,5.965318,5.00e-05,26857.10,34492416,1.0000,2025-07-14 12:23:48
8421,0.705960,1.690441,5.965318,5.00e-05,27163.63,34496512,N/A,2025-07-14 12:23:48
8422,0.909268,1.690441,5.965318,5.00e-05,27180.26,34500608,N/A,2025-07-14 12:23:48
8423,0.493278,1.690441,5.965318,5.00e-05,27408.11,34504704,N/A,2025-07-14 12:23:48
8424,0.402345,1.690441,5.965318,5.00e-05,27439.38,34508800,N/A,2025-07-14 12:23:48
8425,0.784238,1.690441,5.965318,5.00e-05,27503.49,34512896,N/A,2025-07-14 12:23:49
8426,0.891041,1.690441,5.965318,5.00e-05,27429.36,34516992,N/A,2025-07-14 12:23:49
8427,1.149542,1.690441,5.965318,5.00e-05,27481.72,34521088,N/A,2025-07-14 12:23:49
8428,0.710074,1.690441,5.965318,5.00e-05,27550.16,34525184,N/A,2025-07-14 12:23:49
8429,1.178334,1.690441,5.965318,5.00e-05,28007.38,34529280,N/A,2025-07-14 12:23:49
8430,1.031188,1.690441,5.965318,5.00e-05,27324.23,34533376,1.0000,2025-07-14 12:23:50
8431,0.437166,1.690441,5.965318,5.00e-05,27283.28,34537472,N/A,2025-07-14 12:23:50
8432,0.985549,1.690441,5.965318,5.00e-05,27179.19,34541568,N/A,2025-07-14 12:23:50
8433,1.102681,1.690441,5.965318,5.00e-05,27204.49,34545664,N/A,2025-07-14 12:23:50
8434,1.358495,1.690441,5.965318,5.00e-05,27075.51,34549760,N/A,2025-07-14 12:23:50
8435,1.422996,1.690441,5.965318,5.00e-05,27136.00,34553856,N/A,2025-07-14 12:23:50
8436,1.341116,1.690441,5.965318,5.00e-05,27185.35,34557952,N/A,2025-07-14 12:23:50
8437,1.165681,1.690441,5.965318,5.00e-05,27144.16,34562048,N/A,2025-07-14 12:23:51
8438,1.000648,1.690441,5.965318,5.00e-05,27333.30,34566144,N/A,2025-07-14 12:23:51
8439,1.413793,1.690441,5.965318,5.00e-05,27573.57,34570240,N/A,2025-07-14 12:23:51
8440,1.067508,1.690441,5.965318,5.00e-05,26888.31,34574336,1.0000,2025-07-14 12:23:51
8441,0.533345,1.690441,5.965318,5.00e-05,26968.11,34578432,N/A,2025-07-14 12:23:51
8442,0.706026,1.690441,5.965318,5.00e-05,26851.77,34582528,N/A,2025-07-14 12:23:52
8443,1.168970,1.690441,5.965318,5.00e-05,26887.16,34586624,N/A,2025-07-14 12:23:52
8444,0.884664,1.690441,5.965318,5.00e-05,26561.51,34590720,N/A,2025-07-14 12:23:52
8445,1.063369,1.690441,5.965318,5.00e-05,26439.65,34594816,N/A,2025-07-14 12:23:52
8446,0.918701,1.690441,5.965318,5.00e-05,26432.21,34598912,N/A,2025-07-14 12:23:52
8447,0.763980,1.690441,5.965318,5.00e-05,26497.17,34603008,N/A,2025-07-14 12:23:52
8448,1.185439,1.690441,5.965318,5.00e-05,26922.01,34607104,N/A,2025-07-14 12:23:53
8449,0.716599,1.690441,5.965318,5.00e-05,27564.78,34611200,N/A,2025-07-14 12:23:53
8450,0.977424,1.690441,5.965318,5.00e-05,26780.67,34615296,1.0000,2025-07-14 12:23:53
8451,0.893279,1.690441,5.965318,5.00e-05,26561.44,34619392,N/A,2025-07-14 12:23:53
8452,0.898505,1.690441,5.965318,5.00e-05,26615.06,34623488,N/A,2025-07-14 12:23:53
8453,1.137156,1.690441,5.965318,5.00e-05,27022.36,34627584,N/A,2025-07-14 12:23:53
8454,0.733005,1.690441,5.965318,5.00e-05,27206.41,34631680,N/A,2025-07-14 12:23:54
8455,0.819299,1.690441,5.965318,5.00e-05,27236.83,34635776,N/A,2025-07-14 12:23:54
8456,0.990398,1.690441,5.965318,5.00e-05,27256.80,34639872,N/A,2025-07-14 12:23:54
8457,1.072022,1.690441,5.965318,5.00e-05,27269.39,34643968,N/A,2025-07-14 12:23:54
8458,1.282825,1.690441,5.965318,5.00e-05,27326.71,34648064,N/A,2025-07-14 12:23:54
8459,1.052815,1.690441,5.965318,5.00e-05,28093.18,34652160,N/A,2025-07-14 12:23:54
8460,0.897707,1.690441,5.965318,5.00e-05,27736.61,34656256,1.0000,2025-07-14 12:23:55
8461,0.981934,1.690441,5.965318,5.00e-05,27667.91,34660352,N/A,2025-07-14 12:23:55
8462,1.025659,1.690441,5.965318,5.00e-05,27633.07,34664448,N/A,2025-07-14 12:23:55
8463,0.597487,1.690441,5.965318,5.00e-05,27573.17,34668544,N/A,2025-07-14 12:23:55
8464,0.763689,1.690441,5.965318,5.00e-05,27575.21,34672640,N/A,2025-07-14 12:23:55
8465,0.782543,1.690441,5.965318,5.00e-05,27383.38,34676736,N/A,2025-07-14 12:23:55
8466,0.984842,1.690441,5.965318,5.00e-05,27423.05,34680832,N/A,2025-07-14 12:23:56
8467,1.189975,1.690441,5.965318,5.00e-05,27452.06,34684928,N/A,2025-07-14 12:23:56
8468,1.000588,1.690441,5.965318,5.00e-05,27534.79,34689024,N/A,2025-07-14 12:23:56
8469,1.110944,1.690441,5.965318,5.00e-05,27937.15,34693120,N/A,2025-07-14 12:23:56
8470,0.805097,1.690441,5.965318,5.00e-05,27381.53,34697216,1.0000,2025-07-14 12:23:56
8471,1.103109,1.690441,5.965318,5.00e-05,27327.16,34701312,N/A,2025-07-14 12:23:56
8472,0.957145,1.690441,5.965318,5.00e-05,27395.99,34705408,N/A,2025-07-14 12:23:57
8473,1.339983,1.690441,5.965318,5.00e-05,27234.36,34709504,N/A,2025-07-14 12:23:57
8474,0.899489,1.690441,5.965318,5.00e-05,27430.10,34713600,N/A,2025-07-14 12:23:57
8475,0.665328,1.690441,5.965318,5.00e-05,27393.29,34717696,N/A,2025-07-14 12:23:57
8476,1.051917,1.690441,5.965318,5.00e-05,27376.09,34721792,N/A,2025-07-14 12:23:57
8477,0.893142,1.690441,5.965318,5.00e-05,27217.76,34725888,N/A,2025-07-14 12:23:57
8478,0.744707,1.690441,5.965318,5.00e-05,27487.10,34729984,N/A,2025-07-14 12:23:57
8479,0.929322,1.690441,5.965318,5.00e-05,28092.56,34734080,N/A,2025-07-14 12:23:58
8480,0.741729,1.690441,5.965318,5.00e-05,27524.19,34738176,1.0000,2025-07-14 12:23:58
8481,0.623340,1.690441,5.965318,5.00e-05,27455.59,34742272,N/A,2025-07-14 12:23:58
8482,1.060068,1.690441,5.965318,5.00e-05,27640.25,34746368,N/A,2025-07-14 12:23:58
8483,0.828481,1.690441,5.965318,5.00e-05,27550.66,34750464,N/A,2025-07-14 12:23:58
8484,0.544525,1.690441,5.965318,5.00e-05,27439.85,34754560,N/A,2025-07-14 12:23:58
8485,0.929328,1.690441,5.965318,5.00e-05,27368.64,34758656,N/A,2025-07-14 12:23:59
8486,0.724984,1.690441,5.965318,5.00e-05,27368.31,34762752,N/A,2025-07-14 12:23:59
8487,0.960311,1.690441,5.965318,5.00e-05,27142.66,34766848,N/A,2025-07-14 12:23:59
8488,0.422914,1.690441,5.965318,5.00e-05,27210.48,34770944,N/A,2025-07-14 12:23:59
8489,0.767512,1.690441,5.965318,5.00e-05,27655.63,34775040,N/A,2025-07-14 12:23:59
8490,1.124763,1.690441,5.965318,5.00e-05,27002.76,34779136,1.0000,2025-07-14 12:24:00
8491,0.772239,1.690441,5.965318,5.00e-05,26694.42,34783232,N/A,2025-07-14 12:24:00
8492,1.520146,1.690441,5.965318,5.00e-05,26694.98,34787328,N/A,2025-07-14 12:24:00
8493,1.012952,1.690441,5.965318,5.00e-05,26716.24,34791424,N/A,2025-07-14 12:24:00
8494,0.600291,1.690441,5.965318,5.00e-05,26714.55,34795520,N/A,2025-07-14 12:24:00
8495,0.682568,1.690441,5.965318,5.00e-05,26778.26,34799616,N/A,2025-07-14 12:24:00
8496,1.188813,1.690441,5.965318,5.00e-05,26928.74,34803712,N/A,2025-07-14 12:24:01
8497,0.767492,1.690441,5.965318,5.00e-05,26805.47,34807808,N/A,2025-07-14 12:24:01
8498,0.831593,1.690441,5.965318,5.00e-05,26902.26,34811904,N/A,2025-07-14 12:24:01
8499,0.888880,1.690441,5.965318,5.00e-05,27581.99,34816000,N/A,2025-07-14 12:24:01
8500,0.965197,1.690441,5.965318,5.00e-05,27100.69,34820096,1.0000,2025-07-14 12:24:01
8501,1.114090,1.690441,5.965318,5.00e-05,21324.45,34824192,N/A,2025-07-14 12:24:02
8502,0.608417,1.690441,5.965318,5.00e-05,21233.50,34828288,N/A,2025-07-14 12:24:02
8503,0.899766,1.690441,5.965318,5.00e-05,21262.18,34832384,N/A,2025-07-14 12:24:02
8504,0.680626,1.690441,5.965318,5.00e-05,21249.94,34836480,N/A,2025-07-14 12:24:02
8505,1.088718,1.690441,5.965318,5.00e-05,21293.95,34840576,N/A,2025-07-14 12:24:02
8506,0.793965,1.690441,5.965318,5.00e-05,21331.53,34844672,N/A,2025-07-14 12:24:03
8507,0.833959,1.690441,5.965318,5.00e-05,21333.40,34848768,N/A,2025-07-14 12:24:03
8508,0.956225,1.690441,5.965318,5.00e-05,21031.60,34852864,N/A,2025-07-14 12:24:03
8509,0.759180,1.690441,5.965318,5.00e-05,21197.71,34856960,N/A,2025-07-14 12:24:03
8510,0.575160,1.690441,5.965318,5.00e-05,26331.98,34861056,1.0000,2025-07-14 12:24:03
8511,1.016617,1.690441,5.965318,5.00e-05,26474.34,34865152,N/A,2025-07-14 12:24:04
8512,0.711090,1.690441,5.965318,5.00e-05,26380.25,34869248,N/A,2025-07-14 12:24:04
8513,0.761174,1.690441,5.965318,5.00e-05,26364.98,34873344,N/A,2025-07-14 12:24:04
8514,0.688007,1.690441,5.965318,5.00e-05,26329.53,34877440,N/A,2025-07-14 12:24:04
8515,0.463062,1.690441,5.965318,5.00e-05,26293.36,34881536,N/A,2025-07-14 12:24:04
8516,0.664776,1.690441,5.965318,5.00e-05,26296.47,34885632,N/A,2025-07-14 12:24:04
8517,0.825389,1.690441,5.965318,5.00e-05,26556.77,34889728,N/A,2025-07-14 12:24:04
8518,0.641675,1.690441,5.965318,5.00e-05,27051.10,34893824,N/A,2025-07-14 12:24:05
8519,0.927052,1.690441,5.965318,5.00e-05,27632.42,34897920,N/A,2025-07-14 12:24:05
8520,0.636410,1.690441,5.965318,5.00e-05,26975.86,34902016,1.0000,2025-07-14 12:24:05
8521,0.750632,1.690441,5.965318,5.00e-05,27054.66,34906112,N/A,2025-07-14 12:24:05
8522,0.505602,1.690441,5.965318,5.00e-05,27159.95,34910208,N/A,2025-07-14 12:24:05
8523,0.801501,1.690441,5.965318,5.00e-05,26731.63,34914304,N/A,2025-07-14 12:24:06
8524,0.799712,1.690441,5.965318,5.00e-05,26739.06,34918400,N/A,2025-07-14 12:24:06
8525,0.987662,1.690441,5.965318,5.00e-05,26745.42,34922496,N/A,2025-07-14 12:24:06
8526,0.834732,1.690441,5.965318,5.00e-05,26945.01,34926592,N/A,2025-07-14 12:24:06
8527,0.701592,1.690441,5.965318,5.00e-05,26761.83,34930688,N/A,2025-07-14 12:24:06
8528,0.573161,1.690441,5.965318,5.00e-05,26799.81,34934784,N/A,2025-07-14 12:24:06
8529,1.122505,1.690441,5.965318,5.00e-05,27477.29,34938880,N/A,2025-07-14 12:24:07
8530,1.303603,1.690441,5.965318,5.00e-05,26917.87,34942976,1.0000,2025-07-14 12:24:07
8531,0.610849,1.690441,5.965318,5.00e-05,26914.72,34947072,N/A,2025-07-14 12:24:07
8532,1.051711,1.690441,5.965318,5.00e-05,26984.84,34951168,N/A,2025-07-14 12:24:07
8533,0.731974,1.690441,5.965318,5.00e-05,26985.19,34955264,N/A,2025-07-14 12:24:07
8534,1.068042,1.690441,5.965318,5.00e-05,26967.06,34959360,N/A,2025-07-14 12:24:07
8535,0.815313,1.690441,5.965318,5.00e-05,26952.14,34963456,N/A,2025-07-14 12:24:08
8536,0.924983,1.690441,5.965318,5.00e-05,27097.29,34967552,N/A,2025-07-14 12:24:08
8537,0.663912,1.690441,5.965318,5.00e-05,27098.37,34971648,N/A,2025-07-14 12:24:08
8538,0.782858,1.690441,5.965318,5.00e-05,27147.53,34975744,N/A,2025-07-14 12:24:08
8539,0.941161,1.690441,5.965318,5.00e-05,27506.78,34979840,N/A,2025-07-14 12:24:08
8540,0.699938,1.690441,5.965318,5.00e-05,26844.57,34983936,1.0000,2025-07-14 12:24:08
8541,0.593971,1.690441,5.965318,5.00e-05,27200.76,34988032,N/A,2025-07-14 12:24:09
8542,0.639908,1.690441,5.965318,5.00e-05,27227.85,34992128,N/A,2025-07-14 12:24:09
8543,0.233330,1.690441,5.965318,5.00e-05,27306.56,34996224,N/A,2025-07-14 12:24:09
8544,0.785409,1.690441,5.965318,5.00e-05,27341.44,35000320,N/A,2025-07-14 12:24:09
8545,0.891568,1.690441,5.965318,5.00e-05,27248.67,35004416,N/A,2025-07-14 12:24:09
8546,0.716888,1.690441,5.965318,5.00e-05,27095.21,35008512,N/A,2025-07-14 12:24:09
8547,0.469796,1.690441,5.965318,5.00e-05,27138.44,35012608,N/A,2025-07-14 12:24:10
8548,0.786272,1.690441,5.965318,5.00e-05,27392.36,35016704,N/A,2025-07-14 12:24:10
8549,1.149973,1.690441,5.965318,5.00e-05,28059.80,35020800,N/A,2025-07-14 12:24:10
8550,0.999612,1.690441,5.965318,5.00e-05,27532.78,35024896,1.0000,2025-07-14 12:24:10
8551,0.851766,1.690441,5.965318,5.00e-05,27529.83,35028992,N/A,2025-07-14 12:24:10
8552,0.725419,1.690441,5.965318,5.00e-05,27528.38,35033088,N/A,2025-07-14 12:24:10
8553,0.694792,1.690441,5.965318,5.00e-05,27490.63,35037184,N/A,2025-07-14 12:24:11
8554,0.595369,1.690441,5.965318,5.00e-05,27626.43,35041280,N/A,2025-07-14 12:24:11
8555,0.668808,1.690441,5.965318,5.00e-05,27809.06,35045376,N/A,2025-07-14 12:24:11
8556,0.682632,1.690441,5.965318,5.00e-05,27787.11,35049472,N/A,2025-07-14 12:24:11
8557,0.537739,1.690441,5.965318,5.00e-05,27471.80,35053568,N/A,2025-07-14 12:24:11
8558,1.036943,1.690441,5.965318,5.00e-05,27302.55,35057664,N/A,2025-07-14 12:24:11
8559,0.731148,1.690441,5.965318,5.00e-05,27756.88,35061760,N/A,2025-07-14 12:24:12
8560,0.978371,1.690441,5.965318,5.00e-05,26647.92,35065856,1.0000,2025-07-14 12:24:12
8561,0.294726,1.690441,5.965318,5.00e-05,26595.31,35069952,N/A,2025-07-14 12:24:12
8562,0.435692,1.690441,5.965318,5.00e-05,26221.62,35074048,N/A,2025-07-14 12:24:12
8563,1.325086,1.690441,5.965318,5.00e-05,26219.18,35078144,N/A,2025-07-14 12:24:12
8564,0.866726,1.690441,5.965318,5.00e-05,26049.00,35082240,N/A,2025-07-14 12:24:12
8565,0.607543,1.690441,5.965318,5.00e-05,25864.22,35086336,N/A,2025-07-14 12:24:13
8566,0.799070,1.690441,5.965318,5.00e-05,26083.47,35090432,N/A,2025-07-14 12:24:13
8567,1.038348,1.690441,5.965318,5.00e-05,26080.41,35094528,N/A,2025-07-14 12:24:13
8568,0.413584,1.690441,5.965318,5.00e-05,26224.88,35098624,N/A,2025-07-14 12:24:13
8569,1.082677,1.690441,5.965318,5.00e-05,27286.74,35102720,N/A,2025-07-14 12:24:13
8570,0.742922,1.690441,5.965318,5.00e-05,26699.42,35106816,1.0000,2025-07-14 12:24:13
8571,0.771079,1.690441,5.965318,5.00e-05,27056.37,35110912,N/A,2025-07-14 12:24:14
8572,0.765199,1.690441,5.965318,5.00e-05,27060.44,35115008,N/A,2025-07-14 12:24:14
8573,0.759525,1.690441,5.965318,5.00e-05,27164.69,35119104,N/A,2025-07-14 12:24:14
8574,0.808730,1.690441,5.965318,5.00e-05,27208.66,35123200,N/A,2025-07-14 12:24:14
8575,0.691480,1.690441,5.965318,5.00e-05,26996.99,35127296,N/A,2025-07-14 12:24:14
8576,0.659571,1.690441,5.965318,5.00e-05,27160.44,35131392,N/A,2025-07-14 12:24:14
8577,0.425920,1.690441,5.965318,5.00e-05,26933.28,35135488,N/A,2025-07-14 12:24:15
8578,1.357165,1.690441,5.965318,5.00e-05,26923.44,35139584,N/A,2025-07-14 12:24:15
8579,0.358820,1.690441,5.965318,5.00e-05,27307.37,35143680,N/A,2025-07-14 12:24:15
8580,0.469500,1.690441,5.965318,5.00e-05,26793.70,35147776,1.0000,2025-07-14 12:24:15
8581,0.562841,1.690441,5.965318,5.00e-05,26060.58,35151872,N/A,2025-07-14 12:24:15
8582,0.799035,1.690441,5.965318,5.00e-05,26174.35,35155968,N/A,2025-07-14 12:24:15
8583,1.058225,1.690441,5.965318,5.00e-05,26304.18,35160064,N/A,2025-07-14 12:24:16
8584,0.803334,1.690441,5.965318,5.00e-05,26547.35,35164160,N/A,2025-07-14 12:24:16
8585,0.854605,1.690441,5.965318,5.00e-05,26572.84,35168256,N/A,2025-07-14 12:24:16
8586,0.609973,1.690441,5.965318,5.00e-05,26735.28,35172352,N/A,2025-07-14 12:24:16
8587,0.487876,1.690441,5.965318,5.00e-05,26320.38,35176448,N/A,2025-07-14 12:24:16
8588,0.550897,1.690441,5.965318,5.00e-05,26122.86,35180544,N/A,2025-07-14 12:24:17
8589,0.264522,1.690441,5.965318,5.00e-05,26561.57,35184640,N/A,2025-07-14 12:24:17
8590,0.784209,1.690441,5.965318,5.00e-05,26532.08,35188736,1.0000,2025-07-14 12:24:17
8591,0.882406,1.690441,5.965318,5.00e-05,26038.00,35192832,N/A,2025-07-14 12:24:17
8592,0.525990,1.690441,5.965318,5.00e-05,25931.62,35196928,N/A,2025-07-14 12:24:17
8593,0.611663,1.690441,5.965318,5.00e-05,25894.59,35201024,N/A,2025-07-14 12:24:17
8594,0.603021,1.690441,5.965318,5.00e-05,25684.88,35205120,N/A,2025-07-14 12:24:18
8595,0.455797,1.690441,5.965318,5.00e-05,25253.58,35209216,N/A,2025-07-14 12:24:18
8596,0.609080,1.690441,5.965318,5.00e-05,25505.35,35213312,N/A,2025-07-14 12:24:18
8597,0.612814,1.690441,5.965318,5.00e-05,25883.35,35217408,N/A,2025-07-14 12:24:18
8598,0.795159,1.690441,5.965318,5.00e-05,25479.15,35221504,N/A,2025-07-14 12:24:18
8599,0.677394,1.690441,5.965318,5.00e-05,26022.05,35225600,N/A,2025-07-14 12:24:18
8600,0.873392,1.690441,5.965318,5.00e-05,25820.03,35229696,1.0000,2025-07-14 12:24:19
8601,0.557885,1.690441,5.965318,5.00e-05,19110.21,35233792,N/A,2025-07-14 12:24:19
8602,0.574179,1.690441,5.965318,5.00e-05,18999.73,35237888,N/A,2025-07-14 12:24:20
8603,1.498600,1.690441,5.965318,5.00e-05,19069.16,35241984,N/A,2025-07-14 12:24:20
8604,0.622050,1.690441,5.965318,5.00e-05,19278.06,35246080,N/A,2025-07-14 12:24:20
8605,0.756251,1.690441,5.965318,5.00e-05,19340.12,35250176,N/A,2025-07-14 12:24:20
8606,0.718419,1.690441,5.965318,5.00e-05,19308.34,35254272,N/A,2025-07-14 12:24:20
8607,0.791374,1.690441,5.965318,5.00e-05,19544.71,35258368,N/A,2025-07-14 12:24:20
8608,0.721092,1.690441,5.965318,5.00e-05,19626.86,35262464,N/A,2025-07-14 12:24:21
8609,0.653557,1.690441,5.965318,5.00e-05,19952.12,35266560,N/A,2025-07-14 12:24:21
8610,0.876706,1.690441,5.965318,5.00e-05,26659.02,35270656,1.0000,2025-07-14 12:24:21
8611,0.595766,1.690441,5.965318,5.00e-05,26812.71,35274752,N/A,2025-07-14 12:24:21
8612,1.020539,1.690441,5.965318,5.00e-05,26804.69,35278848,N/A,2025-07-14 12:24:21
8613,0.536239,1.690441,5.965318,5.00e-05,26363.10,35282944,N/A,2025-07-14 12:24:21
8614,0.759227,1.690441,5.965318,5.00e-05,26366.08,35287040,N/A,2025-07-14 12:24:22
8615,0.704523,1.690441,5.965318,5.00e-05,26062.18,35291136,N/A,2025-07-14 12:24:22
8616,0.578386,1.690441,5.965318,5.00e-05,26113.05,35295232,N/A,2025-07-14 12:24:22
8617,0.573187,1.690441,5.965318,5.00e-05,26112.80,35299328,N/A,2025-07-14 12:24:22
8618,0.542666,1.690441,5.965318,5.00e-05,26124.61,35303424,N/A,2025-07-14 12:24:22
8619,0.763486,1.690441,5.965318,5.00e-05,26776.29,35307520,N/A,2025-07-14 12:24:22
8620,0.918127,1.690441,5.965318,5.00e-05,25642.49,35311616,1.0000,2025-07-14 12:24:23
8621,0.708251,1.690441,5.965318,5.00e-05,25670.34,35315712,N/A,2025-07-14 12:24:23
8622,0.674138,1.690441,5.965318,5.00e-05,26175.52,35319808,N/A,2025-07-14 12:24:23
8623,0.754165,1.690441,5.965318,5.00e-05,26063.68,35323904,N/A,2025-07-14 12:24:23
8624,0.369339,1.690441,5.965318,5.00e-05,26505.93,35328000,N/A,2025-07-14 12:24:23
8625,0.708172,1.690441,5.965318,5.00e-05,26578.89,35332096,N/A,2025-07-14 12:24:23
8626,0.853410,1.690441,5.965318,5.00e-05,26679.94,35336192,N/A,2025-07-14 12:24:24
8627,0.809770,1.690441,5.965318,5.00e-05,26798.02,35340288,N/A,2025-07-14 12:24:24
8628,0.742733,1.690441,5.965318,5.00e-05,26992.48,35344384,N/A,2025-07-14 12:24:24
8629,0.552236,1.690441,5.965318,5.00e-05,28202.39,35348480,N/A,2025-07-14 12:24:24
8630,0.517170,1.690441,5.965318,5.00e-05,27346.49,35352576,1.0000,2025-07-14 12:24:24
8631,0.607252,1.690441,5.965318,5.00e-05,27341.27,35356672,N/A,2025-07-14 12:24:24
8632,0.861836,1.690441,5.965318,5.00e-05,27516.97,35360768,N/A,2025-07-14 12:24:25
8633,0.549721,1.690441,5.965318,5.00e-05,26967.21,35364864,N/A,2025-07-14 12:24:25
8634,0.398779,1.690441,5.965318,5.00e-05,26949.84,35368960,N/A,2025-07-14 12:24:25
8635,0.532510,1.690441,5.965318,5.00e-05,26477.90,35373056,N/A,2025-07-14 12:24:25
8636,0.230448,1.690441,5.965318,5.00e-05,26429.51,35377152,N/A,2025-07-14 12:24:25
8637,0.549321,1.690441,5.965318,5.00e-05,26029.85,35381248,N/A,2025-07-14 12:24:26
8638,0.669021,1.690441,5.965318,5.00e-05,25996.35,35385344,N/A,2025-07-14 12:24:26
8639,0.417727,1.690441,5.965318,5.00e-05,26635.68,35389440,N/A,2025-07-14 12:24:26
8640,0.584410,1.690441,5.965318,5.00e-05,25492.43,35393536,1.0000,2025-07-14 12:24:26
8641,0.875640,1.690441,5.965318,5.00e-05,25484.19,35397632,N/A,2025-07-14 12:24:26
8642,0.564783,1.690441,5.965318,5.00e-05,25607.77,35401728,N/A,2025-07-14 12:24:26
8643,0.507099,1.690441,5.965318,5.00e-05,25567.50,35405824,N/A,2025-07-14 12:24:27
8644,0.902985,1.690441,5.965318,5.00e-05,26002.03,35409920,N/A,2025-07-14 12:24:27
8645,0.756696,1.690441,5.965318,5.00e-05,26018.21,35414016,N/A,2025-07-14 12:24:27
8646,0.652893,1.690441,5.965318,5.00e-05,26399.96,35418112,N/A,2025-07-14 12:24:27
8647,0.843816,1.690441,5.965318,5.00e-05,26585.02,35422208,N/A,2025-07-14 12:24:27
8648,0.630163,1.690441,5.965318,5.00e-05,26827.50,35426304,N/A,2025-07-14 12:24:27
8649,0.475479,1.690441,5.965318,5.00e-05,28096.91,35430400,N/A,2025-07-14 12:24:28
8650,0.670026,1.690441,5.965318,5.00e-05,27483.08,35434496,1.0000,2025-07-14 12:24:28
8651,0.667674,1.690441,5.965318,5.00e-05,27853.20,35438592,N/A,2025-07-14 12:24:28
8652,0.555235,1.690441,5.965318,5.00e-05,27792.38,35442688,N/A,2025-07-14 12:24:28
8653,0.415557,1.690441,5.965318,5.00e-05,27780.93,35446784,N/A,2025-07-14 12:24:28
8654,0.664784,1.690441,5.965318,5.00e-05,27798.27,35450880,N/A,2025-07-14 12:24:28
8655,0.654136,1.690441,5.965318,5.00e-05,27754.38,35454976,N/A,2025-07-14 12:24:29
8656,0.341552,1.690441,5.965318,5.00e-05,27783.38,35459072,N/A,2025-07-14 12:24:29
8657,0.298433,1.690441,5.965318,5.00e-05,27313.62,35463168,N/A,2025-07-14 12:24:29
8658,0.669109,1.690441,5.965318,5.00e-05,27256.20,35467264,N/A,2025-07-14 12:24:29
8659,0.239829,1.690441,5.965318,5.00e-05,27809.35,35471360,N/A,2025-07-14 12:24:29
8660,0.668674,1.690441,5.965318,5.00e-05,26906.61,35475456,1.0000,2025-07-14 12:24:29
8661,0.788714,1.690441,5.965318,5.00e-05,26975.28,35479552,N/A,2025-07-14 12:24:30
8662,0.693469,1.690441,5.965318,5.00e-05,26914.24,35483648,N/A,2025-07-14 12:24:30
8663,0.882113,1.690441,5.965318,5.00e-05,26442.98,35487744,N/A,2025-07-14 12:24:30
8664,0.712110,1.690441,5.965318,5.00e-05,26413.74,35491840,N/A,2025-07-14 12:24:30
8665,0.780680,1.690441,5.965318,5.00e-05,26199.14,35495936,N/A,2025-07-14 12:24:30
8666,0.407264,1.690441,5.965318,5.00e-05,26253.43,35500032,N/A,2025-07-14 12:24:30
8667,0.681628,1.690441,5.965318,5.00e-05,26223.84,35504128,N/A,2025-07-14 12:24:31
8668,0.669615,1.690441,5.965318,5.00e-05,25885.63,35508224,N/A,2025-07-14 12:24:31
8669,0.527492,1.690441,5.965318,5.00e-05,26617.77,35512320,N/A,2025-07-14 12:24:31
8670,0.753925,1.690441,5.965318,5.00e-05,26050.02,35516416,1.0000,2025-07-14 12:24:31
8671,0.546690,1.690441,5.965318,5.00e-05,26131.50,35520512,N/A,2025-07-14 12:24:31
8672,0.528355,1.690441,5.965318,5.00e-05,26606.17,35524608,N/A,2025-07-14 12:24:31
8673,0.681265,1.690441,5.965318,5.00e-05,26676.64,35528704,N/A,2025-07-14 12:24:32
8674,0.648095,1.690441,5.965318,5.00e-05,26679.53,35532800,N/A,2025-07-14 12:24:32
8675,0.295800,1.690441,5.965318,5.00e-05,27064.71,35536896,N/A,2025-07-14 12:24:32
8676,0.728561,1.690441,5.965318,5.00e-05,27228.30,35540992,N/A,2025-07-14 12:24:32
8677,0.490384,1.690441,5.965318,5.00e-05,27498.20,35545088,N/A,2025-07-14 12:24:32
8678,0.830638,1.690441,5.965318,5.00e-05,27615.70,35549184,N/A,2025-07-14 12:24:32
8679,0.590699,1.690441,5.965318,5.00e-05,28305.80,35553280,N/A,2025-07-14 12:24:33
8680,0.981756,1.690441,5.965318,5.00e-05,27644.68,35557376,1.0000,2025-07-14 12:24:33
8681,0.689246,1.690441,5.965318,5.00e-05,27598.98,35561472,N/A,2025-07-14 12:24:33
8682,0.461616,1.690441,5.965318,5.00e-05,27579.79,35565568,N/A,2025-07-14 12:24:33
8683,0.533361,1.690441,5.965318,5.00e-05,27667.55,35569664,N/A,2025-07-14 12:24:33
8684,0.707906,1.690441,5.965318,5.00e-05,27640.74,35573760,N/A,2025-07-14 12:24:33
8685,0.270104,1.690441,5.965318,5.00e-05,27601.39,35577856,N/A,2025-07-14 12:24:34
8686,0.726799,1.690441,5.965318,5.00e-05,27794.86,35581952,N/A,2025-07-14 12:24:34
8687,0.507340,1.690441,5.965318,5.00e-05,27813.21,35586048,N/A,2025-07-14 12:24:34
8688,0.513581,1.690441,5.965318,5.00e-05,27857.78,35590144,N/A,2025-07-14 12:24:34
8689,0.499224,1.690441,5.965318,5.00e-05,28428.02,35594240,N/A,2025-07-14 12:24:34
8690,0.533290,1.690441,5.965318,5.00e-05,27831.94,35598336,1.0000,2025-07-14 12:24:34
8691,0.723308,1.690441,5.965318,5.00e-05,27827.04,35602432,N/A,2025-07-14 12:24:35
8692,0.911123,1.690441,5.965318,5.00e-05,27907.22,35606528,N/A,2025-07-14 12:24:35
8693,0.462195,1.690441,5.965318,5.00e-05,27901.12,35610624,N/A,2025-07-14 12:24:35
8694,0.416000,1.690441,5.965318,5.00e-05,27885.58,35614720,N/A,2025-07-14 12:24:35
8695,0.301986,1.690441,5.965318,5.00e-05,27895.07,35618816,N/A,2025-07-14 12:24:35
8696,0.420128,1.690441,5.965318,5.00e-05,27851.33,35622912,N/A,2025-07-14 12:24:35
8697,0.346191,1.690441,5.965318,5.00e-05,27730.59,35627008,N/A,2025-07-14 12:24:36
8698,0.820765,1.690441,5.965318,5.00e-05,27704.74,35631104,N/A,2025-07-14 12:24:36
8699,0.520890,1.690441,5.965318,5.00e-05,28051.80,35635200,N/A,2025-07-14 12:24:36
8700,0.420172,1.690441,5.965318,5.00e-05,27326.86,35639296,1.0000,2025-07-14 12:24:36
8701,0.729941,1.690441,5.965318,5.00e-05,21686.81,35643392,N/A,2025-07-14 12:24:37
8702,0.605723,1.690441,5.965318,5.00e-05,21427.34,35647488,N/A,2025-07-14 12:24:37
8703,0.580159,1.690441,5.965318,5.00e-05,21368.46,35651584,N/A,2025-07-14 12:24:37
8704,0.501836,1.690441,5.965318,5.00e-05,21288.53,35655680,N/A,2025-07-14 12:24:37
8705,0.878384,1.690441,5.965318,5.00e-05,20927.41,35659776,N/A,2025-07-14 12:24:37
8706,1.002124,1.690441,5.965318,5.00e-05,20793.98,35663872,N/A,2025-07-14 12:24:38
8707,0.383044,1.690441,5.965318,5.00e-05,20759.97,35667968,N/A,2025-07-14 12:24:38
8708,0.868457,1.690441,5.965318,5.00e-05,20828.91,35672064,N/A,2025-07-14 12:24:38
8709,0.655520,1.690441,5.965318,5.00e-05,21183.07,35676160,N/A,2025-07-14 12:24:38
8710,0.732539,1.690441,5.965318,5.00e-05,25977.85,35680256,1.0000,2025-07-14 12:24:38
8711,0.508816,1.690441,5.965318,5.00e-05,26368.74,35684352,N/A,2025-07-14 12:24:38
8712,0.779154,1.690441,5.965318,5.00e-05,26394.88,35688448,N/A,2025-07-14 12:24:39
8713,0.716502,1.690441,5.965318,5.00e-05,26464.71,35692544,N/A,2025-07-14 12:24:39
8714,0.456110,1.690441,5.965318,5.00e-05,26893.89,35696640,N/A,2025-07-14 12:24:39
8715,0.514594,1.690441,5.965318,5.00e-05,27176.18,35700736,N/A,2025-07-14 12:24:39
8716,0.417262,1.690441,5.965318,5.00e-05,27100.37,35704832,N/A,2025-07-14 12:24:39
8717,0.480333,1.690441,5.965318,5.00e-05,27230.42,35708928,N/A,2025-07-14 12:24:39
8718,0.377189,1.690441,5.965318,5.00e-05,27338.05,35713024,N/A,2025-07-14 12:24:40
8719,0.542128,1.690441,5.965318,5.00e-05,27747.05,35717120,N/A,2025-07-14 12:24:40
8720,0.975832,1.690441,5.965318,5.00e-05,27061.73,35721216,1.0000,2025-07-14 12:24:40
8721,0.463054,1.690441,5.965318,5.00e-05,27103.02,35725312,N/A,2025-07-14 12:24:40
8722,0.766969,1.690441,5.965318,5.00e-05,27161.15,35729408,N/A,2025-07-14 12:24:40
8723,0.506351,1.690441,5.965318,5.00e-05,27336.57,35733504,N/A,2025-07-14 12:24:40
8724,0.620005,1.690441,5.965318,5.00e-05,27324.66,35737600,N/A,2025-07-14 12:24:41
8725,0.512650,1.690441,5.965318,5.00e-05,27553.27,35741696,N/A,2025-07-14 12:24:41
8726,0.793692,1.690441,5.965318,5.00e-05,27403.82,35745792,N/A,2025-07-14 12:24:41
8727,0.726329,1.690441,5.965318,5.00e-05,27341.27,35749888,N/A,2025-07-14 12:24:41
8728,0.491767,1.690441,5.965318,5.00e-05,27557.10,35753984,N/A,2025-07-14 12:24:41
8729,0.748824,1.690441,5.965318,5.00e-05,28210.46,35758080,N/A,2025-07-14 12:24:41
8730,0.370089,1.690441,5.965318,5.00e-05,27530.88,35762176,1.0000,2025-07-14 12:24:42
8731,0.505108,1.690441,5.965318,5.00e-05,27294.93,35766272,N/A,2025-07-14 12:24:42
8732,0.783604,1.690441,5.965318,5.00e-05,27141.19,35770368,N/A,2025-07-14 12:24:42
8733,0.652373,1.690441,5.965318,5.00e-05,27138.55,35774464,N/A,2025-07-14 12:24:42
8734,0.495642,1.690441,5.965318,5.00e-05,27090.31,35778560,N/A,2025-07-14 12:24:42
8735,0.554419,1.690441,5.965318,5.00e-05,27177.21,35782656,N/A,2025-07-14 12:24:42
8736,0.504869,1.690441,5.965318,5.00e-05,27215.55,35786752,N/A,2025-07-14 12:24:43
8737,0.476915,1.690441,5.965318,5.00e-05,26987.97,35790848,N/A,2025-07-14 12:24:43
8738,0.401785,1.690441,5.965318,5.00e-05,27036.80,35794944,N/A,2025-07-14 12:24:43
8739,0.676318,1.690441,5.965318,5.00e-05,27681.81,35799040,N/A,2025-07-14 12:24:43
8740,0.340033,1.690441,5.965318,5.00e-05,27182.89,35803136,1.0000,2025-07-14 12:24:43
8741,0.535363,1.690441,5.965318,5.00e-05,27326.41,35807232,N/A,2025-07-14 12:24:43
8742,0.549805,1.690441,5.965318,5.00e-05,27222.56,35811328,N/A,2025-07-14 12:24:44
8743,0.816190,1.690441,5.965318,5.00e-05,27254.93,35815424,N/A,2025-07-14 12:24:44
8744,0.516414,1.690441,5.965318,5.00e-05,27334.16,35819520,N/A,2025-07-14 12:24:44
8745,0.746113,1.690441,5.965318,5.00e-05,27347.19,35823616,N/A,2025-07-14 12:24:44
8746,0.691161,1.690441,5.965318,5.00e-05,27581.34,35827712,N/A,2025-07-14 12:24:44
8747,0.384481,1.690441,5.965318,5.00e-05,27577.39,35831808,N/A,2025-07-14 12:24:44
8748,0.563797,1.690441,5.965318,5.00e-05,27636.24,35835904,N/A,2025-07-14 12:24:45
8749,0.666278,1.690441,5.965318,5.00e-05,28335.88,35840000,N/A,2025-07-14 12:24:45
8750,0.446322,1.690441,5.965318,5.00e-05,27650.11,35844096,1.0000,2025-07-14 12:24:45
8751,0.621670,1.690441,5.965318,5.00e-05,27643.97,35848192,N/A,2025-07-14 12:24:45
8752,0.397422,1.690441,5.965318,5.00e-05,27618.83,35852288,N/A,2025-07-14 12:24:45
8753,0.448490,1.690441,5.965318,5.00e-05,27504.76,35856384,N/A,2025-07-14 12:24:45
8754,0.352659,1.690441,5.965318,5.00e-05,26937.17,35860480,N/A,2025-07-14 12:24:46
8755,0.639272,1.690441,5.965318,5.00e-05,26904.67,35864576,N/A,2025-07-14 12:24:46
8756,0.488902,1.690441,5.965318,5.00e-05,26890.45,35868672,N/A,2025-07-14 12:24:46
8757,0.414942,1.690441,5.965318,5.00e-05,26888.04,35872768,N/A,2025-07-14 12:24:46
8758,0.862584,1.690441,5.965318,5.00e-05,26930.37,35876864,N/A,2025-07-14 12:24:46
8759,0.344515,1.690441,5.965318,5.00e-05,27089.70,35880960,N/A,2025-07-14 12:24:46
8760,0.750826,1.690441,5.965318,5.00e-05,26518.18,35885056,1.0000,2025-07-14 12:24:47
8761,0.467739,1.690441,5.965318,5.00e-05,26462.80,35889152,N/A,2025-07-14 12:24:47
8762,0.643633,1.690441,5.965318,5.00e-05,26548.34,35893248,N/A,2025-07-14 12:24:47
8763,0.275786,1.690441,5.965318,5.00e-05,27066.64,35897344,N/A,2025-07-14 12:24:47
8764,0.217157,1.690441,5.965318,5.00e-05,27092.21,35901440,N/A,2025-07-14 12:24:47
8765,0.236063,1.690441,5.965318,5.00e-05,27110.38,35905536,N/A,2025-07-14 12:24:47
8766,0.546195,1.690441,5.965318,5.00e-05,27095.83,35909632,N/A,2025-07-14 12:24:48
8767,0.696835,1.690441,5.965318,5.00e-05,26777.42,35913728,N/A,2025-07-14 12:24:48
8768,0.546537,1.690441,5.965318,5.00e-05,27244.87,35917824,N/A,2025-07-14 12:24:48
8769,0.298040,1.690441,5.965318,5.00e-05,27964.34,35921920,N/A,2025-07-14 12:24:48
8770,0.691602,1.690441,5.965318,5.00e-05,27141.92,35926016,1.0000,2025-07-14 12:24:48
8771,0.645139,1.690441,5.965318,5.00e-05,26885.27,35930112,N/A,2025-07-14 12:24:48
8772,0.493855,1.690441,5.965318,5.00e-05,26843.41,35934208,N/A,2025-07-14 12:24:49
8773,0.436042,1.690441,5.965318,5.00e-05,26760.00,35938304,N/A,2025-07-14 12:24:49
8774,0.636081,1.690441,5.965318,5.00e-05,26627.68,35942400,N/A,2025-07-14 12:24:49
8775,0.499019,1.690441,5.965318,5.00e-05,26521.23,35946496,N/A,2025-07-14 12:24:49
8776,0.449755,1.690441,5.965318,5.00e-05,26734.11,35950592,N/A,2025-07-14 12:24:49
8777,0.413817,1.690441,5.965318,5.00e-05,26248.85,35954688,N/A,2025-07-14 12:24:49
8778,0.592028,1.690441,5.965318,5.00e-05,26187.52,35958784,N/A,2025-07-14 12:24:50
8779,0.388306,1.690441,5.965318,5.00e-05,26723.34,35962880,N/A,2025-07-14 12:24:50
8780,0.428487,1.690441,5.965318,5.00e-05,25717.81,35966976,1.0000,2025-07-14 12:24:50
8781,0.651689,1.690441,5.965318,5.00e-05,25744.92,35971072,N/A,2025-07-14 12:24:50
8782,0.705262,1.690441,5.965318,5.00e-05,25823.89,35975168,N/A,2025-07-14 12:24:50
8783,0.341244,1.690441,5.965318,5.00e-05,25929.69,35979264,N/A,2025-07-14 12:24:51
8784,0.427676,1.690441,5.965318,5.00e-05,26013.16,35983360,N/A,2025-07-14 12:24:51
8785,0.423569,1.690441,5.965318,5.00e-05,26069.36,35987456,N/A,2025-07-14 12:24:51
8786,0.396671,1.690441,5.965318,5.00e-05,26515.59,35991552,N/A,2025-07-14 12:24:51
8787,0.477831,1.690441,5.965318,5.00e-05,26592.90,35995648,N/A,2025-07-14 12:24:51
8788,0.417859,1.690441,5.965318,5.00e-05,26815.87,35999744,N/A,2025-07-14 12:24:51
8789,0.609616,1.690441,5.965318,5.00e-05,28179.20,36003840,N/A,2025-07-14 12:24:51
8790,0.493185,1.690441,5.965318,5.00e-05,27603.67,36007936,1.0000,2025-07-14 12:24:52
8791,0.737863,1.690441,5.965318,5.00e-05,27107.56,36012032,N/A,2025-07-14 12:24:52
8792,0.760332,1.690441,5.965318,5.00e-05,27167.05,36016128,N/A,2025-07-14 12:24:52
8793,0.586511,1.690441,5.965318,5.00e-05,27191.86,36020224,N/A,2025-07-14 12:24:52
8794,0.338726,1.690441,5.965318,5.00e-05,27103.26,36024320,N/A,2025-07-14 12:24:52
8795,0.734807,1.690441,5.965318,5.00e-05,27149.85,36028416,N/A,2025-07-14 12:24:52
8796,0.450776,1.690441,5.965318,5.00e-05,27157.81,36032512,N/A,2025-07-14 12:24:53
8797,0.666033,1.690441,5.965318,5.00e-05,27259.93,36036608,N/A,2025-07-14 12:24:53
8798,0.553087,1.690441,5.965318,5.00e-05,27267.60,36040704,N/A,2025-07-14 12:24:53
8799,0.948056,1.690441,5.965318,5.00e-05,27853.23,36044800,N/A,2025-07-14 12:24:53
8800,0.431214,1.690441,5.965318,5.00e-05,27700.20,36048896,1.0000,2025-07-14 12:24:53
8801,0.530053,1.690441,5.965318,5.00e-05,21720.09,36052992,N/A,2025-07-14 12:24:54
8802,0.533447,1.690441,5.965318,5.00e-05,21486.18,36057088,N/A,2025-07-14 12:24:54
8803,0.417550,1.690441,5.965318,5.00e-05,21547.69,36061184,N/A,2025-07-14 12:24:54
8804,0.159930,1.690441,5.965318,5.00e-05,21532.81,36065280,N/A,2025-07-14 12:24:54
8805,0.325961,1.690441,5.965318,5.00e-05,21518.23,36069376,N/A,2025-07-14 12:24:55
8806,0.559960,1.690441,5.965318,5.00e-05,21360.80,36073472,N/A,2025-07-14 12:24:55
8807,0.323222,1.690441,5.965318,5.00e-05,21196.95,36077568,N/A,2025-07-14 12:24:55
8808,0.254849,1.690441,5.965318,5.00e-05,21197.29,36081664,N/A,2025-07-14 12:24:55
8809,0.536102,1.690441,5.965318,5.00e-05,21589.78,36085760,N/A,2025-07-14 12:24:55
8810,0.460992,1.690441,5.965318,5.00e-05,26782.75,36089856,1.0000,2025-07-14 12:24:55
8811,0.483410,1.690441,5.965318,5.00e-05,27106.53,36093952,N/A,2025-07-14 12:24:56
8812,0.796174,1.690441,5.965318,5.00e-05,27121.86,36098048,N/A,2025-07-14 12:24:56
8813,0.613020,1.690441,5.965318,5.00e-05,27140.07,36102144,N/A,2025-07-14 12:24:56
8814,0.784318,1.690441,5.965318,5.00e-05,27159.82,36106240,N/A,2025-07-14 12:24:56
8815,0.364281,1.690441,5.965318,5.00e-05,27382.08,36110336,N/A,2025-07-14 12:24:56
8816,0.423517,1.690441,5.965318,5.00e-05,27617.43,36114432,N/A,2025-07-14 12:24:56
8817,0.561682,1.690441,5.965318,5.00e-05,27646.67,36118528,N/A,2025-07-14 12:24:57
8818,0.366458,1.690441,5.965318,5.00e-05,27616.65,36122624,N/A,2025-07-14 12:24:57
8819,0.347394,1.690441,5.965318,5.00e-05,28238.67,36126720,N/A,2025-07-14 12:24:57
8820,0.306883,1.690441,5.965318,5.00e-05,27302.74,36130816,1.0000,2025-07-14 12:24:57
8821,0.591842,1.690441,5.965318,5.00e-05,27087.13,36134912,N/A,2025-07-14 12:24:57
8822,0.740796,1.690441,5.965318,5.00e-05,27032.92,36139008,N/A,2025-07-14 12:24:57
8823,0.648262,1.690441,5.965318,5.00e-05,26949.96,36143104,N/A,2025-07-14 12:24:58
8824,0.263858,1.690441,5.965318,5.00e-05,26842.79,36147200,N/A,2025-07-14 12:24:58
8825,0.304418,1.690441,5.965318,5.00e-05,26533.72,36151296,N/A,2025-07-14 12:24:58
8826,0.344013,1.690441,5.965318,5.00e-05,26512.96,36155392,N/A,2025-07-14 12:24:58
8827,0.320151,1.690441,5.965318,5.00e-05,26542.82,36159488,N/A,2025-07-14 12:24:58
8828,0.426600,1.690441,5.965318,5.00e-05,26528.94,36163584,N/A,2025-07-14 12:24:58
8829,0.628197,1.690441,5.965318,5.00e-05,27293.37,36167680,N/A,2025-07-14 12:24:59
8830,0.388124,1.690441,5.965318,5.00e-05,26785.82,36171776,1.0000,2025-07-14 12:24:59
8831,0.350124,1.690441,5.965318,5.00e-05,26740.11,36175872,N/A,2025-07-14 12:24:59
8832,0.455914,1.690441,5.965318,5.00e-05,26785.86,36179968,N/A,2025-07-14 12:24:59
8833,0.385627,1.690441,5.965318,5.00e-05,26768.91,36184064,N/A,2025-07-14 12:24:59
8834,0.530925,1.690441,5.965318,5.00e-05,27024.26,36188160,N/A,2025-07-14 12:24:59
8835,0.371990,1.690441,5.965318,5.00e-05,26869.26,36192256,N/A,2025-07-14 12:25:00
8836,0.264227,1.690441,5.965318,5.00e-05,26656.69,36196352,N/A,2025-07-14 12:25:00
8837,0.248966,1.690441,5.965318,5.00e-05,26558.33,36200448,N/A,2025-07-14 12:25:00
8838,0.641492,1.690441,5.965318,5.00e-05,26638.54,36204544,N/A,2025-07-14 12:25:00
8839,0.215502,1.690441,5.965318,5.00e-05,27242.42,36208640,N/A,2025-07-14 12:25:00
8840,0.462555,1.690441,5.965318,5.00e-05,26624.10,36212736,1.0000,2025-07-14 12:25:00
8841,0.633694,1.690441,5.965318,5.00e-05,26650.16,36216832,N/A,2025-07-14 12:25:01
8842,0.608211,1.690441,5.965318,5.00e-05,26727.60,36220928,N/A,2025-07-14 12:25:01
8843,0.352777,1.690441,5.965318,5.00e-05,26722.11,36225024,N/A,2025-07-14 12:25:01
8844,0.306046,1.690441,5.965318,5.00e-05,26795.12,36229120,N/A,2025-07-14 12:25:01
8845,0.524453,1.690441,5.965318,5.00e-05,26984.72,36233216,N/A,2025-07-14 12:25:01
8846,0.454475,1.690441,5.965318,5.00e-05,27130.21,36237312,N/A,2025-07-14 12:25:01
8847,0.483237,1.690441,5.965318,5.00e-05,27139.21,36241408,N/A,2025-07-14 12:25:02
8848,0.270380,1.690441,5.965318,5.00e-05,27280.04,36245504,N/A,2025-07-14 12:25:02
8849,0.228287,1.690441,5.965318,5.00e-05,27954.61,36249600,N/A,2025-07-14 12:25:02
8850,0.463875,1.690441,5.965318,5.00e-05,27218.48,36253696,1.0000,2025-07-14 12:25:02
8851,0.346975,1.690441,5.965318,5.00e-05,27256.92,36257792,N/A,2025-07-14 12:25:02
8852,0.260758,1.690441,5.965318,5.00e-05,27357.70,36261888,N/A,2025-07-14 12:25:02
8853,0.283223,1.690441,5.965318,5.00e-05,27454.99,36265984,N/A,2025-07-14 12:25:03
8854,0.127981,1.690441,5.965318,5.00e-05,27533.10,36270080,N/A,2025-07-14 12:25:03
8855,0.712744,1.690441,5.965318,5.00e-05,27090.01,36274176,N/A,2025-07-14 12:25:03
8856,0.415518,1.690441,5.965318,5.00e-05,27166.88,36278272,N/A,2025-07-14 12:25:03
8857,0.668125,1.690441,5.965318,5.00e-05,26957.83,36282368,N/A,2025-07-14 12:25:03
8858,0.547009,1.690441,5.965318,5.00e-05,27043.41,36286464,N/A,2025-07-14 12:25:03
8859,0.456743,1.690441,5.965318,5.00e-05,27491.38,36290560,N/A,2025-07-14 12:25:04
8860,0.312314,1.690441,5.965318,5.00e-05,26609.72,36294656,1.0000,2025-07-14 12:25:04
8861,0.397257,1.690441,5.965318,5.00e-05,26568.82,36298752,N/A,2025-07-14 12:25:04
8862,0.425672,1.690441,5.965318,5.00e-05,26609.49,36302848,N/A,2025-07-14 12:25:04
8863,0.379601,1.690441,5.965318,5.00e-05,26604.17,36306944,N/A,2025-07-14 12:25:04
8864,0.478774,1.690441,5.965318,5.00e-05,27103.25,36311040,N/A,2025-07-14 12:25:04
8865,0.601477,1.690441,5.965318,5.00e-05,27041.34,36315136,N/A,2025-07-14 12:25:05
8866,0.435421,1.690441,5.965318,5.00e-05,27197.28,36319232,N/A,2025-07-14 12:25:05
8867,0.154647,1.690441,5.965318,5.00e-05,26847.80,36323328,N/A,2025-07-14 12:25:05
8868,0.273549,1.690441,5.965318,5.00e-05,26920.02,36327424,N/A,2025-07-14 12:25:05
8869,0.392163,1.690441,5.965318,5.00e-05,27791.21,36331520,N/A,2025-07-14 12:25:05
8870,0.356531,1.690441,5.965318,5.00e-05,26712.39,36335616,1.0000,2025-07-14 12:25:06
8871,0.647967,1.690441,5.965318,5.00e-05,26630.46,36339712,N/A,2025-07-14 12:25:06
8872,0.381958,1.690441,5.965318,5.00e-05,26581.07,36343808,N/A,2025-07-14 12:25:06
8873,0.267601,1.690441,5.965318,5.00e-05,26524.46,36347904,N/A,2025-07-14 12:25:06
8874,0.475952,1.690441,5.965318,5.00e-05,26538.23,36352000,N/A,2025-07-14 12:25:06
8875,0.281076,1.690441,5.965318,5.00e-05,26563.12,36356096,N/A,2025-07-14 12:25:06
8876,0.348480,1.690441,5.965318,5.00e-05,26904.79,36360192,N/A,2025-07-14 12:25:07
8877,0.336330,1.690441,5.965318,5.00e-05,27120.10,36364288,N/A,2025-07-14 12:25:07
8878,0.260554,1.690441,5.965318,5.00e-05,19587.14,36368384,N/A,2025-07-14 12:25:07
8879,0.420752,1.690441,5.965318,5.00e-05,20129.12,36372480,N/A,2025-07-14 12:25:08
8880,0.461207,1.690441,5.965318,5.00e-05,19775.62,36376576,1.0000,2025-07-14 12:25:08
8881,0.417128,1.690441,5.965318,5.00e-05,19747.53,36380672,N/A,2025-07-14 12:25:08
8882,0.316115,1.690441,5.965318,5.00e-05,19585.87,36384768,N/A,2025-07-14 12:25:08
8883,0.544810,1.690441,5.965318,5.00e-05,19536.49,36388864,N/A,2025-07-14 12:25:08
8884,0.615298,1.690441,5.965318,5.00e-05,19417.48,36392960,N/A,2025-07-14 12:25:08
8885,0.354495,1.690441,5.965318,5.00e-05,19418.63,36397056,N/A,2025-07-14 12:25:09
8886,0.538510,1.690441,5.965318,5.00e-05,19402.70,36401152,N/A,2025-07-14 12:25:09
8887,0.370054,1.690441,5.965318,5.00e-05,26803.35,36405248,N/A,2025-07-14 12:25:09
8888,0.325318,1.690441,5.965318,5.00e-05,26906.58,36409344,N/A,2025-07-14 12:25:09
8889,0.760362,1.690441,5.965318,5.00e-05,27399.91,36413440,N/A,2025-07-14 12:25:09
8890,0.590904,1.690441,5.965318,5.00e-05,26886.99,36417536,1.0000,2025-07-14 12:25:09
8891,0.489524,1.690441,5.965318,5.00e-05,27217.95,36421632,N/A,2025-07-14 12:25:10
8892,0.480832,1.690441,5.965318,5.00e-05,27272.49,36425728,N/A,2025-07-14 12:25:10
8893,0.389153,1.690441,5.965318,5.00e-05,27517.98,36429824,N/A,2025-07-14 12:25:10
8894,0.736152,1.690441,5.965318,5.00e-05,27406.89,36433920,N/A,2025-07-14 12:25:10
8895,0.413092,1.690441,5.965318,5.00e-05,27454.34,36438016,N/A,2025-07-14 12:25:10
8896,0.410256,1.690441,5.965318,5.00e-05,27359.69,36442112,N/A,2025-07-14 12:25:10
8897,0.552819,1.690441,5.965318,5.00e-05,27314.75,36446208,N/A,2025-07-14 12:25:11
8898,0.550019,1.690441,5.965318,5.00e-05,27516.64,36450304,N/A,2025-07-14 12:25:11
8899,0.814806,1.690441,5.965318,5.00e-05,28121.74,36454400,N/A,2025-07-14 12:25:11
8900,0.535272,1.690441,5.965318,5.00e-05,27495.24,36458496,1.0000,2025-07-14 12:25:11
8901,0.450333,1.690441,5.965318,5.00e-05,22178.29,36462592,N/A,2025-07-14 12:25:12
8902,0.560223,1.690441,5.965318,5.00e-05,22077.94,36466688,N/A,2025-07-14 12:25:12
8903,0.222201,1.690441,5.965318,5.00e-05,22163.13,36470784,N/A,2025-07-14 12:25:12
8904,0.373703,1.690441,5.965318,5.00e-05,21914.45,36474880,N/A,2025-07-14 12:25:12
8905,0.249222,1.690441,5.965318,5.00e-05,21667.18,36478976,N/A,2025-07-14 12:25:12
8906,0.474203,1.690441,5.965318,5.00e-05,21469.66,36483072,N/A,2025-07-14 12:25:13
8907,0.341134,1.690441,5.965318,5.00e-05,21472.56,36487168,N/A,2025-07-14 12:25:13
8908,0.417149,1.690441,5.965318,5.00e-05,21418.46,36491264,N/A,2025-07-14 12:25:13
8909,0.465706,1.690441,5.965318,5.00e-05,21739.06,36495360,N/A,2025-07-14 12:25:13
8910,0.344171,1.690441,5.965318,5.00e-05,26285.15,36499456,1.0000,2025-07-14 12:25:13
8911,0.427422,1.690441,5.965318,5.00e-05,26239.82,36503552,N/A,2025-07-14 12:25:13
8912,0.509151,1.690441,5.965318,5.00e-05,26183.05,36507648,N/A,2025-07-14 12:25:14
8913,0.416830,1.690441,5.965318,5.00e-05,26521.63,36511744,N/A,2025-07-14 12:25:14
8914,0.467644,1.690441,5.965318,5.00e-05,26928.78,36515840,N/A,2025-07-14 12:25:14
8915,0.472614,1.690441,5.965318,5.00e-05,27167.82,36519936,N/A,2025-07-14 12:25:14
8916,0.580780,1.690441,5.965318,5.00e-05,27156.91,36524032,N/A,2025-07-14 12:25:14
8917,0.454270,1.690441,5.965318,5.00e-05,27171.04,36528128,N/A,2025-07-14 12:25:14
8918,0.248933,1.690441,5.965318,5.00e-05,27209.19,36532224,N/A,2025-07-14 12:25:15
8919,0.488063,1.690441,5.965318,5.00e-05,27814.15,36536320,N/A,2025-07-14 12:25:15
8920,0.430779,1.690441,5.965318,5.00e-05,27232.52,36540416,1.0000,2025-07-14 12:25:15
8921,0.456064,1.690441,5.965318,5.00e-05,27264.97,36544512,N/A,2025-07-14 12:25:15
8922,0.444999,1.690441,5.965318,5.00e-05,27212.63,36548608,N/A,2025-07-14 12:25:15
8923,0.296485,1.690441,5.965318,5.00e-05,27234.92,36552704,N/A,2025-07-14 12:25:15
8924,0.316305,1.690441,5.965318,5.00e-05,27312.91,36556800,N/A,2025-07-14 12:25:16
8925,0.378508,1.690441,5.965318,5.00e-05,27382.50,36560896,N/A,2025-07-14 12:25:16
8926,0.186907,1.690441,5.965318,5.00e-05,27443.21,36564992,N/A,2025-07-14 12:25:16
8927,0.249947,1.690441,5.965318,5.00e-05,27541.93,36569088,N/A,2025-07-14 12:25:16
8928,0.346468,1.690441,5.965318,5.00e-05,27287.38,36573184,N/A,2025-07-14 12:25:16
8929,0.320664,1.690441,5.965318,5.00e-05,28018.22,36577280,N/A,2025-07-14 12:25:16
8930,0.352610,1.690441,5.965318,5.00e-05,27319.45,36581376,1.0000,2025-07-14 12:25:17
8931,0.379210,1.690441,5.965318,5.00e-05,27211.86,36585472,N/A,2025-07-14 12:25:17
8932,0.592201,1.690441,5.965318,5.00e-05,27266.59,36589568,N/A,2025-07-14 12:25:17
8933,0.417777,1.690441,5.965318,5.00e-05,27251.03,36593664,N/A,2025-07-14 12:25:17
8934,0.676393,1.690441,5.965318,5.00e-05,27200.08,36597760,N/A,2025-07-14 12:25:17
8935,0.583956,1.690441,5.965318,5.00e-05,27231.22,36601856,N/A,2025-07-14 12:25:17
8936,0.423025,1.690441,5.965318,5.00e-05,27199.39,36605952,N/A,2025-07-14 12:25:18
8937,0.356690,1.690441,5.965318,5.00e-05,27256.09,36610048,N/A,2025-07-14 12:25:18
8938,0.335650,1.690441,5.965318,5.00e-05,27328.18,36614144,N/A,2025-07-14 12:25:18
8939,0.519428,1.690441,5.965318,5.00e-05,28001.51,36618240,N/A,2025-07-14 12:25:18
8940,0.446294,1.690441,5.965318,5.00e-05,27459.59,36622336,1.0000,2025-07-14 12:25:18
8941,0.301652,1.690441,5.965318,5.00e-05,27408.48,36626432,N/A,2025-07-14 12:25:18
8942,0.417308,1.690441,5.965318,5.00e-05,27413.00,36630528,N/A,2025-07-14 12:25:19
8943,0.375177,1.690441,5.965318,5.00e-05,27377.68,36634624,N/A,2025-07-14 12:25:19
8944,0.298229,1.690441,5.965318,5.00e-05,27365.23,36638720,N/A,2025-07-14 12:25:19
8945,0.461071,1.690441,5.965318,5.00e-05,27310.42,36642816,N/A,2025-07-14 12:25:19
8946,0.438990,1.690441,5.965318,5.00e-05,27524.63,36646912,N/A,2025-07-14 12:25:19
8947,0.246070,1.690441,5.965318,5.00e-05,27243.76,36651008,N/A,2025-07-14 12:25:19
8948,0.534449,1.690441,5.965318,5.00e-05,27286.72,36655104,N/A,2025-07-14 12:25:20
8949,0.376951,1.690441,5.965318,5.00e-05,27909.16,36659200,N/A,2025-07-14 12:25:20
8950,0.362111,1.690441,5.965318,5.00e-05,27255.71,36663296,1.0000,2025-07-14 12:25:20
8951,0.291398,1.690441,5.965318,5.00e-05,27122.13,36667392,N/A,2025-07-14 12:25:20
8952,0.446686,1.690441,5.965318,5.00e-05,27092.71,36671488,N/A,2025-07-14 12:25:20
8953,0.262543,1.690441,5.965318,5.00e-05,26852.83,36675584,N/A,2025-07-14 12:25:20
8954,0.277868,1.690441,5.965318,5.00e-05,26832.21,36679680,N/A,2025-07-14 12:25:21
8955,0.579530,1.690441,5.965318,5.00e-05,26754.51,36683776,N/A,2025-07-14 12:25:21
8956,0.320709,1.690441,5.965318,5.00e-05,27024.24,36687872,N/A,2025-07-14 12:25:21
8957,0.310674,1.690441,5.965318,5.00e-05,26929.09,36691968,N/A,2025-07-14 12:25:21
8958,0.178579,1.690441,5.965318,5.00e-05,26674.78,36696064,N/A,2025-07-14 12:25:21
8959,0.363033,1.690441,5.965318,5.00e-05,27288.31,36700160,N/A,2025-07-14 12:25:21
8960,0.188899,1.690441,5.965318,5.00e-05,26888.98,36704256,1.0000,2025-07-14 12:25:22
8961,0.552870,1.690441,5.965318,5.00e-05,26932.05,36708352,N/A,2025-07-14 12:25:22
8962,0.470757,1.690441,5.965318,5.00e-05,27145.18,36712448,N/A,2025-07-14 12:25:22
8963,0.476101,1.690441,5.965318,5.00e-05,27037.41,36716544,N/A,2025-07-14 12:25:22
8964,0.279941,1.690441,5.965318,5.00e-05,27069.74,36720640,N/A,2025-07-14 12:25:22
8965,0.373587,1.690441,5.965318,5.00e-05,27029.82,36724736,N/A,2025-07-14 12:25:22
8966,0.579305,1.690441,5.965318,5.00e-05,27081.63,36728832,N/A,2025-07-14 12:25:23
8967,0.381401,1.690441,5.965318,5.00e-05,27385.01,36732928,N/A,2025-07-14 12:25:23
8968,0.534142,1.690441,5.965318,5.00e-05,27421.16,36737024,N/A,2025-07-14 12:25:23
8969,0.429888,1.690441,5.965318,5.00e-05,27939.80,36741120,N/A,2025-07-14 12:25:23
8970,0.257376,1.690441,5.965318,5.00e-05,26857.24,36745216,1.0000,2025-07-14 12:25:23
8971,0.303971,1.690441,5.965318,5.00e-05,26886.70,36749312,N/A,2025-07-14 12:25:23
8972,0.304400,1.690441,5.965318,5.00e-05,27075.02,36753408,N/A,2025-07-14 12:25:24
8973,0.514849,1.690441,5.965318,5.00e-05,27129.90,36757504,N/A,2025-07-14 12:25:24
8974,0.265282,1.690441,5.965318,5.00e-05,27121.22,36761600,N/A,2025-07-14 12:25:24
8975,0.396489,1.690441,5.965318,5.00e-05,27115.32,36765696,N/A,2025-07-14 12:25:24
8976,0.453056,1.690441,5.965318,5.00e-05,27160.75,36769792,N/A,2025-07-14 12:25:24
8977,0.572037,1.690441,5.965318,5.00e-05,27171.05,36773888,N/A,2025-07-14 12:25:24
8978,0.266728,1.690441,5.965318,5.00e-05,27068.55,36777984,N/A,2025-07-14 12:25:25
8979,0.485035,1.690441,5.965318,5.00e-05,28160.23,36782080,N/A,2025-07-14 12:25:25
8980,0.237189,1.690441,5.965318,5.00e-05,27448.83,36786176,1.0000,2025-07-14 12:25:25
8981,0.315690,1.690441,5.965318,5.00e-05,27077.59,36790272,N/A,2025-07-14 12:25:25
8982,0.300496,1.690441,5.965318,5.00e-05,27073.81,36794368,N/A,2025-07-14 12:25:25
8983,0.412639,1.690441,5.965318,5.00e-05,27115.35,36798464,N/A,2025-07-14 12:25:25
8984,0.420634,1.690441,5.965318,5.00e-05,27158.37,36802560,N/A,2025-07-14 12:25:26
8985,0.459327,1.690441,5.965318,5.00e-05,27141.15,36806656,N/A,2025-07-14 12:25:26
8986,0.503907,1.690441,5.965318,5.00e-05,27175.37,36810752,N/A,2025-07-14 12:25:26
8987,0.678375,1.690441,5.965318,5.00e-05,27352.66,36814848,N/A,2025-07-14 12:25:26
8988,0.687290,1.690441,5.965318,5.00e-05,27435.80,36818944,N/A,2025-07-14 12:25:26
8989,0.252867,1.690441,5.965318,5.00e-05,28137.72,36823040,N/A,2025-07-14 12:25:26
8990,0.353398,1.690441,5.965318,5.00e-05,27669.98,36827136,1.0000,2025-07-14 12:25:27
8991,0.334919,1.690441,5.965318,5.00e-05,27222.30,36831232,N/A,2025-07-14 12:25:27
8992,0.489320,1.690441,5.965318,5.00e-05,27197.34,36835328,N/A,2025-07-14 12:25:27
8993,0.310546,1.690441,5.965318,5.00e-05,27040.71,36839424,N/A,2025-07-14 12:25:27
8994,0.318387,1.690441,5.965318,5.00e-05,26741.88,36843520,N/A,2025-07-14 12:25:27
8995,0.445024,1.690441,5.965318,5.00e-05,26713.65,36847616,N/A,2025-07-14 12:25:27
8996,0.188435,1.690441,5.965318,5.00e-05,26772.48,36851712,N/A,2025-07-14 12:25:28
8997,0.406203,1.690441,5.965318,5.00e-05,26751.19,36855808,N/A,2025-07-14 12:25:28
8998,0.371783,1.690441,5.965318,5.00e-05,26784.54,36859904,N/A,2025-07-14 12:25:28
8999,0.280222,1.690441,5.965318,5.00e-05,27336.61,36864000,N/A,2025-07-14 12:25:28
9000,0.370572,0.367871,1.453808,5.00e-05,3686.95,36868096,N/A,2025-07-14 12:25:38
9001,0.500369,0.367871,1.453808,5.00e-05,3530.72,36872192,N/A,2025-07-14 12:25:39
9002,0.328117,0.367871,1.453808,5.00e-05,3525.19,36876288,N/A,2025-07-14 12:25:39
9003,0.420849,0.367871,1.453808,5.00e-05,3524.86,36880384,N/A,2025-07-14 12:25:39
9004,0.384596,0.367871,1.453808,5.00e-05,3485.40,36884480,N/A,2025-07-14 12:25:39
9005,0.239655,0.367871,1.453808,5.00e-05,3480.93,36888576,N/A,2025-07-14 12:25:39
9006,0.174840,0.367871,1.453808,5.00e-05,3478.01,36892672,N/A,2025-07-14 12:25:39
9007,0.571219,0.367871,1.453808,5.00e-05,3472.61,36896768,N/A,2025-07-14 12:25:40
9008,0.320242,0.367871,1.453808,5.00e-05,3471.77,36900864,N/A,2025-07-14 12:25:40
9009,0.430716,0.367871,1.453808,5.00e-05,18897.16,36904960,N/A,2025-07-14 12:25:40
9010,0.250362,0.367871,1.453808,5.00e-05,23671.17,36909056,1.0000,2025-07-14 12:25:40
9011,0.360294,0.367871,1.453808,5.00e-05,23891.88,36913152,N/A,2025-07-14 12:25:40
9012,0.302507,0.367871,1.453808,5.00e-05,24030.07,36917248,N/A,2025-07-14 12:25:41
9013,0.213306,0.367871,1.453808,5.00e-05,25773.82,36921344,N/A,2025-07-14 12:25:41
9014,0.347112,0.367871,1.453808,5.00e-05,25728.22,36925440,N/A,2025-07-14 12:25:41
9015,0.475474,0.367871,1.453808,5.00e-05,25731.60,36929536,N/A,2025-07-14 12:25:41
9016,0.548392,0.367871,1.453808,5.00e-05,25941.50,36933632,N/A,2025-07-14 12:25:41
9017,0.394205,0.367871,1.453808,5.00e-05,25969.09,36937728,N/A,2025-07-14 12:25:41
9018,0.282279,0.367871,1.453808,5.00e-05,25117.72,36941824,N/A,2025-07-14 12:25:42
9019,0.287306,0.367871,1.453808,5.00e-05,25933.96,36945920,N/A,2025-07-14 12:25:42
9020,0.420629,0.367871,1.453808,5.00e-05,25147.12,36950016,1.0000,2025-07-14 12:25:42
9021,0.285712,0.367871,1.453808,5.00e-05,25011.01,36954112,N/A,2025-07-14 12:25:42
9022,0.359765,0.367871,1.453808,5.00e-05,25015.50,36958208,N/A,2025-07-14 12:25:42
9023,0.277297,0.367871,1.453808,5.00e-05,25165.32,36962304,N/A,2025-07-14 12:25:43
9024,0.462412,0.367871,1.453808,5.00e-05,23992.56,36966400,N/A,2025-07-14 12:25:43
9025,0.325750,0.367871,1.453808,5.00e-05,23930.50,36970496,N/A,2025-07-14 12:25:43
9026,0.449766,0.367871,1.453808,5.00e-05,23892.54,36974592,N/A,2025-07-14 12:25:43
9027,0.508988,0.367871,1.453808,5.00e-05,24056.24,36978688,N/A,2025-07-14 12:25:43
9028,0.260883,0.367871,1.453808,5.00e-05,23849.76,36982784,N/A,2025-07-14 12:25:44
9029,0.347796,0.367871,1.453808,5.00e-05,24664.68,36986880,N/A,2025-07-14 12:25:44
9030,0.256365,0.367871,1.453808,5.00e-05,24112.73,36990976,1.0000,2025-07-14 12:25:44
9031,0.341165,0.367871,1.453808,5.00e-05,24126.83,36995072,N/A,2025-07-14 12:25:44
9032,0.390074,0.367871,1.453808,5.00e-05,23999.68,36999168,N/A,2025-07-14 12:25:44
9033,0.302766,0.367871,1.453808,5.00e-05,25233.05,37003264,N/A,2025-07-14 12:25:44
9034,0.372177,0.367871,1.453808,5.00e-05,25066.04,37007360,N/A,2025-07-14 12:25:45
9035,0.406072,0.367871,1.453808,5.00e-05,25070.67,37011456,N/A,2025-07-14 12:25:45
9036,0.357568,0.367871,1.453808,5.00e-05,25729.75,37015552,N/A,2025-07-14 12:25:45
9037,0.231006,0.367871,1.453808,5.00e-05,25985.45,37019648,N/A,2025-07-14 12:25:45
9038,0.354817,0.367871,1.453808,5.00e-05,25896.96,37023744,N/A,2025-07-14 12:25:45
9039,0.265191,0.367871,1.453808,5.00e-05,26599.57,37027840,N/A,2025-07-14 12:25:45
9040,0.313923,0.367871,1.453808,5.00e-05,25775.13,37031936,1.0000,2025-07-14 12:25:46
9041,0.240611,0.367871,1.453808,5.00e-05,25186.54,37036032,N/A,2025-07-14 12:25:46
9042,0.365195,0.367871,1.453808,5.00e-05,24946.44,37040128,N/A,2025-07-14 12:25:46
9043,0.304975,0.367871,1.453808,5.00e-05,25084.37,37044224,N/A,2025-07-14 12:25:46
9044,0.273944,0.367871,1.453808,5.00e-05,24103.54,37048320,N/A,2025-07-14 12:25:46
9045,0.304026,0.367871,1.453808,5.00e-05,24069.65,37052416,N/A,2025-07-14 12:25:47
9046,0.492756,0.367871,1.453808,5.00e-05,24072.53,37056512,N/A,2025-07-14 12:25:47
9047,0.521129,0.367871,1.453808,5.00e-05,24203.63,37060608,N/A,2025-07-14 12:25:47
9048,0.441465,0.367871,1.453808,5.00e-05,24283.70,37064704,N/A,2025-07-14 12:25:47
9049,0.432269,0.367871,1.453808,5.00e-05,25233.18,37068800,N/A,2025-07-14 12:25:47
9050,0.292157,0.367871,1.453808,5.00e-05,25428.54,37072896,1.0000,2025-07-14 12:25:47
9051,0.311074,0.367871,1.453808,5.00e-05,25648.31,37076992,N/A,2025-07-14 12:25:48
9052,0.242280,0.367871,1.453808,5.00e-05,25746.59,37081088,N/A,2025-07-14 12:25:48
9053,0.485255,0.367871,1.453808,5.00e-05,27170.28,37085184,N/A,2025-07-14 12:25:48
9054,0.610855,0.367871,1.453808,5.00e-05,27282.85,37089280,N/A,2025-07-14 12:25:48
9055,0.465118,0.367871,1.453808,5.00e-05,27378.09,37093376,N/A,2025-07-14 12:25:48
9056,0.288396,0.367871,1.453808,5.00e-05,27361.52,37097472,N/A,2025-07-14 12:25:48
9057,0.518038,0.367871,1.453808,5.00e-05,27537.08,37101568,N/A,2025-07-14 12:25:49
9058,0.390356,0.367871,1.453808,5.00e-05,27498.00,37105664,N/A,2025-07-14 12:25:49
9059,0.489727,0.367871,1.453808,5.00e-05,27992.40,37109760,N/A,2025-07-14 12:25:49
9060,0.354571,0.367871,1.453808,5.00e-05,27551.22,37113856,1.0000,2025-07-14 12:25:49
9061,0.421504,0.367871,1.453808,5.00e-05,27662.48,37117952,N/A,2025-07-14 12:25:49
9062,0.309112,0.367871,1.453808,5.00e-05,27377.45,37122048,N/A,2025-07-14 12:25:49
9063,0.447585,0.367871,1.453808,5.00e-05,27142.02,37126144,N/A,2025-07-14 12:25:50
9064,0.299712,0.367871,1.453808,5.00e-05,27098.85,37130240,N/A,2025-07-14 12:25:50
9065,0.179098,0.367871,1.453808,5.00e-05,27112.47,37134336,N/A,2025-07-14 12:25:50
9066,0.332880,0.367871,1.453808,5.00e-05,27063.53,37138432,N/A,2025-07-14 12:25:50
9067,0.234540,0.367871,1.453808,5.00e-05,26869.05,37142528,N/A,2025-07-14 12:25:50
9068,0.468642,0.367871,1.453808,5.00e-05,26986.67,37146624,N/A,2025-07-14 12:25:50
9069,0.443900,0.367871,1.453808,5.00e-05,27441.92,37150720,N/A,2025-07-14 12:25:51
9070,0.362932,0.367871,1.453808,5.00e-05,26661.88,37154816,1.0000,2025-07-14 12:25:51
9071,0.332568,0.367871,1.453808,5.00e-05,26958.30,37158912,N/A,2025-07-14 12:25:51
9072,0.373538,0.367871,1.453808,5.00e-05,27203.03,37163008,N/A,2025-07-14 12:25:51
9073,0.227043,0.367871,1.453808,5.00e-05,26917.74,37167104,N/A,2025-07-14 12:25:51
9074,0.284434,0.367871,1.453808,5.00e-05,26443.81,37171200,N/A,2025-07-14 12:25:52
9075,0.226972,0.367871,1.453808,5.00e-05,26485.11,37175296,N/A,2025-07-14 12:25:52
9076,0.641420,0.367871,1.453808,5.00e-05,26665.54,37179392,N/A,2025-07-14 12:25:52
9077,0.244632,0.367871,1.453808,5.00e-05,26423.06,37183488,N/A,2025-07-14 12:25:52
9078,0.311046,0.367871,1.453808,5.00e-05,26420.53,37187584,N/A,2025-07-14 12:25:52
9079,0.254004,0.367871,1.453808,5.00e-05,27041.31,37191680,N/A,2025-07-14 12:25:52
9080,0.233959,0.367871,1.453808,5.00e-05,26352.26,37195776,1.0000,2025-07-14 12:25:53
9081,0.210852,0.367871,1.453808,5.00e-05,26072.46,37199872,N/A,2025-07-14 12:25:53
9082,0.504660,0.367871,1.453808,5.00e-05,26193.92,37203968,N/A,2025-07-14 12:25:53
9083,0.451137,0.367871,1.453808,5.00e-05,26503.95,37208064,N/A,2025-07-14 12:25:53
9084,0.318414,0.367871,1.453808,5.00e-05,26403.61,37212160,N/A,2025-07-14 12:25:53
9085,0.234025,0.367871,1.453808,5.00e-05,26227.23,37216256,N/A,2025-07-14 12:25:53
9086,0.287494,0.367871,1.453808,5.00e-05,26544.51,37220352,N/A,2025-07-14 12:25:54
9087,0.231951,0.367871,1.453808,5.00e-05,26635.58,37224448,N/A,2025-07-14 12:25:54
9088,0.499110,0.367871,1.453808,5.00e-05,26589.95,37228544,N/A,2025-07-14 12:25:54
9089,0.457914,0.367871,1.453808,5.00e-05,26724.59,37232640,N/A,2025-07-14 12:25:54
9090,0.267997,0.367871,1.453808,5.00e-05,26305.58,37236736,1.0000,2025-07-14 12:25:54
9091,0.242460,0.367871,1.453808,5.00e-05,26446.94,37240832,N/A,2025-07-14 12:25:54
9092,0.327653,0.367871,1.453808,5.00e-05,26631.50,37244928,N/A,2025-07-14 12:25:55
9093,0.244416,0.367871,1.453808,5.00e-05,26722.06,37249024,N/A,2025-07-14 12:25:55
9094,0.423723,0.367871,1.453808,5.00e-05,26806.17,37253120,N/A,2025-07-14 12:25:55
9095,0.129014,0.367871,1.453808,5.00e-05,26768.30,37257216,N/A,2025-07-14 12:25:55
9096,0.461770,0.367871,1.453808,5.00e-05,26672.26,37261312,N/A,2025-07-14 12:25:55
9097,0.435331,0.367871,1.453808,5.00e-05,26849.67,37265408,N/A,2025-07-14 12:25:55
9098,0.328635,0.367871,1.453808,5.00e-05,26827.16,37269504,N/A,2025-07-14 12:25:56
9099,0.367191,0.367871,1.453808,5.00e-05,27096.99,37273600,N/A,2025-07-14 12:25:56
9100,0.299165,0.367871,1.453808,5.00e-05,26414.55,37277696,1.0000,2025-07-14 12:25:56
9101,0.253169,0.367871,1.453808,5.00e-05,20723.28,37281792,N/A,2025-07-14 12:25:57
9102,0.164759,0.367871,1.453808,5.00e-05,20563.94,37285888,N/A,2025-07-14 12:25:57
9103,0.299960,0.367871,1.453808,5.00e-05,20503.47,37289984,N/A,2025-07-14 12:25:57
9104,0.180076,0.367871,1.453808,5.00e-05,20461.42,37294080,N/A,2025-07-14 12:25:57
9105,0.394501,0.367871,1.453808,5.00e-05,20339.77,37298176,N/A,2025-07-14 12:25:57
9106,0.396469,0.367871,1.453808,5.00e-05,20245.08,37302272,N/A,2025-07-14 12:25:57
9107,0.307321,0.367871,1.453808,5.00e-05,20406.95,37306368,N/A,2025-07-14 12:25:58
9108,0.449053,0.367871,1.453808,5.00e-05,20638.93,37310464,N/A,2025-07-14 12:25:58
9109,0.511219,0.367871,1.453808,5.00e-05,21017.50,37314560,N/A,2025-07-14 12:25:58
9110,0.263476,0.367871,1.453808,5.00e-05,26220.59,37318656,1.0000,2025-07-14 12:25:58
9111,0.181138,0.367871,1.453808,5.00e-05,26408.77,37322752,N/A,2025-07-14 12:25:58
9112,0.445196,0.367871,1.453808,5.00e-05,26656.12,37326848,N/A,2025-07-14 12:25:58
9113,0.296434,0.367871,1.453808,5.00e-05,26621.38,37330944,N/A,2025-07-14 12:25:59
9114,0.447797,0.367871,1.453808,5.00e-05,26439.42,37335040,N/A,2025-07-14 12:25:59
9115,0.281220,0.367871,1.453808,5.00e-05,26548.87,37339136,N/A,2025-07-14 12:25:59
9116,0.219324,0.367871,1.453808,5.00e-05,26606.72,37343232,N/A,2025-07-14 12:25:59
9117,0.278438,0.367871,1.453808,5.00e-05,26631.30,37347328,N/A,2025-07-14 12:25:59
9118,0.369266,0.367871,1.453808,5.00e-05,26686.77,37351424,N/A,2025-07-14 12:25:59
9119,0.331393,0.367871,1.453808,5.00e-05,27084.58,37355520,N/A,2025-07-14 12:26:00
9120,0.236734,0.367871,1.453808,5.00e-05,26490.99,37359616,1.0000,2025-07-14 12:26:00
9121,0.289820,0.367871,1.453808,5.00e-05,26499.77,37363712,N/A,2025-07-14 12:26:00
9122,0.258421,0.367871,1.453808,5.00e-05,26672.19,37367808,N/A,2025-07-14 12:26:00
9123,0.394246,0.367871,1.453808,5.00e-05,27138.80,37371904,N/A,2025-07-14 12:26:00
9124,0.396600,0.367871,1.453808,5.00e-05,27130.11,37376000,N/A,2025-07-14 12:26:00
9125,0.211928,0.367871,1.453808,5.00e-05,27369.26,37380096,N/A,2025-07-14 12:26:01
9126,0.297860,0.367871,1.453808,5.00e-05,27412.47,37384192,N/A,2025-07-14 12:26:01
9127,0.271526,0.367871,1.453808,5.00e-05,27205.08,37388288,N/A,2025-07-14 12:26:01
9128,0.225626,0.367871,1.453808,5.00e-05,27499.36,37392384,N/A,2025-07-14 12:26:01
9129,0.287624,0.367871,1.453808,5.00e-05,28172.29,37396480,N/A,2025-07-14 12:26:01
9130,0.340629,0.367871,1.453808,5.00e-05,27437.38,37400576,1.0000,2025-07-14 12:26:02
9131,0.210119,0.367871,1.453808,5.00e-05,27439.52,37404672,N/A,2025-07-14 12:26:02
9132,0.419137,0.367871,1.453808,5.00e-05,27452.12,37408768,N/A,2025-07-14 12:26:02
9133,0.429874,0.367871,1.453808,5.00e-05,27526.02,37412864,N/A,2025-07-14 12:26:02
9134,0.443203,0.367871,1.453808,5.00e-05,27541.95,37416960,N/A,2025-07-14 12:26:02
9135,0.193876,0.367871,1.453808,5.00e-05,27532.49,37421056,N/A,2025-07-14 12:26:02
9136,0.345082,0.367871,1.453808,5.00e-05,27523.99,37425152,N/A,2025-07-14 12:26:02
9137,0.407454,0.367871,1.453808,5.00e-05,27516.76,37429248,N/A,2025-07-14 12:26:03
9138,0.442200,0.367871,1.453808,5.00e-05,27296.28,37433344,N/A,2025-07-14 12:26:03
9139,0.391586,0.367871,1.453808,5.00e-05,27725.04,37437440,N/A,2025-07-14 12:26:03
9140,0.196228,0.367871,1.453808,5.00e-05,27025.26,37441536,1.0000,2025-07-14 12:26:03
9141,0.343940,0.367871,1.453808,5.00e-05,27039.71,37445632,N/A,2025-07-14 12:26:03
9142,0.218787,0.367871,1.453808,5.00e-05,26726.97,37449728,N/A,2025-07-14 12:26:04
9143,0.288500,0.367871,1.453808,5.00e-05,26515.75,37453824,N/A,2025-07-14 12:26:04
9144,0.414160,0.367871,1.453808,5.00e-05,26514.45,37457920,N/A,2025-07-14 12:26:04
9145,0.349801,0.367871,1.453808,5.00e-05,26702.74,37462016,N/A,2025-07-14 12:26:04
9146,0.414121,0.367871,1.453808,5.00e-05,26728.35,37466112,N/A,2025-07-14 12:26:04
9147,0.327630,0.367871,1.453808,5.00e-05,26945.33,37470208,N/A,2025-07-14 12:26:04
9148,0.265996,0.367871,1.453808,5.00e-05,27249.86,37474304,N/A,2025-07-14 12:26:04
9149,0.235557,0.367871,1.453808,5.00e-05,27953.88,37478400,N/A,2025-07-14 12:26:05
9150,0.252715,0.367871,1.453808,5.00e-05,26888.63,37482496,1.0000,2025-07-14 12:26:05
9151,0.212871,0.367871,1.453808,5.00e-05,27123.02,37486592,N/A,2025-07-14 12:26:05
9152,0.423504,0.367871,1.453808,5.00e-05,27128.71,37490688,N/A,2025-07-14 12:26:05
9153,0.424120,0.367871,1.453808,5.00e-05,27151.55,37494784,N/A,2025-07-14 12:26:05
9154,0.346704,0.367871,1.453808,5.00e-05,27125.13,37498880,N/A,2025-07-14 12:26:06
9155,0.268474,0.367871,1.453808,5.00e-05,27095.85,37502976,N/A,2025-07-14 12:26:06
9156,0.386158,0.367871,1.453808,5.00e-05,27119.58,37507072,N/A,2025-07-14 12:26:06
9157,0.317228,0.367871,1.453808,5.00e-05,26563.65,37511168,N/A,2025-07-14 12:26:06
9158,0.218685,0.367871,1.453808,5.00e-05,26556.60,37515264,N/A,2025-07-14 12:26:06
9159,0.258973,0.367871,1.453808,5.00e-05,27457.69,37519360,N/A,2025-07-14 12:26:06
9160,0.444981,0.367871,1.453808,5.00e-05,26894.83,37523456,1.0000,2025-07-14 12:26:07
9161,0.441538,0.367871,1.453808,5.00e-05,27011.88,37527552,N/A,2025-07-14 12:26:07
9162,0.490410,0.367871,1.453808,5.00e-05,27011.45,37531648,N/A,2025-07-14 12:26:07
9163,0.247212,0.367871,1.453808,5.00e-05,27092.25,37535744,N/A,2025-07-14 12:26:07
9164,0.266285,0.367871,1.453808,5.00e-05,27033.50,37539840,N/A,2025-07-14 12:26:07
9165,0.321284,0.367871,1.453808,5.00e-05,26849.22,37543936,N/A,2025-07-14 12:26:07
9166,0.585504,0.367871,1.453808,5.00e-05,27119.72,37548032,N/A,2025-07-14 12:26:08
9167,0.178588,0.367871,1.453808,5.00e-05,27003.69,37552128,N/A,2025-07-14 12:26:08
9168,0.437285,0.367871,1.453808,5.00e-05,27121.15,37556224,N/A,2025-07-14 12:26:08
9169,0.408945,0.367871,1.453808,5.00e-05,27720.61,37560320,N/A,2025-07-14 12:26:08
9170,0.329309,0.367871,1.453808,5.00e-05,27166.92,37564416,1.0000,2025-07-14 12:26:08
9171,0.176689,0.367871,1.453808,5.00e-05,27186.41,37568512,N/A,2025-07-14 12:26:08
9172,0.327777,0.367871,1.453808,5.00e-05,27194.97,37572608,N/A,2025-07-14 12:26:09
9173,0.246584,0.367871,1.453808,5.00e-05,27264.26,37576704,N/A,2025-07-14 12:26:09
9174,0.430969,0.367871,1.453808,5.00e-05,27511.97,37580800,N/A,2025-07-14 12:26:09
9175,0.312380,0.367871,1.453808,5.00e-05,27807.19,37584896,N/A,2025-07-14 12:26:09
9176,0.285076,0.367871,1.453808,5.00e-05,27982.96,37588992,N/A,2025-07-14 12:26:09
9177,0.507766,0.367871,1.453808,5.00e-05,28032.24,37593088,N/A,2025-07-14 12:26:09
9178,0.313754,0.367871,1.453808,5.00e-05,28101.24,37597184,N/A,2025-07-14 12:26:09
9179,0.619500,0.367871,1.453808,5.00e-05,28500.02,37601280,N/A,2025-07-14 12:26:10
9180,0.368488,0.367871,1.453808,5.00e-05,27659.84,37605376,1.0000,2025-07-14 12:26:10
9181,0.378948,0.367871,1.453808,5.00e-05,27677.86,37609472,N/A,2025-07-14 12:26:10
9182,0.272479,0.367871,1.453808,5.00e-05,27627.28,37613568,N/A,2025-07-14 12:26:10
9183,0.330504,0.367871,1.453808,5.00e-05,27466.01,37617664,N/A,2025-07-14 12:26:10
9184,0.420551,0.367871,1.453808,5.00e-05,27435.52,37621760,N/A,2025-07-14 12:26:11
9185,0.336487,0.367871,1.453808,5.00e-05,27338.39,37625856,N/A,2025-07-14 12:26:11
9186,0.301733,0.367871,1.453808,5.00e-05,27262.69,37629952,N/A,2025-07-14 12:26:11
9187,0.436828,0.367871,1.453808,5.00e-05,27247.67,37634048,N/A,2025-07-14 12:26:11
9188,0.313604,0.367871,1.453808,5.00e-05,27466.10,37638144,N/A,2025-07-14 12:26:11
9189,0.304719,0.367871,1.453808,5.00e-05,28195.43,37642240,N/A,2025-07-14 12:26:11
9190,0.374541,0.367871,1.453808,5.00e-05,27302.33,37646336,1.0000,2025-07-14 12:26:12
9191,0.422051,0.367871,1.453808,5.00e-05,27299.66,37650432,N/A,2025-07-14 12:26:12
9192,0.319766,0.367871,1.453808,5.00e-05,27378.63,37654528,N/A,2025-07-14 12:26:12
9193,0.466805,0.367871,1.453808,5.00e-05,26898.53,37658624,N/A,2025-07-14 12:26:12
9194,0.181928,0.367871,1.453808,5.00e-05,26776.52,37662720,N/A,2025-07-14 12:26:12
9195,0.290924,0.367871,1.453808,5.00e-05,26799.32,37666816,N/A,2025-07-14 12:26:12
9196,0.264288,0.367871,1.453808,5.00e-05,26793.54,37670912,N/A,2025-07-14 12:26:13
9197,0.214738,0.367871,1.453808,5.00e-05,26777.73,37675008,N/A,2025-07-14 12:26:13
9198,0.453857,0.367871,1.453808,5.00e-05,26597.46,37679104,N/A,2025-07-14 12:26:13
9199,0.200586,0.367871,1.453808,5.00e-05,27347.64,37683200,N/A,2025-07-14 12:26:13
9200,0.470443,0.367871,1.453808,5.00e-05,26546.08,37687296,1.0000,2025-07-14 12:26:13
9201,0.370142,0.367871,1.453808,5.00e-05,21147.62,37691392,N/A,2025-07-14 12:26:14
9202,0.424327,0.367871,1.453808,5.00e-05,21372.64,37695488,N/A,2025-07-14 12:26:14
9203,0.235712,0.367871,1.453808,5.00e-05,21485.64,37699584,N/A,2025-07-14 12:26:14
9204,0.345993,0.367871,1.453808,5.00e-05,21514.39,37703680,N/A,2025-07-14 12:26:14
9205,0.192089,0.367871,1.453808,5.00e-05,21496.25,37707776,N/A,2025-07-14 12:26:14
9206,0.408865,0.367871,1.453808,5.00e-05,21513.84,37711872,N/A,2025-07-14 12:26:15
9207,0.316925,0.367871,1.453808,5.00e-05,21642.52,37715968,N/A,2025-07-14 12:26:15
9208,0.265380,0.367871,1.453808,5.00e-05,21662.03,37720064,N/A,2025-07-14 12:26:15
9209,0.263865,0.367871,1.453808,5.00e-05,22214.37,37724160,N/A,2025-07-14 12:26:15
9210,0.217634,0.367871,1.453808,5.00e-05,27419.90,37728256,1.0000,2025-07-14 12:26:15
9211,0.241058,0.367871,1.453808,5.00e-05,27580.67,37732352,N/A,2025-07-14 12:26:15
9212,0.274539,0.367871,1.453808,5.00e-05,27546.67,37736448,N/A,2025-07-14 12:26:16
9213,0.280505,0.367871,1.453808,5.00e-05,27312.82,37740544,N/A,2025-07-14 12:26:16
9214,0.214096,0.367871,1.453808,5.00e-05,27044.93,37744640,N/A,2025-07-14 12:26:16
9215,0.229153,0.367871,1.453808,5.00e-05,26883.78,37748736,N/A,2025-07-14 12:26:16
9216,0.316134,0.367871,1.453808,5.00e-05,26452.47,37752832,N/A,2025-07-14 12:26:16
9217,0.272742,0.367871,1.453808,5.00e-05,26327.16,37756928,N/A,2025-07-14 12:26:16
9218,0.169086,0.367871,1.453808,5.00e-05,26334.27,37761024,N/A,2025-07-14 12:26:17
9219,0.177481,0.367871,1.453808,5.00e-05,27064.60,37765120,N/A,2025-07-14 12:26:17
9220,0.229169,0.367871,1.453808,5.00e-05,26177.43,37769216,1.0000,2025-07-14 12:26:17
9221,0.300827,0.367871,1.453808,5.00e-05,26153.16,37773312,N/A,2025-07-14 12:26:17
9222,0.403488,0.367871,1.453808,5.00e-05,26369.21,37777408,N/A,2025-07-14 12:26:17
9223,0.392265,0.367871,1.453808,5.00e-05,26648.80,37781504,N/A,2025-07-14 12:26:17
9224,0.524116,0.367871,1.453808,5.00e-05,26848.06,37785600,N/A,2025-07-14 12:26:18
9225,0.205080,0.367871,1.453808,5.00e-05,27382.27,37789696,N/A,2025-07-14 12:26:18
9226,0.330587,0.367871,1.453808,5.00e-05,27328.30,37793792,N/A,2025-07-14 12:26:18
9227,0.254049,0.367871,1.453808,5.00e-05,27366.33,37797888,N/A,2025-07-14 12:26:18
9228,0.201670,0.367871,1.453808,5.00e-05,27421.03,37801984,N/A,2025-07-14 12:26:18
9229,0.375666,0.367871,1.453808,5.00e-05,27838.57,37806080,N/A,2025-07-14 12:26:18
9230,0.245184,0.367871,1.453808,5.00e-05,27173.71,37810176,1.0000,2025-07-14 12:26:19
9231,0.164907,0.367871,1.453808,5.00e-05,27061.97,37814272,N/A,2025-07-14 12:26:19
9232,0.212290,0.367871,1.453808,5.00e-05,27026.74,37818368,N/A,2025-07-14 12:26:19
9233,0.301430,0.367871,1.453808,5.00e-05,26957.42,37822464,N/A,2025-07-14 12:26:19
9234,0.143627,0.367871,1.453808,5.00e-05,26743.52,37826560,N/A,2025-07-14 12:26:19
9235,0.194634,0.367871,1.453808,5.00e-05,26748.50,37830656,N/A,2025-07-14 12:26:19
9236,0.226800,0.367871,1.453808,5.00e-05,26688.28,37834752,N/A,2025-07-14 12:26:20
9237,0.276980,0.367871,1.453808,5.00e-05,26638.32,37838848,N/A,2025-07-14 12:26:20
9238,0.383680,0.367871,1.453808,5.00e-05,27148.20,37842944,N/A,2025-07-14 12:26:20
9239,0.277875,0.367871,1.453808,5.00e-05,27876.32,37847040,N/A,2025-07-14 12:26:20
9240,0.269554,0.367871,1.453808,5.00e-05,27350.58,37851136,1.0000,2025-07-14 12:26:20
9241,0.254426,0.367871,1.453808,5.00e-05,27348.44,37855232,N/A,2025-07-14 12:26:20
9242,0.273989,0.367871,1.453808,5.00e-05,27374.15,37859328,N/A,2025-07-14 12:26:21
9243,0.320964,0.367871,1.453808,5.00e-05,27565.87,37863424,N/A,2025-07-14 12:26:21
9244,0.339312,0.367871,1.453808,5.00e-05,27741.44,37867520,N/A,2025-07-14 12:26:21
9245,0.292782,0.367871,1.453808,5.00e-05,27517.22,37871616,N/A,2025-07-14 12:26:21
9246,0.240797,0.367871,1.453808,5.00e-05,27599.60,37875712,N/A,2025-07-14 12:26:21
9247,0.347975,0.367871,1.453808,5.00e-05,27375.22,37879808,N/A,2025-07-14 12:26:21
9248,0.151433,0.367871,1.453808,5.00e-05,27364.94,37883904,N/A,2025-07-14 12:26:22
9249,0.351909,0.367871,1.453808,5.00e-05,27745.93,37888000,N/A,2025-07-14 12:26:22
9250,0.271410,0.367871,1.453808,5.00e-05,27132.24,37892096,1.0000,2025-07-14 12:26:22
9251,0.249154,0.367871,1.453808,5.00e-05,27098.32,37896192,N/A,2025-07-14 12:26:22
9252,0.153582,0.367871,1.453808,5.00e-05,27062.54,37900288,N/A,2025-07-14 12:26:22
9253,0.363372,0.367871,1.453808,5.00e-05,27043.38,37904384,N/A,2025-07-14 12:26:22
9254,0.412927,0.367871,1.453808,5.00e-05,26777.33,37908480,N/A,2025-07-14 12:26:23
9255,0.494808,0.367871,1.453808,5.00e-05,26722.58,37912576,N/A,2025-07-14 12:26:23
9256,0.293341,0.367871,1.453808,5.00e-05,26889.85,37916672,N/A,2025-07-14 12:26:23
9257,0.325615,0.367871,1.453808,5.00e-05,26899.29,37920768,N/A,2025-07-14 12:26:23
9258,0.264362,0.367871,1.453808,5.00e-05,27110.51,37924864,N/A,2025-07-14 12:26:23
9259,0.442609,0.367871,1.453808,5.00e-05,27686.54,37928960,N/A,2025-07-14 12:26:23
9260,0.290034,0.367871,1.453808,5.00e-05,27032.11,37933056,1.0000,2025-07-14 12:26:24
9261,0.261648,0.367871,1.453808,5.00e-05,27005.13,37937152,N/A,2025-07-14 12:26:24
9262,0.121738,0.367871,1.453808,5.00e-05,27017.67,37941248,N/A,2025-07-14 12:26:24
9263,0.228692,0.367871,1.453808,5.00e-05,27454.74,37945344,N/A,2025-07-14 12:26:24
9264,0.181994,0.367871,1.453808,5.00e-05,27507.20,37949440,N/A,2025-07-14 12:26:24
9265,0.366432,0.367871,1.453808,5.00e-05,27505.48,37953536,N/A,2025-07-14 12:26:24
9266,0.276163,0.367871,1.453808,5.00e-05,27466.17,37957632,N/A,2025-07-14 12:26:25
9267,0.232647,0.367871,1.453808,5.00e-05,27309.69,37961728,N/A,2025-07-14 12:26:25
9268,0.287154,0.367871,1.453808,5.00e-05,27298.82,37965824,N/A,2025-07-14 12:26:25
9269,0.138833,0.367871,1.453808,5.00e-05,27561.81,37969920,N/A,2025-07-14 12:26:25
9270,0.231116,0.367871,1.453808,5.00e-05,26821.06,37974016,0.9595,2025-07-14 12:26:25
9271,0.383919,0.367871,1.453808,5.00e-05,26836.19,37978112,N/A,2025-07-14 12:26:26
9272,0.146358,0.367871,1.453808,5.00e-05,26613.36,37982208,N/A,2025-07-14 12:26:26
9273,0.291346,0.367871,1.453808,5.00e-05,26479.61,37986304,N/A,2025-07-14 12:26:26
9274,0.334192,0.367871,1.453808,5.00e-05,26512.95,37990400,N/A,2025-07-14 12:26:26
9275,0.120327,0.367871,1.453808,5.00e-05,26318.30,37994496,N/A,2025-07-14 12:26:26
9276,0.255264,0.367871,1.453808,5.00e-05,26380.26,37998592,N/A,2025-07-14 12:26:26
9277,0.287043,0.367871,1.453808,5.00e-05,26428.01,38002688,N/A,2025-07-14 12:26:27
9278,0.390397,0.367871,1.453808,5.00e-05,26831.42,38006784,N/A,2025-07-14 12:26:27
9279,0.311580,0.367871,1.453808,5.00e-05,27562.44,38010880,N/A,2025-07-14 12:26:27
9280,0.331444,0.367871,1.453808,5.00e-05,26871.13,38014976,1.0000,2025-07-14 12:26:27
9281,0.213517,0.367871,1.453808,5.00e-05,27139.53,38019072,N/A,2025-07-14 12:26:27
9282,0.268566,0.367871,1.453808,5.00e-05,26916.07,38023168,N/A,2025-07-14 12:26:27
9283,0.228030,0.367871,1.453808,5.00e-05,26606.99,38027264,N/A,2025-07-14 12:26:28
9284,0.284280,0.367871,1.453808,5.00e-05,26775.19,38031360,N/A,2025-07-14 12:26:28
9285,0.167907,0.367871,1.453808,5.00e-05,26848.53,38035456,N/A,2025-07-14 12:26:28
9286,0.273153,0.367871,1.453808,5.00e-05,26430.33,38039552,N/A,2025-07-14 12:26:28
9287,0.262401,0.367871,1.453808,5.00e-05,26240.93,38043648,N/A,2025-07-14 12:26:28
9288,0.204133,0.367871,1.453808,5.00e-05,26071.57,38047744,N/A,2025-07-14 12:26:28
9289,0.320479,0.367871,1.453808,5.00e-05,26733.08,38051840,N/A,2025-07-14 12:26:29
9290,0.331948,0.367871,1.453808,5.00e-05,26072.61,38055936,1.0000,2025-07-14 12:26:29
9291,0.312137,0.367871,1.453808,5.00e-05,25924.09,38060032,N/A,2025-07-14 12:26:29
9292,0.286844,0.367871,1.453808,5.00e-05,26175.21,38064128,N/A,2025-07-14 12:26:29
9293,0.185786,0.367871,1.453808,5.00e-05,26183.85,38068224,N/A,2025-07-14 12:26:29
9294,0.328704,0.367871,1.453808,5.00e-05,26181.89,38072320,N/A,2025-07-14 12:26:29
9295,0.264829,0.367871,1.453808,5.00e-05,26600.97,38076416,N/A,2025-07-14 12:26:30
9296,0.212047,0.367871,1.453808,5.00e-05,26752.56,38080512,N/A,2025-07-14 12:26:30
9297,0.265933,0.367871,1.453808,5.00e-05,26955.50,38084608,N/A,2025-07-14 12:26:30
9298,0.090655,0.367871,1.453808,5.00e-05,26940.94,38088704,N/A,2025-07-14 12:26:30
9299,0.296732,0.367871,1.453808,5.00e-05,27365.97,38092800,N/A,2025-07-14 12:26:30
9300,0.413928,0.367871,1.453808,5.00e-05,27143.61,38096896,1.0000,2025-07-14 12:26:30
9301,0.258033,0.367871,1.453808,5.00e-05,21866.93,38100992,N/A,2025-07-14 12:26:31
9302,0.247916,0.367871,1.453808,5.00e-05,21775.54,38105088,N/A,2025-07-14 12:26:31
9303,0.287815,0.367871,1.453808,5.00e-05,21764.61,38109184,N/A,2025-07-14 12:26:31
9304,0.402527,0.367871,1.453808,5.00e-05,21630.54,38113280,N/A,2025-07-14 12:26:32
9305,0.215640,0.367871,1.453808,5.00e-05,21608.05,38117376,N/A,2025-07-14 12:26:32
9306,0.228349,0.367871,1.453808,5.00e-05,21639.07,38121472,N/A,2025-07-14 12:26:32
9307,0.355209,0.367871,1.453808,5.00e-05,21662.49,38125568,N/A,2025-07-14 12:26:32
9308,0.241872,0.367871,1.453808,5.00e-05,21880.11,38129664,N/A,2025-07-14 12:26:32
9309,0.206120,0.367871,1.453808,5.00e-05,22350.62,38133760,N/A,2025-07-14 12:26:32
9310,0.295845,0.367871,1.453808,5.00e-05,27241.28,38137856,1.0000,2025-07-14 12:26:33
9311,0.172425,0.367871,1.453808,5.00e-05,27465.44,38141952,N/A,2025-07-14 12:26:33
9312,0.315734,0.367871,1.453808,5.00e-05,27501.66,38146048,N/A,2025-07-14 12:26:33
9313,0.432721,0.367871,1.453808,5.00e-05,27763.48,38150144,N/A,2025-07-14 12:26:33
9314,0.299109,0.367871,1.453808,5.00e-05,27853.30,38154240,N/A,2025-07-14 12:26:33
9315,0.129949,0.367871,1.453808,5.00e-05,27578.73,38158336,N/A,2025-07-14 12:26:33
9316,0.251658,0.367871,1.453808,5.00e-05,27090.27,38162432,N/A,2025-07-14 12:26:34
9317,0.113114,0.367871,1.453808,5.00e-05,27058.88,38166528,N/A,2025-07-14 12:26:34
9318,0.247912,0.367871,1.453808,5.00e-05,27095.62,38170624,N/A,2025-07-14 12:26:34
9319,0.199629,0.367871,1.453808,5.00e-05,27712.21,38174720,N/A,2025-07-14 12:26:34
9320,0.157200,0.367871,1.453808,5.00e-05,27066.50,38178816,1.0000,2025-07-14 12:26:34
9321,0.224525,0.367871,1.453808,5.00e-05,27067.44,38182912,N/A,2025-07-14 12:26:34
9322,0.346695,0.367871,1.453808,5.00e-05,27085.67,38187008,N/A,2025-07-14 12:26:34
9323,0.332894,0.367871,1.453808,5.00e-05,27086.13,38191104,N/A,2025-07-14 12:26:35
9324,0.260774,0.367871,1.453808,5.00e-05,27356.42,38195200,N/A,2025-07-14 12:26:35
9325,0.176067,0.367871,1.453808,5.00e-05,27873.42,38199296,N/A,2025-07-14 12:26:35
9326,0.234330,0.367871,1.453808,5.00e-05,27882.82,38203392,N/A,2025-07-14 12:26:35
9327,0.344959,0.367871,1.453808,5.00e-05,27893.07,38207488,N/A,2025-07-14 12:26:35
9328,0.356366,0.367871,1.453808,5.00e-05,27807.71,38211584,N/A,2025-07-14 12:26:35
9329,0.256372,0.367871,1.453808,5.00e-05,28234.88,38215680,N/A,2025-07-14 12:26:36
9330,0.250983,0.367871,1.453808,5.00e-05,27482.24,38219776,1.0000,2025-07-14 12:26:36
9331,0.268442,0.367871,1.453808,5.00e-05,27411.99,38223872,N/A,2025-07-14 12:26:36
9332,0.264694,0.367871,1.453808,5.00e-05,27370.17,38227968,N/A,2025-07-14 12:26:36
9333,0.287630,0.367871,1.453808,5.00e-05,27034.40,38232064,N/A,2025-07-14 12:26:36
9334,0.158378,0.367871,1.453808,5.00e-05,26975.69,38236160,N/A,2025-07-14 12:26:36
9335,0.279452,0.367871,1.453808,5.00e-05,26862.77,38240256,N/A,2025-07-14 12:26:37
9336,0.295446,0.367871,1.453808,5.00e-05,26730.26,38244352,N/A,2025-07-14 12:26:37
9337,0.106929,0.367871,1.453808,5.00e-05,26736.90,38248448,N/A,2025-07-14 12:26:37
9338,0.190603,0.367871,1.453808,5.00e-05,26430.41,38252544,N/A,2025-07-14 12:26:37
9339,0.270269,0.367871,1.453808,5.00e-05,26764.43,38256640,N/A,2025-07-14 12:26:37
9340,0.308517,0.367871,1.453808,5.00e-05,26159.57,38260736,1.0000,2025-07-14 12:26:38
9341,0.189871,0.367871,1.453808,5.00e-05,26142.78,38264832,N/A,2025-07-14 12:26:38
9342,0.260517,0.367871,1.453808,5.00e-05,26444.78,38268928,N/A,2025-07-14 12:26:38
9343,0.182458,0.367871,1.453808,5.00e-05,25979.58,38273024,N/A,2025-07-14 12:26:38
9344,0.218940,0.367871,1.453808,5.00e-05,25981.26,38277120,N/A,2025-07-14 12:26:38
9345,0.118038,0.367871,1.453808,5.00e-05,26038.86,38281216,N/A,2025-07-14 12:26:38
9346,0.199577,0.367871,1.453808,5.00e-05,26166.18,38285312,N/A,2025-07-14 12:26:39
9347,0.193081,0.367871,1.453808,5.00e-05,26572.14,38289408,N/A,2025-07-14 12:26:39
9348,0.248380,0.367871,1.453808,5.00e-05,26874.81,38293504,N/A,2025-07-14 12:26:39
9349,0.181129,0.367871,1.453808,5.00e-05,27450.54,38297600,N/A,2025-07-14 12:26:39
9350,0.146721,0.367871,1.453808,5.00e-05,26608.72,38301696,1.0000,2025-07-14 12:26:39
9351,0.155691,0.367871,1.453808,5.00e-05,26528.14,38305792,N/A,2025-07-14 12:26:39
9352,0.291070,0.367871,1.453808,5.00e-05,26859.60,38309888,N/A,2025-07-14 12:26:40
9353,0.221509,0.367871,1.453808,5.00e-05,26890.07,38313984,N/A,2025-07-14 12:26:40
9354,0.165249,0.367871,1.453808,5.00e-05,26418.49,38318080,N/A,2025-07-14 12:26:40
9355,0.381598,0.367871,1.453808,5.00e-05,26164.16,38322176,N/A,2025-07-14 12:26:40
9356,0.408345,0.367871,1.453808,5.00e-05,26239.58,38326272,N/A,2025-07-14 12:26:40
9357,0.172088,0.367871,1.453808,5.00e-05,26236.31,38330368,N/A,2025-07-14 12:26:40
9358,0.271955,0.367871,1.453808,5.00e-05,26072.54,38334464,N/A,2025-07-14 12:26:41
9359,0.210846,0.367871,1.453808,5.00e-05,26871.00,38338560,N/A,2025-07-14 12:26:41
9360,0.264897,0.367871,1.453808,5.00e-05,26159.94,38342656,1.0000,2025-07-14 12:26:41
9361,0.190393,0.367871,1.453808,5.00e-05,26337.87,38346752,N/A,2025-07-14 12:26:41
9362,0.132254,0.367871,1.453808,5.00e-05,26151.15,38350848,N/A,2025-07-14 12:26:41
9363,0.530277,0.367871,1.453808,5.00e-05,26552.70,38354944,N/A,2025-07-14 12:26:41
9364,0.177192,0.367871,1.453808,5.00e-05,26724.25,38359040,N/A,2025-07-14 12:26:42
9365,0.314973,0.367871,1.453808,5.00e-05,26559.78,38363136,N/A,2025-07-14 12:26:42
9366,0.232844,0.367871,1.453808,5.00e-05,26306.03,38367232,N/A,2025-07-14 12:26:42
9367,0.285859,0.367871,1.453808,5.00e-05,26593.58,38371328,N/A,2025-07-14 12:26:42
9368,0.133773,0.367871,1.453808,5.00e-05,26695.25,38375424,N/A,2025-07-14 12:26:42
9369,0.176892,0.367871,1.453808,5.00e-05,27453.28,38379520,N/A,2025-07-14 12:26:42
9370,0.384657,0.367871,1.453808,5.00e-05,26809.07,38383616,1.0000,2025-07-14 12:26:43
9371,0.288922,0.367871,1.453808,5.00e-05,27037.48,38387712,N/A,2025-07-14 12:26:43
9372,0.177507,0.367871,1.453808,5.00e-05,26671.90,38391808,N/A,2025-07-14 12:26:43
9373,0.266292,0.367871,1.453808,5.00e-05,26321.02,38395904,N/A,2025-07-14 12:26:43
9374,0.343883,0.367871,1.453808,5.00e-05,26536.51,38400000,N/A,2025-07-14 12:26:43
9375,0.218688,0.367871,1.453808,5.00e-05,26855.84,38404096,N/A,2025-07-14 12:26:44
9376,0.155913,0.367871,1.453808,5.00e-05,26633.96,38408192,N/A,2025-07-14 12:26:44
9377,0.350952,0.367871,1.453808,5.00e-05,26591.41,38412288,N/A,2025-07-14 12:26:44
9378,0.263307,0.367871,1.453808,5.00e-05,26602.44,38416384,N/A,2025-07-14 12:26:44
9379,0.095537,0.367871,1.453808,5.00e-05,26951.48,38420480,N/A,2025-07-14 12:26:44
9380,0.320857,0.367871,1.453808,5.00e-05,25686.98,38424576,0.9491,2025-07-14 12:26:44
9381,0.208190,0.367871,1.453808,5.00e-05,26063.43,38428672,N/A,2025-07-14 12:26:45
9382,0.204021,0.367871,1.453808,5.00e-05,26424.22,38432768,N/A,2025-07-14 12:26:45
9383,0.175808,0.367871,1.453808,5.00e-05,26334.14,38436864,N/A,2025-07-14 12:26:45
9384,0.257779,0.367871,1.453808,5.00e-05,26291.22,38440960,N/A,2025-07-14 12:26:45
9385,0.414477,0.367871,1.453808,5.00e-05,26486.26,38445056,N/A,2025-07-14 12:26:45
9386,0.205505,0.367871,1.453808,5.00e-05,26520.79,38449152,N/A,2025-07-14 12:26:45
9387,0.177639,0.367871,1.453808,5.00e-05,26568.76,38453248,N/A,2025-07-14 12:26:46
9388,0.450574,0.367871,1.453808,5.00e-05,26814.64,38457344,N/A,2025-07-14 12:26:46
9389,0.201092,0.367871,1.453808,5.00e-05,27997.63,38461440,N/A,2025-07-14 12:26:46
9390,0.230551,0.367871,1.453808,5.00e-05,27427.92,38465536,1.0000,2025-07-14 12:26:46
9391,0.393262,0.367871,1.453808,5.00e-05,27467.47,38469632,N/A,2025-07-14 12:26:46
9392,0.460902,0.367871,1.453808,5.00e-05,27488.45,38473728,N/A,2025-07-14 12:26:46
9393,0.113988,0.367871,1.453808,5.00e-05,26994.62,38477824,N/A,2025-07-14 12:26:47
9394,0.207838,0.367871,1.453808,5.00e-05,26973.05,38481920,N/A,2025-07-14 12:26:47
9395,0.241338,0.367871,1.453808,5.00e-05,26826.70,38486016,N/A,2025-07-14 12:26:47
9396,0.400159,0.367871,1.453808,5.00e-05,26287.54,38490112,N/A,2025-07-14 12:26:47
9397,0.277957,0.367871,1.453808,5.00e-05,26310.20,38494208,N/A,2025-07-14 12:26:47
9398,0.315583,0.367871,1.453808,5.00e-05,26545.71,38498304,N/A,2025-07-14 12:26:47
9399,0.229087,0.367871,1.453808,5.00e-05,26724.30,38502400,N/A,2025-07-14 12:26:48
9400,0.405154,0.367871,1.453808,5.00e-05,25998.55,38506496,1.0000,2025-07-14 12:26:48
9401,0.374138,0.367871,1.453808,5.00e-05,20643.15,38510592,N/A,2025-07-14 12:26:48
9402,0.324670,0.367871,1.453808,5.00e-05,20868.81,38514688,N/A,2025-07-14 12:26:49
9403,0.193805,0.367871,1.453808,5.00e-05,20888.94,38518784,N/A,2025-07-14 12:26:49
9404,0.176946,0.367871,1.453808,5.00e-05,20822.61,38522880,N/A,2025-07-14 12:26:49
9405,0.176412,0.367871,1.453808,5.00e-05,21135.21,38526976,N/A,2025-07-14 12:26:49
9406,0.197917,0.367871,1.453808,5.00e-05,21109.67,38531072,N/A,2025-07-14 12:26:49
9407,0.169256,0.367871,1.453808,5.00e-05,21080.44,38535168,N/A,2025-07-14 12:26:49
9408,0.333124,0.367871,1.453808,5.00e-05,21347.59,38539264,N/A,2025-07-14 12:26:50
9409,0.173020,0.367871,1.453808,5.00e-05,21798.08,38543360,N/A,2025-07-14 12:26:50
9410,0.243381,0.367871,1.453808,5.00e-05,27090.10,38547456,1.0000,2025-07-14 12:26:50
9411,0.161702,0.367871,1.453808,5.00e-05,27167.70,38551552,N/A,2025-07-14 12:26:50
9412,0.154615,0.367871,1.453808,5.00e-05,26900.11,38555648,N/A,2025-07-14 12:26:50
9413,0.398046,0.367871,1.453808,5.00e-05,26830.52,38559744,N/A,2025-07-14 12:26:50
9414,0.193085,0.367871,1.453808,5.00e-05,26900.14,38563840,N/A,2025-07-14 12:26:51
9415,0.168272,0.367871,1.453808,5.00e-05,26891.10,38567936,N/A,2025-07-14 12:26:51
9416,0.212314,0.367871,1.453808,5.00e-05,26826.04,38572032,N/A,2025-07-14 12:26:51
9417,0.341789,0.367871,1.453808,5.00e-05,26830.94,38576128,N/A,2025-07-14 12:26:51
9418,0.228952,0.367871,1.453808,5.00e-05,26909.48,38580224,N/A,2025-07-14 12:26:51
9419,0.246114,0.367871,1.453808,5.00e-05,27407.01,38584320,N/A,2025-07-14 12:26:51
9420,0.228383,0.367871,1.453808,5.00e-05,26861.14,38588416,1.0000,2025-07-14 12:26:52
9421,0.243918,0.367871,1.453808,5.00e-05,26700.81,38592512,N/A,2025-07-14 12:26:52
9422,0.383063,0.367871,1.453808,5.00e-05,26929.31,38596608,N/A,2025-07-14 12:26:52
9423,0.175845,0.367871,1.453808,5.00e-05,26628.91,38600704,N/A,2025-07-14 12:26:52
9424,0.210796,0.367871,1.453808,5.00e-05,26587.54,38604800,N/A,2025-07-14 12:26:52
9425,0.120222,0.367871,1.453808,5.00e-05,26371.55,38608896,N/A,2025-07-14 12:26:52
9426,0.162726,0.367871,1.453808,5.00e-05,26241.78,38612992,N/A,2025-07-14 12:26:53
9427,0.196725,0.367871,1.453808,5.00e-05,26187.09,38617088,N/A,2025-07-14 12:26:53
9428,0.364933,0.367871,1.453808,5.00e-05,26424.04,38621184,N/A,2025-07-14 12:26:53
9429,0.255826,0.367871,1.453808,5.00e-05,26930.98,38625280,N/A,2025-07-14 12:26:53
9430,0.117576,0.367871,1.453808,5.00e-05,26586.33,38629376,1.0000,2025-07-14 12:26:53
9431,0.117267,0.367871,1.453808,5.00e-05,26520.51,38633472,N/A,2025-07-14 12:26:53
9432,0.154988,0.367871,1.453808,5.00e-05,26805.30,38637568,N/A,2025-07-14 12:26:54
9433,0.137950,0.367871,1.453808,5.00e-05,26800.86,38641664,N/A,2025-07-14 12:26:54
9434,0.095200,0.367871,1.453808,5.00e-05,27040.94,38645760,N/A,2025-07-14 12:26:54
9435,0.261314,0.367871,1.453808,5.00e-05,27007.46,38649856,N/A,2025-07-14 12:26:54
9436,0.146483,0.367871,1.453808,5.00e-05,26995.78,38653952,N/A,2025-07-14 12:26:54
9437,0.097874,0.367871,1.453808,5.00e-05,26919.34,38658048,N/A,2025-07-14 12:26:54
9438,0.181928,0.367871,1.453808,5.00e-05,27023.30,38662144,N/A,2025-07-14 12:26:55
9439,0.182659,0.367871,1.453808,5.00e-05,27729.98,38666240,N/A,2025-07-14 12:26:55
9440,0.265149,0.367871,1.453808,5.00e-05,27191.90,38670336,1.0000,2025-07-14 12:26:55
9441,0.314046,0.367871,1.453808,5.00e-05,27172.91,38674432,N/A,2025-07-14 12:26:55
9442,0.239727,0.367871,1.453808,5.00e-05,27229.58,38678528,N/A,2025-07-14 12:26:55
9443,0.081864,0.367871,1.453808,5.00e-05,26916.86,38682624,N/A,2025-07-14 12:26:56
9444,0.394603,0.367871,1.453808,5.00e-05,27056.02,38686720,N/A,2025-07-14 12:26:56
9445,0.341327,0.367871,1.453808,5.00e-05,27137.14,38690816,N/A,2025-07-14 12:26:56
9446,0.250650,0.367871,1.453808,5.00e-05,27193.96,38694912,N/A,2025-07-14 12:26:56
9447,0.337482,0.367871,1.453808,5.00e-05,27107.12,38699008,N/A,2025-07-14 12:26:56
9448,0.079966,0.367871,1.453808,5.00e-05,27139.87,38703104,N/A,2025-07-14 12:26:56
9449,0.438322,0.367871,1.453808,5.00e-05,27790.28,38707200,N/A,2025-07-14 12:26:56
9450,0.165311,0.367871,1.453808,5.00e-05,27090.58,38711296,1.0000,2025-07-14 12:26:57
9451,0.224350,0.367871,1.453808,5.00e-05,27143.29,38715392,N/A,2025-07-14 12:26:57
9452,0.180958,0.367871,1.453808,5.00e-05,27551.18,38719488,N/A,2025-07-14 12:26:57
9453,0.284142,0.367871,1.453808,5.00e-05,27541.59,38723584,N/A,2025-07-14 12:26:57
9454,0.255640,0.367871,1.453808,5.00e-05,27523.68,38727680,N/A,2025-07-14 12:26:57
9455,0.172294,0.367871,1.453808,5.00e-05,27360.43,38731776,N/A,2025-07-14 12:26:57
9456,0.157047,0.367871,1.453808,5.00e-05,27345.81,38735872,N/A,2025-07-14 12:26:58
9457,0.230765,0.367871,1.453808,5.00e-05,27314.20,38739968,N/A,2025-07-14 12:26:58
9458,0.275607,0.367871,1.453808,5.00e-05,27125.00,38744064,N/A,2025-07-14 12:26:58
9459,0.246750,0.367871,1.453808,5.00e-05,27776.70,38748160,N/A,2025-07-14 12:26:58
9460,0.159022,0.367871,1.453808,5.00e-05,26983.54,38752256,1.0000,2025-07-14 12:26:58
9461,0.181663,0.367871,1.453808,5.00e-05,26912.14,38756352,N/A,2025-07-14 12:26:59
9462,0.187620,0.367871,1.453808,5.00e-05,26903.43,38760448,N/A,2025-07-14 12:26:59
9463,0.179898,0.367871,1.453808,5.00e-05,26859.15,38764544,N/A,2025-07-14 12:26:59
9464,0.126848,0.367871,1.453808,5.00e-05,26804.00,38768640,N/A,2025-07-14 12:26:59
9465,0.318445,0.367871,1.453808,5.00e-05,26441.71,38772736,N/A,2025-07-14 12:26:59
9466,0.263263,0.367871,1.453808,5.00e-05,26503.75,38776832,N/A,2025-07-14 12:26:59
9467,0.329315,0.367871,1.453808,5.00e-05,26712.35,38780928,N/A,2025-07-14 12:27:00
9468,0.221921,0.367871,1.453808,5.00e-05,26679.72,38785024,N/A,2025-07-14 12:27:00
9469,0.227675,0.367871,1.453808,5.00e-05,27397.24,38789120,N/A,2025-07-14 12:27:00
9470,0.188528,0.367871,1.453808,5.00e-05,26531.68,38793216,1.0000,2025-07-14 12:27:00
9471,0.167230,0.367871,1.453808,5.00e-05,26515.83,38797312,N/A,2025-07-14 12:27:00
9472,0.212065,0.367871,1.453808,5.00e-05,26540.26,38801408,N/A,2025-07-14 12:27:00
9473,0.170642,0.367871,1.453808,5.00e-05,26503.83,38805504,N/A,2025-07-14 12:27:01
9474,0.242742,0.367871,1.453808,5.00e-05,26518.61,38809600,N/A,2025-07-14 12:27:01
9475,0.164819,0.367871,1.453808,5.00e-05,26556.90,38813696,N/A,2025-07-14 12:27:01
9476,0.364899,0.367871,1.453808,5.00e-05,26594.08,38817792,N/A,2025-07-14 12:27:01
9477,0.210100,0.367871,1.453808,5.00e-05,26586.00,38821888,N/A,2025-07-14 12:27:01
9478,0.225429,0.367871,1.453808,5.00e-05,26641.97,38825984,N/A,2025-07-14 12:27:01
9479,0.260624,0.367871,1.453808,5.00e-05,27574.94,38830080,N/A,2025-07-14 12:27:02
9480,0.193977,0.367871,1.453808,5.00e-05,26861.96,38834176,1.0000,2025-07-14 12:27:02
9481,0.324690,0.367871,1.453808,5.00e-05,26855.12,38838272,N/A,2025-07-14 12:27:02
9482,0.125473,0.367871,1.453808,5.00e-05,27082.73,38842368,N/A,2025-07-14 12:27:02
9483,0.192470,0.367871,1.453808,5.00e-05,27031.26,38846464,N/A,2025-07-14 12:27:02
9484,0.113979,0.367871,1.453808,5.00e-05,26928.24,38850560,N/A,2025-07-14 12:27:02
9485,0.128942,0.367871,1.453808,5.00e-05,26854.24,38854656,N/A,2025-07-14 12:27:03
9486,0.162009,0.367871,1.453808,5.00e-05,26985.70,38858752,N/A,2025-07-14 12:27:03
9487,0.253161,0.367871,1.453808,5.00e-05,26547.04,38862848,N/A,2025-07-14 12:27:03
9488,0.133663,0.367871,1.453808,5.00e-05,26563.21,38866944,N/A,2025-07-14 12:27:03
9489,0.349135,0.367871,1.453808,5.00e-05,27292.03,38871040,N/A,2025-07-14 12:27:03
9490,0.316078,0.367871,1.453808,5.00e-05,26652.29,38875136,1.0000,2025-07-14 12:27:03
9491,0.188320,0.367871,1.453808,5.00e-05,26323.82,38879232,N/A,2025-07-14 12:27:04
9492,0.143910,0.367871,1.453808,5.00e-05,26807.09,38883328,N/A,2025-07-14 12:27:04
9493,0.104727,0.367871,1.453808,5.00e-05,26830.08,38887424,N/A,2025-07-14 12:27:04
9494,0.166324,0.367871,1.453808,5.00e-05,26845.44,38891520,N/A,2025-07-14 12:27:04
9495,0.280528,0.367871,1.453808,5.00e-05,26780.21,38895616,N/A,2025-07-14 12:27:04
9496,0.233460,0.367871,1.453808,5.00e-05,27136.60,38899712,N/A,2025-07-14 12:27:04
9497,0.190605,0.367871,1.453808,5.00e-05,27105.55,38903808,N/A,2025-07-14 12:27:05
9498,0.169079,0.367871,1.453808,5.00e-05,27134.65,38907904,N/A,2025-07-14 12:27:05
9499,0.262043,0.367871,1.453808,5.00e-05,27222.40,38912000,N/A,2025-07-14 12:27:05
9500,0.242898,0.367871,1.453808,5.00e-05,26807.29,38916096,1.0000,2025-07-14 12:27:05
9501,0.098695,0.367871,1.453808,5.00e-05,20469.76,38920192,N/A,2025-07-14 12:27:06
9502,0.184723,0.367871,1.453808,5.00e-05,20339.63,38924288,N/A,2025-07-14 12:27:06
9503,0.250001,0.367871,1.453808,5.00e-05,20314.69,38928384,N/A,2025-07-14 12:27:06
9504,0.182915,0.367871,1.453808,5.00e-05,20276.91,38932480,N/A,2025-07-14 12:27:06
9505,0.232644,0.367871,1.453808,5.00e-05,20237.18,38936576,N/A,2025-07-14 12:27:06
9506,0.144750,0.367871,1.453808,5.00e-05,20221.83,38940672,N/A,2025-07-14 12:27:07
9507,0.099842,0.367871,1.453808,5.00e-05,20221.97,38944768,N/A,2025-07-14 12:27:07
9508,0.121355,0.367871,1.453808,5.00e-05,20575.14,38948864,N/A,2025-07-14 12:27:07
9509,0.169972,0.367871,1.453808,5.00e-05,21047.23,38952960,N/A,2025-07-14 12:27:07
9510,0.210762,0.367871,1.453808,5.00e-05,26660.11,38957056,1.0000,2025-07-14 12:27:07
9511,0.159604,0.367871,1.453808,5.00e-05,26903.31,38961152,N/A,2025-07-14 12:27:07
9512,0.255013,0.367871,1.453808,5.00e-05,26668.55,38965248,N/A,2025-07-14 12:27:08
9513,0.144244,0.367871,1.453808,5.00e-05,26759.83,38969344,N/A,2025-07-14 12:27:08
9514,0.179239,0.367871,1.453808,5.00e-05,26867.05,38973440,N/A,2025-07-14 12:27:08
9515,0.113659,0.367871,1.453808,5.00e-05,26899.83,38977536,N/A,2025-07-14 12:27:08
9516,0.243321,0.367871,1.453808,5.00e-05,26853.20,38981632,N/A,2025-07-14 12:27:08
9517,0.138734,0.367871,1.453808,5.00e-05,26610.69,38985728,N/A,2025-07-14 12:27:08
9518,0.366817,0.367871,1.453808,5.00e-05,26626.62,38989824,N/A,2025-07-14 12:27:09
9519,0.282600,0.367871,1.453808,5.00e-05,27716.85,38993920,N/A,2025-07-14 12:27:09
9520,0.273287,0.367871,1.453808,5.00e-05,26593.95,38998016,1.0000,2025-07-14 12:27:09
9521,0.194671,0.367871,1.453808,5.00e-05,26868.58,39002112,N/A,2025-07-14 12:27:09
9522,0.207649,0.367871,1.453808,5.00e-05,26871.60,39006208,N/A,2025-07-14 12:27:09
9523,0.336100,0.367871,1.453808,5.00e-05,26950.32,39010304,N/A,2025-07-14 12:27:10
9524,0.215513,0.367871,1.453808,5.00e-05,26967.02,39014400,N/A,2025-07-14 12:27:10
9525,0.202362,0.367871,1.453808,5.00e-05,27042.29,39018496,N/A,2025-07-14 12:27:10
9526,0.119642,0.367871,1.453808,5.00e-05,27318.00,39022592,N/A,2025-07-14 12:27:10
9527,0.184693,0.367871,1.453808,5.00e-05,27124.88,39026688,N/A,2025-07-14 12:27:10
9528,0.204626,0.367871,1.453808,5.00e-05,27151.87,39030784,N/A,2025-07-14 12:27:10
9529,0.144561,0.367871,1.453808,5.00e-05,28300.96,39034880,N/A,2025-07-14 12:27:10
9530,0.202328,0.367871,1.453808,5.00e-05,27495.91,39038976,1.0000,2025-07-14 12:27:11
9531,0.144210,0.367871,1.453808,5.00e-05,27467.26,39043072,N/A,2025-07-14 12:27:11
9532,0.178720,0.367871,1.453808,5.00e-05,27114.09,39047168,N/A,2025-07-14 12:27:11
9533,0.197442,0.367871,1.453808,5.00e-05,26618.40,39051264,N/A,2025-07-14 12:27:11
9534,0.149034,0.367871,1.453808,5.00e-05,26572.37,39055360,N/A,2025-07-14 12:27:11
9535,0.226086,0.367871,1.453808,5.00e-05,26375.14,39059456,N/A,2025-07-14 12:27:12
9536,0.304658,0.367871,1.453808,5.00e-05,26372.51,39063552,N/A,2025-07-14 12:27:12
9537,0.228345,0.367871,1.453808,5.00e-05,26384.74,39067648,N/A,2025-07-14 12:27:12
9538,0.346130,0.367871,1.453808,5.00e-05,26458.59,39071744,N/A,2025-07-14 12:27:12
9539,0.396173,0.367871,1.453808,5.00e-05,27188.37,39075840,N/A,2025-07-14 12:27:12
9540,0.305864,0.367871,1.453808,5.00e-05,26618.15,39079936,1.0000,2025-07-14 12:27:12
9541,0.327217,0.367871,1.453808,5.00e-05,26953.54,39084032,N/A,2025-07-14 12:27:13
9542,0.155915,0.367871,1.453808,5.00e-05,27485.03,39088128,N/A,2025-07-14 12:27:13
9543,0.156905,0.367871,1.453808,5.00e-05,27410.03,39092224,N/A,2025-07-14 12:27:13
9544,0.339517,0.367871,1.453808,5.00e-05,27552.76,39096320,N/A,2025-07-14 12:27:13
9545,0.335233,0.367871,1.453808,5.00e-05,27761.20,39100416,N/A,2025-07-14 12:27:13
9546,0.215106,0.367871,1.453808,5.00e-05,27778.40,39104512,N/A,2025-07-14 12:27:13
9547,0.265559,0.367871,1.453808,5.00e-05,27526.36,39108608,N/A,2025-07-14 12:27:14
9548,0.312424,0.367871,1.453808,5.00e-05,27578.60,39112704,N/A,2025-07-14 12:27:14
9549,0.261286,0.367871,1.453808,5.00e-05,28229.29,39116800,N/A,2025-07-14 12:27:14
9550,0.180441,0.367871,1.453808,5.00e-05,27533.13,39120896,1.0000,2025-07-14 12:27:14
9551,0.244629,0.367871,1.453808,5.00e-05,27399.65,39124992,N/A,2025-07-14 12:27:14
9552,0.190279,0.367871,1.453808,5.00e-05,27393.47,39129088,N/A,2025-07-14 12:27:14
9553,0.277396,0.367871,1.453808,5.00e-05,27336.19,39133184,N/A,2025-07-14 12:27:15
9554,0.125334,0.367871,1.453808,5.00e-05,27372.93,39137280,N/A,2025-07-14 12:27:15
9555,0.247135,0.367871,1.453808,5.00e-05,27363.30,39141376,N/A,2025-07-14 12:27:15
9556,0.139493,0.367871,1.453808,5.00e-05,27580.16,39145472,N/A,2025-07-14 12:27:15
9557,0.232565,0.367871,1.453808,5.00e-05,27469.11,39149568,N/A,2025-07-14 12:27:15
9558,0.367548,0.367871,1.453808,5.00e-05,27191.89,39153664,N/A,2025-07-14 12:27:15
9559,0.146101,0.367871,1.453808,5.00e-05,27815.84,39157760,N/A,2025-07-14 12:27:15
9560,0.210942,0.367871,1.453808,5.00e-05,26889.44,39161856,1.0000,2025-07-14 12:27:16
9561,0.201971,0.367871,1.453808,5.00e-05,26908.37,39165952,N/A,2025-07-14 12:27:16
9562,0.123257,0.367871,1.453808,5.00e-05,26963.33,39170048,N/A,2025-07-14 12:27:16
9563,0.233113,0.367871,1.453808,5.00e-05,26926.42,39174144,N/A,2025-07-14 12:27:16
9564,0.233992,0.367871,1.453808,5.00e-05,26724.89,39178240,N/A,2025-07-14 12:27:16
9565,0.252137,0.367871,1.453808,5.00e-05,26643.42,39182336,N/A,2025-07-14 12:27:17
9566,0.145330,0.367871,1.453808,5.00e-05,26671.42,39186432,N/A,2025-07-14 12:27:17
9567,0.167223,0.367871,1.453808,5.00e-05,26906.14,39190528,N/A,2025-07-14 12:27:17
9568,0.243033,0.367871,1.453808,5.00e-05,26841.34,39194624,N/A,2025-07-14 12:27:17
9569,0.212171,0.367871,1.453808,5.00e-05,27271.40,39198720,N/A,2025-07-14 12:27:17
9570,0.176383,0.367871,1.453808,5.00e-05,26707.56,39202816,1.0000,2025-07-14 12:27:17
9571,0.221399,0.367871,1.453808,5.00e-05,26692.60,39206912,N/A,2025-07-14 12:27:18
9572,0.210910,0.367871,1.453808,5.00e-05,26692.07,39211008,N/A,2025-07-14 12:27:18
9573,0.233292,0.367871,1.453808,5.00e-05,26575.84,39215104,N/A,2025-07-14 12:27:18
9574,0.302411,0.367871,1.453808,5.00e-05,26446.35,39219200,N/A,2025-07-14 12:27:18
9575,0.341269,0.367871,1.453808,5.00e-05,26506.19,39223296,N/A,2025-07-14 12:27:18
9576,0.442076,0.367871,1.453808,5.00e-05,26524.26,39227392,N/A,2025-07-14 12:27:18
9577,0.166788,0.367871,1.453808,5.00e-05,26457.80,39231488,N/A,2025-07-14 12:27:19
9578,0.357960,0.367871,1.453808,5.00e-05,26910.73,39235584,N/A,2025-07-14 12:27:19
9579,0.325823,0.367871,1.453808,5.00e-05,27542.74,39239680,N/A,2025-07-14 12:27:19
9580,0.228564,0.367871,1.453808,5.00e-05,26830.52,39243776,1.0000,2025-07-14 12:27:19
9581,0.193998,0.367871,1.453808,5.00e-05,26794.65,39247872,N/A,2025-07-14 12:27:19
9582,0.106726,0.367871,1.453808,5.00e-05,27131.42,39251968,N/A,2025-07-14 12:27:19
9583,0.190774,0.367871,1.453808,5.00e-05,26872.79,39256064,N/A,2025-07-14 12:27:20
9584,0.173579,0.367871,1.453808,5.00e-05,26827.76,39260160,N/A,2025-07-14 12:27:20
9585,0.262196,0.367871,1.453808,5.00e-05,26532.07,39264256,N/A,2025-07-14 12:27:20
9586,0.318356,0.367871,1.453808,5.00e-05,26624.26,39268352,N/A,2025-07-14 12:27:20
9587,0.306266,0.367871,1.453808,5.00e-05,26672.13,39272448,N/A,2025-07-14 12:27:20
9588,0.181264,0.367871,1.453808,5.00e-05,26671.17,39276544,N/A,2025-07-14 12:27:20
9589,0.236160,0.367871,1.453808,5.00e-05,27342.85,39280640,N/A,2025-07-14 12:27:21
9590,0.293054,0.367871,1.453808,5.00e-05,26322.28,39284736,1.0000,2025-07-14 12:27:21
9591,0.188236,0.367871,1.453808,5.00e-05,26274.79,39288832,N/A,2025-07-14 12:27:21
9592,0.306464,0.367871,1.453808,5.00e-05,26604.55,39292928,N/A,2025-07-14 12:27:21
9593,0.277533,0.367871,1.453808,5.00e-05,26416.71,39297024,N/A,2025-07-14 12:27:21
9594,0.131643,0.367871,1.453808,5.00e-05,26307.60,39301120,N/A,2025-07-14 12:27:21
9595,0.199774,0.367871,1.453808,5.00e-05,26361.09,39305216,N/A,2025-07-14 12:27:22
9596,0.267251,0.367871,1.453808,5.00e-05,26413.23,39309312,N/A,2025-07-14 12:27:22
9597,0.185608,0.367871,1.453808,5.00e-05,26441.60,39313408,N/A,2025-07-14 12:27:22
9598,0.164412,0.367871,1.453808,5.00e-05,26491.79,39317504,N/A,2025-07-14 12:27:22
9599,0.306340,0.367871,1.453808,5.00e-05,27572.81,39321600,N/A,2025-07-14 12:27:22
9600,0.140741,0.367871,1.453808,5.00e-05,26999.12,39325696,1.0000,2025-07-14 12:27:22
