step,train_loss,val_loss,val_perplexity,learning_rate,tokens_per_sec,total_tokens,grad_norm,timestamp
0,13.049355,N/A,N/A,2.50e-07,0.00,16384,N/A,2025-06-07 17:51:04
1,12.318949,N/A,N/A,5.00e-07,1826.44,32768,N/A,2025-06-07 17:51:22
2,11.925438,N/A,N/A,7.50e-07,2695.81,49152,N/A,2025-06-07 17:51:23
3,11.897927,N/A,N/A,1.00e-06,3550.20,65536,N/A,2025-06-07 17:51:23
4,11.951464,N/A,N/A,1.25e-06,4379.82,81920,N/A,2025-06-07 17:51:23
5,12.068571,N/A,N/A,1.50e-06,5188.20,98304,N/A,2025-06-07 17:51:23
6,11.903864,N/A,N/A,1.75e-06,5980.89,114688,N/A,2025-06-07 17:51:24
7,11.762960,N/A,N/A,2.00e-06,6756.09,131072,N/A,2025-06-07 17:51:24
8,11.880116,N/A,N/A,2.25e-06,7512.42,147456,N/A,2025-06-07 17:51:24
9,12.322720,N/A,N/A,2.50e-06,8250.78,163840,N/A,2025-06-07 17:51:24
10,12.039578,N/A,N/A,2.75e-06,73827.70,180224,1.0000,2025-06-07 17:51:25
11,11.853594,N/A,N/A,3.00e-06,76067.57,196608,N/A,2025-06-07 17:51:25
12,11.908416,N/A,N/A,3.25e-06,75950.25,212992,N/A,2025-06-07 17:51:25
13,11.679364,N/A,N/A,3.50e-06,76617.70,229376,N/A,2025-06-07 17:51:25
14,11.578453,N/A,N/A,3.75e-06,77251.69,245760,N/A,2025-06-07 17:51:26
15,11.694414,N/A,N/A,4.00e-06,77300.71,262144,N/A,2025-06-07 17:51:26
16,11.373308,N/A,N/A,4.25e-06,77302.92,278528,N/A,2025-06-07 17:51:26
17,11.095041,N/A,N/A,4.50e-06,76080.82,294912,N/A,2025-06-07 17:51:26
18,11.546654,N/A,N/A,4.75e-06,76114.03,311296,N/A,2025-06-07 17:51:26
19,11.431201,N/A,N/A,5.00e-06,78747.67,327680,N/A,2025-06-07 17:51:27
20,11.368145,N/A,N/A,5.25e-06,77319.25,344064,1.0000,2025-06-07 17:51:27
21,10.947091,N/A,N/A,5.50e-06,76595.95,360448,N/A,2025-06-07 17:51:27
22,10.752043,N/A,N/A,5.75e-06,76491.15,376832,N/A,2025-06-07 17:51:27
23,10.769434,N/A,N/A,6.00e-06,76499.41,393216,N/A,2025-06-07 17:51:28
24,11.158640,N/A,N/A,6.25e-06,76349.48,409600,N/A,2025-06-07 17:51:28
25,11.167053,N/A,N/A,6.50e-06,76258.03,425984,N/A,2025-06-07 17:51:28
26,10.909088,N/A,N/A,6.75e-06,77438.02,442368,N/A,2025-06-07 17:51:28
27,10.037826,N/A,N/A,7.00e-06,77475.53,458752,N/A,2025-06-07 17:51:29
28,10.120234,N/A,N/A,7.25e-06,77554.94,475136,N/A,2025-06-07 17:51:29
29,9.825546,N/A,N/A,7.50e-06,78934.12,491520,N/A,2025-06-07 17:51:29
30,9.741155,N/A,N/A,7.75e-06,78144.04,507904,1.0000,2025-06-07 17:51:29
31,9.469816,N/A,N/A,8.00e-06,78210.52,524288,N/A,2025-06-07 17:51:30
32,10.047876,N/A,N/A,8.25e-06,78270.16,540672,N/A,2025-06-07 17:51:30
33,9.195620,N/A,N/A,8.50e-06,78443.43,557056,N/A,2025-06-07 17:51:30
34,8.810922,N/A,N/A,8.75e-06,78427.83,573440,N/A,2025-06-07 17:51:30
35,8.513244,N/A,N/A,9.00e-06,78631.54,589824,N/A,2025-06-07 17:51:30
36,8.712610,N/A,N/A,9.25e-06,78672.57,606208,N/A,2025-06-07 17:51:31
37,8.582016,N/A,N/A,9.50e-06,78841.62,622592,N/A,2025-06-07 17:51:31
38,7.594042,N/A,N/A,9.75e-06,79006.97,638976,N/A,2025-06-07 17:51:31
39,7.658047,N/A,N/A,1.00e-05,80699.33,655360,N/A,2025-06-07 17:51:31
40,8.549145,N/A,N/A,1.03e-05,79233.72,671744,1.0000,2025-06-07 17:51:32
41,8.366239,N/A,N/A,1.05e-05,79069.19,688128,N/A,2025-06-07 17:51:32
42,8.770208,N/A,N/A,1.08e-05,79105.16,704512,N/A,2025-06-07 17:51:32
43,8.509656,N/A,N/A,1.10e-05,79063.31,720896,N/A,2025-06-07 17:51:32
44,9.036144,N/A,N/A,1.13e-05,78851.13,737280,N/A,2025-06-07 17:51:32
45,9.027199,N/A,N/A,1.15e-05,78879.65,753664,N/A,2025-06-07 17:51:33
46,8.060369,N/A,N/A,1.18e-05,78732.21,770048,N/A,2025-06-07 17:51:33
47,8.496400,N/A,N/A,1.20e-05,78717.80,786432,N/A,2025-06-07 17:51:33
48,8.956281,N/A,N/A,1.22e-05,78371.94,802816,N/A,2025-06-07 17:51:33
49,8.449219,N/A,N/A,1.25e-05,79830.81,819200,N/A,2025-06-07 17:51:34
50,9.086262,N/A,N/A,1.28e-05,78471.55,835584,1.0000,2025-06-07 17:51:34
51,9.443466,N/A,N/A,1.30e-05,78356.71,851968,N/A,2025-06-07 17:51:34
52,9.547737,N/A,N/A,1.33e-05,78531.45,868352,N/A,2025-06-07 17:51:34
53,9.690718,N/A,N/A,1.35e-05,78660.56,884736,N/A,2025-06-07 17:51:35
54,7.592894,N/A,N/A,1.38e-05,78646.79,901120,N/A,2025-06-07 17:51:35
55,7.265321,N/A,N/A,1.40e-05,78536.54,917504,N/A,2025-06-07 17:51:35
56,8.170834,N/A,N/A,1.42e-05,78492.58,933888,N/A,2025-06-07 17:51:35
57,8.231272,N/A,N/A,1.45e-05,79002.28,950272,N/A,2025-06-07 17:51:35
58,8.431257,N/A,N/A,1.47e-05,78884.19,966656,N/A,2025-06-07 17:51:36
59,8.297812,N/A,N/A,1.50e-05,80283.65,983040,N/A,2025-06-07 17:51:36
60,10.704233,N/A,N/A,1.52e-05,78865.57,999424,1.0000,2025-06-07 17:51:36
61,10.299726,N/A,N/A,1.55e-05,77915.49,1015808,N/A,2025-06-07 17:51:36
62,7.912054,N/A,N/A,1.57e-05,77922.56,1032192,N/A,2025-06-07 17:51:37
63,7.962911,N/A,N/A,1.60e-05,77908.45,1048576,N/A,2025-06-07 17:51:37
64,7.971861,N/A,N/A,1.63e-05,78191.22,1064960,N/A,2025-06-07 17:51:37
65,7.803562,N/A,N/A,1.65e-05,78133.25,1081344,N/A,2025-06-07 17:51:37
66,8.535163,N/A,N/A,1.68e-05,78069.71,1097728,N/A,2025-06-07 17:51:38
67,8.535707,N/A,N/A,1.70e-05,77737.93,1114112,N/A,2025-06-07 17:51:38
68,7.786828,N/A,N/A,1.73e-05,77744.39,1130496,N/A,2025-06-07 17:51:38
69,7.518091,N/A,N/A,1.75e-05,78808.38,1146880,N/A,2025-06-07 17:51:38
70,8.489378,N/A,N/A,1.78e-05,78252.21,1163264,1.0000,2025-06-07 17:51:39
71,8.549526,N/A,N/A,1.80e-05,78202.20,1179648,N/A,2025-06-07 17:51:39
72,7.416245,N/A,N/A,1.82e-05,78111.59,1196032,N/A,2025-06-07 17:51:39
73,7.473555,N/A,N/A,1.85e-05,77982.88,1212416,N/A,2025-06-07 17:51:39
74,7.118502,N/A,N/A,1.88e-05,77223.64,1228800,N/A,2025-06-07 17:51:39
75,6.975494,N/A,N/A,1.90e-05,77189.00,1245184,N/A,2025-06-07 17:51:40
76,7.685475,N/A,N/A,1.93e-05,77621.11,1261568,N/A,2025-06-07 17:51:40
77,7.845479,N/A,N/A,1.95e-05,77627.65,1277952,N/A,2025-06-07 17:51:40
78,5.633975,N/A,N/A,1.98e-05,78036.74,1294336,N/A,2025-06-07 17:51:40
79,5.413177,N/A,N/A,2.00e-05,79260.45,1310720,N/A,2025-06-07 17:51:41
80,6.878402,N/A,N/A,2.02e-05,77714.21,1327104,1.0000,2025-06-07 17:51:41
81,6.511982,N/A,N/A,2.05e-05,77785.47,1343488,N/A,2025-06-07 17:51:41
82,6.904362,N/A,N/A,2.07e-05,77806.50,1359872,N/A,2025-06-07 17:51:41
83,6.936090,N/A,N/A,2.10e-05,78629.58,1376256,N/A,2025-06-07 17:51:42
84,7.414437,N/A,N/A,2.13e-05,78574.35,1392640,N/A,2025-06-07 17:51:42
85,7.239064,N/A,N/A,2.15e-05,78567.85,1409024,N/A,2025-06-07 17:51:42
86,7.021513,N/A,N/A,2.18e-05,78283.60,1425408,N/A,2025-06-07 17:51:42
87,7.221929,N/A,N/A,2.20e-05,78292.16,1441792,N/A,2025-06-07 17:51:42
88,8.620520,N/A,N/A,2.22e-05,78508.90,1458176,N/A,2025-06-07 17:51:43
89,8.337193,N/A,N/A,2.25e-05,79974.17,1474560,N/A,2025-06-07 17:51:43
90,8.329414,N/A,N/A,2.28e-05,78327.35,1490944,1.0000,2025-06-07 17:51:43
91,8.384783,N/A,N/A,2.30e-05,78160.35,1507328,N/A,2025-06-07 17:51:43
92,7.824892,N/A,N/A,2.33e-05,78178.10,1523712,N/A,2025-06-07 17:51:44
93,8.215629,N/A,N/A,2.35e-05,78077.02,1540096,N/A,2025-06-07 17:51:44
94,7.259128,N/A,N/A,2.37e-05,78024.96,1556480,N/A,2025-06-07 17:51:44
95,7.751657,N/A,N/A,2.40e-05,78307.14,1572864,N/A,2025-06-07 17:51:44
96,6.996089,N/A,N/A,2.42e-05,78159.94,1589248,N/A,2025-06-07 17:51:45
97,7.176654,N/A,N/A,2.45e-05,78000.66,1605632,N/A,2025-06-07 17:51:45
98,7.892401,N/A,N/A,2.48e-05,78013.95,1622016,N/A,2025-06-07 17:51:45
99,7.844484,N/A,N/A,2.50e-05,79624.95,1638400,N/A,2025-06-07 17:51:45
100,5.835612,N/A,N/A,2.53e-05,78101.58,1654784,1.0000,2025-06-07 17:51:46
101,6.341743,N/A,N/A,2.55e-05,76879.41,1671168,N/A,2025-06-07 17:51:46
102,7.007426,N/A,N/A,2.57e-05,76989.67,1687552,N/A,2025-06-07 17:51:46
103,6.949631,N/A,N/A,2.60e-05,77040.81,1703936,N/A,2025-06-07 17:51:46
104,7.559056,N/A,N/A,2.63e-05,77098.36,1720320,N/A,2025-06-07 17:51:46
105,7.369638,N/A,N/A,2.65e-05,76954.19,1736704,N/A,2025-06-07 17:51:47
106,6.443089,N/A,N/A,2.68e-05,77054.14,1753088,N/A,2025-06-07 17:51:47
107,6.389195,N/A,N/A,2.70e-05,77050.19,1769472,N/A,2025-06-07 17:51:47
108,6.764462,N/A,N/A,2.72e-05,76963.55,1785856,N/A,2025-06-07 17:51:47
109,6.904418,N/A,N/A,2.75e-05,78534.54,1802240,N/A,2025-06-07 17:51:48
110,7.665250,N/A,N/A,2.77e-05,78054.00,1818624,1.0000,2025-06-07 17:51:48
111,7.719981,N/A,N/A,2.80e-05,77950.22,1835008,N/A,2025-06-07 17:51:48
112,5.393109,N/A,N/A,2.83e-05,77927.00,1851392,N/A,2025-06-07 17:51:48
113,5.506397,N/A,N/A,2.85e-05,77896.41,1867776,N/A,2025-06-07 17:51:49
114,7.526476,N/A,N/A,2.87e-05,78095.84,1884160,N/A,2025-06-07 17:51:49
115,7.637305,N/A,N/A,2.90e-05,78108.12,1900544,N/A,2025-06-07 17:51:49
116,6.435898,N/A,N/A,2.92e-05,78182.69,1916928,N/A,2025-06-07 17:51:49
117,6.278680,N/A,N/A,2.95e-05,78831.01,1933312,N/A,2025-06-07 17:51:49
118,6.780545,N/A,N/A,2.98e-05,78959.49,1949696,N/A,2025-06-07 17:51:50
119,6.792555,N/A,N/A,3.00e-05,80595.56,1966080,N/A,2025-06-07 17:51:50
120,5.894523,N/A,N/A,3.03e-05,78796.35,1982464,1.0000,2025-06-07 17:51:50
121,5.700304,N/A,N/A,3.05e-05,78769.75,1998848,N/A,2025-06-07 17:51:50
122,9.157553,N/A,N/A,3.08e-05,78708.30,2015232,N/A,2025-06-07 17:51:51
123,7.161070,N/A,N/A,3.10e-05,78635.43,2031616,N/A,2025-06-07 17:51:51
124,7.202368,N/A,N/A,3.13e-05,78669.08,2048000,N/A,2025-06-07 17:51:51
125,7.200809,N/A,N/A,3.15e-05,78683.61,2064384,N/A,2025-06-07 17:51:51
126,6.057059,N/A,N/A,3.18e-05,76633.60,2080768,N/A,2025-06-07 17:51:52
127,5.955250,N/A,N/A,3.20e-05,76502.85,2097152,N/A,2025-06-07 17:51:52
128,5.453812,N/A,N/A,3.22e-05,76512.86,2113536,N/A,2025-06-07 17:51:52
129,5.813615,N/A,N/A,3.25e-05,78050.41,2129920,N/A,2025-06-07 17:51:52
130,8.115103,N/A,N/A,3.28e-05,76666.01,2146304,1.0000,2025-06-07 17:51:53
131,6.723207,N/A,N/A,3.30e-05,76664.47,2162688,N/A,2025-06-07 17:51:53
132,6.601472,N/A,N/A,3.33e-05,76750.34,2179072,N/A,2025-06-07 17:51:53
133,6.707237,N/A,N/A,3.35e-05,76687.49,2195456,N/A,2025-06-07 17:51:53
134,6.438635,N/A,N/A,3.38e-05,76681.64,2211840,N/A,2025-06-07 17:51:53
135,6.819676,N/A,N/A,3.40e-05,78136.63,2228224,N/A,2025-06-07 17:51:54
136,6.582600,N/A,N/A,3.42e-05,78072.29,2244608,N/A,2025-06-07 17:51:54
137,6.294358,N/A,N/A,3.45e-05,77765.00,2260992,N/A,2025-06-07 17:51:54
138,6.497419,N/A,N/A,3.48e-05,77928.49,2277376,N/A,2025-06-07 17:51:54
139,6.129000,N/A,N/A,3.50e-05,78914.12,2293760,N/A,2025-06-07 17:51:55
140,6.965255,N/A,N/A,3.53e-05,77373.49,2310144,1.0000,2025-06-07 17:51:55
141,6.919759,N/A,N/A,3.55e-05,77349.13,2326528,N/A,2025-06-07 17:51:55
142,6.758523,N/A,N/A,3.58e-05,77414.66,2342912,N/A,2025-06-07 17:51:55
143,5.814728,N/A,N/A,3.60e-05,77435.58,2359296,N/A,2025-06-07 17:51:56
144,5.892309,N/A,N/A,3.63e-05,77499.01,2375680,N/A,2025-06-07 17:51:56
145,6.496020,N/A,N/A,3.65e-05,77602.50,2392064,N/A,2025-06-07 17:51:56
146,7.299182,N/A,N/A,3.68e-05,77900.45,2408448,N/A,2025-06-07 17:51:56
147,6.526403,N/A,N/A,3.70e-05,77979.75,2424832,N/A,2025-06-07 17:51:56
148,6.620087,N/A,N/A,3.72e-05,77429.64,2441216,N/A,2025-06-07 17:51:57
149,6.622497,N/A,N/A,3.75e-05,78937.05,2457600,N/A,2025-06-07 17:51:57
150,6.151342,N/A,N/A,3.78e-05,77231.47,2473984,1.0000,2025-06-07 17:51:57
151,6.780956,N/A,N/A,3.80e-05,77128.21,2490368,N/A,2025-06-07 17:51:57
152,7.463735,N/A,N/A,3.83e-05,77110.60,2506752,N/A,2025-06-07 17:51:58
153,5.992261,N/A,N/A,3.85e-05,76550.22,2523136,N/A,2025-06-07 17:51:58
154,7.242837,N/A,N/A,3.87e-05,76534.06,2539520,N/A,2025-06-07 17:51:58
155,6.326735,N/A,N/A,3.90e-05,76621.47,2555904,N/A,2025-06-07 17:51:58
156,5.956356,N/A,N/A,3.93e-05,76599.80,2572288,N/A,2025-06-07 17:51:59
157,5.906755,N/A,N/A,3.95e-05,77621.42,2588672,N/A,2025-06-07 17:51:59
158,6.138632,N/A,N/A,3.98e-05,77647.37,2605056,N/A,2025-06-07 17:51:59
159,5.751472,N/A,N/A,4.00e-05,79482.16,2621440,N/A,2025-06-07 17:51:59
160,6.755695,N/A,N/A,4.03e-05,77738.42,2637824,1.0000,2025-06-07 17:52:00
161,4.925008,N/A,N/A,4.05e-05,76957.70,2654208,N/A,2025-06-07 17:52:00
162,5.586863,N/A,N/A,4.08e-05,77528.08,2670592,N/A,2025-06-07 17:52:00
163,5.937230,N/A,N/A,4.10e-05,77516.96,2686976,N/A,2025-06-07 17:52:00
164,5.534706,N/A,N/A,4.12e-05,77295.32,2703360,N/A,2025-06-07 17:52:01
165,5.840243,N/A,N/A,4.15e-05,77269.94,2719744,N/A,2025-06-07 17:52:01
166,4.819281,N/A,N/A,4.17e-05,77154.86,2736128,N/A,2025-06-07 17:52:01
167,5.433549,N/A,N/A,4.20e-05,77147.42,2752512,N/A,2025-06-07 17:52:01
168,6.180575,N/A,N/A,4.23e-05,77031.48,2768896,N/A,2025-06-07 17:52:01
169,6.393235,N/A,N/A,4.25e-05,78939.53,2785280,N/A,2025-06-07 17:52:02
170,6.098187,N/A,N/A,4.28e-05,77929.56,2801664,1.0000,2025-06-07 17:52:02
171,6.411964,N/A,N/A,4.30e-05,77891.93,2818048,N/A,2025-06-07 17:52:02
172,6.683031,N/A,N/A,4.33e-05,77880.36,2834432,N/A,2025-06-07 17:52:02
173,5.945479,N/A,N/A,4.35e-05,77963.86,2850816,N/A,2025-06-07 17:52:03
174,6.498157,N/A,N/A,4.38e-05,77795.52,2867200,N/A,2025-06-07 17:52:03
175,7.554936,N/A,N/A,4.40e-05,77865.05,2883584,N/A,2025-06-07 17:52:03
176,6.340238,N/A,N/A,4.42e-05,77883.77,2899968,N/A,2025-06-07 17:52:03
177,6.719785,N/A,N/A,4.45e-05,77646.75,2916352,N/A,2025-06-07 17:52:04
178,6.687994,N/A,N/A,4.47e-05,76818.74,2932736,N/A,2025-06-07 17:52:04
179,6.559423,N/A,N/A,4.50e-05,78486.15,2949120,N/A,2025-06-07 17:52:04
180,6.868873,N/A,N/A,4.53e-05,76984.45,2965504,1.0000,2025-06-07 17:52:04
181,5.742430,N/A,N/A,4.55e-05,76902.26,2981888,N/A,2025-06-07 17:52:05
182,5.753623,N/A,N/A,4.58e-05,76871.81,2998272,N/A,2025-06-07 17:52:05
183,5.470314,N/A,N/A,4.60e-05,77098.63,3014656,N/A,2025-06-07 17:52:05
184,5.695358,N/A,N/A,4.63e-05,76657.49,3031040,N/A,2025-06-07 17:52:05
185,6.056109,N/A,N/A,4.65e-05,76671.67,3047424,N/A,2025-06-07 17:52:05
186,6.226772,N/A,N/A,4.68e-05,76873.60,3063808,N/A,2025-06-07 17:52:06
187,6.528739,N/A,N/A,4.70e-05,77556.53,3080192,N/A,2025-06-07 17:52:06
188,7.898586,N/A,N/A,4.73e-05,77429.89,3096576,N/A,2025-06-07 17:52:06
189,5.840029,N/A,N/A,4.75e-05,78830.42,3112960,N/A,2025-06-07 17:52:06
190,5.864452,N/A,N/A,4.78e-05,77308.24,3129344,1.0000,2025-06-07 17:52:07
191,6.335274,N/A,N/A,4.80e-05,77272.32,3145728,N/A,2025-06-07 17:52:07
192,6.132555,N/A,N/A,4.83e-05,76790.44,3162112,N/A,2025-06-07 17:52:07
193,5.763540,N/A,N/A,4.85e-05,77282.12,3178496,N/A,2025-06-07 17:52:07
194,6.316657,N/A,N/A,4.87e-05,77208.55,3194880,N/A,2025-06-07 17:52:08
195,5.886056,N/A,N/A,4.90e-05,76852.59,3211264,N/A,2025-06-07 17:52:08
196,5.902078,N/A,N/A,4.93e-05,76780.53,3227648,N/A,2025-06-07 17:52:08
197,6.019900,N/A,N/A,4.95e-05,76975.26,3244032,N/A,2025-06-07 17:52:08
198,6.399656,N/A,N/A,4.98e-05,76983.16,3260416,N/A,2025-06-07 17:52:09
199,4.989169,N/A,N/A,5.00e-05,78438.55,3276800,N/A,2025-06-07 17:52:09
200,5.402932,N/A,N/A,5.00e-05,76871.73,3293184,1.0000,2025-06-07 17:52:09
201,6.062794,N/A,N/A,5.00e-05,76130.18,3309568,N/A,2025-06-07 17:52:09
202,5.254699,N/A,N/A,5.00e-05,75897.50,3325952,N/A,2025-06-07 17:52:10
203,6.589434,N/A,N/A,5.00e-05,75979.26,3342336,N/A,2025-06-07 17:52:10
204,5.753901,N/A,N/A,5.00e-05,76318.71,3358720,N/A,2025-06-07 17:52:10
205,5.561953,N/A,N/A,5.00e-05,76215.91,3375104,N/A,2025-06-07 17:52:10
206,4.214495,N/A,N/A,5.00e-05,76146.33,3391488,N/A,2025-06-07 17:52:10
207,5.062965,N/A,N/A,5.00e-05,76257.25,3407872,N/A,2025-06-07 17:52:11
208,5.248948,N/A,N/A,5.00e-05,76237.27,3424256,N/A,2025-06-07 17:52:11
209,4.471751,N/A,N/A,5.00e-05,77753.19,3440640,N/A,2025-06-07 17:52:11
210,5.371129,N/A,N/A,5.00e-05,77450.20,3457024,1.0000,2025-06-07 17:52:11
211,6.314383,N/A,N/A,5.00e-05,77598.75,3473408,N/A,2025-06-07 17:52:12
212,5.629598,N/A,N/A,5.00e-05,77523.37,3489792,N/A,2025-06-07 17:52:12
213,5.127094,N/A,N/A,5.00e-05,77900.36,3506176,N/A,2025-06-07 17:52:12
214,5.478131,N/A,N/A,5.00e-05,77753.93,3522560,N/A,2025-06-07 17:52:12
215,5.173750,N/A,N/A,5.00e-05,77559.08,3538944,N/A,2025-06-07 17:52:13
216,6.735583,N/A,N/A,5.00e-05,77538.95,3555328,N/A,2025-06-07 17:52:13
217,5.127504,N/A,N/A,5.00e-05,77627.89,3571712,N/A,2025-06-07 17:52:13
218,6.330534,N/A,N/A,5.00e-05,77029.81,3588096,N/A,2025-06-07 17:52:13
219,5.994348,N/A,N/A,5.00e-05,78111.42,3604480,N/A,2025-06-07 17:52:13
220,6.135830,N/A,N/A,5.00e-05,76576.54,3620864,1.0000,2025-06-07 17:52:14
221,6.671301,N/A,N/A,5.00e-05,76645.12,3637248,N/A,2025-06-07 17:52:14
222,5.893250,N/A,N/A,5.00e-05,76309.82,3653632,N/A,2025-06-07 17:52:14
223,5.837071,N/A,N/A,5.00e-05,76665.50,3670016,N/A,2025-06-07 17:52:14
224,5.403709,N/A,N/A,5.00e-05,76861.46,3686400,N/A,2025-06-07 17:52:15
225,5.662677,N/A,N/A,5.00e-05,76865.66,3702784,N/A,2025-06-07 17:52:15
226,5.804048,N/A,N/A,5.00e-05,75929.20,3719168,N/A,2025-06-07 17:52:15
227,5.678235,N/A,N/A,5.00e-05,76576.30,3735552,N/A,2025-06-07 17:52:15
228,4.931445,N/A,N/A,5.00e-05,77134.77,3751936,N/A,2025-06-07 17:52:16
229,6.101005,N/A,N/A,5.00e-05,78260.10,3768320,N/A,2025-06-07 17:52:16
230,5.491508,N/A,N/A,5.00e-05,76793.29,3784704,1.0000,2025-06-07 17:52:16
231,5.156061,N/A,N/A,5.00e-05,76728.75,3801088,N/A,2025-06-07 17:52:16
232,5.831879,N/A,N/A,5.00e-05,76212.07,3817472,N/A,2025-06-07 17:52:17
233,6.104158,N/A,N/A,5.00e-05,76553.15,3833856,N/A,2025-06-07 17:52:17
234,4.939852,N/A,N/A,5.00e-05,77123.99,3850240,N/A,2025-06-07 17:52:17
235,6.133952,N/A,N/A,5.00e-05,78158.73,3866624,N/A,2025-06-07 17:52:17
236,5.224883,N/A,N/A,5.00e-05,78318.63,3883008,N/A,2025-06-07 17:52:17
237,6.655971,N/A,N/A,5.00e-05,78239.46,3899392,N/A,2025-06-07 17:52:18
238,6.058511,N/A,N/A,5.00e-05,78743.07,3915776,N/A,2025-06-07 17:52:18
239,6.039959,N/A,N/A,5.00e-05,80236.37,3932160,N/A,2025-06-07 17:52:18
240,4.288019,N/A,N/A,5.00e-05,78807.73,3948544,0.9006,2025-06-07 17:52:18
241,5.643841,N/A,N/A,5.00e-05,79302.54,3964928,N/A,2025-06-07 17:52:19
242,6.015803,N/A,N/A,5.00e-05,79057.03,3981312,N/A,2025-06-07 17:52:19
243,5.079722,N/A,N/A,5.00e-05,77838.74,3997696,N/A,2025-06-07 17:52:19
244,4.872142,N/A,N/A,5.00e-05,77889.81,4014080,N/A,2025-06-07 17:52:19
245,5.151575,N/A,N/A,5.00e-05,77775.58,4030464,N/A,2025-06-07 17:52:20
246,5.190219,N/A,N/A,5.00e-05,77640.25,4046848,N/A,2025-06-07 17:52:20
247,6.055721,N/A,N/A,5.00e-05,77622.31,4063232,N/A,2025-06-07 17:52:20
248,4.858795,N/A,N/A,5.00e-05,77583.40,4079616,N/A,2025-06-07 17:52:20
249,6.184961,N/A,N/A,5.00e-05,78992.53,4096000,N/A,2025-06-07 17:52:21
250,5.755145,N/A,N/A,5.00e-05,77655.94,4112384,1.0000,2025-06-07 17:52:21
251,6.061459,N/A,N/A,5.00e-05,77620.51,4128768,N/A,2025-06-07 17:52:21
252,5.666312,N/A,N/A,5.00e-05,78202.46,4145152,N/A,2025-06-07 17:52:21
253,5.534128,N/A,N/A,5.00e-05,78021.38,4161536,N/A,2025-06-07 17:52:21
254,4.911151,N/A,N/A,5.00e-05,78205.34,4177920,N/A,2025-06-07 17:52:22
255,5.907889,N/A,N/A,5.00e-05,78236.72,4194304,N/A,2025-06-07 17:52:22
256,6.084154,N/A,N/A,5.00e-05,78035.19,4210688,N/A,2025-06-07 17:52:22
257,5.277678,N/A,N/A,5.00e-05,78089.52,4227072,N/A,2025-06-07 17:52:22
258,6.288011,N/A,N/A,5.00e-05,78219.23,4243456,N/A,2025-06-07 17:52:23
259,5.859049,N/A,N/A,5.00e-05,79599.84,4259840,N/A,2025-06-07 17:52:23
260,5.826164,N/A,N/A,5.00e-05,78012.45,4276224,1.0000,2025-06-07 17:52:23
261,4.760996,N/A,N/A,5.00e-05,78103.03,4292608,N/A,2025-06-07 17:52:23
262,5.626996,N/A,N/A,5.00e-05,78028.88,4308992,N/A,2025-06-07 17:52:24
263,6.014638,N/A,N/A,5.00e-05,77935.93,4325376,N/A,2025-06-07 17:52:24
264,4.777670,N/A,N/A,5.00e-05,78026.20,4341760,N/A,2025-06-07 17:52:24
265,5.248806,N/A,N/A,5.00e-05,78156.77,4358144,N/A,2025-06-07 17:52:24
266,5.835857,N/A,N/A,5.00e-05,78173.85,4374528,N/A,2025-06-07 17:52:24
267,6.883364,N/A,N/A,5.00e-05,77882.44,4390912,N/A,2025-06-07 17:52:25
268,4.978953,N/A,N/A,5.00e-05,77883.76,4407296,N/A,2025-06-07 17:52:25
269,6.290340,N/A,N/A,5.00e-05,78850.61,4423680,N/A,2025-06-07 17:52:25
270,5.293691,N/A,N/A,5.00e-05,77054.93,4440064,1.0000,2025-06-07 17:52:25
271,5.041109,N/A,N/A,5.00e-05,77370.14,4456448,N/A,2025-06-07 17:52:26
272,4.704786,N/A,N/A,5.00e-05,77355.66,4472832,N/A,2025-06-07 17:52:26
273,5.410677,N/A,N/A,5.00e-05,77439.39,4489216,N/A,2025-06-07 17:52:26
274,6.395229,N/A,N/A,5.00e-05,77505.26,4505600,N/A,2025-06-07 17:52:26
275,4.913084,N/A,N/A,5.00e-05,77566.17,4521984,N/A,2025-06-07 17:52:27
276,5.901009,N/A,N/A,5.00e-05,77830.03,4538368,N/A,2025-06-07 17:52:27
277,5.578787,N/A,N/A,5.00e-05,77301.91,4554752,N/A,2025-06-07 17:52:27
278,5.292377,N/A,N/A,5.00e-05,77827.99,4571136,N/A,2025-06-07 17:52:27
279,5.939965,N/A,N/A,5.00e-05,79467.63,4587520,N/A,2025-06-07 17:52:28
280,4.216786,N/A,N/A,5.00e-05,77759.24,4603904,1.0000,2025-06-07 17:52:28
281,5.438233,N/A,N/A,5.00e-05,77600.03,4620288,N/A,2025-06-07 17:52:28
282,5.749834,N/A,N/A,5.00e-05,77438.76,4636672,N/A,2025-06-07 17:52:28
283,6.105625,N/A,N/A,5.00e-05,77443.31,4653056,N/A,2025-06-07 17:52:28
284,4.745736,N/A,N/A,5.00e-05,77288.19,4669440,N/A,2025-06-07 17:52:29
285,6.139468,N/A,N/A,5.00e-05,77008.42,4685824,N/A,2025-06-07 17:52:29
286,6.605935,N/A,N/A,5.00e-05,76444.69,4702208,N/A,2025-06-07 17:52:29
287,5.673791,N/A,N/A,5.00e-05,75472.80,4718592,N/A,2025-06-07 17:52:29
288,4.793009,N/A,N/A,5.00e-05,75233.14,4734976,N/A,2025-06-07 17:52:30
289,5.720192,N/A,N/A,5.00e-05,76607.69,4751360,N/A,2025-06-07 17:52:30
290,6.244791,N/A,N/A,5.00e-05,74764.62,4767744,1.0000,2025-06-07 17:52:30
291,5.364193,N/A,N/A,5.00e-05,74834.45,4784128,N/A,2025-06-07 17:52:30
292,6.489934,N/A,N/A,5.00e-05,74809.79,4800512,N/A,2025-06-07 17:52:31
293,5.338802,N/A,N/A,5.00e-05,74798.66,4816896,N/A,2025-06-07 17:52:31
294,5.360682,N/A,N/A,5.00e-05,75012.11,4833280,N/A,2025-06-07 17:52:31
295,4.995836,N/A,N/A,5.00e-05,75995.80,4849664,N/A,2025-06-07 17:52:31
296,5.109324,N/A,N/A,5.00e-05,76797.65,4866048,N/A,2025-06-07 17:52:32
297,5.453798,N/A,N/A,5.00e-05,77122.68,4882432,N/A,2025-06-07 17:52:32
298,5.857252,N/A,N/A,5.00e-05,76990.83,4898816,N/A,2025-06-07 17:52:32
299,5.532639,N/A,N/A,5.00e-05,79104.17,4915200,N/A,2025-06-07 17:52:32
300,4.890603,N/A,N/A,5.00e-05,77416.27,4931584,0.6926,2025-06-07 17:52:33
301,5.576233,N/A,N/A,5.00e-05,76294.25,4947968,N/A,2025-06-07 17:52:33
302,5.018329,N/A,N/A,5.00e-05,76282.99,4964352,N/A,2025-06-07 17:52:33
303,5.622106,N/A,N/A,5.00e-05,76154.95,4980736,N/A,2025-06-07 17:52:33
304,5.732577,N/A,N/A,5.00e-05,76136.83,4997120,N/A,2025-06-07 17:52:33
305,5.891014,N/A,N/A,5.00e-05,76412.61,5013504,N/A,2025-06-07 17:52:34
306,6.667041,N/A,N/A,5.00e-05,76430.22,5029888,N/A,2025-06-07 17:52:34
307,5.777516,N/A,N/A,5.00e-05,76555.06,5046272,N/A,2025-06-07 17:52:34
308,5.846816,N/A,N/A,5.00e-05,76388.94,5062656,N/A,2025-06-07 17:52:34
309,6.044748,N/A,N/A,5.00e-05,77959.56,5079040,N/A,2025-06-07 17:52:35
310,6.012625,N/A,N/A,5.00e-05,77700.72,5095424,1.0000,2025-06-07 17:52:35
311,4.840715,N/A,N/A,5.00e-05,76941.70,5111808,N/A,2025-06-07 17:52:35
312,6.669590,N/A,N/A,5.00e-05,77453.19,5128192,N/A,2025-06-07 17:52:35
313,5.269224,N/A,N/A,5.00e-05,77496.18,5144576,N/A,2025-06-07 17:52:36
314,5.350553,N/A,N/A,5.00e-05,77387.69,5160960,N/A,2025-06-07 17:52:36
315,5.891671,N/A,N/A,5.00e-05,77417.47,5177344,N/A,2025-06-07 17:52:36
316,5.317873,N/A,N/A,5.00e-05,77381.60,5193728,N/A,2025-06-07 17:52:36
317,5.008105,N/A,N/A,5.00e-05,77601.37,5210112,N/A,2025-06-07 17:52:37
318,5.232557,N/A,N/A,5.00e-05,77644.72,5226496,N/A,2025-06-07 17:52:37
319,4.687422,N/A,N/A,5.00e-05,78936.11,5242880,N/A,2025-06-07 17:52:37
320,5.495660,N/A,N/A,5.00e-05,78299.03,5259264,1.0000,2025-06-07 17:52:37
321,5.823789,N/A,N/A,5.00e-05,77883.92,5275648,N/A,2025-06-07 17:52:37
322,6.069180,N/A,N/A,5.00e-05,77976.13,5292032,N/A,2025-06-07 17:52:38
323,5.842975,N/A,N/A,5.00e-05,78069.49,5308416,N/A,2025-06-07 17:52:38
324,4.628991,N/A,N/A,5.00e-05,78026.67,5324800,N/A,2025-06-07 17:52:38
325,4.883607,N/A,N/A,5.00e-05,78102.82,5341184,N/A,2025-06-07 17:52:38
326,4.858232,N/A,N/A,5.00e-05,78109.10,5357568,N/A,2025-06-07 17:52:39
327,5.420558,N/A,N/A,5.00e-05,78148.49,5373952,N/A,2025-06-07 17:52:39
328,5.221617,N/A,N/A,5.00e-05,77834.48,5390336,N/A,2025-06-07 17:52:39
329,6.176774,N/A,N/A,5.00e-05,79286.87,5406720,N/A,2025-06-07 17:52:39
330,6.130640,N/A,N/A,5.00e-05,77902.15,5423104,1.0000,2025-06-07 17:52:40
331,5.031599,N/A,N/A,5.00e-05,77820.67,5439488,N/A,2025-06-07 17:52:40
332,5.411922,N/A,N/A,5.00e-05,77862.84,5455872,N/A,2025-06-07 17:52:40
333,6.077586,N/A,N/A,5.00e-05,77153.84,5472256,N/A,2025-06-07 17:52:40
334,5.433230,N/A,N/A,5.00e-05,77163.22,5488640,N/A,2025-06-07 17:52:41
335,5.010577,N/A,N/A,5.00e-05,77000.14,5505024,N/A,2025-06-07 17:52:41
336,4.719435,N/A,N/A,5.00e-05,76740.81,5521408,N/A,2025-06-07 17:52:41
337,6.312767,N/A,N/A,5.00e-05,77197.65,5537792,N/A,2025-06-07 17:52:41
338,5.282154,N/A,N/A,5.00e-05,77214.89,5554176,N/A,2025-06-07 17:52:41
339,5.078064,N/A,N/A,5.00e-05,78605.09,5570560,N/A,2025-06-07 17:52:42
340,4.999446,N/A,N/A,5.00e-05,75699.61,5586944,1.0000,2025-06-07 17:52:42
341,5.968730,N/A,N/A,5.00e-05,75653.51,5603328,N/A,2025-06-07 17:52:42
342,5.669009,N/A,N/A,5.00e-05,76290.55,5619712,N/A,2025-06-07 17:52:42
343,5.334641,N/A,N/A,5.00e-05,76381.55,5636096,N/A,2025-06-07 17:52:43
344,5.737839,N/A,N/A,5.00e-05,76485.15,5652480,N/A,2025-06-07 17:52:43
345,5.157835,N/A,N/A,5.00e-05,76568.63,5668864,N/A,2025-06-07 17:52:43
346,4.793398,N/A,N/A,5.00e-05,76489.16,5685248,N/A,2025-06-07 17:52:43
347,6.323974,N/A,N/A,5.00e-05,76497.58,5701632,N/A,2025-06-07 17:52:44
348,4.248893,N/A,N/A,5.00e-05,76485.34,5718016,N/A,2025-06-07 17:52:44
349,5.955920,N/A,N/A,5.00e-05,79310.39,5734400,N/A,2025-06-07 17:52:44
350,5.204672,N/A,N/A,5.00e-05,77876.31,5750784,0.6936,2025-06-07 17:52:44
351,5.729654,N/A,N/A,5.00e-05,77952.73,5767168,N/A,2025-06-07 17:52:45
352,5.301235,N/A,N/A,5.00e-05,77951.06,5783552,N/A,2025-06-07 17:52:45
353,5.271482,N/A,N/A,5.00e-05,77972.79,5799936,N/A,2025-06-07 17:52:45
354,6.137726,N/A,N/A,5.00e-05,78053.92,5816320,N/A,2025-06-07 17:52:45
355,5.469732,N/A,N/A,5.00e-05,77650.11,5832704,N/A,2025-06-07 17:52:45
356,5.898386,N/A,N/A,5.00e-05,77624.63,5849088,N/A,2025-06-07 17:52:46
357,5.780377,N/A,N/A,5.00e-05,77646.61,5865472,N/A,2025-06-07 17:52:46
358,6.033497,N/A,N/A,5.00e-05,77777.00,5881856,N/A,2025-06-07 17:52:46
359,4.757113,N/A,N/A,5.00e-05,79117.49,5898240,N/A,2025-06-07 17:52:46
360,4.495842,N/A,N/A,5.00e-05,77574.98,5914624,1.0000,2025-06-07 17:52:47
361,5.373161,N/A,N/A,5.00e-05,77411.66,5931008,N/A,2025-06-07 17:52:47
362,5.574997,N/A,N/A,5.00e-05,77269.01,5947392,N/A,2025-06-07 17:52:47
363,4.998856,N/A,N/A,5.00e-05,77307.43,5963776,N/A,2025-06-07 17:52:47
364,5.907638,N/A,N/A,5.00e-05,77794.41,5980160,N/A,2025-06-07 17:52:48
365,6.057106,N/A,N/A,5.00e-05,77914.12,5996544,N/A,2025-06-07 17:52:48
366,5.110195,N/A,N/A,5.00e-05,77455.48,6012928,N/A,2025-06-07 17:52:48
367,6.042762,N/A,N/A,5.00e-05,77511.51,6029312,N/A,2025-06-07 17:52:48
368,5.285587,N/A,N/A,5.00e-05,77479.02,6045696,N/A,2025-06-07 17:52:48
369,5.561866,N/A,N/A,5.00e-05,79012.33,6062080,N/A,2025-06-07 17:52:49
370,5.359824,N/A,N/A,5.00e-05,77693.21,6078464,0.7770,2025-06-07 17:52:49
371,6.091341,N/A,N/A,5.00e-05,77795.26,6094848,N/A,2025-06-07 17:52:49
372,5.393990,N/A,N/A,5.00e-05,77721.66,6111232,N/A,2025-06-07 17:52:49
373,5.643742,N/A,N/A,5.00e-05,77693.99,6127616,N/A,2025-06-07 17:52:50
374,6.436895,N/A,N/A,5.00e-05,77678.76,6144000,N/A,2025-06-07 17:52:50
375,5.181104,N/A,N/A,5.00e-05,78195.04,6160384,N/A,2025-06-07 17:52:50
376,6.690075,N/A,N/A,5.00e-05,77919.28,6176768,N/A,2025-06-07 17:52:50
377,5.027086,N/A,N/A,5.00e-05,78000.24,6193152,N/A,2025-06-07 17:52:51
378,4.931177,N/A,N/A,5.00e-05,77978.98,6209536,N/A,2025-06-07 17:52:51
379,4.942146,N/A,N/A,5.00e-05,79371.38,6225920,N/A,2025-06-07 17:52:51
380,5.781979,N/A,N/A,5.00e-05,77764.12,6242304,1.0000,2025-06-07 17:52:51
381,6.486814,N/A,N/A,5.00e-05,77772.13,6258688,N/A,2025-06-07 17:52:52
382,6.615933,N/A,N/A,5.00e-05,77397.49,6275072,N/A,2025-06-07 17:52:52
383,5.071536,N/A,N/A,5.00e-05,77343.03,6291456,N/A,2025-06-07 17:52:52
384,5.813098,N/A,N/A,5.00e-05,77311.47,6307840,N/A,2025-06-07 17:52:52
385,4.978650,N/A,N/A,5.00e-05,77641.52,6324224,N/A,2025-06-07 17:52:52
386,5.364867,N/A,N/A,5.00e-05,77748.97,6340608,N/A,2025-06-07 17:52:53
387,6.381412,N/A,N/A,5.00e-05,77805.41,6356992,N/A,2025-06-07 17:52:53
388,5.094049,N/A,N/A,5.00e-05,77929.03,6373376,N/A,2025-06-07 17:52:53
389,4.775198,N/A,N/A,5.00e-05,79454.60,6389760,N/A,2025-06-07 17:52:53
390,5.180880,N/A,N/A,5.00e-05,77673.36,6406144,1.0000,2025-06-07 17:52:54
391,5.857782,N/A,N/A,5.00e-05,78055.07,6422528,N/A,2025-06-07 17:52:54
392,5.287780,N/A,N/A,5.00e-05,77990.07,6438912,N/A,2025-06-07 17:52:54
393,4.762765,N/A,N/A,5.00e-05,78057.47,6455296,N/A,2025-06-07 17:52:54
394,6.648802,N/A,N/A,5.00e-05,77861.39,6471680,N/A,2025-06-07 17:52:55
395,5.196586,N/A,N/A,5.00e-05,77734.82,6488064,N/A,2025-06-07 17:52:55
396,4.828725,N/A,N/A,5.00e-05,76596.12,6504448,N/A,2025-06-07 17:52:55
397,6.003325,N/A,N/A,5.00e-05,76523.83,6520832,N/A,2025-06-07 17:52:55
398,5.744939,N/A,N/A,5.00e-05,76583.84,6537216,N/A,2025-06-07 17:52:56
399,4.124417,N/A,N/A,5.00e-05,78370.12,6553600,N/A,2025-06-07 17:52:56
400,5.496591,N/A,N/A,5.00e-05,76789.27,6569984,0.9924,2025-06-07 17:52:56
401,5.167143,N/A,N/A,5.00e-05,75826.17,6586368,N/A,2025-06-07 17:52:56
402,4.942459,N/A,N/A,5.00e-05,75007.41,6602752,N/A,2025-06-07 17:52:57
403,5.705552,N/A,N/A,5.00e-05,75148.23,6619136,N/A,2025-06-07 17:52:57
404,5.004288,N/A,N/A,5.00e-05,75168.64,6635520,N/A,2025-06-07 17:52:57
405,5.770536,N/A,N/A,5.00e-05,76299.52,6651904,N/A,2025-06-07 17:52:57
406,5.511171,N/A,N/A,5.00e-05,76242.82,6668288,N/A,2025-06-07 17:52:57
407,5.543309,N/A,N/A,5.00e-05,76254.31,6684672,N/A,2025-06-07 17:52:58
408,5.456885,N/A,N/A,5.00e-05,76304.04,6701056,N/A,2025-06-07 17:52:58
409,4.319527,N/A,N/A,5.00e-05,77774.35,6717440,N/A,2025-06-07 17:52:58
410,4.749219,N/A,N/A,5.00e-05,76957.09,6733824,1.0000,2025-06-07 17:52:58
411,5.951962,N/A,N/A,5.00e-05,77580.82,6750208,N/A,2025-06-07 17:52:59
412,6.058143,N/A,N/A,5.00e-05,77460.71,6766592,N/A,2025-06-07 17:52:59
413,5.171639,N/A,N/A,5.00e-05,77059.32,6782976,N/A,2025-06-07 17:52:59
414,5.054497,N/A,N/A,5.00e-05,76829.97,6799360,N/A,2025-06-07 17:52:59
415,4.833937,N/A,N/A,5.00e-05,76532.18,6815744,N/A,2025-06-07 17:53:00
416,5.113984,N/A,N/A,5.00e-05,76482.90,6832128,N/A,2025-06-07 17:53:00
417,4.408931,N/A,N/A,5.00e-05,76487.85,6848512,N/A,2025-06-07 17:53:00
418,5.998784,N/A,N/A,5.00e-05,76516.46,6864896,N/A,2025-06-07 17:53:00
419,5.347758,N/A,N/A,5.00e-05,76957.39,6881280,N/A,2025-06-07 17:53:01
420,4.665839,N/A,N/A,5.00e-05,75806.81,6897664,1.0000,2025-06-07 17:53:01
421,4.288119,N/A,N/A,5.00e-05,75978.39,6914048,N/A,2025-06-07 17:53:01
422,5.149757,N/A,N/A,5.00e-05,76415.93,6930432,N/A,2025-06-07 17:53:01
423,5.080788,N/A,N/A,5.00e-05,76659.47,6946816,N/A,2025-06-07 17:53:01
424,5.494620,N/A,N/A,5.00e-05,76967.08,6963200,N/A,2025-06-07 17:53:02
425,4.760950,N/A,N/A,5.00e-05,76757.98,6979584,N/A,2025-06-07 17:53:02
426,5.425557,N/A,N/A,5.00e-05,76719.86,6995968,N/A,2025-06-07 17:53:02
427,5.320106,N/A,N/A,5.00e-05,76762.39,7012352,N/A,2025-06-07 17:53:02
428,5.957458,N/A,N/A,5.00e-05,78233.44,7028736,N/A,2025-06-07 17:53:03
429,4.647162,N/A,N/A,5.00e-05,79579.90,7045120,N/A,2025-06-07 17:53:03
430,4.650469,N/A,N/A,5.00e-05,77949.71,7061504,1.0000,2025-06-07 17:53:03
431,4.207735,N/A,N/A,5.00e-05,77989.53,7077888,N/A,2025-06-07 17:53:03
432,5.954843,N/A,N/A,5.00e-05,77889.40,7094272,N/A,2025-06-07 17:53:04
433,6.203730,N/A,N/A,5.00e-05,77952.44,7110656,N/A,2025-06-07 17:53:04
434,6.829549,N/A,N/A,5.00e-05,78058.98,7127040,N/A,2025-06-07 17:53:04
435,4.125157,N/A,N/A,5.00e-05,78114.25,7143424,N/A,2025-06-07 17:53:04
436,4.841291,N/A,N/A,5.00e-05,77927.90,7159808,N/A,2025-06-07 17:53:05
437,4.576839,N/A,N/A,5.00e-05,77892.68,7176192,N/A,2025-06-07 17:53:05
438,5.684479,N/A,N/A,5.00e-05,77914.61,7192576,N/A,2025-06-07 17:53:05
439,5.136780,N/A,N/A,5.00e-05,79379.28,7208960,N/A,2025-06-07 17:53:05
440,4.799732,N/A,N/A,5.00e-05,77694.48,7225344,1.0000,2025-06-07 17:53:05
441,6.140896,N/A,N/A,5.00e-05,77776.70,7241728,N/A,2025-06-07 17:53:06
442,4.796891,N/A,N/A,5.00e-05,77935.63,7258112,N/A,2025-06-07 17:53:06
443,5.959764,N/A,N/A,5.00e-05,78141.86,7274496,N/A,2025-06-07 17:53:06
444,3.778549,N/A,N/A,5.00e-05,78076.80,7290880,N/A,2025-06-07 17:53:06
445,4.958076,N/A,N/A,5.00e-05,78359.01,7307264,N/A,2025-06-07 17:53:07
446,5.173628,N/A,N/A,5.00e-05,78297.19,7323648,N/A,2025-06-07 17:53:07
447,4.483341,N/A,N/A,5.00e-05,77678.05,7340032,N/A,2025-06-07 17:53:07
448,5.409318,N/A,N/A,5.00e-05,77675.05,7356416,N/A,2025-06-07 17:53:07
449,5.488240,N/A,N/A,5.00e-05,78956.18,7372800,N/A,2025-06-07 17:53:08
450,5.772728,N/A,N/A,5.00e-05,77348.27,7389184,1.0000,2025-06-07 17:53:08
451,5.758769,N/A,N/A,5.00e-05,77229.83,7405568,N/A,2025-06-07 17:53:08
452,4.896777,N/A,N/A,5.00e-05,76904.60,7421952,N/A,2025-06-07 17:53:08
453,4.455836,N/A,N/A,5.00e-05,77005.09,7438336,N/A,2025-06-07 17:53:09
454,5.179352,N/A,N/A,5.00e-05,76961.96,7454720,N/A,2025-06-07 17:53:09
455,4.882045,N/A,N/A,5.00e-05,77131.27,7471104,N/A,2025-06-07 17:53:09
456,6.004249,N/A,N/A,5.00e-05,77874.08,7487488,N/A,2025-06-07 17:53:09
457,5.679793,N/A,N/A,5.00e-05,78067.23,7503872,N/A,2025-06-07 17:53:09
458,5.586972,N/A,N/A,5.00e-05,78502.85,7520256,N/A,2025-06-07 17:53:10
459,4.644491,N/A,N/A,5.00e-05,80157.58,7536640,N/A,2025-06-07 17:53:10
460,5.231521,N/A,N/A,5.00e-05,78689.42,7553024,1.0000,2025-06-07 17:53:10
461,4.942265,N/A,N/A,5.00e-05,78907.45,7569408,N/A,2025-06-07 17:53:10
462,3.214258,N/A,N/A,5.00e-05,78175.12,7585792,N/A,2025-06-07 17:53:11
463,5.782199,N/A,N/A,5.00e-05,78260.99,7602176,N/A,2025-06-07 17:53:11
464,4.878558,N/A,N/A,5.00e-05,78290.76,7618560,N/A,2025-06-07 17:53:11
465,5.582378,N/A,N/A,5.00e-05,78111.76,7634944,N/A,2025-06-07 17:53:11
466,4.025158,N/A,N/A,5.00e-05,78008.44,7651328,N/A,2025-06-07 17:53:12
467,5.266313,N/A,N/A,5.00e-05,77857.08,7667712,N/A,2025-06-07 17:53:12
468,4.879417,N/A,N/A,5.00e-05,77353.91,7684096,N/A,2025-06-07 17:53:12
469,5.240324,N/A,N/A,5.00e-05,78634.55,7700480,N/A,2025-06-07 17:53:12
470,5.326015,N/A,N/A,5.00e-05,77199.65,7716864,1.0000,2025-06-07 17:53:12
471,4.873286,N/A,N/A,5.00e-05,77596.10,7733248,N/A,2025-06-07 17:53:13
472,5.329590,N/A,N/A,5.00e-05,77389.40,7749632,N/A,2025-06-07 17:53:13
473,4.621632,N/A,N/A,5.00e-05,77273.13,7766016,N/A,2025-06-07 17:53:13
474,5.049108,N/A,N/A,5.00e-05,77388.38,7782400,N/A,2025-06-07 17:53:13
475,4.780212,N/A,N/A,5.00e-05,77383.59,7798784,N/A,2025-06-07 17:53:14
476,4.501915,N/A,N/A,5.00e-05,76601.45,7815168,N/A,2025-06-07 17:53:14
477,4.847920,N/A,N/A,5.00e-05,77044.06,7831552,N/A,2025-06-07 17:53:14
478,5.811931,N/A,N/A,5.00e-05,77152.77,7847936,N/A,2025-06-07 17:53:14
479,4.948850,N/A,N/A,5.00e-05,78504.44,7864320,N/A,2025-06-07 17:53:15
480,3.888395,N/A,N/A,5.00e-05,76703.16,7880704,0.9197,2025-06-07 17:53:15
481,4.724665,N/A,N/A,5.00e-05,76421.10,7897088,N/A,2025-06-07 17:53:15
482,5.549545,N/A,N/A,5.00e-05,75169.22,7913472,N/A,2025-06-07 17:53:15
483,4.382231,N/A,N/A,5.00e-05,75145.04,7929856,N/A,2025-06-07 17:53:16
484,4.974063,N/A,N/A,5.00e-05,74138.68,7946240,N/A,2025-06-07 17:53:16
485,5.169032,N/A,N/A,5.00e-05,74807.86,7962624,N/A,2025-06-07 17:53:16
486,4.811264,N/A,N/A,5.00e-05,74725.78,7979008,N/A,2025-06-07 17:53:16
487,4.787997,N/A,N/A,5.00e-05,74767.58,7995392,N/A,2025-06-07 17:53:17
488,5.365745,N/A,N/A,5.00e-05,74835.85,8011776,N/A,2025-06-07 17:53:17
489,5.424281,N/A,N/A,5.00e-05,76538.22,8028160,N/A,2025-06-07 17:53:17
490,4.892885,N/A,N/A,5.00e-05,75251.19,8044544,0.9397,2025-06-07 17:53:17
491,6.474130,N/A,N/A,5.00e-05,76413.83,8060928,N/A,2025-06-07 17:53:17
492,5.264043,N/A,N/A,5.00e-05,76331.37,8077312,N/A,2025-06-07 17:53:18
493,5.149966,N/A,N/A,5.00e-05,76965.21,8093696,N/A,2025-06-07 17:53:18
494,3.414820,N/A,N/A,5.00e-05,77007.98,8110080,N/A,2025-06-07 17:53:18
495,4.684703,N/A,N/A,5.00e-05,77052.63,8126464,N/A,2025-06-07 17:53:18
496,5.321665,N/A,N/A,5.00e-05,76908.76,8142848,N/A,2025-06-07 17:53:19
497,6.036875,N/A,N/A,5.00e-05,77052.66,8159232,N/A,2025-06-07 17:53:19
498,4.568148,N/A,N/A,5.00e-05,77230.24,8175616,N/A,2025-06-07 17:53:19
499,4.203462,N/A,N/A,5.00e-05,78792.73,8192000,N/A,2025-06-07 17:53:19
500,4.538617,N/A,N/A,5.00e-05,76867.05,8208384,0.8896,2025-06-07 17:53:20
501,5.928645,N/A,N/A,5.00e-05,75575.78,8224768,N/A,2025-06-07 17:53:20
502,5.754098,N/A,N/A,5.00e-05,75676.33,8241152,N/A,2025-06-07 17:53:20
503,5.201571,N/A,N/A,5.00e-05,75606.50,8257536,N/A,2025-06-07 17:53:20
504,5.172189,N/A,N/A,5.00e-05,75606.25,8273920,N/A,2025-06-07 17:53:21
505,3.710775,N/A,N/A,5.00e-05,75715.14,8290304,N/A,2025-06-07 17:53:21
506,4.364319,N/A,N/A,5.00e-05,75650.30,8306688,N/A,2025-06-07 17:53:21
507,5.061282,N/A,N/A,5.00e-05,75582.89,8323072,N/A,2025-06-07 17:53:21
508,5.230186,N/A,N/A,5.00e-05,75778.77,8339456,N/A,2025-06-07 17:53:22
509,6.499095,N/A,N/A,5.00e-05,77600.65,8355840,N/A,2025-06-07 17:53:22
510,4.588073,N/A,N/A,5.00e-05,77245.69,8372224,0.8771,2025-06-07 17:53:22
511,5.855522,N/A,N/A,5.00e-05,77421.46,8388608,N/A,2025-06-07 17:53:22
512,3.784451,N/A,N/A,5.00e-05,77433.34,8404992,N/A,2025-06-07 17:53:22
513,5.288429,N/A,N/A,5.00e-05,77363.59,8421376,N/A,2025-06-07 17:53:23
514,5.123516,N/A,N/A,5.00e-05,76611.39,8437760,N/A,2025-06-07 17:53:23
515,4.841203,N/A,N/A,5.00e-05,77140.99,8454144,N/A,2025-06-07 17:53:23
516,4.927360,N/A,N/A,5.00e-05,77353.48,8470528,N/A,2025-06-07 17:53:23
517,5.323390,N/A,N/A,5.00e-05,77288.67,8486912,N/A,2025-06-07 17:53:24
518,4.648188,N/A,N/A,5.00e-05,77524.82,8503296,N/A,2025-06-07 17:53:24
519,4.117904,N/A,N/A,5.00e-05,79189.65,8519680,N/A,2025-06-07 17:53:24
520,4.345118,N/A,N/A,5.00e-05,77617.94,8536064,1.0000,2025-06-07 17:53:24
521,5.213078,N/A,N/A,5.00e-05,77078.15,8552448,N/A,2025-06-07 17:53:25
522,6.452861,N/A,N/A,5.00e-05,76513.40,8568832,N/A,2025-06-07 17:53:25
523,6.134987,N/A,N/A,5.00e-05,77312.91,8585216,N/A,2025-06-07 17:53:25
524,5.812681,N/A,N/A,5.00e-05,76778.55,8601600,N/A,2025-06-07 17:53:25
525,5.719609,N/A,N/A,5.00e-05,76628.10,8617984,N/A,2025-06-07 17:53:26
526,4.631749,N/A,N/A,5.00e-05,76423.87,8634368,N/A,2025-06-07 17:53:26
527,5.500443,N/A,N/A,5.00e-05,76445.25,8650752,N/A,2025-06-07 17:53:26
528,5.300985,N/A,N/A,5.00e-05,76672.95,8667136,N/A,2025-06-07 17:53:26
529,5.944183,N/A,N/A,5.00e-05,78246.80,8683520,N/A,2025-06-07 17:53:26
530,5.209718,N/A,N/A,5.00e-05,77606.32,8699904,0.7794,2025-06-07 17:53:27
531,4.926802,N/A,N/A,5.00e-05,78323.88,8716288,N/A,2025-06-07 17:53:27
532,4.563645,N/A,N/A,5.00e-05,78244.56,8732672,N/A,2025-06-07 17:53:27
533,5.042085,N/A,N/A,5.00e-05,78256.34,8749056,N/A,2025-06-07 17:53:27
534,4.914198,N/A,N/A,5.00e-05,78315.21,8765440,N/A,2025-06-07 17:53:28
535,5.347409,N/A,N/A,5.00e-05,78587.48,8781824,N/A,2025-06-07 17:53:28
536,5.178924,N/A,N/A,5.00e-05,78222.89,8798208,N/A,2025-06-07 17:53:28
537,4.966097,N/A,N/A,5.00e-05,78176.79,8814592,N/A,2025-06-07 17:53:28
538,4.879515,N/A,N/A,5.00e-05,77992.87,8830976,N/A,2025-06-07 17:53:29
539,4.765897,N/A,N/A,5.00e-05,78979.51,8847360,N/A,2025-06-07 17:53:29
540,4.953917,N/A,N/A,5.00e-05,77619.61,8863744,0.8614,2025-06-07 17:53:29
541,5.192932,N/A,N/A,5.00e-05,76591.98,8880128,N/A,2025-06-07 17:53:29
542,5.195098,N/A,N/A,5.00e-05,76233.31,8896512,N/A,2025-06-07 17:53:30
543,4.369953,N/A,N/A,5.00e-05,76236.85,8912896,N/A,2025-06-07 17:53:30
544,5.625914,N/A,N/A,5.00e-05,76159.83,8929280,N/A,2025-06-07 17:53:30
545,4.473543,N/A,N/A,5.00e-05,76412.40,8945664,N/A,2025-06-07 17:53:30
546,3.870507,N/A,N/A,5.00e-05,76175.50,8962048,N/A,2025-06-07 17:53:30
547,6.769319,N/A,N/A,5.00e-05,76386.58,8978432,N/A,2025-06-07 17:53:31
548,4.799569,N/A,N/A,5.00e-05,76011.26,8994816,N/A,2025-06-07 17:53:31
549,5.082844,N/A,N/A,5.00e-05,77136.51,9011200,N/A,2025-06-07 17:53:31
550,5.198993,N/A,N/A,5.00e-05,76820.58,9027584,0.7045,2025-06-07 17:53:31
551,4.994224,N/A,N/A,5.00e-05,77235.95,9043968,N/A,2025-06-07 17:53:32
552,5.258608,N/A,N/A,5.00e-05,77182.82,9060352,N/A,2025-06-07 17:53:32
553,5.223808,N/A,N/A,5.00e-05,77299.77,9076736,N/A,2025-06-07 17:53:32
554,4.474229,N/A,N/A,5.00e-05,77274.94,9093120,N/A,2025-06-07 17:53:32
555,4.652524,N/A,N/A,5.00e-05,77518.68,9109504,N/A,2025-06-07 17:53:33
556,5.842452,N/A,N/A,5.00e-05,77419.65,9125888,N/A,2025-06-07 17:53:33
557,5.940509,N/A,N/A,5.00e-05,77639.82,9142272,N/A,2025-06-07 17:53:33
558,5.491589,N/A,N/A,5.00e-05,77754.14,9158656,N/A,2025-06-07 17:53:33
559,4.946322,N/A,N/A,5.00e-05,79019.01,9175040,N/A,2025-06-07 17:53:34
560,5.319370,N/A,N/A,5.00e-05,77334.99,9191424,1.0000,2025-06-07 17:53:34
561,4.913655,N/A,N/A,5.00e-05,77475.80,9207808,N/A,2025-06-07 17:53:34
562,4.957882,N/A,N/A,5.00e-05,77193.28,9224192,N/A,2025-06-07 17:53:34
563,5.490640,N/A,N/A,5.00e-05,76955.69,9240576,N/A,2025-06-07 17:53:34
564,5.230820,N/A,N/A,5.00e-05,76819.25,9256960,N/A,2025-06-07 17:53:35
565,5.725627,N/A,N/A,5.00e-05,76031.14,9273344,N/A,2025-06-07 17:53:35
566,5.015632,N/A,N/A,5.00e-05,76451.29,9289728,N/A,2025-06-07 17:53:35
567,4.328457,N/A,N/A,5.00e-05,75386.21,9306112,N/A,2025-06-07 17:53:35
568,5.532995,N/A,N/A,5.00e-05,75538.47,9322496,N/A,2025-06-07 17:53:36
569,4.932760,N/A,N/A,5.00e-05,76931.91,9338880,N/A,2025-06-07 17:53:36
570,4.463357,N/A,N/A,5.00e-05,75531.02,9355264,0.7168,2025-06-07 17:53:36
571,3.944968,N/A,N/A,5.00e-05,75819.27,9371648,N/A,2025-06-07 17:53:36
572,4.719279,N/A,N/A,5.00e-05,76049.19,9388032,N/A,2025-06-07 17:53:37
573,4.818398,N/A,N/A,5.00e-05,76137.44,9404416,N/A,2025-06-07 17:53:37
574,5.226905,N/A,N/A,5.00e-05,76791.03,9420800,N/A,2025-06-07 17:53:37
575,4.386944,N/A,N/A,5.00e-05,76914.43,9437184,N/A,2025-06-07 17:53:37
576,5.685923,N/A,N/A,5.00e-05,78109.80,9453568,N/A,2025-06-07 17:53:38
577,5.526811,N/A,N/A,5.00e-05,78195.71,9469952,N/A,2025-06-07 17:53:38
578,4.501654,N/A,N/A,5.00e-05,78398.60,9486336,N/A,2025-06-07 17:53:38
579,5.318345,N/A,N/A,5.00e-05,79883.57,9502720,N/A,2025-06-07 17:53:38
580,3.503277,N/A,N/A,5.00e-05,78275.44,9519104,0.7755,2025-06-07 17:53:39
581,5.800105,N/A,N/A,5.00e-05,78244.92,9535488,N/A,2025-06-07 17:53:39
582,4.715628,N/A,N/A,5.00e-05,78234.45,9551872,N/A,2025-06-07 17:53:39
583,5.348222,N/A,N/A,5.00e-05,78153.19,9568256,N/A,2025-06-07 17:53:39
584,5.551378,N/A,N/A,5.00e-05,76943.30,9584640,N/A,2025-06-07 17:53:39
585,3.996912,N/A,N/A,5.00e-05,76637.96,9601024,N/A,2025-06-07 17:53:40
586,4.953805,N/A,N/A,5.00e-05,76510.75,9617408,N/A,2025-06-07 17:53:40
587,4.878822,N/A,N/A,5.00e-05,76641.95,9633792,N/A,2025-06-07 17:53:40
588,3.322560,N/A,N/A,5.00e-05,76552.19,9650176,N/A,2025-06-07 17:53:40
589,5.007494,N/A,N/A,5.00e-05,78000.17,9666560,N/A,2025-06-07 17:53:41
590,5.157696,N/A,N/A,5.00e-05,76572.58,9682944,0.6184,2025-06-07 17:53:41
591,5.085473,N/A,N/A,5.00e-05,76392.31,9699328,N/A,2025-06-07 17:53:41
592,4.863713,N/A,N/A,5.00e-05,76709.02,9715712,N/A,2025-06-07 17:53:41
593,5.426967,N/A,N/A,5.00e-05,77313.02,9732096,N/A,2025-06-07 17:53:42
594,5.266965,N/A,N/A,5.00e-05,77622.58,9748480,N/A,2025-06-07 17:53:42
595,4.101629,N/A,N/A,5.00e-05,77543.72,9764864,N/A,2025-06-07 17:53:42
596,5.702899,N/A,N/A,5.00e-05,76958.54,9781248,N/A,2025-06-07 17:53:42
597,5.135863,N/A,N/A,5.00e-05,76976.58,9797632,N/A,2025-06-07 17:53:43
598,6.325175,N/A,N/A,5.00e-05,77019.60,9814016,N/A,2025-06-07 17:53:43
599,5.443841,N/A,N/A,5.00e-05,78363.21,9830400,N/A,2025-06-07 17:53:43
600,5.863188,N/A,N/A,5.00e-05,76863.25,9846784,0.7977,2025-06-07 17:53:43
601,5.416610,N/A,N/A,5.00e-05,75705.50,9863168,N/A,2025-06-07 17:53:44
602,5.602986,N/A,N/A,5.00e-05,76214.49,9879552,N/A,2025-06-07 17:53:44
603,6.251506,N/A,N/A,5.00e-05,76175.39,9895936,N/A,2025-06-07 17:53:44
604,4.336615,N/A,N/A,5.00e-05,76244.10,9912320,N/A,2025-06-07 17:53:44
605,5.303177,N/A,N/A,5.00e-05,76678.20,9928704,N/A,2025-06-07 17:53:44
606,5.736061,N/A,N/A,5.00e-05,76650.32,9945088,N/A,2025-06-07 17:53:45
607,4.505149,N/A,N/A,5.00e-05,76618.64,9961472,N/A,2025-06-07 17:53:45
608,6.158979,N/A,N/A,5.00e-05,76187.38,9977856,N/A,2025-06-07 17:53:45
609,4.953560,N/A,N/A,5.00e-05,77579.18,9994240,N/A,2025-06-07 17:53:45
610,5.624651,N/A,N/A,5.00e-05,77217.04,10010624,0.6379,2025-06-07 17:53:46
611,4.992085,N/A,N/A,5.00e-05,76831.92,10027008,N/A,2025-06-07 17:53:46
612,5.643703,N/A,N/A,5.00e-05,76875.50,10043392,N/A,2025-06-07 17:53:46
613,4.851581,N/A,N/A,5.00e-05,76842.36,10059776,N/A,2025-06-07 17:53:46
614,5.229944,N/A,N/A,5.00e-05,76842.79,10076160,N/A,2025-06-07 17:53:47
615,6.142034,N/A,N/A,5.00e-05,76934.75,10092544,N/A,2025-06-07 17:53:47
616,5.163663,N/A,N/A,5.00e-05,76891.33,10108928,N/A,2025-06-07 17:53:47
617,5.886236,N/A,N/A,5.00e-05,77414.59,10125312,N/A,2025-06-07 17:53:47
618,4.287093,N/A,N/A,5.00e-05,77552.21,10141696,N/A,2025-06-07 17:53:47
619,3.985311,N/A,N/A,5.00e-05,79191.53,10158080,N/A,2025-06-07 17:53:48
620,4.855692,N/A,N/A,5.00e-05,78123.81,10174464,0.9661,2025-06-07 17:53:48
621,5.342944,N/A,N/A,5.00e-05,77854.84,10190848,N/A,2025-06-07 17:53:48
622,4.284287,N/A,N/A,5.00e-05,77822.11,10207232,N/A,2025-06-07 17:53:48
623,5.085091,N/A,N/A,5.00e-05,77831.34,10223616,N/A,2025-06-07 17:53:49
624,4.023540,N/A,N/A,5.00e-05,77857.56,10240000,N/A,2025-06-07 17:53:49
625,5.831879,N/A,N/A,5.00e-05,77519.35,10256384,N/A,2025-06-07 17:53:49
626,4.694560,N/A,N/A,5.00e-05,77636.72,10272768,N/A,2025-06-07 17:53:49
627,5.281141,N/A,N/A,5.00e-05,77628.39,10289152,N/A,2025-06-07 17:53:50
628,4.957542,N/A,N/A,5.00e-05,77624.94,10305536,N/A,2025-06-07 17:53:50
629,4.823323,N/A,N/A,5.00e-05,78848.05,10321920,N/A,2025-06-07 17:53:50
630,4.839834,N/A,N/A,5.00e-05,77261.82,10338304,0.6685,2025-06-07 17:53:50
631,4.528553,N/A,N/A,5.00e-05,77378.98,10354688,N/A,2025-06-07 17:53:51
632,6.041233,N/A,N/A,5.00e-05,77225.28,10371072,N/A,2025-06-07 17:53:51
633,5.961999,N/A,N/A,5.00e-05,77167.75,10387456,N/A,2025-06-07 17:53:51
634,5.785746,N/A,N/A,5.00e-05,77551.91,10403840,N/A,2025-06-07 17:53:51
635,4.384759,N/A,N/A,5.00e-05,77594.54,10420224,N/A,2025-06-07 17:53:51
636,4.050110,N/A,N/A,5.00e-05,77745.53,10436608,N/A,2025-06-07 17:53:52
637,5.383206,N/A,N/A,5.00e-05,77295.10,10452992,N/A,2025-06-07 17:53:52
638,4.901174,N/A,N/A,5.00e-05,77468.21,10469376,N/A,2025-06-07 17:53:52
639,4.875134,N/A,N/A,5.00e-05,79198.42,10485760,N/A,2025-06-07 17:53:52
640,4.845287,N/A,N/A,5.00e-05,77673.38,10502144,0.7584,2025-06-07 17:53:53
641,5.590449,N/A,N/A,5.00e-05,77821.08,10518528,N/A,2025-06-07 17:53:53
642,4.900221,N/A,N/A,5.00e-05,77721.23,10534912,N/A,2025-06-07 17:53:53
643,4.184396,N/A,N/A,5.00e-05,77561.05,10551296,N/A,2025-06-07 17:53:53
644,5.867146,N/A,N/A,5.00e-05,77385.74,10567680,N/A,2025-06-07 17:53:54
645,6.135202,N/A,N/A,5.00e-05,77341.39,10584064,N/A,2025-06-07 17:53:54
646,5.386953,N/A,N/A,5.00e-05,77821.58,10600448,N/A,2025-06-07 17:53:54
647,4.950405,N/A,N/A,5.00e-05,77739.53,10616832,N/A,2025-06-07 17:53:54
648,5.161269,N/A,N/A,5.00e-05,77829.22,10633216,N/A,2025-06-07 17:53:54
649,5.076001,N/A,N/A,5.00e-05,79126.99,10649600,N/A,2025-06-07 17:53:55
650,4.914316,N/A,N/A,5.00e-05,77641.28,10665984,0.8587,2025-06-07 17:53:55
651,5.982063,N/A,N/A,5.00e-05,77221.64,10682368,N/A,2025-06-07 17:53:55
652,4.221803,N/A,N/A,5.00e-05,77332.13,10698752,N/A,2025-06-07 17:53:55
653,4.302942,N/A,N/A,5.00e-05,77478.73,10715136,N/A,2025-06-07 17:53:56
654,5.671318,N/A,N/A,5.00e-05,77352.09,10731520,N/A,2025-06-07 17:53:56
655,4.833827,N/A,N/A,5.00e-05,77293.12,10747904,N/A,2025-06-07 17:53:56
656,4.536631,N/A,N/A,5.00e-05,77320.15,10764288,N/A,2025-06-07 17:53:56
657,4.499327,N/A,N/A,5.00e-05,77213.30,10780672,N/A,2025-06-07 17:53:57
658,5.024845,N/A,N/A,5.00e-05,77456.60,10797056,N/A,2025-06-07 17:53:57
659,5.013132,N/A,N/A,5.00e-05,78748.58,10813440,N/A,2025-06-07 17:53:57
660,6.128972,N/A,N/A,5.00e-05,77862.66,10829824,0.6575,2025-06-07 17:53:57
661,5.344044,N/A,N/A,5.00e-05,77866.76,10846208,N/A,2025-06-07 17:53:58
662,5.353273,N/A,N/A,5.00e-05,77814.49,10862592,N/A,2025-06-07 17:53:58
663,6.428621,N/A,N/A,5.00e-05,77851.13,10878976,N/A,2025-06-07 17:53:58
664,6.058469,N/A,N/A,5.00e-05,77951.53,10895360,N/A,2025-06-07 17:53:58
665,4.792981,N/A,N/A,5.00e-05,77993.44,10911744,N/A,2025-06-07 17:53:58
666,4.736828,N/A,N/A,5.00e-05,78042.46,10928128,N/A,2025-06-07 17:53:59
667,5.019469,N/A,N/A,5.00e-05,77216.47,10944512,N/A,2025-06-07 17:53:59
668,5.349630,N/A,N/A,5.00e-05,77407.72,10960896,N/A,2025-06-07 17:53:59
669,5.116324,N/A,N/A,5.00e-05,78720.61,10977280,N/A,2025-06-07 17:53:59
670,4.052400,N/A,N/A,5.00e-05,77307.18,10993664,0.6386,2025-06-07 17:54:00
671,6.068727,N/A,N/A,5.00e-05,77329.57,11010048,N/A,2025-06-07 17:54:00
672,6.663697,N/A,N/A,5.00e-05,77395.59,11026432,N/A,2025-06-07 17:54:00
673,5.709223,N/A,N/A,5.00e-05,77302.67,11042816,N/A,2025-06-07 17:54:00
674,6.045911,N/A,N/A,5.00e-05,77420.37,11059200,N/A,2025-06-07 17:54:01
675,5.836310,N/A,N/A,5.00e-05,77390.42,11075584,N/A,2025-06-07 17:54:01
676,4.900094,N/A,N/A,5.00e-05,78211.36,11091968,N/A,2025-06-07 17:54:01
677,4.815862,N/A,N/A,5.00e-05,78080.42,11108352,N/A,2025-06-07 17:54:01
678,6.227035,N/A,N/A,5.00e-05,78164.05,11124736,N/A,2025-06-07 17:54:02
679,4.194172,N/A,N/A,5.00e-05,79359.79,11141120,N/A,2025-06-07 17:54:02
680,5.036109,N/A,N/A,5.00e-05,77459.90,11157504,0.8915,2025-06-07 17:54:02
681,4.619695,N/A,N/A,5.00e-05,76870.54,11173888,N/A,2025-06-07 17:54:02
682,4.703596,N/A,N/A,5.00e-05,76599.09,11190272,N/A,2025-06-07 17:54:03
683,4.864980,N/A,N/A,5.00e-05,76520.86,11206656,N/A,2025-06-07 17:54:03
684,5.410553,N/A,N/A,5.00e-05,76409.85,11223040,N/A,2025-06-07 17:54:03
685,5.360067,N/A,N/A,5.00e-05,76264.85,11239424,N/A,2025-06-07 17:54:03
686,5.856227,N/A,N/A,5.00e-05,76335.30,11255808,N/A,2025-06-07 17:54:03
687,4.808308,N/A,N/A,5.00e-05,76345.09,11272192,N/A,2025-06-07 17:54:04
688,4.652324,N/A,N/A,5.00e-05,76399.02,11288576,N/A,2025-06-07 17:54:04
689,5.228002,N/A,N/A,5.00e-05,78107.05,11304960,N/A,2025-06-07 17:54:04
690,4.603086,N/A,N/A,5.00e-05,77350.35,11321344,0.9005,2025-06-07 17:54:04
691,5.109736,N/A,N/A,5.00e-05,77815.61,11337728,N/A,2025-06-07 17:54:05
692,5.366487,N/A,N/A,5.00e-05,77809.21,11354112,N/A,2025-06-07 17:54:05
693,5.152410,N/A,N/A,5.00e-05,77986.03,11370496,N/A,2025-06-07 17:54:05
694,5.420749,N/A,N/A,5.00e-05,78037.34,11386880,N/A,2025-06-07 17:54:05
695,4.494091,N/A,N/A,5.00e-05,77924.89,11403264,N/A,2025-06-07 17:54:06
696,4.147239,N/A,N/A,5.00e-05,78003.08,11419648,N/A,2025-06-07 17:54:06
697,5.285727,N/A,N/A,5.00e-05,78143.59,11436032,N/A,2025-06-07 17:54:06
698,5.448368,N/A,N/A,5.00e-05,77785.52,11452416,N/A,2025-06-07 17:54:06
699,6.014540,N/A,N/A,5.00e-05,79058.18,11468800,N/A,2025-06-07 17:54:06
700,4.393539,N/A,N/A,5.00e-05,77438.35,11485184,1.0000,2025-06-07 17:54:07
701,5.372121,N/A,N/A,5.00e-05,76365.08,11501568,N/A,2025-06-07 17:54:07
702,4.848849,N/A,N/A,5.00e-05,76409.88,11517952,N/A,2025-06-07 17:54:07
703,5.057201,N/A,N/A,5.00e-05,76400.23,11534336,N/A,2025-06-07 17:54:07
704,4.715822,N/A,N/A,5.00e-05,76530.62,11550720,N/A,2025-06-07 17:54:08
705,4.785173,N/A,N/A,5.00e-05,76249.66,11567104,N/A,2025-06-07 17:54:08
706,4.776882,N/A,N/A,5.00e-05,76230.35,11583488,N/A,2025-06-07 17:54:08
707,4.496979,N/A,N/A,5.00e-05,76703.26,11599872,N/A,2025-06-07 17:54:08
708,4.961754,N/A,N/A,5.00e-05,76783.26,11616256,N/A,2025-06-07 17:54:09
709,5.460510,N/A,N/A,5.00e-05,78184.19,11632640,N/A,2025-06-07 17:54:09
710,5.570759,N/A,N/A,5.00e-05,77507.93,11649024,0.7844,2025-06-07 17:54:09
711,5.548134,N/A,N/A,5.00e-05,77383.90,11665408,N/A,2025-06-07 17:54:09
712,6.548104,N/A,N/A,5.00e-05,77522.00,11681792,N/A,2025-06-07 17:54:10
713,5.574759,N/A,N/A,5.00e-05,77382.55,11698176,N/A,2025-06-07 17:54:10
714,4.987239,N/A,N/A,5.00e-05,77505.07,11714560,N/A,2025-06-07 17:54:10
715,5.746464,N/A,N/A,5.00e-05,77423.97,11730944,N/A,2025-06-07 17:54:10
716,5.641047,N/A,N/A,5.00e-05,77315.76,11747328,N/A,2025-06-07 17:54:10
717,5.094994,N/A,N/A,5.00e-05,77362.13,11763712,N/A,2025-06-07 17:54:11
718,5.926436,N/A,N/A,5.00e-05,77278.45,11780096,N/A,2025-06-07 17:54:11
719,6.097509,N/A,N/A,5.00e-05,79056.82,11796480,N/A,2025-06-07 17:54:11
720,6.212048,N/A,N/A,5.00e-05,77838.01,11812864,0.7400,2025-06-07 17:54:11
721,4.809114,N/A,N/A,5.00e-05,77698.80,11829248,N/A,2025-06-07 17:54:12
722,6.273164,N/A,N/A,5.00e-05,77516.38,11845632,N/A,2025-06-07 17:54:12
723,4.723586,N/A,N/A,5.00e-05,77664.10,11862016,N/A,2025-06-07 17:54:12
724,5.217675,N/A,N/A,5.00e-05,77254.47,11878400,N/A,2025-06-07 17:54:12
725,3.638765,N/A,N/A,5.00e-05,76955.40,11894784,N/A,2025-06-07 17:54:13
726,4.600632,N/A,N/A,5.00e-05,76960.53,11911168,N/A,2025-06-07 17:54:13
727,5.133218,N/A,N/A,5.00e-05,76459.65,11927552,N/A,2025-06-07 17:54:13
728,5.453995,N/A,N/A,5.00e-05,76393.37,11943936,N/A,2025-06-07 17:54:13
729,4.658519,N/A,N/A,5.00e-05,77485.32,11960320,N/A,2025-06-07 17:54:14
730,5.745473,N/A,N/A,5.00e-05,76153.94,11976704,0.6493,2025-06-07 17:54:14
731,6.094001,N/A,N/A,5.00e-05,76286.57,11993088,N/A,2025-06-07 17:54:14
732,5.428719,N/A,N/A,5.00e-05,76145.61,12009472,N/A,2025-06-07 17:54:14
733,4.815126,N/A,N/A,5.00e-05,76620.08,12025856,N/A,2025-06-07 17:54:15
734,5.116894,N/A,N/A,5.00e-05,76785.76,12042240,N/A,2025-06-07 17:54:15
735,5.585863,N/A,N/A,5.00e-05,76765.53,12058624,N/A,2025-06-07 17:54:15
736,3.873402,N/A,N/A,5.00e-05,77254.69,12075008,N/A,2025-06-07 17:54:15
737,5.868649,N/A,N/A,5.00e-05,77396.15,12091392,N/A,2025-06-07 17:54:15
738,6.392242,N/A,N/A,5.00e-05,77599.73,12107776,N/A,2025-06-07 17:54:16
739,4.853987,N/A,N/A,5.00e-05,78999.06,12124160,N/A,2025-06-07 17:54:16
740,4.853333,N/A,N/A,5.00e-05,77424.60,12140544,0.9220,2025-06-07 17:54:16
741,5.473232,N/A,N/A,5.00e-05,77461.22,12156928,N/A,2025-06-07 17:54:16
742,5.315012,N/A,N/A,5.00e-05,77368.48,12173312,N/A,2025-06-07 17:54:17
743,4.886957,N/A,N/A,5.00e-05,76499.00,12189696,N/A,2025-06-07 17:54:17
744,4.944622,N/A,N/A,5.00e-05,76476.79,12206080,N/A,2025-06-07 17:54:17
745,6.144870,N/A,N/A,5.00e-05,76388.24,12222464,N/A,2025-06-07 17:54:17
746,6.158268,N/A,N/A,5.00e-05,75849.14,12238848,N/A,2025-06-07 17:54:18
747,6.421142,N/A,N/A,5.00e-05,75861.81,12255232,N/A,2025-06-07 17:54:18
748,4.677785,N/A,N/A,5.00e-05,75905.60,12271616,N/A,2025-06-07 17:54:18
749,4.746877,N/A,N/A,5.00e-05,77464.19,12288000,N/A,2025-06-07 17:54:18
750,5.525676,N/A,N/A,5.00e-05,75823.13,12304384,0.8595,2025-06-07 17:54:19
751,6.187927,N/A,N/A,5.00e-05,75934.45,12320768,N/A,2025-06-07 17:54:19
752,4.117821,N/A,N/A,5.00e-05,76949.18,12337152,N/A,2025-06-07 17:54:19
753,4.718127,N/A,N/A,5.00e-05,76936.13,12353536,N/A,2025-06-07 17:54:19
754,4.320797,N/A,N/A,5.00e-05,76914.25,12369920,N/A,2025-06-07 17:54:19
755,4.814251,N/A,N/A,5.00e-05,77254.44,12386304,N/A,2025-06-07 17:54:20
756,4.176939,N/A,N/A,5.00e-05,77224.96,12402688,N/A,2025-06-07 17:54:20
757,4.644137,N/A,N/A,5.00e-05,76939.22,12419072,N/A,2025-06-07 17:54:20
758,4.799147,N/A,N/A,5.00e-05,77128.30,12435456,N/A,2025-06-07 17:54:20
759,5.740683,N/A,N/A,5.00e-05,78890.96,12451840,N/A,2025-06-07 17:54:21
760,5.411038,N/A,N/A,5.00e-05,77300.07,12468224,0.7061,2025-06-07 17:54:21
761,5.636093,N/A,N/A,5.00e-05,77363.26,12484608,N/A,2025-06-07 17:54:21
762,4.928697,N/A,N/A,5.00e-05,77325.06,12500992,N/A,2025-06-07 17:54:21
763,5.439016,N/A,N/A,5.00e-05,77505.54,12517376,N/A,2025-06-07 17:54:22
764,5.586802,N/A,N/A,5.00e-05,77768.51,12533760,N/A,2025-06-07 17:54:22
765,6.045478,N/A,N/A,5.00e-05,77687.24,12550144,N/A,2025-06-07 17:54:22
766,5.309450,N/A,N/A,5.00e-05,77898.62,12566528,N/A,2025-06-07 17:54:22
767,6.207600,N/A,N/A,5.00e-05,77801.83,12582912,N/A,2025-06-07 17:54:23
768,4.777046,N/A,N/A,5.00e-05,77518.12,12599296,N/A,2025-06-07 17:54:23
769,5.569456,N/A,N/A,5.00e-05,78926.30,12615680,N/A,2025-06-07 17:54:23
770,4.294188,N/A,N/A,5.00e-05,77469.87,12632064,0.6082,2025-06-07 17:54:23
771,4.765549,N/A,N/A,5.00e-05,77503.97,12648448,N/A,2025-06-07 17:54:23
772,4.390635,N/A,N/A,5.00e-05,77350.42,12664832,N/A,2025-06-07 17:54:24
773,4.684808,N/A,N/A,5.00e-05,77289.39,12681216,N/A,2025-06-07 17:54:24
774,6.054125,N/A,N/A,5.00e-05,76696.97,12697600,N/A,2025-06-07 17:54:24
775,4.632669,N/A,N/A,5.00e-05,76506.81,12713984,N/A,2025-06-07 17:54:24
776,5.018394,N/A,N/A,5.00e-05,76336.29,12730368,N/A,2025-06-07 17:54:25
777,4.712788,N/A,N/A,5.00e-05,76530.34,12746752,N/A,2025-06-07 17:54:25
778,4.829349,N/A,N/A,5.00e-05,76789.79,12763136,N/A,2025-06-07 17:54:25
779,4.203538,N/A,N/A,5.00e-05,78191.00,12779520,N/A,2025-06-07 17:54:25
780,5.388064,N/A,N/A,5.00e-05,76564.34,12795904,1.0000,2025-06-07 17:54:26
781,4.970175,N/A,N/A,5.00e-05,76931.15,12812288,N/A,2025-06-07 17:54:26
782,5.055775,N/A,N/A,5.00e-05,76957.28,12828672,N/A,2025-06-07 17:54:26
783,5.071911,N/A,N/A,5.00e-05,77578.71,12845056,N/A,2025-06-07 17:54:26
784,5.423514,N/A,N/A,5.00e-05,77897.00,12861440,N/A,2025-06-07 17:54:27
785,5.464724,N/A,N/A,5.00e-05,78149.94,12877824,N/A,2025-06-07 17:54:27
786,5.758232,N/A,N/A,5.00e-05,77961.99,12894208,N/A,2025-06-07 17:54:27
787,5.066251,N/A,N/A,5.00e-05,77939.44,12910592,N/A,2025-06-07 17:54:27
788,4.367919,N/A,N/A,5.00e-05,77944.12,12926976,N/A,2025-06-07 17:54:27
789,4.055180,N/A,N/A,5.00e-05,79696.23,12943360,N/A,2025-06-07 17:54:28
790,5.359568,N/A,N/A,5.00e-05,78012.90,12959744,1.0000,2025-06-07 17:54:28
791,4.828874,N/A,N/A,5.00e-05,77975.74,12976128,N/A,2025-06-07 17:54:28
792,5.094332,N/A,N/A,5.00e-05,78027.63,12992512,N/A,2025-06-07 17:54:28
793,5.333011,N/A,N/A,5.00e-05,77887.05,13008896,N/A,2025-06-07 17:54:29
794,5.179129,N/A,N/A,5.00e-05,77859.11,13025280,N/A,2025-06-07 17:54:29
795,4.886542,N/A,N/A,5.00e-05,78127.40,13041664,N/A,2025-06-07 17:54:29
796,5.135203,N/A,N/A,5.00e-05,77775.71,13058048,N/A,2025-06-07 17:54:29
797,5.351548,N/A,N/A,5.00e-05,77742.02,13074432,N/A,2025-06-07 17:54:30
798,5.489359,N/A,N/A,5.00e-05,77722.40,13090816,N/A,2025-06-07 17:54:30
799,4.747886,N/A,N/A,5.00e-05,79077.75,13107200,N/A,2025-06-07 17:54:30
800,5.741689,N/A,N/A,5.00e-05,77526.45,13123584,0.7041,2025-06-07 17:54:30
801,5.884223,N/A,N/A,5.00e-05,76352.80,13139968,N/A,2025-06-07 17:54:31
802,4.478862,N/A,N/A,5.00e-05,76348.26,13156352,N/A,2025-06-07 17:54:31
803,4.967461,N/A,N/A,5.00e-05,76262.25,13172736,N/A,2025-06-07 17:54:31
804,6.133532,N/A,N/A,5.00e-05,76131.44,13189120,N/A,2025-06-07 17:54:31
805,4.813386,N/A,N/A,5.00e-05,76465.57,13205504,N/A,2025-06-07 17:54:31
806,5.266973,N/A,N/A,5.00e-05,76118.30,13221888,N/A,2025-06-07 17:54:32
807,5.423340,N/A,N/A,5.00e-05,76195.18,13238272,N/A,2025-06-07 17:54:32
808,5.735384,N/A,N/A,5.00e-05,76192.21,13254656,N/A,2025-06-07 17:54:32
809,4.727802,N/A,N/A,5.00e-05,77552.16,13271040,N/A,2025-06-07 17:54:32
810,5.635377,N/A,N/A,5.00e-05,77098.92,13287424,0.8224,2025-06-07 17:54:33
811,5.680480,N/A,N/A,5.00e-05,77270.34,13303808,N/A,2025-06-07 17:54:33
812,4.294696,N/A,N/A,5.00e-05,77191.32,13320192,N/A,2025-06-07 17:54:33
813,4.690813,N/A,N/A,5.00e-05,77211.39,13336576,N/A,2025-06-07 17:54:33
814,4.650877,N/A,N/A,5.00e-05,77152.85,13352960,N/A,2025-06-07 17:54:34
815,6.269832,N/A,N/A,5.00e-05,77612.87,13369344,N/A,2025-06-07 17:54:34
816,6.226972,N/A,N/A,5.00e-05,77350.39,13385728,N/A,2025-06-07 17:54:34
817,4.991507,N/A,N/A,5.00e-05,77490.12,13402112,N/A,2025-06-07 17:54:34
818,3.707572,N/A,N/A,5.00e-05,77733.61,13418496,N/A,2025-06-07 17:54:35
819,5.629785,N/A,N/A,5.00e-05,79225.77,13434880,N/A,2025-06-07 17:54:35
820,4.076433,N/A,N/A,5.00e-05,77506.64,13451264,1.0000,2025-06-07 17:54:35
821,4.608025,N/A,N/A,5.00e-05,77646.20,13467648,N/A,2025-06-07 17:54:35
822,5.983266,N/A,N/A,5.00e-05,77844.27,13484032,N/A,2025-06-07 17:54:35
823,5.293900,N/A,N/A,5.00e-05,77956.77,13500416,N/A,2025-06-07 17:54:36
824,4.673707,N/A,N/A,5.00e-05,78079.70,13516800,N/A,2025-06-07 17:54:36
825,4.797412,N/A,N/A,5.00e-05,78333.40,13533184,N/A,2025-06-07 17:54:36
826,5.230844,N/A,N/A,5.00e-05,78304.49,13549568,N/A,2025-06-07 17:54:36
827,6.017880,N/A,N/A,5.00e-05,78333.86,13565952,N/A,2025-06-07 17:54:37
828,5.390454,N/A,N/A,5.00e-05,78620.49,13582336,N/A,2025-06-07 17:54:37
829,4.897605,N/A,N/A,5.00e-05,80280.35,13598720,N/A,2025-06-07 17:54:37
830,5.278080,N/A,N/A,5.00e-05,78595.67,13615104,0.9483,2025-06-07 17:54:37
831,5.418953,N/A,N/A,5.00e-05,78434.11,13631488,N/A,2025-06-07 17:54:38
832,5.188008,N/A,N/A,5.00e-05,78425.56,13647872,N/A,2025-06-07 17:54:38
833,6.148766,N/A,N/A,5.00e-05,78289.84,13664256,N/A,2025-06-07 17:54:38
834,4.661964,N/A,N/A,5.00e-05,77946.88,13680640,N/A,2025-06-07 17:54:38
835,5.946762,N/A,N/A,5.00e-05,78080.01,13697024,N/A,2025-06-07 17:54:38
836,5.179420,N/A,N/A,5.00e-05,77903.37,13713408,N/A,2025-06-07 17:54:39
837,4.911024,N/A,N/A,5.00e-05,77860.56,13729792,N/A,2025-06-07 17:54:39
838,4.548142,N/A,N/A,5.00e-05,77809.04,13746176,N/A,2025-06-07 17:54:39
839,5.176782,N/A,N/A,5.00e-05,79473.89,13762560,N/A,2025-06-07 17:54:39
840,5.371929,N/A,N/A,5.00e-05,77959.56,13778944,0.7666,2025-06-07 17:54:40
841,4.137835,N/A,N/A,5.00e-05,77975.15,13795328,N/A,2025-06-07 17:54:40
842,4.692243,N/A,N/A,5.00e-05,77998.59,13811712,N/A,2025-06-07 17:54:40
843,4.745571,N/A,N/A,5.00e-05,78419.59,13828096,N/A,2025-06-07 17:54:40
844,5.733189,N/A,N/A,5.00e-05,77334.28,13844480,N/A,2025-06-07 17:54:41
845,6.075722,N/A,N/A,5.00e-05,77468.66,13860864,N/A,2025-06-07 17:54:41
846,5.354155,N/A,N/A,5.00e-05,77417.10,13877248,N/A,2025-06-07 17:54:41
847,5.574904,N/A,N/A,5.00e-05,77569.01,13893632,N/A,2025-06-07 17:54:41
848,4.681837,N/A,N/A,5.00e-05,77194.76,13910016,N/A,2025-06-07 17:54:42
849,4.043286,N/A,N/A,5.00e-05,78672.14,13926400,N/A,2025-06-07 17:54:42
850,5.405951,N/A,N/A,5.00e-05,77136.64,13942784,0.5556,2025-06-07 17:54:42
851,5.150686,N/A,N/A,5.00e-05,77434.33,13959168,N/A,2025-06-07 17:54:42
852,4.829010,N/A,N/A,5.00e-05,77556.28,13975552,N/A,2025-06-07 17:54:42
853,5.927845,N/A,N/A,5.00e-05,78584.53,13991936,N/A,2025-06-07 17:54:43
854,4.263834,N/A,N/A,5.00e-05,78366.79,14008320,N/A,2025-06-07 17:54:43
855,3.535382,N/A,N/A,5.00e-05,78130.54,14024704,N/A,2025-06-07 17:54:43
856,4.560537,N/A,N/A,5.00e-05,77790.02,14041088,N/A,2025-06-07 17:54:43
857,4.171328,N/A,N/A,5.00e-05,78035.80,14057472,N/A,2025-06-07 17:54:44
858,4.056317,N/A,N/A,5.00e-05,78079.52,14073856,N/A,2025-06-07 17:54:44
859,4.901742,N/A,N/A,5.00e-05,79253.86,14090240,N/A,2025-06-07 17:54:44
860,5.656129,N/A,N/A,5.00e-05,77322.53,14106624,0.8385,2025-06-07 17:54:44
861,4.897799,N/A,N/A,5.00e-05,77093.80,14123008,N/A,2025-06-07 17:54:45
862,5.986333,N/A,N/A,5.00e-05,76983.17,14139392,N/A,2025-06-07 17:54:45
863,5.557862,N/A,N/A,5.00e-05,77283.31,14155776,N/A,2025-06-07 17:54:45
864,4.735994,N/A,N/A,5.00e-05,77423.77,14172160,N/A,2025-06-07 17:54:45
865,6.298466,N/A,N/A,5.00e-05,77701.53,14188544,N/A,2025-06-07 17:54:45
866,6.053973,N/A,N/A,5.00e-05,77936.57,14204928,N/A,2025-06-07 17:54:46
867,5.703373,N/A,N/A,5.00e-05,78127.41,14221312,N/A,2025-06-07 17:54:46
868,4.778315,N/A,N/A,5.00e-05,78429.61,14237696,N/A,2025-06-07 17:54:46
869,4.922818,N/A,N/A,5.00e-05,79923.18,14254080,N/A,2025-06-07 17:54:46
870,5.352265,N/A,N/A,5.00e-05,78521.60,14270464,0.8658,2025-06-07 17:54:47
871,5.629851,N/A,N/A,5.00e-05,78164.27,14286848,N/A,2025-06-07 17:54:47
872,5.701255,N/A,N/A,5.00e-05,78075.39,14303232,N/A,2025-06-07 17:54:47
873,5.853896,N/A,N/A,5.00e-05,78259.68,14319616,N/A,2025-06-07 17:54:47
874,4.898343,N/A,N/A,5.00e-05,78323.67,14336000,N/A,2025-06-07 17:54:48
875,5.275382,N/A,N/A,5.00e-05,78400.76,14352384,N/A,2025-06-07 17:54:48
876,4.356818,N/A,N/A,5.00e-05,78190.80,14368768,N/A,2025-06-07 17:54:48
877,5.145209,N/A,N/A,5.00e-05,78209.40,14385152,N/A,2025-06-07 17:54:48
878,4.950105,N/A,N/A,5.00e-05,78505.25,14401536,N/A,2025-06-07 17:54:48
879,6.104159,N/A,N/A,5.00e-05,79885.21,14417920,N/A,2025-06-07 17:54:49
880,4.149989,N/A,N/A,5.00e-05,78584.50,14434304,0.7078,2025-06-07 17:54:49
881,4.774925,N/A,N/A,5.00e-05,78301.17,14450688,N/A,2025-06-07 17:54:49
882,5.026531,N/A,N/A,5.00e-05,78273.55,14467072,N/A,2025-06-07 17:54:49
883,4.964600,N/A,N/A,5.00e-05,78254.00,14483456,N/A,2025-06-07 17:54:50
884,4.214603,N/A,N/A,5.00e-05,78177.44,14499840,N/A,2025-06-07 17:54:50
885,4.854626,N/A,N/A,5.00e-05,78260.62,14516224,N/A,2025-06-07 17:54:50
886,4.922159,N/A,N/A,5.00e-05,78201.86,14532608,N/A,2025-06-07 17:54:50
887,4.912164,N/A,N/A,5.00e-05,77859.06,14548992,N/A,2025-06-07 17:54:51
888,5.100498,N/A,N/A,5.00e-05,77864.33,14565376,N/A,2025-06-07 17:54:51
889,5.344892,N/A,N/A,5.00e-05,79779.22,14581760,N/A,2025-06-07 17:54:51
890,5.711513,N/A,N/A,5.00e-05,78311.70,14598144,0.8488,2025-06-07 17:54:51
891,5.208790,N/A,N/A,5.00e-05,77518.50,14614528,N/A,2025-06-07 17:54:52
892,5.270932,N/A,N/A,5.00e-05,77511.88,14630912,N/A,2025-06-07 17:54:52
893,5.155364,N/A,N/A,5.00e-05,76869.89,14647296,N/A,2025-06-07 17:54:52
894,5.590844,N/A,N/A,5.00e-05,76740.55,14663680,N/A,2025-06-07 17:54:52
895,5.573214,N/A,N/A,5.00e-05,76844.53,14680064,N/A,2025-06-07 17:54:52
896,4.723451,N/A,N/A,5.00e-05,76921.38,14696448,N/A,2025-06-07 17:54:53
897,3.755749,N/A,N/A,5.00e-05,76876.18,14712832,N/A,2025-06-07 17:54:53
898,5.422229,N/A,N/A,5.00e-05,76667.52,14729216,N/A,2025-06-07 17:54:53
899,5.468019,N/A,N/A,5.00e-05,78216.06,14745600,N/A,2025-06-07 17:54:53
900,5.068738,N/A,N/A,5.00e-05,77344.22,14761984,0.9145,2025-06-07 17:54:54
901,5.499908,N/A,N/A,5.00e-05,76170.67,14778368,N/A,2025-06-07 17:54:54
902,5.438451,N/A,N/A,5.00e-05,76155.87,14794752,N/A,2025-06-07 17:54:54
903,4.756923,N/A,N/A,5.00e-05,76238.03,14811136,N/A,2025-06-07 17:54:54
904,4.966626,N/A,N/A,5.00e-05,75949.60,14827520,N/A,2025-06-07 17:54:55
905,5.631884,N/A,N/A,5.00e-05,75923.36,14843904,N/A,2025-06-07 17:54:55
906,4.344261,N/A,N/A,5.00e-05,75840.57,14860288,N/A,2025-06-07 17:54:55
907,4.700867,N/A,N/A,5.00e-05,75807.94,14876672,N/A,2025-06-07 17:54:55
908,4.818321,N/A,N/A,5.00e-05,75712.02,14893056,N/A,2025-06-07 17:54:56
909,5.393305,N/A,N/A,5.00e-05,77144.75,14909440,N/A,2025-06-07 17:54:56
910,4.331262,N/A,N/A,5.00e-05,76831.45,14925824,0.7942,2025-06-07 17:54:56
911,4.239210,N/A,N/A,5.00e-05,76974.65,14942208,N/A,2025-06-07 17:54:56
912,4.726662,N/A,N/A,5.00e-05,76913.86,14958592,N/A,2025-06-07 17:54:57
913,5.768367,N/A,N/A,5.00e-05,77217.11,14974976,N/A,2025-06-07 17:54:57
914,5.164639,N/A,N/A,5.00e-05,77254.78,14991360,N/A,2025-06-07 17:54:57
915,5.839509,N/A,N/A,5.00e-05,77408.08,15007744,N/A,2025-06-07 17:54:57
916,5.484797,N/A,N/A,5.00e-05,77395.24,15024128,N/A,2025-06-07 17:54:57
917,4.449774,N/A,N/A,5.00e-05,77568.47,15040512,N/A,2025-06-07 17:54:58
918,5.329044,N/A,N/A,5.00e-05,78073.23,15056896,N/A,2025-06-07 17:54:58
919,4.879286,N/A,N/A,5.00e-05,79240.03,15073280,N/A,2025-06-07 17:54:58
920,5.547407,N/A,N/A,5.00e-05,77897.86,15089664,0.9289,2025-06-07 17:54:58
921,5.934235,N/A,N/A,5.00e-05,77944.52,15106048,N/A,2025-06-07 17:54:59
922,4.548351,N/A,N/A,5.00e-05,77808.16,15122432,N/A,2025-06-07 17:54:59
923,5.536736,N/A,N/A,5.00e-05,77791.02,15138816,N/A,2025-06-07 17:54:59
924,5.571961,N/A,N/A,5.00e-05,77742.59,15155200,N/A,2025-06-07 17:54:59
925,4.067715,N/A,N/A,5.00e-05,77474.29,15171584,N/A,2025-06-07 17:55:00
926,5.426433,N/A,N/A,5.00e-05,77332.76,15187968,N/A,2025-06-07 17:55:00
927,5.007918,N/A,N/A,5.00e-05,76499.11,15204352,N/A,2025-06-07 17:55:00
928,4.301181,N/A,N/A,5.00e-05,76821.13,15220736,N/A,2025-06-07 17:55:00
929,5.236027,N/A,N/A,5.00e-05,78533.66,15237120,N/A,2025-06-07 17:55:00
930,3.783750,N/A,N/A,5.00e-05,76248.92,15253504,1.0000,2025-06-07 17:55:01
931,5.480315,N/A,N/A,5.00e-05,75831.30,15269888,N/A,2025-06-07 17:55:01
932,4.535945,N/A,N/A,5.00e-05,75949.14,15286272,N/A,2025-06-07 17:55:01
933,4.271649,N/A,N/A,5.00e-05,75971.74,15302656,N/A,2025-06-07 17:55:01
934,5.751970,N/A,N/A,5.00e-05,76328.98,15319040,N/A,2025-06-07 17:55:02
935,4.188255,N/A,N/A,5.00e-05,76490.44,15335424,N/A,2025-06-07 17:55:02
936,5.919287,N/A,N/A,5.00e-05,76976.72,15351808,N/A,2025-06-07 17:55:02
937,4.801907,N/A,N/A,5.00e-05,77025.42,15368192,N/A,2025-06-07 17:55:02
938,4.697237,N/A,N/A,5.00e-05,77011.97,15384576,N/A,2025-06-07 17:55:03
939,5.356977,N/A,N/A,5.00e-05,79255.64,15400960,N/A,2025-06-07 17:55:03
940,5.075922,N/A,N/A,5.00e-05,78264.04,15417344,0.9036,2025-06-07 17:55:03
941,4.901270,N/A,N/A,5.00e-05,78086.05,15433728,N/A,2025-06-07 17:55:03
942,5.030800,N/A,N/A,5.00e-05,77711.08,15450112,N/A,2025-06-07 17:55:04
943,5.827386,N/A,N/A,5.00e-05,77477.24,15466496,N/A,2025-06-07 17:55:04
944,5.428418,N/A,N/A,5.00e-05,77412.45,15482880,N/A,2025-06-07 17:55:04
945,4.786872,N/A,N/A,5.00e-05,77367.80,15499264,N/A,2025-06-07 17:55:04
946,4.604821,N/A,N/A,5.00e-05,77306.29,15515648,N/A,2025-06-07 17:55:05
947,5.178792,N/A,N/A,5.00e-05,77244.68,15532032,N/A,2025-06-07 17:55:05
948,4.586972,N/A,N/A,5.00e-05,77296.31,15548416,N/A,2025-06-07 17:55:05
949,4.736327,N/A,N/A,5.00e-05,78111.01,15564800,N/A,2025-06-07 17:55:05
950,5.196798,N/A,N/A,5.00e-05,76402.36,15581184,1.0000,2025-06-07 17:55:06
951,4.858971,N/A,N/A,5.00e-05,76675.21,15597568,N/A,2025-06-07 17:55:06
952,5.131550,N/A,N/A,5.00e-05,76747.18,15613952,N/A,2025-06-07 17:55:06
953,4.971907,N/A,N/A,5.00e-05,76806.58,15630336,N/A,2025-06-07 17:55:06
954,4.768139,N/A,N/A,5.00e-05,76811.36,15646720,N/A,2025-06-07 17:55:06
955,4.172209,N/A,N/A,5.00e-05,76891.75,15663104,N/A,2025-06-07 17:55:07
956,3.530016,N/A,N/A,5.00e-05,76683.89,15679488,N/A,2025-06-07 17:55:07
957,5.284386,N/A,N/A,5.00e-05,76344.53,15695872,N/A,2025-06-07 17:55:07
958,4.745933,N/A,N/A,5.00e-05,77113.79,15712256,N/A,2025-06-07 17:55:07
959,4.993888,N/A,N/A,5.00e-05,78829.88,15728640,N/A,2025-06-07 17:55:08
960,4.976285,N/A,N/A,5.00e-05,77330.57,15745024,1.0000,2025-06-07 17:55:08
961,6.525276,N/A,N/A,5.00e-05,77390.29,15761408,N/A,2025-06-07 17:55:08
962,3.809600,N/A,N/A,5.00e-05,77228.86,15777792,N/A,2025-06-07 17:55:08
963,5.955426,N/A,N/A,5.00e-05,77119.23,15794176,N/A,2025-06-07 17:55:09
964,5.204677,N/A,N/A,5.00e-05,77078.78,15810560,N/A,2025-06-07 17:55:09
965,4.881600,N/A,N/A,5.00e-05,77311.82,15826944,N/A,2025-06-07 17:55:09
966,5.215051,N/A,N/A,5.00e-05,77737.55,15843328,N/A,2025-06-07 17:55:09
967,5.906717,N/A,N/A,5.00e-05,77656.17,15859712,N/A,2025-06-07 17:55:09
968,6.209699,N/A,N/A,5.00e-05,77750.46,15876096,N/A,2025-06-07 17:55:10
969,6.171560,N/A,N/A,5.00e-05,79253.35,15892480,N/A,2025-06-07 17:55:10
970,5.240600,N/A,N/A,5.00e-05,77896.77,15908864,0.9041,2025-06-07 17:55:10
971,5.213821,N/A,N/A,5.00e-05,78131.88,15925248,N/A,2025-06-07 17:55:10
972,4.008040,N/A,N/A,5.00e-05,78491.32,15941632,N/A,2025-06-07 17:55:11
973,5.626408,N/A,N/A,5.00e-05,78475.99,15958016,N/A,2025-06-07 17:55:11
974,4.201491,N/A,N/A,5.00e-05,78412.09,15974400,N/A,2025-06-07 17:55:11
975,5.637169,N/A,N/A,5.00e-05,78382.83,15990784,N/A,2025-06-07 17:55:11
976,4.841123,N/A,N/A,5.00e-05,78362.19,16007168,N/A,2025-06-07 17:55:12
977,5.000525,N/A,N/A,5.00e-05,78456.04,16023552,N/A,2025-06-07 17:55:12
978,5.087357,N/A,N/A,5.00e-05,78312.06,16039936,N/A,2025-06-07 17:55:12
979,5.157182,N/A,N/A,5.00e-05,79622.05,16056320,N/A,2025-06-07 17:55:12
980,5.013513,N/A,N/A,5.00e-05,78091.90,16072704,0.9339,2025-06-07 17:55:13
981,5.045019,N/A,N/A,5.00e-05,77829.93,16089088,N/A,2025-06-07 17:55:13
982,4.279158,N/A,N/A,5.00e-05,77564.18,16105472,N/A,2025-06-07 17:55:13
983,4.654362,N/A,N/A,5.00e-05,77668.10,16121856,N/A,2025-06-07 17:55:13
984,4.980114,N/A,N/A,5.00e-05,77681.72,16138240,N/A,2025-06-07 17:55:13
985,5.442644,N/A,N/A,5.00e-05,77554.37,16154624,N/A,2025-06-07 17:55:14
986,5.043900,N/A,N/A,5.00e-05,77573.55,16171008,N/A,2025-06-07 17:55:14
987,5.084229,N/A,N/A,5.00e-05,77850.00,16187392,N/A,2025-06-07 17:55:14
988,5.693730,N/A,N/A,5.00e-05,78015.66,16203776,N/A,2025-06-07 17:55:14
989,4.599515,N/A,N/A,5.00e-05,79345.42,16220160,N/A,2025-06-07 17:55:15
990,5.990232,N/A,N/A,5.00e-05,77865.46,16236544,0.6314,2025-06-07 17:55:15
991,4.617400,N/A,N/A,5.00e-05,77984.49,16252928,N/A,2025-06-07 17:55:15
992,4.128500,N/A,N/A,5.00e-05,77287.04,16269312,N/A,2025-06-07 17:55:15
993,5.134890,N/A,N/A,5.00e-05,77146.71,16285696,N/A,2025-06-07 17:55:16
994,5.164919,N/A,N/A,5.00e-05,77138.15,16302080,N/A,2025-06-07 17:55:16
995,5.352262,N/A,N/A,5.00e-05,76858.41,16318464,N/A,2025-06-07 17:55:16
996,5.820142,N/A,N/A,5.00e-05,76723.05,16334848,N/A,2025-06-07 17:55:16
997,5.518456,N/A,N/A,5.00e-05,76677.70,16351232,N/A,2025-06-07 17:55:16
998,4.832645,N/A,N/A,5.00e-05,76835.31,16367616,N/A,2025-06-07 17:55:17
999,5.831234,N/A,N/A,5.00e-05,78009.88,16384000,N/A,2025-06-07 17:55:17
1000,5.115566,4.944818,161.978851,5.00e-05,17430.16,16400384,N/A,2025-06-07 17:55:24
1001,5.742854,4.944818,161.978851,5.00e-05,17256.49,16416768,N/A,2025-06-07 17:55:25
1002,4.568457,4.944818,161.978851,5.00e-05,17218.39,16433152,N/A,2025-06-07 17:55:25
1003,4.377306,4.944818,161.978851,5.00e-05,17197.82,16449536,N/A,2025-06-07 17:55:25
1004,4.883934,4.944818,161.978851,5.00e-05,17204.78,16465920,N/A,2025-06-07 17:55:26
1005,4.790488,4.944818,161.978851,5.00e-05,17180.11,16482304,N/A,2025-06-07 17:55:26
1006,5.591509,4.944818,161.978851,5.00e-05,17161.05,16498688,N/A,2025-06-07 17:55:26
1007,5.222246,4.944818,161.978851,5.00e-05,17132.23,16515072,N/A,2025-06-07 17:55:26
1008,5.048892,4.944818,161.978851,5.00e-05,17121.74,16531456,N/A,2025-06-07 17:55:27
1009,5.126103,4.944818,161.978851,5.00e-05,72143.15,16547840,N/A,2025-06-07 17:55:27
1010,5.296324,4.944818,161.978851,5.00e-05,73865.42,16564224,1.0000,2025-06-07 17:55:27
1011,4.538828,4.944818,161.978851,5.00e-05,74631.88,16580608,N/A,2025-06-07 17:55:27
1012,5.006819,4.944818,161.978851,5.00e-05,75045.80,16596992,N/A,2025-06-07 17:55:27
1013,4.783542,4.944818,161.978851,5.00e-05,74730.13,16613376,N/A,2025-06-07 17:55:28
1014,4.881930,4.944818,161.978851,5.00e-05,75197.82,16629760,N/A,2025-06-07 17:55:28
1015,5.491331,4.944818,161.978851,5.00e-05,75393.43,16646144,N/A,2025-06-07 17:55:28
1016,6.021491,4.944818,161.978851,5.00e-05,75187.60,16662528,N/A,2025-06-07 17:55:28
1017,4.022804,4.944818,161.978851,5.00e-05,75338.12,16678912,N/A,2025-06-07 17:55:29
1018,4.754385,4.944818,161.978851,5.00e-05,74496.57,16695296,N/A,2025-06-07 17:55:29
1019,3.795625,4.944818,161.978851,5.00e-05,76002.16,16711680,N/A,2025-06-07 17:55:29
1020,4.719193,4.944818,161.978851,5.00e-05,72883.83,16728064,1.0000,2025-06-07 17:55:30
1021,6.101328,4.944818,161.978851,5.00e-05,72513.00,16744448,N/A,2025-06-07 17:55:30
1022,4.762818,4.944818,161.978851,5.00e-05,72695.15,16760832,N/A,2025-06-07 17:55:30
1023,4.660079,4.944818,161.978851,5.00e-05,73025.61,16777216,N/A,2025-06-07 17:55:30
1024,4.219644,4.944818,161.978851,5.00e-05,72852.64,16793600,N/A,2025-06-07 17:55:30
1025,5.424508,4.944818,161.978851,5.00e-05,73313.65,16809984,N/A,2025-06-07 17:55:31
1026,5.066589,4.944818,161.978851,5.00e-05,72277.58,16826368,N/A,2025-06-07 17:55:31
1027,4.921683,4.944818,161.978851,5.00e-05,73143.85,16842752,N/A,2025-06-07 17:55:31
1028,5.212077,4.944818,161.978851,5.00e-05,72525.61,16859136,N/A,2025-06-07 17:55:31
1029,5.803324,4.944818,161.978851,5.00e-05,75418.63,16875520,N/A,2025-06-07 17:55:32
1030,5.163912,4.944818,161.978851,5.00e-05,74233.97,16891904,0.8870,2025-06-07 17:55:32
1031,5.187910,4.944818,161.978851,5.00e-05,73974.37,16908288,N/A,2025-06-07 17:55:32
1032,4.898406,4.944818,161.978851,5.00e-05,73018.09,16924672,N/A,2025-06-07 17:55:32
1033,5.558225,4.944818,161.978851,5.00e-05,73245.24,16941056,N/A,2025-06-07 17:55:33
1034,4.744846,4.944818,161.978851,5.00e-05,72968.07,16957440,N/A,2025-06-07 17:55:33
1035,5.170053,4.944818,161.978851,5.00e-05,74272.95,16973824,N/A,2025-06-07 17:55:33
1036,5.217816,4.944818,161.978851,5.00e-05,74369.87,16990208,N/A,2025-06-07 17:55:33
1037,4.494370,4.944818,161.978851,5.00e-05,75820.41,17006592,N/A,2025-06-07 17:55:34
1038,4.122786,4.944818,161.978851,5.00e-05,75944.37,17022976,N/A,2025-06-07 17:55:34
1039,4.322944,4.944818,161.978851,5.00e-05,77378.20,17039360,N/A,2025-06-07 17:55:34
1040,6.098901,4.944818,161.978851,5.00e-05,76021.68,17055744,0.6145,2025-06-07 17:55:34
1041,5.130885,4.944818,161.978851,5.00e-05,76791.84,17072128,N/A,2025-06-07 17:55:35
1042,4.770499,4.944818,161.978851,5.00e-05,76992.71,17088512,N/A,2025-06-07 17:55:35
1043,3.734620,4.944818,161.978851,5.00e-05,76491.70,17104896,N/A,2025-06-07 17:55:35
1044,4.864201,4.944818,161.978851,5.00e-05,76607.75,17121280,N/A,2025-06-07 17:55:35
1045,4.364002,4.944818,161.978851,5.00e-05,76614.74,17137664,N/A,2025-06-07 17:55:36
1046,5.084575,4.944818,161.978851,5.00e-05,76555.17,17154048,N/A,2025-06-07 17:55:36
1047,4.509551,4.944818,161.978851,5.00e-05,76633.78,17170432,N/A,2025-06-07 17:55:36
1048,5.317451,4.944818,161.978851,5.00e-05,76977.29,17186816,N/A,2025-06-07 17:55:36
1049,4.301313,4.944818,161.978851,5.00e-05,78823.97,17203200,N/A,2025-06-07 17:55:36
1050,5.109394,4.944818,161.978851,5.00e-05,76768.78,17219584,0.6963,2025-06-07 17:55:37
1051,6.464204,4.944818,161.978851,5.00e-05,76694.05,17235968,N/A,2025-06-07 17:55:37
1052,4.944918,4.944818,161.978851,5.00e-05,77446.36,17252352,N/A,2025-06-07 17:55:37
1053,5.575185,4.944818,161.978851,5.00e-05,77012.77,17268736,N/A,2025-06-07 17:55:37
1054,5.271859,4.944818,161.978851,5.00e-05,76864.33,17285120,N/A,2025-06-07 17:55:38
1055,4.758705,4.944818,161.978851,5.00e-05,76740.11,17301504,N/A,2025-06-07 17:55:38
1056,4.824755,4.944818,161.978851,5.00e-05,76751.84,17317888,N/A,2025-06-07 17:55:38
1057,5.943381,4.944818,161.978851,5.00e-05,76633.37,17334272,N/A,2025-06-07 17:55:38
1058,4.137507,4.944818,161.978851,5.00e-05,76647.67,17350656,N/A,2025-06-07 17:55:39
1059,4.137416,4.944818,161.978851,5.00e-05,78524.88,17367040,N/A,2025-06-07 17:55:39
1060,5.337524,4.944818,161.978851,5.00e-05,77084.22,17383424,0.7196,2025-06-07 17:55:39
1061,5.220259,4.944818,161.978851,5.00e-05,77235.94,17399808,N/A,2025-06-07 17:55:39
1062,4.927846,4.944818,161.978851,5.00e-05,77522.70,17416192,N/A,2025-06-07 17:55:40
1063,4.523869,4.944818,161.978851,5.00e-05,77895.05,17432576,N/A,2025-06-07 17:55:40
1064,5.554196,4.944818,161.978851,5.00e-05,77791.01,17448960,N/A,2025-06-07 17:55:40
1065,4.561787,4.944818,161.978851,5.00e-05,77693.54,17465344,N/A,2025-06-07 17:55:40
1066,4.379382,4.944818,161.978851,5.00e-05,77764.99,17481728,N/A,2025-06-07 17:55:40
1067,4.909063,4.944818,161.978851,5.00e-05,77811.82,17498112,N/A,2025-06-07 17:55:41
1068,4.438869,4.944818,161.978851,5.00e-05,78039.97,17514496,N/A,2025-06-07 17:55:41
1069,5.088048,4.944818,161.978851,5.00e-05,79442.22,17530880,N/A,2025-06-07 17:55:41
1070,5.209227,4.944818,161.978851,5.00e-05,78043.49,17547264,1.0000,2025-06-07 17:55:41
1071,5.141625,4.944818,161.978851,5.00e-05,78076.40,17563648,N/A,2025-06-07 17:55:42
1072,3.916323,4.944818,161.978851,5.00e-05,77730.36,17580032,N/A,2025-06-07 17:55:42
1073,3.967218,4.944818,161.978851,5.00e-05,77790.57,17596416,N/A,2025-06-07 17:55:42
1074,4.829371,4.944818,161.978851,5.00e-05,77956.15,17612800,N/A,2025-06-07 17:55:42
1075,4.598660,4.944818,161.978851,5.00e-05,77786.79,17629184,N/A,2025-06-07 17:55:43
1076,5.741909,4.944818,161.978851,5.00e-05,77647.18,17645568,N/A,2025-06-07 17:55:43
1077,5.052308,4.944818,161.978851,5.00e-05,77460.46,17661952,N/A,2025-06-07 17:55:43
1078,5.392323,4.944818,161.978851,5.00e-05,77412.94,17678336,N/A,2025-06-07 17:55:43
1079,5.933723,4.944818,161.978851,5.00e-05,78763.19,17694720,N/A,2025-06-07 17:55:43
1080,5.680350,4.944818,161.978851,5.00e-05,77260.10,17711104,1.0000,2025-06-07 17:55:44
1081,4.993458,4.944818,161.978851,5.00e-05,77373.75,17727488,N/A,2025-06-07 17:55:44
1082,5.130240,4.944818,161.978851,5.00e-05,77251.30,17743872,N/A,2025-06-07 17:55:44
1083,5.450289,4.944818,161.978851,5.00e-05,77219.23,17760256,N/A,2025-06-07 17:55:44
1084,5.149438,4.944818,161.978851,5.00e-05,76666.44,17776640,N/A,2025-06-07 17:55:45
1085,5.670648,4.944818,161.978851,5.00e-05,76613.03,17793024,N/A,2025-06-07 17:55:45
1086,4.186551,4.944818,161.978851,5.00e-05,76685.09,17809408,N/A,2025-06-07 17:55:45
1087,5.153696,4.944818,161.978851,5.00e-05,76666.73,17825792,N/A,2025-06-07 17:55:45
1088,5.339681,4.944818,161.978851,5.00e-05,76739.22,17842176,N/A,2025-06-07 17:55:46
1089,5.421397,4.944818,161.978851,5.00e-05,78259.51,17858560,N/A,2025-06-07 17:55:46
1090,5.286560,4.944818,161.978851,5.00e-05,76642.14,17874944,1.0000,2025-06-07 17:55:46
1091,4.222900,4.944818,161.978851,5.00e-05,76887.13,17891328,N/A,2025-06-07 17:55:46
1092,5.193862,4.944818,161.978851,5.00e-05,76777.37,17907712,N/A,2025-06-07 17:55:47
1093,5.047735,4.944818,161.978851,5.00e-05,77167.03,17924096,N/A,2025-06-07 17:55:47
1094,4.544239,4.944818,161.978851,5.00e-05,77263.50,17940480,N/A,2025-06-07 17:55:47
1095,4.919474,4.944818,161.978851,5.00e-05,77190.42,17956864,N/A,2025-06-07 17:55:47
1096,3.777881,4.944818,161.978851,5.00e-05,77359.30,17973248,N/A,2025-06-07 17:55:48
1097,5.345723,4.944818,161.978851,5.00e-05,77257.69,17989632,N/A,2025-06-07 17:55:48
1098,4.829513,4.944818,161.978851,5.00e-05,77155.83,18006016,N/A,2025-06-07 17:55:48
1099,4.291980,4.944818,161.978851,5.00e-05,77689.29,18022400,N/A,2025-06-07 17:55:48
1100,4.284766,4.944818,161.978851,5.00e-05,76066.49,18038784,0.7503,2025-06-07 17:55:49
1101,5.281117,4.944818,161.978851,5.00e-05,74223.50,18055168,N/A,2025-06-07 17:55:49
1102,4.247530,4.944818,161.978851,5.00e-05,74363.94,18071552,N/A,2025-06-07 17:55:49
1103,4.635003,4.944818,161.978851,5.00e-05,74233.22,18087936,N/A,2025-06-07 17:55:49
1104,4.983852,4.944818,161.978851,5.00e-05,74092.61,18104320,N/A,2025-06-07 17:55:49
1105,5.161521,4.944818,161.978851,5.00e-05,74005.63,18120704,N/A,2025-06-07 17:55:50
1106,4.918241,4.944818,161.978851,5.00e-05,73879.95,18137088,N/A,2025-06-07 17:55:50
1107,6.383140,4.944818,161.978851,5.00e-05,73921.40,18153472,N/A,2025-06-07 17:55:50
1108,4.965674,4.944818,161.978851,5.00e-05,74882.66,18169856,N/A,2025-06-07 17:55:50
1109,4.791298,4.944818,161.978851,5.00e-05,76277.47,18186240,N/A,2025-06-07 17:55:51
1110,4.117439,4.944818,161.978851,5.00e-05,76900.90,18202624,1.0000,2025-06-07 17:55:51
1111,5.114225,4.944818,161.978851,5.00e-05,77085.25,18219008,N/A,2025-06-07 17:55:51
1112,5.823509,4.944818,161.978851,5.00e-05,77312.71,18235392,N/A,2025-06-07 17:55:51
1113,5.796990,4.944818,161.978851,5.00e-05,77684.55,18251776,N/A,2025-06-07 17:55:52
1114,4.414556,4.944818,161.978851,5.00e-05,77725.84,18268160,N/A,2025-06-07 17:55:52
1115,5.452141,4.944818,161.978851,5.00e-05,77991.49,18284544,N/A,2025-06-07 17:55:52
1116,4.828133,4.944818,161.978851,5.00e-05,77914.64,18300928,N/A,2025-06-07 17:55:52
1117,5.888860,4.944818,161.978851,5.00e-05,77965.75,18317312,N/A,2025-06-07 17:55:53
1118,5.197756,4.944818,161.978851,5.00e-05,77908.74,18333696,N/A,2025-06-07 17:55:53
1119,4.535883,4.944818,161.978851,5.00e-05,79396.47,18350080,N/A,2025-06-07 17:55:53
1120,6.019641,4.944818,161.978851,5.00e-05,77893.54,18366464,1.0000,2025-06-07 17:55:53
1121,6.286135,4.944818,161.978851,5.00e-05,77834.09,18382848,N/A,2025-06-07 17:55:53
1122,4.290510,4.944818,161.978851,5.00e-05,77821.62,18399232,N/A,2025-06-07 17:55:54
1123,4.795552,4.944818,161.978851,5.00e-05,77832.81,18415616,N/A,2025-06-07 17:55:54
1124,4.749402,4.944818,161.978851,5.00e-05,77889.35,18432000,N/A,2025-06-07 17:55:54
1125,4.908087,4.944818,161.978851,5.00e-05,78047.70,18448384,N/A,2025-06-07 17:55:54
1126,4.961244,4.944818,161.978851,5.00e-05,77951.53,18464768,N/A,2025-06-07 17:55:55
1127,4.916082,4.944818,161.978851,5.00e-05,77599.74,18481152,N/A,2025-06-07 17:55:55
1128,5.195657,4.944818,161.978851,5.00e-05,77482.25,18497536,N/A,2025-06-07 17:55:55
1129,4.588724,4.944818,161.978851,5.00e-05,78867.61,18513920,N/A,2025-06-07 17:55:55
1130,5.508613,4.944818,161.978851,5.00e-05,77309.18,18530304,1.0000,2025-06-07 17:55:56
1131,4.799560,4.944818,161.978851,5.00e-05,77223.91,18546688,N/A,2025-06-07 17:55:56
1132,4.856359,4.944818,161.978851,5.00e-05,77232.58,18563072,N/A,2025-06-07 17:55:56
1133,4.782207,4.944818,161.978851,5.00e-05,77111.51,18579456,N/A,2025-06-07 17:55:56
1134,4.557287,4.944818,161.978851,5.00e-05,77161.94,18595840,N/A,2025-06-07 17:55:57
1135,4.770458,4.944818,161.978851,5.00e-05,77329.47,18612224,N/A,2025-06-07 17:55:57
1136,5.435561,4.944818,161.978851,5.00e-05,77878.67,18628608,N/A,2025-06-07 17:55:57
1137,4.515437,4.944818,161.978851,5.00e-05,77953.53,18644992,N/A,2025-06-07 17:55:57
1138,6.361943,4.944818,161.978851,5.00e-05,78073.21,18661376,N/A,2025-06-07 17:55:57
1139,5.404876,4.944818,161.978851,5.00e-05,79610.94,18677760,N/A,2025-06-07 17:55:58
1140,4.894723,4.944818,161.978851,5.00e-05,78061.61,18694144,1.0000,2025-06-07 17:55:58
1141,5.289206,4.944818,161.978851,5.00e-05,78103.84,18710528,N/A,2025-06-07 17:55:58
1142,5.399593,4.944818,161.978851,5.00e-05,77722.27,18726912,N/A,2025-06-07 17:55:58
1143,5.299355,4.944818,161.978851,5.00e-05,77724.05,18743296,N/A,2025-06-07 17:55:59
1144,4.879318,4.944818,161.978851,5.00e-05,77751.27,18759680,N/A,2025-06-07 17:55:59
1145,4.148235,4.944818,161.978851,5.00e-05,77725.89,18776064,N/A,2025-06-07 17:55:59
1146,5.515993,4.944818,161.978851,5.00e-05,77775.83,18792448,N/A,2025-06-07 17:55:59
1147,4.990155,4.944818,161.978851,5.00e-05,77555.39,18808832,N/A,2025-06-07 17:56:00
1148,5.345086,4.944818,161.978851,5.00e-05,77610.03,18825216,N/A,2025-06-07 17:56:00
1149,4.968420,4.944818,161.978851,5.00e-05,78502.89,18841600,N/A,2025-06-07 17:56:00
1150,4.465682,4.944818,161.978851,5.00e-05,76199.01,18857984,1.0000,2025-06-07 17:56:00
1151,4.264383,4.944818,161.978851,5.00e-05,76605.88,18874368,N/A,2025-06-07 17:56:01
1152,4.972878,4.944818,161.978851,5.00e-05,76510.34,18890752,N/A,2025-06-07 17:56:01
1153,5.399706,4.944818,161.978851,5.00e-05,76478.63,18907136,N/A,2025-06-07 17:56:01
1154,4.120289,4.944818,161.978851,5.00e-05,76216.33,18923520,N/A,2025-06-07 17:56:01
1155,5.289750,4.944818,161.978851,5.00e-05,76192.04,18939904,N/A,2025-06-07 17:56:01
1156,4.113814,4.944818,161.978851,5.00e-05,76419.34,18956288,N/A,2025-06-07 17:56:02
1157,4.618539,4.944818,161.978851,5.00e-05,76496.12,18972672,N/A,2025-06-07 17:56:02
1158,5.001733,4.944818,161.978851,5.00e-05,77057.80,18989056,N/A,2025-06-07 17:56:02
1159,4.961848,4.944818,161.978851,5.00e-05,79177.68,19005440,N/A,2025-06-07 17:56:02
1160,5.130394,4.944818,161.978851,5.00e-05,77417.77,19021824,1.0000,2025-06-07 17:56:03
1161,5.113721,4.944818,161.978851,5.00e-05,77472.34,19038208,N/A,2025-06-07 17:56:03
1162,5.352921,4.944818,161.978851,5.00e-05,77457.39,19054592,N/A,2025-06-07 17:56:03
1163,5.115894,4.944818,161.978851,5.00e-05,77666.39,19070976,N/A,2025-06-07 17:56:03
1164,4.440989,4.944818,161.978851,5.00e-05,77489.58,19087360,N/A,2025-06-07 17:56:04
1165,4.805727,4.944818,161.978851,5.00e-05,77542.92,19103744,N/A,2025-06-07 17:56:04
1166,4.875577,4.944818,161.978851,5.00e-05,77355.18,19120128,N/A,2025-06-07 17:56:04
1167,4.895164,4.944818,161.978851,5.00e-05,77318.28,19136512,N/A,2025-06-07 17:56:04
1168,3.990845,4.944818,161.978851,5.00e-05,77130.40,19152896,N/A,2025-06-07 17:56:04
1169,5.327443,4.944818,161.978851,5.00e-05,78907.42,19169280,N/A,2025-06-07 17:56:05
1170,5.477286,4.944818,161.978851,5.00e-05,77312.92,19185664,0.8796,2025-06-07 17:56:05
1171,4.807404,4.944818,161.978851,5.00e-05,77218.11,19202048,N/A,2025-06-07 17:56:05
1172,4.217971,4.944818,161.978851,5.00e-05,77113.82,19218432,N/A,2025-06-07 17:56:05
1173,4.521128,4.944818,161.978851,5.00e-05,77110.89,19234816,N/A,2025-06-07 17:56:06
1174,3.738946,4.944818,161.978851,5.00e-05,77071.85,19251200,N/A,2025-06-07 17:56:06
1175,4.094508,4.944818,161.978851,5.00e-05,76549.63,19267584,N/A,2025-06-07 17:56:06
1176,4.503936,4.944818,161.978851,5.00e-05,76382.05,19283968,N/A,2025-06-07 17:56:06
1177,5.752343,4.944818,161.978851,5.00e-05,76455.13,19300352,N/A,2025-06-07 17:56:07
1178,4.615109,4.944818,161.978851,5.00e-05,76488.00,19316736,N/A,2025-06-07 17:56:07
1179,5.018683,4.944818,161.978851,5.00e-05,77844.74,19333120,N/A,2025-06-07 17:56:07
1180,3.804069,4.944818,161.978851,5.00e-05,75794.53,19349504,1.0000,2025-06-07 17:56:07
1181,4.688457,4.944818,161.978851,5.00e-05,75844.26,19365888,N/A,2025-06-07 17:56:08
1182,4.137640,4.944818,161.978851,5.00e-05,75953.05,19382272,N/A,2025-06-07 17:56:08
1183,4.684539,4.944818,161.978851,5.00e-05,75907.24,19398656,N/A,2025-06-07 17:56:08
1184,5.459053,4.944818,161.978851,5.00e-05,76527.42,19415040,N/A,2025-06-07 17:56:08
1185,4.856646,4.944818,161.978851,5.00e-05,76670.41,19431424,N/A,2025-06-07 17:56:09
1186,4.595000,4.944818,161.978851,5.00e-05,77036.27,19447808,N/A,2025-06-07 17:56:09
1187,4.545402,4.944818,161.978851,5.00e-05,76976.25,19464192,N/A,2025-06-07 17:56:09
1188,5.272715,4.944818,161.978851,5.00e-05,77179.03,19480576,N/A,2025-06-07 17:56:09
1189,4.645573,4.944818,161.978851,5.00e-05,79213.80,19496960,N/A,2025-06-07 17:56:09
1190,4.674552,4.944818,161.978851,5.00e-05,77392.33,19513344,1.0000,2025-06-07 17:56:10
1191,4.869329,4.944818,161.978851,5.00e-05,77459.84,19529728,N/A,2025-06-07 17:56:10
1192,5.344775,4.944818,161.978851,5.00e-05,77686.20,19546112,N/A,2025-06-07 17:56:10
1193,3.526359,4.944818,161.978851,5.00e-05,77878.21,19562496,N/A,2025-06-07 17:56:10
1194,4.345335,4.944818,161.978851,5.00e-05,77965.54,19578880,N/A,2025-06-07 17:56:11
1195,4.741403,4.944818,161.978851,5.00e-05,77367.65,19595264,N/A,2025-06-07 17:56:11
1196,4.020364,4.944818,161.978851,5.00e-05,77207.97,19611648,N/A,2025-06-07 17:56:11
1197,4.818751,4.944818,161.978851,5.00e-05,77225.19,19628032,N/A,2025-06-07 17:56:11
1198,5.880176,4.944818,161.978851,5.00e-05,77266.93,19644416,N/A,2025-06-07 17:56:12
1199,4.757038,4.944818,161.978851,5.00e-05,79106.09,19660800,N/A,2025-06-07 17:56:12
1200,4.952926,4.944818,161.978851,5.00e-05,77416.60,19677184,1.0000,2025-06-07 17:56:12
1201,5.118309,4.944818,161.978851,5.00e-05,75895.62,19693568,N/A,2025-06-07 17:56:12
1202,4.201998,4.944818,161.978851,5.00e-05,75728.65,19709952,N/A,2025-06-07 17:56:13
1203,5.105873,4.944818,161.978851,5.00e-05,75659.32,19726336,N/A,2025-06-07 17:56:13
1204,4.464428,4.944818,161.978851,5.00e-05,76152.62,19742720,N/A,2025-06-07 17:56:13
1205,4.279924,4.944818,161.978851,5.00e-05,76026.83,19759104,N/A,2025-06-07 17:56:13
1206,5.168460,4.944818,161.978851,5.00e-05,75979.41,19775488,N/A,2025-06-07 17:56:14
1207,5.156396,4.944818,161.978851,5.00e-05,76061.85,19791872,N/A,2025-06-07 17:56:14
1208,4.673548,4.944818,161.978851,5.00e-05,76092.42,19808256,N/A,2025-06-07 17:56:14
1209,4.257149,4.944818,161.978851,5.00e-05,77394.04,19824640,N/A,2025-06-07 17:56:14
1210,5.130894,4.944818,161.978851,5.00e-05,76911.65,19841024,1.0000,2025-06-07 17:56:14
1211,5.198782,4.944818,161.978851,5.00e-05,77234.85,19857408,N/A,2025-06-07 17:56:15
1212,5.241251,4.944818,161.978851,5.00e-05,77293.07,19873792,N/A,2025-06-07 17:56:15
1213,4.722016,4.944818,161.978851,5.00e-05,77236.87,19890176,N/A,2025-06-07 17:56:15
1214,4.256919,4.944818,161.978851,5.00e-05,76631.81,19906560,N/A,2025-06-07 17:56:15
1215,4.760225,4.944818,161.978851,5.00e-05,76582.71,19922944,N/A,2025-06-07 17:56:16
1216,4.529637,4.944818,161.978851,5.00e-05,77035.10,19939328,N/A,2025-06-07 17:56:16
1217,5.251527,4.944818,161.978851,5.00e-05,76043.24,19955712,N/A,2025-06-07 17:56:16
1218,4.972077,4.944818,161.978851,5.00e-05,75342.25,19972096,N/A,2025-06-07 17:56:16
1219,4.554615,4.944818,161.978851,5.00e-05,76927.69,19988480,N/A,2025-06-07 17:56:17
1220,5.119938,4.944818,161.978851,5.00e-05,74484.04,20004864,1.0000,2025-06-07 17:56:17
1221,5.935227,4.944818,161.978851,5.00e-05,74479.82,20021248,N/A,2025-06-07 17:56:17
1222,4.794269,4.944818,161.978851,5.00e-05,74482.72,20037632,N/A,2025-06-07 17:56:17
1223,5.079738,4.944818,161.978851,5.00e-05,75380.88,20054016,N/A,2025-06-07 17:56:18
1224,4.806077,4.944818,161.978851,5.00e-05,75441.98,20070400,N/A,2025-06-07 17:56:18
1225,4.981008,4.944818,161.978851,5.00e-05,75027.52,20086784,N/A,2025-06-07 17:56:18
1226,5.847363,4.944818,161.978851,5.00e-05,75245.51,20103168,N/A,2025-06-07 17:56:18
1227,5.290845,4.944818,161.978851,5.00e-05,76246.97,20119552,N/A,2025-06-07 17:56:19
1228,5.989820,4.944818,161.978851,5.00e-05,76309.80,20135936,N/A,2025-06-07 17:56:19
1229,4.571397,4.944818,161.978851,5.00e-05,78469.12,20152320,N/A,2025-06-07 17:56:19
1230,4.930883,4.944818,161.978851,5.00e-05,76811.18,20168704,1.0000,2025-06-07 17:56:19
1231,4.336690,4.944818,161.978851,5.00e-05,76908.03,20185088,N/A,2025-06-07 17:56:19
1232,3.562794,4.944818,161.978851,5.00e-05,76669.06,20201472,N/A,2025-06-07 17:56:20
1233,4.667212,4.944818,161.978851,5.00e-05,76612.19,20217856,N/A,2025-06-07 17:56:20
1234,4.588459,4.944818,161.978851,5.00e-05,76644.59,20234240,N/A,2025-06-07 17:56:20
1235,4.868989,4.944818,161.978851,5.00e-05,77457.26,20250624,N/A,2025-06-07 17:56:20
1236,5.040895,4.944818,161.978851,5.00e-05,77504.29,20267008,N/A,2025-06-07 17:56:21
1237,4.616611,4.944818,161.978851,5.00e-05,77542.12,20283392,N/A,2025-06-07 17:56:21
1238,4.596307,4.944818,161.978851,5.00e-05,77563.55,20299776,N/A,2025-06-07 17:56:21
1239,5.096462,4.944818,161.978851,5.00e-05,79178.63,20316160,N/A,2025-06-07 17:56:21
1240,4.617733,4.944818,161.978851,5.00e-05,77550.58,20332544,1.0000,2025-06-07 17:56:22
1241,4.955704,4.944818,161.978851,5.00e-05,77770.80,20348928,N/A,2025-06-07 17:56:22
1242,5.470563,4.944818,161.978851,5.00e-05,77837.02,20365312,N/A,2025-06-07 17:56:22
1243,5.132711,4.944818,161.978851,5.00e-05,77770.99,20381696,N/A,2025-06-07 17:56:22
1244,4.432980,4.944818,161.978851,5.00e-05,77450.52,20398080,N/A,2025-06-07 17:56:23
1245,4.307975,4.944818,161.978851,5.00e-05,77333.24,20414464,N/A,2025-06-07 17:56:23
1246,4.688043,4.944818,161.978851,5.00e-05,77401.97,20430848,N/A,2025-06-07 17:56:23
1247,4.707425,4.944818,161.978851,5.00e-05,77444.38,20447232,N/A,2025-06-07 17:56:23
1248,4.571160,4.944818,161.978851,5.00e-05,76654.13,20463616,N/A,2025-06-07 17:56:23
1249,5.169971,4.944818,161.978851,5.00e-05,77988.28,20480000,N/A,2025-06-07 17:56:24
1250,5.434292,4.944818,161.978851,5.00e-05,76535.78,20496384,1.0000,2025-06-07 17:56:24
1251,5.434691,4.944818,161.978851,5.00e-05,76525.00,20512768,N/A,2025-06-07 17:56:24
1252,3.736312,4.944818,161.978851,5.00e-05,76533.83,20529152,N/A,2025-06-07 17:56:24
1253,3.980542,4.944818,161.978851,5.00e-05,76830.71,20545536,N/A,2025-06-07 17:56:25
1254,4.819924,4.944818,161.978851,5.00e-05,76993.98,20561920,N/A,2025-06-07 17:56:25
1255,5.084018,4.944818,161.978851,5.00e-05,76193.44,20578304,N/A,2025-06-07 17:56:25
1256,4.644245,4.944818,161.978851,5.00e-05,76239.74,20594688,N/A,2025-06-07 17:56:25
1257,3.722234,4.944818,161.978851,5.00e-05,77203.38,20611072,N/A,2025-06-07 17:56:26
1258,5.367949,4.944818,161.978851,5.00e-05,77296.46,20627456,N/A,2025-06-07 17:56:26
1259,4.732087,4.944818,161.978851,5.00e-05,78861.92,20643840,N/A,2025-06-07 17:56:26
1260,4.510468,4.944818,161.978851,5.00e-05,76786.21,20660224,1.0000,2025-06-07 17:56:26
1261,5.011904,4.944818,161.978851,5.00e-05,76712.84,20676608,N/A,2025-06-07 17:56:27
1262,4.949315,4.944818,161.978851,5.00e-05,76637.14,20692992,N/A,2025-06-07 17:56:27
1263,4.780630,4.944818,161.978851,5.00e-05,76524.15,20709376,N/A,2025-06-07 17:56:27
1264,4.596109,4.944818,161.978851,5.00e-05,77328.57,20725760,N/A,2025-06-07 17:56:27
1265,5.011237,4.944818,161.978851,5.00e-05,77324.47,20742144,N/A,2025-06-07 17:56:27
1266,4.412975,4.944818,161.978851,5.00e-05,77357.24,20758528,N/A,2025-06-07 17:56:28
1267,4.229418,4.944818,161.978851,5.00e-05,77407.55,20774912,N/A,2025-06-07 17:56:28
1268,4.368611,4.944818,161.978851,5.00e-05,77365.65,20791296,N/A,2025-06-07 17:56:28
1269,4.811115,4.944818,161.978851,5.00e-05,79318.00,20807680,N/A,2025-06-07 17:56:28
1270,5.227551,4.944818,161.978851,5.00e-05,77694.68,20824064,1.0000,2025-06-07 17:56:29
1271,5.764778,4.944818,161.978851,5.00e-05,77848.86,20840448,N/A,2025-06-07 17:56:29
1272,4.335164,4.944818,161.978851,5.00e-05,77884.61,20856832,N/A,2025-06-07 17:56:29
1273,3.388239,4.944818,161.978851,5.00e-05,77911.87,20873216,N/A,2025-06-07 17:56:29
1274,4.572162,4.944818,161.978851,5.00e-05,76838.04,20889600,N/A,2025-06-07 17:56:30
1275,4.895986,4.944818,161.978851,5.00e-05,76685.70,20905984,N/A,2025-06-07 17:56:30
1276,4.758248,4.944818,161.978851,5.00e-05,76788.92,20922368,N/A,2025-06-07 17:56:30
1277,4.479212,4.944818,161.978851,5.00e-05,76000.13,20938752,N/A,2025-06-07 17:56:30
1278,5.137896,4.944818,161.978851,5.00e-05,76259.73,20955136,N/A,2025-06-07 17:56:31
1279,5.532595,4.944818,161.978851,5.00e-05,77755.66,20971520,N/A,2025-06-07 17:56:31
1280,3.850106,4.944818,161.978851,5.00e-05,76325.43,20987904,1.0000,2025-06-07 17:56:31
1281,4.841984,4.944818,161.978851,5.00e-05,76388.10,21004288,N/A,2025-06-07 17:56:31
1282,4.251330,4.944818,161.978851,5.00e-05,76454.53,21020672,N/A,2025-06-07 17:56:32
1283,5.003785,4.944818,161.978851,5.00e-05,77172.30,21037056,N/A,2025-06-07 17:56:32
1284,4.935721,4.944818,161.978851,5.00e-05,77340.55,21053440,N/A,2025-06-07 17:56:32
1285,4.592653,4.944818,161.978851,5.00e-05,77259.47,21069824,N/A,2025-06-07 17:56:32
1286,3.991642,4.944818,161.978851,5.00e-05,78087.08,21086208,N/A,2025-06-07 17:56:32
1287,5.534640,4.944818,161.978851,5.00e-05,77907.18,21102592,N/A,2025-06-07 17:56:33
1288,4.910678,4.944818,161.978851,5.00e-05,78011.24,21118976,N/A,2025-06-07 17:56:33
1289,5.693505,4.944818,161.978851,5.00e-05,79450.90,21135360,N/A,2025-06-07 17:56:33
1290,4.998484,4.944818,161.978851,5.00e-05,77891.63,21151744,1.0000,2025-06-07 17:56:33
1291,4.147430,4.944818,161.978851,5.00e-05,77857.24,21168128,N/A,2025-06-07 17:56:34
1292,4.575723,4.944818,161.978851,5.00e-05,77876.41,21184512,N/A,2025-06-07 17:56:34
1293,3.739746,4.944818,161.978851,5.00e-05,77784.16,21200896,N/A,2025-06-07 17:56:34
1294,4.909935,4.944818,161.978851,5.00e-05,77907.03,21217280,N/A,2025-06-07 17:56:34
1295,4.848448,4.944818,161.978851,5.00e-05,77853.22,21233664,N/A,2025-06-07 17:56:35
1296,4.481493,4.944818,161.978851,5.00e-05,77959.53,21250048,N/A,2025-06-07 17:56:35
1297,5.039087,4.944818,161.978851,5.00e-05,77805.33,21266432,N/A,2025-06-07 17:56:35
1298,5.013981,4.944818,161.978851,5.00e-05,77531.01,21282816,N/A,2025-06-07 17:56:35
1299,4.546150,4.944818,161.978851,5.00e-05,78358.63,21299200,N/A,2025-06-07 17:56:35
1300,5.254976,4.944818,161.978851,5.00e-05,76305.26,21315584,1.0000,2025-06-07 17:56:36
1301,4.995271,4.944818,161.978851,5.00e-05,75658.63,21331968,N/A,2025-06-07 17:56:36
1302,4.422441,4.944818,161.978851,5.00e-05,75567.62,21348352,N/A,2025-06-07 17:56:36
1303,4.422745,4.944818,161.978851,5.00e-05,75527.55,21364736,N/A,2025-06-07 17:56:36
1304,4.370094,4.944818,161.978851,5.00e-05,75423.73,21381120,N/A,2025-06-07 17:56:37
1305,4.964958,4.944818,161.978851,5.00e-05,74966.02,21397504,N/A,2025-06-07 17:56:37
1306,5.133356,4.944818,161.978851,5.00e-05,75003.83,21413888,N/A,2025-06-07 17:56:37
1307,3.606991,4.944818,161.978851,5.00e-05,75189.82,21430272,N/A,2025-06-07 17:56:37
1308,4.409835,4.944818,161.978851,5.00e-05,75845.65,21446656,N/A,2025-06-07 17:56:38
1309,4.405983,4.944818,161.978851,5.00e-05,77717.38,21463040,N/A,2025-06-07 17:56:38
1310,4.992079,4.944818,161.978851,5.00e-05,76855.33,21479424,1.0000,2025-06-07 17:56:38
1311,4.616653,4.944818,161.978851,5.00e-05,76942.52,21495808,N/A,2025-06-07 17:56:38
1312,4.889128,4.944818,161.978851,5.00e-05,76923.74,21512192,N/A,2025-06-07 17:56:39
1313,4.898394,4.944818,161.978851,5.00e-05,76856.41,21528576,N/A,2025-06-07 17:56:39
1314,3.323539,4.944818,161.978851,5.00e-05,77397.68,21544960,N/A,2025-06-07 17:56:39
1315,4.793841,4.944818,161.978851,5.00e-05,77552.76,21561344,N/A,2025-06-07 17:56:39
1316,4.587356,4.944818,161.978851,5.00e-05,77671.95,21577728,N/A,2025-06-07 17:56:40
1317,4.526711,4.944818,161.978851,5.00e-05,77641.86,21594112,N/A,2025-06-07 17:56:40
1318,4.272367,4.944818,161.978851,5.00e-05,77759.43,21610496,N/A,2025-06-07 17:56:40
1319,5.696582,4.944818,161.978851,5.00e-05,79634.46,21626880,N/A,2025-06-07 17:56:40
1320,3.927343,4.944818,161.978851,5.00e-05,77544.94,21643264,1.0000,2025-06-07 17:56:40
1321,4.209559,4.944818,161.978851,5.00e-05,77736.58,21659648,N/A,2025-06-07 17:56:41
1322,4.455660,4.944818,161.978851,5.00e-05,78019.67,21676032,N/A,2025-06-07 17:56:41
1323,4.328372,4.944818,161.978851,5.00e-05,77943.29,21692416,N/A,2025-06-07 17:56:41
1324,4.357598,4.944818,161.978851,5.00e-05,78041.10,21708800,N/A,2025-06-07 17:56:41
1325,4.851830,4.944818,161.978851,5.00e-05,77386.14,21725184,N/A,2025-06-07 17:56:42
1326,4.500305,4.944818,161.978851,5.00e-05,77512.88,21741568,N/A,2025-06-07 17:56:42
1327,5.194303,4.944818,161.978851,5.00e-05,77587.00,21757952,N/A,2025-06-07 17:56:42
1328,3.826522,4.944818,161.978851,5.00e-05,77750.54,21774336,N/A,2025-06-07 17:56:42
1329,4.410390,4.944818,161.978851,5.00e-05,79519.49,21790720,N/A,2025-06-07 17:56:43
1330,4.459307,4.944818,161.978851,5.00e-05,77771.91,21807104,1.0000,2025-06-07 17:56:43
1331,4.837305,4.944818,161.978851,5.00e-05,77808.28,21823488,N/A,2025-06-07 17:56:43
1332,4.460070,4.944818,161.978851,5.00e-05,77691.58,21839872,N/A,2025-06-07 17:56:43
1333,4.273367,4.944818,161.978851,5.00e-05,77568.48,21856256,N/A,2025-06-07 17:56:43
1334,4.777510,4.944818,161.978851,5.00e-05,78184.25,21872640,N/A,2025-06-07 17:56:44
1335,4.574021,4.944818,161.978851,5.00e-05,77878.73,21889024,N/A,2025-06-07 17:56:44
1336,3.987111,4.944818,161.978851,5.00e-05,77841.19,21905408,N/A,2025-06-07 17:56:44
1337,5.320676,4.944818,161.978851,5.00e-05,77583.66,21921792,N/A,2025-06-07 17:56:44
1338,4.966627,4.944818,161.978851,5.00e-05,77940.88,21938176,N/A,2025-06-07 17:56:45
1339,4.630946,4.944818,161.978851,5.00e-05,79389.51,21954560,N/A,2025-06-07 17:56:45
1340,4.062014,4.944818,161.978851,5.00e-05,77722.68,21970944,1.0000,2025-06-07 17:56:45
1341,4.065989,4.944818,161.978851,5.00e-05,77814.62,21987328,N/A,2025-06-07 17:56:45
1342,3.666687,4.944818,161.978851,5.00e-05,77808.76,22003712,N/A,2025-06-07 17:56:46
1343,4.729563,4.944818,161.978851,5.00e-05,77828.92,22020096,N/A,2025-06-07 17:56:46
1344,4.670754,4.944818,161.978851,5.00e-05,77888.38,22036480,N/A,2025-06-07 17:56:46
1345,4.843487,4.944818,161.978851,5.00e-05,77798.46,22052864,N/A,2025-06-07 17:56:46
1346,5.295286,4.944818,161.978851,5.00e-05,77676.11,22069248,N/A,2025-06-07 17:56:47
1347,5.430420,4.944818,161.978851,5.00e-05,77772.84,22085632,N/A,2025-06-07 17:56:47
1348,5.053163,4.944818,161.978851,5.00e-05,77879.94,22102016,N/A,2025-06-07 17:56:47
1349,5.230164,4.944818,161.978851,5.00e-05,79230.11,22118400,N/A,2025-06-07 17:56:47
1350,5.420336,4.944818,161.978851,5.00e-05,76965.28,22134784,1.0000,2025-06-07 17:56:47
1351,4.468246,4.944818,161.978851,5.00e-05,77049.67,22151168,N/A,2025-06-07 17:56:48
1352,4.167777,4.944818,161.978851,5.00e-05,77071.78,22167552,N/A,2025-06-07 17:56:48
1353,3.458705,4.944818,161.978851,5.00e-05,77274.55,22183936,N/A,2025-06-07 17:56:48
1354,4.145407,4.944818,161.978851,5.00e-05,77298.48,22200320,N/A,2025-06-07 17:56:48
1355,4.584349,4.944818,161.978851,5.00e-05,77635.33,22216704,N/A,2025-06-07 17:56:49
1356,5.304621,4.944818,161.978851,5.00e-05,77443.17,22233088,N/A,2025-06-07 17:56:49
1357,4.769469,4.944818,161.978851,5.00e-05,77489.35,22249472,N/A,2025-06-07 17:56:49
1358,3.582773,4.944818,161.978851,5.00e-05,77630.02,22265856,N/A,2025-06-07 17:56:49
1359,4.120375,4.944818,161.978851,5.00e-05,79729.52,22282240,N/A,2025-06-07 17:56:50
1360,4.584898,4.944818,161.978851,5.00e-05,78144.67,22298624,1.0000,2025-06-07 17:56:50
1361,4.291236,4.944818,161.978851,5.00e-05,78112.52,22315008,N/A,2025-06-07 17:56:50
1362,5.610744,4.944818,161.978851,5.00e-05,77998.06,22331392,N/A,2025-06-07 17:56:50
1363,4.733625,4.944818,161.978851,5.00e-05,77912.10,22347776,N/A,2025-06-07 17:56:51
1364,4.334566,4.944818,161.978851,5.00e-05,77884.81,22364160,N/A,2025-06-07 17:56:51
1365,4.851305,4.944818,161.978851,5.00e-05,78084.64,22380544,N/A,2025-06-07 17:56:51
1366,4.868819,4.944818,161.978851,5.00e-05,77987.79,22396928,N/A,2025-06-07 17:56:51
1367,4.360078,4.944818,161.978851,5.00e-05,78139.39,22413312,N/A,2025-06-07 17:56:51
1368,4.342818,4.944818,161.978851,5.00e-05,77565.01,22429696,N/A,2025-06-07 17:56:52
1369,4.971499,4.944818,161.978851,5.00e-05,78846.06,22446080,N/A,2025-06-07 17:56:52
1370,5.290143,4.944818,161.978851,5.00e-05,77458.05,22462464,1.0000,2025-06-07 17:56:52
1371,4.752034,4.944818,161.978851,5.00e-05,76433.68,22478848,N/A,2025-06-07 17:56:52
1372,5.212250,4.944818,161.978851,5.00e-05,76561.65,22495232,N/A,2025-06-07 17:56:53
1373,3.983706,4.944818,161.978851,5.00e-05,76481.00,22511616,N/A,2025-06-07 17:56:53
1374,5.195428,4.944818,161.978851,5.00e-05,76387.59,22528000,N/A,2025-06-07 17:56:53
1375,4.630920,4.944818,161.978851,5.00e-05,76565.56,22544384,N/A,2025-06-07 17:56:53
1376,4.623088,4.944818,161.978851,5.00e-05,76407.42,22560768,N/A,2025-06-07 17:56:54
1377,4.741860,4.944818,161.978851,5.00e-05,76519.47,22577152,N/A,2025-06-07 17:56:54
1378,4.567425,4.944818,161.978851,5.00e-05,76799.11,22593536,N/A,2025-06-07 17:56:54
1379,3.710854,4.944818,161.978851,5.00e-05,78084.70,22609920,N/A,2025-06-07 17:56:54
1380,4.687207,4.944818,161.978851,5.00e-05,76948.06,22626304,1.0000,2025-06-07 17:56:55
1381,5.194376,4.944818,161.978851,5.00e-05,76963.91,22642688,N/A,2025-06-07 17:56:55
1382,5.430462,4.944818,161.978851,5.00e-05,76914.35,22659072,N/A,2025-06-07 17:56:55
1383,4.581684,4.944818,161.978851,5.00e-05,76657.25,22675456,N/A,2025-06-07 17:56:55
1384,4.733165,4.944818,161.978851,5.00e-05,76477.90,22691840,N/A,2025-06-07 17:56:55
1385,4.416597,4.944818,161.978851,5.00e-05,75861.63,22708224,N/A,2025-06-07 17:56:56
1386,4.566120,4.944818,161.978851,5.00e-05,76388.76,22724608,N/A,2025-06-07 17:56:56
1387,4.666929,4.944818,161.978851,5.00e-05,76251.86,22740992,N/A,2025-06-07 17:56:56
1388,5.042829,4.944818,161.978851,5.00e-05,76345.52,22757376,N/A,2025-06-07 17:56:56
1389,4.599621,4.944818,161.978851,5.00e-05,78386.05,22773760,N/A,2025-06-07 17:56:57
1390,4.926152,4.944818,161.978851,5.00e-05,76985.15,22790144,1.0000,2025-06-07 17:56:57
1391,5.686213,4.944818,161.978851,5.00e-05,76853.15,22806528,N/A,2025-06-07 17:56:57
1392,5.226403,4.944818,161.978851,5.00e-05,77143.18,22822912,N/A,2025-06-07 17:56:57
1393,4.600938,4.944818,161.978851,5.00e-05,77212.90,22839296,N/A,2025-06-07 17:56:58
1394,4.632880,4.944818,161.978851,5.00e-05,77965.63,22855680,N/A,2025-06-07 17:56:58
1395,5.125572,4.944818,161.978851,5.00e-05,78181.48,22872064,N/A,2025-06-07 17:56:58
1396,3.809677,4.944818,161.978851,5.00e-05,77996.28,22888448,N/A,2025-06-07 17:56:58
1397,3.478876,4.944818,161.978851,5.00e-05,77986.58,22904832,N/A,2025-06-07 17:56:59
1398,3.981938,4.944818,161.978851,5.00e-05,78033.62,22921216,N/A,2025-06-07 17:56:59
1399,3.675390,4.944818,161.978851,5.00e-05,79396.39,22937600,N/A,2025-06-07 17:56:59
1400,4.569130,4.944818,161.978851,5.00e-05,78026.78,22953984,1.0000,2025-06-07 17:56:59
1401,4.426333,4.944818,161.978851,5.00e-05,76604.92,22970368,N/A,2025-06-07 17:57:00
1402,4.078367,4.944818,161.978851,5.00e-05,76383.64,22986752,N/A,2025-06-07 17:57:00
1403,5.154466,4.944818,161.978851,5.00e-05,76271.97,23003136,N/A,2025-06-07 17:57:00
1404,5.618527,4.944818,161.978851,5.00e-05,76203.95,23019520,N/A,2025-06-07 17:57:00
1405,4.917547,4.944818,161.978851,5.00e-05,76434.47,23035904,N/A,2025-06-07 17:57:00
1406,3.898351,4.944818,161.978851,5.00e-05,76403.51,23052288,N/A,2025-06-07 17:57:01
1407,3.397848,4.944818,161.978851,5.00e-05,75519.67,23068672,N/A,2025-06-07 17:57:01
1408,4.644097,4.944818,161.978851,5.00e-05,75558.32,23085056,N/A,2025-06-07 17:57:01
1409,4.530719,4.944818,161.978851,5.00e-05,76766.79,23101440,N/A,2025-06-07 17:57:01
1410,4.506688,4.944818,161.978851,5.00e-05,76700.99,23117824,1.0000,2025-06-07 17:57:02
1411,3.403645,4.944818,161.978851,5.00e-05,76998.78,23134208,N/A,2025-06-07 17:57:02
1412,4.193849,4.944818,161.978851,5.00e-05,77085.23,23150592,N/A,2025-06-07 17:57:02
1413,4.390009,4.944818,161.978851,5.00e-05,77061.79,23166976,N/A,2025-06-07 17:57:02
1414,5.329738,4.944818,161.978851,5.00e-05,77143.20,23183360,N/A,2025-06-07 17:57:03
1415,3.410278,4.944818,161.978851,5.00e-05,77213.85,23199744,N/A,2025-06-07 17:57:03
1416,4.639060,4.944818,161.978851,5.00e-05,78280.93,23216128,N/A,2025-06-07 17:57:03
1417,4.334432,4.944818,161.978851,5.00e-05,78311.16,23232512,N/A,2025-06-07 17:57:03
1418,5.333203,4.944818,161.978851,5.00e-05,78652.96,23248896,N/A,2025-06-07 17:57:03
1419,4.698357,4.944818,161.978851,5.00e-05,79977.84,23265280,N/A,2025-06-07 17:57:04
1420,4.238448,4.944818,161.978851,5.00e-05,78319.41,23281664,1.0000,2025-06-07 17:57:04
1421,4.176890,4.944818,161.978851,5.00e-05,78242.57,23298048,N/A,2025-06-07 17:57:04
1422,4.301486,4.944818,161.978851,5.00e-05,78211.68,23314432,N/A,2025-06-07 17:57:04
1423,4.535247,4.944818,161.978851,5.00e-05,78218.73,23330816,N/A,2025-06-07 17:57:05
1424,4.304635,4.944818,161.978851,5.00e-05,78135.67,23347200,N/A,2025-06-07 17:57:05
1425,5.240244,4.944818,161.978851,5.00e-05,78149.39,23363584,N/A,2025-06-07 17:57:05
1426,4.881597,4.944818,161.978851,5.00e-05,78145.98,23379968,N/A,2025-06-07 17:57:05
1427,3.214956,4.944818,161.978851,5.00e-05,78144.33,23396352,N/A,2025-06-07 17:57:06
1428,3.739870,4.944818,161.978851,5.00e-05,78323.19,23412736,N/A,2025-06-07 17:57:06
1429,4.769309,4.944818,161.978851,5.00e-05,79798.15,23429120,N/A,2025-06-07 17:57:06
1430,4.524312,4.944818,161.978851,5.00e-05,77877.68,23445504,1.0000,2025-06-07 17:57:06
1431,4.789659,4.944818,161.978851,5.00e-05,77977.79,23461888,N/A,2025-06-07 17:57:07
1432,5.471713,4.944818,161.978851,5.00e-05,77894.65,23478272,N/A,2025-06-07 17:57:07
1433,5.125154,4.944818,161.978851,5.00e-05,77940.85,23494656,N/A,2025-06-07 17:57:07
1434,3.320967,4.944818,161.978851,5.00e-05,77864.45,23511040,N/A,2025-06-07 17:57:07
1435,4.975640,4.944818,161.978851,5.00e-05,77925.40,23527424,N/A,2025-06-07 17:57:07
1436,4.078025,4.944818,161.978851,5.00e-05,77819.78,23543808,N/A,2025-06-07 17:57:08
1437,4.466948,4.944818,161.978851,5.00e-05,77836.38,23560192,N/A,2025-06-07 17:57:08
1438,3.708002,4.944818,161.978851,5.00e-05,77945.96,23576576,N/A,2025-06-07 17:57:08
1439,5.093819,4.944818,161.978851,5.00e-05,79753.95,23592960,N/A,2025-06-07 17:57:08
1440,3.936737,4.944818,161.978851,5.00e-05,76985.32,23609344,1.0000,2025-06-07 17:57:09
1441,3.260994,4.944818,161.978851,5.00e-05,76682.32,23625728,N/A,2025-06-07 17:57:09
1442,4.806303,4.944818,161.978851,5.00e-05,76625.36,23642112,N/A,2025-06-07 17:57:09
1443,3.933495,4.944818,161.978851,5.00e-05,76374.93,23658496,N/A,2025-06-07 17:57:09
1444,4.337387,4.944818,161.978851,5.00e-05,76213.20,23674880,N/A,2025-06-07 17:57:10
1445,4.767789,4.944818,161.978851,5.00e-05,76130.51,23691264,N/A,2025-06-07 17:57:10
1446,5.154590,4.944818,161.978851,5.00e-05,75393.26,23707648,N/A,2025-06-07 17:57:10
1447,5.190911,4.944818,161.978851,5.00e-05,75325.18,23724032,N/A,2025-06-07 17:57:10
1448,4.147903,4.944818,161.978851,5.00e-05,51640.32,23740416,N/A,2025-06-07 17:57:12
1449,5.505342,4.944818,161.978851,5.00e-05,52835.44,23756800,N/A,2025-06-07 17:57:12
1450,4.936777,4.944818,161.978851,5.00e-05,52330.46,23773184,1.0000,2025-06-07 17:57:12
1451,4.686398,4.944818,161.978851,5.00e-05,52332.73,23789568,N/A,2025-06-07 17:57:12
1452,5.354439,4.944818,161.978851,5.00e-05,52461.29,23805952,N/A,2025-06-07 17:57:12
1453,4.522319,4.944818,161.978851,5.00e-05,52400.39,23822336,N/A,2025-06-07 17:57:13
1454,5.493232,4.944818,161.978851,5.00e-05,52514.04,23838720,N/A,2025-06-07 17:57:13
1455,4.022077,4.944818,161.978851,5.00e-05,52360.81,23855104,N/A,2025-06-07 17:57:13
1456,4.080939,4.944818,161.978851,5.00e-05,52368.68,23871488,N/A,2025-06-07 17:57:13
1457,5.382742,4.944818,161.978851,5.00e-05,77062.67,23887872,N/A,2025-06-07 17:57:14
1458,4.270823,4.944818,161.978851,5.00e-05,76855.55,23904256,N/A,2025-06-07 17:57:14
1459,4.324252,4.944818,161.978851,5.00e-05,78145.87,23920640,N/A,2025-06-07 17:57:14
1460,5.725832,4.944818,161.978851,5.00e-05,76606.25,23937024,1.0000,2025-06-07 17:57:14
1461,4.203498,4.944818,161.978851,5.00e-05,76645.08,23953408,N/A,2025-06-07 17:57:15
1462,5.037826,4.944818,161.978851,5.00e-05,76865.89,23969792,N/A,2025-06-07 17:57:15
1463,4.597709,4.944818,161.978851,5.00e-05,76757.24,23986176,N/A,2025-06-07 17:57:15
1464,4.626226,4.944818,161.978851,5.00e-05,77818.11,24002560,N/A,2025-06-07 17:57:15
1465,4.341923,4.944818,161.978851,5.00e-05,77617.11,24018944,N/A,2025-06-07 17:57:16
1466,4.423655,4.944818,161.978851,5.00e-05,77625.43,24035328,N/A,2025-06-07 17:57:16
1467,4.214850,4.944818,161.978851,5.00e-05,77109.20,24051712,N/A,2025-06-07 17:57:16
1468,3.606207,4.944818,161.978851,5.00e-05,77166.97,24068096,N/A,2025-06-07 17:57:16
1469,4.438909,4.944818,161.978851,5.00e-05,78748.06,24084480,N/A,2025-06-07 17:57:16
1470,3.475441,4.944818,161.978851,5.00e-05,76509.05,24100864,1.0000,2025-06-07 17:57:17
1471,4.555614,4.944818,161.978851,5.00e-05,76084.68,24117248,N/A,2025-06-07 17:57:17
1472,4.197988,4.944818,161.978851,5.00e-05,75995.87,24133632,N/A,2025-06-07 17:57:17
1473,4.777114,4.944818,161.978851,5.00e-05,75990.50,24150016,N/A,2025-06-07 17:57:17
1474,5.925229,4.944818,161.978851,5.00e-05,75980.12,24166400,N/A,2025-06-07 17:57:18
1475,4.074319,4.944818,161.978851,5.00e-05,75981.65,24182784,N/A,2025-06-07 17:57:18
1476,4.224450,4.944818,161.978851,5.00e-05,76735.99,24199168,N/A,2025-06-07 17:57:18
1477,4.214186,4.944818,161.978851,5.00e-05,76844.46,24215552,N/A,2025-06-07 17:57:18
1478,4.773293,4.944818,161.978851,5.00e-05,76842.25,24231936,N/A,2025-06-07 17:57:19
1479,4.314781,4.944818,161.978851,5.00e-05,78976.84,24248320,N/A,2025-06-07 17:57:19
1480,4.492050,4.944818,161.978851,5.00e-05,77842.74,24264704,1.0000,2025-06-07 17:57:19
1481,4.374545,4.944818,161.978851,5.00e-05,77858.71,24281088,N/A,2025-06-07 17:57:19
1482,5.004230,4.944818,161.978851,5.00e-05,77915.64,24297472,N/A,2025-06-07 17:57:20
1483,5.575829,4.944818,161.978851,5.00e-05,77656.86,24313856,N/A,2025-06-07 17:57:20
1484,3.800855,4.944818,161.978851,5.00e-05,77448.65,24330240,N/A,2025-06-07 17:57:20
1485,4.145874,4.944818,161.978851,5.00e-05,77233.18,24346624,N/A,2025-06-07 17:57:20
1486,3.882248,4.944818,161.978851,5.00e-05,77063.98,24363008,N/A,2025-06-07 17:57:20
1487,4.072189,4.944818,161.978851,5.00e-05,77097.44,24379392,N/A,2025-06-07 17:57:21
1488,4.550255,4.944818,161.978851,5.00e-05,76911.85,24395776,N/A,2025-06-07 17:57:21
1489,3.627951,4.944818,161.978851,5.00e-05,78297.03,24412160,N/A,2025-06-07 17:57:21
1490,4.382793,4.944818,161.978851,5.00e-05,76821.82,24428544,1.0000,2025-06-07 17:57:21
1491,4.440621,4.944818,161.978851,5.00e-05,76552.56,24444928,N/A,2025-06-07 17:57:22
1492,3.598336,4.944818,161.978851,5.00e-05,76866.91,24461312,N/A,2025-06-07 17:57:22
1493,2.886309,4.944818,161.978851,5.00e-05,76838.28,24477696,N/A,2025-06-07 17:57:22
1494,3.836923,4.944818,161.978851,5.00e-05,76920.03,24494080,N/A,2025-06-07 17:57:22
1495,4.826374,4.944818,161.978851,5.00e-05,77107.69,24510464,N/A,2025-06-07 17:57:23
1496,4.541303,4.944818,161.978851,5.00e-05,76971.32,24526848,N/A,2025-06-07 17:57:23
1497,4.951537,4.944818,161.978851,5.00e-05,76950.40,24543232,N/A,2025-06-07 17:57:23
1498,4.228168,4.944818,161.978851,5.00e-05,77070.09,24559616,N/A,2025-06-07 17:57:23
1499,4.838727,4.944818,161.978851,5.00e-05,78504.12,24576000,N/A,2025-06-07 17:57:24
1500,4.535667,4.944818,161.978851,5.00e-05,77059.78,24592384,1.0000,2025-06-07 17:57:24
1501,4.630260,4.944818,161.978851,5.00e-05,75899.87,24608768,N/A,2025-06-07 17:57:24
1502,4.330057,4.944818,161.978851,5.00e-05,75970.52,24625152,N/A,2025-06-07 17:57:24
1503,3.702012,4.944818,161.978851,5.00e-05,75990.12,24641536,N/A,2025-06-07 17:57:25
1504,3.779185,4.944818,161.978851,5.00e-05,75952.68,24657920,N/A,2025-06-07 17:57:25
1505,4.209332,4.944818,161.978851,5.00e-05,75958.49,24674304,N/A,2025-06-07 17:57:25
1506,4.329842,4.944818,161.978851,5.00e-05,75204.01,24690688,N/A,2025-06-07 17:57:25
1507,4.554133,4.944818,161.978851,5.00e-05,75439.19,24707072,N/A,2025-06-07 17:57:25
1508,4.204277,4.944818,161.978851,5.00e-05,75656.93,24723456,N/A,2025-06-07 17:57:26
1509,4.771686,4.944818,161.978851,5.00e-05,76437.27,24739840,N/A,2025-06-07 17:57:26
1510,4.364079,4.944818,161.978851,5.00e-05,76264.12,24756224,1.0000,2025-06-07 17:57:26
1511,5.433676,4.944818,161.978851,5.00e-05,76345.69,24772608,N/A,2025-06-07 17:57:26
1512,4.225878,4.944818,161.978851,5.00e-05,76416.81,24788992,N/A,2025-06-07 17:57:27
1513,5.162521,4.944818,161.978851,5.00e-05,76380.13,24805376,N/A,2025-06-07 17:57:27
1514,5.152765,4.944818,161.978851,5.00e-05,76430.21,24821760,N/A,2025-06-07 17:57:27
1515,4.979650,4.944818,161.978851,5.00e-05,77482.52,24838144,N/A,2025-06-07 17:57:27
1516,4.517244,4.944818,161.978851,5.00e-05,77217.60,24854528,N/A,2025-06-07 17:57:28
1517,4.563407,4.944818,161.978851,5.00e-05,76335.87,24870912,N/A,2025-06-07 17:57:28
1518,5.079388,4.944818,161.978851,5.00e-05,77216.02,24887296,N/A,2025-06-07 17:57:28
1519,5.820543,4.944818,161.978851,5.00e-05,78546.90,24903680,N/A,2025-06-07 17:57:28
1520,5.116582,4.944818,161.978851,5.00e-05,76377.05,24920064,1.0000,2025-06-07 17:57:29
1521,4.109409,4.944818,161.978851,5.00e-05,76355.86,24936448,N/A,2025-06-07 17:57:29
1522,4.250338,4.944818,161.978851,5.00e-05,76443.05,24952832,N/A,2025-06-07 17:57:29
1523,4.701208,4.944818,161.978851,5.00e-05,76412.39,24969216,N/A,2025-06-07 17:57:29
1524,3.920269,4.944818,161.978851,5.00e-05,76470.46,24985600,N/A,2025-06-07 17:57:30
1525,3.501152,4.944818,161.978851,5.00e-05,75929.38,25001984,N/A,2025-06-07 17:57:30
1526,3.575958,4.944818,161.978851,5.00e-05,76725.04,25018368,N/A,2025-06-07 17:57:30
1527,4.065331,4.944818,161.978851,5.00e-05,76740.84,25034752,N/A,2025-06-07 17:57:30
1528,5.213368,4.944818,161.978851,5.00e-05,76996.79,25051136,N/A,2025-06-07 17:57:30
1529,4.916933,4.944818,161.978851,5.00e-05,79307.84,25067520,N/A,2025-06-07 17:57:31
1530,5.151303,4.944818,161.978851,5.00e-05,77674.48,25083904,1.0000,2025-06-07 17:57:31
1531,3.988643,4.944818,161.978851,5.00e-05,77759.53,25100288,N/A,2025-06-07 17:57:31
1532,4.258507,4.944818,161.978851,5.00e-05,77487.65,25116672,N/A,2025-06-07 17:57:31
1533,4.115994,4.944818,161.978851,5.00e-05,77319.93,25133056,N/A,2025-06-07 17:57:32
1534,4.313745,4.944818,161.978851,5.00e-05,77782.49,25149440,N/A,2025-06-07 17:57:32
1535,4.783389,4.944818,161.978851,5.00e-05,77345.76,25165824,N/A,2025-06-07 17:57:32
1536,3.166478,4.944818,161.978851,5.00e-05,77289.57,25182208,N/A,2025-06-07 17:57:32
1537,4.430387,4.944818,161.978851,5.00e-05,77102.57,25198592,N/A,2025-06-07 17:57:33
1538,4.633160,4.944818,161.978851,5.00e-05,77109.65,25214976,N/A,2025-06-07 17:57:33
1539,4.804686,4.944818,161.978851,5.00e-05,78641.92,25231360,N/A,2025-06-07 17:57:33
1540,4.755853,4.944818,161.978851,5.00e-05,76948.01,25247744,1.0000,2025-06-07 17:57:33
1541,4.071064,4.944818,161.978851,5.00e-05,77541.03,25264128,N/A,2025-06-07 17:57:34
1542,3.930599,4.944818,161.978851,5.00e-05,77614.67,25280512,N/A,2025-06-07 17:57:34
1543,4.282038,4.944818,161.978851,5.00e-05,76637.61,25296896,N/A,2025-06-07 17:57:34
1544,3.945487,4.944818,161.978851,5.00e-05,76976.84,25313280,N/A,2025-06-07 17:57:34
1545,4.786261,4.944818,161.978851,5.00e-05,76886.59,25329664,N/A,2025-06-07 17:57:34
1546,4.462567,4.944818,161.978851,5.00e-05,77015.76,25346048,N/A,2025-06-07 17:57:35
1547,3.673364,4.944818,161.978851,5.00e-05,76863.82,25362432,N/A,2025-06-07 17:57:35
1548,4.614430,4.944818,161.978851,5.00e-05,76679.23,25378816,N/A,2025-06-07 17:57:35
1549,5.474556,4.944818,161.978851,5.00e-05,78146.02,25395200,N/A,2025-06-07 17:57:35
1550,3.681394,4.944818,161.978851,5.00e-05,76378.63,25411584,1.0000,2025-06-07 17:57:36
1551,5.042301,4.944818,161.978851,5.00e-05,76246.01,25427968,N/A,2025-06-07 17:57:36
1552,4.288440,4.944818,161.978851,5.00e-05,77329.53,25444352,N/A,2025-06-07 17:57:36
1553,4.299906,4.944818,161.978851,5.00e-05,77441.73,25460736,N/A,2025-06-07 17:57:36
1554,4.826884,4.944818,161.978851,5.00e-05,77377.53,25477120,N/A,2025-06-07 17:57:37
1555,4.821383,4.944818,161.978851,5.00e-05,77421.33,25493504,N/A,2025-06-07 17:57:37
1556,5.355028,4.944818,161.978851,5.00e-05,77553.68,25509888,N/A,2025-06-07 17:57:37
1557,4.153056,4.944818,161.978851,5.00e-05,77683.77,25526272,N/A,2025-06-07 17:57:37
1558,4.051484,4.944818,161.978851,5.00e-05,77566.00,25542656,N/A,2025-06-07 17:57:38
1559,4.711132,4.944818,161.978851,5.00e-05,78798.51,25559040,N/A,2025-06-07 17:57:38
1560,3.613952,4.944818,161.978851,5.00e-05,77228.21,25575424,1.0000,2025-06-07 17:57:38
1561,3.964489,4.944818,161.978851,5.00e-05,77205.15,25591808,N/A,2025-06-07 17:57:38
1562,5.075648,4.944818,161.978851,5.00e-05,77093.16,25608192,N/A,2025-06-07 17:57:38
1563,4.383826,4.944818,161.978851,5.00e-05,75980.64,25624576,N/A,2025-06-07 17:57:39
1564,4.890661,4.944818,161.978851,5.00e-05,75988.18,25640960,N/A,2025-06-07 17:57:39
1565,4.227337,4.944818,161.978851,5.00e-05,75979.01,25657344,N/A,2025-06-07 17:57:39
1566,4.179621,4.944818,161.978851,5.00e-05,75432.77,25673728,N/A,2025-06-07 17:57:39
1567,4.661777,4.944818,161.978851,5.00e-05,75149.57,25690112,N/A,2025-06-07 17:57:40
1568,5.213260,4.944818,161.978851,5.00e-05,74455.79,25706496,N/A,2025-06-07 17:57:40
1569,4.390667,4.944818,161.978851,5.00e-05,75882.90,25722880,N/A,2025-06-07 17:57:40
1570,5.306883,4.944818,161.978851,5.00e-05,74445.93,25739264,1.0000,2025-06-07 17:57:40
1571,4.633862,4.944818,161.978851,5.00e-05,74367.00,25755648,N/A,2025-06-07 17:57:41
1572,4.484608,4.944818,161.978851,5.00e-05,75475.01,25772032,N/A,2025-06-07 17:57:41
1573,4.776546,4.944818,161.978851,5.00e-05,75418.89,25788416,N/A,2025-06-07 17:57:41
1574,4.098084,4.944818,161.978851,5.00e-05,75441.89,25804800,N/A,2025-06-07 17:57:41
1575,5.027918,4.944818,161.978851,5.00e-05,75884.95,25821184,N/A,2025-06-07 17:57:42
1576,5.016530,4.944818,161.978851,5.00e-05,76109.42,25837568,N/A,2025-06-07 17:57:42
1577,4.980009,4.944818,161.978851,5.00e-05,76949.37,25853952,N/A,2025-06-07 17:57:42
1578,5.411987,4.944818,161.978851,5.00e-05,76777.07,25870336,N/A,2025-06-07 17:57:42
1579,4.676576,4.944818,161.978851,5.00e-05,78115.28,25886720,N/A,2025-06-07 17:57:43
1580,3.876666,4.944818,161.978851,5.00e-05,76759.11,25903104,1.0000,2025-06-07 17:57:43
1581,4.630714,4.944818,161.978851,5.00e-05,76818.14,25919488,N/A,2025-06-07 17:57:43
1582,4.322110,4.944818,161.978851,5.00e-05,76748.20,25935872,N/A,2025-06-07 17:57:43
1583,5.032831,4.944818,161.978851,5.00e-05,76761.08,25952256,N/A,2025-06-07 17:57:44
1584,5.008088,4.944818,161.978851,5.00e-05,76929.25,25968640,N/A,2025-06-07 17:57:44
1585,3.923438,4.944818,161.978851,5.00e-05,76917.27,25985024,N/A,2025-06-07 17:57:44
1586,4.359257,4.944818,161.978851,5.00e-05,77053.23,26001408,N/A,2025-06-07 17:57:44
1587,4.868044,4.944818,161.978851,5.00e-05,77461.35,26017792,N/A,2025-06-07 17:57:44
1588,4.595103,4.944818,161.978851,5.00e-05,77647.14,26034176,N/A,2025-06-07 17:57:45
1589,4.042451,4.944818,161.978851,5.00e-05,79066.34,26050560,N/A,2025-06-07 17:57:45
1590,4.182455,4.944818,161.978851,5.00e-05,77724.68,26066944,1.0000,2025-06-07 17:57:45
1591,3.656295,4.944818,161.978851,5.00e-05,77791.30,26083328,N/A,2025-06-07 17:57:45
1592,4.133941,4.944818,161.978851,5.00e-05,77700.80,26099712,N/A,2025-06-07 17:57:46
1593,5.319827,4.944818,161.978851,5.00e-05,77764.86,26116096,N/A,2025-06-07 17:57:46
1594,4.057720,4.944818,161.978851,5.00e-05,77933.20,26132480,N/A,2025-06-07 17:57:46
1595,4.406002,4.944818,161.978851,5.00e-05,78016.91,26148864,N/A,2025-06-07 17:57:46
1596,4.629781,4.944818,161.978851,5.00e-05,77793.40,26165248,N/A,2025-06-07 17:57:47
1597,4.546571,4.944818,161.978851,5.00e-05,77857.51,26181632,N/A,2025-06-07 17:57:47
1598,3.850152,4.944818,161.978851,5.00e-05,77904.44,26198016,N/A,2025-06-07 17:57:47
1599,4.683225,4.944818,161.978851,5.00e-05,78604.67,26214400,N/A,2025-06-07 17:57:47
1600,4.839929,4.944818,161.978851,5.00e-05,77150.13,26230784,1.0000,2025-06-07 17:57:48
1601,5.249162,4.944818,161.978851,5.00e-05,75832.23,26247168,N/A,2025-06-07 17:57:48
1602,4.863804,4.944818,161.978851,5.00e-05,75816.31,26263552,N/A,2025-06-07 17:57:48
1603,5.457875,4.944818,161.978851,5.00e-05,75836.44,26279936,N/A,2025-06-07 17:57:48
1604,4.191478,4.944818,161.978851,5.00e-05,75683.79,26296320,N/A,2025-06-07 17:57:48
1605,3.374009,4.944818,161.978851,5.00e-05,75776.08,26312704,N/A,2025-06-07 17:57:49
1606,3.929584,4.944818,161.978851,5.00e-05,75780.99,26329088,N/A,2025-06-07 17:57:49
1607,3.646900,4.944818,161.978851,5.00e-05,75846.70,26345472,N/A,2025-06-07 17:57:49
1608,3.471893,4.944818,161.978851,5.00e-05,76391.47,26361856,N/A,2025-06-07 17:57:49
1609,4.937552,4.944818,161.978851,5.00e-05,77882.64,26378240,N/A,2025-06-07 17:57:50
1610,4.343019,4.944818,161.978851,5.00e-05,77881.78,26394624,1.0000,2025-06-07 17:57:50
1611,4.825827,4.944818,161.978851,5.00e-05,77997.33,26411008,N/A,2025-06-07 17:57:50
1612,5.412402,4.944818,161.978851,5.00e-05,77568.15,26427392,N/A,2025-06-07 17:57:50
1613,4.459473,4.944818,161.978851,5.00e-05,77843.07,26443776,N/A,2025-06-07 17:57:51
1614,4.118401,4.944818,161.978851,5.00e-05,77903.64,26460160,N/A,2025-06-07 17:57:51
1615,4.448178,4.944818,161.978851,5.00e-05,77902.40,26476544,N/A,2025-06-07 17:57:51
1616,3.883623,4.944818,161.978851,5.00e-05,77929.73,26492928,N/A,2025-06-07 17:57:51
1617,3.680765,4.944818,161.978851,5.00e-05,78165.53,26509312,N/A,2025-06-07 17:57:51
1618,4.789772,4.944818,161.978851,5.00e-05,78191.28,26525696,N/A,2025-06-07 17:57:52
1619,4.893752,4.944818,161.978851,5.00e-05,79578.03,26542080,N/A,2025-06-07 17:57:52
1620,3.981806,4.944818,161.978851,5.00e-05,77783.22,26558464,1.0000,2025-06-07 17:57:52
1621,4.925248,4.944818,161.978851,5.00e-05,78286.50,26574848,N/A,2025-06-07 17:57:52
1622,5.587456,4.944818,161.978851,5.00e-05,78123.69,26591232,N/A,2025-06-07 17:57:53
1623,4.380414,4.944818,161.978851,5.00e-05,78214.93,26607616,N/A,2025-06-07 17:57:53
1624,4.130476,4.944818,161.978851,5.00e-05,78238.02,26624000,N/A,2025-06-07 17:57:53
1625,4.007395,4.944818,161.978851,5.00e-05,78274.80,26640384,N/A,2025-06-07 17:57:53
1626,4.400468,4.944818,161.978851,5.00e-05,78114.56,26656768,N/A,2025-06-07 17:57:54
1627,3.912412,4.944818,161.978851,5.00e-05,78021.79,26673152,N/A,2025-06-07 17:57:54
1628,3.971737,4.944818,161.978851,5.00e-05,78017.10,26689536,N/A,2025-06-07 17:57:54
1629,4.311488,4.944818,161.978851,5.00e-05,78991.23,26705920,N/A,2025-06-07 17:57:54
1630,4.871385,4.944818,161.978851,5.00e-05,77570.57,26722304,1.0000,2025-06-07 17:57:55
1631,4.801561,4.944818,161.978851,5.00e-05,77615.00,26738688,N/A,2025-06-07 17:57:55
1632,4.364678,4.944818,161.978851,5.00e-05,77602.49,26755072,N/A,2025-06-07 17:57:55
1633,3.902964,4.944818,161.978851,5.00e-05,77509.70,26771456,N/A,2025-06-07 17:57:55
1634,5.413741,4.944818,161.978851,5.00e-05,77602.02,26787840,N/A,2025-06-07 17:57:55
1635,4.435540,4.944818,161.978851,5.00e-05,77733.90,26804224,N/A,2025-06-07 17:57:56
1636,4.894835,4.944818,161.978851,5.00e-05,77630.91,26820608,N/A,2025-06-07 17:57:56
1637,4.259946,4.944818,161.978851,5.00e-05,77722.18,26836992,N/A,2025-06-07 17:57:56
1638,4.209901,4.944818,161.978851,5.00e-05,78125.71,26853376,N/A,2025-06-07 17:57:56
1639,4.362330,4.944818,161.978851,5.00e-05,79479.32,26869760,N/A,2025-06-07 17:57:57
1640,3.785237,4.944818,161.978851,5.00e-05,77866.87,26886144,1.0000,2025-06-07 17:57:57
1641,4.557257,4.944818,161.978851,5.00e-05,77785.99,26902528,N/A,2025-06-07 17:57:57
1642,5.526871,4.944818,161.978851,5.00e-05,77921.59,26918912,N/A,2025-06-07 17:57:57
1643,4.079987,4.944818,161.978851,5.00e-05,77817.66,26935296,N/A,2025-06-07 17:57:58
1644,4.362381,4.944818,161.978851,5.00e-05,77841.63,26951680,N/A,2025-06-07 17:57:58
1645,4.819104,4.944818,161.978851,5.00e-05,77776.23,26968064,N/A,2025-06-07 17:57:58
1646,5.003170,4.944818,161.978851,5.00e-05,77757.81,26984448,N/A,2025-06-07 17:57:58
1647,3.746485,4.944818,161.978851,5.00e-05,78146.09,27000832,N/A,2025-06-07 17:57:58
1648,4.023161,4.944818,161.978851,5.00e-05,78040.48,27017216,N/A,2025-06-07 17:57:59
1649,3.442223,4.944818,161.978851,5.00e-05,79592.63,27033600,N/A,2025-06-07 17:57:59
1650,3.065181,4.944818,161.978851,5.00e-05,78154.96,27049984,1.0000,2025-06-07 17:57:59
1651,5.262430,4.944818,161.978851,5.00e-05,78249.48,27066368,N/A,2025-06-07 17:57:59
1652,4.494517,4.944818,161.978851,5.00e-05,78219.96,27082752,N/A,2025-06-07 17:58:00
1653,4.358809,4.944818,161.978851,5.00e-05,78038.21,27099136,N/A,2025-06-07 17:58:00
1654,4.664919,4.944818,161.978851,5.00e-05,78330.44,27115520,N/A,2025-06-07 17:58:00
1655,4.932531,4.944818,161.978851,5.00e-05,78193.36,27131904,N/A,2025-06-07 17:58:00
1656,4.111107,4.944818,161.978851,5.00e-05,78115.66,27148288,N/A,2025-06-07 17:58:01
1657,4.481197,4.944818,161.978851,5.00e-05,78179.44,27164672,N/A,2025-06-07 17:58:01
1658,5.727271,4.944818,161.978851,5.00e-05,78133.25,27181056,N/A,2025-06-07 17:58:01
1659,5.529882,4.944818,161.978851,5.00e-05,79450.20,27197440,N/A,2025-06-07 17:58:01
1660,3.929018,4.944818,161.978851,5.00e-05,76457.49,27213824,1.0000,2025-06-07 17:58:02
1661,4.325556,4.944818,161.978851,5.00e-05,76280.85,27230208,N/A,2025-06-07 17:58:02
1662,4.455052,4.944818,161.978851,5.00e-05,76222.08,27246592,N/A,2025-06-07 17:58:02
1663,3.262190,4.944818,161.978851,5.00e-05,76084.44,27262976,N/A,2025-06-07 17:58:02
1664,3.605139,4.944818,161.978851,5.00e-05,76180.16,27279360,N/A,2025-06-07 17:58:02
1665,3.351739,4.944818,161.978851,5.00e-05,75849.81,27295744,N/A,2025-06-07 17:58:03
1666,4.562289,4.944818,161.978851,5.00e-05,75946.67,27312128,N/A,2025-06-07 17:58:03
1667,3.887161,4.944818,161.978851,5.00e-05,76022.83,27328512,N/A,2025-06-07 17:58:03
1668,4.098374,4.944818,161.978851,5.00e-05,76143.24,27344896,N/A,2025-06-07 17:58:03
1669,4.757317,4.944818,161.978851,5.00e-05,78859.24,27361280,N/A,2025-06-07 17:58:04
1670,4.938716,4.944818,161.978851,5.00e-05,77303.06,27377664,1.0000,2025-06-07 17:58:04
1671,4.054542,4.944818,161.978851,5.00e-05,77377.09,27394048,N/A,2025-06-07 17:58:04
1672,4.627684,4.944818,161.978851,5.00e-05,77329.98,27410432,N/A,2025-06-07 17:58:04
1673,3.410166,4.944818,161.978851,5.00e-05,77321.12,27426816,N/A,2025-06-07 17:58:05
1674,4.326158,4.944818,161.978851,5.00e-05,76834.22,27443200,N/A,2025-06-07 17:58:05
1675,4.386982,4.944818,161.978851,5.00e-05,76859.09,27459584,N/A,2025-06-07 17:58:05
1676,3.801105,4.944818,161.978851,5.00e-05,76736.46,27475968,N/A,2025-06-07 17:58:05
1677,5.170109,4.944818,161.978851,5.00e-05,76765.10,27492352,N/A,2025-06-07 17:58:06
1678,4.600240,4.944818,161.978851,5.00e-05,76804.92,27508736,N/A,2025-06-07 17:58:06
1679,3.643859,4.944818,161.978851,5.00e-05,78436.78,27525120,N/A,2025-06-07 17:58:06
1680,3.734840,4.944818,161.978851,5.00e-05,77034.71,27541504,1.0000,2025-06-07 17:58:06
1681,4.786555,4.944818,161.978851,5.00e-05,75879.03,27557888,N/A,2025-06-07 17:58:07
1682,5.990331,4.944818,161.978851,5.00e-05,75829.10,27574272,N/A,2025-06-07 17:58:07
1683,3.721363,4.944818,161.978851,5.00e-05,76538.39,27590656,N/A,2025-06-07 17:58:07
1684,5.219684,4.944818,161.978851,5.00e-05,76562.96,27607040,N/A,2025-06-07 17:58:07
1685,4.300972,4.944818,161.978851,5.00e-05,76674.27,27623424,N/A,2025-06-07 17:58:07
1686,3.794466,4.944818,161.978851,5.00e-05,76467.01,27639808,N/A,2025-06-07 17:58:08
1687,4.309332,4.944818,161.978851,5.00e-05,75553.03,27656192,N/A,2025-06-07 17:58:08
1688,3.843186,4.944818,161.978851,5.00e-05,75511.29,27672576,N/A,2025-06-07 17:58:08
1689,4.530564,4.944818,161.978851,5.00e-05,76674.32,27688960,N/A,2025-06-07 17:58:08
1690,3.840775,4.944818,161.978851,5.00e-05,75722.50,27705344,1.0000,2025-06-07 17:58:09
1691,5.456912,4.944818,161.978851,5.00e-05,75697.80,27721728,N/A,2025-06-07 17:58:09
1692,3.807412,4.944818,161.978851,5.00e-05,75567.29,27738112,N/A,2025-06-07 17:58:09
1693,4.010322,4.944818,161.978851,5.00e-05,75467.99,27754496,N/A,2025-06-07 17:58:09
1694,4.960553,4.944818,161.978851,5.00e-05,75506.44,27770880,N/A,2025-06-07 17:58:10
1695,3.873705,4.944818,161.978851,5.00e-05,75710.36,27787264,N/A,2025-06-07 17:58:10
1696,4.864333,4.944818,161.978851,5.00e-05,76489.26,27803648,N/A,2025-06-07 17:58:10
1697,4.337250,4.944818,161.978851,5.00e-05,76425.81,27820032,N/A,2025-06-07 17:58:10
1698,3.758886,4.944818,161.978851,5.00e-05,76268.06,27836416,N/A,2025-06-07 17:58:11
1699,4.787438,4.944818,161.978851,5.00e-05,78534.20,27852800,N/A,2025-06-07 17:58:11
1700,5.290212,4.944818,161.978851,5.00e-05,76938.95,27869184,1.0000,2025-06-07 17:58:11
1701,4.407248,4.944818,161.978851,5.00e-05,75979.67,27885568,N/A,2025-06-07 17:58:11
1702,4.599325,4.944818,161.978851,5.00e-05,75956.94,27901952,N/A,2025-06-07 17:58:12
1703,4.938325,4.944818,161.978851,5.00e-05,75892.59,27918336,N/A,2025-06-07 17:58:12
1704,5.001435,4.944818,161.978851,5.00e-05,75637.08,27934720,N/A,2025-06-07 17:58:12
1705,4.360211,4.944818,161.978851,5.00e-05,75469.56,27951104,N/A,2025-06-07 17:58:12
1706,3.453552,4.944818,161.978851,5.00e-05,75717.66,27967488,N/A,2025-06-07 17:58:12
1707,5.658249,4.944818,161.978851,5.00e-05,76015.47,27983872,N/A,2025-06-07 17:58:13
1708,3.742327,4.944818,161.978851,5.00e-05,76083.20,28000256,N/A,2025-06-07 17:58:13
1709,5.006460,4.944818,161.978851,5.00e-05,77688.40,28016640,N/A,2025-06-07 17:58:13
1710,5.065996,4.944818,161.978851,5.00e-05,77475.27,28033024,1.0000,2025-06-07 17:58:13
1711,4.462063,4.944818,161.978851,5.00e-05,77655.34,28049408,N/A,2025-06-07 17:58:14
1712,4.717634,4.944818,161.978851,5.00e-05,77689.67,28065792,N/A,2025-06-07 17:58:14
1713,3.264180,4.944818,161.978851,5.00e-05,77982.49,28082176,N/A,2025-06-07 17:58:14
1714,3.818368,4.944818,161.978851,5.00e-05,78170.55,28098560,N/A,2025-06-07 17:58:14
1715,4.703710,4.944818,161.978851,5.00e-05,78065.67,28114944,N/A,2025-06-07 17:58:15
1716,4.915168,4.944818,161.978851,5.00e-05,78068.17,28131328,N/A,2025-06-07 17:58:15
1717,5.063466,4.944818,161.978851,5.00e-05,77952.58,28147712,N/A,2025-06-07 17:58:15
1718,3.773536,4.944818,161.978851,5.00e-05,78050.25,28164096,N/A,2025-06-07 17:58:15
1719,4.776738,4.944818,161.978851,5.00e-05,79296.58,28180480,N/A,2025-06-07 17:58:16
1720,4.569727,4.944818,161.978851,5.00e-05,77231.39,28196864,1.0000,2025-06-07 17:58:16
1721,4.830338,4.944818,161.978851,5.00e-05,77213.68,28213248,N/A,2025-06-07 17:58:16
1722,3.003503,4.944818,161.978851,5.00e-05,76798.74,28229632,N/A,2025-06-07 17:58:16
1723,3.841843,4.944818,161.978851,5.00e-05,76951.38,28246016,N/A,2025-06-07 17:58:16
1724,3.394214,4.944818,161.978851,5.00e-05,75804.52,28262400,N/A,2025-06-07 17:58:17
1725,4.646917,4.944818,161.978851,5.00e-05,75660.10,28278784,N/A,2025-06-07 17:58:17
1726,4.683841,4.944818,161.978851,5.00e-05,75678.47,28295168,N/A,2025-06-07 17:58:17
1727,4.390294,4.944818,161.978851,5.00e-05,75617.53,28311552,N/A,2025-06-07 17:58:17
1728,4.870661,4.944818,161.978851,5.00e-05,75768.44,28327936,N/A,2025-06-07 17:58:18
1729,4.090411,4.944818,161.978851,5.00e-05,77599.53,28344320,N/A,2025-06-07 17:58:18
1730,4.134748,4.944818,161.978851,5.00e-05,75997.79,28360704,1.0000,2025-06-07 17:58:18
1731,4.738504,4.944818,161.978851,5.00e-05,76376.91,28377088,N/A,2025-06-07 17:58:18
1732,4.648933,4.944818,161.978851,5.00e-05,76390.79,28393472,N/A,2025-06-07 17:58:19
1733,4.982326,4.944818,161.978851,5.00e-05,77578.79,28409856,N/A,2025-06-07 17:58:19
1734,4.878451,4.944818,161.978851,5.00e-05,77591.12,28426240,N/A,2025-06-07 17:58:19
1735,4.821521,4.944818,161.978851,5.00e-05,77181.53,28442624,N/A,2025-06-07 17:58:19
1736,4.230047,4.944818,161.978851,5.00e-05,77150.00,28459008,N/A,2025-06-07 17:58:20
1737,4.304707,4.944818,161.978851,5.00e-05,77019.87,28475392,N/A,2025-06-07 17:58:20
1738,3.552305,4.944818,161.978851,5.00e-05,76935.30,28491776,N/A,2025-06-07 17:58:20
1739,4.383587,4.944818,161.978851,5.00e-05,78435.62,28508160,N/A,2025-06-07 17:58:20
1740,4.853095,4.944818,161.978851,5.00e-05,76894.69,28524544,1.0000,2025-06-07 17:58:21
1741,4.237972,4.944818,161.978851,5.00e-05,75646.36,28540928,N/A,2025-06-07 17:58:21
1742,4.062657,4.944818,161.978851,5.00e-05,75540.69,28557312,N/A,2025-06-07 17:58:21
1743,4.853971,4.944818,161.978851,5.00e-05,75727.16,28573696,N/A,2025-06-07 17:58:21
1744,5.011605,4.944818,161.978851,5.00e-05,76087.67,28590080,N/A,2025-06-07 17:58:21
1745,4.548051,4.944818,161.978851,5.00e-05,76095.72,28606464,N/A,2025-06-07 17:58:22
1746,3.799886,4.944818,161.978851,5.00e-05,76235.50,28622848,N/A,2025-06-07 17:58:22
1747,3.978141,4.944818,161.978851,5.00e-05,76195.87,28639232,N/A,2025-06-07 17:58:22
1748,4.448329,4.944818,161.978851,5.00e-05,76388.68,28655616,N/A,2025-06-07 17:58:22
1749,3.745214,4.944818,161.978851,5.00e-05,77834.73,28672000,N/A,2025-06-07 17:58:23
1750,3.671366,4.944818,161.978851,5.00e-05,77380.84,28688384,1.0000,2025-06-07 17:58:23
1751,3.682088,4.944818,161.978851,5.00e-05,77529.53,28704768,N/A,2025-06-07 17:58:23
1752,4.637925,4.944818,161.978851,5.00e-05,77571.06,28721152,N/A,2025-06-07 17:58:23
1753,4.855823,4.944818,161.978851,5.00e-05,77538.64,28737536,N/A,2025-06-07 17:58:24
1754,4.256462,4.944818,161.978851,5.00e-05,77678.38,28753920,N/A,2025-06-07 17:58:24
1755,4.307072,4.944818,161.978851,5.00e-05,77694.18,28770304,N/A,2025-06-07 17:58:24
1756,3.975174,4.944818,161.978851,5.00e-05,77660.87,28786688,N/A,2025-06-07 17:58:24
1757,4.744979,4.944818,161.978851,5.00e-05,77496.12,28803072,N/A,2025-06-07 17:58:25
1758,3.634522,4.944818,161.978851,5.00e-05,77538.08,28819456,N/A,2025-06-07 17:58:25
1759,4.442691,4.944818,161.978851,5.00e-05,79321.78,28835840,N/A,2025-06-07 17:58:25
1760,5.005949,4.944818,161.978851,5.00e-05,77769.74,28852224,1.0000,2025-06-07 17:58:25
1761,4.889121,4.944818,161.978851,5.00e-05,77740.54,28868608,N/A,2025-06-07 17:58:25
1762,3.531789,4.944818,161.978851,5.00e-05,76995.24,28884992,N/A,2025-06-07 17:58:26
1763,4.537905,4.944818,161.978851,5.00e-05,76842.81,28901376,N/A,2025-06-07 17:58:26
1764,5.060279,4.944818,161.978851,5.00e-05,76843.35,28917760,N/A,2025-06-07 17:58:26
1765,4.505401,4.944818,161.978851,5.00e-05,76968.95,28934144,N/A,2025-06-07 17:58:26
1766,3.787001,4.944818,161.978851,5.00e-05,77145.02,28950528,N/A,2025-06-07 17:58:27
1767,4.877082,4.944818,161.978851,5.00e-05,77137.11,28966912,N/A,2025-06-07 17:58:27
1768,4.148150,4.944818,161.978851,5.00e-05,77066.48,28983296,N/A,2025-06-07 17:58:27
1769,3.917706,4.944818,161.978851,5.00e-05,78506.17,28999680,N/A,2025-06-07 17:58:27
1770,5.480602,4.944818,161.978851,5.00e-05,76945.40,29016064,1.0000,2025-06-07 17:58:28
1771,4.824466,4.944818,161.978851,5.00e-05,77819.33,29032448,N/A,2025-06-07 17:58:28
1772,4.269635,4.944818,161.978851,5.00e-05,77839.35,29048832,N/A,2025-06-07 17:58:28
1773,4.774654,4.944818,161.978851,5.00e-05,77846.37,29065216,N/A,2025-06-07 17:58:28
1774,4.690867,4.944818,161.978851,5.00e-05,78008.57,29081600,N/A,2025-06-07 17:58:29
1775,3.798475,4.944818,161.978851,5.00e-05,76876.06,29097984,N/A,2025-06-07 17:58:29
1776,3.729573,4.944818,161.978851,5.00e-05,77002.67,29114368,N/A,2025-06-07 17:58:29
1777,5.561050,4.944818,161.978851,5.00e-05,76970.62,29130752,N/A,2025-06-07 17:58:29
1778,4.858087,4.944818,161.978851,5.00e-05,77099.36,29147136,N/A,2025-06-07 17:58:29
1779,4.705339,4.944818,161.978851,5.00e-05,78552.96,29163520,N/A,2025-06-07 17:58:30
1780,3.758567,4.944818,161.978851,5.00e-05,76989.99,29179904,1.0000,2025-06-07 17:58:30
1781,4.239637,4.944818,161.978851,5.00e-05,77083.17,29196288,N/A,2025-06-07 17:58:30
1782,3.989462,4.944818,161.978851,5.00e-05,77185.54,29212672,N/A,2025-06-07 17:58:30
1783,5.743897,4.944818,161.978851,5.00e-05,77170.50,29229056,N/A,2025-06-07 17:58:31
1784,5.053527,4.944818,161.978851,5.00e-05,77366.95,29245440,N/A,2025-06-07 17:58:31
1785,4.341187,4.944818,161.978851,5.00e-05,77316.58,29261824,N/A,2025-06-07 17:58:31
1786,4.733381,4.944818,161.978851,5.00e-05,77256.08,29278208,N/A,2025-06-07 17:58:31
1787,4.816791,4.944818,161.978851,5.00e-05,77108.76,29294592,N/A,2025-06-07 17:58:32
1788,4.687205,4.944818,161.978851,5.00e-05,76145.52,29310976,N/A,2025-06-07 17:58:32
1789,4.611673,4.944818,161.978851,5.00e-05,77534.94,29327360,N/A,2025-06-07 17:58:32
1790,4.615734,4.944818,161.978851,5.00e-05,76112.88,29343744,1.0000,2025-06-07 17:58:32
1791,5.347716,4.944818,161.978851,5.00e-05,75951.02,29360128,N/A,2025-06-07 17:58:33
1792,5.011593,4.944818,161.978851,5.00e-05,75879.32,29376512,N/A,2025-06-07 17:58:33
1793,4.989981,4.944818,161.978851,5.00e-05,76750.85,29392896,N/A,2025-06-07 17:58:33
1794,3.674575,4.944818,161.978851,5.00e-05,76628.21,29409280,N/A,2025-06-07 17:58:33
1795,4.469884,4.944818,161.978851,5.00e-05,76732.56,29425664,N/A,2025-06-07 17:58:33
1796,5.414664,4.944818,161.978851,5.00e-05,76829.00,29442048,N/A,2025-06-07 17:58:34
1797,3.979776,4.944818,161.978851,5.00e-05,77871.12,29458432,N/A,2025-06-07 17:58:34
1798,3.743714,4.944818,161.978851,5.00e-05,77755.41,29474816,N/A,2025-06-07 17:58:34
1799,4.921731,4.944818,161.978851,5.00e-05,79107.52,29491200,N/A,2025-06-07 17:58:34
1800,5.140235,4.944818,161.978851,5.00e-05,77254.69,29507584,1.0000,2025-06-07 17:58:35
1801,4.788551,4.944818,161.978851,5.00e-05,75828.35,29523968,N/A,2025-06-07 17:58:35
1802,4.314978,4.944818,161.978851,5.00e-05,75911.81,29540352,N/A,2025-06-07 17:58:35
1803,3.628234,4.944818,161.978851,5.00e-05,75916.79,29556736,N/A,2025-06-07 17:58:35
1804,4.250198,4.944818,161.978851,5.00e-05,76090.97,29573120,N/A,2025-06-07 17:58:36
1805,4.412544,4.944818,161.978851,5.00e-05,75984.70,29589504,N/A,2025-06-07 17:58:36
1806,4.317052,4.944818,161.978851,5.00e-05,76150.64,29605888,N/A,2025-06-07 17:58:36
1807,5.192945,4.944818,161.978851,5.00e-05,76431.64,29622272,N/A,2025-06-07 17:58:36
1808,5.145602,4.944818,161.978851,5.00e-05,76483.29,29638656,N/A,2025-06-07 17:58:37
1809,4.049880,4.944818,161.978851,5.00e-05,78429.50,29655040,N/A,2025-06-07 17:58:37
1810,4.044612,4.944818,161.978851,5.00e-05,78542.35,29671424,1.0000,2025-06-07 17:58:37
1811,4.454947,4.944818,161.978851,5.00e-05,78637.20,29687808,N/A,2025-06-07 17:58:37
1812,4.077147,4.944818,161.978851,5.00e-05,78595.37,29704192,N/A,2025-06-07 17:58:38
1813,4.422741,4.944818,161.978851,5.00e-05,78413.37,29720576,N/A,2025-06-07 17:58:38
1814,3.947285,4.944818,161.978851,5.00e-05,78543.99,29736960,N/A,2025-06-07 17:58:38
1815,4.903517,4.944818,161.978851,5.00e-05,78408.69,29753344,N/A,2025-06-07 17:58:38
1816,4.836619,4.944818,161.978851,5.00e-05,78078.51,29769728,N/A,2025-06-07 17:58:38
1817,4.449078,4.944818,161.978851,5.00e-05,78085.17,29786112,N/A,2025-06-07 17:58:39
1818,5.126670,4.944818,161.978851,5.00e-05,78012.71,29802496,N/A,2025-06-07 17:58:39
1819,4.195708,4.944818,161.978851,5.00e-05,79446.01,29818880,N/A,2025-06-07 17:58:39
1820,4.071336,4.944818,161.978851,5.00e-05,77700.97,29835264,1.0000,2025-06-07 17:58:39
1821,3.483430,4.944818,161.978851,5.00e-05,77707.96,29851648,N/A,2025-06-07 17:58:40
1822,3.510918,4.944818,161.978851,5.00e-05,77485.76,29868032,N/A,2025-06-07 17:58:40
1823,4.271626,4.944818,161.978851,5.00e-05,77406.72,29884416,N/A,2025-06-07 17:58:40
1824,4.168564,4.944818,161.978851,5.00e-05,77349.22,29900800,N/A,2025-06-07 17:58:40
1825,4.871683,4.944818,161.978851,5.00e-05,77439.70,29917184,N/A,2025-06-07 17:58:41
1826,4.570862,4.944818,161.978851,5.00e-05,77539.93,29933568,N/A,2025-06-07 17:58:41
1827,4.449923,4.944818,161.978851,5.00e-05,77426.44,29949952,N/A,2025-06-07 17:58:41
1828,3.437716,4.944818,161.978851,5.00e-05,77380.07,29966336,N/A,2025-06-07 17:58:41
1829,3.998672,4.944818,161.978851,5.00e-05,78668.76,29982720,N/A,2025-06-07 17:58:41
1830,3.842636,4.944818,161.978851,5.00e-05,77301.47,29999104,1.0000,2025-06-07 17:58:42
1831,4.317811,4.944818,161.978851,5.00e-05,76838.51,30015488,N/A,2025-06-07 17:58:42
1832,5.064909,4.944818,161.978851,5.00e-05,76908.04,30031872,N/A,2025-06-07 17:58:42
1833,4.634491,4.944818,161.978851,5.00e-05,76984.26,30048256,N/A,2025-06-07 17:58:42
1834,4.324941,4.944818,161.978851,5.00e-05,76984.86,30064640,N/A,2025-06-07 17:58:43
1835,4.387454,4.944818,161.978851,5.00e-05,76592.52,30081024,N/A,2025-06-07 17:58:43
1836,4.366730,4.944818,161.978851,5.00e-05,76629.46,30097408,N/A,2025-06-07 17:58:43
1837,4.295275,4.944818,161.978851,5.00e-05,76648.46,30113792,N/A,2025-06-07 17:58:43
1838,3.946889,4.944818,161.978851,5.00e-05,76909.89,30130176,N/A,2025-06-07 17:58:44
1839,4.621013,4.944818,161.978851,5.00e-05,77906.64,30146560,N/A,2025-06-07 17:58:44
1840,3.612060,4.944818,161.978851,5.00e-05,76827.28,30162944,1.0000,2025-06-07 17:58:44
1841,3.940071,4.944818,161.978851,5.00e-05,76359.80,30179328,N/A,2025-06-07 17:58:44
1842,4.756782,4.944818,161.978851,5.00e-05,76325.05,30195712,N/A,2025-06-07 17:58:45
1843,4.393501,4.944818,161.978851,5.00e-05,76306.85,30212096,N/A,2025-06-07 17:58:45
1844,4.043288,4.944818,161.978851,5.00e-05,76600.29,30228480,N/A,2025-06-07 17:58:45
1845,3.947378,4.944818,161.978851,5.00e-05,76583.30,30244864,N/A,2025-06-07 17:58:45
1846,3.988883,4.944818,161.978851,5.00e-05,76437.58,30261248,N/A,2025-06-07 17:58:46
1847,4.957779,4.944818,161.978851,5.00e-05,76371.63,30277632,N/A,2025-06-07 17:58:46
1848,4.026792,4.944818,161.978851,5.00e-05,76641.78,30294016,N/A,2025-06-07 17:58:46
1849,3.811583,4.944818,161.978851,5.00e-05,78392.92,30310400,N/A,2025-06-07 17:58:46
1850,4.047597,4.944818,161.978851,5.00e-05,76956.21,30326784,1.0000,2025-06-07 17:58:46
1851,4.179480,4.944818,161.978851,5.00e-05,76943.93,30343168,N/A,2025-06-07 17:58:47
1852,4.581182,4.944818,161.978851,5.00e-05,77070.19,30359552,N/A,2025-06-07 17:58:47
1853,4.300032,4.944818,161.978851,5.00e-05,76654.91,30375936,N/A,2025-06-07 17:58:47
1854,3.421286,4.944818,161.978851,5.00e-05,76219.52,30392320,N/A,2025-06-07 17:58:47
1855,4.254349,4.944818,161.978851,5.00e-05,76352.96,30408704,N/A,2025-06-07 17:58:48
1856,4.158794,4.944818,161.978851,5.00e-05,76402.38,30425088,N/A,2025-06-07 17:58:48
1857,4.387054,4.944818,161.978851,5.00e-05,76533.83,30441472,N/A,2025-06-07 17:58:48
1858,3.883827,4.944818,161.978851,5.00e-05,76612.67,30457856,N/A,2025-06-07 17:58:48
1859,3.505224,4.944818,161.978851,5.00e-05,78340.58,30474240,N/A,2025-06-07 17:58:49
1860,4.189012,4.944818,161.978851,5.00e-05,76731.90,30490624,1.0000,2025-06-07 17:58:49
1861,3.397117,4.944818,161.978851,5.00e-05,76790.13,30507008,N/A,2025-06-07 17:58:49
1862,4.651777,4.944818,161.978851,5.00e-05,77219.66,30523392,N/A,2025-06-07 17:58:49
1863,3.681366,4.944818,161.978851,5.00e-05,77833.88,30539776,N/A,2025-06-07 17:58:50
1864,3.901995,4.944818,161.978851,5.00e-05,77742.18,30556160,N/A,2025-06-07 17:58:50
1865,3.774916,4.944818,161.978851,5.00e-05,77769.59,30572544,N/A,2025-06-07 17:58:50
1866,4.171660,4.944818,161.978851,5.00e-05,77876.91,30588928,N/A,2025-06-07 17:58:50
1867,4.674477,4.944818,161.978851,5.00e-05,77835.90,30605312,N/A,2025-06-07 17:58:50
1868,4.705827,4.944818,161.978851,5.00e-05,77936.93,30621696,N/A,2025-06-07 17:58:51
1869,4.559310,4.944818,161.978851,5.00e-05,79210.65,30638080,N/A,2025-06-07 17:58:51
1870,4.715553,4.944818,161.978851,5.00e-05,77411.50,30654464,1.0000,2025-06-07 17:58:51
1871,3.999374,4.944818,161.978851,5.00e-05,77000.54,30670848,N/A,2025-06-07 17:58:51
1872,3.957756,4.944818,161.978851,5.00e-05,76913.98,30687232,N/A,2025-06-07 17:58:52
1873,3.652406,4.944818,161.978851,5.00e-05,77001.25,30703616,N/A,2025-06-07 17:58:52
1874,4.799171,4.944818,161.978851,5.00e-05,76947.34,30720000,N/A,2025-06-07 17:58:52
1875,4.104682,4.944818,161.978851,5.00e-05,76924.21,30736384,N/A,2025-06-07 17:58:52
1876,3.827711,4.944818,161.978851,5.00e-05,76851.06,30752768,N/A,2025-06-07 17:58:53
1877,4.756654,4.944818,161.978851,5.00e-05,76933.13,30769152,N/A,2025-06-07 17:58:53
1878,4.377440,4.944818,161.978851,5.00e-05,77152.56,30785536,N/A,2025-06-07 17:58:53
1879,4.526106,4.944818,161.978851,5.00e-05,78881.43,30801920,N/A,2025-06-07 17:58:53
1880,3.928248,4.944818,161.978851,5.00e-05,77715.46,30818304,1.0000,2025-06-07 17:58:54
1881,3.859316,4.944818,161.978851,5.00e-05,77574.78,30834688,N/A,2025-06-07 17:58:54
1882,3.396560,4.944818,161.978851,5.00e-05,77751.92,30851072,N/A,2025-06-07 17:58:54
1883,3.802959,4.944818,161.978851,5.00e-05,77826.43,30867456,N/A,2025-06-07 17:58:54
1884,4.477135,4.944818,161.978851,5.00e-05,77850.01,30883840,N/A,2025-06-07 17:58:54
1885,4.149881,4.944818,161.978851,5.00e-05,77834.67,30900224,N/A,2025-06-07 17:58:55
1886,4.004724,4.944818,161.978851,5.00e-05,77643.56,30916608,N/A,2025-06-07 17:58:55
1887,5.132742,4.944818,161.978851,5.00e-05,77811.63,30932992,N/A,2025-06-07 17:58:55
1888,3.933914,4.944818,161.978851,5.00e-05,77711.95,30949376,N/A,2025-06-07 17:58:55
1889,4.376337,4.944818,161.978851,5.00e-05,79233.99,30965760,N/A,2025-06-07 17:58:56
1890,4.067430,4.944818,161.978851,5.00e-05,77832.93,30982144,1.0000,2025-06-07 17:58:56
1891,3.974257,4.944818,161.978851,5.00e-05,76870.57,30998528,N/A,2025-06-07 17:58:56
1892,4.945488,4.944818,161.978851,5.00e-05,76039.59,31014912,N/A,2025-06-07 17:58:56
1893,4.548945,4.944818,161.978851,5.00e-05,75854.72,31031296,N/A,2025-06-07 17:58:57
1894,4.524306,4.944818,161.978851,5.00e-05,75916.09,31047680,N/A,2025-06-07 17:58:57
1895,3.838875,4.944818,161.978851,5.00e-05,76019.95,31064064,N/A,2025-06-07 17:58:57
1896,3.680786,4.944818,161.978851,5.00e-05,75721.42,31080448,N/A,2025-06-07 17:58:57
1897,3.998043,4.944818,161.978851,5.00e-05,74677.01,31096832,N/A,2025-06-07 17:58:58
1898,2.881315,4.944818,161.978851,5.00e-05,74737.20,31113216,N/A,2025-06-07 17:58:58
1899,4.335062,4.944818,161.978851,5.00e-05,75824.64,31129600,N/A,2025-06-07 17:58:58
1900,4.635320,4.944818,161.978851,5.00e-05,75214.32,31145984,1.0000,2025-06-07 17:58:58
1901,4.225157,4.944818,161.978851,5.00e-05,74460.36,31162368,N/A,2025-06-07 17:58:59
1902,4.844152,4.944818,161.978851,5.00e-05,74605.13,31178752,N/A,2025-06-07 17:58:59
1903,4.086182,4.944818,161.978851,5.00e-05,74656.12,31195136,N/A,2025-06-07 17:58:59
1904,4.498359,4.944818,161.978851,5.00e-05,74382.06,31211520,N/A,2025-06-07 17:58:59
1905,4.444881,4.944818,161.978851,5.00e-05,74652.27,31227904,N/A,2025-06-07 17:59:00
1906,3.778771,4.944818,161.978851,5.00e-05,75709.14,31244288,N/A,2025-06-07 17:59:00
1907,4.823305,4.944818,161.978851,5.00e-05,75665.68,31260672,N/A,2025-06-07 17:59:00
1908,4.274419,4.944818,161.978851,5.00e-05,76110.68,31277056,N/A,2025-06-07 17:59:00
1909,4.321712,4.944818,161.978851,5.00e-05,77410.93,31293440,N/A,2025-06-07 17:59:00
1910,4.125366,4.944818,161.978851,5.00e-05,77552.15,31309824,1.0000,2025-06-07 17:59:01
1911,3.568758,4.944818,161.978851,5.00e-05,77457.78,31326208,N/A,2025-06-07 17:59:01
1912,4.550055,4.944818,161.978851,5.00e-05,77263.26,31342592,N/A,2025-06-07 17:59:01
1913,4.405300,4.944818,161.978851,5.00e-05,77564.16,31358976,N/A,2025-06-07 17:59:01
1914,4.799841,4.944818,161.978851,5.00e-05,77525.16,31375360,N/A,2025-06-07 17:59:02
1915,4.118860,4.944818,161.978851,5.00e-05,77434.96,31391744,N/A,2025-06-07 17:59:02
1916,4.659079,4.944818,161.978851,5.00e-05,77435.41,31408128,N/A,2025-06-07 17:59:02
1917,3.671247,4.944818,161.978851,5.00e-05,76634.70,31424512,N/A,2025-06-07 17:59:02
1918,4.681077,4.944818,161.978851,5.00e-05,76613.92,31440896,N/A,2025-06-07 17:59:03
1919,4.037889,4.944818,161.978851,5.00e-05,78003.03,31457280,N/A,2025-06-07 17:59:03
1920,4.629562,4.944818,161.978851,5.00e-05,76492.29,31473664,1.0000,2025-06-07 17:59:03
1921,4.411431,4.944818,161.978851,5.00e-05,76651.47,31490048,N/A,2025-06-07 17:59:03
1922,4.475884,4.944818,161.978851,5.00e-05,76664.43,31506432,N/A,2025-06-07 17:59:04
1923,4.174387,4.944818,161.978851,5.00e-05,76118.13,31522816,N/A,2025-06-07 17:59:04
1924,3.579891,4.944818,161.978851,5.00e-05,76162.34,31539200,N/A,2025-06-07 17:59:04
1925,4.758523,4.944818,161.978851,5.00e-05,76091.87,31555584,N/A,2025-06-07 17:59:04
1926,3.791515,4.944818,161.978851,5.00e-05,76853.69,31571968,N/A,2025-06-07 17:59:04
1927,3.601119,4.944818,161.978851,5.00e-05,76951.87,31588352,N/A,2025-06-07 17:59:05
1928,3.454760,4.944818,161.978851,5.00e-05,77082.29,31604736,N/A,2025-06-07 17:59:05
1929,4.033168,4.944818,161.978851,5.00e-05,78482.61,31621120,N/A,2025-06-07 17:59:05
1930,4.110406,4.944818,161.978851,5.00e-05,76873.74,31637504,1.0000,2025-06-07 17:59:05
1931,3.759531,4.944818,161.978851,5.00e-05,76744.29,31653888,N/A,2025-06-07 17:59:06
1932,3.918537,4.944818,161.978851,5.00e-05,77186.01,31670272,N/A,2025-06-07 17:59:06
1933,5.081522,4.944818,161.978851,5.00e-05,77167.42,31686656,N/A,2025-06-07 17:59:06
1934,4.383798,4.944818,161.978851,5.00e-05,77243.52,31703040,N/A,2025-06-07 17:59:06
1935,4.455042,4.944818,161.978851,5.00e-05,77041.92,31719424,N/A,2025-06-07 17:59:07
1936,4.300685,4.944818,161.978851,5.00e-05,76691.07,31735808,N/A,2025-06-07 17:59:07
1937,3.646037,4.944818,161.978851,5.00e-05,76517.51,31752192,N/A,2025-06-07 17:59:07
1938,4.854221,4.944818,161.978851,5.00e-05,76774.48,31768576,N/A,2025-06-07 17:59:07
1939,4.498216,4.944818,161.978851,5.00e-05,78342.11,31784960,N/A,2025-06-07 17:59:08
1940,3.180574,4.944818,161.978851,5.00e-05,77009.87,31801344,1.0000,2025-06-07 17:59:08
1941,4.294854,4.944818,161.978851,5.00e-05,76900.64,31817728,N/A,2025-06-07 17:59:08
1942,4.330045,4.944818,161.978851,5.00e-05,77093.36,31834112,N/A,2025-06-07 17:59:08
1943,4.256659,4.944818,161.978851,5.00e-05,77140.75,31850496,N/A,2025-06-07 17:59:08
1944,3.442429,4.944818,161.978851,5.00e-05,77211.96,31866880,N/A,2025-06-07 17:59:09
1945,3.973660,4.944818,161.978851,5.00e-05,77725.14,31883264,N/A,2025-06-07 17:59:09
1946,4.599858,4.944818,161.978851,5.00e-05,77891.50,31899648,N/A,2025-06-07 17:59:09
1947,4.237383,4.944818,161.978851,5.00e-05,77726.24,31916032,N/A,2025-06-07 17:59:09
1948,3.348713,4.944818,161.978851,5.00e-05,78078.10,31932416,N/A,2025-06-07 17:59:10
1949,4.087692,4.944818,161.978851,5.00e-05,79380.72,31948800,N/A,2025-06-07 17:59:10
1950,4.215361,4.944818,161.978851,5.00e-05,78171.74,31965184,1.0000,2025-06-07 17:59:10
1951,4.133643,4.944818,161.978851,5.00e-05,77775.57,31981568,N/A,2025-06-07 17:59:10
1952,4.086555,4.944818,161.978851,5.00e-05,78117.11,31997952,N/A,2025-06-07 17:59:11
1953,4.907110,4.944818,161.978851,5.00e-05,78102.46,32014336,N/A,2025-06-07 17:59:11
1954,3.769701,4.944818,161.978851,5.00e-05,77806.56,32030720,N/A,2025-06-07 17:59:11
1955,4.816287,4.944818,161.978851,5.00e-05,77774.07,32047104,N/A,2025-06-07 17:59:11
1956,3.315360,4.944818,161.978851,5.00e-05,77853.78,32063488,N/A,2025-06-07 17:59:12
1957,4.565211,4.944818,161.978851,5.00e-05,77584.55,32079872,N/A,2025-06-07 17:59:12
1958,3.945224,4.944818,161.978851,5.00e-05,77713.24,32096256,N/A,2025-06-07 17:59:12
1959,3.888992,4.944818,161.978851,5.00e-05,79148.82,32112640,N/A,2025-06-07 17:59:12
1960,4.042531,4.944818,161.978851,5.00e-05,76273.38,32129024,1.0000,2025-06-07 17:59:13
1961,5.492712,4.944818,161.978851,5.00e-05,75823.44,32145408,N/A,2025-06-07 17:59:13
1962,4.336078,4.944818,161.978851,5.00e-05,75987.53,32161792,N/A,2025-06-07 17:59:13
1963,3.489651,4.944818,161.978851,5.00e-05,75960.82,32178176,N/A,2025-06-07 17:59:13
1964,3.600286,4.944818,161.978851,5.00e-05,74972.56,32194560,N/A,2025-06-07 17:59:13
1965,4.039270,4.944818,161.978851,5.00e-05,74892.26,32210944,N/A,2025-06-07 17:59:14
1966,4.582737,4.944818,161.978851,5.00e-05,74700.52,32227328,N/A,2025-06-07 17:59:14
1967,4.618710,4.944818,161.978851,5.00e-05,74708.12,32243712,N/A,2025-06-07 17:59:14
1968,3.461140,4.944818,161.978851,5.00e-05,74692.11,32260096,N/A,2025-06-07 17:59:14
1969,3.160246,4.944818,161.978851,5.00e-05,77681.51,32276480,N/A,2025-06-07 17:59:15
1970,3.622232,4.944818,161.978851,5.00e-05,76292.75,32292864,1.0000,2025-06-07 17:59:15
1971,5.401041,4.944818,161.978851,5.00e-05,76224.69,32309248,N/A,2025-06-07 17:59:15
1972,4.338435,4.944818,161.978851,5.00e-05,76407.69,32325632,N/A,2025-06-07 17:59:15
1973,4.181547,4.944818,161.978851,5.00e-05,77101.84,32342016,N/A,2025-06-07 17:59:16
1974,3.006895,4.944818,161.978851,5.00e-05,76774.35,32358400,N/A,2025-06-07 17:59:16
1975,4.130748,4.944818,161.978851,5.00e-05,76855.64,32374784,N/A,2025-06-07 17:59:16
1976,4.561097,4.944818,161.978851,5.00e-05,76909.10,32391168,N/A,2025-06-07 17:59:16
1977,4.001787,4.944818,161.978851,5.00e-05,77027.89,32407552,N/A,2025-06-07 17:59:17
1978,3.902350,4.944818,161.978851,5.00e-05,77161.93,32423936,N/A,2025-06-07 17:59:17
1979,4.074493,4.944818,161.978851,5.00e-05,78591.33,32440320,N/A,2025-06-07 17:59:17
1980,3.991093,4.944818,161.978851,5.00e-05,77149.27,32456704,1.0000,2025-06-07 17:59:17
1981,4.331928,4.944818,161.978851,5.00e-05,77124.15,32473088,N/A,2025-06-07 17:59:17
1982,4.030482,4.944818,161.978851,5.00e-05,77425.64,32489472,N/A,2025-06-07 17:59:18
1983,4.418555,4.944818,161.978851,5.00e-05,77949.94,32505856,N/A,2025-06-07 17:59:18
1984,3.917642,4.944818,161.978851,5.00e-05,77788.76,32522240,N/A,2025-06-07 17:59:18
1985,3.297023,4.944818,161.978851,5.00e-05,77824.46,32538624,N/A,2025-06-07 17:59:18
1986,4.334522,4.944818,161.978851,5.00e-05,77579.23,32555008,N/A,2025-06-07 17:59:19
1987,3.210125,4.944818,161.978851,5.00e-05,77521.37,32571392,N/A,2025-06-07 17:59:19
1988,5.033643,4.944818,161.978851,5.00e-05,77432.53,32587776,N/A,2025-06-07 17:59:19
1989,3.544539,4.944818,161.978851,5.00e-05,78751.20,32604160,N/A,2025-06-07 17:59:19
1990,3.815105,4.944818,161.978851,5.00e-05,77220.95,32620544,1.0000,2025-06-07 17:59:20
1991,4.138642,4.944818,161.978851,5.00e-05,77125.96,32636928,N/A,2025-06-07 17:59:20
1992,4.434585,4.944818,161.978851,5.00e-05,77018.64,32653312,N/A,2025-06-07 17:59:20
1993,4.258773,4.944818,161.978851,5.00e-05,77132.29,32669696,N/A,2025-06-07 17:59:20
1994,4.064372,4.944818,161.978851,5.00e-05,76934.40,32686080,N/A,2025-06-07 17:59:21
1995,3.974755,4.944818,161.978851,5.00e-05,77091.88,32702464,N/A,2025-06-07 17:59:21
1996,3.647696,4.944818,161.978851,5.00e-05,77129.40,32718848,N/A,2025-06-07 17:59:21
1997,3.207289,4.944818,161.978851,5.00e-05,77327.48,32735232,N/A,2025-06-07 17:59:21
1998,4.150831,4.944818,161.978851,5.00e-05,76476.66,32751616,N/A,2025-06-07 17:59:21
1999,4.698201,4.944818,161.978851,5.00e-05,77980.18,32768000,N/A,2025-06-07 17:59:22
2000,3.772276,4.247282,78.132706,5.00e-05,13004.04,32784384,N/A,2025-06-07 17:59:32
2001,3.983904,4.247282,78.132706,5.00e-05,12913.46,32800768,N/A,2025-06-07 17:59:33
2002,3.067797,4.247282,78.132706,5.00e-05,12905.40,32817152,N/A,2025-06-07 17:59:33
2003,4.402571,4.247282,78.132706,5.00e-05,12903.31,32833536,N/A,2025-06-07 17:59:33
2004,4.216527,4.247282,78.132706,5.00e-05,12887.43,32849920,N/A,2025-06-07 17:59:33
2005,3.958554,4.247282,78.132706,5.00e-05,12869.55,32866304,N/A,2025-06-07 17:59:34
2006,3.816632,4.247282,78.132706,5.00e-05,12858.25,32882688,N/A,2025-06-07 17:59:34
2007,4.554013,4.247282,78.132706,5.00e-05,12887.03,32899072,N/A,2025-06-07 17:59:34
2008,3.877998,4.247282,78.132706,5.00e-05,12882.50,32915456,N/A,2025-06-07 17:59:34
2009,3.472724,4.247282,78.132706,5.00e-05,73736.99,32931840,N/A,2025-06-07 17:59:35
2010,3.331057,4.247282,78.132706,5.00e-05,74079.59,32948224,1.0000,2025-06-07 17:59:35
2011,3.429307,4.247282,78.132706,5.00e-05,74450.49,32964608,N/A,2025-06-07 17:59:35
2012,4.397375,4.247282,78.132706,5.00e-05,73151.28,32980992,N/A,2025-06-07 17:59:35
2013,4.400375,4.247282,78.132706,5.00e-05,73605.66,32997376,N/A,2025-06-07 17:59:36
2014,4.106852,4.247282,78.132706,5.00e-05,73484.44,33013760,N/A,2025-06-07 17:59:36
2015,5.400228,4.247282,78.132706,5.00e-05,73399.19,33030144,N/A,2025-06-07 17:59:36
2016,3.434061,4.247282,78.132706,5.00e-05,73382.16,33046528,N/A,2025-06-07 17:59:36
2017,4.526370,4.247282,78.132706,5.00e-05,73277.28,33062912,N/A,2025-06-07 17:59:37
2018,4.373619,4.247282,78.132706,5.00e-05,73122.96,33079296,N/A,2025-06-07 17:59:37
2019,4.411902,4.247282,78.132706,5.00e-05,75156.82,33095680,N/A,2025-06-07 17:59:37
2020,3.976435,4.247282,78.132706,5.00e-05,72928.01,33112064,1.0000,2025-06-07 17:59:37
2021,3.277603,4.247282,78.132706,5.00e-05,74207.97,33128448,N/A,2025-06-07 17:59:38
2022,4.297331,4.247282,78.132706,5.00e-05,73704.67,33144832,N/A,2025-06-07 17:59:38
2023,4.818563,4.247282,78.132706,5.00e-05,74169.68,33161216,N/A,2025-06-07 17:59:38
2024,3.553000,4.247282,78.132706,5.00e-05,74633.76,33177600,N/A,2025-06-07 17:59:38
2025,3.788328,4.247282,78.132706,5.00e-05,74080.03,33193984,N/A,2025-06-07 17:59:39
2026,4.142662,4.247282,78.132706,5.00e-05,73642.17,33210368,N/A,2025-06-07 17:59:39
2027,3.822010,4.247282,78.132706,5.00e-05,73541.39,33226752,N/A,2025-06-07 17:59:39
2028,4.788396,4.247282,78.132706,5.00e-05,73676.38,33243136,N/A,2025-06-07 17:59:39
2029,3.785144,4.247282,78.132706,5.00e-05,75868.29,33259520,N/A,2025-06-07 17:59:40
2030,3.060717,4.247282,78.132706,5.00e-05,73802.04,33275904,1.0000,2025-06-07 17:59:40
2031,4.248344,4.247282,78.132706,5.00e-05,73813.15,33292288,N/A,2025-06-07 17:59:40
2032,3.562160,4.247282,78.132706,5.00e-05,73483.04,33308672,N/A,2025-06-07 17:59:40
2033,3.741832,4.247282,78.132706,5.00e-05,72426.47,33325056,N/A,2025-06-07 17:59:41
2034,3.854300,4.247282,78.132706,5.00e-05,71781.29,33341440,N/A,2025-06-07 17:59:41
2035,3.212991,4.247282,78.132706,5.00e-05,71471.75,33357824,N/A,2025-06-07 17:59:41
2036,3.735331,4.247282,78.132706,5.00e-05,70976.97,33374208,N/A,2025-06-07 17:59:41
2037,3.282762,4.247282,78.132706,5.00e-05,71110.61,33390592,N/A,2025-06-07 17:59:42
2038,3.942130,4.247282,78.132706,5.00e-05,71101.31,33406976,N/A,2025-06-07 17:59:42
2039,4.576941,4.247282,78.132706,5.00e-05,73124.26,33423360,N/A,2025-06-07 17:59:42
2040,4.340724,4.247282,78.132706,5.00e-05,71773.80,33439744,1.0000,2025-06-07 17:59:42
2041,3.805164,4.247282,78.132706,5.00e-05,72379.54,33456128,N/A,2025-06-07 17:59:43
2042,4.038997,4.247282,78.132706,5.00e-05,73196.70,33472512,N/A,2025-06-07 17:59:43
2043,4.738798,4.247282,78.132706,5.00e-05,74353.05,33488896,N/A,2025-06-07 17:59:43
2044,5.038901,4.247282,78.132706,5.00e-05,75416.83,33505280,N/A,2025-06-07 17:59:43
2045,3.714286,4.247282,78.132706,5.00e-05,76418.47,33521664,N/A,2025-06-07 17:59:44
2046,3.656603,4.247282,78.132706,5.00e-05,76805.64,33538048,N/A,2025-06-07 17:59:44
2047,4.731810,4.247282,78.132706,5.00e-05,76909.02,33554432,N/A,2025-06-07 17:59:44
2048,4.242590,4.247282,78.132706,5.00e-05,77028.93,33570816,N/A,2025-06-07 17:59:44
2049,3.859230,4.247282,78.132706,5.00e-05,79076.27,33587200,N/A,2025-06-07 17:59:44
2050,4.177391,4.247282,78.132706,5.00e-05,74643.15,33603584,1.0000,2025-06-07 17:59:45
2051,3.707302,4.247282,78.132706,5.00e-05,74996.02,33619968,N/A,2025-06-07 17:59:45
2052,3.604851,4.247282,78.132706,5.00e-05,74818.04,33636352,N/A,2025-06-07 17:59:45
2053,3.923404,4.247282,78.132706,5.00e-05,74713.84,33652736,N/A,2025-06-07 17:59:46
2054,3.889118,4.247282,78.132706,5.00e-05,74677.32,33669120,N/A,2025-06-07 17:59:46
2055,3.386377,4.247282,78.132706,5.00e-05,74274.30,33685504,N/A,2025-06-07 17:59:46
2056,2.882402,4.247282,78.132706,5.00e-05,74162.40,33701888,N/A,2025-06-07 17:59:46
2057,4.064885,4.247282,78.132706,5.00e-05,74185.66,33718272,N/A,2025-06-07 17:59:46
2058,4.383134,4.247282,78.132706,5.00e-05,74246.80,33734656,N/A,2025-06-07 17:59:47
2059,3.271420,4.247282,78.132706,5.00e-05,78063.71,33751040,N/A,2025-06-07 17:59:47
2060,3.966283,4.247282,78.132706,5.00e-05,76500.74,33767424,1.0000,2025-06-07 17:59:47
2061,3.570180,4.247282,78.132706,5.00e-05,76596.69,33783808,N/A,2025-06-07 17:59:47
2062,4.813982,4.247282,78.132706,5.00e-05,76677.90,33800192,N/A,2025-06-07 17:59:48
2063,4.921920,4.247282,78.132706,5.00e-05,76526.98,33816576,N/A,2025-06-07 17:59:48
2064,3.496819,4.247282,78.132706,5.00e-05,76868.36,33832960,N/A,2025-06-07 17:59:48
2065,3.475998,4.247282,78.132706,5.00e-05,77065.42,33849344,N/A,2025-06-07 17:59:48
2066,4.780815,4.247282,78.132706,5.00e-05,76790.56,33865728,N/A,2025-06-07 17:59:49
2067,2.820443,4.247282,78.132706,5.00e-05,76975.32,33882112,N/A,2025-06-07 17:59:49
2068,4.787453,4.247282,78.132706,5.00e-05,77388.29,33898496,N/A,2025-06-07 17:59:49
2069,3.617951,4.247282,78.132706,5.00e-05,78702.08,33914880,N/A,2025-06-07 17:59:49
2070,4.687521,4.247282,78.132706,5.00e-05,76974.63,33931264,1.0000,2025-06-07 17:59:50
2071,3.869675,4.247282,78.132706,5.00e-05,77084.89,33947648,N/A,2025-06-07 17:59:50
2072,4.262485,4.247282,78.132706,5.00e-05,77146.28,33964032,N/A,2025-06-07 17:59:50
2073,3.729191,4.247282,78.132706,5.00e-05,77116.25,33980416,N/A,2025-06-07 17:59:50
2074,4.539904,4.247282,78.132706,5.00e-05,76880.89,33996800,N/A,2025-06-07 17:59:50
2075,3.674611,4.247282,78.132706,5.00e-05,76786.21,34013184,N/A,2025-06-07 17:59:51
2076,4.341585,4.247282,78.132706,5.00e-05,76691.53,34029568,N/A,2025-06-07 17:59:51
2077,4.402003,4.247282,78.132706,5.00e-05,76817.18,34045952,N/A,2025-06-07 17:59:51
2078,3.978624,4.247282,78.132706,5.00e-05,76972.70,34062336,N/A,2025-06-07 17:59:51
2079,4.213933,4.247282,78.132706,5.00e-05,78529.81,34078720,N/A,2025-06-07 17:59:52
2080,3.809477,4.247282,78.132706,5.00e-05,76818.61,34095104,1.0000,2025-06-07 17:59:52
2081,4.641118,4.247282,78.132706,5.00e-05,77019.59,34111488,N/A,2025-06-07 17:59:52
2082,4.336167,4.247282,78.132706,5.00e-05,76998.01,34127872,N/A,2025-06-07 17:59:52
2083,3.969295,4.247282,78.132706,5.00e-05,77194.68,34144256,N/A,2025-06-07 17:59:53
2084,4.832817,4.247282,78.132706,5.00e-05,77569.79,34160640,N/A,2025-06-07 17:59:53
2085,3.947129,4.247282,78.132706,5.00e-05,77633.66,34177024,N/A,2025-06-07 17:59:53
2086,4.152984,4.247282,78.132706,5.00e-05,77763.50,34193408,N/A,2025-06-07 17:59:53
2087,3.975535,4.247282,78.132706,5.00e-05,77808.15,34209792,N/A,2025-06-07 17:59:54
2088,3.701084,4.247282,78.132706,5.00e-05,78089.93,34226176,N/A,2025-06-07 17:59:54
2089,4.160088,4.247282,78.132706,5.00e-05,79659.51,34242560,N/A,2025-06-07 17:59:54
2090,4.369064,4.247282,78.132706,5.00e-05,78163.99,34258944,1.0000,2025-06-07 17:59:54
2091,4.274361,4.247282,78.132706,5.00e-05,78263.31,34275328,N/A,2025-06-07 17:59:54
2092,3.624309,4.247282,78.132706,5.00e-05,78159.36,34291712,N/A,2025-06-07 17:59:55
2093,3.579001,4.247282,78.132706,5.00e-05,78167.60,34308096,N/A,2025-06-07 17:59:55
2094,4.546322,4.247282,78.132706,5.00e-05,77769.03,34324480,N/A,2025-06-07 17:59:55
2095,3.833672,4.247282,78.132706,5.00e-05,77635.68,34340864,N/A,2025-06-07 17:59:55
2096,4.804461,4.247282,78.132706,5.00e-05,77518.27,34357248,N/A,2025-06-07 17:59:56
2097,4.105986,4.247282,78.132706,5.00e-05,77435.72,34373632,N/A,2025-06-07 17:59:56
2098,5.159722,4.247282,78.132706,5.00e-05,76974.81,34390016,N/A,2025-06-07 17:59:56
2099,3.230006,4.247282,78.132706,5.00e-05,78210.71,34406400,N/A,2025-06-07 17:59:56
2100,3.880618,4.247282,78.132706,5.00e-05,76875.95,34422784,1.0000,2025-06-07 17:59:57
2101,2.740953,4.247282,78.132706,5.00e-05,75453.67,34439168,N/A,2025-06-07 17:59:57
2102,3.862846,4.247282,78.132706,5.00e-05,75379.27,34455552,N/A,2025-06-07 17:59:57
2103,3.544366,4.247282,78.132706,5.00e-05,75619.08,34471936,N/A,2025-06-07 17:59:57
2104,4.083717,4.247282,78.132706,5.00e-05,75536.03,34488320,N/A,2025-06-07 17:59:58
2105,3.661847,4.247282,78.132706,5.00e-05,75632.71,34504704,N/A,2025-06-07 17:59:58
2106,3.886596,4.247282,78.132706,5.00e-05,75712.87,34521088,N/A,2025-06-07 17:59:58
2107,5.182521,4.247282,78.132706,5.00e-05,76246.71,34537472,N/A,2025-06-07 17:59:58
2108,4.859227,4.247282,78.132706,5.00e-05,76281.85,34553856,N/A,2025-06-07 17:59:58
2109,4.128229,4.247282,78.132706,5.00e-05,77547.63,34570240,N/A,2025-06-07 17:59:59
2110,4.262859,4.247282,78.132706,5.00e-05,77629.25,34586624,1.0000,2025-06-07 17:59:59
2111,4.836446,4.247282,78.132706,5.00e-05,77797.37,34603008,N/A,2025-06-07 17:59:59
2112,3.288251,4.247282,78.132706,5.00e-05,77950.74,34619392,N/A,2025-06-07 17:59:59
2113,3.613838,4.247282,78.132706,5.00e-05,77894.70,34635776,N/A,2025-06-07 18:00:00
2114,4.692258,4.247282,78.132706,5.00e-05,77930.71,34652160,N/A,2025-06-07 18:00:00
2115,4.167257,4.247282,78.132706,5.00e-05,77869.89,34668544,N/A,2025-06-07 18:00:00
2116,3.803844,4.247282,78.132706,5.00e-05,77904.11,34684928,N/A,2025-06-07 18:00:00
2117,3.707807,4.247282,78.132706,5.00e-05,78157.12,34701312,N/A,2025-06-07 18:00:01
2118,4.020866,4.247282,78.132706,5.00e-05,78109.55,34717696,N/A,2025-06-07 18:00:01
2119,3.551223,4.247282,78.132706,5.00e-05,78448.92,34734080,N/A,2025-06-07 18:00:01
2120,4.784296,4.247282,78.132706,5.00e-05,76589.93,34750464,1.0000,2025-06-07 18:00:01
2121,3.367559,4.247282,78.132706,5.00e-05,76143.55,34766848,N/A,2025-06-07 18:00:02
2122,4.328849,4.247282,78.132706,5.00e-05,75847.11,34783232,N/A,2025-06-07 18:00:02
2123,4.482140,4.247282,78.132706,5.00e-05,75054.15,34799616,N/A,2025-06-07 18:00:02
2124,4.565379,4.247282,78.132706,5.00e-05,74858.57,34816000,N/A,2025-06-07 18:00:02
2125,3.695020,4.247282,78.132706,5.00e-05,74781.29,34832384,N/A,2025-06-07 18:00:03
2126,4.109422,4.247282,78.132706,5.00e-05,74710.52,34848768,N/A,2025-06-07 18:00:03
2127,3.564594,4.247282,78.132706,5.00e-05,74767.52,34865152,N/A,2025-06-07 18:00:03
2128,4.506560,4.247282,78.132706,5.00e-05,75899.10,34881536,N/A,2025-06-07 18:00:03
2129,4.649898,4.247282,78.132706,5.00e-05,77505.56,34897920,N/A,2025-06-07 18:00:03
2130,4.254802,4.247282,78.132706,5.00e-05,76426.97,34914304,1.0000,2025-06-07 18:00:04
2131,4.240103,4.247282,78.132706,5.00e-05,76882.72,34930688,N/A,2025-06-07 18:00:04
2132,3.803555,4.247282,78.132706,5.00e-05,77582.45,34947072,N/A,2025-06-07 18:00:04
2133,4.275913,4.247282,78.132706,5.00e-05,77434.88,34963456,N/A,2025-06-07 18:00:04
2134,4.737133,4.247282,78.132706,5.00e-05,77399.10,34979840,N/A,2025-06-07 18:00:05
2135,3.850247,4.247282,78.132706,5.00e-05,77241.64,34996224,N/A,2025-06-07 18:00:05
2136,3.344355,4.247282,78.132706,5.00e-05,76600.87,35012608,N/A,2025-06-07 18:00:05
2137,4.741602,4.247282,78.132706,5.00e-05,76416.50,35028992,N/A,2025-06-07 18:00:05
2138,4.335957,4.247282,78.132706,5.00e-05,76181.15,35045376,N/A,2025-06-07 18:00:06
2139,4.525228,4.247282,78.132706,5.00e-05,77481.56,35061760,N/A,2025-06-07 18:00:06
2140,3.954248,4.247282,78.132706,5.00e-05,75963.49,35078144,1.0000,2025-06-07 18:00:06
2141,4.000331,4.247282,78.132706,5.00e-05,75910.59,35094528,N/A,2025-06-07 18:00:06
2142,4.106419,4.247282,78.132706,5.00e-05,76380.04,35110912,N/A,2025-06-07 18:00:07
2143,3.700815,4.247282,78.132706,5.00e-05,76424.88,35127296,N/A,2025-06-07 18:00:07
2144,3.809998,4.247282,78.132706,5.00e-05,76571.16,35143680,N/A,2025-06-07 18:00:07
2145,3.640634,4.247282,78.132706,5.00e-05,77100.61,35160064,N/A,2025-06-07 18:00:07
2146,4.215698,4.247282,78.132706,5.00e-05,77195.43,35176448,N/A,2025-06-07 18:00:08
2147,4.801171,4.247282,78.132706,5.00e-05,76964.89,35192832,N/A,2025-06-07 18:00:08
2148,4.110739,4.247282,78.132706,5.00e-05,77134.64,35209216,N/A,2025-06-07 18:00:08
2149,4.840208,4.247282,78.132706,5.00e-05,78485.80,35225600,N/A,2025-06-07 18:00:08
2150,4.845952,4.247282,78.132706,5.00e-05,76949.37,35241984,1.0000,2025-06-07 18:00:08
2151,3.966098,4.247282,78.132706,5.00e-05,76750.81,35258368,N/A,2025-06-07 18:00:09
2152,4.196435,4.247282,78.132706,5.00e-05,76848.08,35274752,N/A,2025-06-07 18:00:09
2153,3.592432,4.247282,78.132706,5.00e-05,76652.93,35291136,N/A,2025-06-07 18:00:09
2154,4.911561,4.247282,78.132706,5.00e-05,76779.11,35307520,N/A,2025-06-07 18:00:09
2155,4.051365,4.247282,78.132706,5.00e-05,76742.29,35323904,N/A,2025-06-07 18:00:10
2156,5.065727,4.247282,78.132706,5.00e-05,77235.72,35340288,N/A,2025-06-07 18:00:10
2157,4.778463,4.247282,78.132706,5.00e-05,77108.95,35356672,N/A,2025-06-07 18:00:10
2158,3.530223,4.247282,78.132706,5.00e-05,77164.24,35373056,N/A,2025-06-07 18:00:10
2159,3.351126,4.247282,78.132706,5.00e-05,78538.89,35389440,N/A,2025-06-07 18:00:11
2160,3.496221,4.247282,78.132706,5.00e-05,76912.20,35405824,1.0000,2025-06-07 18:00:11
2161,3.816305,4.247282,78.132706,5.00e-05,76831.40,35422208,N/A,2025-06-07 18:00:11
2162,3.962318,4.247282,78.132706,5.00e-05,77105.78,35438592,N/A,2025-06-07 18:00:11
2163,4.408072,4.247282,78.132706,5.00e-05,77055.55,35454976,N/A,2025-06-07 18:00:12
2164,4.255673,4.247282,78.132706,5.00e-05,77269.40,35471360,N/A,2025-06-07 18:00:12
2165,3.741823,4.247282,78.132706,5.00e-05,77341.75,35487744,N/A,2025-06-07 18:00:12
2166,5.205039,4.247282,78.132706,5.00e-05,77138.80,35504128,N/A,2025-06-07 18:00:12
2167,3.576447,4.247282,78.132706,5.00e-05,76878.75,35520512,N/A,2025-06-07 18:00:12
2168,3.601640,4.247282,78.132706,5.00e-05,76981.24,35536896,N/A,2025-06-07 18:00:13
2169,3.203305,4.247282,78.132706,5.00e-05,78767.54,35553280,N/A,2025-06-07 18:00:13
2170,4.408105,4.247282,78.132706,5.00e-05,77086.29,35569664,1.0000,2025-06-07 18:00:13
2171,5.095233,4.247282,78.132706,5.00e-05,77097.20,35586048,N/A,2025-06-07 18:00:13
2172,4.803770,4.247282,78.132706,5.00e-05,76829.04,35602432,N/A,2025-06-07 18:00:14
2173,5.295727,4.247282,78.132706,5.00e-05,76703.42,35618816,N/A,2025-06-07 18:00:14
2174,4.960026,4.247282,78.132706,5.00e-05,76725.85,35635200,N/A,2025-06-07 18:00:14
2175,3.734440,4.247282,78.132706,5.00e-05,77097.10,35651584,N/A,2025-06-07 18:00:14
2176,4.554290,4.247282,78.132706,5.00e-05,77448.24,35667968,N/A,2025-06-07 18:00:15
2177,4.209434,4.247282,78.132706,5.00e-05,77460.32,35684352,N/A,2025-06-07 18:00:15
2178,3.523605,4.247282,78.132706,5.00e-05,77189.32,35700736,N/A,2025-06-07 18:00:15
2179,4.598679,4.247282,78.132706,5.00e-05,78783.47,35717120,N/A,2025-06-07 18:00:15
2180,4.537747,4.247282,78.132706,5.00e-05,77050.19,35733504,1.0000,2025-06-07 18:00:16
2181,3.520644,4.247282,78.132706,5.00e-05,77267.66,35749888,N/A,2025-06-07 18:00:16
2182,3.547968,4.247282,78.132706,5.00e-05,77238.71,35766272,N/A,2025-06-07 18:00:16
2183,4.312220,4.247282,78.132706,5.00e-05,77243.25,35782656,N/A,2025-06-07 18:00:16
2184,4.295456,4.247282,78.132706,5.00e-05,77187.90,35799040,N/A,2025-06-07 18:00:16
2185,3.383204,4.247282,78.132706,5.00e-05,77117.52,35815424,N/A,2025-06-07 18:00:17
2186,3.884001,4.247282,78.132706,5.00e-05,77230.66,35831808,N/A,2025-06-07 18:00:17
2187,4.840205,4.247282,78.132706,5.00e-05,77553.91,35848192,N/A,2025-06-07 18:00:17
2188,3.904061,4.247282,78.132706,5.00e-05,77575.01,35864576,N/A,2025-06-07 18:00:17
2189,4.523431,4.247282,78.132706,5.00e-05,79008.13,35880960,N/A,2025-06-07 18:00:18
2190,4.205282,4.247282,78.132706,5.00e-05,77558.77,35897344,1.0000,2025-06-07 18:00:18
2191,3.921921,4.247282,78.132706,5.00e-05,76919.85,35913728,N/A,2025-06-07 18:00:18
2192,3.549248,4.247282,78.132706,5.00e-05,76883.61,35930112,N/A,2025-06-07 18:00:18
2193,4.094937,4.247282,78.132706,5.00e-05,76749.89,35946496,N/A,2025-06-07 18:00:19
2194,3.491403,4.247282,78.132706,5.00e-05,76636.95,35962880,N/A,2025-06-07 18:00:19
2195,4.817685,4.247282,78.132706,5.00e-05,76666.48,35979264,N/A,2025-06-07 18:00:19
2196,3.542050,4.247282,78.132706,5.00e-05,76515.38,35995648,N/A,2025-06-07 18:00:19
2197,3.804724,4.247282,78.132706,5.00e-05,76551.33,36012032,N/A,2025-06-07 18:00:20
2198,4.316484,4.247282,78.132706,5.00e-05,76545.63,36028416,N/A,2025-06-07 18:00:20
2199,3.930893,4.247282,78.132706,5.00e-05,78032.30,36044800,N/A,2025-06-07 18:00:20
2200,3.486726,4.247282,78.132706,5.00e-05,76549.77,36061184,1.0000,2025-06-07 18:00:20
2201,3.929344,4.247282,78.132706,5.00e-05,75336.33,36077568,N/A,2025-06-07 18:00:21
2202,4.382100,4.247282,78.132706,5.00e-05,75510.10,36093952,N/A,2025-06-07 18:00:21
2203,4.332770,4.247282,78.132706,5.00e-05,75611.88,36110336,N/A,2025-06-07 18:00:21
2204,4.634952,4.247282,78.132706,5.00e-05,75557.04,36126720,N/A,2025-06-07 18:00:21
2205,3.458426,4.247282,78.132706,5.00e-05,75671.75,36143104,N/A,2025-06-07 18:00:21
2206,3.971596,4.247282,78.132706,5.00e-05,75809.97,36159488,N/A,2025-06-07 18:00:22
2207,4.475646,4.247282,78.132706,5.00e-05,75992.29,36175872,N/A,2025-06-07 18:00:22
2208,4.480602,4.247282,78.132706,5.00e-05,76035.46,36192256,N/A,2025-06-07 18:00:22
2209,3.942389,4.247282,78.132706,5.00e-05,78102.61,36208640,N/A,2025-06-07 18:00:22
2210,3.107255,4.247282,78.132706,5.00e-05,77899.87,36225024,1.0000,2025-06-07 18:00:23
2211,3.806354,4.247282,78.132706,5.00e-05,77478.48,36241408,N/A,2025-06-07 18:00:23
2212,3.495384,4.247282,78.132706,5.00e-05,77557.21,36257792,N/A,2025-06-07 18:00:23
2213,4.067522,4.247282,78.132706,5.00e-05,77513.39,36274176,N/A,2025-06-07 18:00:23
2214,4.057199,4.247282,78.132706,5.00e-05,77538.59,36290560,N/A,2025-06-07 18:00:24
2215,4.464697,4.247282,78.132706,5.00e-05,77546.67,36306944,N/A,2025-06-07 18:00:24
2216,2.997463,4.247282,78.132706,5.00e-05,77588.39,36323328,N/A,2025-06-07 18:00:24
2217,3.739773,4.247282,78.132706,5.00e-05,77568.40,36339712,N/A,2025-06-07 18:00:24
2218,4.643747,4.247282,78.132706,5.00e-05,77532.66,36356096,N/A,2025-06-07 18:00:25
2219,4.833666,4.247282,78.132706,5.00e-05,78873.56,36372480,N/A,2025-06-07 18:00:25
2220,4.183986,4.247282,78.132706,5.00e-05,77615.17,36388864,1.0000,2025-06-07 18:00:25
2221,3.478774,4.247282,78.132706,5.00e-05,77579.09,36405248,N/A,2025-06-07 18:00:25
2222,3.327821,4.247282,78.132706,5.00e-05,77671.48,36421632,N/A,2025-06-07 18:00:25
2223,4.039991,4.247282,78.132706,5.00e-05,77330.45,36438016,N/A,2025-06-07 18:00:26
2224,4.291099,4.247282,78.132706,5.00e-05,77137.02,36454400,N/A,2025-06-07 18:00:26
2225,3.622921,4.247282,78.132706,5.00e-05,77015.98,36470784,N/A,2025-06-07 18:00:26
2226,3.512187,4.247282,78.132706,5.00e-05,76607.17,36487168,N/A,2025-06-07 18:00:26
2227,3.606040,4.247282,78.132706,5.00e-05,76697.09,36503552,N/A,2025-06-07 18:00:27
2228,4.773816,4.247282,78.132706,5.00e-05,76839.47,36519936,N/A,2025-06-07 18:00:27
2229,4.462660,4.247282,78.132706,5.00e-05,78222.05,36536320,N/A,2025-06-07 18:00:27
2230,4.006269,4.247282,78.132706,5.00e-05,76759.32,36552704,1.0000,2025-06-07 18:00:27
2231,4.192438,4.247282,78.132706,5.00e-05,76661.56,36569088,N/A,2025-06-07 18:00:28
2232,4.288416,4.247282,78.132706,5.00e-05,76894.63,36585472,N/A,2025-06-07 18:00:28
2233,3.607859,4.247282,78.132706,5.00e-05,76997.96,36601856,N/A,2025-06-07 18:00:28
2234,4.556206,4.247282,78.132706,5.00e-05,77029.42,36618240,N/A,2025-06-07 18:00:28
2235,4.746675,4.247282,78.132706,5.00e-05,77521.48,36634624,N/A,2025-06-07 18:00:29
2236,3.755632,4.247282,78.132706,5.00e-05,76915.82,36651008,N/A,2025-06-07 18:00:29
2237,4.600859,4.247282,78.132706,5.00e-05,76912.50,36667392,N/A,2025-06-07 18:00:29
2238,5.078980,4.247282,78.132706,5.00e-05,77144.91,36683776,N/A,2025-06-07 18:00:29
2239,3.800449,4.247282,78.132706,5.00e-05,78418.29,36700160,N/A,2025-06-07 18:00:29
2240,3.912455,4.247282,78.132706,5.00e-05,76966.30,36716544,1.0000,2025-06-07 18:00:30
2241,3.940942,4.247282,78.132706,5.00e-05,76934.05,36732928,N/A,2025-06-07 18:00:30
2242,3.731560,4.247282,78.132706,5.00e-05,77030.39,36749312,N/A,2025-06-07 18:00:30
2243,4.547789,4.247282,78.132706,5.00e-05,76889.67,36765696,N/A,2025-06-07 18:00:30
2244,4.993827,4.247282,78.132706,5.00e-05,76848.99,36782080,N/A,2025-06-07 18:00:31
2245,4.388170,4.247282,78.132706,5.00e-05,77479.90,36798464,N/A,2025-06-07 18:00:31
2246,4.037181,4.247282,78.132706,5.00e-05,77605.47,36814848,N/A,2025-06-07 18:00:31
2247,4.871929,4.247282,78.132706,5.00e-05,77579.82,36831232,N/A,2025-06-07 18:00:31
2248,3.421451,4.247282,78.132706,5.00e-05,77770.55,36847616,N/A,2025-06-07 18:00:32
2249,3.861358,4.247282,78.132706,5.00e-05,79157.23,36864000,N/A,2025-06-07 18:00:32
2250,4.391282,4.247282,78.132706,5.00e-05,76939.40,36880384,1.0000,2025-06-07 18:00:32
2251,4.202520,4.247282,78.132706,5.00e-05,76919.49,36896768,N/A,2025-06-07 18:00:32
2252,5.086080,4.247282,78.132706,5.00e-05,76139.81,36913152,N/A,2025-06-07 18:00:33
2253,4.884364,4.247282,78.132706,5.00e-05,76212.78,36929536,N/A,2025-06-07 18:00:33
2254,3.912275,4.247282,78.132706,5.00e-05,75976.46,36945920,N/A,2025-06-07 18:00:33
2255,3.424013,4.247282,78.132706,5.00e-05,76001.60,36962304,N/A,2025-06-07 18:00:33
2256,4.104018,4.247282,78.132706,5.00e-05,76065.68,36978688,N/A,2025-06-07 18:00:33
2257,4.905789,4.247282,78.132706,5.00e-05,76166.28,36995072,N/A,2025-06-07 18:00:34
2258,4.408864,4.247282,78.132706,5.00e-05,76375.51,37011456,N/A,2025-06-07 18:00:34
2259,4.260113,4.247282,78.132706,5.00e-05,78523.30,37027840,N/A,2025-06-07 18:00:34
2260,4.184627,4.247282,78.132706,5.00e-05,76970.82,37044224,1.0000,2025-06-07 18:00:34
2261,4.364824,4.247282,78.132706,5.00e-05,77828.77,37060608,N/A,2025-06-07 18:00:35
2262,4.096004,4.247282,78.132706,5.00e-05,77770.53,37076992,N/A,2025-06-07 18:00:35
2263,4.144323,4.247282,78.132706,5.00e-05,78067.16,37093376,N/A,2025-06-07 18:00:35
2264,4.675084,4.247282,78.132706,5.00e-05,77919.38,37109760,N/A,2025-06-07 18:00:35
2265,3.126206,4.247282,78.132706,5.00e-05,77844.19,37126144,N/A,2025-06-07 18:00:36
2266,3.929637,4.247282,78.132706,5.00e-05,77749.97,37142528,N/A,2025-06-07 18:00:36
2267,3.371605,4.247282,78.132706,5.00e-05,77780.87,37158912,N/A,2025-06-07 18:00:36
2268,3.804879,4.247282,78.132706,5.00e-05,77823.64,37175296,N/A,2025-06-07 18:00:36
2269,3.626465,4.247282,78.132706,5.00e-05,79441.10,37191680,N/A,2025-06-07 18:00:37
2270,4.153359,4.247282,78.132706,5.00e-05,77287.79,37208064,1.0000,2025-06-07 18:00:37
2271,4.212876,4.247282,78.132706,5.00e-05,77134.67,37224448,N/A,2025-06-07 18:00:37
2272,4.949750,4.247282,78.132706,5.00e-05,77040.51,37240832,N/A,2025-06-07 18:00:37
2273,4.261131,4.247282,78.132706,5.00e-05,77060.58,37257216,N/A,2025-06-07 18:00:37
2274,4.241927,4.247282,78.132706,5.00e-05,77034.54,37273600,N/A,2025-06-07 18:00:38
2275,3.980177,4.247282,78.132706,5.00e-05,77041.72,37289984,N/A,2025-06-07 18:00:38
2276,3.961684,4.247282,78.132706,5.00e-05,76976.80,37306368,N/A,2025-06-07 18:00:38
2277,3.925209,4.247282,78.132706,5.00e-05,77129.52,37322752,N/A,2025-06-07 18:00:38
2278,3.387348,4.247282,78.132706,5.00e-05,76906.95,37339136,N/A,2025-06-07 18:00:39
2279,3.252881,4.247282,78.132706,5.00e-05,79161.14,37355520,N/A,2025-06-07 18:00:39
2280,4.597319,4.247282,78.132706,5.00e-05,76827.35,37371904,1.0000,2025-06-07 18:00:39
2281,4.971356,4.247282,78.132706,5.00e-05,76843.59,37388288,N/A,2025-06-07 18:00:39
2282,3.992146,4.247282,78.132706,5.00e-05,76479.74,37404672,N/A,2025-06-07 18:00:40
2283,3.961443,4.247282,78.132706,5.00e-05,76530.16,37421056,N/A,2025-06-07 18:00:40
2284,3.955059,4.247282,78.132706,5.00e-05,76537.34,37437440,N/A,2025-06-07 18:00:40
2285,3.277270,4.247282,78.132706,5.00e-05,76596.10,37453824,N/A,2025-06-07 18:00:40
2286,4.281841,4.247282,78.132706,5.00e-05,76168.52,37470208,N/A,2025-06-07 18:00:41
2287,3.978184,4.247282,78.132706,5.00e-05,76423.54,37486592,N/A,2025-06-07 18:00:41
2288,4.250618,4.247282,78.132706,5.00e-05,76205.88,37502976,N/A,2025-06-07 18:00:41
2289,3.719468,4.247282,78.132706,5.00e-05,78501.08,37519360,N/A,2025-06-07 18:00:41
2290,4.671380,4.247282,78.132706,5.00e-05,76905.77,37535744,1.0000,2025-06-07 18:00:42
2291,3.804089,4.247282,78.132706,5.00e-05,77309.05,37552128,N/A,2025-06-07 18:00:42
2292,3.907887,4.247282,78.132706,5.00e-05,77227.59,37568512,N/A,2025-06-07 18:00:42
2293,3.302361,4.247282,78.132706,5.00e-05,77262.04,37584896,N/A,2025-06-07 18:00:42
2294,4.041491,4.247282,78.132706,5.00e-05,77225.06,37601280,N/A,2025-06-07 18:00:42
2295,3.813472,4.247282,78.132706,5.00e-05,77547.83,37617664,N/A,2025-06-07 18:00:43
2296,5.349036,4.247282,78.132706,5.00e-05,77100.98,37634048,N/A,2025-06-07 18:00:43
2297,4.353318,4.247282,78.132706,5.00e-05,77046.85,37650432,N/A,2025-06-07 18:00:43
2298,3.657965,4.247282,78.132706,5.00e-05,77143.63,37666816,N/A,2025-06-07 18:00:43
2299,3.985174,4.247282,78.132706,5.00e-05,78695.28,37683200,N/A,2025-06-07 18:00:44
2300,5.789590,4.247282,78.132706,5.00e-05,76195.45,37699584,1.0000,2025-06-07 18:00:44
2301,3.979086,4.247282,78.132706,5.00e-05,74801.34,37715968,N/A,2025-06-07 18:00:44
2302,4.040974,4.247282,78.132706,5.00e-05,74658.20,37732352,N/A,2025-06-07 18:00:44
2303,4.185797,4.247282,78.132706,5.00e-05,74637.11,37748736,N/A,2025-06-07 18:00:45
2304,2.981552,4.247282,78.132706,5.00e-05,74511.95,37765120,N/A,2025-06-07 18:00:45
2305,4.527763,4.247282,78.132706,5.00e-05,74854.62,37781504,N/A,2025-06-07 18:00:45
2306,4.455225,4.247282,78.132706,5.00e-05,74221.94,37797888,N/A,2025-06-07 18:00:45
2307,4.514588,4.247282,78.132706,5.00e-05,74150.75,37814272,N/A,2025-06-07 18:00:46
2308,3.899060,4.247282,78.132706,5.00e-05,74231.60,37830656,N/A,2025-06-07 18:00:46
2309,3.338277,4.247282,78.132706,5.00e-05,76459.98,37847040,N/A,2025-06-07 18:00:46
2310,4.078305,4.247282,78.132706,5.00e-05,76553.43,37863424,1.0000,2025-06-07 18:00:46
2311,3.060140,4.247282,78.132706,5.00e-05,76085.18,37879808,N/A,2025-06-07 18:00:47
2312,4.142001,4.247282,78.132706,5.00e-05,76142.52,37896192,N/A,2025-06-07 18:00:47
2313,3.659737,4.247282,78.132706,5.00e-05,76208.21,37912576,N/A,2025-06-07 18:00:47
2314,4.590342,4.247282,78.132706,5.00e-05,76200.63,37928960,N/A,2025-06-07 18:00:47
2315,3.348001,4.247282,78.132706,5.00e-05,77123.04,37945344,N/A,2025-06-07 18:00:47
2316,4.033950,4.247282,78.132706,5.00e-05,77265.18,37961728,N/A,2025-06-07 18:00:48
2317,4.111588,4.247282,78.132706,5.00e-05,77185.69,37978112,N/A,2025-06-07 18:00:48
2318,4.367537,4.247282,78.132706,5.00e-05,77273.72,37994496,N/A,2025-06-07 18:00:48
2319,4.763589,4.247282,78.132706,5.00e-05,78523.34,38010880,N/A,2025-06-07 18:00:48
2320,3.596662,4.247282,78.132706,5.00e-05,77584.41,38027264,1.0000,2025-06-07 18:00:49
2321,3.601511,4.247282,78.132706,5.00e-05,77601.18,38043648,N/A,2025-06-07 18:00:49
2322,4.752283,4.247282,78.132706,5.00e-05,77796.72,38060032,N/A,2025-06-07 18:00:49
2323,3.837789,4.247282,78.132706,5.00e-05,77786.80,38076416,N/A,2025-06-07 18:00:49
2324,3.821231,4.247282,78.132706,5.00e-05,77881.43,38092800,N/A,2025-06-07 18:00:50
2325,4.551563,4.247282,78.132706,5.00e-05,77751.02,38109184,N/A,2025-06-07 18:00:50
2326,3.696314,4.247282,78.132706,5.00e-05,77850.60,38125568,N/A,2025-06-07 18:00:50
2327,3.418610,4.247282,78.132706,5.00e-05,77895.33,38141952,N/A,2025-06-07 18:00:50
2328,4.004675,4.247282,78.132706,5.00e-05,78130.08,38158336,N/A,2025-06-07 18:00:50
2329,2.286331,4.247282,78.132706,5.00e-05,79723.77,38174720,N/A,2025-06-07 18:00:51
2330,3.975667,4.247282,78.132706,5.00e-05,77990.28,38191104,1.0000,2025-06-07 18:00:51
2331,3.843598,4.247282,78.132706,5.00e-05,77931.50,38207488,N/A,2025-06-07 18:00:51
2332,2.513739,4.247282,78.132706,5.00e-05,77804.28,38223872,N/A,2025-06-07 18:00:51
2333,3.475772,4.247282,78.132706,5.00e-05,77752.85,38240256,N/A,2025-06-07 18:00:52
2334,4.187214,4.247282,78.132706,5.00e-05,77945.88,38256640,N/A,2025-06-07 18:00:52
2335,3.879204,4.247282,78.132706,5.00e-05,77843.93,38273024,N/A,2025-06-07 18:00:52
2336,4.297017,4.247282,78.132706,5.00e-05,77872.24,38289408,N/A,2025-06-07 18:00:52
2337,4.885085,4.247282,78.132706,5.00e-05,77793.14,38305792,N/A,2025-06-07 18:00:53
2338,3.479439,4.247282,78.132706,5.00e-05,77771.49,38322176,N/A,2025-06-07 18:00:53
2339,3.167872,4.247282,78.132706,5.00e-05,79297.78,38338560,N/A,2025-06-07 18:00:53
2340,4.369465,4.247282,78.132706,5.00e-05,77846.62,38354944,1.0000,2025-06-07 18:00:53
2341,3.851775,4.247282,78.132706,5.00e-05,77865.36,38371328,N/A,2025-06-07 18:00:54
2342,4.342363,4.247282,78.132706,5.00e-05,76976.54,38387712,N/A,2025-06-07 18:00:54
2343,4.479038,4.247282,78.132706,5.00e-05,76923.85,38404096,N/A,2025-06-07 18:00:54
2344,4.657832,4.247282,78.132706,5.00e-05,77005.31,38420480,N/A,2025-06-07 18:00:54
2345,4.891891,4.247282,78.132706,5.00e-05,76846.58,38436864,N/A,2025-06-07 18:00:55
2346,4.156683,4.247282,78.132706,5.00e-05,76824.10,38453248,N/A,2025-06-07 18:00:55
2347,4.033460,4.247282,78.132706,5.00e-05,76824.68,38469632,N/A,2025-06-07 18:00:55
2348,4.618701,4.247282,78.132706,5.00e-05,77039.39,38486016,N/A,2025-06-07 18:00:55
2349,4.375148,4.247282,78.132706,5.00e-05,78257.52,38502400,N/A,2025-06-07 18:00:55
2350,3.315871,4.247282,78.132706,5.00e-05,76299.65,38518784,1.0000,2025-06-07 18:00:56
2351,3.489295,4.247282,78.132706,5.00e-05,77018.42,38535168,N/A,2025-06-07 18:00:56
2352,4.452620,4.247282,78.132706,5.00e-05,77088.80,38551552,N/A,2025-06-07 18:00:56
2353,3.952728,4.247282,78.132706,5.00e-05,77088.51,38567936,N/A,2025-06-07 18:00:56
2354,4.385104,4.247282,78.132706,5.00e-05,77108.11,38584320,N/A,2025-06-07 18:00:57
2355,3.861663,4.247282,78.132706,5.00e-05,77218.76,38600704,N/A,2025-06-07 18:00:57
2356,3.515496,4.247282,78.132706,5.00e-05,77153.64,38617088,N/A,2025-06-07 18:00:57
2357,3.098020,4.247282,78.132706,5.00e-05,77165.23,38633472,N/A,2025-06-07 18:00:57
2358,3.046489,4.247282,78.132706,5.00e-05,77321.30,38649856,N/A,2025-06-07 18:00:58
2359,3.452429,4.247282,78.132706,5.00e-05,79439.42,38666240,N/A,2025-06-07 18:00:58
2360,4.027282,4.247282,78.132706,5.00e-05,78095.89,38682624,1.0000,2025-06-07 18:00:58
2361,4.154111,4.247282,78.132706,5.00e-05,77996.12,38699008,N/A,2025-06-07 18:00:58
2362,4.064882,4.247282,78.132706,5.00e-05,78062.18,38715392,N/A,2025-06-07 18:00:58
2363,4.576930,4.247282,78.132706,5.00e-05,77992.18,38731776,N/A,2025-06-07 18:00:59
2364,2.958873,4.247282,78.132706,5.00e-05,78059.80,38748160,N/A,2025-06-07 18:00:59
2365,4.661956,4.247282,78.132706,5.00e-05,78172.72,38764544,N/A,2025-06-07 18:00:59
2366,4.405464,4.247282,78.132706,5.00e-05,78193.37,38780928,N/A,2025-06-07 18:00:59
2367,4.388254,4.247282,78.132706,5.00e-05,77601.18,38797312,N/A,2025-06-07 18:01:00
2368,3.665247,4.247282,78.132706,5.00e-05,77582.79,38813696,N/A,2025-06-07 18:01:00
2369,4.578850,4.247282,78.132706,5.00e-05,79012.63,38830080,N/A,2025-06-07 18:01:00
2370,3.787581,4.247282,78.132706,5.00e-05,76546.77,38846464,1.0000,2025-06-07 18:01:00
2371,4.203757,4.247282,78.132706,5.00e-05,76303.96,38862848,N/A,2025-06-07 18:01:01
2372,3.092493,4.247282,78.132706,5.00e-05,76332.87,38879232,N/A,2025-06-07 18:01:01
2373,3.392810,4.247282,78.132706,5.00e-05,76300.36,38895616,N/A,2025-06-07 18:01:01
2374,4.082266,4.247282,78.132706,5.00e-05,76112.74,38912000,N/A,2025-06-07 18:01:01
2375,3.743161,4.247282,78.132706,5.00e-05,75962.83,38928384,N/A,2025-06-07 18:01:02
2376,4.063700,4.247282,78.132706,5.00e-05,76628.90,38944768,N/A,2025-06-07 18:01:02
2377,4.331088,4.247282,78.132706,5.00e-05,76570.24,38961152,N/A,2025-06-07 18:01:02
2378,4.300336,4.247282,78.132706,5.00e-05,76701.76,38977536,N/A,2025-06-07 18:01:02
2379,3.810265,4.247282,78.132706,5.00e-05,79122.69,38993920,N/A,2025-06-07 18:01:02
2380,3.707786,4.247282,78.132706,5.00e-05,78082.67,39010304,1.0000,2025-06-07 18:01:03
2381,4.049932,4.247282,78.132706,5.00e-05,78148.05,39026688,N/A,2025-06-07 18:01:03
2382,3.977739,4.247282,78.132706,5.00e-05,78063.16,39043072,N/A,2025-06-07 18:01:03
2383,4.433853,4.247282,78.132706,5.00e-05,77981.13,39059456,N/A,2025-06-07 18:01:03
2384,3.379884,4.247282,78.132706,5.00e-05,78116.37,39075840,N/A,2025-06-07 18:01:04
2385,4.387924,4.247282,78.132706,5.00e-05,78017.92,39092224,N/A,2025-06-07 18:01:04
2386,3.542032,4.247282,78.132706,5.00e-05,78162.58,39108608,N/A,2025-06-07 18:01:04
2387,3.615273,4.247282,78.132706,5.00e-05,78001.65,39124992,N/A,2025-06-07 18:01:04
2388,4.882435,4.247282,78.132706,5.00e-05,78171.88,39141376,N/A,2025-06-07 18:01:05
2389,3.522979,4.247282,78.132706,5.00e-05,78980.50,39157760,N/A,2025-06-07 18:01:05
2390,4.373001,4.247282,78.132706,5.00e-05,77493.23,39174144,1.0000,2025-06-07 18:01:05
2391,3.371912,4.247282,78.132706,5.00e-05,77388.08,39190528,N/A,2025-06-07 18:01:05
2392,4.720376,4.247282,78.132706,5.00e-05,77705.52,39206912,N/A,2025-06-07 18:01:06
2393,3.663735,4.247282,78.132706,5.00e-05,77682.55,39223296,N/A,2025-06-07 18:01:06
2394,3.880460,4.247282,78.132706,5.00e-05,77457.04,39239680,N/A,2025-06-07 18:01:06
2395,4.535735,4.247282,78.132706,5.00e-05,77339.46,39256064,N/A,2025-06-07 18:01:06
2396,4.781877,4.247282,78.132706,5.00e-05,77385.06,39272448,N/A,2025-06-07 18:01:06
2397,3.961577,4.247282,78.132706,5.00e-05,77274.17,39288832,N/A,2025-06-07 18:01:07
2398,4.062702,4.247282,78.132706,5.00e-05,77472.24,39305216,N/A,2025-06-07 18:01:07
2399,3.732759,4.247282,78.132706,5.00e-05,78773.69,39321600,N/A,2025-06-07 18:01:07
2400,3.783335,4.247282,78.132706,5.00e-05,77351.37,39337984,1.0000,2025-06-07 18:01:07
2401,3.234764,4.247282,78.132706,5.00e-05,75813.41,39354368,N/A,2025-06-07 18:01:08
2402,4.519212,4.247282,78.132706,5.00e-05,75849.59,39370752,N/A,2025-06-07 18:01:08
2403,3.796336,4.247282,78.132706,5.00e-05,75835.50,39387136,N/A,2025-06-07 18:01:08
2404,2.938961,4.247282,78.132706,5.00e-05,76034.61,39403520,N/A,2025-06-07 18:01:08
2405,4.192603,4.247282,78.132706,5.00e-05,75927.81,39419904,N/A,2025-06-07 18:01:09
2406,3.396524,4.247282,78.132706,5.00e-05,75872.68,39436288,N/A,2025-06-07 18:01:09
2407,3.146333,4.247282,78.132706,5.00e-05,75825.45,39452672,N/A,2025-06-07 18:01:09
2408,4.293461,4.247282,78.132706,5.00e-05,76043.00,39469056,N/A,2025-06-07 18:01:09
2409,4.331351,4.247282,78.132706,5.00e-05,77486.58,39485440,N/A,2025-06-07 18:01:10
2410,4.966741,4.247282,78.132706,5.00e-05,77584.68,39501824,1.0000,2025-06-07 18:01:10
2411,3.431417,4.247282,78.132706,5.00e-05,77492.31,39518208,N/A,2025-06-07 18:01:10
2412,3.993112,4.247282,78.132706,5.00e-05,77781.30,39534592,N/A,2025-06-07 18:01:10
2413,3.836363,4.247282,78.132706,5.00e-05,77557.84,39550976,N/A,2025-06-07 18:01:11
2414,4.861720,4.247282,78.132706,5.00e-05,77519.04,39567360,N/A,2025-06-07 18:01:11
2415,4.785545,4.247282,78.132706,5.00e-05,77375.39,39583744,N/A,2025-06-07 18:01:11
2416,4.537421,4.247282,78.132706,5.00e-05,77687.95,39600128,N/A,2025-06-07 18:01:11
2417,4.284918,4.247282,78.132706,5.00e-05,77691.80,39616512,N/A,2025-06-07 18:01:11
2418,4.335087,4.247282,78.132706,5.00e-05,77845.44,39632896,N/A,2025-06-07 18:01:12
2419,4.024796,4.247282,78.132706,5.00e-05,78500.83,39649280,N/A,2025-06-07 18:01:12
2420,4.936012,4.247282,78.132706,5.00e-05,77102.21,39665664,1.0000,2025-06-07 18:01:12
2421,3.968738,4.247282,78.132706,5.00e-05,77101.92,39682048,N/A,2025-06-07 18:01:12
2422,3.352155,4.247282,78.132706,5.00e-05,76838.85,39698432,N/A,2025-06-07 18:01:13
2423,3.112822,4.247282,78.132706,5.00e-05,76853.13,39714816,N/A,2025-06-07 18:01:13
2424,3.224329,4.247282,78.132706,5.00e-05,76937.19,39731200,N/A,2025-06-07 18:01:13
2425,4.377811,4.247282,78.132706,5.00e-05,76775.96,39747584,N/A,2025-06-07 18:01:13
2426,4.111117,4.247282,78.132706,5.00e-05,76738.65,39763968,N/A,2025-06-07 18:01:14
2427,3.575318,4.247282,78.132706,5.00e-05,76528.26,39780352,N/A,2025-06-07 18:01:14
2428,2.917541,4.247282,78.132706,5.00e-05,77276.19,39796736,N/A,2025-06-07 18:01:14
2429,4.008604,4.247282,78.132706,5.00e-05,78634.87,39813120,N/A,2025-06-07 18:01:14
2430,4.152082,4.247282,78.132706,5.00e-05,77085.89,39829504,1.0000,2025-06-07 18:01:15
2431,4.279530,4.247282,78.132706,5.00e-05,77348.35,39845888,N/A,2025-06-07 18:01:15
2432,4.000504,4.247282,78.132706,5.00e-05,77487.79,39862272,N/A,2025-06-07 18:01:15
2433,4.413728,4.247282,78.132706,5.00e-05,77591.10,39878656,N/A,2025-06-07 18:01:15
2434,3.958269,4.247282,78.132706,5.00e-05,77634.20,39895040,N/A,2025-06-07 18:01:15
2435,3.884660,4.247282,78.132706,5.00e-05,77687.86,39911424,N/A,2025-06-07 18:01:16
2436,3.586985,4.247282,78.132706,5.00e-05,77003.73,39927808,N/A,2025-06-07 18:01:16
2437,3.752207,4.247282,78.132706,5.00e-05,77092.07,39944192,N/A,2025-06-07 18:01:16
2438,4.074776,4.247282,78.132706,5.00e-05,76819.54,39960576,N/A,2025-06-07 18:01:16
2439,3.123429,4.247282,78.132706,5.00e-05,78412.84,39976960,N/A,2025-06-07 18:01:17
2440,4.192312,4.247282,78.132706,5.00e-05,76134.15,39993344,1.0000,2025-06-07 18:01:17
2441,4.089302,4.247282,78.132706,5.00e-05,76096.80,40009728,N/A,2025-06-07 18:01:17
2442,3.713923,4.247282,78.132706,5.00e-05,76173.50,40026112,N/A,2025-06-07 18:01:17
2443,4.105179,4.247282,78.132706,5.00e-05,76104.03,40042496,N/A,2025-06-07 18:01:18
2444,3.786584,4.247282,78.132706,5.00e-05,76198.06,40058880,N/A,2025-06-07 18:01:18
2445,4.621540,4.247282,78.132706,5.00e-05,76931.64,40075264,N/A,2025-06-07 18:01:18
2446,4.811280,4.247282,78.132706,5.00e-05,76794.18,40091648,N/A,2025-06-07 18:01:18
2447,3.866766,4.247282,78.132706,5.00e-05,77135.98,40108032,N/A,2025-06-07 18:01:19
2448,3.823302,4.247282,78.132706,5.00e-05,77076.25,40124416,N/A,2025-06-07 18:01:19
2449,2.983918,4.247282,78.132706,5.00e-05,79517.46,40140800,N/A,2025-06-07 18:01:19
2450,4.331427,4.247282,78.132706,5.00e-05,77820.49,40157184,1.0000,2025-06-07 18:01:19
2451,3.564812,4.247282,78.132706,5.00e-05,77630.65,40173568,N/A,2025-06-07 18:01:19
2452,3.962233,4.247282,78.132706,5.00e-05,77476.80,40189952,N/A,2025-06-07 18:01:20
2453,3.336634,4.247282,78.132706,5.00e-05,77166.88,40206336,N/A,2025-06-07 18:01:20
2454,4.109159,4.247282,78.132706,5.00e-05,77050.36,40222720,N/A,2025-06-07 18:01:20
2455,3.479367,4.247282,78.132706,5.00e-05,77053.59,40239104,N/A,2025-06-07 18:01:20
2456,3.694701,4.247282,78.132706,5.00e-05,77134.30,40255488,N/A,2025-06-07 18:01:21
2457,2.492363,4.247282,78.132706,5.00e-05,77042.61,40271872,N/A,2025-06-07 18:01:21
2458,4.122636,4.247282,78.132706,5.00e-05,77086.59,40288256,N/A,2025-06-07 18:01:21
2459,3.990498,4.247282,78.132706,5.00e-05,78793.66,40304640,N/A,2025-06-07 18:01:21
2460,2.882627,4.247282,78.132706,5.00e-05,76556.93,40321024,1.0000,2025-06-07 18:01:22
2461,3.997373,4.247282,78.132706,5.00e-05,76549.18,40337408,N/A,2025-06-07 18:01:22
2462,4.433703,4.247282,78.132706,5.00e-05,76626.14,40353792,N/A,2025-06-07 18:01:22
2463,3.651714,4.247282,78.132706,5.00e-05,76751.31,40370176,N/A,2025-06-07 18:01:22
2464,3.447387,4.247282,78.132706,5.00e-05,76089.11,40386560,N/A,2025-06-07 18:01:23
2465,3.854040,4.247282,78.132706,5.00e-05,76074.91,40402944,N/A,2025-06-07 18:01:23
2466,4.142492,4.247282,78.132706,5.00e-05,76157.24,40419328,N/A,2025-06-07 18:01:23
2467,4.218567,4.247282,78.132706,5.00e-05,76130.38,40435712,N/A,2025-06-07 18:01:23
2468,4.984323,4.247282,78.132706,5.00e-05,75968.70,40452096,N/A,2025-06-07 18:01:23
2469,3.818427,4.247282,78.132706,5.00e-05,78217.56,40468480,N/A,2025-06-07 18:01:24
2470,4.779443,4.247282,78.132706,5.00e-05,77043.01,40484864,1.0000,2025-06-07 18:01:24
2471,4.071204,4.247282,78.132706,5.00e-05,77284.90,40501248,N/A,2025-06-07 18:01:24
2472,4.494508,4.247282,78.132706,5.00e-05,77497.69,40517632,N/A,2025-06-07 18:01:24
2473,3.817723,4.247282,78.132706,5.00e-05,78226.76,40534016,N/A,2025-06-07 18:01:25
2474,4.050746,4.247282,78.132706,5.00e-05,78141.08,40550400,N/A,2025-06-07 18:01:25
2475,4.330460,4.247282,78.132706,5.00e-05,78168.71,40566784,N/A,2025-06-07 18:01:25
2476,3.408349,4.247282,78.132706,5.00e-05,78101.33,40583168,N/A,2025-06-07 18:01:25
2477,2.686640,4.247282,78.132706,5.00e-05,78413.48,40599552,N/A,2025-06-07 18:01:26
2478,3.240188,4.247282,78.132706,5.00e-05,78496.95,40615936,N/A,2025-06-07 18:01:26
2479,2.894737,4.247282,78.132706,5.00e-05,79804.55,40632320,N/A,2025-06-07 18:01:26
2480,4.491398,4.247282,78.132706,5.00e-05,78233.26,40648704,1.0000,2025-06-07 18:01:26
2481,4.051409,4.247282,78.132706,5.00e-05,78009.51,40665088,N/A,2025-06-07 18:01:27
2482,3.040046,4.247282,78.132706,5.00e-05,78095.98,40681472,N/A,2025-06-07 18:01:27
2483,4.248617,4.247282,78.132706,5.00e-05,77953.90,40697856,N/A,2025-06-07 18:01:27
2484,3.485377,4.247282,78.132706,5.00e-05,77930.97,40714240,N/A,2025-06-07 18:01:27
2485,3.608484,4.247282,78.132706,5.00e-05,77968.47,40730624,N/A,2025-06-07 18:01:27
2486,3.255605,4.247282,78.132706,5.00e-05,77920.64,40747008,N/A,2025-06-07 18:01:28
2487,3.537683,4.247282,78.132706,5.00e-05,78005.56,40763392,N/A,2025-06-07 18:01:28
2488,3.845198,4.247282,78.132706,5.00e-05,78107.33,40779776,N/A,2025-06-07 18:01:28
2489,3.125197,4.247282,78.132706,5.00e-05,79559.52,40796160,N/A,2025-06-07 18:01:28
2490,2.802187,4.247282,78.132706,5.00e-05,78212.76,40812544,1.0000,2025-06-07 18:01:29
2491,3.894776,4.247282,78.132706,5.00e-05,77984.37,40828928,N/A,2025-06-07 18:01:29
2492,3.451133,4.247282,78.132706,5.00e-05,78086.52,40845312,N/A,2025-06-07 18:01:29
2493,3.724822,4.247282,78.132706,5.00e-05,77961.41,40861696,N/A,2025-06-07 18:01:29
2494,4.001247,4.247282,78.132706,5.00e-05,78062.19,40878080,N/A,2025-06-07 18:01:30
2495,3.695012,4.247282,78.132706,5.00e-05,77920.29,40894464,N/A,2025-06-07 18:01:30
2496,3.505205,4.247282,78.132706,5.00e-05,77789.97,40910848,N/A,2025-06-07 18:01:30
2497,3.142137,4.247282,78.132706,5.00e-05,77829.85,40927232,N/A,2025-06-07 18:01:30
2498,4.380982,4.247282,78.132706,5.00e-05,77767.17,40943616,N/A,2025-06-07 18:01:30
2499,2.842258,4.247282,78.132706,5.00e-05,79194.23,40960000,N/A,2025-06-07 18:01:31
2500,3.296503,4.247282,78.132706,5.00e-05,77603.19,40976384,1.0000,2025-06-07 18:01:31
2501,3.796511,4.247282,78.132706,5.00e-05,76461.88,40992768,N/A,2025-06-07 18:01:31
2502,3.561026,4.247282,78.132706,5.00e-05,76494.52,41009152,N/A,2025-06-07 18:01:31
2503,4.144507,4.247282,78.132706,5.00e-05,76384.86,41025536,N/A,2025-06-07 18:01:32
2504,4.473284,4.247282,78.132706,5.00e-05,76439.25,41041920,N/A,2025-06-07 18:01:32
2505,4.663294,4.247282,78.132706,5.00e-05,75819.08,41058304,N/A,2025-06-07 18:01:32
2506,3.731634,4.247282,78.132706,5.00e-05,75851.79,41074688,N/A,2025-06-07 18:01:32
2507,4.138434,4.247282,78.132706,5.00e-05,75956.39,41091072,N/A,2025-06-07 18:01:33
2508,3.511863,4.247282,78.132706,5.00e-05,75917.81,41107456,N/A,2025-06-07 18:01:33
2509,4.356754,4.247282,78.132706,5.00e-05,77588.18,41123840,N/A,2025-06-07 18:01:33
2510,3.451959,4.247282,78.132706,5.00e-05,77338.04,41140224,1.0000,2025-06-07 18:01:33
2511,4.400716,4.247282,78.132706,5.00e-05,77440.47,41156608,N/A,2025-06-07 18:01:34
2512,4.178040,4.247282,78.132706,5.00e-05,77432.80,41172992,N/A,2025-06-07 18:01:34
2513,4.789058,4.247282,78.132706,5.00e-05,77553.48,41189376,N/A,2025-06-07 18:01:34
2514,3.626406,4.247282,78.132706,5.00e-05,78274.70,41205760,N/A,2025-06-07 18:01:34
2515,3.533619,4.247282,78.132706,5.00e-05,78324.57,41222144,N/A,2025-06-07 18:01:34
2516,4.507329,4.247282,78.132706,5.00e-05,78370.49,41238528,N/A,2025-06-07 18:01:35
2517,5.220061,4.247282,78.132706,5.00e-05,78210.74,41254912,N/A,2025-06-07 18:01:35
2518,5.175976,4.247282,78.132706,5.00e-05,77770.25,41271296,N/A,2025-06-07 18:01:35
2519,3.864684,4.247282,78.132706,5.00e-05,79101.18,41287680,N/A,2025-06-07 18:01:35
2520,3.889308,4.247282,78.132706,5.00e-05,77140.51,41304064,1.0000,2025-06-07 18:01:36
2521,4.783199,4.247282,78.132706,5.00e-05,77141.36,41320448,N/A,2025-06-07 18:01:36
2522,4.139708,4.247282,78.132706,5.00e-05,77032.09,41336832,N/A,2025-06-07 18:01:36
2523,3.175767,4.247282,78.132706,5.00e-05,76674.63,41353216,N/A,2025-06-07 18:01:36
2524,4.523008,4.247282,78.132706,5.00e-05,76644.25,41369600,N/A,2025-06-07 18:01:37
2525,3.709422,4.247282,78.132706,5.00e-05,76581.91,41385984,N/A,2025-06-07 18:01:37
2526,3.481533,4.247282,78.132706,5.00e-05,76745.51,41402368,N/A,2025-06-07 18:01:37
2527,3.319204,4.247282,78.132706,5.00e-05,77179.93,41418752,N/A,2025-06-07 18:01:37
2528,3.145344,4.247282,78.132706,5.00e-05,76451.53,41435136,N/A,2025-06-07 18:01:38
2529,3.720780,4.247282,78.132706,5.00e-05,78370.77,41451520,N/A,2025-06-07 18:01:38
2530,4.319898,4.247282,78.132706,5.00e-05,76943.97,41467904,1.0000,2025-06-07 18:01:38
2531,5.010142,4.247282,78.132706,5.00e-05,76830.93,41484288,N/A,2025-06-07 18:01:38
2532,4.099666,4.247282,78.132706,5.00e-05,77160.63,41500672,N/A,2025-06-07 18:01:39
2533,4.123290,4.247282,78.132706,5.00e-05,77110.61,41517056,N/A,2025-06-07 18:01:39
2534,3.323868,4.247282,78.132706,5.00e-05,77181.85,41533440,N/A,2025-06-07 18:01:39
2535,3.816658,4.247282,78.132706,5.00e-05,77093.22,41549824,N/A,2025-06-07 18:01:39
2536,4.020023,4.247282,78.132706,5.00e-05,77147.63,41566208,N/A,2025-06-07 18:01:39
2537,4.142375,4.247282,78.132706,5.00e-05,78126.74,41582592,N/A,2025-06-07 18:01:40
2538,3.672752,4.247282,78.132706,5.00e-05,77999.83,41598976,N/A,2025-06-07 18:01:40
2539,4.614423,4.247282,78.132706,5.00e-05,79557.83,41615360,N/A,2025-06-07 18:01:40
2540,3.761427,4.247282,78.132706,5.00e-05,78232.28,41631744,1.0000,2025-06-07 18:01:40
2541,3.792098,4.247282,78.132706,5.00e-05,78112.98,41648128,N/A,2025-06-07 18:01:41
2542,3.574147,4.247282,78.132706,5.00e-05,78263.19,41664512,N/A,2025-06-07 18:01:41
2543,3.948742,4.247282,78.132706,5.00e-05,78195.75,41680896,N/A,2025-06-07 18:01:41
2544,3.905927,4.247282,78.132706,5.00e-05,78527.43,41697280,N/A,2025-06-07 18:01:41
2545,3.440542,4.247282,78.132706,5.00e-05,78462.14,41713664,N/A,2025-06-07 18:01:42
2546,4.192307,4.247282,78.132706,5.00e-05,78418.71,41730048,N/A,2025-06-07 18:01:42
2547,4.501366,4.247282,78.132706,5.00e-05,78276.14,41746432,N/A,2025-06-07 18:01:42
2548,3.552179,4.247282,78.132706,5.00e-05,78215.72,41762816,N/A,2025-06-07 18:01:42
2549,2.901379,4.247282,78.132706,5.00e-05,79597.82,41779200,N/A,2025-06-07 18:01:42
2550,2.641903,4.247282,78.132706,5.00e-05,78146.10,41795584,1.0000,2025-06-07 18:01:43
2551,4.520988,4.247282,78.132706,5.00e-05,77997.64,41811968,N/A,2025-06-07 18:01:43
2552,3.436028,4.247282,78.132706,5.00e-05,77850.56,41828352,N/A,2025-06-07 18:01:43
2553,3.042525,4.247282,78.132706,5.00e-05,77642.45,41844736,N/A,2025-06-07 18:01:43
2554,4.246032,4.247282,78.132706,5.00e-05,77287.88,41861120,N/A,2025-06-07 18:01:44
2555,2.532691,4.247282,78.132706,5.00e-05,77257.95,41877504,N/A,2025-06-07 18:01:44
2556,3.789000,4.247282,78.132706,5.00e-05,77414.65,41893888,N/A,2025-06-07 18:01:44
2557,3.484081,4.247282,78.132706,5.00e-05,77391.55,41910272,N/A,2025-06-07 18:01:44
2558,3.757561,4.247282,78.132706,5.00e-05,76517.34,41926656,N/A,2025-06-07 18:01:45
2559,3.949977,4.247282,78.132706,5.00e-05,77788.57,41943040,N/A,2025-06-07 18:01:45
2560,3.714725,4.247282,78.132706,5.00e-05,76328.14,41959424,1.0000,2025-06-07 18:01:45
2561,3.237856,4.247282,78.132706,5.00e-05,76402.48,41975808,N/A,2025-06-07 18:01:45
2562,3.219700,4.247282,78.132706,5.00e-05,76415.10,41992192,N/A,2025-06-07 18:01:46
2563,4.456751,4.247282,78.132706,5.00e-05,76833.51,42008576,N/A,2025-06-07 18:01:46
2564,5.361516,4.247282,78.132706,5.00e-05,76838.00,42024960,N/A,2025-06-07 18:01:46
2565,3.066437,4.247282,78.132706,5.00e-05,76923.79,42041344,N/A,2025-06-07 18:01:46
2566,4.389992,4.247282,78.132706,5.00e-05,76802.20,42057728,N/A,2025-06-07 18:01:46
2567,2.708251,4.247282,78.132706,5.00e-05,77723.83,42074112,N/A,2025-06-07 18:01:47
2568,3.852962,4.247282,78.132706,5.00e-05,77587.38,42090496,N/A,2025-06-07 18:01:47
2569,4.416921,4.247282,78.132706,5.00e-05,79217.60,42106880,N/A,2025-06-07 18:01:47
2570,4.588818,4.247282,78.132706,5.00e-05,77482.46,42123264,1.0000,2025-06-07 18:01:47
2571,4.839267,4.247282,78.132706,5.00e-05,77507.88,42139648,N/A,2025-06-07 18:01:48
2572,4.496794,4.247282,78.132706,5.00e-05,77510.42,42156032,N/A,2025-06-07 18:01:48
2573,4.384909,4.247282,78.132706,5.00e-05,77527.51,42172416,N/A,2025-06-07 18:01:48
2574,3.739018,4.247282,78.132706,5.00e-05,77310.71,42188800,N/A,2025-06-07 18:01:48
2575,4.617033,4.247282,78.132706,5.00e-05,77389.27,42205184,N/A,2025-06-07 18:01:49
2576,3.895828,4.247282,78.132706,5.00e-05,77589.05,42221568,N/A,2025-06-07 18:01:49
2577,3.401261,4.247282,78.132706,5.00e-05,77916.53,42237952,N/A,2025-06-07 18:01:49
2578,4.412280,4.247282,78.132706,5.00e-05,77647.58,42254336,N/A,2025-06-07 18:01:49
2579,4.137743,4.247282,78.132706,5.00e-05,79418.62,42270720,N/A,2025-06-07 18:01:50
2580,4.552818,4.247282,78.132706,5.00e-05,77576.96,42287104,1.0000,2025-06-07 18:01:50
2581,3.877693,4.247282,78.132706,5.00e-05,77719.76,42303488,N/A,2025-06-07 18:01:50
2582,4.168428,4.247282,78.132706,5.00e-05,77569.86,42319872,N/A,2025-06-07 18:01:50
2583,3.522978,4.247282,78.132706,5.00e-05,77875.44,42336256,N/A,2025-06-07 18:01:50
2584,4.088433,4.247282,78.132706,5.00e-05,78016.39,42352640,N/A,2025-06-07 18:01:51
2585,3.507147,4.247282,78.132706,5.00e-05,77859.90,42369024,N/A,2025-06-07 18:01:51
2586,2.991512,4.247282,78.132706,5.00e-05,77751.61,42385408,N/A,2025-06-07 18:01:51
2587,4.525949,4.247282,78.132706,5.00e-05,77086.68,42401792,N/A,2025-06-07 18:01:51
2588,4.041793,4.247282,78.132706,5.00e-05,76838.55,42418176,N/A,2025-06-07 18:01:52
2589,3.825942,4.247282,78.132706,5.00e-05,78504.20,42434560,N/A,2025-06-07 18:01:52
2590,3.171182,4.247282,78.132706,5.00e-05,76646.56,42450944,1.0000,2025-06-07 18:01:52
2591,3.314634,4.247282,78.132706,5.00e-05,76780.10,42467328,N/A,2025-06-07 18:01:52
2592,3.360322,4.247282,78.132706,5.00e-05,76671.03,42483712,N/A,2025-06-07 18:01:53
2593,3.151663,4.247282,78.132706,5.00e-05,76634.63,42500096,N/A,2025-06-07 18:01:53
2594,4.445535,4.247282,78.132706,5.00e-05,76523.91,42516480,N/A,2025-06-07 18:01:53
2595,4.197378,4.247282,78.132706,5.00e-05,76572.92,42532864,N/A,2025-06-07 18:01:53
2596,4.518513,4.247282,78.132706,5.00e-05,77499.84,42549248,N/A,2025-06-07 18:01:54
2597,3.879159,4.247282,78.132706,5.00e-05,77788.33,42565632,N/A,2025-06-07 18:01:54
2598,4.179832,4.247282,78.132706,5.00e-05,77900.63,42582016,N/A,2025-06-07 18:01:54
2599,3.656185,4.247282,78.132706,5.00e-05,79418.55,42598400,N/A,2025-06-07 18:01:54
2600,4.118420,4.247282,78.132706,5.00e-05,77603.37,42614784,1.0000,2025-06-07 18:01:54
2601,3.833024,4.247282,78.132706,5.00e-05,75855.34,42631168,N/A,2025-06-07 18:01:55
2602,3.852056,4.247282,78.132706,5.00e-05,75759.44,42647552,N/A,2025-06-07 18:01:55
2603,3.866069,4.247282,78.132706,5.00e-05,75633.96,42663936,N/A,2025-06-07 18:01:55
2604,3.510008,4.247282,78.132706,5.00e-05,75596.07,42680320,N/A,2025-06-07 18:01:55
2605,4.459026,4.247282,78.132706,5.00e-05,75439.73,42696704,N/A,2025-06-07 18:01:56
2606,3.527910,4.247282,78.132706,5.00e-05,75359.35,42713088,N/A,2025-06-07 18:01:56
2607,3.957558,4.247282,78.132706,5.00e-05,75139.37,42729472,N/A,2025-06-07 18:01:56
2608,2.949872,4.247282,78.132706,5.00e-05,75271.47,42745856,N/A,2025-06-07 18:01:56
2609,3.961501,4.247282,78.132706,5.00e-05,77030.05,42762240,N/A,2025-06-07 18:01:57
2610,3.722776,4.247282,78.132706,5.00e-05,77361.98,42778624,1.0000,2025-06-07 18:01:57
2611,3.929636,4.247282,78.132706,5.00e-05,77373.37,42795008,N/A,2025-06-07 18:01:57
2612,4.020306,4.247282,78.132706,5.00e-05,77596.94,42811392,N/A,2025-06-07 18:01:57
2613,3.582348,4.247282,78.132706,5.00e-05,77641.42,42827776,N/A,2025-06-07 18:01:58
2614,3.764732,4.247282,78.132706,5.00e-05,77815.11,42844160,N/A,2025-06-07 18:01:58
2615,4.180705,4.247282,78.132706,5.00e-05,77704.81,42860544,N/A,2025-06-07 18:01:58
2616,2.994166,4.247282,78.132706,5.00e-05,77349.20,42876928,N/A,2025-06-07 18:01:58
2617,4.151994,4.247282,78.132706,5.00e-05,77287.74,42893312,N/A,2025-06-07 18:01:58
2618,4.174871,4.247282,78.132706,5.00e-05,77173.62,42909696,N/A,2025-06-07 18:01:59
2619,3.895824,4.247282,78.132706,5.00e-05,78392.78,42926080,N/A,2025-06-07 18:01:59
2620,3.775806,4.247282,78.132706,5.00e-05,76838.97,42942464,1.0000,2025-06-07 18:01:59
2621,3.587113,4.247282,78.132706,5.00e-05,76626.44,42958848,N/A,2025-06-07 18:01:59
2622,3.476718,4.247282,78.132706,5.00e-05,76587.43,42975232,N/A,2025-06-07 18:02:00
2623,4.678934,4.247282,78.132706,5.00e-05,76105.46,42991616,N/A,2025-06-07 18:02:00
2624,4.020508,4.247282,78.132706,5.00e-05,76172.38,43008000,N/A,2025-06-07 18:02:00
2625,3.419124,4.247282,78.132706,5.00e-05,76723.07,43024384,N/A,2025-06-07 18:02:00
2626,2.856624,4.247282,78.132706,5.00e-05,76566.18,43040768,N/A,2025-06-07 18:02:01
2627,3.868840,4.247282,78.132706,5.00e-05,76584.20,43057152,N/A,2025-06-07 18:02:01
2628,4.188006,4.247282,78.132706,5.00e-05,76814.91,43073536,N/A,2025-06-07 18:02:01
2629,3.760192,4.247282,78.132706,5.00e-05,78178.51,43089920,N/A,2025-06-07 18:02:01
2630,3.249493,4.247282,78.132706,5.00e-05,76744.42,43106304,1.0000,2025-06-07 18:02:02
2631,4.407911,4.247282,78.132706,5.00e-05,76785.14,43122688,N/A,2025-06-07 18:02:02
2632,3.882867,4.247282,78.132706,5.00e-05,77093.58,43139072,N/A,2025-06-07 18:02:02
2633,3.269517,4.247282,78.132706,5.00e-05,77160.60,43155456,N/A,2025-06-07 18:02:02
2634,3.879124,4.247282,78.132706,5.00e-05,76838.64,43171840,N/A,2025-06-07 18:02:03
2635,3.015676,4.247282,78.132706,5.00e-05,77120.32,43188224,N/A,2025-06-07 18:02:03
2636,3.617878,4.247282,78.132706,5.00e-05,77067.58,43204608,N/A,2025-06-07 18:02:03
2637,3.667085,4.247282,78.132706,5.00e-05,77037.57,43220992,N/A,2025-06-07 18:02:03
2638,3.695501,4.247282,78.132706,5.00e-05,77194.21,43237376,N/A,2025-06-07 18:02:03
2639,3.320129,4.247282,78.132706,5.00e-05,78768.10,43253760,N/A,2025-06-07 18:02:04
2640,2.849307,4.247282,78.132706,5.00e-05,77162.78,43270144,1.0000,2025-06-07 18:02:04
2641,3.480616,4.247282,78.132706,5.00e-05,77194.84,43286528,N/A,2025-06-07 18:02:04
2642,3.929997,4.247282,78.132706,5.00e-05,77053.39,43302912,N/A,2025-06-07 18:02:04
2643,3.802081,4.247282,78.132706,5.00e-05,77381.00,43319296,N/A,2025-06-07 18:02:05
2644,3.042829,4.247282,78.132706,5.00e-05,77264.04,43335680,N/A,2025-06-07 18:02:05
2645,3.364239,4.247282,78.132706,5.00e-05,77272.59,43352064,N/A,2025-06-07 18:02:05
2646,4.316701,4.247282,78.132706,5.00e-05,77142.52,43368448,N/A,2025-06-07 18:02:05
2647,4.442276,4.247282,78.132706,5.00e-05,77067.29,43384832,N/A,2025-06-07 18:02:06
2648,2.542233,4.247282,78.132706,5.00e-05,77055.82,43401216,N/A,2025-06-07 18:02:06
2649,3.169367,4.247282,78.132706,5.00e-05,78832.61,43417600,N/A,2025-06-07 18:02:06
2650,4.556158,4.247282,78.132706,5.00e-05,77353.06,43433984,1.0000,2025-06-07 18:02:06
2651,3.869929,4.247282,78.132706,5.00e-05,75682.38,43450368,N/A,2025-06-07 18:02:07
2652,3.800517,4.247282,78.132706,5.00e-05,75704.86,43466752,N/A,2025-06-07 18:02:07
2653,2.744454,4.247282,78.132706,5.00e-05,75810.70,43483136,N/A,2025-06-07 18:02:07
2654,3.663035,4.247282,78.132706,5.00e-05,75965.75,43499520,N/A,2025-06-07 18:02:07
2655,3.786517,4.247282,78.132706,5.00e-05,75986.75,43515904,N/A,2025-06-07 18:02:08
2656,4.253242,4.247282,78.132706,5.00e-05,75668.42,43532288,N/A,2025-06-07 18:02:08
2657,3.789458,4.247282,78.132706,5.00e-05,75776.63,43548672,N/A,2025-06-07 18:02:08
2658,4.498077,4.247282,78.132706,5.00e-05,75687.65,43565056,N/A,2025-06-07 18:02:08
2659,3.833617,4.247282,78.132706,5.00e-05,77125.39,43581440,N/A,2025-06-07 18:02:08
2660,4.077621,4.247282,78.132706,5.00e-05,76589.47,43597824,1.0000,2025-06-07 18:02:09
2661,4.267025,4.247282,78.132706,5.00e-05,76603.83,43614208,N/A,2025-06-07 18:02:09
2662,3.590368,4.247282,78.132706,5.00e-05,76430.15,43630592,N/A,2025-06-07 18:02:09
2663,3.610653,4.247282,78.132706,5.00e-05,76410.92,43646976,N/A,2025-06-07 18:02:09
2664,4.150431,4.247282,78.132706,5.00e-05,76533.16,43663360,N/A,2025-06-07 18:02:10
2665,3.815659,4.247282,78.132706,5.00e-05,76997.35,43679744,N/A,2025-06-07 18:02:10
2666,3.480565,4.247282,78.132706,5.00e-05,76941.72,43696128,N/A,2025-06-07 18:02:10
2667,3.630269,4.247282,78.132706,5.00e-05,76778.00,43712512,N/A,2025-06-07 18:02:10
2668,3.488998,4.247282,78.132706,5.00e-05,76347.63,43728896,N/A,2025-06-07 18:02:11
2669,3.873826,4.247282,78.132706,5.00e-05,78903.98,43745280,N/A,2025-06-07 18:02:11
2670,3.927340,4.247282,78.132706,5.00e-05,77207.14,43761664,1.0000,2025-06-07 18:02:11
2671,3.530892,4.247282,78.132706,5.00e-05,77343.59,43778048,N/A,2025-06-07 18:02:11
2672,4.333318,4.247282,78.132706,5.00e-05,76671.32,43794432,N/A,2025-06-07 18:02:12
2673,3.870341,4.247282,78.132706,5.00e-05,76881.45,43810816,N/A,2025-06-07 18:02:12
2674,3.073254,4.247282,78.132706,5.00e-05,76733.76,43827200,N/A,2025-06-07 18:02:12
2675,3.497655,4.247282,78.132706,5.00e-05,76938.95,43843584,N/A,2025-06-07 18:02:12
2676,4.137261,4.247282,78.132706,5.00e-05,77017.66,43859968,N/A,2025-06-07 18:02:12
2677,4.004451,4.247282,78.132706,5.00e-05,77525.11,43876352,N/A,2025-06-07 18:02:13
2678,4.338517,4.247282,78.132706,5.00e-05,77416.60,43892736,N/A,2025-06-07 18:02:13
2679,3.600631,4.247282,78.132706,5.00e-05,78993.08,43909120,N/A,2025-06-07 18:02:13
2680,3.654872,4.247282,78.132706,5.00e-05,77647.87,43925504,1.0000,2025-06-07 18:02:13
2681,3.684775,4.247282,78.132706,5.00e-05,77461.26,43941888,N/A,2025-06-07 18:02:14
2682,3.251966,4.247282,78.132706,5.00e-05,77235.61,43958272,N/A,2025-06-07 18:02:14
2683,3.492647,4.247282,78.132706,5.00e-05,77273.68,43974656,N/A,2025-06-07 18:02:14
2684,3.801033,4.247282,78.132706,5.00e-05,77329.74,43991040,N/A,2025-06-07 18:02:14
2685,3.750144,4.247282,78.132706,5.00e-05,77378.46,44007424,N/A,2025-06-07 18:02:15
2686,4.023516,4.247282,78.132706,5.00e-05,77171.22,44023808,N/A,2025-06-07 18:02:15
2687,3.568492,4.247282,78.132706,5.00e-05,77344.23,44040192,N/A,2025-06-07 18:02:15
2688,3.293807,4.247282,78.132706,5.00e-05,77456.41,44056576,N/A,2025-06-07 18:02:15
2689,4.120919,4.247282,78.132706,5.00e-05,78921.02,44072960,N/A,2025-06-07 18:02:15
2690,4.023771,4.247282,78.132706,5.00e-05,78273.67,44089344,1.0000,2025-06-07 18:02:16
2691,4.415726,4.247282,78.132706,5.00e-05,78339.89,44105728,N/A,2025-06-07 18:02:16
2692,4.174052,4.247282,78.132706,5.00e-05,78472.02,44122112,N/A,2025-06-07 18:02:16
2693,3.608195,4.247282,78.132706,5.00e-05,78133.07,44138496,N/A,2025-06-07 18:02:16
2694,3.425337,4.247282,78.132706,5.00e-05,77475.04,44154880,N/A,2025-06-07 18:02:17
2695,4.739848,4.247282,78.132706,5.00e-05,77455.54,44171264,N/A,2025-06-07 18:02:17
2696,3.581971,4.247282,78.132706,5.00e-05,76804.04,44187648,N/A,2025-06-07 18:02:17
2697,3.917848,4.247282,78.132706,5.00e-05,76802.83,44204032,N/A,2025-06-07 18:02:17
2698,3.809803,4.247282,78.132706,5.00e-05,76618.79,44220416,N/A,2025-06-07 18:02:18
2699,4.346354,4.247282,78.132706,5.00e-05,78047.55,44236800,N/A,2025-06-07 18:02:18
2700,3.912223,4.247282,78.132706,5.00e-05,76375.65,44253184,1.0000,2025-06-07 18:02:18
2701,3.741600,4.247282,78.132706,5.00e-05,74713.45,44269568,N/A,2025-06-07 18:02:18
2702,3.292446,4.247282,78.132706,5.00e-05,74111.69,44285952,N/A,2025-06-07 18:02:19
2703,3.253938,4.247282,78.132706,5.00e-05,74766.96,44302336,N/A,2025-06-07 18:02:19
2704,3.817734,4.247282,78.132706,5.00e-05,74844.58,44318720,N/A,2025-06-07 18:02:19
2705,3.413852,4.247282,78.132706,5.00e-05,75262.37,44335104,N/A,2025-06-07 18:02:19
2706,3.919166,4.247282,78.132706,5.00e-05,75117.14,44351488,N/A,2025-06-07 18:02:20
2707,4.483465,4.247282,78.132706,5.00e-05,75140.61,44367872,N/A,2025-06-07 18:02:20
2708,3.524722,4.247282,78.132706,5.00e-05,75202.93,44384256,N/A,2025-06-07 18:02:20
2709,4.693026,4.247282,78.132706,5.00e-05,76747.11,44400640,N/A,2025-06-07 18:02:20
2710,3.943407,4.247282,78.132706,5.00e-05,76840.12,44417024,1.0000,2025-06-07 18:02:21
2711,3.507172,4.247282,78.132706,5.00e-05,77542.35,44433408,N/A,2025-06-07 18:02:21
2712,3.924706,4.247282,78.132706,5.00e-05,77445.73,44449792,N/A,2025-06-07 18:02:21
2713,4.032811,4.247282,78.132706,5.00e-05,77583.95,44466176,N/A,2025-06-07 18:02:21
2714,4.127518,4.247282,78.132706,5.00e-05,77580.83,44482560,N/A,2025-06-07 18:02:21
2715,4.371634,4.247282,78.132706,5.00e-05,77648.31,44498944,N/A,2025-06-07 18:02:22
2716,4.153519,4.247282,78.132706,5.00e-05,77688.16,44515328,N/A,2025-06-07 18:02:22
2717,3.016605,4.247282,78.132706,5.00e-05,77511.10,44531712,N/A,2025-06-07 18:02:22
2718,3.469706,4.247282,78.132706,5.00e-05,77492.51,44548096,N/A,2025-06-07 18:02:22
2719,4.313008,4.247282,78.132706,5.00e-05,79046.21,44564480,N/A,2025-06-07 18:02:23
2720,3.794338,4.247282,78.132706,5.00e-05,77610.57,44580864,1.0000,2025-06-07 18:02:23
2721,3.544441,4.247282,78.132706,5.00e-05,77576.84,44597248,N/A,2025-06-07 18:02:23
2722,3.311247,4.247282,78.132706,5.00e-05,77411.15,44613632,N/A,2025-06-07 18:02:23
2723,4.515241,4.247282,78.132706,5.00e-05,77184.62,44630016,N/A,2025-06-07 18:02:24
2724,3.165032,4.247282,78.132706,5.00e-05,77152.46,44646400,N/A,2025-06-07 18:02:24
2725,4.344320,4.247282,78.132706,5.00e-05,77065.89,44662784,N/A,2025-06-07 18:02:24
2726,3.585403,4.247282,78.132706,5.00e-05,77091.55,44679168,N/A,2025-06-07 18:02:24
2727,4.277411,4.247282,78.132706,5.00e-05,77086.34,44695552,N/A,2025-06-07 18:02:25
2728,2.898998,4.247282,78.132706,5.00e-05,76857.36,44711936,N/A,2025-06-07 18:02:25
2729,3.896951,4.247282,78.132706,5.00e-05,78266.91,44728320,N/A,2025-06-07 18:02:25
2730,4.253262,4.247282,78.132706,5.00e-05,76883.86,44744704,1.0000,2025-06-07 18:02:25
2731,3.569601,4.247282,78.132706,5.00e-05,77053.17,44761088,N/A,2025-06-07 18:02:25
2732,3.865783,4.247282,78.132706,5.00e-05,77325.77,44777472,N/A,2025-06-07 18:02:26
2733,3.700150,4.247282,78.132706,5.00e-05,77522.10,44793856,N/A,2025-06-07 18:02:26
2734,3.293767,4.247282,78.132706,5.00e-05,77591.86,44810240,N/A,2025-06-07 18:02:26
2735,3.087432,4.247282,78.132706,5.00e-05,77321.24,44826624,N/A,2025-06-07 18:02:26
2736,3.924784,4.247282,78.132706,5.00e-05,77296.08,44843008,N/A,2025-06-07 18:02:27
2737,3.566684,4.247282,78.132706,5.00e-05,77419.22,44859392,N/A,2025-06-07 18:02:27
2738,5.073312,4.247282,78.132706,5.00e-05,77526.18,44875776,N/A,2025-06-07 18:02:27
2739,4.229916,4.247282,78.132706,5.00e-05,79094.11,44892160,N/A,2025-06-07 18:02:27
2740,3.855432,4.247282,78.132706,5.00e-05,77467.97,44908544,1.0000,2025-06-07 18:02:28
2741,3.876284,4.247282,78.132706,5.00e-05,77297.82,44924928,N/A,2025-06-07 18:02:28
2742,3.865344,4.247282,78.132706,5.00e-05,76854.73,44941312,N/A,2025-06-07 18:02:28
2743,3.749517,4.247282,78.132706,5.00e-05,76869.83,44957696,N/A,2025-06-07 18:02:28
2744,2.742702,4.247282,78.132706,5.00e-05,77334.83,44974080,N/A,2025-06-07 18:02:29
2745,3.501123,4.247282,78.132706,5.00e-05,77269.94,44990464,N/A,2025-06-07 18:02:29
2746,3.821773,4.247282,78.132706,5.00e-05,77639.01,45006848,N/A,2025-06-07 18:02:29
2747,4.311561,4.247282,78.132706,5.00e-05,76993.09,45023232,N/A,2025-06-07 18:02:29
2748,3.902207,4.247282,78.132706,5.00e-05,76998.07,45039616,N/A,2025-06-07 18:02:29
2749,3.627633,4.247282,78.132706,5.00e-05,78473.93,45056000,N/A,2025-06-07 18:02:30
2750,3.706358,4.247282,78.132706,5.00e-05,77120.42,45072384,1.0000,2025-06-07 18:02:30
2751,3.269007,4.247282,78.132706,5.00e-05,77534.71,45088768,N/A,2025-06-07 18:02:30
2752,3.422673,4.247282,78.132706,5.00e-05,77657.61,45105152,N/A,2025-06-07 18:02:30
2753,3.396963,4.247282,78.132706,5.00e-05,77642.94,45121536,N/A,2025-06-07 18:02:31
2754,3.776465,4.247282,78.132706,5.00e-05,76980.59,45137920,N/A,2025-06-07 18:02:31
2755,3.184927,4.247282,78.132706,5.00e-05,76786.87,45154304,N/A,2025-06-07 18:02:31
2756,3.873149,4.247282,78.132706,5.00e-05,77444.12,45170688,N/A,2025-06-07 18:02:31
2757,3.204155,4.247282,78.132706,5.00e-05,77389.22,45187072,N/A,2025-06-07 18:02:32
2758,3.808077,4.247282,78.132706,5.00e-05,77412.61,45203456,N/A,2025-06-07 18:02:32
2759,4.042698,4.247282,78.132706,5.00e-05,78838.22,45219840,N/A,2025-06-07 18:02:32
2760,4.030092,4.247282,78.132706,5.00e-05,77117.97,45236224,1.0000,2025-06-07 18:02:32
2761,3.044553,4.247282,78.132706,5.00e-05,76715.27,45252608,N/A,2025-06-07 18:02:33
2762,3.525419,4.247282,78.132706,5.00e-05,76698.35,45268992,N/A,2025-06-07 18:02:33
2763,4.344540,4.247282,78.132706,5.00e-05,77555.08,45285376,N/A,2025-06-07 18:02:33
2764,3.499757,4.247282,78.132706,5.00e-05,77605.78,45301760,N/A,2025-06-07 18:02:33
2765,3.820859,4.247282,78.132706,5.00e-05,77594.92,45318144,N/A,2025-06-07 18:02:33
2766,4.117890,4.247282,78.132706,5.00e-05,77646.92,45334528,N/A,2025-06-07 18:02:34
2767,3.434786,4.247282,78.132706,5.00e-05,77765.65,45350912,N/A,2025-06-07 18:02:34
2768,2.899899,4.247282,78.132706,5.00e-05,77658.10,45367296,N/A,2025-06-07 18:02:34
2769,3.657464,4.247282,78.132706,5.00e-05,79261.54,45383680,N/A,2025-06-07 18:02:34
2770,3.455053,4.247282,78.132706,5.00e-05,78103.33,45400064,1.0000,2025-06-07 18:02:35
2771,3.694229,4.247282,78.132706,5.00e-05,78034.39,45416448,N/A,2025-06-07 18:02:35
2772,4.106478,4.247282,78.132706,5.00e-05,77973.15,45432832,N/A,2025-06-07 18:02:35
2773,3.558458,4.247282,78.132706,5.00e-05,77858.38,45449216,N/A,2025-06-07 18:02:35
2774,4.932123,4.247282,78.132706,5.00e-05,77582.22,45465600,N/A,2025-06-07 18:02:36
2775,2.321047,4.247282,78.132706,5.00e-05,77274.44,45481984,N/A,2025-06-07 18:02:36
2776,3.761916,4.247282,78.132706,5.00e-05,77283.95,45498368,N/A,2025-06-07 18:02:36
2777,2.930063,4.247282,78.132706,5.00e-05,77426.24,45514752,N/A,2025-06-07 18:02:36
2778,3.406782,4.247282,78.132706,5.00e-05,77486.57,45531136,N/A,2025-06-07 18:02:36
2779,2.759010,4.247282,78.132706,5.00e-05,78967.96,45547520,N/A,2025-06-07 18:02:37
2780,2.998471,4.247282,78.132706,5.00e-05,76787.36,45563904,1.0000,2025-06-07 18:02:37
2781,3.867654,4.247282,78.132706,5.00e-05,75768.40,45580288,N/A,2025-06-07 18:02:37
2782,3.917721,4.247282,78.132706,5.00e-05,75835.22,45596672,N/A,2025-06-07 18:02:37
2783,3.653843,4.247282,78.132706,5.00e-05,75982.01,45613056,N/A,2025-06-07 18:02:38
2784,3.928774,4.247282,78.132706,5.00e-05,76305.11,45629440,N/A,2025-06-07 18:02:38
2785,3.836720,4.247282,78.132706,5.00e-05,76179.41,45645824,N/A,2025-06-07 18:02:38
2786,3.371586,4.247282,78.132706,5.00e-05,76015.06,45662208,N/A,2025-06-07 18:02:38
2787,3.153496,4.247282,78.132706,5.00e-05,76075.50,45678592,N/A,2025-06-07 18:02:39
2788,2.965042,4.247282,78.132706,5.00e-05,76218.20,45694976,N/A,2025-06-07 18:02:39
2789,4.142860,4.247282,78.132706,5.00e-05,78442.60,45711360,N/A,2025-06-07 18:02:39
2790,3.216379,4.247282,78.132706,5.00e-05,78426.38,45727744,1.0000,2025-06-07 18:02:39
2791,4.396301,4.247282,78.132706,5.00e-05,78659.73,45744128,N/A,2025-06-07 18:02:40
2792,3.207523,4.247282,78.132706,5.00e-05,78711.84,45760512,N/A,2025-06-07 18:02:40
2793,4.396067,4.247282,78.132706,5.00e-05,78707.43,45776896,N/A,2025-06-07 18:02:40
2794,4.226813,4.247282,78.132706,5.00e-05,78854.02,45793280,N/A,2025-06-07 18:02:40
2795,4.861156,4.247282,78.132706,5.00e-05,79274.41,45809664,N/A,2025-06-07 18:02:40
2796,4.153383,4.247282,78.132706,5.00e-05,79350.71,45826048,N/A,2025-06-07 18:02:41
2797,4.206967,4.247282,78.132706,5.00e-05,78726.64,45842432,N/A,2025-06-07 18:02:41
2798,3.723270,4.247282,78.132706,5.00e-05,78702.13,45858816,N/A,2025-06-07 18:02:41
2799,4.074457,4.247282,78.132706,5.00e-05,79631.48,45875200,N/A,2025-06-07 18:02:41
2800,3.589546,4.247282,78.132706,5.00e-05,77815.13,45891584,1.0000,2025-06-07 18:02:42
2801,4.447631,4.247282,78.132706,5.00e-05,75805.85,45907968,N/A,2025-06-07 18:02:42
2802,3.206829,4.247282,78.132706,5.00e-05,75843.82,45924352,N/A,2025-06-07 18:02:42
2803,3.444347,4.247282,78.132706,5.00e-05,75820.36,45940736,N/A,2025-06-07 18:02:42
2804,3.201990,4.247282,78.132706,5.00e-05,75559.23,45957120,N/A,2025-06-07 18:02:43
2805,3.048632,4.247282,78.132706,5.00e-05,75333.34,45973504,N/A,2025-06-07 18:02:43
2806,3.890302,4.247282,78.132706,5.00e-05,75148.10,45989888,N/A,2025-06-07 18:02:43
2807,3.212579,4.247282,78.132706,5.00e-05,75088.92,46006272,N/A,2025-06-07 18:02:43
2808,3.930834,4.247282,78.132706,5.00e-05,75246.02,46022656,N/A,2025-06-07 18:02:44
2809,4.151419,4.247282,78.132706,5.00e-05,76807.64,46039040,N/A,2025-06-07 18:02:44
2810,3.542880,4.247282,78.132706,5.00e-05,77401.10,46055424,1.0000,2025-06-07 18:02:44
2811,4.717201,4.247282,78.132706,5.00e-05,77243.97,46071808,N/A,2025-06-07 18:02:44
2812,3.959334,4.247282,78.132706,5.00e-05,77214.53,46088192,N/A,2025-06-07 18:02:45
2813,2.710256,4.247282,78.132706,5.00e-05,77278.83,46104576,N/A,2025-06-07 18:02:45
2814,3.062220,4.247282,78.132706,5.00e-05,77282.06,46120960,N/A,2025-06-07 18:02:45
2815,3.528200,4.247282,78.132706,5.00e-05,77847.97,46137344,N/A,2025-06-07 18:02:45
2816,3.778287,4.247282,78.132706,5.00e-05,77769.41,46153728,N/A,2025-06-07 18:02:45
2817,3.860734,4.247282,78.132706,5.00e-05,77632.54,46170112,N/A,2025-06-07 18:02:46
2818,3.827191,4.247282,78.132706,5.00e-05,77516.13,46186496,N/A,2025-06-07 18:02:46
2819,3.814642,4.247282,78.132706,5.00e-05,78276.55,46202880,N/A,2025-06-07 18:02:46
2820,3.460676,4.247282,78.132706,5.00e-05,76816.32,46219264,1.0000,2025-06-07 18:02:46
2821,2.685274,4.247282,78.132706,5.00e-05,76885.13,46235648,N/A,2025-06-07 18:02:47
2822,3.979239,4.247282,78.132706,5.00e-05,76860.34,46252032,N/A,2025-06-07 18:02:47
2823,3.232128,4.247282,78.132706,5.00e-05,76916.65,46268416,N/A,2025-06-07 18:02:47
2824,4.150830,4.247282,78.132706,5.00e-05,76936.98,46284800,N/A,2025-06-07 18:02:47
2825,3.428346,4.247282,78.132706,5.00e-05,76902.41,46301184,N/A,2025-06-07 18:02:48
2826,3.708996,4.247282,78.132706,5.00e-05,77105.87,46317568,N/A,2025-06-07 18:02:48
2827,3.422374,4.247282,78.132706,5.00e-05,77088.33,46333952,N/A,2025-06-07 18:02:48
2828,3.306754,4.247282,78.132706,5.00e-05,77846.47,46350336,N/A,2025-06-07 18:02:48
2829,4.236585,4.247282,78.132706,5.00e-05,79386.42,46366720,N/A,2025-06-07 18:02:48
2830,3.942332,4.247282,78.132706,5.00e-05,77705.23,46383104,1.0000,2025-06-07 18:02:49
2831,2.539433,4.247282,78.132706,5.00e-05,77855.37,46399488,N/A,2025-06-07 18:02:49
2832,4.037511,4.247282,78.132706,5.00e-05,77324.06,46415872,N/A,2025-06-07 18:02:49
2833,4.309637,4.247282,78.132706,5.00e-05,77386.49,46432256,N/A,2025-06-07 18:02:49
2834,3.735131,4.247282,78.132706,5.00e-05,77398.74,46448640,N/A,2025-06-07 18:02:50
2835,3.941077,4.247282,78.132706,5.00e-05,77470.30,46465024,N/A,2025-06-07 18:02:50
2836,2.521380,4.247282,78.132706,5.00e-05,76846.46,46481408,N/A,2025-06-07 18:02:50
2837,4.366036,4.247282,78.132706,5.00e-05,76748.85,46497792,N/A,2025-06-07 18:02:50
2838,4.007495,4.247282,78.132706,5.00e-05,76631.14,46514176,N/A,2025-06-07 18:02:51
2839,3.418319,4.247282,78.132706,5.00e-05,78074.67,46530560,N/A,2025-06-07 18:02:51
2840,4.326882,4.247282,78.132706,5.00e-05,74610.51,46546944,1.0000,2025-06-07 18:02:51
2841,3.422569,4.247282,78.132706,5.00e-05,75231.53,46563328,N/A,2025-06-07 18:02:51
2842,4.395324,4.247282,78.132706,5.00e-05,74886.80,46579712,N/A,2025-06-07 18:02:52
2843,3.098882,4.247282,78.132706,5.00e-05,74859.14,46596096,N/A,2025-06-07 18:02:52
2844,3.456937,4.247282,78.132706,5.00e-05,74797.21,46612480,N/A,2025-06-07 18:02:52
2845,3.586023,4.247282,78.132706,5.00e-05,75479.93,46628864,N/A,2025-06-07 18:02:52
2846,3.927864,4.247282,78.132706,5.00e-05,75464.28,46645248,N/A,2025-06-07 18:02:53
2847,3.789164,4.247282,78.132706,5.00e-05,75466.43,46661632,N/A,2025-06-07 18:02:53
2848,3.159174,4.247282,78.132706,5.00e-05,75500.92,46678016,N/A,2025-06-07 18:02:53
2849,4.055156,4.247282,78.132706,5.00e-05,78905.61,46694400,N/A,2025-06-07 18:02:53
2850,2.841868,4.247282,78.132706,5.00e-05,77210.13,46710784,1.0000,2025-06-07 18:02:54
2851,2.883584,4.247282,78.132706,5.00e-05,77675.19,46727168,N/A,2025-06-07 18:02:54
2852,3.338479,4.247282,78.132706,5.00e-05,77693.78,46743552,N/A,2025-06-07 18:02:54
2853,3.171991,4.247282,78.132706,5.00e-05,76942.68,46759936,N/A,2025-06-07 18:02:54
2854,3.828660,4.247282,78.132706,5.00e-05,76972.61,46776320,N/A,2025-06-07 18:02:54
2855,4.374039,4.247282,78.132706,5.00e-05,76970.57,46792704,N/A,2025-06-07 18:02:55
2856,3.475547,4.247282,78.132706,5.00e-05,77080.20,46809088,N/A,2025-06-07 18:02:55
2857,3.354442,4.247282,78.132706,5.00e-05,76980.35,46825472,N/A,2025-06-07 18:02:55
2858,4.035161,4.247282,78.132706,5.00e-05,77185.09,46841856,N/A,2025-06-07 18:02:55
2859,3.608862,4.247282,78.132706,5.00e-05,78767.08,46858240,N/A,2025-06-07 18:02:56
2860,3.198654,4.247282,78.132706,5.00e-05,77139.16,46874624,1.0000,2025-06-07 18:02:56
2861,3.851037,4.247282,78.132706,5.00e-05,76652.27,46891008,N/A,2025-06-07 18:02:56
2862,3.832816,4.247282,78.132706,5.00e-05,77347.56,46907392,N/A,2025-06-07 18:02:56
2863,3.403430,4.247282,78.132706,5.00e-05,77418.42,46923776,N/A,2025-06-07 18:02:57
2864,3.782149,4.247282,78.132706,5.00e-05,77493.14,46940160,N/A,2025-06-07 18:02:57
2865,3.516813,4.247282,78.132706,5.00e-05,77448.68,46956544,N/A,2025-06-07 18:02:57
2866,3.970324,4.247282,78.132706,5.00e-05,77988.26,46972928,N/A,2025-06-07 18:02:57
2867,3.172533,4.247282,78.132706,5.00e-05,77785.47,46989312,N/A,2025-06-07 18:02:57
2868,3.304961,4.247282,78.132706,5.00e-05,77849.95,47005696,N/A,2025-06-07 18:02:58
2869,3.282995,4.247282,78.132706,5.00e-05,79220.80,47022080,N/A,2025-06-07 18:02:58
2870,3.559093,4.247282,78.132706,5.00e-05,77932.87,47038464,1.0000,2025-06-07 18:02:58
2871,3.092777,4.247282,78.132706,5.00e-05,78029.15,47054848,N/A,2025-06-07 18:02:58
2872,3.596441,4.247282,78.132706,5.00e-05,78084.83,47071232,N/A,2025-06-07 18:02:59
2873,3.687216,4.247282,78.132706,5.00e-05,78172.61,47087616,N/A,2025-06-07 18:02:59
2874,3.849712,4.247282,78.132706,5.00e-05,78242.41,47104000,N/A,2025-06-07 18:02:59
2875,2.920889,4.247282,78.132706,5.00e-05,77895.15,47120384,N/A,2025-06-07 18:02:59
2876,3.355966,4.247282,78.132706,5.00e-05,77893.82,47136768,N/A,2025-06-07 18:03:00
2877,3.111165,4.247282,78.132706,5.00e-05,77692.66,47153152,N/A,2025-06-07 18:03:00
2878,3.495950,4.247282,78.132706,5.00e-05,78000.69,47169536,N/A,2025-06-07 18:03:00
2879,2.775600,4.247282,78.132706,5.00e-05,79834.03,47185920,N/A,2025-06-07 18:03:00
2880,3.457994,4.247282,78.132706,5.00e-05,78221.11,47202304,1.0000,2025-06-07 18:03:01
2881,2.814330,4.247282,78.132706,5.00e-05,58894.37,47218688,N/A,2025-06-07 18:03:01
2882,3.131274,4.247282,78.132706,5.00e-05,58644.67,47235072,N/A,2025-06-07 18:03:02
2883,3.851065,4.247282,78.132706,5.00e-05,58464.23,47251456,N/A,2025-06-07 18:03:02
2884,3.158174,4.247282,78.132706,5.00e-05,58515.96,47267840,N/A,2025-06-07 18:03:02
2885,4.118487,4.247282,78.132706,5.00e-05,58568.91,47284224,N/A,2025-06-07 18:03:02
2886,3.285592,4.247282,78.132706,5.00e-05,58679.58,47300608,N/A,2025-06-07 18:03:03
2887,3.439248,4.247282,78.132706,5.00e-05,58585.62,47316992,N/A,2025-06-07 18:03:03
2888,3.528205,4.247282,78.132706,5.00e-05,58600.96,47333376,N/A,2025-06-07 18:03:03
2889,4.471661,4.247282,78.132706,5.00e-05,59379.87,47349760,N/A,2025-06-07 18:03:03
2890,3.815147,4.247282,78.132706,5.00e-05,77404.83,47366144,1.0000,2025-06-07 18:03:04
2891,3.372238,4.247282,78.132706,5.00e-05,77673.27,47382528,N/A,2025-06-07 18:03:04
2892,4.085581,4.247282,78.132706,5.00e-05,77882.11,47398912,N/A,2025-06-07 18:03:04
2893,3.101819,4.247282,78.132706,5.00e-05,77708.91,47415296,N/A,2025-06-07 18:03:04
2894,3.956205,4.247282,78.132706,5.00e-05,77675.43,47431680,N/A,2025-06-07 18:03:05
2895,4.426355,4.247282,78.132706,5.00e-05,77451.02,47448064,N/A,2025-06-07 18:03:05
2896,4.628698,4.247282,78.132706,5.00e-05,77381.03,47464448,N/A,2025-06-07 18:03:05
2897,4.165206,4.247282,78.132706,5.00e-05,77479.80,47480832,N/A,2025-06-07 18:03:05
2898,3.092421,4.247282,78.132706,5.00e-05,76930.86,47497216,N/A,2025-06-07 18:03:05
2899,3.193399,4.247282,78.132706,5.00e-05,78218.03,47513600,N/A,2025-06-07 18:03:06
2900,3.807812,4.247282,78.132706,5.00e-05,76701.89,47529984,1.0000,2025-06-07 18:03:06
2901,2.766406,4.247282,78.132706,5.00e-05,75558.13,47546368,N/A,2025-06-07 18:03:06
2902,2.887258,4.247282,78.132706,5.00e-05,75646.29,47562752,N/A,2025-06-07 18:03:06
2903,3.638041,4.247282,78.132706,5.00e-05,75641.50,47579136,N/A,2025-06-07 18:03:07
2904,3.743160,4.247282,78.132706,5.00e-05,75415.31,47595520,N/A,2025-06-07 18:03:07
2905,3.751711,4.247282,78.132706,5.00e-05,75582.29,47611904,N/A,2025-06-07 18:03:07
2906,3.866124,4.247282,78.132706,5.00e-05,75467.98,47628288,N/A,2025-06-07 18:03:07
2907,3.833810,4.247282,78.132706,5.00e-05,76061.13,47644672,N/A,2025-06-07 18:03:08
2908,4.208356,4.247282,78.132706,5.00e-05,76044.42,47661056,N/A,2025-06-07 18:03:08
2909,2.726945,4.247282,78.132706,5.00e-05,77482.60,47677440,N/A,2025-06-07 18:03:08
2910,3.822303,4.247282,78.132706,5.00e-05,76853.13,47693824,1.0000,2025-06-07 18:03:08
2911,2.292099,4.247282,78.132706,5.00e-05,76714.80,47710208,N/A,2025-06-07 18:03:09
2912,3.757582,4.247282,78.132706,5.00e-05,76614.83,47726592,N/A,2025-06-07 18:03:09
2913,4.029450,4.247282,78.132706,5.00e-05,77014.91,47742976,N/A,2025-06-07 18:03:09
2914,3.677449,4.247282,78.132706,5.00e-05,76875.64,47759360,N/A,2025-06-07 18:03:09
2915,3.445599,4.247282,78.132706,5.00e-05,76972.76,47775744,N/A,2025-06-07 18:03:09
2916,2.843277,4.247282,78.132706,5.00e-05,77000.47,47792128,N/A,2025-06-07 18:03:10
2917,4.149162,4.247282,78.132706,5.00e-05,77228.12,47808512,N/A,2025-06-07 18:03:10
2918,3.261941,4.247282,78.132706,5.00e-05,76797.75,47824896,N/A,2025-06-07 18:03:10
2919,3.359897,4.247282,78.132706,5.00e-05,78596.03,47841280,N/A,2025-06-07 18:03:10
2920,4.110981,4.247282,78.132706,5.00e-05,77114.34,47857664,1.0000,2025-06-07 18:03:11
2921,2.555091,4.247282,78.132706,5.00e-05,77256.84,47874048,N/A,2025-06-07 18:03:11
2922,3.082110,4.247282,78.132706,5.00e-05,77187.11,47890432,N/A,2025-06-07 18:03:11
2923,3.743630,4.247282,78.132706,5.00e-05,77237.25,47906816,N/A,2025-06-07 18:03:11
2924,3.536474,4.247282,78.132706,5.00e-05,77160.76,47923200,N/A,2025-06-07 18:03:12
2925,3.544984,4.247282,78.132706,5.00e-05,77040.37,47939584,N/A,2025-06-07 18:03:12
2926,3.486634,4.247282,78.132706,5.00e-05,77044.37,47955968,N/A,2025-06-07 18:03:12
2927,3.201597,4.247282,78.132706,5.00e-05,77575.37,47972352,N/A,2025-06-07 18:03:12
2928,3.144134,4.247282,78.132706,5.00e-05,77675.18,47988736,N/A,2025-06-07 18:03:13
2929,3.118467,4.247282,78.132706,5.00e-05,79134.08,48005120,N/A,2025-06-07 18:03:13
2930,3.650187,4.247282,78.132706,5.00e-05,77372.18,48021504,1.0000,2025-06-07 18:03:13
2931,3.702872,4.247282,78.132706,5.00e-05,77509.81,48037888,N/A,2025-06-07 18:03:13
2932,3.323512,4.247282,78.132706,5.00e-05,77424.52,48054272,N/A,2025-06-07 18:03:14
2933,2.009381,4.247282,78.132706,5.00e-05,77442.12,48070656,N/A,2025-06-07 18:03:14
2934,3.956903,4.247282,78.132706,5.00e-05,77560.96,48087040,N/A,2025-06-07 18:03:14
2935,4.315781,4.247282,78.132706,5.00e-05,77495.66,48103424,N/A,2025-06-07 18:03:14
2936,3.550087,4.247282,78.132706,5.00e-05,77478.47,48119808,N/A,2025-06-07 18:03:14
2937,3.933560,4.247282,78.132706,5.00e-05,77466.73,48136192,N/A,2025-06-07 18:03:15
2938,3.101395,4.247282,78.132706,5.00e-05,77556.05,48152576,N/A,2025-06-07 18:03:15
2939,3.137364,4.247282,78.132706,5.00e-05,79285.27,48168960,N/A,2025-06-07 18:03:15
2940,3.491873,4.247282,78.132706,5.00e-05,77747.54,48185344,1.0000,2025-06-07 18:03:15
2941,3.307401,4.247282,78.132706,5.00e-05,77748.93,48201728,N/A,2025-06-07 18:03:16
2942,3.964489,4.247282,78.132706,5.00e-05,77631.13,48218112,N/A,2025-06-07 18:03:16
2943,2.721167,4.247282,78.132706,5.00e-05,77591.29,48234496,N/A,2025-06-07 18:03:16
2944,3.112985,4.247282,78.132706,5.00e-05,77526.28,48250880,N/A,2025-06-07 18:03:16
2945,2.952248,4.247282,78.132706,5.00e-05,77294.77,48267264,N/A,2025-06-07 18:03:17
2946,2.847362,4.247282,78.132706,5.00e-05,76997.23,48283648,N/A,2025-06-07 18:03:17
2947,3.719881,4.247282,78.132706,5.00e-05,77039.13,48300032,N/A,2025-06-07 18:03:17
2948,3.298788,4.247282,78.132706,5.00e-05,77049.81,48316416,N/A,2025-06-07 18:03:17
2949,3.861023,4.247282,78.132706,5.00e-05,78229.71,48332800,N/A,2025-06-07 18:03:17
2950,3.674642,4.247282,78.132706,5.00e-05,76242.01,48349184,1.0000,2025-06-07 18:03:18
2951,3.259874,4.247282,78.132706,5.00e-05,76357.32,48365568,N/A,2025-06-07 18:03:18
2952,3.386101,4.247282,78.132706,5.00e-05,76384.47,48381952,N/A,2025-06-07 18:03:18
2953,3.439088,4.247282,78.132706,5.00e-05,75400.76,48398336,N/A,2025-06-07 18:03:18
2954,2.809084,4.247282,78.132706,5.00e-05,75557.37,48414720,N/A,2025-06-07 18:03:19
2955,3.680252,4.247282,78.132706,5.00e-05,75913.12,48431104,N/A,2025-06-07 18:03:19
2956,2.794184,4.247282,78.132706,5.00e-05,75930.44,48447488,N/A,2025-06-07 18:03:19
2957,3.709055,4.247282,78.132706,5.00e-05,75914.37,48463872,N/A,2025-06-07 18:03:19
2958,4.148237,4.247282,78.132706,5.00e-05,76202.06,48480256,N/A,2025-06-07 18:03:20
2959,3.595974,4.247282,78.132706,5.00e-05,78208.51,48496640,N/A,2025-06-07 18:03:20
2960,3.467111,4.247282,78.132706,5.00e-05,76755.52,48513024,1.0000,2025-06-07 18:03:20
2961,3.003026,4.247282,78.132706,5.00e-05,76740.75,48529408,N/A,2025-06-07 18:03:20
2962,3.464535,4.247282,78.132706,5.00e-05,77789.32,48545792,N/A,2025-06-07 18:03:21
2963,3.195562,4.247282,78.132706,5.00e-05,77739.80,48562176,N/A,2025-06-07 18:03:21
2964,4.004006,4.247282,78.132706,5.00e-05,77629.23,48578560,N/A,2025-06-07 18:03:21
2965,4.058093,4.247282,78.132706,5.00e-05,77318.71,48594944,N/A,2025-06-07 18:03:21
2966,3.354459,4.247282,78.132706,5.00e-05,76822.90,48611328,N/A,2025-06-07 18:03:22
2967,4.343145,4.247282,78.132706,5.00e-05,76657.10,48627712,N/A,2025-06-07 18:03:22
2968,4.110634,4.247282,78.132706,5.00e-05,76673.63,48644096,N/A,2025-06-07 18:03:22
2969,3.786959,4.247282,78.132706,5.00e-05,78081.07,48660480,N/A,2025-06-07 18:03:22
2970,3.346247,4.247282,78.132706,5.00e-05,76319.16,48676864,1.0000,2025-06-07 18:03:23
2971,2.823218,4.247282,78.132706,5.00e-05,76443.69,48693248,N/A,2025-06-07 18:03:23
2972,3.470292,4.247282,78.132706,5.00e-05,76830.38,48709632,N/A,2025-06-07 18:03:23
2973,2.752085,4.247282,78.132706,5.00e-05,77311.44,48726016,N/A,2025-06-07 18:03:23
2974,2.747020,4.247282,78.132706,5.00e-05,77093.99,48742400,N/A,2025-06-07 18:03:23
2975,4.450435,4.247282,78.132706,5.00e-05,77527.33,48758784,N/A,2025-06-07 18:03:24
2976,2.655526,4.247282,78.132706,5.00e-05,77660.76,48775168,N/A,2025-06-07 18:03:24
2977,3.216002,4.247282,78.132706,5.00e-05,77714.40,48791552,N/A,2025-06-07 18:03:24
2978,3.367181,4.247282,78.132706,5.00e-05,77746.59,48807936,N/A,2025-06-07 18:03:24
2979,3.735842,4.247282,78.132706,5.00e-05,79555.09,48824320,N/A,2025-06-07 18:03:25
2980,2.990267,4.247282,78.132706,5.00e-05,77287.75,48840704,1.0000,2025-06-07 18:03:25
2981,3.610163,4.247282,78.132706,5.00e-05,77017.83,48857088,N/A,2025-06-07 18:03:25
2982,2.880293,4.247282,78.132706,5.00e-05,76325.27,48873472,N/A,2025-06-07 18:03:25
2983,3.207295,4.247282,78.132706,5.00e-05,76707.16,48889856,N/A,2025-06-07 18:03:26
2984,4.090453,4.247282,78.132706,5.00e-05,76637.33,48906240,N/A,2025-06-07 18:03:26
2985,3.872688,4.247282,78.132706,5.00e-05,76512.64,48922624,N/A,2025-06-07 18:03:26
2986,3.155096,4.247282,78.132706,5.00e-05,76648.70,48939008,N/A,2025-06-07 18:03:26
2987,3.666851,4.247282,78.132706,5.00e-05,76120.83,48955392,N/A,2025-06-07 18:03:26
2988,2.371739,4.247282,78.132706,5.00e-05,76225.08,48971776,N/A,2025-06-07 18:03:27
2989,2.993160,4.247282,78.132706,5.00e-05,78181.74,48988160,N/A,2025-06-07 18:03:27
2990,2.727769,4.247282,78.132706,5.00e-05,76614.07,49004544,1.0000,2025-06-07 18:03:27
2991,3.361009,4.247282,78.132706,5.00e-05,76878.86,49020928,N/A,2025-06-07 18:03:27
2992,2.178024,4.247282,78.132706,5.00e-05,77063.85,49037312,N/A,2025-06-07 18:03:28
2993,2.790986,4.247282,78.132706,5.00e-05,77238.71,49053696,N/A,2025-06-07 18:03:28
2994,4.214741,4.247282,78.132706,5.00e-05,77256.03,49070080,N/A,2025-06-07 18:03:28
2995,2.930907,4.247282,78.132706,5.00e-05,76776.41,49086464,N/A,2025-06-07 18:03:28
2996,3.879190,4.247282,78.132706,5.00e-05,76998.31,49102848,N/A,2025-06-07 18:03:29
2997,3.479991,4.247282,78.132706,5.00e-05,76950.55,49119232,N/A,2025-06-07 18:03:29
2998,3.517003,4.247282,78.132706,5.00e-05,77117.74,49135616,N/A,2025-06-07 18:03:29
2999,3.874431,4.247282,78.132706,5.00e-05,78369.21,49152000,N/A,2025-06-07 18:03:29
3000,4.095572,3.341966,30.545691,5.00e-05,12839.54,49168384,N/A,2025-06-07 18:03:40
3001,3.531117,3.341966,30.545691,5.00e-05,12748.79,49184768,N/A,2025-06-07 18:03:41
3002,2.731622,3.341966,30.545691,5.00e-05,12724.20,49201152,N/A,2025-06-07 18:03:41
3003,3.723753,3.341966,30.545691,5.00e-05,12706.16,49217536,N/A,2025-06-07 18:03:41
3004,3.148325,3.341966,30.545691,5.00e-05,12709.76,49233920,N/A,2025-06-07 18:03:41
3005,3.557817,3.341966,30.545691,5.00e-05,12696.96,49250304,N/A,2025-06-07 18:03:42
3006,4.193432,3.341966,30.545691,5.00e-05,12694.91,49266688,N/A,2025-06-07 18:03:42
3007,2.734490,3.341966,30.545691,5.00e-05,12639.38,49283072,N/A,2025-06-07 18:03:42
3008,4.110814,3.341966,30.545691,5.00e-05,12634.27,49299456,N/A,2025-06-07 18:03:42
3009,3.521313,3.341966,30.545691,5.00e-05,71328.71,49315840,N/A,2025-06-07 18:03:43
3010,3.747416,3.341966,30.545691,5.00e-05,71866.74,49332224,1.0000,2025-06-07 18:03:43
3011,3.758488,3.341966,30.545691,5.00e-05,72228.59,49348608,N/A,2025-06-07 18:03:43
3012,3.880994,3.341966,30.545691,5.00e-05,72010.92,49364992,N/A,2025-06-07 18:03:43
3013,3.973404,3.341966,30.545691,5.00e-05,71797.91,49381376,N/A,2025-06-07 18:03:44
3014,2.847413,3.341966,30.545691,5.00e-05,72041.97,49397760,N/A,2025-06-07 18:03:44
3015,3.324739,3.341966,30.545691,5.00e-05,71735.00,49414144,N/A,2025-06-07 18:03:44
3016,3.337268,3.341966,30.545691,5.00e-05,72791.17,49430528,N/A,2025-06-07 18:03:44
3017,2.960104,3.341966,30.545691,5.00e-05,72985.04,49446912,N/A,2025-06-07 18:03:45
3018,3.996511,3.341966,30.545691,5.00e-05,72644.33,49463296,N/A,2025-06-07 18:03:45
3019,3.357547,3.341966,30.545691,5.00e-05,74867.03,49479680,N/A,2025-06-07 18:03:45
3020,3.584645,3.341966,30.545691,5.00e-05,72080.58,49496064,1.0000,2025-06-07 18:03:45
3021,3.522073,3.341966,30.545691,5.00e-05,72734.46,49512448,N/A,2025-06-07 18:03:46
3022,3.155992,3.341966,30.545691,5.00e-05,72524.93,49528832,N/A,2025-06-07 18:03:46
3023,3.455964,3.341966,30.545691,5.00e-05,72622.34,49545216,N/A,2025-06-07 18:03:46
3024,4.342310,3.341966,30.545691,5.00e-05,72273.61,49561600,N/A,2025-06-07 18:03:46
3025,3.082869,3.341966,30.545691,5.00e-05,72725.51,49577984,N/A,2025-06-07 18:03:47
3026,4.521573,3.341966,30.545691,5.00e-05,72474.14,49594368,N/A,2025-06-07 18:03:47
3027,3.209690,3.341966,30.545691,5.00e-05,72891.91,49610752,N/A,2025-06-07 18:03:47
3028,3.549919,3.341966,30.545691,5.00e-05,73099.65,49627136,N/A,2025-06-07 18:03:47
3029,4.209140,3.341966,30.545691,5.00e-05,75638.01,49643520,N/A,2025-06-07 18:03:47
3030,2.894423,3.341966,30.545691,5.00e-05,73684.66,49659904,1.0000,2025-06-07 18:03:48
3031,3.876538,3.341966,30.545691,5.00e-05,74387.90,49676288,N/A,2025-06-07 18:03:48
3032,3.588992,3.341966,30.545691,5.00e-05,73005.75,49692672,N/A,2025-06-07 18:03:48
3033,3.069665,3.341966,30.545691,5.00e-05,73565.91,49709056,N/A,2025-06-07 18:03:49
3034,3.351030,3.341966,30.545691,5.00e-05,73486.75,49725440,N/A,2025-06-07 18:03:49
3035,3.378347,3.341966,30.545691,5.00e-05,72573.44,49741824,N/A,2025-06-07 18:03:49
3036,3.263434,3.341966,30.545691,5.00e-05,72597.29,49758208,N/A,2025-06-07 18:03:49
3037,3.063153,3.341966,30.545691,5.00e-05,72423.15,49774592,N/A,2025-06-07 18:03:50
3038,2.979720,3.341966,30.545691,5.00e-05,72465.69,49790976,N/A,2025-06-07 18:03:50
3039,3.379625,3.341966,30.545691,5.00e-05,74376.88,49807360,N/A,2025-06-07 18:03:50
3040,3.882997,3.341966,30.545691,5.00e-05,71961.50,49823744,1.0000,2025-06-07 18:03:50
3041,3.253150,3.341966,30.545691,5.00e-05,73704.24,49840128,N/A,2025-06-07 18:03:51
3042,3.337306,3.341966,30.545691,5.00e-05,73903.43,49856512,N/A,2025-06-07 18:03:51
3043,3.100752,3.341966,30.545691,5.00e-05,74101.68,49872896,N/A,2025-06-07 18:03:51
3044,3.758186,3.341966,30.545691,5.00e-05,75632.34,49889280,N/A,2025-06-07 18:03:51
3045,3.095277,3.341966,30.545691,5.00e-05,75486.61,49905664,N/A,2025-06-07 18:03:51
3046,3.227454,3.341966,30.545691,5.00e-05,75652.45,49922048,N/A,2025-06-07 18:03:52
3047,3.459337,3.341966,30.545691,5.00e-05,76319.93,49938432,N/A,2025-06-07 18:03:52
3048,3.718314,3.341966,30.545691,5.00e-05,76634.22,49954816,N/A,2025-06-07 18:03:52
3049,3.199193,3.341966,30.545691,5.00e-05,78715.14,49971200,N/A,2025-06-07 18:03:52
3050,3.017649,3.341966,30.545691,5.00e-05,77061.11,49987584,1.0000,2025-06-07 18:03:53
3051,3.235167,3.341966,30.545691,5.00e-05,71626.80,50003968,N/A,2025-06-07 18:03:53
3052,3.662836,3.341966,30.545691,5.00e-05,71571.98,50020352,N/A,2025-06-07 18:03:53
3053,3.866149,3.341966,30.545691,5.00e-05,70796.94,50036736,N/A,2025-06-07 18:03:54
3054,3.016835,3.341966,30.545691,5.00e-05,70799.82,50053120,N/A,2025-06-07 18:03:54
3055,3.011301,3.341966,30.545691,5.00e-05,70887.81,50069504,N/A,2025-06-07 18:03:54
3056,3.930706,3.341966,30.545691,5.00e-05,70837.14,50085888,N/A,2025-06-07 18:03:54
3057,3.799270,3.341966,30.545691,5.00e-05,70623.81,50102272,N/A,2025-06-07 18:03:54
3058,3.927674,3.341966,30.545691,5.00e-05,71046.26,50118656,N/A,2025-06-07 18:03:55
3059,2.858774,3.341966,30.545691,5.00e-05,72289.74,50135040,N/A,2025-06-07 18:03:55
3060,3.696662,3.341966,30.545691,5.00e-05,76087.79,50151424,1.0000,2025-06-07 18:03:55
3061,2.762162,3.341966,30.545691,5.00e-05,76338.98,50167808,N/A,2025-06-07 18:03:55
3062,2.630952,3.341966,30.545691,5.00e-05,77172.47,50184192,N/A,2025-06-07 18:03:56
3063,4.086814,3.341966,30.545691,5.00e-05,77083.98,50200576,N/A,2025-06-07 18:03:56
3064,3.605038,3.341966,30.545691,5.00e-05,77003.16,50216960,N/A,2025-06-07 18:03:56
3065,3.679093,3.341966,30.545691,5.00e-05,76045.99,50233344,N/A,2025-06-07 18:03:56
3066,3.470958,3.341966,30.545691,5.00e-05,76204.44,50249728,N/A,2025-06-07 18:03:57
3067,4.040134,3.341966,30.545691,5.00e-05,76214.31,50266112,N/A,2025-06-07 18:03:57
3068,3.564424,3.341966,30.545691,5.00e-05,76397.09,50282496,N/A,2025-06-07 18:03:57
3069,3.050973,3.341966,30.545691,5.00e-05,78103.15,50298880,N/A,2025-06-07 18:03:57
3070,3.488924,3.341966,30.545691,5.00e-05,76654.04,50315264,1.0000,2025-06-07 18:03:58
3071,3.197266,3.341966,30.545691,5.00e-05,76652.34,50331648,N/A,2025-06-07 18:03:58
3072,3.101482,3.341966,30.545691,5.00e-05,74527.70,50348032,N/A,2025-06-07 18:03:58
3073,3.171289,3.341966,30.545691,5.00e-05,74577.49,50364416,N/A,2025-06-07 18:03:58
3074,3.453284,3.341966,30.545691,5.00e-05,75541.11,50380800,N/A,2025-06-07 18:03:59
3075,3.439981,3.341966,30.545691,5.00e-05,75522.92,50397184,N/A,2025-06-07 18:03:59
3076,3.062098,3.341966,30.545691,5.00e-05,75690.75,50413568,N/A,2025-06-07 18:03:59
3077,3.837123,3.341966,30.545691,5.00e-05,75233.58,50429952,N/A,2025-06-07 18:03:59
3078,3.872877,3.341966,30.545691,5.00e-05,75360.73,50446336,N/A,2025-06-07 18:03:59
3079,3.192800,3.341966,30.545691,5.00e-05,76649.44,50462720,N/A,2025-06-07 18:04:00
3080,2.890865,3.341966,30.545691,5.00e-05,74995.32,50479104,1.0000,2025-06-07 18:04:00
3081,3.571620,3.341966,30.545691,5.00e-05,77243.91,50495488,N/A,2025-06-07 18:04:00
3082,3.152046,3.341966,30.545691,5.00e-05,77163.91,50511872,N/A,2025-06-07 18:04:00
3083,2.724636,3.341966,30.545691,5.00e-05,77160.73,50528256,N/A,2025-06-07 18:04:01
3084,4.164565,3.341966,30.545691,5.00e-05,76551.44,50544640,N/A,2025-06-07 18:04:01
3085,3.721682,3.341966,30.545691,5.00e-05,76444.76,50561024,N/A,2025-06-07 18:04:01
3086,3.463152,3.341966,30.545691,5.00e-05,77049.46,50577408,N/A,2025-06-07 18:04:01
3087,3.049260,3.341966,30.545691,5.00e-05,77062.22,50593792,N/A,2025-06-07 18:04:02
3088,3.939879,3.341966,30.545691,5.00e-05,77381.19,50610176,N/A,2025-06-07 18:04:02
3089,3.685592,3.341966,30.545691,5.00e-05,78931.45,50626560,N/A,2025-06-07 18:04:02
3090,2.882555,3.341966,30.545691,5.00e-05,77560.79,50642944,1.0000,2025-06-07 18:04:02
3091,4.080974,3.341966,30.545691,5.00e-05,77421.48,50659328,N/A,2025-06-07 18:04:03
3092,3.790456,3.341966,30.545691,5.00e-05,77447.98,50675712,N/A,2025-06-07 18:04:03
3093,3.121436,3.341966,30.545691,5.00e-05,78054.30,50692096,N/A,2025-06-07 18:04:03
3094,3.515681,3.341966,30.545691,5.00e-05,78060.47,50708480,N/A,2025-06-07 18:04:03
3095,3.378653,3.341966,30.545691,5.00e-05,77939.24,50724864,N/A,2025-06-07 18:04:03
3096,3.334948,3.341966,30.545691,5.00e-05,77751.66,50741248,N/A,2025-06-07 18:04:04
3097,2.915628,3.341966,30.545691,5.00e-05,77638.70,50757632,N/A,2025-06-07 18:04:04
3098,3.197584,3.341966,30.545691,5.00e-05,78007.23,50774016,N/A,2025-06-07 18:04:04
3099,4.094426,3.341966,30.545691,5.00e-05,79483.02,50790400,N/A,2025-06-07 18:04:04
3100,3.159536,3.341966,30.545691,5.00e-05,78160.47,50806784,1.0000,2025-06-07 18:04:05
3101,3.697936,3.341966,30.545691,5.00e-05,76795.67,50823168,N/A,2025-06-07 18:04:05
3102,4.229869,3.341966,30.545691,5.00e-05,76801.99,50839552,N/A,2025-06-07 18:04:05
3103,3.492494,3.341966,30.545691,5.00e-05,76711.00,50855936,N/A,2025-06-07 18:04:05
3104,2.685538,3.341966,30.545691,5.00e-05,76790.30,50872320,N/A,2025-06-07 18:04:06
3105,2.958395,3.341966,30.545691,5.00e-05,76711.52,50888704,N/A,2025-06-07 18:04:06
3106,2.923344,3.341966,30.545691,5.00e-05,76682.07,50905088,N/A,2025-06-07 18:04:06
3107,3.580322,3.341966,30.545691,5.00e-05,76481.14,50921472,N/A,2025-06-07 18:04:06
3108,2.876185,3.341966,30.545691,5.00e-05,76284.66,50937856,N/A,2025-06-07 18:04:07
3109,3.084325,3.341966,30.545691,5.00e-05,77670.25,50954240,N/A,2025-06-07 18:04:07
3110,3.162339,3.341966,30.545691,5.00e-05,77640.73,50970624,1.0000,2025-06-07 18:04:07
3111,3.171079,3.341966,30.545691,5.00e-05,77408.99,50987008,N/A,2025-06-07 18:04:07
3112,2.366775,3.341966,30.545691,5.00e-05,77533.60,51003392,N/A,2025-06-07 18:04:07
3113,3.648054,3.341966,30.545691,5.00e-05,77367.46,51019776,N/A,2025-06-07 18:04:08
3114,3.595010,3.341966,30.545691,5.00e-05,77677.88,51036160,N/A,2025-06-07 18:04:08
3115,3.594601,3.341966,30.545691,5.00e-05,77700.06,51052544,N/A,2025-06-07 18:04:08
3116,3.184483,3.341966,30.545691,5.00e-05,77908.44,51068928,N/A,2025-06-07 18:04:08
3117,3.403488,3.341966,30.545691,5.00e-05,78044.41,51085312,N/A,2025-06-07 18:04:09
3118,2.694586,3.341966,30.545691,5.00e-05,78099.87,51101696,N/A,2025-06-07 18:04:09
3119,3.949676,3.341966,30.545691,5.00e-05,79683.11,51118080,N/A,2025-06-07 18:04:09
3120,3.373075,3.341966,30.545691,5.00e-05,78206.69,51134464,1.0000,2025-06-07 18:04:09
3121,2.686835,3.341966,30.545691,5.00e-05,78268.21,51150848,N/A,2025-06-07 18:04:10
3122,3.061199,3.341966,30.545691,5.00e-05,78323.01,51167232,N/A,2025-06-07 18:04:10
3123,3.947754,3.341966,30.545691,5.00e-05,78190.54,51183616,N/A,2025-06-07 18:04:10
3124,3.116026,3.341966,30.545691,5.00e-05,78214.36,51200000,N/A,2025-06-07 18:04:10
3125,3.078048,3.341966,30.545691,5.00e-05,77930.11,51216384,N/A,2025-06-07 18:04:10
3126,3.731866,3.341966,30.545691,5.00e-05,77813.08,51232768,N/A,2025-06-07 18:04:11
3127,3.732467,3.341966,30.545691,5.00e-05,77254.15,51249152,N/A,2025-06-07 18:04:11
3128,3.037579,3.341966,30.545691,5.00e-05,76858.73,51265536,N/A,2025-06-07 18:04:11
3129,4.129832,3.341966,30.545691,5.00e-05,77582.06,51281920,N/A,2025-06-07 18:04:11
3130,3.944322,3.341966,30.545691,5.00e-05,75492.56,51298304,1.0000,2025-06-07 18:04:12
3131,3.187969,3.341966,30.545691,5.00e-05,75121.96,51314688,N/A,2025-06-07 18:04:12
3132,2.827594,3.341966,30.545691,5.00e-05,74899.61,51331072,N/A,2025-06-07 18:04:12
3133,2.964653,3.341966,30.545691,5.00e-05,74562.73,51347456,N/A,2025-06-07 18:04:12
3134,3.260611,3.341966,30.545691,5.00e-05,74479.46,51363840,N/A,2025-06-07 18:04:13
3135,3.243302,3.341966,30.545691,5.00e-05,74401.01,51380224,N/A,2025-06-07 18:04:13
3136,2.449444,3.341966,30.545691,5.00e-05,74098.91,51396608,N/A,2025-06-07 18:04:13
3137,2.934592,3.341966,30.545691,5.00e-05,74167.82,51412992,N/A,2025-06-07 18:04:13
3138,3.488821,3.341966,30.545691,5.00e-05,74811.28,51429376,N/A,2025-06-07 18:04:14
3139,3.194880,3.341966,30.545691,5.00e-05,76623.71,51445760,N/A,2025-06-07 18:04:14
3140,3.158257,3.341966,30.545691,5.00e-05,74914.37,51462144,1.0000,2025-06-07 18:04:14
3141,3.861408,3.341966,30.545691,5.00e-05,75008.21,51478528,N/A,2025-06-07 18:04:14
3142,3.623859,3.341966,30.545691,5.00e-05,75347.10,51494912,N/A,2025-06-07 18:04:15
3143,3.862068,3.341966,30.545691,5.00e-05,75617.74,51511296,N/A,2025-06-07 18:04:15
3144,3.667773,3.341966,30.545691,5.00e-05,75845.00,51527680,N/A,2025-06-07 18:04:15
3145,3.737174,3.341966,30.545691,5.00e-05,76626.16,51544064,N/A,2025-06-07 18:04:15
3146,3.420031,3.341966,30.545691,5.00e-05,76859.77,51560448,N/A,2025-06-07 18:04:16
3147,4.132135,3.341966,30.545691,5.00e-05,77125.79,51576832,N/A,2025-06-07 18:04:16
3148,2.599932,3.341966,30.545691,5.00e-05,77038.33,51593216,N/A,2025-06-07 18:04:16
3149,2.996313,3.341966,30.545691,5.00e-05,79161.79,51609600,N/A,2025-06-07 18:04:16
3150,3.120520,3.341966,30.545691,5.00e-05,77607.56,51625984,1.0000,2025-06-07 18:04:17
3151,3.735569,3.341966,30.545691,5.00e-05,77566.49,51642368,N/A,2025-06-07 18:04:17
3152,3.016333,3.341966,30.545691,5.00e-05,77581.57,51658752,N/A,2025-06-07 18:04:17
3153,3.976012,3.341966,30.545691,5.00e-05,77481.15,51675136,N/A,2025-06-07 18:04:17
3154,1.911484,3.341966,30.545691,5.00e-05,77534.31,51691520,N/A,2025-06-07 18:04:17
3155,3.125083,3.341966,30.545691,5.00e-05,77352.63,51707904,N/A,2025-06-07 18:04:18
3156,3.027232,3.341966,30.545691,5.00e-05,77223.72,51724288,N/A,2025-06-07 18:04:18
3157,3.196111,3.341966,30.545691,5.00e-05,76454.88,51740672,N/A,2025-06-07 18:04:18
3158,2.898755,3.341966,30.545691,5.00e-05,76562.00,51757056,N/A,2025-06-07 18:04:18
3159,3.500767,3.341966,30.545691,5.00e-05,78116.91,51773440,N/A,2025-06-07 18:04:19
3160,2.222070,3.341966,30.545691,5.00e-05,76677.12,51789824,1.0000,2025-06-07 18:04:19
3161,3.730821,3.341966,30.545691,5.00e-05,76660.10,51806208,N/A,2025-06-07 18:04:19
3162,2.610806,3.341966,30.545691,5.00e-05,76710.54,51822592,N/A,2025-06-07 18:04:19
3163,3.425556,3.341966,30.545691,5.00e-05,76746.26,51838976,N/A,2025-06-07 18:04:20
3164,3.100332,3.341966,30.545691,5.00e-05,76851.52,51855360,N/A,2025-06-07 18:04:20
3165,3.704575,3.341966,30.545691,5.00e-05,76588.98,51871744,N/A,2025-06-07 18:04:20
3166,3.656066,3.341966,30.545691,5.00e-05,77663.02,51888128,N/A,2025-06-07 18:04:20
3167,4.207618,3.341966,30.545691,5.00e-05,77693.11,51904512,N/A,2025-06-07 18:04:20
3168,3.566824,3.341966,30.545691,5.00e-05,77196.14,51920896,N/A,2025-06-07 18:04:21
3169,2.814842,3.341966,30.545691,5.00e-05,78323.68,51937280,N/A,2025-06-07 18:04:21
3170,3.054112,3.341966,30.545691,5.00e-05,76759.20,51953664,1.0000,2025-06-07 18:04:21
3171,3.676089,3.341966,30.545691,5.00e-05,75726.60,51970048,N/A,2025-06-07 18:04:22
3172,3.142122,3.341966,30.545691,5.00e-05,75699.97,51986432,N/A,2025-06-07 18:04:22
3173,3.047179,3.341966,30.545691,5.00e-05,75795.91,52002816,N/A,2025-06-07 18:04:22
3174,3.188517,3.341966,30.545691,5.00e-05,76119.53,52019200,N/A,2025-06-07 18:04:22
3175,2.667709,3.341966,30.545691,5.00e-05,76032.90,52035584,N/A,2025-06-07 18:04:22
3176,2.905192,3.341966,30.545691,5.00e-05,75934.14,52051968,N/A,2025-06-07 18:04:23
3177,2.720756,3.341966,30.545691,5.00e-05,76607.99,52068352,N/A,2025-06-07 18:04:23
3178,2.483331,3.341966,30.545691,5.00e-05,76686.72,52084736,N/A,2025-06-07 18:04:23
3179,3.009332,3.341966,30.545691,5.00e-05,78138.17,52101120,N/A,2025-06-07 18:04:23
3180,3.315547,3.341966,30.545691,5.00e-05,77759.81,52117504,1.0000,2025-06-07 18:04:24
3181,3.405530,3.341966,30.545691,5.00e-05,77839.71,52133888,N/A,2025-06-07 18:04:24
3182,2.435456,3.341966,30.545691,5.00e-05,77788.93,52150272,N/A,2025-06-07 18:04:24
3183,3.129327,3.341966,30.545691,5.00e-05,77534.25,52166656,N/A,2025-06-07 18:04:24
3184,2.897352,3.341966,30.545691,5.00e-05,77698.36,52183040,N/A,2025-06-07 18:04:25
3185,2.893687,3.341966,30.545691,5.00e-05,77774.49,52199424,N/A,2025-06-07 18:04:25
3186,3.459172,3.341966,30.545691,5.00e-05,77658.75,52215808,N/A,2025-06-07 18:04:25
3187,3.169539,3.341966,30.545691,5.00e-05,77892.23,52232192,N/A,2025-06-07 18:04:25
3188,2.973936,3.341966,30.545691,5.00e-05,77936.91,52248576,N/A,2025-06-07 18:04:25
3189,3.155390,3.341966,30.545691,5.00e-05,79371.48,52264960,N/A,2025-06-07 18:04:26
3190,2.746597,3.341966,30.545691,5.00e-05,77555.60,52281344,1.0000,2025-06-07 18:04:26
3191,3.582786,3.341966,30.545691,5.00e-05,77326.13,52297728,N/A,2025-06-07 18:04:26
3192,3.455841,3.341966,30.545691,5.00e-05,76676.47,52314112,N/A,2025-06-07 18:04:26
3193,3.042782,3.341966,30.545691,5.00e-05,76422.57,52330496,N/A,2025-06-07 18:04:27
3194,2.533837,3.341966,30.545691,5.00e-05,76545.07,52346880,N/A,2025-06-07 18:04:27
3195,3.794348,3.341966,30.545691,5.00e-05,76567.74,52363264,N/A,2025-06-07 18:04:27
3196,2.769886,3.341966,30.545691,5.00e-05,76512.39,52379648,N/A,2025-06-07 18:04:27
3197,2.845998,3.341966,30.545691,5.00e-05,76574.45,52396032,N/A,2025-06-07 18:04:28
3198,3.559850,3.341966,30.545691,5.00e-05,76380.65,52412416,N/A,2025-06-07 18:04:28
3199,3.629498,3.341966,30.545691,5.00e-05,78048.28,52428800,N/A,2025-06-07 18:04:28
3200,2.971129,3.341966,30.545691,5.00e-05,76097.99,52445184,1.0000,2025-06-07 18:04:28
3201,2.926266,3.341966,30.545691,5.00e-05,75796.94,52461568,N/A,2025-06-07 18:04:29
3202,4.068312,3.341966,30.545691,5.00e-05,75920.25,52477952,N/A,2025-06-07 18:04:29
3203,3.251661,3.341966,30.545691,5.00e-05,75813.33,52494336,N/A,2025-06-07 18:04:29
3204,2.763207,3.341966,30.545691,5.00e-05,75806.19,52510720,N/A,2025-06-07 18:04:29
3205,3.035361,3.341966,30.545691,5.00e-05,75860.74,52527104,N/A,2025-06-07 18:04:30
3206,2.877082,3.341966,30.545691,5.00e-05,75843.18,52543488,N/A,2025-06-07 18:04:30
3207,3.485752,3.341966,30.545691,5.00e-05,75302.88,52559872,N/A,2025-06-07 18:04:30
3208,3.250226,3.341966,30.545691,5.00e-05,75216.37,52576256,N/A,2025-06-07 18:04:30
3209,2.880120,3.341966,30.545691,5.00e-05,77093.45,52592640,N/A,2025-06-07 18:04:30
3210,3.495207,3.341966,30.545691,5.00e-05,76315.95,52609024,1.0000,2025-06-07 18:04:31
3211,2.885596,3.341966,30.545691,5.00e-05,76006.51,52625408,N/A,2025-06-07 18:04:31
3212,3.140041,3.341966,30.545691,5.00e-05,75921.71,52641792,N/A,2025-06-07 18:04:31
3213,3.222805,3.341966,30.545691,5.00e-05,75833.82,52658176,N/A,2025-06-07 18:04:31
3214,3.993280,3.341966,30.545691,5.00e-05,75858.02,52674560,N/A,2025-06-07 18:04:32
3215,2.946387,3.341966,30.545691,5.00e-05,75911.59,52690944,N/A,2025-06-07 18:04:32
3216,2.332177,3.341966,30.545691,5.00e-05,76146.27,52707328,N/A,2025-06-07 18:04:32
3217,2.941322,3.341966,30.545691,5.00e-05,76266.06,52723712,N/A,2025-06-07 18:04:32
3218,4.378994,3.341966,30.545691,5.00e-05,76553.29,52740096,N/A,2025-06-07 18:04:33
3219,3.332857,3.341966,30.545691,5.00e-05,78492.78,52756480,N/A,2025-06-07 18:04:33
3220,3.021062,3.341966,30.545691,5.00e-05,76855.63,52772864,1.0000,2025-06-07 18:04:33
3221,2.862106,3.341966,30.545691,5.00e-05,76820.26,52789248,N/A,2025-06-07 18:04:33
3222,3.788137,3.341966,30.545691,5.00e-05,76887.63,52805632,N/A,2025-06-07 18:04:34
3223,4.033135,3.341966,30.545691,5.00e-05,76859.75,52822016,N/A,2025-06-07 18:04:34
3224,3.143087,3.341966,30.545691,5.00e-05,76877.47,52838400,N/A,2025-06-07 18:04:34
3225,2.674075,3.341966,30.545691,5.00e-05,77532.00,52854784,N/A,2025-06-07 18:04:34
3226,4.015141,3.341966,30.545691,5.00e-05,77561.36,52871168,N/A,2025-06-07 18:04:34
3227,3.642070,3.341966,30.545691,5.00e-05,77538.76,52887552,N/A,2025-06-07 18:04:35
3228,2.394548,3.341966,30.545691,5.00e-05,77266.31,52903936,N/A,2025-06-07 18:04:35
3229,3.911618,3.341966,30.545691,5.00e-05,79083.74,52920320,N/A,2025-06-07 18:04:35
3230,3.351251,3.341966,30.545691,5.00e-05,77319.21,52936704,1.0000,2025-06-07 18:04:35
3231,3.287488,3.341966,30.545691,5.00e-05,76216.58,52953088,N/A,2025-06-07 18:04:36
3232,3.030144,3.341966,30.545691,5.00e-05,76249.17,52969472,N/A,2025-06-07 18:04:36
3233,2.721025,3.341966,30.545691,5.00e-05,76159.36,52985856,N/A,2025-06-07 18:04:36
3234,3.077939,3.341966,30.545691,5.00e-05,75229.27,53002240,N/A,2025-06-07 18:04:36
3235,2.444657,3.341966,30.545691,5.00e-05,75053.37,53018624,N/A,2025-06-07 18:04:37
3236,2.235220,3.341966,30.545691,5.00e-05,74819.06,53035008,N/A,2025-06-07 18:04:37
3237,3.639962,3.341966,30.545691,5.00e-05,75021.44,53051392,N/A,2025-06-07 18:04:37
3238,2.919254,3.341966,30.545691,5.00e-05,75119.36,53067776,N/A,2025-06-07 18:04:37
3239,2.726811,3.341966,30.545691,5.00e-05,76765.68,53084160,N/A,2025-06-07 18:04:38
3240,3.468578,3.341966,30.545691,5.00e-05,75600.02,53100544,1.0000,2025-06-07 18:04:38
3241,3.140427,3.341966,30.545691,5.00e-05,75541.15,53116928,N/A,2025-06-07 18:04:38
3242,3.240800,3.341966,30.545691,5.00e-05,75526.13,53133312,N/A,2025-06-07 18:04:38
3243,2.914682,3.341966,30.545691,5.00e-05,76394.97,53149696,N/A,2025-06-07 18:04:39
3244,2.689734,3.341966,30.545691,5.00e-05,76420.11,53166080,N/A,2025-06-07 18:04:39
3245,2.574915,3.341966,30.545691,5.00e-05,76638.06,53182464,N/A,2025-06-07 18:04:39
3246,3.542002,3.341966,30.545691,5.00e-05,76848.31,53198848,N/A,2025-06-07 18:04:39
3247,3.671207,3.341966,30.545691,5.00e-05,76862.37,53215232,N/A,2025-06-07 18:04:39
3248,3.481546,3.341966,30.545691,5.00e-05,76893.48,53231616,N/A,2025-06-07 18:04:40
3249,3.142816,3.341966,30.545691,5.00e-05,78656.81,53248000,N/A,2025-06-07 18:04:40
3250,3.699998,3.341966,30.545691,5.00e-05,77233.87,53264384,1.0000,2025-06-07 18:04:40
3251,3.574771,3.341966,30.545691,5.00e-05,76558.18,53280768,N/A,2025-06-07 18:04:40
3252,2.277694,3.341966,30.545691,5.00e-05,76569.92,53297152,N/A,2025-06-07 18:04:41
3253,3.969892,3.341966,30.545691,5.00e-05,76670.21,53313536,N/A,2025-06-07 18:04:41
3254,3.322964,3.341966,30.545691,5.00e-05,76634.44,53329920,N/A,2025-06-07 18:04:41
3255,2.773290,3.341966,30.545691,5.00e-05,76600.02,53346304,N/A,2025-06-07 18:04:41
3256,4.281309,3.341966,30.545691,5.00e-05,76552.45,53362688,N/A,2025-06-07 18:04:42
3257,2.877160,3.341966,30.545691,5.00e-05,76586.12,53379072,N/A,2025-06-07 18:04:42
3258,4.148135,3.341966,30.545691,5.00e-05,77330.75,53395456,N/A,2025-06-07 18:04:42
3259,2.939285,3.341966,30.545691,5.00e-05,78545.98,53411840,N/A,2025-06-07 18:04:42
3260,2.921105,3.341966,30.545691,5.00e-05,77880.30,53428224,1.0000,2025-06-07 18:04:43
3261,3.501011,3.341966,30.545691,5.00e-05,77809.92,53444608,N/A,2025-06-07 18:04:43
3262,3.327739,3.341966,30.545691,5.00e-05,77787.25,53460992,N/A,2025-06-07 18:04:43
3263,3.812640,3.341966,30.545691,5.00e-05,77823.52,53477376,N/A,2025-06-07 18:04:43
3264,3.093761,3.341966,30.545691,5.00e-05,77764.84,53493760,N/A,2025-06-07 18:04:44
3265,3.101399,3.341966,30.545691,5.00e-05,77885.10,53510144,N/A,2025-06-07 18:04:44
3266,2.843193,3.341966,30.545691,5.00e-05,77855.05,53526528,N/A,2025-06-07 18:04:44
3267,3.435520,3.341966,30.545691,5.00e-05,77733.82,53542912,N/A,2025-06-07 18:04:44
3268,2.491687,3.341966,30.545691,5.00e-05,77877.00,53559296,N/A,2025-06-07 18:04:44
3269,3.543797,3.341966,30.545691,5.00e-05,79253.05,53575680,N/A,2025-06-07 18:04:45
3270,3.115738,3.341966,30.545691,5.00e-05,77620.98,53592064,1.0000,2025-06-07 18:04:45
3271,2.893508,3.341966,30.545691,5.00e-05,77709.52,53608448,N/A,2025-06-07 18:04:45
3272,3.127558,3.341966,30.545691,5.00e-05,77838.40,53624832,N/A,2025-06-07 18:04:45
3273,2.801904,3.341966,30.545691,5.00e-05,78086.57,53641216,N/A,2025-06-07 18:04:46
3274,2.875131,3.341966,30.545691,5.00e-05,78114.86,53657600,N/A,2025-06-07 18:04:46
3275,3.046198,3.341966,30.545691,5.00e-05,78121.87,53673984,N/A,2025-06-07 18:04:46
3276,2.406258,3.341966,30.545691,5.00e-05,77921.79,53690368,N/A,2025-06-07 18:04:46
3277,3.191806,3.341966,30.545691,5.00e-05,77344.91,53706752,N/A,2025-06-07 18:04:47
3278,3.456787,3.341966,30.545691,5.00e-05,77465.27,53723136,N/A,2025-06-07 18:04:47
3279,3.228245,3.341966,30.545691,5.00e-05,79160.26,53739520,N/A,2025-06-07 18:04:47
3280,4.220002,3.341966,30.545691,5.00e-05,77533.68,53755904,1.0000,2025-06-07 18:04:47
3281,2.821658,3.341966,30.545691,5.00e-05,77515.49,53772288,N/A,2025-06-07 18:04:48
3282,3.571932,3.341966,30.545691,5.00e-05,77179.77,53788672,N/A,2025-06-07 18:04:48
3283,3.414034,3.341966,30.545691,5.00e-05,77245.30,53805056,N/A,2025-06-07 18:04:48
3284,4.077979,3.341966,30.545691,5.00e-05,77336.41,53821440,N/A,2025-06-07 18:04:48
3285,2.998848,3.341966,30.545691,5.00e-05,77440.96,53837824,N/A,2025-06-07 18:04:48
3286,2.938628,3.341966,30.545691,5.00e-05,77590.53,53854208,N/A,2025-06-07 18:04:49
3287,2.635048,3.341966,30.545691,5.00e-05,76958.01,53870592,N/A,2025-06-07 18:04:49
3288,3.290913,3.341966,30.545691,5.00e-05,76917.82,53886976,N/A,2025-06-07 18:04:49
3289,3.053153,3.341966,30.545691,5.00e-05,78386.28,53903360,N/A,2025-06-07 18:04:49
3290,2.976447,3.341966,30.545691,5.00e-05,76857.86,53919744,1.0000,2025-06-07 18:04:50
3291,3.159309,3.341966,30.545691,5.00e-05,77105.30,53936128,N/A,2025-06-07 18:04:50
3292,3.256189,3.341966,30.545691,5.00e-05,76880.98,53952512,N/A,2025-06-07 18:04:50
3293,3.236610,3.341966,30.545691,5.00e-05,77058.46,53968896,N/A,2025-06-07 18:04:50
3294,2.444384,3.341966,30.545691,5.00e-05,77058.33,53985280,N/A,2025-06-07 18:04:51
3295,1.803786,3.341966,30.545691,5.00e-05,77603.54,54001664,N/A,2025-06-07 18:04:51
3296,3.128565,3.341966,30.545691,5.00e-05,78309.41,54018048,N/A,2025-06-07 18:04:51
3297,3.974138,3.341966,30.545691,5.00e-05,78217.93,54034432,N/A,2025-06-07 18:04:51
3298,2.408805,3.341966,30.545691,5.00e-05,78228.51,54050816,N/A,2025-06-07 18:04:51
3299,2.806953,3.341966,30.545691,5.00e-05,79626.91,54067200,N/A,2025-06-07 18:04:52
3300,2.903779,3.341966,30.545691,5.00e-05,77348.28,54083584,1.0000,2025-06-07 18:04:52
3301,3.167877,3.341966,30.545691,5.00e-05,75817.49,54099968,N/A,2025-06-07 18:04:52
3302,3.092746,3.341966,30.545691,5.00e-05,75225.20,54116352,N/A,2025-06-07 18:04:52
3303,2.379257,3.341966,30.545691,5.00e-05,75088.52,54132736,N/A,2025-06-07 18:04:53
3304,3.172593,3.341966,30.545691,5.00e-05,75027.44,54149120,N/A,2025-06-07 18:04:53
3305,3.312136,3.341966,30.545691,5.00e-05,74962.06,54165504,N/A,2025-06-07 18:04:53
3306,2.758137,3.341966,30.545691,5.00e-05,74824.20,54181888,N/A,2025-06-07 18:04:53
3307,4.155410,3.341966,30.545691,5.00e-05,74900.18,54198272,N/A,2025-06-07 18:04:54
3308,2.973109,3.341966,30.545691,5.00e-05,75032.04,54214656,N/A,2025-06-07 18:04:54
3309,4.069030,3.341966,30.545691,5.00e-05,77164.65,54231040,N/A,2025-06-07 18:04:54
3310,2.098734,3.341966,30.545691,5.00e-05,77214.79,54247424,1.0000,2025-06-07 18:04:54
3311,2.503922,3.341966,30.545691,5.00e-05,77839.20,54263808,N/A,2025-06-07 18:04:55
3312,3.113816,3.341966,30.545691,5.00e-05,78188.37,54280192,N/A,2025-06-07 18:04:55
3313,3.462934,3.341966,30.545691,5.00e-05,78264.48,54296576,N/A,2025-06-07 18:04:55
3314,3.349150,3.341966,30.545691,5.00e-05,78373.54,54312960,N/A,2025-06-07 18:04:55
3315,2.666885,3.341966,30.545691,5.00e-05,78538.24,54329344,N/A,2025-06-07 18:04:56
3316,2.941178,3.341966,30.545691,5.00e-05,78722.95,54345728,N/A,2025-06-07 18:04:56
3317,2.496407,3.341966,30.545691,5.00e-05,78821.88,54362112,N/A,2025-06-07 18:04:56
3318,3.793707,3.341966,30.545691,5.00e-05,78800.59,54378496,N/A,2025-06-07 18:04:56
3319,2.637345,3.341966,30.545691,5.00e-05,80436.64,54394880,N/A,2025-06-07 18:04:56
3320,3.214840,3.341966,30.545691,5.00e-05,78613.83,54411264,1.0000,2025-06-07 18:04:57
3321,3.650873,3.341966,30.545691,5.00e-05,78427.19,54427648,N/A,2025-06-07 18:04:57
3322,2.444944,3.341966,30.545691,5.00e-05,78236.64,54444032,N/A,2025-06-07 18:04:57
3323,3.423195,3.341966,30.545691,5.00e-05,78749.53,54460416,N/A,2025-06-07 18:04:57
3324,2.714592,3.341966,30.545691,5.00e-05,78783.98,54476800,N/A,2025-06-07 18:04:58
3325,3.957699,3.341966,30.545691,5.00e-05,77911.05,54493184,N/A,2025-06-07 18:04:58
3326,2.792777,3.341966,30.545691,5.00e-05,77871.42,54509568,N/A,2025-06-07 18:04:58
3327,2.410053,3.341966,30.545691,5.00e-05,77671.95,54525952,N/A,2025-06-07 18:04:58
3328,2.643385,3.341966,30.545691,5.00e-05,77701.98,54542336,N/A,2025-06-07 18:04:59
3329,2.343087,3.341966,30.545691,5.00e-05,79340.83,54558720,N/A,2025-06-07 18:04:59
3330,3.017053,3.341966,30.545691,5.00e-05,77016.55,54575104,1.0000,2025-06-07 18:04:59
3331,2.820192,3.341966,30.545691,5.00e-05,77074.64,54591488,N/A,2025-06-07 18:04:59
3332,2.653603,3.341966,30.545691,5.00e-05,76468.04,54607872,N/A,2025-06-07 18:04:59
3333,2.737642,3.341966,30.545691,5.00e-05,76135.86,54624256,N/A,2025-06-07 18:05:00
3334,4.058769,3.341966,30.545691,5.00e-05,76556.52,54640640,N/A,2025-06-07 18:05:00
3335,2.727031,3.341966,30.545691,5.00e-05,76390.49,54657024,N/A,2025-06-07 18:05:00
3336,2.897527,3.341966,30.545691,5.00e-05,76589.27,54673408,N/A,2025-06-07 18:05:00
3337,3.532456,3.341966,30.545691,5.00e-05,76553.80,54689792,N/A,2025-06-07 18:05:01
3338,3.411839,3.341966,30.545691,5.00e-05,76056.10,54706176,N/A,2025-06-07 18:05:01
3339,2.895991,3.341966,30.545691,5.00e-05,77986.42,54722560,N/A,2025-06-07 18:05:01
3340,2.729804,3.341966,30.545691,5.00e-05,76649.17,54738944,1.0000,2025-06-07 18:05:01
3341,3.623808,3.341966,30.545691,5.00e-05,76588.42,54755328,N/A,2025-06-07 18:05:02
3342,3.376606,3.341966,30.545691,5.00e-05,77038.91,54771712,N/A,2025-06-07 18:05:02
3343,3.778697,3.341966,30.545691,5.00e-05,77364.68,54788096,N/A,2025-06-07 18:05:02
3344,2.677766,3.341966,30.545691,5.00e-05,77394.83,54804480,N/A,2025-06-07 18:05:02
3345,3.506112,3.341966,30.545691,5.00e-05,77419.30,54820864,N/A,2025-06-07 18:05:03
3346,2.475971,3.341966,30.545691,5.00e-05,77344.74,54837248,N/A,2025-06-07 18:05:03
3347,2.655186,3.341966,30.545691,5.00e-05,77784.17,54853632,N/A,2025-06-07 18:05:03
3348,3.231348,3.341966,30.545691,5.00e-05,78140.69,54870016,N/A,2025-06-07 18:05:03
3349,3.030648,3.341966,30.545691,5.00e-05,79518.03,54886400,N/A,2025-06-07 18:05:03
3350,2.216431,3.341966,30.545691,5.00e-05,78018.32,54902784,1.0000,2025-06-07 18:05:04
3351,3.272150,3.341966,30.545691,5.00e-05,77969.33,54919168,N/A,2025-06-07 18:05:04
3352,3.604926,3.341966,30.545691,5.00e-05,77900.94,54935552,N/A,2025-06-07 18:05:04
3353,2.495126,3.341966,30.545691,5.00e-05,77912.63,54951936,N/A,2025-06-07 18:05:04
3354,2.535185,3.341966,30.545691,5.00e-05,77822.60,54968320,N/A,2025-06-07 18:05:05
3355,3.648637,3.341966,30.545691,5.00e-05,77108.70,54984704,N/A,2025-06-07 18:05:05
3356,3.118270,3.341966,30.545691,5.00e-05,77051.15,55001088,N/A,2025-06-07 18:05:05
3357,2.598496,3.341966,30.545691,5.00e-05,76669.56,55017472,N/A,2025-06-07 18:05:05
3358,3.014859,3.341966,30.545691,5.00e-05,76636.79,55033856,N/A,2025-06-07 18:05:06
3359,2.880527,3.341966,30.545691,5.00e-05,77759.62,55050240,N/A,2025-06-07 18:05:06
3360,2.488473,3.341966,30.545691,5.00e-05,76275.02,55066624,1.0000,2025-06-07 18:05:06
3361,3.019594,3.341966,30.545691,5.00e-05,76263.56,55083008,N/A,2025-06-07 18:05:06
3362,2.912056,3.341966,30.545691,5.00e-05,76070.97,55099392,N/A,2025-06-07 18:05:07
3363,3.379806,3.341966,30.545691,5.00e-05,76073.80,55115776,N/A,2025-06-07 18:05:07
3364,2.568458,3.341966,30.545691,5.00e-05,76943.03,55132160,N/A,2025-06-07 18:05:07
3365,2.890416,3.341966,30.545691,5.00e-05,76748.57,55148544,N/A,2025-06-07 18:05:07
3366,2.591796,3.341966,30.545691,5.00e-05,77226.63,55164928,N/A,2025-06-07 18:05:07
3367,4.039451,3.341966,30.545691,5.00e-05,76313.96,55181312,N/A,2025-06-07 18:05:08
3368,2.734257,3.341966,30.545691,5.00e-05,76647.47,55197696,N/A,2025-06-07 18:05:08
3369,3.250678,3.341966,30.545691,5.00e-05,78110.21,55214080,N/A,2025-06-07 18:05:08
3370,3.494401,3.341966,30.545691,5.00e-05,75490.46,55230464,1.0000,2025-06-07 18:05:09
3371,3.099549,3.341966,30.545691,5.00e-05,75428.38,55246848,N/A,2025-06-07 18:05:09
3372,3.576586,3.341966,30.545691,5.00e-05,75365.23,55263232,N/A,2025-06-07 18:05:09
3373,4.078850,3.341966,30.545691,5.00e-05,75119.76,55279616,N/A,2025-06-07 18:05:09
3374,3.174740,3.341966,30.545691,5.00e-05,75109.71,55296000,N/A,2025-06-07 18:05:09
3375,3.148206,3.341966,30.545691,5.00e-05,75171.57,55312384,N/A,2025-06-07 18:05:10
3376,3.351303,3.341966,30.545691,5.00e-05,75884.73,55328768,N/A,2025-06-07 18:05:10
3377,2.416487,3.341966,30.545691,5.00e-05,75539.97,55345152,N/A,2025-06-07 18:05:10
3378,3.615423,3.341966,30.545691,5.00e-05,75608.37,55361536,N/A,2025-06-07 18:05:10
3379,4.079500,3.341966,30.545691,5.00e-05,78096.46,55377920,N/A,2025-06-07 18:05:11
3380,2.479350,3.341966,30.545691,5.00e-05,76677.48,55394304,1.0000,2025-06-07 18:05:11
3381,3.024787,3.341966,30.545691,5.00e-05,76695.00,55410688,N/A,2025-06-07 18:05:11
3382,3.282998,3.341966,30.545691,5.00e-05,76707.86,55427072,N/A,2025-06-07 18:05:11
3383,3.653604,3.341966,30.545691,5.00e-05,77064.69,55443456,N/A,2025-06-07 18:05:12
3384,3.463311,3.341966,30.545691,5.00e-05,76896.63,55459840,N/A,2025-06-07 18:05:12
3385,3.327866,3.341966,30.545691,5.00e-05,77198.67,55476224,N/A,2025-06-07 18:05:12
3386,2.400080,3.341966,30.545691,5.00e-05,77337.27,55492608,N/A,2025-06-07 18:05:12
3387,4.189431,3.341966,30.545691,5.00e-05,76901.88,55508992,N/A,2025-06-07 18:05:13
3388,3.655050,3.341966,30.545691,5.00e-05,76798.61,55525376,N/A,2025-06-07 18:05:13
3389,2.689486,3.341966,30.545691,5.00e-05,78566.03,55541760,N/A,2025-06-07 18:05:13
3390,2.573060,3.341966,30.545691,5.00e-05,77138.18,55558144,1.0000,2025-06-07 18:05:13
3391,3.175082,3.341966,30.545691,5.00e-05,77369.88,55574528,N/A,2025-06-07 18:05:13
3392,2.938822,3.341966,30.545691,5.00e-05,77263.45,55590912,N/A,2025-06-07 18:05:14
3393,3.059686,3.341966,30.545691,5.00e-05,77209.19,55607296,N/A,2025-06-07 18:05:14
3394,2.747502,3.341966,30.545691,5.00e-05,77327.64,55623680,N/A,2025-06-07 18:05:14
3395,3.510176,3.341966,30.545691,5.00e-05,77549.16,55640064,N/A,2025-06-07 18:05:14
3396,3.034436,3.341966,30.545691,5.00e-05,78001.95,55656448,N/A,2025-06-07 18:05:15
3397,2.876714,3.341966,30.545691,5.00e-05,78295.31,55672832,N/A,2025-06-07 18:05:15
3398,3.793094,3.341966,30.545691,5.00e-05,78243.11,55689216,N/A,2025-06-07 18:05:15
3399,2.306244,3.341966,30.545691,5.00e-05,79799.46,55705600,N/A,2025-06-07 18:05:15
3400,3.290552,3.341966,30.545691,5.00e-05,78290.60,55721984,1.0000,2025-06-07 18:05:16
3401,3.083618,3.341966,30.545691,5.00e-05,77192.38,55738368,N/A,2025-06-07 18:05:16
3402,2.350970,3.341966,30.545691,5.00e-05,76558.37,55754752,N/A,2025-06-07 18:05:16
3403,2.116683,3.341966,30.545691,5.00e-05,76505.52,55771136,N/A,2025-06-07 18:05:16
3404,2.319329,3.341966,30.545691,5.00e-05,76528.25,55787520,N/A,2025-06-07 18:05:17
3405,2.137162,3.341966,30.545691,5.00e-05,76490.70,55803904,N/A,2025-06-07 18:05:17
3406,3.495171,3.341966,30.545691,5.00e-05,76335.46,55820288,N/A,2025-06-07 18:05:17
3407,2.626677,3.341966,30.545691,5.00e-05,76065.84,55836672,N/A,2025-06-07 18:05:17
3408,3.405810,3.341966,30.545691,5.00e-05,75848.00,55853056,N/A,2025-06-07 18:05:17
3409,2.596000,3.341966,30.545691,5.00e-05,77236.33,55869440,N/A,2025-06-07 18:05:18
3410,3.065451,3.341966,30.545691,5.00e-05,76893.57,55885824,1.0000,2025-06-07 18:05:18
3411,2.622897,3.341966,30.545691,5.00e-05,77522.12,55902208,N/A,2025-06-07 18:05:18
3412,2.390804,3.341966,30.545691,5.00e-05,77517.44,55918592,N/A,2025-06-07 18:05:18
3413,2.572675,3.341966,30.545691,5.00e-05,77590.73,55934976,N/A,2025-06-07 18:05:19
3414,3.184172,3.341966,30.545691,5.00e-05,77550.14,55951360,N/A,2025-06-07 18:05:19
3415,2.746615,3.341966,30.545691,5.00e-05,77750.15,55967744,N/A,2025-06-07 18:05:19
3416,1.957221,3.341966,30.545691,5.00e-05,78107.50,55984128,N/A,2025-06-07 18:05:19
3417,3.131787,3.341966,30.545691,5.00e-05,78338.53,56000512,N/A,2025-06-07 18:05:20
3418,3.111947,3.341966,30.545691,5.00e-05,78380.51,56016896,N/A,2025-06-07 18:05:20
3419,3.288345,3.341966,30.545691,5.00e-05,79715.90,56033280,N/A,2025-06-07 18:05:20
3420,3.128583,3.341966,30.545691,5.00e-05,78336.33,56049664,1.0000,2025-06-07 18:05:20
3421,3.840797,3.341966,30.545691,5.00e-05,78127.16,56066048,N/A,2025-06-07 18:05:21
3422,3.556691,3.341966,30.545691,5.00e-05,77946.83,56082432,N/A,2025-06-07 18:05:21
3423,1.937091,3.341966,30.545691,5.00e-05,78027.08,56098816,N/A,2025-06-07 18:05:21
3424,2.785843,3.341966,30.545691,5.00e-05,77672.31,56115200,N/A,2025-06-07 18:05:21
3425,2.460376,3.341966,30.545691,5.00e-05,76773.80,56131584,N/A,2025-06-07 18:05:21
3426,3.027346,3.341966,30.545691,5.00e-05,76749.88,56147968,N/A,2025-06-07 18:05:22
3427,3.482684,3.341966,30.545691,5.00e-05,76771.36,56164352,N/A,2025-06-07 18:05:22
3428,2.229814,3.341966,30.545691,5.00e-05,76844.53,56180736,N/A,2025-06-07 18:05:22
3429,3.013191,3.341966,30.545691,5.00e-05,78279.69,56197120,N/A,2025-06-07 18:05:22
3430,1.797724,3.341966,30.545691,5.00e-05,76889.11,56213504,1.0000,2025-06-07 18:05:23
3431,2.936460,3.341966,30.545691,5.00e-05,76812.93,56229888,N/A,2025-06-07 18:05:23
3432,2.293707,3.341966,30.545691,5.00e-05,76870.92,56246272,N/A,2025-06-07 18:05:23
3433,2.709394,3.341966,30.545691,5.00e-05,76942.61,56262656,N/A,2025-06-07 18:05:23
3434,2.482015,3.341966,30.545691,5.00e-05,77819.78,56279040,N/A,2025-06-07 18:05:24
3435,2.780978,3.341966,30.545691,5.00e-05,77636.77,56295424,N/A,2025-06-07 18:05:24
3436,3.279967,3.341966,30.545691,5.00e-05,77632.47,56311808,N/A,2025-06-07 18:05:24
3437,2.461475,3.341966,30.545691,5.00e-05,77737.37,56328192,N/A,2025-06-07 18:05:24
3438,2.647939,3.341966,30.545691,5.00e-05,77583.55,56344576,N/A,2025-06-07 18:05:24
3439,2.705808,3.341966,30.545691,5.00e-05,78623.87,56360960,N/A,2025-06-07 18:05:25
3440,3.080892,3.341966,30.545691,5.00e-05,77375.82,56377344,1.0000,2025-06-07 18:05:25
3441,2.866841,3.341966,30.545691,5.00e-05,76842.20,56393728,N/A,2025-06-07 18:05:25
3442,2.518664,3.341966,30.545691,5.00e-05,76899.56,56410112,N/A,2025-06-07 18:05:25
3443,3.214859,3.341966,30.545691,5.00e-05,76892.55,56426496,N/A,2025-06-07 18:05:26
3444,3.300228,3.341966,30.545691,5.00e-05,77050.26,56442880,N/A,2025-06-07 18:05:26
3445,2.920499,3.341966,30.545691,5.00e-05,77101.20,56459264,N/A,2025-06-07 18:05:26
3446,3.512229,3.341966,30.545691,5.00e-05,77177.24,56475648,N/A,2025-06-07 18:05:26
3447,3.130034,3.341966,30.545691,5.00e-05,77275.13,56492032,N/A,2025-06-07 18:05:27
3448,2.119738,3.341966,30.545691,5.00e-05,77357.41,56508416,N/A,2025-06-07 18:05:27
3449,3.018930,3.341966,30.545691,5.00e-05,78825.57,56524800,N/A,2025-06-07 18:05:27
3450,3.052120,3.341966,30.545691,5.00e-05,77648.39,56541184,1.0000,2025-06-07 18:05:27
3451,4.226067,3.341966,30.545691,5.00e-05,77675.39,56557568,N/A,2025-06-07 18:05:28
3452,2.818203,3.341966,30.545691,5.00e-05,77672.36,56573952,N/A,2025-06-07 18:05:28
3453,2.427161,3.341966,30.545691,5.00e-05,77791.59,56590336,N/A,2025-06-07 18:05:28
3454,3.618679,3.341966,30.545691,5.00e-05,77658.55,56606720,N/A,2025-06-07 18:05:28
3455,3.284652,3.341966,30.545691,5.00e-05,77624.86,56623104,N/A,2025-06-07 18:05:28
3456,2.349336,3.341966,30.545691,5.00e-05,77514.52,56639488,N/A,2025-06-07 18:05:29
3457,3.368710,3.341966,30.545691,5.00e-05,77927.87,56655872,N/A,2025-06-07 18:05:29
3458,2.395566,3.341966,30.545691,5.00e-05,77737.40,56672256,N/A,2025-06-07 18:05:29
3459,2.914841,3.341966,30.545691,5.00e-05,79278.67,56688640,N/A,2025-06-07 18:05:29
3460,3.481189,3.341966,30.545691,5.00e-05,77733.10,56705024,1.0000,2025-06-07 18:05:30
3461,2.681040,3.341966,30.545691,5.00e-05,77684.50,56721408,N/A,2025-06-07 18:05:30
3462,3.064973,3.341966,30.545691,5.00e-05,77661.32,56737792,N/A,2025-06-07 18:05:30
3463,3.054335,3.341966,30.545691,5.00e-05,77782.18,56754176,N/A,2025-06-07 18:05:30
3464,2.670333,3.341966,30.545691,5.00e-05,77426.92,56770560,N/A,2025-06-07 18:05:31
3465,2.747109,3.341966,30.545691,5.00e-05,77656.38,56786944,N/A,2025-06-07 18:05:31
3466,3.872917,3.341966,30.545691,5.00e-05,77599.30,56803328,N/A,2025-06-07 18:05:31
3467,2.868977,3.341966,30.545691,5.00e-05,77718.22,56819712,N/A,2025-06-07 18:05:31
3468,3.100948,3.341966,30.545691,5.00e-05,77689.26,56836096,N/A,2025-06-07 18:05:32
3469,3.366375,3.341966,30.545691,5.00e-05,79278.86,56852480,N/A,2025-06-07 18:05:32
3470,3.317293,3.341966,30.545691,5.00e-05,77713.70,56868864,1.0000,2025-06-07 18:05:32
3471,3.088722,3.341966,30.545691,5.00e-05,76912.27,56885248,N/A,2025-06-07 18:05:32
3472,3.037686,3.341966,30.545691,5.00e-05,76832.80,56901632,N/A,2025-06-07 18:05:32
3473,2.610874,3.341966,30.545691,5.00e-05,77251.43,56918016,N/A,2025-06-07 18:05:33
3474,3.097220,3.341966,30.545691,5.00e-05,77351.79,56934400,N/A,2025-06-07 18:05:33
3475,2.718917,3.341966,30.545691,5.00e-05,77423.03,56950784,N/A,2025-06-07 18:05:33
3476,3.854406,3.341966,30.545691,5.00e-05,77379.06,56967168,N/A,2025-06-07 18:05:33
3477,3.319494,3.341966,30.545691,5.00e-05,77525.78,56983552,N/A,2025-06-07 18:05:34
3478,3.004627,3.341966,30.545691,5.00e-05,77514.24,56999936,N/A,2025-06-07 18:05:34
3479,2.863971,3.341966,30.545691,5.00e-05,79091.89,57016320,N/A,2025-06-07 18:05:34
3480,3.200207,3.341966,30.545691,5.00e-05,78331.40,57032704,1.0000,2025-06-07 18:05:34
3481,3.061412,3.341966,30.545691,5.00e-05,78341.98,57049088,N/A,2025-06-07 18:05:35
3482,3.066336,3.341966,30.545691,5.00e-05,78282.55,57065472,N/A,2025-06-07 18:05:35
3483,2.525604,3.341966,30.545691,5.00e-05,78019.03,57081856,N/A,2025-06-07 18:05:35
3484,2.179098,3.341966,30.545691,5.00e-05,77977.63,57098240,N/A,2025-06-07 18:05:35
3485,2.513537,3.341966,30.545691,5.00e-05,78108.80,57114624,N/A,2025-06-07 18:05:35
3486,2.920745,3.341966,30.545691,5.00e-05,78270.72,57131008,N/A,2025-06-07 18:05:36
3487,1.874642,3.341966,30.545691,5.00e-05,77908.80,57147392,N/A,2025-06-07 18:05:36
3488,3.403577,3.341966,30.545691,5.00e-05,77850.04,57163776,N/A,2025-06-07 18:05:36
3489,2.800637,3.341966,30.545691,5.00e-05,79250.40,57180160,N/A,2025-06-07 18:05:36
3490,3.328124,3.341966,30.545691,5.00e-05,77736.26,57196544,1.0000,2025-06-07 18:05:37
3491,2.575741,3.341966,30.545691,5.00e-05,77659.13,57212928,N/A,2025-06-07 18:05:37
3492,3.187180,3.341966,30.545691,5.00e-05,77741.58,57229312,N/A,2025-06-07 18:05:37
3493,4.149178,3.341966,30.545691,5.00e-05,76687.92,57245696,N/A,2025-06-07 18:05:37
3494,3.013838,3.341966,30.545691,5.00e-05,76489.44,57262080,N/A,2025-06-07 18:05:38
3495,2.366332,3.341966,30.545691,5.00e-05,76068.22,57278464,N/A,2025-06-07 18:05:38
3496,3.067748,3.341966,30.545691,5.00e-05,76189.88,57294848,N/A,2025-06-07 18:05:38
3497,2.769698,3.341966,30.545691,5.00e-05,76265.61,57311232,N/A,2025-06-07 18:05:38
3498,3.303772,3.341966,30.545691,5.00e-05,76112.54,57327616,N/A,2025-06-07 18:05:39
3499,2.930020,3.341966,30.545691,5.00e-05,77250.77,57344000,N/A,2025-06-07 18:05:39
3500,3.435202,3.341966,30.545691,5.00e-05,75697.73,57360384,1.0000,2025-06-07 18:05:39
3501,3.271363,3.341966,30.545691,5.00e-05,74468.80,57376768,N/A,2025-06-07 18:05:39
3502,3.068119,3.341966,30.545691,5.00e-05,75502.80,57393152,N/A,2025-06-07 18:05:40
3503,4.152844,3.341966,30.545691,5.00e-05,75565.49,57409536,N/A,2025-06-07 18:05:40
3504,2.750888,3.341966,30.545691,5.00e-05,75477.52,57425920,N/A,2025-06-07 18:05:40
3505,3.118893,3.341966,30.545691,5.00e-05,75059.74,57442304,N/A,2025-06-07 18:05:40
3506,3.090852,3.341966,30.545691,5.00e-05,74888.34,57458688,N/A,2025-06-07 18:05:41
3507,3.068426,3.341966,30.545691,5.00e-05,75125.61,57475072,N/A,2025-06-07 18:05:41
3508,2.616550,3.341966,30.545691,5.00e-05,75230.01,57491456,N/A,2025-06-07 18:05:41
3509,3.235859,3.341966,30.545691,5.00e-05,76654.05,57507840,N/A,2025-06-07 18:05:41
3510,2.910470,3.341966,30.545691,5.00e-05,75674.51,57524224,1.0000,2025-06-07 18:05:42
3511,2.623024,3.341966,30.545691,5.00e-05,75415.12,57540608,N/A,2025-06-07 18:05:42
3512,3.426939,3.341966,30.545691,5.00e-05,75511.31,57556992,N/A,2025-06-07 18:05:42
3513,2.253578,3.341966,30.545691,5.00e-05,75708.65,57573376,N/A,2025-06-07 18:05:42
3514,3.418838,3.341966,30.545691,5.00e-05,76225.32,57589760,N/A,2025-06-07 18:05:42
3515,3.288744,3.341966,30.545691,5.00e-05,76245.38,57606144,N/A,2025-06-07 18:05:43
3516,2.991278,3.341966,30.545691,5.00e-05,76332.17,57622528,N/A,2025-06-07 18:05:43
3517,3.430870,3.341966,30.545691,5.00e-05,76502.31,57638912,N/A,2025-06-07 18:05:43
3518,3.015187,3.341966,30.545691,5.00e-05,76600.95,57655296,N/A,2025-06-07 18:05:43
3519,4.392473,3.341966,30.545691,5.00e-05,78743.70,57671680,N/A,2025-06-07 18:05:44
3520,3.547565,3.341966,30.545691,5.00e-05,77353.01,57688064,1.0000,2025-06-07 18:05:44
3521,2.768072,3.341966,30.545691,5.00e-05,76866.99,57704448,N/A,2025-06-07 18:05:44
3522,2.974574,3.341966,30.545691,5.00e-05,76923.09,57720832,N/A,2025-06-07 18:05:44
3523,2.778518,3.341966,30.545691,5.00e-05,76038.24,57737216,N/A,2025-06-07 18:05:45
3524,2.494957,3.341966,30.545691,5.00e-05,76145.78,57753600,N/A,2025-06-07 18:05:45
3525,2.661017,3.341966,30.545691,5.00e-05,76010.57,57769984,N/A,2025-06-07 18:05:45
3526,3.064362,3.341966,30.545691,5.00e-05,76036.05,57786368,N/A,2025-06-07 18:05:45
3527,3.270440,3.341966,30.545691,5.00e-05,75986.49,57802752,N/A,2025-06-07 18:05:46
3528,3.300588,3.341966,30.545691,5.00e-05,76083.92,57819136,N/A,2025-06-07 18:05:46
3529,3.840519,3.341966,30.545691,5.00e-05,77509.93,57835520,N/A,2025-06-07 18:05:46
3530,2.475042,3.341966,30.545691,5.00e-05,76515.99,57851904,1.0000,2025-06-07 18:05:46
3531,2.324462,3.341966,30.545691,5.00e-05,76538.79,57868288,N/A,2025-06-07 18:05:46
3532,3.086563,3.341966,30.545691,5.00e-05,77593.97,57884672,N/A,2025-06-07 18:05:47
3533,3.215747,3.341966,30.545691,5.00e-05,77602.00,57901056,N/A,2025-06-07 18:05:47
3534,4.380377,3.341966,30.545691,5.00e-05,77677.32,57917440,N/A,2025-06-07 18:05:47
3535,3.305881,3.341966,30.545691,5.00e-05,77026.11,57933824,N/A,2025-06-07 18:05:47
3536,3.144019,3.341966,30.545691,5.00e-05,77155.01,57950208,N/A,2025-06-07 18:05:48
3537,1.976482,3.341966,30.545691,5.00e-05,77159.72,57966592,N/A,2025-06-07 18:05:48
3538,4.256560,3.341966,30.545691,5.00e-05,77038.24,57982976,N/A,2025-06-07 18:05:48
3539,3.016525,3.341966,30.545691,5.00e-05,78364.90,57999360,N/A,2025-06-07 18:05:48
3540,3.333578,3.341966,30.545691,5.00e-05,77010.33,58015744,1.0000,2025-06-07 18:05:49
3541,3.168468,3.341966,30.545691,5.00e-05,76974.21,58032128,N/A,2025-06-07 18:05:49
3542,3.016182,3.341966,30.545691,5.00e-05,77048.96,58048512,N/A,2025-06-07 18:05:49
3543,3.059660,3.341966,30.545691,5.00e-05,77006.69,58064896,N/A,2025-06-07 18:05:49
3544,2.228549,3.341966,30.545691,5.00e-05,77701.57,58081280,N/A,2025-06-07 18:05:50
3545,2.868150,3.341966,30.545691,5.00e-05,77666.39,58097664,N/A,2025-06-07 18:05:50
3546,2.781695,3.341966,30.545691,5.00e-05,77700.80,58114048,N/A,2025-06-07 18:05:50
3547,2.673362,3.341966,30.545691,5.00e-05,78094.41,58130432,N/A,2025-06-07 18:05:50
3548,2.979272,3.341966,30.545691,5.00e-05,78057.24,58146816,N/A,2025-06-07 18:05:50
3549,3.118215,3.341966,30.545691,5.00e-05,79304.88,58163200,N/A,2025-06-07 18:05:51
3550,2.770278,3.341966,30.545691,5.00e-05,77674.38,58179584,1.0000,2025-06-07 18:05:51
3551,2.752421,3.341966,30.545691,5.00e-05,77721.31,58195968,N/A,2025-06-07 18:05:51
3552,2.378184,3.341966,30.545691,5.00e-05,77712.51,58212352,N/A,2025-06-07 18:05:51
3553,2.658891,3.341966,30.545691,5.00e-05,77658.44,58228736,N/A,2025-06-07 18:05:52
3554,2.492547,3.341966,30.545691,5.00e-05,77580.12,58245120,N/A,2025-06-07 18:05:52
3555,2.031327,3.341966,30.545691,5.00e-05,77430.90,58261504,N/A,2025-06-07 18:05:52
3556,3.209211,3.341966,30.545691,5.00e-05,77409.29,58277888,N/A,2025-06-07 18:05:52
3557,3.300964,3.341966,30.545691,5.00e-05,77523.83,58294272,N/A,2025-06-07 18:05:53
3558,2.621933,3.341966,30.545691,5.00e-05,77777.54,58310656,N/A,2025-06-07 18:05:53
3559,3.570663,3.341966,30.545691,5.00e-05,79469.79,58327040,N/A,2025-06-07 18:05:53
3560,2.556749,3.341966,30.545691,5.00e-05,76975.75,58343424,1.0000,2025-06-07 18:05:53
3561,3.332662,3.341966,30.545691,5.00e-05,77105.55,58359808,N/A,2025-06-07 18:05:54
3562,3.055737,3.341966,30.545691,5.00e-05,76966.57,58376192,N/A,2025-06-07 18:05:54
3563,2.415114,3.341966,30.545691,5.00e-05,77037.91,58392576,N/A,2025-06-07 18:05:54
3564,2.405889,3.341966,30.545691,5.00e-05,77226.72,58408960,N/A,2025-06-07 18:05:54
3565,4.004533,3.341966,30.545691,5.00e-05,77214.77,58425344,N/A,2025-06-07 18:05:54
3566,2.666245,3.341966,30.545691,5.00e-05,76685.87,58441728,N/A,2025-06-07 18:05:55
3567,3.619529,3.341966,30.545691,5.00e-05,76587.24,58458112,N/A,2025-06-07 18:05:55
3568,3.294414,3.341966,30.545691,5.00e-05,76657.69,58474496,N/A,2025-06-07 18:05:55
3569,3.294343,3.341966,30.545691,5.00e-05,77970.32,58490880,N/A,2025-06-07 18:05:55
3570,1.615807,3.341966,30.545691,5.00e-05,76321.21,58507264,1.0000,2025-06-07 18:05:56
3571,2.466773,3.341966,30.545691,5.00e-05,76473.79,58523648,N/A,2025-06-07 18:05:56
3572,2.561896,3.341966,30.545691,5.00e-05,76419.79,58540032,N/A,2025-06-07 18:05:56
3573,3.537637,3.341966,30.545691,5.00e-05,76434.59,58556416,N/A,2025-06-07 18:05:56
3574,3.535064,3.341966,30.545691,5.00e-05,76262.66,58572800,N/A,2025-06-07 18:05:57
3575,2.989357,3.341966,30.545691,5.00e-05,76859.57,58589184,N/A,2025-06-07 18:05:57
3576,2.508603,3.341966,30.545691,5.00e-05,77343.57,58605568,N/A,2025-06-07 18:05:57
3577,2.624416,3.341966,30.545691,5.00e-05,77482.23,58621952,N/A,2025-06-07 18:05:57
3578,3.086093,3.341966,30.545691,5.00e-05,78545.77,58638336,N/A,2025-06-07 18:05:57
3579,3.365564,3.341966,30.545691,5.00e-05,79711.67,58654720,N/A,2025-06-07 18:05:58
3580,2.289990,3.341966,30.545691,5.00e-05,78163.79,58671104,1.0000,2025-06-07 18:05:58
3581,2.484232,3.341966,30.545691,5.00e-05,78299.36,58687488,N/A,2025-06-07 18:05:58
3582,2.533032,3.341966,30.545691,5.00e-05,77627.76,58703872,N/A,2025-06-07 18:05:58
3583,2.400677,3.341966,30.545691,5.00e-05,77747.32,58720256,N/A,2025-06-07 18:05:59
3584,2.215403,3.341966,30.545691,5.00e-05,77642.30,58736640,N/A,2025-06-07 18:05:59
3585,3.083688,3.341966,30.545691,5.00e-05,77160.98,58753024,N/A,2025-06-07 18:05:59
3586,2.895191,3.341966,30.545691,5.00e-05,76921.11,58769408,N/A,2025-06-07 18:05:59
3587,2.416259,3.341966,30.545691,5.00e-05,76829.13,58785792,N/A,2025-06-07 18:06:00
3588,2.807281,3.341966,30.545691,5.00e-05,76955.14,58802176,N/A,2025-06-07 18:06:00
3589,3.377929,3.341966,30.545691,5.00e-05,78450.23,58818560,N/A,2025-06-07 18:06:00
3590,2.768256,3.341966,30.545691,5.00e-05,76572.71,58834944,1.0000,2025-06-07 18:06:00
3591,2.818816,3.341966,30.545691,5.00e-05,77262.93,58851328,N/A,2025-06-07 18:06:01
3592,2.223047,3.341966,30.545691,5.00e-05,77266.38,58867712,N/A,2025-06-07 18:06:01
3593,3.271338,3.341966,30.545691,5.00e-05,77269.02,58884096,N/A,2025-06-07 18:06:01
3594,2.549775,3.341966,30.545691,5.00e-05,77214.97,58900480,N/A,2025-06-07 18:06:01
3595,2.631990,3.341966,30.545691,5.00e-05,77231.15,58916864,N/A,2025-06-07 18:06:02
3596,1.969003,3.341966,30.545691,5.00e-05,77347.65,58933248,N/A,2025-06-07 18:06:02
3597,2.915012,3.341966,30.545691,5.00e-05,77415.39,58949632,N/A,2025-06-07 18:06:02
3598,3.522409,3.341966,30.545691,5.00e-05,77272.20,58966016,N/A,2025-06-07 18:06:02
3599,2.679504,3.341966,30.545691,5.00e-05,78979.23,58982400,N/A,2025-06-07 18:06:02
3600,3.279013,3.341966,30.545691,5.00e-05,77315.63,58998784,1.0000,2025-06-07 18:06:03
3601,3.081348,3.341966,30.545691,5.00e-05,76151.08,59015168,N/A,2025-06-07 18:06:03
3602,3.347489,3.341966,30.545691,5.00e-05,76187.62,59031552,N/A,2025-06-07 18:06:03
3603,1.932386,3.341966,30.545691,5.00e-05,76205.07,59047936,N/A,2025-06-07 18:06:03
3604,2.833441,3.341966,30.545691,5.00e-05,76184.44,59064320,N/A,2025-06-07 18:06:04
3605,2.342439,3.341966,30.545691,5.00e-05,76027.39,59080704,N/A,2025-06-07 18:06:04
3606,3.109872,3.341966,30.545691,5.00e-05,76309.36,59097088,N/A,2025-06-07 18:06:04
3607,2.903646,3.341966,30.545691,5.00e-05,76389.79,59113472,N/A,2025-06-07 18:06:04
3608,3.307580,3.341966,30.545691,5.00e-05,76421.88,59129856,N/A,2025-06-07 18:06:05
3609,3.617132,3.341966,30.545691,5.00e-05,77840.27,59146240,N/A,2025-06-07 18:06:05
3610,2.697006,3.341966,30.545691,5.00e-05,77370.97,59162624,1.0000,2025-06-07 18:06:05
3611,2.966609,3.341966,30.545691,5.00e-05,77345.80,59179008,N/A,2025-06-07 18:06:05
3612,3.117459,3.341966,30.545691,5.00e-05,77352.26,59195392,N/A,2025-06-07 18:06:06
3613,3.677767,3.341966,30.545691,5.00e-05,77389.26,59211776,N/A,2025-06-07 18:06:06
3614,2.256695,3.341966,30.545691,5.00e-05,77066.43,59228160,N/A,2025-06-07 18:06:06
3615,3.709968,3.341966,30.545691,5.00e-05,76916.60,59244544,N/A,2025-06-07 18:06:06
3616,3.997585,3.341966,30.545691,5.00e-05,76669.56,59260928,N/A,2025-06-07 18:06:06
3617,2.204046,3.341966,30.545691,5.00e-05,76497.01,59277312,N/A,2025-06-07 18:06:07
3618,3.668253,3.341966,30.545691,5.00e-05,76637.52,59293696,N/A,2025-06-07 18:06:07
3619,2.439532,3.341966,30.545691,5.00e-05,78061.56,59310080,N/A,2025-06-07 18:06:07
3620,3.455718,3.341966,30.545691,5.00e-05,76480.47,59326464,1.0000,2025-06-07 18:06:07
3621,3.182893,3.341966,30.545691,5.00e-05,75575.36,59342848,N/A,2025-06-07 18:06:08
3622,3.083816,3.341966,30.545691,5.00e-05,75480.09,59359232,N/A,2025-06-07 18:06:08
3623,3.775436,3.341966,30.545691,5.00e-05,75891.04,59375616,N/A,2025-06-07 18:06:08
3624,2.446096,3.341966,30.545691,5.00e-05,75984.67,59392000,N/A,2025-06-07 18:06:08
3625,2.607453,3.341966,30.545691,5.00e-05,76251.20,59408384,N/A,2025-06-07 18:06:09
3626,3.335891,3.341966,30.545691,5.00e-05,76457.33,59424768,N/A,2025-06-07 18:06:09
3627,2.353932,3.341966,30.545691,5.00e-05,76508.15,59441152,N/A,2025-06-07 18:06:09
3628,2.899289,3.341966,30.545691,5.00e-05,76762.57,59457536,N/A,2025-06-07 18:06:09
3629,3.395901,3.341966,30.545691,5.00e-05,78463.52,59473920,N/A,2025-06-07 18:06:10
3630,3.623253,3.341966,30.545691,5.00e-05,78070.62,59490304,1.0000,2025-06-07 18:06:10
3631,3.226392,3.341966,30.545691,5.00e-05,77981.15,59506688,N/A,2025-06-07 18:06:10
3632,2.815440,3.341966,30.545691,5.00e-05,77900.18,59523072,N/A,2025-06-07 18:06:10
3633,2.778292,3.341966,30.545691,5.00e-05,77796.24,59539456,N/A,2025-06-07 18:06:11
3634,2.932801,3.341966,30.545691,5.00e-05,77898.92,59555840,N/A,2025-06-07 18:06:11
3635,3.166182,3.341966,30.545691,5.00e-05,77921.33,59572224,N/A,2025-06-07 18:06:11
3636,1.856101,3.341966,30.545691,5.00e-05,78023.22,59588608,N/A,2025-06-07 18:06:11
3637,2.960587,3.341966,30.545691,5.00e-05,78062.40,59604992,N/A,2025-06-07 18:06:11
3638,3.536854,3.341966,30.545691,5.00e-05,77449.79,59621376,N/A,2025-06-07 18:06:12
3639,2.765030,3.341966,30.545691,5.00e-05,78737.22,59637760,N/A,2025-06-07 18:06:12
3640,2.420132,3.341966,30.545691,5.00e-05,77405.41,59654144,1.0000,2025-06-07 18:06:12
3641,2.360070,3.341966,30.545691,5.00e-05,77567.30,59670528,N/A,2025-06-07 18:06:12
3642,3.012762,3.341966,30.545691,5.00e-05,77691.13,59686912,N/A,2025-06-07 18:06:13
3643,3.066000,3.341966,30.545691,5.00e-05,77601.43,59703296,N/A,2025-06-07 18:06:13
3644,2.651723,3.341966,30.545691,5.00e-05,77589.55,59719680,N/A,2025-06-07 18:06:13
3645,2.231740,3.341966,30.545691,5.00e-05,77341.07,59736064,N/A,2025-06-07 18:06:13
3646,2.025457,3.341966,30.545691,5.00e-05,77345.63,59752448,N/A,2025-06-07 18:06:14
3647,2.203137,3.341966,30.545691,5.00e-05,77865.99,59768832,N/A,2025-06-07 18:06:14
3648,3.444155,3.341966,30.545691,5.00e-05,78037.72,59785216,N/A,2025-06-07 18:06:14
3649,2.316908,3.341966,30.545691,5.00e-05,79483.78,59801600,N/A,2025-06-07 18:06:14
3650,3.250145,3.341966,30.545691,5.00e-05,77610.60,59817984,1.0000,2025-06-07 18:06:15
3651,3.140379,3.341966,30.545691,5.00e-05,77599.12,59834368,N/A,2025-06-07 18:06:15
3652,2.085804,3.341966,30.545691,5.00e-05,77566.42,59850752,N/A,2025-06-07 18:06:15
3653,2.928280,3.341966,30.545691,5.00e-05,77517.40,59867136,N/A,2025-06-07 18:06:15
3654,2.679014,3.341966,30.545691,5.00e-05,77602.71,59883520,N/A,2025-06-07 18:06:15
3655,2.426590,3.341966,30.545691,5.00e-05,77479.01,59899904,N/A,2025-06-07 18:06:16
3656,2.927058,3.341966,30.545691,5.00e-05,77514.53,59916288,N/A,2025-06-07 18:06:16
3657,3.219804,3.341966,30.545691,5.00e-05,77410.03,59932672,N/A,2025-06-07 18:06:16
3658,3.202399,3.341966,30.545691,5.00e-05,77494.81,59949056,N/A,2025-06-07 18:06:16
3659,3.327511,3.341966,30.545691,5.00e-05,79248.01,59965440,N/A,2025-06-07 18:06:17
3660,2.664805,3.341966,30.545691,5.00e-05,77849.63,59981824,1.0000,2025-06-07 18:06:17
3661,3.409856,3.341966,30.545691,5.00e-05,77769.63,59998208,N/A,2025-06-07 18:06:17
3662,2.970335,3.341966,30.545691,5.00e-05,77900.14,60014592,N/A,2025-06-07 18:06:17
3663,2.483409,3.341966,30.545691,5.00e-05,77804.95,60030976,N/A,2025-06-07 18:06:18
3664,3.069150,3.341966,30.545691,5.00e-05,77280.74,60047360,N/A,2025-06-07 18:06:18
3665,2.782763,3.341966,30.545691,5.00e-05,77282.98,60063744,N/A,2025-06-07 18:06:18
3666,3.233840,3.341966,30.545691,5.00e-05,77354.78,60080128,N/A,2025-06-07 18:06:18
3667,2.534400,3.341966,30.545691,5.00e-05,77407.34,60096512,N/A,2025-06-07 18:06:18
3668,2.809916,3.341966,30.545691,5.00e-05,77439.30,60112896,N/A,2025-06-07 18:06:19
3669,2.675308,3.341966,30.545691,5.00e-05,78764.41,60129280,N/A,2025-06-07 18:06:19
3670,2.411999,3.341966,30.545691,5.00e-05,77440.29,60145664,1.0000,2025-06-07 18:06:19
3671,2.477034,3.341966,30.545691,5.00e-05,77400.66,60162048,N/A,2025-06-07 18:06:19
3672,2.465793,3.341966,30.545691,5.00e-05,76916.89,60178432,N/A,2025-06-07 18:06:20
3673,2.685814,3.341966,30.545691,5.00e-05,77365.17,60194816,N/A,2025-06-07 18:06:20
3674,2.098551,3.341966,30.545691,5.00e-05,77421.52,60211200,N/A,2025-06-07 18:06:20
3675,2.369213,3.341966,30.545691,5.00e-05,76718.42,60227584,N/A,2025-06-07 18:06:20
3676,1.513450,3.341966,30.545691,5.00e-05,76721.22,60243968,N/A,2025-06-07 18:06:21
3677,4.181347,3.341966,30.545691,5.00e-05,76649.32,60260352,N/A,2025-06-07 18:06:21
3678,2.430461,3.341966,30.545691,5.00e-05,76631.33,60276736,N/A,2025-06-07 18:06:21
3679,3.329545,3.341966,30.545691,5.00e-05,77851.88,60293120,N/A,2025-06-07 18:06:21
3680,2.432413,3.341966,30.545691,5.00e-05,76353.23,60309504,1.0000,2025-06-07 18:06:22
3681,2.997471,3.341966,30.545691,5.00e-05,76972.16,60325888,N/A,2025-06-07 18:06:22
3682,3.100589,3.341966,30.545691,5.00e-05,77007.29,60342272,N/A,2025-06-07 18:06:22
3683,2.065179,3.341966,30.545691,5.00e-05,76857.10,60358656,N/A,2025-06-07 18:06:22
3684,1.945952,3.341966,30.545691,5.00e-05,77359.71,60375040,N/A,2025-06-07 18:06:22
3685,2.568928,3.341966,30.545691,5.00e-05,76141.84,60391424,N/A,2025-06-07 18:06:23
3686,2.519116,3.341966,30.545691,5.00e-05,76343.45,60407808,N/A,2025-06-07 18:06:23
3687,2.891891,3.341966,30.545691,5.00e-05,76303.63,60424192,N/A,2025-06-07 18:06:23
3688,2.390837,3.341966,30.545691,5.00e-05,76419.21,60440576,N/A,2025-06-07 18:06:23
3689,2.981942,3.341966,30.545691,5.00e-05,77778.81,60456960,N/A,2025-06-07 18:06:24
3690,1.830922,3.341966,30.545691,5.00e-05,76061.52,60473344,1.0000,2025-06-07 18:06:24
3691,2.373209,3.341966,30.545691,5.00e-05,76103.03,60489728,N/A,2025-06-07 18:06:24
3692,2.209790,3.341966,30.545691,5.00e-05,76181.15,60506112,N/A,2025-06-07 18:06:24
3693,2.904436,3.341966,30.545691,5.00e-05,76309.63,60522496,N/A,2025-06-07 18:06:25
3694,2.715745,3.341966,30.545691,5.00e-05,77373.63,60538880,N/A,2025-06-07 18:06:25
3695,3.184006,3.341966,30.545691,5.00e-05,76488.94,60555264,N/A,2025-06-07 18:06:25
3696,2.675345,3.341966,30.545691,5.00e-05,75989.91,60571648,N/A,2025-06-07 18:06:25
3697,3.891935,3.341966,30.545691,5.00e-05,75981.46,60588032,N/A,2025-06-07 18:06:26
3698,3.052407,3.341966,30.545691,5.00e-05,75051.49,60604416,N/A,2025-06-07 18:06:26
3699,2.791359,3.341966,30.545691,5.00e-05,76512.13,60620800,N/A,2025-06-07 18:06:26
3700,2.661912,3.341966,30.545691,5.00e-05,75211.14,60637184,1.0000,2025-06-07 18:06:26
3701,3.148348,3.341966,30.545691,5.00e-05,73803.50,60653568,N/A,2025-06-07 18:06:27
3702,2.125035,3.341966,30.545691,5.00e-05,73248.01,60669952,N/A,2025-06-07 18:06:27
3703,2.359740,3.341966,30.545691,5.00e-05,73273.94,60686336,N/A,2025-06-07 18:06:27
3704,4.118771,3.341966,30.545691,5.00e-05,74012.61,60702720,N/A,2025-06-07 18:06:27
3705,2.878560,3.341966,30.545691,5.00e-05,74572.17,60719104,N/A,2025-06-07 18:06:28
3706,2.466421,3.341966,30.545691,5.00e-05,74650.59,60735488,N/A,2025-06-07 18:06:28
3707,2.480534,3.341966,30.545691,5.00e-05,75780.36,60751872,N/A,2025-06-07 18:06:28
3708,2.368174,3.341966,30.545691,5.00e-05,75961.93,60768256,N/A,2025-06-07 18:06:28
3709,2.442960,3.341966,30.545691,5.00e-05,77347.27,60784640,N/A,2025-06-07 18:06:28
3710,2.699333,3.341966,30.545691,5.00e-05,77090.08,60801024,1.0000,2025-06-07 18:06:29
3711,2.900454,3.341966,30.545691,5.00e-05,77747.58,60817408,N/A,2025-06-07 18:06:29
3712,2.499891,3.341966,30.545691,5.00e-05,77874.57,60833792,N/A,2025-06-07 18:06:29
3713,3.572261,3.341966,30.545691,5.00e-05,77681.81,60850176,N/A,2025-06-07 18:06:29
3714,3.720612,3.341966,30.545691,5.00e-05,77732.95,60866560,N/A,2025-06-07 18:06:30
3715,2.255146,3.341966,30.545691,5.00e-05,77555.30,60882944,N/A,2025-06-07 18:06:30
3716,2.486077,3.341966,30.545691,5.00e-05,77350.83,60899328,N/A,2025-06-07 18:06:30
3717,2.318932,3.341966,30.545691,5.00e-05,76983.65,60915712,N/A,2025-06-07 18:06:30
3718,2.764016,3.341966,30.545691,5.00e-05,77018.84,60932096,N/A,2025-06-07 18:06:31
3719,2.437863,3.341966,30.545691,5.00e-05,78738.38,60948480,N/A,2025-06-07 18:06:31
3720,2.924261,3.341966,30.545691,5.00e-05,76555.76,60964864,1.0000,2025-06-07 18:06:31
3721,3.445000,3.341966,30.545691,5.00e-05,76152.89,60981248,N/A,2025-06-07 18:06:31
3722,2.753466,3.341966,30.545691,5.00e-05,76301.04,60997632,N/A,2025-06-07 18:06:32
3723,2.994009,3.341966,30.545691,5.00e-05,76203.74,61014016,N/A,2025-06-07 18:06:32
3724,2.663689,3.341966,30.545691,5.00e-05,76065.70,61030400,N/A,2025-06-07 18:06:32
3725,3.693144,3.341966,30.545691,5.00e-05,75885.98,61046784,N/A,2025-06-07 18:06:32
3726,3.305481,3.341966,30.545691,5.00e-05,76237.86,61063168,N/A,2025-06-07 18:06:33
3727,2.752828,3.341966,30.545691,5.00e-05,76232.11,61079552,N/A,2025-06-07 18:06:33
3728,2.947489,3.341966,30.545691,5.00e-05,75759.03,61095936,N/A,2025-06-07 18:06:33
3729,2.633635,3.341966,30.545691,5.00e-05,77618.00,61112320,N/A,2025-06-07 18:06:33
3730,2.897541,3.341966,30.545691,5.00e-05,76059.08,61128704,1.0000,2025-06-07 18:06:34
3731,2.741168,3.341966,30.545691,5.00e-05,75931.80,61145088,N/A,2025-06-07 18:06:34
3732,2.216580,3.341966,30.545691,5.00e-05,75915.32,61161472,N/A,2025-06-07 18:06:34
3733,2.305904,3.341966,30.545691,5.00e-05,76207.17,61177856,N/A,2025-06-07 18:06:34
3734,2.171552,3.341966,30.545691,5.00e-05,76295.37,61194240,N/A,2025-06-07 18:06:34
3735,3.584140,3.341966,30.545691,5.00e-05,76337.51,61210624,N/A,2025-06-07 18:06:35
3736,2.807662,3.341966,30.545691,5.00e-05,76138.11,61227008,N/A,2025-06-07 18:06:35
3737,3.304040,3.341966,30.545691,5.00e-05,76588.91,61243392,N/A,2025-06-07 18:06:35
3738,2.359759,3.341966,30.545691,5.00e-05,76632.00,61259776,N/A,2025-06-07 18:06:35
3739,3.145185,3.341966,30.545691,5.00e-05,78758.90,61276160,N/A,2025-06-07 18:06:36
3740,2.908929,3.341966,30.545691,5.00e-05,76823.68,61292544,1.0000,2025-06-07 18:06:36
3741,2.860018,3.341966,30.545691,5.00e-05,76785.94,61308928,N/A,2025-06-07 18:06:36
3742,2.529908,3.341966,30.545691,5.00e-05,76766.55,61325312,N/A,2025-06-07 18:06:36
3743,2.963816,3.341966,30.545691,5.00e-05,76628.76,61341696,N/A,2025-06-07 18:06:37
3744,2.822315,3.341966,30.545691,5.00e-05,76347.24,61358080,N/A,2025-06-07 18:06:37
3745,2.465604,3.341966,30.545691,5.00e-05,76271.37,61374464,N/A,2025-06-07 18:06:37
3746,3.197761,3.341966,30.545691,5.00e-05,76306.82,61390848,N/A,2025-06-07 18:06:37
3747,3.153356,3.341966,30.545691,5.00e-05,76521.77,61407232,N/A,2025-06-07 18:06:38
3748,3.415127,3.341966,30.545691,5.00e-05,76195.00,61423616,N/A,2025-06-07 18:06:38
3749,2.516664,3.341966,30.545691,5.00e-05,78102.67,61440000,N/A,2025-06-07 18:06:38
3750,2.515695,3.341966,30.545691,5.00e-05,76791.02,61456384,1.0000,2025-06-07 18:06:38
3751,2.703174,3.341966,30.545691,5.00e-05,76852.03,61472768,N/A,2025-06-07 18:06:38
3752,2.765829,3.341966,30.545691,5.00e-05,76925.45,61489152,N/A,2025-06-07 18:06:39
3753,2.526203,3.341966,30.545691,5.00e-05,77162.66,61505536,N/A,2025-06-07 18:06:39
3754,2.895984,3.341966,30.545691,5.00e-05,77442.58,61521920,N/A,2025-06-07 18:06:39
3755,4.049330,3.341966,30.545691,5.00e-05,77457.94,61538304,N/A,2025-06-07 18:06:39
3756,3.255054,3.341966,30.545691,5.00e-05,77166.21,61554688,N/A,2025-06-07 18:06:40
3757,3.105084,3.341966,30.545691,5.00e-05,77203.15,61571072,N/A,2025-06-07 18:06:40
3758,2.166506,3.341966,30.545691,5.00e-05,77250.81,61587456,N/A,2025-06-07 18:06:40
3759,2.583994,3.341966,30.545691,5.00e-05,78726.11,61603840,N/A,2025-06-07 18:06:40
3760,3.205455,3.341966,30.545691,5.00e-05,77104.85,61620224,1.0000,2025-06-07 18:06:41
3761,1.717236,3.341966,30.545691,5.00e-05,77351.69,61636608,N/A,2025-06-07 18:06:41
3762,2.210773,3.341966,30.545691,5.00e-05,77274.35,61652992,N/A,2025-06-07 18:06:41
3763,3.284268,3.341966,30.545691,5.00e-05,77174.55,61669376,N/A,2025-06-07 18:06:41
3764,2.889624,3.341966,30.545691,5.00e-05,77313.04,61685760,N/A,2025-06-07 18:06:42
3765,3.378835,3.341966,30.545691,5.00e-05,77574.44,61702144,N/A,2025-06-07 18:06:42
3766,3.394187,3.341966,30.545691,5.00e-05,77787.54,61718528,N/A,2025-06-07 18:06:42
3767,3.187548,3.341966,30.545691,5.00e-05,77709.63,61734912,N/A,2025-06-07 18:06:42
3768,3.203333,3.341966,30.545691,5.00e-05,77713.84,61751296,N/A,2025-06-07 18:06:42
3769,3.470415,3.341966,30.545691,5.00e-05,79245.57,61767680,N/A,2025-06-07 18:06:43
3770,2.324755,3.341966,30.545691,5.00e-05,77891.06,61784064,1.0000,2025-06-07 18:06:43
3771,3.011706,3.341966,30.545691,5.00e-05,77255.95,61800448,N/A,2025-06-07 18:06:43
3772,2.660953,3.341966,30.545691,5.00e-05,77210.66,61816832,N/A,2025-06-07 18:06:43
3773,3.290587,3.341966,30.545691,5.00e-05,76650.98,61833216,N/A,2025-06-07 18:06:44
3774,3.520539,3.341966,30.545691,5.00e-05,76650.81,61849600,N/A,2025-06-07 18:06:44
3775,2.844884,3.341966,30.545691,5.00e-05,76598.85,61865984,N/A,2025-06-07 18:06:44
3776,3.459750,3.341966,30.545691,5.00e-05,76604.05,61882368,N/A,2025-06-07 18:06:44
3777,2.819813,3.341966,30.545691,5.00e-05,76682.07,61898752,N/A,2025-06-07 18:06:45
3778,3.035160,3.341966,30.545691,5.00e-05,76710.28,61915136,N/A,2025-06-07 18:06:45
3779,3.395772,3.341966,30.545691,5.00e-05,78000.46,61931520,N/A,2025-06-07 18:06:45
3780,3.007498,3.341966,30.545691,5.00e-05,77178.91,61947904,1.0000,2025-06-07 18:06:45
3781,2.152258,3.341966,30.545691,5.00e-05,77272.64,61964288,N/A,2025-06-07 18:06:46
3782,3.821253,3.341966,30.545691,5.00e-05,77789.40,61980672,N/A,2025-06-07 18:06:46
3783,2.480248,3.341966,30.545691,5.00e-05,77776.35,61997056,N/A,2025-06-07 18:06:46
3784,3.733341,3.341966,30.545691,5.00e-05,77149.62,62013440,N/A,2025-06-07 18:06:46
3785,2.962023,3.341966,30.545691,5.00e-05,77296.55,62029824,N/A,2025-06-07 18:06:46
3786,2.418157,3.341966,30.545691,5.00e-05,77163.16,62046208,N/A,2025-06-07 18:06:47
3787,3.289915,3.341966,30.545691,5.00e-05,77182.92,62062592,N/A,2025-06-07 18:06:47
3788,2.362377,3.341966,30.545691,5.00e-05,77197.79,62078976,N/A,2025-06-07 18:06:47
3789,3.092478,3.341966,30.545691,5.00e-05,78771.60,62095360,N/A,2025-06-07 18:06:47
3790,2.866193,3.341966,30.545691,5.00e-05,77243.89,62111744,1.0000,2025-06-07 18:06:48
3791,3.525222,3.341966,30.545691,5.00e-05,77224.53,62128128,N/A,2025-06-07 18:06:48
3792,3.115961,3.341966,30.545691,5.00e-05,77339.89,62144512,N/A,2025-06-07 18:06:48
3793,2.934178,3.341966,30.545691,5.00e-05,78022.47,62160896,N/A,2025-06-07 18:06:48
3794,2.588387,3.341966,30.545691,5.00e-05,77960.41,62177280,N/A,2025-06-07 18:06:49
3795,2.775769,3.341966,30.545691,5.00e-05,77857.34,62193664,N/A,2025-06-07 18:06:49
3796,3.397386,3.341966,30.545691,5.00e-05,77797.47,62210048,N/A,2025-06-07 18:06:49
3797,3.202859,3.341966,30.545691,5.00e-05,77826.28,62226432,N/A,2025-06-07 18:06:49
3798,2.222730,3.341966,30.545691,5.00e-05,77695.70,62242816,N/A,2025-06-07 18:06:49
3799,2.823647,3.341966,30.545691,5.00e-05,78773.49,62259200,N/A,2025-06-07 18:06:50
3800,3.166836,3.341966,30.545691,5.00e-05,77257.50,62275584,1.0000,2025-06-07 18:06:50
3801,3.058960,3.341966,30.545691,5.00e-05,76045.11,62291968,N/A,2025-06-07 18:06:50
3802,2.723459,3.341966,30.545691,5.00e-05,75855.78,62308352,N/A,2025-06-07 18:06:50
3803,2.734443,3.341966,30.545691,5.00e-05,75801.63,62324736,N/A,2025-06-07 18:06:51
3804,2.370661,3.341966,30.545691,5.00e-05,75604.22,62341120,N/A,2025-06-07 18:06:51
3805,3.001483,3.341966,30.545691,5.00e-05,75011.64,62357504,N/A,2025-06-07 18:06:51
3806,2.636056,3.341966,30.545691,5.00e-05,75043.83,62373888,N/A,2025-06-07 18:06:51
3807,2.853471,3.341966,30.545691,5.00e-05,74977.28,62390272,N/A,2025-06-07 18:06:52
3808,2.830730,3.341966,30.545691,5.00e-05,75472.08,62406656,N/A,2025-06-07 18:06:52
3809,2.115271,3.341966,30.545691,5.00e-05,76698.94,62423040,N/A,2025-06-07 18:06:52
3810,1.989647,3.341966,30.545691,5.00e-05,76358.33,62439424,1.0000,2025-06-07 18:06:52
3811,2.584288,3.341966,30.545691,5.00e-05,76451.90,62455808,N/A,2025-06-07 18:06:53
3812,2.870887,3.341966,30.545691,5.00e-05,76496.12,62472192,N/A,2025-06-07 18:06:53
3813,2.625886,3.341966,30.545691,5.00e-05,76857.73,62488576,N/A,2025-06-07 18:06:53
3814,3.120836,3.341966,30.545691,5.00e-05,77321.46,62504960,N/A,2025-06-07 18:06:53
3815,3.452616,3.341966,30.545691,5.00e-05,77137.91,62521344,N/A,2025-06-07 18:06:54
3816,2.682451,3.341966,30.545691,5.00e-05,77258.87,62537728,N/A,2025-06-07 18:06:54
3817,3.313912,3.341966,30.545691,5.00e-05,77103.05,62554112,N/A,2025-06-07 18:06:54
3818,3.088713,3.341966,30.545691,5.00e-05,77296.02,62570496,N/A,2025-06-07 18:06:54
3819,2.813197,3.341966,30.545691,5.00e-05,78824.12,62586880,N/A,2025-06-07 18:06:54
3820,2.484219,3.341966,30.545691,5.00e-05,77034.93,62603264,1.0000,2025-06-07 18:06:55
3821,2.972211,3.341966,30.545691,5.00e-05,76750.91,62619648,N/A,2025-06-07 18:06:55
3822,3.298998,3.341966,30.545691,5.00e-05,76151.24,62636032,N/A,2025-06-07 18:06:55
3823,3.021518,3.341966,30.545691,5.00e-05,76274.64,62652416,N/A,2025-06-07 18:06:55
3824,2.587715,3.341966,30.545691,5.00e-05,76273.19,62668800,N/A,2025-06-07 18:06:56
3825,2.098758,3.341966,30.545691,5.00e-05,76176.68,62685184,N/A,2025-06-07 18:06:56
3826,3.025842,3.341966,30.545691,5.00e-05,76224.49,62701568,N/A,2025-06-07 18:06:56
3827,2.231232,3.341966,30.545691,5.00e-05,76291.19,62717952,N/A,2025-06-07 18:06:56
3828,2.816042,3.341966,30.545691,5.00e-05,76382.91,62734336,N/A,2025-06-07 18:06:57
3829,2.501116,3.341966,30.545691,5.00e-05,78017.69,62750720,N/A,2025-06-07 18:06:57
3830,3.100002,3.341966,30.545691,5.00e-05,76845.91,62767104,1.0000,2025-06-07 18:06:57
3831,2.563193,3.341966,30.545691,5.00e-05,77475.71,62783488,N/A,2025-06-07 18:06:57
3832,2.393847,3.341966,30.545691,5.00e-05,77461.96,62799872,N/A,2025-06-07 18:06:58
3833,3.181688,3.341966,30.545691,5.00e-05,77626.50,62816256,N/A,2025-06-07 18:06:58
3834,2.808342,3.341966,30.545691,5.00e-05,77855.45,62832640,N/A,2025-06-07 18:06:58
3835,2.708183,3.341966,30.545691,5.00e-05,77575.22,62849024,N/A,2025-06-07 18:06:58
3836,2.533777,3.341966,30.545691,5.00e-05,77629.28,62865408,N/A,2025-06-07 18:06:59
3837,3.388633,3.341966,30.545691,5.00e-05,77677.77,62881792,N/A,2025-06-07 18:06:59
3838,3.042400,3.341966,30.545691,5.00e-05,77780.80,62898176,N/A,2025-06-07 18:06:59
3839,3.234644,3.341966,30.545691,5.00e-05,79348.38,62914560,N/A,2025-06-07 18:06:59
3840,2.580765,3.341966,30.545691,5.00e-05,77618.90,62930944,1.0000,2025-06-07 18:06:59
3841,2.854238,3.341966,30.545691,5.00e-05,77714.07,62947328,N/A,2025-06-07 18:07:00
3842,2.566417,3.341966,30.545691,5.00e-05,77613.33,62963712,N/A,2025-06-07 18:07:00
3843,2.700480,3.341966,30.545691,5.00e-05,77617.00,62980096,N/A,2025-06-07 18:07:00
3844,3.835973,3.341966,30.545691,5.00e-05,77899.52,62996480,N/A,2025-06-07 18:07:00
3845,2.855221,3.341966,30.545691,5.00e-05,77824.80,63012864,N/A,2025-06-07 18:07:01
3846,2.463628,3.341966,30.545691,5.00e-05,77763.23,63029248,N/A,2025-06-07 18:07:01
3847,2.583790,3.341966,30.545691,5.00e-05,77628.67,63045632,N/A,2025-06-07 18:07:01
3848,3.590808,3.341966,30.545691,5.00e-05,77723.00,63062016,N/A,2025-06-07 18:07:01
3849,2.779993,3.341966,30.545691,5.00e-05,78911.02,63078400,N/A,2025-06-07 18:07:02
3850,3.597420,3.341966,30.545691,5.00e-05,77532.87,63094784,1.0000,2025-06-07 18:07:02
3851,2.505535,3.341966,30.545691,5.00e-05,77703.24,63111168,N/A,2025-06-07 18:07:02
3852,2.821251,3.341966,30.545691,5.00e-05,77702.26,63127552,N/A,2025-06-07 18:07:02
3853,2.618286,3.341966,30.545691,5.00e-05,76153.94,63143936,N/A,2025-06-07 18:07:03
3854,2.280465,3.341966,30.545691,5.00e-05,76191.07,63160320,N/A,2025-06-07 18:07:03
3855,3.418793,3.341966,30.545691,5.00e-05,76114.25,63176704,N/A,2025-06-07 18:07:03
3856,2.668981,3.341966,30.545691,5.00e-05,76352.11,63193088,N/A,2025-06-07 18:07:03
3857,2.761481,3.341966,30.545691,5.00e-05,76483.47,63209472,N/A,2025-06-07 18:07:03
3858,3.217320,3.341966,30.545691,5.00e-05,77205.74,63225856,N/A,2025-06-07 18:07:04
3859,2.938999,3.341966,30.545691,5.00e-05,78655.02,63242240,N/A,2025-06-07 18:07:04
3860,2.213485,3.341966,30.545691,5.00e-05,77257.48,63258624,1.0000,2025-06-07 18:07:04
3861,2.841387,3.341966,30.545691,5.00e-05,76954.40,63275008,N/A,2025-06-07 18:07:04
3862,2.198573,3.341966,30.545691,5.00e-05,78685.88,63291392,N/A,2025-06-07 18:07:05
3863,2.861026,3.341966,30.545691,5.00e-05,78555.43,63307776,N/A,2025-06-07 18:07:05
3864,2.991750,3.341966,30.545691,5.00e-05,78647.74,63324160,N/A,2025-06-07 18:07:05
3865,2.455801,3.341966,30.545691,5.00e-05,78534.66,63340544,N/A,2025-06-07 18:07:05
3866,3.002953,3.341966,30.545691,5.00e-05,78350.13,63356928,N/A,2025-06-07 18:07:06
3867,2.576658,3.341966,30.545691,5.00e-05,78188.24,63373312,N/A,2025-06-07 18:07:06
3868,2.412733,3.341966,30.545691,5.00e-05,78186.64,63389696,N/A,2025-06-07 18:07:06
3869,2.966273,3.341966,30.545691,5.00e-05,79590.26,63406080,N/A,2025-06-07 18:07:06
3870,3.041751,3.341966,30.545691,5.00e-05,77863.02,63422464,1.0000,2025-06-07 18:07:06
3871,1.879533,3.341966,30.545691,5.00e-05,77774.90,63438848,N/A,2025-06-07 18:07:07
3872,2.622463,3.341966,30.545691,5.00e-05,77912.73,63455232,N/A,2025-06-07 18:07:07
3873,2.489564,3.341966,30.545691,5.00e-05,77862.59,63471616,N/A,2025-06-07 18:07:07
3874,3.036559,3.341966,30.545691,5.00e-05,78008.46,63488000,N/A,2025-06-07 18:07:07
3875,3.584027,3.341966,30.545691,5.00e-05,78116.49,63504384,N/A,2025-06-07 18:07:08
3876,2.218239,3.341966,30.545691,5.00e-05,78047.20,63520768,N/A,2025-06-07 18:07:08
3877,2.148987,3.341966,30.545691,5.00e-05,78125.20,63537152,N/A,2025-06-07 18:07:08
3878,2.815717,3.341966,30.545691,5.00e-05,77952.57,63553536,N/A,2025-06-07 18:07:08
3879,3.366233,3.341966,30.545691,5.00e-05,80012.78,63569920,N/A,2025-06-07 18:07:09
3880,2.266662,3.341966,30.545691,5.00e-05,78181.58,63586304,1.0000,2025-06-07 18:07:09
3881,2.390347,3.341966,30.545691,5.00e-05,78084.01,63602688,N/A,2025-06-07 18:07:09
3882,3.062669,3.341966,30.545691,5.00e-05,78135.19,63619072,N/A,2025-06-07 18:07:09
3883,2.988235,3.341966,30.545691,5.00e-05,77962.34,63635456,N/A,2025-06-07 18:07:10
3884,2.714491,3.341966,30.545691,5.00e-05,77757.69,63651840,N/A,2025-06-07 18:07:10
3885,3.203064,3.341966,30.545691,5.00e-05,77642.73,63668224,N/A,2025-06-07 18:07:10
3886,2.226982,3.341966,30.545691,5.00e-05,77548.77,63684608,N/A,2025-06-07 18:07:10
3887,1.989144,3.341966,30.545691,5.00e-05,77755.70,63700992,N/A,2025-06-07 18:07:10
3888,2.923646,3.341966,30.545691,5.00e-05,77723.20,63717376,N/A,2025-06-07 18:07:11
3889,2.530421,3.341966,30.545691,5.00e-05,79496.27,63733760,N/A,2025-06-07 18:07:11
3890,2.683683,3.341966,30.545691,5.00e-05,77319.76,63750144,1.0000,2025-06-07 18:07:11
3891,3.612485,3.341966,30.545691,5.00e-05,77441.05,63766528,N/A,2025-06-07 18:07:11
3892,2.465251,3.341966,30.545691,5.00e-05,76912.61,63782912,N/A,2025-06-07 18:07:12
3893,2.820520,3.341966,30.545691,5.00e-05,77059.77,63799296,N/A,2025-06-07 18:07:12
3894,3.010290,3.341966,30.545691,5.00e-05,77032.69,63815680,N/A,2025-06-07 18:07:12
3895,2.820338,3.341966,30.545691,5.00e-05,77013.72,63832064,N/A,2025-06-07 18:07:12
3896,2.997257,3.341966,30.545691,5.00e-05,76981.77,63848448,N/A,2025-06-07 18:07:13
3897,2.747241,3.341966,30.545691,5.00e-05,76947.35,63864832,N/A,2025-06-07 18:07:13
3898,2.387354,3.341966,30.545691,5.00e-05,77115.61,63881216,N/A,2025-06-07 18:07:13
3899,3.146953,3.341966,30.545691,5.00e-05,79283.35,63897600,N/A,2025-06-07 18:07:13
3900,2.318789,3.341966,30.545691,5.00e-05,77735.93,63913984,1.0000,2025-06-07 18:07:14
3901,3.358011,3.341966,30.545691,5.00e-05,77000.43,63930368,N/A,2025-06-07 18:07:14
3902,2.852864,3.341966,30.545691,5.00e-05,76902.21,63946752,N/A,2025-06-07 18:07:14
3903,2.071523,3.341966,30.545691,5.00e-05,76990.19,63963136,N/A,2025-06-07 18:07:14
3904,3.100967,3.341966,30.545691,5.00e-05,76808.19,63979520,N/A,2025-06-07 18:07:14
3905,2.629270,3.341966,30.545691,5.00e-05,76731.08,63995904,N/A,2025-06-07 18:07:15
3906,2.607852,3.341966,30.545691,5.00e-05,75689.60,64012288,N/A,2025-06-07 18:07:15
3907,2.711072,3.341966,30.545691,5.00e-05,75588.12,64028672,N/A,2025-06-07 18:07:15
3908,2.409149,3.341966,30.545691,5.00e-05,74864.59,64045056,N/A,2025-06-07 18:07:15
3909,3.189453,3.341966,30.545691,5.00e-05,75678.07,64061440,N/A,2025-06-07 18:07:16
3910,2.565346,3.341966,30.545691,5.00e-05,75335.28,64077824,1.0000,2025-06-07 18:07:16
3911,2.056874,3.341966,30.545691,5.00e-05,75134.39,64094208,N/A,2025-06-07 18:07:16
3912,2.793034,3.341966,30.545691,5.00e-05,75096.10,64110592,N/A,2025-06-07 18:07:16
3913,3.383277,3.341966,30.545691,5.00e-05,74332.28,64126976,N/A,2025-06-07 18:07:17
3914,2.743062,3.341966,30.545691,5.00e-05,74314.58,64143360,N/A,2025-06-07 18:07:17
3915,2.510770,3.341966,30.545691,5.00e-05,74955.49,64159744,N/A,2025-06-07 18:07:17
3916,3.278051,3.341966,30.545691,5.00e-05,74859.66,64176128,N/A,2025-06-07 18:07:17
3917,2.905058,3.341966,30.545691,5.00e-05,75663.09,64192512,N/A,2025-06-07 18:07:18
3918,2.544482,3.341966,30.545691,5.00e-05,75963.04,64208896,N/A,2025-06-07 18:07:18
3919,2.225189,3.341966,30.545691,5.00e-05,77447.97,64225280,N/A,2025-06-07 18:07:18
3920,2.804486,3.341966,30.545691,5.00e-05,76186.13,64241664,1.0000,2025-06-07 18:07:18
3921,2.778944,3.341966,30.545691,5.00e-05,76234.42,64258048,N/A,2025-06-07 18:07:19
3922,2.361063,3.341966,30.545691,5.00e-05,77039.43,64274432,N/A,2025-06-07 18:07:19
3923,2.495707,3.341966,30.545691,5.00e-05,77059.81,64290816,N/A,2025-06-07 18:07:19
3924,1.869017,3.341966,30.545691,5.00e-05,77352.14,64307200,N/A,2025-06-07 18:07:19
3925,2.853498,3.341966,30.545691,5.00e-05,77301.91,64323584,N/A,2025-06-07 18:07:19
3926,2.447657,3.341966,30.545691,5.00e-05,77284.67,64339968,N/A,2025-06-07 18:07:20
3927,2.885524,3.341966,30.545691,5.00e-05,77290.19,64356352,N/A,2025-06-07 18:07:20
3928,2.742625,3.341966,30.545691,5.00e-05,77493.46,64372736,N/A,2025-06-07 18:07:20
3929,2.409351,3.341966,30.545691,5.00e-05,78611.27,64389120,N/A,2025-06-07 18:07:20
3930,1.648972,3.341966,30.545691,5.00e-05,76850.98,64405504,1.0000,2025-06-07 18:07:21
3931,3.036052,3.341966,30.545691,5.00e-05,77069.16,64421888,N/A,2025-06-07 18:07:21
3932,2.643316,3.341966,30.545691,5.00e-05,76913.36,64438272,N/A,2025-06-07 18:07:21
3933,2.749492,3.341966,30.545691,5.00e-05,77016.83,64454656,N/A,2025-06-07 18:07:21
3934,3.590746,3.341966,30.545691,5.00e-05,77128.41,64471040,N/A,2025-06-07 18:07:22
3935,2.757664,3.341966,30.545691,5.00e-05,77097.36,64487424,N/A,2025-06-07 18:07:22
3936,2.742877,3.341966,30.545691,5.00e-05,77296.20,64503808,N/A,2025-06-07 18:07:22
3937,2.319562,3.341966,30.545691,5.00e-05,77187.02,64520192,N/A,2025-06-07 18:07:22
3938,2.377752,3.341966,30.545691,5.00e-05,77634.75,64536576,N/A,2025-06-07 18:07:23
3939,2.723881,3.341966,30.545691,5.00e-05,79204.96,64552960,N/A,2025-06-07 18:07:23
3940,4.154990,3.341966,30.545691,5.00e-05,76940.18,64569344,1.0000,2025-06-07 18:07:23
3941,2.658653,3.341966,30.545691,5.00e-05,77041.92,64585728,N/A,2025-06-07 18:07:23
3942,2.342889,3.341966,30.545691,5.00e-05,76995.47,64602112,N/A,2025-06-07 18:07:24
3943,2.762716,3.341966,30.545691,5.00e-05,76990.80,64618496,N/A,2025-06-07 18:07:24
3944,3.319162,3.341966,30.545691,5.00e-05,77014.93,64634880,N/A,2025-06-07 18:07:24
3945,2.602603,3.341966,30.545691,5.00e-05,76817.33,64651264,N/A,2025-06-07 18:07:24
3946,2.459929,3.341966,30.545691,5.00e-05,76884.49,64667648,N/A,2025-06-07 18:07:24
3947,2.605364,3.341966,30.545691,5.00e-05,76801.95,64684032,N/A,2025-06-07 18:07:25
3948,2.943712,3.341966,30.545691,5.00e-05,77064.94,64700416,N/A,2025-06-07 18:07:25
3949,2.003170,3.341966,30.545691,5.00e-05,78936.11,64716800,N/A,2025-06-07 18:07:25
3950,2.293380,3.341966,30.545691,5.00e-05,77538.34,64733184,1.0000,2025-06-07 18:07:25
3951,2.584045,3.341966,30.545691,5.00e-05,77602.83,64749568,N/A,2025-06-07 18:07:26
3952,3.066845,3.341966,30.545691,5.00e-05,77643.13,64765952,N/A,2025-06-07 18:07:26
3953,2.439154,3.341966,30.545691,5.00e-05,77558.56,64782336,N/A,2025-06-07 18:07:26
3954,2.269174,3.341966,30.545691,5.00e-05,77775.44,64798720,N/A,2025-06-07 18:07:26
3955,3.231901,3.341966,30.545691,5.00e-05,77766.95,64815104,N/A,2025-06-07 18:07:27
3956,2.641191,3.341966,30.545691,5.00e-05,77227.06,64831488,N/A,2025-06-07 18:07:27
3957,3.111280,3.341966,30.545691,5.00e-05,76941.17,64847872,N/A,2025-06-07 18:07:27
3958,3.148558,3.341966,30.545691,5.00e-05,77139.64,64864256,N/A,2025-06-07 18:07:27
3959,3.183672,3.341966,30.545691,5.00e-05,78538.53,64880640,N/A,2025-06-07 18:07:27
3960,2.905771,3.341966,30.545691,5.00e-05,76931.06,64897024,1.0000,2025-06-07 18:07:28
3961,2.626553,3.341966,30.545691,5.00e-05,76930.85,64913408,N/A,2025-06-07 18:07:28
3962,3.403350,3.341966,30.545691,5.00e-05,77029.06,64929792,N/A,2025-06-07 18:07:28
3963,2.541702,3.341966,30.545691,5.00e-05,76905.27,64946176,N/A,2025-06-07 18:07:28
3964,2.834234,3.341966,30.545691,5.00e-05,76999.47,64962560,N/A,2025-06-07 18:07:29
3965,2.738886,3.341966,30.545691,5.00e-05,77537.97,64978944,N/A,2025-06-07 18:07:29
3966,2.834199,3.341966,30.545691,5.00e-05,77787.42,64995328,N/A,2025-06-07 18:07:29
3967,2.687007,3.341966,30.545691,5.00e-05,77843.02,65011712,N/A,2025-06-07 18:07:29
3968,2.598145,3.341966,30.545691,5.00e-05,77924.57,65028096,N/A,2025-06-07 18:07:30
3969,2.507168,3.341966,30.545691,5.00e-05,79328.17,65044480,N/A,2025-06-07 18:07:30
3970,2.359066,3.341966,30.545691,5.00e-05,77444.69,65060864,1.0000,2025-06-07 18:07:30
3971,3.028996,3.341966,30.545691,5.00e-05,77457.21,65077248,N/A,2025-06-07 18:07:30
3972,3.214029,3.341966,30.545691,5.00e-05,77486.68,65093632,N/A,2025-06-07 18:07:31
3973,2.478175,3.341966,30.545691,5.00e-05,77171.60,65110016,N/A,2025-06-07 18:07:31
3974,3.215311,3.341966,30.545691,5.00e-05,77168.19,65126400,N/A,2025-06-07 18:07:31
3975,2.393784,3.341966,30.545691,5.00e-05,77134.53,65142784,N/A,2025-06-07 18:07:31
3976,3.235835,3.341966,30.545691,5.00e-05,77372.53,65159168,N/A,2025-06-07 18:07:31
3977,3.655632,3.341966,30.545691,5.00e-05,77359.56,65175552,N/A,2025-06-07 18:07:32
3978,2.009988,3.341966,30.545691,5.00e-05,77601.42,65191936,N/A,2025-06-07 18:07:32
3979,2.053721,3.341966,30.545691,5.00e-05,79201.73,65208320,N/A,2025-06-07 18:07:32
3980,3.275091,3.341966,30.545691,5.00e-05,77625.12,65224704,1.0000,2025-06-07 18:07:32
3981,2.897387,3.341966,30.545691,5.00e-05,77248.27,65241088,N/A,2025-06-07 18:07:33
3982,2.186498,3.341966,30.545691,5.00e-05,76822.67,65257472,N/A,2025-06-07 18:07:33
3983,2.563101,3.341966,30.545691,5.00e-05,76930.72,65273856,N/A,2025-06-07 18:07:33
3984,2.682602,3.341966,30.545691,5.00e-05,77078.96,65290240,N/A,2025-06-07 18:07:33
3985,3.079501,3.341966,30.545691,5.00e-05,76956.35,65306624,N/A,2025-06-07 18:07:34
3986,3.137855,3.341966,30.545691,5.00e-05,76826.78,65323008,N/A,2025-06-07 18:07:34
3987,2.693871,3.341966,30.545691,5.00e-05,76828.46,65339392,N/A,2025-06-07 18:07:34
3988,2.624091,3.341966,30.545691,5.00e-05,76775.79,65355776,N/A,2025-06-07 18:07:34
3989,2.533967,3.341966,30.545691,5.00e-05,77947.07,65372160,N/A,2025-06-07 18:07:35
3990,1.847186,3.341966,30.545691,5.00e-05,76859.96,65388544,1.0000,2025-06-07 18:07:35
3991,2.968760,3.341966,30.545691,5.00e-05,77487.79,65404928,N/A,2025-06-07 18:07:35
3992,2.696361,3.341966,30.545691,5.00e-05,77387.49,65421312,N/A,2025-06-07 18:07:35
3993,2.521283,3.341966,30.545691,5.00e-05,77177.17,65437696,N/A,2025-06-07 18:07:35
3994,2.916017,3.341966,30.545691,5.00e-05,77205.43,65454080,N/A,2025-06-07 18:07:36
3995,2.324953,3.341966,30.545691,5.00e-05,77396.29,65470464,N/A,2025-06-07 18:07:36
3996,2.772709,3.341966,30.545691,5.00e-05,77376.46,65486848,N/A,2025-06-07 18:07:36
3997,2.894931,3.341966,30.545691,5.00e-05,76584.43,65503232,N/A,2025-06-07 18:07:36
3998,2.824960,3.341966,30.545691,5.00e-05,76840.68,65519616,N/A,2025-06-07 18:07:37
3999,3.655197,3.341966,30.545691,5.00e-05,78352.30,65536000,N/A,2025-06-07 18:07:37
4000,2.442645,2.644708,15.083077,5.00e-05,13016.39,65552384,N/A,2025-06-07 18:07:48
4001,2.419503,2.644708,15.083077,5.00e-05,12880.94,65568768,N/A,2025-06-07 18:07:48
4002,3.098896,2.644708,15.083077,5.00e-05,12887.75,65585152,N/A,2025-06-07 18:07:48
4003,3.288880,2.644708,15.083077,5.00e-05,12878.52,65601536,N/A,2025-06-07 18:07:48
4004,2.921586,2.644708,15.083077,5.00e-05,12859.13,65617920,N/A,2025-06-07 18:07:49
4005,2.927630,2.644708,15.083077,5.00e-05,12854.34,65634304,N/A,2025-06-07 18:07:49
4006,2.985607,2.644708,15.083077,5.00e-05,12878.01,65650688,N/A,2025-06-07 18:07:49
4007,2.569569,2.644708,15.083077,5.00e-05,12872.71,65667072,N/A,2025-06-07 18:07:49
4008,2.691261,2.644708,15.083077,5.00e-05,12846.53,65683456,N/A,2025-06-07 18:07:50
4009,3.317855,2.644708,15.083077,5.00e-05,72218.02,65699840,N/A,2025-06-07 18:07:50
4010,2.126264,2.644708,15.083077,5.00e-05,75119.23,65716224,1.0000,2025-06-07 18:07:50
4011,2.688509,2.644708,15.083077,5.00e-05,73850.26,65732608,N/A,2025-06-07 18:07:50
4012,2.814637,2.644708,15.083077,5.00e-05,74035.54,65748992,N/A,2025-06-07 18:07:51
4013,2.885415,2.644708,15.083077,5.00e-05,74749.33,65765376,N/A,2025-06-07 18:07:51
4014,2.946783,2.644708,15.083077,5.00e-05,74623.48,65781760,N/A,2025-06-07 18:07:51
4015,2.567231,2.644708,15.083077,5.00e-05,74627.60,65798144,N/A,2025-06-07 18:07:51
4016,3.362087,2.644708,15.083077,5.00e-05,74629.90,65814528,N/A,2025-06-07 18:07:52
4017,3.017958,2.644708,15.083077,5.00e-05,75357.74,65830912,N/A,2025-06-07 18:07:52
4018,2.455909,2.644708,15.083077,5.00e-05,74529.30,65847296,N/A,2025-06-07 18:07:52
4019,2.436819,2.644708,15.083077,5.00e-05,75527.05,65863680,N/A,2025-06-07 18:07:52
4020,2.739185,2.644708,15.083077,5.00e-05,75251.45,65880064,1.0000,2025-06-07 18:07:53
4021,2.566209,2.644708,15.083077,5.00e-05,75343.56,65896448,N/A,2025-06-07 18:07:53
4022,2.952459,2.644708,15.083077,5.00e-05,74309.67,65912832,N/A,2025-06-07 18:07:53
4023,3.128968,2.644708,15.083077,5.00e-05,74323.60,65929216,N/A,2025-06-07 18:07:53
4024,2.595601,2.644708,15.083077,5.00e-05,74278.80,65945600,N/A,2025-06-07 18:07:54
4025,3.609523,2.644708,15.083077,5.00e-05,73826.37,65961984,N/A,2025-06-07 18:07:54
4026,2.363383,2.644708,15.083077,5.00e-05,73824.82,65978368,N/A,2025-06-07 18:07:54
4027,2.596286,2.644708,15.083077,5.00e-05,74514.56,65994752,N/A,2025-06-07 18:07:54
4028,2.236071,2.644708,15.083077,5.00e-05,74686.78,66011136,N/A,2025-06-07 18:07:55
4029,2.685451,2.644708,15.083077,5.00e-05,75901.37,66027520,N/A,2025-06-07 18:07:55
4030,3.241191,2.644708,15.083077,5.00e-05,74281.40,66043904,1.0000,2025-06-07 18:07:55
4031,2.633522,2.644708,15.083077,5.00e-05,74765.23,66060288,N/A,2025-06-07 18:07:55
4032,2.595865,2.644708,15.083077,5.00e-05,74880.54,66076672,N/A,2025-06-07 18:07:56
4033,2.022147,2.644708,15.083077,5.00e-05,74888.38,66093056,N/A,2025-06-07 18:07:56
4034,2.770211,2.644708,15.083077,5.00e-05,75387.46,66109440,N/A,2025-06-07 18:07:56
4035,2.824055,2.644708,15.083077,5.00e-05,75254.07,66125824,N/A,2025-06-07 18:07:56
4036,3.109960,2.644708,15.083077,5.00e-05,75499.61,66142208,N/A,2025-06-07 18:07:56
4037,2.920402,2.644708,15.083077,5.00e-05,75563.39,66158592,N/A,2025-06-07 18:07:57
4038,2.571293,2.644708,15.083077,5.00e-05,75278.12,66174976,N/A,2025-06-07 18:07:57
4039,2.755944,2.644708,15.083077,5.00e-05,76195.91,66191360,N/A,2025-06-07 18:07:57
4040,2.993099,2.644708,15.083077,5.00e-05,74399.64,66207744,1.0000,2025-06-07 18:07:57
4041,2.382693,2.644708,15.083077,5.00e-05,73867.33,66224128,N/A,2025-06-07 18:07:58
4042,2.220047,2.644708,15.083077,5.00e-05,74095.82,66240512,N/A,2025-06-07 18:07:58
4043,2.665928,2.644708,15.083077,5.00e-05,74120.33,66256896,N/A,2025-06-07 18:07:58
4044,2.754214,2.644708,15.083077,5.00e-05,74380.04,66273280,N/A,2025-06-07 18:07:58
4045,2.325763,2.644708,15.083077,5.00e-05,74700.01,66289664,N/A,2025-06-07 18:07:59
4046,2.247195,2.644708,15.083077,5.00e-05,75005.89,66306048,N/A,2025-06-07 18:07:59
4047,2.647301,2.644708,15.083077,5.00e-05,75413.63,66322432,N/A,2025-06-07 18:07:59
4048,2.091851,2.644708,15.083077,5.00e-05,75291.14,66338816,N/A,2025-06-07 18:07:59
4049,2.961189,2.644708,15.083077,5.00e-05,77403.18,66355200,N/A,2025-06-07 18:08:00
4050,1.939302,2.644708,15.083077,5.00e-05,76640.90,66371584,1.0000,2025-06-07 18:08:00
4051,2.408093,2.644708,15.083077,5.00e-05,76570.16,66387968,N/A,2025-06-07 18:08:00
4052,2.902124,2.644708,15.083077,5.00e-05,76747.27,66404352,N/A,2025-06-07 18:08:00
4053,2.169059,2.644708,15.083077,5.00e-05,76012.88,66420736,N/A,2025-06-07 18:08:01
4054,3.470435,2.644708,15.083077,5.00e-05,75902.95,66437120,N/A,2025-06-07 18:08:01
4055,3.133588,2.644708,15.083077,5.00e-05,75859.19,66453504,N/A,2025-06-07 18:08:01
4056,2.714837,2.644708,15.083077,5.00e-05,75985.35,66469888,N/A,2025-06-07 18:08:01
4057,2.663376,2.644708,15.083077,5.00e-05,76796.84,66486272,N/A,2025-06-07 18:08:01
4058,2.947372,2.644708,15.083077,5.00e-05,76941.51,66502656,N/A,2025-06-07 18:08:02
4059,2.238210,2.644708,15.083077,5.00e-05,78407.54,66519040,N/A,2025-06-07 18:08:02
4060,3.003786,2.644708,15.083077,5.00e-05,76343.44,66535424,1.0000,2025-06-07 18:08:02
4061,2.611703,2.644708,15.083077,5.00e-05,76501.41,66551808,N/A,2025-06-07 18:08:02
4062,3.009037,2.644708,15.083077,5.00e-05,77026.30,66568192,N/A,2025-06-07 18:08:03
4063,2.264097,2.644708,15.083077,5.00e-05,76902.45,66584576,N/A,2025-06-07 18:08:03
4064,3.327825,2.644708,15.083077,5.00e-05,76879.61,66600960,N/A,2025-06-07 18:08:03
4065,2.844885,2.644708,15.083077,5.00e-05,76386.66,66617344,N/A,2025-06-07 18:08:03
4066,2.853322,2.644708,15.083077,5.00e-05,76284.44,66633728,N/A,2025-06-07 18:08:04
4067,3.101073,2.644708,15.083077,5.00e-05,76290.20,66650112,N/A,2025-06-07 18:08:04
4068,2.247730,2.644708,15.083077,5.00e-05,76423.92,66666496,N/A,2025-06-07 18:08:04
4069,2.465622,2.644708,15.083077,5.00e-05,78535.14,66682880,N/A,2025-06-07 18:08:04
4070,2.040055,2.644708,15.083077,5.00e-05,76943.03,66699264,1.0000,2025-06-07 18:08:05
4071,3.196073,2.644708,15.083077,5.00e-05,77260.95,66715648,N/A,2025-06-07 18:08:05
4072,2.216949,2.644708,15.083077,5.00e-05,77451.85,66732032,N/A,2025-06-07 18:08:05
4073,2.163725,2.644708,15.083077,5.00e-05,77594.28,66748416,N/A,2025-06-07 18:08:05
4074,2.613872,2.644708,15.083077,5.00e-05,77742.22,66764800,N/A,2025-06-07 18:08:06
4075,2.021244,2.644708,15.083077,5.00e-05,77618.92,66781184,N/A,2025-06-07 18:08:06
4076,3.868769,2.644708,15.083077,5.00e-05,77364.49,66797568,N/A,2025-06-07 18:08:06
4077,3.046127,2.644708,15.083077,5.00e-05,77313.86,66813952,N/A,2025-06-07 18:08:06
4078,3.314315,2.644708,15.083077,5.00e-05,77334.39,66830336,N/A,2025-06-07 18:08:06
4079,2.460104,2.644708,15.083077,5.00e-05,78759.00,66846720,N/A,2025-06-07 18:08:07
4080,2.944391,2.644708,15.083077,5.00e-05,77267.64,66863104,1.0000,2025-06-07 18:08:07
4081,3.942310,2.644708,15.083077,5.00e-05,77235.51,66879488,N/A,2025-06-07 18:08:07
4082,1.646443,2.644708,15.083077,5.00e-05,77226.21,66895872,N/A,2025-06-07 18:08:07
4083,2.339196,2.644708,15.083077,5.00e-05,77556.09,66912256,N/A,2025-06-07 18:08:08
4084,2.599909,2.644708,15.083077,5.00e-05,77713.18,66928640,N/A,2025-06-07 18:08:08
4085,2.807805,2.644708,15.083077,5.00e-05,77987.42,66945024,N/A,2025-06-07 18:08:08
4086,2.230957,2.644708,15.083077,5.00e-05,77966.66,66961408,N/A,2025-06-07 18:08:08
4087,3.359438,2.644708,15.083077,5.00e-05,77957.06,66977792,N/A,2025-06-07 18:08:09
4088,3.337600,2.644708,15.083077,5.00e-05,77315.91,66994176,N/A,2025-06-07 18:08:09
4089,3.104663,2.644708,15.083077,5.00e-05,78767.23,67010560,N/A,2025-06-07 18:08:09
4090,3.195543,2.644708,15.083077,5.00e-05,77344.49,67026944,1.0000,2025-06-07 18:08:09
4091,3.326795,2.644708,15.083077,5.00e-05,77271.24,67043328,N/A,2025-06-07 18:08:10
4092,2.771049,2.644708,15.083077,5.00e-05,77223.73,67059712,N/A,2025-06-07 18:08:10
4093,2.905421,2.644708,15.083077,5.00e-05,77304.30,67076096,N/A,2025-06-07 18:08:10
4094,2.300937,2.644708,15.083077,5.00e-05,77334.02,67092480,N/A,2025-06-07 18:08:10
4095,2.841108,2.644708,15.083077,5.00e-05,77230.38,67108864,N/A,2025-06-07 18:08:10
4096,3.258423,2.644708,15.083077,5.00e-05,76709.43,67125248,N/A,2025-06-07 18:08:11
4097,2.405484,2.644708,15.083077,5.00e-05,77162.93,67141632,N/A,2025-06-07 18:08:11
4098,2.892374,2.644708,15.083077,5.00e-05,76772.57,67158016,N/A,2025-06-07 18:08:11
4099,2.956134,2.644708,15.083077,5.00e-05,77937.64,67174400,N/A,2025-06-07 18:08:11
4100,3.223426,2.644708,15.083077,5.00e-05,75856.39,67190784,1.0000,2025-06-07 18:08:12
4101,2.417481,2.644708,15.083077,5.00e-05,74274.26,67207168,N/A,2025-06-07 18:08:12
4102,2.282811,2.644708,15.083077,5.00e-05,73928.50,67223552,N/A,2025-06-07 18:08:12
4103,2.700636,2.644708,15.083077,5.00e-05,73644.74,67239936,N/A,2025-06-07 18:08:12
4104,2.383089,2.644708,15.083077,5.00e-05,73497.91,67256320,N/A,2025-06-07 18:08:13
4105,2.053465,2.644708,15.083077,5.00e-05,74031.34,67272704,N/A,2025-06-07 18:08:13
4106,3.191969,2.644708,15.083077,5.00e-05,74019.21,67289088,N/A,2025-06-07 18:08:13
4107,2.718731,2.644708,15.083077,5.00e-05,74092.09,67305472,N/A,2025-06-07 18:08:13
4108,3.212357,2.644708,15.083077,5.00e-05,74224.92,67321856,N/A,2025-06-07 18:08:14
4109,3.014319,2.644708,15.083077,5.00e-05,76194.42,67338240,N/A,2025-06-07 18:08:14
4110,2.283659,2.644708,15.083077,5.00e-05,76567.53,67354624,1.0000,2025-06-07 18:08:14
4111,1.613578,2.644708,15.083077,5.00e-05,77058.03,67371008,N/A,2025-06-07 18:08:14
4112,3.107906,2.644708,15.083077,5.00e-05,77155.23,67387392,N/A,2025-06-07 18:08:15
4113,2.355234,2.644708,15.083077,5.00e-05,77318.41,67403776,N/A,2025-06-07 18:08:15
4114,2.086331,2.644708,15.083077,5.00e-05,77163.35,67420160,N/A,2025-06-07 18:08:15
4115,2.599194,2.644708,15.083077,5.00e-05,77369.93,67436544,N/A,2025-06-07 18:08:15
4116,2.943254,2.644708,15.083077,5.00e-05,77656.78,67452928,N/A,2025-06-07 18:08:15
4117,3.033251,2.644708,15.083077,5.00e-05,77916.94,67469312,N/A,2025-06-07 18:08:16
4118,2.818211,2.644708,15.083077,5.00e-05,77912.45,67485696,N/A,2025-06-07 18:08:16
4119,2.668386,2.644708,15.083077,5.00e-05,79275.83,67502080,N/A,2025-06-07 18:08:16
4120,2.717336,2.644708,15.083077,5.00e-05,77633.83,67518464,1.0000,2025-06-07 18:08:16
4121,2.937234,2.644708,15.083077,5.00e-05,77685.63,67534848,N/A,2025-06-07 18:08:17
4122,2.695298,2.644708,15.083077,5.00e-05,77872.50,67551232,N/A,2025-06-07 18:08:17
4123,1.926922,2.644708,15.083077,5.00e-05,78008.63,67567616,N/A,2025-06-07 18:08:17
4124,2.826969,2.644708,15.083077,5.00e-05,78055.30,67584000,N/A,2025-06-07 18:08:17
4125,2.355621,2.644708,15.083077,5.00e-05,77459.97,67600384,N/A,2025-06-07 18:08:18
4126,1.953771,2.644708,15.083077,5.00e-05,77302.19,67616768,N/A,2025-06-07 18:08:18
4127,2.653757,2.644708,15.083077,5.00e-05,77422.75,67633152,N/A,2025-06-07 18:08:18
4128,2.291698,2.644708,15.083077,5.00e-05,77326.00,67649536,N/A,2025-06-07 18:08:18
4129,2.719699,2.644708,15.083077,5.00e-05,78824.84,67665920,N/A,2025-06-07 18:08:19
4130,2.881329,2.644708,15.083077,5.00e-05,77303.64,67682304,1.0000,2025-06-07 18:08:19
4131,2.266619,2.644708,15.083077,5.00e-05,77163.81,67698688,N/A,2025-06-07 18:08:19
4132,3.540473,2.644708,15.083077,5.00e-05,77271.43,67715072,N/A,2025-06-07 18:08:19
4133,2.712823,2.644708,15.083077,5.00e-05,76998.55,67731456,N/A,2025-06-07 18:08:19
4134,2.677757,2.644708,15.083077,5.00e-05,77547.96,67747840,N/A,2025-06-07 18:08:20
4135,2.934844,2.644708,15.083077,5.00e-05,77565.19,67764224,N/A,2025-06-07 18:08:20
4136,1.990674,2.644708,15.083077,5.00e-05,77576.45,67780608,N/A,2025-06-07 18:08:20
4137,2.558912,2.644708,15.083077,5.00e-05,77670.02,67796992,N/A,2025-06-07 18:08:20
4138,2.027961,2.644708,15.083077,5.00e-05,77561.54,67813376,N/A,2025-06-07 18:08:21
4139,3.086544,2.644708,15.083077,5.00e-05,79128.95,67829760,N/A,2025-06-07 18:08:21
4140,2.405527,2.644708,15.083077,5.00e-05,77333.96,67846144,1.0000,2025-06-07 18:08:21
4141,2.000604,2.644708,15.083077,5.00e-05,77213.62,67862528,N/A,2025-06-07 18:08:21
4142,2.823563,2.644708,15.083077,5.00e-05,77435.74,67878912,N/A,2025-06-07 18:08:22
4143,2.292734,2.644708,15.083077,5.00e-05,77435.17,67895296,N/A,2025-06-07 18:08:22
4144,2.781245,2.644708,15.083077,5.00e-05,77561.36,67911680,N/A,2025-06-07 18:08:22
4145,2.553966,2.644708,15.083077,5.00e-05,77420.54,67928064,N/A,2025-06-07 18:08:22
4146,1.760326,2.644708,15.083077,5.00e-05,77540.88,67944448,N/A,2025-06-07 18:08:23
4147,1.765923,2.644708,15.083077,5.00e-05,77696.34,67960832,N/A,2025-06-07 18:08:23
4148,1.886736,2.644708,15.083077,5.00e-05,77855.95,67977216,N/A,2025-06-07 18:08:23
4149,2.568449,2.644708,15.083077,5.00e-05,79683.48,67993600,N/A,2025-06-07 18:08:23
4150,2.275455,2.644708,15.083077,5.00e-05,78153.98,68009984,1.0000,2025-06-07 18:08:23
4151,3.218031,2.644708,15.083077,5.00e-05,78188.27,68026368,N/A,2025-06-07 18:08:24
4152,2.736274,2.644708,15.083077,5.00e-05,78229.32,68042752,N/A,2025-06-07 18:08:24
4153,2.889857,2.644708,15.083077,5.00e-05,78197.01,68059136,N/A,2025-06-07 18:08:24
4154,2.952736,2.644708,15.083077,5.00e-05,78247.12,68075520,N/A,2025-06-07 18:08:24
4155,2.577352,2.644708,15.083077,5.00e-05,78182.98,68091904,N/A,2025-06-07 18:08:25
4156,2.580354,2.644708,15.083077,5.00e-05,78116.33,68108288,N/A,2025-06-07 18:08:25
4157,2.404489,2.644708,15.083077,5.00e-05,77955.72,68124672,N/A,2025-06-07 18:08:25
4158,1.916078,2.644708,15.083077,5.00e-05,78008.28,68141056,N/A,2025-06-07 18:08:25
4159,2.222034,2.644708,15.083077,5.00e-05,79440.13,68157440,N/A,2025-06-07 18:08:26
4160,2.514995,2.644708,15.083077,5.00e-05,77859.57,68173824,1.0000,2025-06-07 18:08:26
4161,2.613970,2.644708,15.083077,5.00e-05,77940.40,68190208,N/A,2025-06-07 18:08:26
4162,2.462329,2.644708,15.083077,5.00e-05,77830.93,68206592,N/A,2025-06-07 18:08:26
4163,2.744086,2.644708,15.083077,5.00e-05,77764.53,68222976,N/A,2025-06-07 18:08:26
4164,3.142894,2.644708,15.083077,5.00e-05,77151.79,68239360,N/A,2025-06-07 18:08:27
4165,1.695635,2.644708,15.083077,5.00e-05,77095.93,68255744,N/A,2025-06-07 18:08:27
4166,2.049625,2.644708,15.083077,5.00e-05,77280.31,68272128,N/A,2025-06-07 18:08:27
4167,2.094627,2.644708,15.083077,5.00e-05,76151.96,68288512,N/A,2025-06-07 18:08:27
4168,2.836220,2.644708,15.083077,5.00e-05,76258.54,68304896,N/A,2025-06-07 18:08:28
4169,2.891216,2.644708,15.083077,5.00e-05,77723.54,68321280,N/A,2025-06-07 18:08:28
4170,2.406507,2.644708,15.083077,5.00e-05,75184.46,68337664,1.0000,2025-06-07 18:08:28
4171,2.930984,2.644708,15.083077,5.00e-05,75223.02,68354048,N/A,2025-06-07 18:08:28
4172,3.071557,2.644708,15.083077,5.00e-05,75249.19,68370432,N/A,2025-06-07 18:08:29
4173,2.697762,2.644708,15.083077,5.00e-05,75726.64,68386816,N/A,2025-06-07 18:08:29
4174,2.580126,2.644708,15.083077,5.00e-05,75840.63,68403200,N/A,2025-06-07 18:08:29
4175,2.101763,2.644708,15.083077,5.00e-05,75741.57,68419584,N/A,2025-06-07 18:08:29
4176,2.117126,2.644708,15.083077,5.00e-05,76647.52,68435968,N/A,2025-06-07 18:08:30
4177,2.894340,2.644708,15.083077,5.00e-05,76547.55,68452352,N/A,2025-06-07 18:08:30
4178,2.735599,2.644708,15.083077,5.00e-05,76466.34,68468736,N/A,2025-06-07 18:08:30
4179,2.742111,2.644708,15.083077,5.00e-05,78958.02,68485120,N/A,2025-06-07 18:08:30
4180,2.264924,2.644708,15.083077,5.00e-05,77391.18,68501504,1.0000,2025-06-07 18:08:31
4181,2.744745,2.644708,15.083077,5.00e-05,77428.37,68517888,N/A,2025-06-07 18:08:31
4182,2.772157,2.644708,15.083077,5.00e-05,77517.36,68534272,N/A,2025-06-07 18:08:31
4183,2.938185,2.644708,15.083077,5.00e-05,77294.96,68550656,N/A,2025-06-07 18:08:31
4184,2.071763,2.644708,15.083077,5.00e-05,77314.37,68567040,N/A,2025-06-07 18:08:31
4185,3.164452,2.644708,15.083077,5.00e-05,77248.90,68583424,N/A,2025-06-07 18:08:32
4186,2.199277,2.644708,15.083077,5.00e-05,77439.55,68599808,N/A,2025-06-07 18:08:32
4187,2.934081,2.644708,15.083077,5.00e-05,77696.60,68616192,N/A,2025-06-07 18:08:32
4188,2.066599,2.644708,15.083077,5.00e-05,77706.33,68632576,N/A,2025-06-07 18:08:32
4189,2.273354,2.644708,15.083077,5.00e-05,79315.44,68648960,N/A,2025-06-07 18:08:33
4190,3.041004,2.644708,15.083077,5.00e-05,77759.10,68665344,1.0000,2025-06-07 18:08:33
4191,1.756989,2.644708,15.083077,5.00e-05,77749.13,68681728,N/A,2025-06-07 18:08:33
4192,2.880305,2.644708,15.083077,5.00e-05,77935.68,68698112,N/A,2025-06-07 18:08:33
4193,2.667093,2.644708,15.083077,5.00e-05,77917.20,68714496,N/A,2025-06-07 18:08:34
4194,1.937383,2.644708,15.083077,5.00e-05,78241.06,68730880,N/A,2025-06-07 18:08:34
4195,2.068886,2.644708,15.083077,5.00e-05,77982.27,68747264,N/A,2025-06-07 18:08:34
4196,2.718079,2.644708,15.083077,5.00e-05,77892.83,68763648,N/A,2025-06-07 18:08:34
4197,3.308706,2.644708,15.083077,5.00e-05,77904.72,68780032,N/A,2025-06-07 18:08:34
4198,2.276316,2.644708,15.083077,5.00e-05,77793.79,68796416,N/A,2025-06-07 18:08:35
4199,2.769284,2.644708,15.083077,5.00e-05,79273.40,68812800,N/A,2025-06-07 18:08:35
4200,2.291973,2.644708,15.083077,5.00e-05,77688.55,68829184,1.0000,2025-06-07 18:08:35
4201,1.853838,2.644708,15.083077,5.00e-05,76334.42,68845568,N/A,2025-06-07 18:08:35
4202,2.390790,2.644708,15.083077,5.00e-05,76294.47,68861952,N/A,2025-06-07 18:08:36
4203,2.902794,2.644708,15.083077,5.00e-05,76185.66,68878336,N/A,2025-06-07 18:08:36
4204,2.558337,2.644708,15.083077,5.00e-05,76415.31,68894720,N/A,2025-06-07 18:08:36
4205,2.923597,2.644708,15.083077,5.00e-05,76467.19,68911104,N/A,2025-06-07 18:08:36
4206,2.541195,2.644708,15.083077,5.00e-05,76513.37,68927488,N/A,2025-06-07 18:08:37
4207,2.566916,2.644708,15.083077,5.00e-05,76893.42,68943872,N/A,2025-06-07 18:08:37
4208,2.050153,2.644708,15.083077,5.00e-05,77227.09,68960256,N/A,2025-06-07 18:08:37
4209,2.587033,2.644708,15.083077,5.00e-05,78749.13,68976640,N/A,2025-06-07 18:08:37
4210,2.459349,2.644708,15.083077,5.00e-05,78399.73,68993024,1.0000,2025-06-07 18:08:38
4211,2.554632,2.644708,15.083077,5.00e-05,77566.98,69009408,N/A,2025-06-07 18:08:38
4212,3.583545,2.644708,15.083077,5.00e-05,77569.08,69025792,N/A,2025-06-07 18:08:38
4213,3.109226,2.644708,15.083077,5.00e-05,77367.77,69042176,N/A,2025-06-07 18:08:38
4214,2.775796,2.644708,15.083077,5.00e-05,77342.54,69058560,N/A,2025-06-07 18:08:39
4215,2.090005,2.644708,15.083077,5.00e-05,77369.40,69074944,N/A,2025-06-07 18:08:39
4216,3.079870,2.644708,15.083077,5.00e-05,76948.25,69091328,N/A,2025-06-07 18:08:39
4217,2.553006,2.644708,15.083077,5.00e-05,76888.93,69107712,N/A,2025-06-07 18:08:39
4218,2.130702,2.644708,15.083077,5.00e-05,76807.47,69124096,N/A,2025-06-07 18:08:39
4219,3.338032,2.644708,15.083077,5.00e-05,78531.47,69140480,N/A,2025-06-07 18:08:40
4220,3.014742,2.644708,15.083077,5.00e-05,77763.28,69156864,1.0000,2025-06-07 18:08:40
4221,2.220366,2.644708,15.083077,5.00e-05,77679.76,69173248,N/A,2025-06-07 18:08:40
4222,2.459455,2.644708,15.083077,5.00e-05,77612.66,69189632,N/A,2025-06-07 18:08:40
4223,2.786162,2.644708,15.083077,5.00e-05,77546.23,69206016,N/A,2025-06-07 18:08:41
4224,2.188834,2.644708,15.083077,5.00e-05,77599.82,69222400,N/A,2025-06-07 18:08:41
4225,3.330068,2.644708,15.083077,5.00e-05,77878.54,69238784,N/A,2025-06-07 18:08:41
4226,2.083137,2.644708,15.083077,5.00e-05,77659.38,69255168,N/A,2025-06-07 18:08:41
4227,2.961440,2.644708,15.083077,5.00e-05,77049.30,69271552,N/A,2025-06-07 18:08:42
4228,2.973281,2.644708,15.083077,5.00e-05,76976.66,69287936,N/A,2025-06-07 18:08:42
4229,2.420240,2.644708,15.083077,5.00e-05,78680.91,69304320,N/A,2025-06-07 18:08:42
4230,2.127810,2.644708,15.083077,5.00e-05,77239.58,69320704,1.0000,2025-06-07 18:08:42
4231,3.125226,2.644708,15.083077,5.00e-05,77413.16,69337088,N/A,2025-06-07 18:08:43
4232,3.111974,2.644708,15.083077,5.00e-05,77409.74,69353472,N/A,2025-06-07 18:08:43
4233,2.218987,2.644708,15.083077,5.00e-05,77303.40,69369856,N/A,2025-06-07 18:08:43
4234,3.687510,2.644708,15.083077,5.00e-05,77111.77,69386240,N/A,2025-06-07 18:08:43
4235,1.833455,2.644708,15.083077,5.00e-05,77130.86,69402624,N/A,2025-06-07 18:08:43
4236,2.558517,2.644708,15.083077,5.00e-05,77947.92,69419008,N/A,2025-06-07 18:08:44
4237,2.487972,2.644708,15.083077,5.00e-05,77931.92,69435392,N/A,2025-06-07 18:08:44
4238,2.589821,2.644708,15.083077,5.00e-05,77640.68,69451776,N/A,2025-06-07 18:08:44
4239,2.562199,2.644708,15.083077,5.00e-05,79065.86,69468160,N/A,2025-06-07 18:08:44
4240,2.051461,2.644708,15.083077,5.00e-05,77469.84,69484544,1.0000,2025-06-07 18:08:45
4241,2.486478,2.644708,15.083077,5.00e-05,77592.29,69500928,N/A,2025-06-07 18:08:45
4242,2.135333,2.644708,15.083077,5.00e-05,77535.34,69517312,N/A,2025-06-07 18:08:45
4243,2.802286,2.644708,15.083077,5.00e-05,77693.61,69533696,N/A,2025-06-07 18:08:45
4244,2.521088,2.644708,15.083077,5.00e-05,77862.55,69550080,N/A,2025-06-07 18:08:46
4245,2.762558,2.644708,15.083077,5.00e-05,77783.49,69566464,N/A,2025-06-07 18:08:46
4246,2.528051,2.644708,15.083077,5.00e-05,77912.37,69582848,N/A,2025-06-07 18:08:46
4247,3.002073,2.644708,15.083077,5.00e-05,78206.26,69599232,N/A,2025-06-07 18:08:46
4248,3.050979,2.644708,15.083077,5.00e-05,78105.05,69615616,N/A,2025-06-07 18:08:46
4249,2.556435,2.644708,15.083077,5.00e-05,79473.71,69632000,N/A,2025-06-07 18:08:47
4250,2.560380,2.644708,15.083077,5.00e-05,77540.08,69648384,1.0000,2025-06-07 18:08:47
4251,2.437341,2.644708,15.083077,5.00e-05,77358.88,69664768,N/A,2025-06-07 18:08:47
4252,2.297597,2.644708,15.083077,5.00e-05,77276.11,69681152,N/A,2025-06-07 18:08:47
4253,2.505757,2.644708,15.083077,5.00e-05,77123.99,69697536,N/A,2025-06-07 18:08:48
4254,3.254184,2.644708,15.083077,5.00e-05,76428.21,69713920,N/A,2025-06-07 18:08:48
4255,2.758156,2.644708,15.083077,5.00e-05,76106.58,69730304,N/A,2025-06-07 18:08:48
4256,2.526919,2.644708,15.083077,5.00e-05,75955.86,69746688,N/A,2025-06-07 18:08:48
4257,2.309863,2.644708,15.083077,5.00e-05,76220.06,69763072,N/A,2025-06-07 18:08:49
4258,2.466260,2.644708,15.083077,5.00e-05,76216.48,69779456,N/A,2025-06-07 18:08:49
4259,3.089870,2.644708,15.083077,5.00e-05,77830.02,69795840,N/A,2025-06-07 18:08:49
4260,1.946925,2.644708,15.083077,5.00e-05,76211.42,69812224,1.0000,2025-06-07 18:08:49
4261,3.004092,2.644708,15.083077,5.00e-05,76111.51,69828608,N/A,2025-06-07 18:08:50
4262,2.835418,2.644708,15.083077,5.00e-05,76218.90,69844992,N/A,2025-06-07 18:08:50
4263,2.082917,2.644708,15.083077,5.00e-05,76843.96,69861376,N/A,2025-06-07 18:08:50
4264,2.336453,2.644708,15.083077,5.00e-05,76833.69,69877760,N/A,2025-06-07 18:08:50
4265,2.191625,2.644708,15.083077,5.00e-05,76941.31,69894144,N/A,2025-06-07 18:08:51
4266,2.903131,2.644708,15.083077,5.00e-05,76932.64,69910528,N/A,2025-06-07 18:08:51
4267,2.890539,2.644708,15.083077,5.00e-05,77043.58,69926912,N/A,2025-06-07 18:08:51
4268,2.266562,2.644708,15.083077,5.00e-05,76980.70,69943296,N/A,2025-06-07 18:08:51
4269,2.440311,2.644708,15.083077,5.00e-05,78886.41,69959680,N/A,2025-06-07 18:08:51
4270,3.004032,2.644708,15.083077,5.00e-05,77384.81,69976064,1.0000,2025-06-07 18:08:52
4271,2.988102,2.644708,15.083077,5.00e-05,77199.00,69992448,N/A,2025-06-07 18:08:52
4272,2.680843,2.644708,15.083077,5.00e-05,77202.75,70008832,N/A,2025-06-07 18:08:52
4273,2.481472,2.644708,15.083077,5.00e-05,77509.76,70025216,N/A,2025-06-07 18:08:52
4274,2.859187,2.644708,15.083077,5.00e-05,77482.80,70041600,N/A,2025-06-07 18:08:53
4275,2.380939,2.644708,15.083077,5.00e-05,77258.73,70057984,N/A,2025-06-07 18:08:53
4276,2.435773,2.644708,15.083077,5.00e-05,77384.90,70074368,N/A,2025-06-07 18:08:53
4277,2.881120,2.644708,15.083077,5.00e-05,77189.38,70090752,N/A,2025-06-07 18:08:53
4278,3.082520,2.644708,15.083077,5.00e-05,77102.48,70107136,N/A,2025-06-07 18:08:54
4279,3.348380,2.644708,15.083077,5.00e-05,78568.76,70123520,N/A,2025-06-07 18:08:54
4280,1.648345,2.644708,15.083077,5.00e-05,77088.59,70139904,1.0000,2025-06-07 18:08:54
4281,2.152411,2.644708,15.083077,5.00e-05,77060.26,70156288,N/A,2025-06-07 18:08:54
4282,2.842247,2.644708,15.083077,5.00e-05,76931.85,70172672,N/A,2025-06-07 18:08:55
4283,2.497799,2.644708,15.083077,5.00e-05,76902.44,70189056,N/A,2025-06-07 18:08:55
4284,2.234285,2.644708,15.083077,5.00e-05,76294.33,70205440,N/A,2025-06-07 18:08:55
4285,2.325392,2.644708,15.083077,5.00e-05,76360.76,70221824,N/A,2025-06-07 18:08:55
4286,1.781428,2.644708,15.083077,5.00e-05,76637.91,70238208,N/A,2025-06-07 18:08:55
4287,1.741516,2.644708,15.083077,5.00e-05,76697.53,70254592,N/A,2025-06-07 18:08:56
4288,3.086785,2.644708,15.083077,5.00e-05,76759.92,70270976,N/A,2025-06-07 18:08:56
4289,3.266396,2.644708,15.083077,5.00e-05,78275.75,70287360,N/A,2025-06-07 18:08:56
4290,3.131562,2.644708,15.083077,5.00e-05,76693.14,70303744,1.0000,2025-06-07 18:08:56
4291,3.032520,2.644708,15.083077,5.00e-05,76725.84,70320128,N/A,2025-06-07 18:08:57
4292,2.092773,2.644708,15.083077,5.00e-05,76712.90,70336512,N/A,2025-06-07 18:08:57
4293,2.647418,2.644708,15.083077,5.00e-05,77520.41,70352896,N/A,2025-06-07 18:08:57
4294,2.061703,2.644708,15.083077,5.00e-05,77374.41,70369280,N/A,2025-06-07 18:08:57
4295,1.633524,2.644708,15.083077,5.00e-05,77460.28,70385664,N/A,2025-06-07 18:08:58
4296,2.588400,2.644708,15.083077,5.00e-05,77351.13,70402048,N/A,2025-06-07 18:08:58
4297,2.934637,2.644708,15.083077,5.00e-05,77327.05,70418432,N/A,2025-06-07 18:08:58
4298,3.441152,2.644708,15.083077,5.00e-05,77311.45,70434816,N/A,2025-06-07 18:08:58
4299,2.550629,2.644708,15.083077,5.00e-05,78809.08,70451200,N/A,2025-06-07 18:08:59
4300,2.516632,2.644708,15.083077,5.00e-05,77336.42,70467584,1.0000,2025-06-07 18:08:59
4301,2.849156,2.644708,15.083077,5.00e-05,76133.26,70483968,N/A,2025-06-07 18:08:59
4302,2.970003,2.644708,15.083077,5.00e-05,75698.88,70500352,N/A,2025-06-07 18:08:59
4303,1.585263,2.644708,15.083077,5.00e-05,75626.98,70516736,N/A,2025-06-07 18:09:00
4304,3.141989,2.644708,15.083077,5.00e-05,75537.36,70533120,N/A,2025-06-07 18:09:00
4305,2.546272,2.644708,15.083077,5.00e-05,75327.77,70549504,N/A,2025-06-07 18:09:00
4306,2.352740,2.644708,15.083077,5.00e-05,75328.96,70565888,N/A,2025-06-07 18:09:00
4307,2.252779,2.644708,15.083077,5.00e-05,75358.36,70582272,N/A,2025-06-07 18:09:00
4308,3.116867,2.644708,15.083077,5.00e-05,75567.90,70598656,N/A,2025-06-07 18:09:01
4309,2.828590,2.644708,15.083077,5.00e-05,76978.13,70615040,N/A,2025-06-07 18:09:01
4310,3.410985,2.644708,15.083077,5.00e-05,75791.09,70631424,1.0000,2025-06-07 18:09:01
4311,2.027924,2.644708,15.083077,5.00e-05,75842.59,70647808,N/A,2025-06-07 18:09:01
4312,2.383189,2.644708,15.083077,5.00e-05,75830.71,70664192,N/A,2025-06-07 18:09:02
4313,2.912570,2.644708,15.083077,5.00e-05,76040.22,70680576,N/A,2025-06-07 18:09:02
4314,2.886587,2.644708,15.083077,5.00e-05,75736.39,70696960,N/A,2025-06-07 18:09:02
4315,2.332318,2.644708,15.083077,5.00e-05,75730.20,70713344,N/A,2025-06-07 18:09:02
4316,1.655228,2.644708,15.083077,5.00e-05,75521.87,70729728,N/A,2025-06-07 18:09:03
4317,2.180371,2.644708,15.083077,5.00e-05,75474.24,70746112,N/A,2025-06-07 18:09:03
4318,2.360854,2.644708,15.083077,5.00e-05,75400.90,70762496,N/A,2025-06-07 18:09:03
4319,2.128348,2.644708,15.083077,5.00e-05,77871.30,70778880,N/A,2025-06-07 18:09:03
4320,2.554542,2.644708,15.083077,5.00e-05,76743.39,70795264,1.0000,2025-06-07 18:09:04
4321,2.066483,2.644708,15.083077,5.00e-05,76933.77,70811648,N/A,2025-06-07 18:09:04
4322,3.374596,2.644708,15.083077,5.00e-05,76843.66,70828032,N/A,2025-06-07 18:09:04
4323,2.887190,2.644708,15.083077,5.00e-05,77434.06,70844416,N/A,2025-06-07 18:09:04
4324,3.200140,2.644708,15.083077,5.00e-05,77465.97,70860800,N/A,2025-06-07 18:09:04
4325,2.576706,2.644708,15.083077,5.00e-05,77515.43,70877184,N/A,2025-06-07 18:09:05
4326,2.198954,2.644708,15.083077,5.00e-05,77602.56,70893568,N/A,2025-06-07 18:09:05
4327,2.263655,2.644708,15.083077,5.00e-05,77733.39,70909952,N/A,2025-06-07 18:09:05
4328,2.397349,2.644708,15.083077,5.00e-05,77814.26,70926336,N/A,2025-06-07 18:09:05
4329,2.632309,2.644708,15.083077,5.00e-05,79258.96,70942720,N/A,2025-06-07 18:09:06
4330,2.985476,2.644708,15.083077,5.00e-05,77572.34,70959104,1.0000,2025-06-07 18:09:06
4331,2.532208,2.644708,15.083077,5.00e-05,77104.52,70975488,N/A,2025-06-07 18:09:06
4332,3.820554,2.644708,15.083077,5.00e-05,77240.52,70991872,N/A,2025-06-07 18:09:06
4333,2.904480,2.644708,15.083077,5.00e-05,55069.50,71008256,N/A,2025-06-07 18:09:07
4334,2.732070,2.644708,15.083077,5.00e-05,55197.08,71024640,N/A,2025-06-07 18:09:08
4335,2.658196,2.644708,15.083077,5.00e-05,55142.81,71041024,N/A,2025-06-07 18:09:08
4336,2.797628,2.644708,15.083077,5.00e-05,55181.55,71057408,N/A,2025-06-07 18:09:08
4337,2.069746,2.644708,15.083077,5.00e-05,55139.35,71073792,N/A,2025-06-07 18:09:08
4338,2.888166,2.644708,15.083077,5.00e-05,55247.70,71090176,N/A,2025-06-07 18:09:09
4339,2.989406,2.644708,15.083077,5.00e-05,56054.74,71106560,N/A,2025-06-07 18:09:09
4340,2.433109,2.644708,15.083077,5.00e-05,55473.38,71122944,1.0000,2025-06-07 18:09:09
4341,1.725810,2.644708,15.083077,5.00e-05,55489.89,71139328,N/A,2025-06-07 18:09:09
4342,3.069735,2.644708,15.083077,5.00e-05,77387.88,71155712,N/A,2025-06-07 18:09:10
4343,3.045870,2.644708,15.083077,5.00e-05,77394.30,71172096,N/A,2025-06-07 18:09:10
4344,2.769340,2.644708,15.083077,5.00e-05,77286.53,71188480,N/A,2025-06-07 18:09:10
4345,2.299121,2.644708,15.083077,5.00e-05,77304.69,71204864,N/A,2025-06-07 18:09:10
4346,1.980402,2.644708,15.083077,5.00e-05,77042.35,71221248,N/A,2025-06-07 18:09:11
4347,3.236851,2.644708,15.083077,5.00e-05,76966.51,71237632,N/A,2025-06-07 18:09:11
4348,2.262211,2.644708,15.083077,5.00e-05,77098.64,71254016,N/A,2025-06-07 18:09:11
4349,3.411837,2.644708,15.083077,5.00e-05,78531.15,71270400,N/A,2025-06-07 18:09:11
4350,2.302740,2.644708,15.083077,5.00e-05,76969.80,71286784,1.0000,2025-06-07 18:09:11
4351,2.677899,2.644708,15.083077,5.00e-05,77717.61,71303168,N/A,2025-06-07 18:09:12
4352,3.736045,2.644708,15.083077,5.00e-05,77593.55,71319552,N/A,2025-06-07 18:09:12
4353,2.814212,2.644708,15.083077,5.00e-05,77803.92,71335936,N/A,2025-06-07 18:09:12
4354,2.879800,2.644708,15.083077,5.00e-05,77394.69,71352320,N/A,2025-06-07 18:09:12
4355,2.214448,2.644708,15.083077,5.00e-05,77673.80,71368704,N/A,2025-06-07 18:09:13
4356,3.203356,2.644708,15.083077,5.00e-05,77559.93,71385088,N/A,2025-06-07 18:09:13
4357,2.427739,2.644708,15.083077,5.00e-05,77390.68,71401472,N/A,2025-06-07 18:09:13
4358,2.484539,2.644708,15.083077,5.00e-05,77576.15,71417856,N/A,2025-06-07 18:09:13
4359,1.807663,2.644708,15.083077,5.00e-05,78916.64,71434240,N/A,2025-06-07 18:09:14
4360,2.831306,2.644708,15.083077,5.00e-05,77500.37,71450624,1.0000,2025-06-07 18:09:14
4361,2.247525,2.644708,15.083077,5.00e-05,77499.48,71467008,N/A,2025-06-07 18:09:14
4362,2.437303,2.644708,15.083077,5.00e-05,77709.49,71483392,N/A,2025-06-07 18:09:14
4363,2.403376,2.644708,15.083077,5.00e-05,78160.48,71499776,N/A,2025-06-07 18:09:14
4364,2.314974,2.644708,15.083077,5.00e-05,78338.64,71516160,N/A,2025-06-07 18:09:15
4365,2.629378,2.644708,15.083077,5.00e-05,78344.10,71532544,N/A,2025-06-07 18:09:15
4366,2.364023,2.644708,15.083077,5.00e-05,78170.68,71548928,N/A,2025-06-07 18:09:15
4367,2.917718,2.644708,15.083077,5.00e-05,77550.24,71565312,N/A,2025-06-07 18:09:15
4368,3.144756,2.644708,15.083077,5.00e-05,77259.04,71581696,N/A,2025-06-07 18:09:16
4369,2.963795,2.644708,15.083077,5.00e-05,78584.71,71598080,N/A,2025-06-07 18:09:16
4370,3.294917,2.644708,15.083077,5.00e-05,76972.78,71614464,1.0000,2025-06-07 18:09:16
4371,2.297596,2.644708,15.083077,5.00e-05,76758.08,71630848,N/A,2025-06-07 18:09:16
4372,2.472235,2.644708,15.083077,5.00e-05,76723.86,71647232,N/A,2025-06-07 18:09:17
4373,2.631811,2.644708,15.083077,5.00e-05,76467.91,71663616,N/A,2025-06-07 18:09:17
4374,1.996364,2.644708,15.083077,5.00e-05,76507.41,71680000,N/A,2025-06-07 18:09:17
4375,2.450481,2.644708,15.083077,5.00e-05,76246.42,71696384,N/A,2025-06-07 18:09:17
4376,2.135840,2.644708,15.083077,5.00e-05,76679.88,71712768,N/A,2025-06-07 18:09:18
4377,3.140142,2.644708,15.083077,5.00e-05,77160.23,71729152,N/A,2025-06-07 18:09:18
4378,2.069152,2.644708,15.083077,5.00e-05,77284.00,71745536,N/A,2025-06-07 18:09:18
4379,2.898253,2.644708,15.083077,5.00e-05,78885.85,71761920,N/A,2025-06-07 18:09:18
4380,3.021758,2.644708,15.083077,5.00e-05,77465.56,71778304,1.0000,2025-06-07 18:09:19
4381,2.560269,2.644708,15.083077,5.00e-05,77491.85,71794688,N/A,2025-06-07 18:09:19
4382,2.913677,2.644708,15.083077,5.00e-05,77551.83,71811072,N/A,2025-06-07 18:09:19
4383,2.071147,2.644708,15.083077,5.00e-05,77736.45,71827456,N/A,2025-06-07 18:09:19
4384,2.066717,2.644708,15.083077,5.00e-05,78058.16,71843840,N/A,2025-06-07 18:09:19
4385,2.522957,2.644708,15.083077,5.00e-05,78311.97,71860224,N/A,2025-06-07 18:09:20
4386,2.771353,2.644708,15.083077,5.00e-05,78384.64,71876608,N/A,2025-06-07 18:09:20
4387,2.405569,2.644708,15.083077,5.00e-05,78270.19,71892992,N/A,2025-06-07 18:09:20
4388,1.997457,2.644708,15.083077,5.00e-05,78289.12,71909376,N/A,2025-06-07 18:09:20
4389,2.977140,2.644708,15.083077,5.00e-05,79717.01,71925760,N/A,2025-06-07 18:09:21
4390,3.008151,2.644708,15.083077,5.00e-05,78234.15,71942144,1.0000,2025-06-07 18:09:21
4391,3.414277,2.644708,15.083077,5.00e-05,78218.40,71958528,N/A,2025-06-07 18:09:21
4392,2.540598,2.644708,15.083077,5.00e-05,77893.35,71974912,N/A,2025-06-07 18:09:21
4393,2.352555,2.644708,15.083077,5.00e-05,78133.14,71991296,N/A,2025-06-07 18:09:22
4394,2.747320,2.644708,15.083077,5.00e-05,77955.88,72007680,N/A,2025-06-07 18:09:22
4395,2.981462,2.644708,15.083077,5.00e-05,77907.60,72024064,N/A,2025-06-07 18:09:22
4396,1.896203,2.644708,15.083077,5.00e-05,77893.92,72040448,N/A,2025-06-07 18:09:22
4397,1.833135,2.644708,15.083077,5.00e-05,77806.87,72056832,N/A,2025-06-07 18:09:22
4398,3.972638,2.644708,15.083077,5.00e-05,77685.34,72073216,N/A,2025-06-07 18:09:23
4399,2.469265,2.644708,15.083077,5.00e-05,78883.92,72089600,N/A,2025-06-07 18:09:23
4400,2.005362,2.644708,15.083077,5.00e-05,75911.34,72105984,1.0000,2025-06-07 18:09:23
4401,2.846538,2.644708,15.083077,5.00e-05,74602.88,72122368,N/A,2025-06-07 18:09:23
4402,2.107428,2.644708,15.083077,5.00e-05,74452.61,72138752,N/A,2025-06-07 18:09:24
4403,2.289396,2.644708,15.083077,5.00e-05,74526.44,72155136,N/A,2025-06-07 18:09:24
4404,2.061198,2.644708,15.083077,5.00e-05,74516.29,72171520,N/A,2025-06-07 18:09:24
4405,2.769124,2.644708,15.083077,5.00e-05,74702.80,72187904,N/A,2025-06-07 18:09:24
4406,2.254789,2.644708,15.083077,5.00e-05,74787.32,72204288,N/A,2025-06-07 18:09:25
4407,2.130432,2.644708,15.083077,5.00e-05,75016.64,72220672,N/A,2025-06-07 18:09:25
4408,2.698541,2.644708,15.083077,5.00e-05,75172.89,72237056,N/A,2025-06-07 18:09:25
4409,3.139342,2.644708,15.083077,5.00e-05,78137.53,72253440,N/A,2025-06-07 18:09:25
4410,2.561156,2.644708,15.083077,5.00e-05,77065.18,72269824,1.0000,2025-06-07 18:09:26
4411,2.322879,2.644708,15.083077,5.00e-05,77094.96,72286208,N/A,2025-06-07 18:09:26
4412,3.382845,2.644708,15.083077,5.00e-05,76864.78,72302592,N/A,2025-06-07 18:09:26
4413,1.802463,2.644708,15.083077,5.00e-05,76017.66,72318976,N/A,2025-06-07 18:09:26
4414,1.564324,2.644708,15.083077,5.00e-05,75945.47,72335360,N/A,2025-06-07 18:09:27
4415,2.202582,2.644708,15.083077,5.00e-05,76020.92,72351744,N/A,2025-06-07 18:09:27
4416,2.025564,2.644708,15.083077,5.00e-05,75926.24,72368128,N/A,2025-06-07 18:09:27
4417,1.827823,2.644708,15.083077,5.00e-05,76034.54,72384512,N/A,2025-06-07 18:09:27
4418,2.375214,2.644708,15.083077,5.00e-05,76036.58,72400896,N/A,2025-06-07 18:09:27
4419,2.895590,2.644708,15.083077,5.00e-05,78711.24,72417280,N/A,2025-06-07 18:09:28
4420,2.206014,2.644708,15.083077,5.00e-05,77298.83,72433664,1.0000,2025-06-07 18:09:28
4421,2.686965,2.644708,15.083077,5.00e-05,77521.69,72450048,N/A,2025-06-07 18:09:28
4422,1.906538,2.644708,15.083077,5.00e-05,77637.64,72466432,N/A,2025-06-07 18:09:28
4423,2.398617,2.644708,15.083077,5.00e-05,77530.06,72482816,N/A,2025-06-07 18:09:29
4424,2.505536,2.644708,15.083077,5.00e-05,77470.55,72499200,N/A,2025-06-07 18:09:29
4425,3.068891,2.644708,15.083077,5.00e-05,77368.14,72515584,N/A,2025-06-07 18:09:29
4426,1.937005,2.644708,15.083077,5.00e-05,77289.79,72531968,N/A,2025-06-07 18:09:29
4427,2.879817,2.644708,15.083077,5.00e-05,77343.07,72548352,N/A,2025-06-07 18:09:30
4428,2.764135,2.644708,15.083077,5.00e-05,77323.69,72564736,N/A,2025-06-07 18:09:30
4429,2.919557,2.644708,15.083077,5.00e-05,78811.92,72581120,N/A,2025-06-07 18:09:30
4430,2.067973,2.644708,15.083077,5.00e-05,77319.27,72597504,1.0000,2025-06-07 18:09:30
4431,3.058622,2.644708,15.083077,5.00e-05,78038.01,72613888,N/A,2025-06-07 18:09:31
4432,3.016310,2.644708,15.083077,5.00e-05,77909.49,72630272,N/A,2025-06-07 18:09:31
4433,2.267149,2.644708,15.083077,5.00e-05,77845.48,72646656,N/A,2025-06-07 18:09:31
4434,3.067907,2.644708,15.083077,5.00e-05,77905.78,72663040,N/A,2025-06-07 18:09:31
4435,2.648157,2.644708,15.083077,5.00e-05,77913.27,72679424,N/A,2025-06-07 18:09:31
4436,2.502623,2.644708,15.083077,5.00e-05,77769.68,72695808,N/A,2025-06-07 18:09:32
4437,2.949371,2.644708,15.083077,5.00e-05,77868.02,72712192,N/A,2025-06-07 18:09:32
4438,1.593302,2.644708,15.083077,5.00e-05,77875.19,72728576,N/A,2025-06-07 18:09:32
4439,2.779056,2.644708,15.083077,5.00e-05,79249.52,72744960,N/A,2025-06-07 18:09:32
4440,2.291152,2.644708,15.083077,5.00e-05,77656.64,72761344,1.0000,2025-06-07 18:09:33
4441,2.030170,2.644708,15.083077,5.00e-05,77781.91,72777728,N/A,2025-06-07 18:09:33
4442,2.181238,2.644708,15.083077,5.00e-05,77879.74,72794112,N/A,2025-06-07 18:09:33
4443,2.654969,2.644708,15.083077,5.00e-05,77863.98,72810496,N/A,2025-06-07 18:09:33
4444,2.632588,2.644708,15.083077,5.00e-05,77096.12,72826880,N/A,2025-06-07 18:09:34
4445,2.212518,2.644708,15.083077,5.00e-05,77422.00,72843264,N/A,2025-06-07 18:09:34
4446,3.173809,2.644708,15.083077,5.00e-05,77141.73,72859648,N/A,2025-06-07 18:09:34
4447,2.366089,2.644708,15.083077,5.00e-05,77316.56,72876032,N/A,2025-06-07 18:09:34
4448,2.621302,2.644708,15.083077,5.00e-05,77358.74,72892416,N/A,2025-06-07 18:09:35
4449,2.010199,2.644708,15.083077,5.00e-05,78861.41,72908800,N/A,2025-06-07 18:09:35
4450,2.395769,2.644708,15.083077,5.00e-05,77466.50,72925184,1.0000,2025-06-07 18:09:35
4451,2.421504,2.644708,15.083077,5.00e-05,76824.60,72941568,N/A,2025-06-07 18:09:35
4452,3.941179,2.644708,15.083077,5.00e-05,76749.41,72957952,N/A,2025-06-07 18:09:35
4453,2.530296,2.644708,15.083077,5.00e-05,77471.31,72974336,N/A,2025-06-07 18:09:36
4454,2.602768,2.644708,15.083077,5.00e-05,76930.96,72990720,N/A,2025-06-07 18:09:36
4455,3.105125,2.644708,15.083077,5.00e-05,77078.72,73007104,N/A,2025-06-07 18:09:36
4456,3.273905,2.644708,15.083077,5.00e-05,76874.77,73023488,N/A,2025-06-07 18:09:36
4457,3.148001,2.644708,15.083077,5.00e-05,76968.87,73039872,N/A,2025-06-07 18:09:37
4458,2.216939,2.644708,15.083077,5.00e-05,76918.74,73056256,N/A,2025-06-07 18:09:37
4459,2.866812,2.644708,15.083077,5.00e-05,78061.33,73072640,N/A,2025-06-07 18:09:37
4460,2.379386,2.644708,15.083077,5.00e-05,77192.93,73089024,1.0000,2025-06-07 18:09:37
4461,1.975254,2.644708,15.083077,5.00e-05,77338.98,73105408,N/A,2025-06-07 18:09:38
4462,2.380034,2.644708,15.083077,5.00e-05,77389.00,73121792,N/A,2025-06-07 18:09:38
4463,3.098361,2.644708,15.083077,5.00e-05,77692.20,73138176,N/A,2025-06-07 18:09:38
4464,2.917063,2.644708,15.083077,5.00e-05,77362.60,73154560,N/A,2025-06-07 18:09:38
4465,2.447936,2.644708,15.083077,5.00e-05,77419.32,73170944,N/A,2025-06-07 18:09:39
4466,2.353863,2.644708,15.083077,5.00e-05,77277.16,73187328,N/A,2025-06-07 18:09:39
4467,2.486163,2.644708,15.083077,5.00e-05,77188.60,73203712,N/A,2025-06-07 18:09:39
4468,2.236398,2.644708,15.083077,5.00e-05,77544.32,73220096,N/A,2025-06-07 18:09:39
4469,1.945373,2.644708,15.083077,5.00e-05,79007.89,73236480,N/A,2025-06-07 18:09:39
4470,2.035139,2.644708,15.083077,5.00e-05,76717.91,73252864,1.0000,2025-06-07 18:09:40
4471,3.331969,2.644708,15.083077,5.00e-05,76628.06,73269248,N/A,2025-06-07 18:09:40
4472,2.679413,2.644708,15.083077,5.00e-05,76532.67,73285632,N/A,2025-06-07 18:09:40
4473,3.673179,2.644708,15.083077,5.00e-05,76496.90,73302016,N/A,2025-06-07 18:09:40
4474,2.211436,2.644708,15.083077,5.00e-05,76534.42,73318400,N/A,2025-06-07 18:09:41
4475,1.854600,2.644708,15.083077,5.00e-05,76641.54,73334784,N/A,2025-06-07 18:09:41
4476,2.132009,2.644708,15.083077,5.00e-05,76791.53,73351168,N/A,2025-06-07 18:09:41
4477,2.606069,2.644708,15.083077,5.00e-05,76657.30,73367552,N/A,2025-06-07 18:09:41
4478,2.758391,2.644708,15.083077,5.00e-05,76780.53,73383936,N/A,2025-06-07 18:09:42
4479,3.433742,2.644708,15.083077,5.00e-05,78910.17,73400320,N/A,2025-06-07 18:09:42
4480,2.537268,2.644708,15.083077,5.00e-05,77527.07,73416704,1.0000,2025-06-07 18:09:42
4481,2.866225,2.644708,15.083077,5.00e-05,76956.83,73433088,N/A,2025-06-07 18:09:42
4482,2.468246,2.644708,15.083077,5.00e-05,77453.72,73449472,N/A,2025-06-07 18:09:43
4483,2.891407,2.644708,15.083077,5.00e-05,77524.33,73465856,N/A,2025-06-07 18:09:43
4484,2.284538,2.644708,15.083077,5.00e-05,77511.07,73482240,N/A,2025-06-07 18:09:43
4485,2.934649,2.644708,15.083077,5.00e-05,77687.77,73498624,N/A,2025-06-07 18:09:43
4486,2.847587,2.644708,15.083077,5.00e-05,76987.28,73515008,N/A,2025-06-07 18:09:43
4487,2.803633,2.644708,15.083077,5.00e-05,76733.59,73531392,N/A,2025-06-07 18:09:44
4488,2.346260,2.644708,15.083077,5.00e-05,76916.66,73547776,N/A,2025-06-07 18:09:44
4489,2.168550,2.644708,15.083077,5.00e-05,77987.19,73564160,N/A,2025-06-07 18:09:44
4490,2.182603,2.644708,15.083077,5.00e-05,77227.71,73580544,1.0000,2025-06-07 18:09:44
4491,2.151165,2.644708,15.083077,5.00e-05,77092.08,73596928,N/A,2025-06-07 18:09:45
4492,2.462294,2.644708,15.083077,5.00e-05,77066.67,73613312,N/A,2025-06-07 18:09:45
4493,2.916832,2.644708,15.083077,5.00e-05,77016.49,73629696,N/A,2025-06-07 18:09:45
4494,1.669323,2.644708,15.083077,5.00e-05,76956.87,73646080,N/A,2025-06-07 18:09:45
4495,2.788551,2.644708,15.083077,5.00e-05,77790.00,73662464,N/A,2025-06-07 18:09:46
4496,3.081454,2.644708,15.083077,5.00e-05,78032.74,73678848,N/A,2025-06-07 18:09:46
4497,2.473661,2.644708,15.083077,5.00e-05,77985.29,73695232,N/A,2025-06-07 18:09:46
4498,2.039200,2.644708,15.083077,5.00e-05,78311.73,73711616,N/A,2025-06-07 18:09:46
4499,2.726831,2.644708,15.083077,5.00e-05,79641.34,73728000,N/A,2025-06-07 18:09:46
4500,3.343951,2.644708,15.083077,5.00e-05,78119.94,73744384,1.0000,2025-06-07 18:09:47
4501,2.640089,2.644708,15.083077,5.00e-05,76960.69,73760768,N/A,2025-06-07 18:09:47
4502,1.847027,2.644708,15.083077,5.00e-05,76928.84,73777152,N/A,2025-06-07 18:09:47
4503,2.686170,2.644708,15.083077,5.00e-05,76870.65,73793536,N/A,2025-06-07 18:09:47
4504,1.904046,2.644708,15.083077,5.00e-05,76808.65,73809920,N/A,2025-06-07 18:09:48
4505,2.529680,2.644708,15.083077,5.00e-05,76795.37,73826304,N/A,2025-06-07 18:09:48
4506,2.032218,2.644708,15.083077,5.00e-05,75716.43,73842688,N/A,2025-06-07 18:09:48
4507,3.131231,2.644708,15.083077,5.00e-05,75717.37,73859072,N/A,2025-06-07 18:09:48
4508,1.656932,2.644708,15.083077,5.00e-05,75834.66,73875456,N/A,2025-06-07 18:09:49
4509,2.143319,2.644708,15.083077,5.00e-05,77237.16,73891840,N/A,2025-06-07 18:09:49
4510,2.236831,2.644708,15.083077,5.00e-05,76929.33,73908224,1.0000,2025-06-07 18:09:49
4511,2.456852,2.644708,15.083077,5.00e-05,77051.35,73924608,N/A,2025-06-07 18:09:49
4512,3.215344,2.644708,15.083077,5.00e-05,76994.59,73940992,N/A,2025-06-07 18:09:50
4513,3.525006,2.644708,15.083077,5.00e-05,77054.80,73957376,N/A,2025-06-07 18:09:50
4514,2.150234,2.644708,15.083077,5.00e-05,76949.80,73973760,N/A,2025-06-07 18:09:50
4515,3.039760,2.644708,15.083077,5.00e-05,78059.07,73990144,N/A,2025-06-07 18:09:50
4516,2.501320,2.644708,15.083077,5.00e-05,77940.53,74006528,N/A,2025-06-07 18:09:51
4517,3.390342,2.644708,15.083077,5.00e-05,77890.82,74022912,N/A,2025-06-07 18:09:51
4518,3.153867,2.644708,15.083077,5.00e-05,77873.35,74039296,N/A,2025-06-07 18:09:51
4519,3.107570,2.644708,15.083077,5.00e-05,79145.43,74055680,N/A,2025-06-07 18:09:51
4520,2.811868,2.644708,15.083077,5.00e-05,77449.31,74072064,1.0000,2025-06-07 18:09:52
4521,2.524730,2.644708,15.083077,5.00e-05,77382.57,74088448,N/A,2025-06-07 18:09:52
4522,2.779716,2.644708,15.083077,5.00e-05,77310.27,74104832,N/A,2025-06-07 18:09:52
4523,2.778454,2.644708,15.083077,5.00e-05,77382.73,74121216,N/A,2025-06-07 18:09:52
4524,3.183858,2.644708,15.083077,5.00e-05,77330.15,74137600,N/A,2025-06-07 18:09:52
4525,1.974742,2.644708,15.083077,5.00e-05,77561.89,74153984,N/A,2025-06-07 18:09:53
4526,2.950134,2.644708,15.083077,5.00e-05,77612.09,74170368,N/A,2025-06-07 18:09:53
4527,4.184287,2.644708,15.083077,5.00e-05,77742.94,74186752,N/A,2025-06-07 18:09:53
4528,2.131809,2.644708,15.083077,5.00e-05,77867.23,74203136,N/A,2025-06-07 18:09:53
4529,3.065314,2.644708,15.083077,5.00e-05,78946.53,74219520,N/A,2025-06-07 18:09:54
4530,2.933315,2.644708,15.083077,5.00e-05,77471.35,74235904,1.0000,2025-06-07 18:09:54
4531,2.311522,2.644708,15.083077,5.00e-05,77419.40,74252288,N/A,2025-06-07 18:09:54
4532,2.412165,2.644708,15.083077,5.00e-05,77545.54,74268672,N/A,2025-06-07 18:09:54
4533,2.031243,2.644708,15.083077,5.00e-05,76908.56,74285056,N/A,2025-06-07 18:09:55
4534,2.048990,2.644708,15.083077,5.00e-05,76879.53,74301440,N/A,2025-06-07 18:09:55
4535,2.616767,2.644708,15.083077,5.00e-05,76561.87,74317824,N/A,2025-06-07 18:09:55
4536,3.246863,2.644708,15.083077,5.00e-05,76363.02,74334208,N/A,2025-06-07 18:09:55
4537,1.540625,2.644708,15.083077,5.00e-05,76371.89,74350592,N/A,2025-06-07 18:09:55
4538,2.641649,2.644708,15.083077,5.00e-05,76906.04,74366976,N/A,2025-06-07 18:09:56
4539,2.337554,2.644708,15.083077,5.00e-05,78563.64,74383360,N/A,2025-06-07 18:09:56
4540,2.263956,2.644708,15.083077,5.00e-05,76913.90,74399744,1.0000,2025-06-07 18:09:56
4541,3.110035,2.644708,15.083077,5.00e-05,76936.04,74416128,N/A,2025-06-07 18:09:56
4542,1.656793,2.644708,15.083077,5.00e-05,77686.22,74432512,N/A,2025-06-07 18:09:57
4543,2.505452,2.644708,15.083077,5.00e-05,77595.15,74448896,N/A,2025-06-07 18:09:57
4544,2.877462,2.644708,15.083077,5.00e-05,77882.04,74465280,N/A,2025-06-07 18:09:57
4545,2.483130,2.644708,15.083077,5.00e-05,77845.94,74481664,N/A,2025-06-07 18:09:57
4546,1.552256,2.644708,15.083077,5.00e-05,77912.13,74498048,N/A,2025-06-07 18:09:58
4547,2.040468,2.644708,15.083077,5.00e-05,77853.82,74514432,N/A,2025-06-07 18:09:58
4548,2.542835,2.644708,15.083077,5.00e-05,77742.73,74530816,N/A,2025-06-07 18:09:58
4549,2.397555,2.644708,15.083077,5.00e-05,79455.15,74547200,N/A,2025-06-07 18:09:58
4550,1.463347,2.644708,15.083077,5.00e-05,77894.90,74563584,1.0000,2025-06-07 18:09:59
4551,1.883242,2.644708,15.083077,5.00e-05,77653.28,74579968,N/A,2025-06-07 18:09:59
4552,3.244676,2.644708,15.083077,5.00e-05,77685.12,74596352,N/A,2025-06-07 18:09:59
4553,3.015699,2.644708,15.083077,5.00e-05,77365.88,74612736,N/A,2025-06-07 18:09:59
4554,2.415125,2.644708,15.083077,5.00e-05,77518.77,74629120,N/A,2025-06-07 18:09:59
4555,2.461926,2.644708,15.083077,5.00e-05,77503.45,74645504,N/A,2025-06-07 18:10:00
4556,1.633365,2.644708,15.083077,5.00e-05,76870.42,74661888,N/A,2025-06-07 18:10:00
4557,2.937721,2.644708,15.083077,5.00e-05,76868.75,74678272,N/A,2025-06-07 18:10:00
4558,2.704809,2.644708,15.083077,5.00e-05,76571.33,74694656,N/A,2025-06-07 18:10:00
4559,2.153543,2.644708,15.083077,5.00e-05,77780.76,74711040,N/A,2025-06-07 18:10:01
4560,2.997367,2.644708,15.083077,5.00e-05,76546.46,74727424,1.0000,2025-06-07 18:10:01
4561,2.643172,2.644708,15.083077,5.00e-05,76419.19,74743808,N/A,2025-06-07 18:10:01
4562,2.533072,2.644708,15.083077,5.00e-05,76727.80,74760192,N/A,2025-06-07 18:10:01
4563,2.539430,2.644708,15.083077,5.00e-05,76845.11,74776576,N/A,2025-06-07 18:10:02
4564,2.538594,2.644708,15.083077,5.00e-05,75767.68,74792960,N/A,2025-06-07 18:10:02
4565,3.198537,2.644708,15.083077,5.00e-05,76398.37,74809344,N/A,2025-06-07 18:10:02
4566,3.003492,2.644708,15.083077,5.00e-05,76248.16,74825728,N/A,2025-06-07 18:10:02
4567,2.329849,2.644708,15.083077,5.00e-05,76504.64,74842112,N/A,2025-06-07 18:10:03
4568,2.332515,2.644708,15.083077,5.00e-05,76653.28,74858496,N/A,2025-06-07 18:10:03
4569,2.414452,2.644708,15.083077,5.00e-05,77888.35,74874880,N/A,2025-06-07 18:10:03
4570,2.441926,2.644708,15.083077,5.00e-05,76411.84,74891264,1.0000,2025-06-07 18:10:03
4571,2.026678,2.644708,15.083077,5.00e-05,76467.54,74907648,N/A,2025-06-07 18:10:04
4572,2.535085,2.644708,15.083077,5.00e-05,76449.02,74924032,N/A,2025-06-07 18:10:04
4573,3.250745,2.644708,15.083077,5.00e-05,76905.65,74940416,N/A,2025-06-07 18:10:04
4574,2.519072,2.644708,15.083077,5.00e-05,76878.88,74956800,N/A,2025-06-07 18:10:04
4575,3.120923,2.644708,15.083077,5.00e-05,76916.26,74973184,N/A,2025-06-07 18:10:04
4576,1.890280,2.644708,15.083077,5.00e-05,76931.41,74989568,N/A,2025-06-07 18:10:05
4577,1.926843,2.644708,15.083077,5.00e-05,76318.69,75005952,N/A,2025-06-07 18:10:05
4578,3.402568,2.644708,15.083077,5.00e-05,76380.35,75022336,N/A,2025-06-07 18:10:05
4579,1.971360,2.644708,15.083077,5.00e-05,77751.20,75038720,N/A,2025-06-07 18:10:05
4580,2.602583,2.644708,15.083077,5.00e-05,76251.53,75055104,1.0000,2025-06-07 18:10:06
4581,2.349119,2.644708,15.083077,5.00e-05,76288.88,75071488,N/A,2025-06-07 18:10:06
4582,2.810822,2.644708,15.083077,5.00e-05,76865.57,75087872,N/A,2025-06-07 18:10:06
4583,1.996049,2.644708,15.083077,5.00e-05,77163.74,75104256,N/A,2025-06-07 18:10:06
4584,2.366154,2.644708,15.083077,5.00e-05,77346.51,75120640,N/A,2025-06-07 18:10:07
4585,2.376064,2.644708,15.083077,5.00e-05,76252.50,75137024,N/A,2025-06-07 18:10:07
4586,2.930187,2.644708,15.083077,5.00e-05,76870.97,75153408,N/A,2025-06-07 18:10:07
4587,3.038159,2.644708,15.083077,5.00e-05,76947.50,75169792,N/A,2025-06-07 18:10:07
4588,2.141625,2.644708,15.083077,5.00e-05,77161.86,75186176,N/A,2025-06-07 18:10:08
4589,2.226809,2.644708,15.083077,5.00e-05,78665.90,75202560,N/A,2025-06-07 18:10:08
4590,3.325464,2.644708,15.083077,5.00e-05,76584.11,75218944,1.0000,2025-06-07 18:10:08
4591,3.136711,2.644708,15.083077,5.00e-05,76558.48,75235328,N/A,2025-06-07 18:10:08
4592,2.133935,2.644708,15.083077,5.00e-05,76345.39,75251712,N/A,2025-06-07 18:10:08
4593,2.476248,2.644708,15.083077,5.00e-05,76298.06,75268096,N/A,2025-06-07 18:10:09
4594,3.032120,2.644708,15.083077,5.00e-05,77217.18,75284480,N/A,2025-06-07 18:10:09
4595,4.015540,2.644708,15.083077,5.00e-05,77260.41,75300864,N/A,2025-06-07 18:10:09
4596,2.038538,2.644708,15.083077,5.00e-05,77265.31,75317248,N/A,2025-06-07 18:10:09
4597,2.580868,2.644708,15.083077,5.00e-05,77194.20,75333632,N/A,2025-06-07 18:10:10
4598,2.952981,2.644708,15.083077,5.00e-05,76876.14,75350016,N/A,2025-06-07 18:10:10
4599,3.093355,2.644708,15.083077,5.00e-05,78874.89,75366400,N/A,2025-06-07 18:10:10
4600,2.647936,2.644708,15.083077,5.00e-05,77414.35,75382784,1.0000,2025-06-07 18:10:10
4601,2.737885,2.644708,15.083077,5.00e-05,76191.32,75399168,N/A,2025-06-07 18:10:11
4602,3.837950,2.644708,15.083077,5.00e-05,76102.99,75415552,N/A,2025-06-07 18:10:11
4603,2.524645,2.644708,15.083077,5.00e-05,76351.93,75431936,N/A,2025-06-07 18:10:11
4604,2.317765,2.644708,15.083077,5.00e-05,76302.11,75448320,N/A,2025-06-07 18:10:11
4605,2.880243,2.644708,15.083077,5.00e-05,76358.47,75464704,N/A,2025-06-07 18:10:12
4606,2.218731,2.644708,15.083077,5.00e-05,76315.00,75481088,N/A,2025-06-07 18:10:12
4607,2.582410,2.644708,15.083077,5.00e-05,76641.01,75497472,N/A,2025-06-07 18:10:12
4608,2.689297,2.644708,15.083077,5.00e-05,76731.32,75513856,N/A,2025-06-07 18:10:12
4609,2.606609,2.644708,15.083077,5.00e-05,78219.42,75530240,N/A,2025-06-07 18:10:12
4610,1.902392,2.644708,15.083077,5.00e-05,78034.25,75546624,1.0000,2025-06-07 18:10:13
4611,2.441008,2.644708,15.083077,5.00e-05,78134.24,75563008,N/A,2025-06-07 18:10:13
4612,2.413726,2.644708,15.083077,5.00e-05,78059.33,75579392,N/A,2025-06-07 18:10:13
4613,2.268750,2.644708,15.083077,5.00e-05,77878.74,75595776,N/A,2025-06-07 18:10:13
4614,3.528522,2.644708,15.083077,5.00e-05,77859.83,75612160,N/A,2025-06-07 18:10:14
4615,3.049029,2.644708,15.083077,5.00e-05,77923.55,75628544,N/A,2025-06-07 18:10:14
4616,2.437438,2.644708,15.083077,5.00e-05,77942.54,75644928,N/A,2025-06-07 18:10:14
4617,3.355327,2.644708,15.083077,5.00e-05,77889.98,75661312,N/A,2025-06-07 18:10:14
4618,1.814753,2.644708,15.083077,5.00e-05,78019.67,75677696,N/A,2025-06-07 18:10:15
4619,2.831771,2.644708,15.083077,5.00e-05,79449.61,75694080,N/A,2025-06-07 18:10:15
4620,2.155124,2.644708,15.083077,5.00e-05,78130.38,75710464,1.0000,2025-06-07 18:10:15
4621,2.870439,2.644708,15.083077,5.00e-05,78177.54,75726848,N/A,2025-06-07 18:10:15
4622,2.456307,2.644708,15.083077,5.00e-05,78275.41,75743232,N/A,2025-06-07 18:10:16
4623,3.117151,2.644708,15.083077,5.00e-05,78166.98,75759616,N/A,2025-06-07 18:10:16
4624,1.756576,2.644708,15.083077,5.00e-05,78189.89,75776000,N/A,2025-06-07 18:10:16
4625,2.560760,2.644708,15.083077,5.00e-05,78266.28,75792384,N/A,2025-06-07 18:10:16
4626,2.216760,2.644708,15.083077,5.00e-05,78193.22,75808768,N/A,2025-06-07 18:10:16
4627,2.017434,2.644708,15.083077,5.00e-05,78026.73,75825152,N/A,2025-06-07 18:10:17
4628,3.173529,2.644708,15.083077,5.00e-05,78139.04,75841536,N/A,2025-06-07 18:10:17
4629,2.673048,2.644708,15.083077,5.00e-05,79352.08,75857920,N/A,2025-06-07 18:10:17
4630,2.295485,2.644708,15.083077,5.00e-05,77659.95,75874304,1.0000,2025-06-07 18:10:17
4631,3.307232,2.644708,15.083077,5.00e-05,77740.13,75890688,N/A,2025-06-07 18:10:18
4632,2.636730,2.644708,15.083077,5.00e-05,77637.77,75907072,N/A,2025-06-07 18:10:18
4633,2.712152,2.644708,15.083077,5.00e-05,77013.02,75923456,N/A,2025-06-07 18:10:18
4634,3.452041,2.644708,15.083077,5.00e-05,76961.76,75939840,N/A,2025-06-07 18:10:18
4635,2.503713,2.644708,15.083077,5.00e-05,77056.14,75956224,N/A,2025-06-07 18:10:19
4636,1.470648,2.644708,15.083077,5.00e-05,76647.67,75972608,N/A,2025-06-07 18:10:19
4637,2.587661,2.644708,15.083077,5.00e-05,76600.58,75988992,N/A,2025-06-07 18:10:19
4638,3.186943,2.644708,15.083077,5.00e-05,76527.72,76005376,N/A,2025-06-07 18:10:19
4639,2.377755,2.644708,15.083077,5.00e-05,78095.25,76021760,N/A,2025-06-07 18:10:19
4640,3.437021,2.644708,15.083077,5.00e-05,76717.88,76038144,1.0000,2025-06-07 18:10:20
4641,3.106714,2.644708,15.083077,5.00e-05,76658.32,76054528,N/A,2025-06-07 18:10:20
4642,2.559017,2.644708,15.083077,5.00e-05,77413.55,76070912,N/A,2025-06-07 18:10:20
4643,2.499367,2.644708,15.083077,5.00e-05,77416.54,76087296,N/A,2025-06-07 18:10:20
4644,2.138128,2.644708,15.083077,5.00e-05,77355.29,76103680,N/A,2025-06-07 18:10:21
4645,3.058378,2.644708,15.083077,5.00e-05,77922.33,76120064,N/A,2025-06-07 18:10:21
4646,2.110899,2.644708,15.083077,5.00e-05,77782.48,76136448,N/A,2025-06-07 18:10:21
4647,2.324199,2.644708,15.083077,5.00e-05,77916.10,76152832,N/A,2025-06-07 18:10:21
4648,3.571274,2.644708,15.083077,5.00e-05,77223.05,76169216,N/A,2025-06-07 18:10:22
4649,2.658291,2.644708,15.083077,5.00e-05,78437.94,76185600,N/A,2025-06-07 18:10:22
4650,2.616420,2.644708,15.083077,5.00e-05,77170.13,76201984,1.0000,2025-06-07 18:10:22
4651,3.058219,2.644708,15.083077,5.00e-05,76998.43,76218368,N/A,2025-06-07 18:10:22
4652,2.788017,2.644708,15.083077,5.00e-05,76599.10,76234752,N/A,2025-06-07 18:10:23
4653,2.233349,2.644708,15.083077,5.00e-05,76611.54,76251136,N/A,2025-06-07 18:10:23
4654,1.802744,2.644708,15.083077,5.00e-05,76591.49,76267520,N/A,2025-06-07 18:10:23
4655,2.998467,2.644708,15.083077,5.00e-05,76797.73,76283904,N/A,2025-06-07 18:10:23
4656,2.719707,2.644708,15.083077,5.00e-05,76835.71,76300288,N/A,2025-06-07 18:10:24
4657,2.109013,2.644708,15.083077,5.00e-05,77614.73,76316672,N/A,2025-06-07 18:10:24
4658,2.772377,2.644708,15.083077,5.00e-05,77776.57,76333056,N/A,2025-06-07 18:10:24
4659,2.727370,2.644708,15.083077,5.00e-05,79242.47,76349440,N/A,2025-06-07 18:10:24
4660,2.144162,2.644708,15.083077,5.00e-05,77988.22,76365824,1.0000,2025-06-07 18:10:24
4661,2.431187,2.644708,15.083077,5.00e-05,77976.70,76382208,N/A,2025-06-07 18:10:25
4662,3.031338,2.644708,15.083077,5.00e-05,78031.13,76398592,N/A,2025-06-07 18:10:25
4663,2.854032,2.644708,15.083077,5.00e-05,77850.53,76414976,N/A,2025-06-07 18:10:25
4664,2.789943,2.644708,15.083077,5.00e-05,77872.21,76431360,N/A,2025-06-07 18:10:25
4665,2.380688,2.644708,15.083077,5.00e-05,77869.97,76447744,N/A,2025-06-07 18:10:26
4666,2.717078,2.644708,15.083077,5.00e-05,77836.04,76464128,N/A,2025-06-07 18:10:26
4667,2.746219,2.644708,15.083077,5.00e-05,77936.49,76480512,N/A,2025-06-07 18:10:26
4668,1.851098,2.644708,15.083077,5.00e-05,77873.62,76496896,N/A,2025-06-07 18:10:26
4669,1.869043,2.644708,15.083077,5.00e-05,79079.36,76513280,N/A,2025-06-07 18:10:27
4670,2.088931,2.644708,15.083077,5.00e-05,77487.01,76529664,1.0000,2025-06-07 18:10:27
4671,2.434195,2.644708,15.083077,5.00e-05,76497.55,76546048,N/A,2025-06-07 18:10:27
4672,2.401047,2.644708,15.083077,5.00e-05,76451.63,76562432,N/A,2025-06-07 18:10:27
4673,2.147709,2.644708,15.083077,5.00e-05,76441.57,76578816,N/A,2025-06-07 18:10:28
4674,2.558802,2.644708,15.083077,5.00e-05,76502.26,76595200,N/A,2025-06-07 18:10:28
4675,3.350553,2.644708,15.083077,5.00e-05,76493.50,76611584,N/A,2025-06-07 18:10:28
4676,2.684035,2.644708,15.083077,5.00e-05,76521.89,76627968,N/A,2025-06-07 18:10:28
4677,2.341187,2.644708,15.083077,5.00e-05,76675.41,76644352,N/A,2025-06-07 18:10:28
4678,2.691878,2.644708,15.083077,5.00e-05,76842.24,76660736,N/A,2025-06-07 18:10:29
4679,3.154571,2.644708,15.083077,5.00e-05,78712.83,76677120,N/A,2025-06-07 18:10:29
4680,2.207078,2.644708,15.083077,5.00e-05,78339.10,76693504,1.0000,2025-06-07 18:10:29
4681,1.825562,2.644708,15.083077,5.00e-05,78664.82,76709888,N/A,2025-06-07 18:10:29
4682,3.535273,2.644708,15.083077,5.00e-05,78727.17,76726272,N/A,2025-06-07 18:10:30
4683,3.389663,2.644708,15.083077,5.00e-05,78841.85,76742656,N/A,2025-06-07 18:10:30
4684,1.789308,2.644708,15.083077,5.00e-05,78826.65,76759040,N/A,2025-06-07 18:10:30
4685,2.639560,2.644708,15.083077,5.00e-05,78702.59,76775424,N/A,2025-06-07 18:10:30
4686,2.365528,2.644708,15.083077,5.00e-05,78745.20,76791808,N/A,2025-06-07 18:10:31
4687,3.391089,2.644708,15.083077,5.00e-05,78634.08,76808192,N/A,2025-06-07 18:10:31
4688,2.864487,2.644708,15.083077,5.00e-05,78769.17,76824576,N/A,2025-06-07 18:10:31
4689,2.785006,2.644708,15.083077,5.00e-05,80058.71,76840960,N/A,2025-06-07 18:10:31
4690,2.043047,2.644708,15.083077,5.00e-05,78442.79,76857344,1.0000,2025-06-07 18:10:31
4691,3.475431,2.644708,15.083077,5.00e-05,78264.87,76873728,N/A,2025-06-07 18:10:32
4692,2.242219,2.644708,15.083077,5.00e-05,78211.57,76890112,N/A,2025-06-07 18:10:32
4693,2.241081,2.644708,15.083077,5.00e-05,78231.83,76906496,N/A,2025-06-07 18:10:32
4694,1.964407,2.644708,15.083077,5.00e-05,78127.46,76922880,N/A,2025-06-07 18:10:32
4695,3.697968,2.644708,15.083077,5.00e-05,78056.79,76939264,N/A,2025-06-07 18:10:33
4696,1.958681,2.644708,15.083077,5.00e-05,78023.29,76955648,N/A,2025-06-07 18:10:33
4697,1.449957,2.644708,15.083077,5.00e-05,77982.07,76972032,N/A,2025-06-07 18:10:33
4698,2.645081,2.644708,15.083077,5.00e-05,78008.54,76988416,N/A,2025-06-07 18:10:33
4699,2.057357,2.644708,15.083077,5.00e-05,79407.82,77004800,N/A,2025-06-07 18:10:34
4700,2.558553,2.644708,15.083077,5.00e-05,77838.38,77021184,1.0000,2025-06-07 18:10:34
4701,2.982116,2.644708,15.083077,5.00e-05,76376.35,77037568,N/A,2025-06-07 18:10:34
4702,2.784644,2.644708,15.083077,5.00e-05,76452.35,77053952,N/A,2025-06-07 18:10:34
4703,2.261908,2.644708,15.083077,5.00e-05,76530.56,77070336,N/A,2025-06-07 18:10:35
4704,2.715080,2.644708,15.083077,5.00e-05,76479.27,77086720,N/A,2025-06-07 18:10:35
4705,2.653217,2.644708,15.083077,5.00e-05,76473.24,77103104,N/A,2025-06-07 18:10:35
4706,2.273063,2.644708,15.083077,5.00e-05,76524.71,77119488,N/A,2025-06-07 18:10:35
4707,2.012712,2.644708,15.083077,5.00e-05,76321.51,77135872,N/A,2025-06-07 18:10:35
4708,2.029884,2.644708,15.083077,5.00e-05,75243.43,77152256,N/A,2025-06-07 18:10:36
4709,2.674323,2.644708,15.083077,5.00e-05,76640.02,77168640,N/A,2025-06-07 18:10:36
4710,1.809645,2.644708,15.083077,5.00e-05,75970.32,77185024,1.0000,2025-06-07 18:10:36
4711,1.617034,2.644708,15.083077,5.00e-05,75965.00,77201408,N/A,2025-06-07 18:10:36
4712,1.782149,2.644708,15.083077,5.00e-05,76071.36,77217792,N/A,2025-06-07 18:10:37
4713,3.034474,2.644708,15.083077,5.00e-05,76079.23,77234176,N/A,2025-06-07 18:10:37
4714,1.619473,2.644708,15.083077,5.00e-05,76300.47,77250560,N/A,2025-06-07 18:10:37
4715,1.858315,2.644708,15.083077,5.00e-05,76294.89,77266944,N/A,2025-06-07 18:10:37
4716,2.839337,2.644708,15.083077,5.00e-05,76630.12,77283328,N/A,2025-06-07 18:10:38
4717,2.486473,2.644708,15.083077,5.00e-05,77581.42,77299712,N/A,2025-06-07 18:10:38
4718,2.457737,2.644708,15.083077,5.00e-05,77732.34,77316096,N/A,2025-06-07 18:10:38
4719,2.149004,2.644708,15.083077,5.00e-05,79845.43,77332480,N/A,2025-06-07 18:10:38
4720,3.508422,2.644708,15.083077,5.00e-05,77130.73,77348864,1.0000,2025-06-07 18:10:39
4721,3.303432,2.644708,15.083077,5.00e-05,77077.97,77365248,N/A,2025-06-07 18:10:39
4722,2.185803,2.644708,15.083077,5.00e-05,77074.16,77381632,N/A,2025-06-07 18:10:39
4723,2.380516,2.644708,15.083077,5.00e-05,76325.04,77398016,N/A,2025-06-07 18:10:39
4724,2.683056,2.644708,15.083077,5.00e-05,76289.79,77414400,N/A,2025-06-07 18:10:40
4725,2.517529,2.644708,15.083077,5.00e-05,76112.80,77430784,N/A,2025-06-07 18:10:40
4726,2.998755,2.644708,15.083077,5.00e-05,76131.61,77447168,N/A,2025-06-07 18:10:40
4727,2.749430,2.644708,15.083077,5.00e-05,76095.56,77463552,N/A,2025-06-07 18:10:40
4728,1.464171,2.644708,15.083077,5.00e-05,76176.08,77479936,N/A,2025-06-07 18:10:40
4729,2.013421,2.644708,15.083077,5.00e-05,78674.09,77496320,N/A,2025-06-07 18:10:41
4730,2.500001,2.644708,15.083077,5.00e-05,76694.27,77512704,1.0000,2025-06-07 18:10:41
4731,2.926070,2.644708,15.083077,5.00e-05,76333.42,77529088,N/A,2025-06-07 18:10:41
4732,2.577801,2.644708,15.083077,5.00e-05,76932.67,77545472,N/A,2025-06-07 18:10:41
4733,2.535444,2.644708,15.083077,5.00e-05,76746.90,77561856,N/A,2025-06-07 18:10:42
4734,2.250858,2.644708,15.083077,5.00e-05,76842.64,77578240,N/A,2025-06-07 18:10:42
4735,2.301383,2.644708,15.083077,5.00e-05,76957.58,77594624,N/A,2025-06-07 18:10:42
4736,3.045256,2.644708,15.083077,5.00e-05,76653.98,77611008,N/A,2025-06-07 18:10:42
4737,3.527472,2.644708,15.083077,5.00e-05,76480.33,77627392,N/A,2025-06-07 18:10:43
4738,3.012224,2.644708,15.083077,5.00e-05,76299.87,77643776,N/A,2025-06-07 18:10:43
4739,2.399381,2.644708,15.083077,5.00e-05,78144.40,77660160,N/A,2025-06-07 18:10:43
4740,2.632562,2.644708,15.083077,5.00e-05,76402.41,77676544,1.0000,2025-06-07 18:10:43
4741,2.579776,2.644708,15.083077,5.00e-05,75569.34,77692928,N/A,2025-06-07 18:10:44
4742,2.298873,2.644708,15.083077,5.00e-05,75762.71,77709312,N/A,2025-06-07 18:10:44
4743,2.656467,2.644708,15.083077,5.00e-05,75567.95,77725696,N/A,2025-06-07 18:10:44
4744,1.620093,2.644708,15.083077,5.00e-05,75435.42,77742080,N/A,2025-06-07 18:10:44
4745,2.536797,2.644708,15.083077,5.00e-05,75776.07,77758464,N/A,2025-06-07 18:10:45
4746,2.883072,2.644708,15.083077,5.00e-05,75340.66,77774848,N/A,2025-06-07 18:10:45
4747,2.006032,2.644708,15.083077,5.00e-05,75465.11,77791232,N/A,2025-06-07 18:10:45
4748,2.691717,2.644708,15.083077,5.00e-05,75512.27,77807616,N/A,2025-06-07 18:10:45
4749,2.081674,2.644708,15.083077,5.00e-05,77396.39,77824000,N/A,2025-06-07 18:10:45
4750,2.553613,2.644708,15.083077,5.00e-05,76718.03,77840384,1.0000,2025-06-07 18:10:46
4751,2.500128,2.644708,15.083077,5.00e-05,76197.69,77856768,N/A,2025-06-07 18:10:46
4752,2.408366,2.644708,15.083077,5.00e-05,76316.56,77873152,N/A,2025-06-07 18:10:46
4753,3.087798,2.644708,15.083077,5.00e-05,76581.37,77889536,N/A,2025-06-07 18:10:46
4754,2.637544,2.644708,15.083077,5.00e-05,76413.66,77905920,N/A,2025-06-07 18:10:47
4755,2.404509,2.644708,15.083077,5.00e-05,76881.91,77922304,N/A,2025-06-07 18:10:47
4756,2.989843,2.644708,15.083077,5.00e-05,76925.93,77938688,N/A,2025-06-07 18:10:47
4757,2.563139,2.644708,15.083077,5.00e-05,76854.77,77955072,N/A,2025-06-07 18:10:47
4758,3.040097,2.644708,15.083077,5.00e-05,76904.21,77971456,N/A,2025-06-07 18:10:48
4759,1.690455,2.644708,15.083077,5.00e-05,78392.62,77987840,N/A,2025-06-07 18:10:48
4760,2.560226,2.644708,15.083077,5.00e-05,77399.75,78004224,1.0000,2025-06-07 18:10:48
4761,2.779332,2.644708,15.083077,5.00e-05,77519.47,78020608,N/A,2025-06-07 18:10:48
4762,3.421721,2.644708,15.083077,5.00e-05,76488.09,78036992,N/A,2025-06-07 18:10:49
4763,2.044693,2.644708,15.083077,5.00e-05,76692.28,78053376,N/A,2025-06-07 18:10:49
4764,2.162770,2.644708,15.083077,5.00e-05,76588.61,78069760,N/A,2025-06-07 18:10:49
4765,2.616050,2.644708,15.083077,5.00e-05,76724.07,78086144,N/A,2025-06-07 18:10:49
4766,1.749062,2.644708,15.083077,5.00e-05,76772.85,78102528,N/A,2025-06-07 18:10:49
4767,1.471846,2.644708,15.083077,5.00e-05,76951.46,78118912,N/A,2025-06-07 18:10:50
4768,2.011023,2.644708,15.083077,5.00e-05,77107.53,78135296,N/A,2025-06-07 18:10:50
4769,2.852214,2.644708,15.083077,5.00e-05,78415.89,78151680,N/A,2025-06-07 18:10:50
4770,3.007830,2.644708,15.083077,5.00e-05,76893.85,78168064,1.0000,2025-06-07 18:10:50
4771,3.454467,2.644708,15.083077,5.00e-05,77862.50,78184448,N/A,2025-06-07 18:10:51
4772,2.850029,2.644708,15.083077,5.00e-05,77748.41,78200832,N/A,2025-06-07 18:10:51
4773,3.083233,2.644708,15.083077,5.00e-05,77912.49,78217216,N/A,2025-06-07 18:10:51
4774,1.844895,2.644708,15.083077,5.00e-05,77868.20,78233600,N/A,2025-06-07 18:10:51
4775,2.161968,2.644708,15.083077,5.00e-05,77988.29,78249984,N/A,2025-06-07 18:10:52
4776,2.420192,2.644708,15.083077,5.00e-05,78010.86,78266368,N/A,2025-06-07 18:10:52
4777,2.059157,2.644708,15.083077,5.00e-05,77899.19,78282752,N/A,2025-06-07 18:10:52
4778,1.828523,2.644708,15.083077,5.00e-05,77959.32,78299136,N/A,2025-06-07 18:10:52
4779,3.132376,2.644708,15.083077,5.00e-05,79507.20,78315520,N/A,2025-06-07 18:10:52
4780,2.294701,2.644708,15.083077,5.00e-05,77669.45,78331904,1.0000,2025-06-07 18:10:53
4781,2.612829,2.644708,15.083077,5.00e-05,77872.78,78348288,N/A,2025-06-07 18:10:53
4782,2.338814,2.644708,15.083077,5.00e-05,77951.68,78364672,N/A,2025-06-07 18:10:53
4783,2.489063,2.644708,15.083077,5.00e-05,77311.86,78381056,N/A,2025-06-07 18:10:53
4784,2.482017,2.644708,15.083077,5.00e-05,77262.07,78397440,N/A,2025-06-07 18:10:54
4785,3.626651,2.644708,15.083077,5.00e-05,77241.87,78413824,N/A,2025-06-07 18:10:54
4786,2.328700,2.644708,15.083077,5.00e-05,77338.95,78430208,N/A,2025-06-07 18:10:54
4787,2.066714,2.644708,15.083077,5.00e-05,77515.56,78446592,N/A,2025-06-07 18:10:54
4788,1.989833,2.644708,15.083077,5.00e-05,77438.15,78462976,N/A,2025-06-07 18:10:55
4789,2.559796,2.644708,15.083077,5.00e-05,78356.99,78479360,N/A,2025-06-07 18:10:55
4790,3.019582,2.644708,15.083077,5.00e-05,76671.08,78495744,1.0000,2025-06-07 18:10:55
4791,2.068567,2.644708,15.083077,5.00e-05,76673.36,78512128,N/A,2025-06-07 18:10:55
4792,1.784035,2.644708,15.083077,5.00e-05,76396.92,78528512,N/A,2025-06-07 18:10:56
4793,2.003012,2.644708,15.083077,5.00e-05,76455.49,78544896,N/A,2025-06-07 18:10:56
4794,2.780276,2.644708,15.083077,5.00e-05,76495.83,78561280,N/A,2025-06-07 18:10:56
4795,2.601888,2.644708,15.083077,5.00e-05,76385.09,78577664,N/A,2025-06-07 18:10:56
4796,2.885142,2.644708,15.083077,5.00e-05,76218.07,78594048,N/A,2025-06-07 18:10:57
4797,2.489391,2.644708,15.083077,5.00e-05,76250.26,78610432,N/A,2025-06-07 18:10:57
4798,2.933821,2.644708,15.083077,5.00e-05,77022.36,78626816,N/A,2025-06-07 18:10:57
4799,2.838348,2.644708,15.083077,5.00e-05,78516.69,78643200,N/A,2025-06-07 18:10:57
4800,2.933368,2.644708,15.083077,5.00e-05,76294.19,78659584,1.0000,2025-06-07 18:10:58
4801,1.666231,2.644708,15.083077,5.00e-05,75956.65,78675968,N/A,2025-06-07 18:10:58
4802,3.135469,2.644708,15.083077,5.00e-05,75860.10,78692352,N/A,2025-06-07 18:10:58
4803,2.692619,2.644708,15.083077,5.00e-05,75463.75,78708736,N/A,2025-06-07 18:10:58
4804,2.760717,2.644708,15.083077,5.00e-05,75599.81,78725120,N/A,2025-06-07 18:10:58
4805,2.528625,2.644708,15.083077,5.00e-05,75719.56,78741504,N/A,2025-06-07 18:10:59
4806,2.313537,2.644708,15.083077,5.00e-05,75683.53,78757888,N/A,2025-06-07 18:10:59
4807,2.676314,2.644708,15.083077,5.00e-05,75873.67,78774272,N/A,2025-06-07 18:10:59
4808,2.592583,2.644708,15.083077,5.00e-05,75951.40,78790656,N/A,2025-06-07 18:10:59
4809,2.694802,2.644708,15.083077,5.00e-05,77241.54,78807040,N/A,2025-06-07 18:11:00
4810,3.496055,2.644708,15.083077,5.00e-05,77076.65,78823424,1.0000,2025-06-07 18:11:00
4811,2.671439,2.644708,15.083077,5.00e-05,77116.60,78839808,N/A,2025-06-07 18:11:00
4812,3.025813,2.644708,15.083077,5.00e-05,77504.70,78856192,N/A,2025-06-07 18:11:00
4813,2.340664,2.644708,15.083077,5.00e-05,77402.28,78872576,N/A,2025-06-07 18:11:01
4814,1.942849,2.644708,15.083077,5.00e-05,77183.87,78888960,N/A,2025-06-07 18:11:01
4815,3.470638,2.644708,15.083077,5.00e-05,77143.38,78905344,N/A,2025-06-07 18:11:01
4816,2.064559,2.644708,15.083077,5.00e-05,76933.81,78921728,N/A,2025-06-07 18:11:01
4817,2.520961,2.644708,15.083077,5.00e-05,76936.39,78938112,N/A,2025-06-07 18:11:02
4818,2.350284,2.644708,15.083077,5.00e-05,77690.60,78954496,N/A,2025-06-07 18:11:02
4819,2.735732,2.644708,15.083077,5.00e-05,79156.27,78970880,N/A,2025-06-07 18:11:02
4820,2.637881,2.644708,15.083077,5.00e-05,77611.40,78987264,1.0000,2025-06-07 18:11:02
4821,3.570229,2.644708,15.083077,5.00e-05,77594.71,79003648,N/A,2025-06-07 18:11:02
4822,2.512290,2.644708,15.083077,5.00e-05,77575.47,79020032,N/A,2025-06-07 18:11:03
4823,2.543278,2.644708,15.083077,5.00e-05,77728.00,79036416,N/A,2025-06-07 18:11:03
4824,1.946146,2.644708,15.083077,5.00e-05,77770.79,79052800,N/A,2025-06-07 18:11:03
4825,2.858093,2.644708,15.083077,5.00e-05,77895.90,79069184,N/A,2025-06-07 18:11:03
4826,2.143614,2.644708,15.083077,5.00e-05,77843.31,79085568,N/A,2025-06-07 18:11:04
4827,1.916788,2.644708,15.083077,5.00e-05,77877.08,79101952,N/A,2025-06-07 18:11:04
4828,2.155772,2.644708,15.083077,5.00e-05,77704.18,79118336,N/A,2025-06-07 18:11:04
4829,2.735759,2.644708,15.083077,5.00e-05,78720.09,79134720,N/A,2025-06-07 18:11:04
4830,2.809519,2.644708,15.083077,5.00e-05,76972.75,79151104,1.0000,2025-06-07 18:11:05
4831,1.566904,2.644708,15.083077,5.00e-05,77514.40,79167488,N/A,2025-06-07 18:11:05
4832,2.549553,2.644708,15.083077,5.00e-05,77671.87,79183872,N/A,2025-06-07 18:11:05
4833,2.247877,2.644708,15.083077,5.00e-05,77316.02,79200256,N/A,2025-06-07 18:11:05
4834,2.565079,2.644708,15.083077,5.00e-05,77140.96,79216640,N/A,2025-06-07 18:11:06
4835,3.097062,2.644708,15.083077,5.00e-05,77172.01,79233024,N/A,2025-06-07 18:11:06
4836,2.316333,2.644708,15.083077,5.00e-05,77238.54,79249408,N/A,2025-06-07 18:11:06
4837,2.001881,2.644708,15.083077,5.00e-05,77337.30,79265792,N/A,2025-06-07 18:11:06
4838,2.324331,2.644708,15.083077,5.00e-05,77715.58,79282176,N/A,2025-06-07 18:11:06
4839,3.320795,2.644708,15.083077,5.00e-05,79345.97,79298560,N/A,2025-06-07 18:11:07
4840,2.919517,2.644708,15.083077,5.00e-05,77296.67,79314944,1.0000,2025-06-07 18:11:07
4841,3.142076,2.644708,15.083077,5.00e-05,77210.15,79331328,N/A,2025-06-07 18:11:07
4842,1.770249,2.644708,15.083077,5.00e-05,77477.64,79347712,N/A,2025-06-07 18:11:07
4843,3.440997,2.644708,15.083077,5.00e-05,77665.91,79364096,N/A,2025-06-07 18:11:08
4844,2.516927,2.644708,15.083077,5.00e-05,77395.73,79380480,N/A,2025-06-07 18:11:08
4845,3.020713,2.644708,15.083077,5.00e-05,77084.29,79396864,N/A,2025-06-07 18:11:08
4846,2.385433,2.644708,15.083077,5.00e-05,77105.76,79413248,N/A,2025-06-07 18:11:08
4847,2.350700,2.644708,15.083077,5.00e-05,77337.67,79429632,N/A,2025-06-07 18:11:09
4848,3.011274,2.644708,15.083077,5.00e-05,77506.76,79446016,N/A,2025-06-07 18:11:09
4849,1.305903,2.644708,15.083077,5.00e-05,78740.81,79462400,N/A,2025-06-07 18:11:09
4850,3.001502,2.644708,15.083077,5.00e-05,77352.67,79478784,1.0000,2025-06-07 18:11:09
4851,2.825399,2.644708,15.083077,5.00e-05,77441.84,79495168,N/A,2025-06-07 18:11:10
4852,1.778376,2.644708,15.083077,5.00e-05,77253.53,79511552,N/A,2025-06-07 18:11:10
4853,2.473878,2.644708,15.083077,5.00e-05,77523.42,79527936,N/A,2025-06-07 18:11:10
4854,2.496804,2.644708,15.083077,5.00e-05,77741.75,79544320,N/A,2025-06-07 18:11:10
4855,1.962133,2.644708,15.083077,5.00e-05,77632.21,79560704,N/A,2025-06-07 18:11:10
4856,1.578132,2.644708,15.083077,5.00e-05,76999.93,79577088,N/A,2025-06-07 18:11:11
4857,2.887457,2.644708,15.083077,5.00e-05,76988.98,79593472,N/A,2025-06-07 18:11:11
4858,1.853146,2.644708,15.083077,5.00e-05,76969.43,79609856,N/A,2025-06-07 18:11:11
4859,2.991787,2.644708,15.083077,5.00e-05,78191.37,79626240,N/A,2025-06-07 18:11:11
4860,3.041111,2.644708,15.083077,5.00e-05,76102.02,79642624,1.0000,2025-06-07 18:11:12
4861,2.188183,2.644708,15.083077,5.00e-05,76242.60,79659008,N/A,2025-06-07 18:11:12
4862,3.218025,2.644708,15.083077,5.00e-05,76176.15,79675392,N/A,2025-06-07 18:11:12
4863,1.856460,2.644708,15.083077,5.00e-05,76245.62,79691776,N/A,2025-06-07 18:11:12
4864,2.936382,2.644708,15.083077,5.00e-05,76436.79,79708160,N/A,2025-06-07 18:11:13
4865,2.382507,2.644708,15.083077,5.00e-05,77044.08,79724544,N/A,2025-06-07 18:11:13
4866,1.831605,2.644708,15.083077,5.00e-05,77113.75,79740928,N/A,2025-06-07 18:11:13
4867,1.852634,2.644708,15.083077,5.00e-05,77472.00,79757312,N/A,2025-06-07 18:11:13
4868,2.234363,2.644708,15.083077,5.00e-05,77665.52,79773696,N/A,2025-06-07 18:11:13
4869,3.343481,2.644708,15.083077,5.00e-05,79288.09,79790080,N/A,2025-06-07 18:11:14
4870,2.480772,2.644708,15.083077,5.00e-05,77846.65,79806464,1.0000,2025-06-07 18:11:14
4871,1.784769,2.644708,15.083077,5.00e-05,77966.50,79822848,N/A,2025-06-07 18:11:14
4872,3.512867,2.644708,15.083077,5.00e-05,77763.09,79839232,N/A,2025-06-07 18:11:14
4873,1.935368,2.644708,15.083077,5.00e-05,77745.64,79855616,N/A,2025-06-07 18:11:15
4874,3.031116,2.644708,15.083077,5.00e-05,77538.05,79872000,N/A,2025-06-07 18:11:15
4875,2.399938,2.644708,15.083077,5.00e-05,77443.34,79888384,N/A,2025-06-07 18:11:15
4876,2.474575,2.644708,15.083077,5.00e-05,77458.39,79904768,N/A,2025-06-07 18:11:15
4877,2.542900,2.644708,15.083077,5.00e-05,77293.12,79921152,N/A,2025-06-07 18:11:16
4878,2.542597,2.644708,15.083077,5.00e-05,77183.16,79937536,N/A,2025-06-07 18:11:16
4879,2.044614,2.644708,15.083077,5.00e-05,78520.67,79953920,N/A,2025-06-07 18:11:16
4880,2.169624,2.644708,15.083077,5.00e-05,77169.06,79970304,1.0000,2025-06-07 18:11:16
4881,2.707956,2.644708,15.083077,5.00e-05,77449.69,79986688,N/A,2025-06-07 18:11:17
4882,2.322155,2.644708,15.083077,5.00e-05,77266.56,80003072,N/A,2025-06-07 18:11:17
4883,2.579607,2.644708,15.083077,5.00e-05,77413.20,80019456,N/A,2025-06-07 18:11:17
4884,2.604454,2.644708,15.083077,5.00e-05,77377.89,80035840,N/A,2025-06-07 18:11:17
4885,2.598265,2.644708,15.083077,5.00e-05,77328.86,80052224,N/A,2025-06-07 18:11:17
4886,2.759680,2.644708,15.083077,5.00e-05,77423.90,80068608,N/A,2025-06-07 18:11:18
4887,3.041849,2.644708,15.083077,5.00e-05,78168.22,80084992,N/A,2025-06-07 18:11:18
4888,2.129076,2.644708,15.083077,5.00e-05,77601.53,80101376,N/A,2025-06-07 18:11:18
4889,2.782358,2.644708,15.083077,5.00e-05,78844.42,80117760,N/A,2025-06-07 18:11:18
4890,3.034888,2.644708,15.083077,5.00e-05,77155.58,80134144,1.0000,2025-06-07 18:11:19
4891,2.951931,2.644708,15.083077,5.00e-05,77296.12,80150528,N/A,2025-06-07 18:11:19
4892,2.717367,2.644708,15.083077,5.00e-05,77324.16,80166912,N/A,2025-06-07 18:11:19
4893,1.690859,2.644708,15.083077,5.00e-05,77402.15,80183296,N/A,2025-06-07 18:11:19
4894,2.662925,2.644708,15.083077,5.00e-05,77353.26,80199680,N/A,2025-06-07 18:11:20
4895,2.449590,2.644708,15.083077,5.00e-05,76880.59,80216064,N/A,2025-06-07 18:11:20
4896,3.441405,2.644708,15.083077,5.00e-05,76738.01,80232448,N/A,2025-06-07 18:11:20
4897,2.511104,2.644708,15.083077,5.00e-05,77386.89,80248832,N/A,2025-06-07 18:11:20
4898,2.499582,2.644708,15.083077,5.00e-05,77235.55,80265216,N/A,2025-06-07 18:11:21
4899,2.076044,2.644708,15.083077,5.00e-05,78766.74,80281600,N/A,2025-06-07 18:11:21
4900,1.874357,2.644708,15.083077,5.00e-05,77210.68,80297984,1.0000,2025-06-07 18:11:21
4901,2.427299,2.644708,15.083077,5.00e-05,75833.48,80314368,N/A,2025-06-07 18:11:21
4902,2.895549,2.644708,15.083077,5.00e-05,75728.19,80330752,N/A,2025-06-07 18:11:22
4903,2.653115,2.644708,15.083077,5.00e-05,75521.43,80347136,N/A,2025-06-07 18:11:22
4904,2.120825,2.644708,15.083077,5.00e-05,75759.45,80363520,N/A,2025-06-07 18:11:22
4905,2.496403,2.644708,15.083077,5.00e-05,75773.37,80379904,N/A,2025-06-07 18:11:22
4906,3.213365,2.644708,15.083077,5.00e-05,75716.04,80396288,N/A,2025-06-07 18:11:22
4907,2.634278,2.644708,15.083077,5.00e-05,75774.11,80412672,N/A,2025-06-07 18:11:23
4908,2.841782,2.644708,15.083077,5.00e-05,75708.63,80429056,N/A,2025-06-07 18:11:23
4909,2.839373,2.644708,15.083077,5.00e-05,77104.54,80445440,N/A,2025-06-07 18:11:23
4910,2.192804,2.644708,15.083077,5.00e-05,77070.42,80461824,1.0000,2025-06-07 18:11:23
4911,2.338968,2.644708,15.083077,5.00e-05,77188.81,80478208,N/A,2025-06-07 18:11:24
4912,2.319806,2.644708,15.083077,5.00e-05,77358.52,80494592,N/A,2025-06-07 18:11:24
4913,2.191554,2.644708,15.083077,5.00e-05,77605.67,80510976,N/A,2025-06-07 18:11:24
4914,3.022001,2.644708,15.083077,5.00e-05,77712.89,80527360,N/A,2025-06-07 18:11:24
4915,2.677297,2.644708,15.083077,5.00e-05,77636.05,80543744,N/A,2025-06-07 18:11:25
4916,2.148038,2.644708,15.083077,5.00e-05,77553.63,80560128,N/A,2025-06-07 18:11:25
4917,2.801902,2.644708,15.083077,5.00e-05,77654.44,80576512,N/A,2025-06-07 18:11:25
4918,2.937268,2.644708,15.083077,5.00e-05,77716.29,80592896,N/A,2025-06-07 18:11:25
4919,3.151837,2.644708,15.083077,5.00e-05,79004.47,80609280,N/A,2025-06-07 18:11:26
4920,2.381213,2.644708,15.083077,5.00e-05,77634.04,80625664,1.0000,2025-06-07 18:11:26
4921,2.932528,2.644708,15.083077,5.00e-05,77806.44,80642048,N/A,2025-06-07 18:11:26
4922,1.684919,2.644708,15.083077,5.00e-05,77849.19,80658432,N/A,2025-06-07 18:11:26
4923,2.410821,2.644708,15.083077,5.00e-05,77896.57,80674816,N/A,2025-06-07 18:11:26
4924,1.889837,2.644708,15.083077,5.00e-05,77907.09,80691200,N/A,2025-06-07 18:11:27
4925,2.417916,2.644708,15.083077,5.00e-05,78138.38,80707584,N/A,2025-06-07 18:11:27
4926,2.444433,2.644708,15.083077,5.00e-05,78103.99,80723968,N/A,2025-06-07 18:11:27
4927,1.951420,2.644708,15.083077,5.00e-05,78186.36,80740352,N/A,2025-06-07 18:11:27
4928,2.843421,2.644708,15.083077,5.00e-05,78147.83,80756736,N/A,2025-06-07 18:11:28
4929,3.160203,2.644708,15.083077,5.00e-05,79398.08,80773120,N/A,2025-06-07 18:11:28
4930,1.874874,2.644708,15.083077,5.00e-05,77898.46,80789504,1.0000,2025-06-07 18:11:28
4931,2.241795,2.644708,15.083077,5.00e-05,77851.45,80805888,N/A,2025-06-07 18:11:28
4932,2.370627,2.644708,15.083077,5.00e-05,76870.68,80822272,N/A,2025-06-07 18:11:29
4933,1.931562,2.644708,15.083077,5.00e-05,76974.99,80838656,N/A,2025-06-07 18:11:29
4934,2.853453,2.644708,15.083077,5.00e-05,76896.73,80855040,N/A,2025-06-07 18:11:29
4935,2.943101,2.644708,15.083077,5.00e-05,77013.68,80871424,N/A,2025-06-07 18:11:29
4936,2.260513,2.644708,15.083077,5.00e-05,76901.75,80887808,N/A,2025-06-07 18:11:29
4937,2.345508,2.644708,15.083077,5.00e-05,76935.73,80904192,N/A,2025-06-07 18:11:30
4938,3.023583,2.644708,15.083077,5.00e-05,76938.72,80920576,N/A,2025-06-07 18:11:30
4939,1.931624,2.644708,15.083077,5.00e-05,78284.83,80936960,N/A,2025-06-07 18:11:30
4940,3.170400,2.644708,15.083077,5.00e-05,76772.17,80953344,1.0000,2025-06-07 18:11:30
4941,2.750542,2.644708,15.083077,5.00e-05,77614.91,80969728,N/A,2025-06-07 18:11:31
4942,2.447057,2.644708,15.083077,5.00e-05,77635.82,80986112,N/A,2025-06-07 18:11:31
4943,2.385376,2.644708,15.083077,5.00e-05,77405.13,81002496,N/A,2025-06-07 18:11:31
4944,2.012996,2.644708,15.083077,5.00e-05,77118.61,81018880,N/A,2025-06-07 18:11:31
4945,2.010710,2.644708,15.083077,5.00e-05,77259.94,81035264,N/A,2025-06-07 18:11:32
4946,1.755630,2.644708,15.083077,5.00e-05,77387.59,81051648,N/A,2025-06-07 18:11:32
4947,1.987007,2.644708,15.083077,5.00e-05,77514.29,81068032,N/A,2025-06-07 18:11:32
4948,2.986391,2.644708,15.083077,5.00e-05,77456.77,81084416,N/A,2025-06-07 18:11:32
4949,2.135542,2.644708,15.083077,5.00e-05,78233.50,81100800,N/A,2025-06-07 18:11:33
4950,3.212890,2.644708,15.083077,5.00e-05,76780.90,81117184,1.0000,2025-06-07 18:11:33
4951,3.079001,2.644708,15.083077,5.00e-05,76720.40,81133568,N/A,2025-06-07 18:11:33
4952,1.900024,2.644708,15.083077,5.00e-05,76896.21,81149952,N/A,2025-06-07 18:11:33
4953,2.484097,2.644708,15.083077,5.00e-05,77112.30,81166336,N/A,2025-06-07 18:11:34
4954,2.435106,2.644708,15.083077,5.00e-05,76982.43,81182720,N/A,2025-06-07 18:11:34
4955,3.127766,2.644708,15.083077,5.00e-05,76825.26,81199104,N/A,2025-06-07 18:11:34
4956,1.892539,2.644708,15.083077,5.00e-05,76736.23,81215488,N/A,2025-06-07 18:11:34
4957,1.818593,2.644708,15.083077,5.00e-05,76847.36,81231872,N/A,2025-06-07 18:11:34
4958,2.150377,2.644708,15.083077,5.00e-05,77603.68,81248256,N/A,2025-06-07 18:11:35
4959,2.015323,2.644708,15.083077,5.00e-05,79160.43,81264640,N/A,2025-06-07 18:11:35
4960,2.509472,2.644708,15.083077,5.00e-05,77849.28,81281024,1.0000,2025-06-07 18:11:35
4961,2.795734,2.644708,15.083077,5.00e-05,77925.65,81297408,N/A,2025-06-07 18:11:35
4962,2.351228,2.644708,15.083077,5.00e-05,77931.19,81313792,N/A,2025-06-07 18:11:36
4963,2.268482,2.644708,15.083077,5.00e-05,78050.77,81330176,N/A,2025-06-07 18:11:36
4964,3.803665,2.644708,15.083077,5.00e-05,78145.65,81346560,N/A,2025-06-07 18:11:36
4965,3.288270,2.644708,15.083077,5.00e-05,78184.99,81362944,N/A,2025-06-07 18:11:36
4966,2.412196,2.644708,15.083077,5.00e-05,77741.68,81379328,N/A,2025-06-07 18:11:37
4967,2.331054,2.644708,15.083077,5.00e-05,77768.62,81395712,N/A,2025-06-07 18:11:37
4968,2.909187,2.644708,15.083077,5.00e-05,76622.65,81412096,N/A,2025-06-07 18:11:37
4969,2.337977,2.644708,15.083077,5.00e-05,77923.81,81428480,N/A,2025-06-07 18:11:37
4970,1.816063,2.644708,15.083077,5.00e-05,76259.80,81444864,1.0000,2025-06-07 18:11:38
4971,3.245785,2.644708,15.083077,5.00e-05,76150.38,81461248,N/A,2025-06-07 18:11:38
4972,2.325538,2.644708,15.083077,5.00e-05,76096.60,81477632,N/A,2025-06-07 18:11:38
4973,2.359116,2.644708,15.083077,5.00e-05,76135.72,81494016,N/A,2025-06-07 18:11:38
4974,1.740783,2.644708,15.083077,5.00e-05,76125.97,81510400,N/A,2025-06-07 18:11:38
4975,2.773747,2.644708,15.083077,5.00e-05,76578.52,81526784,N/A,2025-06-07 18:11:39
4976,3.167192,2.644708,15.083077,5.00e-05,76464.23,81543168,N/A,2025-06-07 18:11:39
4977,2.294423,2.644708,15.083077,5.00e-05,77711.06,81559552,N/A,2025-06-07 18:11:39
4978,3.709582,2.644708,15.083077,5.00e-05,77748.54,81575936,N/A,2025-06-07 18:11:39
4979,1.463257,2.644708,15.083077,5.00e-05,79436.73,81592320,N/A,2025-06-07 18:11:40
4980,2.556969,2.644708,15.083077,5.00e-05,78119.36,81608704,1.0000,2025-06-07 18:11:40
4981,3.334187,2.644708,15.083077,5.00e-05,77356.43,81625088,N/A,2025-06-07 18:11:40
4982,2.921220,2.644708,15.083077,5.00e-05,77532.60,81641472,N/A,2025-06-07 18:11:40
4983,2.405703,2.644708,15.083077,5.00e-05,77579.80,81657856,N/A,2025-06-07 18:11:41
4984,1.419412,2.644708,15.083077,5.00e-05,77491.15,81674240,N/A,2025-06-07 18:11:41
4985,2.001901,2.644708,15.083077,5.00e-05,77608.72,81690624,N/A,2025-06-07 18:11:41
4986,1.918671,2.644708,15.083077,5.00e-05,77419.74,81707008,N/A,2025-06-07 18:11:41
4987,2.116544,2.644708,15.083077,5.00e-05,77528.09,81723392,N/A,2025-06-07 18:11:41
4988,2.053079,2.644708,15.083077,5.00e-05,77529.84,81739776,N/A,2025-06-07 18:11:42
4989,2.229748,2.644708,15.083077,5.00e-05,79016.85,81756160,N/A,2025-06-07 18:11:42
4990,2.105784,2.644708,15.083077,5.00e-05,78257.93,81772544,1.0000,2025-06-07 18:11:42
4991,2.123604,2.644708,15.083077,5.00e-05,78216.55,81788928,N/A,2025-06-07 18:11:42
4992,2.323656,2.644708,15.083077,5.00e-05,78202.51,81805312,N/A,2025-06-07 18:11:43
4993,3.077198,2.644708,15.083077,5.00e-05,78229.31,81821696,N/A,2025-06-07 18:11:43
4994,2.215600,2.644708,15.083077,5.00e-05,78255.41,81838080,N/A,2025-06-07 18:11:43
4995,1.344276,2.644708,15.083077,5.00e-05,78384.01,81854464,N/A,2025-06-07 18:11:43
4996,2.030180,2.644708,15.083077,5.00e-05,78275.18,81870848,N/A,2025-06-07 18:11:44
4997,1.770181,2.644708,15.083077,5.00e-05,78341.74,81887232,N/A,2025-06-07 18:11:44
4998,2.164413,2.644708,15.083077,5.00e-05,78236.55,81903616,N/A,2025-06-07 18:11:44
4999,1.681319,2.644708,15.083077,5.00e-05,79204.19,81920000,N/A,2025-06-07 18:11:44
5000,1.590806,2.449601,12.848612,5.00e-05,12378.95,81936384,N/A,2025-06-07 18:11:56
5001,2.083163,2.449601,12.848612,5.00e-05,12304.73,81952768,N/A,2025-06-07 18:11:56
5002,2.754220,2.449601,12.848612,5.00e-05,12298.65,81969152,N/A,2025-06-07 18:11:56
5003,2.504236,2.449601,12.848612,5.00e-05,12288.06,81985536,N/A,2025-06-07 18:11:56
5004,2.468247,2.449601,12.848612,5.00e-05,12279.88,82001920,N/A,2025-06-07 18:11:57
5005,2.791865,2.449601,12.848612,5.00e-05,12268.54,82018304,N/A,2025-06-07 18:11:57
5006,1.877667,2.449601,12.848612,5.00e-05,12256.12,82034688,N/A,2025-06-07 18:11:57
5007,2.421828,2.449601,12.848612,5.00e-05,12259.78,82051072,N/A,2025-06-07 18:11:57
5008,2.696033,2.449601,12.848612,5.00e-05,12269.99,82067456,N/A,2025-06-07 18:11:58
5009,2.054874,2.449601,12.848612,5.00e-05,74571.23,82083840,N/A,2025-06-07 18:11:58
5010,2.500048,2.449601,12.848612,5.00e-05,74848.96,82100224,1.0000,2025-06-07 18:11:58
5011,1.950870,2.449601,12.848612,5.00e-05,74547.24,82116608,N/A,2025-06-07 18:11:58
5012,2.255224,2.449601,12.848612,5.00e-05,74418.59,82132992,N/A,2025-06-07 18:11:59
5013,2.897392,2.449601,12.848612,5.00e-05,74269.69,82149376,N/A,2025-06-07 18:11:59
5014,3.301711,2.449601,12.848612,5.00e-05,74074.64,82165760,N/A,2025-06-07 18:11:59
5015,2.879297,2.449601,12.848612,5.00e-05,74207.75,82182144,N/A,2025-06-07 18:11:59
5016,2.543937,2.449601,12.848612,5.00e-05,74122.52,82198528,N/A,2025-06-07 18:12:00
5017,2.917711,2.449601,12.848612,5.00e-05,73985.27,82214912,N/A,2025-06-07 18:12:00
5018,1.695024,2.449601,12.848612,5.00e-05,73951.03,82231296,N/A,2025-06-07 18:12:00
5019,3.343212,2.449601,12.848612,5.00e-05,75571.77,82247680,N/A,2025-06-07 18:12:00
5020,3.493872,2.449601,12.848612,5.00e-05,74214.69,82264064,1.0000,2025-06-07 18:12:01
5021,2.193015,2.449601,12.848612,5.00e-05,74481.90,82280448,N/A,2025-06-07 18:12:01
5022,2.694520,2.449601,12.848612,5.00e-05,74508.42,82296832,N/A,2025-06-07 18:12:01
5023,2.268335,2.449601,12.848612,5.00e-05,74956.61,82313216,N/A,2025-06-07 18:12:01
5024,1.437674,2.449601,12.848612,5.00e-05,74761.45,82329600,N/A,2025-06-07 18:12:02
5025,2.882366,2.449601,12.848612,5.00e-05,74357.10,82345984,N/A,2025-06-07 18:12:02
5026,2.938862,2.449601,12.848612,5.00e-05,74317.22,82362368,N/A,2025-06-07 18:12:02
5027,2.268822,2.449601,12.848612,5.00e-05,74168.42,82378752,N/A,2025-06-07 18:12:02
5028,2.643150,2.449601,12.848612,5.00e-05,74912.06,82395136,N/A,2025-06-07 18:12:03
5029,2.381839,2.449601,12.848612,5.00e-05,76468.45,82411520,N/A,2025-06-07 18:12:03
5030,3.091082,2.449601,12.848612,5.00e-05,75093.19,82427904,1.0000,2025-06-07 18:12:03
5031,2.212015,2.449601,12.848612,5.00e-05,74708.77,82444288,N/A,2025-06-07 18:12:03
5032,2.486378,2.449601,12.848612,5.00e-05,74721.17,82460672,N/A,2025-06-07 18:12:04
5033,1.592699,2.449601,12.848612,5.00e-05,75169.53,82477056,N/A,2025-06-07 18:12:04
5034,3.163714,2.449601,12.848612,5.00e-05,75282.34,82493440,N/A,2025-06-07 18:12:04
5035,3.199576,2.449601,12.848612,5.00e-05,75578.77,82509824,N/A,2025-06-07 18:12:04
5036,2.528487,2.449601,12.848612,5.00e-05,76137.95,82526208,N/A,2025-06-07 18:12:04
5037,3.761851,2.449601,12.848612,5.00e-05,75706.46,82542592,N/A,2025-06-07 18:12:05
5038,2.844143,2.449601,12.848612,5.00e-05,75761.15,82558976,N/A,2025-06-07 18:12:05
5039,1.541181,2.449601,12.848612,5.00e-05,76826.84,82575360,N/A,2025-06-07 18:12:05
5040,2.378530,2.449601,12.848612,5.00e-05,75051.04,82591744,1.0000,2025-06-07 18:12:05
5041,3.188141,2.449601,12.848612,5.00e-05,75021.96,82608128,N/A,2025-06-07 18:12:06
5042,2.672695,2.449601,12.848612,5.00e-05,75040.56,82624512,N/A,2025-06-07 18:12:06
5043,2.996299,2.449601,12.848612,5.00e-05,75379.84,82640896,N/A,2025-06-07 18:12:06
5044,2.889351,2.449601,12.848612,5.00e-05,75350.73,82657280,N/A,2025-06-07 18:12:06
5045,2.386463,2.449601,12.848612,5.00e-05,75273.27,82673664,N/A,2025-06-07 18:12:07
5046,2.217563,2.449601,12.848612,5.00e-05,75523.54,82690048,N/A,2025-06-07 18:12:07
5047,2.802356,2.449601,12.848612,5.00e-05,75590.00,82706432,N/A,2025-06-07 18:12:07
5048,2.212870,2.449601,12.848612,5.00e-05,76189.86,82722816,N/A,2025-06-07 18:12:07
5049,2.748312,2.449601,12.848612,5.00e-05,78908.53,82739200,N/A,2025-06-07 18:12:08
5050,3.568437,2.449601,12.848612,5.00e-05,77621.73,82755584,1.0000,2025-06-07 18:12:08
5051,2.548060,2.449601,12.848612,5.00e-05,77729.45,82771968,N/A,2025-06-07 18:12:08
5052,2.642269,2.449601,12.848612,5.00e-05,77718.13,82788352,N/A,2025-06-07 18:12:08
5053,2.595552,2.449601,12.848612,5.00e-05,77810.92,82804736,N/A,2025-06-07 18:12:08
5054,2.128243,2.449601,12.848612,5.00e-05,77880.89,82821120,N/A,2025-06-07 18:12:09
5055,3.155498,2.449601,12.848612,5.00e-05,78164.42,82837504,N/A,2025-06-07 18:12:09
5056,2.497805,2.449601,12.848612,5.00e-05,78127.02,82853888,N/A,2025-06-07 18:12:09
5057,3.012337,2.449601,12.848612,5.00e-05,77998.86,82870272,N/A,2025-06-07 18:12:09
5058,2.532811,2.449601,12.848612,5.00e-05,77992.83,82886656,N/A,2025-06-07 18:12:10
5059,2.577669,2.449601,12.848612,5.00e-05,79331.60,82903040,N/A,2025-06-07 18:12:10
5060,2.816967,2.449601,12.848612,5.00e-05,77581.81,82919424,1.0000,2025-06-07 18:12:10
5061,2.247575,2.449601,12.848612,5.00e-05,77445.07,82935808,N/A,2025-06-07 18:12:10
5062,2.299548,2.449601,12.848612,5.00e-05,77235.00,82952192,N/A,2025-06-07 18:12:11
5063,2.811828,2.449601,12.848612,5.00e-05,76799.83,82968576,N/A,2025-06-07 18:12:11
5064,2.248033,2.449601,12.848612,5.00e-05,76428.74,82984960,N/A,2025-06-07 18:12:11
5065,2.922650,2.449601,12.848612,5.00e-05,76506.66,83001344,N/A,2025-06-07 18:12:11
5066,2.798062,2.449601,12.848612,5.00e-05,76084.17,83017728,N/A,2025-06-07 18:12:12
5067,1.663630,2.449601,12.848612,5.00e-05,75949.69,83034112,N/A,2025-06-07 18:12:12
5068,2.248410,2.449601,12.848612,5.00e-05,75878.06,83050496,N/A,2025-06-07 18:12:12
5069,2.664839,2.449601,12.848612,5.00e-05,77133.56,83066880,N/A,2025-06-07 18:12:12
5070,2.794255,2.449601,12.848612,5.00e-05,75596.62,83083264,1.0000,2025-06-07 18:12:13
5071,3.019789,2.449601,12.848612,5.00e-05,75637.13,83099648,N/A,2025-06-07 18:12:13
5072,2.403044,2.449601,12.848612,5.00e-05,75402.89,83116032,N/A,2025-06-07 18:12:13
5073,2.724563,2.449601,12.848612,5.00e-05,75620.61,83132416,N/A,2025-06-07 18:12:13
5074,3.332607,2.449601,12.848612,5.00e-05,75635.08,83148800,N/A,2025-06-07 18:12:13
5075,2.537868,2.449601,12.848612,5.00e-05,75915.22,83165184,N/A,2025-06-07 18:12:14
5076,3.213369,2.449601,12.848612,5.00e-05,75834.19,83181568,N/A,2025-06-07 18:12:14
5077,2.450634,2.449601,12.848612,5.00e-05,75700.53,83197952,N/A,2025-06-07 18:12:14
5078,2.083989,2.449601,12.848612,5.00e-05,73672.59,83214336,N/A,2025-06-07 18:12:15
5079,1.884220,2.449601,12.848612,5.00e-05,72106.04,83230720,N/A,2025-06-07 18:12:15
5080,2.272204,2.449601,12.848612,5.00e-05,70436.70,83247104,1.0000,2025-06-07 18:12:15
5081,2.828279,2.449601,12.848612,5.00e-05,70937.46,83263488,N/A,2025-06-07 18:12:15
5082,2.491271,2.449601,12.848612,5.00e-05,71079.59,83279872,N/A,2025-06-07 18:12:16
5083,2.267035,2.449601,12.848612,5.00e-05,71288.62,83296256,N/A,2025-06-07 18:12:16
5084,2.250046,2.449601,12.848612,5.00e-05,71312.20,83312640,N/A,2025-06-07 18:12:16
5085,3.003894,2.449601,12.848612,5.00e-05,71371.22,83329024,N/A,2025-06-07 18:12:16
5086,2.582687,2.449601,12.848612,5.00e-05,71650.18,83345408,N/A,2025-06-07 18:12:16
5087,2.085246,2.449601,12.848612,5.00e-05,74075.67,83361792,N/A,2025-06-07 18:12:17
5088,3.369898,2.449601,12.848612,5.00e-05,77364.41,83378176,N/A,2025-06-07 18:12:17
5089,2.271647,2.449601,12.848612,5.00e-05,79568.03,83394560,N/A,2025-06-07 18:12:17
5090,2.544360,2.449601,12.848612,5.00e-05,77837.20,83410944,1.0000,2025-06-07 18:12:17
5091,3.540682,2.449601,12.848612,5.00e-05,77785.25,83427328,N/A,2025-06-07 18:12:18
5092,2.166445,2.449601,12.848612,5.00e-05,77555.31,83443712,N/A,2025-06-07 18:12:18
5093,2.024160,2.449601,12.848612,5.00e-05,77589.21,83460096,N/A,2025-06-07 18:12:18
5094,1.998066,2.449601,12.848612,5.00e-05,77612.99,83476480,N/A,2025-06-07 18:12:18
5095,1.939770,2.449601,12.848612,5.00e-05,74536.64,83492864,N/A,2025-06-07 18:12:19
5096,3.074826,2.449601,12.848612,5.00e-05,74355.81,83509248,N/A,2025-06-07 18:12:19
5097,1.704504,2.449601,12.848612,5.00e-05,74515.77,83525632,N/A,2025-06-07 18:12:19
5098,3.056488,2.449601,12.848612,5.00e-05,74509.17,83542016,N/A,2025-06-07 18:12:19
5099,2.349933,2.449601,12.848612,5.00e-05,76052.27,83558400,N/A,2025-06-07 18:12:20
5100,2.779088,2.449601,12.848612,5.00e-05,74464.87,83574784,1.0000,2025-06-07 18:12:20
5101,1.966573,2.449601,12.848612,5.00e-05,73599.41,83591168,N/A,2025-06-07 18:12:20
5102,2.504893,2.449601,12.848612,5.00e-05,73810.54,83607552,N/A,2025-06-07 18:12:20
5103,2.885396,2.449601,12.848612,5.00e-05,73508.45,83623936,N/A,2025-06-07 18:12:21
5104,2.737060,2.449601,12.848612,5.00e-05,76507.74,83640320,N/A,2025-06-07 18:12:21
5105,2.348453,2.449601,12.848612,5.00e-05,76493.78,83656704,N/A,2025-06-07 18:12:21
5106,1.937479,2.449601,12.848612,5.00e-05,76291.45,83673088,N/A,2025-06-07 18:12:21
5107,2.587340,2.449601,12.848612,5.00e-05,76308.10,83689472,N/A,2025-06-07 18:12:22
5108,2.893465,2.449601,12.848612,5.00e-05,76414.93,83705856,N/A,2025-06-07 18:12:22
5109,2.196151,2.449601,12.848612,5.00e-05,78123.44,83722240,N/A,2025-06-07 18:12:22
5110,2.985202,2.449601,12.848612,5.00e-05,77658.30,83738624,1.0000,2025-06-07 18:12:22
5111,2.550408,2.449601,12.848612,5.00e-05,77371.53,83755008,N/A,2025-06-07 18:12:22
5112,3.289115,2.449601,12.848612,5.00e-05,77758.51,83771392,N/A,2025-06-07 18:12:23
5113,1.988089,2.449601,12.848612,5.00e-05,77868.05,83787776,N/A,2025-06-07 18:12:23
5114,2.974292,2.449601,12.848612,5.00e-05,77837.21,83804160,N/A,2025-06-07 18:12:23
5115,2.292869,2.449601,12.848612,5.00e-05,77887.11,83820544,N/A,2025-06-07 18:12:23
5116,2.594285,2.449601,12.848612,5.00e-05,77858.22,83836928,N/A,2025-06-07 18:12:24
5117,1.823915,2.449601,12.848612,5.00e-05,77788.94,83853312,N/A,2025-06-07 18:12:24
5118,2.336462,2.449601,12.848612,5.00e-05,77810.29,83869696,N/A,2025-06-07 18:12:24
5119,2.119679,2.449601,12.848612,5.00e-05,79261.47,83886080,N/A,2025-06-07 18:12:24
5120,2.060224,2.449601,12.848612,5.00e-05,77946.12,83902464,1.0000,2025-06-07 18:12:25
5121,1.866897,2.449601,12.848612,5.00e-05,77877.33,83918848,N/A,2025-06-07 18:12:25
5122,2.601731,2.449601,12.848612,5.00e-05,77638.47,83935232,N/A,2025-06-07 18:12:25
5123,2.257193,2.449601,12.848612,5.00e-05,77796.54,83951616,N/A,2025-06-07 18:12:25
5124,2.037751,2.449601,12.848612,5.00e-05,77870.92,83968000,N/A,2025-06-07 18:12:25
5125,2.766091,2.449601,12.848612,5.00e-05,77882.40,83984384,N/A,2025-06-07 18:12:26
5126,2.217783,2.449601,12.848612,5.00e-05,77835.98,84000768,N/A,2025-06-07 18:12:26
5127,2.937810,2.449601,12.848612,5.00e-05,77824.62,84017152,N/A,2025-06-07 18:12:26
5128,1.912744,2.449601,12.848612,5.00e-05,78023.08,84033536,N/A,2025-06-07 18:12:26
5129,2.347536,2.449601,12.848612,5.00e-05,79257.28,84049920,N/A,2025-06-07 18:12:27
5130,2.503091,2.449601,12.848612,5.00e-05,77428.36,84066304,1.0000,2025-06-07 18:12:27
5131,2.183856,2.449601,12.848612,5.00e-05,77588.72,84082688,N/A,2025-06-07 18:12:27
5132,2.694386,2.449601,12.848612,5.00e-05,77576.48,84099072,N/A,2025-06-07 18:12:27
5133,2.394865,2.449601,12.848612,5.00e-05,77557.89,84115456,N/A,2025-06-07 18:12:28
5134,2.752269,2.449601,12.848612,5.00e-05,77595.73,84131840,N/A,2025-06-07 18:12:28
5135,2.858932,2.449601,12.848612,5.00e-05,77869.83,84148224,N/A,2025-06-07 18:12:28
5136,2.070841,2.449601,12.848612,5.00e-05,77810.80,84164608,N/A,2025-06-07 18:12:28
5137,3.264338,2.449601,12.848612,5.00e-05,76863.44,84180992,N/A,2025-06-07 18:12:29
5138,2.648521,2.449601,12.848612,5.00e-05,76991.47,84197376,N/A,2025-06-07 18:12:29
5139,2.235960,2.449601,12.848612,5.00e-05,78912.47,84213760,N/A,2025-06-07 18:12:29
5140,1.977130,2.449601,12.848612,5.00e-05,77295.59,84230144,1.0000,2025-06-07 18:12:29
5141,1.929312,2.449601,12.848612,5.00e-05,77183.51,84246528,N/A,2025-06-07 18:12:30
5142,2.268188,2.449601,12.848612,5.00e-05,77136.83,84262912,N/A,2025-06-07 18:12:30
5143,2.584726,2.449601,12.848612,5.00e-05,76474.07,84279296,N/A,2025-06-07 18:12:30
5144,2.708845,2.449601,12.848612,5.00e-05,76267.65,84295680,N/A,2025-06-07 18:12:30
5145,1.747678,2.449601,12.848612,5.00e-05,76307.60,84312064,N/A,2025-06-07 18:12:30
5146,2.020636,2.449601,12.848612,5.00e-05,77250.20,84328448,N/A,2025-06-07 18:12:31
5147,2.631065,2.449601,12.848612,5.00e-05,76753.99,84344832,N/A,2025-06-07 18:12:31
5148,3.065742,2.449601,12.848612,5.00e-05,76725.83,84361216,N/A,2025-06-07 18:12:31
5149,2.749708,2.449601,12.848612,5.00e-05,78368.05,84377600,N/A,2025-06-07 18:12:31
5150,2.697661,2.449601,12.848612,5.00e-05,76908.26,84393984,1.0000,2025-06-07 18:12:32
5151,2.388402,2.449601,12.848612,5.00e-05,76985.17,84410368,N/A,2025-06-07 18:12:32
5152,2.257657,2.449601,12.848612,5.00e-05,76367.92,84426752,N/A,2025-06-07 18:12:32
5153,2.513673,2.449601,12.848612,5.00e-05,76433.45,84443136,N/A,2025-06-07 18:12:32
5154,2.221194,2.449601,12.848612,5.00e-05,76440.66,84459520,N/A,2025-06-07 18:12:33
5155,3.489692,2.449601,12.848612,5.00e-05,76403.92,84475904,N/A,2025-06-07 18:12:33
5156,2.149050,2.449601,12.848612,5.00e-05,77028.62,84492288,N/A,2025-06-07 18:12:33
5157,1.976461,2.449601,12.848612,5.00e-05,77133.73,84508672,N/A,2025-06-07 18:12:33
5158,2.927641,2.449601,12.848612,5.00e-05,77084.13,84525056,N/A,2025-06-07 18:12:33
5159,3.687312,2.449601,12.848612,5.00e-05,78552.61,84541440,N/A,2025-06-07 18:12:34
5160,2.666763,2.449601,12.848612,5.00e-05,76966.76,84557824,1.0000,2025-06-07 18:12:34
5161,2.324749,2.449601,12.848612,5.00e-05,78141.64,84574208,N/A,2025-06-07 18:12:34
5162,1.417009,2.449601,12.848612,5.00e-05,78111.86,84590592,N/A,2025-06-07 18:12:34
5163,2.371368,2.449601,12.848612,5.00e-05,77976.51,84606976,N/A,2025-06-07 18:12:35
5164,2.556007,2.449601,12.848612,5.00e-05,77429.04,84623360,N/A,2025-06-07 18:12:35
5165,3.090397,2.449601,12.848612,5.00e-05,77533.66,84639744,N/A,2025-06-07 18:12:35
5166,1.394686,2.449601,12.848612,5.00e-05,77592.63,84656128,N/A,2025-06-07 18:12:35
5167,2.498734,2.449601,12.848612,5.00e-05,77536.02,84672512,N/A,2025-06-07 18:12:36
5168,2.385701,2.449601,12.848612,5.00e-05,77613.67,84688896,N/A,2025-06-07 18:12:36
5169,2.265536,2.449601,12.848612,5.00e-05,79049.32,84705280,N/A,2025-06-07 18:12:36
5170,2.533295,2.449601,12.848612,5.00e-05,77491.20,84721664,1.0000,2025-06-07 18:12:36
5171,2.359766,2.449601,12.848612,5.00e-05,77356.29,84738048,N/A,2025-06-07 18:12:37
5172,1.918249,2.449601,12.848612,5.00e-05,77052.77,84754432,N/A,2025-06-07 18:12:37
5173,2.383474,2.449601,12.848612,5.00e-05,77492.50,84770816,N/A,2025-06-07 18:12:37
5174,2.523108,2.449601,12.848612,5.00e-05,77356.39,84787200,N/A,2025-06-07 18:12:37
5175,2.163032,2.449601,12.848612,5.00e-05,77214.43,84803584,N/A,2025-06-07 18:12:37
5176,2.993627,2.449601,12.848612,5.00e-05,77262.80,84819968,N/A,2025-06-07 18:12:38
5177,2.854348,2.449601,12.848612,5.00e-05,77284.60,84836352,N/A,2025-06-07 18:12:38
5178,2.843610,2.449601,12.848612,5.00e-05,77215.09,84852736,N/A,2025-06-07 18:12:38
5179,2.712693,2.449601,12.848612,5.00e-05,78491.62,84869120,N/A,2025-06-07 18:12:38
5180,1.870057,2.449601,12.848612,5.00e-05,77093.19,84885504,1.0000,2025-06-07 18:12:39
5181,2.703362,2.449601,12.848612,5.00e-05,77469.35,84901888,N/A,2025-06-07 18:12:39
5182,2.694395,2.449601,12.848612,5.00e-05,77750.43,84918272,N/A,2025-06-07 18:12:39
5183,2.623520,2.449601,12.848612,5.00e-05,77675.77,84934656,N/A,2025-06-07 18:12:39
5184,2.662170,2.449601,12.848612,5.00e-05,77626.10,84951040,N/A,2025-06-07 18:12:40
5185,2.302577,2.449601,12.848612,5.00e-05,77660.29,84967424,N/A,2025-06-07 18:12:40
5186,1.788196,2.449601,12.848612,5.00e-05,77515.02,84983808,N/A,2025-06-07 18:12:40
5187,2.776897,2.449601,12.848612,5.00e-05,77739.69,85000192,N/A,2025-06-07 18:12:40
5188,2.285354,2.449601,12.848612,5.00e-05,77847.19,85016576,N/A,2025-06-07 18:12:41
5189,3.211418,2.449601,12.848612,5.00e-05,79399.96,85032960,N/A,2025-06-07 18:12:41
5190,3.507046,2.449601,12.848612,5.00e-05,77742.05,85049344,1.0000,2025-06-07 18:12:41
5191,3.292058,2.449601,12.848612,5.00e-05,77233.88,85065728,N/A,2025-06-07 18:12:41
5192,2.070534,2.449601,12.848612,5.00e-05,77419.79,85082112,N/A,2025-06-07 18:12:41
5193,2.301512,2.449601,12.848612,5.00e-05,77492.14,85098496,N/A,2025-06-07 18:12:42
5194,2.854983,2.449601,12.848612,5.00e-05,77570.22,85114880,N/A,2025-06-07 18:12:42
5195,2.975865,2.449601,12.848612,5.00e-05,77680.65,85131264,N/A,2025-06-07 18:12:42
5196,2.410535,2.449601,12.848612,5.00e-05,77516.42,85147648,N/A,2025-06-07 18:12:42
5197,2.443797,2.449601,12.848612,5.00e-05,77546.29,85164032,N/A,2025-06-07 18:12:43
5198,2.326896,2.449601,12.848612,5.00e-05,77622.69,85180416,N/A,2025-06-07 18:12:43
5199,2.825201,2.449601,12.848612,5.00e-05,79320.32,85196800,N/A,2025-06-07 18:12:43
5200,2.330974,2.449601,12.848612,5.00e-05,78092.83,85213184,1.0000,2025-06-07 18:12:43
5201,2.404595,2.449601,12.848612,5.00e-05,76629.29,85229568,N/A,2025-06-07 18:12:44
5202,2.822640,2.449601,12.848612,5.00e-05,76574.95,85245952,N/A,2025-06-07 18:12:44
5203,2.487952,2.449601,12.848612,5.00e-05,76489.94,85262336,N/A,2025-06-07 18:12:44
5204,2.370853,2.449601,12.848612,5.00e-05,76388.56,85278720,N/A,2025-06-07 18:12:44
5205,3.259741,2.449601,12.848612,5.00e-05,76322.28,85295104,N/A,2025-06-07 18:12:45
5206,2.216843,2.449601,12.848612,5.00e-05,76525.09,85311488,N/A,2025-06-07 18:12:45
5207,2.762867,2.449601,12.848612,5.00e-05,75428.83,85327872,N/A,2025-06-07 18:12:45
5208,2.536864,2.449601,12.848612,5.00e-05,74430.19,85344256,N/A,2025-06-07 18:12:45
5209,2.240213,2.449601,12.848612,5.00e-05,75475.99,85360640,N/A,2025-06-07 18:12:46
5210,2.368041,2.449601,12.848612,5.00e-05,75279.70,85377024,1.0000,2025-06-07 18:12:46
5211,2.386531,2.449601,12.848612,5.00e-05,75262.34,85393408,N/A,2025-06-07 18:12:46
5212,2.720800,2.449601,12.848612,5.00e-05,75297.72,85409792,N/A,2025-06-07 18:12:46
5213,2.312643,2.449601,12.848612,5.00e-05,75349.03,85426176,N/A,2025-06-07 18:12:46
5214,2.639105,2.449601,12.848612,5.00e-05,75514.86,85442560,N/A,2025-06-07 18:12:47
5215,2.373997,2.449601,12.848612,5.00e-05,75483.33,85458944,N/A,2025-06-07 18:12:47
5216,2.646230,2.449601,12.848612,5.00e-05,76341.46,85475328,N/A,2025-06-07 18:12:47
5217,2.169006,2.449601,12.848612,5.00e-05,77241.30,85491712,N/A,2025-06-07 18:12:47
5218,2.865448,2.449601,12.848612,5.00e-05,77513.45,85508096,N/A,2025-06-07 18:12:48
5219,3.346048,2.449601,12.848612,5.00e-05,79100.22,85524480,N/A,2025-06-07 18:12:48
5220,2.106968,2.449601,12.848612,5.00e-05,77472.85,85540864,1.0000,2025-06-07 18:12:48
5221,2.040251,2.449601,12.848612,5.00e-05,77421.67,85557248,N/A,2025-06-07 18:12:48
5222,2.280771,2.449601,12.848612,5.00e-05,77188.90,85573632,N/A,2025-06-07 18:12:49
5223,2.769776,2.449601,12.848612,5.00e-05,76964.39,85590016,N/A,2025-06-07 18:12:49
5224,1.971414,2.449601,12.848612,5.00e-05,77167.93,85606400,N/A,2025-06-07 18:12:49
5225,2.863219,2.449601,12.848612,5.00e-05,77195.54,85622784,N/A,2025-06-07 18:12:49
5226,2.830970,2.449601,12.848612,5.00e-05,76647.68,85639168,N/A,2025-06-07 18:12:50
5227,1.920404,2.449601,12.848612,5.00e-05,76757.08,85655552,N/A,2025-06-07 18:12:50
5228,2.158445,2.449601,12.848612,5.00e-05,76230.19,85671936,N/A,2025-06-07 18:12:50
5229,2.652768,2.449601,12.848612,5.00e-05,77753.41,85688320,N/A,2025-06-07 18:12:50
5230,2.824705,2.449601,12.848612,5.00e-05,76216.29,85704704,1.0000,2025-06-07 18:12:51
5231,3.652912,2.449601,12.848612,5.00e-05,76515.25,85721088,N/A,2025-06-07 18:12:51
5232,1.851377,2.449601,12.848612,5.00e-05,76529.44,85737472,N/A,2025-06-07 18:12:51
5233,2.608756,2.449601,12.848612,5.00e-05,76293.77,85753856,N/A,2025-06-07 18:12:51
5234,1.401639,2.449601,12.848612,5.00e-05,76362.22,85770240,N/A,2025-06-07 18:12:51
5235,2.424699,2.449601,12.848612,5.00e-05,76366.79,85786624,N/A,2025-06-07 18:12:52
5236,2.211761,2.449601,12.848612,5.00e-05,76383.70,85803008,N/A,2025-06-07 18:12:52
5237,2.639918,2.449601,12.848612,5.00e-05,76896.96,85819392,N/A,2025-06-07 18:12:52
5238,2.468511,2.449601,12.848612,5.00e-05,76933.32,85835776,N/A,2025-06-07 18:12:52
5239,1.770447,2.449601,12.848612,5.00e-05,78278.15,85852160,N/A,2025-06-07 18:12:53
5240,2.696052,2.449601,12.848612,5.00e-05,76854.21,85868544,1.0000,2025-06-07 18:12:53
5241,2.764820,2.449601,12.848612,5.00e-05,77108.08,85884928,N/A,2025-06-07 18:12:53
5242,2.618999,2.449601,12.848612,5.00e-05,77076.44,85901312,N/A,2025-06-07 18:12:53
5243,2.692312,2.449601,12.848612,5.00e-05,76881.20,85917696,N/A,2025-06-07 18:12:54
5244,2.154948,2.449601,12.848612,5.00e-05,77476.31,85934080,N/A,2025-06-07 18:12:54
5245,1.778381,2.449601,12.848612,5.00e-05,76418.66,85950464,N/A,2025-06-07 18:12:54
5246,1.487786,2.449601,12.848612,5.00e-05,76229.17,85966848,N/A,2025-06-07 18:12:54
5247,3.040789,2.449601,12.848612,5.00e-05,76249.76,85983232,N/A,2025-06-07 18:12:55
5248,2.883019,2.449601,12.848612,5.00e-05,76491.05,85999616,N/A,2025-06-07 18:12:55
5249,2.029017,2.449601,12.848612,5.00e-05,77735.54,86016000,N/A,2025-06-07 18:12:55
5250,2.546136,2.449601,12.848612,5.00e-05,76385.55,86032384,1.0000,2025-06-07 18:12:55
5251,2.671105,2.449601,12.848612,5.00e-05,76312.07,86048768,N/A,2025-06-07 18:12:55
5252,3.010377,2.449601,12.848612,5.00e-05,76517.25,86065152,N/A,2025-06-07 18:12:56
5253,2.164669,2.449601,12.848612,5.00e-05,76645.53,86081536,N/A,2025-06-07 18:12:56
5254,1.458605,2.449601,12.848612,5.00e-05,77760.29,86097920,N/A,2025-06-07 18:12:56
5255,2.426119,2.449601,12.848612,5.00e-05,78020.95,86114304,N/A,2025-06-07 18:12:56
5256,1.981423,2.449601,12.848612,5.00e-05,78051.96,86130688,N/A,2025-06-07 18:12:57
5257,2.383031,2.449601,12.848612,5.00e-05,77864.34,86147072,N/A,2025-06-07 18:12:57
5258,2.481134,2.449601,12.848612,5.00e-05,77903.39,86163456,N/A,2025-06-07 18:12:57
5259,2.250765,2.449601,12.848612,5.00e-05,78874.13,86179840,N/A,2025-06-07 18:12:57
5260,2.692842,2.449601,12.848612,5.00e-05,76987.74,86196224,1.0000,2025-06-07 18:12:58
5261,2.295344,2.449601,12.848612,5.00e-05,77067.21,86212608,N/A,2025-06-07 18:12:58
5262,2.198292,2.449601,12.848612,5.00e-05,76934.86,86228992,N/A,2025-06-07 18:12:58
5263,2.067741,2.449601,12.848612,5.00e-05,76879.27,86245376,N/A,2025-06-07 18:12:58
5264,2.195094,2.449601,12.848612,5.00e-05,76906.83,86261760,N/A,2025-06-07 18:12:59
5265,2.106428,2.449601,12.848612,5.00e-05,76730.99,86278144,N/A,2025-06-07 18:12:59
5266,1.997019,2.449601,12.848612,5.00e-05,76442.03,86294528,N/A,2025-06-07 18:12:59
5267,2.697603,2.449601,12.848612,5.00e-05,76342.69,86310912,N/A,2025-06-07 18:12:59
5268,3.949890,2.449601,12.848612,5.00e-05,76633.88,86327296,N/A,2025-06-07 18:12:59
5269,1.854128,2.449601,12.848612,5.00e-05,78358.82,86343680,N/A,2025-06-07 18:13:00
5270,2.292881,2.449601,12.848612,5.00e-05,76791.58,86360064,1.0000,2025-06-07 18:13:00
5271,2.396619,2.449601,12.848612,5.00e-05,76248.84,86376448,N/A,2025-06-07 18:13:00
5272,3.126169,2.449601,12.848612,5.00e-05,76239.34,86392832,N/A,2025-06-07 18:13:00
5273,1.591264,2.449601,12.848612,5.00e-05,76329.05,86409216,N/A,2025-06-07 18:13:01
5274,2.050847,2.449601,12.848612,5.00e-05,76538.92,86425600,N/A,2025-06-07 18:13:01
5275,1.804111,2.449601,12.848612,5.00e-05,76903.62,86441984,N/A,2025-06-07 18:13:01
5276,2.619410,2.449601,12.848612,5.00e-05,76637.74,86458368,N/A,2025-06-07 18:13:01
5277,2.975508,2.449601,12.848612,5.00e-05,76700.73,86474752,N/A,2025-06-07 18:13:02
5278,3.743575,2.449601,12.848612,5.00e-05,76974.19,86491136,N/A,2025-06-07 18:13:02
5279,1.943390,2.449601,12.848612,5.00e-05,78254.18,86507520,N/A,2025-06-07 18:13:02
5280,2.535688,2.449601,12.848612,5.00e-05,77498.81,86523904,1.0000,2025-06-07 18:13:02
5281,1.961508,2.449601,12.848612,5.00e-05,77664.45,86540288,N/A,2025-06-07 18:13:03
5282,1.786531,2.449601,12.848612,5.00e-05,77374.11,86556672,N/A,2025-06-07 18:13:03
5283,2.893645,2.449601,12.848612,5.00e-05,77248.13,86573056,N/A,2025-06-07 18:13:03
5284,2.642254,2.449601,12.848612,5.00e-05,77390.80,86589440,N/A,2025-06-07 18:13:03
5285,2.205443,2.449601,12.848612,5.00e-05,77830.57,86605824,N/A,2025-06-07 18:13:03
5286,2.816695,2.449601,12.848612,5.00e-05,77838.58,86622208,N/A,2025-06-07 18:13:04
5287,1.902364,2.449601,12.848612,5.00e-05,77774.66,86638592,N/A,2025-06-07 18:13:04
5288,2.425023,2.449601,12.848612,5.00e-05,78083.38,86654976,N/A,2025-06-07 18:13:04
5289,2.941935,2.449601,12.848612,5.00e-05,78977.00,86671360,N/A,2025-06-07 18:13:04
5290,2.516832,2.449601,12.848612,5.00e-05,77182.05,86687744,1.0000,2025-06-07 18:13:05
5291,2.584912,2.449601,12.848612,5.00e-05,77277.58,86704128,N/A,2025-06-07 18:13:05
5292,2.578088,2.449601,12.848612,5.00e-05,77373.72,86720512,N/A,2025-06-07 18:13:05
5293,0.964377,2.449601,12.848612,5.00e-05,77308.71,86736896,N/A,2025-06-07 18:13:05
5294,2.526015,2.449601,12.848612,5.00e-05,77333.15,86753280,N/A,2025-06-07 18:13:06
5295,2.146890,2.449601,12.848612,5.00e-05,77399.28,86769664,N/A,2025-06-07 18:13:06
5296,3.092875,2.449601,12.848612,5.00e-05,77553.46,86786048,N/A,2025-06-07 18:13:06
5297,1.933985,2.449601,12.848612,5.00e-05,76391.19,86802432,N/A,2025-06-07 18:13:06
5298,2.469713,2.449601,12.848612,5.00e-05,76779.03,86818816,N/A,2025-06-07 18:13:07
5299,2.513105,2.449601,12.848612,5.00e-05,78284.60,86835200,N/A,2025-06-07 18:13:07
5300,2.242419,2.449601,12.848612,5.00e-05,75773.86,86851584,1.0000,2025-06-07 18:13:07
5301,3.089066,2.449601,12.848612,5.00e-05,74533.34,86867968,N/A,2025-06-07 18:13:07
5302,2.568555,2.449601,12.848612,5.00e-05,74560.88,86884352,N/A,2025-06-07 18:13:08
5303,3.827190,2.449601,12.848612,5.00e-05,74503.60,86900736,N/A,2025-06-07 18:13:08
5304,2.888922,2.449601,12.848612,5.00e-05,74462.14,86917120,N/A,2025-06-07 18:13:08
5305,1.751308,2.449601,12.848612,5.00e-05,73580.21,86933504,N/A,2025-06-07 18:13:08
5306,2.262927,2.449601,12.848612,5.00e-05,74631.06,86949888,N/A,2025-06-07 18:13:09
5307,3.680292,2.449601,12.848612,5.00e-05,74605.49,86966272,N/A,2025-06-07 18:13:09
5308,3.349382,2.449601,12.848612,5.00e-05,74516.41,86982656,N/A,2025-06-07 18:13:09
5309,1.870764,2.449601,12.848612,5.00e-05,76920.38,86999040,N/A,2025-06-07 18:13:09
5310,1.722946,2.449601,12.848612,5.00e-05,76788.58,87015424,1.0000,2025-06-07 18:13:09
5311,2.499415,2.449601,12.848612,5.00e-05,76578.80,87031808,N/A,2025-06-07 18:13:10
5312,2.062863,2.449601,12.848612,5.00e-05,76540.80,87048192,N/A,2025-06-07 18:13:10
5313,2.196742,2.449601,12.848612,5.00e-05,76543.52,87064576,N/A,2025-06-07 18:13:10
5314,2.379957,2.449601,12.848612,5.00e-05,76733.96,87080960,N/A,2025-06-07 18:13:10
5315,3.269217,2.449601,12.848612,5.00e-05,76700.14,87097344,N/A,2025-06-07 18:13:11
5316,2.967587,2.449601,12.848612,5.00e-05,76739.54,87113728,N/A,2025-06-07 18:13:11
5317,2.764518,2.449601,12.848612,5.00e-05,76879.37,87130112,N/A,2025-06-07 18:13:11
5318,2.316139,2.449601,12.848612,5.00e-05,76978.46,87146496,N/A,2025-06-07 18:13:11
5319,2.106241,2.449601,12.848612,5.00e-05,78219.30,87162880,N/A,2025-06-07 18:13:12
5320,2.049639,2.449601,12.848612,5.00e-05,75949.07,87179264,1.0000,2025-06-07 18:13:12
5321,1.790634,2.449601,12.848612,5.00e-05,75806.66,87195648,N/A,2025-06-07 18:13:12
5322,3.192920,2.449601,12.848612,5.00e-05,75092.05,87212032,N/A,2025-06-07 18:13:12
5323,1.769653,2.449601,12.848612,5.00e-05,75675.73,87228416,N/A,2025-06-07 18:13:13
5324,3.439150,2.449601,12.848612,5.00e-05,75686.87,87244800,N/A,2025-06-07 18:13:13
5325,1.873095,2.449601,12.848612,5.00e-05,75270.90,87261184,N/A,2025-06-07 18:13:13
5326,2.850805,2.449601,12.848612,5.00e-05,75202.98,87277568,N/A,2025-06-07 18:13:13
5327,2.885036,2.449601,12.848612,5.00e-05,75098.59,87293952,N/A,2025-06-07 18:13:14
5328,2.653351,2.449601,12.848612,5.00e-05,75255.05,87310336,N/A,2025-06-07 18:13:14
5329,2.640883,2.449601,12.848612,5.00e-05,77660.40,87326720,N/A,2025-06-07 18:13:14
5330,2.840686,2.449601,12.848612,5.00e-05,76228.54,87343104,1.0000,2025-06-07 18:13:14
5331,2.389896,2.449601,12.848612,5.00e-05,76288.39,87359488,N/A,2025-06-07 18:13:15
5332,2.800423,2.449601,12.848612,5.00e-05,76370.32,87375872,N/A,2025-06-07 18:13:15
5333,2.620936,2.449601,12.848612,5.00e-05,75754.71,87392256,N/A,2025-06-07 18:13:15
5334,2.662317,2.449601,12.848612,5.00e-05,76395.80,87408640,N/A,2025-06-07 18:13:15
5335,2.294066,2.449601,12.848612,5.00e-05,76492.04,87425024,N/A,2025-06-07 18:13:15
5336,2.310320,2.449601,12.848612,5.00e-05,76579.21,87441408,N/A,2025-06-07 18:13:16
5337,2.001338,2.449601,12.848612,5.00e-05,76686.53,87457792,N/A,2025-06-07 18:13:16
5338,3.317663,2.449601,12.848612,5.00e-05,76713.88,87474176,N/A,2025-06-07 18:13:16
5339,2.916459,2.449601,12.848612,5.00e-05,78436.28,87490560,N/A,2025-06-07 18:13:16
5340,2.855335,2.449601,12.848612,5.00e-05,77580.66,87506944,1.0000,2025-06-07 18:13:17
5341,2.624168,2.449601,12.848612,5.00e-05,77216.57,87523328,N/A,2025-06-07 18:13:17
5342,3.170210,2.449601,12.848612,5.00e-05,77742.94,87539712,N/A,2025-06-07 18:13:17
5343,2.366505,2.449601,12.848612,5.00e-05,77637.98,87556096,N/A,2025-06-07 18:13:17
5344,2.252978,2.449601,12.848612,5.00e-05,77476.09,87572480,N/A,2025-06-07 18:13:18
5345,2.238025,2.449601,12.848612,5.00e-05,77390.01,87588864,N/A,2025-06-07 18:13:18
5346,3.347018,2.449601,12.848612,5.00e-05,77400.58,87605248,N/A,2025-06-07 18:13:18
5347,2.574687,2.449601,12.848612,5.00e-05,77018.21,87621632,N/A,2025-06-07 18:13:18
5348,1.725759,2.449601,12.848612,5.00e-05,76999.18,87638016,N/A,2025-06-07 18:13:18
5349,2.660445,2.449601,12.848612,5.00e-05,78390.48,87654400,N/A,2025-06-07 18:13:19
5350,3.644496,2.449601,12.848612,5.00e-05,77291.98,87670784,1.0000,2025-06-07 18:13:19
5351,1.887812,2.449601,12.848612,5.00e-05,77468.85,87687168,N/A,2025-06-07 18:13:19
5352,2.539685,2.449601,12.848612,5.00e-05,77501.96,87703552,N/A,2025-06-07 18:13:19
5353,2.221350,2.449601,12.848612,5.00e-05,77833.93,87719936,N/A,2025-06-07 18:13:20
5354,3.243970,2.449601,12.848612,5.00e-05,77967.21,87736320,N/A,2025-06-07 18:13:20
5355,2.332107,2.449601,12.848612,5.00e-05,77711.49,87752704,N/A,2025-06-07 18:13:20
5356,3.079866,2.449601,12.848612,5.00e-05,77109.22,87769088,N/A,2025-06-07 18:13:20
5357,2.607926,2.449601,12.848612,5.00e-05,77127.64,87785472,N/A,2025-06-07 18:13:21
5358,1.876396,2.449601,12.848612,5.00e-05,77310.32,87801856,N/A,2025-06-07 18:13:21
5359,2.762848,2.449601,12.848612,5.00e-05,78705.33,87818240,N/A,2025-06-07 18:13:21
5360,2.132292,2.449601,12.848612,5.00e-05,77023.34,87834624,1.0000,2025-06-07 18:13:21
5361,2.333035,2.449601,12.848612,5.00e-05,76441.35,87851008,N/A,2025-06-07 18:13:22
5362,3.114502,2.449601,12.848612,5.00e-05,76319.67,87867392,N/A,2025-06-07 18:13:22
5363,2.514369,2.449601,12.848612,5.00e-05,76368.82,87883776,N/A,2025-06-07 18:13:22
5364,3.328718,2.449601,12.848612,5.00e-05,76341.64,87900160,N/A,2025-06-07 18:13:22
5365,2.455811,2.449601,12.848612,5.00e-05,77253.67,87916544,N/A,2025-06-07 18:13:22
5366,2.222680,2.449601,12.848612,5.00e-05,76947.35,87932928,N/A,2025-06-07 18:13:23
5367,2.437730,2.449601,12.848612,5.00e-05,76903.41,87949312,N/A,2025-06-07 18:13:23
5368,2.042405,2.449601,12.848612,5.00e-05,76962.29,87965696,N/A,2025-06-07 18:13:23
5369,3.278409,2.449601,12.848612,5.00e-05,78517.53,87982080,N/A,2025-06-07 18:13:23
5370,2.728798,2.449601,12.848612,5.00e-05,77353.50,87998464,1.0000,2025-06-07 18:13:24
5371,2.723897,2.449601,12.848612,5.00e-05,77415.94,88014848,N/A,2025-06-07 18:13:24
5372,2.860060,2.449601,12.848612,5.00e-05,77404.90,88031232,N/A,2025-06-07 18:13:24
5373,2.444324,2.449601,12.848612,5.00e-05,77572.81,88047616,N/A,2025-06-07 18:13:24
5374,2.151532,2.449601,12.848612,5.00e-05,77799.04,88064000,N/A,2025-06-07 18:13:25
5375,1.860589,2.449601,12.848612,5.00e-05,78014.02,88080384,N/A,2025-06-07 18:13:25
5376,2.536362,2.449601,12.848612,5.00e-05,78113.38,88096768,N/A,2025-06-07 18:13:25
5377,2.127316,2.449601,12.848612,5.00e-05,78086.02,88113152,N/A,2025-06-07 18:13:25
5378,2.102908,2.449601,12.848612,5.00e-05,77538.46,88129536,N/A,2025-06-07 18:13:26
5379,2.911844,2.449601,12.848612,5.00e-05,79460.55,88145920,N/A,2025-06-07 18:13:26
5380,1.875384,2.449601,12.848612,5.00e-05,77735.89,88162304,1.0000,2025-06-07 18:13:26
5381,1.773473,2.449601,12.848612,5.00e-05,77654.36,88178688,N/A,2025-06-07 18:13:26
5382,2.272656,2.449601,12.848612,5.00e-05,77598.76,88195072,N/A,2025-06-07 18:13:26
5383,2.817499,2.449601,12.848612,5.00e-05,77075.67,88211456,N/A,2025-06-07 18:13:27
5384,2.861527,2.449601,12.848612,5.00e-05,77083.49,88227840,N/A,2025-06-07 18:13:27
5385,2.063694,2.449601,12.848612,5.00e-05,76888.12,88244224,N/A,2025-06-07 18:13:27
5386,2.376990,2.449601,12.848612,5.00e-05,76814.10,88260608,N/A,2025-06-07 18:13:27
5387,2.603090,2.449601,12.848612,5.00e-05,77349.45,88276992,N/A,2025-06-07 18:13:28
5388,2.110167,2.449601,12.848612,5.00e-05,77292.32,88293376,N/A,2025-06-07 18:13:28
5389,2.923207,2.449601,12.848612,5.00e-05,78833.33,88309760,N/A,2025-06-07 18:13:28
5390,2.092105,2.449601,12.848612,5.00e-05,77127.30,88326144,1.0000,2025-06-07 18:13:28
5391,3.115895,2.449601,12.848612,5.00e-05,77209.48,88342528,N/A,2025-06-07 18:13:29
5392,2.137395,2.449601,12.848612,5.00e-05,77478.36,88358912,N/A,2025-06-07 18:13:29
5393,2.437596,2.449601,12.848612,5.00e-05,77582.58,88375296,N/A,2025-06-07 18:13:29
5394,2.104091,2.449601,12.848612,5.00e-05,77651.85,88391680,N/A,2025-06-07 18:13:29
5395,1.932609,2.449601,12.848612,5.00e-05,77900.24,88408064,N/A,2025-06-07 18:13:30
5396,2.845269,2.449601,12.848612,5.00e-05,78046.22,88424448,N/A,2025-06-07 18:13:30
5397,3.409067,2.449601,12.848612,5.00e-05,78041.08,88440832,N/A,2025-06-07 18:13:30
5398,2.020898,2.449601,12.848612,5.00e-05,78177.54,88457216,N/A,2025-06-07 18:13:30
5399,2.170542,2.449601,12.848612,5.00e-05,78939.63,88473600,N/A,2025-06-07 18:13:30
5400,3.376647,2.449601,12.848612,5.00e-05,76943.14,88489984,1.0000,2025-06-07 18:13:31
5401,1.787669,2.449601,12.848612,5.00e-05,75496.92,88506368,N/A,2025-06-07 18:13:31
5402,1.865522,2.449601,12.848612,5.00e-05,75482.73,88522752,N/A,2025-06-07 18:13:31
5403,2.295244,2.449601,12.848612,5.00e-05,75486.50,88539136,N/A,2025-06-07 18:13:31
5404,2.123202,2.449601,12.848612,5.00e-05,75414.49,88555520,N/A,2025-06-07 18:13:32
5405,1.986582,2.449601,12.848612,5.00e-05,75320.51,88571904,N/A,2025-06-07 18:13:32
5406,3.469776,2.449601,12.848612,5.00e-05,75191.03,88588288,N/A,2025-06-07 18:13:32
5407,2.820775,2.449601,12.848612,5.00e-05,75193.54,88604672,N/A,2025-06-07 18:13:32
5408,2.185627,2.449601,12.848612,5.00e-05,76014.12,88621056,N/A,2025-06-07 18:13:33
5409,1.664960,2.449601,12.848612,5.00e-05,78107.67,88637440,N/A,2025-06-07 18:13:33
5410,1.731147,2.449601,12.848612,5.00e-05,77897.01,88653824,1.0000,2025-06-07 18:13:33
5411,1.727521,2.449601,12.848612,5.00e-05,77498.57,88670208,N/A,2025-06-07 18:13:33
5412,2.393392,2.449601,12.848612,5.00e-05,77559.53,88686592,N/A,2025-06-07 18:13:34
5413,2.460622,2.449601,12.848612,5.00e-05,77283.34,88702976,N/A,2025-06-07 18:13:34
5414,1.653105,2.449601,12.848612,5.00e-05,77379.91,88719360,N/A,2025-06-07 18:13:34
5415,2.848675,2.449601,12.848612,5.00e-05,77149.31,88735744,N/A,2025-06-07 18:13:34
5416,2.943464,2.449601,12.848612,5.00e-05,77059.85,88752128,N/A,2025-06-07 18:13:35
5417,2.719924,2.449601,12.848612,5.00e-05,76980.18,88768512,N/A,2025-06-07 18:13:35
5418,3.274676,2.449601,12.848612,5.00e-05,76655.28,88784896,N/A,2025-06-07 18:13:35
5419,2.648111,2.449601,12.848612,5.00e-05,78461.03,88801280,N/A,2025-06-07 18:13:35
5420,2.435382,2.449601,12.848612,5.00e-05,77277.04,88817664,1.0000,2025-06-07 18:13:35
5421,3.104255,2.449601,12.848612,5.00e-05,77272.42,88834048,N/A,2025-06-07 18:13:36
5422,2.421246,2.449601,12.848612,5.00e-05,77565.64,88850432,N/A,2025-06-07 18:13:36
5423,2.985601,2.449601,12.848612,5.00e-05,77134.92,88866816,N/A,2025-06-07 18:13:36
5424,2.244224,2.449601,12.848612,5.00e-05,77483.78,88883200,N/A,2025-06-07 18:13:36
5425,1.852450,2.449601,12.848612,5.00e-05,77530.33,88899584,N/A,2025-06-07 18:13:37
5426,1.929616,2.449601,12.848612,5.00e-05,77715.19,88915968,N/A,2025-06-07 18:13:37
5427,3.062524,2.449601,12.848612,5.00e-05,77538.94,88932352,N/A,2025-06-07 18:13:37
5428,2.887255,2.449601,12.848612,5.00e-05,77616.48,88948736,N/A,2025-06-07 18:13:37
5429,2.195680,2.449601,12.848612,5.00e-05,79072.16,88965120,N/A,2025-06-07 18:13:38
5430,2.797075,2.449601,12.848612,5.00e-05,77468.67,88981504,1.0000,2025-06-07 18:13:38
5431,2.113884,2.449601,12.848612,5.00e-05,77505.05,88997888,N/A,2025-06-07 18:13:38
5432,2.080080,2.449601,12.848612,5.00e-05,77854.79,89014272,N/A,2025-06-07 18:13:38
5433,1.684324,2.449601,12.848612,5.00e-05,78470.79,89030656,N/A,2025-06-07 18:13:38
5434,1.873152,2.449601,12.848612,5.00e-05,79132.62,89047040,N/A,2025-06-07 18:13:39
5435,2.213404,2.449601,12.848612,5.00e-05,78904.28,89063424,N/A,2025-06-07 18:13:39
5436,2.472186,2.449601,12.848612,5.00e-05,79415.57,89079808,N/A,2025-06-07 18:13:39
5437,2.478900,2.449601,12.848612,5.00e-05,79251.35,89096192,N/A,2025-06-07 18:13:39
5438,1.695343,2.449601,12.848612,5.00e-05,79305.80,89112576,N/A,2025-06-07 18:13:40
5439,2.590189,2.449601,12.848612,5.00e-05,80771.46,89128960,N/A,2025-06-07 18:13:40
5440,2.671598,2.449601,12.848612,5.00e-05,78930.00,89145344,1.0000,2025-06-07 18:13:40
5441,2.684228,2.449601,12.848612,5.00e-05,78960.67,89161728,N/A,2025-06-07 18:13:40
5442,1.977769,2.449601,12.848612,5.00e-05,78254.79,89178112,N/A,2025-06-07 18:13:41
5443,2.414156,2.449601,12.848612,5.00e-05,77561.37,89194496,N/A,2025-06-07 18:13:41
5444,1.776002,2.449601,12.848612,5.00e-05,77688.47,89210880,N/A,2025-06-07 18:13:41
5445,2.280672,2.449601,12.848612,5.00e-05,77560.30,89227264,N/A,2025-06-07 18:13:41
5446,1.719333,2.449601,12.848612,5.00e-05,77617.24,89243648,N/A,2025-06-07 18:13:41
5447,3.411877,2.449601,12.848612,5.00e-05,77222.63,89260032,N/A,2025-06-07 18:13:42
5448,3.425436,2.449601,12.848612,5.00e-05,77281.97,89276416,N/A,2025-06-07 18:13:42
5449,2.335035,2.449601,12.848612,5.00e-05,78710.61,89292800,N/A,2025-06-07 18:13:42
5450,2.079766,2.449601,12.848612,5.00e-05,77039.13,89309184,1.0000,2025-06-07 18:13:42
5451,1.908537,2.449601,12.848612,5.00e-05,76904.00,89325568,N/A,2025-06-07 18:13:43
5452,2.709979,2.449601,12.848612,5.00e-05,76975.65,89341952,N/A,2025-06-07 18:13:43
5453,3.495949,2.449601,12.848612,5.00e-05,76952.06,89358336,N/A,2025-06-07 18:13:43
5454,2.410136,2.449601,12.848612,5.00e-05,76939.59,89374720,N/A,2025-06-07 18:13:43
5455,2.445125,2.449601,12.848612,5.00e-05,76831.68,89391104,N/A,2025-06-07 18:13:44
5456,2.884454,2.449601,12.848612,5.00e-05,77207.58,89407488,N/A,2025-06-07 18:13:44
5457,2.442127,2.449601,12.848612,5.00e-05,77276.58,89423872,N/A,2025-06-07 18:13:44
5458,3.079980,2.449601,12.848612,5.00e-05,77466.21,89440256,N/A,2025-06-07 18:13:44
5459,2.614456,2.449601,12.848612,5.00e-05,78932.19,89456640,N/A,2025-06-07 18:13:45
5460,2.787374,2.449601,12.848612,5.00e-05,77580.43,89473024,1.0000,2025-06-07 18:13:45
5461,2.530300,2.449601,12.848612,5.00e-05,77291.19,89489408,N/A,2025-06-07 18:13:45
5462,2.223171,2.449601,12.848612,5.00e-05,77063.83,89505792,N/A,2025-06-07 18:13:45
5463,2.442519,2.449601,12.848612,5.00e-05,77082.58,89522176,N/A,2025-06-07 18:13:46
5464,2.206144,2.449601,12.848612,5.00e-05,76745.19,89538560,N/A,2025-06-07 18:13:46
5465,1.900050,2.449601,12.848612,5.00e-05,76673.50,89554944,N/A,2025-06-07 18:13:46
5466,2.008893,2.449601,12.848612,5.00e-05,76673.33,89571328,N/A,2025-06-07 18:13:46
5467,3.290719,2.449601,12.848612,5.00e-05,76491.26,89587712,N/A,2025-06-07 18:13:46
5468,2.513959,2.449601,12.848612,5.00e-05,76665.95,89604096,N/A,2025-06-07 18:13:47
5469,2.607175,2.449601,12.848612,5.00e-05,78107.39,89620480,N/A,2025-06-07 18:13:47
5470,2.249122,2.449601,12.848612,5.00e-05,76941.20,89636864,1.0000,2025-06-07 18:13:47
5471,2.281532,2.449601,12.848612,5.00e-05,77035.45,89653248,N/A,2025-06-07 18:13:47
5472,2.566987,2.449601,12.848612,5.00e-05,76829.52,89669632,N/A,2025-06-07 18:13:48
5473,2.611365,2.449601,12.848612,5.00e-05,76347.23,89686016,N/A,2025-06-07 18:13:48
5474,2.063409,2.449601,12.848612,5.00e-05,76525.18,89702400,N/A,2025-06-07 18:13:48
5475,2.345563,2.449601,12.848612,5.00e-05,76576.77,89718784,N/A,2025-06-07 18:13:48
5476,2.680647,2.449601,12.848612,5.00e-05,76847.40,89735168,N/A,2025-06-07 18:13:49
5477,2.950862,2.449601,12.848612,5.00e-05,76841.78,89751552,N/A,2025-06-07 18:13:49
5478,1.859725,2.449601,12.848612,5.00e-05,76926.16,89767936,N/A,2025-06-07 18:13:49
5479,2.624631,2.449601,12.848612,5.00e-05,78267.29,89784320,N/A,2025-06-07 18:13:49
5480,1.870660,2.449601,12.848612,5.00e-05,76909.93,89800704,1.0000,2025-06-07 18:13:50
5481,2.060104,2.449601,12.848612,5.00e-05,77229.58,89817088,N/A,2025-06-07 18:13:50
5482,2.120005,2.449601,12.848612,5.00e-05,78085.14,89833472,N/A,2025-06-07 18:13:50
5483,2.457611,2.449601,12.848612,5.00e-05,78114.66,89849856,N/A,2025-06-07 18:13:50
5484,2.839981,2.449601,12.848612,5.00e-05,77832.28,89866240,N/A,2025-06-07 18:13:50
5485,1.889287,2.449601,12.848612,5.00e-05,77775.30,89882624,N/A,2025-06-07 18:13:51
5486,2.316102,2.449601,12.848612,5.00e-05,77727.90,89899008,N/A,2025-06-07 18:13:51
5487,2.389602,2.449601,12.848612,5.00e-05,77500.78,89915392,N/A,2025-06-07 18:13:51
5488,2.724263,2.449601,12.848612,5.00e-05,77643.47,89931776,N/A,2025-06-07 18:13:51
5489,2.702924,2.449601,12.848612,5.00e-05,79089.37,89948160,N/A,2025-06-07 18:13:52
5490,1.209751,2.449601,12.848612,5.00e-05,77542.77,89964544,1.0000,2025-06-07 18:13:52
5491,2.269430,2.449601,12.848612,5.00e-05,77623.11,89980928,N/A,2025-06-07 18:13:52
5492,2.784867,2.449601,12.848612,5.00e-05,77516.34,89997312,N/A,2025-06-07 18:13:52
5493,1.766086,2.449601,12.848612,5.00e-05,77570.14,90013696,N/A,2025-06-07 18:13:53
5494,2.745670,2.449601,12.848612,5.00e-05,77465.98,90030080,N/A,2025-06-07 18:13:53
5495,2.600915,2.449601,12.848612,5.00e-05,77596.70,90046464,N/A,2025-06-07 18:13:53
5496,2.231405,2.449601,12.848612,5.00e-05,77462.94,90062848,N/A,2025-06-07 18:13:53
5497,1.488998,2.449601,12.848612,5.00e-05,77372.72,90079232,N/A,2025-06-07 18:13:53
5498,2.907324,2.449601,12.848612,5.00e-05,77617.03,90095616,N/A,2025-06-07 18:13:54
5499,2.809530,2.449601,12.848612,5.00e-05,78939.75,90112000,N/A,2025-06-07 18:13:54
5500,2.355082,2.449601,12.848612,5.00e-05,77317.25,90128384,1.0000,2025-06-07 18:13:54
5501,2.203312,2.449601,12.848612,5.00e-05,76200.47,90144768,N/A,2025-06-07 18:13:54
5502,2.659138,2.449601,12.848612,5.00e-05,76491.59,90161152,N/A,2025-06-07 18:13:55
5503,1.788829,2.449601,12.848612,5.00e-05,76466.64,90177536,N/A,2025-06-07 18:13:55
5504,1.985034,2.449601,12.848612,5.00e-05,76390.91,90193920,N/A,2025-06-07 18:13:55
5505,2.093030,2.449601,12.848612,5.00e-05,76656.04,90210304,N/A,2025-06-07 18:13:55
5506,2.237715,2.449601,12.848612,5.00e-05,76413.48,90226688,N/A,2025-06-07 18:13:56
5507,1.063320,2.449601,12.848612,5.00e-05,76296.85,90243072,N/A,2025-06-07 18:13:56
5508,3.277371,2.449601,12.848612,5.00e-05,76292.75,90259456,N/A,2025-06-07 18:13:56
5509,2.718203,2.449601,12.848612,5.00e-05,77744.79,90275840,N/A,2025-06-07 18:13:56
5510,2.713511,2.449601,12.848612,5.00e-05,77153.59,90292224,1.0000,2025-06-07 18:13:57
5511,1.917451,2.449601,12.848612,5.00e-05,77037.93,90308608,N/A,2025-06-07 18:13:57
5512,2.368080,2.449601,12.848612,5.00e-05,77279.59,90324992,N/A,2025-06-07 18:13:57
5513,3.116137,2.449601,12.848612,5.00e-05,77192.70,90341376,N/A,2025-06-07 18:13:57
5514,2.723850,2.449601,12.848612,5.00e-05,77300.64,90357760,N/A,2025-06-07 18:13:58
5515,3.072788,2.449601,12.848612,5.00e-05,77197.33,90374144,N/A,2025-06-07 18:13:58
5516,1.681302,2.449601,12.848612,5.00e-05,77195.41,90390528,N/A,2025-06-07 18:13:58
5517,2.393747,2.449601,12.848612,5.00e-05,77292.76,90406912,N/A,2025-06-07 18:13:58
5518,3.447499,2.449601,12.848612,5.00e-05,77388.56,90423296,N/A,2025-06-07 18:13:58
5519,2.567694,2.449601,12.848612,5.00e-05,79211.86,90439680,N/A,2025-06-07 18:13:59
5520,2.569514,2.449601,12.848612,5.00e-05,77677.34,90456064,1.0000,2025-06-07 18:13:59
5521,3.202231,2.449601,12.848612,5.00e-05,77538.73,90472448,N/A,2025-06-07 18:13:59
5522,3.015013,2.449601,12.848612,5.00e-05,77555.24,90488832,N/A,2025-06-07 18:13:59
5523,3.369331,2.449601,12.848612,5.00e-05,77319.38,90505216,N/A,2025-06-07 18:14:00
5524,2.656569,2.449601,12.848612,5.00e-05,77628.23,90521600,N/A,2025-06-07 18:14:00
5525,2.032290,2.449601,12.848612,5.00e-05,77650.27,90537984,N/A,2025-06-07 18:14:00
5526,3.596731,2.449601,12.848612,5.00e-05,77759.91,90554368,N/A,2025-06-07 18:14:00
5527,2.243629,2.449601,12.848612,5.00e-05,77359.14,90570752,N/A,2025-06-07 18:14:01
5528,2.801991,2.449601,12.848612,5.00e-05,77448.50,90587136,N/A,2025-06-07 18:14:01
5529,1.188771,2.449601,12.848612,5.00e-05,78173.55,90603520,N/A,2025-06-07 18:14:01
5530,2.940857,2.449601,12.848612,5.00e-05,76814.42,90619904,1.0000,2025-06-07 18:14:01
5531,1.668606,2.449601,12.848612,5.00e-05,76730.60,90636288,N/A,2025-06-07 18:14:02
5532,1.665009,2.449601,12.848612,5.00e-05,76851.26,90652672,N/A,2025-06-07 18:14:02
5533,2.869524,2.449601,12.848612,5.00e-05,76331.20,90669056,N/A,2025-06-07 18:14:02
5534,2.511001,2.449601,12.848612,5.00e-05,76257.77,90685440,N/A,2025-06-07 18:14:02
5535,2.802676,2.449601,12.848612,5.00e-05,76232.16,90701824,N/A,2025-06-07 18:14:02
5536,2.818291,2.449601,12.848612,5.00e-05,76466.33,90718208,N/A,2025-06-07 18:14:03
5537,1.949581,2.449601,12.848612,5.00e-05,76252.68,90734592,N/A,2025-06-07 18:14:03
5538,2.443013,2.449601,12.848612,5.00e-05,77019.44,90750976,N/A,2025-06-07 18:14:03
5539,2.414363,2.449601,12.848612,5.00e-05,78366.90,90767360,N/A,2025-06-07 18:14:03
5540,2.013455,2.449601,12.848612,5.00e-05,77155.22,90783744,1.0000,2025-06-07 18:14:04
5541,2.055861,2.449601,12.848612,5.00e-05,77143.70,90800128,N/A,2025-06-07 18:14:04
5542,3.371824,2.449601,12.848612,5.00e-05,77710.49,90816512,N/A,2025-06-07 18:14:04
5543,2.132076,2.449601,12.848612,5.00e-05,77687.77,90832896,N/A,2025-06-07 18:14:04
5544,1.596821,2.449601,12.848612,5.00e-05,77763.71,90849280,N/A,2025-06-07 18:14:05
5545,1.983177,2.449601,12.848612,5.00e-05,77892.12,90865664,N/A,2025-06-07 18:14:05
5546,2.204435,2.449601,12.848612,5.00e-05,77773.22,90882048,N/A,2025-06-07 18:14:05
5547,2.921350,2.449601,12.848612,5.00e-05,77849.66,90898432,N/A,2025-06-07 18:14:05
5548,2.866482,2.449601,12.848612,5.00e-05,77728.91,90914816,N/A,2025-06-07 18:14:06
5549,3.044804,2.449601,12.848612,5.00e-05,79359.74,90931200,N/A,2025-06-07 18:14:06
5550,2.648532,2.449601,12.848612,5.00e-05,77996.12,90947584,1.0000,2025-06-07 18:14:06
5551,2.144117,2.449601,12.848612,5.00e-05,77908.82,90963968,N/A,2025-06-07 18:14:06
5552,2.364055,2.449601,12.848612,5.00e-05,78057.23,90980352,N/A,2025-06-07 18:14:06
5553,3.189771,2.449601,12.848612,5.00e-05,76735.76,90996736,N/A,2025-06-07 18:14:07
5554,1.976991,2.449601,12.848612,5.00e-05,76994.21,91013120,N/A,2025-06-07 18:14:07
5555,1.691444,2.449601,12.848612,5.00e-05,77198.32,91029504,N/A,2025-06-07 18:14:07
5556,2.528674,2.449601,12.848612,5.00e-05,77097.53,91045888,N/A,2025-06-07 18:14:07
5557,1.503582,2.449601,12.848612,5.00e-05,76607.88,91062272,N/A,2025-06-07 18:14:08
5558,2.973249,2.449601,12.848612,5.00e-05,76144.73,91078656,N/A,2025-06-07 18:14:08
5559,2.990930,2.449601,12.848612,5.00e-05,77379.36,91095040,N/A,2025-06-07 18:14:08
5560,1.941628,2.449601,12.848612,5.00e-05,75942.93,91111424,1.0000,2025-06-07 18:14:08
5561,2.798420,2.449601,12.848612,5.00e-05,76151.03,91127808,N/A,2025-06-07 18:14:09
5562,1.767875,2.449601,12.848612,5.00e-05,77403.93,91144192,N/A,2025-06-07 18:14:09
5563,4.027000,2.449601,12.848612,5.00e-05,76816.93,91160576,N/A,2025-06-07 18:14:09
5564,2.914546,2.449601,12.848612,5.00e-05,76950.86,91176960,N/A,2025-06-07 18:14:09
5565,2.758576,2.449601,12.848612,5.00e-05,76084.06,91193344,N/A,2025-06-07 18:14:10
5566,2.055822,2.449601,12.848612,5.00e-05,76643.50,91209728,N/A,2025-06-07 18:14:10
5567,2.876630,2.449601,12.848612,5.00e-05,76759.71,91226112,N/A,2025-06-07 18:14:10
5568,3.550445,2.449601,12.848612,5.00e-05,76897.31,91242496,N/A,2025-06-07 18:14:10
5569,2.338915,2.449601,12.848612,5.00e-05,78097.16,91258880,N/A,2025-06-07 18:14:10
5570,1.931155,2.449601,12.848612,5.00e-05,75841.26,91275264,1.0000,2025-06-07 18:14:11
5571,2.635493,2.449601,12.848612,5.00e-05,75700.73,91291648,N/A,2025-06-07 18:14:11
5572,2.438290,2.449601,12.848612,5.00e-05,76100.87,91308032,N/A,2025-06-07 18:14:11
5573,2.549927,2.449601,12.848612,5.00e-05,75946.83,91324416,N/A,2025-06-07 18:14:11
5574,2.747020,2.449601,12.848612,5.00e-05,76785.18,91340800,N/A,2025-06-07 18:14:12
5575,2.549325,2.449601,12.848612,5.00e-05,76919.35,91357184,N/A,2025-06-07 18:14:12
5576,2.119316,2.449601,12.848612,5.00e-05,77167.64,91373568,N/A,2025-06-07 18:14:12
5577,2.730039,2.449601,12.848612,5.00e-05,76978.95,91389952,N/A,2025-06-07 18:14:12
5578,1.903988,2.449601,12.848612,5.00e-05,77411.83,91406336,N/A,2025-06-07 18:14:13
5579,2.370964,2.449601,12.848612,5.00e-05,79355.22,91422720,N/A,2025-06-07 18:14:13
5580,1.964761,2.449601,12.848612,5.00e-05,77961.07,91439104,1.0000,2025-06-07 18:14:13
5581,1.805823,2.449601,12.848612,5.00e-05,78027.41,91455488,N/A,2025-06-07 18:14:13
5582,2.372121,2.449601,12.848612,5.00e-05,77749.83,91471872,N/A,2025-06-07 18:14:14
5583,2.205632,2.449601,12.848612,5.00e-05,77809.63,91488256,N/A,2025-06-07 18:14:14
5584,2.618571,2.449601,12.848612,5.00e-05,77733.72,91504640,N/A,2025-06-07 18:14:14
5585,2.463467,2.449601,12.848612,5.00e-05,77724.81,91521024,N/A,2025-06-07 18:14:14
5586,2.440205,2.449601,12.848612,5.00e-05,77484.49,91537408,N/A,2025-06-07 18:14:14
5587,2.443096,2.449601,12.848612,5.00e-05,77524.62,91553792,N/A,2025-06-07 18:14:15
5588,2.917649,2.449601,12.848612,5.00e-05,77533.70,91570176,N/A,2025-06-07 18:14:15
5589,2.710416,2.449601,12.848612,5.00e-05,79057.50,91586560,N/A,2025-06-07 18:14:15
5590,2.228841,2.449601,12.848612,5.00e-05,77676.39,91602944,1.0000,2025-06-07 18:14:15
5591,2.448834,2.449601,12.848612,5.00e-05,77979.98,91619328,N/A,2025-06-07 18:14:16
5592,2.022142,2.449601,12.848612,5.00e-05,78071.19,91635712,N/A,2025-06-07 18:14:16
5593,2.697666,2.449601,12.848612,5.00e-05,78055.49,91652096,N/A,2025-06-07 18:14:16
5594,2.920800,2.449601,12.848612,5.00e-05,78067.81,91668480,N/A,2025-06-07 18:14:16
5595,2.897862,2.449601,12.848612,5.00e-05,78252.02,91684864,N/A,2025-06-07 18:14:17
5596,3.315133,2.449601,12.848612,5.00e-05,77772.47,91701248,N/A,2025-06-07 18:14:17
5597,1.810467,2.449601,12.848612,5.00e-05,77277.56,91717632,N/A,2025-06-07 18:14:17
5598,2.606213,2.449601,12.848612,5.00e-05,77182.67,91734016,N/A,2025-06-07 18:14:17
5599,2.094793,2.449601,12.848612,5.00e-05,78103.21,91750400,N/A,2025-06-07 18:14:18
5600,2.921149,2.449601,12.848612,5.00e-05,76407.81,91766784,1.0000,2025-06-07 18:14:18
5601,1.926378,2.449601,12.848612,5.00e-05,75064.27,91783168,N/A,2025-06-07 18:14:18
5602,1.695448,2.449601,12.848612,5.00e-05,75091.49,91799552,N/A,2025-06-07 18:14:18
5603,1.623900,2.449601,12.848612,5.00e-05,74787.06,91815936,N/A,2025-06-07 18:14:19
5604,2.102086,2.449601,12.848612,5.00e-05,74972.15,91832320,N/A,2025-06-07 18:14:19
5605,2.985801,2.449601,12.848612,5.00e-05,75295.38,91848704,N/A,2025-06-07 18:14:19
5606,2.062251,2.449601,12.848612,5.00e-05,75581.53,91865088,N/A,2025-06-07 18:14:19
5607,2.414658,2.449601,12.848612,5.00e-05,75549.42,91881472,N/A,2025-06-07 18:14:19
5608,2.891060,2.449601,12.848612,5.00e-05,75800.68,91897856,N/A,2025-06-07 18:14:20
5609,3.364980,2.449601,12.848612,5.00e-05,77349.31,91914240,N/A,2025-06-07 18:14:20
5610,2.111394,2.449601,12.848612,5.00e-05,75755.93,91930624,1.0000,2025-06-07 18:14:20
5611,2.550897,2.449601,12.848612,5.00e-05,75486.88,91947008,N/A,2025-06-07 18:14:20
5612,2.494893,2.449601,12.848612,5.00e-05,75505.28,91963392,N/A,2025-06-07 18:14:21
5613,2.582393,2.449601,12.848612,5.00e-05,75284.09,91979776,N/A,2025-06-07 18:14:21
5614,1.923811,2.449601,12.848612,5.00e-05,74564.16,91996160,N/A,2025-06-07 18:14:21
5615,2.158057,2.449601,12.848612,5.00e-05,74811.64,92012544,N/A,2025-06-07 18:14:21
5616,2.007068,2.449601,12.848612,5.00e-05,74803.50,92028928,N/A,2025-06-07 18:14:22
5617,2.595528,2.449601,12.848612,5.00e-05,74831.63,92045312,N/A,2025-06-07 18:14:22
5618,2.770824,2.449601,12.848612,5.00e-05,75015.32,92061696,N/A,2025-06-07 18:14:22
5619,2.991401,2.449601,12.848612,5.00e-05,77788.91,92078080,N/A,2025-06-07 18:14:22
5620,1.931612,2.449601,12.848612,5.00e-05,76553.41,92094464,1.0000,2025-06-07 18:14:23
5621,2.860515,2.449601,12.848612,5.00e-05,76673.01,92110848,N/A,2025-06-07 18:14:23
5622,1.427712,2.449601,12.848612,5.00e-05,76977.61,92127232,N/A,2025-06-07 18:14:23
5623,2.219466,2.449601,12.848612,5.00e-05,77455.44,92143616,N/A,2025-06-07 18:14:23
5624,2.027778,2.449601,12.848612,5.00e-05,77489.79,92160000,N/A,2025-06-07 18:14:24
5625,2.135646,2.449601,12.848612,5.00e-05,77410.52,92176384,N/A,2025-06-07 18:14:24
5626,2.025450,2.449601,12.848612,5.00e-05,77349.46,92192768,N/A,2025-06-07 18:14:24
5627,2.873804,2.449601,12.848612,5.00e-05,77243.32,92209152,N/A,2025-06-07 18:14:24
5628,2.355284,2.449601,12.848612,5.00e-05,77167.14,92225536,N/A,2025-06-07 18:14:24
5629,2.145182,2.449601,12.848612,5.00e-05,78653.65,92241920,N/A,2025-06-07 18:14:25
5630,2.674956,2.449601,12.848612,5.00e-05,77163.76,92258304,1.0000,2025-06-07 18:14:25
5631,2.060022,2.449601,12.848612,5.00e-05,76022.20,92274688,N/A,2025-06-07 18:14:25
5632,2.484936,2.449601,12.848612,5.00e-05,76423.99,92291072,N/A,2025-06-07 18:14:25
5633,1.961520,2.449601,12.848612,5.00e-05,76396.33,92307456,N/A,2025-06-07 18:14:26
5634,2.659168,2.449601,12.848612,5.00e-05,76565.79,92323840,N/A,2025-06-07 18:14:26
5635,2.494427,2.449601,12.848612,5.00e-05,76623.86,92340224,N/A,2025-06-07 18:14:26
5636,2.456404,2.449601,12.848612,5.00e-05,76590.97,92356608,N/A,2025-06-07 18:14:26
5637,2.753932,2.449601,12.848612,5.00e-05,76368.24,92372992,N/A,2025-06-07 18:14:27
5638,2.467114,2.449601,12.848612,5.00e-05,76345.54,92389376,N/A,2025-06-07 18:14:27
5639,2.365437,2.449601,12.848612,5.00e-05,77808.19,92405760,N/A,2025-06-07 18:14:27
5640,2.787312,2.449601,12.848612,5.00e-05,77238.77,92422144,1.0000,2025-06-07 18:14:27
5641,2.057527,2.449601,12.848612,5.00e-05,77287.24,92438528,N/A,2025-06-07 18:14:28
5642,2.206270,2.449601,12.848612,5.00e-05,77255.87,92454912,N/A,2025-06-07 18:14:28
5643,2.648450,2.449601,12.848612,5.00e-05,77281.35,92471296,N/A,2025-06-07 18:14:28
5644,2.279082,2.449601,12.848612,5.00e-05,76508.01,92487680,N/A,2025-06-07 18:14:28
5645,2.761031,2.449601,12.848612,5.00e-05,76673.72,92504064,N/A,2025-06-07 18:14:29
5646,2.406710,2.449601,12.848612,5.00e-05,77068.02,92520448,N/A,2025-06-07 18:14:29
5647,2.514730,2.449601,12.848612,5.00e-05,77015.48,92536832,N/A,2025-06-07 18:14:29
5648,2.804510,2.449601,12.848612,5.00e-05,76988.58,92553216,N/A,2025-06-07 18:14:29
5649,1.659533,2.449601,12.848612,5.00e-05,78690.59,92569600,N/A,2025-06-07 18:14:29
5650,3.105734,2.449601,12.848612,5.00e-05,77175.28,92585984,1.0000,2025-06-07 18:14:30
5651,2.649613,2.449601,12.848612,5.00e-05,77292.69,92602368,N/A,2025-06-07 18:14:30
5652,2.112155,2.449601,12.848612,5.00e-05,77161.02,92618752,N/A,2025-06-07 18:14:30
5653,2.480997,2.449601,12.848612,5.00e-05,78014.66,92635136,N/A,2025-06-07 18:14:30
5654,2.056427,2.449601,12.848612,5.00e-05,77789.84,92651520,N/A,2025-06-07 18:14:31
5655,2.947822,2.449601,12.848612,5.00e-05,77782.66,92667904,N/A,2025-06-07 18:14:31
5656,2.451829,2.449601,12.848612,5.00e-05,77795.70,92684288,N/A,2025-06-07 18:14:31
5657,2.921353,2.449601,12.848612,5.00e-05,77774.00,92700672,N/A,2025-06-07 18:14:31
5658,2.607579,2.449601,12.848612,5.00e-05,77794.78,92717056,N/A,2025-06-07 18:14:32
5659,2.310481,2.449601,12.848612,5.00e-05,79179.42,92733440,N/A,2025-06-07 18:14:32
5660,2.453165,2.449601,12.848612,5.00e-05,77777.49,92749824,1.0000,2025-06-07 18:14:32
5661,2.503194,2.449601,12.848612,5.00e-05,77739.83,92766208,N/A,2025-06-07 18:14:32
5662,2.040558,2.449601,12.848612,5.00e-05,77764.39,92782592,N/A,2025-06-07 18:14:32
5663,1.642287,2.449601,12.848612,5.00e-05,78020.90,92798976,N/A,2025-06-07 18:14:33
5664,1.870741,2.449601,12.848612,5.00e-05,77832.82,92815360,N/A,2025-06-07 18:14:33
5665,2.659181,2.449601,12.848612,5.00e-05,77956.13,92831744,N/A,2025-06-07 18:14:33
5666,2.539429,2.449601,12.848612,5.00e-05,77837.51,92848128,N/A,2025-06-07 18:14:33
5667,2.399565,2.449601,12.848612,5.00e-05,77852.95,92864512,N/A,2025-06-07 18:14:34
5668,2.122681,2.449601,12.848612,5.00e-05,77908.13,92880896,N/A,2025-06-07 18:14:34
5669,2.359966,2.449601,12.848612,5.00e-05,79184.44,92897280,N/A,2025-06-07 18:14:34
5670,2.527967,2.449601,12.848612,5.00e-05,77860.20,92913664,1.0000,2025-06-07 18:14:34
5671,3.403951,2.449601,12.848612,5.00e-05,77732.48,92930048,N/A,2025-06-07 18:14:35
5672,3.055773,2.449601,12.848612,5.00e-05,77287.96,92946432,N/A,2025-06-07 18:14:35
5673,2.429499,2.449601,12.848612,5.00e-05,77450.49,92962816,N/A,2025-06-07 18:14:35
5674,2.859494,2.449601,12.848612,5.00e-05,77517.79,92979200,N/A,2025-06-07 18:14:35
5675,2.972990,2.449601,12.848612,5.00e-05,77649.73,92995584,N/A,2025-06-07 18:14:36
5676,1.761588,2.449601,12.848612,5.00e-05,77539.97,93011968,N/A,2025-06-07 18:14:36
5677,2.146520,2.449601,12.848612,5.00e-05,76523.59,93028352,N/A,2025-06-07 18:14:36
5678,2.247735,2.449601,12.848612,5.00e-05,76541.34,93044736,N/A,2025-06-07 18:14:36
5679,2.125579,2.449601,12.848612,5.00e-05,78028.13,93061120,N/A,2025-06-07 18:14:36
5680,2.274127,2.449601,12.848612,5.00e-05,76795.93,93077504,1.0000,2025-06-07 18:14:37
5681,2.177987,2.449601,12.848612,5.00e-05,77029.75,93093888,N/A,2025-06-07 18:14:37
5682,2.742898,2.449601,12.848612,5.00e-05,77461.41,93110272,N/A,2025-06-07 18:14:37
5683,2.101702,2.449601,12.848612,5.00e-05,78110.44,93126656,N/A,2025-06-07 18:14:37
5684,3.303844,2.449601,12.848612,5.00e-05,78622.55,93143040,N/A,2025-06-07 18:14:38
5685,2.537388,2.449601,12.848612,5.00e-05,78366.55,93159424,N/A,2025-06-07 18:14:38
5686,2.104486,2.449601,12.848612,5.00e-05,79423.25,93175808,N/A,2025-06-07 18:14:38
5687,2.157215,2.449601,12.848612,5.00e-05,79551.32,93192192,N/A,2025-06-07 18:14:38
5688,2.363469,2.449601,12.848612,5.00e-05,79380.87,93208576,N/A,2025-06-07 18:14:39
5689,3.092217,2.449601,12.848612,5.00e-05,80758.62,93224960,N/A,2025-06-07 18:14:39
5690,2.463068,2.449601,12.848612,5.00e-05,79210.46,93241344,1.0000,2025-06-07 18:14:39
5691,3.076895,2.449601,12.848612,5.00e-05,78803.14,93257728,N/A,2025-06-07 18:14:39
5692,2.253286,2.449601,12.848612,5.00e-05,77846.49,93274112,N/A,2025-06-07 18:14:39
5693,2.965470,2.449601,12.848612,5.00e-05,77349.72,93290496,N/A,2025-06-07 18:14:40
5694,3.007478,2.449601,12.848612,5.00e-05,77699.53,93306880,N/A,2025-06-07 18:14:40
5695,2.413995,2.449601,12.848612,5.00e-05,77701.61,93323264,N/A,2025-06-07 18:14:40
5696,2.595958,2.449601,12.848612,5.00e-05,77758.15,93339648,N/A,2025-06-07 18:14:40
5697,3.155591,2.449601,12.848612,5.00e-05,77832.36,93356032,N/A,2025-06-07 18:14:41
5698,2.284568,2.449601,12.848612,5.00e-05,77843.71,93372416,N/A,2025-06-07 18:14:41
5699,2.906990,2.449601,12.848612,5.00e-05,79168.83,93388800,N/A,2025-06-07 18:14:41
5700,2.171998,2.449601,12.848612,5.00e-05,77611.03,93405184,1.0000,2025-06-07 18:14:41
5701,2.324281,2.449601,12.848612,5.00e-05,76462.55,93421568,N/A,2025-06-07 18:14:42
5702,1.871842,2.449601,12.848612,5.00e-05,76393.43,93437952,N/A,2025-06-07 18:14:42
5703,2.600596,2.449601,12.848612,5.00e-05,76352.16,93454336,N/A,2025-06-07 18:14:42
5704,2.068023,2.449601,12.848612,5.00e-05,76285.35,93470720,N/A,2025-06-07 18:14:42
5705,2.124176,2.449601,12.848612,5.00e-05,76109.08,93487104,N/A,2025-06-07 18:14:43
5706,2.038761,2.449601,12.848612,5.00e-05,75990.70,93503488,N/A,2025-06-07 18:14:43
5707,2.424869,2.449601,12.848612,5.00e-05,75923.00,93519872,N/A,2025-06-07 18:14:43
5708,1.870649,2.449601,12.848612,5.00e-05,76042.78,93536256,N/A,2025-06-07 18:14:43
5709,2.366621,2.449601,12.848612,5.00e-05,77488.18,93552640,N/A,2025-06-07 18:14:43
5710,1.673211,2.449601,12.848612,5.00e-05,77228.01,93569024,1.0000,2025-06-07 18:14:44
5711,1.630799,2.449601,12.848612,5.00e-05,76965.46,93585408,N/A,2025-06-07 18:14:44
5712,2.922983,2.449601,12.848612,5.00e-05,76822.61,93601792,N/A,2025-06-07 18:14:44
5713,2.178186,2.449601,12.848612,5.00e-05,76813.78,93618176,N/A,2025-06-07 18:14:44
5714,1.726951,2.449601,12.848612,5.00e-05,76859.69,93634560,N/A,2025-06-07 18:14:45
5715,2.562384,2.449601,12.848612,5.00e-05,76961.96,93650944,N/A,2025-06-07 18:14:45
5716,2.462556,2.449601,12.848612,5.00e-05,77116.41,93667328,N/A,2025-06-07 18:14:45
5717,2.556654,2.449601,12.848612,5.00e-05,77552.72,93683712,N/A,2025-06-07 18:14:45
5718,2.172740,2.449601,12.848612,5.00e-05,77122.26,93700096,N/A,2025-06-07 18:14:46
5719,2.733338,2.449601,12.848612,5.00e-05,78771.15,93716480,N/A,2025-06-07 18:14:46
5720,2.757022,2.449601,12.848612,5.00e-05,77542.56,93732864,1.0000,2025-06-07 18:14:46
5721,2.790013,2.449601,12.848612,5.00e-05,77661.39,93749248,N/A,2025-06-07 18:14:46
5722,2.548881,2.449601,12.848612,5.00e-05,77430.11,93765632,N/A,2025-06-07 18:14:47
5723,1.928802,2.449601,12.848612,5.00e-05,77058.60,93782016,N/A,2025-06-07 18:14:47
5724,2.438716,2.449601,12.848612,5.00e-05,77035.67,93798400,N/A,2025-06-07 18:14:47
5725,2.700618,2.449601,12.848612,5.00e-05,76935.82,93814784,N/A,2025-06-07 18:14:47
5726,2.595156,2.449601,12.848612,5.00e-05,76474.80,93831168,N/A,2025-06-07 18:14:48
5727,3.180838,2.449601,12.848612,5.00e-05,76907.49,93847552,N/A,2025-06-07 18:14:48
5728,2.717039,2.449601,12.848612,5.00e-05,76851.21,93863936,N/A,2025-06-07 18:14:48
5729,2.718197,2.449601,12.848612,5.00e-05,78428.56,93880320,N/A,2025-06-07 18:14:48
5730,2.236541,2.449601,12.848612,5.00e-05,74851.30,93896704,1.0000,2025-06-07 18:14:49
5731,2.450644,2.449601,12.848612,5.00e-05,75223.60,93913088,N/A,2025-06-07 18:14:49
5732,2.602792,2.449601,12.848612,5.00e-05,75636.39,93929472,N/A,2025-06-07 18:14:49
5733,2.103766,2.449601,12.848612,5.00e-05,75799.28,93945856,N/A,2025-06-07 18:14:49
5734,2.890792,2.449601,12.848612,5.00e-05,75820.60,93962240,N/A,2025-06-07 18:14:49
5735,2.636173,2.449601,12.848612,5.00e-05,75909.18,93978624,N/A,2025-06-07 18:14:50
5736,2.681625,2.449601,12.848612,5.00e-05,76105.69,93995008,N/A,2025-06-07 18:14:50
5737,2.584578,2.449601,12.848612,5.00e-05,76066.56,94011392,N/A,2025-06-07 18:14:50
5738,2.565603,2.449601,12.848612,5.00e-05,76175.21,94027776,N/A,2025-06-07 18:14:50
5739,1.817157,2.449601,12.848612,5.00e-05,79585.43,94044160,N/A,2025-06-07 18:14:51
5740,2.166744,2.449601,12.848612,5.00e-05,77830.20,94060544,1.0000,2025-06-07 18:14:51
5741,1.937977,2.449601,12.848612,5.00e-05,77812.31,94076928,N/A,2025-06-07 18:14:51
5742,1.998471,2.449601,12.848612,5.00e-05,77585.36,94093312,N/A,2025-06-07 18:14:51
5743,2.682635,2.449601,12.848612,5.00e-05,77481.78,94109696,N/A,2025-06-07 18:14:52
5744,2.389636,2.449601,12.848612,5.00e-05,77419.55,94126080,N/A,2025-06-07 18:14:52
5745,2.655008,2.449601,12.848612,5.00e-05,77172.59,94142464,N/A,2025-06-07 18:14:52
5746,1.847865,2.449601,12.848612,5.00e-05,77068.54,94158848,N/A,2025-06-07 18:14:52
5747,2.415227,2.449601,12.848612,5.00e-05,76168.76,94175232,N/A,2025-06-07 18:14:53
5748,2.976324,2.449601,12.848612,5.00e-05,76385.19,94191616,N/A,2025-06-07 18:14:53
5749,2.194443,2.449601,12.848612,5.00e-05,77669.31,94208000,N/A,2025-06-07 18:14:53
5750,2.342881,2.449601,12.848612,5.00e-05,76193.72,94224384,1.0000,2025-06-07 18:14:53
5751,2.154219,2.449601,12.848612,5.00e-05,76237.65,94240768,N/A,2025-06-07 18:14:53
5752,2.399877,2.449601,12.848612,5.00e-05,76387.65,94257152,N/A,2025-06-07 18:14:54
5753,1.861560,2.449601,12.848612,5.00e-05,76473.00,94273536,N/A,2025-06-07 18:14:54
5754,2.161355,2.449601,12.848612,5.00e-05,76350.77,94289920,N/A,2025-06-07 18:14:54
5755,2.583261,2.449601,12.848612,5.00e-05,76552.32,94306304,N/A,2025-06-07 18:14:54
5756,2.352815,2.449601,12.848612,5.00e-05,77320.56,94322688,N/A,2025-06-07 18:14:55
5757,3.112865,2.449601,12.848612,5.00e-05,77007.79,94339072,N/A,2025-06-07 18:14:55
5758,3.049987,2.449601,12.848612,5.00e-05,77282.83,94355456,N/A,2025-06-07 18:14:55
5759,2.691072,2.449601,12.848612,5.00e-05,78706.24,94371840,N/A,2025-06-07 18:14:55
5760,2.318462,2.449601,12.848612,5.00e-05,76851.27,94388224,1.0000,2025-06-07 18:14:56
5761,2.033993,2.449601,12.848612,5.00e-05,76618.90,94404608,N/A,2025-06-07 18:14:56
5762,2.685843,2.449601,12.848612,5.00e-05,76772.67,94420992,N/A,2025-06-07 18:14:56
5763,2.668501,2.449601,12.848612,5.00e-05,76945.22,94437376,N/A,2025-06-07 18:14:56
5764,1.906727,2.449601,12.848612,5.00e-05,76411.79,94453760,N/A,2025-06-07 18:14:57
5765,2.656948,2.449601,12.848612,5.00e-05,76420.26,94470144,N/A,2025-06-07 18:14:57
5766,3.398073,2.449601,12.848612,5.00e-05,76822.39,94486528,N/A,2025-06-07 18:14:57
5767,2.603981,2.449601,12.848612,5.00e-05,76940.32,94502912,N/A,2025-06-07 18:14:57
5768,2.820617,2.449601,12.848612,5.00e-05,76953.23,94519296,N/A,2025-06-07 18:14:57
5769,2.777069,2.449601,12.848612,5.00e-05,78685.62,94535680,N/A,2025-06-07 18:14:58
5770,2.586199,2.449601,12.848612,5.00e-05,77158.99,94552064,1.0000,2025-06-07 18:14:58
5771,2.325335,2.449601,12.848612,5.00e-05,76756.65,94568448,N/A,2025-06-07 18:14:58
5772,2.400393,2.449601,12.848612,5.00e-05,76679.61,94584832,N/A,2025-06-07 18:14:58
5773,2.463076,2.449601,12.848612,5.00e-05,77295.54,94601216,N/A,2025-06-07 18:14:59
5774,2.072511,2.449601,12.848612,5.00e-05,77300.64,94617600,N/A,2025-06-07 18:14:59
5775,2.179289,2.449601,12.848612,5.00e-05,77205.37,94633984,N/A,2025-06-07 18:14:59
5776,2.562016,2.449601,12.848612,5.00e-05,77106.42,94650368,N/A,2025-06-07 18:14:59
5777,1.754669,2.449601,12.848612,5.00e-05,77123.39,94666752,N/A,2025-06-07 18:15:00
5778,2.522933,2.449601,12.848612,5.00e-05,77407.21,94683136,N/A,2025-06-07 18:15:00
5779,2.924650,2.449601,12.848612,5.00e-05,79214.60,94699520,N/A,2025-06-07 18:15:00
5780,1.784288,2.449601,12.848612,5.00e-05,77915.96,94715904,1.0000,2025-06-07 18:15:00
5781,2.606452,2.449601,12.848612,5.00e-05,77312.77,94732288,N/A,2025-06-07 18:15:01
5782,2.069207,2.449601,12.848612,5.00e-05,76965.61,94748672,N/A,2025-06-07 18:15:01
5783,2.187297,2.449601,12.848612,5.00e-05,77007.71,94765056,N/A,2025-06-07 18:15:01
5784,2.818455,2.449601,12.848612,5.00e-05,76902.36,94781440,N/A,2025-06-07 18:15:01
5785,2.219721,2.449601,12.848612,5.00e-05,77154.03,94797824,N/A,2025-06-07 18:15:01
5786,3.928561,2.449601,12.848612,5.00e-05,77169.23,94814208,N/A,2025-06-07 18:15:02
5787,2.892157,2.449601,12.848612,5.00e-05,77018.95,94830592,N/A,2025-06-07 18:15:02
5788,2.686565,2.449601,12.848612,5.00e-05,76947.50,94846976,N/A,2025-06-07 18:15:02
5789,2.056644,2.449601,12.848612,5.00e-05,78347.75,94863360,N/A,2025-06-07 18:15:02
5790,2.655429,2.449601,12.848612,5.00e-05,77550.49,94879744,1.0000,2025-06-07 18:15:03
5791,2.179102,2.449601,12.848612,5.00e-05,77255.30,94896128,N/A,2025-06-07 18:15:03
5792,1.883591,2.449601,12.848612,5.00e-05,77300.06,94912512,N/A,2025-06-07 18:15:03
5793,2.270422,2.449601,12.848612,5.00e-05,77482.32,94928896,N/A,2025-06-07 18:15:03
5794,1.819310,2.449601,12.848612,5.00e-05,77100.33,94945280,N/A,2025-06-07 18:15:04
5795,2.396009,2.449601,12.848612,5.00e-05,77276.97,94961664,N/A,2025-06-07 18:15:04
5796,2.253174,2.449601,12.848612,5.00e-05,77130.55,94978048,N/A,2025-06-07 18:15:04
5797,2.766750,2.449601,12.848612,5.00e-05,77108.11,94994432,N/A,2025-06-07 18:15:04
5798,2.188992,2.449601,12.848612,5.00e-05,76795.50,95010816,N/A,2025-06-07 18:15:05
5799,2.429970,2.449601,12.848612,5.00e-05,78201.07,95027200,N/A,2025-06-07 18:15:05
5800,3.069982,2.449601,12.848612,5.00e-05,77193.85,95043584,1.0000,2025-06-07 18:15:05
5801,1.619365,2.449601,12.848612,5.00e-05,76013.67,95059968,N/A,2025-06-07 18:15:05
5802,1.924785,2.449601,12.848612,5.00e-05,75670.62,95076352,N/A,2025-06-07 18:15:06
5803,2.566772,2.449601,12.848612,5.00e-05,75756.27,95092736,N/A,2025-06-07 18:15:06
5804,2.035926,2.449601,12.848612,5.00e-05,75508.13,95109120,N/A,2025-06-07 18:15:06
5805,2.502337,2.449601,12.848612,5.00e-05,75568.99,95125504,N/A,2025-06-07 18:15:06
5806,2.506924,2.449601,12.848612,5.00e-05,75517.05,95141888,N/A,2025-06-07 18:15:06
5807,2.161163,2.449601,12.848612,5.00e-05,76005.00,95158272,N/A,2025-06-07 18:15:07
5808,2.382369,2.449601,12.848612,5.00e-05,76000.21,95174656,N/A,2025-06-07 18:15:07
5809,3.081059,2.449601,12.848612,5.00e-05,77521.11,95191040,N/A,2025-06-07 18:15:07
5810,3.067227,2.449601,12.848612,5.00e-05,76980.50,95207424,1.0000,2025-06-07 18:15:07
5811,1.946375,2.449601,12.848612,5.00e-05,77431.98,95223808,N/A,2025-06-07 18:15:08
5812,2.298031,2.449601,12.848612,5.00e-05,77370.67,95240192,N/A,2025-06-07 18:15:08
5813,1.795938,2.449601,12.848612,5.00e-05,77537.10,95256576,N/A,2025-06-07 18:15:08
5814,2.225213,2.449601,12.848612,5.00e-05,77503.15,95272960,N/A,2025-06-07 18:15:08
5815,1.693290,2.449601,12.848612,5.00e-05,77522.62,95289344,N/A,2025-06-07 18:15:09
5816,2.225551,2.449601,12.848612,5.00e-05,77504.70,95305728,N/A,2025-06-07 18:15:09
5817,2.263293,2.449601,12.848612,5.00e-05,77487.21,95322112,N/A,2025-06-07 18:15:09
5818,2.631601,2.449601,12.848612,5.00e-05,76530.20,95338496,N/A,2025-06-07 18:15:09
5819,3.202659,2.449601,12.848612,5.00e-05,78235.72,95354880,N/A,2025-06-07 18:15:10
5820,2.400667,2.449601,12.848612,5.00e-05,76657.64,95371264,1.0000,2025-06-07 18:15:10
5821,2.854362,2.449601,12.848612,5.00e-05,76913.12,95387648,N/A,2025-06-07 18:15:10
5822,3.090024,2.449601,12.848612,5.00e-05,76379.23,95404032,N/A,2025-06-07 18:15:10
5823,2.761710,2.449601,12.848612,5.00e-05,76661.75,95420416,N/A,2025-06-07 18:15:10
5824,2.206757,2.449601,12.848612,5.00e-05,76488.79,95436800,N/A,2025-06-07 18:15:11
5825,3.067085,2.449601,12.848612,5.00e-05,76428.61,95453184,N/A,2025-06-07 18:15:11
5826,2.494242,2.449601,12.848612,5.00e-05,76353.63,95469568,N/A,2025-06-07 18:15:11
5827,1.717639,2.449601,12.848612,5.00e-05,77404.12,95485952,N/A,2025-06-07 18:15:11
5828,3.037662,2.449601,12.848612,5.00e-05,77527.47,95502336,N/A,2025-06-07 18:15:12
5829,2.704719,2.449601,12.848612,5.00e-05,78169.89,95518720,N/A,2025-06-07 18:15:12
5830,2.216776,2.449601,12.848612,5.00e-05,76471.71,95535104,1.0000,2025-06-07 18:15:12
5831,2.659723,2.449601,12.848612,5.00e-05,77009.28,95551488,N/A,2025-06-07 18:15:12
5832,2.268804,2.449601,12.848612,5.00e-05,77043.62,95567872,N/A,2025-06-07 18:15:13
5833,2.452781,2.449601,12.848612,5.00e-05,77193.77,95584256,N/A,2025-06-07 18:15:13
5834,2.068096,2.449601,12.848612,5.00e-05,76888.80,95600640,N/A,2025-06-07 18:15:13
5835,2.597798,2.449601,12.848612,5.00e-05,77175.91,95617024,N/A,2025-06-07 18:15:13
5836,3.278022,2.449601,12.848612,5.00e-05,77096.41,95633408,N/A,2025-06-07 18:15:14
5837,2.190739,2.449601,12.848612,5.00e-05,76972.62,95649792,N/A,2025-06-07 18:15:14
5838,1.783645,2.449601,12.848612,5.00e-05,77838.40,95666176,N/A,2025-06-07 18:15:14
5839,2.526366,2.449601,12.848612,5.00e-05,79473.05,95682560,N/A,2025-06-07 18:15:14
5840,2.926489,2.449601,12.848612,5.00e-05,77963.52,95698944,1.0000,2025-06-07 18:15:14
5841,3.196752,2.449601,12.848612,5.00e-05,77753.88,95715328,N/A,2025-06-07 18:15:15
5842,2.019045,2.449601,12.848612,5.00e-05,77851.14,95731712,N/A,2025-06-07 18:15:15
5843,2.599849,2.449601,12.848612,5.00e-05,78309.35,95748096,N/A,2025-06-07 18:15:15
5844,1.972587,2.449601,12.848612,5.00e-05,78234.23,95764480,N/A,2025-06-07 18:15:15
5845,1.303244,2.449601,12.848612,5.00e-05,78143.69,95780864,N/A,2025-06-07 18:15:16
5846,2.126991,2.449601,12.848612,5.00e-05,78376.66,95797248,N/A,2025-06-07 18:15:16
5847,2.846210,2.449601,12.848612,5.00e-05,78658.82,95813632,N/A,2025-06-07 18:15:16
5848,3.829395,2.449601,12.848612,5.00e-05,78594.97,95830016,N/A,2025-06-07 18:15:16
5849,2.861840,2.449601,12.848612,5.00e-05,79970.49,95846400,N/A,2025-06-07 18:15:17
5850,2.070765,2.449601,12.848612,5.00e-05,78397.18,95862784,1.0000,2025-06-07 18:15:17
5851,2.403124,2.449601,12.848612,5.00e-05,78442.85,95879168,N/A,2025-06-07 18:15:17
5852,1.950425,2.449601,12.848612,5.00e-05,78407.61,95895552,N/A,2025-06-07 18:15:17
5853,2.838037,2.449601,12.848612,5.00e-05,78354.57,95911936,N/A,2025-06-07 18:15:17
5854,1.504613,2.449601,12.848612,5.00e-05,78513.90,95928320,N/A,2025-06-07 18:15:18
5855,2.113071,2.449601,12.848612,5.00e-05,78166.37,95944704,N/A,2025-06-07 18:15:18
5856,2.368885,2.449601,12.848612,5.00e-05,77942.61,95961088,N/A,2025-06-07 18:15:18
5857,2.727139,2.449601,12.848612,5.00e-05,77555.01,95977472,N/A,2025-06-07 18:15:18
5858,2.465045,2.449601,12.848612,5.00e-05,77811.85,95993856,N/A,2025-06-07 18:15:19
5859,1.498042,2.449601,12.848612,5.00e-05,79083.09,96010240,N/A,2025-06-07 18:15:19
5860,2.683178,2.449601,12.848612,5.00e-05,77388.36,96026624,1.0000,2025-06-07 18:15:19
5861,1.577514,2.449601,12.848612,5.00e-05,77407.26,96043008,N/A,2025-06-07 18:15:19
5862,3.267503,2.449601,12.848612,5.00e-05,77263.35,96059392,N/A,2025-06-07 18:15:20
5863,2.517226,2.449601,12.848612,5.00e-05,77274.04,96075776,N/A,2025-06-07 18:15:20
5864,2.570109,2.449601,12.848612,5.00e-05,77624.32,96092160,N/A,2025-06-07 18:15:20
5865,2.682692,2.449601,12.848612,5.00e-05,77459.30,96108544,N/A,2025-06-07 18:15:20
5866,2.199168,2.449601,12.848612,5.00e-05,77891.28,96124928,N/A,2025-06-07 18:15:21
5867,2.265792,2.449601,12.848612,5.00e-05,77777.89,96141312,N/A,2025-06-07 18:15:21
5868,1.812753,2.449601,12.848612,5.00e-05,78224.04,96157696,N/A,2025-06-07 18:15:21
5869,1.949280,2.449601,12.848612,5.00e-05,79713.59,96174080,N/A,2025-06-07 18:15:21
5870,2.866203,2.449601,12.848612,5.00e-05,78159.32,96190464,1.0000,2025-06-07 18:15:21
5871,3.131975,2.449601,12.848612,5.00e-05,78337.18,96206848,N/A,2025-06-07 18:15:22
5872,1.840879,2.449601,12.848612,5.00e-05,78228.10,96223232,N/A,2025-06-07 18:15:22
5873,2.641558,2.449601,12.848612,5.00e-05,78032.37,96239616,N/A,2025-06-07 18:15:22
5874,1.724910,2.449601,12.848612,5.00e-05,78039.36,96256000,N/A,2025-06-07 18:15:22
5875,2.957676,2.449601,12.848612,5.00e-05,78070.52,96272384,N/A,2025-06-07 18:15:23
5876,3.840886,2.449601,12.848612,5.00e-05,77936.54,96288768,N/A,2025-06-07 18:15:23
5877,1.732678,2.449601,12.848612,5.00e-05,77794.67,96305152,N/A,2025-06-07 18:15:23
5878,2.258818,2.449601,12.848612,5.00e-05,77892.82,96321536,N/A,2025-06-07 18:15:23
5879,2.519627,2.449601,12.848612,5.00e-05,79252.97,96337920,N/A,2025-06-07 18:15:24
5880,2.826426,2.449601,12.848612,5.00e-05,77848.94,96354304,1.0000,2025-06-07 18:15:24
5881,2.091800,2.449601,12.848612,5.00e-05,77904.22,96370688,N/A,2025-06-07 18:15:24
5882,2.704611,2.449601,12.848612,5.00e-05,77981.19,96387072,N/A,2025-06-07 18:15:24
5883,2.023159,2.449601,12.848612,5.00e-05,77994.78,96403456,N/A,2025-06-07 18:15:24
5884,2.339929,2.449601,12.848612,5.00e-05,77184.99,96419840,N/A,2025-06-07 18:15:25
5885,1.980654,2.449601,12.848612,5.00e-05,77163.94,96436224,N/A,2025-06-07 18:15:25
5886,2.067736,2.449601,12.848612,5.00e-05,76946.29,96452608,N/A,2025-06-07 18:15:25
5887,1.471416,2.449601,12.848612,5.00e-05,77027.48,96468992,N/A,2025-06-07 18:15:25
5888,1.822736,2.449601,12.848612,5.00e-05,77060.90,96485376,N/A,2025-06-07 18:15:26
5889,2.268385,2.449601,12.848612,5.00e-05,78269.20,96501760,N/A,2025-06-07 18:15:26
5890,2.736708,2.449601,12.848612,5.00e-05,76530.01,96518144,1.0000,2025-06-07 18:15:26
5891,2.657417,2.449601,12.848612,5.00e-05,76460.41,96534528,N/A,2025-06-07 18:15:26
5892,2.141631,2.449601,12.848612,5.00e-05,76616.77,96550912,N/A,2025-06-07 18:15:27
5893,1.451336,2.449601,12.848612,5.00e-05,77350.52,96567296,N/A,2025-06-07 18:15:27
5894,3.132442,2.449601,12.848612,5.00e-05,77522.89,96583680,N/A,2025-06-07 18:15:27
5895,1.526461,2.449601,12.848612,5.00e-05,77500.22,96600064,N/A,2025-06-07 18:15:27
5896,2.530751,2.449601,12.848612,5.00e-05,77451.30,96616448,N/A,2025-06-07 18:15:28
5897,2.464084,2.449601,12.848612,5.00e-05,77547.60,96632832,N/A,2025-06-07 18:15:28
5898,2.068248,2.449601,12.848612,5.00e-05,77647.31,96649216,N/A,2025-06-07 18:15:28
5899,3.118288,2.449601,12.848612,5.00e-05,79425.84,96665600,N/A,2025-06-07 18:15:28
5900,2.209735,2.449601,12.848612,5.00e-05,77860.25,96681984,1.0000,2025-06-07 18:15:29
5901,1.821555,2.449601,12.848612,5.00e-05,76329.83,96698368,N/A,2025-06-07 18:15:29
5902,2.532746,2.449601,12.848612,5.00e-05,76294.29,96714752,N/A,2025-06-07 18:15:29
5903,2.150421,2.449601,12.848612,5.00e-05,76244.26,96731136,N/A,2025-06-07 18:15:29
5904,1.788131,2.449601,12.848612,5.00e-05,76445.72,96747520,N/A,2025-06-07 18:15:29
5905,2.092685,2.449601,12.848612,5.00e-05,76341.44,96763904,N/A,2025-06-07 18:15:30
5906,2.232329,2.449601,12.848612,5.00e-05,76333.95,96780288,N/A,2025-06-07 18:15:30
5907,2.105319,2.449601,12.848612,5.00e-05,76176.92,96796672,N/A,2025-06-07 18:15:30
5908,1.839011,2.449601,12.848612,5.00e-05,76250.78,96813056,N/A,2025-06-07 18:15:30
5909,2.023048,2.449601,12.848612,5.00e-05,77411.83,96829440,N/A,2025-06-07 18:15:31
5910,2.121402,2.449601,12.848612,5.00e-05,77388.85,96845824,1.0000,2025-06-07 18:15:31
5911,2.124828,2.449601,12.848612,5.00e-05,77387.95,96862208,N/A,2025-06-07 18:15:31
5912,2.774449,2.449601,12.848612,5.00e-05,77385.46,96878592,N/A,2025-06-07 18:15:31
5913,2.946645,2.449601,12.848612,5.00e-05,77476.63,96894976,N/A,2025-06-07 18:15:32
5914,2.369211,2.449601,12.848612,5.00e-05,77581.63,96911360,N/A,2025-06-07 18:15:32
5915,2.567302,2.449601,12.848612,5.00e-05,77404.09,96927744,N/A,2025-06-07 18:15:32
5916,1.419820,2.449601,12.848612,5.00e-05,77896.50,96944128,N/A,2025-06-07 18:15:32
5917,1.816147,2.449601,12.848612,5.00e-05,77789.87,96960512,N/A,2025-06-07 18:15:32
5918,1.830264,2.449601,12.848612,5.00e-05,78137.44,96976896,N/A,2025-06-07 18:15:33
5919,1.767265,2.449601,12.848612,5.00e-05,79515.60,96993280,N/A,2025-06-07 18:15:33
5920,3.007912,2.449601,12.848612,5.00e-05,78067.03,97009664,1.0000,2025-06-07 18:15:33
5921,2.188366,2.449601,12.848612,5.00e-05,77998.10,97026048,N/A,2025-06-07 18:15:33
5922,2.276332,2.449601,12.848612,5.00e-05,77977.13,97042432,N/A,2025-06-07 18:15:34
5923,2.407038,2.449601,12.848612,5.00e-05,77918.28,97058816,N/A,2025-06-07 18:15:34
5924,1.765894,2.449601,12.848612,5.00e-05,78024.53,97075200,N/A,2025-06-07 18:15:34
5925,2.369758,2.449601,12.848612,5.00e-05,77742.48,97091584,N/A,2025-06-07 18:15:34
5926,2.306114,2.449601,12.848612,5.00e-05,77460.67,97107968,N/A,2025-06-07 18:15:35
5927,2.934139,2.449601,12.848612,5.00e-05,77191.17,97124352,N/A,2025-06-07 18:15:35
5928,1.657849,2.449601,12.848612,5.00e-05,77182.66,97140736,N/A,2025-06-07 18:15:35
5929,2.733838,2.449601,12.848612,5.00e-05,78619.01,97157120,N/A,2025-06-07 18:15:35
5930,2.569418,2.449601,12.848612,5.00e-05,76994.13,97173504,1.0000,2025-06-07 18:15:36
5931,1.631943,2.449601,12.848612,5.00e-05,77040.16,97189888,N/A,2025-06-07 18:15:36
5932,2.517064,2.449601,12.848612,5.00e-05,77138.05,97206272,N/A,2025-06-07 18:15:36
5933,2.651199,2.449601,12.848612,5.00e-05,75496.70,97222656,N/A,2025-06-07 18:15:36
5934,2.456787,2.449601,12.848612,5.00e-05,75630.04,97239040,N/A,2025-06-07 18:15:37
5935,2.485352,2.449601,12.848612,5.00e-05,75830.35,97255424,N/A,2025-06-07 18:15:37
5936,2.928191,2.449601,12.848612,5.00e-05,76020.53,97271808,N/A,2025-06-07 18:15:37
5937,2.119477,2.449601,12.848612,5.00e-05,76290.37,97288192,N/A,2025-06-07 18:15:37
5938,1.896184,2.449601,12.848612,5.00e-05,76310.67,97304576,N/A,2025-06-07 18:15:37
5939,2.874373,2.449601,12.848612,5.00e-05,77900.47,97320960,N/A,2025-06-07 18:15:38
5940,2.197839,2.449601,12.848612,5.00e-05,76325.57,97337344,1.0000,2025-06-07 18:15:38
5941,2.777398,2.449601,12.848612,5.00e-05,76316.91,97353728,N/A,2025-06-07 18:15:38
5942,2.182103,2.449601,12.848612,5.00e-05,76824.01,97370112,N/A,2025-06-07 18:15:38
5943,1.613035,2.449601,12.848612,5.00e-05,76673.30,97386496,N/A,2025-06-07 18:15:39
5944,2.260113,2.449601,12.848612,5.00e-05,76916.70,97402880,N/A,2025-06-07 18:15:39
5945,1.859085,2.449601,12.848612,5.00e-05,76792.64,97419264,N/A,2025-06-07 18:15:39
5946,2.804048,2.449601,12.848612,5.00e-05,76743.75,97435648,N/A,2025-06-07 18:15:39
5947,2.127584,2.449601,12.848612,5.00e-05,76813.30,97452032,N/A,2025-06-07 18:15:40
5948,1.865954,2.449601,12.848612,5.00e-05,76843.04,97468416,N/A,2025-06-07 18:15:40
5949,2.248507,2.449601,12.848612,5.00e-05,78126.46,97484800,N/A,2025-06-07 18:15:40
5950,2.679744,2.449601,12.848612,5.00e-05,76176.05,97501184,1.0000,2025-06-07 18:15:40
5951,1.840984,2.449601,12.848612,5.00e-05,77428.92,97517568,N/A,2025-06-07 18:15:41
5952,3.390176,2.449601,12.848612,5.00e-05,77324.44,97533952,N/A,2025-06-07 18:15:41
5953,2.056840,2.449601,12.848612,5.00e-05,77191.25,97550336,N/A,2025-06-07 18:15:41
5954,3.696540,2.449601,12.848612,5.00e-05,77383.97,97566720,N/A,2025-06-07 18:15:41
5955,2.973783,2.449601,12.848612,5.00e-05,76575.52,97583104,N/A,2025-06-07 18:15:41
5956,2.536646,2.449601,12.848612,5.00e-05,76395.14,97599488,N/A,2025-06-07 18:15:42
5957,2.459380,2.449601,12.848612,5.00e-05,76359.73,97615872,N/A,2025-06-07 18:15:42
5958,1.784212,2.449601,12.848612,5.00e-05,76682.99,97632256,N/A,2025-06-07 18:15:42
5959,2.079321,2.449601,12.848612,5.00e-05,78631.48,97648640,N/A,2025-06-07 18:15:42
5960,3.563954,2.449601,12.848612,5.00e-05,76995.88,97665024,1.0000,2025-06-07 18:15:43
5961,1.722246,2.449601,12.848612,5.00e-05,77044.80,97681408,N/A,2025-06-07 18:15:43
5962,2.610375,2.449601,12.848612,5.00e-05,77123.72,97697792,N/A,2025-06-07 18:15:43
5963,3.336878,2.449601,12.848612,5.00e-05,76958.30,97714176,N/A,2025-06-07 18:15:43
5964,2.198791,2.449601,12.848612,5.00e-05,77660.27,97730560,N/A,2025-06-07 18:15:44
5965,2.698868,2.449601,12.848612,5.00e-05,77797.42,97746944,N/A,2025-06-07 18:15:44
5966,3.045502,2.449601,12.848612,5.00e-05,77820.91,97763328,N/A,2025-06-07 18:15:44
5967,1.822080,2.449601,12.848612,5.00e-05,77112.27,97779712,N/A,2025-06-07 18:15:44
5968,2.623070,2.449601,12.848612,5.00e-05,76497.63,97796096,N/A,2025-06-07 18:15:45
5969,2.398351,2.449601,12.848612,5.00e-05,77967.31,97812480,N/A,2025-06-07 18:15:45
5970,3.203562,2.449601,12.848612,5.00e-05,76542.24,97828864,1.0000,2025-06-07 18:15:45
5971,2.394892,2.449601,12.848612,5.00e-05,76612.51,97845248,N/A,2025-06-07 18:15:45
5972,2.652315,2.449601,12.848612,5.00e-05,76543.94,97861632,N/A,2025-06-07 18:15:46
5973,2.567370,2.449601,12.848612,5.00e-05,76615.32,97878016,N/A,2025-06-07 18:15:46
5974,2.000024,2.449601,12.848612,5.00e-05,76745.34,97894400,N/A,2025-06-07 18:15:46
5975,1.852994,2.449601,12.848612,5.00e-05,76790.02,97910784,N/A,2025-06-07 18:15:46
5976,3.162711,2.449601,12.848612,5.00e-05,76700.24,97927168,N/A,2025-06-07 18:15:46
5977,1.848185,2.449601,12.848612,5.00e-05,77277.24,97943552,N/A,2025-06-07 18:15:47
5978,1.947554,2.449601,12.848612,5.00e-05,77322.00,97959936,N/A,2025-06-07 18:15:47
5979,2.398546,2.449601,12.848612,5.00e-05,78609.75,97976320,N/A,2025-06-07 18:15:47
5980,2.522021,2.449601,12.848612,5.00e-05,76438.72,97992704,1.0000,2025-06-07 18:15:47
5981,1.443217,2.449601,12.848612,5.00e-05,76552.31,98009088,N/A,2025-06-07 18:15:48
5982,2.652949,2.449601,12.848612,5.00e-05,76414.70,98025472,N/A,2025-06-07 18:15:48
5983,2.158548,2.449601,12.848612,5.00e-05,76182.45,98041856,N/A,2025-06-07 18:15:48
5984,2.554826,2.449601,12.848612,5.00e-05,75703.19,98058240,N/A,2025-06-07 18:15:48
5985,2.039845,2.449601,12.848612,5.00e-05,76664.70,98074624,N/A,2025-06-07 18:15:49
5986,2.819688,2.449601,12.848612,5.00e-05,76611.74,98091008,N/A,2025-06-07 18:15:49
5987,2.332701,2.449601,12.848612,5.00e-05,76495.93,98107392,N/A,2025-06-07 18:15:49
5988,1.966263,2.449601,12.848612,5.00e-05,76798.13,98123776,N/A,2025-06-07 18:15:49
5989,1.828789,2.449601,12.848612,5.00e-05,78641.28,98140160,N/A,2025-06-07 18:15:50
5990,1.744890,2.449601,12.848612,5.00e-05,76606.47,98156544,1.0000,2025-06-07 18:15:50
5991,2.678386,2.449601,12.848612,5.00e-05,76786.82,98172928,N/A,2025-06-07 18:15:50
5992,1.998193,2.449601,12.848612,5.00e-05,76847.76,98189312,N/A,2025-06-07 18:15:50
5993,2.503544,2.449601,12.848612,5.00e-05,77330.12,98205696,N/A,2025-06-07 18:15:50
5994,1.861053,2.449601,12.848612,5.00e-05,57652.21,98222080,N/A,2025-06-07 18:15:51
5995,2.547540,2.449601,12.848612,5.00e-05,57709.14,98238464,N/A,2025-06-07 18:15:52
5996,1.828299,2.449601,12.848612,5.00e-05,57737.34,98254848,N/A,2025-06-07 18:15:52
5997,2.385682,2.449601,12.848612,5.00e-05,57699.47,98271232,N/A,2025-06-07 18:15:52
5998,2.267647,2.449601,12.848612,5.00e-05,57612.15,98287616,N/A,2025-06-07 18:15:52
5999,3.219452,2.449601,12.848612,5.00e-05,58802.97,98304000,N/A,2025-06-07 18:15:53
6000,2.037968,2.495838,13.264447,5.00e-05,11697.66,98320384,N/A,2025-06-07 18:16:04
6001,2.530527,2.495838,13.264447,5.00e-05,11629.72,98336768,N/A,2025-06-07 18:16:04
6002,2.576252,2.495838,13.264447,5.00e-05,11615.52,98353152,N/A,2025-06-07 18:16:05
6003,2.793818,2.495838,13.264447,5.00e-05,12215.38,98369536,N/A,2025-06-07 18:16:05
6004,2.484905,2.495838,13.264447,5.00e-05,12200.75,98385920,N/A,2025-06-07 18:16:05
6005,2.585211,2.495838,13.264447,5.00e-05,12192.57,98402304,N/A,2025-06-07 18:16:05
6006,2.565738,2.495838,13.264447,5.00e-05,12177.06,98418688,N/A,2025-06-07 18:16:06
6007,2.474701,2.495838,13.264447,5.00e-05,12184.28,98435072,N/A,2025-06-07 18:16:06
6008,2.180051,2.495838,13.264447,5.00e-05,12178.46,98451456,N/A,2025-06-07 18:16:06
6009,1.976549,2.495838,13.264447,5.00e-05,72733.77,98467840,N/A,2025-06-07 18:16:06
6010,2.814074,2.495838,13.264447,5.00e-05,72582.35,98484224,1.0000,2025-06-07 18:16:07
6011,2.497800,2.495838,13.264447,5.00e-05,72791.10,98500608,N/A,2025-06-07 18:16:07
6012,2.243389,2.495838,13.264447,5.00e-05,71650.57,98516992,N/A,2025-06-07 18:16:07
6013,2.272916,2.495838,13.264447,5.00e-05,72189.08,98533376,N/A,2025-06-07 18:16:07
6014,3.206491,2.495838,13.264447,5.00e-05,72509.73,98549760,N/A,2025-06-07 18:16:08
6015,2.550125,2.495838,13.264447,5.00e-05,72429.72,98566144,N/A,2025-06-07 18:16:08
6016,3.127494,2.495838,13.264447,5.00e-05,72246.83,98582528,N/A,2025-06-07 18:16:08
6017,2.389661,2.495838,13.264447,5.00e-05,71856.34,98598912,N/A,2025-06-07 18:16:08
6018,2.025726,2.495838,13.264447,5.00e-05,71698.70,98615296,N/A,2025-06-07 18:16:09
6019,3.291573,2.495838,13.264447,5.00e-05,74071.85,98631680,N/A,2025-06-07 18:16:09
6020,2.908561,2.495838,13.264447,5.00e-05,71682.15,98648064,1.0000,2025-06-07 18:16:09
6021,2.281019,2.495838,13.264447,5.00e-05,73194.36,98664448,N/A,2025-06-07 18:16:09
6022,2.381482,2.495838,13.264447,5.00e-05,72839.41,98680832,N/A,2025-06-07 18:16:10
6023,3.228069,2.495838,13.264447,5.00e-05,72327.31,98697216,N/A,2025-06-07 18:16:10
6024,2.207461,2.495838,13.264447,5.00e-05,72690.55,98713600,N/A,2025-06-07 18:16:10
6025,2.560132,2.495838,13.264447,5.00e-05,71974.96,98729984,N/A,2025-06-07 18:16:10
6026,2.444550,2.495838,13.264447,5.00e-05,71444.54,98746368,N/A,2025-06-07 18:16:11
6027,3.748128,2.495838,13.264447,5.00e-05,71859.35,98762752,N/A,2025-06-07 18:16:11
6028,2.912879,2.495838,13.264447,5.00e-05,71373.31,98779136,N/A,2025-06-07 18:16:11
6029,1.849316,2.495838,13.264447,5.00e-05,74027.90,98795520,N/A,2025-06-07 18:16:11
6030,2.899286,2.495838,13.264447,5.00e-05,72376.36,98811904,1.0000,2025-06-07 18:16:12
6031,1.888180,2.495838,13.264447,5.00e-05,71431.67,98828288,N/A,2025-06-07 18:16:12
6032,2.652174,2.495838,13.264447,5.00e-05,71846.10,98844672,N/A,2025-06-07 18:16:12
6033,2.673905,2.495838,13.264447,5.00e-05,71854.17,98861056,N/A,2025-06-07 18:16:12
6034,1.902078,2.495838,13.264447,5.00e-05,72859.31,98877440,N/A,2025-06-07 18:16:13
6035,1.831388,2.495838,13.264447,5.00e-05,74401.96,98893824,N/A,2025-06-07 18:16:13
6036,2.156122,2.495838,13.264447,5.00e-05,73344.27,98910208,N/A,2025-06-07 18:16:13
6037,2.389970,2.495838,13.264447,5.00e-05,73912.15,98926592,N/A,2025-06-07 18:16:13
6038,2.894327,2.495838,13.264447,5.00e-05,73507.77,98942976,N/A,2025-06-07 18:16:14
6039,2.743596,2.495838,13.264447,5.00e-05,75511.78,98959360,N/A,2025-06-07 18:16:14
6040,2.444772,2.495838,13.264447,5.00e-05,74352.99,98975744,1.0000,2025-06-07 18:16:14
6041,3.656435,2.495838,13.264447,5.00e-05,74317.73,98992128,N/A,2025-06-07 18:16:14
6042,2.155207,2.495838,13.264447,5.00e-05,74481.11,99008512,N/A,2025-06-07 18:16:15
6043,2.348347,2.495838,13.264447,5.00e-05,69360.04,99024896,N/A,2025-06-07 18:16:15
6044,1.793945,2.495838,13.264447,5.00e-05,69017.75,99041280,N/A,2025-06-07 18:16:15
6045,2.231606,2.495838,13.264447,5.00e-05,70189.76,99057664,N/A,2025-06-07 18:16:15
6046,2.581331,2.495838,13.264447,5.00e-05,70473.44,99074048,N/A,2025-06-07 18:16:16
6047,2.358727,2.495838,13.264447,5.00e-05,70860.67,99090432,N/A,2025-06-07 18:16:16
6048,3.361156,2.495838,13.264447,5.00e-05,70874.27,99106816,N/A,2025-06-07 18:16:16
6049,2.038059,2.495838,13.264447,5.00e-05,73041.81,99123200,N/A,2025-06-07 18:16:16
6050,2.472631,2.495838,13.264447,5.00e-05,71787.26,99139584,1.0000,2025-06-07 18:16:17
6051,1.396355,2.495838,13.264447,5.00e-05,71905.83,99155968,N/A,2025-06-07 18:16:17
6052,3.602900,2.495838,13.264447,5.00e-05,77206.06,99172352,N/A,2025-06-07 18:16:17
6053,1.990587,2.495838,13.264447,5.00e-05,77093.22,99188736,N/A,2025-06-07 18:16:17
6054,2.782725,2.495838,13.264447,5.00e-05,77075.42,99205120,N/A,2025-06-07 18:16:18
6055,3.150713,2.495838,13.264447,5.00e-05,76977.34,99221504,N/A,2025-06-07 18:16:18
6056,2.147733,2.495838,13.264447,5.00e-05,77075.76,99237888,N/A,2025-06-07 18:16:18
6057,3.364915,2.495838,13.264447,5.00e-05,76898.58,99254272,N/A,2025-06-07 18:16:18
6058,2.250068,2.495838,13.264447,5.00e-05,76855.49,99270656,N/A,2025-06-07 18:16:18
6059,2.158716,2.495838,13.264447,5.00e-05,78242.60,99287040,N/A,2025-06-07 18:16:19
6060,2.006623,2.495838,13.264447,5.00e-05,76562.42,99303424,1.0000,2025-06-07 18:16:19
6061,2.369237,2.495838,13.264447,5.00e-05,76587.37,99319808,N/A,2025-06-07 18:16:19
6062,2.674879,2.495838,13.264447,5.00e-05,76702.61,99336192,N/A,2025-06-07 18:16:19
6063,1.775523,2.495838,13.264447,5.00e-05,76900.98,99352576,N/A,2025-06-07 18:16:20
6064,2.415114,2.495838,13.264447,5.00e-05,76527.04,99368960,N/A,2025-06-07 18:16:20
6065,2.259558,2.495838,13.264447,5.00e-05,76696.77,99385344,N/A,2025-06-07 18:16:20
6066,2.574673,2.495838,13.264447,5.00e-05,76844.22,99401728,N/A,2025-06-07 18:16:20
6067,2.743831,2.495838,13.264447,5.00e-05,77089.26,99418112,N/A,2025-06-07 18:16:21
6068,2.288234,2.495838,13.264447,5.00e-05,77101.75,99434496,N/A,2025-06-07 18:16:21
6069,2.375421,2.495838,13.264447,5.00e-05,78591.52,99450880,N/A,2025-06-07 18:16:21
6070,2.005790,2.495838,13.264447,5.00e-05,76516.55,99467264,1.0000,2025-06-07 18:16:21
6071,2.642004,2.495838,13.264447,5.00e-05,76492.74,99483648,N/A,2025-06-07 18:16:22
6072,3.335330,2.495838,13.264447,5.00e-05,76349.95,99500032,N/A,2025-06-07 18:16:22
6073,1.828691,2.495838,13.264447,5.00e-05,76958.05,99516416,N/A,2025-06-07 18:16:22
6074,2.199605,2.495838,13.264447,5.00e-05,76603.96,99532800,N/A,2025-06-07 18:16:22
6075,2.632818,2.495838,13.264447,5.00e-05,76697.65,99549184,N/A,2025-06-07 18:16:23
6076,2.540615,2.495838,13.264447,5.00e-05,76862.54,99565568,N/A,2025-06-07 18:16:23
6077,2.438457,2.495838,13.264447,5.00e-05,76794.15,99581952,N/A,2025-06-07 18:16:23
6078,2.425473,2.495838,13.264447,5.00e-05,76926.78,99598336,N/A,2025-06-07 18:16:23
6079,2.060193,2.495838,13.264447,5.00e-05,79018.64,99614720,N/A,2025-06-07 18:16:23
6080,2.212735,2.495838,13.264447,5.00e-05,77393.58,99631104,1.0000,2025-06-07 18:16:24
6081,3.089234,2.495838,13.264447,5.00e-05,76819.03,99647488,N/A,2025-06-07 18:16:24
6082,2.138674,2.495838,13.264447,5.00e-05,76852.12,99663872,N/A,2025-06-07 18:16:24
6083,3.463330,2.495838,13.264447,5.00e-05,76639.89,99680256,N/A,2025-06-07 18:16:24
6084,2.480701,2.495838,13.264447,5.00e-05,76760.71,99696640,N/A,2025-06-07 18:16:25
6085,2.270272,2.495838,13.264447,5.00e-05,76692.90,99713024,N/A,2025-06-07 18:16:25
6086,2.432903,2.495838,13.264447,5.00e-05,77127.88,99729408,N/A,2025-06-07 18:16:25
6087,2.144796,2.495838,13.264447,5.00e-05,77096.46,99745792,N/A,2025-06-07 18:16:25
6088,2.404556,2.495838,13.264447,5.00e-05,76758.27,99762176,N/A,2025-06-07 18:16:26
6089,1.909483,2.495838,13.264447,5.00e-05,77495.99,99778560,N/A,2025-06-07 18:16:26
6090,3.142516,2.495838,13.264447,5.00e-05,76386.94,99794944,1.0000,2025-06-07 18:16:26
6091,2.018504,2.495838,13.264447,5.00e-05,76605.76,99811328,N/A,2025-06-07 18:16:26
6092,2.551752,2.495838,13.264447,5.00e-05,76742.03,99827712,N/A,2025-06-07 18:16:27
6093,2.760036,2.495838,13.264447,5.00e-05,76504.90,99844096,N/A,2025-06-07 18:16:27
6094,2.519619,2.495838,13.264447,5.00e-05,76502.90,99860480,N/A,2025-06-07 18:16:27
6095,2.940848,2.495838,13.264447,5.00e-05,76376.83,99876864,N/A,2025-06-07 18:16:27
6096,2.010556,2.495838,13.264447,5.00e-05,76566.65,99893248,N/A,2025-06-07 18:16:27
6097,1.816860,2.495838,13.264447,5.00e-05,77040.98,99909632,N/A,2025-06-07 18:16:28
6098,2.038154,2.495838,13.264447,5.00e-05,77799.76,99926016,N/A,2025-06-07 18:16:28
6099,2.932998,2.495838,13.264447,5.00e-05,79581.20,99942400,N/A,2025-06-07 18:16:28
6100,3.529973,2.495838,13.264447,5.00e-05,77718.16,99958784,1.0000,2025-06-07 18:16:28
6101,2.111044,2.495838,13.264447,5.00e-05,75843.42,99975168,N/A,2025-06-07 18:16:29
6102,2.247682,2.495838,13.264447,5.00e-05,75220.26,99991552,N/A,2025-06-07 18:16:29
6103,3.267188,2.495838,13.264447,5.00e-05,74812.15,100007936,N/A,2025-06-07 18:16:29
6104,2.361047,2.495838,13.264447,5.00e-05,74741.11,100024320,N/A,2025-06-07 18:16:29
6105,2.344465,2.495838,13.264447,5.00e-05,74406.17,100040704,N/A,2025-06-07 18:16:30
6106,1.455641,2.495838,13.264447,5.00e-05,74415.61,100057088,N/A,2025-06-07 18:16:30
6107,2.522308,2.495838,13.264447,5.00e-05,74129.66,100073472,N/A,2025-06-07 18:16:30
6108,2.842938,2.495838,13.264447,5.00e-05,74009.89,100089856,N/A,2025-06-07 18:16:30
6109,2.438746,2.495838,13.264447,5.00e-05,75178.83,100106240,N/A,2025-06-07 18:16:31
6110,1.971166,2.495838,13.264447,5.00e-05,74134.57,100122624,1.0000,2025-06-07 18:16:31
6111,2.458090,2.495838,13.264447,5.00e-05,74566.67,100139008,N/A,2025-06-07 18:16:31
6112,2.620721,2.495838,13.264447,5.00e-05,74832.58,100155392,N/A,2025-06-07 18:16:31
6113,2.964641,2.495838,13.264447,5.00e-05,74734.86,100171776,N/A,2025-06-07 18:16:32
6114,1.910874,2.495838,13.264447,5.00e-05,74889.46,100188160,N/A,2025-06-07 18:16:32
6115,2.537144,2.495838,13.264447,5.00e-05,74791.42,100204544,N/A,2025-06-07 18:16:32
6116,3.070007,2.495838,13.264447,5.00e-05,75224.29,100220928,N/A,2025-06-07 18:16:32
6117,3.660209,2.495838,13.264447,5.00e-05,75225.04,100237312,N/A,2025-06-07 18:16:33
6118,3.166661,2.495838,13.264447,5.00e-05,75246.62,100253696,N/A,2025-06-07 18:16:33
6119,2.301267,2.495838,13.264447,5.00e-05,78349.37,100270080,N/A,2025-06-07 18:16:33
6120,2.502239,2.495838,13.264447,5.00e-05,77026.34,100286464,1.0000,2025-06-07 18:16:33
6121,1.781293,2.495838,13.264447,5.00e-05,77174.69,100302848,N/A,2025-06-07 18:16:34
6122,2.440810,2.495838,13.264447,5.00e-05,77399.62,100319232,N/A,2025-06-07 18:16:34
6123,2.801481,2.495838,13.264447,5.00e-05,77362.29,100335616,N/A,2025-06-07 18:16:34
6124,2.959973,2.495838,13.264447,5.00e-05,77295.32,100352000,N/A,2025-06-07 18:16:34
6125,2.675413,2.495838,13.264447,5.00e-05,76948.01,100368384,N/A,2025-06-07 18:16:34
6126,1.795390,2.495838,13.264447,5.00e-05,77063.95,100384768,N/A,2025-06-07 18:16:35
6127,2.622622,2.495838,13.264447,5.00e-05,77360.78,100401152,N/A,2025-06-07 18:16:35
6128,2.856945,2.495838,13.264447,5.00e-05,76660.16,100417536,N/A,2025-06-07 18:16:35
6129,2.188568,2.495838,13.264447,5.00e-05,78672.90,100433920,N/A,2025-06-07 18:16:35
6130,2.274793,2.495838,13.264447,5.00e-05,77524.01,100450304,1.0000,2025-06-07 18:16:36
6131,2.766300,2.495838,13.264447,5.00e-05,77745.50,100466688,N/A,2025-06-07 18:16:36
6132,2.759730,2.495838,13.264447,5.00e-05,77773.29,100483072,N/A,2025-06-07 18:16:36
6133,2.735355,2.495838,13.264447,5.00e-05,77875.59,100499456,N/A,2025-06-07 18:16:36
6134,1.864552,2.495838,13.264447,5.00e-05,78345.74,100515840,N/A,2025-06-07 18:16:37
6135,1.774509,2.495838,13.264447,5.00e-05,78043.60,100532224,N/A,2025-06-07 18:16:37
6136,1.804901,2.495838,13.264447,5.00e-05,78002.10,100548608,N/A,2025-06-07 18:16:37
6137,2.508528,2.495838,13.264447,5.00e-05,78764.74,100564992,N/A,2025-06-07 18:16:37
6138,2.705564,2.495838,13.264447,5.00e-05,78004.63,100581376,N/A,2025-06-07 18:16:37
6139,3.103167,2.495838,13.264447,5.00e-05,79144.45,100597760,N/A,2025-06-07 18:16:38
6140,3.109971,2.495838,13.264447,5.00e-05,77044.46,100614144,1.0000,2025-06-07 18:16:38
6141,3.480053,2.495838,13.264447,5.00e-05,77160.88,100630528,N/A,2025-06-07 18:16:38
6142,1.506530,2.495838,13.264447,5.00e-05,77158.93,100646912,N/A,2025-06-07 18:16:38
6143,2.216173,2.495838,13.264447,5.00e-05,76757.86,100663296,N/A,2025-06-07 18:16:39
6144,2.693785,2.495838,13.264447,5.00e-05,77079.10,100679680,N/A,2025-06-07 18:16:39
6145,2.446168,2.495838,13.264447,5.00e-05,77244.42,100696064,N/A,2025-06-07 18:16:39
6146,2.392503,2.495838,13.264447,5.00e-05,77352.39,100712448,N/A,2025-06-07 18:16:39
6147,2.771119,2.495838,13.264447,5.00e-05,77606.75,100728832,N/A,2025-06-07 18:16:40
6148,2.870809,2.495838,13.264447,5.00e-05,77472.85,100745216,N/A,2025-06-07 18:16:40
6149,1.646963,2.495838,13.264447,5.00e-05,79206.43,100761600,N/A,2025-06-07 18:16:40
6150,2.228135,2.495838,13.264447,5.00e-05,77664.75,100777984,1.0000,2025-06-07 18:16:40
6151,2.744607,2.495838,13.264447,5.00e-05,77799.91,100794368,N/A,2025-06-07 18:16:41
6152,1.361556,2.495838,13.264447,5.00e-05,78253.84,100810752,N/A,2025-06-07 18:16:41
6153,2.631617,2.495838,13.264447,5.00e-05,78365.39,100827136,N/A,2025-06-07 18:16:41
6154,2.401737,2.495838,13.264447,5.00e-05,78162.10,100843520,N/A,2025-06-07 18:16:41
6155,2.358251,2.495838,13.264447,5.00e-05,78124.94,100859904,N/A,2025-06-07 18:16:41
6156,2.304405,2.495838,13.264447,5.00e-05,78340.34,100876288,N/A,2025-06-07 18:16:42
6157,2.476965,2.495838,13.264447,5.00e-05,78477.77,100892672,N/A,2025-06-07 18:16:42
6158,2.985964,2.495838,13.264447,5.00e-05,78770.30,100909056,N/A,2025-06-07 18:16:42
6159,1.959331,2.495838,13.264447,5.00e-05,80045.21,100925440,N/A,2025-06-07 18:16:42
6160,2.088920,2.495838,13.264447,5.00e-05,78109.51,100941824,1.0000,2025-06-07 18:16:43
6161,1.913480,2.495838,13.264447,5.00e-05,77922.68,100958208,N/A,2025-06-07 18:16:43
6162,2.095037,2.495838,13.264447,5.00e-05,77830.66,100974592,N/A,2025-06-07 18:16:43
6163,2.844988,2.495838,13.264447,5.00e-05,77750.47,100990976,N/A,2025-06-07 18:16:43
6164,2.878218,2.495838,13.264447,5.00e-05,77772.24,101007360,N/A,2025-06-07 18:16:44
6165,1.777545,2.495838,13.264447,5.00e-05,77772.67,101023744,N/A,2025-06-07 18:16:44
6166,2.445084,2.495838,13.264447,5.00e-05,77696.72,101040128,N/A,2025-06-07 18:16:44
6167,1.690827,2.495838,13.264447,5.00e-05,76916.10,101056512,N/A,2025-06-07 18:16:44
6168,2.909025,2.495838,13.264447,5.00e-05,77047.04,101072896,N/A,2025-06-07 18:16:44
6169,2.796186,2.495838,13.264447,5.00e-05,78914.14,101089280,N/A,2025-06-07 18:16:45
6170,2.020762,2.495838,13.264447,5.00e-05,77408.97,101105664,1.0000,2025-06-07 18:16:45
6171,1.918900,2.495838,13.264447,5.00e-05,77462.91,101122048,N/A,2025-06-07 18:16:45
6172,2.244200,2.495838,13.264447,5.00e-05,77562.09,101138432,N/A,2025-06-07 18:16:45
6173,2.548054,2.495838,13.264447,5.00e-05,77481.37,101154816,N/A,2025-06-07 18:16:46
6174,1.824149,2.495838,13.264447,5.00e-05,77308.44,101171200,N/A,2025-06-07 18:16:46
6175,2.995804,2.495838,13.264447,5.00e-05,77312.05,101187584,N/A,2025-06-07 18:16:46
6176,2.552311,2.495838,13.264447,5.00e-05,77941.69,101203968,N/A,2025-06-07 18:16:46
6177,2.691502,2.495838,13.264447,5.00e-05,77345.04,101220352,N/A,2025-06-07 18:16:47
6178,2.351611,2.495838,13.264447,5.00e-05,77266.22,101236736,N/A,2025-06-07 18:16:47
6179,2.093985,2.495838,13.264447,5.00e-05,78684.19,101253120,N/A,2025-06-07 18:16:47
6180,2.081736,2.495838,13.264447,5.00e-05,77059.34,101269504,1.0000,2025-06-07 18:16:47
6181,2.277382,2.495838,13.264447,5.00e-05,77116.77,101285888,N/A,2025-06-07 18:16:48
6182,2.948252,2.495838,13.264447,5.00e-05,76961.48,101302272,N/A,2025-06-07 18:16:48
6183,2.119886,2.495838,13.264447,5.00e-05,77100.64,101318656,N/A,2025-06-07 18:16:48
6184,2.381939,2.495838,13.264447,5.00e-05,76798.41,101335040,N/A,2025-06-07 18:16:48
6185,1.864059,2.495838,13.264447,5.00e-05,76821.04,101351424,N/A,2025-06-07 18:16:48
6186,3.008336,2.495838,13.264447,5.00e-05,77398.54,101367808,N/A,2025-06-07 18:16:49
6187,1.722694,2.495838,13.264447,5.00e-05,77357.92,101384192,N/A,2025-06-07 18:16:49
6188,3.486602,2.495838,13.264447,5.00e-05,77560.48,101400576,N/A,2025-06-07 18:16:49
6189,2.461406,2.495838,13.264447,5.00e-05,78832.49,101416960,N/A,2025-06-07 18:16:49
6190,1.854714,2.495838,13.264447,5.00e-05,77008.00,101433344,1.0000,2025-06-07 18:16:50
6191,2.905282,2.495838,13.264447,5.00e-05,76465.42,101449728,N/A,2025-06-07 18:16:50
6192,2.289377,2.495838,13.264447,5.00e-05,75967.90,101466112,N/A,2025-06-07 18:16:50
6193,2.745524,2.495838,13.264447,5.00e-05,76406.74,101482496,N/A,2025-06-07 18:16:50
6194,2.231786,2.495838,13.264447,5.00e-05,76431.05,101498880,N/A,2025-06-07 18:16:51
6195,2.865489,2.495838,13.264447,5.00e-05,76618.29,101515264,N/A,2025-06-07 18:16:51
6196,2.971139,2.495838,13.264447,5.00e-05,76538.63,101531648,N/A,2025-06-07 18:16:51
6197,1.685245,2.495838,13.264447,5.00e-05,76622.75,101548032,N/A,2025-06-07 18:16:51
6198,3.093349,2.495838,13.264447,5.00e-05,77015.63,101564416,N/A,2025-06-07 18:16:52
6199,2.272160,2.495838,13.264447,5.00e-05,78641.21,101580800,N/A,2025-06-07 18:16:52
6200,2.753219,2.495838,13.264447,5.00e-05,78013.37,101597184,1.0000,2025-06-07 18:16:52
6201,2.692315,2.495838,13.264447,5.00e-05,77026.46,101613568,N/A,2025-06-07 18:16:52
6202,2.241778,2.495838,13.264447,5.00e-05,76386.04,101629952,N/A,2025-06-07 18:16:53
6203,2.549746,2.495838,13.264447,5.00e-05,76260.80,101646336,N/A,2025-06-07 18:16:53
6204,2.495063,2.495838,13.264447,5.00e-05,76266.15,101662720,N/A,2025-06-07 18:16:53
6205,2.217542,2.495838,13.264447,5.00e-05,75675.48,101679104,N/A,2025-06-07 18:16:53
6206,1.838095,2.495838,13.264447,5.00e-05,75534.19,101695488,N/A,2025-06-07 18:16:53
6207,1.980523,2.495838,13.264447,5.00e-05,75425.17,101711872,N/A,2025-06-07 18:16:54
6208,2.221108,2.495838,13.264447,5.00e-05,75448.83,101728256,N/A,2025-06-07 18:16:54
6209,2.275362,2.495838,13.264447,5.00e-05,76701.93,101744640,N/A,2025-06-07 18:16:54
6210,2.371147,2.495838,13.264447,5.00e-05,76682.30,101761024,1.0000,2025-06-07 18:16:54
6211,3.255091,2.495838,13.264447,5.00e-05,77236.82,101777408,N/A,2025-06-07 18:16:55
6212,2.784396,2.495838,13.264447,5.00e-05,77245.85,101793792,N/A,2025-06-07 18:16:55
6213,2.766790,2.495838,13.264447,5.00e-05,77076.19,101810176,N/A,2025-06-07 18:16:55
6214,2.481044,2.495838,13.264447,5.00e-05,77005.78,101826560,N/A,2025-06-07 18:16:55
6215,2.110668,2.495838,13.264447,5.00e-05,76738.22,101842944,N/A,2025-06-07 18:16:56
6216,2.381321,2.495838,13.264447,5.00e-05,76687.10,101859328,N/A,2025-06-07 18:16:56
6217,2.266145,2.495838,13.264447,5.00e-05,76705.97,101875712,N/A,2025-06-07 18:16:56
6218,2.001516,2.495838,13.264447,5.00e-05,76470.00,101892096,N/A,2025-06-07 18:16:56
6219,2.238507,2.495838,13.264447,5.00e-05,77761.06,101908480,N/A,2025-06-07 18:16:57
6220,2.153059,2.495838,13.264447,5.00e-05,75983.53,101924864,1.0000,2025-06-07 18:16:57
6221,2.197882,2.495838,13.264447,5.00e-05,76080.80,101941248,N/A,2025-06-07 18:16:57
6222,2.818590,2.495838,13.264447,5.00e-05,76355.64,101957632,N/A,2025-06-07 18:16:57
6223,1.430093,2.495838,13.264447,5.00e-05,77170.36,101974016,N/A,2025-06-07 18:16:58
6224,2.226901,2.495838,13.264447,5.00e-05,77338.57,101990400,N/A,2025-06-07 18:16:58
6225,1.985452,2.495838,13.264447,5.00e-05,77320.51,102006784,N/A,2025-06-07 18:16:58
6226,2.786619,2.495838,13.264447,5.00e-05,77518.20,102023168,N/A,2025-06-07 18:16:58
6227,2.384161,2.495838,13.264447,5.00e-05,77879.07,102039552,N/A,2025-06-07 18:16:58
6228,2.874928,2.495838,13.264447,5.00e-05,78151.19,102055936,N/A,2025-06-07 18:16:59
6229,2.223410,2.495838,13.264447,5.00e-05,79779.39,102072320,N/A,2025-06-07 18:16:59
6230,2.971231,2.495838,13.264447,5.00e-05,78249.97,102088704,1.0000,2025-06-07 18:16:59
6231,3.085264,2.495838,13.264447,5.00e-05,77415.16,102105088,N/A,2025-06-07 18:16:59
6232,1.981218,2.495838,13.264447,5.00e-05,77231.14,102121472,N/A,2025-06-07 18:17:00
6233,2.441335,2.495838,13.264447,5.00e-05,77376.25,102137856,N/A,2025-06-07 18:17:00
6234,2.442589,2.495838,13.264447,5.00e-05,77342.21,102154240,N/A,2025-06-07 18:17:00
6235,2.265635,2.495838,13.264447,5.00e-05,76941.10,102170624,N/A,2025-06-07 18:17:00
6236,2.284989,2.495838,13.264447,5.00e-05,76816.27,102187008,N/A,2025-06-07 18:17:01
6237,2.746302,2.495838,13.264447,5.00e-05,76672.21,102203392,N/A,2025-06-07 18:17:01
6238,1.936342,2.495838,13.264447,5.00e-05,76583.74,102219776,N/A,2025-06-07 18:17:01
6239,2.835228,2.495838,13.264447,5.00e-05,77926.71,102236160,N/A,2025-06-07 18:17:01
6240,1.999710,2.495838,13.264447,5.00e-05,77128.40,102252544,1.0000,2025-06-07 18:17:02
6241,2.535707,2.495838,13.264447,5.00e-05,76794.89,102268928,N/A,2025-06-07 18:17:02
6242,2.340658,2.495838,13.264447,5.00e-05,76792.48,102285312,N/A,2025-06-07 18:17:02
6243,2.142290,2.495838,13.264447,5.00e-05,76808.19,102301696,N/A,2025-06-07 18:17:02
6244,2.594685,2.495838,13.264447,5.00e-05,76348.82,102318080,N/A,2025-06-07 18:17:02
6245,3.329728,2.495838,13.264447,5.00e-05,76162.21,102334464,N/A,2025-06-07 18:17:03
6246,2.855249,2.495838,13.264447,5.00e-05,76122.78,102350848,N/A,2025-06-07 18:17:03
6247,2.093959,2.495838,13.264447,5.00e-05,76303.83,102367232,N/A,2025-06-07 18:17:03
6248,3.453012,2.495838,13.264447,5.00e-05,76594.91,102383616,N/A,2025-06-07 18:17:03
6249,2.668428,2.495838,13.264447,5.00e-05,77844.54,102400000,N/A,2025-06-07 18:17:04
6250,2.262937,2.495838,13.264447,5.00e-05,76798.44,102416384,1.0000,2025-06-07 18:17:04
6251,2.117181,2.495838,13.264447,5.00e-05,76664.23,102432768,N/A,2025-06-07 18:17:04
6252,1.877143,2.495838,13.264447,5.00e-05,76502.29,102449152,N/A,2025-06-07 18:17:04
6253,2.951506,2.495838,13.264447,5.00e-05,77232.59,102465536,N/A,2025-06-07 18:17:05
6254,2.222668,2.495838,13.264447,5.00e-05,76867.33,102481920,N/A,2025-06-07 18:17:05
6255,2.356153,2.495838,13.264447,5.00e-05,77375.56,102498304,N/A,2025-06-07 18:17:05
6256,1.783504,2.495838,13.264447,5.00e-05,77501.28,102514688,N/A,2025-06-07 18:17:05
6257,2.965530,2.495838,13.264447,5.00e-05,77105.06,102531072,N/A,2025-06-07 18:17:06
6258,2.222718,2.495838,13.264447,5.00e-05,77478.87,102547456,N/A,2025-06-07 18:17:06
6259,1.934550,2.495838,13.264447,5.00e-05,79233.87,102563840,N/A,2025-06-07 18:17:06
6260,2.110017,2.495838,13.264447,5.00e-05,77464.46,102580224,1.0000,2025-06-07 18:17:06
6261,2.256833,2.495838,13.264447,5.00e-05,77370.32,102596608,N/A,2025-06-07 18:17:06
6262,2.090362,2.495838,13.264447,5.00e-05,77337.89,102612992,N/A,2025-06-07 18:17:07
6263,1.731440,2.495838,13.264447,5.00e-05,78065.38,102629376,N/A,2025-06-07 18:17:07
6264,2.383264,2.495838,13.264447,5.00e-05,77588.11,102645760,N/A,2025-06-07 18:17:07
6265,2.569340,2.495838,13.264447,5.00e-05,77638.67,102662144,N/A,2025-06-07 18:17:07
6266,2.306189,2.495838,13.264447,5.00e-05,77925.58,102678528,N/A,2025-06-07 18:17:08
6267,1.743226,2.495838,13.264447,5.00e-05,77687.74,102694912,N/A,2025-06-07 18:17:08
6268,2.033443,2.495838,13.264447,5.00e-05,77627.76,102711296,N/A,2025-06-07 18:17:08
6269,2.836133,2.495838,13.264447,5.00e-05,79240.09,102727680,N/A,2025-06-07 18:17:08
6270,2.140686,2.495838,13.264447,5.00e-05,77703.62,102744064,1.0000,2025-06-07 18:17:09
6271,2.365391,2.495838,13.264447,5.00e-05,77601.22,102760448,N/A,2025-06-07 18:17:09
6272,2.457423,2.495838,13.264447,5.00e-05,77489.45,102776832,N/A,2025-06-07 18:17:09
6273,2.302415,2.495838,13.264447,5.00e-05,77549.38,102793216,N/A,2025-06-07 18:17:09
6274,2.040686,2.495838,13.264447,5.00e-05,77462.55,102809600,N/A,2025-06-07 18:17:10
6275,3.402216,2.495838,13.264447,5.00e-05,77302.57,102825984,N/A,2025-06-07 18:17:10
6276,1.841830,2.495838,13.264447,5.00e-05,77551.30,102842368,N/A,2025-06-07 18:17:10
6277,2.388349,2.495838,13.264447,5.00e-05,77784.25,102858752,N/A,2025-06-07 18:17:10
6278,2.322491,2.495838,13.264447,5.00e-05,77971.97,102875136,N/A,2025-06-07 18:17:10
6279,2.289982,2.495838,13.264447,5.00e-05,79737.79,102891520,N/A,2025-06-07 18:17:11
6280,1.817789,2.495838,13.264447,5.00e-05,78161.78,102907904,1.0000,2025-06-07 18:17:11
6281,2.647817,2.495838,13.264447,5.00e-05,78336.79,102924288,N/A,2025-06-07 18:17:11
6282,3.002777,2.495838,13.264447,5.00e-05,78807.06,102940672,N/A,2025-06-07 18:17:11
6283,2.226121,2.495838,13.264447,5.00e-05,78840.94,102957056,N/A,2025-06-07 18:17:12
6284,2.055134,2.495838,13.264447,5.00e-05,78866.62,102973440,N/A,2025-06-07 18:17:12
6285,3.398380,2.495838,13.264447,5.00e-05,78012.13,102989824,N/A,2025-06-07 18:17:12
6286,3.059857,2.495838,13.264447,5.00e-05,77603.05,103006208,N/A,2025-06-07 18:17:12
6287,1.910266,2.495838,13.264447,5.00e-05,77736.40,103022592,N/A,2025-06-07 18:17:13
6288,3.044631,2.495838,13.264447,5.00e-05,77789.31,103038976,N/A,2025-06-07 18:17:13
6289,2.277853,2.495838,13.264447,5.00e-05,79590.19,103055360,N/A,2025-06-07 18:17:13
6290,1.920071,2.495838,13.264447,5.00e-05,77864.85,103071744,1.0000,2025-06-07 18:17:13
6291,2.527194,2.495838,13.264447,5.00e-05,77345.02,103088128,N/A,2025-06-07 18:17:13
6292,2.379107,2.495838,13.264447,5.00e-05,77454.92,103104512,N/A,2025-06-07 18:17:14
6293,2.493583,2.495838,13.264447,5.00e-05,76762.20,103120896,N/A,2025-06-07 18:17:14
6294,2.457239,2.495838,13.264447,5.00e-05,77484.74,103137280,N/A,2025-06-07 18:17:14
6295,1.759072,2.495838,13.264447,5.00e-05,77607.24,103153664,N/A,2025-06-07 18:17:14
6296,3.060575,2.495838,13.264447,5.00e-05,76956.60,103170048,N/A,2025-06-07 18:17:15
6297,2.767594,2.495838,13.264447,5.00e-05,77381.79,103186432,N/A,2025-06-07 18:17:15
6298,3.100937,2.495838,13.264447,5.00e-05,77314.07,103202816,N/A,2025-06-07 18:17:15
6299,3.076122,2.495838,13.264447,5.00e-05,78038.53,103219200,N/A,2025-06-07 18:17:15
6300,3.911880,2.495838,13.264447,5.00e-05,76356.36,103235584,1.0000,2025-06-07 18:17:16
6301,1.557364,2.495838,13.264447,5.00e-05,75505.23,103251968,N/A,2025-06-07 18:17:16
6302,2.625310,2.495838,13.264447,5.00e-05,76053.67,103268352,N/A,2025-06-07 18:17:16
6303,3.100365,2.495838,13.264447,5.00e-05,75978.79,103284736,N/A,2025-06-07 18:17:16
6304,1.906477,2.495838,13.264447,5.00e-05,75956.12,103301120,N/A,2025-06-07 18:17:17
6305,1.965487,2.495838,13.264447,5.00e-05,76332.89,103317504,N/A,2025-06-07 18:17:17
6306,2.980414,2.495838,13.264447,5.00e-05,76061.62,103333888,N/A,2025-06-07 18:17:17
6307,2.851699,2.495838,13.264447,5.00e-05,75981.87,103350272,N/A,2025-06-07 18:17:17
6308,2.408273,2.495838,13.264447,5.00e-05,76812.85,103366656,N/A,2025-06-07 18:17:17
6309,2.729936,2.495838,13.264447,5.00e-05,78259.35,103383040,N/A,2025-06-07 18:17:18
6310,1.975546,2.495838,13.264447,5.00e-05,77569.58,103399424,1.0000,2025-06-07 18:17:18
6311,2.020274,2.495838,13.264447,5.00e-05,77630.72,103415808,N/A,2025-06-07 18:17:18
6312,1.986365,2.495838,13.264447,5.00e-05,77471.87,103432192,N/A,2025-06-07 18:17:18
6313,1.782493,2.495838,13.264447,5.00e-05,77330.56,103448576,N/A,2025-06-07 18:17:19
6314,2.801361,2.495838,13.264447,5.00e-05,77501.37,103464960,N/A,2025-06-07 18:17:19
6315,2.484283,2.495838,13.264447,5.00e-05,77162.72,103481344,N/A,2025-06-07 18:17:19
6316,2.752208,2.495838,13.264447,5.00e-05,77243.75,103497728,N/A,2025-06-07 18:17:19
6317,2.585098,2.495838,13.264447,5.00e-05,77278.83,103514112,N/A,2025-06-07 18:17:20
6318,2.851442,2.495838,13.264447,5.00e-05,77616.07,103530496,N/A,2025-06-07 18:17:20
6319,2.517189,2.495838,13.264447,5.00e-05,78986.80,103546880,N/A,2025-06-07 18:17:20
6320,2.135839,2.495838,13.264447,5.00e-05,77728.56,103563264,1.0000,2025-06-07 18:17:20
6321,2.331093,2.495838,13.264447,5.00e-05,77934.44,103579648,N/A,2025-06-07 18:17:21
6322,1.669292,2.495838,13.264447,5.00e-05,78083.21,103596032,N/A,2025-06-07 18:17:21
6323,2.333705,2.495838,13.264447,5.00e-05,77827.50,103612416,N/A,2025-06-07 18:17:21
6324,2.682602,2.495838,13.264447,5.00e-05,78214.90,103628800,N/A,2025-06-07 18:17:21
6325,1.972743,2.495838,13.264447,5.00e-05,78217.74,103645184,N/A,2025-06-07 18:17:21
6326,2.123622,2.495838,13.264447,5.00e-05,78259.29,103661568,N/A,2025-06-07 18:17:22
6327,2.835762,2.495838,13.264447,5.00e-05,78187.22,103677952,N/A,2025-06-07 18:17:22
6328,2.468692,2.495838,13.264447,5.00e-05,78260.22,103694336,N/A,2025-06-07 18:17:22
6329,1.652714,2.495838,13.264447,5.00e-05,79654.47,103710720,N/A,2025-06-07 18:17:22
6330,2.227973,2.495838,13.264447,5.00e-05,78015.97,103727104,1.0000,2025-06-07 18:17:23
6331,2.381350,2.495838,13.264447,5.00e-05,77623.47,103743488,N/A,2025-06-07 18:17:23
6332,2.798158,2.495838,13.264447,5.00e-05,77760.85,103759872,N/A,2025-06-07 18:17:23
6333,2.758002,2.495838,13.264447,5.00e-05,77704.99,103776256,N/A,2025-06-07 18:17:23
6334,1.947888,2.495838,13.264447,5.00e-05,77799.51,103792640,N/A,2025-06-07 18:17:24
6335,2.830575,2.495838,13.264447,5.00e-05,77685.84,103809024,N/A,2025-06-07 18:17:24
6336,2.469265,2.495838,13.264447,5.00e-05,77747.56,103825408,N/A,2025-06-07 18:17:24
6337,1.568392,2.495838,13.264447,5.00e-05,77810.33,103841792,N/A,2025-06-07 18:17:24
6338,2.222893,2.495838,13.264447,5.00e-05,77728.80,103858176,N/A,2025-06-07 18:17:24
6339,2.787060,2.495838,13.264447,5.00e-05,79324.96,103874560,N/A,2025-06-07 18:17:25
6340,2.323913,2.495838,13.264447,5.00e-05,77666.28,103890944,1.0000,2025-06-07 18:17:25
6341,2.112124,2.495838,13.264447,5.00e-05,77797.44,103907328,N/A,2025-06-07 18:17:25
6342,2.023042,2.495838,13.264447,5.00e-05,77728.46,103923712,N/A,2025-06-07 18:17:25
6343,1.831929,2.495838,13.264447,5.00e-05,76972.96,103940096,N/A,2025-06-07 18:17:26
6344,2.909575,2.495838,13.264447,5.00e-05,76956.75,103956480,N/A,2025-06-07 18:17:26
6345,1.947167,2.495838,13.264447,5.00e-05,76864.55,103972864,N/A,2025-06-07 18:17:26
6346,1.973199,2.495838,13.264447,5.00e-05,76471.51,103989248,N/A,2025-06-07 18:17:26
6347,1.832484,2.495838,13.264447,5.00e-05,75845.44,104005632,N/A,2025-06-07 18:17:27
6348,2.302715,2.495838,13.264447,5.00e-05,75825.79,104022016,N/A,2025-06-07 18:17:27
6349,1.942298,2.495838,13.264447,5.00e-05,77746.18,104038400,N/A,2025-06-07 18:17:27
6350,2.040113,2.495838,13.264447,5.00e-05,76422.73,104054784,1.0000,2025-06-07 18:17:27
6351,2.356241,2.495838,13.264447,5.00e-05,76440.20,104071168,N/A,2025-06-07 18:17:28
6352,2.650669,2.495838,13.264447,5.00e-05,77126.78,104087552,N/A,2025-06-07 18:17:28
6353,3.316456,2.495838,13.264447,5.00e-05,77213.29,104103936,N/A,2025-06-07 18:17:28
6354,2.674233,2.495838,13.264447,5.00e-05,77290.46,104120320,N/A,2025-06-07 18:17:28
6355,1.529696,2.495838,13.264447,5.00e-05,77712.60,104136704,N/A,2025-06-07 18:17:29
6356,2.017702,2.495838,13.264447,5.00e-05,78509.41,104153088,N/A,2025-06-07 18:17:29
6357,2.691762,2.495838,13.264447,5.00e-05,78567.62,104169472,N/A,2025-06-07 18:17:29
6358,2.578254,2.495838,13.264447,5.00e-05,78682.27,104185856,N/A,2025-06-07 18:17:29
6359,2.051959,2.495838,13.264447,5.00e-05,79848.06,104202240,N/A,2025-06-07 18:17:29
6360,2.382533,2.495838,13.264447,5.00e-05,78385.94,104218624,1.0000,2025-06-07 18:17:30
6361,1.823031,2.495838,13.264447,5.00e-05,78458.10,104235008,N/A,2025-06-07 18:17:30
6362,2.325605,2.495838,13.264447,5.00e-05,78172.86,104251392,N/A,2025-06-07 18:17:30
6363,2.675344,2.495838,13.264447,5.00e-05,78284.92,104267776,N/A,2025-06-07 18:17:30
6364,2.361386,2.495838,13.264447,5.00e-05,78277.77,104284160,N/A,2025-06-07 18:17:31
6365,2.263237,2.495838,13.264447,5.00e-05,77387.50,104300544,N/A,2025-06-07 18:17:31
6366,3.487860,2.495838,13.264447,5.00e-05,77328.41,104316928,N/A,2025-06-07 18:17:31
6367,3.045157,2.495838,13.264447,5.00e-05,77177.05,104333312,N/A,2025-06-07 18:17:31
6368,2.122943,2.495838,13.264447,5.00e-05,77377.06,104349696,N/A,2025-06-07 18:17:32
6369,2.108656,2.495838,13.264447,5.00e-05,78414.52,104366080,N/A,2025-06-07 18:17:32
6370,2.194468,2.495838,13.264447,5.00e-05,76617.87,104382464,1.0000,2025-06-07 18:17:32
6371,2.301151,2.495838,13.264447,5.00e-05,76652.45,104398848,N/A,2025-06-07 18:17:32
6372,2.318945,2.495838,13.264447,5.00e-05,76537.64,104415232,N/A,2025-06-07 18:17:33
6373,1.650017,2.495838,13.264447,5.00e-05,76332.16,104431616,N/A,2025-06-07 18:17:33
6374,2.459731,2.495838,13.264447,5.00e-05,77171.99,104448000,N/A,2025-06-07 18:17:33
6375,2.483262,2.495838,13.264447,5.00e-05,77060.71,104464384,N/A,2025-06-07 18:17:33
6376,2.771026,2.495838,13.264447,5.00e-05,77062.36,104480768,N/A,2025-06-07 18:17:33
6377,3.112597,2.495838,13.264447,5.00e-05,77001.34,104497152,N/A,2025-06-07 18:17:34
6378,2.033456,2.495838,13.264447,5.00e-05,77302.91,104513536,N/A,2025-06-07 18:17:34
6379,1.879468,2.495838,13.264447,5.00e-05,78986.93,104529920,N/A,2025-06-07 18:17:34
6380,2.671769,2.495838,13.264447,5.00e-05,77619.26,104546304,1.0000,2025-06-07 18:17:34
6381,2.256373,2.495838,13.264447,5.00e-05,77625.90,104562688,N/A,2025-06-07 18:17:35
6382,2.911997,2.495838,13.264447,5.00e-05,77057.58,104579072,N/A,2025-06-07 18:17:35
6383,3.140242,2.495838,13.264447,5.00e-05,76970.23,104595456,N/A,2025-06-07 18:17:35
6384,2.694413,2.495838,13.264447,5.00e-05,77145.50,104611840,N/A,2025-06-07 18:17:35
6385,1.460201,2.495838,13.264447,5.00e-05,77006.02,104628224,N/A,2025-06-07 18:17:36
6386,2.117919,2.495838,13.264447,5.00e-05,77140.71,104644608,N/A,2025-06-07 18:17:36
6387,2.444504,2.495838,13.264447,5.00e-05,77193.97,104660992,N/A,2025-06-07 18:17:36
6388,1.682407,2.495838,13.264447,5.00e-05,77178.97,104677376,N/A,2025-06-07 18:17:36
6389,2.258021,2.495838,13.264447,5.00e-05,78576.70,104693760,N/A,2025-06-07 18:17:36
6390,2.678263,2.495838,13.264447,5.00e-05,77135.77,104710144,1.0000,2025-06-07 18:17:37
6391,2.104988,2.495838,13.264447,5.00e-05,78002.33,104726528,N/A,2025-06-07 18:17:37
6392,1.628237,2.495838,13.264447,5.00e-05,78011.09,104742912,N/A,2025-06-07 18:17:37
6393,2.137229,2.495838,13.264447,5.00e-05,78002.93,104759296,N/A,2025-06-07 18:17:37
6394,2.065514,2.495838,13.264447,5.00e-05,78242.12,104775680,N/A,2025-06-07 18:17:38
6395,2.560914,2.495838,13.264447,5.00e-05,78151.79,104792064,N/A,2025-06-07 18:17:38
6396,3.379516,2.495838,13.264447,5.00e-05,78113.53,104808448,N/A,2025-06-07 18:17:38
6397,3.241221,2.495838,13.264447,5.00e-05,78100.63,104824832,N/A,2025-06-07 18:17:38
6398,2.203389,2.495838,13.264447,5.00e-05,78305.24,104841216,N/A,2025-06-07 18:17:39
6399,2.403458,2.495838,13.264447,5.00e-05,79683.49,104857600,N/A,2025-06-07 18:17:39
6400,2.799177,2.495838,13.264447,5.00e-05,77389.04,104873984,1.0000,2025-06-07 18:17:39
6401,2.879418,2.495838,13.264447,5.00e-05,76045.47,104890368,N/A,2025-06-07 18:17:39
6402,1.547958,2.495838,13.264447,5.00e-05,75749.51,104906752,N/A,2025-06-07 18:17:40
6403,2.945229,2.495838,13.264447,5.00e-05,75637.51,104923136,N/A,2025-06-07 18:17:40
6404,1.804996,2.495838,13.264447,5.00e-05,75519.92,104939520,N/A,2025-06-07 18:17:40
6405,2.884426,2.495838,13.264447,5.00e-05,75550.20,104955904,N/A,2025-06-07 18:17:40
6406,3.546358,2.495838,13.264447,5.00e-05,75565.12,104972288,N/A,2025-06-07 18:17:41
6407,3.032406,2.495838,13.264447,5.00e-05,75442.54,104988672,N/A,2025-06-07 18:17:41
6408,1.694890,2.495838,13.264447,5.00e-05,75628.20,105005056,N/A,2025-06-07 18:17:41
6409,1.850060,2.495838,13.264447,5.00e-05,77460.80,105021440,N/A,2025-06-07 18:17:41
6410,2.267416,2.495838,13.264447,5.00e-05,76896.01,105037824,1.0000,2025-06-07 18:17:41
6411,2.674763,2.495838,13.264447,5.00e-05,77128.60,105054208,N/A,2025-06-07 18:17:42
6412,2.739063,2.495838,13.264447,5.00e-05,77477.12,105070592,N/A,2025-06-07 18:17:42
6413,2.419230,2.495838,13.264447,5.00e-05,77730.72,105086976,N/A,2025-06-07 18:17:42
6414,2.906968,2.495838,13.264447,5.00e-05,77675.59,105103360,N/A,2025-06-07 18:17:42
6415,2.288284,2.495838,13.264447,5.00e-05,77740.48,105119744,N/A,2025-06-07 18:17:43
6416,3.034585,2.495838,13.264447,5.00e-05,76748.03,105136128,N/A,2025-06-07 18:17:43
6417,2.804691,2.495838,13.264447,5.00e-05,76491.51,105152512,N/A,2025-06-07 18:17:43
6418,2.967563,2.495838,13.264447,5.00e-05,76657.93,105168896,N/A,2025-06-07 18:17:43
6419,3.014000,2.495838,13.264447,5.00e-05,78166.65,105185280,N/A,2025-06-07 18:17:44
6420,2.811920,2.495838,13.264447,5.00e-05,75298.29,105201664,1.0000,2025-06-07 18:17:44
6421,1.986781,2.495838,13.264447,5.00e-05,75429.84,105218048,N/A,2025-06-07 18:17:44
6422,2.199568,2.495838,13.264447,5.00e-05,75422.20,105234432,N/A,2025-06-07 18:17:44
6423,3.559309,2.495838,13.264447,5.00e-05,74633.49,105250816,N/A,2025-06-07 18:17:45
6424,1.706628,2.495838,13.264447,5.00e-05,74689.55,105267200,N/A,2025-06-07 18:17:45
6425,1.750572,2.495838,13.264447,5.00e-05,75700.80,105283584,N/A,2025-06-07 18:17:45
6426,1.932718,2.495838,13.264447,5.00e-05,75855.09,105299968,N/A,2025-06-07 18:17:45
6427,2.193884,2.495838,13.264447,5.00e-05,75895.40,105316352,N/A,2025-06-07 18:17:45
6428,2.809879,2.495838,13.264447,5.00e-05,76323.78,105332736,N/A,2025-06-07 18:17:46
6429,3.475699,2.495838,13.264447,5.00e-05,78744.00,105349120,N/A,2025-06-07 18:17:46
6430,1.902651,2.495838,13.264447,5.00e-05,77504.12,105365504,1.0000,2025-06-07 18:17:46
6431,2.716120,2.495838,13.264447,5.00e-05,77607.99,105381888,N/A,2025-06-07 18:17:46
6432,2.227410,2.495838,13.264447,5.00e-05,78473.07,105398272,N/A,2025-06-07 18:17:47
6433,1.821476,2.495838,13.264447,5.00e-05,78483.49,105414656,N/A,2025-06-07 18:17:47
6434,2.730464,2.495838,13.264447,5.00e-05,78502.43,105431040,N/A,2025-06-07 18:17:47
6435,2.146020,2.495838,13.264447,5.00e-05,78431.77,105447424,N/A,2025-06-07 18:17:47
6436,2.548803,2.495838,13.264447,5.00e-05,78414.29,105463808,N/A,2025-06-07 18:17:48
6437,2.731022,2.495838,13.264447,5.00e-05,78418.80,105480192,N/A,2025-06-07 18:17:48
6438,2.897465,2.495838,13.264447,5.00e-05,78524.91,105496576,N/A,2025-06-07 18:17:48
6439,2.647943,2.495838,13.264447,5.00e-05,79193.15,105512960,N/A,2025-06-07 18:17:48
6440,1.728551,2.495838,13.264447,5.00e-05,76992.93,105529344,1.0000,2025-06-07 18:17:49
6441,2.552085,2.495838,13.264447,5.00e-05,77183.31,105545728,N/A,2025-06-07 18:17:49
6442,3.193309,2.495838,13.264447,5.00e-05,76960.74,105562112,N/A,2025-06-07 18:17:49
6443,2.086353,2.495838,13.264447,5.00e-05,76955.11,105578496,N/A,2025-06-07 18:17:49
6444,3.026166,2.495838,13.264447,5.00e-05,77009.68,105594880,N/A,2025-06-07 18:17:49
6445,2.454671,2.495838,13.264447,5.00e-05,77071.95,105611264,N/A,2025-06-07 18:17:50
6446,1.965889,2.495838,13.264447,5.00e-05,76922.45,105627648,N/A,2025-06-07 18:17:50
6447,3.156901,2.495838,13.264447,5.00e-05,77338.88,105644032,N/A,2025-06-07 18:17:50
6448,1.941733,2.495838,13.264447,5.00e-05,77473.14,105660416,N/A,2025-06-07 18:17:50
6449,2.492270,2.495838,13.264447,5.00e-05,79465.65,105676800,N/A,2025-06-07 18:17:51
6450,2.368818,2.495838,13.264447,5.00e-05,77993.74,105693184,1.0000,2025-06-07 18:17:51
6451,2.432917,2.495838,13.264447,5.00e-05,78099.39,105709568,N/A,2025-06-07 18:17:51
6452,2.470815,2.495838,13.264447,5.00e-05,78128.20,105725952,N/A,2025-06-07 18:17:51
6453,1.730169,2.495838,13.264447,5.00e-05,78234.52,105742336,N/A,2025-06-07 18:17:52
6454,1.610806,2.495838,13.264447,5.00e-05,78136.97,105758720,N/A,2025-06-07 18:17:52
6455,1.857061,2.495838,13.264447,5.00e-05,78395.59,105775104,N/A,2025-06-07 18:17:52
6456,2.506736,2.495838,13.264447,5.00e-05,78403.04,105791488,N/A,2025-06-07 18:17:52
6457,3.239136,2.495838,13.264447,5.00e-05,78535.91,105807872,N/A,2025-06-07 18:17:52
6458,2.596442,2.495838,13.264447,5.00e-05,78749.47,105824256,N/A,2025-06-07 18:17:53
6459,2.636749,2.495838,13.264447,5.00e-05,80052.71,105840640,N/A,2025-06-07 18:17:53
6460,1.939611,2.495838,13.264447,5.00e-05,78348.21,105857024,1.0000,2025-06-07 18:17:53
6461,1.654776,2.495838,13.264447,5.00e-05,77996.06,105873408,N/A,2025-06-07 18:17:53
6462,1.883836,2.495838,13.264447,5.00e-05,78048.16,105889792,N/A,2025-06-07 18:17:54
6463,2.420529,2.495838,13.264447,5.00e-05,78112.96,105906176,N/A,2025-06-07 18:17:54
6464,2.475065,2.495838,13.264447,5.00e-05,78696.84,105922560,N/A,2025-06-07 18:17:54
6465,2.770925,2.495838,13.264447,5.00e-05,78820.28,105938944,N/A,2025-06-07 18:17:54
6466,2.268572,2.495838,13.264447,5.00e-05,78753.00,105955328,N/A,2025-06-07 18:17:55
6467,2.175053,2.495838,13.264447,5.00e-05,78428.31,105971712,N/A,2025-06-07 18:17:55
6468,2.336814,2.495838,13.264447,5.00e-05,78179.26,105988096,N/A,2025-06-07 18:17:55
6469,2.452443,2.495838,13.264447,5.00e-05,80279.42,106004480,N/A,2025-06-07 18:17:55
6470,1.528559,2.495838,13.264447,5.00e-05,79239.04,106020864,1.0000,2025-06-07 18:17:56
6471,2.151061,2.495838,13.264447,5.00e-05,79193.84,106037248,N/A,2025-06-07 18:17:56
6472,2.541746,2.495838,13.264447,5.00e-05,79393.91,106053632,N/A,2025-06-07 18:17:56
6473,1.787455,2.495838,13.264447,5.00e-05,78751.05,106070016,N/A,2025-06-07 18:17:56
6474,2.292790,2.495838,13.264447,5.00e-05,78389.25,106086400,N/A,2025-06-07 18:17:56
6475,1.818823,2.495838,13.264447,5.00e-05,78336.42,106102784,N/A,2025-06-07 18:17:57
6476,2.668230,2.495838,13.264447,5.00e-05,78524.12,106119168,N/A,2025-06-07 18:17:57
6477,2.561495,2.495838,13.264447,5.00e-05,78791.66,106135552,N/A,2025-06-07 18:17:57
6478,3.185953,2.495838,13.264447,5.00e-05,78298.70,106151936,N/A,2025-06-07 18:17:57
6479,1.778309,2.495838,13.264447,5.00e-05,79592.74,106168320,N/A,2025-06-07 18:17:58
6480,2.313190,2.495838,13.264447,5.00e-05,77649.82,106184704,1.0000,2025-06-07 18:17:58
6481,2.406589,2.495838,13.264447,5.00e-05,77499.75,106201088,N/A,2025-06-07 18:17:58
6482,3.063194,2.495838,13.264447,5.00e-05,77453.99,106217472,N/A,2025-06-07 18:17:58
6483,2.481668,2.495838,13.264447,5.00e-05,76653.14,106233856,N/A,2025-06-07 18:17:59
6484,2.821486,2.495838,13.264447,5.00e-05,76743.17,106250240,N/A,2025-06-07 18:17:59
6485,2.405942,2.495838,13.264447,5.00e-05,76589.46,106266624,N/A,2025-06-07 18:17:59
6486,1.935583,2.495838,13.264447,5.00e-05,76469.46,106283008,N/A,2025-06-07 18:17:59
6487,2.258611,2.495838,13.264447,5.00e-05,76502.79,106299392,N/A,2025-06-07 18:17:59
6488,2.152493,2.495838,13.264447,5.00e-05,76301.85,106315776,N/A,2025-06-07 18:18:00
6489,2.299236,2.495838,13.264447,5.00e-05,77837.17,106332160,N/A,2025-06-07 18:18:00
6490,2.999420,2.495838,13.264447,5.00e-05,76354.47,106348544,1.0000,2025-06-07 18:18:00
6491,2.663065,2.495838,13.264447,5.00e-05,76226.46,106364928,N/A,2025-06-07 18:18:00
6492,2.488641,2.495838,13.264447,5.00e-05,77285.43,106381312,N/A,2025-06-07 18:18:01
6493,3.151883,2.495838,13.264447,5.00e-05,77301.44,106397696,N/A,2025-06-07 18:18:01
6494,2.246421,2.495838,13.264447,5.00e-05,77399.78,106414080,N/A,2025-06-07 18:18:01
6495,2.567201,2.495838,13.264447,5.00e-05,77627.15,106430464,N/A,2025-06-07 18:18:01
6496,2.327587,2.495838,13.264447,5.00e-05,77752.13,106446848,N/A,2025-06-07 18:18:02
6497,2.411757,2.495838,13.264447,5.00e-05,78020.72,106463232,N/A,2025-06-07 18:18:02
6498,2.209193,2.495838,13.264447,5.00e-05,78402.67,106479616,N/A,2025-06-07 18:18:02
6499,3.302976,2.495838,13.264447,5.00e-05,79875.40,106496000,N/A,2025-06-07 18:18:02
6500,2.807959,2.495838,13.264447,5.00e-05,78427.98,106512384,1.0000,2025-06-07 18:18:03
6501,2.472649,2.495838,13.264447,5.00e-05,76878.18,106528768,N/A,2025-06-07 18:18:03
6502,1.823456,2.495838,13.264447,5.00e-05,76875.64,106545152,N/A,2025-06-07 18:18:03
6503,1.670949,2.495838,13.264447,5.00e-05,76897.70,106561536,N/A,2025-06-07 18:18:03
6504,2.386850,2.495838,13.264447,5.00e-05,76632.29,106577920,N/A,2025-06-07 18:18:04
6505,2.074201,2.495838,13.264447,5.00e-05,76611.55,106594304,N/A,2025-06-07 18:18:04
6506,2.089717,2.495838,13.264447,5.00e-05,76575.71,106610688,N/A,2025-06-07 18:18:04
6507,1.460877,2.495838,13.264447,5.00e-05,75805.96,106627072,N/A,2025-06-07 18:18:04
6508,2.367988,2.495838,13.264447,5.00e-05,75790.17,106643456,N/A,2025-06-07 18:18:04
6509,2.209514,2.495838,13.264447,5.00e-05,77228.17,106659840,N/A,2025-06-07 18:18:05
6510,2.204521,2.495838,13.264447,5.00e-05,77263.59,106676224,1.0000,2025-06-07 18:18:05
6511,2.650398,2.495838,13.264447,5.00e-05,77261.26,106692608,N/A,2025-06-07 18:18:05
6512,2.127222,2.495838,13.264447,5.00e-05,77380.18,106708992,N/A,2025-06-07 18:18:05
6513,2.590021,2.495838,13.264447,5.00e-05,77334.56,106725376,N/A,2025-06-07 18:18:06
6514,2.359803,2.495838,13.264447,5.00e-05,77316.60,106741760,N/A,2025-06-07 18:18:06
6515,3.085299,2.495838,13.264447,5.00e-05,77240.94,106758144,N/A,2025-06-07 18:18:06
6516,1.618949,2.495838,13.264447,5.00e-05,77286.33,106774528,N/A,2025-06-07 18:18:06
6517,2.988329,2.495838,13.264447,5.00e-05,77317.47,106790912,N/A,2025-06-07 18:18:07
6518,2.230281,2.495838,13.264447,5.00e-05,77410.70,106807296,N/A,2025-06-07 18:18:07
6519,2.728789,2.495838,13.264447,5.00e-05,78747.49,106823680,N/A,2025-06-07 18:18:07
6520,2.808383,2.495838,13.264447,5.00e-05,77250.97,106840064,1.0000,2025-06-07 18:18:07
6521,2.570453,2.495838,13.264447,5.00e-05,77213.34,106856448,N/A,2025-06-07 18:18:08
6522,2.106615,2.495838,13.264447,5.00e-05,77412.72,106872832,N/A,2025-06-07 18:18:08
6523,2.444752,2.495838,13.264447,5.00e-05,77338.00,106889216,N/A,2025-06-07 18:18:08
6524,2.828646,2.495838,13.264447,5.00e-05,77281.97,106905600,N/A,2025-06-07 18:18:08
6525,3.143736,2.495838,13.264447,5.00e-05,77969.18,106921984,N/A,2025-06-07 18:18:08
6526,1.668270,2.495838,13.264447,5.00e-05,77980.68,106938368,N/A,2025-06-07 18:18:09
6527,2.133365,2.495838,13.264447,5.00e-05,77825.09,106954752,N/A,2025-06-07 18:18:09
6528,2.485188,2.495838,13.264447,5.00e-05,77828.84,106971136,N/A,2025-06-07 18:18:09
6529,2.647623,2.495838,13.264447,5.00e-05,79143.77,106987520,N/A,2025-06-07 18:18:09
6530,2.397972,2.495838,13.264447,5.00e-05,77538.71,107003904,1.0000,2025-06-07 18:18:10
6531,2.979100,2.495838,13.264447,5.00e-05,77543.31,107020288,N/A,2025-06-07 18:18:10
6532,2.326164,2.495838,13.264447,5.00e-05,77560.29,107036672,N/A,2025-06-07 18:18:10
6533,2.391718,2.495838,13.264447,5.00e-05,77601.29,107053056,N/A,2025-06-07 18:18:10
6534,2.122729,2.495838,13.264447,5.00e-05,77440.44,107069440,N/A,2025-06-07 18:18:11
6535,3.196400,2.495838,13.264447,5.00e-05,77412.68,107085824,N/A,2025-06-07 18:18:11
6536,2.584889,2.495838,13.264447,5.00e-05,77571.15,107102208,N/A,2025-06-07 18:18:11
6537,1.963900,2.495838,13.264447,5.00e-05,77614.13,107118592,N/A,2025-06-07 18:18:11
6538,1.911389,2.495838,13.264447,5.00e-05,77723.99,107134976,N/A,2025-06-07 18:18:11
6539,3.234904,2.495838,13.264447,5.00e-05,79084.71,107151360,N/A,2025-06-07 18:18:12
6540,1.986194,2.495838,13.264447,5.00e-05,77514.70,107167744,1.0000,2025-06-07 18:18:12
6541,2.115996,2.495838,13.264447,5.00e-05,77784.39,107184128,N/A,2025-06-07 18:18:12
6542,2.069280,2.495838,13.264447,5.00e-05,77905.33,107200512,N/A,2025-06-07 18:18:12
6543,2.562378,2.495838,13.264447,5.00e-05,78316.42,107216896,N/A,2025-06-07 18:18:13
6544,2.993855,2.495838,13.264447,5.00e-05,77818.40,107233280,N/A,2025-06-07 18:18:13
6545,2.105370,2.495838,13.264447,5.00e-05,77872.88,107249664,N/A,2025-06-07 18:18:13
6546,3.256716,2.495838,13.264447,5.00e-05,77804.03,107266048,N/A,2025-06-07 18:18:13
6547,2.099088,2.495838,13.264447,5.00e-05,77798.86,107282432,N/A,2025-06-07 18:18:14
6548,2.505030,2.495838,13.264447,5.00e-05,77935.88,107298816,N/A,2025-06-07 18:18:14
6549,3.358049,2.495838,13.264447,5.00e-05,79392.08,107315200,N/A,2025-06-07 18:18:14
6550,2.458371,2.495838,13.264447,5.00e-05,77743.03,107331584,1.0000,2025-06-07 18:18:14
6551,3.074426,2.495838,13.264447,5.00e-05,77581.98,107347968,N/A,2025-06-07 18:18:15
6552,2.315354,2.495838,13.264447,5.00e-05,77073.38,107364352,N/A,2025-06-07 18:18:15
6553,2.144053,2.495838,13.264447,5.00e-05,77501.20,107380736,N/A,2025-06-07 18:18:15
6554,2.070995,2.495838,13.264447,5.00e-05,77488.51,107397120,N/A,2025-06-07 18:18:15
6555,2.333595,2.495838,13.264447,5.00e-05,77561.83,107413504,N/A,2025-06-07 18:18:15
6556,0.993643,2.495838,13.264447,5.00e-05,77535.90,107429888,N/A,2025-06-07 18:18:16
6557,2.841863,2.495838,13.264447,5.00e-05,77669.31,107446272,N/A,2025-06-07 18:18:16
6558,2.572252,2.495838,13.264447,5.00e-05,77799.86,107462656,N/A,2025-06-07 18:18:16
6559,2.356830,2.495838,13.264447,5.00e-05,78808.06,107479040,N/A,2025-06-07 18:18:16
6560,2.021686,2.495838,13.264447,5.00e-05,76844.22,107495424,1.0000,2025-06-07 18:18:17
6561,2.962241,2.495838,13.264447,5.00e-05,77011.44,107511808,N/A,2025-06-07 18:18:17
6562,2.724750,2.495838,13.264447,5.00e-05,77254.25,107528192,N/A,2025-06-07 18:18:17
6563,3.107294,2.495838,13.264447,5.00e-05,76653.25,107544576,N/A,2025-06-07 18:18:17
6564,2.553798,2.495838,13.264447,5.00e-05,76651.09,107560960,N/A,2025-06-07 18:18:18
6565,2.329406,2.495838,13.264447,5.00e-05,76554.60,107577344,N/A,2025-06-07 18:18:18
6566,3.018372,2.495838,13.264447,5.00e-05,76417.55,107593728,N/A,2025-06-07 18:18:18
6567,2.221584,2.495838,13.264447,5.00e-05,76393.30,107610112,N/A,2025-06-07 18:18:18
6568,2.387360,2.495838,13.264447,5.00e-05,76784.27,107626496,N/A,2025-06-07 18:18:19
6569,2.093834,2.495838,13.264447,5.00e-05,78759.21,107642880,N/A,2025-06-07 18:18:19
6570,2.314851,2.495838,13.264447,5.00e-05,77198.57,107659264,1.0000,2025-06-07 18:18:19
6571,2.878121,2.495838,13.264447,5.00e-05,76844.77,107675648,N/A,2025-06-07 18:18:19
6572,2.005449,2.495838,13.264447,5.00e-05,77313.77,107692032,N/A,2025-06-07 18:18:19
6573,3.496814,2.495838,13.264447,5.00e-05,76888.56,107708416,N/A,2025-06-07 18:18:20
6574,3.947917,2.495838,13.264447,5.00e-05,76975.47,107724800,N/A,2025-06-07 18:18:20
6575,2.143184,2.495838,13.264447,5.00e-05,76874.58,107741184,N/A,2025-06-07 18:18:20
6576,2.523662,2.495838,13.264447,5.00e-05,77110.91,107757568,N/A,2025-06-07 18:18:20
6577,2.354900,2.495838,13.264447,5.00e-05,76984.17,107773952,N/A,2025-06-07 18:18:21
6578,1.888348,2.495838,13.264447,5.00e-05,77120.84,107790336,N/A,2025-06-07 18:18:21
6579,1.936909,2.495838,13.264447,5.00e-05,78965.08,107806720,N/A,2025-06-07 18:18:21
6580,3.229415,2.495838,13.264447,5.00e-05,77761.91,107823104,1.0000,2025-06-07 18:18:21
6581,1.981032,2.495838,13.264447,5.00e-05,77748.04,107839488,N/A,2025-06-07 18:18:22
6582,1.945684,2.495838,13.264447,5.00e-05,77943.62,107855872,N/A,2025-06-07 18:18:22
6583,2.280591,2.495838,13.264447,5.00e-05,77971.39,107872256,N/A,2025-06-07 18:18:22
6584,2.043595,2.495838,13.264447,5.00e-05,78035.86,107888640,N/A,2025-06-07 18:18:22
6585,2.713833,2.495838,13.264447,5.00e-05,77518.97,107905024,N/A,2025-06-07 18:18:23
6586,2.308485,2.495838,13.264447,5.00e-05,77417.73,107921408,N/A,2025-06-07 18:18:23
6587,2.264264,2.495838,13.264447,5.00e-05,77316.47,107937792,N/A,2025-06-07 18:18:23
6588,2.688752,2.495838,13.264447,5.00e-05,76986.58,107954176,N/A,2025-06-07 18:18:23
6589,2.379550,2.495838,13.264447,5.00e-05,78044.30,107970560,N/A,2025-06-07 18:18:23
6590,2.984260,2.495838,13.264447,5.00e-05,76529.15,107986944,1.0000,2025-06-07 18:18:24
6591,2.222461,2.495838,13.264447,5.00e-05,76860.87,108003328,N/A,2025-06-07 18:18:24
6592,2.596699,2.495838,13.264447,5.00e-05,76925.63,108019712,N/A,2025-06-07 18:18:24
6593,3.128346,2.495838,13.264447,5.00e-05,77012.29,108036096,N/A,2025-06-07 18:18:24
6594,2.167142,2.495838,13.264447,5.00e-05,77178.35,108052480,N/A,2025-06-07 18:18:25
6595,2.493612,2.495838,13.264447,5.00e-05,77415.11,108068864,N/A,2025-06-07 18:18:25
6596,2.689747,2.495838,13.264447,5.00e-05,77434.03,108085248,N/A,2025-06-07 18:18:25
6597,2.154366,2.495838,13.264447,5.00e-05,77046.60,108101632,N/A,2025-06-07 18:18:25
6598,2.170763,2.495838,13.264447,5.00e-05,77317.55,108118016,N/A,2025-06-07 18:18:26
6599,1.820914,2.495838,13.264447,5.00e-05,78816.84,108134400,N/A,2025-06-07 18:18:26
6600,1.920335,2.495838,13.264447,5.00e-05,77397.91,108150784,1.0000,2025-06-07 18:18:26
6601,1.947003,2.495838,13.264447,5.00e-05,76038.80,108167168,N/A,2025-06-07 18:18:26
6602,2.642149,2.495838,13.264447,5.00e-05,75885.24,108183552,N/A,2025-06-07 18:18:27
6603,2.582620,2.495838,13.264447,5.00e-05,75562.96,108199936,N/A,2025-06-07 18:18:27
6604,2.178313,2.495838,13.264447,5.00e-05,75624.18,108216320,N/A,2025-06-07 18:18:27
6605,3.042980,2.495838,13.264447,5.00e-05,75602.54,108232704,N/A,2025-06-07 18:18:27
6606,1.916755,2.495838,13.264447,5.00e-05,76180.58,108249088,N/A,2025-06-07 18:18:27
6607,2.173643,2.495838,13.264447,5.00e-05,76304.57,108265472,N/A,2025-06-07 18:18:28
6608,3.214204,2.495838,13.264447,5.00e-05,76376.02,108281856,N/A,2025-06-07 18:18:28
6609,2.159542,2.495838,13.264447,5.00e-05,77757.78,108298240,N/A,2025-06-07 18:18:28
6610,2.431242,2.495838,13.264447,5.00e-05,77455.85,108314624,1.0000,2025-06-07 18:18:28
6611,2.302716,2.495838,13.264447,5.00e-05,77703.77,108331008,N/A,2025-06-07 18:18:29
6612,2.534582,2.495838,13.264447,5.00e-05,78231.76,108347392,N/A,2025-06-07 18:18:29
6613,2.987206,2.495838,13.264447,5.00e-05,77696.84,108363776,N/A,2025-06-07 18:18:29
6614,2.353045,2.495838,13.264447,5.00e-05,77828.85,108380160,N/A,2025-06-07 18:18:29
6615,2.344976,2.495838,13.264447,5.00e-05,77769.60,108396544,N/A,2025-06-07 18:18:30
6616,3.784998,2.495838,13.264447,5.00e-05,77747.91,108412928,N/A,2025-06-07 18:18:30
6617,2.314938,2.495838,13.264447,5.00e-05,77616.29,108429312,N/A,2025-06-07 18:18:30
6618,2.617606,2.495838,13.264447,5.00e-05,77569.47,108445696,N/A,2025-06-07 18:18:30
6619,2.011398,2.495838,13.264447,5.00e-05,78586.17,108462080,N/A,2025-06-07 18:18:31
6620,1.986752,2.495838,13.264447,5.00e-05,75835.47,108478464,1.0000,2025-06-07 18:18:31
6621,2.623336,2.495838,13.264447,5.00e-05,76125.87,108494848,N/A,2025-06-07 18:18:31
6622,2.772249,2.495838,13.264447,5.00e-05,76650.64,108511232,N/A,2025-06-07 18:18:31
6623,1.421897,2.495838,13.264447,5.00e-05,76502.10,108527616,N/A,2025-06-07 18:18:32
6624,2.001882,2.495838,13.264447,5.00e-05,76393.71,108544000,N/A,2025-06-07 18:18:32
6625,2.236125,2.495838,13.264447,5.00e-05,76360.67,108560384,N/A,2025-06-07 18:18:32
6626,2.494877,2.495838,13.264447,5.00e-05,76524.14,108576768,N/A,2025-06-07 18:18:32
6627,2.889821,2.495838,13.264447,5.00e-05,76580.65,108593152,N/A,2025-06-07 18:18:32
6628,2.200238,2.495838,13.264447,5.00e-05,76407.09,108609536,N/A,2025-06-07 18:18:33
6629,2.567856,2.495838,13.264447,5.00e-05,78748.78,108625920,N/A,2025-06-07 18:18:33
6630,2.265657,2.495838,13.264447,5.00e-05,76824.70,108642304,1.0000,2025-06-07 18:18:33
6631,2.406446,2.495838,13.264447,5.00e-05,76826.35,108658688,N/A,2025-06-07 18:18:33
6632,2.982976,2.495838,13.264447,5.00e-05,76940.51,108675072,N/A,2025-06-07 18:18:34
6633,2.076384,2.495838,13.264447,5.00e-05,77082.77,108691456,N/A,2025-06-07 18:18:34
6634,2.301763,2.495838,13.264447,5.00e-05,77015.49,108707840,N/A,2025-06-07 18:18:34
6635,2.498727,2.495838,13.264447,5.00e-05,76911.70,108724224,N/A,2025-06-07 18:18:34
6636,2.843888,2.495838,13.264447,5.00e-05,76907.27,108740608,N/A,2025-06-07 18:18:35
6637,3.092536,2.495838,13.264447,5.00e-05,77778.30,108756992,N/A,2025-06-07 18:18:35
6638,1.903787,2.495838,13.264447,5.00e-05,78110.21,108773376,N/A,2025-06-07 18:18:35
6639,2.690196,2.495838,13.264447,5.00e-05,79678.70,108789760,N/A,2025-06-07 18:18:35
6640,3.220500,2.495838,13.264447,5.00e-05,78137.29,108806144,1.0000,2025-06-07 18:18:36
6641,3.285239,2.495838,13.264447,5.00e-05,78265.44,108822528,N/A,2025-06-07 18:18:36
6642,2.723650,2.495838,13.264447,5.00e-05,78202.40,108838912,N/A,2025-06-07 18:18:36
6643,1.724500,2.495838,13.264447,5.00e-05,78233.26,108855296,N/A,2025-06-07 18:18:36
6644,2.362654,2.495838,13.264447,5.00e-05,78284.81,108871680,N/A,2025-06-07 18:18:36
6645,1.980548,2.495838,13.264447,5.00e-05,78385.77,108888064,N/A,2025-06-07 18:18:37
6646,2.562289,2.495838,13.264447,5.00e-05,78243.89,108904448,N/A,2025-06-07 18:18:37
6647,2.139122,2.495838,13.264447,5.00e-05,78391.76,108920832,N/A,2025-06-07 18:18:37
6648,2.077261,2.495838,13.264447,5.00e-05,78473.79,108937216,N/A,2025-06-07 18:18:37
6649,3.098215,2.495838,13.264447,5.00e-05,80063.54,108953600,N/A,2025-06-07 18:18:38
6650,2.009052,2.495838,13.264447,5.00e-05,78527.15,108969984,1.0000,2025-06-07 18:18:38
6651,2.343635,2.495838,13.264447,5.00e-05,78360.57,108986368,N/A,2025-06-07 18:18:38
6652,2.967050,2.495838,13.264447,5.00e-05,78481.40,109002752,N/A,2025-06-07 18:18:38
6653,2.803223,2.495838,13.264447,5.00e-05,78349.69,109019136,N/A,2025-06-07 18:18:39
6654,2.467207,2.495838,13.264447,5.00e-05,78220.59,109035520,N/A,2025-06-07 18:18:39
6655,2.558200,2.495838,13.264447,5.00e-05,78300.81,109051904,N/A,2025-06-07 18:18:39
6656,1.402452,2.495838,13.264447,5.00e-05,78158.55,109068288,N/A,2025-06-07 18:18:39
6657,1.741892,2.495838,13.264447,5.00e-05,78274.55,109084672,N/A,2025-06-07 18:18:39
6658,3.071618,2.495838,13.264447,5.00e-05,78094.86,109101056,N/A,2025-06-07 18:18:40
6659,2.924681,2.495838,13.264447,5.00e-05,79527.89,109117440,N/A,2025-06-07 18:18:40
6660,1.982956,2.495838,13.264447,5.00e-05,78076.59,109133824,1.0000,2025-06-07 18:18:40
6661,2.708292,2.495838,13.264447,5.00e-05,77997.69,109150208,N/A,2025-06-07 18:18:40
6662,2.332190,2.495838,13.264447,5.00e-05,77823.64,109166592,N/A,2025-06-07 18:18:41
6663,2.619551,2.495838,13.264447,5.00e-05,77609.40,109182976,N/A,2025-06-07 18:18:41
6664,1.675305,2.495838,13.264447,5.00e-05,77726.18,109199360,N/A,2025-06-07 18:18:41
6665,2.464779,2.495838,13.264447,5.00e-05,77705.66,109215744,N/A,2025-06-07 18:18:41
6666,2.951995,2.495838,13.264447,5.00e-05,77566.35,109232128,N/A,2025-06-07 18:18:42
6667,1.839713,2.495838,13.264447,5.00e-05,77650.42,109248512,N/A,2025-06-07 18:18:42
6668,2.386504,2.495838,13.264447,5.00e-05,77603.11,109264896,N/A,2025-06-07 18:18:42
6669,2.869718,2.495838,13.264447,5.00e-05,79140.84,109281280,N/A,2025-06-07 18:18:42
6670,2.428039,2.495838,13.264447,5.00e-05,77245.48,109297664,1.0000,2025-06-07 18:18:43
6671,1.791962,2.495838,13.264447,5.00e-05,77645.10,109314048,N/A,2025-06-07 18:18:43
6672,2.580559,2.495838,13.264447,5.00e-05,77977.90,109330432,N/A,2025-06-07 18:18:43
6673,1.662382,2.495838,13.264447,5.00e-05,77926.97,109346816,N/A,2025-06-07 18:18:43
6674,1.758821,2.495838,13.264447,5.00e-05,77980.28,109363200,N/A,2025-06-07 18:18:43
6675,2.619274,2.495838,13.264447,5.00e-05,78103.15,109379584,N/A,2025-06-07 18:18:44
6676,2.589185,2.495838,13.264447,5.00e-05,78087.69,109395968,N/A,2025-06-07 18:18:44
6677,2.324317,2.495838,13.264447,5.00e-05,78028.14,109412352,N/A,2025-06-07 18:18:44
6678,2.222550,2.495838,13.264447,5.00e-05,77909.42,109428736,N/A,2025-06-07 18:18:44
6679,2.247965,2.495838,13.264447,5.00e-05,79713.95,109445120,N/A,2025-06-07 18:18:45
6680,1.678196,2.495838,13.264447,5.00e-05,78157.49,109461504,1.0000,2025-06-07 18:18:45
6681,2.415450,2.495838,13.264447,5.00e-05,77963.33,109477888,N/A,2025-06-07 18:18:45
6682,2.464742,2.495838,13.264447,5.00e-05,77934.63,109494272,N/A,2025-06-07 18:18:45
6683,2.815783,2.495838,13.264447,5.00e-05,77940.86,109510656,N/A,2025-06-07 18:18:46
6684,2.761814,2.495838,13.264447,5.00e-05,77205.42,109527040,N/A,2025-06-07 18:18:46
6685,2.657421,2.495838,13.264447,5.00e-05,77424.63,109543424,N/A,2025-06-07 18:18:46
6686,1.825333,2.495838,13.264447,5.00e-05,77487.08,109559808,N/A,2025-06-07 18:18:46
6687,2.972255,2.495838,13.264447,5.00e-05,77601.35,109576192,N/A,2025-06-07 18:18:46
6688,2.039192,2.495838,13.264447,5.00e-05,76969.15,109592576,N/A,2025-06-07 18:18:47
6689,3.291070,2.495838,13.264447,5.00e-05,77678.74,109608960,N/A,2025-06-07 18:18:47
6690,1.918120,2.495838,13.264447,5.00e-05,76357.18,109625344,1.0000,2025-06-07 18:18:47
6691,2.698991,2.495838,13.264447,5.00e-05,76259.34,109641728,N/A,2025-06-07 18:18:47
6692,2.423191,2.495838,13.264447,5.00e-05,76172.81,109658112,N/A,2025-06-07 18:18:48
6693,1.912610,2.495838,13.264447,5.00e-05,76170.95,109674496,N/A,2025-06-07 18:18:48
6694,2.820765,2.495838,13.264447,5.00e-05,75979.89,109690880,N/A,2025-06-07 18:18:48
6695,1.968714,2.495838,13.264447,5.00e-05,75984.68,109707264,N/A,2025-06-07 18:18:48
6696,2.837093,2.495838,13.264447,5.00e-05,75956.15,109723648,N/A,2025-06-07 18:18:49
6697,1.542338,2.495838,13.264447,5.00e-05,76711.55,109740032,N/A,2025-06-07 18:18:49
6698,2.776893,2.495838,13.264447,5.00e-05,77419.07,109756416,N/A,2025-06-07 18:18:49
6699,2.589140,2.495838,13.264447,5.00e-05,78918.69,109772800,N/A,2025-06-07 18:18:49
6700,2.237474,2.495838,13.264447,5.00e-05,77500.49,109789184,1.0000,2025-06-07 18:18:50
6701,2.776413,2.495838,13.264447,5.00e-05,75537.33,109805568,N/A,2025-06-07 18:18:50
6702,2.345908,2.495838,13.264447,5.00e-05,76259.63,109821952,N/A,2025-06-07 18:18:50
6703,2.124697,2.495838,13.264447,5.00e-05,76207.03,109838336,N/A,2025-06-07 18:18:50
6704,2.614519,2.495838,13.264447,5.00e-05,76310.64,109854720,N/A,2025-06-07 18:18:51
6705,2.094173,2.495838,13.264447,5.00e-05,76239.78,109871104,N/A,2025-06-07 18:18:51
6706,2.428004,2.495838,13.264447,5.00e-05,75644.96,109887488,N/A,2025-06-07 18:18:51
6707,2.026378,2.495838,13.264447,5.00e-05,75405.38,109903872,N/A,2025-06-07 18:18:51
6708,2.638231,2.495838,13.264447,5.00e-05,75376.05,109920256,N/A,2025-06-07 18:18:51
6709,1.964779,2.495838,13.264447,5.00e-05,76786.48,109936640,N/A,2025-06-07 18:18:52
6710,1.978772,2.495838,13.264447,5.00e-05,77309.73,109953024,1.0000,2025-06-07 18:18:52
6711,3.315023,2.495838,13.264447,5.00e-05,77283.28,109969408,N/A,2025-06-07 18:18:52
6712,2.788480,2.495838,13.264447,5.00e-05,77289.12,109985792,N/A,2025-06-07 18:18:52
6713,3.481954,2.495838,13.264447,5.00e-05,77215.97,110002176,N/A,2025-06-07 18:18:53
6714,2.012902,2.495838,13.264447,5.00e-05,77331.09,110018560,N/A,2025-06-07 18:18:53
6715,2.447290,2.495838,13.264447,5.00e-05,77872.23,110034944,N/A,2025-06-07 18:18:53
6716,2.862106,2.495838,13.264447,5.00e-05,78262.13,110051328,N/A,2025-06-07 18:18:53
6717,2.590181,2.495838,13.264447,5.00e-05,77889.56,110067712,N/A,2025-06-07 18:18:54
6718,2.615008,2.495838,13.264447,5.00e-05,77945.81,110084096,N/A,2025-06-07 18:18:54
6719,4.102811,2.495838,13.264447,5.00e-05,79403.30,110100480,N/A,2025-06-07 18:18:54
6720,2.339127,2.495838,13.264447,5.00e-05,77728.76,110116864,1.0000,2025-06-07 18:18:54
6721,2.247557,2.495838,13.264447,5.00e-05,77840.04,110133248,N/A,2025-06-07 18:18:55
6722,2.512918,2.495838,13.264447,5.00e-05,77898.94,110149632,N/A,2025-06-07 18:18:55
6723,3.035090,2.495838,13.264447,5.00e-05,77976.24,110166016,N/A,2025-06-07 18:18:55
6724,2.407089,2.495838,13.264447,5.00e-05,78013.69,110182400,N/A,2025-06-07 18:18:55
6725,2.035623,2.495838,13.264447,5.00e-05,77927.98,110198784,N/A,2025-06-07 18:18:55
6726,2.687613,2.495838,13.264447,5.00e-05,78409.66,110215168,N/A,2025-06-07 18:18:56
6727,2.514066,2.495838,13.264447,5.00e-05,77506.24,110231552,N/A,2025-06-07 18:18:56
6728,2.687171,2.495838,13.264447,5.00e-05,77688.08,110247936,N/A,2025-06-07 18:18:56
6729,2.201017,2.495838,13.264447,5.00e-05,79193.15,110264320,N/A,2025-06-07 18:18:56
6730,3.010042,2.495838,13.264447,5.00e-05,77600.32,110280704,1.0000,2025-06-07 18:18:57
6731,2.007528,2.495838,13.264447,5.00e-05,77393.64,110297088,N/A,2025-06-07 18:18:57
6732,2.076894,2.495838,13.264447,5.00e-05,77389.44,110313472,N/A,2025-06-07 18:18:57
6733,2.399560,2.495838,13.264447,5.00e-05,77432.90,110329856,N/A,2025-06-07 18:18:57
6734,2.786523,2.495838,13.264447,5.00e-05,77316.28,110346240,N/A,2025-06-07 18:18:58
6735,2.235432,2.495838,13.264447,5.00e-05,77060.62,110362624,N/A,2025-06-07 18:18:58
6736,1.942172,2.495838,13.264447,5.00e-05,77778.30,110379008,N/A,2025-06-07 18:18:58
6737,3.090261,2.495838,13.264447,5.00e-05,77666.20,110395392,N/A,2025-06-07 18:18:58
6738,2.265449,2.495838,13.264447,5.00e-05,77509.97,110411776,N/A,2025-06-07 18:18:58
6739,1.439821,2.495838,13.264447,5.00e-05,78836.50,110428160,N/A,2025-06-07 18:18:59
6740,2.943968,2.495838,13.264447,5.00e-05,76721.66,110444544,1.0000,2025-06-07 18:18:59
6741,2.395438,2.495838,13.264447,5.00e-05,76518.32,110460928,N/A,2025-06-07 18:18:59
6742,2.438374,2.495838,13.264447,5.00e-05,76472.01,110477312,N/A,2025-06-07 18:18:59
6743,1.381380,2.495838,13.264447,5.00e-05,75962.08,110493696,N/A,2025-06-07 18:19:00
6744,2.432455,2.495838,13.264447,5.00e-05,76003.01,110510080,N/A,2025-06-07 18:19:00
6745,2.634998,2.495838,13.264447,5.00e-05,75978.52,110526464,N/A,2025-06-07 18:19:00
6746,1.731264,2.495838,13.264447,5.00e-05,76005.74,110542848,N/A,2025-06-07 18:19:00
6747,3.196383,2.495838,13.264447,5.00e-05,76345.40,110559232,N/A,2025-06-07 18:19:01
6748,2.300642,2.495838,13.264447,5.00e-05,76541.42,110575616,N/A,2025-06-07 18:19:01
6749,3.159904,2.495838,13.264447,5.00e-05,78783.31,110592000,N/A,2025-06-07 18:19:01
6750,2.525959,2.495838,13.264447,5.00e-05,77158.79,110608384,1.0000,2025-06-07 18:19:01
6751,2.537644,2.495838,13.264447,5.00e-05,77209.34,110624768,N/A,2025-06-07 18:19:02
6752,2.226569,2.495838,13.264447,5.00e-05,77828.62,110641152,N/A,2025-06-07 18:19:02
6753,3.300584,2.495838,13.264447,5.00e-05,77899.25,110657536,N/A,2025-06-07 18:19:02
6754,1.910583,2.495838,13.264447,5.00e-05,78108.31,110673920,N/A,2025-06-07 18:19:02
6755,2.901223,2.495838,13.264447,5.00e-05,78014.94,110690304,N/A,2025-06-07 18:19:02
6756,3.266395,2.495838,13.264447,5.00e-05,77624.30,110706688,N/A,2025-06-07 18:19:03
6757,2.002815,2.495838,13.264447,5.00e-05,77504.01,110723072,N/A,2025-06-07 18:19:03
6758,2.619761,2.495838,13.264447,5.00e-05,77467.41,110739456,N/A,2025-06-07 18:19:03
6759,2.249505,2.495838,13.264447,5.00e-05,79250.19,110755840,N/A,2025-06-07 18:19:03
6760,1.463086,2.495838,13.264447,5.00e-05,77530.82,110772224,1.0000,2025-06-07 18:19:04
6761,2.749547,2.495838,13.264447,5.00e-05,77533.32,110788608,N/A,2025-06-07 18:19:04
6762,2.276478,2.495838,13.264447,5.00e-05,77530.47,110804992,N/A,2025-06-07 18:19:04
6763,1.695397,2.495838,13.264447,5.00e-05,77464.22,110821376,N/A,2025-06-07 18:19:04
6764,2.553175,2.495838,13.264447,5.00e-05,77198.33,110837760,N/A,2025-06-07 18:19:05
6765,2.954276,2.495838,13.264447,5.00e-05,77365.48,110854144,N/A,2025-06-07 18:19:05
6766,3.168740,2.495838,13.264447,5.00e-05,77594.29,110870528,N/A,2025-06-07 18:19:05
6767,2.649502,2.495838,13.264447,5.00e-05,77688.93,110886912,N/A,2025-06-07 18:19:05
6768,2.922018,2.495838,13.264447,5.00e-05,77455.85,110903296,N/A,2025-06-07 18:19:06
6769,2.469874,2.495838,13.264447,5.00e-05,79033.49,110919680,N/A,2025-06-07 18:19:06
6770,2.225003,2.495838,13.264447,5.00e-05,77568.09,110936064,1.0000,2025-06-07 18:19:06
6771,2.598443,2.495838,13.264447,5.00e-05,77591.25,110952448,N/A,2025-06-07 18:19:06
6772,2.847915,2.495838,13.264447,5.00e-05,77610.60,110968832,N/A,2025-06-07 18:19:06
6773,2.448381,2.495838,13.264447,5.00e-05,77945.32,110985216,N/A,2025-06-07 18:19:07
6774,2.511940,2.495838,13.264447,5.00e-05,77928.48,111001600,N/A,2025-06-07 18:19:07
6775,3.595465,2.495838,13.264447,5.00e-05,77805.64,111017984,N/A,2025-06-07 18:19:07
6776,2.585500,2.495838,13.264447,5.00e-05,77752.51,111034368,N/A,2025-06-07 18:19:07
6777,1.674196,2.495838,13.264447,5.00e-05,77961.43,111050752,N/A,2025-06-07 18:19:08
6778,3.102182,2.495838,13.264447,5.00e-05,77889.28,111067136,N/A,2025-06-07 18:19:08
6779,1.774507,2.495838,13.264447,5.00e-05,78779.17,111083520,N/A,2025-06-07 18:19:08
6780,2.765978,2.495838,13.264447,5.00e-05,77364.44,111099904,1.0000,2025-06-07 18:19:08
6781,2.060436,2.495838,13.264447,5.00e-05,77264.19,111116288,N/A,2025-06-07 18:19:09
6782,3.107450,2.495838,13.264447,5.00e-05,77037.60,111132672,N/A,2025-06-07 18:19:09
6783,2.200088,2.495838,13.264447,5.00e-05,76917.14,111149056,N/A,2025-06-07 18:19:09
6784,1.867319,2.495838,13.264447,5.00e-05,76956.37,111165440,N/A,2025-06-07 18:19:09
6785,2.759153,2.495838,13.264447,5.00e-05,76706.17,111181824,N/A,2025-06-07 18:19:10
6786,2.064454,2.495838,13.264447,5.00e-05,76843.49,111198208,N/A,2025-06-07 18:19:10
6787,1.658413,2.495838,13.264447,5.00e-05,77045.65,111214592,N/A,2025-06-07 18:19:10
6788,2.764176,2.495838,13.264447,5.00e-05,77590.96,111230976,N/A,2025-06-07 18:19:10
6789,1.936623,2.495838,13.264447,5.00e-05,78904.88,111247360,N/A,2025-06-07 18:19:10
6790,1.713689,2.495838,13.264447,5.00e-05,76794.49,111263744,1.0000,2025-06-07 18:19:11
6791,1.655599,2.495838,13.264447,5.00e-05,76978.57,111280128,N/A,2025-06-07 18:19:11
6792,2.377710,2.495838,13.264447,5.00e-05,77275.47,111296512,N/A,2025-06-07 18:19:11
6793,2.253372,2.495838,13.264447,5.00e-05,77214.38,111312896,N/A,2025-06-07 18:19:11
6794,1.963733,2.495838,13.264447,5.00e-05,77245.77,111329280,N/A,2025-06-07 18:19:12
6795,2.719836,2.495838,13.264447,5.00e-05,76896.01,111345664,N/A,2025-06-07 18:19:12
6796,2.427269,2.495838,13.264447,5.00e-05,77083.55,111362048,N/A,2025-06-07 18:19:12
6797,2.085927,2.495838,13.264447,5.00e-05,77248.94,111378432,N/A,2025-06-07 18:19:12
6798,1.466662,2.495838,13.264447,5.00e-05,77212.56,111394816,N/A,2025-06-07 18:19:13
6799,1.874485,2.495838,13.264447,5.00e-05,79474.90,111411200,N/A,2025-06-07 18:19:13
6800,2.179806,2.495838,13.264447,5.00e-05,78108.39,111427584,1.0000,2025-06-07 18:19:13
6801,2.847160,2.495838,13.264447,5.00e-05,76448.89,111443968,N/A,2025-06-07 18:19:13
6802,2.388680,2.495838,13.264447,5.00e-05,76448.57,111460352,N/A,2025-06-07 18:19:14
6803,3.005563,2.495838,13.264447,5.00e-05,76451.45,111476736,N/A,2025-06-07 18:19:14
6804,1.841565,2.495838,13.264447,5.00e-05,75898.36,111493120,N/A,2025-06-07 18:19:14
6805,3.158194,2.495838,13.264447,5.00e-05,75595.56,111509504,N/A,2025-06-07 18:19:14
6806,3.343891,2.495838,13.264447,5.00e-05,75458.09,111525888,N/A,2025-06-07 18:19:15
6807,3.157132,2.495838,13.264447,5.00e-05,75493.75,111542272,N/A,2025-06-07 18:19:15
6808,2.981687,2.495838,13.264447,5.00e-05,75458.28,111558656,N/A,2025-06-07 18:19:15
6809,1.955413,2.495838,13.264447,5.00e-05,76571.96,111575040,N/A,2025-06-07 18:19:15
6810,2.912395,2.495838,13.264447,5.00e-05,76660.00,111591424,1.0000,2025-06-07 18:19:15
6811,2.490984,2.495838,13.264447,5.00e-05,76819.36,111607808,N/A,2025-06-07 18:19:16
6812,1.836775,2.495838,13.264447,5.00e-05,77084.34,111624192,N/A,2025-06-07 18:19:16
6813,1.739159,2.495838,13.264447,5.00e-05,77972.63,111640576,N/A,2025-06-07 18:19:16
6814,2.038812,2.495838,13.264447,5.00e-05,78010.12,111656960,N/A,2025-06-07 18:19:16
6815,2.980769,2.495838,13.264447,5.00e-05,77725.04,111673344,N/A,2025-06-07 18:19:17
6816,1.734467,2.495838,13.264447,5.00e-05,77998.51,111689728,N/A,2025-06-07 18:19:17
6817,1.802195,2.495838,13.264447,5.00e-05,77955.80,111706112,N/A,2025-06-07 18:19:17
6818,2.375372,2.495838,13.264447,5.00e-05,78270.74,111722496,N/A,2025-06-07 18:19:17
6819,2.315976,2.495838,13.264447,5.00e-05,79813.39,111738880,N/A,2025-06-07 18:19:18
6820,2.796873,2.495838,13.264447,5.00e-05,78119.85,111755264,1.0000,2025-06-07 18:19:18
6821,2.007902,2.495838,13.264447,5.00e-05,77994.46,111771648,N/A,2025-06-07 18:19:18
6822,2.577101,2.495838,13.264447,5.00e-05,77255.26,111788032,N/A,2025-06-07 18:19:18
6823,2.366406,2.495838,13.264447,5.00e-05,77602.62,111804416,N/A,2025-06-07 18:19:18
6824,2.079630,2.495838,13.264447,5.00e-05,77876.83,111820800,N/A,2025-06-07 18:19:19
6825,2.047694,2.495838,13.264447,5.00e-05,77840.24,111837184,N/A,2025-06-07 18:19:19
6826,1.796645,2.495838,13.264447,5.00e-05,77858.53,111853568,N/A,2025-06-07 18:19:19
6827,1.955503,2.495838,13.264447,5.00e-05,77842.61,111869952,N/A,2025-06-07 18:19:19
6828,2.365428,2.495838,13.264447,5.00e-05,77972.30,111886336,N/A,2025-06-07 18:19:20
6829,1.600688,2.495838,13.264447,5.00e-05,79312.01,111902720,N/A,2025-06-07 18:19:20
6830,2.047129,2.495838,13.264447,5.00e-05,77759.86,111919104,1.0000,2025-06-07 18:19:20
6831,2.556554,2.495838,13.264447,5.00e-05,78359.08,111935488,N/A,2025-06-07 18:19:20
6832,2.845171,2.495838,13.264447,5.00e-05,77931.65,111951872,N/A,2025-06-07 18:19:21
6833,2.552929,2.495838,13.264447,5.00e-05,77861.53,111968256,N/A,2025-06-07 18:19:21
6834,2.335392,2.495838,13.264447,5.00e-05,77813.87,111984640,N/A,2025-06-07 18:19:21
6835,1.902311,2.495838,13.264447,5.00e-05,77648.48,112001024,N/A,2025-06-07 18:19:21
6836,2.499218,2.495838,13.264447,5.00e-05,77583.87,112017408,N/A,2025-06-07 18:19:22
6837,1.602665,2.495838,13.264447,5.00e-05,77569.81,112033792,N/A,2025-06-07 18:19:22
6838,2.250980,2.495838,13.264447,5.00e-05,77788.30,112050176,N/A,2025-06-07 18:19:22
6839,2.612332,2.495838,13.264447,5.00e-05,79483.06,112066560,N/A,2025-06-07 18:19:22
6840,2.037605,2.495838,13.264447,5.00e-05,78005.10,112082944,1.0000,2025-06-07 18:19:22
6841,1.949990,2.495838,13.264447,5.00e-05,77968.36,112099328,N/A,2025-06-07 18:19:23
6842,2.711965,2.495838,13.264447,5.00e-05,76995.59,112115712,N/A,2025-06-07 18:19:23
6843,2.218829,2.495838,13.264447,5.00e-05,76882.02,112132096,N/A,2025-06-07 18:19:23
6844,2.311852,2.495838,13.264447,5.00e-05,76815.94,112148480,N/A,2025-06-07 18:19:23
6845,2.432823,2.495838,13.264447,5.00e-05,76791.03,112164864,N/A,2025-06-07 18:19:24
6846,2.379202,2.495838,13.264447,5.00e-05,76760.22,112181248,N/A,2025-06-07 18:19:24
6847,2.302680,2.495838,13.264447,5.00e-05,76624.59,112197632,N/A,2025-06-07 18:19:24
6848,2.466702,2.495838,13.264447,5.00e-05,76325.50,112214016,N/A,2025-06-07 18:19:24
6849,2.061796,2.495838,13.264447,5.00e-05,77733.28,112230400,N/A,2025-06-07 18:19:25
6850,2.046923,2.495838,13.264447,5.00e-05,76366.68,112246784,1.0000,2025-06-07 18:19:25
6851,2.730856,2.495838,13.264447,5.00e-05,77012.77,112263168,N/A,2025-06-07 18:19:25
6852,2.407669,2.495838,13.264447,5.00e-05,76316.92,112279552,N/A,2025-06-07 18:19:25
6853,3.142094,2.495838,13.264447,5.00e-05,76531.23,112295936,N/A,2025-06-07 18:19:26
6854,1.803955,2.495838,13.264447,5.00e-05,76398.07,112312320,N/A,2025-06-07 18:19:26
6855,1.704101,2.495838,13.264447,5.00e-05,76220.55,112328704,N/A,2025-06-07 18:19:26
6856,2.741367,2.495838,13.264447,5.00e-05,76396.90,112345088,N/A,2025-06-07 18:19:26
6857,2.057846,2.495838,13.264447,5.00e-05,76606.00,112361472,N/A,2025-06-07 18:19:26
6858,2.037920,2.495838,13.264447,5.00e-05,76929.78,112377856,N/A,2025-06-07 18:19:27
6859,2.364469,2.495838,13.264447,5.00e-05,78259.60,112394240,N/A,2025-06-07 18:19:27
6860,2.476265,2.495838,13.264447,5.00e-05,76904.26,112410624,1.0000,2025-06-07 18:19:27
6861,2.435491,2.495838,13.264447,5.00e-05,77698.48,112427008,N/A,2025-06-07 18:19:27
6862,2.003600,2.495838,13.264447,5.00e-05,77730.31,112443392,N/A,2025-06-07 18:19:28
6863,2.873723,2.495838,13.264447,5.00e-05,77832.43,112459776,N/A,2025-06-07 18:19:28
6864,2.583449,2.495838,13.264447,5.00e-05,77865.79,112476160,N/A,2025-06-07 18:19:28
6865,2.440680,2.495838,13.264447,5.00e-05,77289.76,112492544,N/A,2025-06-07 18:19:28
6866,2.470082,2.495838,13.264447,5.00e-05,77216.69,112508928,N/A,2025-06-07 18:19:29
6867,3.094616,2.495838,13.264447,5.00e-05,76806.06,112525312,N/A,2025-06-07 18:19:29
6868,2.525201,2.495838,13.264447,5.00e-05,76791.35,112541696,N/A,2025-06-07 18:19:29
6869,2.616152,2.495838,13.264447,5.00e-05,78370.86,112558080,N/A,2025-06-07 18:19:29
6870,2.818171,2.495838,13.264447,5.00e-05,76678.67,112574464,1.0000,2025-06-07 18:19:30
6871,2.246428,2.495838,13.264447,5.00e-05,76693.41,112590848,N/A,2025-06-07 18:19:30
6872,2.363121,2.495838,13.264447,5.00e-05,76682.31,112607232,N/A,2025-06-07 18:19:30
6873,2.575474,2.495838,13.264447,5.00e-05,76638.77,112623616,N/A,2025-06-07 18:19:30
6874,2.219686,2.495838,13.264447,5.00e-05,76962.48,112640000,N/A,2025-06-07 18:19:31
6875,2.550337,2.495838,13.264447,5.00e-05,76994.64,112656384,N/A,2025-06-07 18:19:31
6876,2.185109,2.495838,13.264447,5.00e-05,77164.49,112672768,N/A,2025-06-07 18:19:31
6877,2.032415,2.495838,13.264447,5.00e-05,77350.80,112689152,N/A,2025-06-07 18:19:31
6878,2.862078,2.495838,13.264447,5.00e-05,77459.54,112705536,N/A,2025-06-07 18:19:31
6879,2.050967,2.495838,13.264447,5.00e-05,79032.41,112721920,N/A,2025-06-07 18:19:32
6880,2.414230,2.495838,13.264447,5.00e-05,77449.49,112738304,1.0000,2025-06-07 18:19:32
6881,2.792793,2.495838,13.264447,5.00e-05,77161.22,112754688,N/A,2025-06-07 18:19:32
6882,2.453198,2.495838,13.264447,5.00e-05,77342.67,112771072,N/A,2025-06-07 18:19:32
6883,2.529341,2.495838,13.264447,5.00e-05,77522.68,112787456,N/A,2025-06-07 18:19:33
6884,2.668468,2.495838,13.264447,5.00e-05,77460.47,112803840,N/A,2025-06-07 18:19:33
6885,2.341932,2.495838,13.264447,5.00e-05,77374.78,112820224,N/A,2025-06-07 18:19:33
6886,3.128757,2.495838,13.264447,5.00e-05,77355.20,112836608,N/A,2025-06-07 18:19:33
6887,2.056296,2.495838,13.264447,5.00e-05,77536.47,112852992,N/A,2025-06-07 18:19:34
6888,3.647604,2.495838,13.264447,5.00e-05,77625.33,112869376,N/A,2025-06-07 18:19:34
6889,1.970010,2.495838,13.264447,5.00e-05,79161.85,112885760,N/A,2025-06-07 18:19:34
6890,2.561148,2.495838,13.264447,5.00e-05,78003.16,112902144,1.0000,2025-06-07 18:19:34
6891,3.518434,2.495838,13.264447,5.00e-05,78081.12,112918528,N/A,2025-06-07 18:19:34
6892,2.170887,2.495838,13.264447,5.00e-05,78054.27,112934912,N/A,2025-06-07 18:19:35
6893,1.976754,2.495838,13.264447,5.00e-05,78168.85,112951296,N/A,2025-06-07 18:19:35
6894,2.821639,2.495838,13.264447,5.00e-05,78312.44,112967680,N/A,2025-06-07 18:19:35
6895,3.704341,2.495838,13.264447,5.00e-05,78436.62,112984064,N/A,2025-06-07 18:19:35
6896,1.522586,2.495838,13.264447,5.00e-05,78487.51,113000448,N/A,2025-06-07 18:19:36
6897,2.182827,2.495838,13.264447,5.00e-05,78573.35,113016832,N/A,2025-06-07 18:19:36
6898,2.221045,2.495838,13.264447,5.00e-05,78667.05,113033216,N/A,2025-06-07 18:19:36
6899,2.076849,2.495838,13.264447,5.00e-05,80008.36,113049600,N/A,2025-06-07 18:19:36
6900,2.577035,2.495838,13.264447,5.00e-05,77466.82,113065984,1.0000,2025-06-07 18:19:37
6901,2.502750,2.495838,13.264447,5.00e-05,75405.11,113082368,N/A,2025-06-07 18:19:37
6902,2.766137,2.495838,13.264447,5.00e-05,75171.23,113098752,N/A,2025-06-07 18:19:37
6903,1.977242,2.495838,13.264447,5.00e-05,74818.88,113115136,N/A,2025-06-07 18:19:37
6904,2.215210,2.495838,13.264447,5.00e-05,74724.11,113131520,N/A,2025-06-07 18:19:38
6905,3.637022,2.495838,13.264447,5.00e-05,74707.92,113147904,N/A,2025-06-07 18:19:38
6906,2.584578,2.495838,13.264447,5.00e-05,74774.95,113164288,N/A,2025-06-07 18:19:38
6907,2.281032,2.495838,13.264447,5.00e-05,74829.22,113180672,N/A,2025-06-07 18:19:38
6908,2.054892,2.495838,13.264447,5.00e-05,75063.80,113197056,N/A,2025-06-07 18:19:38
6909,2.937011,2.495838,13.264447,5.00e-05,77218.06,113213440,N/A,2025-06-07 18:19:39
6910,2.578108,2.495838,13.264447,5.00e-05,77953.11,113229824,1.0000,2025-06-07 18:19:39
6911,2.411912,2.495838,13.264447,5.00e-05,78181.31,113246208,N/A,2025-06-07 18:19:39
6912,2.477538,2.495838,13.264447,5.00e-05,78621.20,113262592,N/A,2025-06-07 18:19:39
6913,2.462706,2.495838,13.264447,5.00e-05,78725.73,113278976,N/A,2025-06-07 18:19:40
6914,2.977347,2.495838,13.264447,5.00e-05,78831.77,113295360,N/A,2025-06-07 18:19:40
6915,1.990484,2.495838,13.264447,5.00e-05,77995.44,113311744,N/A,2025-06-07 18:19:40
6916,2.418679,2.495838,13.264447,5.00e-05,77264.45,113328128,N/A,2025-06-07 18:19:40
6917,2.125612,2.495838,13.264447,5.00e-05,77171.17,113344512,N/A,2025-06-07 18:19:41
6918,2.673179,2.495838,13.264447,5.00e-05,77330.57,113360896,N/A,2025-06-07 18:19:41
6919,2.230909,2.495838,13.264447,5.00e-05,78311.25,113377280,N/A,2025-06-07 18:19:41
6920,3.007536,2.495838,13.264447,5.00e-05,76126.98,113393664,1.0000,2025-06-07 18:19:41
6921,1.707586,2.495838,13.264447,5.00e-05,75920.36,113410048,N/A,2025-06-07 18:19:42
6922,2.525108,2.495838,13.264447,5.00e-05,75822.19,113426432,N/A,2025-06-07 18:19:42
6923,1.863914,2.495838,13.264447,5.00e-05,75200.56,113442816,N/A,2025-06-07 18:19:42
6924,2.577606,2.495838,13.264447,5.00e-05,75703.24,113459200,N/A,2025-06-07 18:19:42
6925,1.775573,2.495838,13.264447,5.00e-05,76022.51,113475584,N/A,2025-06-07 18:19:43
6926,2.381003,2.495838,13.264447,5.00e-05,75473.20,113491968,N/A,2025-06-07 18:19:43
6927,2.182339,2.495838,13.264447,5.00e-05,75041.68,113508352,N/A,2025-06-07 18:19:43
6928,2.354505,2.495838,13.264447,5.00e-05,75259.43,113524736,N/A,2025-06-07 18:19:43
6929,2.355166,2.495838,13.264447,5.00e-05,76919.58,113541120,N/A,2025-06-07 18:19:44
6930,2.095232,2.495838,13.264447,5.00e-05,75522.27,113557504,1.0000,2025-06-07 18:19:44
6931,2.711368,2.495838,13.264447,5.00e-05,75630.18,113573888,N/A,2025-06-07 18:19:44
6932,2.532181,2.495838,13.264447,5.00e-05,76114.60,113590272,N/A,2025-06-07 18:19:44
6933,2.057022,2.495838,13.264447,5.00e-05,75996.43,113606656,N/A,2025-06-07 18:19:44
6934,3.050253,2.495838,13.264447,5.00e-05,76248.07,113623040,N/A,2025-06-07 18:19:45
6935,2.232977,2.495838,13.264447,5.00e-05,76876.82,113639424,N/A,2025-06-07 18:19:45
6936,2.924099,2.495838,13.264447,5.00e-05,77030.33,113655808,N/A,2025-06-07 18:19:45
6937,2.157480,2.495838,13.264447,5.00e-05,77174.48,113672192,N/A,2025-06-07 18:19:45
6938,2.608369,2.495838,13.264447,5.00e-05,77484.29,113688576,N/A,2025-06-07 18:19:46
6939,2.542408,2.495838,13.264447,5.00e-05,78949.76,113704960,N/A,2025-06-07 18:19:46
6940,1.549333,2.495838,13.264447,5.00e-05,77357.88,113721344,1.0000,2025-06-07 18:19:46
6941,1.923007,2.495838,13.264447,5.00e-05,76898.05,113737728,N/A,2025-06-07 18:19:46
6942,2.416430,2.495838,13.264447,5.00e-05,77210.63,113754112,N/A,2025-06-07 18:19:47
6943,2.694750,2.495838,13.264447,5.00e-05,77303.22,113770496,N/A,2025-06-07 18:19:47
6944,2.476436,2.495838,13.264447,5.00e-05,77185.69,113786880,N/A,2025-06-07 18:19:47
6945,2.839049,2.495838,13.264447,5.00e-05,77379.12,113803264,N/A,2025-06-07 18:19:47
6946,1.868944,2.495838,13.264447,5.00e-05,77385.88,113819648,N/A,2025-06-07 18:19:48
6947,1.998654,2.495838,13.264447,5.00e-05,77541.93,113836032,N/A,2025-06-07 18:19:48
6948,2.411741,2.495838,13.264447,5.00e-05,77575.33,113852416,N/A,2025-06-07 18:19:48
6949,3.632880,2.495838,13.264447,5.00e-05,78876.11,113868800,N/A,2025-06-07 18:19:48
6950,2.606206,2.495838,13.264447,5.00e-05,77056.06,113885184,1.0000,2025-06-07 18:19:48
6951,2.668193,2.495838,13.264447,5.00e-05,77723.49,113901568,N/A,2025-06-07 18:19:49
6952,2.631482,2.495838,13.264447,5.00e-05,77756.90,113917952,N/A,2025-06-07 18:19:49
6953,2.355401,2.495838,13.264447,5.00e-05,77898.60,113934336,N/A,2025-06-07 18:19:49
6954,2.280446,2.495838,13.264447,5.00e-05,78079.77,113950720,N/A,2025-06-07 18:19:49
6955,2.315986,2.495838,13.264447,5.00e-05,78012.59,113967104,N/A,2025-06-07 18:19:50
6956,2.290257,2.495838,13.264447,5.00e-05,77952.90,113983488,N/A,2025-06-07 18:19:50
6957,2.714457,2.495838,13.264447,5.00e-05,77946.79,113999872,N/A,2025-06-07 18:19:50
6958,2.274066,2.495838,13.264447,5.00e-05,78045.42,114016256,N/A,2025-06-07 18:19:50
6959,2.590268,2.495838,13.264447,5.00e-05,80163.96,114032640,N/A,2025-06-07 18:19:51
6960,2.196731,2.495838,13.264447,5.00e-05,77862.23,114049024,1.0000,2025-06-07 18:19:51
6961,2.307156,2.495838,13.264447,5.00e-05,77774.66,114065408,N/A,2025-06-07 18:19:51
6962,2.135795,2.495838,13.264447,5.00e-05,77853.49,114081792,N/A,2025-06-07 18:19:51
6963,1.683567,2.495838,13.264447,5.00e-05,77713.70,114098176,N/A,2025-06-07 18:19:51
6964,2.330674,2.495838,13.264447,5.00e-05,77844.93,114114560,N/A,2025-06-07 18:19:52
6965,2.185556,2.495838,13.264447,5.00e-05,77922.64,114130944,N/A,2025-06-07 18:19:52
6966,2.453775,2.495838,13.264447,5.00e-05,77882.13,114147328,N/A,2025-06-07 18:19:52
6967,2.004780,2.495838,13.264447,5.00e-05,78062.51,114163712,N/A,2025-06-07 18:19:52
6968,1.594792,2.495838,13.264447,5.00e-05,78128.13,114180096,N/A,2025-06-07 18:19:53
6969,2.062302,2.495838,13.264447,5.00e-05,79679.68,114196480,N/A,2025-06-07 18:19:53
6970,2.663224,2.495838,13.264447,5.00e-05,78699.27,114212864,1.0000,2025-06-07 18:19:53
6971,2.318352,2.495838,13.264447,5.00e-05,78643.34,114229248,N/A,2025-06-07 18:19:53
6972,2.089854,2.495838,13.264447,5.00e-05,78652.47,114245632,N/A,2025-06-07 18:19:54
6973,1.788933,2.495838,13.264447,5.00e-05,78451.36,114262016,N/A,2025-06-07 18:19:54
6974,2.796724,2.495838,13.264447,5.00e-05,78431.55,114278400,N/A,2025-06-07 18:19:54
6975,2.425619,2.495838,13.264447,5.00e-05,78514.36,114294784,N/A,2025-06-07 18:19:54
6976,2.396352,2.495838,13.264447,5.00e-05,78471.42,114311168,N/A,2025-06-07 18:19:54
6977,1.925305,2.495838,13.264447,5.00e-05,78340.11,114327552,N/A,2025-06-07 18:19:55
6978,1.694759,2.495838,13.264447,5.00e-05,78378.81,114343936,N/A,2025-06-07 18:19:55
6979,2.265602,2.495838,13.264447,5.00e-05,79303.23,114360320,N/A,2025-06-07 18:19:55
6980,1.850958,2.495838,13.264447,5.00e-05,76353.10,114376704,1.0000,2025-06-07 18:19:55
6981,2.235642,2.495838,13.264447,5.00e-05,76344.99,114393088,N/A,2025-06-07 18:19:56
6982,2.785050,2.495838,13.264447,5.00e-05,76492.29,114409472,N/A,2025-06-07 18:19:56
6983,2.826384,2.495838,13.264447,5.00e-05,76443.16,114425856,N/A,2025-06-07 18:19:56
6984,2.705193,2.495838,13.264447,5.00e-05,76700.49,114442240,N/A,2025-06-07 18:19:56
6985,2.908068,2.495838,13.264447,5.00e-05,76767.49,114458624,N/A,2025-06-07 18:19:57
6986,2.602560,2.495838,13.264447,5.00e-05,76963.82,114475008,N/A,2025-06-07 18:19:57
6987,2.782094,2.495838,13.264447,5.00e-05,76970.36,114491392,N/A,2025-06-07 18:19:57
6988,3.059966,2.495838,13.264447,5.00e-05,76924.17,114507776,N/A,2025-06-07 18:19:57
6989,2.423929,2.495838,13.264447,5.00e-05,79773.97,114524160,N/A,2025-06-07 18:19:58
6990,3.104215,2.495838,13.264447,5.00e-05,77993.20,114540544,1.0000,2025-06-07 18:19:58
6991,2.274388,2.495838,13.264447,5.00e-05,77952.18,114556928,N/A,2025-06-07 18:19:58
6992,2.086158,2.495838,13.264447,5.00e-05,78067.28,114573312,N/A,2025-06-07 18:19:58
6993,2.599144,2.495838,13.264447,5.00e-05,77745.89,114589696,N/A,2025-06-07 18:19:58
6994,2.233475,2.495838,13.264447,5.00e-05,77695.03,114606080,N/A,2025-06-07 18:19:59
6995,2.808394,2.495838,13.264447,5.00e-05,77660.80,114622464,N/A,2025-06-07 18:19:59
6996,2.236917,2.495838,13.264447,5.00e-05,77697.61,114638848,N/A,2025-06-07 18:19:59
6997,1.849346,2.495838,13.264447,5.00e-05,77538.50,114655232,N/A,2025-06-07 18:19:59
6998,3.281768,2.495838,13.264447,5.00e-05,77612.49,114671616,N/A,2025-06-07 18:20:00
6999,2.262978,2.495838,13.264447,5.00e-05,79307.66,114688000,N/A,2025-06-07 18:20:00
7000,1.906262,2.360275,11.517793,5.00e-05,11833.77,114704384,N/A,2025-06-07 18:20:12
7001,3.202417,2.360275,11.517793,5.00e-05,11714.81,114720768,N/A,2025-06-07 18:20:12
7002,1.952375,2.360275,11.517793,5.00e-05,11713.70,114737152,N/A,2025-06-07 18:20:12
7003,2.168156,2.360275,11.517793,5.00e-05,11694.48,114753536,N/A,2025-06-07 18:20:13
7004,1.930698,2.360275,11.517793,5.00e-05,11694.76,114769920,N/A,2025-06-07 18:20:13
7005,2.501418,2.360275,11.517793,5.00e-05,11685.71,114786304,N/A,2025-06-07 18:20:13
7006,1.813780,2.360275,11.517793,5.00e-05,11625.54,114802688,N/A,2025-06-07 18:20:14
7007,1.701404,2.360275,11.517793,5.00e-05,11626.02,114819072,N/A,2025-06-07 18:20:14
7008,2.254117,2.360275,11.517793,5.00e-05,11622.51,114835456,N/A,2025-06-07 18:20:14
7009,2.885937,2.360275,11.517793,5.00e-05,70895.04,114851840,N/A,2025-06-07 18:20:14
7010,2.028387,2.360275,11.517793,5.00e-05,72314.35,114868224,1.0000,2025-06-07 18:20:15
7011,2.752852,2.360275,11.517793,5.00e-05,72070.06,114884608,N/A,2025-06-07 18:20:15
7012,2.206749,2.360275,11.517793,5.00e-05,71260.79,114900992,N/A,2025-06-07 18:20:15
7013,2.426832,2.360275,11.517793,5.00e-05,70798.24,114917376,N/A,2025-06-07 18:20:15
7014,1.895613,2.360275,11.517793,5.00e-05,70872.01,114933760,N/A,2025-06-07 18:20:16
7015,2.923335,2.360275,11.517793,5.00e-05,73096.04,114950144,N/A,2025-06-07 18:20:16
7016,2.770100,2.360275,11.517793,5.00e-05,72668.42,114966528,N/A,2025-06-07 18:20:16
7017,1.646840,2.360275,11.517793,5.00e-05,72882.55,114982912,N/A,2025-06-07 18:20:16
7018,2.158431,2.360275,11.517793,5.00e-05,72000.57,114999296,N/A,2025-06-07 18:20:16
7019,3.065884,2.360275,11.517793,5.00e-05,74868.04,115015680,N/A,2025-06-07 18:20:17
7020,1.998753,2.360275,11.517793,5.00e-05,73465.71,115032064,1.0000,2025-06-07 18:20:17
7021,2.537783,2.360275,11.517793,5.00e-05,74968.66,115048448,N/A,2025-06-07 18:20:17
7022,2.154255,2.360275,11.517793,5.00e-05,74995.53,115064832,N/A,2025-06-07 18:20:17
7023,2.778921,2.360275,11.517793,5.00e-05,74575.51,115081216,N/A,2025-06-07 18:20:18
7024,2.248286,2.360275,11.517793,5.00e-05,73451.65,115097600,N/A,2025-06-07 18:20:18
7025,2.801287,2.360275,11.517793,5.00e-05,73750.52,115113984,N/A,2025-06-07 18:20:18
7026,2.205675,2.360275,11.517793,5.00e-05,73036.33,115130368,N/A,2025-06-07 18:20:18
7027,2.452975,2.360275,11.517793,5.00e-05,73369.99,115146752,N/A,2025-06-07 18:20:19
7028,2.425735,2.360275,11.517793,5.00e-05,73595.70,115163136,N/A,2025-06-07 18:20:19
7029,2.495859,2.360275,11.517793,5.00e-05,75379.78,115179520,N/A,2025-06-07 18:20:19
7030,2.372298,2.360275,11.517793,5.00e-05,73725.26,115195904,1.0000,2025-06-07 18:20:19
7031,2.071120,2.360275,11.517793,5.00e-05,74429.71,115212288,N/A,2025-06-07 18:20:20
7032,2.398603,2.360275,11.517793,5.00e-05,74428.08,115228672,N/A,2025-06-07 18:20:20
7033,1.948779,2.360275,11.517793,5.00e-05,75178.51,115245056,N/A,2025-06-07 18:20:20
7034,2.777118,2.360275,11.517793,5.00e-05,74891.41,115261440,N/A,2025-06-07 18:20:20
7035,2.235629,2.360275,11.517793,5.00e-05,74367.70,115277824,N/A,2025-06-07 18:20:21
7036,2.412226,2.360275,11.517793,5.00e-05,74497.47,115294208,N/A,2025-06-07 18:20:21
7037,2.476785,2.360275,11.517793,5.00e-05,74720.89,115310592,N/A,2025-06-07 18:20:21
7038,2.015288,2.360275,11.517793,5.00e-05,74493.69,115326976,N/A,2025-06-07 18:20:21
7039,1.363978,2.360275,11.517793,5.00e-05,76176.98,115343360,N/A,2025-06-07 18:20:22
7040,2.958892,2.360275,11.517793,5.00e-05,74541.45,115359744,1.0000,2025-06-07 18:20:22
7041,2.306410,2.360275,11.517793,5.00e-05,75089.93,115376128,N/A,2025-06-07 18:20:22
7042,2.339581,2.360275,11.517793,5.00e-05,75802.32,115392512,N/A,2025-06-07 18:20:22
7043,3.348999,2.360275,11.517793,5.00e-05,76199.59,115408896,N/A,2025-06-07 18:20:23
7044,2.543496,2.360275,11.517793,5.00e-05,77523.53,115425280,N/A,2025-06-07 18:20:23
7045,2.710122,2.360275,11.517793,5.00e-05,77717.93,115441664,N/A,2025-06-07 18:20:23
7046,2.292599,2.360275,11.517793,5.00e-05,77311.21,115458048,N/A,2025-06-07 18:20:23
7047,2.546940,2.360275,11.517793,5.00e-05,77551.81,115474432,N/A,2025-06-07 18:20:23
7048,2.627051,2.360275,11.517793,5.00e-05,77498.53,115490816,N/A,2025-06-07 18:20:24
7049,2.890825,2.360275,11.517793,5.00e-05,78327.79,115507200,N/A,2025-06-07 18:20:24
7050,2.308370,2.360275,11.517793,5.00e-05,76901.98,115523584,1.0000,2025-06-07 18:20:24
7051,2.235414,2.360275,11.517793,5.00e-05,77008.62,115539968,N/A,2025-06-07 18:20:24
7052,2.300663,2.360275,11.517793,5.00e-05,77061.43,115556352,N/A,2025-06-07 18:20:25
7053,2.206828,2.360275,11.517793,5.00e-05,76773.95,115572736,N/A,2025-06-07 18:20:25
7054,2.890639,2.360275,11.517793,5.00e-05,76822.34,115589120,N/A,2025-06-07 18:20:25
7055,2.598340,2.360275,11.517793,5.00e-05,76946.52,115605504,N/A,2025-06-07 18:20:25
7056,2.855328,2.360275,11.517793,5.00e-05,76938.03,115621888,N/A,2025-06-07 18:20:26
7057,2.078822,2.360275,11.517793,5.00e-05,76636.06,115638272,N/A,2025-06-07 18:20:26
7058,3.116687,2.360275,11.517793,5.00e-05,77102.98,115654656,N/A,2025-06-07 18:20:26
7059,3.235579,2.360275,11.517793,5.00e-05,78496.33,115671040,N/A,2025-06-07 18:20:26
7060,2.443172,2.360275,11.517793,5.00e-05,76612.22,115687424,1.0000,2025-06-07 18:20:27
7061,2.414345,2.360275,11.517793,5.00e-05,76466.25,115703808,N/A,2025-06-07 18:20:27
7062,2.338984,2.360275,11.517793,5.00e-05,76693.95,115720192,N/A,2025-06-07 18:20:27
7063,1.556071,2.360275,11.517793,5.00e-05,76742.58,115736576,N/A,2025-06-07 18:20:27
7064,2.968965,2.360275,11.517793,5.00e-05,76843.36,115752960,N/A,2025-06-07 18:20:28
7065,2.578054,2.360275,11.517793,5.00e-05,76923.13,115769344,N/A,2025-06-07 18:20:28
7066,2.671263,2.360275,11.517793,5.00e-05,77428.52,115785728,N/A,2025-06-07 18:20:28
7067,1.681481,2.360275,11.517793,5.00e-05,77652.59,115802112,N/A,2025-06-07 18:20:28
7068,2.246401,2.360275,11.517793,5.00e-05,77737.25,115818496,N/A,2025-06-07 18:20:28
7069,1.830500,2.360275,11.517793,5.00e-05,79599.69,115834880,N/A,2025-06-07 18:20:29
7070,3.532022,2.360275,11.517793,5.00e-05,78238.31,115851264,1.0000,2025-06-07 18:20:29
7071,3.061161,2.360275,11.517793,5.00e-05,77736.41,115867648,N/A,2025-06-07 18:20:29
7072,2.464435,2.360275,11.517793,5.00e-05,77638.80,115884032,N/A,2025-06-07 18:20:29
7073,3.078352,2.360275,11.517793,5.00e-05,77657.53,115900416,N/A,2025-06-07 18:20:30
7074,3.275798,2.360275,11.517793,5.00e-05,77498.30,115916800,N/A,2025-06-07 18:20:30
7075,2.448398,2.360275,11.517793,5.00e-05,77490.60,115933184,N/A,2025-06-07 18:20:30
7076,2.489747,2.360275,11.517793,5.00e-05,77375.21,115949568,N/A,2025-06-07 18:20:30
7077,2.320547,2.360275,11.517793,5.00e-05,77418.84,115965952,N/A,2025-06-07 18:20:31
7078,1.565238,2.360275,11.517793,5.00e-05,77453.67,115982336,N/A,2025-06-07 18:20:31
7079,1.467209,2.360275,11.517793,5.00e-05,78851.88,115998720,N/A,2025-06-07 18:20:31
7080,2.388841,2.360275,11.517793,5.00e-05,78001.56,116015104,1.0000,2025-06-07 18:20:31
7081,3.417427,2.360275,11.517793,5.00e-05,77997.58,116031488,N/A,2025-06-07 18:20:31
7082,2.046165,2.360275,11.517793,5.00e-05,78065.83,116047872,N/A,2025-06-07 18:20:32
7083,2.434147,2.360275,11.517793,5.00e-05,78239.88,116064256,N/A,2025-06-07 18:20:32
7084,2.115968,2.360275,11.517793,5.00e-05,78105.87,116080640,N/A,2025-06-07 18:20:32
7085,2.838226,2.360275,11.517793,5.00e-05,78051.70,116097024,N/A,2025-06-07 18:20:32
7086,2.637000,2.360275,11.517793,5.00e-05,78030.25,116113408,N/A,2025-06-07 18:20:33
7087,2.485614,2.360275,11.517793,5.00e-05,78028.40,116129792,N/A,2025-06-07 18:20:33
7088,1.578110,2.360275,11.517793,5.00e-05,78179.52,116146176,N/A,2025-06-07 18:20:33
7089,2.499126,2.360275,11.517793,5.00e-05,79592.70,116162560,N/A,2025-06-07 18:20:33
7090,1.828684,2.360275,11.517793,5.00e-05,77733.04,116178944,1.0000,2025-06-07 18:20:34
7091,2.330920,2.360275,11.517793,5.00e-05,77600.72,116195328,N/A,2025-06-07 18:20:34
7092,2.122126,2.360275,11.517793,5.00e-05,77450.92,116211712,N/A,2025-06-07 18:20:34
7093,2.103153,2.360275,11.517793,5.00e-05,77663.12,116228096,N/A,2025-06-07 18:20:34
7094,1.775158,2.360275,11.517793,5.00e-05,77882.48,116244480,N/A,2025-06-07 18:20:35
7095,2.416297,2.360275,11.517793,5.00e-05,77990.08,116260864,N/A,2025-06-07 18:20:35
7096,2.346282,2.360275,11.517793,5.00e-05,77044.99,116277248,N/A,2025-06-07 18:20:35
7097,1.988733,2.360275,11.517793,5.00e-05,76869.01,116293632,N/A,2025-06-07 18:20:35
7098,2.400264,2.360275,11.517793,5.00e-05,76865.88,116310016,N/A,2025-06-07 18:20:35
7099,1.409024,2.360275,11.517793,5.00e-05,78844.80,116326400,N/A,2025-06-07 18:20:36
7100,3.553118,2.360275,11.517793,5.00e-05,77284.12,116342784,1.0000,2025-06-07 18:20:36
7101,2.882592,2.360275,11.517793,5.00e-05,75917.99,116359168,N/A,2025-06-07 18:20:36
7102,2.138572,2.360275,11.517793,5.00e-05,75832.42,116375552,N/A,2025-06-07 18:20:36
7103,2.395294,2.360275,11.517793,5.00e-05,75747.17,116391936,N/A,2025-06-07 18:20:37
7104,1.809515,2.360275,11.517793,5.00e-05,75673.08,116408320,N/A,2025-06-07 18:20:37
7105,2.631952,2.360275,11.517793,5.00e-05,76437.03,116424704,N/A,2025-06-07 18:20:37
7106,2.116013,2.360275,11.517793,5.00e-05,76580.64,116441088,N/A,2025-06-07 18:20:37
7107,2.523048,2.360275,11.517793,5.00e-05,76644.36,116457472,N/A,2025-06-07 18:20:38
7108,2.133924,2.360275,11.517793,5.00e-05,76691.34,116473856,N/A,2025-06-07 18:20:38
7109,2.415225,2.360275,11.517793,5.00e-05,77904.36,116490240,N/A,2025-06-07 18:20:38
7110,2.910315,2.360275,11.517793,5.00e-05,77889.26,116506624,1.0000,2025-06-07 18:20:38
7111,2.419677,2.360275,11.517793,5.00e-05,78017.98,116523008,N/A,2025-06-07 18:20:39
7112,2.397707,2.360275,11.517793,5.00e-05,78049.21,116539392,N/A,2025-06-07 18:20:39
7113,3.058476,2.360275,11.517793,5.00e-05,77956.78,116555776,N/A,2025-06-07 18:20:39
7114,2.867325,2.360275,11.517793,5.00e-05,77992.84,116572160,N/A,2025-06-07 18:20:39
7115,2.184096,2.360275,11.517793,5.00e-05,77888.84,116588544,N/A,2025-06-07 18:20:39
7116,1.707470,2.360275,11.517793,5.00e-05,77623.00,116604928,N/A,2025-06-07 18:20:40
7117,1.661331,2.360275,11.517793,5.00e-05,77569.65,116621312,N/A,2025-06-07 18:20:40
7118,2.913830,2.360275,11.517793,5.00e-05,77919.26,116637696,N/A,2025-06-07 18:20:40
7119,2.499766,2.360275,11.517793,5.00e-05,79305.95,116654080,N/A,2025-06-07 18:20:40
7120,1.978829,2.360275,11.517793,5.00e-05,77284.89,116670464,1.0000,2025-06-07 18:20:41
7121,2.165322,2.360275,11.517793,5.00e-05,76079.90,116686848,N/A,2025-06-07 18:20:41
7122,1.953216,2.360275,11.517793,5.00e-05,76282.87,116703232,N/A,2025-06-07 18:20:41
7123,2.260227,2.360275,11.517793,5.00e-05,76320.82,116719616,N/A,2025-06-07 18:20:41
7124,2.905807,2.360275,11.517793,5.00e-05,76342.45,116736000,N/A,2025-06-07 18:20:42
7125,2.577462,2.360275,11.517793,5.00e-05,76629.27,116752384,N/A,2025-06-07 18:20:42
7126,2.384205,2.360275,11.517793,5.00e-05,76450.27,116768768,N/A,2025-06-07 18:20:42
7127,2.116128,2.360275,11.517793,5.00e-05,76378.58,116785152,N/A,2025-06-07 18:20:42
7128,2.143056,2.360275,11.517793,5.00e-05,76329.10,116801536,N/A,2025-06-07 18:20:43
7129,2.591268,2.360275,11.517793,5.00e-05,78157.89,116817920,N/A,2025-06-07 18:20:43
7130,3.156044,2.360275,11.517793,5.00e-05,77847.17,116834304,1.0000,2025-06-07 18:20:43
7131,2.802031,2.360275,11.517793,5.00e-05,77598.58,116850688,N/A,2025-06-07 18:20:43
7132,2.759069,2.360275,11.517793,5.00e-05,77489.31,116867072,N/A,2025-06-07 18:20:43
7133,3.172964,2.360275,11.517793,5.00e-05,77515.61,116883456,N/A,2025-06-07 18:20:44
7134,2.069118,2.360275,11.517793,5.00e-05,77453.00,116899840,N/A,2025-06-07 18:20:44
7135,2.976646,2.360275,11.517793,5.00e-05,77646.45,116916224,N/A,2025-06-07 18:20:44
7136,2.288184,2.360275,11.517793,5.00e-05,77754.81,116932608,N/A,2025-06-07 18:20:44
7137,2.072310,2.360275,11.517793,5.00e-05,78006.68,116948992,N/A,2025-06-07 18:20:45
7138,2.743243,2.360275,11.517793,5.00e-05,77815.05,116965376,N/A,2025-06-07 18:20:45
7139,2.558915,2.360275,11.517793,5.00e-05,79406.37,116981760,N/A,2025-06-07 18:20:45
7140,1.883255,2.360275,11.517793,5.00e-05,77620.81,116998144,1.0000,2025-06-07 18:20:45
7141,1.550254,2.360275,11.517793,5.00e-05,77819.40,117014528,N/A,2025-06-07 18:20:46
7142,1.956019,2.360275,11.517793,5.00e-05,77957.72,117030912,N/A,2025-06-07 18:20:46
7143,2.953717,2.360275,11.517793,5.00e-05,77984.81,117047296,N/A,2025-06-07 18:20:46
7144,2.395828,2.360275,11.517793,5.00e-05,77924.16,117063680,N/A,2025-06-07 18:20:46
7145,2.296738,2.360275,11.517793,5.00e-05,77717.03,117080064,N/A,2025-06-07 18:20:47
7146,2.331599,2.360275,11.517793,5.00e-05,77589.84,117096448,N/A,2025-06-07 18:20:47
7147,2.530752,2.360275,11.517793,5.00e-05,77685.55,117112832,N/A,2025-06-07 18:20:47
7148,2.709073,2.360275,11.517793,5.00e-05,77573.68,117129216,N/A,2025-06-07 18:20:47
7149,1.816746,2.360275,11.517793,5.00e-05,78298.91,117145600,N/A,2025-06-07 18:20:47
7150,2.218096,2.360275,11.517793,5.00e-05,76653.25,117161984,1.0000,2025-06-07 18:20:48
7151,3.530120,2.360275,11.517793,5.00e-05,76120.65,117178368,N/A,2025-06-07 18:20:48
7152,2.030244,2.360275,11.517793,5.00e-05,75878.06,117194752,N/A,2025-06-07 18:20:48
7153,2.296187,2.360275,11.517793,5.00e-05,75833.12,117211136,N/A,2025-06-07 18:20:48
7154,2.307939,2.360275,11.517793,5.00e-05,76010.15,117227520,N/A,2025-06-07 18:20:49
7155,2.159183,2.360275,11.517793,5.00e-05,75985.24,117243904,N/A,2025-06-07 18:20:49
7156,2.553772,2.360275,11.517793,5.00e-05,76092.39,117260288,N/A,2025-06-07 18:20:49
7157,2.793103,2.360275,11.517793,5.00e-05,75843.05,117276672,N/A,2025-06-07 18:20:49
7158,2.215516,2.360275,11.517793,5.00e-05,77067.51,117293056,N/A,2025-06-07 18:20:50
7159,2.325866,2.360275,11.517793,5.00e-05,78510.52,117309440,N/A,2025-06-07 18:20:50
7160,3.279720,2.360275,11.517793,5.00e-05,76901.67,117325824,1.0000,2025-06-07 18:20:50
7161,2.158370,2.360275,11.517793,5.00e-05,76929.78,117342208,N/A,2025-06-07 18:20:50
7162,2.184263,2.360275,11.517793,5.00e-05,76973.65,117358592,N/A,2025-06-07 18:20:51
7163,2.275980,2.360275,11.517793,5.00e-05,76825.43,117374976,N/A,2025-06-07 18:20:51
7164,3.270324,2.360275,11.517793,5.00e-05,76643.25,117391360,N/A,2025-06-07 18:20:51
7165,2.598339,2.360275,11.517793,5.00e-05,76630.83,117407744,N/A,2025-06-07 18:20:51
7166,2.741900,2.360275,11.517793,5.00e-05,76675.94,117424128,N/A,2025-06-07 18:20:51
7167,1.984025,2.360275,11.517793,5.00e-05,76599.21,117440512,N/A,2025-06-07 18:20:52
7168,2.139027,2.360275,11.517793,5.00e-05,76715.06,117456896,N/A,2025-06-07 18:20:52
7169,2.357929,2.360275,11.517793,5.00e-05,78637.44,117473280,N/A,2025-06-07 18:20:52
7170,2.570869,2.360275,11.517793,5.00e-05,77345.05,117489664,1.0000,2025-06-07 18:20:52
7171,2.282769,2.360275,11.517793,5.00e-05,77332.68,117506048,N/A,2025-06-07 18:20:53
7172,2.601863,2.360275,11.517793,5.00e-05,77438.84,117522432,N/A,2025-06-07 18:20:53
7173,2.377139,2.360275,11.517793,5.00e-05,77714.13,117538816,N/A,2025-06-07 18:20:53
7174,1.933951,2.360275,11.517793,5.00e-05,77595.13,117555200,N/A,2025-06-07 18:20:53
7175,2.802953,2.360275,11.517793,5.00e-05,77914.17,117571584,N/A,2025-06-07 18:20:54
7176,2.341457,2.360275,11.517793,5.00e-05,77853.37,117587968,N/A,2025-06-07 18:20:54
7177,2.335209,2.360275,11.517793,5.00e-05,77947.65,117604352,N/A,2025-06-07 18:20:54
7178,1.745191,2.360275,11.517793,5.00e-05,78025.89,117620736,N/A,2025-06-07 18:20:54
7179,3.336652,2.360275,11.517793,5.00e-05,79564.51,117637120,N/A,2025-06-07 18:20:55
7180,2.589016,2.360275,11.517793,5.00e-05,77978.49,117653504,1.0000,2025-06-07 18:20:55
7181,2.811175,2.360275,11.517793,5.00e-05,77963.76,117669888,N/A,2025-06-07 18:20:55
7182,2.285954,2.360275,11.517793,5.00e-05,78037.05,117686272,N/A,2025-06-07 18:20:55
7183,2.134993,2.360275,11.517793,5.00e-05,77755.35,117702656,N/A,2025-06-07 18:20:55
7184,2.887756,2.360275,11.517793,5.00e-05,77840.23,117719040,N/A,2025-06-07 18:20:56
7185,2.128117,2.360275,11.517793,5.00e-05,77723.84,117735424,N/A,2025-06-07 18:20:56
7186,2.941898,2.360275,11.517793,5.00e-05,77643.38,117751808,N/A,2025-06-07 18:20:56
7187,2.123583,2.360275,11.517793,5.00e-05,77665.58,117768192,N/A,2025-06-07 18:20:56
7188,2.452808,2.360275,11.517793,5.00e-05,77535.64,117784576,N/A,2025-06-07 18:20:57
7189,2.045555,2.360275,11.517793,5.00e-05,79165.75,117800960,N/A,2025-06-07 18:20:57
7190,2.504659,2.360275,11.517793,5.00e-05,77826.57,117817344,1.0000,2025-06-07 18:20:57
7191,2.148189,2.360275,11.517793,5.00e-05,77592.52,117833728,N/A,2025-06-07 18:20:57
7192,2.271616,2.360275,11.517793,5.00e-05,78005.79,117850112,N/A,2025-06-07 18:20:58
7193,2.808823,2.360275,11.517793,5.00e-05,77800.07,117866496,N/A,2025-06-07 18:20:58
7194,1.734520,2.360275,11.517793,5.00e-05,78010.83,117882880,N/A,2025-06-07 18:20:58
7195,2.544308,2.360275,11.517793,5.00e-05,76794.34,117899264,N/A,2025-06-07 18:20:58
7196,2.706351,2.360275,11.517793,5.00e-05,76876.75,117915648,N/A,2025-06-07 18:20:59
7197,2.248989,2.360275,11.517793,5.00e-05,76878.13,117932032,N/A,2025-06-07 18:20:59
7198,2.886432,2.360275,11.517793,5.00e-05,76924.67,117948416,N/A,2025-06-07 18:20:59
7199,2.418463,2.360275,11.517793,5.00e-05,78186.14,117964800,N/A,2025-06-07 18:20:59
7200,1.959720,2.360275,11.517793,5.00e-05,76217.11,117981184,1.0000,2025-06-07 18:21:00
7201,2.201092,2.360275,11.517793,5.00e-05,74608.61,117997568,N/A,2025-06-07 18:21:00
7202,2.004799,2.360275,11.517793,5.00e-05,74799.94,118013952,N/A,2025-06-07 18:21:00
7203,2.075247,2.360275,11.517793,5.00e-05,74895.49,118030336,N/A,2025-06-07 18:21:00
7204,1.457390,2.360275,11.517793,5.00e-05,76155.07,118046720,N/A,2025-06-07 18:21:00
7205,2.388021,2.360275,11.517793,5.00e-05,75964.18,118063104,N/A,2025-06-07 18:21:01
7206,1.721772,2.360275,11.517793,5.00e-05,75800.54,118079488,N/A,2025-06-07 18:21:01
7207,1.946198,2.360275,11.517793,5.00e-05,75498.10,118095872,N/A,2025-06-07 18:21:01
7208,3.341073,2.360275,11.517793,5.00e-05,75663.43,118112256,N/A,2025-06-07 18:21:01
7209,3.063546,2.360275,11.517793,5.00e-05,77711.94,118128640,N/A,2025-06-07 18:21:02
7210,2.438615,2.360275,11.517793,5.00e-05,77903.44,118145024,1.0000,2025-06-07 18:21:02
7211,1.840739,2.360275,11.517793,5.00e-05,77703.81,118161408,N/A,2025-06-07 18:21:02
7212,2.820473,2.360275,11.517793,5.00e-05,77523.29,118177792,N/A,2025-06-07 18:21:02
7213,2.518425,2.360275,11.517793,5.00e-05,77294.65,118194176,N/A,2025-06-07 18:21:03
7214,1.953585,2.360275,11.517793,5.00e-05,77382.41,118210560,N/A,2025-06-07 18:21:03
7215,1.981299,2.360275,11.517793,5.00e-05,77545.18,118226944,N/A,2025-06-07 18:21:03
7216,2.451220,2.360275,11.517793,5.00e-05,77744.52,118243328,N/A,2025-06-07 18:21:03
7217,2.024461,2.360275,11.517793,5.00e-05,77629.08,118259712,N/A,2025-06-07 18:21:03
7218,2.526905,2.360275,11.517793,5.00e-05,77635.10,118276096,N/A,2025-06-07 18:21:04
7219,1.827607,2.360275,11.517793,5.00e-05,79090.03,118292480,N/A,2025-06-07 18:21:04
7220,2.137141,2.360275,11.517793,5.00e-05,77572.12,118308864,1.0000,2025-06-07 18:21:04
7221,2.293686,2.360275,11.517793,5.00e-05,77588.16,118325248,N/A,2025-06-07 18:21:04
7222,1.768870,2.360275,11.517793,5.00e-05,77809.24,118341632,N/A,2025-06-07 18:21:05
7223,2.472172,2.360275,11.517793,5.00e-05,77662.56,118358016,N/A,2025-06-07 18:21:05
7224,2.036523,2.360275,11.517793,5.00e-05,78038.37,118374400,N/A,2025-06-07 18:21:05
7225,2.872699,2.360275,11.517793,5.00e-05,77834.02,118390784,N/A,2025-06-07 18:21:05
7226,3.090806,2.360275,11.517793,5.00e-05,77886.51,118407168,N/A,2025-06-07 18:21:06
7227,2.671248,2.360275,11.517793,5.00e-05,77935.63,118423552,N/A,2025-06-07 18:21:06
7228,2.003822,2.360275,11.517793,5.00e-05,77986.30,118439936,N/A,2025-06-07 18:21:06
7229,2.407323,2.360275,11.517793,5.00e-05,79533.92,118456320,N/A,2025-06-07 18:21:06
7230,2.286346,2.360275,11.517793,5.00e-05,77710.33,118472704,1.0000,2025-06-07 18:21:07
7231,3.539341,2.360275,11.517793,5.00e-05,77593.01,118489088,N/A,2025-06-07 18:21:07
7232,2.438449,2.360275,11.517793,5.00e-05,77639.02,118505472,N/A,2025-06-07 18:21:07
7233,2.799320,2.360275,11.517793,5.00e-05,77438.85,118521856,N/A,2025-06-07 18:21:07
7234,2.796196,2.360275,11.517793,5.00e-05,77637.39,118538240,N/A,2025-06-07 18:21:07
7235,2.818695,2.360275,11.517793,5.00e-05,77458.23,118554624,N/A,2025-06-07 18:21:08
7236,2.337152,2.360275,11.517793,5.00e-05,77467.60,118571008,N/A,2025-06-07 18:21:08
7237,2.908014,2.360275,11.517793,5.00e-05,77424.21,118587392,N/A,2025-06-07 18:21:08
7238,1.927978,2.360275,11.517793,5.00e-05,77538.00,118603776,N/A,2025-06-07 18:21:08
7239,3.165126,2.360275,11.517793,5.00e-05,79391.92,118620160,N/A,2025-06-07 18:21:09
7240,2.430969,2.360275,11.517793,5.00e-05,78164.74,118636544,1.0000,2025-06-07 18:21:09
7241,2.640218,2.360275,11.517793,5.00e-05,78383.57,118652928,N/A,2025-06-07 18:21:09
7242,2.344374,2.360275,11.517793,5.00e-05,78335.69,118669312,N/A,2025-06-07 18:21:09
7243,2.457045,2.360275,11.517793,5.00e-05,78053.63,118685696,N/A,2025-06-07 18:21:10
7244,2.576180,2.360275,11.517793,5.00e-05,78141.19,118702080,N/A,2025-06-07 18:21:10
7245,2.132151,2.360275,11.517793,5.00e-05,78179.57,118718464,N/A,2025-06-07 18:21:10
7246,2.103646,2.360275,11.517793,5.00e-05,78233.12,118734848,N/A,2025-06-07 18:21:10
7247,2.810953,2.360275,11.517793,5.00e-05,78168.28,118751232,N/A,2025-06-07 18:21:10
7248,1.520364,2.360275,11.517793,5.00e-05,78227.91,118767616,N/A,2025-06-07 18:21:11
7249,2.657593,2.360275,11.517793,5.00e-05,79359.58,118784000,N/A,2025-06-07 18:21:11
7250,2.972751,2.360275,11.517793,5.00e-05,77123.26,118800384,1.0000,2025-06-07 18:21:11
7251,2.093765,2.360275,11.517793,5.00e-05,76954.01,118816768,N/A,2025-06-07 18:21:11
7252,2.764007,2.360275,11.517793,5.00e-05,77151.23,118833152,N/A,2025-06-07 18:21:12
7253,2.766415,2.360275,11.517793,5.00e-05,77171.77,118849536,N/A,2025-06-07 18:21:12
7254,2.347358,2.360275,11.517793,5.00e-05,77075.09,118865920,N/A,2025-06-07 18:21:12
7255,1.868940,2.360275,11.517793,5.00e-05,77046.28,118882304,N/A,2025-06-07 18:21:12
7256,3.056838,2.360275,11.517793,5.00e-05,76444.74,118898688,N/A,2025-06-07 18:21:13
7257,2.309123,2.360275,11.517793,5.00e-05,76380.25,118915072,N/A,2025-06-07 18:21:13
7258,2.873550,2.360275,11.517793,5.00e-05,76492.39,118931456,N/A,2025-06-07 18:21:13
7259,2.016184,2.360275,11.517793,5.00e-05,78513.22,118947840,N/A,2025-06-07 18:21:13
7260,2.575480,2.360275,11.517793,5.00e-05,77037.33,118964224,1.0000,2025-06-07 18:21:14
7261,3.068727,2.360275,11.517793,5.00e-05,76870.26,118980608,N/A,2025-06-07 18:21:14
7262,1.758662,2.360275,11.517793,5.00e-05,77018.35,118996992,N/A,2025-06-07 18:21:14
7263,1.914533,2.360275,11.517793,5.00e-05,77029.06,119013376,N/A,2025-06-07 18:21:14
7264,3.060079,2.360275,11.517793,5.00e-05,77015.27,119029760,N/A,2025-06-07 18:21:15
7265,2.777006,2.360275,11.517793,5.00e-05,77639.63,119046144,N/A,2025-06-07 18:21:15
7266,2.301753,2.360275,11.517793,5.00e-05,77740.65,119062528,N/A,2025-06-07 18:21:15
7267,2.419871,2.360275,11.517793,5.00e-05,77716.62,119078912,N/A,2025-06-07 18:21:15
7268,2.622593,2.360275,11.517793,5.00e-05,77815.71,119095296,N/A,2025-06-07 18:21:15
7269,1.983929,2.360275,11.517793,5.00e-05,79380.16,119111680,N/A,2025-06-07 18:21:16
7270,2.699769,2.360275,11.517793,5.00e-05,78188.10,119128064,1.0000,2025-06-07 18:21:16
7271,2.923079,2.360275,11.517793,5.00e-05,78735.06,119144448,N/A,2025-06-07 18:21:16
7272,3.062949,2.360275,11.517793,5.00e-05,78902.64,119160832,N/A,2025-06-07 18:21:16
7273,3.133482,2.360275,11.517793,5.00e-05,78946.12,119177216,N/A,2025-06-07 18:21:17
7274,2.762254,2.360275,11.517793,5.00e-05,79111.71,119193600,N/A,2025-06-07 18:21:17
7275,1.920074,2.360275,11.517793,5.00e-05,77909.17,119209984,N/A,2025-06-07 18:21:17
7276,1.690360,2.360275,11.517793,5.00e-05,77150.56,119226368,N/A,2025-06-07 18:21:17
7277,2.334959,2.360275,11.517793,5.00e-05,77015.28,119242752,N/A,2025-06-07 18:21:18
7278,2.357144,2.360275,11.517793,5.00e-05,77244.82,119259136,N/A,2025-06-07 18:21:18
7279,1.790512,2.360275,11.517793,5.00e-05,78642.17,119275520,N/A,2025-06-07 18:21:18
7280,1.818969,2.360275,11.517793,5.00e-05,75011.96,119291904,1.0000,2025-06-07 18:21:18
7281,2.389960,2.360275,11.517793,5.00e-05,74042.10,119308288,N/A,2025-06-07 18:21:19
7282,2.392516,2.360275,11.517793,5.00e-05,74131.17,119324672,N/A,2025-06-07 18:21:19
7283,1.913830,2.360275,11.517793,5.00e-05,73960.93,119341056,N/A,2025-06-07 18:21:19
7284,2.932648,2.360275,11.517793,5.00e-05,74905.46,119357440,N/A,2025-06-07 18:21:19
7285,2.106863,2.360275,11.517793,5.00e-05,75662.55,119373824,N/A,2025-06-07 18:21:19
7286,1.857803,2.360275,11.517793,5.00e-05,75825.74,119390208,N/A,2025-06-07 18:21:20
7287,2.319217,2.360275,11.517793,5.00e-05,75056.90,119406592,N/A,2025-06-07 18:21:20
7288,0.871387,2.360275,11.517793,5.00e-05,75278.33,119422976,N/A,2025-06-07 18:21:20
7289,2.399642,2.360275,11.517793,5.00e-05,77789.69,119439360,N/A,2025-06-07 18:21:20
7290,1.656410,2.360275,11.517793,5.00e-05,77196.87,119455744,1.0000,2025-06-07 18:21:21
7291,2.149881,2.360275,11.517793,5.00e-05,77072.83,119472128,N/A,2025-06-07 18:21:21
7292,2.188146,2.360275,11.517793,5.00e-05,77122.79,119488512,N/A,2025-06-07 18:21:21
7293,1.893242,2.360275,11.517793,5.00e-05,77194.07,119504896,N/A,2025-06-07 18:21:21
7294,1.729266,2.360275,11.517793,5.00e-05,77082.90,119521280,N/A,2025-06-07 18:21:22
7295,2.756324,2.360275,11.517793,5.00e-05,77233.92,119537664,N/A,2025-06-07 18:21:22
7296,2.140284,2.360275,11.517793,5.00e-05,77910.40,119554048,N/A,2025-06-07 18:21:22
7297,3.121816,2.360275,11.517793,5.00e-05,77661.49,119570432,N/A,2025-06-07 18:21:22
7298,2.343113,2.360275,11.517793,5.00e-05,78127.08,119586816,N/A,2025-06-07 18:21:23
7299,2.251296,2.360275,11.517793,5.00e-05,79703.70,119603200,N/A,2025-06-07 18:21:23
7300,2.752335,2.360275,11.517793,5.00e-05,78348.03,119619584,1.0000,2025-06-07 18:21:23
7301,3.093824,2.360275,11.517793,5.00e-05,77019.71,119635968,N/A,2025-06-07 18:21:23
7302,2.634083,2.360275,11.517793,5.00e-05,76957.92,119652352,N/A,2025-06-07 18:21:24
7303,2.738977,2.360275,11.517793,5.00e-05,76963.32,119668736,N/A,2025-06-07 18:21:24
7304,1.727922,2.360275,11.517793,5.00e-05,76719.68,119685120,N/A,2025-06-07 18:21:24
7305,3.322630,2.360275,11.517793,5.00e-05,76660.43,119701504,N/A,2025-06-07 18:21:24
7306,2.641872,2.360275,11.517793,5.00e-05,76774.57,119717888,N/A,2025-06-07 18:21:24
7307,2.916375,2.360275,11.517793,5.00e-05,76897.79,119734272,N/A,2025-06-07 18:21:25
7308,1.932349,2.360275,11.517793,5.00e-05,76824.95,119750656,N/A,2025-06-07 18:21:25
7309,1.478846,2.360275,11.517793,5.00e-05,78028.11,119767040,N/A,2025-06-07 18:21:25
7310,2.226983,2.360275,11.517793,5.00e-05,78019.26,119783424,1.0000,2025-06-07 18:21:25
7311,2.653570,2.360275,11.517793,5.00e-05,78145.04,119799808,N/A,2025-06-07 18:21:26
7312,2.403172,2.360275,11.517793,5.00e-05,78286.74,119816192,N/A,2025-06-07 18:21:26
7313,2.068803,2.360275,11.517793,5.00e-05,78449.99,119832576,N/A,2025-06-07 18:21:26
7314,2.092252,2.360275,11.517793,5.00e-05,78617.28,119848960,N/A,2025-06-07 18:21:26
7315,1.541279,2.360275,11.517793,5.00e-05,78477.23,119865344,N/A,2025-06-07 18:21:27
7316,1.729272,2.360275,11.517793,5.00e-05,78455.56,119881728,N/A,2025-06-07 18:21:27
7317,3.413587,2.360275,11.517793,5.00e-05,78625.63,119898112,N/A,2025-06-07 18:21:27
7318,1.418608,2.360275,11.517793,5.00e-05,78781.74,119914496,N/A,2025-06-07 18:21:27
7319,2.403727,2.360275,11.517793,5.00e-05,78832.88,119930880,N/A,2025-06-07 18:21:27
7320,2.533779,2.360275,11.517793,5.00e-05,77188.79,119947264,1.0000,2025-06-07 18:21:28
7321,1.967017,2.360275,11.517793,5.00e-05,77104.33,119963648,N/A,2025-06-07 18:21:28
7322,2.990522,2.360275,11.517793,5.00e-05,76930.09,119980032,N/A,2025-06-07 18:21:28
7323,3.295288,2.360275,11.517793,5.00e-05,76890.65,119996416,N/A,2025-06-07 18:21:28
7324,2.015298,2.360275,11.517793,5.00e-05,77006.63,120012800,N/A,2025-06-07 18:21:29
7325,3.298180,2.360275,11.517793,5.00e-05,76903.31,120029184,N/A,2025-06-07 18:21:29
7326,2.578658,2.360275,11.517793,5.00e-05,76838.46,120045568,N/A,2025-06-07 18:21:29
7327,2.220165,2.360275,11.517793,5.00e-05,76808.97,120061952,N/A,2025-06-07 18:21:29
7328,2.675275,2.360275,11.517793,5.00e-05,77950.25,120078336,N/A,2025-06-07 18:21:30
7329,2.099711,2.360275,11.517793,5.00e-05,79418.09,120094720,N/A,2025-06-07 18:21:30
7330,2.221589,2.360275,11.517793,5.00e-05,77750.98,120111104,1.0000,2025-06-07 18:21:30
7331,2.484573,2.360275,11.517793,5.00e-05,77911.16,120127488,N/A,2025-06-07 18:21:30
7332,2.680935,2.360275,11.517793,5.00e-05,77601.86,120143872,N/A,2025-06-07 18:21:31
7333,1.560259,2.360275,11.517793,5.00e-05,77719.16,120160256,N/A,2025-06-07 18:21:31
7334,2.279162,2.360275,11.517793,5.00e-05,77630.28,120176640,N/A,2025-06-07 18:21:31
7335,2.378780,2.360275,11.517793,5.00e-05,77615.22,120193024,N/A,2025-06-07 18:21:31
7336,3.029872,2.360275,11.517793,5.00e-05,77479.03,120209408,N/A,2025-06-07 18:21:31
7337,3.059839,2.360275,11.517793,5.00e-05,77419.68,120225792,N/A,2025-06-07 18:21:32
7338,2.387793,2.360275,11.517793,5.00e-05,77489.51,120242176,N/A,2025-06-07 18:21:32
7339,2.407709,2.360275,11.517793,5.00e-05,78827.87,120258560,N/A,2025-06-07 18:21:32
7340,2.066124,2.360275,11.517793,5.00e-05,77306.53,120274944,1.0000,2025-06-07 18:21:32
7341,1.662593,2.360275,11.517793,5.00e-05,77497.49,120291328,N/A,2025-06-07 18:21:33
7342,2.059237,2.360275,11.517793,5.00e-05,77318.07,120307712,N/A,2025-06-07 18:21:33
7343,1.636883,2.360275,11.517793,5.00e-05,77456.94,120324096,N/A,2025-06-07 18:21:33
7344,2.441293,2.360275,11.517793,5.00e-05,77097.78,120340480,N/A,2025-06-07 18:21:33
7345,1.843113,2.360275,11.517793,5.00e-05,77350.60,120356864,N/A,2025-06-07 18:21:34
7346,3.002224,2.360275,11.517793,5.00e-05,77541.02,120373248,N/A,2025-06-07 18:21:34
7347,2.164793,2.360275,11.517793,5.00e-05,77625.26,120389632,N/A,2025-06-07 18:21:34
7348,1.329488,2.360275,11.517793,5.00e-05,77829.36,120406016,N/A,2025-06-07 18:21:34
7349,2.702983,2.360275,11.517793,5.00e-05,79113.17,120422400,N/A,2025-06-07 18:21:34
7350,1.589910,2.360275,11.517793,5.00e-05,77487.44,120438784,1.0000,2025-06-07 18:21:35
7351,2.214832,2.360275,11.517793,5.00e-05,77159.29,120455168,N/A,2025-06-07 18:21:35
7352,2.313749,2.360275,11.517793,5.00e-05,77125.46,120471552,N/A,2025-06-07 18:21:35
7353,2.623881,2.360275,11.517793,5.00e-05,77437.09,120487936,N/A,2025-06-07 18:21:35
7354,2.756413,2.360275,11.517793,5.00e-05,77162.18,120504320,N/A,2025-06-07 18:21:36
7355,2.503579,2.360275,11.517793,5.00e-05,77149.23,120520704,N/A,2025-06-07 18:21:36
7356,1.908189,2.360275,11.517793,5.00e-05,76939.09,120537088,N/A,2025-06-07 18:21:36
7357,2.349571,2.360275,11.517793,5.00e-05,76978.88,120553472,N/A,2025-06-07 18:21:36
7358,2.288680,2.360275,11.517793,5.00e-05,77172.42,120569856,N/A,2025-06-07 18:21:37
7359,2.671917,2.360275,11.517793,5.00e-05,78833.01,120586240,N/A,2025-06-07 18:21:37
7360,2.210722,2.360275,11.517793,5.00e-05,77639.13,120602624,1.0000,2025-06-07 18:21:37
7361,2.395646,2.360275,11.517793,5.00e-05,77682.46,120619008,N/A,2025-06-07 18:21:37
7362,2.246401,2.360275,11.517793,5.00e-05,76691.91,120635392,N/A,2025-06-07 18:21:38
7363,2.709083,2.360275,11.517793,5.00e-05,76621.22,120651776,N/A,2025-06-07 18:21:38
7364,1.757671,2.360275,11.517793,5.00e-05,76645.26,120668160,N/A,2025-06-07 18:21:38
7365,2.023487,2.360275,11.517793,5.00e-05,76540.11,120684544,N/A,2025-06-07 18:21:38
7366,3.229949,2.360275,11.517793,5.00e-05,76672.09,120700928,N/A,2025-06-07 18:21:39
7367,1.680535,2.360275,11.517793,5.00e-05,76548.51,120717312,N/A,2025-06-07 18:21:39
7368,2.053297,2.360275,11.517793,5.00e-05,76626.75,120733696,N/A,2025-06-07 18:21:39
7369,2.308384,2.360275,11.517793,5.00e-05,78111.07,120750080,N/A,2025-06-07 18:21:39
7370,2.202408,2.360275,11.517793,5.00e-05,75366.15,120766464,1.0000,2025-06-07 18:21:40
7371,2.498006,2.360275,11.517793,5.00e-05,76420.77,120782848,N/A,2025-06-07 18:21:40
7372,2.991079,2.360275,11.517793,5.00e-05,76659.10,120799232,N/A,2025-06-07 18:21:40
7373,3.071044,2.360275,11.517793,5.00e-05,76715.73,120815616,N/A,2025-06-07 18:21:40
7374,2.490402,2.360275,11.517793,5.00e-05,76858.70,120832000,N/A,2025-06-07 18:21:40
7375,1.781451,2.360275,11.517793,5.00e-05,76882.25,120848384,N/A,2025-06-07 18:21:41
7376,2.666311,2.360275,11.517793,5.00e-05,76667.68,120864768,N/A,2025-06-07 18:21:41
7377,2.267329,2.360275,11.517793,5.00e-05,76626.68,120881152,N/A,2025-06-07 18:21:41
7378,3.211328,2.360275,11.517793,5.00e-05,76530.22,120897536,N/A,2025-06-07 18:21:41
7379,2.484268,2.360275,11.517793,5.00e-05,79255.91,120913920,N/A,2025-06-07 18:21:42
7380,2.088007,2.360275,11.517793,5.00e-05,77406.73,120930304,1.0000,2025-06-07 18:21:42
7381,1.511518,2.360275,11.517793,5.00e-05,77326.68,120946688,N/A,2025-06-07 18:21:42
7382,1.719180,2.360275,11.517793,5.00e-05,77248.03,120963072,N/A,2025-06-07 18:21:42
7383,1.813813,2.360275,11.517793,5.00e-05,77362.88,120979456,N/A,2025-06-07 18:21:43
7384,2.574290,2.360275,11.517793,5.00e-05,77256.90,120995840,N/A,2025-06-07 18:21:43
7385,3.075035,2.360275,11.517793,5.00e-05,77741.62,121012224,N/A,2025-06-07 18:21:43
7386,2.692723,2.360275,11.517793,5.00e-05,76738.42,121028608,N/A,2025-06-07 18:21:43
7387,2.786207,2.360275,11.517793,5.00e-05,76655.99,121044992,N/A,2025-06-07 18:21:43
7388,2.387578,2.360275,11.517793,5.00e-05,76557.34,121061376,N/A,2025-06-07 18:21:44
7389,2.093914,2.360275,11.517793,5.00e-05,78187.47,121077760,N/A,2025-06-07 18:21:44
7390,3.843936,2.360275,11.517793,5.00e-05,77239.06,121094144,1.0000,2025-06-07 18:21:44
7391,2.702931,2.360275,11.517793,5.00e-05,77250.57,121110528,N/A,2025-06-07 18:21:44
7392,2.357993,2.360275,11.517793,5.00e-05,77245.85,121126912,N/A,2025-06-07 18:21:45
7393,1.817301,2.360275,11.517793,5.00e-05,77357.54,121143296,N/A,2025-06-07 18:21:45
7394,3.034117,2.360275,11.517793,5.00e-05,77160.82,121159680,N/A,2025-06-07 18:21:45
7395,2.247589,2.360275,11.517793,5.00e-05,78216.80,121176064,N/A,2025-06-07 18:21:45
7396,2.379525,2.360275,11.517793,5.00e-05,78485.62,121192448,N/A,2025-06-07 18:21:46
7397,1.853031,2.360275,11.517793,5.00e-05,78814.77,121208832,N/A,2025-06-07 18:21:46
7398,1.714424,2.360275,11.517793,5.00e-05,78624.23,121225216,N/A,2025-06-07 18:21:46
7399,2.340199,2.360275,11.517793,5.00e-05,79740.72,121241600,N/A,2025-06-07 18:21:46
7400,2.122867,2.360275,11.517793,5.00e-05,78100.88,121257984,1.0000,2025-06-07 18:21:47
7401,2.388625,2.360275,11.517793,5.00e-05,76806.31,121274368,N/A,2025-06-07 18:21:47
7402,2.670836,2.360275,11.517793,5.00e-05,76799.37,121290752,N/A,2025-06-07 18:21:47
7403,3.707616,2.360275,11.517793,5.00e-05,76079.24,121307136,N/A,2025-06-07 18:21:47
7404,1.681159,2.360275,11.517793,5.00e-05,75873.11,121323520,N/A,2025-06-07 18:21:48
7405,2.163270,2.360275,11.517793,5.00e-05,75762.77,121339904,N/A,2025-06-07 18:21:48
7406,2.423958,2.360275,11.517793,5.00e-05,75672.81,121356288,N/A,2025-06-07 18:21:48
7407,1.956066,2.360275,11.517793,5.00e-05,75947.63,121372672,N/A,2025-06-07 18:21:48
7408,2.358835,2.360275,11.517793,5.00e-05,75849.07,121389056,N/A,2025-06-07 18:21:48
7409,2.459538,2.360275,11.517793,5.00e-05,77428.33,121405440,N/A,2025-06-07 18:21:49
7410,2.313184,2.360275,11.517793,5.00e-05,77180.16,121421824,1.0000,2025-06-07 18:21:49
7411,2.474255,2.360275,11.517793,5.00e-05,77268.62,121438208,N/A,2025-06-07 18:21:49
7412,3.232780,2.360275,11.517793,5.00e-05,77865.13,121454592,N/A,2025-06-07 18:21:49
7413,2.441186,2.360275,11.517793,5.00e-05,78120.17,121470976,N/A,2025-06-07 18:21:50
7414,2.666209,2.360275,11.517793,5.00e-05,78197.12,121487360,N/A,2025-06-07 18:21:50
7415,2.647310,2.360275,11.517793,5.00e-05,78099.74,121503744,N/A,2025-06-07 18:21:50
7416,3.168623,2.360275,11.517793,5.00e-05,78136.88,121520128,N/A,2025-06-07 18:21:50
7417,2.490595,2.360275,11.517793,5.00e-05,78244.71,121536512,N/A,2025-06-07 18:21:51
7418,2.382286,2.360275,11.517793,5.00e-05,78129.28,121552896,N/A,2025-06-07 18:21:51
7419,2.243572,2.360275,11.517793,5.00e-05,79704.11,121569280,N/A,2025-06-07 18:21:51
7420,2.433650,2.360275,11.517793,5.00e-05,77983.04,121585664,1.0000,2025-06-07 18:21:51
7421,2.121713,2.360275,11.517793,5.00e-05,78179.09,121602048,N/A,2025-06-07 18:21:51
7422,1.935688,2.360275,11.517793,5.00e-05,78161.34,121618432,N/A,2025-06-07 18:21:52
7423,2.654104,2.360275,11.517793,5.00e-05,78249.83,121634816,N/A,2025-06-07 18:21:52
7424,1.979611,2.360275,11.517793,5.00e-05,78275.03,121651200,N/A,2025-06-07 18:21:52
7425,2.578304,2.360275,11.517793,5.00e-05,78074.50,121667584,N/A,2025-06-07 18:21:52
7426,2.165761,2.360275,11.517793,5.00e-05,78184.48,121683968,N/A,2025-06-07 18:21:53
7427,2.708271,2.360275,11.517793,5.00e-05,78278.52,121700352,N/A,2025-06-07 18:21:53
7428,2.449687,2.360275,11.517793,5.00e-05,78131.23,121716736,N/A,2025-06-07 18:21:53
7429,2.188403,2.360275,11.517793,5.00e-05,79649.07,121733120,N/A,2025-06-07 18:21:53
7430,3.028081,2.360275,11.517793,5.00e-05,78135.16,121749504,1.0000,2025-06-07 18:21:54
7431,2.293443,2.360275,11.517793,5.00e-05,77900.14,121765888,N/A,2025-06-07 18:21:54
7432,3.273594,2.360275,11.517793,5.00e-05,77744.22,121782272,N/A,2025-06-07 18:21:54
7433,2.718956,2.360275,11.517793,5.00e-05,77776.13,121798656,N/A,2025-06-07 18:21:54
7434,2.266435,2.360275,11.517793,5.00e-05,77978.36,121815040,N/A,2025-06-07 18:21:54
7435,2.119465,2.360275,11.517793,5.00e-05,77761.11,121831424,N/A,2025-06-07 18:21:55
7436,2.241515,2.360275,11.517793,5.00e-05,77681.34,121847808,N/A,2025-06-07 18:21:55
7437,2.690789,2.360275,11.517793,5.00e-05,77769.43,121864192,N/A,2025-06-07 18:21:55
7438,1.544552,2.360275,11.517793,5.00e-05,77735.14,121880576,N/A,2025-06-07 18:21:55
7439,2.540781,2.360275,11.517793,5.00e-05,79204.31,121896960,N/A,2025-06-07 18:21:56
7440,2.571437,2.360275,11.517793,5.00e-05,77195.82,121913344,1.0000,2025-06-07 18:21:56
7441,1.390690,2.360275,11.517793,5.00e-05,77145.97,121929728,N/A,2025-06-07 18:21:56
7442,1.963190,2.360275,11.517793,5.00e-05,77138.54,121946112,N/A,2025-06-07 18:21:56
7443,2.128173,2.360275,11.517793,5.00e-05,77167.59,121962496,N/A,2025-06-07 18:21:57
7444,2.654737,2.360275,11.517793,5.00e-05,77283.01,121978880,N/A,2025-06-07 18:21:57
7445,2.373159,2.360275,11.517793,5.00e-05,77416.54,121995264,N/A,2025-06-07 18:21:57
7446,2.689754,2.360275,11.517793,5.00e-05,77170.03,122011648,N/A,2025-06-07 18:21:57
7447,2.716650,2.360275,11.517793,5.00e-05,77290.38,122028032,N/A,2025-06-07 18:21:58
7448,2.542887,2.360275,11.517793,5.00e-05,77299.77,122044416,N/A,2025-06-07 18:21:58
7449,1.856031,2.360275,11.517793,5.00e-05,79385.75,122060800,N/A,2025-06-07 18:21:58
7450,1.480339,2.360275,11.517793,5.00e-05,77886.77,122077184,1.0000,2025-06-07 18:21:58
7451,2.636167,2.360275,11.517793,5.00e-05,77953.62,122093568,N/A,2025-06-07 18:21:58
7452,2.239737,2.360275,11.517793,5.00e-05,78012.36,122109952,N/A,2025-06-07 18:21:59
7453,2.055936,2.360275,11.517793,5.00e-05,77977.13,122126336,N/A,2025-06-07 18:21:59
7454,1.858579,2.360275,11.517793,5.00e-05,78191.07,122142720,N/A,2025-06-07 18:21:59
7455,2.230397,2.360275,11.517793,5.00e-05,78952.56,122159104,N/A,2025-06-07 18:21:59
7456,2.468209,2.360275,11.517793,5.00e-05,78773.84,122175488,N/A,2025-06-07 18:22:00
7457,2.688763,2.360275,11.517793,5.00e-05,78815.86,122191872,N/A,2025-06-07 18:22:00
7458,2.896110,2.360275,11.517793,5.00e-05,79029.12,122208256,N/A,2025-06-07 18:22:00
7459,2.302808,2.360275,11.517793,5.00e-05,80677.69,122224640,N/A,2025-06-07 18:22:00
7460,1.759043,2.360275,11.517793,5.00e-05,78849.89,122241024,1.0000,2025-06-07 18:22:01
7461,1.551766,2.360275,11.517793,5.00e-05,78904.81,122257408,N/A,2025-06-07 18:22:01
7462,2.460415,2.360275,11.517793,5.00e-05,78871.58,122273792,N/A,2025-06-07 18:22:01
7463,2.326650,2.360275,11.517793,5.00e-05,78595.64,122290176,N/A,2025-06-07 18:22:01
7464,1.286631,2.360275,11.517793,5.00e-05,78116.22,122306560,N/A,2025-06-07 18:22:01
7465,1.860635,2.360275,11.517793,5.00e-05,78209.91,122322944,N/A,2025-06-07 18:22:02
7466,1.607774,2.360275,11.517793,5.00e-05,78074.37,122339328,N/A,2025-06-07 18:22:02
7467,3.426723,2.360275,11.517793,5.00e-05,76736.11,122355712,N/A,2025-06-07 18:22:02
7468,1.458284,2.360275,11.517793,5.00e-05,76837.34,122372096,N/A,2025-06-07 18:22:02
7469,3.271317,2.360275,11.517793,5.00e-05,78346.74,122388480,N/A,2025-06-07 18:22:03
7470,1.627985,2.360275,11.517793,5.00e-05,76518.57,122404864,1.0000,2025-06-07 18:22:03
7471,2.599170,2.360275,11.517793,5.00e-05,76642.51,122421248,N/A,2025-06-07 18:22:03
7472,2.257707,2.360275,11.517793,5.00e-05,76554.09,122437632,N/A,2025-06-07 18:22:03
7473,2.379339,2.360275,11.517793,5.00e-05,76404.97,122454016,N/A,2025-06-07 18:22:04
7474,2.677491,2.360275,11.517793,5.00e-05,76372.65,122470400,N/A,2025-06-07 18:22:04
7475,2.214371,2.360275,11.517793,5.00e-05,76466.27,122486784,N/A,2025-06-07 18:22:04
7476,1.783318,2.360275,11.517793,5.00e-05,77023.31,122503168,N/A,2025-06-07 18:22:04
7477,2.175241,2.360275,11.517793,5.00e-05,76868.88,122519552,N/A,2025-06-07 18:22:05
7478,2.989455,2.360275,11.517793,5.00e-05,76984.31,122535936,N/A,2025-06-07 18:22:05
7479,2.108962,2.360275,11.517793,5.00e-05,78551.28,122552320,N/A,2025-06-07 18:22:05
7480,2.784750,2.360275,11.517793,5.00e-05,76870.11,122568704,1.0000,2025-06-07 18:22:05
7481,3.068448,2.360275,11.517793,5.00e-05,76841.11,122585088,N/A,2025-06-07 18:22:06
7482,3.124983,2.360275,11.517793,5.00e-05,77103.91,122601472,N/A,2025-06-07 18:22:06
7483,1.975763,2.360275,11.517793,5.00e-05,77185.08,122617856,N/A,2025-06-07 18:22:06
7484,2.142066,2.360275,11.517793,5.00e-05,76985.11,122634240,N/A,2025-06-07 18:22:06
7485,2.261613,2.360275,11.517793,5.00e-05,77264.51,122650624,N/A,2025-06-07 18:22:06
7486,2.636969,2.360275,11.517793,5.00e-05,77338.95,122667008,N/A,2025-06-07 18:22:07
7487,2.059979,2.360275,11.517793,5.00e-05,77358.14,122683392,N/A,2025-06-07 18:22:07
7488,2.749697,2.360275,11.517793,5.00e-05,77762.64,122699776,N/A,2025-06-07 18:22:07
7489,1.707193,2.360275,11.517793,5.00e-05,79892.51,122716160,N/A,2025-06-07 18:22:07
7490,2.099003,2.360275,11.517793,5.00e-05,78600.45,122732544,1.0000,2025-06-07 18:22:08
7491,2.933691,2.360275,11.517793,5.00e-05,78429.67,122748928,N/A,2025-06-07 18:22:08
7492,3.110344,2.360275,11.517793,5.00e-05,78404.86,122765312,N/A,2025-06-07 18:22:08
7493,1.679123,2.360275,11.517793,5.00e-05,78473.85,122781696,N/A,2025-06-07 18:22:08
7494,1.537940,2.360275,11.517793,5.00e-05,78891.91,122798080,N/A,2025-06-07 18:22:09
7495,2.693545,2.360275,11.517793,5.00e-05,78934.80,122814464,N/A,2025-06-07 18:22:09
7496,2.164810,2.360275,11.517793,5.00e-05,78818.33,122830848,N/A,2025-06-07 18:22:09
7497,2.246152,2.360275,11.517793,5.00e-05,78521.85,122847232,N/A,2025-06-07 18:22:09
7498,1.936186,2.360275,11.517793,5.00e-05,77924.98,122863616,N/A,2025-06-07 18:22:09
7499,2.028019,2.360275,11.517793,5.00e-05,79197.48,122880000,N/A,2025-06-07 18:22:10
7500,1.715005,2.360275,11.517793,5.00e-05,76632.57,122896384,1.0000,2025-06-07 18:22:10
7501,2.439591,2.360275,11.517793,5.00e-05,75370.99,122912768,N/A,2025-06-07 18:22:10
7502,2.004154,2.360275,11.517793,5.00e-05,75503.49,122929152,N/A,2025-06-07 18:22:10
7503,1.975103,2.360275,11.517793,5.00e-05,75172.58,122945536,N/A,2025-06-07 18:22:11
7504,2.316909,2.360275,11.517793,5.00e-05,75206.86,122961920,N/A,2025-06-07 18:22:11
7505,2.153195,2.360275,11.517793,5.00e-05,75267.42,122978304,N/A,2025-06-07 18:22:11
7506,1.964452,2.360275,11.517793,5.00e-05,75280.86,122994688,N/A,2025-06-07 18:22:11
7507,2.074228,2.360275,11.517793,5.00e-05,75277.07,123011072,N/A,2025-06-07 18:22:12
7508,2.472484,2.360275,11.517793,5.00e-05,75355.72,123027456,N/A,2025-06-07 18:22:12
7509,2.526417,2.360275,11.517793,5.00e-05,77806.12,123043840,N/A,2025-06-07 18:22:12
7510,2.059558,2.360275,11.517793,5.00e-05,77340.47,123060224,1.0000,2025-06-07 18:22:12
7511,2.360213,2.360275,11.517793,5.00e-05,77339.98,123076608,N/A,2025-06-07 18:22:13
7512,2.355060,2.360275,11.517793,5.00e-05,77635.68,123092992,N/A,2025-06-07 18:22:13
7513,1.852244,2.360275,11.517793,5.00e-05,77611.20,123109376,N/A,2025-06-07 18:22:13
7514,1.918784,2.360275,11.517793,5.00e-05,76882.56,123125760,N/A,2025-06-07 18:22:13
7515,2.873041,2.360275,11.517793,5.00e-05,76936.70,123142144,N/A,2025-06-07 18:22:14
7516,1.135447,2.360275,11.517793,5.00e-05,77104.15,123158528,N/A,2025-06-07 18:22:14
7517,2.012988,2.360275,11.517793,5.00e-05,77186.92,123174912,N/A,2025-06-07 18:22:14
7518,2.362485,2.360275,11.517793,5.00e-05,77449.39,123191296,N/A,2025-06-07 18:22:14
7519,2.517161,2.360275,11.517793,5.00e-05,79148.72,123207680,N/A,2025-06-07 18:22:14
7520,2.490620,2.360275,11.517793,5.00e-05,77713.18,123224064,1.0000,2025-06-07 18:22:15
7521,2.590173,2.360275,11.517793,5.00e-05,77445.12,123240448,N/A,2025-06-07 18:22:15
7522,2.001515,2.360275,11.517793,5.00e-05,77336.22,123256832,N/A,2025-06-07 18:22:15
7523,2.323001,2.360275,11.517793,5.00e-05,78066.36,123273216,N/A,2025-06-07 18:22:15
7524,2.341000,2.360275,11.517793,5.00e-05,77992.58,123289600,N/A,2025-06-07 18:22:16
7525,2.630286,2.360275,11.517793,5.00e-05,77932.99,123305984,N/A,2025-06-07 18:22:16
7526,3.234664,2.360275,11.517793,5.00e-05,77812.44,123322368,N/A,2025-06-07 18:22:16
7527,2.187993,2.360275,11.517793,5.00e-05,77680.68,123338752,N/A,2025-06-07 18:22:16
7528,2.560448,2.360275,11.517793,5.00e-05,77853.15,123355136,N/A,2025-06-07 18:22:17
7529,2.867161,2.360275,11.517793,5.00e-05,79124.64,123371520,N/A,2025-06-07 18:22:17
7530,2.095719,2.360275,11.517793,5.00e-05,77863.87,123387904,1.0000,2025-06-07 18:22:17
7531,1.528005,2.360275,11.517793,5.00e-05,77952.42,123404288,N/A,2025-06-07 18:22:17
7532,2.749784,2.360275,11.517793,5.00e-05,77917.87,123420672,N/A,2025-06-07 18:22:17
7533,1.477124,2.360275,11.517793,5.00e-05,58421.30,123437056,N/A,2025-06-07 18:22:18
7534,1.811620,2.360275,11.517793,5.00e-05,58288.80,123453440,N/A,2025-06-07 18:22:19
7535,1.912636,2.360275,11.517793,5.00e-05,58250.59,123469824,N/A,2025-06-07 18:22:19
7536,3.493196,2.360275,11.517793,5.00e-05,58071.61,123486208,N/A,2025-06-07 18:22:19
7537,2.764305,2.360275,11.517793,5.00e-05,58002.95,123502592,N/A,2025-06-07 18:22:19
7538,2.825434,2.360275,11.517793,5.00e-05,58139.73,123518976,N/A,2025-06-07 18:22:20
7539,2.312331,2.360275,11.517793,5.00e-05,59057.26,123535360,N/A,2025-06-07 18:22:20
7540,1.873700,2.360275,11.517793,5.00e-05,58199.91,123551744,1.0000,2025-06-07 18:22:20
7541,2.350258,2.360275,11.517793,5.00e-05,58087.49,123568128,N/A,2025-06-07 18:22:20
7542,3.537223,2.360275,11.517793,5.00e-05,77358.15,123584512,N/A,2025-06-07 18:22:21
7543,1.898422,2.360275,11.517793,5.00e-05,77718.26,123600896,N/A,2025-06-07 18:22:21
7544,1.855877,2.360275,11.517793,5.00e-05,77453.85,123617280,N/A,2025-06-07 18:22:21
7545,2.506510,2.360275,11.517793,5.00e-05,77730.67,123633664,N/A,2025-06-07 18:22:21
7546,2.125210,2.360275,11.517793,5.00e-05,77468.64,123650048,N/A,2025-06-07 18:22:21
7547,1.905137,2.360275,11.517793,5.00e-05,77373.87,123666432,N/A,2025-06-07 18:22:22
7548,2.422428,2.360275,11.517793,5.00e-05,77360.60,123682816,N/A,2025-06-07 18:22:22
7549,2.119782,2.360275,11.517793,5.00e-05,78932.45,123699200,N/A,2025-06-07 18:22:22
7550,1.876024,2.360275,11.517793,5.00e-05,77829.97,123715584,1.0000,2025-06-07 18:22:22
7551,2.428230,2.360275,11.517793,5.00e-05,77788.94,123731968,N/A,2025-06-07 18:22:23
7552,2.894469,2.360275,11.517793,5.00e-05,77598.20,123748352,N/A,2025-06-07 18:22:23
7553,2.229743,2.360275,11.517793,5.00e-05,78000.43,123764736,N/A,2025-06-07 18:22:23
7554,2.141917,2.360275,11.517793,5.00e-05,78010.04,123781120,N/A,2025-06-07 18:22:23
7555,2.956568,2.360275,11.517793,5.00e-05,78323.82,123797504,N/A,2025-06-07 18:22:24
7556,2.845461,2.360275,11.517793,5.00e-05,78174.48,123813888,N/A,2025-06-07 18:22:24
7557,3.225148,2.360275,11.517793,5.00e-05,78122.98,123830272,N/A,2025-06-07 18:22:24
7558,2.189710,2.360275,11.517793,5.00e-05,78039.23,123846656,N/A,2025-06-07 18:22:24
7559,1.825731,2.360275,11.517793,5.00e-05,79298.04,123863040,N/A,2025-06-07 18:22:24
7560,2.095055,2.360275,11.517793,5.00e-05,77755.07,123879424,1.0000,2025-06-07 18:22:25
7561,3.032086,2.360275,11.517793,5.00e-05,77803.85,123895808,N/A,2025-06-07 18:22:25
7562,2.507810,2.360275,11.517793,5.00e-05,77812.31,123912192,N/A,2025-06-07 18:22:25
7563,1.634263,2.360275,11.517793,5.00e-05,77937.53,123928576,N/A,2025-06-07 18:22:25
7564,1.963713,2.360275,11.517793,5.00e-05,78120.01,123944960,N/A,2025-06-07 18:22:26
7565,2.444126,2.360275,11.517793,5.00e-05,78309.30,123961344,N/A,2025-06-07 18:22:26
7566,2.690645,2.360275,11.517793,5.00e-05,78227.33,123977728,N/A,2025-06-07 18:22:26
7567,2.114458,2.360275,11.517793,5.00e-05,78300.42,123994112,N/A,2025-06-07 18:22:26
7568,2.266622,2.360275,11.517793,5.00e-05,78272.45,124010496,N/A,2025-06-07 18:22:27
7569,2.423406,2.360275,11.517793,5.00e-05,79870.59,124026880,N/A,2025-06-07 18:22:27
7570,2.624264,2.360275,11.517793,5.00e-05,78218.61,124043264,1.0000,2025-06-07 18:22:27
7571,2.664597,2.360275,11.517793,5.00e-05,78134.57,124059648,N/A,2025-06-07 18:22:27
7572,2.340483,2.360275,11.517793,5.00e-05,78083.77,124076032,N/A,2025-06-07 18:22:28
7573,2.499741,2.360275,11.517793,5.00e-05,77933.54,124092416,N/A,2025-06-07 18:22:28
7574,2.219842,2.360275,11.517793,5.00e-05,78013.52,124108800,N/A,2025-06-07 18:22:28
7575,2.163843,2.360275,11.517793,5.00e-05,78187.58,124125184,N/A,2025-06-07 18:22:28
7576,2.539668,2.360275,11.517793,5.00e-05,78057.05,124141568,N/A,2025-06-07 18:22:28
7577,2.235101,2.360275,11.517793,5.00e-05,78348.12,124157952,N/A,2025-06-07 18:22:29
7578,2.923537,2.360275,11.517793,5.00e-05,78255.75,124174336,N/A,2025-06-07 18:22:29
7579,2.555545,2.360275,11.517793,5.00e-05,79643.19,124190720,N/A,2025-06-07 18:22:29
7580,2.782704,2.360275,11.517793,5.00e-05,78065.29,124207104,1.0000,2025-06-07 18:22:29
7581,1.872538,2.360275,11.517793,5.00e-05,77977.31,124223488,N/A,2025-06-07 18:22:30
7582,1.829047,2.360275,11.517793,5.00e-05,77851.73,124239872,N/A,2025-06-07 18:22:30
7583,2.531945,2.360275,11.517793,5.00e-05,77758.15,124256256,N/A,2025-06-07 18:22:30
7584,2.303850,2.360275,11.517793,5.00e-05,77516.62,124272640,N/A,2025-06-07 18:22:30
7585,1.456225,2.360275,11.517793,5.00e-05,76499.19,124289024,N/A,2025-06-07 18:22:31
7586,1.482118,2.360275,11.517793,5.00e-05,76258.89,124305408,N/A,2025-06-07 18:22:31
7587,2.403000,2.360275,11.517793,5.00e-05,76141.34,124321792,N/A,2025-06-07 18:22:31
7588,2.265587,2.360275,11.517793,5.00e-05,76342.36,124338176,N/A,2025-06-07 18:22:31
7589,1.833848,2.360275,11.517793,5.00e-05,77761.94,124354560,N/A,2025-06-07 18:22:32
7590,1.624793,2.360275,11.517793,5.00e-05,75947.57,124370944,1.0000,2025-06-07 18:22:32
7591,2.389879,2.360275,11.517793,5.00e-05,76067.41,124387328,N/A,2025-06-07 18:22:32
7592,2.480068,2.360275,11.517793,5.00e-05,76060.17,124403712,N/A,2025-06-07 18:22:32
7593,1.342821,2.360275,11.517793,5.00e-05,76125.62,124420096,N/A,2025-06-07 18:22:32
7594,2.672062,2.360275,11.517793,5.00e-05,77277.87,124436480,N/A,2025-06-07 18:22:33
7595,2.069625,2.360275,11.517793,5.00e-05,77361.20,124452864,N/A,2025-06-07 18:22:33
7596,1.858225,2.360275,11.517793,5.00e-05,77462.73,124469248,N/A,2025-06-07 18:22:33
7597,3.444406,2.360275,11.517793,5.00e-05,77473.95,124485632,N/A,2025-06-07 18:22:33
7598,2.027597,2.360275,11.517793,5.00e-05,77535.75,124502016,N/A,2025-06-07 18:22:34
7599,1.963804,2.360275,11.517793,5.00e-05,79451.59,124518400,N/A,2025-06-07 18:22:34
7600,2.029675,2.360275,11.517793,5.00e-05,77425.76,124534784,1.0000,2025-06-07 18:22:34
7601,2.582527,2.360275,11.517793,5.00e-05,76142.15,124551168,N/A,2025-06-07 18:22:34
7602,1.562388,2.360275,11.517793,5.00e-05,76206.57,124567552,N/A,2025-06-07 18:22:35
7603,2.320783,2.360275,11.517793,5.00e-05,75856.59,124583936,N/A,2025-06-07 18:22:35
7604,1.720152,2.360275,11.517793,5.00e-05,75853.26,124600320,N/A,2025-06-07 18:22:35
7605,2.307266,2.360275,11.517793,5.00e-05,75969.24,124616704,N/A,2025-06-07 18:22:35
7606,2.441868,2.360275,11.517793,5.00e-05,76013.69,124633088,N/A,2025-06-07 18:22:36
7607,1.791467,2.360275,11.517793,5.00e-05,75879.39,124649472,N/A,2025-06-07 18:22:36
7608,2.504950,2.360275,11.517793,5.00e-05,75584.70,124665856,N/A,2025-06-07 18:22:36
7609,1.694299,2.360275,11.517793,5.00e-05,77418.40,124682240,N/A,2025-06-07 18:22:36
7610,1.230786,2.360275,11.517793,5.00e-05,77319.85,124698624,0.9564,2025-06-07 18:22:37
7611,2.160159,2.360275,11.517793,5.00e-05,77112.34,124715008,N/A,2025-06-07 18:22:37
7612,3.036872,2.360275,11.517793,5.00e-05,77447.93,124731392,N/A,2025-06-07 18:22:37
7613,2.520860,2.360275,11.517793,5.00e-05,77326.93,124747776,N/A,2025-06-07 18:22:37
7614,1.903082,2.360275,11.517793,5.00e-05,77366.49,124764160,N/A,2025-06-07 18:22:37
7615,2.772000,2.360275,11.517793,5.00e-05,77154.94,124780544,N/A,2025-06-07 18:22:38
7616,3.193889,2.360275,11.517793,5.00e-05,77428.92,124796928,N/A,2025-06-07 18:22:38
7617,3.591524,2.360275,11.517793,5.00e-05,76777.36,124813312,N/A,2025-06-07 18:22:38
7618,2.909206,2.360275,11.517793,5.00e-05,76759.06,124829696,N/A,2025-06-07 18:22:38
7619,2.624900,2.360275,11.517793,5.00e-05,78114.50,124846080,N/A,2025-06-07 18:22:39
7620,1.738394,2.360275,11.517793,5.00e-05,76746.84,124862464,1.0000,2025-06-07 18:22:39
7621,3.367677,2.360275,11.517793,5.00e-05,76317.29,124878848,N/A,2025-06-07 18:22:39
7622,2.227081,2.360275,11.517793,5.00e-05,76530.99,124895232,N/A,2025-06-07 18:22:39
7623,1.605860,2.360275,11.517793,5.00e-05,76467.04,124911616,N/A,2025-06-07 18:22:40
7624,2.140492,2.360275,11.517793,5.00e-05,76702.23,124928000,N/A,2025-06-07 18:22:40
7625,2.041967,2.360275,11.517793,5.00e-05,76454.90,124944384,N/A,2025-06-07 18:22:40
7626,2.501472,2.360275,11.517793,5.00e-05,77499.58,124960768,N/A,2025-06-07 18:22:40
7627,2.931367,2.360275,11.517793,5.00e-05,77503.46,124977152,N/A,2025-06-07 18:22:40
7628,2.482811,2.360275,11.517793,5.00e-05,77532.88,124993536,N/A,2025-06-07 18:22:41
7629,1.402386,2.360275,11.517793,5.00e-05,79153.58,125009920,N/A,2025-06-07 18:22:41
7630,2.530375,2.360275,11.517793,5.00e-05,77737.12,125026304,1.0000,2025-06-07 18:22:41
7631,2.300417,2.360275,11.517793,5.00e-05,77759.96,125042688,N/A,2025-06-07 18:22:41
7632,2.449590,2.360275,11.517793,5.00e-05,77484.31,125059072,N/A,2025-06-07 18:22:42
7633,2.006465,2.360275,11.517793,5.00e-05,77198.16,125075456,N/A,2025-06-07 18:22:42
7634,2.926292,2.360275,11.517793,5.00e-05,76258.68,125091840,N/A,2025-06-07 18:22:42
7635,2.812359,2.360275,11.517793,5.00e-05,76195.12,125108224,N/A,2025-06-07 18:22:42
7636,1.979461,2.360275,11.517793,5.00e-05,76314.90,125124608,N/A,2025-06-07 18:22:43
7637,2.574800,2.360275,11.517793,5.00e-05,75766.93,125140992,N/A,2025-06-07 18:22:43
7638,2.375965,2.360275,11.517793,5.00e-05,75745.38,125157376,N/A,2025-06-07 18:22:43
7639,2.223214,2.360275,11.517793,5.00e-05,77374.15,125173760,N/A,2025-06-07 18:22:43
7640,2.413903,2.360275,11.517793,5.00e-05,75810.19,125190144,1.0000,2025-06-07 18:22:44
7641,2.273984,2.360275,11.517793,5.00e-05,75925.09,125206528,N/A,2025-06-07 18:22:44
7642,3.098696,2.360275,11.517793,5.00e-05,76062.87,125222912,N/A,2025-06-07 18:22:44
7643,2.256726,2.360275,11.517793,5.00e-05,77011.74,125239296,N/A,2025-06-07 18:22:44
7644,3.158235,2.360275,11.517793,5.00e-05,76848.00,125255680,N/A,2025-06-07 18:22:45
7645,3.201741,2.360275,11.517793,5.00e-05,77187.64,125272064,N/A,2025-06-07 18:22:45
7646,1.780262,2.360275,11.517793,5.00e-05,77724.24,125288448,N/A,2025-06-07 18:22:45
7647,3.196422,2.360275,11.517793,5.00e-05,77774.52,125304832,N/A,2025-06-07 18:22:45
7648,3.034130,2.360275,11.517793,5.00e-05,77637.03,125321216,N/A,2025-06-07 18:22:45
7649,3.417888,2.360275,11.517793,5.00e-05,79059.48,125337600,N/A,2025-06-07 18:22:46
7650,2.861940,2.360275,11.517793,5.00e-05,77837.06,125353984,1.0000,2025-06-07 18:22:46
7651,2.505350,2.360275,11.517793,5.00e-05,77951.88,125370368,N/A,2025-06-07 18:22:46
7652,2.563893,2.360275,11.517793,5.00e-05,78279.73,125386752,N/A,2025-06-07 18:22:46
7653,1.937962,2.360275,11.517793,5.00e-05,78343.26,125403136,N/A,2025-06-07 18:22:47
7654,3.328255,2.360275,11.517793,5.00e-05,78016.60,125419520,N/A,2025-06-07 18:22:47
7655,2.427042,2.360275,11.517793,5.00e-05,77920.64,125435904,N/A,2025-06-07 18:22:47
7656,2.464769,2.360275,11.517793,5.00e-05,77869.10,125452288,N/A,2025-06-07 18:22:47
7657,2.705487,2.360275,11.517793,5.00e-05,78016.90,125468672,N/A,2025-06-07 18:22:48
7658,2.200028,2.360275,11.517793,5.00e-05,78206.37,125485056,N/A,2025-06-07 18:22:48
7659,2.230344,2.360275,11.517793,5.00e-05,79630.82,125501440,N/A,2025-06-07 18:22:48
7660,2.108426,2.360275,11.517793,5.00e-05,77749.88,125517824,1.0000,2025-06-07 18:22:48
7661,2.567575,2.360275,11.517793,5.00e-05,77558.75,125534208,N/A,2025-06-07 18:22:49
7662,2.292366,2.360275,11.517793,5.00e-05,77749.19,125550592,N/A,2025-06-07 18:22:49
7663,2.369173,2.360275,11.517793,5.00e-05,77755.03,125566976,N/A,2025-06-07 18:22:49
7664,2.595309,2.360275,11.517793,5.00e-05,77776.42,125583360,N/A,2025-06-07 18:22:49
7665,1.601212,2.360275,11.517793,5.00e-05,77709.48,125599744,N/A,2025-06-07 18:22:49
7666,3.061684,2.360275,11.517793,5.00e-05,77795.06,125616128,N/A,2025-06-07 18:22:50
7667,2.559540,2.360275,11.517793,5.00e-05,77896.23,125632512,N/A,2025-06-07 18:22:50
7668,2.546639,2.360275,11.517793,5.00e-05,77941.41,125648896,N/A,2025-06-07 18:22:50
7669,2.766121,2.360275,11.517793,5.00e-05,79906.01,125665280,N/A,2025-06-07 18:22:50
7670,2.301386,2.360275,11.517793,5.00e-05,78490.87,125681664,1.0000,2025-06-07 18:22:51
7671,2.530977,2.360275,11.517793,5.00e-05,78228.34,125698048,N/A,2025-06-07 18:22:51
7672,2.120960,2.360275,11.517793,5.00e-05,77947.30,125714432,N/A,2025-06-07 18:22:51
7673,2.468617,2.360275,11.517793,5.00e-05,78055.17,125730816,N/A,2025-06-07 18:22:51
7674,2.934987,2.360275,11.517793,5.00e-05,78047.18,125747200,N/A,2025-06-07 18:22:52
7675,2.025009,2.360275,11.517793,5.00e-05,77855.52,125763584,N/A,2025-06-07 18:22:52
7676,2.578532,2.360275,11.517793,5.00e-05,77754.86,125779968,N/A,2025-06-07 18:22:52
7677,2.301416,2.360275,11.517793,5.00e-05,77515.83,125796352,N/A,2025-06-07 18:22:52
7678,2.727174,2.360275,11.517793,5.00e-05,77125.70,125812736,N/A,2025-06-07 18:22:52
7679,1.975324,2.360275,11.517793,5.00e-05,78575.73,125829120,N/A,2025-06-07 18:22:53
7680,2.485750,2.360275,11.517793,5.00e-05,76556.19,125845504,1.0000,2025-06-07 18:22:53
7681,1.730581,2.360275,11.517793,5.00e-05,76694.20,125861888,N/A,2025-06-07 18:22:53
7682,3.170750,2.360275,11.517793,5.00e-05,76636.15,125878272,N/A,2025-06-07 18:22:53
7683,2.845420,2.360275,11.517793,5.00e-05,76744.16,125894656,N/A,2025-06-07 18:22:54
7684,2.367033,2.360275,11.517793,5.00e-05,76923.77,125911040,N/A,2025-06-07 18:22:54
7685,1.700650,2.360275,11.517793,5.00e-05,76974.27,125927424,N/A,2025-06-07 18:22:54
7686,2.757138,2.360275,11.517793,5.00e-05,77105.05,125943808,N/A,2025-06-07 18:22:54
7687,2.876836,2.360275,11.517793,5.00e-05,77358.36,125960192,N/A,2025-06-07 18:22:55
7688,2.131434,2.360275,11.517793,5.00e-05,77363.99,125976576,N/A,2025-06-07 18:22:55
7689,2.259269,2.360275,11.517793,5.00e-05,79451.04,125992960,N/A,2025-06-07 18:22:55
7690,2.430597,2.360275,11.517793,5.00e-05,78145.46,126009344,1.0000,2025-06-07 18:22:55
7691,2.867011,2.360275,11.517793,5.00e-05,78294.89,126025728,N/A,2025-06-07 18:22:56
7692,1.890066,2.360275,11.517793,5.00e-05,78236.49,126042112,N/A,2025-06-07 18:22:56
7693,1.264077,2.360275,11.517793,5.00e-05,78249.64,126058496,N/A,2025-06-07 18:22:56
7694,3.112933,2.360275,11.517793,5.00e-05,78232.51,126074880,N/A,2025-06-07 18:22:56
7695,1.863383,2.360275,11.517793,5.00e-05,78320.34,126091264,N/A,2025-06-07 18:22:56
7696,2.941451,2.360275,11.517793,5.00e-05,78392.15,126107648,N/A,2025-06-07 18:22:57
7697,2.317070,2.360275,11.517793,5.00e-05,78265.41,126124032,N/A,2025-06-07 18:22:57
7698,2.180675,2.360275,11.517793,5.00e-05,78518.10,126140416,N/A,2025-06-07 18:22:57
7699,2.397214,2.360275,11.517793,5.00e-05,79699.62,126156800,N/A,2025-06-07 18:22:57
7700,2.203435,2.360275,11.517793,5.00e-05,76966.57,126173184,1.0000,2025-06-07 18:22:58
7701,2.115895,2.360275,11.517793,5.00e-05,75536.65,126189568,N/A,2025-06-07 18:22:58
7702,2.307854,2.360275,11.517793,5.00e-05,75502.80,126205952,N/A,2025-06-07 18:22:58
7703,2.101397,2.360275,11.517793,5.00e-05,75350.23,126222336,N/A,2025-06-07 18:22:58
7704,2.946024,2.360275,11.517793,5.00e-05,75330.64,126238720,N/A,2025-06-07 18:22:59
7705,2.484614,2.360275,11.517793,5.00e-05,75397.73,126255104,N/A,2025-06-07 18:22:59
7706,1.366180,2.360275,11.517793,5.00e-05,75487.36,126271488,N/A,2025-06-07 18:22:59
7707,1.541370,2.360275,11.517793,5.00e-05,75335.04,126287872,N/A,2025-06-07 18:22:59
7708,2.360458,2.360275,11.517793,5.00e-05,75519.06,126304256,N/A,2025-06-07 18:23:00
7709,1.916139,2.360275,11.517793,5.00e-05,78010.36,126320640,N/A,2025-06-07 18:23:00
7710,2.439862,2.360275,11.517793,5.00e-05,78124.18,126337024,1.0000,2025-06-07 18:23:00
7711,3.650822,2.360275,11.517793,5.00e-05,78076.10,126353408,N/A,2025-06-07 18:23:00
7712,2.738474,2.360275,11.517793,5.00e-05,78171.95,126369792,N/A,2025-06-07 18:23:00
7713,2.623849,2.360275,11.517793,5.00e-05,78157.82,126386176,N/A,2025-06-07 18:23:01
7714,2.419114,2.360275,11.517793,5.00e-05,77908.27,126402560,N/A,2025-06-07 18:23:01
7715,1.842179,2.360275,11.517793,5.00e-05,77943.22,126418944,N/A,2025-06-07 18:23:01
7716,2.855100,2.360275,11.517793,5.00e-05,77951.51,126435328,N/A,2025-06-07 18:23:01
7717,1.967581,2.360275,11.517793,5.00e-05,78047.71,126451712,N/A,2025-06-07 18:23:02
7718,2.593421,2.360275,11.517793,5.00e-05,78132.36,126468096,N/A,2025-06-07 18:23:02
7719,2.244160,2.360275,11.517793,5.00e-05,79427.20,126484480,N/A,2025-06-07 18:23:02
7720,2.248490,2.360275,11.517793,5.00e-05,77766.74,126500864,1.0000,2025-06-07 18:23:02
7721,2.540127,2.360275,11.517793,5.00e-05,77595.19,126517248,N/A,2025-06-07 18:23:03
7722,3.111129,2.360275,11.517793,5.00e-05,77457.89,126533632,N/A,2025-06-07 18:23:03
7723,1.569307,2.360275,11.517793,5.00e-05,77699.75,126550016,N/A,2025-06-07 18:23:03
7724,2.656083,2.360275,11.517793,5.00e-05,77251.08,126566400,N/A,2025-06-07 18:23:03
7725,2.478803,2.360275,11.517793,5.00e-05,77245.38,126582784,N/A,2025-06-07 18:23:04
7726,2.092436,2.360275,11.517793,5.00e-05,77265.50,126599168,N/A,2025-06-07 18:23:04
7727,2.546180,2.360275,11.517793,5.00e-05,77161.51,126615552,N/A,2025-06-07 18:23:04
7728,3.103047,2.360275,11.517793,5.00e-05,77334.91,126631936,N/A,2025-06-07 18:23:04
7729,1.883162,2.360275,11.517793,5.00e-05,79121.79,126648320,N/A,2025-06-07 18:23:04
7730,2.257986,2.360275,11.517793,5.00e-05,77894.54,126664704,1.0000,2025-06-07 18:23:05
7731,2.120492,2.360275,11.517793,5.00e-05,77974.24,126681088,N/A,2025-06-07 18:23:05
7732,2.390148,2.360275,11.517793,5.00e-05,77916.42,126697472,N/A,2025-06-07 18:23:05
7733,2.502692,2.360275,11.517793,5.00e-05,78391.18,126713856,N/A,2025-06-07 18:23:05
7734,2.858549,2.360275,11.517793,5.00e-05,78290.58,126730240,N/A,2025-06-07 18:23:06
7735,2.157557,2.360275,11.517793,5.00e-05,77216.18,126746624,N/A,2025-06-07 18:23:06
7736,3.229200,2.360275,11.517793,5.00e-05,77305.36,126763008,N/A,2025-06-07 18:23:06
7737,2.842772,2.360275,11.517793,5.00e-05,77315.29,126779392,N/A,2025-06-07 18:23:06
7738,2.628572,2.360275,11.517793,5.00e-05,77242.47,126795776,N/A,2025-06-07 18:23:07
7739,2.491201,2.360275,11.517793,5.00e-05,78264.74,126812160,N/A,2025-06-07 18:23:07
7740,1.279775,2.360275,11.517793,5.00e-05,77004.02,126828544,1.0000,2025-06-07 18:23:07
7741,2.136181,2.360275,11.517793,5.00e-05,76779.33,126844928,N/A,2025-06-07 18:23:07
7742,1.694808,2.360275,11.517793,5.00e-05,76394.05,126861312,N/A,2025-06-07 18:23:08
7743,2.540020,2.360275,11.517793,5.00e-05,76559.05,126877696,N/A,2025-06-07 18:23:08
7744,2.479754,2.360275,11.517793,5.00e-05,76647.06,126894080,N/A,2025-06-07 18:23:08
7745,2.591997,2.360275,11.517793,5.00e-05,76543.30,126910464,N/A,2025-06-07 18:23:08
7746,2.112839,2.360275,11.517793,5.00e-05,76581.87,126926848,N/A,2025-06-07 18:23:08
7747,2.837960,2.360275,11.517793,5.00e-05,76458.24,126943232,N/A,2025-06-07 18:23:09
7748,1.237764,2.360275,11.517793,5.00e-05,76010.95,126959616,N/A,2025-06-07 18:23:09
7749,2.362298,2.360275,11.517793,5.00e-05,77014.10,126976000,N/A,2025-06-07 18:23:09
7750,2.902143,2.360275,11.517793,5.00e-05,75192.51,126992384,1.0000,2025-06-07 18:23:09
7751,2.502716,2.360275,11.517793,5.00e-05,75541.33,127008768,N/A,2025-06-07 18:23:10
7752,2.500581,2.360275,11.517793,5.00e-05,75555.41,127025152,N/A,2025-06-07 18:23:10
7753,2.759725,2.360275,11.517793,5.00e-05,76297.90,127041536,N/A,2025-06-07 18:23:10
7754,2.284632,2.360275,11.517793,5.00e-05,76460.57,127057920,N/A,2025-06-07 18:23:10
7755,2.932674,2.360275,11.517793,5.00e-05,75373.33,127074304,N/A,2025-06-07 18:23:11
7756,1.709144,2.360275,11.517793,5.00e-05,75757.97,127090688,N/A,2025-06-07 18:23:11
7757,1.949206,2.360275,11.517793,5.00e-05,76424.58,127107072,N/A,2025-06-07 18:23:11
7758,2.845993,2.360275,11.517793,5.00e-05,76692.54,127123456,N/A,2025-06-07 18:23:11
7759,2.704955,2.360275,11.517793,5.00e-05,78707.93,127139840,N/A,2025-06-07 18:23:12
7760,2.487288,2.360275,11.517793,5.00e-05,76851.59,127156224,1.0000,2025-06-07 18:23:12
7761,2.022990,2.360275,11.517793,5.00e-05,76962.81,127172608,N/A,2025-06-07 18:23:12
7762,2.008601,2.360275,11.517793,5.00e-05,76744.47,127188992,N/A,2025-06-07 18:23:12
7763,2.474895,2.360275,11.517793,5.00e-05,76812.90,127205376,N/A,2025-06-07 18:23:13
7764,2.986060,2.360275,11.517793,5.00e-05,77766.40,127221760,N/A,2025-06-07 18:23:13
7765,3.113819,2.360275,11.517793,5.00e-05,77518.21,127238144,N/A,2025-06-07 18:23:13
7766,2.045577,2.360275,11.517793,5.00e-05,77576.54,127254528,N/A,2025-06-07 18:23:13
7767,2.077394,2.360275,11.517793,5.00e-05,77478.04,127270912,N/A,2025-06-07 18:23:13
7768,2.734026,2.360275,11.517793,5.00e-05,77567.63,127287296,N/A,2025-06-07 18:23:14
7769,2.642265,2.360275,11.517793,5.00e-05,79287.89,127303680,N/A,2025-06-07 18:23:14
7770,1.760869,2.360275,11.517793,5.00e-05,77673.47,127320064,1.0000,2025-06-07 18:23:14
7771,1.579051,2.360275,11.517793,5.00e-05,78089.29,127336448,N/A,2025-06-07 18:23:14
7772,2.426964,2.360275,11.517793,5.00e-05,77939.25,127352832,N/A,2025-06-07 18:23:15
7773,2.398115,2.360275,11.517793,5.00e-05,77955.30,127369216,N/A,2025-06-07 18:23:15
7774,2.897756,2.360275,11.517793,5.00e-05,77851.58,127385600,N/A,2025-06-07 18:23:15
7775,1.911145,2.360275,11.517793,5.00e-05,77961.80,127401984,N/A,2025-06-07 18:23:15
7776,1.624206,2.360275,11.517793,5.00e-05,78052.05,127418368,N/A,2025-06-07 18:23:16
7777,1.843377,2.360275,11.517793,5.00e-05,78072.88,127434752,N/A,2025-06-07 18:23:16
7778,2.510324,2.360275,11.517793,5.00e-05,78233.58,127451136,N/A,2025-06-07 18:23:16
7779,2.211109,2.360275,11.517793,5.00e-05,79402.83,127467520,N/A,2025-06-07 18:23:16
7780,2.652317,2.360275,11.517793,5.00e-05,77938.35,127483904,1.0000,2025-06-07 18:23:16
7781,2.125787,2.360275,11.517793,5.00e-05,77990.31,127500288,N/A,2025-06-07 18:23:17
7782,2.599768,2.360275,11.517793,5.00e-05,77970.92,127516672,N/A,2025-06-07 18:23:17
7783,3.146068,2.360275,11.517793,5.00e-05,78096.67,127533056,N/A,2025-06-07 18:23:17
7784,2.490417,2.360275,11.517793,5.00e-05,77847.84,127549440,N/A,2025-06-07 18:23:17
7785,2.157766,2.360275,11.517793,5.00e-05,77558.69,127565824,N/A,2025-06-07 18:23:18
7786,1.906601,2.360275,11.517793,5.00e-05,77291.53,127582208,N/A,2025-06-07 18:23:18
7787,2.588306,2.360275,11.517793,5.00e-05,77223.11,127598592,N/A,2025-06-07 18:23:18
7788,2.658226,2.360275,11.517793,5.00e-05,77365.23,127614976,N/A,2025-06-07 18:23:18
7789,2.533387,2.360275,11.517793,5.00e-05,78521.17,127631360,N/A,2025-06-07 18:23:19
7790,3.281818,2.360275,11.517793,5.00e-05,76851.02,127647744,1.0000,2025-06-07 18:23:19
7791,2.480498,2.360275,11.517793,5.00e-05,76763.78,127664128,N/A,2025-06-07 18:23:19
7792,2.680176,2.360275,11.517793,5.00e-05,76615.36,127680512,N/A,2025-06-07 18:23:19
7793,2.567798,2.360275,11.517793,5.00e-05,76696.55,127696896,N/A,2025-06-07 18:23:20
7794,3.179743,2.360275,11.517793,5.00e-05,76999.30,127713280,N/A,2025-06-07 18:23:20
7795,2.462417,2.360275,11.517793,5.00e-05,77173.09,127729664,N/A,2025-06-07 18:23:20
7796,2.174939,2.360275,11.517793,5.00e-05,77195.81,127746048,N/A,2025-06-07 18:23:20
7797,1.911194,2.360275,11.517793,5.00e-05,77303.75,127762432,N/A,2025-06-07 18:23:20
7798,2.002461,2.360275,11.517793,5.00e-05,77305.83,127778816,N/A,2025-06-07 18:23:21
7799,2.920399,2.360275,11.517793,5.00e-05,78821.46,127795200,N/A,2025-06-07 18:23:21
7800,2.160657,2.360275,11.517793,5.00e-05,77323.30,127811584,1.0000,2025-06-07 18:23:21
7801,1.743612,2.360275,11.517793,5.00e-05,76357.10,127827968,N/A,2025-06-07 18:23:21
7802,1.956535,2.360275,11.517793,5.00e-05,76162.82,127844352,N/A,2025-06-07 18:23:22
7803,1.974681,2.360275,11.517793,5.00e-05,76048.61,127860736,N/A,2025-06-07 18:23:22
7804,2.247407,2.360275,11.517793,5.00e-05,76088.95,127877120,N/A,2025-06-07 18:23:22
7805,2.760448,2.360275,11.517793,5.00e-05,75995.19,127893504,N/A,2025-06-07 18:23:22
7806,1.575281,2.360275,11.517793,5.00e-05,75977.76,127909888,N/A,2025-06-07 18:23:23
7807,1.798593,2.360275,11.517793,5.00e-05,75492.89,127926272,N/A,2025-06-07 18:23:23
7808,1.766755,2.360275,11.517793,5.00e-05,75722.21,127942656,N/A,2025-06-07 18:23:23
7809,2.129229,2.360275,11.517793,5.00e-05,77388.55,127959040,N/A,2025-06-07 18:23:23
7810,2.405612,2.360275,11.517793,5.00e-05,76951.20,127975424,1.0000,2025-06-07 18:23:24
7811,1.682757,2.360275,11.517793,5.00e-05,76559.28,127991808,N/A,2025-06-07 18:23:24
7812,1.566843,2.360275,11.517793,5.00e-05,76640.79,128008192,N/A,2025-06-07 18:23:24
7813,2.860366,2.360275,11.517793,5.00e-05,76613.32,128024576,N/A,2025-06-07 18:23:24
7814,2.966474,2.360275,11.517793,5.00e-05,76712.03,128040960,N/A,2025-06-07 18:23:25
7815,1.832266,2.360275,11.517793,5.00e-05,77008.82,128057344,N/A,2025-06-07 18:23:25
7816,2.333997,2.360275,11.517793,5.00e-05,77857.10,128073728,N/A,2025-06-07 18:23:25
7817,2.475666,2.360275,11.517793,5.00e-05,77786.33,128090112,N/A,2025-06-07 18:23:25
7818,2.442360,2.360275,11.517793,5.00e-05,77637.21,128106496,N/A,2025-06-07 18:23:25
7819,2.285777,2.360275,11.517793,5.00e-05,79167.52,128122880,N/A,2025-06-07 18:23:26
7820,2.677756,2.360275,11.517793,5.00e-05,78402.83,128139264,1.0000,2025-06-07 18:23:26
7821,2.505762,2.360275,11.517793,5.00e-05,78397.50,128155648,N/A,2025-06-07 18:23:26
7822,1.693192,2.360275,11.517793,5.00e-05,78538.38,128172032,N/A,2025-06-07 18:23:26
7823,2.882775,2.360275,11.517793,5.00e-05,78649.32,128188416,N/A,2025-06-07 18:23:27
7824,2.518318,2.360275,11.517793,5.00e-05,78397.71,128204800,N/A,2025-06-07 18:23:27
7825,3.206275,2.360275,11.517793,5.00e-05,78316.71,128221184,N/A,2025-06-07 18:23:27
7826,2.330868,2.360275,11.517793,5.00e-05,78192.84,128237568,N/A,2025-06-07 18:23:27
7827,1.724358,2.360275,11.517793,5.00e-05,78341.93,128253952,N/A,2025-06-07 18:23:28
7828,1.696144,2.360275,11.517793,5.00e-05,78241.83,128270336,N/A,2025-06-07 18:23:28
7829,2.062325,2.360275,11.517793,5.00e-05,79659.16,128286720,N/A,2025-06-07 18:23:28
7830,1.758911,2.360275,11.517793,5.00e-05,78038.25,128303104,1.0000,2025-06-07 18:23:28
7831,3.095371,2.360275,11.517793,5.00e-05,77903.96,128319488,N/A,2025-06-07 18:23:28
7832,1.865478,2.360275,11.517793,5.00e-05,77807.19,128335872,N/A,2025-06-07 18:23:29
7833,1.733693,2.360275,11.517793,5.00e-05,77808.12,128352256,N/A,2025-06-07 18:23:29
7834,1.796975,2.360275,11.517793,5.00e-05,77376.17,128368640,N/A,2025-06-07 18:23:29
7835,2.379853,2.360275,11.517793,5.00e-05,77493.28,128385024,N/A,2025-06-07 18:23:29
7836,2.255366,2.360275,11.517793,5.00e-05,77299.13,128401408,N/A,2025-06-07 18:23:30
7837,3.060931,2.360275,11.517793,5.00e-05,77565.13,128417792,N/A,2025-06-07 18:23:30
7838,2.272474,2.360275,11.517793,5.00e-05,77617.23,128434176,N/A,2025-06-07 18:23:30
7839,2.312512,2.360275,11.517793,5.00e-05,79101.56,128450560,N/A,2025-06-07 18:23:30
7840,2.251255,2.360275,11.517793,5.00e-05,77443.06,128466944,1.0000,2025-06-07 18:23:31
7841,1.790549,2.360275,11.517793,5.00e-05,77365.12,128483328,N/A,2025-06-07 18:23:31
7842,2.380792,2.360275,11.517793,5.00e-05,77302.69,128499712,N/A,2025-06-07 18:23:31
7843,2.396894,2.360275,11.517793,5.00e-05,77801.54,128516096,N/A,2025-06-07 18:23:31
7844,1.456316,2.360275,11.517793,5.00e-05,77844.56,128532480,N/A,2025-06-07 18:23:32
7845,2.634853,2.360275,11.517793,5.00e-05,77832.56,128548864,N/A,2025-06-07 18:23:32
7846,2.930919,2.360275,11.517793,5.00e-05,77852.18,128565248,N/A,2025-06-07 18:23:32
7847,2.893543,2.360275,11.517793,5.00e-05,78029.88,128581632,N/A,2025-06-07 18:23:32
7848,2.208329,2.360275,11.517793,5.00e-05,78031.97,128598016,N/A,2025-06-07 18:23:32
7849,3.068656,2.360275,11.517793,5.00e-05,79705.33,128614400,N/A,2025-06-07 18:23:33
7850,2.319565,2.360275,11.517793,5.00e-05,78356.24,128630784,1.0000,2025-06-07 18:23:33
7851,2.633464,2.360275,11.517793,5.00e-05,78417.24,128647168,N/A,2025-06-07 18:23:33
7852,2.228087,2.360275,11.517793,5.00e-05,78267.23,128663552,N/A,2025-06-07 18:23:33
7853,1.815897,2.360275,11.517793,5.00e-05,78231.11,128679936,N/A,2025-06-07 18:23:34
7854,2.324772,2.360275,11.517793,5.00e-05,78486.06,128696320,N/A,2025-06-07 18:23:34
7855,2.497444,2.360275,11.517793,5.00e-05,78368.76,128712704,N/A,2025-06-07 18:23:34
7856,3.132500,2.360275,11.517793,5.00e-05,78215.24,128729088,N/A,2025-06-07 18:23:34
7857,3.113887,2.360275,11.517793,5.00e-05,78206.07,128745472,N/A,2025-06-07 18:23:35
7858,1.582485,2.360275,11.517793,5.00e-05,78337.48,128761856,N/A,2025-06-07 18:23:35
7859,2.342800,2.360275,11.517793,5.00e-05,79587.09,128778240,N/A,2025-06-07 18:23:35
7860,2.456167,2.360275,11.517793,5.00e-05,77976.35,128794624,1.0000,2025-06-07 18:23:35
7861,2.617947,2.360275,11.517793,5.00e-05,77932.39,128811008,N/A,2025-06-07 18:23:35
7862,2.575138,2.360275,11.517793,5.00e-05,77791.54,128827392,N/A,2025-06-07 18:23:36
7863,2.220115,2.360275,11.517793,5.00e-05,77600.01,128843776,N/A,2025-06-07 18:23:36
7864,1.903356,2.360275,11.517793,5.00e-05,77451.79,128860160,N/A,2025-06-07 18:23:36
7865,2.984337,2.360275,11.517793,5.00e-05,77532.23,128876544,N/A,2025-06-07 18:23:36
7866,2.127817,2.360275,11.517793,5.00e-05,77687.94,128892928,N/A,2025-06-07 18:23:37
7867,3.145951,2.360275,11.517793,5.00e-05,77647.52,128909312,N/A,2025-06-07 18:23:37
7868,2.105265,2.360275,11.517793,5.00e-05,77906.15,128925696,N/A,2025-06-07 18:23:37
7869,1.968892,2.360275,11.517793,5.00e-05,80131.86,128942080,N/A,2025-06-07 18:23:37
7870,2.116570,2.360275,11.517793,5.00e-05,79109.61,128958464,0.9877,2025-06-07 18:23:38
7871,2.200217,2.360275,11.517793,5.00e-05,79018.34,128974848,N/A,2025-06-07 18:23:38
7872,2.320961,2.360275,11.517793,5.00e-05,79036.63,128991232,N/A,2025-06-07 18:23:38
7873,2.169255,2.360275,11.517793,5.00e-05,79043.58,129007616,N/A,2025-06-07 18:23:38
7874,1.537432,2.360275,11.517793,5.00e-05,78350.21,129024000,N/A,2025-06-07 18:23:38
7875,2.833225,2.360275,11.517793,5.00e-05,78317.69,129040384,N/A,2025-06-07 18:23:39
7876,3.173407,2.360275,11.517793,5.00e-05,78296.25,129056768,N/A,2025-06-07 18:23:39
7877,2.717205,2.360275,11.517793,5.00e-05,78101.74,129073152,N/A,2025-06-07 18:23:39
7878,1.942517,2.360275,11.517793,5.00e-05,77443.14,129089536,N/A,2025-06-07 18:23:39
7879,2.342662,2.360275,11.517793,5.00e-05,78430.92,129105920,N/A,2025-06-07 18:23:40
7880,2.849910,2.360275,11.517793,5.00e-05,76140.43,129122304,1.0000,2025-06-07 18:23:40
7881,1.735693,2.360275,11.517793,5.00e-05,76111.76,129138688,N/A,2025-06-07 18:23:40
7882,2.220820,2.360275,11.517793,5.00e-05,76141.47,129155072,N/A,2025-06-07 18:23:40
7883,3.107163,2.360275,11.517793,5.00e-05,76667.40,129171456,N/A,2025-06-07 18:23:41
7884,1.571274,2.360275,11.517793,5.00e-05,76699.88,129187840,N/A,2025-06-07 18:23:41
7885,2.007473,2.360275,11.517793,5.00e-05,76646.66,129204224,N/A,2025-06-07 18:23:41
7886,1.403653,2.360275,11.517793,5.00e-05,76369.24,129220608,N/A,2025-06-07 18:23:41
7887,1.908090,2.360275,11.517793,5.00e-05,76576.19,129236992,N/A,2025-06-07 18:23:42
7888,1.677150,2.360275,11.517793,5.00e-05,76342.79,129253376,N/A,2025-06-07 18:23:42
7889,2.238880,2.360275,11.517793,5.00e-05,78508.88,129269760,N/A,2025-06-07 18:23:42
7890,2.348235,2.360275,11.517793,5.00e-05,77205.90,129286144,1.0000,2025-06-07 18:23:42
7891,2.843369,2.360275,11.517793,5.00e-05,77267.80,129302528,N/A,2025-06-07 18:23:43
7892,2.974200,2.360275,11.517793,5.00e-05,77297.51,129318912,N/A,2025-06-07 18:23:43
7893,2.875334,2.360275,11.517793,5.00e-05,77143.29,129335296,N/A,2025-06-07 18:23:43
7894,2.013587,2.360275,11.517793,5.00e-05,76403.43,129351680,N/A,2025-06-07 18:23:43
7895,2.051345,2.360275,11.517793,5.00e-05,76794.80,129368064,N/A,2025-06-07 18:23:43
7896,2.588268,2.360275,11.517793,5.00e-05,76519.15,129384448,N/A,2025-06-07 18:23:44
7897,2.334978,2.360275,11.517793,5.00e-05,76819.25,129400832,N/A,2025-06-07 18:23:44
7898,2.456867,2.360275,11.517793,5.00e-05,77116.57,129417216,N/A,2025-06-07 18:23:44
7899,2.593599,2.360275,11.517793,5.00e-05,78584.66,129433600,N/A,2025-06-07 18:23:44
7900,1.992588,2.360275,11.517793,5.00e-05,77085.56,129449984,1.0000,2025-06-07 18:23:45
7901,2.459334,2.360275,11.517793,5.00e-05,75763.65,129466368,N/A,2025-06-07 18:23:45
7902,2.118371,2.360275,11.517793,5.00e-05,75890.70,129482752,N/A,2025-06-07 18:23:45
7903,3.368936,2.360275,11.517793,5.00e-05,76717.84,129499136,N/A,2025-06-07 18:23:45
7904,2.446298,2.360275,11.517793,5.00e-05,76721.57,129515520,N/A,2025-06-07 18:23:46
7905,2.019903,2.360275,11.517793,5.00e-05,76650.76,129531904,N/A,2025-06-07 18:23:46
7906,2.335011,2.360275,11.517793,5.00e-05,76800.61,129548288,N/A,2025-06-07 18:23:46
7907,1.242609,2.360275,11.517793,5.00e-05,76631.43,129564672,N/A,2025-06-07 18:23:46
7908,2.244829,2.360275,11.517793,5.00e-05,76445.46,129581056,N/A,2025-06-07 18:23:47
7909,3.063837,2.360275,11.517793,5.00e-05,77699.21,129597440,N/A,2025-06-07 18:23:47
7910,2.925886,2.360275,11.517793,5.00e-05,77266.38,129613824,1.0000,2025-06-07 18:23:47
7911,3.043230,2.360275,11.517793,5.00e-05,77226.76,129630208,N/A,2025-06-07 18:23:47
7912,2.143111,2.360275,11.517793,5.00e-05,77196.24,129646592,N/A,2025-06-07 18:23:47
7913,2.851728,2.360275,11.517793,5.00e-05,77173.93,129662976,N/A,2025-06-07 18:23:48
7914,2.242546,2.360275,11.517793,5.00e-05,77051.84,129679360,N/A,2025-06-07 18:23:48
7915,2.488577,2.360275,11.517793,5.00e-05,76991.57,129695744,N/A,2025-06-07 18:23:48
7916,2.539058,2.360275,11.517793,5.00e-05,77128.36,129712128,N/A,2025-06-07 18:23:48
7917,2.536383,2.360275,11.517793,5.00e-05,77338.04,129728512,N/A,2025-06-07 18:23:49
7918,2.504392,2.360275,11.517793,5.00e-05,77610.72,129744896,N/A,2025-06-07 18:23:49
7919,1.774530,2.360275,11.517793,5.00e-05,79347.17,129761280,N/A,2025-06-07 18:23:49
7920,2.712207,2.360275,11.517793,5.00e-05,77322.13,129777664,0.8524,2025-06-07 18:23:49
7921,2.136066,2.360275,11.517793,5.00e-05,77374.88,129794048,N/A,2025-06-07 18:23:50
7922,2.966412,2.360275,11.517793,5.00e-05,77407.93,129810432,N/A,2025-06-07 18:23:50
7923,1.398972,2.360275,11.517793,5.00e-05,77793.71,129826816,N/A,2025-06-07 18:23:50
7924,2.147276,2.360275,11.517793,5.00e-05,76734.31,129843200,N/A,2025-06-07 18:23:50
7925,2.496750,2.360275,11.517793,5.00e-05,75574.23,129859584,N/A,2025-06-07 18:23:51
7926,1.901212,2.360275,11.517793,5.00e-05,75513.80,129875968,N/A,2025-06-07 18:23:51
7927,1.605879,2.360275,11.517793,5.00e-05,75587.17,129892352,N/A,2025-06-07 18:23:51
7928,1.696323,2.360275,11.517793,5.00e-05,75650.92,129908736,N/A,2025-06-07 18:23:51
7929,2.179252,2.360275,11.517793,5.00e-05,77672.67,129925120,N/A,2025-06-07 18:23:51
7930,2.731385,2.360275,11.517793,5.00e-05,75844.88,129941504,0.9613,2025-06-07 18:23:52
7931,3.088599,2.360275,11.517793,5.00e-05,75815.85,129957888,N/A,2025-06-07 18:23:52
7932,2.420617,2.360275,11.517793,5.00e-05,75740.03,129974272,N/A,2025-06-07 18:23:52
7933,2.332306,2.360275,11.517793,5.00e-05,76447.82,129990656,N/A,2025-06-07 18:23:52
7934,2.626366,2.360275,11.517793,5.00e-05,77750.45,130007040,N/A,2025-06-07 18:23:53
7935,2.180040,2.360275,11.517793,5.00e-05,77688.40,130023424,N/A,2025-06-07 18:23:53
7936,1.857490,2.360275,11.517793,5.00e-05,77658.11,130039808,N/A,2025-06-07 18:23:53
7937,2.292845,2.360275,11.517793,5.00e-05,77757.57,130056192,N/A,2025-06-07 18:23:53
7938,3.404551,2.360275,11.517793,5.00e-05,77532.87,130072576,N/A,2025-06-07 18:23:54
7939,3.129955,2.360275,11.517793,5.00e-05,79416.40,130088960,N/A,2025-06-07 18:23:54
7940,2.820171,2.360275,11.517793,5.00e-05,77840.09,130105344,1.0000,2025-06-07 18:23:54
7941,2.029340,2.360275,11.517793,5.00e-05,77904.28,130121728,N/A,2025-06-07 18:23:54
7942,2.337172,2.360275,11.517793,5.00e-05,78068.57,130138112,N/A,2025-06-07 18:23:55
7943,1.947551,2.360275,11.517793,5.00e-05,78004.42,130154496,N/A,2025-06-07 18:23:55
7944,2.895399,2.360275,11.517793,5.00e-05,77946.56,130170880,N/A,2025-06-07 18:23:55
7945,2.035268,2.360275,11.517793,5.00e-05,77872.53,130187264,N/A,2025-06-07 18:23:55
7946,2.351720,2.360275,11.517793,5.00e-05,77921.28,130203648,N/A,2025-06-07 18:23:55
7947,2.823081,2.360275,11.517793,5.00e-05,78103.61,130220032,N/A,2025-06-07 18:23:56
7948,2.688294,2.360275,11.517793,5.00e-05,78120.45,130236416,N/A,2025-06-07 18:23:56
7949,2.676477,2.360275,11.517793,5.00e-05,79661.41,130252800,N/A,2025-06-07 18:23:56
7950,2.292369,2.360275,11.517793,5.00e-05,78119.64,130269184,1.0000,2025-06-07 18:23:56
7951,2.788386,2.360275,11.517793,5.00e-05,78145.79,130285568,N/A,2025-06-07 18:23:57
7952,2.303928,2.360275,11.517793,5.00e-05,78225.48,130301952,N/A,2025-06-07 18:23:57
7953,3.000381,2.360275,11.517793,5.00e-05,78430.52,130318336,N/A,2025-06-07 18:23:57
7954,2.052057,2.360275,11.517793,5.00e-05,78510.74,130334720,N/A,2025-06-07 18:23:57
7955,2.775258,2.360275,11.517793,5.00e-05,78342.75,130351104,N/A,2025-06-07 18:23:58
7956,2.256390,2.360275,11.517793,5.00e-05,78842.58,130367488,N/A,2025-06-07 18:23:58
7957,1.838649,2.360275,11.517793,5.00e-05,79505.28,130383872,N/A,2025-06-07 18:23:58
7958,1.586958,2.360275,11.517793,5.00e-05,79871.51,130400256,N/A,2025-06-07 18:23:58
7959,1.659697,2.360275,11.517793,5.00e-05,81273.46,130416640,N/A,2025-06-07 18:23:58
7960,2.507741,2.360275,11.517793,5.00e-05,79527.66,130433024,1.0000,2025-06-07 18:23:59
7961,2.228559,2.360275,11.517793,5.00e-05,79021.66,130449408,N/A,2025-06-07 18:23:59
7962,1.824910,2.360275,11.517793,5.00e-05,78815.73,130465792,N/A,2025-06-07 18:23:59
7963,1.798274,2.360275,11.517793,5.00e-05,78741.43,130482176,N/A,2025-06-07 18:23:59
7964,2.266795,2.360275,11.517793,5.00e-05,78482.67,130498560,N/A,2025-06-07 18:24:00
7965,2.344285,2.360275,11.517793,5.00e-05,78082.13,130514944,N/A,2025-06-07 18:24:00
7966,2.562888,2.360275,11.517793,5.00e-05,77119.84,130531328,N/A,2025-06-07 18:24:00
7967,1.927601,2.360275,11.517793,5.00e-05,76866.58,130547712,N/A,2025-06-07 18:24:00
7968,1.523793,2.360275,11.517793,5.00e-05,76922.07,130564096,N/A,2025-06-07 18:24:01
7969,2.634235,2.360275,11.517793,5.00e-05,78575.40,130580480,N/A,2025-06-07 18:24:01
7970,1.820075,2.360275,11.517793,5.00e-05,77370.07,130596864,1.0000,2025-06-07 18:24:01
7971,2.028355,2.360275,11.517793,5.00e-05,77515.36,130613248,N/A,2025-06-07 18:24:01
7972,3.057876,2.360275,11.517793,5.00e-05,77403.73,130629632,N/A,2025-06-07 18:24:02
7973,3.303632,2.360275,11.517793,5.00e-05,77754.77,130646016,N/A,2025-06-07 18:24:02
7974,3.086065,2.360275,11.517793,5.00e-05,77696.28,130662400,N/A,2025-06-07 18:24:02
7975,2.490527,2.360275,11.517793,5.00e-05,77952.83,130678784,N/A,2025-06-07 18:24:02
7976,3.219461,2.360275,11.517793,5.00e-05,78013.06,130695168,N/A,2025-06-07 18:24:02
7977,2.051215,2.360275,11.517793,5.00e-05,77822.90,130711552,N/A,2025-06-07 18:24:03
7978,2.799219,2.360275,11.517793,5.00e-05,77764.29,130727936,N/A,2025-06-07 18:24:03
7979,2.327302,2.360275,11.517793,5.00e-05,79389.52,130744320,N/A,2025-06-07 18:24:03
7980,2.119039,2.360275,11.517793,5.00e-05,77472.03,130760704,1.0000,2025-06-07 18:24:03
7981,2.703658,2.360275,11.517793,5.00e-05,77607.60,130777088,N/A,2025-06-07 18:24:04
7982,2.271145,2.360275,11.517793,5.00e-05,77479.07,130793472,N/A,2025-06-07 18:24:04
7983,2.340968,2.360275,11.517793,5.00e-05,77521.94,130809856,N/A,2025-06-07 18:24:04
7984,2.301739,2.360275,11.517793,5.00e-05,77506.85,130826240,N/A,2025-06-07 18:24:04
7985,2.972185,2.360275,11.517793,5.00e-05,77459.31,130842624,N/A,2025-06-07 18:24:05
7986,2.066226,2.360275,11.517793,5.00e-05,77803.63,130859008,N/A,2025-06-07 18:24:05
7987,2.380635,2.360275,11.517793,5.00e-05,77730.63,130875392,N/A,2025-06-07 18:24:05
7988,3.063349,2.360275,11.517793,5.00e-05,77653.57,130891776,N/A,2025-06-07 18:24:05
7989,2.452345,2.360275,11.517793,5.00e-05,79435.44,130908160,N/A,2025-06-07 18:24:05
7990,2.184268,2.360275,11.517793,5.00e-05,77692.54,130924544,1.0000,2025-06-07 18:24:06
7991,3.364007,2.360275,11.517793,5.00e-05,77878.74,130940928,N/A,2025-06-07 18:24:06
7992,2.162109,2.360275,11.517793,5.00e-05,77827.85,130957312,N/A,2025-06-07 18:24:06
7993,2.621217,2.360275,11.517793,5.00e-05,77939.05,130973696,N/A,2025-06-07 18:24:06
7994,1.468550,2.360275,11.517793,5.00e-05,77761.23,130990080,N/A,2025-06-07 18:24:07
7995,2.361953,2.360275,11.517793,5.00e-05,77794.30,131006464,N/A,2025-06-07 18:24:07
7996,2.183422,2.360275,11.517793,5.00e-05,77799.39,131022848,N/A,2025-06-07 18:24:07
7997,2.104223,2.360275,11.517793,5.00e-05,77857.09,131039232,N/A,2025-06-07 18:24:07
7998,2.113366,2.360275,11.517793,5.00e-05,77197.20,131055616,N/A,2025-06-07 18:24:08
7999,2.067085,2.360275,11.517793,5.00e-05,78787.43,131072000,N/A,2025-06-07 18:24:08
8000,2.233149,2.440989,12.868270,5.00e-05,12096.19,131088384,N/A,2025-06-07 18:24:20
8001,3.330991,2.440989,12.868270,5.00e-05,11990.11,131104768,N/A,2025-06-07 18:24:20
8002,2.077120,2.440989,12.868270,5.00e-05,11982.53,131121152,N/A,2025-06-07 18:24:20
8003,2.777093,2.440989,12.868270,5.00e-05,11966.28,131137536,N/A,2025-06-07 18:24:20
8004,1.937413,2.440989,12.868270,5.00e-05,11950.17,131153920,N/A,2025-06-07 18:24:21
8005,2.721332,2.440989,12.868270,5.00e-05,11945.35,131170304,N/A,2025-06-07 18:24:21
8006,1.195367,2.440989,12.868270,5.00e-05,11939.63,131186688,N/A,2025-06-07 18:24:21
8007,1.474250,2.440989,12.868270,5.00e-05,11944.50,131203072,N/A,2025-06-07 18:24:21
8008,2.151596,2.440989,12.868270,5.00e-05,11939.84,131219456,N/A,2025-06-07 18:24:22
8009,2.272296,2.440989,12.868270,5.00e-05,70956.26,131235840,N/A,2025-06-07 18:24:22
8010,3.222305,2.440989,12.868270,5.00e-05,72761.73,131252224,1.0000,2025-06-07 18:24:22
8011,2.342054,2.440989,12.868270,5.00e-05,72297.09,131268608,N/A,2025-06-07 18:24:22
8012,2.106167,2.440989,12.868270,5.00e-05,72675.69,131284992,N/A,2025-06-07 18:24:23
8013,1.773721,2.440989,12.868270,5.00e-05,72492.61,131301376,N/A,2025-06-07 18:24:23
8014,2.645862,2.440989,12.868270,5.00e-05,72566.86,131317760,N/A,2025-06-07 18:24:23
8015,2.131379,2.440989,12.868270,5.00e-05,72328.97,131334144,N/A,2025-06-07 18:24:23
8016,2.119363,2.440989,12.868270,5.00e-05,72734.48,131350528,N/A,2025-06-07 18:24:24
8017,1.581797,2.440989,12.868270,5.00e-05,72725.93,131366912,N/A,2025-06-07 18:24:24
8018,1.392306,2.440989,12.868270,5.00e-05,73280.86,131383296,N/A,2025-06-07 18:24:24
8019,1.816151,2.440989,12.868270,5.00e-05,74902.26,131399680,N/A,2025-06-07 18:24:24
8020,2.174426,2.440989,12.868270,5.00e-05,73433.85,131416064,1.0000,2025-06-07 18:24:25
8021,2.151063,2.440989,12.868270,5.00e-05,73800.60,131432448,N/A,2025-06-07 18:24:25
8022,2.256922,2.440989,12.868270,5.00e-05,74090.41,131448832,N/A,2025-06-07 18:24:25
8023,3.374794,2.440989,12.868270,5.00e-05,73999.03,131465216,N/A,2025-06-07 18:24:25
8024,1.666183,2.440989,12.868270,5.00e-05,74115.33,131481600,N/A,2025-06-07 18:24:26
8025,1.208924,2.440989,12.868270,5.00e-05,73035.38,131497984,N/A,2025-06-07 18:24:26
8026,2.603844,2.440989,12.868270,5.00e-05,73230.80,131514368,N/A,2025-06-07 18:24:26
8027,2.277783,2.440989,12.868270,5.00e-05,74195.59,131530752,N/A,2025-06-07 18:24:26
8028,2.496629,2.440989,12.868270,5.00e-05,74645.44,131547136,N/A,2025-06-07 18:24:27
8029,2.967457,2.440989,12.868270,5.00e-05,76399.32,131563520,N/A,2025-06-07 18:24:27
8030,1.972984,2.440989,12.868270,5.00e-05,74897.23,131579904,1.0000,2025-06-07 18:24:27
8031,3.151801,2.440989,12.868270,5.00e-05,75019.15,131596288,N/A,2025-06-07 18:24:27
8032,2.529294,2.440989,12.868270,5.00e-05,74564.81,131612672,N/A,2025-06-07 18:24:28
8033,2.786102,2.440989,12.868270,5.00e-05,73606.37,131629056,N/A,2025-06-07 18:24:28
8034,3.015026,2.440989,12.868270,5.00e-05,73968.88,131645440,N/A,2025-06-07 18:24:28
8035,1.912391,2.440989,12.868270,5.00e-05,73978.88,131661824,N/A,2025-06-07 18:24:28
8036,2.775596,2.440989,12.868270,5.00e-05,73910.16,131678208,N/A,2025-06-07 18:24:28
8037,2.251915,2.440989,12.868270,5.00e-05,73794.62,131694592,N/A,2025-06-07 18:24:29
8038,2.258863,2.440989,12.868270,5.00e-05,74070.52,131710976,N/A,2025-06-07 18:24:29
8039,2.766939,2.440989,12.868270,5.00e-05,75424.37,131727360,N/A,2025-06-07 18:24:29
8040,2.582911,2.440989,12.868270,5.00e-05,73400.00,131743744,1.0000,2025-06-07 18:24:29
8041,2.012246,2.440989,12.868270,5.00e-05,73836.54,131760128,N/A,2025-06-07 18:24:30
8042,1.645872,2.440989,12.868270,5.00e-05,74956.22,131776512,N/A,2025-06-07 18:24:30
8043,1.848415,2.440989,12.868270,5.00e-05,75837.06,131792896,N/A,2025-06-07 18:24:30
8044,2.690614,2.440989,12.868270,5.00e-05,75915.38,131809280,N/A,2025-06-07 18:24:30
8045,2.324957,2.440989,12.868270,5.00e-05,76101.67,131825664,N/A,2025-06-07 18:24:31
8046,2.075000,2.440989,12.868270,5.00e-05,76228.31,131842048,N/A,2025-06-07 18:24:31
8047,1.982175,2.440989,12.868270,5.00e-05,76457.44,131858432,N/A,2025-06-07 18:24:31
8048,2.601572,2.440989,12.868270,5.00e-05,76605.88,131874816,N/A,2025-06-07 18:24:31
8049,2.528884,2.440989,12.868270,5.00e-05,78975.89,131891200,N/A,2025-06-07 18:24:32
8050,1.806637,2.440989,12.868270,5.00e-05,77975.96,131907584,1.0000,2025-06-07 18:24:32
8051,2.402198,2.440989,12.868270,5.00e-05,78396.15,131923968,N/A,2025-06-07 18:24:32
8052,2.651276,2.440989,12.868270,5.00e-05,78302.76,131940352,N/A,2025-06-07 18:24:32
8053,2.194272,2.440989,12.868270,5.00e-05,78233.67,131956736,N/A,2025-06-07 18:24:33
8054,2.298430,2.440989,12.868270,5.00e-05,76827.76,131973120,N/A,2025-06-07 18:24:33
8055,1.876685,2.440989,12.868270,5.00e-05,76809.65,131989504,N/A,2025-06-07 18:24:33
8056,2.583046,2.440989,12.868270,5.00e-05,76762.45,132005888,N/A,2025-06-07 18:24:33
8057,3.003331,2.440989,12.868270,5.00e-05,76778.20,132022272,N/A,2025-06-07 18:24:33
8058,1.613711,2.440989,12.868270,5.00e-05,77193.22,132038656,N/A,2025-06-07 18:24:34
8059,2.860043,2.440989,12.868270,5.00e-05,78531.52,132055040,N/A,2025-06-07 18:24:34
8060,2.781358,2.440989,12.868270,5.00e-05,76620.68,132071424,1.0000,2025-06-07 18:24:34
8061,1.588221,2.440989,12.868270,5.00e-05,76700.05,132087808,N/A,2025-06-07 18:24:34
8062,2.986419,2.440989,12.868270,5.00e-05,76789.16,132104192,N/A,2025-06-07 18:24:35
8063,2.771157,2.440989,12.868270,5.00e-05,78225.92,132120576,N/A,2025-06-07 18:24:35
8064,1.468850,2.440989,12.868270,5.00e-05,78173.30,132136960,N/A,2025-06-07 18:24:35
8065,2.159525,2.440989,12.868270,5.00e-05,78220.54,132153344,N/A,2025-06-07 18:24:35
8066,2.470028,2.440989,12.868270,5.00e-05,78107.38,132169728,N/A,2025-06-07 18:24:36
8067,2.809344,2.440989,12.868270,5.00e-05,77817.48,132186112,N/A,2025-06-07 18:24:36
8068,2.715682,2.440989,12.868270,5.00e-05,77693.00,132202496,N/A,2025-06-07 18:24:36
8069,2.460552,2.440989,12.868270,5.00e-05,78401.06,132218880,N/A,2025-06-07 18:24:36
8070,1.526401,2.440989,12.868270,5.00e-05,76565.22,132235264,1.0000,2025-06-07 18:24:37
8071,2.313660,2.440989,12.868270,5.00e-05,76581.45,132251648,N/A,2025-06-07 18:24:37
8072,2.329186,2.440989,12.868270,5.00e-05,76420.61,132268032,N/A,2025-06-07 18:24:37
8073,2.802265,2.440989,12.868270,5.00e-05,76553.15,132284416,N/A,2025-06-07 18:24:37
8074,3.423238,2.440989,12.868270,5.00e-05,76465.38,132300800,N/A,2025-06-07 18:24:37
8075,2.989073,2.440989,12.868270,5.00e-05,76409.13,132317184,N/A,2025-06-07 18:24:38
8076,2.145021,2.440989,12.868270,5.00e-05,76415.92,132333568,N/A,2025-06-07 18:24:38
8077,2.254940,2.440989,12.868270,5.00e-05,76629.58,132349952,N/A,2025-06-07 18:24:38
8078,1.696799,2.440989,12.868270,5.00e-05,77652.07,132366336,N/A,2025-06-07 18:24:38
8079,3.118824,2.440989,12.868270,5.00e-05,79503.47,132382720,N/A,2025-06-07 18:24:39
8080,2.279374,2.440989,12.868270,5.00e-05,78038.73,132399104,1.0000,2025-06-07 18:24:39
8081,1.819759,2.440989,12.868270,5.00e-05,78265.29,132415488,N/A,2025-06-07 18:24:39
8082,2.517538,2.440989,12.868270,5.00e-05,78258.37,132431872,N/A,2025-06-07 18:24:39
8083,2.274496,2.440989,12.868270,5.00e-05,78257.92,132448256,N/A,2025-06-07 18:24:40
8084,2.274323,2.440989,12.868270,5.00e-05,78371.27,132464640,N/A,2025-06-07 18:24:40
8085,1.952526,2.440989,12.868270,5.00e-05,78483.34,132481024,N/A,2025-06-07 18:24:40
8086,1.886419,2.440989,12.868270,5.00e-05,78211.24,132497408,N/A,2025-06-07 18:24:40
8087,1.502883,2.440989,12.868270,5.00e-05,78129.77,132513792,N/A,2025-06-07 18:24:40
8088,2.619678,2.440989,12.868270,5.00e-05,77977.96,132530176,N/A,2025-06-07 18:24:41
8089,1.637223,2.440989,12.868270,5.00e-05,79351.52,132546560,N/A,2025-06-07 18:24:41
8090,2.810043,2.440989,12.868270,5.00e-05,77820.29,132562944,1.0000,2025-06-07 18:24:41
8091,1.956402,2.440989,12.868270,5.00e-05,77697.65,132579328,N/A,2025-06-07 18:24:41
8092,2.845827,2.440989,12.868270,5.00e-05,77725.74,132595712,N/A,2025-06-07 18:24:42
8093,1.730198,2.440989,12.868270,5.00e-05,77523.99,132612096,N/A,2025-06-07 18:24:42
8094,2.026642,2.440989,12.868270,5.00e-05,77465.60,132628480,N/A,2025-06-07 18:24:42
8095,1.819762,2.440989,12.868270,5.00e-05,77686.68,132644864,N/A,2025-06-07 18:24:42
8096,1.341221,2.440989,12.868270,5.00e-05,77786.43,132661248,N/A,2025-06-07 18:24:43
8097,2.636936,2.440989,12.868270,5.00e-05,78037.67,132677632,N/A,2025-06-07 18:24:43
8098,2.362519,2.440989,12.868270,5.00e-05,78148.49,132694016,N/A,2025-06-07 18:24:43
8099,2.396510,2.440989,12.868270,5.00e-05,79604.91,132710400,N/A,2025-06-07 18:24:43
8100,2.160439,2.440989,12.868270,5.00e-05,78131.02,132726784,1.0000,2025-06-07 18:24:44
8101,1.571887,2.440989,12.868270,5.00e-05,76764.87,132743168,N/A,2025-06-07 18:24:44
8102,2.796120,2.440989,12.868270,5.00e-05,76841.57,132759552,N/A,2025-06-07 18:24:44
8103,1.925900,2.440989,12.868270,5.00e-05,76929.45,132775936,N/A,2025-06-07 18:24:44
8104,2.676513,2.440989,12.868270,5.00e-05,77000.59,132792320,N/A,2025-06-07 18:24:44
8105,1.228601,2.440989,12.868270,5.00e-05,77062.28,132808704,N/A,2025-06-07 18:24:45
8106,2.588707,2.440989,12.868270,5.00e-05,77015.21,132825088,N/A,2025-06-07 18:24:45
8107,2.474372,2.440989,12.868270,5.00e-05,76995.09,132841472,N/A,2025-06-07 18:24:45
8108,2.244480,2.440989,12.868270,5.00e-05,77044.00,132857856,N/A,2025-06-07 18:24:45
8109,2.774213,2.440989,12.868270,5.00e-05,78498.37,132874240,N/A,2025-06-07 18:24:46
8110,1.957363,2.440989,12.868270,5.00e-05,78433.01,132890624,1.0000,2025-06-07 18:24:46
8111,2.216347,2.440989,12.868270,5.00e-05,78503.05,132907008,N/A,2025-06-07 18:24:46
8112,1.729602,2.440989,12.868270,5.00e-05,78421.42,132923392,N/A,2025-06-07 18:24:46
8113,2.245178,2.440989,12.868270,5.00e-05,78212.31,132939776,N/A,2025-06-07 18:24:47
8114,1.788172,2.440989,12.868270,5.00e-05,78123.72,132956160,N/A,2025-06-07 18:24:47
8115,2.278298,2.440989,12.868270,5.00e-05,78186.73,132972544,N/A,2025-06-07 18:24:47
8116,2.667443,2.440989,12.868270,5.00e-05,78107.59,132988928,N/A,2025-06-07 18:24:47
8117,3.144462,2.440989,12.868270,5.00e-05,78025.23,133005312,N/A,2025-06-07 18:24:48
8118,2.294451,2.440989,12.868270,5.00e-05,77310.41,133021696,N/A,2025-06-07 18:24:48
8119,1.657049,2.440989,12.868270,5.00e-05,78737.57,133038080,N/A,2025-06-07 18:24:48
8120,2.058486,2.440989,12.868270,5.00e-05,77325.56,133054464,1.0000,2025-06-07 18:24:48
8121,2.155021,2.440989,12.868270,5.00e-05,76841.59,133070848,N/A,2025-06-07 18:24:48
8122,2.231446,2.440989,12.868270,5.00e-05,77058.60,133087232,N/A,2025-06-07 18:24:49
8123,2.394375,2.440989,12.868270,5.00e-05,76986.24,133103616,N/A,2025-06-07 18:24:49
8124,2.777841,2.440989,12.868270,5.00e-05,77071.34,133120000,N/A,2025-06-07 18:24:49
8125,2.654010,2.440989,12.868270,5.00e-05,77143.31,133136384,N/A,2025-06-07 18:24:49
8126,1.823225,2.440989,12.868270,5.00e-05,77181.30,133152768,N/A,2025-06-07 18:24:50
8127,3.184694,2.440989,12.868270,5.00e-05,78030.08,133169152,N/A,2025-06-07 18:24:50
8128,2.120060,2.440989,12.868270,5.00e-05,77853.37,133185536,N/A,2025-06-07 18:24:50
8129,1.329952,2.440989,12.868270,5.00e-05,79388.33,133201920,N/A,2025-06-07 18:24:50
8130,1.800116,2.440989,12.868270,5.00e-05,77867.99,133218304,1.0000,2025-06-07 18:24:51
8131,2.556596,2.440989,12.868270,5.00e-05,77848.91,133234688,N/A,2025-06-07 18:24:51
8132,2.515374,2.440989,12.868270,5.00e-05,77698.62,133251072,N/A,2025-06-07 18:24:51
8133,1.961542,2.440989,12.868270,5.00e-05,77456.31,133267456,N/A,2025-06-07 18:24:51
8134,2.303952,2.440989,12.868270,5.00e-05,77476.03,133283840,N/A,2025-06-07 18:24:52
8135,2.137526,2.440989,12.868270,5.00e-05,77213.61,133300224,N/A,2025-06-07 18:24:52
8136,2.903296,2.440989,12.868270,5.00e-05,77202.63,133316608,N/A,2025-06-07 18:24:52
8137,1.795561,2.440989,12.868270,5.00e-05,77258.03,133332992,N/A,2025-06-07 18:24:52
8138,2.696852,2.440989,12.868270,5.00e-05,77368.22,133349376,N/A,2025-06-07 18:24:52
8139,1.863430,2.440989,12.868270,5.00e-05,79398.16,133365760,N/A,2025-06-07 18:24:53
8140,2.023808,2.440989,12.868270,5.00e-05,77904.99,133382144,1.0000,2025-06-07 18:24:53
8141,1.791606,2.440989,12.868270,5.00e-05,78444.31,133398528,N/A,2025-06-07 18:24:53
8142,3.215432,2.440989,12.868270,5.00e-05,78520.19,133414912,N/A,2025-06-07 18:24:53
8143,2.124190,2.440989,12.868270,5.00e-05,78551.28,133431296,N/A,2025-06-07 18:24:54
8144,1.603417,2.440989,12.868270,5.00e-05,78790.48,133447680,N/A,2025-06-07 18:24:54
8145,2.849493,2.440989,12.868270,5.00e-05,78801.10,133464064,N/A,2025-06-07 18:24:54
8146,2.501617,2.440989,12.868270,5.00e-05,79074.48,133480448,N/A,2025-06-07 18:24:54
8147,2.757676,2.440989,12.868270,5.00e-05,78848.98,133496832,N/A,2025-06-07 18:24:55
8148,2.789717,2.440989,12.868270,5.00e-05,78930.68,133513216,N/A,2025-06-07 18:24:55
8149,2.175020,2.440989,12.868270,5.00e-05,80214.76,133529600,N/A,2025-06-07 18:24:55
8150,2.331811,2.440989,12.868270,5.00e-05,78104.67,133545984,1.0000,2025-06-07 18:24:55
8151,2.974760,2.440989,12.868270,5.00e-05,78038.23,133562368,N/A,2025-06-07 18:24:55
8152,1.859925,2.440989,12.868270,5.00e-05,77910.92,133578752,N/A,2025-06-07 18:24:56
8153,2.514098,2.440989,12.868270,5.00e-05,78000.79,133595136,N/A,2025-06-07 18:24:56
8154,1.343481,2.440989,12.868270,5.00e-05,77611.63,133611520,N/A,2025-06-07 18:24:56
8155,2.209161,2.440989,12.868270,5.00e-05,77632.42,133627904,N/A,2025-06-07 18:24:56
8156,1.413056,2.440989,12.868270,5.00e-05,77843.90,133644288,N/A,2025-06-07 18:24:57
8157,2.692054,2.440989,12.868270,5.00e-05,77742.88,133660672,N/A,2025-06-07 18:24:57
8158,3.660600,2.440989,12.868270,5.00e-05,77888.27,133677056,N/A,2025-06-07 18:24:57
8159,3.146423,2.440989,12.868270,5.00e-05,79501.08,133693440,N/A,2025-06-07 18:24:57
8160,2.540644,2.440989,12.868270,5.00e-05,77832.45,133709824,1.0000,2025-06-07 18:24:58
8161,2.016066,2.440989,12.868270,5.00e-05,77895.64,133726208,N/A,2025-06-07 18:24:58
8162,1.968576,2.440989,12.868270,5.00e-05,77512.77,133742592,N/A,2025-06-07 18:24:58
8163,1.387444,2.440989,12.868270,5.00e-05,77882.49,133758976,N/A,2025-06-07 18:24:58
8164,2.729748,2.440989,12.868270,5.00e-05,77847.83,133775360,N/A,2025-06-07 18:24:58
8165,2.480476,2.440989,12.868270,5.00e-05,77831.16,133791744,N/A,2025-06-07 18:24:59
8166,3.023003,2.440989,12.868270,5.00e-05,77774.02,133808128,N/A,2025-06-07 18:24:59
8167,2.922690,2.440989,12.868270,5.00e-05,77792.62,133824512,N/A,2025-06-07 18:24:59
8168,3.186220,2.440989,12.868270,5.00e-05,78044.76,133840896,N/A,2025-06-07 18:24:59
8169,3.061588,2.440989,12.868270,5.00e-05,79591.71,133857280,N/A,2025-06-07 18:25:00
8170,1.937103,2.440989,12.868270,5.00e-05,77987.89,133873664,1.0000,2025-06-07 18:25:00
8171,1.632129,2.440989,12.868270,5.00e-05,77980.72,133890048,N/A,2025-06-07 18:25:00
8172,2.497900,2.440989,12.868270,5.00e-05,77884.97,133906432,N/A,2025-06-07 18:25:00
8173,2.077529,2.440989,12.868270,5.00e-05,77701.72,133922816,N/A,2025-06-07 18:25:01
8174,2.189076,2.440989,12.868270,5.00e-05,77513.30,133939200,N/A,2025-06-07 18:25:01
8175,3.072666,2.440989,12.868270,5.00e-05,77660.06,133955584,N/A,2025-06-07 18:25:01
8176,2.570269,2.440989,12.868270,5.00e-05,77734.36,133971968,N/A,2025-06-07 18:25:01
8177,2.649076,2.440989,12.868270,5.00e-05,77637.16,133988352,N/A,2025-06-07 18:25:02
8178,3.071836,2.440989,12.868270,5.00e-05,77517.64,134004736,N/A,2025-06-07 18:25:02
8179,2.892251,2.440989,12.868270,5.00e-05,79040.74,134021120,N/A,2025-06-07 18:25:02
8180,1.248565,2.440989,12.868270,5.00e-05,77833.77,134037504,1.0000,2025-06-07 18:25:02
8181,2.093199,2.440989,12.868270,5.00e-05,77850.23,134053888,N/A,2025-06-07 18:25:02
8182,1.965317,2.440989,12.868270,5.00e-05,77971.94,134070272,N/A,2025-06-07 18:25:03
8183,2.348161,2.440989,12.868270,5.00e-05,77925.02,134086656,N/A,2025-06-07 18:25:03
8184,2.821853,2.440989,12.868270,5.00e-05,77859.94,134103040,N/A,2025-06-07 18:25:03
8185,2.173454,2.440989,12.868270,5.00e-05,77792.82,134119424,N/A,2025-06-07 18:25:03
8186,2.738239,2.440989,12.868270,5.00e-05,77774.27,134135808,N/A,2025-06-07 18:25:04
8187,2.226612,2.440989,12.868270,5.00e-05,77900.79,134152192,N/A,2025-06-07 18:25:04
8188,1.617921,2.440989,12.868270,5.00e-05,77954.11,134168576,N/A,2025-06-07 18:25:04
8189,2.064556,2.440989,12.868270,5.00e-05,79551.56,134184960,N/A,2025-06-07 18:25:04
8190,1.629945,2.440989,12.868270,5.00e-05,78048.61,134201344,1.0000,2025-06-07 18:25:05
8191,2.112982,2.440989,12.868270,5.00e-05,78087.83,134217728,N/A,2025-06-07 18:25:05
8192,2.362305,2.440989,12.868270,5.00e-05,78229.56,134234112,N/A,2025-06-07 18:25:05
8193,2.372984,2.440989,12.868270,5.00e-05,78005.70,134250496,N/A,2025-06-07 18:25:05
8194,2.573503,2.440989,12.868270,5.00e-05,78006.11,134266880,N/A,2025-06-07 18:25:05
8195,3.031941,2.440989,12.868270,5.00e-05,78006.16,134283264,N/A,2025-06-07 18:25:06
8196,2.187763,2.440989,12.868270,5.00e-05,78197.86,134299648,N/A,2025-06-07 18:25:06
8197,2.228580,2.440989,12.868270,5.00e-05,78024.85,134316032,N/A,2025-06-07 18:25:06
8198,2.687360,2.440989,12.868270,5.00e-05,77977.64,134332416,N/A,2025-06-07 18:25:06
8199,2.160975,2.440989,12.868270,5.00e-05,79440.22,134348800,N/A,2025-06-07 18:25:07
8200,1.723222,2.440989,12.868270,5.00e-05,77910.96,134365184,1.0000,2025-06-07 18:25:07
8201,2.415144,2.440989,12.868270,5.00e-05,76746.66,134381568,N/A,2025-06-07 18:25:07
8202,2.079186,2.440989,12.868270,5.00e-05,76651.72,134397952,N/A,2025-06-07 18:25:07
8203,2.448648,2.440989,12.868270,5.00e-05,76545.20,134414336,N/A,2025-06-07 18:25:08
8204,1.771702,2.440989,12.868270,5.00e-05,76441.17,134430720,N/A,2025-06-07 18:25:08
8205,2.273829,2.440989,12.868270,5.00e-05,76480.45,134447104,N/A,2025-06-07 18:25:08
8206,2.849309,2.440989,12.868270,5.00e-05,76821.56,134463488,N/A,2025-06-07 18:25:08
8207,2.581733,2.440989,12.868270,5.00e-05,76874.43,134479872,N/A,2025-06-07 18:25:09
8208,1.210645,2.440989,12.868270,5.00e-05,77044.13,134496256,N/A,2025-06-07 18:25:09
8209,2.276246,2.440989,12.868270,5.00e-05,78418.11,134512640,N/A,2025-06-07 18:25:09
8210,1.836557,2.440989,12.868270,5.00e-05,78292.31,134529024,1.0000,2025-06-07 18:25:09
8211,2.356851,2.440989,12.868270,5.00e-05,78565.34,134545408,N/A,2025-06-07 18:25:09
8212,2.284522,2.440989,12.868270,5.00e-05,78675.62,134561792,N/A,2025-06-07 18:25:10
8213,2.371719,2.440989,12.868270,5.00e-05,78860.02,134578176,N/A,2025-06-07 18:25:10
8214,3.356891,2.440989,12.868270,5.00e-05,78685.66,134594560,N/A,2025-06-07 18:25:10
8215,2.501163,2.440989,12.868270,5.00e-05,78486.44,134610944,N/A,2025-06-07 18:25:10
8216,2.597123,2.440989,12.868270,5.00e-05,78454.09,134627328,N/A,2025-06-07 18:25:11
8217,2.006565,2.440989,12.868270,5.00e-05,78314.44,134643712,N/A,2025-06-07 18:25:11
8218,2.613061,2.440989,12.868270,5.00e-05,78517.80,134660096,N/A,2025-06-07 18:25:11
8219,1.886698,2.440989,12.868270,5.00e-05,79677.31,134676480,N/A,2025-06-07 18:25:11
8220,2.459426,2.440989,12.868270,5.00e-05,78063.36,134692864,0.9678,2025-06-07 18:25:12
8221,1.918768,2.440989,12.868270,5.00e-05,78023.75,134709248,N/A,2025-06-07 18:25:12
8222,2.685829,2.440989,12.868270,5.00e-05,78034.65,134725632,N/A,2025-06-07 18:25:12
8223,2.074810,2.440989,12.868270,5.00e-05,78072.28,134742016,N/A,2025-06-07 18:25:12
8224,2.302336,2.440989,12.868270,5.00e-05,78058.02,134758400,N/A,2025-06-07 18:25:12
8225,1.852366,2.440989,12.868270,5.00e-05,78061.60,134774784,N/A,2025-06-07 18:25:13
8226,1.924517,2.440989,12.868270,5.00e-05,78048.05,134791168,N/A,2025-06-07 18:25:13
8227,2.545082,2.440989,12.868270,5.00e-05,77926.33,134807552,N/A,2025-06-07 18:25:13
8228,2.742181,2.440989,12.868270,5.00e-05,78020.49,134823936,N/A,2025-06-07 18:25:13
8229,2.589195,2.440989,12.868270,5.00e-05,79635.75,134840320,N/A,2025-06-07 18:25:14
8230,2.523631,2.440989,12.868270,5.00e-05,77968.30,134856704,1.0000,2025-06-07 18:25:14
8231,2.285808,2.440989,12.868270,5.00e-05,77803.84,134873088,N/A,2025-06-07 18:25:14
8232,2.531432,2.440989,12.868270,5.00e-05,77814.37,134889472,N/A,2025-06-07 18:25:14
8233,2.780107,2.440989,12.868270,5.00e-05,77657.59,134905856,N/A,2025-06-07 18:25:15
8234,3.103623,2.440989,12.868270,5.00e-05,77779.33,134922240,N/A,2025-06-07 18:25:15
8235,1.342691,2.440989,12.868270,5.00e-05,77895.79,134938624,N/A,2025-06-07 18:25:15
8236,2.090171,2.440989,12.868270,5.00e-05,77910.54,134955008,N/A,2025-06-07 18:25:15
8237,2.612182,2.440989,12.868270,5.00e-05,78023.84,134971392,N/A,2025-06-07 18:25:16
8238,2.416949,2.440989,12.868270,5.00e-05,78082.62,134987776,N/A,2025-06-07 18:25:16
8239,1.705424,2.440989,12.868270,5.00e-05,79756.14,135004160,N/A,2025-06-07 18:25:16
8240,2.455768,2.440989,12.868270,5.00e-05,78061.00,135020544,0.8841,2025-06-07 18:25:16
8241,2.287280,2.440989,12.868270,5.00e-05,78236.12,135036928,N/A,2025-06-07 18:25:16
8242,2.547296,2.440989,12.868270,5.00e-05,78462.82,135053312,N/A,2025-06-07 18:25:17
8243,2.067668,2.440989,12.868270,5.00e-05,78447.25,135069696,N/A,2025-06-07 18:25:17
8244,2.328825,2.440989,12.868270,5.00e-05,78572.43,135086080,N/A,2025-06-07 18:25:17
8245,1.965078,2.440989,12.868270,5.00e-05,78591.45,135102464,N/A,2025-06-07 18:25:17
8246,2.567920,2.440989,12.868270,5.00e-05,78594.80,135118848,N/A,2025-06-07 18:25:18
8247,1.990761,2.440989,12.868270,5.00e-05,78648.59,135135232,N/A,2025-06-07 18:25:18
8248,2.964826,2.440989,12.868270,5.00e-05,78513.77,135151616,N/A,2025-06-07 18:25:18
8249,2.948020,2.440989,12.868270,5.00e-05,80376.44,135168000,N/A,2025-06-07 18:25:18
8250,2.503729,2.440989,12.868270,5.00e-05,78679.10,135184384,1.0000,2025-06-07 18:25:19
8251,1.374092,2.440989,12.868270,5.00e-05,78701.19,135200768,N/A,2025-06-07 18:25:19
8252,2.327774,2.440989,12.868270,5.00e-05,78559.12,135217152,N/A,2025-06-07 18:25:19
8253,2.937709,2.440989,12.868270,5.00e-05,78477.26,135233536,N/A,2025-06-07 18:25:19
8254,1.925068,2.440989,12.868270,5.00e-05,78151.56,135249920,N/A,2025-06-07 18:25:19
8255,1.774392,2.440989,12.868270,5.00e-05,78107.85,135266304,N/A,2025-06-07 18:25:20
8256,2.169030,2.440989,12.868270,5.00e-05,78108.91,135282688,N/A,2025-06-07 18:25:20
8257,2.437924,2.440989,12.868270,5.00e-05,78302.67,135299072,N/A,2025-06-07 18:25:20
8258,2.754836,2.440989,12.868270,5.00e-05,78203.10,135315456,N/A,2025-06-07 18:25:20
8259,2.509446,2.440989,12.868270,5.00e-05,79768.28,135331840,N/A,2025-06-07 18:25:21
8260,2.477973,2.440989,12.868270,5.00e-05,77354.16,135348224,1.0000,2025-06-07 18:25:21
8261,2.717759,2.440989,12.868270,5.00e-05,77442.66,135364608,N/A,2025-06-07 18:25:21
8262,2.092433,2.440989,12.868270,5.00e-05,77204.57,135380992,N/A,2025-06-07 18:25:21
8263,1.974681,2.440989,12.868270,5.00e-05,77546.27,135397376,N/A,2025-06-07 18:25:22
8264,3.662811,2.440989,12.868270,5.00e-05,77248.41,135413760,N/A,2025-06-07 18:25:22
8265,1.270234,2.440989,12.868270,5.00e-05,77220.19,135430144,N/A,2025-06-07 18:25:22
8266,2.029602,2.440989,12.868270,5.00e-05,77124.50,135446528,N/A,2025-06-07 18:25:22
8267,2.628412,2.440989,12.868270,5.00e-05,77196.02,135462912,N/A,2025-06-07 18:25:23
8268,2.539991,2.440989,12.868270,5.00e-05,77127.50,135479296,N/A,2025-06-07 18:25:23
8269,2.368889,2.440989,12.868270,5.00e-05,79246.05,135495680,N/A,2025-06-07 18:25:23
8270,2.538994,2.440989,12.868270,5.00e-05,77728.97,135512064,1.0000,2025-06-07 18:25:23
8271,1.451796,2.440989,12.868270,5.00e-05,77877.62,135528448,N/A,2025-06-07 18:25:23
8272,2.758633,2.440989,12.868270,5.00e-05,77790.78,135544832,N/A,2025-06-07 18:25:24
8273,2.705252,2.440989,12.868270,5.00e-05,78178.06,135561216,N/A,2025-06-07 18:25:24
8274,2.141860,2.440989,12.868270,5.00e-05,77994.41,135577600,N/A,2025-06-07 18:25:24
8275,2.168757,2.440989,12.868270,5.00e-05,77913.48,135593984,N/A,2025-06-07 18:25:24
8276,1.888055,2.440989,12.868270,5.00e-05,77820.76,135610368,N/A,2025-06-07 18:25:25
8277,2.383289,2.440989,12.868270,5.00e-05,77648.26,135626752,N/A,2025-06-07 18:25:25
8278,2.289811,2.440989,12.868270,5.00e-05,77754.50,135643136,N/A,2025-06-07 18:25:25
8279,2.719549,2.440989,12.868270,5.00e-05,79015.18,135659520,N/A,2025-06-07 18:25:25
8280,1.969332,2.440989,12.868270,5.00e-05,76684.06,135675904,1.0000,2025-06-07 18:25:26
8281,2.037977,2.440989,12.868270,5.00e-05,76636.29,135692288,N/A,2025-06-07 18:25:26
8282,3.054820,2.440989,12.868270,5.00e-05,76426.38,135708672,N/A,2025-06-07 18:25:26
8283,2.840164,2.440989,12.868270,5.00e-05,76489.95,135725056,N/A,2025-06-07 18:25:26
8284,2.124698,2.440989,12.868270,5.00e-05,76693.05,135741440,N/A,2025-06-07 18:25:27
8285,2.013278,2.440989,12.868270,5.00e-05,76842.00,135757824,N/A,2025-06-07 18:25:27
8286,3.116546,2.440989,12.868270,5.00e-05,76976.81,135774208,N/A,2025-06-07 18:25:27
8287,2.547739,2.440989,12.868270,5.00e-05,76401.36,135790592,N/A,2025-06-07 18:25:27
8288,2.745147,2.440989,12.868270,5.00e-05,76367.88,135806976,N/A,2025-06-07 18:25:27
8289,2.335842,2.440989,12.868270,5.00e-05,78562.82,135823360,N/A,2025-06-07 18:25:28
8290,2.062460,2.440989,12.868270,5.00e-05,77025.00,135839744,1.0000,2025-06-07 18:25:28
8291,2.586851,2.440989,12.868270,5.00e-05,77075.11,135856128,N/A,2025-06-07 18:25:28
8292,2.076987,2.440989,12.868270,5.00e-05,76918.75,135872512,N/A,2025-06-07 18:25:28
8293,2.529229,2.440989,12.868270,5.00e-05,77338.40,135888896,N/A,2025-06-07 18:25:29
8294,2.451077,2.440989,12.868270,5.00e-05,77247.31,135905280,N/A,2025-06-07 18:25:29
8295,2.271649,2.440989,12.868270,5.00e-05,77199.84,135921664,N/A,2025-06-07 18:25:29
8296,1.708333,2.440989,12.868270,5.00e-05,77687.12,135938048,N/A,2025-06-07 18:25:29
8297,1.922512,2.440989,12.868270,5.00e-05,77517.43,135954432,N/A,2025-06-07 18:25:30
8298,1.974068,2.440989,12.868270,5.00e-05,77515.84,135970816,N/A,2025-06-07 18:25:30
8299,1.910573,2.440989,12.868270,5.00e-05,79200.61,135987200,N/A,2025-06-07 18:25:30
8300,2.453116,2.440989,12.868270,5.00e-05,76787.78,136003584,1.0000,2025-06-07 18:25:30
8301,2.892219,2.440989,12.868270,5.00e-05,75383.36,136019968,N/A,2025-06-07 18:25:31
8302,1.939876,2.440989,12.868270,5.00e-05,74805.90,136036352,N/A,2025-06-07 18:25:31
8303,1.879241,2.440989,12.868270,5.00e-05,74839.03,136052736,N/A,2025-06-07 18:25:31
8304,3.000653,2.440989,12.868270,5.00e-05,74644.00,136069120,N/A,2025-06-07 18:25:31
8305,3.052342,2.440989,12.868270,5.00e-05,74883.42,136085504,N/A,2025-06-07 18:25:32
8306,1.810038,2.440989,12.868270,5.00e-05,75197.71,136101888,N/A,2025-06-07 18:25:32
8307,1.707496,2.440989,12.868270,5.00e-05,75270.53,136118272,N/A,2025-06-07 18:25:32
8308,2.145288,2.440989,12.868270,5.00e-05,75269.02,136134656,N/A,2025-06-07 18:25:32
8309,1.863166,2.440989,12.868270,5.00e-05,77667.88,136151040,N/A,2025-06-07 18:25:32
8310,1.618084,2.440989,12.868270,5.00e-05,77940.47,136167424,1.0000,2025-06-07 18:25:33
8311,2.283434,2.440989,12.868270,5.00e-05,77955.01,136183808,N/A,2025-06-07 18:25:33
8312,2.390034,2.440989,12.868270,5.00e-05,78000.86,136200192,N/A,2025-06-07 18:25:33
8313,2.159501,2.440989,12.868270,5.00e-05,78482.54,136216576,N/A,2025-06-07 18:25:33
8314,2.519717,2.440989,12.868270,5.00e-05,78428.90,136232960,N/A,2025-06-07 18:25:34
8315,2.294665,2.440989,12.868270,5.00e-05,78362.37,136249344,N/A,2025-06-07 18:25:34
8316,3.039777,2.440989,12.868270,5.00e-05,78278.30,136265728,N/A,2025-06-07 18:25:34
8317,2.169364,2.440989,12.868270,5.00e-05,78042.97,136282112,N/A,2025-06-07 18:25:34
8318,2.627002,2.440989,12.868270,5.00e-05,77975.66,136298496,N/A,2025-06-07 18:25:35
8319,1.689595,2.440989,12.868270,5.00e-05,79268.19,136314880,N/A,2025-06-07 18:25:35
8320,2.391060,2.440989,12.868270,5.00e-05,77695.12,136331264,1.0000,2025-06-07 18:25:35
8321,2.827824,2.440989,12.868270,5.00e-05,77511.64,136347648,N/A,2025-06-07 18:25:35
8322,2.128213,2.440989,12.868270,5.00e-05,77472.23,136364032,N/A,2025-06-07 18:25:35
8323,1.954848,2.440989,12.868270,5.00e-05,76880.46,136380416,N/A,2025-06-07 18:25:36
8324,1.394752,2.440989,12.868270,5.00e-05,76675.73,136396800,N/A,2025-06-07 18:25:36
8325,2.463782,2.440989,12.868270,5.00e-05,76082.22,136413184,N/A,2025-06-07 18:25:36
8326,1.900601,2.440989,12.868270,5.00e-05,76263.17,136429568,N/A,2025-06-07 18:25:36
8327,2.425440,2.440989,12.868270,5.00e-05,76366.91,136445952,N/A,2025-06-07 18:25:37
8328,2.220455,2.440989,12.868270,5.00e-05,76270.00,136462336,N/A,2025-06-07 18:25:37
8329,2.687935,2.440989,12.868270,5.00e-05,77851.98,136478720,N/A,2025-06-07 18:25:37
8330,2.714811,2.440989,12.868270,5.00e-05,75978.31,136495104,1.0000,2025-06-07 18:25:37
8331,1.855156,2.440989,12.868270,5.00e-05,75668.23,136511488,N/A,2025-06-07 18:25:38
8332,2.015293,2.440989,12.868270,5.00e-05,75686.08,136527872,N/A,2025-06-07 18:25:38
8333,2.141589,2.440989,12.868270,5.00e-05,75946.05,136544256,N/A,2025-06-07 18:25:38
8334,2.306304,2.440989,12.868270,5.00e-05,76303.58,136560640,N/A,2025-06-07 18:25:38
8335,2.496917,2.440989,12.868270,5.00e-05,75300.16,136577024,N/A,2025-06-07 18:25:39
8336,2.362033,2.440989,12.868270,5.00e-05,74646.12,136593408,N/A,2025-06-07 18:25:39
8337,2.535455,2.440989,12.868270,5.00e-05,74793.49,136609792,N/A,2025-06-07 18:25:39
8338,1.818925,2.440989,12.868270,5.00e-05,74849.78,136626176,N/A,2025-06-07 18:25:39
8339,2.618217,2.440989,12.868270,5.00e-05,76684.59,136642560,N/A,2025-06-07 18:25:40
8340,1.953511,2.440989,12.868270,5.00e-05,75348.83,136658944,1.0000,2025-06-07 18:25:40
8341,2.681827,2.440989,12.868270,5.00e-05,75977.95,136675328,N/A,2025-06-07 18:25:40
8342,2.152637,2.440989,12.868270,5.00e-05,75906.91,136691712,N/A,2025-06-07 18:25:40
8343,1.824090,2.440989,12.868270,5.00e-05,76182.81,136708096,N/A,2025-06-07 18:25:41
8344,2.165217,2.440989,12.868270,5.00e-05,77179.53,136724480,N/A,2025-06-07 18:25:41
8345,2.306309,2.440989,12.868270,5.00e-05,77845.10,136740864,N/A,2025-06-07 18:25:41
8346,1.586330,2.440989,12.868270,5.00e-05,78000.99,136757248,N/A,2025-06-07 18:25:41
8347,3.666383,2.440989,12.868270,5.00e-05,77957.27,136773632,N/A,2025-06-07 18:25:41
8348,3.038109,2.440989,12.868270,5.00e-05,78002.85,136790016,N/A,2025-06-07 18:25:42
8349,1.690823,2.440989,12.868270,5.00e-05,79584.48,136806400,N/A,2025-06-07 18:25:42
8350,1.902761,2.440989,12.868270,5.00e-05,78044.46,136822784,0.8069,2025-06-07 18:25:42
8351,1.693880,2.440989,12.868270,5.00e-05,78118.66,136839168,N/A,2025-06-07 18:25:42
8352,1.589709,2.440989,12.868270,5.00e-05,78205.08,136855552,N/A,2025-06-07 18:25:43
8353,2.217392,2.440989,12.868270,5.00e-05,78211.99,136871936,N/A,2025-06-07 18:25:43
8354,1.625258,2.440989,12.868270,5.00e-05,77905.94,136888320,N/A,2025-06-07 18:25:43
8355,2.416554,2.440989,12.868270,5.00e-05,77930.28,136904704,N/A,2025-06-07 18:25:43
8356,2.910760,2.440989,12.868270,5.00e-05,77792.06,136921088,N/A,2025-06-07 18:25:44
8357,2.004512,2.440989,12.868270,5.00e-05,78004.27,136937472,N/A,2025-06-07 18:25:44
8358,2.590287,2.440989,12.868270,5.00e-05,78193.59,136953856,N/A,2025-06-07 18:25:44
8359,2.485406,2.440989,12.868270,5.00e-05,79492.20,136970240,N/A,2025-06-07 18:25:44
8360,2.073128,2.440989,12.868270,5.00e-05,78016.58,136986624,1.0000,2025-06-07 18:25:44
8361,2.428878,2.440989,12.868270,5.00e-05,77604.41,137003008,N/A,2025-06-07 18:25:45
8362,3.082946,2.440989,12.868270,5.00e-05,77824.07,137019392,N/A,2025-06-07 18:25:45
8363,2.308221,2.440989,12.868270,5.00e-05,78040.72,137035776,N/A,2025-06-07 18:25:45
8364,2.651852,2.440989,12.868270,5.00e-05,78070.27,137052160,N/A,2025-06-07 18:25:45
8365,2.410013,2.440989,12.868270,5.00e-05,78151.85,137068544,N/A,2025-06-07 18:25:46
8366,2.582621,2.440989,12.868270,5.00e-05,77654.15,137084928,N/A,2025-06-07 18:25:46
8367,2.646134,2.440989,12.868270,5.00e-05,77873.75,137101312,N/A,2025-06-07 18:25:46
8368,3.350314,2.440989,12.868270,5.00e-05,78017.16,137117696,N/A,2025-06-07 18:25:46
8369,2.454655,2.440989,12.868270,5.00e-05,79455.11,137134080,N/A,2025-06-07 18:25:47
8370,2.377859,2.440989,12.868270,5.00e-05,77964.86,137150464,1.0000,2025-06-07 18:25:47
8371,2.268460,2.440989,12.868270,5.00e-05,77811.61,137166848,N/A,2025-06-07 18:25:47
8372,2.643615,2.440989,12.868270,5.00e-05,77905.58,137183232,N/A,2025-06-07 18:25:47
8373,2.436699,2.440989,12.868270,5.00e-05,77757.55,137199616,N/A,2025-06-07 18:25:48
8374,1.747944,2.440989,12.868270,5.00e-05,77814.07,137216000,N/A,2025-06-07 18:25:48
8375,2.101719,2.440989,12.868270,5.00e-05,77969.84,137232384,N/A,2025-06-07 18:25:48
8376,2.624748,2.440989,12.868270,5.00e-05,77786.54,137248768,N/A,2025-06-07 18:25:48
8377,2.101529,2.440989,12.868270,5.00e-05,77889.14,137265152,N/A,2025-06-07 18:25:48
8378,2.187799,2.440989,12.868270,5.00e-05,77979.55,137281536,N/A,2025-06-07 18:25:49
8379,1.937002,2.440989,12.868270,5.00e-05,79721.74,137297920,N/A,2025-06-07 18:25:49
8380,2.281404,2.440989,12.868270,5.00e-05,78059.56,137314304,1.0000,2025-06-07 18:25:49
8381,2.264413,2.440989,12.868270,5.00e-05,78146.23,137330688,N/A,2025-06-07 18:25:49
8382,2.537995,2.440989,12.868270,5.00e-05,78215.12,137347072,N/A,2025-06-07 18:25:50
8383,2.312296,2.440989,12.868270,5.00e-05,78295.56,137363456,N/A,2025-06-07 18:25:50
8384,3.629304,2.440989,12.868270,5.00e-05,78627.15,137379840,N/A,2025-06-07 18:25:50
8385,3.013329,2.440989,12.868270,5.00e-05,78388.96,137396224,N/A,2025-06-07 18:25:50
8386,1.559593,2.440989,12.868270,5.00e-05,78369.64,137412608,N/A,2025-06-07 18:25:51
8387,2.242460,2.440989,12.868270,5.00e-05,78389.48,137428992,N/A,2025-06-07 18:25:51
8388,1.773746,2.440989,12.868270,5.00e-05,78471.10,137445376,N/A,2025-06-07 18:25:51
8389,2.180576,2.440989,12.868270,5.00e-05,79962.68,137461760,N/A,2025-06-07 18:25:51
8390,1.807637,2.440989,12.868270,5.00e-05,78078.36,137478144,1.0000,2025-06-07 18:25:51
8391,2.487659,2.440989,12.868270,5.00e-05,78146.09,137494528,N/A,2025-06-07 18:25:52
8392,2.057798,2.440989,12.868270,5.00e-05,77722.92,137510912,N/A,2025-06-07 18:25:52
8393,2.065621,2.440989,12.868270,5.00e-05,77253.48,137527296,N/A,2025-06-07 18:25:52
8394,3.350486,2.440989,12.868270,5.00e-05,77440.55,137543680,N/A,2025-06-07 18:25:52
8395,1.900043,2.440989,12.868270,5.00e-05,77344.72,137560064,N/A,2025-06-07 18:25:53
8396,3.060699,2.440989,12.868270,5.00e-05,77451.87,137576448,N/A,2025-06-07 18:25:53
8397,2.295553,2.440989,12.868270,5.00e-05,77512.85,137592832,N/A,2025-06-07 18:25:53
8398,2.905475,2.440989,12.868270,5.00e-05,77760.00,137609216,N/A,2025-06-07 18:25:53
8399,2.471314,2.440989,12.868270,5.00e-05,78536.33,137625600,N/A,2025-06-07 18:25:54
8400,2.680065,2.440989,12.868270,5.00e-05,77101.96,137641984,1.0000,2025-06-07 18:25:54
8401,2.104241,2.440989,12.868270,5.00e-05,76094.89,137658368,N/A,2025-06-07 18:25:54
8402,2.587174,2.440989,12.868270,5.00e-05,76444.58,137674752,N/A,2025-06-07 18:25:54
8403,2.098709,2.440989,12.868270,5.00e-05,76140.56,137691136,N/A,2025-06-07 18:25:55
8404,2.298222,2.440989,12.868270,5.00e-05,76082.67,137707520,N/A,2025-06-07 18:25:55
8405,2.151977,2.440989,12.868270,5.00e-05,75911.21,137723904,N/A,2025-06-07 18:25:55
8406,1.447475,2.440989,12.868270,5.00e-05,75931.03,137740288,N/A,2025-06-07 18:25:55
8407,2.124699,2.440989,12.868270,5.00e-05,75557.14,137756672,N/A,2025-06-07 18:25:55
8408,2.457009,2.440989,12.868270,5.00e-05,76589.63,137773056,N/A,2025-06-07 18:25:56
8409,2.286362,2.440989,12.868270,5.00e-05,77846.17,137789440,N/A,2025-06-07 18:25:56
8410,1.644452,2.440989,12.868270,5.00e-05,77819.04,137805824,1.0000,2025-06-07 18:25:56
8411,1.646364,2.440989,12.868270,5.00e-05,77917.89,137822208,N/A,2025-06-07 18:25:56
8412,1.686661,2.440989,12.868270,5.00e-05,78267.72,137838592,N/A,2025-06-07 18:25:57
8413,3.139888,2.440989,12.868270,5.00e-05,78360.02,137854976,N/A,2025-06-07 18:25:57
8414,2.442330,2.440989,12.868270,5.00e-05,78549.01,137871360,N/A,2025-06-07 18:25:57
8415,3.137274,2.440989,12.868270,5.00e-05,78536.02,137887744,N/A,2025-06-07 18:25:57
8416,2.540456,2.440989,12.868270,5.00e-05,78766.42,137904128,N/A,2025-06-07 18:25:58
8417,2.322053,2.440989,12.868270,5.00e-05,78586.03,137920512,N/A,2025-06-07 18:25:58
8418,2.010520,2.440989,12.868270,5.00e-05,78463.68,137936896,N/A,2025-06-07 18:25:58
8419,3.118095,2.440989,12.868270,5.00e-05,79884.04,137953280,N/A,2025-06-07 18:25:58
8420,1.799389,2.440989,12.868270,5.00e-05,78377.37,137969664,1.0000,2025-06-07 18:25:59
8421,2.793245,2.440989,12.868270,5.00e-05,78236.10,137986048,N/A,2025-06-07 18:25:59
8422,3.117229,2.440989,12.868270,5.00e-05,78260.66,138002432,N/A,2025-06-07 18:25:59
8423,3.252900,2.440989,12.868270,5.00e-05,78079.64,138018816,N/A,2025-06-07 18:25:59
8424,2.021405,2.440989,12.868270,5.00e-05,78094.61,138035200,N/A,2025-06-07 18:25:59
8425,0.911139,2.440989,12.868270,5.00e-05,78002.03,138051584,N/A,2025-06-07 18:26:00
8426,2.057888,2.440989,12.868270,5.00e-05,77675.50,138067968,N/A,2025-06-07 18:26:00
8427,1.712224,2.440989,12.868270,5.00e-05,77961.79,138084352,N/A,2025-06-07 18:26:00
8428,2.247070,2.440989,12.868270,5.00e-05,78065.21,138100736,N/A,2025-06-07 18:26:00
8429,2.673738,2.440989,12.868270,5.00e-05,79309.07,138117120,N/A,2025-06-07 18:26:01
8430,2.648546,2.440989,12.868270,5.00e-05,78131.64,138133504,0.9858,2025-06-07 18:26:01
8431,2.405611,2.440989,12.868270,5.00e-05,78246.55,138149888,N/A,2025-06-07 18:26:01
8432,2.462148,2.440989,12.868270,5.00e-05,78310.97,138166272,N/A,2025-06-07 18:26:01
8433,2.002668,2.440989,12.868270,5.00e-05,78224.89,138182656,N/A,2025-06-07 18:26:02
8434,2.067378,2.440989,12.868270,5.00e-05,78335.67,138199040,N/A,2025-06-07 18:26:02
8435,2.691334,2.440989,12.868270,5.00e-05,78647.44,138215424,N/A,2025-06-07 18:26:02
8436,2.292283,2.440989,12.868270,5.00e-05,78684.08,138231808,N/A,2025-06-07 18:26:02
8437,2.042473,2.440989,12.868270,5.00e-05,78496.13,138248192,N/A,2025-06-07 18:26:02
8438,1.986920,2.440989,12.868270,5.00e-05,78749.34,138264576,N/A,2025-06-07 18:26:03
8439,2.585050,2.440989,12.868270,5.00e-05,79981.79,138280960,N/A,2025-06-07 18:26:03
8440,1.728487,2.440989,12.868270,5.00e-05,77109.53,138297344,1.0000,2025-06-07 18:26:03
8441,1.889095,2.440989,12.868270,5.00e-05,77175.25,138313728,N/A,2025-06-07 18:26:03
8442,3.637979,2.440989,12.868270,5.00e-05,77116.29,138330112,N/A,2025-06-07 18:26:04
8443,2.447278,2.440989,12.868270,5.00e-05,77253.84,138346496,N/A,2025-06-07 18:26:04
8444,2.348827,2.440989,12.868270,5.00e-05,77309.51,138362880,N/A,2025-06-07 18:26:04
8445,2.309586,2.440989,12.868270,5.00e-05,76781.73,138379264,N/A,2025-06-07 18:26:04
8446,2.193101,2.440989,12.868270,5.00e-05,76853.74,138395648,N/A,2025-06-07 18:26:05
8447,2.185989,2.440989,12.868270,5.00e-05,76783.79,138412032,N/A,2025-06-07 18:26:05
8448,2.409046,2.440989,12.868270,5.00e-05,77016.21,138428416,N/A,2025-06-07 18:26:05
8449,1.993390,2.440989,12.868270,5.00e-05,79520.44,138444800,N/A,2025-06-07 18:26:05
8450,3.044312,2.440989,12.868270,5.00e-05,77780.23,138461184,1.0000,2025-06-07 18:26:06
8451,1.549131,2.440989,12.868270,5.00e-05,77918.19,138477568,N/A,2025-06-07 18:26:06
8452,2.259572,2.440989,12.868270,5.00e-05,77729.86,138493952,N/A,2025-06-07 18:26:06
8453,1.434902,2.440989,12.868270,5.00e-05,77875.87,138510336,N/A,2025-06-07 18:26:06
8454,3.005915,2.440989,12.868270,5.00e-05,78019.84,138526720,N/A,2025-06-07 18:26:06
8455,2.070944,2.440989,12.868270,5.00e-05,78122.21,138543104,N/A,2025-06-07 18:26:07
8456,2.646292,2.440989,12.868270,5.00e-05,77866.76,138559488,N/A,2025-06-07 18:26:07
8457,1.990075,2.440989,12.868270,5.00e-05,77646.41,138575872,N/A,2025-06-07 18:26:07
8458,2.340483,2.440989,12.868270,5.00e-05,77934.30,138592256,N/A,2025-06-07 18:26:07
8459,1.920724,2.440989,12.868270,5.00e-05,79510.40,138608640,N/A,2025-06-07 18:26:08
8460,3.373816,2.440989,12.868270,5.00e-05,78090.47,138625024,0.9351,2025-06-07 18:26:08
8461,2.381865,2.440989,12.868270,5.00e-05,78066.78,138641408,N/A,2025-06-07 18:26:08
8462,1.732389,2.440989,12.868270,5.00e-05,77925.79,138657792,N/A,2025-06-07 18:26:08
8463,2.273826,2.440989,12.868270,5.00e-05,78011.58,138674176,N/A,2025-06-07 18:26:09
8464,3.454886,2.440989,12.868270,5.00e-05,77929.26,138690560,N/A,2025-06-07 18:26:09
8465,2.157544,2.440989,12.868270,5.00e-05,78123.69,138706944,N/A,2025-06-07 18:26:09
8466,2.088717,2.440989,12.868270,5.00e-05,78033.25,138723328,N/A,2025-06-07 18:26:09
8467,2.475607,2.440989,12.868270,5.00e-05,77993.02,138739712,N/A,2025-06-07 18:26:09
8468,2.927047,2.440989,12.868270,5.00e-05,78085.47,138756096,N/A,2025-06-07 18:26:10
8469,2.771317,2.440989,12.868270,5.00e-05,79415.44,138772480,N/A,2025-06-07 18:26:10
8470,2.579352,2.440989,12.868270,5.00e-05,77871.04,138788864,1.0000,2025-06-07 18:26:10
8471,2.337513,2.440989,12.868270,5.00e-05,77467.55,138805248,N/A,2025-06-07 18:26:10
8472,2.276078,2.440989,12.868270,5.00e-05,77677.95,138821632,N/A,2025-06-07 18:26:11
8473,1.719811,2.440989,12.868270,5.00e-05,77618.92,138838016,N/A,2025-06-07 18:26:11
8474,2.080023,2.440989,12.868270,5.00e-05,77743.09,138854400,N/A,2025-06-07 18:26:11
8475,2.381568,2.440989,12.868270,5.00e-05,76777.60,138870784,N/A,2025-06-07 18:26:11
8476,2.837532,2.440989,12.868270,5.00e-05,76765.37,138887168,N/A,2025-06-07 18:26:12
8477,2.997927,2.440989,12.868270,5.00e-05,76891.17,138903552,N/A,2025-06-07 18:26:12
8478,2.519851,2.440989,12.868270,5.00e-05,76802.88,138919936,N/A,2025-06-07 18:26:12
8479,2.173120,2.440989,12.868270,5.00e-05,78553.58,138936320,N/A,2025-06-07 18:26:12
8480,1.808756,2.440989,12.868270,5.00e-05,77370.71,138952704,1.0000,2025-06-07 18:26:13
8481,2.221883,2.440989,12.868270,5.00e-05,76769.38,138969088,N/A,2025-06-07 18:26:13
8482,2.226293,2.440989,12.868270,5.00e-05,76842.51,138985472,N/A,2025-06-07 18:26:13
8483,2.599703,2.440989,12.868270,5.00e-05,76773.80,139001856,N/A,2025-06-07 18:26:13
8484,1.924589,2.440989,12.868270,5.00e-05,77953.32,139018240,N/A,2025-06-07 18:26:13
8485,2.716390,2.440989,12.868270,5.00e-05,77417.00,139034624,N/A,2025-06-07 18:26:14
8486,1.962484,2.440989,12.868270,5.00e-05,76130.70,139051008,N/A,2025-06-07 18:26:14
8487,2.513324,2.440989,12.868270,5.00e-05,76107.06,139067392,N/A,2025-06-07 18:26:14
8488,2.430058,2.440989,12.868270,5.00e-05,75998.24,139083776,N/A,2025-06-07 18:26:14
8489,2.691554,2.440989,12.868270,5.00e-05,77505.99,139100160,N/A,2025-06-07 18:26:15
8490,3.233540,2.440989,12.868270,5.00e-05,76537.40,139116544,1.0000,2025-06-07 18:26:15
8491,2.662770,2.440989,12.868270,5.00e-05,76034.33,139132928,N/A,2025-06-07 18:26:15
8492,2.710984,2.440989,12.868270,5.00e-05,76060.33,139149312,N/A,2025-06-07 18:26:15
8493,2.256050,2.440989,12.868270,5.00e-05,75968.10,139165696,N/A,2025-06-07 18:26:16
8494,1.702309,2.440989,12.868270,5.00e-05,76462.28,139182080,N/A,2025-06-07 18:26:16
8495,1.851233,2.440989,12.868270,5.00e-05,77647.86,139198464,N/A,2025-06-07 18:26:16
8496,2.508579,2.440989,12.868270,5.00e-05,77849.09,139214848,N/A,2025-06-07 18:26:16
8497,2.365710,2.440989,12.868270,5.00e-05,77908.04,139231232,N/A,2025-06-07 18:26:17
8498,3.749297,2.440989,12.868270,5.00e-05,78004.01,139247616,N/A,2025-06-07 18:26:17
8499,1.712753,2.440989,12.868270,5.00e-05,79611.43,139264000,N/A,2025-06-07 18:26:17
8500,2.797168,2.440989,12.868270,5.00e-05,78456.41,139280384,0.9943,2025-06-07 18:26:17
8501,2.081996,2.440989,12.868270,5.00e-05,77046.86,139296768,N/A,2025-06-07 18:26:18
8502,2.027469,2.440989,12.868270,5.00e-05,76913.80,139313152,N/A,2025-06-07 18:26:18
8503,2.226470,2.440989,12.868270,5.00e-05,76932.50,139329536,N/A,2025-06-07 18:26:18
8504,1.483811,2.440989,12.868270,5.00e-05,76822.31,139345920,N/A,2025-06-07 18:26:18
8505,2.119504,2.440989,12.868270,5.00e-05,76726.31,139362304,N/A,2025-06-07 18:26:18
8506,2.596745,2.440989,12.868270,5.00e-05,76622.12,139378688,N/A,2025-06-07 18:26:19
8507,2.609990,2.440989,12.868270,5.00e-05,76605.13,139395072,N/A,2025-06-07 18:26:19
8508,1.653504,2.440989,12.868270,5.00e-05,76624.43,139411456,N/A,2025-06-07 18:26:19
8509,2.944929,2.440989,12.868270,5.00e-05,78162.47,139427840,N/A,2025-06-07 18:26:19
8510,1.655583,2.440989,12.868270,5.00e-05,78043.21,139444224,1.0000,2025-06-07 18:26:20
8511,2.857794,2.440989,12.868270,5.00e-05,77994.74,139460608,N/A,2025-06-07 18:26:20
8512,2.503016,2.440989,12.868270,5.00e-05,77955.02,139476992,N/A,2025-06-07 18:26:20
8513,2.360290,2.440989,12.868270,5.00e-05,77912.64,139493376,N/A,2025-06-07 18:26:20
8514,3.470952,2.440989,12.868270,5.00e-05,78036.97,139509760,N/A,2025-06-07 18:26:21
8515,2.170925,2.440989,12.868270,5.00e-05,78114.46,139526144,N/A,2025-06-07 18:26:21
8516,1.816206,2.440989,12.868270,5.00e-05,78067.74,139542528,N/A,2025-06-07 18:26:21
8517,2.020636,2.440989,12.868270,5.00e-05,78022.35,139558912,N/A,2025-06-07 18:26:21
8518,1.510720,2.440989,12.868270,5.00e-05,78086.01,139575296,N/A,2025-06-07 18:26:21
8519,2.077128,2.440989,12.868270,5.00e-05,79528.81,139591680,N/A,2025-06-07 18:26:22
8520,2.099517,2.440989,12.868270,5.00e-05,77931.94,139608064,1.0000,2025-06-07 18:26:22
8521,1.667088,2.440989,12.868270,5.00e-05,77842.08,139624448,N/A,2025-06-07 18:26:22
8522,2.122735,2.440989,12.868270,5.00e-05,77788.48,139640832,N/A,2025-06-07 18:26:22
8523,2.440192,2.440989,12.868270,5.00e-05,77782.79,139657216,N/A,2025-06-07 18:26:23
8524,2.321812,2.440989,12.868270,5.00e-05,77836.14,139673600,N/A,2025-06-07 18:26:23
8525,2.992805,2.440989,12.868270,5.00e-05,77814.44,139689984,N/A,2025-06-07 18:26:23
8526,1.666958,2.440989,12.868270,5.00e-05,77893.33,139706368,N/A,2025-06-07 18:26:23
8527,2.475378,2.440989,12.868270,5.00e-05,77926.88,139722752,N/A,2025-06-07 18:26:24
8528,2.738869,2.440989,12.868270,5.00e-05,77901.68,139739136,N/A,2025-06-07 18:26:24
8529,1.977510,2.440989,12.868270,5.00e-05,79668.90,139755520,N/A,2025-06-07 18:26:24
8530,2.003924,2.440989,12.868270,5.00e-05,78168.74,139771904,1.0000,2025-06-07 18:26:24
8531,1.565809,2.440989,12.868270,5.00e-05,78338.42,139788288,N/A,2025-06-07 18:26:25
8532,2.311300,2.440989,12.868270,5.00e-05,78377.98,139804672,N/A,2025-06-07 18:26:25
8533,2.229616,2.440989,12.868270,5.00e-05,78300.71,139821056,N/A,2025-06-07 18:26:25
8534,2.077584,2.440989,12.868270,5.00e-05,78035.80,139837440,N/A,2025-06-07 18:26:25
8535,2.639159,2.440989,12.868270,5.00e-05,77893.20,139853824,N/A,2025-06-07 18:26:25
8536,2.104239,2.440989,12.868270,5.00e-05,77833.11,139870208,N/A,2025-06-07 18:26:26
8537,1.595088,2.440989,12.868270,5.00e-05,77612.74,139886592,N/A,2025-06-07 18:26:26
8538,1.631624,2.440989,12.868270,5.00e-05,77370.84,139902976,N/A,2025-06-07 18:26:26
8539,1.856296,2.440989,12.868270,5.00e-05,78908.97,139919360,N/A,2025-06-07 18:26:26
8540,2.686254,2.440989,12.868270,5.00e-05,77112.05,139935744,1.0000,2025-06-07 18:26:27
8541,2.306402,2.440989,12.868270,5.00e-05,76962.59,139952128,N/A,2025-06-07 18:26:27
8542,2.376202,2.440989,12.868270,5.00e-05,76808.40,139968512,N/A,2025-06-07 18:26:27
8543,2.105925,2.440989,12.868270,5.00e-05,76899.72,139984896,N/A,2025-06-07 18:26:27
8544,2.747128,2.440989,12.868270,5.00e-05,76730.78,140001280,N/A,2025-06-07 18:26:28
8545,2.554430,2.440989,12.868270,5.00e-05,76711.01,140017664,N/A,2025-06-07 18:26:28
8546,2.181467,2.440989,12.868270,5.00e-05,76506.10,140034048,N/A,2025-06-07 18:26:28
8547,2.183270,2.440989,12.868270,5.00e-05,76386.21,140050432,N/A,2025-06-07 18:26:28
8548,1.964466,2.440989,12.868270,5.00e-05,76340.18,140066816,N/A,2025-06-07 18:26:28
8549,1.884024,2.440989,12.868270,5.00e-05,77960.39,140083200,N/A,2025-06-07 18:26:29
8550,2.139404,2.440989,12.868270,5.00e-05,76521.25,140099584,1.0000,2025-06-07 18:26:29
8551,2.004177,2.440989,12.868270,5.00e-05,76448.29,140115968,N/A,2025-06-07 18:26:29
8552,2.102497,2.440989,12.868270,5.00e-05,76571.42,140132352,N/A,2025-06-07 18:26:29
8553,2.039450,2.440989,12.868270,5.00e-05,76517.66,140148736,N/A,2025-06-07 18:26:30
8554,1.673010,2.440989,12.868270,5.00e-05,75495.58,140165120,N/A,2025-06-07 18:26:30
8555,1.743812,2.440989,12.868270,5.00e-05,75956.28,140181504,N/A,2025-06-07 18:26:30
8556,2.221430,2.440989,12.868270,5.00e-05,76594.41,140197888,N/A,2025-06-07 18:26:30
8557,1.562676,2.440989,12.868270,5.00e-05,76647.03,140214272,N/A,2025-06-07 18:26:31
8558,2.472328,2.440989,12.868270,5.00e-05,76618.60,140230656,N/A,2025-06-07 18:26:31
8559,2.437195,2.440989,12.868270,5.00e-05,77715.88,140247040,N/A,2025-06-07 18:26:31
8560,2.461386,2.440989,12.868270,5.00e-05,76437.29,140263424,1.0000,2025-06-07 18:26:31
8561,2.555662,2.440989,12.868270,5.00e-05,76378.23,140279808,N/A,2025-06-07 18:26:32
8562,2.549573,2.440989,12.868270,5.00e-05,76661.59,140296192,N/A,2025-06-07 18:26:32
8563,2.507010,2.440989,12.868270,5.00e-05,76731.98,140312576,N/A,2025-06-07 18:26:32
8564,2.329040,2.440989,12.868270,5.00e-05,76303.73,140328960,N/A,2025-06-07 18:26:32
8565,2.328418,2.440989,12.868270,5.00e-05,75837.04,140345344,N/A,2025-06-07 18:26:33
8566,2.396870,2.440989,12.868270,5.00e-05,75844.78,140361728,N/A,2025-06-07 18:26:33
8567,2.116682,2.440989,12.868270,5.00e-05,76010.13,140378112,N/A,2025-06-07 18:26:33
8568,2.074547,2.440989,12.868270,5.00e-05,76288.20,140394496,N/A,2025-06-07 18:26:33
8569,1.832775,2.440989,12.868270,5.00e-05,77681.32,140410880,N/A,2025-06-07 18:26:33
8570,2.514169,2.440989,12.868270,5.00e-05,76038.24,140427264,1.0000,2025-06-07 18:26:34
8571,1.964642,2.440989,12.868270,5.00e-05,76039.94,140443648,N/A,2025-06-07 18:26:34
8572,2.771978,2.440989,12.868270,5.00e-05,77092.46,140460032,N/A,2025-06-07 18:26:34
8573,2.375197,2.440989,12.868270,5.00e-05,77593.43,140476416,N/A,2025-06-07 18:26:34
8574,2.395086,2.440989,12.868270,5.00e-05,77914.10,140492800,N/A,2025-06-07 18:26:35
8575,2.168201,2.440989,12.868270,5.00e-05,77818.38,140509184,N/A,2025-06-07 18:26:35
8576,1.874157,2.440989,12.868270,5.00e-05,77966.86,140525568,N/A,2025-06-07 18:26:35
8577,2.400750,2.440989,12.868270,5.00e-05,78020.89,140541952,N/A,2025-06-07 18:26:35
8578,1.974923,2.440989,12.868270,5.00e-05,78240.47,140558336,N/A,2025-06-07 18:26:36
8579,2.762082,2.440989,12.868270,5.00e-05,80127.78,140574720,N/A,2025-06-07 18:26:36
8580,2.279250,2.440989,12.868270,5.00e-05,77762.34,140591104,1.0000,2025-06-07 18:26:36
8581,1.695671,2.440989,12.868270,5.00e-05,77624.81,140607488,N/A,2025-06-07 18:26:36
8582,2.247841,2.440989,12.868270,5.00e-05,77585.51,140623872,N/A,2025-06-07 18:26:37
8583,2.759627,2.440989,12.868270,5.00e-05,77400.46,140640256,N/A,2025-06-07 18:26:37
8584,2.323638,2.440989,12.868270,5.00e-05,77297.58,140656640,N/A,2025-06-07 18:26:37
8585,2.457505,2.440989,12.868270,5.00e-05,77179.89,140673024,N/A,2025-06-07 18:26:37
8586,2.172425,2.440989,12.868270,5.00e-05,77262.24,140689408,N/A,2025-06-07 18:26:37
8587,3.700495,2.440989,12.868270,5.00e-05,77186.98,140705792,N/A,2025-06-07 18:26:38
8588,2.594788,2.440989,12.868270,5.00e-05,77277.57,140722176,N/A,2025-06-07 18:26:38
8589,1.715339,2.440989,12.868270,5.00e-05,79519.27,140738560,N/A,2025-06-07 18:26:38
8590,2.378505,2.440989,12.868270,5.00e-05,78103.85,140754944,1.0000,2025-06-07 18:26:38
8591,2.067513,2.440989,12.868270,5.00e-05,77887.30,140771328,N/A,2025-06-07 18:26:39
8592,1.848956,2.440989,12.868270,5.00e-05,77989.56,140787712,N/A,2025-06-07 18:26:39
8593,1.759224,2.440989,12.868270,5.00e-05,78073.51,140804096,N/A,2025-06-07 18:26:39
8594,2.183539,2.440989,12.868270,5.00e-05,78001.00,140820480,N/A,2025-06-07 18:26:39
8595,2.391305,2.440989,12.868270,5.00e-05,77947.42,140836864,N/A,2025-06-07 18:26:40
8596,2.388990,2.440989,12.868270,5.00e-05,77862.95,140853248,N/A,2025-06-07 18:26:40
8597,2.096533,2.440989,12.868270,5.00e-05,77800.80,140869632,N/A,2025-06-07 18:26:40
8598,2.255310,2.440989,12.868270,5.00e-05,77754.12,140886016,N/A,2025-06-07 18:26:40
8599,2.603115,2.440989,12.868270,5.00e-05,78496.44,140902400,N/A,2025-06-07 18:26:41
8600,2.905352,2.440989,12.868270,5.00e-05,77307.21,140918784,1.0000,2025-06-07 18:26:41
8601,2.677308,2.440989,12.868270,5.00e-05,76019.48,140935168,N/A,2025-06-07 18:26:41
8602,2.261160,2.440989,12.868270,5.00e-05,76281.20,140951552,N/A,2025-06-07 18:26:41
8603,2.685539,2.440989,12.868270,5.00e-05,76198.35,140967936,N/A,2025-06-07 18:26:41
8604,1.282120,2.440989,12.868270,5.00e-05,76276.93,140984320,N/A,2025-06-07 18:26:42
8605,2.543509,2.440989,12.868270,5.00e-05,76314.34,141000704,N/A,2025-06-07 18:26:42
8606,2.394422,2.440989,12.868270,5.00e-05,76078.17,141017088,N/A,2025-06-07 18:26:42
8607,2.970972,2.440989,12.868270,5.00e-05,76271.63,141033472,N/A,2025-06-07 18:26:42
8608,2.244461,2.440989,12.868270,5.00e-05,76582.14,141049856,N/A,2025-06-07 18:26:43
8609,2.079000,2.440989,12.868270,5.00e-05,77932.01,141066240,N/A,2025-06-07 18:26:43
8610,3.242862,2.440989,12.868270,5.00e-05,77531.11,141082624,1.0000,2025-06-07 18:26:43
8611,1.807625,2.440989,12.868270,5.00e-05,77069.89,141099008,N/A,2025-06-07 18:26:43
8612,2.284998,2.440989,12.868270,5.00e-05,77242.35,141115392,N/A,2025-06-07 18:26:44
8613,2.546295,2.440989,12.868270,5.00e-05,77097.33,141131776,N/A,2025-06-07 18:26:44
8614,1.371381,2.440989,12.868270,5.00e-05,77025.61,141148160,N/A,2025-06-07 18:26:44
8615,2.159169,2.440989,12.868270,5.00e-05,77069.68,141164544,N/A,2025-06-07 18:26:44
8616,2.058181,2.440989,12.868270,5.00e-05,76910.82,141180928,N/A,2025-06-07 18:26:45
8617,1.976328,2.440989,12.868270,5.00e-05,77429.26,141197312,N/A,2025-06-07 18:26:45
8618,2.154494,2.440989,12.868270,5.00e-05,76870.32,141213696,N/A,2025-06-07 18:26:45
8619,2.406123,2.440989,12.868270,5.00e-05,78506.96,141230080,N/A,2025-06-07 18:26:45
8620,2.439305,2.440989,12.868270,5.00e-05,77198.51,141246464,1.0000,2025-06-07 18:26:46
8621,2.019893,2.440989,12.868270,5.00e-05,77260.68,141262848,N/A,2025-06-07 18:26:46
8622,2.066942,2.440989,12.868270,5.00e-05,77420.13,141279232,N/A,2025-06-07 18:26:46
8623,3.025784,2.440989,12.868270,5.00e-05,77565.60,141295616,N/A,2025-06-07 18:26:46
8624,2.296205,2.440989,12.868270,5.00e-05,77730.21,141312000,N/A,2025-06-07 18:26:46
8625,2.623176,2.440989,12.868270,5.00e-05,77795.60,141328384,N/A,2025-06-07 18:26:47
8626,1.873535,2.440989,12.868270,5.00e-05,77718.08,141344768,N/A,2025-06-07 18:26:47
8627,2.131135,2.440989,12.868270,5.00e-05,78201.66,141361152,N/A,2025-06-07 18:26:47
8628,1.689624,2.440989,12.868270,5.00e-05,78236.06,141377536,N/A,2025-06-07 18:26:47
8629,1.949579,2.440989,12.868270,5.00e-05,79758.63,141393920,N/A,2025-06-07 18:26:48
8630,2.752941,2.440989,12.868270,5.00e-05,78183.91,141410304,1.0000,2025-06-07 18:26:48
8631,2.775947,2.440989,12.868270,5.00e-05,78136.86,141426688,N/A,2025-06-07 18:26:48
8632,2.616626,2.440989,12.868270,5.00e-05,78038.87,141443072,N/A,2025-06-07 18:26:48
8633,1.977059,2.440989,12.868270,5.00e-05,78618.34,141459456,N/A,2025-06-07 18:26:49
8634,1.576139,2.440989,12.868270,5.00e-05,78652.56,141475840,N/A,2025-06-07 18:26:49
8635,1.839195,2.440989,12.868270,5.00e-05,78714.03,141492224,N/A,2025-06-07 18:26:49
8636,2.811217,2.440989,12.868270,5.00e-05,78842.20,141508608,N/A,2025-06-07 18:26:49
8637,2.216060,2.440989,12.868270,5.00e-05,78634.80,141524992,N/A,2025-06-07 18:26:49
8638,1.926638,2.440989,12.868270,5.00e-05,78800.58,141541376,N/A,2025-06-07 18:26:50
8639,2.297001,2.440989,12.868270,5.00e-05,80261.51,141557760,N/A,2025-06-07 18:26:50
8640,2.249588,2.440989,12.868270,5.00e-05,77996.01,141574144,1.0000,2025-06-07 18:26:50
8641,1.827026,2.440989,12.868270,5.00e-05,77917.89,141590528,N/A,2025-06-07 18:26:50
8642,2.855894,2.440989,12.868270,5.00e-05,77302.05,141606912,N/A,2025-06-07 18:26:51
8643,2.663272,2.440989,12.868270,5.00e-05,77416.64,141623296,N/A,2025-06-07 18:26:51
8644,2.730171,2.440989,12.868270,5.00e-05,77375.31,141639680,N/A,2025-06-07 18:26:51
8645,2.498751,2.440989,12.868270,5.00e-05,77489.11,141656064,N/A,2025-06-07 18:26:51
8646,2.531290,2.440989,12.868270,5.00e-05,77532.55,141672448,N/A,2025-06-07 18:26:52
8647,2.890141,2.440989,12.868270,5.00e-05,77648.44,141688832,N/A,2025-06-07 18:26:52
8648,2.582831,2.440989,12.868270,5.00e-05,77798.57,141705216,N/A,2025-06-07 18:26:52
8649,2.528518,2.440989,12.868270,5.00e-05,79945.02,141721600,N/A,2025-06-07 18:26:52
8650,1.223739,2.440989,12.868270,5.00e-05,78600.75,141737984,1.0000,2025-06-07 18:26:52
8651,1.649099,2.440989,12.868270,5.00e-05,78595.57,141754368,N/A,2025-06-07 18:26:53
8652,2.209537,2.440989,12.868270,5.00e-05,78566.36,141770752,N/A,2025-06-07 18:26:53
8653,2.529902,2.440989,12.868270,5.00e-05,78491.26,141787136,N/A,2025-06-07 18:26:53
8654,1.811364,2.440989,12.868270,5.00e-05,78269.20,141803520,N/A,2025-06-07 18:26:53
8655,2.395129,2.440989,12.868270,5.00e-05,78340.89,141819904,N/A,2025-06-07 18:26:54
8656,2.241014,2.440989,12.868270,5.00e-05,78088.23,141836288,N/A,2025-06-07 18:26:54
8657,2.837313,2.440989,12.868270,5.00e-05,77987.95,141852672,N/A,2025-06-07 18:26:54
8658,2.620660,2.440989,12.868270,5.00e-05,78031.45,141869056,N/A,2025-06-07 18:26:54
8659,2.137023,2.440989,12.868270,5.00e-05,79378.03,141885440,N/A,2025-06-07 18:26:55
8660,1.951520,2.440989,12.868270,5.00e-05,77771.40,141901824,1.0000,2025-06-07 18:26:55
8661,2.924652,2.440989,12.868270,5.00e-05,77628.20,141918208,N/A,2025-06-07 18:26:55
8662,2.195781,2.440989,12.868270,5.00e-05,77640.63,141934592,N/A,2025-06-07 18:26:55
8663,1.833054,2.440989,12.868270,5.00e-05,77511.41,141950976,N/A,2025-06-07 18:26:56
8664,1.637034,2.440989,12.868270,5.00e-05,77718.05,141967360,N/A,2025-06-07 18:26:56
8665,2.725505,2.440989,12.868270,5.00e-05,77821.04,141983744,N/A,2025-06-07 18:26:56
8666,1.520604,2.440989,12.868270,5.00e-05,77598.17,142000128,N/A,2025-06-07 18:26:56
8667,3.081830,2.440989,12.868270,5.00e-05,77628.71,142016512,N/A,2025-06-07 18:26:56
8668,3.107333,2.440989,12.868270,5.00e-05,77774.85,142032896,N/A,2025-06-07 18:26:57
8669,1.964765,2.440989,12.868270,5.00e-05,79915.21,142049280,N/A,2025-06-07 18:26:57
8670,2.974833,2.440989,12.868270,5.00e-05,78567.90,142065664,1.0000,2025-06-07 18:26:57
8671,2.708554,2.440989,12.868270,5.00e-05,78706.20,142082048,N/A,2025-06-07 18:26:57
8672,1.828250,2.440989,12.868270,5.00e-05,78676.21,142098432,N/A,2025-06-07 18:26:58
8673,2.476318,2.440989,12.868270,5.00e-05,78432.93,142114816,N/A,2025-06-07 18:26:58
8674,1.842029,2.440989,12.868270,5.00e-05,78314.96,142131200,N/A,2025-06-07 18:26:58
8675,2.156760,2.440989,12.868270,5.00e-05,78280.34,142147584,N/A,2025-06-07 18:26:58
8676,2.345896,2.440989,12.868270,5.00e-05,78097.32,142163968,N/A,2025-06-07 18:26:59
8677,2.554762,2.440989,12.868270,5.00e-05,77912.78,142180352,N/A,2025-06-07 18:26:59
8678,2.258934,2.440989,12.868270,5.00e-05,76255.20,142196736,N/A,2025-06-07 18:26:59
8679,1.759151,2.440989,12.868270,5.00e-05,77501.18,142213120,N/A,2025-06-07 18:26:59
8680,2.447246,2.440989,12.868270,5.00e-05,75664.51,142229504,1.0000,2025-06-07 18:27:00
8681,1.467861,2.440989,12.868270,5.00e-05,75865.73,142245888,N/A,2025-06-07 18:27:00
8682,2.499673,2.440989,12.868270,5.00e-05,75924.65,142262272,N/A,2025-06-07 18:27:00
8683,2.526951,2.440989,12.868270,5.00e-05,76012.51,142278656,N/A,2025-06-07 18:27:00
8684,3.073841,2.440989,12.868270,5.00e-05,76193.97,142295040,N/A,2025-06-07 18:27:00
8685,3.278053,2.440989,12.868270,5.00e-05,76392.93,142311424,N/A,2025-06-07 18:27:01
8686,2.246909,2.440989,12.868270,5.00e-05,76493.90,142327808,N/A,2025-06-07 18:27:01
8687,1.769736,2.440989,12.868270,5.00e-05,77339.86,142344192,N/A,2025-06-07 18:27:01
8688,2.398055,2.440989,12.868270,5.00e-05,77412.27,142360576,N/A,2025-06-07 18:27:01
8689,2.748750,2.440989,12.868270,5.00e-05,79264.14,142376960,N/A,2025-06-07 18:27:02
8690,2.241334,2.440989,12.868270,5.00e-05,77358.46,142393344,0.9702,2025-06-07 18:27:02
8691,1.614033,2.440989,12.868270,5.00e-05,77262.99,142409728,N/A,2025-06-07 18:27:02
8692,2.244001,2.440989,12.868270,5.00e-05,77286.80,142426112,N/A,2025-06-07 18:27:02
8693,3.899153,2.440989,12.868270,5.00e-05,77394.76,142442496,N/A,2025-06-07 18:27:03
8694,2.425033,2.440989,12.868270,5.00e-05,77356.69,142458880,N/A,2025-06-07 18:27:03
8695,1.924658,2.440989,12.868270,5.00e-05,77363.47,142475264,N/A,2025-06-07 18:27:03
8696,2.663053,2.440989,12.868270,5.00e-05,77535.21,142491648,N/A,2025-06-07 18:27:03
8697,1.892742,2.440989,12.868270,5.00e-05,77581.39,142508032,N/A,2025-06-07 18:27:03
8698,2.134529,2.440989,12.868270,5.00e-05,77597.54,142524416,N/A,2025-06-07 18:27:04
8699,2.360118,2.440989,12.868270,5.00e-05,79481.85,142540800,N/A,2025-06-07 18:27:04
8700,2.612206,2.440989,12.868270,5.00e-05,78129.24,142557184,1.0000,2025-06-07 18:27:04
8701,1.874383,2.440989,12.868270,5.00e-05,76761.37,142573568,N/A,2025-06-07 18:27:04
8702,2.457153,2.440989,12.868270,5.00e-05,76757.44,142589952,N/A,2025-06-07 18:27:05
8703,1.919827,2.440989,12.868270,5.00e-05,76630.30,142606336,N/A,2025-06-07 18:27:05
8704,2.355006,2.440989,12.868270,5.00e-05,76681.92,142622720,N/A,2025-06-07 18:27:05
8705,1.955771,2.440989,12.868270,5.00e-05,76949.12,142639104,N/A,2025-06-07 18:27:05
8706,3.153117,2.440989,12.868270,5.00e-05,76709.51,142655488,N/A,2025-06-07 18:27:06
8707,2.243598,2.440989,12.868270,5.00e-05,76752.89,142671872,N/A,2025-06-07 18:27:06
8708,2.166033,2.440989,12.868270,5.00e-05,76823.43,142688256,N/A,2025-06-07 18:27:06
8709,2.442215,2.440989,12.868270,5.00e-05,78056.30,142704640,N/A,2025-06-07 18:27:06
8710,1.789694,2.440989,12.868270,5.00e-05,77867.91,142721024,1.0000,2025-06-07 18:27:07
8711,2.349549,2.440989,12.868270,5.00e-05,77786.06,142737408,N/A,2025-06-07 18:27:07
8712,1.636156,2.440989,12.868270,5.00e-05,77975.92,142753792,N/A,2025-06-07 18:27:07
8713,2.208746,2.440989,12.868270,5.00e-05,77649.49,142770176,N/A,2025-06-07 18:27:07
8714,1.767227,2.440989,12.868270,5.00e-05,77452.93,142786560,N/A,2025-06-07 18:27:07
8715,2.514525,2.440989,12.868270,5.00e-05,77454.52,142802944,N/A,2025-06-07 18:27:08
8716,1.448521,2.440989,12.868270,5.00e-05,77403.61,142819328,N/A,2025-06-07 18:27:08
8717,2.387259,2.440989,12.868270,5.00e-05,77204.52,142835712,N/A,2025-06-07 18:27:08
8718,1.462305,2.440989,12.868270,5.00e-05,77318.46,142852096,N/A,2025-06-07 18:27:08
8719,1.733292,2.440989,12.868270,5.00e-05,78759.30,142868480,N/A,2025-06-07 18:27:09
8720,2.436558,2.440989,12.868270,5.00e-05,77201.12,142884864,1.0000,2025-06-07 18:27:09
8721,1.167146,2.440989,12.868270,5.00e-05,76867.63,142901248,N/A,2025-06-07 18:27:09
8722,1.285953,2.440989,12.868270,5.00e-05,76938.24,142917632,N/A,2025-06-07 18:27:09
8723,2.510524,2.440989,12.868270,5.00e-05,76967.34,142934016,N/A,2025-06-07 18:27:10
8724,2.441524,2.440989,12.868270,5.00e-05,77057.62,142950400,N/A,2025-06-07 18:27:10
8725,2.236589,2.440989,12.868270,5.00e-05,76925.60,142966784,N/A,2025-06-07 18:27:10
8726,2.306558,2.440989,12.868270,5.00e-05,76882.22,142983168,N/A,2025-06-07 18:27:10
8727,1.875051,2.440989,12.868270,5.00e-05,76951.28,142999552,N/A,2025-06-07 18:27:11
8728,2.135197,2.440989,12.868270,5.00e-05,76945.20,143015936,N/A,2025-06-07 18:27:11
8729,2.291195,2.440989,12.868270,5.00e-05,78473.38,143032320,N/A,2025-06-07 18:27:11
8730,3.502779,2.440989,12.868270,5.00e-05,77331.46,143048704,1.0000,2025-06-07 18:27:11
8731,3.290039,2.440989,12.868270,5.00e-05,77574.09,143065088,N/A,2025-06-07 18:27:11
8732,2.858250,2.440989,12.868270,5.00e-05,77603.65,143081472,N/A,2025-06-07 18:27:12
8733,1.816473,2.440989,12.868270,5.00e-05,77813.44,143097856,N/A,2025-06-07 18:27:12
8734,1.917842,2.440989,12.868270,5.00e-05,77871.53,143114240,N/A,2025-06-07 18:27:12
8735,2.399816,2.440989,12.868270,5.00e-05,78141.28,143130624,N/A,2025-06-07 18:27:12
8736,2.176938,2.440989,12.868270,5.00e-05,78093.54,143147008,N/A,2025-06-07 18:27:13
8737,2.340226,2.440989,12.868270,5.00e-05,77274.35,143163392,N/A,2025-06-07 18:27:13
8738,1.938628,2.440989,12.868270,5.00e-05,77317.34,143179776,N/A,2025-06-07 18:27:13
8739,2.303705,2.440989,12.868270,5.00e-05,78735.21,143196160,N/A,2025-06-07 18:27:13
8740,2.727051,2.440989,12.868270,5.00e-05,76788.34,143212544,1.0000,2025-06-07 18:27:14
8741,2.359015,2.440989,12.868270,5.00e-05,76643.58,143228928,N/A,2025-06-07 18:27:14
8742,2.607543,2.440989,12.868270,5.00e-05,76686.90,143245312,N/A,2025-06-07 18:27:14
8743,2.463648,2.440989,12.868270,5.00e-05,76921.86,143261696,N/A,2025-06-07 18:27:14
8744,2.700356,2.440989,12.868270,5.00e-05,76906.85,143278080,N/A,2025-06-07 18:27:15
8745,2.077482,2.440989,12.868270,5.00e-05,77100.29,143294464,N/A,2025-06-07 18:27:15
8746,3.069559,2.440989,12.868270,5.00e-05,78063.97,143310848,N/A,2025-06-07 18:27:15
8747,2.154526,2.440989,12.868270,5.00e-05,78158.98,143327232,N/A,2025-06-07 18:27:15
8748,1.909074,2.440989,12.868270,5.00e-05,78115.33,143343616,N/A,2025-06-07 18:27:15
8749,2.022265,2.440989,12.868270,5.00e-05,80027.56,143360000,N/A,2025-06-07 18:27:16
8750,1.913109,2.440989,12.868270,5.00e-05,78623.51,143376384,1.0000,2025-06-07 18:27:16
8751,2.611354,2.440989,12.868270,5.00e-05,78487.91,143392768,N/A,2025-06-07 18:27:16
8752,1.736634,2.440989,12.868270,5.00e-05,78419.71,143409152,N/A,2025-06-07 18:27:16
8753,2.384238,2.440989,12.868270,5.00e-05,78367.85,143425536,N/A,2025-06-07 18:27:17
8754,2.326960,2.440989,12.868270,5.00e-05,78380.06,143441920,N/A,2025-06-07 18:27:17
8755,2.961226,2.440989,12.868270,5.00e-05,78510.43,143458304,N/A,2025-06-07 18:27:17
8756,3.560108,2.440989,12.868270,5.00e-05,78715.18,143474688,N/A,2025-06-07 18:27:17
8757,2.550586,2.440989,12.868270,5.00e-05,78905.96,143491072,N/A,2025-06-07 18:27:18
8758,2.596759,2.440989,12.868270,5.00e-05,78543.48,143507456,N/A,2025-06-07 18:27:18
8759,2.812925,2.440989,12.868270,5.00e-05,80100.93,143523840,N/A,2025-06-07 18:27:18
8760,2.520888,2.440989,12.868270,5.00e-05,78683.54,143540224,1.0000,2025-06-07 18:27:18
8761,3.336459,2.440989,12.868270,5.00e-05,78711.94,143556608,N/A,2025-06-07 18:27:18
8762,2.604610,2.440989,12.868270,5.00e-05,78716.59,143572992,N/A,2025-06-07 18:27:19
8763,2.154552,2.440989,12.868270,5.00e-05,78596.28,143589376,N/A,2025-06-07 18:27:19
8764,1.867429,2.440989,12.868270,5.00e-05,78544.49,143605760,N/A,2025-06-07 18:27:19
8765,2.375208,2.440989,12.868270,5.00e-05,78195.49,143622144,N/A,2025-06-07 18:27:19
8766,3.132869,2.440989,12.868270,5.00e-05,78161.81,143638528,N/A,2025-06-07 18:27:20
8767,2.254308,2.440989,12.868270,5.00e-05,78523.50,143654912,N/A,2025-06-07 18:27:20
8768,1.292459,2.440989,12.868270,5.00e-05,78494.63,143671296,N/A,2025-06-07 18:27:20
8769,2.538702,2.440989,12.868270,5.00e-05,79898.69,143687680,N/A,2025-06-07 18:27:20
8770,2.337553,2.440989,12.868270,5.00e-05,78225.60,143704064,0.9929,2025-06-07 18:27:21
8771,2.244078,2.440989,12.868270,5.00e-05,78300.94,143720448,N/A,2025-06-07 18:27:21
8772,2.519855,2.440989,12.868270,5.00e-05,78042.85,143736832,N/A,2025-06-07 18:27:21
8773,1.272083,2.440989,12.868270,5.00e-05,77866.47,143753216,N/A,2025-06-07 18:27:21
8774,2.139998,2.440989,12.868270,5.00e-05,77979.73,143769600,N/A,2025-06-07 18:27:21
8775,1.945950,2.440989,12.868270,5.00e-05,77882.41,143785984,N/A,2025-06-07 18:27:22
8776,1.981138,2.440989,12.868270,5.00e-05,78028.27,143802368,N/A,2025-06-07 18:27:22
8777,2.611879,2.440989,12.868270,5.00e-05,77995.81,143818752,N/A,2025-06-07 18:27:22
8778,2.230999,2.440989,12.868270,5.00e-05,78072.25,143835136,N/A,2025-06-07 18:27:22
8779,3.756163,2.440989,12.868270,5.00e-05,79607.21,143851520,N/A,2025-06-07 18:27:23
8780,2.040915,2.440989,12.868270,5.00e-05,78040.45,143867904,1.0000,2025-06-07 18:27:23
8781,1.742297,2.440989,12.868270,5.00e-05,78355.16,143884288,N/A,2025-06-07 18:27:23
8782,2.429671,2.440989,12.868270,5.00e-05,78505.06,143900672,N/A,2025-06-07 18:27:23
8783,1.698763,2.440989,12.868270,5.00e-05,78545.58,143917056,N/A,2025-06-07 18:27:24
8784,3.086603,2.440989,12.868270,5.00e-05,78550.02,143933440,N/A,2025-06-07 18:27:24
8785,1.587385,2.440989,12.868270,5.00e-05,78275.01,143949824,N/A,2025-06-07 18:27:24
8786,2.470455,2.440989,12.868270,5.00e-05,78369.18,143966208,N/A,2025-06-07 18:27:24
8787,2.113347,2.440989,12.868270,5.00e-05,78378.72,143982592,N/A,2025-06-07 18:27:24
8788,1.982050,2.440989,12.868270,5.00e-05,78435.04,143998976,N/A,2025-06-07 18:27:25
8789,2.233508,2.440989,12.868270,5.00e-05,79885.90,144015360,N/A,2025-06-07 18:27:25
8790,2.806674,2.440989,12.868270,5.00e-05,78259.07,144031744,1.0000,2025-06-07 18:27:25
8791,1.667658,2.440989,12.868270,5.00e-05,78138.11,144048128,N/A,2025-06-07 18:27:25
8792,2.591160,2.440989,12.868270,5.00e-05,77802.79,144064512,N/A,2025-06-07 18:27:26
8793,3.567242,2.440989,12.868270,5.00e-05,77550.56,144080896,N/A,2025-06-07 18:27:26
8794,2.715339,2.440989,12.868270,5.00e-05,77555.60,144097280,N/A,2025-06-07 18:27:26
8795,2.593030,2.440989,12.868270,5.00e-05,77648.23,144113664,N/A,2025-06-07 18:27:26
8796,2.756633,2.440989,12.868270,5.00e-05,77536.68,144130048,N/A,2025-06-07 18:27:27
8797,2.090947,2.440989,12.868270,5.00e-05,77582.62,144146432,N/A,2025-06-07 18:27:27
8798,2.094715,2.440989,12.868270,5.00e-05,77587.50,144162816,N/A,2025-06-07 18:27:27
8799,2.680699,2.440989,12.868270,5.00e-05,79060.58,144179200,N/A,2025-06-07 18:27:27
8800,1.883871,2.440989,12.868270,5.00e-05,77538.35,144195584,1.0000,2025-06-07 18:27:28
8801,2.422700,2.440989,12.868270,5.00e-05,76263.85,144211968,N/A,2025-06-07 18:27:28
8802,2.508893,2.440989,12.868270,5.00e-05,76423.09,144228352,N/A,2025-06-07 18:27:28
8803,1.805567,2.440989,12.868270,5.00e-05,76461.58,144244736,N/A,2025-06-07 18:27:28
8804,2.142323,2.440989,12.868270,5.00e-05,76314.78,144261120,N/A,2025-06-07 18:27:29
8805,1.601951,2.440989,12.868270,5.00e-05,76292.08,144277504,N/A,2025-06-07 18:27:29
8806,2.424371,2.440989,12.868270,5.00e-05,76136.96,144293888,N/A,2025-06-07 18:27:29
8807,2.869143,2.440989,12.868270,5.00e-05,76275.46,144310272,N/A,2025-06-07 18:27:29
8808,2.035159,2.440989,12.868270,5.00e-05,75825.10,144326656,N/A,2025-06-07 18:27:29
8809,1.520298,2.440989,12.868270,5.00e-05,77066.41,144343040,N/A,2025-06-07 18:27:30
8810,1.790726,2.440989,12.868270,5.00e-05,77117.72,144359424,1.0000,2025-06-07 18:27:30
8811,3.516163,2.440989,12.868270,5.00e-05,77249.11,144375808,N/A,2025-06-07 18:27:30
8812,1.906543,2.440989,12.868270,5.00e-05,77361.23,144392192,N/A,2025-06-07 18:27:30
8813,1.198290,2.440989,12.868270,5.00e-05,77470.51,144408576,N/A,2025-06-07 18:27:31
8814,2.351267,2.440989,12.868270,5.00e-05,77255.82,144424960,N/A,2025-06-07 18:27:31
8815,2.585595,2.440989,12.868270,5.00e-05,77931.93,144441344,N/A,2025-06-07 18:27:31
8816,2.134254,2.440989,12.868270,5.00e-05,77934.93,144457728,N/A,2025-06-07 18:27:31
8817,2.187854,2.440989,12.868270,5.00e-05,78568.40,144474112,N/A,2025-06-07 18:27:32
8818,1.753603,2.440989,12.868270,5.00e-05,78797.64,144490496,N/A,2025-06-07 18:27:32
8819,1.943482,2.440989,12.868270,5.00e-05,79941.42,144506880,N/A,2025-06-07 18:27:32
8820,2.774704,2.440989,12.868270,5.00e-05,78278.01,144523264,1.0000,2025-06-07 18:27:32
8821,2.677722,2.440989,12.868270,5.00e-05,77819.99,144539648,N/A,2025-06-07 18:27:33
8822,2.117667,2.440989,12.868270,5.00e-05,77847.15,144556032,N/A,2025-06-07 18:27:33
8823,2.411670,2.440989,12.868270,5.00e-05,78096.33,144572416,N/A,2025-06-07 18:27:33
8824,1.227413,2.440989,12.868270,5.00e-05,77486.24,144588800,N/A,2025-06-07 18:27:33
8825,2.113102,2.440989,12.868270,5.00e-05,77561.88,144605184,N/A,2025-06-07 18:27:33
8826,2.275772,2.440989,12.868270,5.00e-05,77603.26,144621568,N/A,2025-06-07 18:27:34
8827,2.076981,2.440989,12.868270,5.00e-05,77675.47,144637952,N/A,2025-06-07 18:27:34
8828,2.180315,2.440989,12.868270,5.00e-05,78063.03,144654336,N/A,2025-06-07 18:27:34
8829,1.714312,2.440989,12.868270,5.00e-05,79517.85,144670720,N/A,2025-06-07 18:27:34
8830,2.349966,2.440989,12.868270,5.00e-05,78334.96,144687104,1.0000,2025-06-07 18:27:35
8831,2.901201,2.440989,12.868270,5.00e-05,78287.33,144703488,N/A,2025-06-07 18:27:35
8832,2.473632,2.440989,12.868270,5.00e-05,78333.10,144719872,N/A,2025-06-07 18:27:35
8833,2.433165,2.440989,12.868270,5.00e-05,78357.98,144736256,N/A,2025-06-07 18:27:35
8834,2.085005,2.440989,12.868270,5.00e-05,78146.65,144752640,N/A,2025-06-07 18:27:36
8835,2.843351,2.440989,12.868270,5.00e-05,77911.60,144769024,N/A,2025-06-07 18:27:36
8836,1.896737,2.440989,12.868270,5.00e-05,77939.85,144785408,N/A,2025-06-07 18:27:36
8837,1.829423,2.440989,12.868270,5.00e-05,77803.58,144801792,N/A,2025-06-07 18:27:36
8838,1.105699,2.440989,12.868270,5.00e-05,77955.44,144818176,N/A,2025-06-07 18:27:36
8839,2.432642,2.440989,12.868270,5.00e-05,79486.24,144834560,N/A,2025-06-07 18:27:37
8840,2.062509,2.440989,12.868270,5.00e-05,77851.98,144850944,1.0000,2025-06-07 18:27:37
8841,2.421996,2.440989,12.868270,5.00e-05,77878.67,144867328,N/A,2025-06-07 18:27:37
8842,2.683939,2.440989,12.868270,5.00e-05,77660.74,144883712,N/A,2025-06-07 18:27:37
8843,2.197423,2.440989,12.868270,5.00e-05,77777.45,144900096,N/A,2025-06-07 18:27:38
8844,2.768494,2.440989,12.868270,5.00e-05,77875.25,144916480,N/A,2025-06-07 18:27:38
8845,2.394677,2.440989,12.868270,5.00e-05,78018.22,144932864,N/A,2025-06-07 18:27:38
8846,1.874568,2.440989,12.868270,5.00e-05,77025.25,144949248,N/A,2025-06-07 18:27:38
8847,1.918160,2.440989,12.868270,5.00e-05,77014.38,144965632,N/A,2025-06-07 18:27:39
8848,2.966448,2.440989,12.868270,5.00e-05,77178.02,144982016,N/A,2025-06-07 18:27:39
8849,2.358266,2.440989,12.868270,5.00e-05,78665.10,144998400,N/A,2025-06-07 18:27:39
8850,1.899027,2.440989,12.868270,5.00e-05,77318.45,145014784,1.0000,2025-06-07 18:27:39
8851,2.366349,2.440989,12.868270,5.00e-05,77502.77,145031168,N/A,2025-06-07 18:27:40
8852,2.021883,2.440989,12.868270,5.00e-05,77592.45,145047552,N/A,2025-06-07 18:27:40
8853,3.183550,2.440989,12.868270,5.00e-05,77652.14,145063936,N/A,2025-06-07 18:27:40
8854,2.240632,2.440989,12.868270,5.00e-05,77560.08,145080320,N/A,2025-06-07 18:27:40
8855,1.869333,2.440989,12.868270,5.00e-05,78713.18,145096704,N/A,2025-06-07 18:27:40
8856,2.700676,2.440989,12.868270,5.00e-05,78711.04,145113088,N/A,2025-06-07 18:27:41
8857,2.312746,2.440989,12.868270,5.00e-05,78453.96,145129472,N/A,2025-06-07 18:27:41
8858,3.472628,2.440989,12.868270,5.00e-05,78543.56,145145856,N/A,2025-06-07 18:27:41
8859,2.086929,2.440989,12.868270,5.00e-05,79257.95,145162240,N/A,2025-06-07 18:27:41
8860,1.897188,2.440989,12.868270,5.00e-05,77446.26,145178624,1.0000,2025-06-07 18:27:42
8861,2.197931,2.440989,12.868270,5.00e-05,77470.32,145195008,N/A,2025-06-07 18:27:42
8862,2.281907,2.440989,12.868270,5.00e-05,77508.99,145211392,N/A,2025-06-07 18:27:42
8863,2.010278,2.440989,12.868270,5.00e-05,77421.00,145227776,N/A,2025-06-07 18:27:42
8864,2.276170,2.440989,12.868270,5.00e-05,77456.29,145244160,N/A,2025-06-07 18:27:43
8865,2.100708,2.440989,12.868270,5.00e-05,77479.93,145260544,N/A,2025-06-07 18:27:43
8866,1.746631,2.440989,12.868270,5.00e-05,77588.14,145276928,N/A,2025-06-07 18:27:43
8867,2.376412,2.440989,12.868270,5.00e-05,77215.62,145293312,N/A,2025-06-07 18:27:43
8868,2.198676,2.440989,12.868270,5.00e-05,77886.67,145309696,N/A,2025-06-07 18:27:43
8869,2.015259,2.440989,12.868270,5.00e-05,79776.24,145326080,N/A,2025-06-07 18:27:44
8870,1.739169,2.440989,12.868270,5.00e-05,77576.65,145342464,1.0000,2025-06-07 18:27:44
8871,2.839051,2.440989,12.868270,5.00e-05,77402.76,145358848,N/A,2025-06-07 18:27:44
8872,2.037496,2.440989,12.868270,5.00e-05,77175.97,145375232,N/A,2025-06-07 18:27:44
8873,2.014852,2.440989,12.868270,5.00e-05,77194.00,145391616,N/A,2025-06-07 18:27:45
8874,2.930624,2.440989,12.868270,5.00e-05,76980.76,145408000,N/A,2025-06-07 18:27:45
8875,2.733516,2.440989,12.868270,5.00e-05,77100.40,145424384,N/A,2025-06-07 18:27:45
8876,1.802359,2.440989,12.868270,5.00e-05,77548.31,145440768,N/A,2025-06-07 18:27:45
8877,3.624464,2.440989,12.868270,5.00e-05,77587.07,145457152,N/A,2025-06-07 18:27:46
8878,2.542594,2.440989,12.868270,5.00e-05,77433.68,145473536,N/A,2025-06-07 18:27:46
8879,1.665733,2.440989,12.868270,5.00e-05,79162.16,145489920,N/A,2025-06-07 18:27:46
8880,1.644031,2.440989,12.868270,5.00e-05,77247.55,145506304,1.0000,2025-06-07 18:27:46
8881,1.502234,2.440989,12.868270,5.00e-05,76714.34,145522688,N/A,2025-06-07 18:27:47
8882,2.301402,2.440989,12.868270,5.00e-05,76574.74,145539072,N/A,2025-06-07 18:27:47
8883,1.946835,2.440989,12.868270,5.00e-05,76845.70,145555456,N/A,2025-06-07 18:27:47
8884,2.487581,2.440989,12.868270,5.00e-05,76622.85,145571840,N/A,2025-06-07 18:27:47
8885,3.022847,2.440989,12.868270,5.00e-05,76604.75,145588224,N/A,2025-06-07 18:27:47
8886,2.210177,2.440989,12.868270,5.00e-05,76678.03,145604608,N/A,2025-06-07 18:27:48
8887,2.720189,2.440989,12.868270,5.00e-05,76694.77,145620992,N/A,2025-06-07 18:27:48
8888,2.355135,2.440989,12.868270,5.00e-05,76885.14,145637376,N/A,2025-06-07 18:27:48
8889,2.485071,2.440989,12.868270,5.00e-05,78457.71,145653760,N/A,2025-06-07 18:27:48
8890,2.226862,2.440989,12.868270,5.00e-05,77467.87,145670144,1.0000,2025-06-07 18:27:49
8891,2.452608,2.440989,12.868270,5.00e-05,77559.40,145686528,N/A,2025-06-07 18:27:49
8892,2.476766,2.440989,12.868270,5.00e-05,77360.24,145702912,N/A,2025-06-07 18:27:49
8893,2.064192,2.440989,12.868270,5.00e-05,77802.83,145719296,N/A,2025-06-07 18:27:49
8894,2.009723,2.440989,12.868270,5.00e-05,77615.47,145735680,N/A,2025-06-07 18:27:50
8895,2.508360,2.440989,12.868270,5.00e-05,77555.23,145752064,N/A,2025-06-07 18:27:50
8896,3.076811,2.440989,12.868270,5.00e-05,77689.66,145768448,N/A,2025-06-07 18:27:50
8897,2.259258,2.440989,12.868270,5.00e-05,77851.55,145784832,N/A,2025-06-07 18:27:50
8898,2.538306,2.440989,12.868270,5.00e-05,78164.78,145801216,N/A,2025-06-07 18:27:51
8899,2.496812,2.440989,12.868270,5.00e-05,79811.87,145817600,N/A,2025-06-07 18:27:51
8900,1.771329,2.440989,12.868270,5.00e-05,78302.53,145833984,1.0000,2025-06-07 18:27:51
8901,2.877972,2.440989,12.868270,5.00e-05,77304.95,145850368,N/A,2025-06-07 18:27:51
8902,2.110093,2.440989,12.868270,5.00e-05,77173.33,145866752,N/A,2025-06-07 18:27:51
8903,1.877214,2.440989,12.868270,5.00e-05,77394.54,145883136,N/A,2025-06-07 18:27:52
8904,2.344671,2.440989,12.868270,5.00e-05,77157.46,145899520,N/A,2025-06-07 18:27:52
8905,2.380419,2.440989,12.868270,5.00e-05,77151.73,145915904,N/A,2025-06-07 18:27:52
8906,2.029943,2.440989,12.868270,5.00e-05,76857.08,145932288,N/A,2025-06-07 18:27:52
8907,2.723273,2.440989,12.868270,5.00e-05,76496.95,145948672,N/A,2025-06-07 18:27:53
8908,2.577595,2.440989,12.868270,5.00e-05,76220.44,145965056,N/A,2025-06-07 18:27:53
8909,2.231514,2.440989,12.868270,5.00e-05,77720.19,145981440,N/A,2025-06-07 18:27:53
8910,2.823537,2.440989,12.868270,5.00e-05,77341.57,145997824,1.0000,2025-06-07 18:27:53
8911,2.023488,2.440989,12.868270,5.00e-05,77225.75,146014208,N/A,2025-06-07 18:27:54
8912,2.980639,2.440989,12.868270,5.00e-05,77198.05,146030592,N/A,2025-06-07 18:27:54
8913,2.517470,2.440989,12.868270,5.00e-05,77261.14,146046976,N/A,2025-06-07 18:27:54
8914,1.829153,2.440989,12.868270,5.00e-05,77204.37,146063360,N/A,2025-06-07 18:27:54
8915,2.270714,2.440989,12.868270,5.00e-05,77395.49,146079744,N/A,2025-06-07 18:27:55
8916,2.212999,2.440989,12.868270,5.00e-05,77679.61,146096128,N/A,2025-06-07 18:27:55
8917,1.956037,2.440989,12.868270,5.00e-05,78082.24,146112512,N/A,2025-06-07 18:27:55
8918,2.681320,2.440989,12.868270,5.00e-05,77811.03,146128896,N/A,2025-06-07 18:27:55
8919,3.204985,2.440989,12.868270,5.00e-05,79406.20,146145280,N/A,2025-06-07 18:27:55
8920,3.083064,2.440989,12.868270,5.00e-05,77691.91,146161664,1.0000,2025-06-07 18:27:56
8921,1.959592,2.440989,12.868270,5.00e-05,77674.57,146178048,N/A,2025-06-07 18:27:56
8922,2.837751,2.440989,12.868270,5.00e-05,77592.32,146194432,N/A,2025-06-07 18:27:56
8923,2.780281,2.440989,12.868270,5.00e-05,77513.62,146210816,N/A,2025-06-07 18:27:56
8924,2.634667,2.440989,12.868270,5.00e-05,77608.22,146227200,N/A,2025-06-07 18:27:57
8925,2.024699,2.440989,12.868270,5.00e-05,77827.57,146243584,N/A,2025-06-07 18:27:57
8926,2.163179,2.440989,12.868270,5.00e-05,77921.93,146259968,N/A,2025-06-07 18:27:57
8927,2.474286,2.440989,12.868270,5.00e-05,78162.41,146276352,N/A,2025-06-07 18:27:57
8928,2.165355,2.440989,12.868270,5.00e-05,78160.56,146292736,N/A,2025-06-07 18:27:58
8929,3.019901,2.440989,12.868270,5.00e-05,79323.07,146309120,N/A,2025-06-07 18:27:58
8930,3.173891,2.440989,12.868270,5.00e-05,77659.83,146325504,1.0000,2025-06-07 18:27:58
8931,0.858759,2.440989,12.868270,5.00e-05,77792.95,146341888,N/A,2025-06-07 18:27:58
8932,2.669785,2.440989,12.868270,5.00e-05,78052.09,146358272,N/A,2025-06-07 18:27:59
8933,2.262807,2.440989,12.868270,5.00e-05,78143.88,146374656,N/A,2025-06-07 18:27:59
8934,2.733954,2.440989,12.868270,5.00e-05,78098.63,146391040,N/A,2025-06-07 18:27:59
8935,2.362350,2.440989,12.868270,5.00e-05,78114.54,146407424,N/A,2025-06-07 18:27:59
8936,2.028257,2.440989,12.868270,5.00e-05,78178.38,146423808,N/A,2025-06-07 18:27:59
8937,2.422467,2.440989,12.868270,5.00e-05,78110.35,146440192,N/A,2025-06-07 18:28:00
8938,3.052954,2.440989,12.868270,5.00e-05,78744.93,146456576,N/A,2025-06-07 18:28:00
8939,2.267731,2.440989,12.868270,5.00e-05,80270.30,146472960,N/A,2025-06-07 18:28:00
8940,3.045626,2.440989,12.868270,5.00e-05,78860.68,146489344,1.0000,2025-06-07 18:28:00
8941,2.141177,2.440989,12.868270,5.00e-05,78715.86,146505728,N/A,2025-06-07 18:28:01
8942,2.175280,2.440989,12.868270,5.00e-05,78531.26,146522112,N/A,2025-06-07 18:28:01
8943,2.069200,2.440989,12.868270,5.00e-05,78578.75,146538496,N/A,2025-06-07 18:28:01
8944,2.108940,2.440989,12.868270,5.00e-05,78148.14,146554880,N/A,2025-06-07 18:28:01
8945,2.193080,2.440989,12.868270,5.00e-05,77866.81,146571264,N/A,2025-06-07 18:28:02
8946,1.988973,2.440989,12.868270,5.00e-05,77415.52,146587648,N/A,2025-06-07 18:28:02
8947,2.789217,2.440989,12.868270,5.00e-05,77284.07,146604032,N/A,2025-06-07 18:28:02
8948,2.332061,2.440989,12.868270,5.00e-05,77454.43,146620416,N/A,2025-06-07 18:28:02
8949,2.200881,2.440989,12.868270,5.00e-05,78523.07,146636800,N/A,2025-06-07 18:28:02
8950,3.023286,2.440989,12.868270,5.00e-05,76891.75,146653184,1.0000,2025-06-07 18:28:03
8951,3.404034,2.440989,12.868270,5.00e-05,76808.91,146669568,N/A,2025-06-07 18:28:03
8952,2.624876,2.440989,12.868270,5.00e-05,76585.94,146685952,N/A,2025-06-07 18:28:03
8953,2.660875,2.440989,12.868270,5.00e-05,76758.32,146702336,N/A,2025-06-07 18:28:03
8954,2.975311,2.440989,12.868270,5.00e-05,76859.33,146718720,N/A,2025-06-07 18:28:04
8955,2.243779,2.440989,12.868270,5.00e-05,77131.91,146735104,N/A,2025-06-07 18:28:04
8956,1.811866,2.440989,12.868270,5.00e-05,77213.91,146751488,N/A,2025-06-07 18:28:04
8957,1.889604,2.440989,12.868270,5.00e-05,77058.68,146767872,N/A,2025-06-07 18:28:04
8958,2.407676,2.440989,12.868270,5.00e-05,77173.57,146784256,N/A,2025-06-07 18:28:05
8959,3.146098,2.440989,12.868270,5.00e-05,78671.30,146800640,N/A,2025-06-07 18:28:05
8960,2.639663,2.440989,12.868270,5.00e-05,77319.86,146817024,1.0000,2025-06-07 18:28:05
8961,1.644992,2.440989,12.868270,5.00e-05,77414.59,146833408,N/A,2025-06-07 18:28:05
8962,2.937341,2.440989,12.868270,5.00e-05,77674.05,146849792,N/A,2025-06-07 18:28:06
8963,2.037646,2.440989,12.868270,5.00e-05,77593.34,146866176,N/A,2025-06-07 18:28:06
8964,2.944375,2.440989,12.868270,5.00e-05,77633.49,146882560,N/A,2025-06-07 18:28:06
8965,1.448192,2.440989,12.868270,5.00e-05,77354.24,146898944,N/A,2025-06-07 18:28:06
8966,2.219884,2.440989,12.868270,5.00e-05,77471.21,146915328,N/A,2025-06-07 18:28:06
8967,1.816218,2.440989,12.868270,5.00e-05,58292.27,146931712,N/A,2025-06-07 18:28:07
8968,1.642415,2.440989,12.868270,5.00e-05,58353.55,146948096,N/A,2025-06-07 18:28:08
8969,2.429654,2.440989,12.868270,5.00e-05,59177.02,146964480,N/A,2025-06-07 18:28:08
8970,2.338392,2.440989,12.868270,5.00e-05,58337.22,146980864,1.0000,2025-06-07 18:28:08
8971,2.479409,2.440989,12.868270,5.00e-05,58310.17,146997248,N/A,2025-06-07 18:28:08
8972,2.261574,2.440989,12.868270,5.00e-05,58459.55,147013632,N/A,2025-06-07 18:28:09
8973,2.653646,2.440989,12.868270,5.00e-05,58548.18,147030016,N/A,2025-06-07 18:28:09
8974,2.540581,2.440989,12.868270,5.00e-05,58688.60,147046400,N/A,2025-06-07 18:28:09
8975,2.889981,2.440989,12.868270,5.00e-05,58550.49,147062784,N/A,2025-06-07 18:28:09
8976,3.241971,2.440989,12.868270,5.00e-05,77200.19,147079168,N/A,2025-06-07 18:28:10
8977,2.278749,2.440989,12.868270,5.00e-05,77156.32,147095552,N/A,2025-06-07 18:28:10
8978,2.639865,2.440989,12.868270,5.00e-05,76919.71,147111936,N/A,2025-06-07 18:28:10
8979,2.064170,2.440989,12.868270,5.00e-05,77873.09,147128320,N/A,2025-06-07 18:28:10
8980,2.307935,2.440989,12.868270,5.00e-05,75569.41,147144704,1.0000,2025-06-07 18:28:11
8981,2.705473,2.440989,12.868270,5.00e-05,75431.47,147161088,N/A,2025-06-07 18:28:11
8982,2.493860,2.440989,12.868270,5.00e-05,75006.92,147177472,N/A,2025-06-07 18:28:11
8983,2.100859,2.440989,12.868270,5.00e-05,74075.71,147193856,N/A,2025-06-07 18:28:11
8984,1.875300,2.440989,12.868270,5.00e-05,74258.74,147210240,N/A,2025-06-07 18:28:11
8985,1.977001,2.440989,12.868270,5.00e-05,75105.08,147226624,N/A,2025-06-07 18:28:12
8986,1.601300,2.440989,12.868270,5.00e-05,74991.95,147243008,N/A,2025-06-07 18:28:12
8987,2.300142,2.440989,12.868270,5.00e-05,75229.96,147259392,N/A,2025-06-07 18:28:12
8988,2.702749,2.440989,12.868270,5.00e-05,75735.15,147275776,N/A,2025-06-07 18:28:12
8989,2.961527,2.440989,12.868270,5.00e-05,78092.20,147292160,N/A,2025-06-07 18:28:13
8990,2.840603,2.440989,12.868270,5.00e-05,76657.93,147308544,1.0000,2025-06-07 18:28:13
8991,2.438315,2.440989,12.868270,5.00e-05,77064.84,147324928,N/A,2025-06-07 18:28:13
8992,2.189684,2.440989,12.868270,5.00e-05,77575.74,147341312,N/A,2025-06-07 18:28:13
8993,2.340729,2.440989,12.868270,5.00e-05,77341.81,147357696,N/A,2025-06-07 18:28:14
8994,1.822384,2.440989,12.868270,5.00e-05,76921.71,147374080,N/A,2025-06-07 18:28:14
8995,2.419892,2.440989,12.868270,5.00e-05,76678.84,147390464,N/A,2025-06-07 18:28:14
8996,1.978893,2.440989,12.868270,5.00e-05,76382.49,147406848,N/A,2025-06-07 18:28:14
8997,2.591988,2.440989,12.868270,5.00e-05,76087.91,147423232,N/A,2025-06-07 18:28:15
8998,1.907262,2.440989,12.868270,5.00e-05,75640.03,147439616,N/A,2025-06-07 18:28:15
8999,2.646981,2.440989,12.868270,5.00e-05,76894.33,147456000,N/A,2025-06-07 18:28:15
9000,2.760656,2.398841,12.072284,5.00e-05,12423.43,147472384,N/A,2025-06-07 18:28:26
9001,2.144136,2.398841,12.072284,5.00e-05,12345.33,147488768,N/A,2025-06-07 18:28:27
9002,2.367510,2.398841,12.072284,5.00e-05,12340.43,147505152,N/A,2025-06-07 18:28:27
9003,2.201172,2.398841,12.072284,5.00e-05,12338.88,147521536,N/A,2025-06-07 18:28:27
9004,2.667047,2.398841,12.072284,5.00e-05,12337.43,147537920,N/A,2025-06-07 18:28:27
9005,1.989204,2.398841,12.072284,5.00e-05,12334.38,147554304,N/A,2025-06-07 18:28:28
9006,1.639707,2.398841,12.072284,5.00e-05,12342.37,147570688,N/A,2025-06-07 18:28:28
9007,1.366622,2.398841,12.072284,5.00e-05,12342.94,147587072,N/A,2025-06-07 18:28:28
9008,2.380988,2.398841,12.072284,5.00e-05,12340.66,147603456,N/A,2025-06-07 18:28:28
9009,2.755776,2.398841,12.072284,5.00e-05,73432.34,147619840,N/A,2025-06-07 18:28:29
9010,2.392544,2.398841,12.072284,5.00e-05,74456.88,147636224,1.0000,2025-06-07 18:28:29
9011,2.058323,2.398841,12.072284,5.00e-05,73541.98,147652608,N/A,2025-06-07 18:28:29
9012,2.316762,2.398841,12.072284,5.00e-05,73809.29,147668992,N/A,2025-06-07 18:28:29
9013,2.819588,2.398841,12.072284,5.00e-05,73884.93,147685376,N/A,2025-06-07 18:28:30
9014,4.022731,2.398841,12.072284,5.00e-05,74303.66,147701760,N/A,2025-06-07 18:28:30
9015,1.989583,2.398841,12.072284,5.00e-05,74239.57,147718144,N/A,2025-06-07 18:28:30
9016,2.496298,2.398841,12.072284,5.00e-05,74109.66,147734528,N/A,2025-06-07 18:28:30
9017,2.770646,2.398841,12.072284,5.00e-05,74094.17,147750912,N/A,2025-06-07 18:28:30
9018,2.028483,2.398841,12.072284,5.00e-05,74469.41,147767296,N/A,2025-06-07 18:28:31
9019,2.501180,2.398841,12.072284,5.00e-05,76646.83,147783680,N/A,2025-06-07 18:28:31
9020,2.378076,2.398841,12.072284,5.00e-05,75781.90,147800064,1.0000,2025-06-07 18:28:31
9021,2.008111,2.398841,12.072284,5.00e-05,75725.56,147816448,N/A,2025-06-07 18:28:31
9022,2.389262,2.398841,12.072284,5.00e-05,75686.25,147832832,N/A,2025-06-07 18:28:32
9023,1.753943,2.398841,12.072284,5.00e-05,75545.00,147849216,N/A,2025-06-07 18:28:32
9024,2.130283,2.398841,12.072284,5.00e-05,75535.72,147865600,N/A,2025-06-07 18:28:32
9025,2.683666,2.398841,12.072284,5.00e-05,74662.11,147881984,N/A,2025-06-07 18:28:32
9026,2.555507,2.398841,12.072284,5.00e-05,74896.63,147898368,N/A,2025-06-07 18:28:33
9027,1.731415,2.398841,12.072284,5.00e-05,74611.22,147914752,N/A,2025-06-07 18:28:33
9028,1.676023,2.398841,12.072284,5.00e-05,74609.54,147931136,N/A,2025-06-07 18:28:33
9029,2.215602,2.398841,12.072284,5.00e-05,76605.54,147947520,N/A,2025-06-07 18:28:33
9030,3.214483,2.398841,12.072284,5.00e-05,74810.55,147963904,1.0000,2025-06-07 18:28:34
9031,2.215027,2.398841,12.072284,5.00e-05,74918.27,147980288,N/A,2025-06-07 18:28:34
9032,2.982089,2.398841,12.072284,5.00e-05,75028.29,147996672,N/A,2025-06-07 18:28:34
9033,2.524806,2.398841,12.072284,5.00e-05,74618.72,148013056,N/A,2025-06-07 18:28:34
9034,2.216733,2.398841,12.072284,5.00e-05,74761.92,148029440,N/A,2025-06-07 18:28:35
9035,2.772259,2.398841,12.072284,5.00e-05,74505.84,148045824,N/A,2025-06-07 18:28:35
9036,2.827590,2.398841,12.072284,5.00e-05,74544.29,148062208,N/A,2025-06-07 18:28:35
9037,2.727176,2.398841,12.072284,5.00e-05,74627.70,148078592,N/A,2025-06-07 18:28:35
9038,1.816530,2.398841,12.072284,5.00e-05,74680.89,148094976,N/A,2025-06-07 18:28:36
9039,2.543713,2.398841,12.072284,5.00e-05,76074.85,148111360,N/A,2025-06-07 18:28:36
9040,2.239285,2.398841,12.072284,5.00e-05,74827.85,148127744,0.9232,2025-06-07 18:28:36
9041,3.232216,2.398841,12.072284,5.00e-05,74608.26,148144128,N/A,2025-06-07 18:28:36
9042,3.019320,2.398841,12.072284,5.00e-05,74503.59,148160512,N/A,2025-06-07 18:28:37
9043,2.270035,2.398841,12.072284,5.00e-05,75695.25,148176896,N/A,2025-06-07 18:28:37
9044,2.718190,2.398841,12.072284,5.00e-05,75433.45,148193280,N/A,2025-06-07 18:28:37
9045,2.478472,2.398841,12.072284,5.00e-05,75812.64,148209664,N/A,2025-06-07 18:28:37
9046,2.488030,2.398841,12.072284,5.00e-05,75722.77,148226048,N/A,2025-06-07 18:28:38
9047,1.844126,2.398841,12.072284,5.00e-05,76024.82,148242432,N/A,2025-06-07 18:28:38
9048,2.468427,2.398841,12.072284,5.00e-05,76593.04,148258816,N/A,2025-06-07 18:28:38
9049,1.977281,2.398841,12.072284,5.00e-05,78204.43,148275200,N/A,2025-06-07 18:28:38
9050,1.676526,2.398841,12.072284,5.00e-05,76995.52,148291584,1.0000,2025-06-07 18:28:38
9051,1.971322,2.398841,12.072284,5.00e-05,77686.43,148307968,N/A,2025-06-07 18:28:39
9052,1.611485,2.398841,12.072284,5.00e-05,77689.44,148324352,N/A,2025-06-07 18:28:39
9053,2.033152,2.398841,12.072284,5.00e-05,78310.78,148340736,N/A,2025-06-07 18:28:39
9054,2.241792,2.398841,12.072284,5.00e-05,78085.51,148357120,N/A,2025-06-07 18:28:39
9055,2.035318,2.398841,12.072284,5.00e-05,77894.07,148373504,N/A,2025-06-07 18:28:40
9056,2.366541,2.398841,12.072284,5.00e-05,77652.03,148389888,N/A,2025-06-07 18:28:40
9057,2.848177,2.398841,12.072284,5.00e-05,77032.21,148406272,N/A,2025-06-07 18:28:40
9058,2.937881,2.398841,12.072284,5.00e-05,77035.28,148422656,N/A,2025-06-07 18:28:40
9059,2.366574,2.398841,12.072284,5.00e-05,78362.71,148439040,N/A,2025-06-07 18:28:41
9060,1.599480,2.398841,12.072284,5.00e-05,76812.92,148455424,1.0000,2025-06-07 18:28:41
9061,2.870749,2.398841,12.072284,5.00e-05,76946.44,148471808,N/A,2025-06-07 18:28:41
9062,2.276828,2.398841,12.072284,5.00e-05,76883.52,148488192,N/A,2025-06-07 18:28:41
9063,1.650960,2.398841,12.072284,5.00e-05,77121.02,148504576,N/A,2025-06-07 18:28:41
9064,2.186541,2.398841,12.072284,5.00e-05,77322.16,148520960,N/A,2025-06-07 18:28:42
9065,1.863724,2.398841,12.072284,5.00e-05,77448.58,148537344,N/A,2025-06-07 18:28:42
9066,2.683223,2.398841,12.072284,5.00e-05,78161.78,148553728,N/A,2025-06-07 18:28:42
9067,1.974438,2.398841,12.072284,5.00e-05,78101.74,148570112,N/A,2025-06-07 18:28:42
9068,3.332625,2.398841,12.072284,5.00e-05,78267.36,148586496,N/A,2025-06-07 18:28:43
9069,2.153924,2.398841,12.072284,5.00e-05,79875.70,148602880,N/A,2025-06-07 18:28:43
9070,2.293975,2.398841,12.072284,5.00e-05,78163.70,148619264,1.0000,2025-06-07 18:28:43
9071,2.573342,2.398841,12.072284,5.00e-05,78218.62,148635648,N/A,2025-06-07 18:28:43
9072,3.139674,2.398841,12.072284,5.00e-05,78014.19,148652032,N/A,2025-06-07 18:28:44
9073,3.364080,2.398841,12.072284,5.00e-05,78062.90,148668416,N/A,2025-06-07 18:28:44
9074,2.160162,2.398841,12.072284,5.00e-05,78042.17,148684800,N/A,2025-06-07 18:28:44
9075,2.613000,2.398841,12.072284,5.00e-05,77875.96,148701184,N/A,2025-06-07 18:28:44
9076,1.575203,2.398841,12.072284,5.00e-05,77971.10,148717568,N/A,2025-06-07 18:28:45
9077,2.717452,2.398841,12.072284,5.00e-05,77869.73,148733952,N/A,2025-06-07 18:28:45
9078,1.726649,2.398841,12.072284,5.00e-05,77893.71,148750336,N/A,2025-06-07 18:28:45
9079,2.590906,2.398841,12.072284,5.00e-05,79430.77,148766720,N/A,2025-06-07 18:28:45
9080,1.621036,2.398841,12.072284,5.00e-05,77740.23,148783104,1.0000,2025-06-07 18:28:45
9081,1.871576,2.398841,12.072284,5.00e-05,77948.47,148799488,N/A,2025-06-07 18:28:46
9082,3.507860,2.398841,12.072284,5.00e-05,77910.29,148815872,N/A,2025-06-07 18:28:46
9083,1.691938,2.398841,12.072284,5.00e-05,78079.55,148832256,N/A,2025-06-07 18:28:46
9084,1.853707,2.398841,12.072284,5.00e-05,78248.73,148848640,N/A,2025-06-07 18:28:46
9085,2.901971,2.398841,12.072284,5.00e-05,78356.76,148865024,N/A,2025-06-07 18:28:47
9086,2.858440,2.398841,12.072284,5.00e-05,78482.65,148881408,N/A,2025-06-07 18:28:47
9087,1.628086,2.398841,12.072284,5.00e-05,78461.48,148897792,N/A,2025-06-07 18:28:47
9088,1.752234,2.398841,12.072284,5.00e-05,78446.77,148914176,N/A,2025-06-07 18:28:47
9089,2.304228,2.398841,12.072284,5.00e-05,80126.75,148930560,N/A,2025-06-07 18:28:48
9090,2.616771,2.398841,12.072284,5.00e-05,78515.00,148946944,0.9686,2025-06-07 18:28:48
9091,2.769590,2.398841,12.072284,5.00e-05,78660.26,148963328,N/A,2025-06-07 18:28:48
9092,3.276749,2.398841,12.072284,5.00e-05,78504.75,148979712,N/A,2025-06-07 18:28:48
9093,2.266307,2.398841,12.072284,5.00e-05,78431.55,148996096,N/A,2025-06-07 18:28:48
9094,2.436269,2.398841,12.072284,5.00e-05,78286.67,149012480,N/A,2025-06-07 18:28:49
9095,2.145279,2.398841,12.072284,5.00e-05,78048.64,149028864,N/A,2025-06-07 18:28:49
9096,2.243594,2.398841,12.072284,5.00e-05,77951.02,149045248,N/A,2025-06-07 18:28:49
9097,1.582778,2.398841,12.072284,5.00e-05,77923.94,149061632,N/A,2025-06-07 18:28:49
9098,2.611054,2.398841,12.072284,5.00e-05,77676.12,149078016,N/A,2025-06-07 18:28:50
9099,2.509867,2.398841,12.072284,5.00e-05,79181.12,149094400,N/A,2025-06-07 18:28:50
9100,1.704713,2.398841,12.072284,5.00e-05,77326.63,149110784,1.0000,2025-06-07 18:28:50
9101,1.933869,2.398841,12.072284,5.00e-05,76057.48,149127168,N/A,2025-06-07 18:28:50
9102,1.835151,2.398841,12.072284,5.00e-05,76050.49,149143552,N/A,2025-06-07 18:28:51
9103,3.070073,2.398841,12.072284,5.00e-05,75568.36,149159936,N/A,2025-06-07 18:28:51
9104,2.623753,2.398841,12.072284,5.00e-05,75784.59,149176320,N/A,2025-06-07 18:28:51
9105,1.914250,2.398841,12.072284,5.00e-05,75777.37,149192704,N/A,2025-06-07 18:28:51
9106,2.209618,2.398841,12.072284,5.00e-05,75815.26,149209088,N/A,2025-06-07 18:28:52
9107,2.602257,2.398841,12.072284,5.00e-05,76089.73,149225472,N/A,2025-06-07 18:28:52
9108,2.718107,2.398841,12.072284,5.00e-05,75989.06,149241856,N/A,2025-06-07 18:28:52
9109,2.084721,2.398841,12.072284,5.00e-05,77552.46,149258240,N/A,2025-06-07 18:28:52
9110,1.870955,2.398841,12.072284,5.00e-05,77332.36,149274624,1.0000,2025-06-07 18:28:53
9111,2.959779,2.398841,12.072284,5.00e-05,77460.82,149291008,N/A,2025-06-07 18:28:53
9112,2.108804,2.398841,12.072284,5.00e-05,77321.49,149307392,N/A,2025-06-07 18:28:53
9113,2.379788,2.398841,12.072284,5.00e-05,77224.13,149323776,N/A,2025-06-07 18:28:53
9114,1.534639,2.398841,12.072284,5.00e-05,77319.89,149340160,N/A,2025-06-07 18:28:53
9115,2.811683,2.398841,12.072284,5.00e-05,77300.90,149356544,N/A,2025-06-07 18:28:54
9116,2.450322,2.398841,12.072284,5.00e-05,77054.72,149372928,N/A,2025-06-07 18:28:54
9117,2.655136,2.398841,12.072284,5.00e-05,77069.17,149389312,N/A,2025-06-07 18:28:54
9118,1.824868,2.398841,12.072284,5.00e-05,77161.50,149405696,N/A,2025-06-07 18:28:54
9119,2.175641,2.398841,12.072284,5.00e-05,78645.18,149422080,N/A,2025-06-07 18:28:55
9120,2.776020,2.398841,12.072284,5.00e-05,77004.96,149438464,1.0000,2025-06-07 18:28:55
9121,1.964825,2.398841,12.072284,5.00e-05,77619.94,149454848,N/A,2025-06-07 18:28:55
9122,2.491372,2.398841,12.072284,5.00e-05,77704.08,149471232,N/A,2025-06-07 18:28:55
9123,2.690689,2.398841,12.072284,5.00e-05,77724.54,149487616,N/A,2025-06-07 18:28:56
9124,1.794480,2.398841,12.072284,5.00e-05,77782.40,149504000,N/A,2025-06-07 18:28:56
9125,2.649329,2.398841,12.072284,5.00e-05,77908.73,149520384,N/A,2025-06-07 18:28:56
9126,2.173018,2.398841,12.072284,5.00e-05,77937.95,149536768,N/A,2025-06-07 18:28:56
9127,2.248553,2.398841,12.072284,5.00e-05,78024.18,149553152,N/A,2025-06-07 18:28:56
9128,2.089849,2.398841,12.072284,5.00e-05,78074.47,149569536,N/A,2025-06-07 18:28:57
9129,3.552710,2.398841,12.072284,5.00e-05,79506.31,149585920,N/A,2025-06-07 18:28:57
9130,2.075020,2.398841,12.072284,5.00e-05,78054.89,149602304,1.0000,2025-06-07 18:28:57
9131,1.298279,2.398841,12.072284,5.00e-05,77967.71,149618688,N/A,2025-06-07 18:28:57
9132,2.150240,2.398841,12.072284,5.00e-05,77793.11,149635072,N/A,2025-06-07 18:28:58
9133,2.150103,2.398841,12.072284,5.00e-05,77382.08,149651456,N/A,2025-06-07 18:28:58
9134,2.608117,2.398841,12.072284,5.00e-05,77393.26,149667840,N/A,2025-06-07 18:28:58
9135,2.055049,2.398841,12.072284,5.00e-05,77477.76,149684224,N/A,2025-06-07 18:28:58
9136,2.040179,2.398841,12.072284,5.00e-05,77297.64,149700608,N/A,2025-06-07 18:28:59
9137,2.855931,2.398841,12.072284,5.00e-05,77287.97,149716992,N/A,2025-06-07 18:28:59
9138,2.268061,2.398841,12.072284,5.00e-05,77698.12,149733376,N/A,2025-06-07 18:28:59
9139,2.113538,2.398841,12.072284,5.00e-05,79111.37,149749760,N/A,2025-06-07 18:28:59
9140,3.147759,2.398841,12.072284,5.00e-05,77541.03,149766144,1.0000,2025-06-07 18:29:00
9141,2.846960,2.398841,12.072284,5.00e-05,77566.80,149782528,N/A,2025-06-07 18:29:00
9142,3.043710,2.398841,12.072284,5.00e-05,77953.76,149798912,N/A,2025-06-07 18:29:00
9143,2.817966,2.398841,12.072284,5.00e-05,77934.07,149815296,N/A,2025-06-07 18:29:00
9144,1.557317,2.398841,12.072284,5.00e-05,77989.88,149831680,N/A,2025-06-07 18:29:00
9145,2.901455,2.398841,12.072284,5.00e-05,78440.67,149848064,N/A,2025-06-07 18:29:01
9146,2.288614,2.398841,12.072284,5.00e-05,78402.11,149864448,N/A,2025-06-07 18:29:01
9147,2.494012,2.398841,12.072284,5.00e-05,78116.20,149880832,N/A,2025-06-07 18:29:01
9148,2.608068,2.398841,12.072284,5.00e-05,78005.05,149897216,N/A,2025-06-07 18:29:01
9149,2.976200,2.398841,12.072284,5.00e-05,79602.74,149913600,N/A,2025-06-07 18:29:02
9150,2.809011,2.398841,12.072284,5.00e-05,78071.40,149929984,0.9570,2025-06-07 18:29:02
9151,2.209510,2.398841,12.072284,5.00e-05,78141.00,149946368,N/A,2025-06-07 18:29:02
9152,1.487830,2.398841,12.072284,5.00e-05,78270.46,149962752,N/A,2025-06-07 18:29:02
9153,2.634870,2.398841,12.072284,5.00e-05,78013.10,149979136,N/A,2025-06-07 18:29:03
9154,1.569738,2.398841,12.072284,5.00e-05,77786.98,149995520,N/A,2025-06-07 18:29:03
9155,2.754121,2.398841,12.072284,5.00e-05,77581.52,150011904,N/A,2025-06-07 18:29:03
9156,2.205361,2.398841,12.072284,5.00e-05,77578.69,150028288,N/A,2025-06-07 18:29:03
9157,1.901330,2.398841,12.072284,5.00e-05,77805.49,150044672,N/A,2025-06-07 18:29:03
9158,2.189018,2.398841,12.072284,5.00e-05,77708.81,150061056,N/A,2025-06-07 18:29:04
9159,3.108586,2.398841,12.072284,5.00e-05,79345.64,150077440,N/A,2025-06-07 18:29:04
9160,2.224951,2.398841,12.072284,5.00e-05,77716.74,150093824,1.0000,2025-06-07 18:29:04
9161,2.183959,2.398841,12.072284,5.00e-05,77626.29,150110208,N/A,2025-06-07 18:29:04
9162,2.019359,2.398841,12.072284,5.00e-05,77700.07,150126592,N/A,2025-06-07 18:29:05
9163,2.284886,2.398841,12.072284,5.00e-05,77622.12,150142976,N/A,2025-06-07 18:29:05
9164,2.720565,2.398841,12.072284,5.00e-05,77851.50,150159360,N/A,2025-06-07 18:29:05
9165,1.580328,2.398841,12.072284,5.00e-05,77900.54,150175744,N/A,2025-06-07 18:29:05
9166,2.771101,2.398841,12.072284,5.00e-05,77793.18,150192128,N/A,2025-06-07 18:29:06
9167,2.337613,2.398841,12.072284,5.00e-05,77807.72,150208512,N/A,2025-06-07 18:29:06
9168,2.530489,2.398841,12.072284,5.00e-05,77700.25,150224896,N/A,2025-06-07 18:29:06
9169,2.128330,2.398841,12.072284,5.00e-05,79162.40,150241280,N/A,2025-06-07 18:29:06
9170,2.044320,2.398841,12.072284,5.00e-05,77706.98,150257664,0.9323,2025-06-07 18:29:07
9171,3.182598,2.398841,12.072284,5.00e-05,77406.29,150274048,N/A,2025-06-07 18:29:07
9172,1.641612,2.398841,12.072284,5.00e-05,77448.09,150290432,N/A,2025-06-07 18:29:07
9173,2.335097,2.398841,12.072284,5.00e-05,77402.22,150306816,N/A,2025-06-07 18:29:07
9174,2.099169,2.398841,12.072284,5.00e-05,77339.80,150323200,N/A,2025-06-07 18:29:07
9175,2.371455,2.398841,12.072284,5.00e-05,77485.01,150339584,N/A,2025-06-07 18:29:08
9176,2.460944,2.398841,12.072284,5.00e-05,77664.89,150355968,N/A,2025-06-07 18:29:08
9177,3.938882,2.398841,12.072284,5.00e-05,77704.28,150372352,N/A,2025-06-07 18:29:08
9178,2.081166,2.398841,12.072284,5.00e-05,77677.37,150388736,N/A,2025-06-07 18:29:08
9179,2.717201,2.398841,12.072284,5.00e-05,79054.15,150405120,N/A,2025-06-07 18:29:09
9180,2.114115,2.398841,12.072284,5.00e-05,77881.34,150421504,1.0000,2025-06-07 18:29:09
9181,1.805875,2.398841,12.072284,5.00e-05,77836.17,150437888,N/A,2025-06-07 18:29:09
9182,2.096621,2.398841,12.072284,5.00e-05,77977.47,150454272,N/A,2025-06-07 18:29:09
9183,2.371764,2.398841,12.072284,5.00e-05,78022.95,150470656,N/A,2025-06-07 18:29:10
9184,2.154622,2.398841,12.072284,5.00e-05,77901.61,150487040,N/A,2025-06-07 18:29:10
9185,2.602555,2.398841,12.072284,5.00e-05,77829.14,150503424,N/A,2025-06-07 18:29:10
9186,2.011352,2.398841,12.072284,5.00e-05,77779.66,150519808,N/A,2025-06-07 18:29:10
9187,2.013923,2.398841,12.072284,5.00e-05,78011.45,150536192,N/A,2025-06-07 18:29:10
9188,2.123368,2.398841,12.072284,5.00e-05,77854.73,150552576,N/A,2025-06-07 18:29:11
9189,2.269130,2.398841,12.072284,5.00e-05,79354.19,150568960,N/A,2025-06-07 18:29:11
9190,2.330821,2.398841,12.072284,5.00e-05,77833.03,150585344,1.0000,2025-06-07 18:29:11
9191,2.757879,2.398841,12.072284,5.00e-05,77568.39,150601728,N/A,2025-06-07 18:29:11
9192,2.293561,2.398841,12.072284,5.00e-05,77339.40,150618112,N/A,2025-06-07 18:29:12
9193,1.909870,2.398841,12.072284,5.00e-05,77265.03,150634496,N/A,2025-06-07 18:29:12
9194,2.103829,2.398841,12.072284,5.00e-05,77335.96,150650880,N/A,2025-06-07 18:29:12
9195,1.719692,2.398841,12.072284,5.00e-05,77381.96,150667264,N/A,2025-06-07 18:29:12
9196,1.617261,2.398841,12.072284,5.00e-05,77261.14,150683648,N/A,2025-06-07 18:29:13
9197,1.727623,2.398841,12.072284,5.00e-05,77518.22,150700032,N/A,2025-06-07 18:29:13
9198,1.838126,2.398841,12.072284,5.00e-05,77146.14,150716416,N/A,2025-06-07 18:29:13
9199,2.955475,2.398841,12.072284,5.00e-05,78671.24,150732800,N/A,2025-06-07 18:29:13
9200,2.728081,2.398841,12.072284,5.00e-05,76358.58,150749184,1.0000,2025-06-07 18:29:14
9201,2.747363,2.398841,12.072284,5.00e-05,75373.37,150765568,N/A,2025-06-07 18:29:14
9202,2.285778,2.398841,12.072284,5.00e-05,75523.26,150781952,N/A,2025-06-07 18:29:14
9203,2.191984,2.398841,12.072284,5.00e-05,75505.52,150798336,N/A,2025-06-07 18:29:14
9204,2.018305,2.398841,12.072284,5.00e-05,75644.61,150814720,N/A,2025-06-07 18:29:15
9205,2.379404,2.398841,12.072284,5.00e-05,75752.17,150831104,N/A,2025-06-07 18:29:15
9206,2.007414,2.398841,12.072284,5.00e-05,75904.46,150847488,N/A,2025-06-07 18:29:15
9207,2.040256,2.398841,12.072284,5.00e-05,76297.99,150863872,N/A,2025-06-07 18:29:15
9208,1.855491,2.398841,12.072284,5.00e-05,76525.88,150880256,N/A,2025-06-07 18:29:15
9209,1.604896,2.398841,12.072284,5.00e-05,78841.01,150896640,N/A,2025-06-07 18:29:16
9210,2.742769,2.398841,12.072284,5.00e-05,78201.17,150913024,0.9652,2025-06-07 18:29:16
9211,2.111005,2.398841,12.072284,5.00e-05,78226.51,150929408,N/A,2025-06-07 18:29:16
9212,1.739692,2.398841,12.072284,5.00e-05,78122.47,150945792,N/A,2025-06-07 18:29:16
9213,2.393188,2.398841,12.072284,5.00e-05,77069.43,150962176,N/A,2025-06-07 18:29:17
9214,2.292352,2.398841,12.072284,5.00e-05,76907.52,150978560,N/A,2025-06-07 18:29:17
9215,2.254645,2.398841,12.072284,5.00e-05,76403.09,150994944,N/A,2025-06-07 18:29:17
9216,2.876934,2.398841,12.072284,5.00e-05,76326.35,151011328,N/A,2025-06-07 18:29:17
9217,2.712851,2.398841,12.072284,5.00e-05,76211.11,151027712,N/A,2025-06-07 18:29:18
9218,2.324146,2.398841,12.072284,5.00e-05,76462.93,151044096,N/A,2025-06-07 18:29:18
9219,2.370326,2.398841,12.072284,5.00e-05,78292.59,151060480,N/A,2025-06-07 18:29:18
9220,2.326230,2.398841,12.072284,5.00e-05,76807.15,151076864,1.0000,2025-06-07 18:29:18
9221,2.197230,2.398841,12.072284,5.00e-05,76911.74,151093248,N/A,2025-06-07 18:29:19
9222,1.718133,2.398841,12.072284,5.00e-05,77896.30,151109632,N/A,2025-06-07 18:29:19
9223,2.407917,2.398841,12.072284,5.00e-05,78049.49,151126016,N/A,2025-06-07 18:29:19
9224,1.807890,2.398841,12.072284,5.00e-05,77880.05,151142400,N/A,2025-06-07 18:29:19
9225,2.076182,2.398841,12.072284,5.00e-05,77875.51,151158784,N/A,2025-06-07 18:29:19
9226,2.831855,2.398841,12.072284,5.00e-05,77797.35,151175168,N/A,2025-06-07 18:29:20
9227,2.403746,2.398841,12.072284,5.00e-05,77744.08,151191552,N/A,2025-06-07 18:29:20
9228,2.812219,2.398841,12.072284,5.00e-05,77851.99,151207936,N/A,2025-06-07 18:29:20
9229,1.864686,2.398841,12.072284,5.00e-05,78756.54,151224320,N/A,2025-06-07 18:29:20
9230,1.987145,2.398841,12.072284,5.00e-05,77154.68,151240704,1.0000,2025-06-07 18:29:21
9231,1.701287,2.398841,12.072284,5.00e-05,77110.59,151257088,N/A,2025-06-07 18:29:21
9232,2.671221,2.398841,12.072284,5.00e-05,77032.22,151273472,N/A,2025-06-07 18:29:21
9233,1.821291,2.398841,12.072284,5.00e-05,77473.80,151289856,N/A,2025-06-07 18:29:21
9234,2.123734,2.398841,12.072284,5.00e-05,77606.45,151306240,N/A,2025-06-07 18:29:22
9235,1.896062,2.398841,12.072284,5.00e-05,77430.92,151322624,N/A,2025-06-07 18:29:22
9236,2.864898,2.398841,12.072284,5.00e-05,77443.54,151339008,N/A,2025-06-07 18:29:22
9237,2.867580,2.398841,12.072284,5.00e-05,77286.36,151355392,N/A,2025-06-07 18:29:22
9238,2.868083,2.398841,12.072284,5.00e-05,77784.70,151371776,N/A,2025-06-07 18:29:23
9239,2.429696,2.398841,12.072284,5.00e-05,79340.97,151388160,N/A,2025-06-07 18:29:23
9240,2.006520,2.398841,12.072284,5.00e-05,77876.26,151404544,1.0000,2025-06-07 18:29:23
9241,1.819353,2.398841,12.072284,5.00e-05,77942.99,151420928,N/A,2025-06-07 18:29:23
9242,2.417055,2.398841,12.072284,5.00e-05,78003.11,151437312,N/A,2025-06-07 18:29:23
9243,2.892825,2.398841,12.072284,5.00e-05,77963.19,151453696,N/A,2025-06-07 18:29:24
9244,1.907621,2.398841,12.072284,5.00e-05,78213.15,151470080,N/A,2025-06-07 18:29:24
9245,2.483583,2.398841,12.072284,5.00e-05,77065.21,151486464,N/A,2025-06-07 18:29:24
9246,2.435447,2.398841,12.072284,5.00e-05,77211.30,151502848,N/A,2025-06-07 18:29:24
9247,2.658075,2.398841,12.072284,5.00e-05,77126.36,151519232,N/A,2025-06-07 18:29:25
9248,2.035722,2.398841,12.072284,5.00e-05,77277.72,151535616,N/A,2025-06-07 18:29:25
9249,3.158204,2.398841,12.072284,5.00e-05,78862.97,151552000,N/A,2025-06-07 18:29:25
9250,2.713048,2.398841,12.072284,5.00e-05,77344.54,151568384,1.0000,2025-06-07 18:29:25
9251,1.925419,2.398841,12.072284,5.00e-05,77453.60,151584768,N/A,2025-06-07 18:29:26
9252,2.269923,2.398841,12.072284,5.00e-05,77259.34,151601152,N/A,2025-06-07 18:29:26
9253,2.492440,2.398841,12.072284,5.00e-05,77206.75,151617536,N/A,2025-06-07 18:29:26
9254,3.013824,2.398841,12.072284,5.00e-05,78379.24,151633920,N/A,2025-06-07 18:29:26
9255,2.239526,2.398841,12.072284,5.00e-05,78378.57,151650304,N/A,2025-06-07 18:29:26
9256,2.357811,2.398841,12.072284,5.00e-05,78494.69,151666688,N/A,2025-06-07 18:29:27
9257,2.580212,2.398841,12.072284,5.00e-05,78314.89,151683072,N/A,2025-06-07 18:29:27
9258,2.860123,2.398841,12.072284,5.00e-05,78306.90,151699456,N/A,2025-06-07 18:29:27
9259,1.969029,2.398841,12.072284,5.00e-05,79682.65,151715840,N/A,2025-06-07 18:29:27
9260,2.324933,2.398841,12.072284,5.00e-05,78132.92,151732224,1.0000,2025-06-07 18:29:28
9261,2.581604,2.398841,12.072284,5.00e-05,78278.97,151748608,N/A,2025-06-07 18:29:28
9262,3.094647,2.398841,12.072284,5.00e-05,78214.94,151764992,N/A,2025-06-07 18:29:28
9263,2.385136,2.398841,12.072284,5.00e-05,78182.27,151781376,N/A,2025-06-07 18:29:28
9264,1.886185,2.398841,12.072284,5.00e-05,77999.99,151797760,N/A,2025-06-07 18:29:29
9265,1.661193,2.398841,12.072284,5.00e-05,78001.66,151814144,N/A,2025-06-07 18:29:29
9266,2.920308,2.398841,12.072284,5.00e-05,78103.60,151830528,N/A,2025-06-07 18:29:29
9267,2.034842,2.398841,12.072284,5.00e-05,77967.81,151846912,N/A,2025-06-07 18:29:29
9268,2.098295,2.398841,12.072284,5.00e-05,78204.67,151863296,N/A,2025-06-07 18:29:29
9269,1.844328,2.398841,12.072284,5.00e-05,79505.09,151879680,N/A,2025-06-07 18:29:30
9270,2.532009,2.398841,12.072284,5.00e-05,77889.23,151896064,0.8843,2025-06-07 18:29:30
9271,2.017461,2.398841,12.072284,5.00e-05,77900.75,151912448,N/A,2025-06-07 18:29:30
9272,2.431126,2.398841,12.072284,5.00e-05,77917.16,151928832,N/A,2025-06-07 18:29:30
9273,3.173341,2.398841,12.072284,5.00e-05,77845.61,151945216,N/A,2025-06-07 18:29:31
9274,2.466246,2.398841,12.072284,5.00e-05,77693.03,151961600,N/A,2025-06-07 18:29:31
9275,1.876061,2.398841,12.072284,5.00e-05,77666.78,151977984,N/A,2025-06-07 18:29:31
9276,2.111178,2.398841,12.072284,5.00e-05,77696.43,151994368,N/A,2025-06-07 18:29:31
9277,2.353980,2.398841,12.072284,5.00e-05,77616.68,152010752,N/A,2025-06-07 18:29:32
9278,1.859400,2.398841,12.072284,5.00e-05,77376.97,152027136,N/A,2025-06-07 18:29:32
9279,1.882734,2.398841,12.072284,5.00e-05,78874.46,152043520,N/A,2025-06-07 18:29:32
9280,2.776831,2.398841,12.072284,5.00e-05,77264.39,152059904,0.9795,2025-06-07 18:29:32
9281,2.565717,2.398841,12.072284,5.00e-05,77282.97,152076288,N/A,2025-06-07 18:29:33
9282,2.626302,2.398841,12.072284,5.00e-05,77528.12,152092672,N/A,2025-06-07 18:29:33
9283,3.110483,2.398841,12.072284,5.00e-05,77594.31,152109056,N/A,2025-06-07 18:29:33
9284,3.098203,2.398841,12.072284,5.00e-05,77505.41,152125440,N/A,2025-06-07 18:29:33
9285,2.165645,2.398841,12.072284,5.00e-05,77540.32,152141824,N/A,2025-06-07 18:29:33
9286,1.937065,2.398841,12.072284,5.00e-05,77517.65,152158208,N/A,2025-06-07 18:29:34
9287,2.744904,2.398841,12.072284,5.00e-05,77991.27,152174592,N/A,2025-06-07 18:29:34
9288,2.134022,2.398841,12.072284,5.00e-05,77510.05,152190976,N/A,2025-06-07 18:29:34
9289,2.063202,2.398841,12.072284,5.00e-05,79069.65,152207360,N/A,2025-06-07 18:29:34
9290,2.179318,2.398841,12.072284,5.00e-05,77380.87,152223744,0.9469,2025-06-07 18:29:35
9291,2.293933,2.398841,12.072284,5.00e-05,76503.80,152240128,N/A,2025-06-07 18:29:35
9292,2.209385,2.398841,12.072284,5.00e-05,75940.57,152256512,N/A,2025-06-07 18:29:35
9293,1.953067,2.398841,12.072284,5.00e-05,75894.88,152272896,N/A,2025-06-07 18:29:35
9294,1.589488,2.398841,12.072284,5.00e-05,75862.49,152289280,N/A,2025-06-07 18:29:36
9295,2.195168,2.398841,12.072284,5.00e-05,75876.20,152305664,N/A,2025-06-07 18:29:36
9296,2.246046,2.398841,12.072284,5.00e-05,75661.51,152322048,N/A,2025-06-07 18:29:36
9297,1.613644,2.398841,12.072284,5.00e-05,76243.94,152338432,N/A,2025-06-07 18:29:36
9298,2.200228,2.398841,12.072284,5.00e-05,76066.61,152354816,N/A,2025-06-07 18:29:37
9299,2.179573,2.398841,12.072284,5.00e-05,77469.47,152371200,N/A,2025-06-07 18:29:37
9300,2.816574,2.398841,12.072284,5.00e-05,75515.81,152387584,1.0000,2025-06-07 18:29:37
9301,2.327909,2.398841,12.072284,5.00e-05,74566.78,152403968,N/A,2025-06-07 18:29:37
9302,2.623403,2.398841,12.072284,5.00e-05,74251.27,152420352,N/A,2025-06-07 18:29:38
9303,2.592308,2.398841,12.072284,5.00e-05,74409.81,152436736,N/A,2025-06-07 18:29:38
9304,1.908410,2.398841,12.072284,5.00e-05,74354.09,152453120,N/A,2025-06-07 18:29:38
9305,1.757975,2.398841,12.072284,5.00e-05,74558.55,152469504,N/A,2025-06-07 18:29:38
9306,1.857803,2.398841,12.072284,5.00e-05,73476.92,152485888,N/A,2025-06-07 18:29:39
9307,2.089305,2.398841,12.072284,5.00e-05,73685.47,152502272,N/A,2025-06-07 18:29:39
9308,2.334854,2.398841,12.072284,5.00e-05,73985.33,152518656,N/A,2025-06-07 18:29:39
9309,2.554322,2.398841,12.072284,5.00e-05,76646.57,152535040,N/A,2025-06-07 18:29:39
9310,2.961171,2.398841,12.072284,5.00e-05,76824.71,152551424,1.0000,2025-06-07 18:29:40
9311,3.197403,2.398841,12.072284,5.00e-05,77187.90,152567808,N/A,2025-06-07 18:29:40
9312,1.981590,2.398841,12.072284,5.00e-05,76904.07,152584192,N/A,2025-06-07 18:29:40
9313,2.120588,2.398841,12.072284,5.00e-05,76962.49,152600576,N/A,2025-06-07 18:29:40
9314,2.787714,2.398841,12.072284,5.00e-05,76821.06,152616960,N/A,2025-06-07 18:29:40
9315,2.035828,2.398841,12.072284,5.00e-05,78265.19,152633344,N/A,2025-06-07 18:29:41
9316,1.643718,2.398841,12.072284,5.00e-05,78353.01,152649728,N/A,2025-06-07 18:29:41
9317,2.007366,2.398841,12.072284,5.00e-05,78310.96,152666112,N/A,2025-06-07 18:29:41
9318,2.636567,2.398841,12.072284,5.00e-05,78418.70,152682496,N/A,2025-06-07 18:29:41
9319,2.254105,2.398841,12.072284,5.00e-05,79779.33,152698880,N/A,2025-06-07 18:29:42
9320,1.452194,2.398841,12.072284,5.00e-05,78078.03,152715264,0.8650,2025-06-07 18:29:42
9321,2.447551,2.398841,12.072284,5.00e-05,78090.58,152731648,N/A,2025-06-07 18:29:42
9322,1.625489,2.398841,12.072284,5.00e-05,78262.36,152748032,N/A,2025-06-07 18:29:42
9323,2.000401,2.398841,12.072284,5.00e-05,77369.65,152764416,N/A,2025-06-07 18:29:43
9324,2.609292,2.398841,12.072284,5.00e-05,77242.72,152780800,N/A,2025-06-07 18:29:43
9325,2.458765,2.398841,12.072284,5.00e-05,77297.35,152797184,N/A,2025-06-07 18:29:43
9326,2.937422,2.398841,12.072284,5.00e-05,77091.45,152813568,N/A,2025-06-07 18:29:43
9327,2.285693,2.398841,12.072284,5.00e-05,77131.68,152829952,N/A,2025-06-07 18:29:43
9328,2.449484,2.398841,12.072284,5.00e-05,77409.25,152846336,N/A,2025-06-07 18:29:44
9329,1.847826,2.398841,12.072284,5.00e-05,78924.13,152862720,N/A,2025-06-07 18:29:44
9330,1.714138,2.398841,12.072284,5.00e-05,76874.07,152879104,1.0000,2025-06-07 18:29:44
9331,2.854813,2.398841,12.072284,5.00e-05,76580.78,152895488,N/A,2025-06-07 18:29:44
9332,2.155404,2.398841,12.072284,5.00e-05,77156.04,152911872,N/A,2025-06-07 18:29:45
9333,2.181688,2.398841,12.072284,5.00e-05,77036.14,152928256,N/A,2025-06-07 18:29:45
9334,2.461496,2.398841,12.072284,5.00e-05,76933.38,152944640,N/A,2025-06-07 18:29:45
9335,2.598676,2.398841,12.072284,5.00e-05,76039.84,152961024,N/A,2025-06-07 18:29:45
9336,1.740571,2.398841,12.072284,5.00e-05,75899.22,152977408,N/A,2025-06-07 18:29:46
9337,1.674922,2.398841,12.072284,5.00e-05,75766.33,152993792,N/A,2025-06-07 18:29:46
9338,2.506367,2.398841,12.072284,5.00e-05,75837.99,153010176,N/A,2025-06-07 18:29:46
9339,3.262946,2.398841,12.072284,5.00e-05,77913.17,153026560,N/A,2025-06-07 18:29:46
9340,2.384623,2.398841,12.072284,5.00e-05,76025.51,153042944,1.0000,2025-06-07 18:29:47
9341,2.261578,2.398841,12.072284,5.00e-05,76504.68,153059328,N/A,2025-06-07 18:29:47
9342,2.619356,2.398841,12.072284,5.00e-05,76519.64,153075712,N/A,2025-06-07 18:29:47
9343,2.415368,2.398841,12.072284,5.00e-05,76523.78,153092096,N/A,2025-06-07 18:29:47
9344,2.321783,2.398841,12.072284,5.00e-05,77414.56,153108480,N/A,2025-06-07 18:29:48
9345,1.804795,2.398841,12.072284,5.00e-05,76660.95,153124864,N/A,2025-06-07 18:29:48
9346,2.973232,2.398841,12.072284,5.00e-05,76140.72,153141248,N/A,2025-06-07 18:29:48
9347,2.650976,2.398841,12.072284,5.00e-05,76242.70,153157632,N/A,2025-06-07 18:29:48
9348,3.088152,2.398841,12.072284,5.00e-05,76301.15,153174016,N/A,2025-06-07 18:29:48
9349,1.659733,2.398841,12.072284,5.00e-05,78478.49,153190400,N/A,2025-06-07 18:29:49
9350,2.068062,2.398841,12.072284,5.00e-05,76933.43,153206784,0.7548,2025-06-07 18:29:49
9351,4.024362,2.398841,12.072284,5.00e-05,76930.45,153223168,N/A,2025-06-07 18:29:49
9352,2.551077,2.398841,12.072284,5.00e-05,76978.18,153239552,N/A,2025-06-07 18:29:49
9353,2.309384,2.398841,12.072284,5.00e-05,77040.66,153255936,N/A,2025-06-07 18:29:50
9354,2.504549,2.398841,12.072284,5.00e-05,77659.61,153272320,N/A,2025-06-07 18:29:50
9355,2.131842,2.398841,12.072284,5.00e-05,78279.52,153288704,N/A,2025-06-07 18:29:50
9356,2.135570,2.398841,12.072284,5.00e-05,77930.35,153305088,N/A,2025-06-07 18:29:50
9357,1.788859,2.398841,12.072284,5.00e-05,77553.42,153321472,N/A,2025-06-07 18:29:51
9358,2.286221,2.398841,12.072284,5.00e-05,77256.18,153337856,N/A,2025-06-07 18:29:51
9359,2.474989,2.398841,12.072284,5.00e-05,78560.95,153354240,N/A,2025-06-07 18:29:51
9360,2.797784,2.398841,12.072284,5.00e-05,77091.13,153370624,1.0000,2025-06-07 18:29:51
9361,2.561944,2.398841,12.072284,5.00e-05,76761.36,153387008,N/A,2025-06-07 18:29:52
9362,1.290460,2.398841,12.072284,5.00e-05,76772.38,153403392,N/A,2025-06-07 18:29:52
9363,3.063170,2.398841,12.072284,5.00e-05,76871.84,153419776,N/A,2025-06-07 18:29:52
9364,1.865296,2.398841,12.072284,5.00e-05,76891.76,153436160,N/A,2025-06-07 18:29:52
9365,2.379998,2.398841,12.072284,5.00e-05,77194.85,153452544,N/A,2025-06-07 18:29:52
9366,2.314652,2.398841,12.072284,5.00e-05,77458.42,153468928,N/A,2025-06-07 18:29:53
9367,2.842230,2.398841,12.072284,5.00e-05,77684.88,153485312,N/A,2025-06-07 18:29:53
9368,2.408560,2.398841,12.072284,5.00e-05,77738.71,153501696,N/A,2025-06-07 18:29:53
9369,2.345712,2.398841,12.072284,5.00e-05,79240.90,153518080,N/A,2025-06-07 18:29:53
9370,2.070200,2.398841,12.072284,5.00e-05,77161.29,153534464,1.0000,2025-06-07 18:29:54
9371,2.697659,2.398841,12.072284,5.00e-05,77012.30,153550848,N/A,2025-06-07 18:29:54
9372,1.337567,2.398841,12.072284,5.00e-05,77128.41,153567232,N/A,2025-06-07 18:29:54
9373,2.723589,2.398841,12.072284,5.00e-05,77028.24,153583616,N/A,2025-06-07 18:29:54
9374,2.492831,2.398841,12.072284,5.00e-05,77058.85,153600000,N/A,2025-06-07 18:29:55
9375,1.914475,2.398841,12.072284,5.00e-05,77061.94,153616384,N/A,2025-06-07 18:29:55
9376,1.297599,2.398841,12.072284,5.00e-05,77062.13,153632768,N/A,2025-06-07 18:29:55
9377,1.688619,2.398841,12.072284,5.00e-05,77184.29,153649152,N/A,2025-06-07 18:29:55
9378,1.938399,2.398841,12.072284,5.00e-05,77120.32,153665536,N/A,2025-06-07 18:29:55
9379,2.167316,2.398841,12.072284,5.00e-05,79435.22,153681920,N/A,2025-06-07 18:29:56
9380,2.615477,2.398841,12.072284,5.00e-05,78051.01,153698304,0.8116,2025-06-07 18:29:56
9381,2.092254,2.398841,12.072284,5.00e-05,78051.98,153714688,N/A,2025-06-07 18:29:56
9382,2.318833,2.398841,12.072284,5.00e-05,78123.97,153731072,N/A,2025-06-07 18:29:56
9383,2.551729,2.398841,12.072284,5.00e-05,77996.00,153747456,N/A,2025-06-07 18:29:57
9384,2.269785,2.398841,12.072284,5.00e-05,78227.89,153763840,N/A,2025-06-07 18:29:57
9385,2.266477,2.398841,12.072284,5.00e-05,78093.53,153780224,N/A,2025-06-07 18:29:57
9386,2.537410,2.398841,12.072284,5.00e-05,78213.86,153796608,N/A,2025-06-07 18:29:57
9387,2.391062,2.398841,12.072284,5.00e-05,78257.98,153812992,N/A,2025-06-07 18:29:58
9388,3.423700,2.398841,12.072284,5.00e-05,78301.23,153829376,N/A,2025-06-07 18:29:58
9389,2.491349,2.398841,12.072284,5.00e-05,79427.38,153845760,N/A,2025-06-07 18:29:58
9390,0.972621,2.398841,12.072284,5.00e-05,77892.88,153862144,0.8940,2025-06-07 18:29:58
9391,2.846462,2.398841,12.072284,5.00e-05,77961.07,153878528,N/A,2025-06-07 18:29:59
9392,2.474727,2.398841,12.072284,5.00e-05,78190.20,153894912,N/A,2025-06-07 18:29:59
9393,2.728606,2.398841,12.072284,5.00e-05,78101.59,153911296,N/A,2025-06-07 18:29:59
9394,2.061629,2.398841,12.072284,5.00e-05,78092.99,153927680,N/A,2025-06-07 18:29:59
9395,2.022932,2.398841,12.072284,5.00e-05,77951.98,153944064,N/A,2025-06-07 18:29:59
9396,2.076676,2.398841,12.072284,5.00e-05,77845.83,153960448,N/A,2025-06-07 18:30:00
9397,2.757627,2.398841,12.072284,5.00e-05,77971.30,153976832,N/A,2025-06-07 18:30:00
9398,2.239483,2.398841,12.072284,5.00e-05,78317.10,153993216,N/A,2025-06-07 18:30:00
9399,2.752901,2.398841,12.072284,5.00e-05,79726.76,154009600,N/A,2025-06-07 18:30:00
9400,2.624655,2.398841,12.072284,5.00e-05,78009.99,154025984,1.0000,2025-06-07 18:30:01
9401,2.138410,2.398841,12.072284,5.00e-05,76932.18,154042368,N/A,2025-06-07 18:30:01
9402,2.269636,2.398841,12.072284,5.00e-05,76825.13,154058752,N/A,2025-06-07 18:30:01
9403,2.109668,2.398841,12.072284,5.00e-05,76920.59,154075136,N/A,2025-06-07 18:30:01
9404,4.134874,2.398841,12.072284,5.00e-05,76932.12,154091520,N/A,2025-06-07 18:30:02
9405,2.716557,2.398841,12.072284,5.00e-05,77121.69,154107904,N/A,2025-06-07 18:30:02
9406,2.096549,2.398841,12.072284,5.00e-05,76906.53,154124288,N/A,2025-06-07 18:30:02
9407,1.730400,2.398841,12.072284,5.00e-05,76970.66,154140672,N/A,2025-06-07 18:30:02
9408,2.618690,2.398841,12.072284,5.00e-05,77013.65,154157056,N/A,2025-06-07 18:30:03
9409,3.238443,2.398841,12.072284,5.00e-05,78608.64,154173440,N/A,2025-06-07 18:30:03
9410,2.347094,2.398841,12.072284,5.00e-05,78327.22,154189824,0.9088,2025-06-07 18:30:03
9411,2.424827,2.398841,12.072284,5.00e-05,78354.79,154206208,N/A,2025-06-07 18:30:03
9412,1.334262,2.398841,12.072284,5.00e-05,78326.81,154222592,N/A,2025-06-07 18:30:03
9413,1.590412,2.398841,12.072284,5.00e-05,78065.96,154238976,N/A,2025-06-07 18:30:04
9414,1.978750,2.398841,12.072284,5.00e-05,77376.57,154255360,N/A,2025-06-07 18:30:04
9415,3.047748,2.398841,12.072284,5.00e-05,77464.38,154271744,N/A,2025-06-07 18:30:04
9416,2.245520,2.398841,12.072284,5.00e-05,77334.96,154288128,N/A,2025-06-07 18:30:04
9417,1.894971,2.398841,12.072284,5.00e-05,77034.28,154304512,N/A,2025-06-07 18:30:05
9418,1.994845,2.398841,12.072284,5.00e-05,76427.02,154320896,N/A,2025-06-07 18:30:05
9419,2.164304,2.398841,12.072284,5.00e-05,77393.49,154337280,N/A,2025-06-07 18:30:05
9420,1.976672,2.398841,12.072284,5.00e-05,75181.69,154353664,1.0000,2025-06-07 18:30:05
9421,1.869766,2.398841,12.072284,5.00e-05,74851.88,154370048,N/A,2025-06-07 18:30:06
9422,1.894695,2.398841,12.072284,5.00e-05,74816.58,154386432,N/A,2025-06-07 18:30:06
9423,1.684805,2.398841,12.072284,5.00e-05,75165.03,154402816,N/A,2025-06-07 18:30:06
9424,2.113145,2.398841,12.072284,5.00e-05,74862.02,154419200,N/A,2025-06-07 18:30:06
9425,1.999546,2.398841,12.072284,5.00e-05,74780.90,154435584,N/A,2025-06-07 18:30:07
9426,2.135440,2.398841,12.072284,5.00e-05,74807.88,154451968,N/A,2025-06-07 18:30:07
9427,2.308452,2.398841,12.072284,5.00e-05,75025.36,154468352,N/A,2025-06-07 18:30:07
9428,2.526953,2.398841,12.072284,5.00e-05,74906.19,154484736,N/A,2025-06-07 18:30:07
9429,2.203490,2.398841,12.072284,5.00e-05,76296.20,154501120,N/A,2025-06-07 18:30:08
9430,2.174206,2.398841,12.072284,5.00e-05,75095.84,154517504,0.8767,2025-06-07 18:30:08
9431,2.652063,2.398841,12.072284,5.00e-05,75169.24,154533888,N/A,2025-06-07 18:30:08
9432,2.042889,2.398841,12.072284,5.00e-05,75071.42,154550272,N/A,2025-06-07 18:30:08
9433,2.944977,2.398841,12.072284,5.00e-05,75221.93,154566656,N/A,2025-06-07 18:30:09
9434,2.772915,2.398841,12.072284,5.00e-05,75361.11,154583040,N/A,2025-06-07 18:30:09
9435,1.507014,2.398841,12.072284,5.00e-05,75549.68,154599424,N/A,2025-06-07 18:30:09
9436,2.992766,2.398841,12.072284,5.00e-05,75894.66,154615808,N/A,2025-06-07 18:30:09
9437,2.326728,2.398841,12.072284,5.00e-05,76393.52,154632192,N/A,2025-06-07 18:30:09
9438,2.436994,2.398841,12.072284,5.00e-05,77131.47,154648576,N/A,2025-06-07 18:30:10
9439,2.793493,2.398841,12.072284,5.00e-05,78646.65,154664960,N/A,2025-06-07 18:30:10
9440,2.824707,2.398841,12.072284,5.00e-05,77433.17,154681344,1.0000,2025-06-07 18:30:10
9441,1.685039,2.398841,12.072284,5.00e-05,77835.58,154697728,N/A,2025-06-07 18:30:10
9442,2.235073,2.398841,12.072284,5.00e-05,77846.18,154714112,N/A,2025-06-07 18:30:11
9443,2.977167,2.398841,12.072284,5.00e-05,77842.21,154730496,N/A,2025-06-07 18:30:11
9444,2.392719,2.398841,12.072284,5.00e-05,77941.34,154746880,N/A,2025-06-07 18:30:11
9445,1.926081,2.398841,12.072284,5.00e-05,77158.38,154763264,N/A,2025-06-07 18:30:11
9446,2.361246,2.398841,12.072284,5.00e-05,76756.63,154779648,N/A,2025-06-07 18:30:12
9447,1.916496,2.398841,12.072284,5.00e-05,76834.88,154796032,N/A,2025-06-07 18:30:12
9448,2.974667,2.398841,12.072284,5.00e-05,76756.45,154812416,N/A,2025-06-07 18:30:12
9449,2.786708,2.398841,12.072284,5.00e-05,78101.00,154828800,N/A,2025-06-07 18:30:12
9450,1.982528,2.398841,12.072284,5.00e-05,76349.98,154845184,1.0000,2025-06-07 18:30:13
9451,1.772033,2.398841,12.072284,5.00e-05,76515.93,154861568,N/A,2025-06-07 18:30:13
9452,2.220939,2.398841,12.072284,5.00e-05,76666.33,154877952,N/A,2025-06-07 18:30:13
9453,2.363109,2.398841,12.072284,5.00e-05,76525.50,154894336,N/A,2025-06-07 18:30:13
9454,2.042468,2.398841,12.072284,5.00e-05,77241.88,154910720,N/A,2025-06-07 18:30:13
9455,2.094407,2.398841,12.072284,5.00e-05,77123.85,154927104,N/A,2025-06-07 18:30:14
9456,2.418499,2.398841,12.072284,5.00e-05,76526.11,154943488,N/A,2025-06-07 18:30:14
9457,1.895853,2.398841,12.072284,5.00e-05,76716.84,154959872,N/A,2025-06-07 18:30:14
9458,1.937672,2.398841,12.072284,5.00e-05,76597.33,154976256,N/A,2025-06-07 18:30:14
9459,1.800446,2.398841,12.072284,5.00e-05,78275.12,154992640,N/A,2025-06-07 18:30:15
9460,2.694055,2.398841,12.072284,5.00e-05,76763.92,155009024,0.8198,2025-06-07 18:30:15
9461,2.155758,2.398841,12.072284,5.00e-05,76676.05,155025408,N/A,2025-06-07 18:30:15
9462,1.693714,2.398841,12.072284,5.00e-05,76725.04,155041792,N/A,2025-06-07 18:30:15
9463,2.406803,2.398841,12.072284,5.00e-05,76747.67,155058176,N/A,2025-06-07 18:30:16
9464,2.241273,2.398841,12.072284,5.00e-05,76762.23,155074560,N/A,2025-06-07 18:30:16
9465,2.260033,2.398841,12.072284,5.00e-05,77364.21,155090944,N/A,2025-06-07 18:30:16
9466,3.210996,2.398841,12.072284,5.00e-05,77283.46,155107328,N/A,2025-06-07 18:30:16
9467,1.685153,2.398841,12.072284,5.00e-05,77436.16,155123712,N/A,2025-06-07 18:30:17
9468,3.057822,2.398841,12.072284,5.00e-05,77313.16,155140096,N/A,2025-06-07 18:30:17
9469,2.126778,2.398841,12.072284,5.00e-05,78793.70,155156480,N/A,2025-06-07 18:30:17
9470,2.458388,2.398841,12.072284,5.00e-05,77165.65,155172864,0.9376,2025-06-07 18:30:17
9471,3.172276,2.398841,12.072284,5.00e-05,77263.29,155189248,N/A,2025-06-07 18:30:17
9472,2.859461,2.398841,12.072284,5.00e-05,77255.53,155205632,N/A,2025-06-07 18:30:18
9473,2.042628,2.398841,12.072284,5.00e-05,77546.36,155222016,N/A,2025-06-07 18:30:18
9474,3.085509,2.398841,12.072284,5.00e-05,77083.11,155238400,N/A,2025-06-07 18:30:18
9475,1.951906,2.398841,12.072284,5.00e-05,77178.11,155254784,N/A,2025-06-07 18:30:18
9476,3.248227,2.398841,12.072284,5.00e-05,77137.72,155271168,N/A,2025-06-07 18:30:19
9477,1.843251,2.398841,12.072284,5.00e-05,76171.62,155287552,N/A,2025-06-07 18:30:19
9478,2.558031,2.398841,12.072284,5.00e-05,76190.84,155303936,N/A,2025-06-07 18:30:19
9479,2.468618,2.398841,12.072284,5.00e-05,77799.27,155320320,N/A,2025-06-07 18:30:19
9480,2.001654,2.398841,12.072284,5.00e-05,76444.63,155336704,0.9976,2025-06-07 18:30:20
9481,1.835152,2.398841,12.072284,5.00e-05,76259.29,155353088,N/A,2025-06-07 18:30:20
9482,2.744358,2.398841,12.072284,5.00e-05,76391.19,155369472,N/A,2025-06-07 18:30:20
9483,2.718001,2.398841,12.072284,5.00e-05,76751.89,155385856,N/A,2025-06-07 18:30:20
9484,2.967758,2.398841,12.072284,5.00e-05,76503.71,155402240,N/A,2025-06-07 18:30:21
9485,2.588744,2.398841,12.072284,5.00e-05,76578.80,155418624,N/A,2025-06-07 18:30:21
9486,2.518439,2.398841,12.072284,5.00e-05,77697.98,155435008,N/A,2025-06-07 18:30:21
9487,2.536934,2.398841,12.072284,5.00e-05,77571.38,155451392,N/A,2025-06-07 18:30:21
9488,1.401421,2.398841,12.072284,5.00e-05,77544.83,155467776,N/A,2025-06-07 18:30:21
9489,2.420393,2.398841,12.072284,5.00e-05,79388.18,155484160,N/A,2025-06-07 18:30:22
9490,2.424804,2.398841,12.072284,5.00e-05,78619.85,155500544,1.0000,2025-06-07 18:30:22
9491,2.222783,2.398841,12.072284,5.00e-05,78508.87,155516928,N/A,2025-06-07 18:30:22
9492,2.918104,2.398841,12.072284,5.00e-05,78618.87,155533312,N/A,2025-06-07 18:30:22
9493,2.854678,2.398841,12.072284,5.00e-05,78716.77,155549696,N/A,2025-06-07 18:30:23
9494,3.134652,2.398841,12.072284,5.00e-05,78726.11,155566080,N/A,2025-06-07 18:30:23
9495,2.747026,2.398841,12.072284,5.00e-05,78772.44,155582464,N/A,2025-06-07 18:30:23
9496,2.220785,2.398841,12.072284,5.00e-05,78992.95,155598848,N/A,2025-06-07 18:30:23
9497,2.342205,2.398841,12.072284,5.00e-05,79156.80,155615232,N/A,2025-06-07 18:30:24
9498,2.056420,2.398841,12.072284,5.00e-05,78529.67,155631616,N/A,2025-06-07 18:30:24
9499,2.064949,2.398841,12.072284,5.00e-05,79438.91,155648000,N/A,2025-06-07 18:30:24
9500,2.073073,2.398841,12.072284,5.00e-05,77897.24,155664384,0.9154,2025-06-07 18:30:24
9501,2.288323,2.398841,12.072284,5.00e-05,76429.03,155680768,N/A,2025-06-07 18:30:25
9502,2.136817,2.398841,12.072284,5.00e-05,76284.90,155697152,N/A,2025-06-07 18:30:25
9503,2.261794,2.398841,12.072284,5.00e-05,76127.76,155713536,N/A,2025-06-07 18:30:25
9504,2.634631,2.398841,12.072284,5.00e-05,76144.00,155729920,N/A,2025-06-07 18:30:25
9505,2.611185,2.398841,12.072284,5.00e-05,76095.29,155746304,N/A,2025-06-07 18:30:25
9506,2.043312,2.398841,12.072284,5.00e-05,75968.28,155762688,N/A,2025-06-07 18:30:26
9507,2.876403,2.398841,12.072284,5.00e-05,76106.41,155779072,N/A,2025-06-07 18:30:26
9508,2.396024,2.398841,12.072284,5.00e-05,76241.34,155795456,N/A,2025-06-07 18:30:26
9509,2.664709,2.398841,12.072284,5.00e-05,77719.84,155811840,N/A,2025-06-07 18:30:26
9510,2.075257,2.398841,12.072284,5.00e-05,77500.82,155828224,1.0000,2025-06-07 18:30:27
9511,1.334921,2.398841,12.072284,5.00e-05,77786.51,155844608,N/A,2025-06-07 18:30:27
9512,2.645001,2.398841,12.072284,5.00e-05,77933.50,155860992,N/A,2025-06-07 18:30:27
9513,2.124902,2.398841,12.072284,5.00e-05,77806.62,155877376,N/A,2025-06-07 18:30:27
9514,2.715925,2.398841,12.072284,5.00e-05,77392.75,155893760,N/A,2025-06-07 18:30:28
9515,1.827460,2.398841,12.072284,5.00e-05,77503.94,155910144,N/A,2025-06-07 18:30:28
9516,2.434727,2.398841,12.072284,5.00e-05,77646.88,155926528,N/A,2025-06-07 18:30:28
9517,1.874521,2.398841,12.072284,5.00e-05,76881.55,155942912,N/A,2025-06-07 18:30:28
9518,2.003390,2.398841,12.072284,5.00e-05,76912.04,155959296,N/A,2025-06-07 18:30:29
9519,2.655498,2.398841,12.072284,5.00e-05,78449.93,155975680,N/A,2025-06-07 18:30:29
9520,2.396835,2.398841,12.072284,5.00e-05,76863.39,155992064,0.8850,2025-06-07 18:30:29
9521,2.469148,2.398841,12.072284,5.00e-05,76757.85,156008448,N/A,2025-06-07 18:30:29
9522,2.168173,2.398841,12.072284,5.00e-05,76802.67,156024832,N/A,2025-06-07 18:30:29
9523,2.868034,2.398841,12.072284,5.00e-05,77286.65,156041216,N/A,2025-06-07 18:30:30
9524,2.099568,2.398841,12.072284,5.00e-05,77086.38,156057600,N/A,2025-06-07 18:30:30
9525,1.557916,2.398841,12.072284,5.00e-05,77022.58,156073984,N/A,2025-06-07 18:30:30
9526,2.173210,2.398841,12.072284,5.00e-05,77507.15,156090368,N/A,2025-06-07 18:30:30
9527,3.017695,2.398841,12.072284,5.00e-05,77653.27,156106752,N/A,2025-06-07 18:30:31
9528,3.315683,2.398841,12.072284,5.00e-05,77805.85,156123136,N/A,2025-06-07 18:30:31
9529,2.148458,2.398841,12.072284,5.00e-05,79473.15,156139520,N/A,2025-06-07 18:30:31
9530,2.478063,2.398841,12.072284,5.00e-05,77998.91,156155904,1.0000,2025-06-07 18:30:31
9531,3.481382,2.398841,12.072284,5.00e-05,78047.32,156172288,N/A,2025-06-07 18:30:32
9532,2.398934,2.398841,12.072284,5.00e-05,78174.43,156188672,N/A,2025-06-07 18:30:32
9533,2.670675,2.398841,12.072284,5.00e-05,78329.99,156205056,N/A,2025-06-07 18:30:32
9534,2.383968,2.398841,12.072284,5.00e-05,78277.52,156221440,N/A,2025-06-07 18:30:32
9535,1.952461,2.398841,12.072284,5.00e-05,78614.41,156237824,N/A,2025-06-07 18:30:32
9536,2.509549,2.398841,12.072284,5.00e-05,78564.86,156254208,N/A,2025-06-07 18:30:33
9537,3.346138,2.398841,12.072284,5.00e-05,78577.28,156270592,N/A,2025-06-07 18:30:33
9538,1.912528,2.398841,12.072284,5.00e-05,78524.91,156286976,N/A,2025-06-07 18:30:33
9539,1.978991,2.398841,12.072284,5.00e-05,80128.73,156303360,N/A,2025-06-07 18:30:33
9540,1.408430,2.398841,12.072284,5.00e-05,78309.35,156319744,0.8642,2025-06-07 18:30:34
9541,1.985227,2.398841,12.072284,5.00e-05,78151.47,156336128,N/A,2025-06-07 18:30:34
9542,1.364911,2.398841,12.072284,5.00e-05,78257.42,156352512,N/A,2025-06-07 18:30:34
9543,2.864603,2.398841,12.072284,5.00e-05,78112.04,156368896,N/A,2025-06-07 18:30:34
9544,2.850916,2.398841,12.072284,5.00e-05,78127.42,156385280,N/A,2025-06-07 18:30:35
9545,2.994053,2.398841,12.072284,5.00e-05,77893.23,156401664,N/A,2025-06-07 18:30:35
9546,2.300471,2.398841,12.072284,5.00e-05,77728.09,156418048,N/A,2025-06-07 18:30:35
9547,2.218009,2.398841,12.072284,5.00e-05,77695.37,156434432,N/A,2025-06-07 18:30:35
9548,1.986059,2.398841,12.072284,5.00e-05,77685.49,156450816,N/A,2025-06-07 18:30:36
9549,2.318612,2.398841,12.072284,5.00e-05,79434.57,156467200,N/A,2025-06-07 18:30:36
9550,2.188626,2.398841,12.072284,5.00e-05,77546.99,156483584,0.8955,2025-06-07 18:30:36
9551,2.837325,2.398841,12.072284,5.00e-05,77498.86,156499968,N/A,2025-06-07 18:30:36
9552,2.998915,2.398841,12.072284,5.00e-05,77729.02,156516352,N/A,2025-06-07 18:30:36
9553,1.921269,2.398841,12.072284,5.00e-05,77561.86,156532736,N/A,2025-06-07 18:30:37
9554,2.677289,2.398841,12.072284,5.00e-05,77844.93,156549120,N/A,2025-06-07 18:30:37
9555,2.542807,2.398841,12.072284,5.00e-05,77925.40,156565504,N/A,2025-06-07 18:30:37
9556,2.924368,2.398841,12.072284,5.00e-05,78040.79,156581888,N/A,2025-06-07 18:30:37
9557,3.075621,2.398841,12.072284,5.00e-05,78054.22,156598272,N/A,2025-06-07 18:30:38
9558,2.508328,2.398841,12.072284,5.00e-05,78152.37,156614656,N/A,2025-06-07 18:30:38
9559,2.510062,2.398841,12.072284,5.00e-05,79898.78,156631040,N/A,2025-06-07 18:30:38
9560,1.735272,2.398841,12.072284,5.00e-05,78274.66,156647424,0.7634,2025-06-07 18:30:38
9561,2.509730,2.398841,12.072284,5.00e-05,78373.38,156663808,N/A,2025-06-07 18:30:39
9562,2.021441,2.398841,12.072284,5.00e-05,78431.76,156680192,N/A,2025-06-07 18:30:39
9563,2.509263,2.398841,12.072284,5.00e-05,78409.10,156696576,N/A,2025-06-07 18:30:39
9564,2.319811,2.398841,12.072284,5.00e-05,78554.02,156712960,N/A,2025-06-07 18:30:39
9565,1.999779,2.398841,12.072284,5.00e-05,78603.46,156729344,N/A,2025-06-07 18:30:39
9566,2.213855,2.398841,12.072284,5.00e-05,78652.73,156745728,N/A,2025-06-07 18:30:40
9567,2.767048,2.398841,12.072284,5.00e-05,78387.42,156762112,N/A,2025-06-07 18:30:40
9568,1.795210,2.398841,12.072284,5.00e-05,77362.49,156778496,N/A,2025-06-07 18:30:40
9569,3.141543,2.398841,12.072284,5.00e-05,78669.78,156794880,N/A,2025-06-07 18:30:40
9570,2.337498,2.398841,12.072284,5.00e-05,77081.59,156811264,1.0000,2025-06-07 18:30:41
9571,2.685861,2.398841,12.072284,5.00e-05,77242.39,156827648,N/A,2025-06-07 18:30:41
9572,2.108110,2.398841,12.072284,5.00e-05,76848.72,156844032,N/A,2025-06-07 18:30:41
9573,2.304964,2.398841,12.072284,5.00e-05,76853.26,156860416,N/A,2025-06-07 18:30:41
9574,3.164988,2.398841,12.072284,5.00e-05,76683.27,156876800,N/A,2025-06-07 18:30:42
9575,3.048164,2.398841,12.072284,5.00e-05,76382.79,156893184,N/A,2025-06-07 18:30:42
9576,3.447834,2.398841,12.072284,5.00e-05,76542.86,156909568,N/A,2025-06-07 18:30:42
9577,2.521858,2.398841,12.072284,5.00e-05,77557.70,156925952,N/A,2025-06-07 18:30:42
9578,2.728467,2.398841,12.072284,5.00e-05,77711.18,156942336,N/A,2025-06-07 18:30:43
9579,2.359209,2.398841,12.072284,5.00e-05,78885.01,156958720,N/A,2025-06-07 18:30:43
9580,2.763599,2.398841,12.072284,5.00e-05,77254.91,156975104,0.8634,2025-06-07 18:30:43
9581,2.439751,2.398841,12.072284,5.00e-05,77659.05,156991488,N/A,2025-06-07 18:30:43
9582,3.618692,2.398841,12.072284,5.00e-05,77591.21,157007872,N/A,2025-06-07 18:30:43
9583,2.134128,2.398841,12.072284,5.00e-05,77722.20,157024256,N/A,2025-06-07 18:30:44
9584,1.987095,2.398841,12.072284,5.00e-05,78005.55,157040640,N/A,2025-06-07 18:30:44
9585,3.161826,2.398841,12.072284,5.00e-05,78126.41,157057024,N/A,2025-06-07 18:30:44
9586,2.359308,2.398841,12.072284,5.00e-05,78227.44,157073408,N/A,2025-06-07 18:30:44
9587,3.090760,2.398841,12.072284,5.00e-05,78261.40,157089792,N/A,2025-06-07 18:30:45
9588,2.425553,2.398841,12.072284,5.00e-05,78578.14,157106176,N/A,2025-06-07 18:30:45
9589,1.672686,2.398841,12.072284,5.00e-05,79278.81,157122560,N/A,2025-06-07 18:30:45
9590,1.728795,2.398841,12.072284,5.00e-05,77767.55,157138944,0.8462,2025-06-07 18:30:45
9591,2.753863,2.398841,12.072284,5.00e-05,77756.83,157155328,N/A,2025-06-07 18:30:46
9592,2.070621,2.398841,12.072284,5.00e-05,77757.54,157171712,N/A,2025-06-07 18:30:46
9593,2.397688,2.398841,12.072284,5.00e-05,77797.28,157188096,N/A,2025-06-07 18:30:46
9594,2.009515,2.398841,12.072284,5.00e-05,77781.48,157204480,N/A,2025-06-07 18:30:46
9595,1.925226,2.398841,12.072284,5.00e-05,77917.63,157220864,N/A,2025-06-07 18:30:47
9596,2.275016,2.398841,12.072284,5.00e-05,77893.65,157237248,N/A,2025-06-07 18:30:47
9597,2.068546,2.398841,12.072284,5.00e-05,77974.58,157253632,N/A,2025-06-07 18:30:47
9598,2.809478,2.398841,12.072284,5.00e-05,78776.87,157270016,N/A,2025-06-07 18:30:47
9599,2.330472,2.398841,12.072284,5.00e-05,80269.74,157286400,N/A,2025-06-07 18:30:47
9600,2.373055,2.398841,12.072284,5.00e-05,78342.27,157302784,1.0000,2025-06-07 18:30:48
9601,2.581659,2.398841,12.072284,5.00e-05,76910.43,157319168,N/A,2025-06-07 18:30:48
9602,2.299031,2.398841,12.072284,5.00e-05,76714.10,157335552,N/A,2025-06-07 18:30:48
9603,2.087701,2.398841,12.072284,5.00e-05,76560.80,157351936,N/A,2025-06-07 18:30:48
9604,2.430264,2.398841,12.072284,5.00e-05,76286.27,157368320,N/A,2025-06-07 18:30:49
9605,2.083764,2.398841,12.072284,5.00e-05,76323.31,157384704,N/A,2025-06-07 18:30:49
9606,2.158426,2.398841,12.072284,5.00e-05,76159.91,157401088,N/A,2025-06-07 18:30:49
9607,3.407785,2.398841,12.072284,5.00e-05,76178.17,157417472,N/A,2025-06-07 18:30:49
9608,1.830346,2.398841,12.072284,5.00e-05,76285.55,157433856,N/A,2025-06-07 18:30:50
9609,3.222773,2.398841,12.072284,5.00e-05,78075.99,157450240,N/A,2025-06-07 18:30:50
9610,2.242727,2.398841,12.072284,5.00e-05,77488.37,157466624,1.0000,2025-06-07 18:30:50
9611,2.732562,2.398841,12.072284,5.00e-05,77621.98,157483008,N/A,2025-06-07 18:30:50
9612,3.044828,2.398841,12.072284,5.00e-05,77531.57,157499392,N/A,2025-06-07 18:30:51
9613,1.929137,2.398841,12.072284,5.00e-05,77740.69,157515776,N/A,2025-06-07 18:30:51
9614,1.559906,2.398841,12.072284,5.00e-05,77698.13,157532160,N/A,2025-06-07 18:30:51
9615,2.557555,2.398841,12.072284,5.00e-05,77116.63,157548544,N/A,2025-06-07 18:30:51
9616,2.538564,2.398841,12.072284,5.00e-05,77125.22,157564928,N/A,2025-06-07 18:30:51
9617,3.310543,2.398841,12.072284,5.00e-05,77099.14,157581312,N/A,2025-06-07 18:30:52
9618,2.804129,2.398841,12.072284,5.00e-05,77090.10,157597696,N/A,2025-06-07 18:30:52
9619,2.132890,2.398841,12.072284,5.00e-05,78982.60,157614080,N/A,2025-06-07 18:30:52
9620,2.459886,2.398841,12.072284,5.00e-05,77402.36,157630464,0.8270,2025-06-07 18:30:52
9621,2.604249,2.398841,12.072284,5.00e-05,77462.90,157646848,N/A,2025-06-07 18:30:53
9622,1.902706,2.398841,12.072284,5.00e-05,77445.94,157663232,N/A,2025-06-07 18:30:53
9623,2.560607,2.398841,12.072284,5.00e-05,77383.98,157679616,N/A,2025-06-07 18:30:53
9624,1.710135,2.398841,12.072284,5.00e-05,77818.20,157696000,N/A,2025-06-07 18:30:53
9625,2.298505,2.398841,12.072284,5.00e-05,77729.37,157712384,N/A,2025-06-07 18:30:54
9626,2.250467,2.398841,12.072284,5.00e-05,77677.89,157728768,N/A,2025-06-07 18:30:54
9627,2.547659,2.398841,12.072284,5.00e-05,77762.78,157745152,N/A,2025-06-07 18:30:54
9628,2.238125,2.398841,12.072284,5.00e-05,77772.89,157761536,N/A,2025-06-07 18:30:54
9629,2.335243,2.398841,12.072284,5.00e-05,79154.34,157777920,N/A,2025-06-07 18:30:54
9630,1.681923,2.398841,12.072284,5.00e-05,77780.11,157794304,0.8697,2025-06-07 18:30:55
9631,2.870582,2.398841,12.072284,5.00e-05,77721.39,157810688,N/A,2025-06-07 18:30:55
9632,3.012426,2.398841,12.072284,5.00e-05,77631.34,157827072,N/A,2025-06-07 18:30:55
9633,3.087642,2.398841,12.072284,5.00e-05,78037.35,157843456,N/A,2025-06-07 18:30:55
9634,2.658745,2.398841,12.072284,5.00e-05,78190.66,157859840,N/A,2025-06-07 18:30:56
9635,3.198352,2.398841,12.072284,5.00e-05,78188.58,157876224,N/A,2025-06-07 18:30:56
9636,1.953714,2.398841,12.072284,5.00e-05,78095.64,157892608,N/A,2025-06-07 18:30:56
9637,1.994380,2.398841,12.072284,5.00e-05,77235.42,157908992,N/A,2025-06-07 18:30:56
9638,2.781871,2.398841,12.072284,5.00e-05,77163.04,157925376,N/A,2025-06-07 18:30:57
9639,2.184406,2.398841,12.072284,5.00e-05,78577.98,157941760,N/A,2025-06-07 18:30:57
9640,2.324765,2.398841,12.072284,5.00e-05,77148.80,157958144,1.0000,2025-06-07 18:30:57
9641,1.833426,2.398841,12.072284,5.00e-05,77348.57,157974528,N/A,2025-06-07 18:30:57
9642,1.843102,2.398841,12.072284,5.00e-05,77157.90,157990912,N/A,2025-06-07 18:30:58
9643,2.488447,2.398841,12.072284,5.00e-05,76794.65,158007296,N/A,2025-06-07 18:30:58
9644,2.111958,2.398841,12.072284,5.00e-05,76751.89,158023680,N/A,2025-06-07 18:30:58
9645,3.141447,2.398841,12.072284,5.00e-05,76649.84,158040064,N/A,2025-06-07 18:30:58
9646,2.725044,2.398841,12.072284,5.00e-05,77641.73,158056448,N/A,2025-06-07 18:30:58
9647,2.320355,2.398841,12.072284,5.00e-05,77743.13,158072832,N/A,2025-06-07 18:30:59
9648,1.453408,2.398841,12.072284,5.00e-05,76675.54,158089216,N/A,2025-06-07 18:30:59
9649,2.999684,2.398841,12.072284,5.00e-05,78108.93,158105600,N/A,2025-06-07 18:30:59
9650,2.453960,2.398841,12.072284,5.00e-05,76499.80,158121984,1.0000,2025-06-07 18:30:59
9651,2.348897,2.398841,12.072284,5.00e-05,76487.20,158138368,N/A,2025-06-07 18:31:00
9652,3.034087,2.398841,12.072284,5.00e-05,76458.18,158154752,N/A,2025-06-07 18:31:00
9653,2.709648,2.398841,12.072284,5.00e-05,76527.79,158171136,N/A,2025-06-07 18:31:00
9654,2.554302,2.398841,12.072284,5.00e-05,76671.11,158187520,N/A,2025-06-07 18:31:00
9655,2.451101,2.398841,12.072284,5.00e-05,76569.45,158203904,N/A,2025-06-07 18:31:01
9656,3.015652,2.398841,12.072284,5.00e-05,76736.40,158220288,N/A,2025-06-07 18:31:01
9657,1.904279,2.398841,12.072284,5.00e-05,77767.67,158236672,N/A,2025-06-07 18:31:01
9658,2.382616,2.398841,12.072284,5.00e-05,77499.69,158253056,N/A,2025-06-07 18:31:01
9659,2.826746,2.398841,12.072284,5.00e-05,78793.34,158269440,N/A,2025-06-07 18:31:02
9660,2.146790,2.398841,12.072284,5.00e-05,77441.85,158285824,1.0000,2025-06-07 18:31:02
9661,2.709350,2.398841,12.072284,5.00e-05,77590.85,158302208,N/A,2025-06-07 18:31:02
9662,2.885994,2.398841,12.072284,5.00e-05,77485.55,158318592,N/A,2025-06-07 18:31:02
9663,2.193529,2.398841,12.072284,5.00e-05,77527.88,158334976,N/A,2025-06-07 18:31:03
9664,2.004896,2.398841,12.072284,5.00e-05,77583.86,158351360,N/A,2025-06-07 18:31:03
9665,2.788464,2.398841,12.072284,5.00e-05,77535.81,158367744,N/A,2025-06-07 18:31:03
9666,1.943023,2.398841,12.072284,5.00e-05,77691.74,158384128,N/A,2025-06-07 18:31:03
9667,2.441733,2.398841,12.072284,5.00e-05,77416.99,158400512,N/A,2025-06-07 18:31:03
9668,2.520719,2.398841,12.072284,5.00e-05,77754.65,158416896,N/A,2025-06-07 18:31:04
9669,2.217643,2.398841,12.072284,5.00e-05,78992.73,158433280,N/A,2025-06-07 18:31:04
9670,2.982233,2.398841,12.072284,5.00e-05,77198.51,158449664,0.8031,2025-06-07 18:31:04
9671,1.803305,2.398841,12.072284,5.00e-05,77141.17,158466048,N/A,2025-06-07 18:31:04
9672,3.047644,2.398841,12.072284,5.00e-05,76858.47,158482432,N/A,2025-06-07 18:31:05
9673,2.871968,2.398841,12.072284,5.00e-05,76682.14,158498816,N/A,2025-06-07 18:31:05
9674,2.127209,2.398841,12.072284,5.00e-05,76553.43,158515200,N/A,2025-06-07 18:31:05
9675,2.539181,2.398841,12.072284,5.00e-05,76603.25,158531584,N/A,2025-06-07 18:31:05
9676,1.755168,2.398841,12.072284,5.00e-05,77062.79,158547968,N/A,2025-06-07 18:31:06
9677,2.864094,2.398841,12.072284,5.00e-05,77062.60,158564352,N/A,2025-06-07 18:31:06
9678,2.301348,2.398841,12.072284,5.00e-05,77086.14,158580736,N/A,2025-06-07 18:31:06
9679,2.913608,2.398841,12.072284,5.00e-05,78671.94,158597120,N/A,2025-06-07 18:31:06
9680,3.266419,2.398841,12.072284,5.00e-05,77234.69,158613504,0.9565,2025-06-07 18:31:07
9681,2.412171,2.398841,12.072284,5.00e-05,77584.09,158629888,N/A,2025-06-07 18:31:07
9682,2.549848,2.398841,12.072284,5.00e-05,77300.96,158646272,N/A,2025-06-07 18:31:07
9683,2.813603,2.398841,12.072284,5.00e-05,77480.76,158662656,N/A,2025-06-07 18:31:07
9684,3.268185,2.398841,12.072284,5.00e-05,77299.79,158679040,N/A,2025-06-07 18:31:07
9685,2.930872,2.398841,12.072284,5.00e-05,77410.60,158695424,N/A,2025-06-07 18:31:08
9686,1.917414,2.398841,12.072284,5.00e-05,77063.79,158711808,N/A,2025-06-07 18:31:08
9687,2.389007,2.398841,12.072284,5.00e-05,77205.30,158728192,N/A,2025-06-07 18:31:08
9688,2.952150,2.398841,12.072284,5.00e-05,77471.16,158744576,N/A,2025-06-07 18:31:08
9689,2.529794,2.398841,12.072284,5.00e-05,78635.92,158760960,N/A,2025-06-07 18:31:09
9690,2.557686,2.398841,12.072284,5.00e-05,76996.99,158777344,1.0000,2025-06-07 18:31:09
9691,1.759279,2.398841,12.072284,5.00e-05,77314.42,158793728,N/A,2025-06-07 18:31:09
9692,2.164333,2.398841,12.072284,5.00e-05,77205.01,158810112,N/A,2025-06-07 18:31:09
9693,2.194543,2.398841,12.072284,5.00e-05,77211.65,158826496,N/A,2025-06-07 18:31:10
9694,1.856869,2.398841,12.072284,5.00e-05,77101.88,158842880,N/A,2025-06-07 18:31:10
9695,1.912956,2.398841,12.072284,5.00e-05,76948.75,158859264,N/A,2025-06-07 18:31:10
9696,1.842335,2.398841,12.072284,5.00e-05,76781.91,158875648,N/A,2025-06-07 18:31:10
9697,1.762883,2.398841,12.072284,5.00e-05,76272.85,158892032,N/A,2025-06-07 18:31:11
9698,1.767194,2.398841,12.072284,5.00e-05,76602.37,158908416,N/A,2025-06-07 18:31:11
9699,1.870262,2.398841,12.072284,5.00e-05,77934.49,158924800,N/A,2025-06-07 18:31:11
9700,2.271437,2.398841,12.072284,5.00e-05,75071.77,158941184,0.7891,2025-06-07 18:31:11
9701,2.061212,2.398841,12.072284,5.00e-05,73576.47,158957568,N/A,2025-06-07 18:31:12
9702,2.784667,2.398841,12.072284,5.00e-05,73289.07,158973952,N/A,2025-06-07 18:31:12
9703,1.751847,2.398841,12.072284,5.00e-05,73340.22,158990336,N/A,2025-06-07 18:31:12
9704,2.928546,2.398841,12.072284,5.00e-05,73714.78,159006720,N/A,2025-06-07 18:31:12
9705,2.119688,2.398841,12.072284,5.00e-05,73855.63,159023104,N/A,2025-06-07 18:31:12
9706,2.265952,2.398841,12.072284,5.00e-05,74397.13,159039488,N/A,2025-06-07 18:31:13
9707,2.218580,2.398841,12.072284,5.00e-05,74363.59,159055872,N/A,2025-06-07 18:31:13
9708,1.938649,2.398841,12.072284,5.00e-05,74521.98,159072256,N/A,2025-06-07 18:31:13
9709,2.150860,2.398841,12.072284,5.00e-05,76534.39,159088640,N/A,2025-06-07 18:31:13
9710,1.712544,2.398841,12.072284,5.00e-05,76607.68,159105024,1.0000,2025-06-07 18:31:14
9711,1.873546,2.398841,12.072284,5.00e-05,76860.09,159121408,N/A,2025-06-07 18:31:14
9712,1.638659,2.398841,12.072284,5.00e-05,76909.60,159137792,N/A,2025-06-07 18:31:14
9713,2.595112,2.398841,12.072284,5.00e-05,76967.71,159154176,N/A,2025-06-07 18:31:14
9714,2.143219,2.398841,12.072284,5.00e-05,76647.43,159170560,N/A,2025-06-07 18:31:15
9715,2.838916,2.398841,12.072284,5.00e-05,76617.06,159186944,N/A,2025-06-07 18:31:15
9716,2.618594,2.398841,12.072284,5.00e-05,76612.56,159203328,N/A,2025-06-07 18:31:15
9717,3.013960,2.398841,12.072284,5.00e-05,76600.89,159219712,N/A,2025-06-07 18:31:15
9718,2.925731,2.398841,12.072284,5.00e-05,77530.83,159236096,N/A,2025-06-07 18:31:16
9719,2.036984,2.398841,12.072284,5.00e-05,79006.33,159252480,N/A,2025-06-07 18:31:16
9720,2.991576,2.398841,12.072284,5.00e-05,77573.71,159268864,0.9280,2025-06-07 18:31:16
9721,3.171290,2.398841,12.072284,5.00e-05,77509.13,159285248,N/A,2025-06-07 18:31:16
9722,2.845433,2.398841,12.072284,5.00e-05,77527.81,159301632,N/A,2025-06-07 18:31:17
9723,2.695400,2.398841,12.072284,5.00e-05,77730.77,159318016,N/A,2025-06-07 18:31:17
9724,2.372031,2.398841,12.072284,5.00e-05,77776.50,159334400,N/A,2025-06-07 18:31:17
9725,1.969665,2.398841,12.072284,5.00e-05,77834.00,159350784,N/A,2025-06-07 18:31:17
9726,1.702569,2.398841,12.072284,5.00e-05,77884.67,159367168,N/A,2025-06-07 18:31:17
9727,2.586203,2.398841,12.072284,5.00e-05,77737.72,159383552,N/A,2025-06-07 18:31:18
9728,1.528308,2.398841,12.072284,5.00e-05,77960.02,159399936,N/A,2025-06-07 18:31:18
9729,2.042027,2.398841,12.072284,5.00e-05,79450.10,159416320,N/A,2025-06-07 18:31:18
9730,2.221141,2.398841,12.072284,5.00e-05,77857.81,159432704,0.8166,2025-06-07 18:31:18
9731,2.075186,2.398841,12.072284,5.00e-05,77781.06,159449088,N/A,2025-06-07 18:31:19
9732,2.306478,2.398841,12.072284,5.00e-05,77857.06,159465472,N/A,2025-06-07 18:31:19
9733,1.935565,2.398841,12.072284,5.00e-05,77824.64,159481856,N/A,2025-06-07 18:31:19
9734,2.597087,2.398841,12.072284,5.00e-05,77963.33,159498240,N/A,2025-06-07 18:31:19
9735,3.108042,2.398841,12.072284,5.00e-05,77879.36,159514624,N/A,2025-06-07 18:31:20
9736,2.977942,2.398841,12.072284,5.00e-05,76931.99,159531008,N/A,2025-06-07 18:31:20
9737,3.198478,2.398841,12.072284,5.00e-05,76657.54,159547392,N/A,2025-06-07 18:31:20
9738,1.885363,2.398841,12.072284,5.00e-05,76495.83,159563776,N/A,2025-06-07 18:31:20
9739,1.777553,2.398841,12.072284,5.00e-05,77780.22,159580160,N/A,2025-06-07 18:31:20
9740,2.617635,2.398841,12.072284,5.00e-05,76088.60,159596544,0.7694,2025-06-07 18:31:21
9741,3.248574,2.398841,12.072284,5.00e-05,76177.19,159612928,N/A,2025-06-07 18:31:21
9742,1.754982,2.398841,12.072284,5.00e-05,76107.29,159629312,N/A,2025-06-07 18:31:21
9743,2.275843,2.398841,12.072284,5.00e-05,76021.24,159645696,N/A,2025-06-07 18:31:21
9744,2.108478,2.398841,12.072284,5.00e-05,76134.62,159662080,N/A,2025-06-07 18:31:22
9745,2.661813,2.398841,12.072284,5.00e-05,77081.73,159678464,N/A,2025-06-07 18:31:22
9746,2.457038,2.398841,12.072284,5.00e-05,77417.63,159694848,N/A,2025-06-07 18:31:22
9747,2.329151,2.398841,12.072284,5.00e-05,77616.18,159711232,N/A,2025-06-07 18:31:22
9748,2.016931,2.398841,12.072284,5.00e-05,77863.16,159727616,N/A,2025-06-07 18:31:23
9749,1.530255,2.398841,12.072284,5.00e-05,79647.52,159744000,N/A,2025-06-07 18:31:23
9750,2.248343,2.398841,12.072284,5.00e-05,78185.42,159760384,1.0000,2025-06-07 18:31:23
9751,2.197952,2.398841,12.072284,5.00e-05,78328.02,159776768,N/A,2025-06-07 18:31:23
9752,1.907629,2.398841,12.072284,5.00e-05,78346.36,159793152,N/A,2025-06-07 18:31:24
9753,1.625587,2.398841,12.072284,5.00e-05,78108.03,159809536,N/A,2025-06-07 18:31:24
9754,2.613336,2.398841,12.072284,5.00e-05,77106.19,159825920,N/A,2025-06-07 18:31:24
9755,2.164686,2.398841,12.072284,5.00e-05,76978.92,159842304,N/A,2025-06-07 18:31:24
9756,2.892099,2.398841,12.072284,5.00e-05,77119.63,159858688,N/A,2025-06-07 18:31:24
9757,1.382257,2.398841,12.072284,5.00e-05,77060.01,159875072,N/A,2025-06-07 18:31:25
9758,2.936402,2.398841,12.072284,5.00e-05,77126.63,159891456,N/A,2025-06-07 18:31:25
9759,2.516529,2.398841,12.072284,5.00e-05,78217.73,159907840,N/A,2025-06-07 18:31:25
9760,1.367330,2.398841,12.072284,5.00e-05,76820.38,159924224,0.7980,2025-06-07 18:31:25
9761,2.802738,2.398841,12.072284,5.00e-05,76946.03,159940608,N/A,2025-06-07 18:31:26
9762,1.967920,2.398841,12.072284,5.00e-05,77143.15,159956992,N/A,2025-06-07 18:31:26
9763,2.627455,2.398841,12.072284,5.00e-05,78754.78,159973376,N/A,2025-06-07 18:31:26
9764,2.634850,2.398841,12.072284,5.00e-05,78839.73,159989760,N/A,2025-06-07 18:31:26
9765,2.094124,2.398841,12.072284,5.00e-05,78851.12,160006144,N/A,2025-06-07 18:31:27
9766,1.902192,2.398841,12.072284,5.00e-05,78994.53,160022528,N/A,2025-06-07 18:31:27
9767,1.237580,2.398841,12.072284,5.00e-05,77978.42,160038912,N/A,2025-06-07 18:31:27
9768,3.027462,2.398841,12.072284,5.00e-05,78328.01,160055296,N/A,2025-06-07 18:31:27
9769,2.223462,2.398841,12.072284,5.00e-05,79642.33,160071680,N/A,2025-06-07 18:31:28
9770,2.873589,2.398841,12.072284,5.00e-05,77969.27,160088064,1.0000,2025-06-07 18:31:28
9771,2.229138,2.398841,12.072284,5.00e-05,77919.11,160104448,N/A,2025-06-07 18:31:28
9772,2.252539,2.398841,12.072284,5.00e-05,77142.63,160120832,N/A,2025-06-07 18:31:28
9773,2.248439,2.398841,12.072284,5.00e-05,77085.38,160137216,N/A,2025-06-07 18:31:28
9774,1.527578,2.398841,12.072284,5.00e-05,76802.72,160153600,N/A,2025-06-07 18:31:29
9775,1.739401,2.398841,12.072284,5.00e-05,76787.22,160169984,N/A,2025-06-07 18:31:29
9776,1.265446,2.398841,12.072284,5.00e-05,77523.06,160186368,N/A,2025-06-07 18:31:29
9777,2.579796,2.398841,12.072284,5.00e-05,77314.42,160202752,N/A,2025-06-07 18:31:29
9778,2.657203,2.398841,12.072284,5.00e-05,77373.80,160219136,N/A,2025-06-07 18:31:30
9779,2.893926,2.398841,12.072284,5.00e-05,78802.13,160235520,N/A,2025-06-07 18:31:30
9780,1.778221,2.398841,12.072284,5.00e-05,77217.61,160251904,1.0000,2025-06-07 18:31:30
9781,2.142042,2.398841,12.072284,5.00e-05,77499.02,160268288,N/A,2025-06-07 18:31:30
9782,2.662928,2.398841,12.072284,5.00e-05,77426.28,160284672,N/A,2025-06-07 18:31:31
9783,1.973199,2.398841,12.072284,5.00e-05,77712.40,160301056,N/A,2025-06-07 18:31:31
9784,2.070772,2.398841,12.072284,5.00e-05,77657.62,160317440,N/A,2025-06-07 18:31:31
9785,1.802408,2.398841,12.072284,5.00e-05,77865.51,160333824,N/A,2025-06-07 18:31:31
9786,1.506592,2.398841,12.072284,5.00e-05,77927.69,160350208,N/A,2025-06-07 18:31:31
9787,2.421783,2.398841,12.072284,5.00e-05,77957.95,160366592,N/A,2025-06-07 18:31:32
9788,1.991847,2.398841,12.072284,5.00e-05,77913.64,160382976,N/A,2025-06-07 18:31:32
9789,2.508572,2.398841,12.072284,5.00e-05,79471.63,160399360,N/A,2025-06-07 18:31:32
9790,2.074995,2.398841,12.072284,5.00e-05,77859.78,160415744,0.8473,2025-06-07 18:31:32
9791,2.507232,2.398841,12.072284,5.00e-05,78149.53,160432128,N/A,2025-06-07 18:31:33
9792,1.693897,2.398841,12.072284,5.00e-05,78078.91,160448512,N/A,2025-06-07 18:31:33
9793,2.615555,2.398841,12.072284,5.00e-05,77552.37,160464896,N/A,2025-06-07 18:31:33
9794,3.190318,2.398841,12.072284,5.00e-05,77472.47,160481280,N/A,2025-06-07 18:31:33
9795,2.163885,2.398841,12.072284,5.00e-05,77227.03,160497664,N/A,2025-06-07 18:31:34
9796,2.190392,2.398841,12.072284,5.00e-05,77167.58,160514048,N/A,2025-06-07 18:31:34
9797,2.201890,2.398841,12.072284,5.00e-05,76621.27,160530432,N/A,2025-06-07 18:31:34
9798,2.382779,2.398841,12.072284,5.00e-05,76726.60,160546816,N/A,2025-06-07 18:31:34
9799,1.864792,2.398841,12.072284,5.00e-05,77973.56,160563200,N/A,2025-06-07 18:31:35
9800,2.533681,2.398841,12.072284,5.00e-05,76434.12,160579584,1.0000,2025-06-07 18:31:35
9801,1.825327,2.398841,12.072284,5.00e-05,75005.08,160595968,N/A,2025-06-07 18:31:35
9802,1.960947,2.398841,12.072284,5.00e-05,75471.84,160612352,N/A,2025-06-07 18:31:35
9803,1.558177,2.398841,12.072284,5.00e-05,75620.50,160628736,N/A,2025-06-07 18:31:36
9804,0.892818,2.398841,12.072284,5.00e-05,75529.40,160645120,N/A,2025-06-07 18:31:36
9805,2.944512,2.398841,12.072284,5.00e-05,75508.58,160661504,N/A,2025-06-07 18:31:36
9806,2.341098,2.398841,12.072284,5.00e-05,76127.60,160677888,N/A,2025-06-07 18:31:36
9807,1.531064,2.398841,12.072284,5.00e-05,75900.16,160694272,N/A,2025-06-07 18:31:36
9808,2.025170,2.398841,12.072284,5.00e-05,76123.47,160710656,N/A,2025-06-07 18:31:37
9809,2.168612,2.398841,12.072284,5.00e-05,77264.41,160727040,N/A,2025-06-07 18:31:37
9810,2.265481,2.398841,12.072284,5.00e-05,77137.35,160743424,0.7480,2025-06-07 18:31:37
9811,2.549642,2.398841,12.072284,5.00e-05,76474.74,160759808,N/A,2025-06-07 18:31:37
9812,2.793302,2.398841,12.072284,5.00e-05,76342.44,160776192,N/A,2025-06-07 18:31:38
9813,2.052994,2.398841,12.072284,5.00e-05,76799.24,160792576,N/A,2025-06-07 18:31:38
9814,2.083236,2.398841,12.072284,5.00e-05,76919.48,160808960,N/A,2025-06-07 18:31:38
9815,2.032856,2.398841,12.072284,5.00e-05,76867.28,160825344,N/A,2025-06-07 18:31:38
9816,3.419324,2.398841,12.072284,5.00e-05,76938.91,160841728,N/A,2025-06-07 18:31:39
9817,2.972447,2.398841,12.072284,5.00e-05,77184.88,160858112,N/A,2025-06-07 18:31:39
9818,1.551483,2.398841,12.072284,5.00e-05,76648.79,160874496,N/A,2025-06-07 18:31:39
9819,2.518288,2.398841,12.072284,5.00e-05,78134.83,160890880,N/A,2025-06-07 18:31:39
9820,2.074886,2.398841,12.072284,5.00e-05,76285.21,160907264,0.9842,2025-06-07 18:31:40
9821,2.217121,2.398841,12.072284,5.00e-05,76662.46,160923648,N/A,2025-06-07 18:31:40
9822,3.144422,2.398841,12.072284,5.00e-05,76620.13,160940032,N/A,2025-06-07 18:31:40
9823,2.059854,2.398841,12.072284,5.00e-05,76539.05,160956416,N/A,2025-06-07 18:31:40
9824,2.287463,2.398841,12.072284,5.00e-05,76517.00,160972800,N/A,2025-06-07 18:31:41
9825,2.025749,2.398841,12.072284,5.00e-05,76522.30,160989184,N/A,2025-06-07 18:31:41
9826,2.821521,2.398841,12.072284,5.00e-05,75989.10,161005568,N/A,2025-06-07 18:31:41
9827,2.222621,2.398841,12.072284,5.00e-05,76706.21,161021952,N/A,2025-06-07 18:31:41
9828,2.385608,2.398841,12.072284,5.00e-05,75948.64,161038336,N/A,2025-06-07 18:31:41
9829,1.632604,2.398841,12.072284,5.00e-05,78388.53,161054720,N/A,2025-06-07 18:31:42
9830,3.047008,2.398841,12.072284,5.00e-05,76442.17,161071104,0.8225,2025-06-07 18:31:42
9831,2.049139,2.398841,12.072284,5.00e-05,76154.76,161087488,N/A,2025-06-07 18:31:42
9832,2.178007,2.398841,12.072284,5.00e-05,76033.98,161103872,N/A,2025-06-07 18:31:42
9833,2.459352,2.398841,12.072284,5.00e-05,76239.01,161120256,N/A,2025-06-07 18:31:43
9834,2.406135,2.398841,12.072284,5.00e-05,76490.76,161136640,N/A,2025-06-07 18:31:43
9835,2.403328,2.398841,12.072284,5.00e-05,76776.80,161153024,N/A,2025-06-07 18:31:43
9836,2.522379,2.398841,12.072284,5.00e-05,76856.20,161169408,N/A,2025-06-07 18:31:43
9837,1.578586,2.398841,12.072284,5.00e-05,77724.58,161185792,N/A,2025-06-07 18:31:44
9838,2.452113,2.398841,12.072284,5.00e-05,77705.72,161202176,N/A,2025-06-07 18:31:44
9839,2.564068,2.398841,12.072284,5.00e-05,78943.61,161218560,N/A,2025-06-07 18:31:44
9840,2.326422,2.398841,12.072284,5.00e-05,77348.99,161234944,0.9228,2025-06-07 18:31:44
9841,2.229099,2.398841,12.072284,5.00e-05,77409.89,161251328,N/A,2025-06-07 18:31:45
9842,1.530649,2.398841,12.072284,5.00e-05,76947.88,161267712,N/A,2025-06-07 18:31:45
9843,1.608176,2.398841,12.072284,5.00e-05,76855.13,161284096,N/A,2025-06-07 18:31:45
9844,2.092319,2.398841,12.072284,5.00e-05,76808.53,161300480,N/A,2025-06-07 18:31:45
9845,2.402296,2.398841,12.072284,5.00e-05,76297.74,161316864,N/A,2025-06-07 18:31:45
9846,1.913770,2.398841,12.072284,5.00e-05,76261.31,161333248,N/A,2025-06-07 18:31:46
9847,2.584844,2.398841,12.072284,5.00e-05,76165.95,161349632,N/A,2025-06-07 18:31:46
9848,2.545513,2.398841,12.072284,5.00e-05,76553.90,161366016,N/A,2025-06-07 18:31:46
9849,1.866856,2.398841,12.072284,5.00e-05,78363.81,161382400,N/A,2025-06-07 18:31:46
9850,2.186292,2.398841,12.072284,5.00e-05,76108.89,161398784,0.8435,2025-06-07 18:31:47
9851,2.784871,2.398841,12.072284,5.00e-05,76214.50,161415168,N/A,2025-06-07 18:31:47
9852,1.899187,2.398841,12.072284,5.00e-05,76213.68,161431552,N/A,2025-06-07 18:31:47
9853,2.015708,2.398841,12.072284,5.00e-05,76434.53,161447936,N/A,2025-06-07 18:31:47
9854,2.194222,2.398841,12.072284,5.00e-05,76569.17,161464320,N/A,2025-06-07 18:31:48
9855,2.538822,2.398841,12.072284,5.00e-05,76596.85,161480704,N/A,2025-06-07 18:31:48
9856,1.774376,2.398841,12.072284,5.00e-05,76727.91,161497088,N/A,2025-06-07 18:31:48
9857,1.796029,2.398841,12.072284,5.00e-05,76781.87,161513472,N/A,2025-06-07 18:31:48
9858,2.282897,2.398841,12.072284,5.00e-05,76394.58,161529856,N/A,2025-06-07 18:31:49
9859,2.522810,2.398841,12.072284,5.00e-05,78807.15,161546240,N/A,2025-06-07 18:31:49
9860,2.763671,2.398841,12.072284,5.00e-05,77441.61,161562624,0.8559,2025-06-07 18:31:49
9861,3.218271,2.398841,12.072284,5.00e-05,77142.57,161579008,N/A,2025-06-07 18:31:49
9862,3.145062,2.398841,12.072284,5.00e-05,76886.16,161595392,N/A,2025-06-07 18:31:50
9863,2.249363,2.398841,12.072284,5.00e-05,77139.96,161611776,N/A,2025-06-07 18:31:50
9864,1.811095,2.398841,12.072284,5.00e-05,77272.52,161628160,N/A,2025-06-07 18:31:50
9865,3.034791,2.398841,12.072284,5.00e-05,77417.98,161644544,N/A,2025-06-07 18:31:50
9866,2.195138,2.398841,12.072284,5.00e-05,77310.84,161660928,N/A,2025-06-07 18:31:50
9867,2.603127,2.398841,12.072284,5.00e-05,77695.97,161677312,N/A,2025-06-07 18:31:51
9868,2.333079,2.398841,12.072284,5.00e-05,77544.41,161693696,N/A,2025-06-07 18:31:51
9869,2.483102,2.398841,12.072284,5.00e-05,79098.15,161710080,N/A,2025-06-07 18:31:51
9870,2.159126,2.398841,12.072284,5.00e-05,77684.39,161726464,0.8382,2025-06-07 18:31:51
9871,3.056275,2.398841,12.072284,5.00e-05,77914.89,161742848,N/A,2025-06-07 18:31:52
9872,1.818497,2.398841,12.072284,5.00e-05,77811.69,161759232,N/A,2025-06-07 18:31:52
9873,2.718682,2.398841,12.072284,5.00e-05,77354.08,161775616,N/A,2025-06-07 18:31:52
9874,2.352670,2.398841,12.072284,5.00e-05,77327.91,161792000,N/A,2025-06-07 18:31:52
9875,1.808704,2.398841,12.072284,5.00e-05,77413.76,161808384,N/A,2025-06-07 18:31:53
9876,2.112044,2.398841,12.072284,5.00e-05,77211.19,161824768,N/A,2025-06-07 18:31:53
9877,2.194879,2.398841,12.072284,5.00e-05,77257.93,161841152,N/A,2025-06-07 18:31:53
9878,2.217226,2.398841,12.072284,5.00e-05,77280.60,161857536,N/A,2025-06-07 18:31:53
9879,1.489737,2.398841,12.072284,5.00e-05,78974.91,161873920,N/A,2025-06-07 18:31:53
9880,1.418309,2.398841,12.072284,5.00e-05,77393.72,161890304,0.7420,2025-06-07 18:31:54
9881,2.518013,2.398841,12.072284,5.00e-05,77088.02,161906688,N/A,2025-06-07 18:31:54
9882,2.920928,2.398841,12.072284,5.00e-05,77354.47,161923072,N/A,2025-06-07 18:31:54
9883,2.636457,2.398841,12.072284,5.00e-05,77359.11,161939456,N/A,2025-06-07 18:31:54
9884,3.086687,2.398841,12.072284,5.00e-05,77365.88,161955840,N/A,2025-06-07 18:31:55
9885,1.704254,2.398841,12.072284,5.00e-05,77593.04,161972224,N/A,2025-06-07 18:31:55
9886,2.628490,2.398841,12.072284,5.00e-05,77566.37,161988608,N/A,2025-06-07 18:31:55
9887,2.055835,2.398841,12.072284,5.00e-05,77596.54,162004992,N/A,2025-06-07 18:31:55
9888,2.314925,2.398841,12.072284,5.00e-05,77543.52,162021376,N/A,2025-06-07 18:31:56
9889,3.064768,2.398841,12.072284,5.00e-05,78968.93,162037760,N/A,2025-06-07 18:31:56
9890,2.033780,2.398841,12.072284,5.00e-05,77932.06,162054144,1.0000,2025-06-07 18:31:56
9891,1.508579,2.398841,12.072284,5.00e-05,77661.66,162070528,N/A,2025-06-07 18:31:56
9892,2.005459,2.398841,12.072284,5.00e-05,77556.58,162086912,N/A,2025-06-07 18:31:57
9893,1.949791,2.398841,12.072284,5.00e-05,77427.19,162103296,N/A,2025-06-07 18:31:57
9894,2.588738,2.398841,12.072284,5.00e-05,77101.05,162119680,N/A,2025-06-07 18:31:57
9895,1.843434,2.398841,12.072284,5.00e-05,77176.19,162136064,N/A,2025-06-07 18:31:57
9896,2.251868,2.398841,12.072284,5.00e-05,77207.84,162152448,N/A,2025-06-07 18:31:57
9897,1.795845,2.398841,12.072284,5.00e-05,77244.86,162168832,N/A,2025-06-07 18:31:58
9898,1.642820,2.398841,12.072284,5.00e-05,77238.10,162185216,N/A,2025-06-07 18:31:58
9899,2.040106,2.398841,12.072284,5.00e-05,78561.34,162201600,N/A,2025-06-07 18:31:58
9900,1.302746,2.398841,12.072284,5.00e-05,77317.87,162217984,0.8496,2025-06-07 18:31:58
9901,1.925027,2.398841,12.072284,5.00e-05,75576.06,162234368,N/A,2025-06-07 18:31:59
9902,1.108786,2.398841,12.072284,5.00e-05,75684.54,162250752,N/A,2025-06-07 18:31:59
9903,2.097731,2.398841,12.072284,5.00e-05,76005.10,162267136,N/A,2025-06-07 18:31:59
9904,1.727710,2.398841,12.072284,5.00e-05,76058.84,162283520,N/A,2025-06-07 18:31:59
9905,1.909789,2.398841,12.072284,5.00e-05,75959.38,162299904,N/A,2025-06-07 18:32:00
9906,2.585595,2.398841,12.072284,5.00e-05,75978.67,162316288,N/A,2025-06-07 18:32:00
9907,2.171858,2.398841,12.072284,5.00e-05,75938.91,162332672,N/A,2025-06-07 18:32:00
9908,3.105690,2.398841,12.072284,5.00e-05,75956.48,162349056,N/A,2025-06-07 18:32:00
9909,2.240443,2.398841,12.072284,5.00e-05,77463.01,162365440,N/A,2025-06-07 18:32:01
9910,3.066964,2.398841,12.072284,5.00e-05,77780.07,162381824,0.8297,2025-06-07 18:32:01
9911,2.477813,2.398841,12.072284,5.00e-05,77852.29,162398208,N/A,2025-06-07 18:32:01
9912,1.820392,2.398841,12.072284,5.00e-05,77742.02,162414592,N/A,2025-06-07 18:32:01
9913,1.913167,2.398841,12.072284,5.00e-05,77621.81,162430976,N/A,2025-06-07 18:32:02
9914,2.301914,2.398841,12.072284,5.00e-05,77604.16,162447360,N/A,2025-06-07 18:32:02
9915,2.508661,2.398841,12.072284,5.00e-05,77176.00,162463744,N/A,2025-06-07 18:32:02
9916,2.607878,2.398841,12.072284,5.00e-05,77285.92,162480128,N/A,2025-06-07 18:32:02
9917,2.622537,2.398841,12.072284,5.00e-05,77430.20,162496512,N/A,2025-06-07 18:32:02
9918,1.326465,2.398841,12.072284,5.00e-05,77471.98,162512896,N/A,2025-06-07 18:32:03
9919,2.491765,2.398841,12.072284,5.00e-05,79035.45,162529280,N/A,2025-06-07 18:32:03
9920,2.186872,2.398841,12.072284,5.00e-05,77342.14,162545664,0.9512,2025-06-07 18:32:03
9921,3.578780,2.398841,12.072284,5.00e-05,77498.09,162562048,N/A,2025-06-07 18:32:03
9922,2.408330,2.398841,12.072284,5.00e-05,77418.21,162578432,N/A,2025-06-07 18:32:04
9923,2.842696,2.398841,12.072284,5.00e-05,77471.13,162594816,N/A,2025-06-07 18:32:04
9924,1.858177,2.398841,12.072284,5.00e-05,77893.75,162611200,N/A,2025-06-07 18:32:04
9925,1.906229,2.398841,12.072284,5.00e-05,77864.35,162627584,N/A,2025-06-07 18:32:04
9926,1.957334,2.398841,12.072284,5.00e-05,77996.90,162643968,N/A,2025-06-07 18:32:05
9927,1.904772,2.398841,12.072284,5.00e-05,77911.55,162660352,N/A,2025-06-07 18:32:05
9928,2.811849,2.398841,12.072284,5.00e-05,78018.61,162676736,N/A,2025-06-07 18:32:05
9929,2.850433,2.398841,12.072284,5.00e-05,79623.41,162693120,N/A,2025-06-07 18:32:05
9930,2.236409,2.398841,12.072284,5.00e-05,78127.56,162709504,0.8841,2025-06-07 18:32:06
9931,2.735574,2.398841,12.072284,5.00e-05,78295.39,162725888,N/A,2025-06-07 18:32:06
9932,1.510850,2.398841,12.072284,5.00e-05,78341.50,162742272,N/A,2025-06-07 18:32:06
9933,2.128352,2.398841,12.072284,5.00e-05,78338.55,162758656,N/A,2025-06-07 18:32:06
9934,2.705145,2.398841,12.072284,5.00e-05,78337.87,162775040,N/A,2025-06-07 18:32:06
9935,2.810460,2.398841,12.072284,5.00e-05,78236.00,162791424,N/A,2025-06-07 18:32:07
9936,2.425604,2.398841,12.072284,5.00e-05,78339.81,162807808,N/A,2025-06-07 18:32:07
9937,1.930320,2.398841,12.072284,5.00e-05,78152.27,162824192,N/A,2025-06-07 18:32:07
9938,2.857770,2.398841,12.072284,5.00e-05,78359.79,162840576,N/A,2025-06-07 18:32:07
9939,3.445343,2.398841,12.072284,5.00e-05,79299.94,162856960,N/A,2025-06-07 18:32:08
9940,1.890219,2.398841,12.072284,5.00e-05,77442.90,162873344,1.0000,2025-06-07 18:32:08
9941,2.064181,2.398841,12.072284,5.00e-05,77427.49,162889728,N/A,2025-06-07 18:32:08
9942,2.010341,2.398841,12.072284,5.00e-05,77485.30,162906112,N/A,2025-06-07 18:32:08
9943,3.422635,2.398841,12.072284,5.00e-05,77555.51,162922496,N/A,2025-06-07 18:32:09
9944,1.819281,2.398841,12.072284,5.00e-05,77495.75,162938880,N/A,2025-06-07 18:32:09
9945,1.530552,2.398841,12.072284,5.00e-05,77415.70,162955264,N/A,2025-06-07 18:32:09
9946,2.601334,2.398841,12.072284,5.00e-05,77545.85,162971648,N/A,2025-06-07 18:32:09
9947,2.498016,2.398841,12.072284,5.00e-05,77330.68,162988032,N/A,2025-06-07 18:32:09
9948,2.678270,2.398841,12.072284,5.00e-05,77818.89,163004416,N/A,2025-06-07 18:32:10
9949,2.161541,2.398841,12.072284,5.00e-05,79608.73,163020800,N/A,2025-06-07 18:32:10
9950,1.745152,2.398841,12.072284,5.00e-05,77855.64,163037184,0.9303,2025-06-07 18:32:10
9951,2.169709,2.398841,12.072284,5.00e-05,77815.72,163053568,N/A,2025-06-07 18:32:10
9952,2.095684,2.398841,12.072284,5.00e-05,77914.22,163069952,N/A,2025-06-07 18:32:11
9953,2.097040,2.398841,12.072284,5.00e-05,77896.59,163086336,N/A,2025-06-07 18:32:11
9954,3.225259,2.398841,12.072284,5.00e-05,77902.63,163102720,N/A,2025-06-07 18:32:11
9955,2.571975,2.398841,12.072284,5.00e-05,78001.24,163119104,N/A,2025-06-07 18:32:11
9956,1.902428,2.398841,12.072284,5.00e-05,78118.85,163135488,N/A,2025-06-07 18:32:12
9957,2.384682,2.398841,12.072284,5.00e-05,78225.90,163151872,N/A,2025-06-07 18:32:12
9958,2.419180,2.398841,12.072284,5.00e-05,78412.85,163168256,N/A,2025-06-07 18:32:12
9959,2.146577,2.398841,12.072284,5.00e-05,80100.02,163184640,N/A,2025-06-07 18:32:12
9960,1.782003,2.398841,12.072284,5.00e-05,77638.06,163201024,0.7622,2025-06-07 18:32:13
9961,1.498619,2.398841,12.072284,5.00e-05,77382.55,163217408,N/A,2025-06-07 18:32:13
9962,2.725261,2.398841,12.072284,5.00e-05,77420.13,163233792,N/A,2025-06-07 18:32:13
9963,2.728526,2.398841,12.072284,5.00e-05,77441.05,163250176,N/A,2025-06-07 18:32:13
9964,1.916058,2.398841,12.072284,5.00e-05,77354.65,163266560,N/A,2025-06-07 18:32:13
9965,2.859492,2.398841,12.072284,5.00e-05,77410.80,163282944,N/A,2025-06-07 18:32:14
9966,2.184626,2.398841,12.072284,5.00e-05,77359.06,163299328,N/A,2025-06-07 18:32:14
9967,3.336262,2.398841,12.072284,5.00e-05,77329.98,163315712,N/A,2025-06-07 18:32:14
9968,2.764484,2.398841,12.072284,5.00e-05,77391.06,163332096,N/A,2025-06-07 18:32:14
9969,2.491050,2.398841,12.072284,5.00e-05,79612.48,163348480,N/A,2025-06-07 18:32:15
9970,2.401925,2.398841,12.072284,5.00e-05,78190.23,163364864,0.9168,2025-06-07 18:32:15
9971,1.983966,2.398841,12.072284,5.00e-05,78222.81,163381248,N/A,2025-06-07 18:32:15
9972,1.421528,2.398841,12.072284,5.00e-05,78021.23,163397632,N/A,2025-06-07 18:32:15
9973,2.171095,2.398841,12.072284,5.00e-05,78019.88,163414016,N/A,2025-06-07 18:32:16
9974,2.070287,2.398841,12.072284,5.00e-05,77934.75,163430400,N/A,2025-06-07 18:32:16
9975,2.219331,2.398841,12.072284,5.00e-05,77876.42,163446784,N/A,2025-06-07 18:32:16
9976,2.046316,2.398841,12.072284,5.00e-05,77408.70,163463168,N/A,2025-06-07 18:32:16
9977,2.170013,2.398841,12.072284,5.00e-05,77577.67,163479552,N/A,2025-06-07 18:32:16
9978,1.931159,2.398841,12.072284,5.00e-05,77815.25,163495936,N/A,2025-06-07 18:32:17
9979,1.691914,2.398841,12.072284,5.00e-05,79454.89,163512320,N/A,2025-06-07 18:32:17
9980,2.125125,2.398841,12.072284,5.00e-05,77673.80,163528704,0.7040,2025-06-07 18:32:17
9981,2.068345,2.398841,12.072284,5.00e-05,77968.27,163545088,N/A,2025-06-07 18:32:17
9982,2.082389,2.398841,12.072284,5.00e-05,77903.58,163561472,N/A,2025-06-07 18:32:18
9983,2.799863,2.398841,12.072284,5.00e-05,77957.68,163577856,N/A,2025-06-07 18:32:18
9984,2.180337,2.398841,12.072284,5.00e-05,77943.42,163594240,N/A,2025-06-07 18:32:18
9985,2.442641,2.398841,12.072284,5.00e-05,78450.30,163610624,N/A,2025-06-07 18:32:18
9986,2.633686,2.398841,12.072284,5.00e-05,78224.10,163627008,N/A,2025-06-07 18:32:19
9987,1.966362,2.398841,12.072284,5.00e-05,78308.17,163643392,N/A,2025-06-07 18:32:19
9988,2.636506,2.398841,12.072284,5.00e-05,78296.04,163659776,N/A,2025-06-07 18:32:19
9989,2.479096,2.398841,12.072284,5.00e-05,80030.42,163676160,N/A,2025-06-07 18:32:19
9990,2.155140,2.398841,12.072284,5.00e-05,78492.87,163692544,0.7481,2025-06-07 18:32:19
9991,3.082108,2.398841,12.072284,5.00e-05,78596.42,163708928,N/A,2025-06-07 18:32:20
9992,3.273005,2.398841,12.072284,5.00e-05,78568.57,163725312,N/A,2025-06-07 18:32:20
9993,2.683198,2.398841,12.072284,5.00e-05,78594.97,163741696,N/A,2025-06-07 18:32:20
9994,1.887638,2.398841,12.072284,5.00e-05,78519.45,163758080,N/A,2025-06-07 18:32:20
9995,2.732542,2.398841,12.072284,5.00e-05,78659.96,163774464,N/A,2025-06-07 18:32:21
9996,2.841683,2.398841,12.072284,5.00e-05,78354.14,163790848,N/A,2025-06-07 18:32:21
9997,2.579066,2.398841,12.072284,5.00e-05,78351.30,163807232,N/A,2025-06-07 18:32:21
9998,2.699409,2.398841,12.072284,5.00e-05,78293.27,163823616,N/A,2025-06-07 18:32:21
9999,1.965656,2.398841,12.072284,5.00e-05,79613.80,163840000,N/A,2025-06-07 18:32:22
10000,2.469376,2.233541,10.272649,5.00e-05,12592.80,163856384,N/A,2025-06-07 18:32:33
10001,1.745161,2.233541,10.272649,5.00e-05,12488.52,163872768,N/A,2025-06-07 18:32:33
10002,2.617481,2.233541,10.272649,5.00e-05,12472.91,163889152,N/A,2025-06-07 18:32:33
10003,2.139733,2.233541,10.272649,5.00e-05,12454.29,163905536,N/A,2025-06-07 18:32:34
10004,1.912132,2.233541,10.272649,5.00e-05,12435.96,163921920,N/A,2025-06-07 18:32:34
10005,2.175318,2.233541,10.272649,5.00e-05,12430.43,163938304,N/A,2025-06-07 18:32:34
10006,2.357738,2.233541,10.272649,5.00e-05,12409.63,163954688,N/A,2025-06-07 18:32:34
10007,2.146933,2.233541,10.272649,5.00e-05,12413.31,163971072,N/A,2025-06-07 18:32:35
10008,1.855516,2.233541,10.272649,5.00e-05,12393.44,163987456,N/A,2025-06-07 18:32:35
10009,2.158623,2.233541,10.272649,5.00e-05,71894.26,164003840,N/A,2025-06-07 18:32:35
10010,1.751197,2.233541,10.272649,5.00e-05,73472.33,164020224,0.8308,2025-06-07 18:32:35
10011,3.006407,2.233541,10.272649,5.00e-05,72856.94,164036608,N/A,2025-06-07 18:32:36
10012,1.475745,2.233541,10.272649,5.00e-05,73261.09,164052992,N/A,2025-06-07 18:32:36
10013,3.483664,2.233541,10.272649,5.00e-05,72842.56,164069376,N/A,2025-06-07 18:32:36
10014,2.197668,2.233541,10.272649,5.00e-05,72566.07,164085760,N/A,2025-06-07 18:32:36
10015,2.860139,2.233541,10.272649,5.00e-05,73196.99,164102144,N/A,2025-06-07 18:32:37
10016,2.213853,2.233541,10.272649,5.00e-05,72520.21,164118528,N/A,2025-06-07 18:32:37
10017,1.779382,2.233541,10.272649,5.00e-05,72272.17,164134912,N/A,2025-06-07 18:32:37
10018,3.076332,2.233541,10.272649,5.00e-05,72092.00,164151296,N/A,2025-06-07 18:32:37
10019,3.018166,2.233541,10.272649,5.00e-05,73997.19,164167680,N/A,2025-06-07 18:32:38
10020,2.413732,2.233541,10.272649,5.00e-05,72693.65,164184064,0.8638,2025-06-07 18:32:38
10021,2.458619,2.233541,10.272649,5.00e-05,72550.25,164200448,N/A,2025-06-07 18:32:38
10022,1.783413,2.233541,10.272649,5.00e-05,73115.84,164216832,N/A,2025-06-07 18:32:38
10023,2.742118,2.233541,10.272649,5.00e-05,73453.39,164233216,N/A,2025-06-07 18:32:39
10024,2.472045,2.233541,10.272649,5.00e-05,73218.96,164249600,N/A,2025-06-07 18:32:39
10025,1.808901,2.233541,10.272649,5.00e-05,73708.05,164265984,N/A,2025-06-07 18:32:39
10026,2.070583,2.233541,10.272649,5.00e-05,74632.18,164282368,N/A,2025-06-07 18:32:39
10027,2.468967,2.233541,10.272649,5.00e-05,74648.76,164298752,N/A,2025-06-07 18:32:39
10028,2.195231,2.233541,10.272649,5.00e-05,74112.53,164315136,N/A,2025-06-07 18:32:40
10029,2.549443,2.233541,10.272649,5.00e-05,76454.50,164331520,N/A,2025-06-07 18:32:40
10030,3.548456,2.233541,10.272649,5.00e-05,74676.64,164347904,0.9087,2025-06-07 18:32:40
10031,1.526445,2.233541,10.272649,5.00e-05,69228.50,164364288,N/A,2025-06-07 18:32:41
10032,2.665838,2.233541,10.272649,5.00e-05,68974.00,164380672,N/A,2025-06-07 18:32:41
10033,1.986459,2.233541,10.272649,5.00e-05,68798.60,164397056,N/A,2025-06-07 18:32:41
10034,2.729978,2.233541,10.272649,5.00e-05,68569.46,164413440,N/A,2025-06-07 18:32:41
10035,2.276462,2.233541,10.272649,5.00e-05,68434.82,164429824,N/A,2025-06-07 18:32:42
10036,1.874514,2.233541,10.272649,5.00e-05,68846.10,164446208,N/A,2025-06-07 18:32:42
10037,2.386712,2.233541,10.272649,5.00e-05,69079.42,164462592,N/A,2025-06-07 18:32:42
10038,2.570904,2.233541,10.272649,5.00e-05,68807.03,164478976,N/A,2025-06-07 18:32:42
10039,2.731955,2.233541,10.272649,5.00e-05,70580.57,164495360,N/A,2025-06-07 18:32:43
10040,2.559893,2.233541,10.272649,5.00e-05,74408.96,164511744,0.9489,2025-06-07 18:32:43
10041,2.475791,2.233541,10.272649,5.00e-05,74750.72,164528128,N/A,2025-06-07 18:32:43
10042,2.375227,2.233541,10.272649,5.00e-05,75060.97,164544512,N/A,2025-06-07 18:32:43
10043,2.448487,2.233541,10.272649,5.00e-05,75528.26,164560896,N/A,2025-06-07 18:32:44
10044,2.495837,2.233541,10.272649,5.00e-05,75929.08,164577280,N/A,2025-06-07 18:32:44
10045,2.547280,2.233541,10.272649,5.00e-05,76010.73,164593664,N/A,2025-06-07 18:32:44
10046,1.636701,2.233541,10.272649,5.00e-05,76223.59,164610048,N/A,2025-06-07 18:32:44
10047,1.876028,2.233541,10.272649,5.00e-05,76879.95,164626432,N/A,2025-06-07 18:32:44
10048,2.233696,2.233541,10.272649,5.00e-05,76829.63,164642816,N/A,2025-06-07 18:32:45
10049,2.356697,2.233541,10.272649,5.00e-05,79420.70,164659200,N/A,2025-06-07 18:32:45
10050,2.498865,2.233541,10.272649,5.00e-05,78340.16,164675584,0.9056,2025-06-07 18:32:45
10051,2.680318,2.233541,10.272649,5.00e-05,78548.19,164691968,N/A,2025-06-07 18:32:45
10052,2.461353,2.233541,10.272649,5.00e-05,78592.51,164708352,N/A,2025-06-07 18:32:46
10053,2.665273,2.233541,10.272649,5.00e-05,78696.28,164724736,N/A,2025-06-07 18:32:46
10054,2.134160,2.233541,10.272649,5.00e-05,78667.20,164741120,N/A,2025-06-07 18:32:46
10055,2.530746,2.233541,10.272649,5.00e-05,78775.16,164757504,N/A,2025-06-07 18:32:46
10056,2.708029,2.233541,10.272649,5.00e-05,73325.21,164773888,N/A,2025-06-07 18:32:47
10057,1.833519,2.233541,10.272649,5.00e-05,73315.36,164790272,N/A,2025-06-07 18:32:47
10058,2.505300,2.233541,10.272649,5.00e-05,73391.17,164806656,N/A,2025-06-07 18:32:47
10059,1.830831,2.233541,10.272649,5.00e-05,74692.32,164823040,N/A,2025-06-07 18:32:47
10060,3.207304,2.233541,10.272649,5.00e-05,71826.50,164839424,0.8489,2025-06-07 18:32:48
10061,1.495542,2.233541,10.272649,5.00e-05,71761.78,164855808,N/A,2025-06-07 18:32:48
10062,1.974543,2.233541,10.272649,5.00e-05,71562.29,164872192,N/A,2025-06-07 18:32:48
10063,2.333961,2.233541,10.272649,5.00e-05,71280.22,164888576,N/A,2025-06-07 18:32:48
10064,2.056111,2.233541,10.272649,5.00e-05,71255.60,164904960,N/A,2025-06-07 18:32:49
10065,2.314776,2.233541,10.272649,5.00e-05,76294.47,164921344,N/A,2025-06-07 18:32:49
10066,1.140616,2.233541,10.272649,5.00e-05,76398.86,164937728,N/A,2025-06-07 18:32:49
10067,1.884927,2.233541,10.272649,5.00e-05,76109.49,164954112,N/A,2025-06-07 18:32:49
10068,1.882108,2.233541,10.272649,5.00e-05,75852.68,164970496,N/A,2025-06-07 18:32:50
10069,2.996718,2.233541,10.272649,5.00e-05,78804.65,164986880,N/A,2025-06-07 18:32:50
10070,1.690435,2.233541,10.272649,5.00e-05,75930.90,165003264,0.9992,2025-06-07 18:32:50
10071,2.343255,2.233541,10.272649,5.00e-05,75953.67,165019648,N/A,2025-06-07 18:32:50
10072,2.732574,2.233541,10.272649,5.00e-05,76210.13,165036032,N/A,2025-06-07 18:32:51
10073,2.585581,2.233541,10.272649,5.00e-05,76153.29,165052416,N/A,2025-06-07 18:32:51
10074,2.388891,2.233541,10.272649,5.00e-05,76186.13,165068800,N/A,2025-06-07 18:32:51
10075,2.286519,2.233541,10.272649,5.00e-05,76162.21,165085184,N/A,2025-06-07 18:32:51
10076,2.788288,2.233541,10.272649,5.00e-05,76215.58,165101568,N/A,2025-06-07 18:32:51
10077,1.176068,2.233541,10.272649,5.00e-05,76154.87,165117952,N/A,2025-06-07 18:32:52
10078,2.153577,2.233541,10.272649,5.00e-05,76205.48,165134336,N/A,2025-06-07 18:32:52
10079,2.344399,2.233541,10.272649,5.00e-05,79080.15,165150720,N/A,2025-06-07 18:32:52
10080,1.829714,2.233541,10.272649,5.00e-05,77617.83,165167104,0.9488,2025-06-07 18:32:52
10081,2.912575,2.233541,10.272649,5.00e-05,77724.66,165183488,N/A,2025-06-07 18:32:53
10082,1.503633,2.233541,10.272649,5.00e-05,77859.13,165199872,N/A,2025-06-07 18:32:53
10083,2.706446,2.233541,10.272649,5.00e-05,77781.11,165216256,N/A,2025-06-07 18:32:53
10084,1.986193,2.233541,10.272649,5.00e-05,77821.49,165232640,N/A,2025-06-07 18:32:53
10085,2.314420,2.233541,10.272649,5.00e-05,77849.44,165249024,N/A,2025-06-07 18:32:54
10086,1.993016,2.233541,10.272649,5.00e-05,77994.93,165265408,N/A,2025-06-07 18:32:54
10087,2.218484,2.233541,10.272649,5.00e-05,78143.39,165281792,N/A,2025-06-07 18:32:54
10088,1.697422,2.233541,10.272649,5.00e-05,78198.53,165298176,N/A,2025-06-07 18:32:54
10089,2.322838,2.233541,10.272649,5.00e-05,79643.99,165314560,N/A,2025-06-07 18:32:54
10090,2.073830,2.233541,10.272649,5.00e-05,78071.22,165330944,0.8501,2025-06-07 18:32:55
10091,1.830730,2.233541,10.272649,5.00e-05,77850.19,165347328,N/A,2025-06-07 18:32:55
10092,2.880348,2.233541,10.272649,5.00e-05,77846.51,165363712,N/A,2025-06-07 18:32:55
10093,2.164308,2.233541,10.272649,5.00e-05,77765.70,165380096,N/A,2025-06-07 18:32:55
10094,2.388748,2.233541,10.272649,5.00e-05,77622.11,165396480,N/A,2025-06-07 18:32:56
10095,1.396214,2.233541,10.272649,5.00e-05,77665.26,165412864,N/A,2025-06-07 18:32:56
10096,2.939924,2.233541,10.272649,5.00e-05,77267.82,165429248,N/A,2025-06-07 18:32:56
10097,2.431728,2.233541,10.272649,5.00e-05,77140.57,165445632,N/A,2025-06-07 18:32:56
10098,1.785019,2.233541,10.272649,5.00e-05,77241.30,165462016,N/A,2025-06-07 18:32:57
10099,2.181919,2.233541,10.272649,5.00e-05,78026.79,165478400,N/A,2025-06-07 18:32:57
10100,2.565683,2.233541,10.272649,5.00e-05,76069.95,165494784,0.8223,2025-06-07 18:32:57
10101,2.048287,2.233541,10.272649,5.00e-05,75006.98,165511168,N/A,2025-06-07 18:32:57
10102,2.348254,2.233541,10.272649,5.00e-05,75043.68,165527552,N/A,2025-06-07 18:32:58
10103,2.292743,2.233541,10.272649,5.00e-05,75219.26,165543936,N/A,2025-06-07 18:32:58
10104,2.268765,2.233541,10.272649,5.00e-05,75237.56,165560320,N/A,2025-06-07 18:32:58
10105,1.921853,2.233541,10.272649,5.00e-05,75659.40,165576704,N/A,2025-06-07 18:32:58
10106,2.300833,2.233541,10.272649,5.00e-05,75424.86,165593088,N/A,2025-06-07 18:32:59
10107,2.655437,2.233541,10.272649,5.00e-05,75167.61,165609472,N/A,2025-06-07 18:32:59
10108,1.973281,2.233541,10.272649,5.00e-05,75961.80,165625856,N/A,2025-06-07 18:32:59
10109,2.319510,2.233541,10.272649,5.00e-05,78108.11,165642240,N/A,2025-06-07 18:32:59
10110,2.298065,2.233541,10.272649,5.00e-05,77721.45,165658624,0.9655,2025-06-07 18:33:00
10111,2.784556,2.233541,10.272649,5.00e-05,77708.43,165675008,N/A,2025-06-07 18:33:00
10112,2.236660,2.233541,10.272649,5.00e-05,77712.21,165691392,N/A,2025-06-07 18:33:00
10113,2.716546,2.233541,10.272649,5.00e-05,77733.21,165707776,N/A,2025-06-07 18:33:00
10114,1.928859,2.233541,10.272649,5.00e-05,77504.52,165724160,N/A,2025-06-07 18:33:00
10115,2.069712,2.233541,10.272649,5.00e-05,77942.50,165740544,N/A,2025-06-07 18:33:01
10116,2.264237,2.233541,10.272649,5.00e-05,77599.45,165756928,N/A,2025-06-07 18:33:01
10117,2.259559,2.233541,10.272649,5.00e-05,77562.21,165773312,N/A,2025-06-07 18:33:01
10118,2.756814,2.233541,10.272649,5.00e-05,77372.77,165789696,N/A,2025-06-07 18:33:01
10119,2.157414,2.233541,10.272649,5.00e-05,78959.26,165806080,N/A,2025-06-07 18:33:02
10120,1.608415,2.233541,10.272649,5.00e-05,77504.94,165822464,0.8463,2025-06-07 18:33:02
10121,2.089730,2.233541,10.272649,5.00e-05,77538.01,165838848,N/A,2025-06-07 18:33:02
10122,2.893072,2.233541,10.272649,5.00e-05,77553.84,165855232,N/A,2025-06-07 18:33:02
10123,2.686714,2.233541,10.272649,5.00e-05,77662.61,165871616,N/A,2025-06-07 18:33:03
10124,1.390079,2.233541,10.272649,5.00e-05,77441.19,165888000,N/A,2025-06-07 18:33:03
10125,2.091168,2.233541,10.272649,5.00e-05,78183.29,165904384,N/A,2025-06-07 18:33:03
10126,1.522435,2.233541,10.272649,5.00e-05,77930.97,165920768,N/A,2025-06-07 18:33:03
10127,2.827314,2.233541,10.272649,5.00e-05,78178.77,165937152,N/A,2025-06-07 18:33:03
10128,1.689939,2.233541,10.272649,5.00e-05,77985.20,165953536,N/A,2025-06-07 18:33:04
10129,1.749079,2.233541,10.272649,5.00e-05,78684.35,165969920,N/A,2025-06-07 18:33:04
10130,2.845039,2.233541,10.272649,5.00e-05,77123.12,165986304,0.6630,2025-06-07 18:33:04
10131,2.457144,2.233541,10.272649,5.00e-05,76790.40,166002688,N/A,2025-06-07 18:33:04
10132,1.676545,2.233541,10.272649,5.00e-05,76765.03,166019072,N/A,2025-06-07 18:33:05
10133,2.324210,2.233541,10.272649,5.00e-05,76978.65,166035456,N/A,2025-06-07 18:33:05
10134,2.229707,2.233541,10.272649,5.00e-05,76558.06,166051840,N/A,2025-06-07 18:33:05
10135,2.689520,2.233541,10.272649,5.00e-05,76511.19,166068224,N/A,2025-06-07 18:33:05
10136,1.753481,2.233541,10.272649,5.00e-05,76312.87,166084608,N/A,2025-06-07 18:33:06
10137,1.984963,2.233541,10.272649,5.00e-05,76336.01,166100992,N/A,2025-06-07 18:33:06
10138,3.585147,2.233541,10.272649,5.00e-05,76102.55,166117376,N/A,2025-06-07 18:33:06
10139,2.392965,2.233541,10.272649,5.00e-05,77283.95,166133760,N/A,2025-06-07 18:33:06
10140,1.411295,2.233541,10.272649,5.00e-05,75998.46,166150144,0.8706,2025-06-07 18:33:07
10141,3.137944,2.233541,10.272649,5.00e-05,76194.92,166166528,N/A,2025-06-07 18:33:07
10142,2.209862,2.233541,10.272649,5.00e-05,75984.17,166182912,N/A,2025-06-07 18:33:07
10143,1.635860,2.233541,10.272649,5.00e-05,76319.27,166199296,N/A,2025-06-07 18:33:07
10144,1.947367,2.233541,10.272649,5.00e-05,76419.36,166215680,N/A,2025-06-07 18:33:08
10145,3.082372,2.233541,10.272649,5.00e-05,76472.10,166232064,N/A,2025-06-07 18:33:08
10146,2.023108,2.233541,10.272649,5.00e-05,76703.45,166248448,N/A,2025-06-07 18:33:08
10147,2.679427,2.233541,10.272649,5.00e-05,77759.39,166264832,N/A,2025-06-07 18:33:08
10148,3.180637,2.233541,10.272649,5.00e-05,78046.21,166281216,N/A,2025-06-07 18:33:08
10149,1.716564,2.233541,10.272649,5.00e-05,79539.15,166297600,N/A,2025-06-07 18:33:09
10150,2.492304,2.233541,10.272649,5.00e-05,77948.19,166313984,0.7626,2025-06-07 18:33:09
10151,2.173327,2.233541,10.272649,5.00e-05,78032.46,166330368,N/A,2025-06-07 18:33:09
10152,2.660149,2.233541,10.272649,5.00e-05,77941.00,166346752,N/A,2025-06-07 18:33:09
10153,2.744808,2.233541,10.272649,5.00e-05,78063.27,166363136,N/A,2025-06-07 18:33:10
10154,1.997252,2.233541,10.272649,5.00e-05,77990.48,166379520,N/A,2025-06-07 18:33:10
10155,2.497377,2.233541,10.272649,5.00e-05,77956.88,166395904,N/A,2025-06-07 18:33:10
10156,2.165418,2.233541,10.272649,5.00e-05,77932.61,166412288,N/A,2025-06-07 18:33:10
10157,2.364761,2.233541,10.272649,5.00e-05,77930.59,166428672,N/A,2025-06-07 18:33:11
10158,0.933723,2.233541,10.272649,5.00e-05,77970.97,166445056,N/A,2025-06-07 18:33:11
10159,2.049030,2.233541,10.272649,5.00e-05,79287.86,166461440,N/A,2025-06-07 18:33:11
10160,2.150601,2.233541,10.272649,5.00e-05,77598.17,166477824,0.7720,2025-06-07 18:33:11
10161,2.036167,2.233541,10.272649,5.00e-05,77588.79,166494208,N/A,2025-06-07 18:33:11
10162,2.374721,2.233541,10.272649,5.00e-05,77482.04,166510592,N/A,2025-06-07 18:33:12
10163,2.659211,2.233541,10.272649,5.00e-05,77581.51,166526976,N/A,2025-06-07 18:33:12
10164,2.798666,2.233541,10.272649,5.00e-05,77420.33,166543360,N/A,2025-06-07 18:33:12
10165,2.738601,2.233541,10.272649,5.00e-05,77542.56,166559744,N/A,2025-06-07 18:33:12
10166,2.763426,2.233541,10.272649,5.00e-05,77453.51,166576128,N/A,2025-06-07 18:33:13
10167,2.599774,2.233541,10.272649,5.00e-05,77612.68,166592512,N/A,2025-06-07 18:33:13
10168,3.312749,2.233541,10.272649,5.00e-05,77686.85,166608896,N/A,2025-06-07 18:33:13
10169,3.004488,2.233541,10.272649,5.00e-05,79134.28,166625280,N/A,2025-06-07 18:33:13
10170,3.032843,2.233541,10.272649,5.00e-05,77667.59,166641664,1.0000,2025-06-07 18:33:14
10171,2.885192,2.233541,10.272649,5.00e-05,77502.89,166658048,N/A,2025-06-07 18:33:14
10172,2.949938,2.233541,10.272649,5.00e-05,77451.27,166674432,N/A,2025-06-07 18:33:14
10173,1.991223,2.233541,10.272649,5.00e-05,77559.69,166690816,N/A,2025-06-07 18:33:14
10174,2.016934,2.233541,10.272649,5.00e-05,77394.80,166707200,N/A,2025-06-07 18:33:15
10175,2.546275,2.233541,10.272649,5.00e-05,77381.96,166723584,N/A,2025-06-07 18:33:15
10176,2.110126,2.233541,10.272649,5.00e-05,77251.81,166739968,N/A,2025-06-07 18:33:15
10177,1.939540,2.233541,10.272649,5.00e-05,77312.12,166756352,N/A,2025-06-07 18:33:15
10178,1.812417,2.233541,10.272649,5.00e-05,77161.40,166772736,N/A,2025-06-07 18:33:15
10179,1.749594,2.233541,10.272649,5.00e-05,78527.33,166789120,N/A,2025-06-07 18:33:16
10180,1.775406,2.233541,10.272649,5.00e-05,77199.47,166805504,0.6195,2025-06-07 18:33:16
10181,2.203832,2.233541,10.272649,5.00e-05,77355.44,166821888,N/A,2025-06-07 18:33:16
10182,1.875130,2.233541,10.272649,5.00e-05,77311.52,166838272,N/A,2025-06-07 18:33:16
10183,1.747079,2.233541,10.272649,5.00e-05,77745.74,166854656,N/A,2025-06-07 18:33:17
10184,3.130005,2.233541,10.272649,5.00e-05,77905.92,166871040,N/A,2025-06-07 18:33:17
10185,2.514761,2.233541,10.272649,5.00e-05,77498.18,166887424,N/A,2025-06-07 18:33:17
10186,1.392724,2.233541,10.272649,5.00e-05,77575.01,166903808,N/A,2025-06-07 18:33:17
10187,2.348068,2.233541,10.272649,5.00e-05,78073.72,166920192,N/A,2025-06-07 18:33:18
10188,2.557043,2.233541,10.272649,5.00e-05,78171.64,166936576,N/A,2025-06-07 18:33:18
10189,2.650742,2.233541,10.272649,5.00e-05,79524.60,166952960,N/A,2025-06-07 18:33:18
10190,1.499537,2.233541,10.272649,5.00e-05,77902.73,166969344,1.0000,2025-06-07 18:33:18
10191,1.890199,2.233541,10.272649,5.00e-05,78042.53,166985728,N/A,2025-06-07 18:33:19
10192,1.263239,2.233541,10.272649,5.00e-05,77583.68,167002112,N/A,2025-06-07 18:33:19
10193,2.500927,2.233541,10.272649,5.00e-05,77116.08,167018496,N/A,2025-06-07 18:33:19
10194,1.906516,2.233541,10.272649,5.00e-05,77031.40,167034880,N/A,2025-06-07 18:33:19
10195,2.175570,2.233541,10.272649,5.00e-05,76989.55,167051264,N/A,2025-06-07 18:33:19
10196,2.317413,2.233541,10.272649,5.00e-05,76949.44,167067648,N/A,2025-06-07 18:33:20
10197,1.681642,2.233541,10.272649,5.00e-05,77019.46,167084032,N/A,2025-06-07 18:33:20
10198,3.150909,2.233541,10.272649,5.00e-05,76389.96,167100416,N/A,2025-06-07 18:33:20
10199,1.924841,2.233541,10.272649,5.00e-05,77730.71,167116800,N/A,2025-06-07 18:33:20
10200,2.249169,2.233541,10.272649,5.00e-05,76049.63,167133184,0.7564,2025-06-07 18:33:21
10201,2.330230,2.233541,10.272649,5.00e-05,75068.26,167149568,N/A,2025-06-07 18:33:21
10202,1.700846,2.233541,10.272649,5.00e-05,75372.88,167165952,N/A,2025-06-07 18:33:21
10203,1.457427,2.233541,10.272649,5.00e-05,75941.83,167182336,N/A,2025-06-07 18:33:21
10204,1.892917,2.233541,10.272649,5.00e-05,75816.38,167198720,N/A,2025-06-07 18:33:22
10205,1.832961,2.233541,10.272649,5.00e-05,75684.41,167215104,N/A,2025-06-07 18:33:22
10206,1.618712,2.233541,10.272649,5.00e-05,75323.99,167231488,N/A,2025-06-07 18:33:22
10207,2.238326,2.233541,10.272649,5.00e-05,76223.05,167247872,N/A,2025-06-07 18:33:22
10208,2.074056,2.233541,10.272649,5.00e-05,76258.94,167264256,N/A,2025-06-07 18:33:23
10209,2.173382,2.233541,10.272649,5.00e-05,77708.83,167280640,N/A,2025-06-07 18:33:23
10210,3.197755,2.233541,10.272649,5.00e-05,76929.86,167297024,0.7359,2025-06-07 18:33:23
10211,2.415249,2.233541,10.272649,5.00e-05,77051.78,167313408,N/A,2025-06-07 18:33:23
10212,2.207515,2.233541,10.272649,5.00e-05,77108.17,167329792,N/A,2025-06-07 18:33:24
10213,2.118542,2.233541,10.272649,5.00e-05,77330.72,167346176,N/A,2025-06-07 18:33:24
10214,2.684379,2.233541,10.272649,5.00e-05,76284.22,167362560,N/A,2025-06-07 18:33:24
10215,2.617326,2.233541,10.272649,5.00e-05,76624.83,167378944,N/A,2025-06-07 18:33:24
10216,1.991516,2.233541,10.272649,5.00e-05,76565.46,167395328,N/A,2025-06-07 18:33:24
10217,2.015625,2.233541,10.272649,5.00e-05,76674.35,167411712,N/A,2025-06-07 18:33:25
10218,1.876217,2.233541,10.272649,5.00e-05,76800.75,167428096,N/A,2025-06-07 18:33:25
10219,2.147410,2.233541,10.272649,5.00e-05,78674.93,167444480,N/A,2025-06-07 18:33:25
10220,2.585592,2.233541,10.272649,5.00e-05,77369.94,167460864,0.8792,2025-06-07 18:33:25
10221,2.621885,2.233541,10.272649,5.00e-05,77292.15,167477248,N/A,2025-06-07 18:33:26
10222,1.872113,2.233541,10.272649,5.00e-05,77322.88,167493632,N/A,2025-06-07 18:33:26
10223,1.851716,2.233541,10.272649,5.00e-05,78422.69,167510016,N/A,2025-06-07 18:33:26
10224,1.542135,2.233541,10.272649,5.00e-05,78465.24,167526400,N/A,2025-06-07 18:33:26
10225,1.869335,2.233541,10.272649,5.00e-05,78222.28,167542784,N/A,2025-06-07 18:33:27
10226,1.139841,2.233541,10.272649,5.00e-05,78237.59,167559168,N/A,2025-06-07 18:33:27
10227,2.124875,2.233541,10.272649,5.00e-05,78479.31,167575552,N/A,2025-06-07 18:33:27
10228,1.860368,2.233541,10.272649,5.00e-05,78451.53,167591936,N/A,2025-06-07 18:33:27
10229,1.543149,2.233541,10.272649,5.00e-05,79837.17,167608320,N/A,2025-06-07 18:33:27
10230,1.931070,2.233541,10.272649,5.00e-05,78284.90,167624704,0.7203,2025-06-07 18:33:28
10231,2.196970,2.233541,10.272649,5.00e-05,78255.18,167641088,N/A,2025-06-07 18:33:28
10232,2.201428,2.233541,10.272649,5.00e-05,78421.00,167657472,N/A,2025-06-07 18:33:28
10233,1.947707,2.233541,10.272649,5.00e-05,77879.90,167673856,N/A,2025-06-07 18:33:28
10234,2.524978,2.233541,10.272649,5.00e-05,78102.29,167690240,N/A,2025-06-07 18:33:29
10235,2.051982,2.233541,10.272649,5.00e-05,77978.40,167706624,N/A,2025-06-07 18:33:29
10236,2.416309,2.233541,10.272649,5.00e-05,77878.88,167723008,N/A,2025-06-07 18:33:29
10237,3.171670,2.233541,10.272649,5.00e-05,77982.12,167739392,N/A,2025-06-07 18:33:29
10238,1.753480,2.233541,10.272649,5.00e-05,77877.15,167755776,N/A,2025-06-07 18:33:30
10239,2.802607,2.233541,10.272649,5.00e-05,79495.26,167772160,N/A,2025-06-07 18:33:30
10240,2.243476,2.233541,10.272649,5.00e-05,77801.60,167788544,1.0000,2025-06-07 18:33:30
10241,1.883725,2.233541,10.272649,5.00e-05,77741.22,167804928,N/A,2025-06-07 18:33:30
10242,2.633574,2.233541,10.272649,5.00e-05,78218.44,167821312,N/A,2025-06-07 18:33:31
10243,1.592457,2.233541,10.272649,5.00e-05,78284.78,167837696,N/A,2025-06-07 18:33:31
10244,2.429392,2.233541,10.272649,5.00e-05,77756.91,167854080,N/A,2025-06-07 18:33:31
10245,2.495691,2.233541,10.272649,5.00e-05,77608.86,167870464,N/A,2025-06-07 18:33:31
10246,2.695800,2.233541,10.272649,5.00e-05,77614.53,167886848,N/A,2025-06-07 18:33:31
10247,2.641678,2.233541,10.272649,5.00e-05,77498.39,167903232,N/A,2025-06-07 18:33:32
10248,1.410564,2.233541,10.272649,5.00e-05,77466.35,167919616,N/A,2025-06-07 18:33:32
10249,2.237269,2.233541,10.272649,5.00e-05,79110.51,167936000,N/A,2025-06-07 18:33:32
10250,1.927194,2.233541,10.272649,5.00e-05,76974.88,167952384,0.7839,2025-06-07 18:33:32
10251,2.184807,2.233541,10.272649,5.00e-05,76902.27,167968768,N/A,2025-06-07 18:33:33
10252,2.246037,2.233541,10.272649,5.00e-05,76817.13,167985152,N/A,2025-06-07 18:33:33
10253,2.058272,2.233541,10.272649,5.00e-05,77386.30,168001536,N/A,2025-06-07 18:33:33
10254,3.203198,2.233541,10.272649,5.00e-05,77427.09,168017920,N/A,2025-06-07 18:33:33
10255,2.629963,2.233541,10.272649,5.00e-05,77231.10,168034304,N/A,2025-06-07 18:33:34
10256,1.807904,2.233541,10.272649,5.00e-05,77403.09,168050688,N/A,2025-06-07 18:33:34
10257,2.404295,2.233541,10.272649,5.00e-05,77315.64,168067072,N/A,2025-06-07 18:33:34
10258,2.181321,2.233541,10.272649,5.00e-05,77207.67,168083456,N/A,2025-06-07 18:33:34
10259,2.136150,2.233541,10.272649,5.00e-05,78441.04,168099840,N/A,2025-06-07 18:33:35
10260,1.993630,2.233541,10.272649,5.00e-05,76602.69,168116224,0.9612,2025-06-07 18:33:35
10261,2.387198,2.233541,10.272649,5.00e-05,76469.44,168132608,N/A,2025-06-07 18:33:35
10262,1.639845,2.233541,10.272649,5.00e-05,76343.42,168148992,N/A,2025-06-07 18:33:35
10263,1.741289,2.233541,10.272649,5.00e-05,76301.65,168165376,N/A,2025-06-07 18:33:35
10264,2.986478,2.233541,10.272649,5.00e-05,75560.11,168181760,N/A,2025-06-07 18:33:36
10265,1.908475,2.233541,10.272649,5.00e-05,75495.18,168198144,N/A,2025-06-07 18:33:36
10266,2.428773,2.233541,10.272649,5.00e-05,75616.30,168214528,N/A,2025-06-07 18:33:36
10267,2.029554,2.233541,10.272649,5.00e-05,75201.39,168230912,N/A,2025-06-07 18:33:36
10268,2.343875,2.233541,10.272649,5.00e-05,75972.80,168247296,N/A,2025-06-07 18:33:37
10269,1.826987,2.233541,10.272649,5.00e-05,77985.58,168263680,N/A,2025-06-07 18:33:37
10270,2.707237,2.233541,10.272649,5.00e-05,76607.19,168280064,0.7349,2025-06-07 18:33:37
10271,2.515094,2.233541,10.272649,5.00e-05,76791.10,168296448,N/A,2025-06-07 18:33:37
10272,2.162870,2.233541,10.272649,5.00e-05,77006.83,168312832,N/A,2025-06-07 18:33:38
10273,1.629916,2.233541,10.272649,5.00e-05,77196.98,168329216,N/A,2025-06-07 18:33:38
10274,2.288891,2.233541,10.272649,5.00e-05,77246.26,168345600,N/A,2025-06-07 18:33:38
10275,1.608250,2.233541,10.272649,5.00e-05,77168.90,168361984,N/A,2025-06-07 18:33:38
10276,2.601145,2.233541,10.272649,5.00e-05,77657.65,168378368,N/A,2025-06-07 18:33:39
10277,2.141633,2.233541,10.272649,5.00e-05,77769.62,168394752,N/A,2025-06-07 18:33:39
10278,1.650491,2.233541,10.272649,5.00e-05,77501.09,168411136,N/A,2025-06-07 18:33:39
10279,2.990016,2.233541,10.272649,5.00e-05,79124.69,168427520,N/A,2025-06-07 18:33:39
10280,2.240232,2.233541,10.272649,5.00e-05,77323.09,168443904,0.9602,2025-06-07 18:33:40
10281,2.033938,2.233541,10.272649,5.00e-05,77149.77,168460288,N/A,2025-06-07 18:33:40
10282,2.187875,2.233541,10.272649,5.00e-05,77736.31,168476672,N/A,2025-06-07 18:33:40
10283,1.809553,2.233541,10.272649,5.00e-05,77502.77,168493056,N/A,2025-06-07 18:33:40
10284,2.983005,2.233541,10.272649,5.00e-05,77639.27,168509440,N/A,2025-06-07 18:33:40
10285,2.880867,2.233541,10.272649,5.00e-05,77652.00,168525824,N/A,2025-06-07 18:33:41
10286,2.663764,2.233541,10.272649,5.00e-05,77669.38,168542208,N/A,2025-06-07 18:33:41
10287,1.948817,2.233541,10.272649,5.00e-05,77543.03,168558592,N/A,2025-06-07 18:33:41
10288,1.976388,2.233541,10.272649,5.00e-05,77589.94,168574976,N/A,2025-06-07 18:33:41
10289,1.957380,2.233541,10.272649,5.00e-05,79282.55,168591360,N/A,2025-06-07 18:33:42
10290,1.861096,2.233541,10.272649,5.00e-05,77868.59,168607744,1.0000,2025-06-07 18:33:42
10291,3.028269,2.233541,10.272649,5.00e-05,77707.40,168624128,N/A,2025-06-07 18:33:42
10292,2.305197,2.233541,10.272649,5.00e-05,77692.18,168640512,N/A,2025-06-07 18:33:42
10293,2.509995,2.233541,10.272649,5.00e-05,77377.35,168656896,N/A,2025-06-07 18:33:43
10294,1.502688,2.233541,10.272649,5.00e-05,77300.06,168673280,N/A,2025-06-07 18:33:43
10295,2.824111,2.233541,10.272649,5.00e-05,76932.68,168689664,N/A,2025-06-07 18:33:43
10296,3.102483,2.233541,10.272649,5.00e-05,77255.39,168706048,N/A,2025-06-07 18:33:43
10297,2.372045,2.233541,10.272649,5.00e-05,77010.63,168722432,N/A,2025-06-07 18:33:43
10298,1.899527,2.233541,10.272649,5.00e-05,76874.88,168738816,N/A,2025-06-07 18:33:44
10299,1.463511,2.233541,10.272649,5.00e-05,77283.33,168755200,N/A,2025-06-07 18:33:44
10300,2.123147,2.233541,10.272649,5.00e-05,76212.96,168771584,0.7111,2025-06-07 18:33:44
10301,2.637874,N/A,N/A,5.00e-05,66907.38,173719552,N/A,2025-06-07 18:46:56
10302,2.256212,N/A,N/A,5.00e-05,66598.82,173735936,N/A,2025-06-07 18:46:57
10303,2.036791,N/A,N/A,5.00e-05,66578.86,173752320,N/A,2025-06-07 18:46:57
10304,2.411162,N/A,N/A,5.00e-05,66168.05,173768704,N/A,2025-06-07 18:46:57
10305,2.534941,N/A,N/A,5.00e-05,66250.52,173785088,N/A,2025-06-07 18:46:57
10306,2.534799,N/A,N/A,5.00e-05,67067.48,173801472,N/A,2025-06-07 18:46:58
10307,2.091475,N/A,N/A,5.00e-05,67094.91,173817856,N/A,2025-06-07 18:46:58
10308,2.347279,N/A,N/A,5.00e-05,67235.53,173834240,N/A,2025-06-07 18:46:58
10309,2.134764,N/A,N/A,5.00e-05,69244.96,173850624,N/A,2025-06-07 18:46:59
10310,2.103892,N/A,N/A,5.00e-05,69208.58,173867008,0.9196,2025-06-07 18:46:59
10311,2.097930,N/A,N/A,5.00e-05,69227.04,173883392,N/A,2025-06-07 18:46:59
10312,3.085078,N/A,N/A,5.00e-05,68902.99,173899776,N/A,2025-06-07 18:46:59
10313,2.194340,N/A,N/A,5.00e-05,69018.51,173916160,N/A,2025-06-07 18:47:00
10314,2.138964,N/A,N/A,5.00e-05,68922.17,173932544,N/A,2025-06-07 18:47:00
10315,2.406304,N/A,N/A,5.00e-05,68904.60,173948928,N/A,2025-06-07 18:47:00
10316,3.178270,N/A,N/A,5.00e-05,68961.20,173965312,N/A,2025-06-07 18:47:00
10317,1.983978,N/A,N/A,5.00e-05,68944.69,173981696,N/A,2025-06-07 18:47:01
10318,3.519097,N/A,N/A,5.00e-05,69194.29,173998080,N/A,2025-06-07 18:47:01
10319,1.722262,N/A,N/A,5.00e-05,71108.91,174014464,N/A,2025-06-07 18:47:01
10320,2.392054,N/A,N/A,5.00e-05,68536.55,174030848,0.7967,2025-06-07 18:47:01
10321,2.246351,N/A,N/A,5.00e-05,68029.58,174047232,N/A,2025-06-07 18:47:02
10322,2.703626,N/A,N/A,5.00e-05,67422.06,174063616,N/A,2025-06-07 18:47:02
10323,2.019967,N/A,N/A,5.00e-05,67141.22,174080000,N/A,2025-06-07 18:47:02
10324,1.206701,N/A,N/A,5.00e-05,66775.86,174096384,N/A,2025-06-07 18:47:03
10325,2.300766,N/A,N/A,5.00e-05,67107.25,174112768,N/A,2025-06-07 18:47:03
10326,1.343083,N/A,N/A,5.00e-05,67550.71,174129152,N/A,2025-06-07 18:47:03
10327,2.007883,N/A,N/A,5.00e-05,67327.85,174145536,N/A,2025-06-07 18:47:03
10328,2.115892,N/A,N/A,5.00e-05,67026.70,174161920,N/A,2025-06-07 18:47:04
10329,1.765562,N/A,N/A,5.00e-05,69839.39,174178304,N/A,2025-06-07 18:47:04
10330,2.847243,N/A,N/A,5.00e-05,69085.21,174194688,0.9277,2025-06-07 18:47:04
10331,2.150889,N/A,N/A,5.00e-05,69632.24,174211072,N/A,2025-06-07 18:47:04
10332,1.957575,N/A,N/A,5.00e-05,69911.87,174227456,N/A,2025-06-07 18:47:05
10333,2.415452,N/A,N/A,5.00e-05,69677.13,174243840,N/A,2025-06-07 18:47:05
10334,1.966258,N/A,N/A,5.00e-05,69680.44,174260224,N/A,2025-06-07 18:47:05
10335,1.915689,N/A,N/A,5.00e-05,69857.95,174276608,N/A,2025-06-07 18:47:05
10336,2.085806,N/A,N/A,5.00e-05,69912.43,174292992,N/A,2025-06-07 18:47:06
10337,1.911411,N/A,N/A,5.00e-05,70506.72,174309376,N/A,2025-06-07 18:47:06
10338,2.283258,N/A,N/A,5.00e-05,70818.65,174325760,N/A,2025-06-07 18:47:06
10339,2.444930,N/A,N/A,5.00e-05,72423.87,174342144,N/A,2025-06-07 18:47:06
10340,2.091174,N/A,N/A,5.00e-05,70727.25,174358528,0.8317,2025-06-07 18:47:07
10341,2.511504,N/A,N/A,5.00e-05,70364.28,174374912,N/A,2025-06-07 18:47:07
10342,1.986367,N/A,N/A,5.00e-05,70704.02,174391296,N/A,2025-06-07 18:47:07
10343,2.074109,N/A,N/A,5.00e-05,70603.37,174407680,N/A,2025-06-07 18:47:07
10344,1.897470,N/A,N/A,5.00e-05,70338.37,174424064,N/A,2025-06-07 18:47:08
10345,2.465886,N/A,N/A,5.00e-05,70159.24,174440448,N/A,2025-06-07 18:47:08
10346,2.325202,N/A,N/A,5.00e-05,69746.30,174456832,N/A,2025-06-07 18:47:08
10347,1.917057,N/A,N/A,5.00e-05,69207.64,174473216,N/A,2025-06-07 18:47:09
10348,2.240419,N/A,N/A,5.00e-05,68570.20,174489600,N/A,2025-06-07 18:47:09
10349,2.533231,N/A,N/A,5.00e-05,69809.91,174505984,N/A,2025-06-07 18:47:09
10350,1.878873,N/A,N/A,5.00e-05,68153.96,174522368,0.8975,2025-06-07 18:47:09
10351,1.958298,N/A,N/A,5.00e-05,68025.30,174538752,N/A,2025-06-07 18:47:10
10352,1.765442,N/A,N/A,5.00e-05,68060.95,174555136,N/A,2025-06-07 18:47:10
10353,1.376476,N/A,N/A,5.00e-05,68325.09,174571520,N/A,2025-06-07 18:47:10
10354,2.628055,N/A,N/A,5.00e-05,68599.67,174587904,N/A,2025-06-07 18:47:10
10355,1.887480,N/A,N/A,5.00e-05,68669.84,174604288,N/A,2025-06-07 18:47:11
10356,2.512334,N/A,N/A,5.00e-05,68829.12,174620672,N/A,2025-06-07 18:47:11
10357,1.840528,N/A,N/A,5.00e-05,69134.45,174637056,N/A,2025-06-07 18:47:11
10358,2.393086,N/A,N/A,5.00e-05,69472.50,174653440,N/A,2025-06-07 18:47:11
10359,1.807447,N/A,N/A,5.00e-05,71625.93,174669824,N/A,2025-06-07 18:47:12
10360,1.499610,N/A,N/A,5.00e-05,70431.59,174686208,1.0000,2025-06-07 18:47:12
10361,3.302680,N/A,N/A,5.00e-05,70638.49,174702592,N/A,2025-06-07 18:47:12
10362,2.382511,N/A,N/A,5.00e-05,70520.56,174718976,N/A,2025-06-07 18:47:12
10363,2.285115,N/A,N/A,5.00e-05,70165.06,174735360,N/A,2025-06-07 18:47:13
10364,1.788269,N/A,N/A,5.00e-05,70014.51,174751744,N/A,2025-06-07 18:47:13
10365,2.797909,N/A,N/A,5.00e-05,70369.70,174768128,N/A,2025-06-07 18:47:13
10366,2.069950,N/A,N/A,5.00e-05,70352.05,174784512,N/A,2025-06-07 18:47:13
10367,2.495055,N/A,N/A,5.00e-05,70798.26,174800896,N/A,2025-06-07 18:47:14
10368,2.495744,N/A,N/A,5.00e-05,70618.09,174817280,N/A,2025-06-07 18:47:14
10369,3.140124,N/A,N/A,5.00e-05,71794.12,174833664,N/A,2025-06-07 18:47:14
10370,2.181647,N/A,N/A,5.00e-05,70117.17,174850048,0.9911,2025-06-07 18:47:15
10371,2.401051,N/A,N/A,5.00e-05,69134.44,174866432,N/A,2025-06-07 18:47:15
10372,2.159752,N/A,N/A,5.00e-05,69435.50,174882816,N/A,2025-06-07 18:47:15
10373,2.436854,N/A,N/A,5.00e-05,68854.66,174899200,N/A,2025-06-07 18:47:15
10374,3.317522,N/A,N/A,5.00e-05,68718.32,174915584,N/A,2025-06-07 18:47:16
10375,2.033031,N/A,N/A,5.00e-05,69198.72,174931968,N/A,2025-06-07 18:47:16
10376,2.750407,N/A,N/A,5.00e-05,69524.78,174948352,N/A,2025-06-07 18:47:16
10377,1.640352,N/A,N/A,5.00e-05,69642.12,174964736,N/A,2025-06-07 18:47:16
10378,1.880278,N/A,N/A,5.00e-05,69899.32,174981120,N/A,2025-06-07 18:47:17
10379,1.596137,N/A,N/A,5.00e-05,71589.77,174997504,N/A,2025-06-07 18:47:17
10380,2.039052,N/A,N/A,5.00e-05,71437.04,175013888,0.8719,2025-06-07 18:47:17
10381,3.306304,N/A,N/A,5.00e-05,71708.38,175030272,N/A,2025-06-07 18:47:17
10382,2.083350,N/A,N/A,5.00e-05,72678.18,175046656,N/A,2025-06-07 18:47:18
10383,2.042314,N/A,N/A,5.00e-05,72723.27,175063040,N/A,2025-06-07 18:47:18
10384,3.173598,N/A,N/A,5.00e-05,72583.55,175079424,N/A,2025-06-07 18:47:18
10385,2.157838,N/A,N/A,5.00e-05,72157.82,175095808,N/A,2025-06-07 18:47:18
10386,2.103386,N/A,N/A,5.00e-05,72701.84,175112192,N/A,2025-06-07 18:47:19
10387,2.645072,N/A,N/A,5.00e-05,72920.21,175128576,N/A,2025-06-07 18:47:19
10388,2.620495,N/A,N/A,5.00e-05,73275.44,175144960,N/A,2025-06-07 18:47:19
10389,1.741337,N/A,N/A,5.00e-05,74683.81,175161344,N/A,2025-06-07 18:47:19
10390,2.009977,N/A,N/A,5.00e-05,73622.29,175177728,1.0000,2025-06-07 18:47:20
10391,2.280444,N/A,N/A,5.00e-05,73620.39,175194112,N/A,2025-06-07 18:47:20
10392,1.794486,N/A,N/A,5.00e-05,73388.01,175210496,N/A,2025-06-07 18:47:20
10393,2.380114,N/A,N/A,5.00e-05,73302.73,175226880,N/A,2025-06-07 18:47:20
10394,2.131945,N/A,N/A,5.00e-05,73452.75,175243264,N/A,2025-06-07 18:47:21
10395,2.069307,N/A,N/A,5.00e-05,73096.84,175259648,N/A,2025-06-07 18:47:21
10396,2.752050,N/A,N/A,5.00e-05,73020.09,175276032,N/A,2025-06-07 18:47:21
10397,2.252669,N/A,N/A,5.00e-05,71172.95,175292416,N/A,2025-06-07 18:47:21
10398,2.878865,N/A,N/A,5.00e-05,70756.58,175308800,N/A,2025-06-07 18:47:22
10399,1.661125,N/A,N/A,5.00e-05,71312.60,175325184,N/A,2025-06-07 18:47:22
10400,2.313833,N/A,N/A,5.00e-05,69923.70,175341568,0.7715,2025-06-07 18:47:22
10401,1.724700,N/A,N/A,5.00e-05,68354.42,175357952,N/A,2025-06-07 18:47:22
10402,1.572812,N/A,N/A,5.00e-05,68439.61,175374336,N/A,2025-06-07 18:47:23
10403,2.967584,N/A,N/A,5.00e-05,68433.57,175390720,N/A,2025-06-07 18:47:23
10404,2.346064,N/A,N/A,5.00e-05,68038.96,175407104,N/A,2025-06-07 18:47:23
10405,2.468847,N/A,N/A,5.00e-05,68000.80,175423488,N/A,2025-06-07 18:47:23
10406,2.183352,N/A,N/A,5.00e-05,69046.13,175439872,N/A,2025-06-07 18:47:24
10407,2.422660,N/A,N/A,5.00e-05,69025.43,175456256,N/A,2025-06-07 18:47:24
10408,2.326903,N/A,N/A,5.00e-05,68823.62,175472640,N/A,2025-06-07 18:47:24
10409,1.666386,N/A,N/A,5.00e-05,70010.08,175489024,N/A,2025-06-07 18:47:25
10410,1.917846,N/A,N/A,5.00e-05,70340.98,175505408,0.7130,2025-06-07 18:47:25
10411,2.245213,N/A,N/A,5.00e-05,70483.81,175521792,N/A,2025-06-07 18:47:25
10412,1.993551,N/A,N/A,5.00e-05,70232.53,175538176,N/A,2025-06-07 18:47:25
10413,2.463056,N/A,N/A,5.00e-05,70448.78,175554560,N/A,2025-06-07 18:47:26
10414,2.048830,N/A,N/A,5.00e-05,69915.79,175570944,N/A,2025-06-07 18:47:26
10415,2.479198,N/A,N/A,5.00e-05,69648.05,175587328,N/A,2025-06-07 18:47:26
10416,1.973689,N/A,N/A,5.00e-05,69686.80,175603712,N/A,2025-06-07 18:47:26
10417,1.782037,N/A,N/A,5.00e-05,69568.46,175620096,N/A,2025-06-07 18:47:27
10418,3.652109,N/A,N/A,5.00e-05,69396.58,175636480,N/A,2025-06-07 18:47:27
10419,2.465770,N/A,N/A,5.00e-05,70570.88,175652864,N/A,2025-06-07 18:47:27
10420,2.088202,N/A,N/A,5.00e-05,68856.11,175669248,1.0000,2025-06-07 18:47:27
10421,1.995993,N/A,N/A,5.00e-05,68724.12,175685632,N/A,2025-06-07 18:47:28
10422,2.013426,N/A,N/A,5.00e-05,68243.12,175702016,N/A,2025-06-07 18:47:28
10423,1.756915,N/A,N/A,5.00e-05,67921.29,175718400,N/A,2025-06-07 18:47:28
10424,2.326012,N/A,N/A,5.00e-05,67751.85,175734784,N/A,2025-06-07 18:47:29
10425,2.472174,N/A,N/A,5.00e-05,67456.93,175751168,N/A,2025-06-07 18:47:29
10426,1.801324,N/A,N/A,5.00e-05,67612.36,175767552,N/A,2025-06-07 18:47:29
10427,3.064906,N/A,N/A,5.00e-05,67375.26,175783936,N/A,2025-06-07 18:47:29
10428,2.791875,N/A,N/A,5.00e-05,67464.80,175800320,N/A,2025-06-07 18:47:30
10429,1.362997,N/A,N/A,5.00e-05,68614.84,175816704,N/A,2025-06-07 18:47:30
10430,2.169215,N/A,N/A,5.00e-05,67270.95,175833088,0.6508,2025-06-07 18:47:30
10431,1.915161,N/A,N/A,5.00e-05,67499.09,175849472,N/A,2025-06-07 18:47:30
10432,2.155643,N/A,N/A,5.00e-05,67984.97,175865856,N/A,2025-06-07 18:47:31
10433,2.797949,N/A,N/A,5.00e-05,68323.89,175882240,N/A,2025-06-07 18:47:31
10434,2.699472,N/A,N/A,5.00e-05,68783.93,175898624,N/A,2025-06-07 18:47:31
10435,1.636312,N/A,N/A,5.00e-05,68845.21,175915008,N/A,2025-06-07 18:47:31
10436,1.942114,N/A,N/A,5.00e-05,68831.40,175931392,N/A,2025-06-07 18:47:32
10437,2.564153,N/A,N/A,5.00e-05,68599.73,175947776,N/A,2025-06-07 18:47:32
10438,3.423326,N/A,N/A,5.00e-05,68478.73,175964160,N/A,2025-06-07 18:47:32
10439,2.208699,N/A,N/A,5.00e-05,69645.48,175980544,N/A,2025-06-07 18:47:32
10440,1.924043,N/A,N/A,5.00e-05,68385.50,175996928,0.9806,2025-06-07 18:47:33
10441,2.102619,N/A,N/A,5.00e-05,68408.40,176013312,N/A,2025-06-07 18:47:33
10442,1.918109,N/A,N/A,5.00e-05,68195.29,176029696,N/A,2025-06-07 18:47:33
10443,2.740067,N/A,N/A,5.00e-05,67939.22,176046080,N/A,2025-06-07 18:47:34
10444,1.417305,N/A,N/A,5.00e-05,67817.48,176062464,N/A,2025-06-07 18:47:34
10445,2.726766,N/A,N/A,5.00e-05,67998.09,176078848,N/A,2025-06-07 18:47:34
10446,1.787946,N/A,N/A,5.00e-05,68208.45,176095232,N/A,2025-06-07 18:47:34
10447,1.882518,N/A,N/A,5.00e-05,68385.52,176111616,N/A,2025-06-07 18:47:35
10448,2.693478,N/A,N/A,5.00e-05,68411.69,176128000,N/A,2025-06-07 18:47:35
10449,2.659276,N/A,N/A,5.00e-05,69623.85,176144384,N/A,2025-06-07 18:47:35
10450,2.805022,N/A,N/A,5.00e-05,68236.13,176160768,0.9388,2025-06-07 18:47:35
10451,3.286775,N/A,N/A,5.00e-05,68436.82,176177152,N/A,2025-06-07 18:47:36
10452,2.284854,N/A,N/A,5.00e-05,68728.28,176193536,N/A,2025-06-07 18:47:36
10453,2.068957,N/A,N/A,5.00e-05,69067.09,176209920,N/A,2025-06-07 18:47:36
10454,2.167393,N/A,N/A,5.00e-05,69275.73,176226304,N/A,2025-06-07 18:47:36
10455,2.131960,N/A,N/A,5.00e-05,69039.38,176242688,N/A,2025-06-07 18:47:37
10456,2.813704,N/A,N/A,5.00e-05,69156.30,176259072,N/A,2025-06-07 18:47:37
10457,1.529472,N/A,N/A,5.00e-05,69403.24,176275456,N/A,2025-06-07 18:47:37
10458,1.825382,N/A,N/A,5.00e-05,69739.05,176291840,N/A,2025-06-07 18:47:37
10459,2.242746,N/A,N/A,5.00e-05,71219.35,176308224,N/A,2025-06-07 18:47:38
10460,2.384641,N/A,N/A,5.00e-05,69940.26,176324608,0.7840,2025-06-07 18:47:38
10461,2.180040,N/A,N/A,5.00e-05,69851.42,176340992,N/A,2025-06-07 18:47:38
10462,1.356368,N/A,N/A,5.00e-05,69715.74,176357376,N/A,2025-06-07 18:47:39
10463,2.012810,N/A,N/A,5.00e-05,69328.65,176373760,N/A,2025-06-07 18:47:39
10464,2.105980,N/A,N/A,5.00e-05,69165.34,176390144,N/A,2025-06-07 18:47:39
10465,2.513704,N/A,N/A,5.00e-05,69008.93,176406528,N/A,2025-06-07 18:47:39
10466,1.345660,N/A,N/A,5.00e-05,69123.32,176422912,N/A,2025-06-07 18:47:40
10467,2.738422,N/A,N/A,5.00e-05,69140.65,176439296,N/A,2025-06-07 18:47:40
10468,1.492413,N/A,N/A,5.00e-05,69190.19,176455680,N/A,2025-06-07 18:47:40
10469,2.194462,N/A,N/A,5.00e-05,70401.00,176472064,N/A,2025-06-07 18:47:40
10470,2.311650,N/A,N/A,5.00e-05,69038.03,176488448,0.8769,2025-06-07 18:47:41
10471,2.513283,N/A,N/A,5.00e-05,68528.30,176504832,N/A,2025-06-07 18:47:41
10472,2.442422,N/A,N/A,5.00e-05,68581.72,176521216,N/A,2025-06-07 18:47:41
10473,2.584548,N/A,N/A,5.00e-05,68932.21,176537600,N/A,2025-06-07 18:47:41
10474,2.237217,N/A,N/A,5.00e-05,69100.73,176553984,N/A,2025-06-07 18:47:42
10475,1.928814,N/A,N/A,5.00e-05,68604.83,176570368,N/A,2025-06-07 18:47:42
10476,2.223912,N/A,N/A,5.00e-05,68222.47,176586752,N/A,2025-06-07 18:47:42
10477,1.804848,N/A,N/A,5.00e-05,67916.32,176603136,N/A,2025-06-07 18:47:43
10478,2.708086,N/A,N/A,5.00e-05,67853.78,176619520,N/A,2025-06-07 18:47:43
10479,1.707224,N/A,N/A,5.00e-05,69135.96,176635904,N/A,2025-06-07 18:47:43
10480,2.183844,N/A,N/A,5.00e-05,68324.26,176652288,0.6893,2025-06-07 18:47:43
10481,1.894506,N/A,N/A,5.00e-05,68349.87,176668672,N/A,2025-06-07 18:47:44
10482,2.156930,N/A,N/A,5.00e-05,68517.73,176685056,N/A,2025-06-07 18:47:44
10483,2.389421,N/A,N/A,5.00e-05,68607.63,176701440,N/A,2025-06-07 18:47:44
10484,2.714927,N/A,N/A,5.00e-05,68573.68,176717824,N/A,2025-06-07 18:47:44
10485,2.112641,N/A,N/A,5.00e-05,68724.34,176734208,N/A,2025-06-07 18:47:45
10486,2.326371,N/A,N/A,5.00e-05,68966.34,176750592,N/A,2025-06-07 18:47:45
10487,2.656773,N/A,N/A,5.00e-05,68756.66,176766976,N/A,2025-06-07 18:47:45
10488,1.735908,N/A,N/A,5.00e-05,68659.60,176783360,N/A,2025-06-07 18:47:45
10489,3.112815,N/A,N/A,5.00e-05,69811.36,176799744,N/A,2025-06-07 18:47:46
10490,2.198385,N/A,N/A,5.00e-05,68658.81,176816128,1.0000,2025-06-07 18:47:46
10491,3.224231,N/A,N/A,5.00e-05,67963.30,176832512,N/A,2025-06-07 18:47:46
10492,1.984580,N/A,N/A,5.00e-05,67464.91,176848896,N/A,2025-06-07 18:47:47
10493,1.415596,N/A,N/A,5.00e-05,67858.70,176865280,N/A,2025-06-07 18:47:47
10494,1.086088,N/A,N/A,5.00e-05,68113.01,176881664,N/A,2025-06-07 18:47:47
10495,2.095312,N/A,N/A,5.00e-05,68132.61,176898048,N/A,2025-06-07 18:47:47
10496,3.267315,N/A,N/A,5.00e-05,68563.78,176914432,N/A,2025-06-07 18:47:48
10497,2.848747,N/A,N/A,5.00e-05,68812.96,176930816,N/A,2025-06-07 18:47:48
10498,2.169602,N/A,N/A,5.00e-05,68596.60,176947200,N/A,2025-06-07 18:47:48
10499,2.181995,N/A,N/A,5.00e-05,69680.99,176963584,N/A,2025-06-07 18:47:48
10500,2.606334,N/A,N/A,5.00e-05,68151.35,176979968,0.7482,2025-06-07 18:47:49
10501,2.776838,N/A,N/A,5.00e-05,62159.99,176996352,N/A,2025-06-07 18:57:41
10502,3.060258,N/A,N/A,5.00e-05,62562.39,177012736,N/A,2025-06-07 18:57:41
10503,2.211398,N/A,N/A,5.00e-05,62673.96,177029120,N/A,2025-06-07 18:57:41
10504,2.554327,N/A,N/A,5.00e-05,62586.56,177045504,N/A,2025-06-07 18:57:42
10505,1.453850,N/A,N/A,5.00e-05,62617.35,177061888,N/A,2025-06-07 18:57:42
10506,1.542519,N/A,N/A,5.00e-05,62520.97,177078272,N/A,2025-06-07 18:57:42
10507,2.269843,N/A,N/A,5.00e-05,62775.54,177094656,N/A,2025-06-07 18:57:42
10508,2.269361,N/A,N/A,5.00e-05,62984.95,177111040,N/A,2025-06-07 18:57:43
10509,2.959940,N/A,N/A,5.00e-05,63179.58,177127424,N/A,2025-06-07 18:57:43
10510,1.616781,N/A,N/A,5.00e-05,72432.31,177143808,0.8878,2025-06-07 18:57:43
10511,2.892565,N/A,N/A,5.00e-05,72536.46,177160192,N/A,2025-06-07 18:57:43
10512,1.530097,N/A,N/A,5.00e-05,72445.42,177176576,N/A,2025-06-07 18:57:44
10513,2.955525,N/A,N/A,5.00e-05,72508.68,177192960,N/A,2025-06-07 18:57:44
10514,1.744643,N/A,N/A,5.00e-05,72393.79,177209344,N/A,2025-06-07 18:57:44
10515,1.750831,N/A,N/A,5.00e-05,72374.15,177225728,N/A,2025-06-07 18:57:44
10516,1.829323,N/A,N/A,5.00e-05,71913.75,177242112,N/A,2025-06-07 18:57:45
10517,1.966197,N/A,N/A,5.00e-05,71616.18,177258496,N/A,2025-06-07 18:57:45
10518,1.911574,N/A,N/A,5.00e-05,71570.68,177274880,N/A,2025-06-07 18:57:45
10519,2.288235,N/A,N/A,5.00e-05,73868.22,177291264,N/A,2025-06-07 18:57:45
10520,2.003025,N/A,N/A,5.00e-05,72401.71,177307648,1.0000,2025-06-07 18:57:46
10521,2.401725,N/A,N/A,5.00e-05,72339.54,177324032,N/A,2025-06-07 18:57:46
10522,3.186855,N/A,N/A,5.00e-05,72234.58,177340416,N/A,2025-06-07 18:57:46
10523,2.386883,N/A,N/A,5.00e-05,72008.14,177356800,N/A,2025-06-07 18:57:46
10524,1.880381,N/A,N/A,5.00e-05,72445.15,177373184,N/A,2025-06-07 18:57:47
10525,2.901255,N/A,N/A,5.00e-05,72183.26,177389568,N/A,2025-06-07 18:57:47
10526,2.232496,N/A,N/A,5.00e-05,72273.09,177405952,N/A,2025-06-07 18:57:47
10527,2.478433,N/A,N/A,5.00e-05,72773.92,177422336,N/A,2025-06-07 18:57:47
10528,2.640391,N/A,N/A,5.00e-05,72759.57,177438720,N/A,2025-06-07 18:57:48
10529,2.941957,N/A,N/A,5.00e-05,74109.32,177455104,N/A,2025-06-07 18:57:48
10530,2.489916,N/A,N/A,5.00e-05,72679.86,177471488,0.9629,2025-06-07 18:57:48
10531,1.812736,N/A,N/A,5.00e-05,72841.14,177487872,N/A,2025-06-07 18:57:48
10532,2.018433,N/A,N/A,5.00e-05,72939.06,177504256,N/A,2025-06-07 18:57:49
10533,1.991045,N/A,N/A,5.00e-05,72421.57,177520640,N/A,2025-06-07 18:57:49
10534,2.414316,N/A,N/A,5.00e-05,73192.41,177537024,N/A,2025-06-07 18:57:49
10535,2.460015,N/A,N/A,5.00e-05,72859.08,177553408,N/A,2025-06-07 18:57:49
10536,2.094806,N/A,N/A,5.00e-05,72599.21,177569792,N/A,2025-06-07 18:57:50
10537,2.696308,N/A,N/A,5.00e-05,72485.76,177586176,N/A,2025-06-07 18:57:50
10538,1.847506,N/A,N/A,5.00e-05,72398.26,177602560,N/A,2025-06-07 18:57:50
10539,2.469306,N/A,N/A,5.00e-05,73578.01,177618944,N/A,2025-06-07 18:57:50
10540,2.117602,N/A,N/A,5.00e-05,72166.52,177635328,0.8619,2025-06-07 18:57:51
10541,2.139119,N/A,N/A,5.00e-05,72306.86,177651712,N/A,2025-06-07 18:57:51
10542,1.994608,N/A,N/A,5.00e-05,72521.73,177668096,N/A,2025-06-07 18:57:51
10543,1.613981,N/A,N/A,5.00e-05,72068.60,177684480,N/A,2025-06-07 18:57:51
10544,3.116718,N/A,N/A,5.00e-05,72319.01,177700864,N/A,2025-06-07 18:57:52
10545,1.667309,N/A,N/A,5.00e-05,72111.18,177717248,N/A,2025-06-07 18:57:52
10546,1.907314,N/A,N/A,5.00e-05,71973.54,177733632,N/A,2025-06-07 18:57:52
10547,2.693065,N/A,N/A,5.00e-05,71972.66,177750016,N/A,2025-06-07 18:57:52
10548,2.982750,N/A,N/A,5.00e-05,72369.95,177766400,N/A,2025-06-07 18:57:53
10549,1.663250,N/A,N/A,5.00e-05,73628.64,177782784,N/A,2025-06-07 18:57:53
10550,1.492746,N/A,N/A,5.00e-05,72397.26,177799168,0.7723,2025-06-07 18:57:53
10551,2.433949,N/A,N/A,5.00e-05,72313.33,177815552,N/A,2025-06-07 18:57:53
10552,2.846601,N/A,N/A,5.00e-05,72399.47,177831936,N/A,2025-06-07 18:57:54
10553,1.652476,N/A,N/A,5.00e-05,72535.23,177848320,N/A,2025-06-07 18:57:54
10554,2.213973,N/A,N/A,5.00e-05,72753.47,177864704,N/A,2025-06-07 18:57:54
10555,2.547657,N/A,N/A,5.00e-05,72978.07,177881088,N/A,2025-06-07 18:57:54
10556,2.272141,N/A,N/A,5.00e-05,73638.96,177897472,N/A,2025-06-07 18:57:55
10557,3.574184,N/A,N/A,5.00e-05,73491.19,177913856,N/A,2025-06-07 18:57:55
10558,2.223698,N/A,N/A,5.00e-05,73623.86,177930240,N/A,2025-06-07 18:57:55
10559,2.232736,N/A,N/A,5.00e-05,74630.45,177946624,N/A,2025-06-07 18:57:55
10560,2.368355,N/A,N/A,5.00e-05,71893.96,177963008,0.8303,2025-06-07 18:57:56
10561,1.976741,N/A,N/A,5.00e-05,72704.10,177979392,N/A,2025-06-07 18:57:56
10562,2.153583,N/A,N/A,5.00e-05,72879.43,177995776,N/A,2025-06-07 18:57:56
10563,2.067652,N/A,N/A,5.00e-05,72730.35,178012160,N/A,2025-06-07 18:57:56
10564,2.338974,N/A,N/A,5.00e-05,72659.49,178028544,N/A,2025-06-07 18:57:57
10565,2.757258,N/A,N/A,5.00e-05,72050.19,178044928,N/A,2025-06-07 18:57:57
10566,2.463596,N/A,N/A,5.00e-05,72160.37,178061312,N/A,2025-06-07 18:57:57
10567,1.952094,N/A,N/A,5.00e-05,72182.04,178077696,N/A,2025-06-07 18:57:57
10568,2.294208,N/A,N/A,5.00e-05,72456.27,178094080,N/A,2025-06-07 18:57:58
10569,2.602260,N/A,N/A,5.00e-05,75128.10,178110464,N/A,2025-06-07 18:57:58
10570,1.877311,N/A,N/A,5.00e-05,72571.48,178126848,0.8373,2025-06-07 18:57:58
10571,1.143239,N/A,N/A,5.00e-05,72238.82,178143232,N/A,2025-06-07 18:57:58
10572,1.908969,N/A,N/A,5.00e-05,72388.72,178159616,N/A,2025-06-07 18:57:59
10573,2.059618,N/A,N/A,5.00e-05,72661.65,178176000,N/A,2025-06-07 18:57:59
10574,1.860411,N/A,N/A,5.00e-05,72820.28,178192384,N/A,2025-06-07 18:57:59
10575,1.754112,N/A,N/A,5.00e-05,72916.01,178208768,N/A,2025-06-07 18:57:59
10576,3.094094,N/A,N/A,5.00e-05,73172.28,178225152,N/A,2025-06-07 18:58:00
10577,2.445695,N/A,N/A,5.00e-05,73267.27,178241536,N/A,2025-06-07 18:58:00
10578,2.158758,N/A,N/A,5.00e-05,73628.22,178257920,N/A,2025-06-07 18:58:00
10579,2.385808,N/A,N/A,5.00e-05,75529.55,178274304,N/A,2025-06-07 18:58:00
10580,1.966307,N/A,N/A,5.00e-05,73803.28,178290688,0.9633,2025-06-07 18:58:01
10581,2.948343,N/A,N/A,5.00e-05,73878.97,178307072,N/A,2025-06-07 18:58:01
10582,3.137977,N/A,N/A,5.00e-05,73785.19,178323456,N/A,2025-06-07 18:58:01
10583,2.013626,N/A,N/A,5.00e-05,73689.79,178339840,N/A,2025-06-07 18:58:01
10584,2.816243,N/A,N/A,5.00e-05,73498.93,178356224,N/A,2025-06-07 18:58:02
10585,1.659976,N/A,N/A,5.00e-05,73232.57,178372608,N/A,2025-06-07 18:58:02
10586,2.843523,N/A,N/A,5.00e-05,73099.45,178388992,N/A,2025-06-07 18:58:02
10587,2.191795,N/A,N/A,5.00e-05,72850.22,178405376,N/A,2025-06-07 18:58:02
10588,1.581038,N/A,N/A,5.00e-05,72710.37,178421760,N/A,2025-06-07 18:58:03
10589,2.166824,N/A,N/A,5.00e-05,74252.27,178438144,N/A,2025-06-07 18:58:03
10590,2.116205,N/A,N/A,5.00e-05,72017.19,178454528,0.7847,2025-06-07 18:58:03
10591,2.258008,N/A,N/A,5.00e-05,71720.69,178470912,N/A,2025-06-07 18:58:03
10592,2.117143,N/A,N/A,5.00e-05,71627.89,178487296,N/A,2025-06-07 18:58:04
10593,2.908751,N/A,N/A,5.00e-05,71303.48,178503680,N/A,2025-06-07 18:58:04
10594,2.014041,N/A,N/A,5.00e-05,71063.21,178520064,N/A,2025-06-07 18:58:04
10595,1.846597,N/A,N/A,5.00e-05,71098.04,178536448,N/A,2025-06-07 18:58:04
10596,2.594913,N/A,N/A,5.00e-05,71337.91,178552832,N/A,2025-06-07 18:58:05
10597,1.473643,N/A,N/A,5.00e-05,71171.24,178569216,N/A,2025-06-07 18:58:05
10598,1.843419,N/A,N/A,5.00e-05,71377.33,178585600,N/A,2025-06-07 18:58:05
10599,3.438251,N/A,N/A,5.00e-05,73809.74,178601984,N/A,2025-06-07 18:58:05
10600,2.074113,N/A,N/A,5.00e-05,72798.35,178618368,1.0000,2025-06-07 18:58:06
10601,2.238374,N/A,N/A,5.00e-05,62519.11,178634752,N/A,2025-06-07 18:58:06
10602,1.554799,N/A,N/A,5.00e-05,62732.84,178651136,N/A,2025-06-07 18:58:07
10603,4.102145,N/A,N/A,5.00e-05,62654.00,178667520,N/A,2025-06-07 18:58:07
10604,2.612392,N/A,N/A,5.00e-05,62853.22,178683904,N/A,2025-06-07 18:58:07
10605,2.362803,N/A,N/A,5.00e-05,62717.23,178700288,N/A,2025-06-07 18:58:07
10606,3.069168,N/A,N/A,5.00e-05,62598.50,178716672,N/A,2025-06-07 18:58:08
10607,1.579531,N/A,N/A,5.00e-05,62486.71,178733056,N/A,2025-06-07 18:58:08
10608,3.099291,N/A,N/A,5.00e-05,62121.24,178749440,N/A,2025-06-07 18:58:08
10609,1.481722,N/A,N/A,5.00e-05,62760.31,178765824,N/A,2025-06-07 18:58:08
10610,2.095124,N/A,N/A,5.00e-05,71762.97,178782208,0.8095,2025-06-07 18:58:09
10611,1.850186,N/A,N/A,5.00e-05,71967.68,178798592,N/A,2025-06-07 18:58:09
10612,3.133907,N/A,N/A,5.00e-05,72425.44,178814976,N/A,2025-06-07 18:58:09
10613,2.393251,N/A,N/A,5.00e-05,72189.88,178831360,N/A,2025-06-07 18:58:09
10614,1.970139,N/A,N/A,5.00e-05,72154.02,178847744,N/A,2025-06-07 18:58:10
10615,2.391247,N/A,N/A,5.00e-05,72327.42,178864128,N/A,2025-06-07 18:58:10
10616,2.579590,N/A,N/A,5.00e-05,72231.34,178880512,N/A,2025-06-07 18:58:10
10617,2.226155,N/A,N/A,5.00e-05,72120.10,178896896,N/A,2025-06-07 18:58:10
10618,1.937659,N/A,N/A,5.00e-05,72374.06,178913280,N/A,2025-06-07 18:58:11
10619,2.778373,N/A,N/A,5.00e-05,73187.91,178929664,N/A,2025-06-07 18:58:11
10620,2.118335,N/A,N/A,5.00e-05,71760.53,178946048,1.0000,2025-06-07 18:58:11
10621,2.513037,N/A,N/A,5.00e-05,71425.89,178962432,N/A,2025-06-07 18:58:11
10622,1.747759,N/A,N/A,5.00e-05,71348.11,178978816,N/A,2025-06-07 18:58:12
10623,2.495538,N/A,N/A,5.00e-05,71307.84,178995200,N/A,2025-06-07 18:58:12
10624,2.373240,N/A,N/A,5.00e-05,71179.14,179011584,N/A,2025-06-07 18:58:12
10625,3.251493,N/A,N/A,5.00e-05,71226.57,179027968,N/A,2025-06-07 18:58:12
10626,2.025056,N/A,N/A,5.00e-05,71334.71,179044352,N/A,2025-06-07 18:58:13
10627,2.359502,N/A,N/A,5.00e-05,71070.08,179060736,N/A,2025-06-07 18:58:13
10628,1.746896,N/A,N/A,5.00e-05,71767.25,179077120,N/A,2025-06-07 18:58:13
10629,2.323765,N/A,N/A,5.00e-05,73297.72,179093504,N/A,2025-06-07 18:58:13
10630,1.794197,N/A,N/A,5.00e-05,72109.14,179109888,0.7451,2025-06-07 18:58:14
10631,1.717495,N/A,N/A,5.00e-05,72071.92,179126272,N/A,2025-06-07 18:58:14
10632,3.100403,N/A,N/A,5.00e-05,72719.91,179142656,N/A,2025-06-07 18:58:14
10633,2.461775,N/A,N/A,5.00e-05,73133.68,179159040,N/A,2025-06-07 18:58:14
10634,1.842774,N/A,N/A,5.00e-05,73558.33,179175424,N/A,2025-06-07 18:58:15
10635,1.849499,N/A,N/A,5.00e-05,73688.74,179191808,N/A,2025-06-07 18:58:15
10636,1.392924,N/A,N/A,5.00e-05,73914.33,179208192,N/A,2025-06-07 18:58:15
10637,2.862620,N/A,N/A,5.00e-05,74072.97,179224576,N/A,2025-06-07 18:58:15
10638,1.647769,N/A,N/A,5.00e-05,74396.01,179240960,N/A,2025-06-07 18:58:16
10639,2.489360,N/A,N/A,5.00e-05,75820.86,179257344,N/A,2025-06-07 18:58:16
10640,2.179457,N/A,N/A,5.00e-05,74612.17,179273728,0.9525,2025-06-07 18:58:16
10641,2.277337,N/A,N/A,5.00e-05,73882.81,179290112,N/A,2025-06-07 18:58:16
10642,1.986859,N/A,N/A,5.00e-05,73672.07,179306496,N/A,2025-06-07 18:58:17
10643,1.902020,N/A,N/A,5.00e-05,73394.47,179322880,N/A,2025-06-07 18:58:17
10644,2.406556,N/A,N/A,5.00e-05,72453.61,179339264,N/A,2025-06-07 18:58:17
10645,1.693482,N/A,N/A,5.00e-05,72316.69,179355648,N/A,2025-06-07 18:58:17
10646,2.064149,N/A,N/A,5.00e-05,72280.11,179372032,N/A,2025-06-07 18:58:18
10647,2.311810,N/A,N/A,5.00e-05,71392.90,179388416,N/A,2025-06-07 18:58:18
10648,2.987691,N/A,N/A,5.00e-05,71214.02,179404800,N/A,2025-06-07 18:58:18
10649,2.245444,N/A,N/A,5.00e-05,72221.48,179421184,N/A,2025-06-07 18:58:18
10650,2.419922,N/A,N/A,5.00e-05,71026.04,179437568,1.0000,2025-06-07 18:58:19
10651,2.478901,N/A,N/A,5.00e-05,71008.95,179453952,N/A,2025-06-07 18:58:19
10652,1.271701,N/A,N/A,5.00e-05,70731.16,179470336,N/A,2025-06-07 18:58:19
10653,1.900125,N/A,N/A,5.00e-05,71880.58,179486720,N/A,2025-06-07 18:58:19
10654,2.232222,N/A,N/A,5.00e-05,72013.58,179503104,N/A,2025-06-07 18:58:20
10655,1.837251,N/A,N/A,5.00e-05,71743.65,179519488,N/A,2025-06-07 18:58:20
10656,1.539043,N/A,N/A,5.00e-05,72390.71,179535872,N/A,2025-06-07 18:58:20
10657,1.478421,N/A,N/A,5.00e-05,72640.57,179552256,N/A,2025-06-07 18:58:20
10658,1.951610,N/A,N/A,5.00e-05,72670.23,179568640,N/A,2025-06-07 18:58:21
10659,2.022191,N/A,N/A,5.00e-05,73860.94,179585024,N/A,2025-06-07 18:58:21
10660,2.728520,N/A,N/A,5.00e-05,71863.18,179601408,1.0000,2025-06-07 18:58:21
10661,2.794367,N/A,N/A,5.00e-05,72212.68,179617792,N/A,2025-06-07 18:58:21
10662,2.285758,N/A,N/A,5.00e-05,71582.74,179634176,N/A,2025-06-07 18:58:22
10663,2.440944,N/A,N/A,5.00e-05,71381.97,179650560,N/A,2025-06-07 18:58:22
10664,3.321731,N/A,N/A,5.00e-05,71478.26,179666944,N/A,2025-06-07 18:58:22
10665,2.673460,N/A,N/A,5.00e-05,71123.71,179683328,N/A,2025-06-07 18:58:22
10666,3.000609,N/A,N/A,5.00e-05,70658.98,179699712,N/A,2025-06-07 18:58:23
10667,1.905942,N/A,N/A,5.00e-05,70748.79,179716096,N/A,2025-06-07 18:58:23
10668,2.435570,N/A,N/A,5.00e-05,70972.70,179732480,N/A,2025-06-07 18:58:23
10669,1.643792,N/A,N/A,5.00e-05,72950.91,179748864,N/A,2025-06-07 18:58:23
10670,1.707802,N/A,N/A,5.00e-05,71418.94,179765248,0.8763,2025-06-07 18:58:24
10671,3.032373,N/A,N/A,5.00e-05,71787.42,179781632,N/A,2025-06-07 18:58:24
10672,2.889352,N/A,N/A,5.00e-05,72077.96,179798016,N/A,2025-06-07 18:58:24
10673,3.440576,N/A,N/A,5.00e-05,72062.81,179814400,N/A,2025-06-07 18:58:24
10674,2.768544,N/A,N/A,5.00e-05,72056.38,179830784,N/A,2025-06-07 18:58:25
10675,2.116880,N/A,N/A,5.00e-05,72471.23,179847168,N/A,2025-06-07 18:58:25
10676,1.775429,N/A,N/A,5.00e-05,72856.08,179863552,N/A,2025-06-07 18:58:25
10677,1.833001,N/A,N/A,5.00e-05,72422.82,179879936,N/A,2025-06-07 18:58:25
10678,2.881787,N/A,N/A,5.00e-05,72376.62,179896320,N/A,2025-06-07 18:58:26
10679,2.400676,N/A,N/A,5.00e-05,73947.89,179912704,N/A,2025-06-07 18:58:26
10680,2.355814,N/A,N/A,5.00e-05,72383.24,179929088,0.7026,2025-06-07 18:58:26
10681,2.050927,N/A,N/A,5.00e-05,72285.60,179945472,N/A,2025-06-07 18:58:26
10682,2.361337,N/A,N/A,5.00e-05,72247.31,179961856,N/A,2025-06-07 18:58:27
10683,2.341127,N/A,N/A,5.00e-05,72449.68,179978240,N/A,2025-06-07 18:58:27
10684,2.011251,N/A,N/A,5.00e-05,72405.95,179994624,N/A,2025-06-07 18:58:27
10685,2.437556,N/A,N/A,5.00e-05,71840.17,180011008,N/A,2025-06-07 18:58:27
10686,3.043239,N/A,N/A,5.00e-05,72205.90,180027392,N/A,2025-06-07 18:58:28
10687,2.875443,N/A,N/A,5.00e-05,71489.98,180043776,N/A,2025-06-07 18:58:28
10688,2.088351,N/A,N/A,5.00e-05,71313.98,180060160,N/A,2025-06-07 18:58:28
10689,2.595371,N/A,N/A,5.00e-05,72529.34,180076544,N/A,2025-06-07 18:58:28
10690,1.552604,N/A,N/A,5.00e-05,70641.19,180092928,0.9747,2025-06-07 18:58:29
10691,2.153469,N/A,N/A,5.00e-05,70247.03,180109312,N/A,2025-06-07 18:58:29
10692,2.127728,N/A,N/A,5.00e-05,69908.37,180125696,N/A,2025-06-07 18:58:29
10693,2.219721,N/A,N/A,5.00e-05,69828.46,180142080,N/A,2025-06-07 18:58:30
10694,2.150208,N/A,N/A,5.00e-05,70070.63,180158464,N/A,2025-06-07 18:58:30
10695,2.235048,N/A,N/A,5.00e-05,70282.33,180174848,N/A,2025-06-07 18:58:30
10696,1.727761,N/A,N/A,5.00e-05,71012.97,180191232,N/A,2025-06-07 18:58:30
10697,2.570928,N/A,N/A,5.00e-05,71348.56,180207616,N/A,2025-06-07 18:58:30
10698,3.640967,N/A,N/A,5.00e-05,71600.62,180224000,N/A,2025-06-07 18:58:31
10699,2.871327,N/A,N/A,5.00e-05,73489.76,180240384,N/A,2025-06-07 18:58:31
10700,1.551770,N/A,N/A,5.00e-05,72987.75,180256768,0.8224,2025-06-07 18:58:31
10701,2.850279,N/A,N/A,5.00e-05,64252.93,180273152,N/A,2025-06-07 19:04:42
10702,2.368701,N/A,N/A,5.00e-05,64200.26,180289536,N/A,2025-06-07 19:04:42
10703,3.238122,N/A,N/A,5.00e-05,64040.52,180305920,N/A,2025-06-07 19:04:42
10704,1.964084,N/A,N/A,5.00e-05,63434.18,180322304,N/A,2025-06-07 19:04:42
10705,2.911915,N/A,N/A,5.00e-05,63420.49,180338688,N/A,2025-06-07 19:04:43
10706,2.661596,N/A,N/A,5.00e-05,63127.98,180355072,N/A,2025-06-07 19:04:43
10707,2.073151,N/A,N/A,5.00e-05,63022.21,180371456,N/A,2025-06-07 19:04:43
10708,3.074941,N/A,N/A,5.00e-05,63065.17,180387840,N/A,2025-06-07 19:04:43
10709,3.220220,N/A,N/A,5.00e-05,64278.46,180404224,N/A,2025-06-07 19:04:43
10710,2.550732,N/A,N/A,5.00e-05,72975.22,180420608,1.0000,2025-06-07 19:04:44
10711,2.387733,N/A,N/A,5.00e-05,72936.16,180436992,N/A,2025-06-07 19:04:44
10712,3.212037,N/A,N/A,5.00e-05,72959.92,180453376,N/A,2025-06-07 19:04:44
10713,3.233745,N/A,N/A,5.00e-05,72777.08,180469760,N/A,2025-06-07 19:04:45
10714,2.018727,N/A,N/A,5.00e-05,73012.20,180486144,N/A,2025-06-07 19:04:45
10715,3.204462,N/A,N/A,5.00e-05,73325.12,180502528,N/A,2025-06-07 19:04:45
10716,2.265680,N/A,N/A,5.00e-05,73832.99,180518912,N/A,2025-06-07 19:04:45
10717,2.216779,N/A,N/A,5.00e-05,73564.78,180535296,N/A,2025-06-07 19:04:45
10718,3.051035,N/A,N/A,5.00e-05,73278.72,180551680,N/A,2025-06-07 19:04:46
10719,2.107416,N/A,N/A,5.00e-05,74708.85,180568064,N/A,2025-06-07 19:04:46
10720,1.827651,N/A,N/A,5.00e-05,73470.79,180584448,0.8886,2025-06-07 19:04:46
10721,2.495237,N/A,N/A,5.00e-05,73226.07,180600832,N/A,2025-06-07 19:04:47
10722,2.580338,N/A,N/A,5.00e-05,73346.99,180617216,N/A,2025-06-07 19:04:47
10723,1.761932,N/A,N/A,5.00e-05,73478.23,180633600,N/A,2025-06-07 19:04:47
10724,2.970214,N/A,N/A,5.00e-05,73641.60,180649984,N/A,2025-06-07 19:04:47
10725,1.762619,N/A,N/A,5.00e-05,73248.46,180666368,N/A,2025-06-07 19:04:47
10726,1.786247,N/A,N/A,5.00e-05,73563.68,180682752,N/A,2025-06-07 19:04:48
10727,2.725732,N/A,N/A,5.00e-05,73623.39,180699136,N/A,2025-06-07 19:04:48
10728,2.680447,N/A,N/A,5.00e-05,73435.94,180715520,N/A,2025-06-07 19:04:48
10729,3.029040,N/A,N/A,5.00e-05,74559.77,180731904,N/A,2025-06-07 19:04:48
10730,2.581519,N/A,N/A,5.00e-05,73186.08,180748288,0.7884,2025-06-07 19:04:49
10731,2.530144,N/A,N/A,5.00e-05,73015.34,180764672,N/A,2025-06-07 19:04:49
10732,2.567392,N/A,N/A,5.00e-05,72755.96,180781056,N/A,2025-06-07 19:04:49
10733,2.267748,N/A,N/A,5.00e-05,72498.92,180797440,N/A,2025-06-07 19:04:49
10734,2.710394,N/A,N/A,5.00e-05,72169.26,180813824,N/A,2025-06-07 19:04:50
10735,3.152287,N/A,N/A,5.00e-05,72104.15,180830208,N/A,2025-06-07 19:04:50
10736,1.928548,N/A,N/A,5.00e-05,72091.05,180846592,N/A,2025-06-07 19:04:50
10737,2.795547,N/A,N/A,5.00e-05,72208.13,180862976,N/A,2025-06-07 19:04:50
10738,3.104107,N/A,N/A,5.00e-05,72592.45,180879360,N/A,2025-06-07 19:04:51
10739,2.676125,N/A,N/A,5.00e-05,74161.29,180895744,N/A,2025-06-07 19:04:51
10740,1.921958,N/A,N/A,5.00e-05,72990.66,180912128,1.0000,2025-06-07 19:04:51
10741,2.064932,N/A,N/A,5.00e-05,72863.93,180928512,N/A,2025-06-07 19:04:51
10742,2.180068,N/A,N/A,5.00e-05,73037.43,180944896,N/A,2025-06-07 19:04:52
10743,2.399860,N/A,N/A,5.00e-05,73013.37,180961280,N/A,2025-06-07 19:04:52
10744,2.262936,N/A,N/A,5.00e-05,73119.11,180977664,N/A,2025-06-07 19:04:52
10745,2.463897,N/A,N/A,5.00e-05,73354.85,180994048,N/A,2025-06-07 19:04:52
10746,3.317575,N/A,N/A,5.00e-05,73567.27,181010432,N/A,2025-06-07 19:04:53
10747,3.252015,N/A,N/A,5.00e-05,73316.46,181026816,N/A,2025-06-07 19:04:53
10748,3.080973,N/A,N/A,5.00e-05,73288.35,181043200,N/A,2025-06-07 19:04:53
10749,2.048943,N/A,N/A,5.00e-05,74455.90,181059584,N/A,2025-06-07 19:04:53
10750,1.672013,N/A,N/A,5.00e-05,72990.62,181075968,0.7520,2025-06-07 19:04:54
10751,1.718793,N/A,N/A,5.00e-05,72668.37,181092352,N/A,2025-06-07 19:04:54
10752,2.025311,N/A,N/A,5.00e-05,71654.09,181108736,N/A,2025-06-07 19:04:54
10753,2.149447,N/A,N/A,5.00e-05,71523.03,181125120,N/A,2025-06-07 19:04:55
10754,2.476820,N/A,N/A,5.00e-05,70577.48,181141504,N/A,2025-06-07 19:04:55
10755,1.532007,N/A,N/A,5.00e-05,70350.55,181157888,N/A,2025-06-07 19:04:55
10756,2.329360,N/A,N/A,5.00e-05,70211.39,181174272,N/A,2025-06-07 19:04:55
10757,1.836627,N/A,N/A,5.00e-05,70270.07,181190656,N/A,2025-06-07 19:04:56
10758,1.792837,N/A,N/A,5.00e-05,70345.29,181207040,N/A,2025-06-07 19:04:56
10759,2.823931,N/A,N/A,5.00e-05,71704.72,181223424,N/A,2025-06-07 19:04:56
10760,2.104382,N/A,N/A,5.00e-05,70937.58,181239808,0.8473,2025-06-07 19:04:56
10761,2.960573,N/A,N/A,5.00e-05,72087.57,181256192,N/A,2025-06-07 19:04:57
10762,2.261386,N/A,N/A,5.00e-05,72019.53,181272576,N/A,2025-06-07 19:04:57
10763,1.916615,N/A,N/A,5.00e-05,72964.16,181288960,N/A,2025-06-07 19:04:57
10764,2.473287,N/A,N/A,5.00e-05,72771.40,181305344,N/A,2025-06-07 19:04:57
10765,2.410474,N/A,N/A,5.00e-05,72813.90,181321728,N/A,2025-06-07 19:04:58
10766,2.053183,N/A,N/A,5.00e-05,72990.71,181338112,N/A,2025-06-07 19:04:58
10767,2.874733,N/A,N/A,5.00e-05,73122.44,181354496,N/A,2025-06-07 19:04:58
10768,2.710320,N/A,N/A,5.00e-05,73167.81,181370880,N/A,2025-06-07 19:04:58
10769,2.142137,N/A,N/A,5.00e-05,74377.15,181387264,N/A,2025-06-07 19:04:59
10770,1.806354,N/A,N/A,5.00e-05,72974.84,181403648,1.0000,2025-06-07 19:04:59
10771,1.692219,N/A,N/A,5.00e-05,73153.12,181420032,N/A,2025-06-07 19:04:59
10772,1.496207,N/A,N/A,5.00e-05,73113.39,181436416,N/A,2025-06-07 19:04:59
10773,2.705695,N/A,N/A,5.00e-05,73012.50,181452800,N/A,2025-06-07 19:05:00
10774,3.311025,N/A,N/A,5.00e-05,73088.58,181469184,N/A,2025-06-07 19:05:00
10775,2.601468,N/A,N/A,5.00e-05,72494.76,181485568,N/A,2025-06-07 19:05:00
10776,2.062910,N/A,N/A,5.00e-05,72327.05,181501952,N/A,2025-06-07 19:05:00
10777,2.533570,N/A,N/A,5.00e-05,72117.90,181518336,N/A,2025-06-07 19:05:01
10778,1.926026,N/A,N/A,5.00e-05,71670.88,181534720,N/A,2025-06-07 19:05:01
10779,1.998872,N/A,N/A,5.00e-05,72720.89,181551104,N/A,2025-06-07 19:05:01
10780,2.494487,N/A,N/A,5.00e-05,70209.30,181567488,0.9216,2025-06-07 19:05:01
10781,2.239218,N/A,N/A,5.00e-05,70292.09,181583872,N/A,2025-06-07 19:05:02
10782,2.503365,N/A,N/A,5.00e-05,70412.39,181600256,N/A,2025-06-07 19:05:02
10783,2.435612,N/A,N/A,5.00e-05,70156.31,181616640,N/A,2025-06-07 19:05:02
10784,1.793516,N/A,N/A,5.00e-05,70678.38,181633024,N/A,2025-06-07 19:05:02
10785,2.943857,N/A,N/A,5.00e-05,70783.02,181649408,N/A,2025-06-07 19:05:03
10786,2.634592,N/A,N/A,5.00e-05,71033.64,181665792,N/A,2025-06-07 19:05:03
10787,2.135448,N/A,N/A,5.00e-05,71312.17,181682176,N/A,2025-06-07 19:05:03
10788,2.207703,N/A,N/A,5.00e-05,71582.79,181698560,N/A,2025-06-07 19:05:03
10789,1.523516,N/A,N/A,5.00e-05,73828.16,181714944,N/A,2025-06-07 19:05:04
10790,2.925179,N/A,N/A,5.00e-05,72127.89,181731328,0.7330,2025-06-07 19:05:04
10791,2.560974,N/A,N/A,5.00e-05,72045.66,181747712,N/A,2025-06-07 19:05:04
10792,2.259472,N/A,N/A,5.00e-05,72233.73,181764096,N/A,2025-06-07 19:05:04
10793,1.612948,N/A,N/A,5.00e-05,71533.65,181780480,N/A,2025-06-07 19:05:05
10794,2.471945,N/A,N/A,5.00e-05,71397.24,181796864,N/A,2025-06-07 19:05:05
10795,2.180426,N/A,N/A,5.00e-05,71397.82,181813248,N/A,2025-06-07 19:05:05
10796,2.444569,N/A,N/A,5.00e-05,71461.54,181829632,N/A,2025-06-07 19:05:05
10797,2.264314,N/A,N/A,5.00e-05,71452.17,181846016,N/A,2025-06-07 19:05:06
10798,2.689607,N/A,N/A,5.00e-05,71587.16,181862400,N/A,2025-06-07 19:05:06
10799,2.014490,N/A,N/A,5.00e-05,72957.06,181878784,N/A,2025-06-07 19:05:06
10800,2.380164,N/A,N/A,5.00e-05,71835.24,181895168,0.7531,2025-06-07 19:05:06
10801,2.318773,N/A,N/A,5.00e-05,61860.17,181911552,N/A,2025-06-07 19:05:07
10802,1.724101,N/A,N/A,5.00e-05,62588.59,181927936,N/A,2025-06-07 19:05:07
10803,2.608459,N/A,N/A,5.00e-05,62678.61,181944320,N/A,2025-06-07 19:05:08
10804,2.672822,N/A,N/A,5.00e-05,63291.09,181960704,N/A,2025-06-07 19:05:08
10805,1.993478,N/A,N/A,5.00e-05,63563.14,181977088,N/A,2025-06-07 19:05:08
10806,1.662173,N/A,N/A,5.00e-05,63585.67,181993472,N/A,2025-06-07 19:05:08
10807,2.100941,N/A,N/A,5.00e-05,63734.55,182009856,N/A,2025-06-07 19:05:08
10808,3.203850,N/A,N/A,5.00e-05,64020.36,182026240,N/A,2025-06-07 19:05:09
10809,2.658962,N/A,N/A,5.00e-05,65194.77,182042624,N/A,2025-06-07 19:05:09
10810,2.215250,N/A,N/A,5.00e-05,75025.40,182059008,1.0000,2025-06-07 19:05:09
10811,3.515580,N/A,N/A,5.00e-05,74945.69,182075392,N/A,2025-06-07 19:05:09
10812,2.010474,N/A,N/A,5.00e-05,74906.33,182091776,N/A,2025-06-07 19:05:10
10813,2.094408,N/A,N/A,5.00e-05,73967.22,182108160,N/A,2025-06-07 19:05:10
10814,2.319242,N/A,N/A,5.00e-05,73768.66,182124544,N/A,2025-06-07 19:05:10
10815,2.260567,N/A,N/A,5.00e-05,73324.29,182140928,N/A,2025-06-07 19:05:10
10816,3.206458,N/A,N/A,5.00e-05,73188.67,182157312,N/A,2025-06-07 19:05:11
10817,2.078007,N/A,N/A,5.00e-05,72712.15,182173696,N/A,2025-06-07 19:05:11
10818,1.559347,N/A,N/A,5.00e-05,72600.70,182190080,N/A,2025-06-07 19:05:11
10819,2.716596,N/A,N/A,5.00e-05,73840.40,182206464,N/A,2025-06-07 19:05:11
10820,1.394765,N/A,N/A,5.00e-05,72644.65,182222848,1.0000,2025-06-07 19:05:12
10821,1.537143,N/A,N/A,5.00e-05,72904.46,182239232,N/A,2025-06-07 19:05:12
10822,2.733483,N/A,N/A,5.00e-05,72885.18,182255616,N/A,2025-06-07 19:05:12
10823,2.291865,N/A,N/A,5.00e-05,72709.37,182272000,N/A,2025-06-07 19:05:12
10824,1.704416,N/A,N/A,5.00e-05,73260.19,182288384,N/A,2025-06-07 19:05:13
10825,2.269768,N/A,N/A,5.00e-05,73258.36,182304768,N/A,2025-06-07 19:05:13
10826,2.752002,N/A,N/A,5.00e-05,73514.45,182321152,N/A,2025-06-07 19:05:13
10827,2.694024,N/A,N/A,5.00e-05,73352.79,182337536,N/A,2025-06-07 19:05:13
10828,2.377344,N/A,N/A,5.00e-05,74181.35,182353920,N/A,2025-06-07 19:05:14
10829,1.790067,N/A,N/A,5.00e-05,75753.07,182370304,N/A,2025-06-07 19:05:14
10830,1.152972,N/A,N/A,5.00e-05,74107.11,182386688,0.7713,2025-06-07 19:05:14
10831,2.497450,N/A,N/A,5.00e-05,73603.27,182403072,N/A,2025-06-07 19:05:14
10832,2.246672,N/A,N/A,5.00e-05,73652.28,182419456,N/A,2025-06-07 19:05:15
10833,3.025472,N/A,N/A,5.00e-05,73485.47,182435840,N/A,2025-06-07 19:05:15
10834,2.331812,N/A,N/A,5.00e-05,73295.82,182452224,N/A,2025-06-07 19:05:15
10835,2.262745,N/A,N/A,5.00e-05,71966.38,182468608,N/A,2025-06-07 19:05:15
10836,2.046828,N/A,N/A,5.00e-05,72143.95,182484992,N/A,2025-06-07 19:05:16
10837,1.393615,N/A,N/A,5.00e-05,71613.56,182501376,N/A,2025-06-07 19:05:16
10838,2.252205,N/A,N/A,5.00e-05,71102.62,182517760,N/A,2025-06-07 19:05:16
10839,2.918425,N/A,N/A,5.00e-05,72573.39,182534144,N/A,2025-06-07 19:05:16
10840,1.887244,N/A,N/A,5.00e-05,71231.23,182550528,0.9421,2025-06-07 19:05:17
10841,2.097630,N/A,N/A,5.00e-05,71678.00,182566912,N/A,2025-06-07 19:05:17
10842,1.890420,N/A,N/A,5.00e-05,71813.66,182583296,N/A,2025-06-07 19:05:17
10843,2.350777,N/A,N/A,5.00e-05,72202.56,182599680,N/A,2025-06-07 19:05:17
10844,2.617151,N/A,N/A,5.00e-05,73483.85,182616064,N/A,2025-06-07 19:05:18
10845,1.872577,N/A,N/A,5.00e-05,73543.40,182632448,N/A,2025-06-07 19:05:18
10846,2.544066,N/A,N/A,5.00e-05,73746.28,182648832,N/A,2025-06-07 19:05:18
10847,2.672182,N/A,N/A,5.00e-05,73725.03,182665216,N/A,2025-06-07 19:05:18
10848,1.649853,N/A,N/A,5.00e-05,73371.31,182681600,N/A,2025-06-07 19:05:19
10849,1.553040,N/A,N/A,5.00e-05,75061.37,182697984,N/A,2025-06-07 19:05:19
10850,2.947206,N/A,N/A,5.00e-05,72989.33,182714368,0.7284,2025-06-07 19:05:19
10851,2.114878,N/A,N/A,5.00e-05,72882.99,182730752,N/A,2025-06-07 19:05:19
10852,1.666460,N/A,N/A,5.00e-05,72836.05,182747136,N/A,2025-06-07 19:05:20
10853,3.467720,N/A,N/A,5.00e-05,72719.51,182763520,N/A,2025-06-07 19:05:20
10854,1.779974,N/A,N/A,5.00e-05,72456.86,182779904,N/A,2025-06-07 19:05:20
10855,1.087174,N/A,N/A,5.00e-05,72056.77,182796288,N/A,2025-06-07 19:05:20
10856,1.436180,N/A,N/A,5.00e-05,72073.90,182812672,N/A,2025-06-07 19:05:21
10857,1.303883,N/A,N/A,5.00e-05,71979.36,182829056,N/A,2025-06-07 19:05:21
10858,2.220515,N/A,N/A,5.00e-05,72439.87,182845440,N/A,2025-06-07 19:05:21
10859,1.738406,N/A,N/A,5.00e-05,73783.73,182861824,N/A,2025-06-07 19:05:21
10860,2.592551,N/A,N/A,5.00e-05,72136.64,182878208,0.7785,2025-06-07 19:05:22
10861,2.912398,N/A,N/A,5.00e-05,71826.29,182894592,N/A,2025-06-07 19:05:22
10862,2.889050,N/A,N/A,5.00e-05,71792.94,182910976,N/A,2025-06-07 19:05:22
10863,2.930749,N/A,N/A,5.00e-05,71640.32,182927360,N/A,2025-06-07 19:05:22
10864,2.663936,N/A,N/A,5.00e-05,71684.30,182943744,N/A,2025-06-07 19:05:23
10865,3.175735,N/A,N/A,5.00e-05,71853.71,182960128,N/A,2025-06-07 19:05:23
10866,2.767865,N/A,N/A,5.00e-05,71968.77,182976512,N/A,2025-06-07 19:05:23
10867,2.044437,N/A,N/A,5.00e-05,71635.10,182992896,N/A,2025-06-07 19:05:23
10868,2.317436,N/A,N/A,5.00e-05,71665.99,183009280,N/A,2025-06-07 19:05:24
10869,2.145178,N/A,N/A,5.00e-05,73277.17,183025664,N/A,2025-06-07 19:05:24
10870,2.769338,N/A,N/A,5.00e-05,71996.79,183042048,0.8491,2025-06-07 19:05:24
10871,2.902315,N/A,N/A,5.00e-05,71956.82,183058432,N/A,2025-06-07 19:05:24
10872,2.437336,N/A,N/A,5.00e-05,72001.04,183074816,N/A,2025-06-07 19:05:25
10873,2.046018,N/A,N/A,5.00e-05,71990.58,183091200,N/A,2025-06-07 19:05:25
10874,2.370210,N/A,N/A,5.00e-05,71861.53,183107584,N/A,2025-06-07 19:05:25
10875,2.258100,N/A,N/A,5.00e-05,72111.83,183123968,N/A,2025-06-07 19:05:25
10876,2.165048,N/A,N/A,5.00e-05,72244.03,183140352,N/A,2025-06-07 19:05:26
10877,2.641172,N/A,N/A,5.00e-05,72616.10,183156736,N/A,2025-06-07 19:05:26
10878,2.423525,N/A,N/A,5.00e-05,72604.73,183173120,N/A,2025-06-07 19:05:26
10879,1.848393,N/A,N/A,5.00e-05,74076.24,183189504,N/A,2025-06-07 19:05:26
10880,1.722527,N/A,N/A,5.00e-05,72871.05,183205888,0.7578,2025-06-07 19:05:27
10881,1.963435,N/A,N/A,5.00e-05,73261.52,183222272,N/A,2025-06-07 19:05:27
10882,2.041283,N/A,N/A,5.00e-05,73252.93,183238656,N/A,2025-06-07 19:05:27
10883,2.685389,N/A,N/A,5.00e-05,72757.88,183255040,N/A,2025-06-07 19:05:27
10884,2.007398,N/A,N/A,5.00e-05,72685.67,183271424,N/A,2025-06-07 19:05:28
10885,2.187773,N/A,N/A,5.00e-05,72789.29,183287808,N/A,2025-06-07 19:05:28
10886,1.845791,N/A,N/A,5.00e-05,72580.17,183304192,N/A,2025-06-07 19:05:28
10887,1.645126,N/A,N/A,5.00e-05,72597.09,183320576,N/A,2025-06-07 19:05:28
10888,2.497716,N/A,N/A,5.00e-05,72502.53,183336960,N/A,2025-06-07 19:05:29
10889,2.081469,N/A,N/A,5.00e-05,73404.18,183353344,N/A,2025-06-07 19:05:29
10890,2.685748,N/A,N/A,5.00e-05,71932.96,183369728,0.7537,2025-06-07 19:05:29
10891,2.393296,N/A,N/A,5.00e-05,72182.17,183386112,N/A,2025-06-07 19:05:29
10892,2.747637,N/A,N/A,5.00e-05,72809.45,183402496,N/A,2025-06-07 19:05:30
10893,1.688306,N/A,N/A,5.00e-05,72795.02,183418880,N/A,2025-06-07 19:05:30
10894,3.280112,N/A,N/A,5.00e-05,72922.57,183435264,N/A,2025-06-07 19:05:30
10895,2.820728,N/A,N/A,5.00e-05,73176.52,183451648,N/A,2025-06-07 19:05:30
10896,2.242423,N/A,N/A,5.00e-05,73034.99,183468032,N/A,2025-06-07 19:05:31
10897,2.097579,N/A,N/A,5.00e-05,73195.76,183484416,N/A,2025-06-07 19:05:31
10898,1.710034,N/A,N/A,5.00e-05,73736.93,183500800,N/A,2025-06-07 19:05:31
10899,2.457702,N/A,N/A,5.00e-05,75193.59,183517184,N/A,2025-06-07 19:05:31
10900,2.004328,N/A,N/A,5.00e-05,73646.68,183533568,0.8770,2025-06-07 19:05:32
10901,2.457698,N/A,N/A,5.00e-05,62895.03,183549952,N/A,2025-06-07 19:05:32
10902,2.678782,N/A,N/A,5.00e-05,62843.62,183566336,N/A,2025-06-07 19:05:33
10903,2.586639,N/A,N/A,5.00e-05,62118.44,183582720,N/A,2025-06-07 19:05:33
10904,2.418098,N/A,N/A,5.00e-05,61913.24,183599104,N/A,2025-06-07 19:05:33
10905,3.507072,N/A,N/A,5.00e-05,62105.63,183615488,N/A,2025-06-07 19:05:33
10906,2.035269,N/A,N/A,5.00e-05,62217.31,183631872,N/A,2025-06-07 19:05:34
10907,2.168867,N/A,N/A,5.00e-05,62154.04,183648256,N/A,2025-06-07 19:05:34
10908,1.645482,N/A,N/A,5.00e-05,61684.14,183664640,N/A,2025-06-07 19:05:34
10909,2.186965,N/A,N/A,5.00e-05,62560.61,183681024,N/A,2025-06-07 19:05:34
10910,1.235907,N/A,N/A,5.00e-05,71779.54,183697408,0.9398,2025-06-07 19:05:35
10911,1.255357,N/A,N/A,5.00e-05,71847.20,183713792,N/A,2025-06-07 19:05:35
10912,2.347855,N/A,N/A,5.00e-05,72631.62,183730176,N/A,2025-06-07 19:05:35
10913,2.897369,N/A,N/A,5.00e-05,72496.23,183746560,N/A,2025-06-07 19:05:35
10914,2.336101,N/A,N/A,5.00e-05,72346.18,183762944,N/A,2025-06-07 19:05:36
10915,2.589845,N/A,N/A,5.00e-05,72099.68,183779328,N/A,2025-06-07 19:05:36
10916,1.858951,N/A,N/A,5.00e-05,71570.11,183795712,N/A,2025-06-07 19:05:36
10917,1.733886,N/A,N/A,5.00e-05,72153.60,183812096,N/A,2025-06-07 19:05:36
10918,2.924062,N/A,N/A,5.00e-05,72052.89,183828480,N/A,2025-06-07 19:05:37
10919,2.986284,N/A,N/A,5.00e-05,73258.12,183844864,N/A,2025-06-07 19:05:37
10920,2.976223,N/A,N/A,5.00e-05,71769.60,183861248,1.0000,2025-06-07 19:05:37
10921,2.799133,N/A,N/A,5.00e-05,71718.25,183877632,N/A,2025-06-07 19:05:37
10922,1.564970,N/A,N/A,5.00e-05,72068.33,183894016,N/A,2025-06-07 19:05:38
10923,2.485976,N/A,N/A,5.00e-05,72339.45,183910400,N/A,2025-06-07 19:05:38
10924,2.957950,N/A,N/A,5.00e-05,72454.23,183926784,N/A,2025-06-07 19:05:38
10925,1.502006,N/A,N/A,5.00e-05,73027.77,183943168,N/A,2025-06-07 19:05:38
10926,2.593803,N/A,N/A,5.00e-05,72875.19,183959552,N/A,2025-06-07 19:05:39
10927,2.496376,N/A,N/A,5.00e-05,72907.76,183975936,N/A,2025-06-07 19:05:39
10928,1.726484,N/A,N/A,5.00e-05,72928.23,183992320,N/A,2025-06-07 19:05:39
10929,2.117249,N/A,N/A,5.00e-05,74163.47,184008704,N/A,2025-06-07 19:05:39
10930,2.198339,N/A,N/A,5.00e-05,73173.65,184025088,0.8276,2025-06-07 19:05:40
10931,2.465151,N/A,N/A,5.00e-05,73534.78,184041472,N/A,2025-06-07 19:05:40
10932,2.193299,N/A,N/A,5.00e-05,72801.96,184057856,N/A,2025-06-07 19:05:40
10933,1.641564,N/A,N/A,5.00e-05,72744.74,184074240,N/A,2025-06-07 19:05:40
10934,3.092752,N/A,N/A,5.00e-05,72691.38,184090624,N/A,2025-06-07 19:05:41
10935,2.153378,N/A,N/A,5.00e-05,72818.02,184107008,N/A,2025-06-07 19:05:41
10936,2.910256,N/A,N/A,5.00e-05,72869.43,184123392,N/A,2025-06-07 19:05:41
10937,1.829447,N/A,N/A,5.00e-05,72843.10,184139776,N/A,2025-06-07 19:05:41
10938,1.622519,N/A,N/A,5.00e-05,73085.91,184156160,N/A,2025-06-07 19:05:42
10939,2.972807,N/A,N/A,5.00e-05,73923.56,184172544,N/A,2025-06-07 19:05:42
10940,2.776791,N/A,N/A,5.00e-05,71812.66,184188928,0.9544,2025-06-07 19:05:42
10941,2.222907,N/A,N/A,5.00e-05,72095.58,184205312,N/A,2025-06-07 19:05:42
10942,2.421861,N/A,N/A,5.00e-05,72459.46,184221696,N/A,2025-06-07 19:05:43
10943,2.562111,N/A,N/A,5.00e-05,72894.93,184238080,N/A,2025-06-07 19:05:43
10944,2.870036,N/A,N/A,5.00e-05,72739.83,184254464,N/A,2025-06-07 19:05:43
10945,1.458602,N/A,N/A,5.00e-05,72792.96,184270848,N/A,2025-06-07 19:05:43
10946,1.848999,N/A,N/A,5.00e-05,72733.89,184287232,N/A,2025-06-07 19:05:44
10947,2.463403,N/A,N/A,5.00e-05,72822.66,184303616,N/A,2025-06-07 19:05:44
10948,2.297011,N/A,N/A,5.00e-05,72630.72,184320000,N/A,2025-06-07 19:05:44
10949,2.051900,N/A,N/A,5.00e-05,74102.31,184336384,N/A,2025-06-07 19:05:44
10950,2.147167,N/A,N/A,5.00e-05,73176.89,184352768,0.8431,2025-06-07 19:05:45
10951,2.459300,N/A,N/A,5.00e-05,72752.44,184369152,N/A,2025-06-07 19:05:45
10952,2.231001,N/A,N/A,5.00e-05,72488.05,184385536,N/A,2025-06-07 19:05:45
10953,2.372108,N/A,N/A,5.00e-05,72541.01,184401920,N/A,2025-06-07 19:05:45
10954,1.833663,N/A,N/A,5.00e-05,72642.79,184418304,N/A,2025-06-07 19:05:46
10955,1.203644,N/A,N/A,5.00e-05,73013.39,184434688,N/A,2025-06-07 19:05:46
10956,2.101032,N/A,N/A,5.00e-05,72859.08,184451072,N/A,2025-06-07 19:05:46
10957,2.646422,N/A,N/A,5.00e-05,73200.82,184467456,N/A,2025-06-07 19:05:46
10958,2.414281,N/A,N/A,5.00e-05,73241.85,184483840,N/A,2025-06-07 19:05:47
10959,2.502281,N/A,N/A,5.00e-05,74293.63,184500224,N/A,2025-06-07 19:05:47
10960,2.467157,N/A,N/A,5.00e-05,72621.21,184516608,1.0000,2025-06-07 19:05:47
10961,2.006269,N/A,N/A,5.00e-05,72269.74,184532992,N/A,2025-06-07 19:05:47
10962,1.708395,N/A,N/A,5.00e-05,72223.46,184549376,N/A,2025-06-07 19:05:48
10963,2.930627,N/A,N/A,5.00e-05,72681.17,184565760,N/A,2025-06-07 19:05:48
10964,2.407802,N/A,N/A,5.00e-05,72616.12,184582144,N/A,2025-06-07 19:05:48
10965,2.605801,N/A,N/A,5.00e-05,73232.56,184598528,N/A,2025-06-07 19:05:48
10966,1.709909,N/A,N/A,5.00e-05,73173.44,184614912,N/A,2025-06-07 19:05:49
10967,2.477998,N/A,N/A,5.00e-05,73175.98,184631296,N/A,2025-06-07 19:05:49
10968,3.038222,N/A,N/A,5.00e-05,73268.47,184647680,N/A,2025-06-07 19:05:49
10969,2.829621,N/A,N/A,5.00e-05,74846.66,184664064,N/A,2025-06-07 19:05:49
10970,2.611217,N/A,N/A,5.00e-05,72882.54,184680448,1.0000,2025-06-07 19:05:50
10971,1.897703,N/A,N/A,5.00e-05,72751.45,184696832,N/A,2025-06-07 19:05:50
10972,1.573203,N/A,N/A,5.00e-05,72218.18,184713216,N/A,2025-06-07 19:05:50
10973,2.296388,N/A,N/A,5.00e-05,72002.66,184729600,N/A,2025-06-07 19:05:50
10974,1.462493,N/A,N/A,5.00e-05,71241.11,184745984,N/A,2025-06-07 19:05:51
10975,2.099230,N/A,N/A,5.00e-05,71391.72,184762368,N/A,2025-06-07 19:05:51
10976,1.677419,N/A,N/A,5.00e-05,71546.97,184778752,N/A,2025-06-07 19:05:51
10977,2.365949,N/A,N/A,5.00e-05,71630.77,184795136,N/A,2025-06-07 19:05:51
10978,2.856375,N/A,N/A,5.00e-05,71710.92,184811520,N/A,2025-06-07 19:05:52
10979,2.993158,N/A,N/A,5.00e-05,73760.20,184827904,N/A,2025-06-07 19:05:52
10980,2.769751,N/A,N/A,5.00e-05,71849.81,184844288,0.9839,2025-06-07 19:05:52
10981,2.832370,N/A,N/A,5.00e-05,71848.79,184860672,N/A,2025-06-07 19:05:52
10982,2.105804,N/A,N/A,5.00e-05,72303.96,184877056,N/A,2025-06-07 19:05:53
10983,1.631185,N/A,N/A,5.00e-05,72672.84,184893440,N/A,2025-06-07 19:05:53
10984,1.808380,N/A,N/A,5.00e-05,72617.70,184909824,N/A,2025-06-07 19:05:53
10985,2.286259,N/A,N/A,5.00e-05,72499.77,184926208,N/A,2025-06-07 19:05:53
10986,2.319463,N/A,N/A,5.00e-05,72522.55,184942592,N/A,2025-06-07 19:05:54
10987,1.787661,N/A,N/A,5.00e-05,72583.30,184958976,N/A,2025-06-07 19:05:54
10988,2.390223,N/A,N/A,5.00e-05,72495.15,184975360,N/A,2025-06-07 19:05:54
10989,2.904432,N/A,N/A,5.00e-05,74562.12,184991744,N/A,2025-06-07 19:05:54
10990,2.858611,N/A,N/A,5.00e-05,73054.25,185008128,0.9940,2025-06-07 19:05:55
10991,2.205749,N/A,N/A,5.00e-05,72650.86,185024512,N/A,2025-06-07 19:05:55
10992,1.672157,N/A,N/A,5.00e-05,72522.97,185040896,N/A,2025-06-07 19:05:55
10993,1.778402,N/A,N/A,5.00e-05,72400.13,185057280,N/A,2025-06-07 19:05:55
10994,2.707795,N/A,N/A,5.00e-05,72405.29,185073664,N/A,2025-06-07 19:05:56
10995,2.297437,N/A,N/A,5.00e-05,72235.81,185090048,N/A,2025-06-07 19:05:56
10996,2.268860,N/A,N/A,5.00e-05,72207.95,185106432,N/A,2025-06-07 19:05:56
10997,3.146401,N/A,N/A,5.00e-05,72551.51,185122816,N/A,2025-06-07 19:05:56
10998,2.517185,N/A,N/A,5.00e-05,72955.83,185139200,N/A,2025-06-07 19:05:57
10999,2.640620,N/A,N/A,5.00e-05,74373.80,185155584,N/A,2025-06-07 19:05:57
11000,3.478005,2.297105,10.768468,5.00e-05,10816.90,185171968,N/A,2025-06-07 19:06:10
11001,2.857220,2.297105,10.768468,5.00e-05,10477.62,185188352,N/A,2025-06-07 19:06:11
11002,2.410857,2.297105,10.768468,5.00e-05,10470.03,185204736,N/A,2025-06-07 19:06:11
11003,2.579809,2.297105,10.768468,5.00e-05,10465.07,185221120,N/A,2025-06-07 19:06:11
11004,1.895379,2.297105,10.768468,5.00e-05,10459.55,185237504,N/A,2025-06-07 19:06:12
11005,2.564178,2.297105,10.768468,5.00e-05,10447.77,185253888,N/A,2025-06-07 19:06:12
11006,2.149593,2.297105,10.768468,5.00e-05,10439.89,185270272,N/A,2025-06-07 19:06:12
11007,2.397273,2.297105,10.768468,5.00e-05,10424.04,185286656,N/A,2025-06-07 19:06:12
11008,1.691768,2.297105,10.768468,5.00e-05,10423.78,185303040,N/A,2025-06-07 19:06:13
11009,2.258605,2.297105,10.768468,5.00e-05,59000.55,185319424,N/A,2025-06-07 19:06:13
11010,2.247069,2.297105,10.768468,5.00e-05,69610.91,185335808,0.9872,2025-06-07 19:06:13
11011,2.537044,2.297105,10.768468,5.00e-05,69924.85,185352192,N/A,2025-06-07 19:06:13
11012,2.201524,2.297105,10.768468,5.00e-05,70131.81,185368576,N/A,2025-06-07 19:06:14
11013,2.089009,2.297105,10.768468,5.00e-05,70389.73,185384960,N/A,2025-06-07 19:06:14
11014,1.516873,2.297105,10.768468,5.00e-05,70926.59,185401344,N/A,2025-06-07 19:06:14
11015,2.842841,2.297105,10.768468,5.00e-05,71021.92,185417728,N/A,2025-06-07 19:06:14
11016,2.744589,2.297105,10.768468,5.00e-05,71595.03,185434112,N/A,2025-06-07 19:06:15
11017,1.506675,2.297105,10.768468,5.00e-05,71485.43,185450496,N/A,2025-06-07 19:06:15
11018,1.467127,2.297105,10.768468,5.00e-05,71582.07,185466880,N/A,2025-06-07 19:06:15
11019,1.585596,2.297105,10.768468,5.00e-05,73665.90,185483264,N/A,2025-06-07 19:06:15
11020,1.836154,2.297105,10.768468,5.00e-05,72451.39,185499648,0.6317,2025-06-07 19:06:16
11021,2.055157,2.297105,10.768468,5.00e-05,72384.36,185516032,N/A,2025-06-07 19:06:16
11022,2.001239,2.297105,10.768468,5.00e-05,72381.59,185532416,N/A,2025-06-07 19:06:16
11023,2.457365,2.297105,10.768468,5.00e-05,72385.93,185548800,N/A,2025-06-07 19:06:16
11024,1.925293,2.297105,10.768468,5.00e-05,72303.36,185565184,N/A,2025-06-07 19:06:17
11025,3.033023,2.297105,10.768468,5.00e-05,72074.68,185581568,N/A,2025-06-07 19:06:17
11026,2.368894,2.297105,10.768468,5.00e-05,72282.67,185597952,N/A,2025-06-07 19:06:17
11027,1.624600,2.297105,10.768468,5.00e-05,72862.92,185614336,N/A,2025-06-07 19:06:17
11028,1.943716,2.297105,10.768468,5.00e-05,73364.42,185630720,N/A,2025-06-07 19:06:18
11029,2.793488,2.297105,10.768468,5.00e-05,74962.72,185647104,N/A,2025-06-07 19:06:18
11030,2.654566,2.297105,10.768468,5.00e-05,73543.46,185663488,0.9218,2025-06-07 19:06:18
11031,2.521772,2.297105,10.768468,5.00e-05,73334.11,185679872,N/A,2025-06-07 19:06:18
11032,3.226624,2.297105,10.768468,5.00e-05,73578.08,185696256,N/A,2025-06-07 19:06:19
11033,2.737810,2.297105,10.768468,5.00e-05,73672.72,185712640,N/A,2025-06-07 19:06:19
11034,1.864042,2.297105,10.768468,5.00e-05,73448.92,185729024,N/A,2025-06-07 19:06:19
11035,2.360238,2.297105,10.768468,5.00e-05,73529.46,185745408,N/A,2025-06-07 19:06:19
11036,1.973971,2.297105,10.768468,5.00e-05,69990.65,185761792,N/A,2025-06-07 19:06:20
11037,2.761635,2.297105,10.768468,5.00e-05,69514.19,185778176,N/A,2025-06-07 19:06:20
11038,1.388467,2.297105,10.768468,5.00e-05,69311.56,185794560,N/A,2025-06-07 19:06:20
11039,2.040165,2.297105,10.768468,5.00e-05,70211.19,185810944,N/A,2025-06-07 19:06:20
11040,2.663465,2.297105,10.768468,5.00e-05,68194.38,185827328,0.8223,2025-06-07 19:06:21
11041,1.872900,2.297105,10.768468,5.00e-05,67383.69,185843712,N/A,2025-06-07 19:06:21
11042,2.290416,2.297105,10.768468,5.00e-05,67585.41,185860096,N/A,2025-06-07 19:06:21
11043,1.606629,2.297105,10.768468,5.00e-05,68076.47,185876480,N/A,2025-06-07 19:06:22
11044,2.745123,2.297105,10.768468,5.00e-05,68013.44,185892864,N/A,2025-06-07 19:06:22
11045,1.738356,2.297105,10.768468,5.00e-05,70755.83,185909248,N/A,2025-06-07 19:06:22
11046,1.966228,2.297105,10.768468,5.00e-05,70690.20,185925632,N/A,2025-06-07 19:06:22
11047,1.889325,2.297105,10.768468,5.00e-05,70485.82,185942016,N/A,2025-06-07 19:06:23
11048,2.751370,2.297105,10.768468,5.00e-05,70750.19,185958400,N/A,2025-06-07 19:06:23
11049,2.187256,2.297105,10.768468,5.00e-05,73082.19,185974784,N/A,2025-06-07 19:06:23
11050,2.900569,2.297105,10.768468,5.00e-05,72276.64,185991168,0.6899,2025-06-07 19:06:23
11051,3.191913,2.297105,10.768468,5.00e-05,71915.77,186007552,N/A,2025-06-07 19:06:24
11052,2.593398,2.297105,10.768468,5.00e-05,71681.80,186023936,N/A,2025-06-07 19:06:24
11053,3.053174,2.297105,10.768468,5.00e-05,71564.70,186040320,N/A,2025-06-07 19:06:24
11054,3.135292,2.297105,10.768468,5.00e-05,71549.78,186056704,N/A,2025-06-07 19:06:24
11055,2.327665,2.297105,10.768468,5.00e-05,70880.08,186073088,N/A,2025-06-07 19:06:25
11056,2.612741,2.297105,10.768468,5.00e-05,71229.87,186089472,N/A,2025-06-07 19:06:25
11057,2.504381,2.297105,10.768468,5.00e-05,71358.71,186105856,N/A,2025-06-07 19:06:25
11058,2.069912,2.297105,10.768468,5.00e-05,71299.46,186122240,N/A,2025-06-07 19:06:25
11059,1.676835,2.297105,10.768468,5.00e-05,72068.76,186138624,N/A,2025-06-07 19:06:26
11060,2.499513,2.297105,10.768468,5.00e-05,70973.16,186155008,0.7425,2025-06-07 19:06:26
11061,2.583390,2.297105,10.768468,5.00e-05,70950.44,186171392,N/A,2025-06-07 19:06:26
11062,2.510677,2.297105,10.768468,5.00e-05,71053.02,186187776,N/A,2025-06-07 19:06:26
11063,2.258723,2.297105,10.768468,5.00e-05,70529.55,186204160,N/A,2025-06-07 19:06:27
11064,2.537624,2.297105,10.768468,5.00e-05,71146.34,186220544,N/A,2025-06-07 19:06:27
11065,1.660416,2.297105,10.768468,5.00e-05,71178.89,186236928,N/A,2025-06-07 19:06:27
11066,2.321972,2.297105,10.768468,5.00e-05,70704.89,186253312,N/A,2025-06-07 19:06:27
11067,1.690052,2.297105,10.768468,5.00e-05,70824.12,186269696,N/A,2025-06-07 19:06:28
11068,1.406794,2.297105,10.768468,5.00e-05,71414.73,186286080,N/A,2025-06-07 19:06:28
11069,1.888310,2.297105,10.768468,5.00e-05,72490.83,186302464,N/A,2025-06-07 19:06:28
11070,2.198203,2.297105,10.768468,5.00e-05,70366.46,186318848,1.0000,2025-06-07 19:06:28
11071,2.663130,2.297105,10.768468,5.00e-05,70341.95,186335232,N/A,2025-06-07 19:06:29
11072,1.935598,2.297105,10.768468,5.00e-05,70965.46,186351616,N/A,2025-06-07 19:06:29
11073,2.466711,2.297105,10.768468,5.00e-05,71143.16,186368000,N/A,2025-06-07 19:06:29
11074,2.775716,2.297105,10.768468,5.00e-05,70951.25,186384384,N/A,2025-06-07 19:06:29
11075,2.120563,2.297105,10.768468,5.00e-05,71482.70,186400768,N/A,2025-06-07 19:06:30
11076,2.368279,2.297105,10.768468,5.00e-05,71715.75,186417152,N/A,2025-06-07 19:06:30
11077,1.670959,2.297105,10.768468,5.00e-05,71441.51,186433536,N/A,2025-06-07 19:06:30
11078,2.453737,2.297105,10.768468,5.00e-05,71201.15,186449920,N/A,2025-06-07 19:06:30
11079,2.780171,2.297105,10.768468,5.00e-05,73365.35,186466304,N/A,2025-06-07 19:06:31
11080,1.764263,2.297105,10.768468,5.00e-05,71796.80,186482688,1.0000,2025-06-07 19:06:31
11081,1.769109,2.297105,10.768468,5.00e-05,71674.24,186499072,N/A,2025-06-07 19:06:31
11082,2.229984,2.297105,10.768468,5.00e-05,71681.85,186515456,N/A,2025-06-07 19:06:31
11083,3.444489,2.297105,10.768468,5.00e-05,71640.32,186531840,N/A,2025-06-07 19:06:32
11084,2.948160,2.297105,10.768468,5.00e-05,71620.37,186548224,N/A,2025-06-07 19:06:32
11085,2.897845,2.297105,10.768468,5.00e-05,70893.58,186564608,N/A,2025-06-07 19:06:32
11086,2.103421,2.297105,10.768468,5.00e-05,71250.51,186580992,N/A,2025-06-07 19:06:32
11087,2.813128,2.297105,10.768468,5.00e-05,71794.71,186597376,N/A,2025-06-07 19:06:33
11088,2.660614,2.297105,10.768468,5.00e-05,71783.06,186613760,N/A,2025-06-07 19:06:33
11089,2.571534,2.297105,10.768468,5.00e-05,73734.51,186630144,N/A,2025-06-07 19:06:33
11090,2.391500,2.297105,10.768468,5.00e-05,72287.81,186646528,0.9618,2025-06-07 19:06:33
11091,1.771221,2.297105,10.768468,5.00e-05,72384.33,186662912,N/A,2025-06-07 19:06:34
11092,1.749209,2.297105,10.768468,5.00e-05,71684.51,186679296,N/A,2025-06-07 19:06:34
11093,2.441637,2.297105,10.768468,5.00e-05,71918.68,186695680,N/A,2025-06-07 19:06:34
11094,2.054416,2.297105,10.768468,5.00e-05,72493.01,186712064,N/A,2025-06-07 19:06:34
11095,2.902256,2.297105,10.768468,5.00e-05,72531.68,186728448,N/A,2025-06-07 19:06:35
11096,1.676139,2.297105,10.768468,5.00e-05,72346.75,186744832,N/A,2025-06-07 19:06:35
11097,3.535922,2.297105,10.768468,5.00e-05,72425.00,186761216,N/A,2025-06-07 19:06:35
11098,2.569174,2.297105,10.768468,5.00e-05,72060.04,186777600,N/A,2025-06-07 19:06:35
11099,1.714949,2.297105,10.768468,5.00e-05,73406.41,186793984,N/A,2025-06-07 19:06:36
11100,1.972487,2.297105,10.768468,5.00e-05,71904.69,186810368,0.6485,2025-06-07 19:06:36
11101,2.962012,2.297105,10.768468,5.00e-05,62381.63,186826752,N/A,2025-06-07 19:06:37
11102,2.023912,2.297105,10.768468,5.00e-05,62207.83,186843136,N/A,2025-06-07 19:06:37
11103,2.061064,2.297105,10.768468,5.00e-05,62278.69,186859520,N/A,2025-06-07 19:06:37
11104,2.362284,2.297105,10.768468,5.00e-05,62214.49,186875904,N/A,2025-06-07 19:06:37
11105,2.848110,2.297105,10.768468,5.00e-05,62440.84,186892288,N/A,2025-06-07 19:06:38
11106,2.235049,2.297105,10.768468,5.00e-05,62252.74,186908672,N/A,2025-06-07 19:06:38
11107,3.986983,2.297105,10.768468,5.00e-05,62287.91,186925056,N/A,2025-06-07 19:06:38
11108,2.492115,2.297105,10.768468,5.00e-05,62179.23,186941440,N/A,2025-06-07 19:06:38
11109,3.074736,2.297105,10.768468,5.00e-05,63088.73,186957824,N/A,2025-06-07 19:06:39
11110,2.124499,2.297105,10.768468,5.00e-05,70891.77,186974208,0.7821,2025-06-07 19:06:39
11111,2.186403,2.297105,10.768468,5.00e-05,70760.17,186990592,N/A,2025-06-07 19:06:39
11112,2.495043,2.297105,10.768468,5.00e-05,70479.23,187006976,N/A,2025-06-07 19:06:39
11113,1.620290,2.297105,10.768468,5.00e-05,70754.68,187023360,N/A,2025-06-07 19:06:40
11114,2.168713,2.297105,10.768468,5.00e-05,70416.34,187039744,N/A,2025-06-07 19:06:40
11115,2.654916,2.297105,10.768468,5.00e-05,70736.71,187056128,N/A,2025-06-07 19:06:40
11116,2.270646,2.297105,10.768468,5.00e-05,70886.71,187072512,N/A,2025-06-07 19:06:40
11117,2.284264,2.297105,10.768468,5.00e-05,70593.37,187088896,N/A,2025-06-07 19:06:41
11118,2.312334,2.297105,10.768468,5.00e-05,70500.83,187105280,N/A,2025-06-07 19:06:41
11119,1.880987,2.297105,10.768468,5.00e-05,72909.95,187121664,N/A,2025-06-07 19:06:41
11120,3.048664,2.297105,10.768468,5.00e-05,71193.64,187138048,1.0000,2025-06-07 19:06:41
11121,2.312283,2.297105,10.768468,5.00e-05,71442.20,187154432,N/A,2025-06-07 19:06:42
11122,1.971917,2.297105,10.768468,5.00e-05,70841.91,187170816,N/A,2025-06-07 19:06:42
11123,2.161042,2.297105,10.768468,5.00e-05,71394.26,187187200,N/A,2025-06-07 19:06:42
11124,2.427366,2.297105,10.768468,5.00e-05,71624.89,187203584,N/A,2025-06-07 19:06:42
11125,2.725923,2.297105,10.768468,5.00e-05,71555.62,187219968,N/A,2025-06-07 19:06:43
11126,2.397800,2.297105,10.768468,5.00e-05,72239.93,187236352,N/A,2025-06-07 19:06:43
11127,2.230665,2.297105,10.768468,5.00e-05,72839.33,187252736,N/A,2025-06-07 19:06:43
11128,1.931057,2.297105,10.768468,5.00e-05,73394.48,187269120,N/A,2025-06-07 19:06:43
11129,2.226848,2.297105,10.768468,5.00e-05,75807.91,187285504,N/A,2025-06-07 19:06:44
11130,2.356231,2.297105,10.768468,5.00e-05,74382.78,187301888,0.7495,2025-06-07 19:06:44
11131,2.794338,2.297105,10.768468,5.00e-05,75091.21,187318272,N/A,2025-06-07 19:06:44
11132,2.403298,2.297105,10.768468,5.00e-05,74765.79,187334656,N/A,2025-06-07 19:06:44
11133,2.787429,2.297105,10.768468,5.00e-05,74704.43,187351040,N/A,2025-06-07 19:06:45
11134,2.682103,2.297105,10.768468,5.00e-05,74917.69,187367424,N/A,2025-06-07 19:06:45
11135,2.101106,2.297105,10.768468,5.00e-05,74690.90,187383808,N/A,2025-06-07 19:06:45
11136,1.896182,2.297105,10.768468,5.00e-05,74179.18,187400192,N/A,2025-06-07 19:06:45
11137,2.020840,2.297105,10.768468,5.00e-05,73836.18,187416576,N/A,2025-06-07 19:06:46
11138,2.860682,2.297105,10.768468,5.00e-05,73345.42,187432960,N/A,2025-06-07 19:06:46
11139,2.350475,2.297105,10.768468,5.00e-05,74495.61,187449344,N/A,2025-06-07 19:06:46
11140,2.415406,2.297105,10.768468,5.00e-05,72849.84,187465728,1.0000,2025-06-07 19:06:46
11141,1.836616,2.297105,10.768468,5.00e-05,72571.94,187482112,N/A,2025-06-07 19:06:47
11142,3.492147,2.297105,10.768468,5.00e-05,72184.56,187498496,N/A,2025-06-07 19:06:47
11143,2.901780,2.297105,10.768468,5.00e-05,71933.03,187514880,N/A,2025-06-07 19:06:47
11144,1.920499,2.297105,10.768468,5.00e-05,72115.41,187531264,N/A,2025-06-07 19:06:47
11145,2.381469,2.297105,10.768468,5.00e-05,72285.92,187547648,N/A,2025-06-07 19:06:48
11146,2.876356,2.297105,10.768468,5.00e-05,72480.56,187564032,N/A,2025-06-07 19:06:48
11147,2.785961,2.297105,10.768468,5.00e-05,72647.32,187580416,N/A,2025-06-07 19:06:48
11148,2.416750,2.297105,10.768468,5.00e-05,72517.48,187596800,N/A,2025-06-07 19:06:48
11149,2.798038,2.297105,10.768468,5.00e-05,73755.80,187613184,N/A,2025-06-07 19:06:49
11150,1.776993,2.297105,10.768468,5.00e-05,72414.72,187629568,0.9793,2025-06-07 19:06:49
11151,2.852659,2.297105,10.768468,5.00e-05,72402.58,187645952,N/A,2025-06-07 19:06:49
11152,2.303246,2.297105,10.768468,5.00e-05,72614.44,187662336,N/A,2025-06-07 19:06:49
11153,2.837219,2.297105,10.768468,5.00e-05,72104.89,187678720,N/A,2025-06-07 19:06:50
11154,1.500238,2.297105,10.768468,5.00e-05,71977.48,187695104,N/A,2025-06-07 19:06:50
11155,3.518968,2.297105,10.768468,5.00e-05,72024.63,187711488,N/A,2025-06-07 19:06:50
11156,2.067201,2.297105,10.768468,5.00e-05,72035.27,187727872,N/A,2025-06-07 19:06:50
11157,1.582332,2.297105,10.768468,5.00e-05,72324.66,187744256,N/A,2025-06-07 19:06:51
11158,3.054979,2.297105,10.768468,5.00e-05,72436.70,187760640,N/A,2025-06-07 19:06:51
11159,2.171645,2.297105,10.768468,5.00e-05,73248.36,187777024,N/A,2025-06-07 19:06:51
11160,2.826350,2.297105,10.768468,5.00e-05,71650.39,187793408,0.8224,2025-06-07 19:06:51
11161,1.710911,2.297105,10.768468,5.00e-05,70948.01,187809792,N/A,2025-06-07 19:06:52
11162,2.939357,2.297105,10.768468,5.00e-05,71619.49,187826176,N/A,2025-06-07 19:06:52
11163,2.386986,2.297105,10.768468,5.00e-05,71901.92,187842560,N/A,2025-06-07 19:06:52
11164,2.340878,2.297105,10.768468,5.00e-05,71526.60,187858944,N/A,2025-06-07 19:06:52
11165,1.703644,2.297105,10.768468,5.00e-05,71458.41,187875328,N/A,2025-06-07 19:06:53
11166,1.944237,2.297105,10.768468,5.00e-05,71940.96,187891712,N/A,2025-06-07 19:06:53
11167,2.404955,2.297105,10.768468,5.00e-05,72032.75,187908096,N/A,2025-06-07 19:06:53
11168,2.091560,2.297105,10.768468,5.00e-05,72755.55,187924480,N/A,2025-06-07 19:06:53
11169,2.912480,2.297105,10.768468,5.00e-05,74011.08,187940864,N/A,2025-06-07 19:06:54
11170,2.768802,2.297105,10.768468,5.00e-05,72624.17,187957248,0.9864,2025-06-07 19:06:54
11171,1.933489,2.297105,10.768468,5.00e-05,72089.44,187973632,N/A,2025-06-07 19:06:54
11172,1.228418,2.297105,10.768468,5.00e-05,71827.68,187990016,N/A,2025-06-07 19:06:54
11173,1.922075,2.297105,10.768468,5.00e-05,72016.88,188006400,N/A,2025-06-07 19:06:55
11174,1.601437,2.297105,10.768468,5.00e-05,72089.54,188022784,N/A,2025-06-07 19:06:55
11175,1.285116,2.297105,10.768468,5.00e-05,71427.06,188039168,N/A,2025-06-07 19:06:55
11176,1.735216,2.297105,10.768468,5.00e-05,71339.06,188055552,N/A,2025-06-07 19:06:55
11177,2.445655,2.297105,10.768468,5.00e-05,71391.02,188071936,N/A,2025-06-07 19:06:56
11178,2.420877,2.297105,10.768468,5.00e-05,71980.44,188088320,N/A,2025-06-07 19:06:56
11179,1.989856,2.297105,10.768468,5.00e-05,73661.11,188104704,N/A,2025-06-07 19:06:56
11180,1.472701,2.297105,10.768468,5.00e-05,72188.77,188121088,0.8112,2025-06-07 19:06:57
11181,2.069215,2.297105,10.768468,5.00e-05,72125.61,188137472,N/A,2025-06-07 19:06:57
11182,1.418319,2.297105,10.768468,5.00e-05,71986.77,188153856,N/A,2025-06-07 19:06:57
11183,2.343427,2.297105,10.768468,5.00e-05,71839.51,188170240,N/A,2025-06-07 19:06:57
11184,2.720309,2.297105,10.768468,5.00e-05,71971.77,188186624,N/A,2025-06-07 19:06:58
11185,2.303399,2.297105,10.768468,5.00e-05,71972.00,188203008,N/A,2025-06-07 19:06:58
11186,2.279246,2.297105,10.768468,5.00e-05,71799.37,188219392,N/A,2025-06-07 19:06:58
11187,1.056933,2.297105,10.768468,5.00e-05,71497.65,188235776,N/A,2025-06-07 19:06:58
11188,2.275341,2.297105,10.768468,5.00e-05,71641.93,188252160,N/A,2025-06-07 19:06:58
11189,3.033978,2.297105,10.768468,5.00e-05,73315.67,188268544,N/A,2025-06-07 19:06:59
11190,2.079786,2.297105,10.768468,5.00e-05,71888.37,188284928,1.0000,2025-06-07 19:06:59
11191,1.724984,2.297105,10.768468,5.00e-05,71339.29,188301312,N/A,2025-06-07 19:06:59
11192,1.932405,2.297105,10.768468,5.00e-05,71621.14,188317696,N/A,2025-06-07 19:07:00
11193,2.149140,2.297105,10.768468,5.00e-05,71811.72,188334080,N/A,2025-06-07 19:07:00
11194,2.536457,2.297105,10.768468,5.00e-05,71626.87,188350464,N/A,2025-06-07 19:07:00
11195,3.183711,2.297105,10.768468,5.00e-05,71579.95,188366848,N/A,2025-06-07 19:07:00
11196,1.206262,2.297105,10.768468,5.00e-05,72149.49,188383232,N/A,2025-06-07 19:07:01
11197,2.686226,2.297105,10.768468,5.00e-05,71976.55,188399616,N/A,2025-06-07 19:07:01
11198,2.506303,2.297105,10.768468,5.00e-05,71897.47,188416000,N/A,2025-06-07 19:07:01
11199,1.810439,2.297105,10.768468,5.00e-05,73327.30,188432384,N/A,2025-06-07 19:07:01
11200,2.041623,2.297105,10.768468,5.00e-05,72754.97,188448768,0.7824,2025-06-07 19:07:02
