step,train_loss,val_loss,val_perplexity,learning_rate,tokens_per_sec,total_tokens,grad_norm,timestamp
0,12.007951,N/A,N/A,2.50e-07,0.00,20480,N/A,2025-07-26 16:21:32
1,12.251975,N/A,N/A,5.00e-07,2341.02,20485.09,40960,N/A,2025-07-26 21:09:46
2,12.157241,N/A,N/A,7.50e-07,3373.40,20487.34,61440,N/A,2025-07-26 21:09:46
3,12.154202,N/A,N/A,1.00e-06,4324.91,20489.41,81920,N/A,2025-07-26 21:09:47
4,12.246651,N/A,N/A,1.25e-06,5210.13,20491.34,102400,N/A,2025-07-26 21:09:48
5,12.241832,N/A,N/A,1.50e-06,6030.58,20493.12,122880,N/A,2025-07-26 21:09:48
6,12.149610,N/A,N/A,1.75e-06,6798.21,20494.79,143360,N/A,2025-07-26 21:09:49
7,12.142439,N/A,N/A,2.00e-06,7508.50,20496.34,163840,N/A,2025-07-26 21:09:50
8,12.140495,N/A,N/A,2.25e-06,8178.90,20497.8,184320,N/A,2025-07-26 21:09:51
9,12.130268,N/A,N/A,2.50e-06,8808.30,20499.17,204800,N/A,2025-07-26 21:09:51
10,12.133823,N/A,N/A,2.75e-06,31586.49,20548.73,225280,1.0000,2025-07-26 21:09:52
11,12.122028,N/A,N/A,3.00e-06,31467.73,41097.2,245760,N/A,2025-07-26 21:09:53
12,12.134707,N/A,N/A,3.25e-06,31555.96,41097.39,266240,N/A,2025-07-26 21:09:53
13,12.117861,N/A,N/A,3.50e-06,31549.76,82194.77,286720,N/A,2025-07-26 21:09:54
14,12.127795,N/A,N/A,3.75e-06,31616.86,82194.91,307200,N/A,2025-07-26 21:09:55
15,12.114964,N/A,N/A,4.00e-06,31468.90,164389.5,327680,N/A,2025-07-26 21:09:56
16,12.131711,N/A,N/A,4.25e-06,31544.19,164389.67,348160,N/A,2025-07-26 21:09:56
17,12.112675,N/A,N/A,4.50e-06,31558.23,164389.7,368640,N/A,2025-07-26 21:09:57
18,12.083015,N/A,N/A,4.75e-06,31356.23,328778.96,389120,N/A,2025-07-26 21:09:58
19,12.065885,N/A,N/A,5.00e-06,31454.76,328779.17,409600,N/A,2025-07-26 21:09:59
20,12.142797,N/A,N/A,5.25e-06,31473.09,328779.21,430080,1.0000,2025-07-26 21:09:59
21,12.129466,N/A,N/A,5.50e-06,31427.78,657558.32,450560,N/A,2025-07-26 21:10:00
22,11.876428,N/A,N/A,5.75e-06,31373.13,1315116.52,471040,N/A,2025-07-26 21:10:01
23,11.853461,N/A,N/A,6.00e-06,31121.15,2630232.5,491520,N/A,2025-07-26 21:10:01
24,11.924500,N/A,N/A,6.25e-06,31014.02,5260464.76,512000,N/A,2025-07-26 21:10:02
25,11.901752,N/A,N/A,6.50e-06,30680.68,10520928.8,532480,N/A,2025-07-26 21:10:03
26,11.724721,N/A,N/A,6.75e-06,30564.92,21041857.34,552960,N/A,2025-07-26 21:10:04
27,11.692021,N/A,N/A,7.00e-06,30771.98,21041857.8,573440,N/A,2025-07-26 21:10:04
28,11.708462,N/A,N/A,7.25e-06,30744.88,42083715.54,593920,N/A,2025-07-26 21:10:05
29,11.674461,N/A,N/A,7.50e-06,30738.62,84167431.06,614400,N/A,2025-07-26 21:10:06
30,11.665812,N/A,N/A,7.75e-06,30530.78,168334861.67,634880,1.0000,2025-07-26 21:10:07
31,11.622419,N/A,N/A,8.00e-06,30565.23,168334861.75,655360,N/A,2025-07-26 21:10:07
32,11.683427,N/A,N/A,8.25e-06,30739.65,168334862.13,675840,N/A,2025-07-26 21:10:08
33,11.645872,N/A,N/A,8.50e-06,30930.26,168334862.54,696320,N/A,2025-07-26 21:10:09
34,11.574839,N/A,N/A,8.75e-06,31281.11,168334863.3,716800,N/A,2025-07-26 21:10:10
35,11.536495,N/A,N/A,9.00e-06,31337.71,168334863.43,737280,N/A,2025-07-26 21:10:10
36,11.841670,N/A,N/A,9.25e-06,30963.88,336669726.04,757760,N/A,2025-07-26 21:10:11
37,11.814847,N/A,N/A,9.50e-06,30736.77,673339451.59,778240,N/A,2025-07-26 21:10:12
38,11.641007,N/A,N/A,9.75e-06,30865.46,673339451.87,798720,N/A,2025-07-26 21:10:13
39,11.605689,N/A,N/A,1.00e-05,31103.36,673339452.39,819200,N/A,2025-07-26 21:10:13
40,11.735529,N/A,N/A,1.03e-05,30827.10,1346678904.179999,839680,1.0000,2025-07-26 21:10:14
41,11.706594,N/A,N/A,1.05e-05,30874.27,1346678904.279999,860160,N/A,2025-07-26 21:10:15
42,11.397685,N/A,N/A,1.08e-05,30906.11,1346678904.349999,880640,N/A,2025-07-26 21:10:15
43,11.350617,N/A,N/A,1.10e-05,30928.91,1346678904.399999,901120,N/A,2025-07-26 21:10:16
44,11.683064,N/A,N/A,1.13e-05,30973.70,1346678904.49,921600,N/A,2025-07-26 21:10:17
45,11.647300,N/A,N/A,1.15e-05,31338.09,1346678905.289999,942080,N/A,2025-07-26 21:10:18
46,11.302795,N/A,N/A,1.18e-05,31581.87,1346678905.819999,962560,N/A,2025-07-26 21:10:18
47,11.256548,N/A,N/A,1.20e-05,31565.53,2693357811.599999,983040,N/A,2025-07-26 21:10:19
48,11.848897,N/A,N/A,1.22e-05,31559.70,5386715623.189999,1003520,N/A,2025-07-26 21:10:20
49,11.828732,N/A,N/A,1.25e-05,31859.10,5386715623.839998,1024000,N/A,2025-07-26 21:10:20
50,11.309912,N/A,N/A,1.28e-05,31705.62,10773431247.349997,1044480,1.0000,2025-07-26 21:10:21
51,11.266804,N/A,N/A,1.30e-05,31722.72,10773431247.379997,1064960,N/A,2025-07-26 21:10:22
52,11.230199,N/A,N/A,1.33e-05,31701.75,21546862494.719994,1085440,N/A,2025-07-26 21:10:23
53,11.182302,N/A,N/A,1.35e-05,31698.23,43093724989.429993,1105920,N/A,2025-07-26 21:10:23
54,10.842482,N/A,N/A,1.38e-05,31710.19,43093724989.459991,1126400,N/A,2025-07-26 21:10:24
55,10.782093,N/A,N/A,1.40e-05,31716.95,43093724989.469994,1146880,N/A,2025-07-26 21:10:25
56,10.817929,N/A,N/A,1.42e-05,31706.05,86187449978.919998,1167360,N/A,2025-07-26 21:10:26
57,10.752529,N/A,N/A,1.45e-05,31718.04,86187449978.939987,1187840,N/A,2025-07-26 21:10:26
58,10.618014,N/A,N/A,1.47e-05,31729.33,86187449978.969986,1208320,N/A,2025-07-26 21:10:27
59,10.554103,N/A,N/A,1.50e-05,31885.31,86187449979.309998,1228800,N/A,2025-07-26 21:10:28
60,10.386109,N/A,N/A,1.52e-05,31735.15,172374899958.289978,1249280,1.0000,2025-07-26 21:10:28
61,10.313655,N/A,N/A,1.55e-05,31740.15,172374899958.299988,1269760,N/A,2025-07-26 21:10:29
62,9.150763,N/A,N/A,1.57e-05,31744.59,172374899958.309998,1290240,N/A,2025-07-26 21:10:30
63,9.035235,N/A,N/A,1.60e-05,31755.93,172374899958.339996,1310720,N/A,2025-07-26 21:10:31
64,9.854378,N/A,N/A,1.63e-05,31770.89,172374899958.369995,1331200,N/A,2025-07-26 21:10:31
65,9.765353,N/A,N/A,1.65e-05,31789.99,172374899958.410004,1351680,N/A,2025-07-26 21:10:32
66,10.005097,N/A,N/A,1.68e-05,31795.12,172374899958.419983,1372160,N/A,2025-07-26 21:10:33
67,9.921298,N/A,N/A,1.70e-05,31719.65,344749799916.679993,1392640,N/A,2025-07-26 21:10:33
68,9.568293,N/A,N/A,1.73e-05,31714.71,689499599833.349976,1413120,N/A,2025-07-26 21:10:34
69,9.479129,N/A,N/A,1.75e-05,31867.36,689499599833.679932,1433600,N/A,2025-07-26 21:10:35
70,10.622794,N/A,N/A,1.78e-05,31736.52,1378999199667.070068,1454080,1.0000,2025-07-26 21:10:36
71,10.562971,N/A,N/A,1.80e-05,31744.98,1378999199667.090088,1474560,N/A,2025-07-26 21:10:36
72,10.149504,N/A,N/A,1.82e-05,31722.33,2757998399334.130371,1495040,N/A,2025-07-26 21:10:37
73,10.080060,N/A,N/A,1.85e-05,31702.05,5515996798668.220703,1515520,N/A,2025-07-26 21:10:38
74,10.776857,N/A,N/A,1.88e-05,31692.82,11031993597336.421875,1536000,N/A,2025-07-26 21:10:38
75,10.725266,N/A,N/A,1.90e-05,31679.46,22063987194672.8125,1556480,N/A,2025-07-26 21:10:39
76,8.660937,N/A,N/A,1.93e-05,31736.85,22063987194672.933594,1576960,N/A,2025-07-26 21:10:40
77,8.566401,N/A,N/A,1.95e-05,31748.15,22063987194672.960938,1597440,N/A,2025-07-26 21:10:41
78,9.842249,N/A,N/A,1.98e-05,31735.13,44127974389345.890625,1617920,N/A,2025-07-26 21:10:41
79,9.779408,N/A,N/A,2.00e-05,31840.18,44127974389346.125,1638400,N/A,2025-07-26 21:10:42
80,8.024536,N/A,N/A,2.02e-05,31750.98,88255948778692.0625,1658880,1.0000,2025-07-26 21:10:43
81,7.933735,N/A,N/A,2.05e-05,31730.48,176511897557384.0625,1679360,N/A,2025-07-26 21:10:43
82,8.560226,N/A,N/A,2.07e-05,31736.24,176511897557384.09375,1699840,N/A,2025-07-26 21:10:44
83,8.480954,N/A,N/A,2.10e-05,31758.33,176511897557384.125,1720320,N/A,2025-07-26 21:10:45
84,8.803310,N/A,N/A,2.13e-05,31527.95,353023795114767.75,1740800,N/A,2025-07-26 21:10:46
85,8.730350,N/A,N/A,2.15e-05,31555.53,353023795114767.8125,1761280,N/A,2025-07-26 21:10:46
86,8.357728,N/A,N/A,2.18e-05,31548.47,706047590229535.625,1781760,N/A,2025-07-26 21:10:47
87,8.296132,N/A,N/A,2.20e-05,31551.38,706047590229535.625,1802240,N/A,2025-07-26 21:10:48
88,8.999643,N/A,N/A,2.22e-05,31565.38,706047590229535.625,1822720,N/A,2025-07-26 21:10:48
89,8.949269,N/A,N/A,2.25e-05,31640.20,706047590229535.875,1843200,N/A,2025-07-26 21:10:49
90,6.726388,N/A,N/A,2.28e-05,31540.77,1412095180459071.75,1863680,1.0000,2025-07-26 21:10:50
91,6.668429,N/A,N/A,2.30e-05,31551.39,1412095180459071.75,1884160,N/A,2025-07-26 21:10:51
92,9.254252,N/A,N/A,2.33e-05,31536.84,2824190360918143.5,1904640,N/A,2025-07-26 21:10:51
93,9.220626,N/A,N/A,2.35e-05,31780.99,2824190360918144,1925120,N/A,2025-07-26 21:10:52
94,7.388520,N/A,N/A,2.37e-05,31753.13,5648380721836288,1945600,N/A,2025-07-26 21:10:53
95,7.347729,N/A,N/A,2.40e-05,31770.81,5648380721836288,1966080,N/A,2025-07-26 21:10:54
96,7.445142,N/A,N/A,2.42e-05,31771.44,5648380721836288,1986560,N/A,2025-07-26 21:10:54
97,7.409160,N/A,N/A,2.45e-05,31775.84,5648380721836288,2007040,N/A,2025-07-26 21:10:55
98,7.294172,N/A,N/A,2.48e-05,31809.54,5648380721836288,2027520,N/A,2025-07-26 21:10:56
99,7.255720,N/A,N/A,2.50e-05,31923.94,5648380721836288,2048000,N/A,2025-07-26 21:10:56
100,8.505177,N/A,N/A,2.53e-05,31807.33,11296761443672578,2068480,1.0000,2025-07-26 21:10:57
101,8.476490,N/A,N/A,2.55e-05,23775.53,22593522887345140,2088960,N/A,2025-07-26 21:11:00
102,8.140651,N/A,N/A,2.57e-05,23772.65,22593522887345140,2109440,N/A,2025-07-26 21:11:01
103,8.110264,N/A,N/A,2.60e-05,23785.69,22593522887345140,2129920,N/A,2025-07-26 21:11:01
104,9.274719,N/A,N/A,2.63e-05,23756.57,45187045774690272,2150400,N/A,2025-07-26 21:11:02
105,9.246211,N/A,N/A,2.65e-05,23749.48,90374091549380544,2170880,N/A,2025-07-26 21:11:03
106,8.359421,N/A,N/A,2.68e-05,23679.31,180748183098761088,2191360,N/A,2025-07-26 21:11:04
107,8.335561,N/A,N/A,2.70e-05,23672.78,361496366197522176,2211840,N/A,2025-07-26 21:11:04
108,7.358366,N/A,N/A,2.72e-05,23675.83,361496366197522176,2232320,N/A,2025-07-26 21:11:05
109,7.332669,N/A,N/A,2.75e-05,23731.89,361496366197522176,2252800,N/A,2025-07-26 21:11:06
110,8.306520,N/A,N/A,2.77e-05,31529.24,361496366197522176,2273280,1.0000,2025-07-26 21:11:06
111,8.281689,N/A,N/A,2.80e-05,31533.66,361496366197522176,2293760,N/A,2025-07-26 21:11:07
112,7.253857,N/A,N/A,2.83e-05,31529.89,722992732395044480,2314240,N/A,2025-07-26 21:11:08
113,7.232149,N/A,N/A,2.85e-05,31528.94,722992732395044480,2334720,N/A,2025-07-26 21:11:09
114,7.318238,N/A,N/A,2.87e-05,31526.00,722992732395044480,2355200,N/A,2025-07-26 21:11:09
115,7.296961,N/A,N/A,2.90e-05,31648.62,722992732395044480,2375680,N/A,2025-07-26 21:11:10
116,7.287941,N/A,N/A,2.92e-05,31637.37,1445985464790088704,2396160,N/A,2025-07-26 21:11:11
117,7.264931,N/A,N/A,2.95e-05,31624.81,2891970929580177408,2416640,N/A,2025-07-26 21:11:11
118,8.693129,N/A,N/A,2.98e-05,31625.43,2891970929580177408,2437120,N/A,2025-07-26 21:11:12
119,8.666262,N/A,N/A,3.00e-05,31811.00,2891970929580177408,2457600,N/A,2025-07-26 21:11:13
120,7.331221,N/A,N/A,3.03e-05,31695.64,5783941859160354816,2478080,1.0000,2025-07-26 21:11:14
121,7.307784,N/A,N/A,3.05e-05,31688.92,11567883718320709632,2498560,N/A,2025-07-26 21:11:14
122,5.495080,N/A,N/A,3.08e-05,31723.14,11567883718320709632,2519040,N/A,2025-07-26 21:11:15
123,5.475240,N/A,N/A,3.10e-05,31754.08,11567883718320709632,2539520,N/A,2025-07-26 21:11:16
124,6.819734,N/A,N/A,3.13e-05,31757.17,11567883718320709632,2560000,N/A,2025-07-26 21:11:16
125,6.795485,N/A,N/A,3.15e-05,31751.18,23135767436641419264,2580480,N/A,2025-07-26 21:11:17
126,8.982112,N/A,N/A,3.18e-05,31752.93,23135767436641419264,2600960,N/A,2025-07-26 21:11:18
127,8.952293,N/A,N/A,3.20e-05,31758.71,23135767436641419264,2621440,N/A,2025-07-26 21:11:19
128,7.064986,N/A,N/A,3.22e-05,31738.67,46271534873282838528,2641920,N/A,2025-07-26 21:11:19
129,7.041534,N/A,N/A,3.25e-05,31844.72,46271534873282838528,2662400,N/A,2025-07-26 21:11:20
130,7.788915,N/A,N/A,3.28e-05,31641.43,92543069746565677056,2682880,1.0000,2025-07-26 21:11:21
131,7.763233,N/A,N/A,3.30e-05,31640.98,92543069746565677056,2703360,N/A,2025-07-26 21:11:22
132,8.905313,N/A,N/A,3.33e-05,31638.77,185086139493131354112,2723840,N/A,2025-07-26 21:11:22
133,8.875964,N/A,N/A,3.35e-05,31608.42,370172278986262708224,2744320,N/A,2025-07-26 21:11:23
134,6.178873,N/A,N/A,3.38e-05,31609.44,370172278986262708224,2764800,N/A,2025-07-26 21:11:24
135,6.157380,N/A,N/A,3.40e-05,31615.49,370172278986262708224,2785280,N/A,2025-07-26 21:11:24
136,8.308569,N/A,N/A,3.42e-05,31575.13,740344557972525416448,2805760,N/A,2025-07-26 21:11:25
137,8.282010,N/A,N/A,3.45e-05,31363.50,1480689115945050832896,2826240,N/A,2025-07-26 21:11:26
138,6.263399,N/A,N/A,3.48e-05,31357.07,2961378231890101665792,2846720,N/A,2025-07-26 21:11:27
139,6.242305,N/A,N/A,3.50e-05,31528.83,2961378231890101665792,2867200,N/A,2025-07-26 21:11:27
140,6.541045,N/A,N/A,3.53e-05,31412.41,5922756463780203331584,2887680,1.0000,2025-07-26 21:11:28
141,6.519857,N/A,N/A,3.55e-05,31389.76,11845512927560406663168,2908160,N/A,2025-07-26 21:11:29
142,8.283401,N/A,N/A,3.58e-05,31415.22,11845512927560406663168,2928640,N/A,2025-07-26 21:11:29
143,8.260070,N/A,N/A,3.60e-05,31402.89,23691025855120813326336,2949120,N/A,2025-07-26 21:11:30
144,7.854228,N/A,N/A,3.63e-05,31382.57,47382051710241626652672,2969600,N/A,2025-07-26 21:11:31
145,7.832681,N/A,N/A,3.65e-05,31395.75,47382051710241626652672,2990080,N/A,2025-07-26 21:11:32
146,8.264113,N/A,N/A,3.68e-05,31623.93,47382051710241626652672,3010560,N/A,2025-07-26 21:11:32
147,8.242705,N/A,N/A,3.70e-05,31628.72,47382051710241626652672,3031040,N/A,2025-07-26 21:11:33
148,7.409484,N/A,N/A,3.72e-05,31671.13,47382051710241626652672,3051520,N/A,2025-07-26 21:11:34
149,7.390239,N/A,N/A,3.75e-05,31787.99,47382051710241626652672,3072000,N/A,2025-07-26 21:11:35
150,6.610809,N/A,N/A,3.78e-05,31676.84,94764103420483253305344,3092480,1.0000,2025-07-26 21:11:35
151,6.595126,N/A,N/A,3.80e-05,31673.54,94764103420483253305344,3112960,N/A,2025-07-26 21:11:36
152,6.628819,N/A,N/A,3.83e-05,31708.90,94764103420483253305344,3133440,N/A,2025-07-26 21:11:37
153,6.613775,N/A,N/A,3.85e-05,31661.40,189528206840966506610688,3153920,N/A,2025-07-26 21:11:37
154,8.350888,N/A,N/A,3.87e-05,31689.43,189528206840966506610688,3174400,N/A,2025-07-26 21:11:38
155,8.331898,N/A,N/A,3.90e-05,31682.74,379056413681933013221376,3194880,N/A,2025-07-26 21:11:39
156,5.945565,N/A,N/A,3.93e-05,31677.00,758112827363866026442752,3215360,N/A,2025-07-26 21:11:40
157,5.932149,N/A,N/A,3.95e-05,31654.76,1516225654727732052885504,3235840,N/A,2025-07-26 21:11:40
158,5.653168,N/A,N/A,3.98e-05,31621.85,3032451309455464105771008,3256320,N/A,2025-07-26 21:11:41
159,5.640291,N/A,N/A,4.00e-05,31742.72,3032451309455464105771008,3276800,N/A,2025-07-26 21:11:42
160,5.838992,N/A,N/A,4.03e-05,31573.78,6064902618910928211542016,3297280,1.0000,2025-07-26 21:11:42
161,5.988480,N/A,N/A,4.05e-05,31544.42,12129805237821856423084032,3317760,N/A,2025-07-26 21:11:43
162,7.288795,N/A,N/A,4.08e-05,31587.73,12129805237821856423084032,3338240,N/A,2025-07-26 21:11:44
163,6.735935,N/A,N/A,4.10e-05,31548.83,24259610475643712846168064,3358720,N/A,2025-07-26 21:11:45
164,6.537559,N/A,N/A,4.12e-05,31581.15,24259610475643712846168064,3379200,N/A,2025-07-26 21:11:45
165,6.977972,N/A,N/A,4.15e-05,31585.93,24259610475643712846168064,3399680,N/A,2025-07-26 21:11:46
166,7.015715,N/A,N/A,4.17e-05,31606.65,24259610475643712846168064,3420160,N/A,2025-07-26 21:11:47
167,6.494945,N/A,N/A,4.20e-05,31632.99,24259610475643712846168064,3440640,N/A,2025-07-26 21:11:47
168,6.879354,N/A,N/A,4.23e-05,31614.17,48519220951287425692336128,3461120,N/A,2025-07-26 21:11:48
169,6.893629,N/A,N/A,4.25e-05,31798.20,48519220951287425692336128,3481600,N/A,2025-07-26 21:11:49
170,7.077534,N/A,N/A,4.28e-05,31702.77,97038441902574851384672256,3502080,1.0000,2025-07-26 21:11:50
171,6.482408,N/A,N/A,4.30e-05,31726.29,97038441902574851384672256,3522560,N/A,2025-07-26 21:11:50
172,6.079589,N/A,N/A,4.33e-05,31763.65,97038441902574851384672256,3543040,N/A,2025-07-26 21:11:51
173,6.587218,N/A,N/A,4.35e-05,31768.89,97038441902574851384672256,3563520,N/A,2025-07-26 21:11:52
174,7.556077,N/A,N/A,4.38e-05,31666.11,194076883805149702769344512,3584000,N/A,2025-07-26 21:11:52
175,6.593246,N/A,N/A,4.40e-05,31618.11,388153767610299405538689024,3604480,N/A,2025-07-26 21:11:53
176,6.706710,N/A,N/A,4.42e-05,31595.92,776307535220598811077378048,3624960,N/A,2025-07-26 21:11:54
177,6.546895,N/A,N/A,4.45e-05,31622.64,776307535220598811077378048,3645440,N/A,2025-07-26 21:11:55
178,7.294781,N/A,N/A,4.47e-05,31594.44,1552615070441197622154756096,3665920,N/A,2025-07-26 21:11:55
179,7.935977,N/A,N/A,4.50e-05,31721.33,1552615070441197622154756096,3686400,N/A,2025-07-26 21:11:56
180,8.136547,N/A,N/A,4.53e-05,31639.33,3105230140882395244309512192,3706880,1.0000,2025-07-26 21:11:57
181,6.635568,N/A,N/A,4.55e-05,31620.46,6210460281764790488619024384,3727360,N/A,2025-07-26 21:11:58
182,6.540165,N/A,N/A,4.58e-05,31604.06,12420920563529580977238048768,3747840,N/A,2025-07-26 21:11:58
183,5.689387,N/A,N/A,4.60e-05,31711.94,12420920563529580977238048768,3768320,N/A,2025-07-26 21:11:59
184,6.990396,N/A,N/A,4.63e-05,31743.89,12420920563529580977238048768,3788800,N/A,2025-07-26 21:12:00
185,6.312355,N/A,N/A,4.65e-05,31763.33,12420920563529580977238048768,3809280,N/A,2025-07-26 21:12:00
186,5.967655,N/A,N/A,4.68e-05,31750.12,24841841127059161954476097536,3829760,N/A,2025-07-26 21:12:01
187,5.346796,N/A,N/A,4.70e-05,31776.11,24841841127059161954476097536,3850240,N/A,2025-07-26 21:12:02
188,6.231546,N/A,N/A,4.73e-05,31752.72,49683682254118323908952195072,3870720,N/A,2025-07-26 21:12:03
189,5.512918,N/A,N/A,4.75e-05,31794.09,49683682254118323908952195072,3891200,N/A,2025-07-26 21:12:03
190,5.365868,N/A,N/A,4.78e-05,31661.15,99367364508236647817904390144,3911680,1.0000,2025-07-26 21:12:04
191,5.924600,N/A,N/A,4.80e-05,31661.37,99367364508236647817904390144,3932160,N/A,2025-07-26 21:12:05
192,6.330233,N/A,N/A,4.83e-05,31568.18,198734729016473295635808780288,3952640,N/A,2025-07-26 21:12:05
193,6.877953,N/A,N/A,4.85e-05,31513.99,397469458032946591271617560576,3973120,N/A,2025-07-26 21:12:06
194,6.535664,N/A,N/A,4.87e-05,31530.49,397469458032946591271617560576,3993600,N/A,2025-07-26 21:12:07
195,6.971472,N/A,N/A,4.90e-05,31557.39,397469458032946591271617560576,4014080,N/A,2025-07-26 21:12:08
196,7.729897,N/A,N/A,4.93e-05,31544.14,794938916065893182543235121152,4034560,N/A,2025-07-26 21:12:08
197,7.112317,N/A,N/A,4.95e-05,31516.45,1589877832131786365086470242304,4055040,N/A,2025-07-26 21:12:09
198,7.010249,N/A,N/A,4.98e-05,31552.98,1589877832131786365086470242304,4075520,N/A,2025-07-26 21:12:10
199,7.431252,N/A,N/A,5.00e-05,31538.88,3179755664263572730172940484608,4096000,N/A,2025-07-26 21:12:10
200,7.811461,N/A,N/A,5.00e-05,31409.06,6359511328527145460345880969216,4116480,1.0000,2025-07-26 21:12:11
201,7.175837,N/A,N/A,5.00e-05,22121.54,12719022657054290920691761938432,4136960,N/A,2025-07-26 21:12:15
202,6.621059,N/A,N/A,5.00e-05,22135.30,12719022657054290920691761938432,4157440,N/A,2025-07-26 21:12:15
203,5.835530,N/A,N/A,5.00e-05,22127.15,25438045314108581841383523876864,4177920,N/A,2025-07-26 21:12:16
204,7.420291,N/A,N/A,5.00e-05,22118.33,50876090628217163682767047753728,4198400,N/A,2025-07-26 21:12:17
205,6.519578,N/A,N/A,5.00e-05,22132.78,50876090628217163682767047753728,4218880,N/A,2025-07-26 21:12:18
206,6.937693,N/A,N/A,5.00e-05,22150.26,50876090628217163682767047753728,4239360,N/A,2025-07-26 21:12:18
207,7.444521,N/A,N/A,5.00e-05,22145.16,101752181256434327365534095507456,4259840,N/A,2025-07-26 21:12:19
208,8.744352,N/A,N/A,5.00e-05,22223.06,101752181256434327365534095507456,4280320,N/A,2025-07-26 21:12:20
209,6.708591,N/A,N/A,5.00e-05,22282.99,101752181256434327365534095507456,4300800,N/A,2025-07-26 21:12:20
210,7.271751,N/A,N/A,5.00e-05,31684.94,101752181256434327365534095507456,4321280,1.0000,2025-07-26 21:12:21
211,7.149650,N/A,N/A,5.00e-05,31718.09,101752181256434327365534095507456,4341760,N/A,2025-07-26 21:12:22
212,7.067964,N/A,N/A,5.00e-05,31734.06,101752181256434327365534095507456,4362240,N/A,2025-07-26 21:12:23
213,6.513961,N/A,N/A,5.00e-05,31736.23,101752181256434327365534095507456,4382720,N/A,2025-07-26 21:12:23
214,6.452452,N/A,N/A,5.00e-05,31695.39,203504362512868654731068191014912,4403200,N/A,2025-07-26 21:12:24
215,7.103290,N/A,N/A,5.00e-05,31594.05,407008725025737309462136382029824,4423680,N/A,2025-07-26 21:12:25
216,6.597155,N/A,N/A,5.00e-05,31622.99,407008725025737309462136382029824,4444160,N/A,2025-07-26 21:12:25
217,6.047380,N/A,N/A,5.00e-05,31625.58,407008725025737309462136382029824,4464640,N/A,2025-07-26 21:12:26
218,6.859015,N/A,N/A,5.00e-05,31603.16,814017450051474618924272764059648,4485120,N/A,2025-07-26 21:12:27
219,7.201511,N/A,N/A,5.00e-05,31737.69,814017450051474618924272764059648,4505600,N/A,2025-07-26 21:12:28
220,6.621431,N/A,N/A,5.00e-05,31592.77,1628034900102949237848545528119296,4526080,1.0000,2025-07-26 21:12:28
221,6.941807,N/A,N/A,5.00e-05,31587.25,3256069800205898475697091056238592,4546560,N/A,2025-07-26 21:12:29
222,4.733331,N/A,N/A,5.00e-05,31599.59,3256069800205898475697091056238592,4567040,N/A,2025-07-26 21:12:30
223,5.997392,N/A,N/A,5.00e-05,31615.17,3256069800205898475697091056238592,4587520,N/A,2025-07-26 21:12:31
224,6.118290,N/A,N/A,5.00e-05,31706.38,3256069800205898475697091056238592,4608000,N/A,2025-07-26 21:12:31
225,5.668291,N/A,N/A,5.00e-05,31701.06,6512139600411796951394182112477184,4628480,N/A,2025-07-26 21:12:32
226,6.371282,N/A,N/A,5.00e-05,31711.46,6512139600411796951394182112477184,4648960,N/A,2025-07-26 21:12:33
227,6.339893,N/A,N/A,5.00e-05,31732.74,6512139600411796951394182112477184,4669440,N/A,2025-07-26 21:12:33
228,5.963398,N/A,N/A,5.00e-05,31744.88,6512139600411796951394182112477184,4689920,N/A,2025-07-26 21:12:34
229,6.344919,N/A,N/A,5.00e-05,31901.53,6512139600411796951394182112477184,4710400,N/A,2025-07-26 21:12:35
230,7.614730,N/A,N/A,5.00e-05,31794.16,13024279200823593902788364224954368,4730880,1.0000,2025-07-26 21:12:36
231,5.809003,N/A,N/A,5.00e-05,31611.68,26048558401647187805576728449908736,4751360,N/A,2025-07-26 21:12:36
232,7.283935,N/A,N/A,5.00e-05,31613.35,26048558401647187805576728449908736,4771840,N/A,2025-07-26 21:12:37
233,7.192867,N/A,N/A,5.00e-05,31633.21,26048558401647187805576728449908736,4792320,N/A,2025-07-26 21:12:38
234,7.874148,N/A,N/A,5.00e-05,31598.63,52097116803294375611153456899817472,4812800,N/A,2025-07-26 21:12:38
235,7.933828,N/A,N/A,5.00e-05,31411.60,104194233606588751222306913799634944,4833280,N/A,2025-07-26 21:12:39
236,5.797227,N/A,N/A,5.00e-05,31409.68,208388467213177502444613827599269888,4853760,N/A,2025-07-26 21:12:40
237,6.246078,N/A,N/A,5.00e-05,31427.27,208388467213177502444613827599269888,4874240,N/A,2025-07-26 21:12:41
238,7.247705,N/A,N/A,5.00e-05,31414.41,416776934426355004889227655198539776,4894720,N/A,2025-07-26 21:12:41
239,6.719397,N/A,N/A,5.00e-05,31514.83,416776934426355004889227655198539776,4915200,N/A,2025-07-26 21:12:42
240,5.608794,N/A,N/A,5.00e-05,31402.73,833553868852710009778455310397079552,4935680,1.0000,2025-07-26 21:12:43
241,7.228637,N/A,N/A,5.00e-05,31424.41,833553868852710009778455310397079552,4956160,N/A,2025-07-26 21:12:43
242,6.161362,N/A,N/A,5.00e-05,31393.51,1667107737705420019556910620794159104,4976640,N/A,2025-07-26 21:12:44
243,7.040886,N/A,N/A,5.00e-05,31410.32,1667107737705420019556910620794159104,4997120,N/A,2025-07-26 21:12:45
244,6.469905,N/A,N/A,5.00e-05,31571.13,1667107737705420019556910620794159104,5017600,N/A,2025-07-26 21:12:46
245,6.917552,N/A,N/A,5.00e-05,31553.58,3334215475410840039113821241588318208,5038080,N/A,2025-07-26 21:12:46
246,6.279722,N/A,N/A,5.00e-05,31510.05,6668430950821680078227642483176636416,5058560,N/A,2025-07-26 21:12:47
247,7.766893,N/A,N/A,5.00e-05,31519.85,6668430950821680078227642483176636416,5079040,N/A,2025-07-26 21:12:48
248,6.930718,N/A,N/A,5.00e-05,31496.82,13336861901643360156455284966353272832,5099520,N/A,2025-07-26 21:12:49
249,7.451552,N/A,N/A,5.00e-05,31781.67,13336861901643360156455284966353272832,5120000,N/A,2025-07-26 21:12:49
250,5.047632,N/A,N/A,5.00e-05,31678.54,26673723803286720312910569932706545664,5140480,1.0000,2025-07-26 21:12:50
251,6.250234,N/A,N/A,5.00e-05,31703.35,26673723803286720312910569932706545664,5160960,N/A,2025-07-26 21:12:51
252,7.319607,N/A,N/A,5.00e-05,31702.68,26673723803286720312910569932706545664,5181440,N/A,2025-07-26 21:12:51
253,5.985292,N/A,N/A,5.00e-05,31718.55,26673723803286720312910569932706545664,5201920,N/A,2025-07-26 21:12:52
254,5.715450,N/A,N/A,5.00e-05,31744.40,26673723803286720312910569932706545664,5222400,N/A,2025-07-26 21:12:53
255,6.434184,N/A,N/A,5.00e-05,31765.81,26673723803286720312910569932706545664,5242880,N/A,2025-07-26 21:12:54
256,5.833434,N/A,N/A,5.00e-05,31742.90,53347447606573440625821139865413091328,5263360,N/A,2025-07-26 21:12:54
257,7.188214,N/A,N/A,5.00e-05,31728.83,106694895213146881251642279730826182656,5283840,N/A,2025-07-26 21:12:55
258,5.720201,N/A,N/A,5.00e-05,31728.62,106694895213146881251642279730826182656,5304320,N/A,2025-07-26 21:12:56
259,6.272973,N/A,N/A,5.00e-05,31822.67,106694895213146881251642279730826182656,5324800,N/A,2025-07-26 21:12:56
260,6.875445,N/A,N/A,5.00e-05,31680.52,213389790426293762503284559461652365312,5345280,1.0000,2025-07-26 21:12:57
261,7.231135,N/A,N/A,5.00e-05,31522.80,426779580852587525006569118923304730624,5365760,N/A,2025-07-26 21:12:58
262,6.517053,N/A,N/A,5.00e-05,31527.35,426779580852587525006569118923304730624,5386240,N/A,2025-07-26 21:12:59
263,6.229345,N/A,N/A,5.00e-05,31531.62,426779580852587525006569118923304730624,5406720,N/A,2025-07-26 21:12:59
264,7.541354,N/A,N/A,5.00e-05,31537.58,426779580852587525006569118923304730624,5427200,N/A,2025-07-26 21:13:00
265,6.499398,N/A,N/A,5.00e-05,31566.11,426779580852587525006569118923304730624,5447680,N/A,2025-07-26 21:13:01
266,6.784336,N/A,N/A,5.00e-05,31587.97,426779580852587525006569118923304730624,5468160,N/A,2025-07-26 21:13:01
267,6.171418,N/A,N/A,5.00e-05,31488.22,853559161705175050013138237846609461248,5488640,N/A,2025-07-26 21:13:02
268,5.950280,N/A,N/A,5.00e-05,31357.97,1707118323410350100026276475693218922496,5509120,N/A,2025-07-26 21:13:03
269,7.143494,N/A,N/A,5.00e-05,31492.88,1707118323410350100026276475693218922496,5529600,N/A,2025-07-26 21:13:04
270,6.815298,N/A,N/A,5.00e-05,31558.03,1707118323410350100026276475693218922496,5550080,1.0000,2025-07-26 21:13:04
271,7.626832,N/A,N/A,5.00e-05,31526.62,3414236646820700200052552951386437844992,5570560,N/A,2025-07-26 21:13:05
272,6.011526,N/A,N/A,5.00e-05,31535.53,3414236646820700200052552951386437844992,5591040,N/A,2025-07-26 21:13:06
273,7.212009,N/A,N/A,5.00e-05,31527.24,6828473293641400400105105902772875689984,5611520,N/A,2025-07-26 21:13:07
274,6.119435,N/A,N/A,5.00e-05,31489.62,13656946587282800800210211805545751379968,5632000,N/A,2025-07-26 21:13:07
275,5.907835,N/A,N/A,5.00e-05,31496.98,13656946587282800800210211805545751379968,5652480,N/A,2025-07-26 21:13:08
276,6.063962,N/A,N/A,5.00e-05,31585.46,13656946587282800800210211805545751379968,5672960,N/A,2025-07-26 21:13:09
277,6.214928,N/A,N/A,5.00e-05,31683.59,13656946587282800800210211805545751379968,5693440,N/A,2025-07-26 21:13:09
278,7.262429,N/A,N/A,5.00e-05,31672.11,27313893174565601600420423611091502759936,5713920,N/A,2025-07-26 21:13:10
279,5.637947,N/A,N/A,5.00e-05,31756.60,27313893174565601600420423611091502759936,5734400,N/A,2025-07-26 21:13:11
280,6.135028,N/A,N/A,5.00e-05,31612.49,54627786349131203200840847222183005519872,5754880,0.9217,2025-07-26 21:13:12
281,6.508118,N/A,N/A,5.00e-05,31588.92,109255572698262406401681694444366011039744,5775360,N/A,2025-07-26 21:13:12
282,4.638636,N/A,N/A,5.00e-05,31570.67,218511145396524812803363388888732022079488,5795840,N/A,2025-07-26 21:13:13
283,7.082953,N/A,N/A,5.00e-05,31608.95,218511145396524812803363388888732022079488,5816320,N/A,2025-07-26 21:13:14
284,5.789380,N/A,N/A,5.00e-05,31615.22,218511145396524812803363388888732022079488,5836800,N/A,2025-07-26 21:13:14
285,7.209287,N/A,N/A,5.00e-05,31627.61,218511145396524812803363388888732022079488,5857280,N/A,2025-07-26 21:13:15
286,7.679246,N/A,N/A,5.00e-05,31642.14,218511145396524812803363388888732022079488,5877760,N/A,2025-07-26 21:13:16
287,6.961240,N/A,N/A,5.00e-05,31660.32,218511145396524812803363388888732022079488,5898240,N/A,2025-07-26 21:13:17
288,6.066695,N/A,N/A,5.00e-05,31678.79,218511145396524812803363388888732022079488,5918720,N/A,2025-07-26 21:13:17
289,7.109950,N/A,N/A,5.00e-05,31837.70,218511145396524812803363388888732022079488,5939200,N/A,2025-07-26 21:13:18
290,6.740860,N/A,N/A,5.00e-05,31740.67,437022290793049625606726777777464044158976,5959680,1.0000,2025-07-26 21:13:19
291,5.825226,N/A,N/A,5.00e-05,31751.48,437022290793049625606726777777464044158976,5980160,N/A,2025-07-26 21:13:19
292,7.756244,N/A,N/A,5.00e-05,31603.77,874044581586099251213453555554928088317952,6000640,N/A,2025-07-26 21:13:20
293,6.022335,N/A,N/A,5.00e-05,31593.63,1748089163172198502426907111109856176635904,6021120,N/A,2025-07-26 21:13:21
294,5.374378,N/A,N/A,5.00e-05,31583.77,3496178326344397004853814222219712353271808,6041600,N/A,2025-07-26 21:13:22
295,6.010635,N/A,N/A,5.00e-05,31581.30,3496178326344397004853814222219712353271808,6062080,N/A,2025-07-26 21:13:22
296,7.336906,N/A,N/A,5.00e-05,31573.97,6992356652688794009707628444439424706543616,6082560,N/A,2025-07-26 21:13:23
297,6.736226,N/A,N/A,5.00e-05,31588.83,6992356652688794009707628444439424706543616,6103040,N/A,2025-07-26 21:13:24
298,5.493249,N/A,N/A,5.00e-05,31583.41,13984713305377588019415256888878849413087232,6123520,N/A,2025-07-26 21:13:24
299,6.141553,N/A,N/A,5.00e-05,31696.99,13984713305377588019415256888878849413087232,6144000,N/A,2025-07-26 21:13:25
300,5.787053,N/A,N/A,5.00e-05,31563.40,27969426610755176038830513777757698826174464,6164480,1.0000,2025-07-26 21:13:26
301,6.762719,N/A,N/A,5.00e-05,23163.93,55938853221510352077661027555515397652348928,6184960,N/A,2025-07-26 21:13:29
302,7.433622,N/A,N/A,5.00e-05,23171.89,55938853221510352077661027555515397652348928,6205440,N/A,2025-07-26 21:13:30
303,6.578363,N/A,N/A,5.00e-05,23175.53,55938853221510352077661027555515397652348928,6225920,N/A,2025-07-26 21:13:30
304,7.049617,N/A,N/A,5.00e-05,23179.49,55938853221510352077661027555515397652348928,6246400,N/A,2025-07-26 21:13:31
305,6.652079,N/A,N/A,5.00e-05,23181.85,55938853221510352077661027555515397652348928,6266880,N/A,2025-07-26 21:13:32
306,7.429837,N/A,N/A,5.00e-05,23183.50,55938853221510352077661027555515397652348928,6287360,N/A,2025-07-26 21:13:33
307,6.073077,N/A,N/A,5.00e-05,23131.19,111877706443020704155322055111030795304697856,6307840,N/A,2025-07-26 21:13:33
308,6.691385,N/A,N/A,5.00e-05,23103.78,223755412886041408310644110222061590609395712,6328320,N/A,2025-07-26 21:13:34
309,6.529956,N/A,N/A,5.00e-05,23196.24,223755412886041408310644110222061590609395712,6348800,N/A,2025-07-26 21:13:35
310,5.940357,N/A,N/A,5.00e-05,31654.41,223755412886041408310644110222061590609395712,6369280,1.0000,2025-07-26 21:13:36
311,5.992043,N/A,N/A,5.00e-05,31651.73,447510825772082816621288220444123181218791424,6389760,N/A,2025-07-26 21:13:36
312,6.031705,N/A,N/A,5.00e-05,31646.70,895021651544165633242576440888246362437582848,6410240,N/A,2025-07-26 21:13:37
313,5.338515,N/A,N/A,5.00e-05,31654.30,895021651544165633242576440888246362437582848,6430720,N/A,2025-07-26 21:13:38
314,7.614892,N/A,N/A,5.00e-05,31611.62,1790043303088331266485152881776492724875165696,6451200,N/A,2025-07-26 21:13:38
315,7.191778,N/A,N/A,5.00e-05,31592.10,3580086606176662532970305763552985449750331392,6471680,N/A,2025-07-26 21:13:39
316,5.453083,N/A,N/A,5.00e-05,31709.81,3580086606176662532970305763552985449750331392,6492160,N/A,2025-07-26 21:13:40
317,5.516010,N/A,N/A,5.00e-05,31772.36,3580086606176662532970305763552985449750331392,6512640,N/A,2025-07-26 21:13:41
318,5.154189,N/A,N/A,5.00e-05,31684.18,7160173212353325065940611527105970899500662784,6533120,N/A,2025-07-26 21:13:41
319,6.548812,N/A,N/A,5.00e-05,31608.68,14320346424706650131881223054211941799001325568,6553600,N/A,2025-07-26 21:13:42
320,5.927237,N/A,N/A,5.00e-05,31504.93,28640692849413300263762446108423883598002651136,6574080,1.0000,2025-07-26 21:13:43
321,6.636648,N/A,N/A,5.00e-05,31525.12,28640692849413300263762446108423883598002651136,6594560,N/A,2025-07-26 21:13:43
322,7.410227,N/A,N/A,5.00e-05,31532.44,28640692849413300263762446108423883598002651136,6615040,N/A,2025-07-26 21:13:44
323,6.217185,N/A,N/A,5.00e-05,31567.04,28640692849413300263762446108423883598002651136,6635520,N/A,2025-07-26 21:13:45
324,6.133861,N/A,N/A,5.00e-05,31601.98,28640692849413300263762446108423883598002651136,6656000,N/A,2025-07-26 21:13:46
325,6.016370,N/A,N/A,5.00e-05,31584.84,57281385698826600527524892216847767196005302272,6676480,N/A,2025-07-26 21:13:46
326,5.205524,N/A,N/A,5.00e-05,31576.25,114562771397653201055049784433695534392010604544,6696960,N/A,2025-07-26 21:13:47
327,6.323025,N/A,N/A,5.00e-05,31635.23,114562771397653201055049784433695534392010604544,6717440,N/A,2025-07-26 21:13:48
328,6.168058,N/A,N/A,5.00e-05,31791.24,114562771397653201055049784433695534392010604544,6737920,N/A,2025-07-26 21:13:48
329,5.548532,N/A,N/A,5.00e-05,31883.53,114562771397653201055049784433695534392010604544,6758400,N/A,2025-07-26 21:13:49
330,5.183597,N/A,N/A,5.00e-05,31532.94,229125542795306402110099568867391068784021209088,6778880,0.8637,2025-07-26 21:13:50
331,7.451654,N/A,N/A,5.00e-05,31371.50,458251085590612804220199137734782137568042418176,6799360,N/A,2025-07-26 21:13:51
332,7.052418,N/A,N/A,5.00e-05,31392.19,458251085590612804220199137734782137568042418176,6819840,N/A,2025-07-26 21:13:51
333,5.549594,N/A,N/A,5.00e-05,31241.50,916502171181225608440398275469564275136084836352,6840320,N/A,2025-07-26 21:13:52
334,5.798594,N/A,N/A,5.00e-05,31260.80,916502171181225608440398275469564275136084836352,6860800,N/A,2025-07-26 21:13:53
335,7.138662,N/A,N/A,5.00e-05,31258.17,1833004342362451216880796550939128550272169672704,6881280,N/A,2025-07-26 21:13:54
336,4.563729,N/A,N/A,5.00e-05,31244.66,3666008684724902433761593101878257100544339345408,6901760,N/A,2025-07-26 21:13:54
337,7.066843,N/A,N/A,5.00e-05,31241.02,3666008684724902433761593101878257100544339345408,6922240,N/A,2025-07-26 21:13:55
338,5.929420,N/A,N/A,5.00e-05,31251.16,3666008684724902433761593101878257100544339345408,6942720,N/A,2025-07-26 21:13:56
339,6.040102,N/A,N/A,5.00e-05,31569.23,3666008684724902433761593101878257100544339345408,6963200,N/A,2025-07-26 21:13:56
340,6.684932,N/A,N/A,5.00e-05,31603.40,3666008684724902433761593101878257100544339345408,6983680,1.0000,2025-07-26 21:13:57
341,5.856071,N/A,N/A,5.00e-05,31555.00,7332017369449804867523186203756514201088678690816,7004160,N/A,2025-07-26 21:13:58
342,6.974429,N/A,N/A,5.00e-05,31679.46,7332017369449804867523186203756514201088678690816,7024640,N/A,2025-07-26 21:13:59
343,6.622552,N/A,N/A,5.00e-05,31668.98,14664034738899609735046372407513028402177357381632,7045120,N/A,2025-07-26 21:13:59
344,6.444705,N/A,N/A,5.00e-05,31636.57,29328069477799219470092744815026056804354714763264,7065600,N/A,2025-07-26 21:14:00
345,5.887345,N/A,N/A,5.00e-05,31645.12,29328069477799219470092744815026056804354714763264,7086080,N/A,2025-07-26 21:14:01
346,5.610327,N/A,N/A,5.00e-05,31679.71,29328069477799219470092744815026056804354714763264,7106560,N/A,2025-07-26 21:14:01
347,6.236184,N/A,N/A,5.00e-05,31678.75,29328069477799219470092744815026056804354714763264,7127040,N/A,2025-07-26 21:14:02
348,6.372540,N/A,N/A,5.00e-05,31604.32,58656138955598438940185489630052113608709429526528,7147520,N/A,2025-07-26 21:14:03
349,6.350964,N/A,N/A,5.00e-05,31708.20,58656138955598438940185489630052113608709429526528,7168000,N/A,2025-07-26 21:14:04
350,6.486450,N/A,N/A,5.00e-05,31628.65,117312277911196877880370979260104227217418859053056,7188480,1.0000,2025-07-26 21:14:04
351,7.338468,N/A,N/A,5.00e-05,31600.77,234624555822393755760741958520208454434837718106112,7208960,N/A,2025-07-26 21:14:05
352,5.805465,N/A,N/A,5.00e-05,31608.28,234624555822393755760741958520208454434837718106112,7229440,N/A,2025-07-26 21:14:06
353,6.137271,N/A,N/A,5.00e-05,31619.91,234624555822393755760741958520208454434837718106112,7249920,N/A,2025-07-26 21:14:07
354,6.408216,N/A,N/A,5.00e-05,31588.99,469249111644787511521483917040416908869675436212224,7270400,N/A,2025-07-26 21:14:07
355,6.918353,N/A,N/A,5.00e-05,31503.84,938498223289575023042967834080833817739350872424448,7290880,N/A,2025-07-26 21:14:08
356,7.071213,N/A,N/A,5.00e-05,31491.39,1876996446579150046085935668161667635478701744848896,7311360,N/A,2025-07-26 21:14:09
357,6.114953,N/A,N/A,5.00e-05,31563.96,1876996446579150046085935668161667635478701744848896,7331840,N/A,2025-07-26 21:14:09
358,7.707431,N/A,N/A,5.00e-05,31583.05,1876996446579150046085935668161667635478701744848896,7352320,N/A,2025-07-26 21:14:10
359,5.928987,N/A,N/A,5.00e-05,31679.53,1876996446579150046085935668161667635478701744848896,7372800,N/A,2025-07-26 21:14:11
360,5.762344,N/A,N/A,5.00e-05,31597.61,3753992893158300092171871336323335270957403489697792,7393280,1.0000,2025-07-26 21:14:12
361,5.883504,N/A,N/A,5.00e-05,31594.53,3753992893158300092171871336323335270957403489697792,7413760,N/A,2025-07-26 21:14:12
362,7.341720,N/A,N/A,5.00e-05,31612.04,3753992893158300092171871336323335270957403489697792,7434240,N/A,2025-07-26 21:14:13
363,7.496950,N/A,N/A,5.00e-05,31649.91,3753992893158300092171871336323335270957403489697792,7454720,N/A,2025-07-26 21:14:14
364,7.577021,N/A,N/A,5.00e-05,31714.46,3753992893158300092171871336323335270957403489697792,7475200,N/A,2025-07-26 21:14:14
365,4.772464,N/A,N/A,5.00e-05,31739.82,3753992893158300092171871336323335270957403489697792,7495680,N/A,2025-07-26 21:14:15
366,6.113682,N/A,N/A,5.00e-05,31755.05,3753992893158300092171871336323335270957403489697792,7516160,N/A,2025-07-26 21:14:16
367,7.456570,N/A,N/A,5.00e-05,31760.51,3753992893158300092171871336323335270957403489697792,7536640,N/A,2025-07-26 21:14:17
368,6.084875,N/A,N/A,5.00e-05,31762.55,3753992893158300092171871336323335270957403489697792,7557120,N/A,2025-07-26 21:14:17
369,5.353760,N/A,N/A,5.00e-05,31872.36,3753992893158300092171871336323335270957403489697792,7577600,N/A,2025-07-26 21:14:18
370,5.379158,N/A,N/A,5.00e-05,31503.51,7507985786316600184343742672646670541914806979395584,7598080,0.9468,2025-07-26 21:14:19
371,6.049193,N/A,N/A,5.00e-05,31504.66,7507985786316600184343742672646670541914806979395584,7618560,N/A,2025-07-26 21:14:19
372,6.328312,N/A,N/A,5.00e-05,31503.99,7507985786316600184343742672646670541914806979395584,7639040,N/A,2025-07-26 21:14:20
373,6.030991,N/A,N/A,5.00e-05,31512.01,7507985786316600184343742672646670541914806979395584,7659520,N/A,2025-07-26 21:14:21
374,6.211593,N/A,N/A,5.00e-05,31486.96,15015971572633200368687485345293341083829613958791168,7680000,N/A,2025-07-26 21:14:22
375,6.686398,N/A,N/A,5.00e-05,31479.82,30031943145266400737374970690586682167659227917582336,7700480,N/A,2025-07-26 21:14:22
376,6.718545,N/A,N/A,5.00e-05,31448.23,60063886290532801474749941381173364335318455835164672,7720960,N/A,2025-07-26 21:14:23
377,4.486454,N/A,N/A,5.00e-05,31436.38,120127772581065602949499882762346728670636911670329344,7741440,N/A,2025-07-26 21:14:24
378,5.900815,N/A,N/A,5.00e-05,31254.18,240255545162131205898999765524693457341273823340658688,7761920,N/A,2025-07-26 21:14:25
379,6.905521,N/A,N/A,5.00e-05,31602.68,240255545162131205898999765524693457341273823340658688,7782400,N/A,2025-07-26 21:14:25
380,5.571439,N/A,N/A,5.00e-05,31482.31,480511090324262411797999531049386914682547646681317376,7802880,1.0000,2025-07-26 21:14:26
381,6.630663,N/A,N/A,5.00e-05,31483.70,480511090324262411797999531049386914682547646681317376,7823360,N/A,2025-07-26 21:14:27
382,6.454981,N/A,N/A,5.00e-05,31479.52,961022180648524823595999062098773829365095293362634752,7843840,N/A,2025-07-26 21:14:27
383,6.274996,N/A,N/A,5.00e-05,31446.05,1922044361297049647191998124197547658730190586725269504,7864320,N/A,2025-07-26 21:14:28
384,5.943484,N/A,N/A,5.00e-05,31460.74,1922044361297049647191998124197547658730190586725269504,7884800,N/A,2025-07-26 21:14:29
385,5.171923,N/A,N/A,5.00e-05,31442.78,3844088722594099294383996248395095317460381173450539008,7905280,N/A,2025-07-26 21:14:30
386,5.664330,N/A,N/A,5.00e-05,31455.64,3844088722594099294383996248395095317460381173450539008,7925760,N/A,2025-07-26 21:14:30
387,7.047155,N/A,N/A,5.00e-05,31646.78,3844088722594099294383996248395095317460381173450539008,7946240,N/A,2025-07-26 21:14:31
388,6.949719,N/A,N/A,5.00e-05,31671.05,3844088722594099294383996248395095317460381173450539008,7966720,N/A,2025-07-26 21:14:32
389,5.266370,N/A,N/A,5.00e-05,31759.34,3844088722594099294383996248395095317460381173450539008,7987200,N/A,2025-07-26 21:14:32
390,6.246257,N/A,N/A,5.00e-05,31623.99,7688177445188198588767992496790190634920762346901078016,8007680,0.9064,2025-07-26 21:14:33
391,5.527743,N/A,N/A,5.00e-05,31499.62,15376354890376397177535984993580381269841524693802156032,8028160,N/A,2025-07-26 21:14:34
392,6.461042,N/A,N/A,5.00e-05,31419.10,30752709780752794355071969987160762539683049387604312064,8048640,N/A,2025-07-26 21:14:35
393,6.415052,N/A,N/A,5.00e-05,31339.71,61505419561505588710143939974321525079366098775208624128,8069120,N/A,2025-07-26 21:14:35
394,5.599322,N/A,N/A,5.00e-05,31369.94,61505419561505588710143939974321525079366098775208624128,8089600,N/A,2025-07-26 21:14:36
395,5.491490,N/A,N/A,5.00e-05,31260.02,123010839123011177420287879948643050158732197550417248256,8110080,N/A,2025-07-26 21:14:37
396,7.158155,N/A,N/A,5.00e-05,31131.19,246021678246022354840575759897286100317464395100834496512,8130560,N/A,2025-07-26 21:14:38
397,5.716165,N/A,N/A,5.00e-05,31013.37,492043356492044709681151519794572200634928790201668993024,8151040,N/A,2025-07-26 21:14:38
398,5.541989,N/A,N/A,5.00e-05,31030.08,492043356492044709681151519794572200634928790201668993024,8171520,N/A,2025-07-26 21:14:39
399,6.141211,N/A,N/A,5.00e-05,31022.14,984086712984089419362303039589144401269857580403337986048,8192000,N/A,2025-07-26 21:14:40
400,6.585908,N/A,N/A,5.00e-05,31005.55,1968173425968178838724606079178288802539715160806675972096,8212480,1.0000,2025-07-26 21:14:41
401,5.629673,N/A,N/A,5.00e-05,21401.60,3936346851936357677449212158356577605079430321613351944192,8232960,N/A,2025-07-26 21:14:44
402,6.782513,N/A,N/A,5.00e-05,21438.55,3936346851936357677449212158356577605079430321613351944192,8253440,N/A,2025-07-26 21:14:45
403,5.805022,N/A,N/A,5.00e-05,21373.25,7872693703872715354898424316713155210158860643226703888384,8273920,N/A,2025-07-26 21:14:46
404,7.101596,N/A,N/A,5.00e-05,21441.50,7872693703872715354898424316713155210158860643226703888384,8294400,N/A,2025-07-26 21:14:46
405,5.685591,N/A,N/A,5.00e-05,21491.66,7872693703872715354898424316713155210158860643226703888384,8314880,N/A,2025-07-26 21:14:47
406,6.497118,N/A,N/A,5.00e-05,21553.71,7872693703872715354898424316713155210158860643226703888384,8335360,N/A,2025-07-26 21:14:48
407,5.696276,N/A,N/A,5.00e-05,21573.61,7872693703872715354898424316713155210158860643226703888384,8355840,N/A,2025-07-26 21:14:49
408,6.784691,N/A,N/A,5.00e-05,21629.89,7872693703872715354898424316713155210158860643226703888384,8376320,N/A,2025-07-26 21:14:49
409,6.190396,N/A,N/A,5.00e-05,21620.37,15745387407745430709796848633426310420317721286453407776768,8396800,N/A,2025-07-26 21:14:50
410,5.356649,N/A,N/A,5.00e-05,31479.65,15745387407745430709796848633426310420317721286453407776768,8417280,0.9056,2025-07-26 21:14:51
411,7.702011,N/A,N/A,5.00e-05,31212.48,31490774815490861419593697266852620840635442572906815553536,8437760,N/A,2025-07-26 21:14:52
412,5.320893,N/A,N/A,5.00e-05,31382.09,31490774815490861419593697266852620840635442572906815553536,8458240,N/A,2025-07-26 21:14:52
413,6.038352,N/A,N/A,5.00e-05,31167.99,62981549630981722839187394533705241681270885145813631107072,8478720,N/A,2025-07-26 21:14:53
414,5.531780,N/A,N/A,5.00e-05,31196.94,62981549630981722839187394533705241681270885145813631107072,8499200,N/A,2025-07-26 21:14:54
415,5.500711,N/A,N/A,5.00e-05,31183.47,125963099261963445678374789067410483362541770291627262214144,8519680,N/A,2025-07-26 21:14:54
416,6.543536,N/A,N/A,5.00e-05,31080.17,251926198523926891356749578134820966725083540583254524428288,8540160,N/A,2025-07-26 21:14:55
417,6.473240,N/A,N/A,5.00e-05,31000.34,503852397047853782713499156269641933450167081166509048856576,8560640,N/A,2025-07-26 21:14:56
418,6.644498,N/A,N/A,5.00e-05,31164.73,503852397047853782713499156269641933450167081166509048856576,8581120,N/A,2025-07-26 21:14:57
419,6.563708,N/A,N/A,5.00e-05,31146.85,1007704794095707565426998312539283866900334162333018097713152,8601600,N/A,2025-07-26 21:14:57
420,5.797244,N/A,N/A,5.00e-05,31286.87,1007704794095707565426998312539283866900334162333018097713152,8622080,1.0000,2025-07-26 21:14:58
421,5.517309,N/A,N/A,5.00e-05,31132.03,2015409588191415130853996625078567733800668324666036195426304,8642560,N/A,2025-07-26 21:14:59
422,6.984910,N/A,N/A,5.00e-05,31326.08,2015409588191415130853996625078567733800668324666036195426304,8663040,N/A,2025-07-26 21:15:00
423,6.219375,N/A,N/A,5.00e-05,31305.79,4030819176382830261707993250157135467601336649332072390852608,8683520,N/A,2025-07-26 21:15:00
424,6.854575,N/A,N/A,5.00e-05,31293.51,8061638352765660523415986500314270935202673298664144781705216,8704000,N/A,2025-07-26 21:15:01
425,5.866215,N/A,N/A,5.00e-05,31366.28,8061638352765660523415986500314270935202673298664144781705216,8724480,N/A,2025-07-26 21:15:02
426,4.943214,N/A,N/A,5.00e-05,31480.75,8061638352765660523415986500314270935202673298664144781705216,8744960,N/A,2025-07-26 21:15:02
427,5.695218,N/A,N/A,5.00e-05,31233.64,16123276705531321046831973000628541870405346597328289563410432,8765440,N/A,2025-07-26 21:15:03
428,5.685400,N/A,N/A,5.00e-05,31265.33,16123276705531321046831973000628541870405346597328289563410432,8785920,N/A,2025-07-26 21:15:04
429,6.854066,N/A,N/A,5.00e-05,31387.26,16123276705531321046831973000628541870405346597328289563410432,8806400,N/A,2025-07-26 21:15:05
430,4.641473,N/A,N/A,5.00e-05,31390.18,16123276705531321046831973000628541870405346597328289563410432,8826880,1.0000,2025-07-26 21:15:05
431,6.622477,N/A,N/A,5.00e-05,31211.36,32246553411062642093663946001257083740810693194656579126820864,8847360,N/A,2025-07-26 21:15:06
432,6.296952,N/A,N/A,5.00e-05,31230.03,32246553411062642093663946001257083740810693194656579126820864,8867840,N/A,2025-07-26 21:15:07
433,5.992146,N/A,N/A,5.00e-05,31036.51,64493106822125284187327892002514167481621386389313158253641728,8888320,N/A,2025-07-26 21:15:08
434,5.704585,N/A,N/A,5.00e-05,30962.29,128986213644250568374655784005028334963242772778626316507283456,8908800,N/A,2025-07-26 21:15:08
435,5.894401,N/A,N/A,5.00e-05,30872.61,257972427288501136749311568010056669926485545557252633014566912,8929280,N/A,2025-07-26 21:15:09
436,6.791375,N/A,N/A,5.00e-05,31126.55,257972427288501136749311568010056669926485545557252633014566912,8949760,N/A,2025-07-26 21:15:10
437,5.450112,N/A,N/A,5.00e-05,31232.07,257972427288501136749311568010056669926485545557252633014566912,8970240,N/A,2025-07-26 21:15:10
438,5.161386,N/A,N/A,5.00e-05,31233.87,257972427288501136749311568010056669926485545557252633014566912,8990720,N/A,2025-07-26 21:15:11
439,5.725698,N/A,N/A,5.00e-05,31385.66,257972427288501136749311568010056669926485545557252633014566912,9011200,N/A,2025-07-26 21:15:12
440,6.416869,N/A,N/A,5.00e-05,31436.27,257972427288501136749311568010056669926485545557252633014566912,9031680,1.0000,2025-07-26 21:15:13
441,5.915484,N/A,N/A,5.00e-05,31423.68,515944854577002273498623136020113339852971091114505266029133824,9052160,N/A,2025-07-26 21:15:13
442,5.325995,N/A,N/A,5.00e-05,31623.92,515944854577002273498623136020113339852971091114505266029133824,9072640,N/A,2025-07-26 21:15:14
443,5.716377,N/A,N/A,5.00e-05,31712.53,515944854577002273498623136020113339852971091114505266029133824,9093120,N/A,2025-07-26 21:15:15
444,6.312896,N/A,N/A,5.00e-05,31798.94,515944854577002273498623136020113339852971091114505266029133824,9113600,N/A,2025-07-26 21:15:15
445,5.643539,N/A,N/A,5.00e-05,31781.32,1031889709154004546997246272040226679705942182229010532058267648,9134080,N/A,2025-07-26 21:15:16
446,5.822713,N/A,N/A,5.00e-05,31762.06,2063779418308009093994492544080453359411884364458021064116535296,9154560,N/A,2025-07-26 21:15:17
447,5.924380,N/A,N/A,5.00e-05,31549.49,4127558836616018187988985088160906718823768728916042128233070592,9175040,N/A,2025-07-26 21:15:18
448,6.436958,N/A,N/A,5.00e-05,31400.72,8255117673232036375977970176321813437647537457832084256466141184,9195520,N/A,2025-07-26 21:15:18
449,6.595009,N/A,N/A,5.00e-05,31533.23,8255117673232036375977970176321813437647537457832084256466141184,9216000,N/A,2025-07-26 21:15:19
450,5.904004,N/A,N/A,5.00e-05,31392.52,16510235346464072751955940352643626875295074915664168512932282368,9236480,1.0000,2025-07-26 21:15:20
451,7.643094,N/A,N/A,5.00e-05,31371.15,33020470692928145503911880705287253750590149831328337025864564736,9256960,N/A,2025-07-26 21:15:21
452,4.984851,N/A,N/A,5.00e-05,31347.98,66040941385856291007823761410574507501180299662656674051729129472,9277440,N/A,2025-07-26 21:15:21
453,5.779089,N/A,N/A,5.00e-05,31350.51,66040941385856291007823761410574507501180299662656674051729129472,9297920,N/A,2025-07-26 21:15:22
454,5.741098,N/A,N/A,5.00e-05,31130.99,132081882771712582015647522821149015002360599325313348103458258944,9318400,N/A,2025-07-26 21:15:23
455,6.334244,N/A,N/A,5.00e-05,31143.11,132081882771712582015647522821149015002360599325313348103458258944,9338880,N/A,2025-07-26 21:15:23
456,5.188121,N/A,N/A,5.00e-05,31327.08,132081882771712582015647522821149015002360599325313348103458258944,9359360,N/A,2025-07-26 21:15:24
457,5.732929,N/A,N/A,5.00e-05,31458.28,132081882771712582015647522821149015002360599325313348103458258944,9379840,N/A,2025-07-26 21:15:25
458,5.948386,N/A,N/A,5.00e-05,31438.83,264163765543425164031295045642298030004721198650626696206916517888,9400320,N/A,2025-07-26 21:15:26
459,6.771157,N/A,N/A,5.00e-05,31573.47,264163765543425164031295045642298030004721198650626696206916517888,9420800,N/A,2025-07-26 21:15:26
460,6.048992,N/A,N/A,5.00e-05,31500.37,528327531086850328062590091284596060009442397301253392413833035776,9441280,1.0000,2025-07-26 21:15:27
461,4.916126,N/A,N/A,5.00e-05,31422.75,1056655062173700656125180182569192120018884794602506784827666071552,9461760,N/A,2025-07-26 21:15:28
462,5.497596,N/A,N/A,5.00e-05,31416.70,2113310124347401312250360365138384240037769589205013569655332143104,9482240,N/A,2025-07-26 21:15:28
463,5.694832,N/A,N/A,5.00e-05,31658.36,2113310124347401312250360365138384240037769589205013569655332143104,9502720,N/A,2025-07-26 21:15:29
464,5.738831,N/A,N/A,5.00e-05,31660.74,2113310124347401312250360365138384240037769589205013569655332143104,9523200,N/A,2025-07-26 21:15:30
465,7.750806,N/A,N/A,5.00e-05,31675.52,2113310124347401312250360365138384240037769589205013569655332143104,9543680,N/A,2025-07-26 21:15:31
466,4.985746,N/A,N/A,5.00e-05,31682.39,2113310124347401312250360365138384240037769589205013569655332143104,9564160,N/A,2025-07-26 21:15:31
467,5.965115,N/A,N/A,5.00e-05,31680.58,4226620248694802624500720730276768480075539178410027139310664286208,9584640,N/A,2025-07-26 21:15:32
468,5.389377,N/A,N/A,5.00e-05,31688.69,4226620248694802624500720730276768480075539178410027139310664286208,9605120,N/A,2025-07-26 21:15:33
469,6.124798,N/A,N/A,5.00e-05,31595.09,8453240497389605249001441460553536960151078356820054278621328572416,9625600,N/A,2025-07-26 21:15:34
470,6.429617,N/A,N/A,5.00e-05,31595.70,8453240497389605249001441460553536960151078356820054278621328572416,9646080,1.0000,2025-07-26 21:15:34
471,6.317349,N/A,N/A,5.00e-05,31578.05,16906480994779210498002882921107073920302156713640108557242657144832,9666560,N/A,2025-07-26 21:15:35
472,5.453404,N/A,N/A,5.00e-05,31557.60,33812961989558420996005765842214147840604313427280217114485314289664,9687040,N/A,2025-07-26 21:15:36
473,5.309048,N/A,N/A,5.00e-05,31491.56,67625923979116841992011531684428295681208626854560434228970628579328,9707520,N/A,2025-07-26 21:15:36
474,6.240892,N/A,N/A,5.00e-05,31356.10,135251847958233683984023063368856591362417253709120868457941257158656,9728000,N/A,2025-07-26 21:15:37
475,6.529191,N/A,N/A,5.00e-05,31323.76,270503695916467367968046126737713182724834507418241736915882514317312,9748480,N/A,2025-07-26 21:15:38
476,7.472769,N/A,N/A,5.00e-05,31292.00,541007391832934735936092253475426365449669014836483473831765028634624,9768960,N/A,2025-07-26 21:15:39
477,7.366807,N/A,N/A,5.00e-05,31281.92,1082014783665869471872184506950852730899338029672966947663530057269248,9789440,N/A,2025-07-26 21:15:39
478,5.234717,N/A,N/A,5.00e-05,31470.60,1082014783665869471872184506950852730899338029672966947663530057269248,9809920,N/A,2025-07-26 21:15:40
479,6.073620,N/A,N/A,5.00e-05,31561.25,1082014783665869471872184506950852730899338029672966947663530057269248,9830400,N/A,2025-07-26 21:15:41
480,6.209074,N/A,N/A,5.00e-05,31454.20,2164029567331738943744369013901705461798676059345933895327060114538496,9850880,0.9284,2025-07-26 21:15:41
481,6.282335,N/A,N/A,5.00e-05,31458.29,2164029567331738943744369013901705461798676059345933895327060114538496,9871360,N/A,2025-07-26 21:15:42
482,5.727333,N/A,N/A,5.00e-05,31320.71,4328059134663477887488738027803410923597352118691867790654120229076992,9891840,N/A,2025-07-26 21:15:43
483,6.430262,N/A,N/A,5.00e-05,31440.20,4328059134663477887488738027803410923597352118691867790654120229076992,9912320,N/A,2025-07-26 21:15:44
484,5.533289,N/A,N/A,5.00e-05,31437.58,8656118269326955774977476055606821847194704237383735581308240458153984,9932800,N/A,2025-07-26 21:15:44
485,5.964751,N/A,N/A,5.00e-05,31466.28,8656118269326955774977476055606821847194704237383735581308240458153984,9953280,N/A,2025-07-26 21:15:45
486,5.631573,N/A,N/A,5.00e-05,31381.24,17312236538653911549954952111213643694389408474767471162616480916307968,9973760,N/A,2025-07-26 21:15:46
487,6.109984,N/A,N/A,5.00e-05,31367.90,34624473077307823099909904222427287388778816949534942325232961832615936,9994240,N/A,2025-07-26 21:15:47
488,5.612260,N/A,N/A,5.00e-05,31367.79,34624473077307823099909904222427287388778816949534942325232961832615936,10014720,N/A,2025-07-26 21:15:47
489,5.780296,N/A,N/A,5.00e-05,31477.57,34624473077307823099909904222427287388778816949534942325232961832615936,10035200,N/A,2025-07-26 21:15:48
490,5.905431,N/A,N/A,5.00e-05,31323.30,69248946154615646199819808444854574777557633899069884650465923665231872,10055680,1.0000,2025-07-26 21:15:49
491,5.782345,N/A,N/A,5.00e-05,31498.60,69248946154615646199819808444854574777557633899069884650465923665231872,10076160,N/A,2025-07-26 21:15:49
492,6.688592,N/A,N/A,5.00e-05,31412.42,138497892309231292399639616889709149555115267798139769300931847330463744,10096640,N/A,2025-07-26 21:15:50
493,5.822909,N/A,N/A,5.00e-05,31442.81,138497892309231292399639616889709149555115267798139769300931847330463744,10117120,N/A,2025-07-26 21:15:51
494,4.986891,N/A,N/A,5.00e-05,31475.01,138497892309231292399639616889709149555115267798139769300931847330463744,10137600,N/A,2025-07-26 21:15:52
495,6.544478,N/A,N/A,5.00e-05,31564.74,138497892309231292399639616889709149555115267798139769300931847330463744,10158080,N/A,2025-07-26 21:15:52
496,6.577056,N/A,N/A,5.00e-05,31558.78,276995784618462584799279233779418299110230535596279538601863694660927488,10178560,N/A,2025-07-26 21:15:53
497,6.102486,N/A,N/A,5.00e-05,31564.80,276995784618462584799279233779418299110230535596279538601863694660927488,10199040,N/A,2025-07-26 21:15:54
498,5.499993,N/A,N/A,5.00e-05,31585.82,276995784618462584799279233779418299110230535596279538601863694660927488,10219520,N/A,2025-07-26 21:15:54
499,5.457181,N/A,N/A,5.00e-05,31714.67,276995784618462584799279233779418299110230535596279538601863694660927488,10240000,N/A,2025-07-26 21:15:55
500,6.140083,N/A,N/A,5.00e-05,31608.04,553991569236925169598558467558836598220461071192559077203727389321854976,10260480,0.8736,2025-07-26 21:15:56
501,5.864021,N/A,N/A,5.00e-05,23733.21,1107983138473850339197116935117673196440922142385118154407454778643709952,10280960,N/A,2025-07-26 21:15:59
502,6.481944,N/A,N/A,5.00e-05,23728.59,2215966276947700678394233870235346392881844284770236308814909557287419904,10301440,N/A,2025-07-26 21:16:00
503,7.105786,N/A,N/A,5.00e-05,23564.46,4431932553895401356788467740470692785763688569540472617629819114574839808,10321920,N/A,2025-07-26 21:16:00
504,6.394767,N/A,N/A,5.00e-05,23560.06,8863865107790802713576935480941385571527377139080945235259638229149679616,10342400,N/A,2025-07-26 21:16:01
505,5.819832,N/A,N/A,5.00e-05,23567.50,8863865107790802713576935480941385571527377139080945235259638229149679616,10362880,N/A,2025-07-26 21:16:02
506,6.246045,N/A,N/A,5.00e-05,23569.31,8863865107790802713576935480941385571527377139080945235259638229149679616,10383360,N/A,2025-07-26 21:16:02
507,5.904989,N/A,N/A,5.00e-05,23571.72,8863865107790802713576935480941385571527377139080945235259638229149679616,10403840,N/A,2025-07-26 21:16:03
508,6.194005,N/A,N/A,5.00e-05,23602.94,8863865107790802713576935480941385571527377139080945235259638229149679616,10424320,N/A,2025-07-26 21:16:04
509,6.990274,N/A,N/A,5.00e-05,23681.82,8863865107790802713576935480941385571527377139080945235259638229149679616,10444800,N/A,2025-07-26 21:16:05
510,6.177191,N/A,N/A,5.00e-05,31497.05,8863865107790802713576935480941385571527377139080945235259638229149679616,10465280,1.0000,2025-07-26 21:16:05
511,5.290627,N/A,N/A,5.00e-05,31522.95,8863865107790802713576935480941385571527377139080945235259638229149679616,10485760,N/A,2025-07-26 21:16:06
512,6.359424,N/A,N/A,5.00e-05,31813.22,8863865107790802713576935480941385571527377139080945235259638229149679616,10506240,N/A,2025-07-26 21:16:07
513,5.563178,N/A,N/A,5.00e-05,31836.65,8863865107790802713576935480941385571527377139080945235259638229149679616,10526720,N/A,2025-07-26 21:16:07
514,5.508131,N/A,N/A,5.00e-05,31840.42,8863865107790802713576935480941385571527377139080945235259638229149679616,10547200,N/A,2025-07-26 21:16:08
515,4.847296,N/A,N/A,5.00e-05,31846.63,8863865107790802713576935480941385571527377139080945235259638229149679616,10567680,N/A,2025-07-26 21:16:09
516,5.484363,N/A,N/A,5.00e-05,31851.16,8863865107790802713576935480941385571527377139080945235259638229149679616,10588160,N/A,2025-07-26 21:16:10
517,5.731787,N/A,N/A,5.00e-05,31815.59,17727730215581605427153870961882771143054754278161890470519276458299359232,10608640,N/A,2025-07-26 21:16:10
518,6.764978,N/A,N/A,5.00e-05,31801.80,35455460431163210854307741923765542286109508556323780941038552916598718464,10629120,N/A,2025-07-26 21:16:11
519,6.285115,N/A,N/A,5.00e-05,31929.83,35455460431163210854307741923765542286109508556323780941038552916598718464,10649600,N/A,2025-07-26 21:16:12
520,5.257179,N/A,N/A,5.00e-05,31747.19,70910920862326421708615483847531084572219017112647561882077105833197436928,10670080,0.9619,2025-07-26 21:16:12
521,6.333752,N/A,N/A,5.00e-05,31692.74,141821841724652843417230967695062169144438034225295123764154211666394873856,10690560,N/A,2025-07-26 21:16:13
522,4.044777,N/A,N/A,5.00e-05,31683.50,283643683449305686834461935390124338288876068450590247528308423332789747712,10711040,N/A,2025-07-26 21:16:14
523,6.631712,N/A,N/A,5.00e-05,31682.00,283643683449305686834461935390124338288876068450590247528308423332789747712,10731520,N/A,2025-07-26 21:16:15
524,6.853698,N/A,N/A,5.00e-05,31673.41,567287366898611373668923870780248676577752136901180495056616846665579495424,10752000,N/A,2025-07-26 21:16:15
525,5.382816,N/A,N/A,5.00e-05,31657.68,1134574733797222747337847741560497353155504273802360990113233693331158990848,10772480,N/A,2025-07-26 21:16:16
526,5.724370,N/A,N/A,5.00e-05,31655.03,1134574733797222747337847741560497353155504273802360990113233693331158990848,10792960,N/A,2025-07-26 21:16:17
527,5.239928,N/A,N/A,5.00e-05,31649.82,2269149467594445494675695483120994706311008547604721980226467386662317981696,10813440,N/A,2025-07-26 21:16:17
528,4.729308,N/A,N/A,5.00e-05,31641.61,4538298935188890989351390966241989412622017095209443960452934773324635963392,10833920,N/A,2025-07-26 21:16:18
529,6.206775,N/A,N/A,5.00e-05,31795.93,4538298935188890989351390966241989412622017095209443960452934773324635963392,10854400,N/A,2025-07-26 21:16:19
530,6.001143,N/A,N/A,5.00e-05,31737.97,9076597870377781978702781932483978825244034190418887920905869546649271926784,10874880,1.0000,2025-07-26 21:16:20
531,6.073485,N/A,N/A,5.00e-05,31753.71,9076597870377781978702781932483978825244034190418887920905869546649271926784,10895360,N/A,2025-07-26 21:16:20
532,5.587884,N/A,N/A,5.00e-05,31657.17,18153195740755563957405563864967957650488068380837775841811739093298543853568,10915840,N/A,2025-07-26 21:16:21
533,5.338438,N/A,N/A,5.00e-05,31567.15,36306391481511127914811127729935915300976136761675551683623478186597087707136,10936320,N/A,2025-07-26 21:16:22
534,6.428197,N/A,N/A,5.00e-05,31425.32,72612782963022255829622255459871830601952273523351103367246956373194175414272,10956800,N/A,2025-07-26 21:16:23
535,6.111985,N/A,N/A,5.00e-05,31422.82,145225565926044511659244510919743661203904547046702206734493912746388350828544,10977280,N/A,2025-07-26 21:16:23
536,7.104136,N/A,N/A,5.00e-05,31424.62,145225565926044511659244510919743661203904547046702206734493912746388350828544,10997760,N/A,2025-07-26 21:16:24
537,6.453488,N/A,N/A,5.00e-05,31186.98,290451131852089023318489021839487322407809094093404413468987825492776701657088,11018240,N/A,2025-07-26 21:16:25
538,6.571320,N/A,N/A,5.00e-05,31136.66,580902263704178046636978043678974644815618188186808826937975650985553403314176,11038720,N/A,2025-07-26 21:16:26
539,6.301104,N/A,N/A,5.00e-05,31220.77,580902263704178046636978043678974644815618188186808826937975650985553403314176,11059200,N/A,2025-07-26 21:16:26
540,5.492471,N/A,N/A,5.00e-05,31080.89,1161804527408356093273956087357949289631236376373617653875951301971106806628352,11079680,1.0000,2025-07-26 21:16:27
541,7.314572,N/A,N/A,5.00e-05,31189.56,1161804527408356093273956087357949289631236376373617653875951301971106806628352,11100160,N/A,2025-07-26 21:16:28
542,6.421090,N/A,N/A,5.00e-05,31287.03,1161804527408356093273956087357949289631236376373617653875951301971106806628352,11120640,N/A,2025-07-26 21:16:28
543,5.158258,N/A,N/A,5.00e-05,31429.55,1161804527408356093273956087357949289631236376373617653875951301971106806628352,11141120,N/A,2025-07-26 21:16:29
544,6.966870,N/A,N/A,5.00e-05,31445.39,1161804527408356093273956087357949289631236376373617653875951301971106806628352,11161600,N/A,2025-07-26 21:16:30
545,5.785753,N/A,N/A,5.00e-05,31471.74,1161804527408356093273956087357949289631236376373617653875951301971106806628352,11182080,N/A,2025-07-26 21:16:31
546,7.179793,N/A,N/A,5.00e-05,31715.56,1161804527408356093273956087357949289631236376373617653875951301971106806628352,11202560,N/A,2025-07-26 21:16:31
547,5.756441,N/A,N/A,5.00e-05,31661.91,2323609054816712186547912174715898579262472752747235307751902603942213613256704,11223040,N/A,2025-07-26 21:16:32
548,5.935826,N/A,N/A,5.00e-05,31672.89,2323609054816712186547912174715898579262472752747235307751902603942213613256704,11243520,N/A,2025-07-26 21:16:33
549,6.767066,N/A,N/A,5.00e-05,31781.41,2323609054816712186547912174715898579262472752747235307751902603942213613256704,11264000,N/A,2025-07-26 21:16:33
550,5.773771,N/A,N/A,5.00e-05,31660.95,4647218109633424373095824349431797158524945505494470615503805207884427226513408,11284480,1.0000,2025-07-26 21:16:34
551,6.572190,N/A,N/A,5.00e-05,31635.96,9294436219266848746191648698863594317049891010988941231007610415768854453026816,11304960,N/A,2025-07-26 21:16:35
552,5.157857,N/A,N/A,5.00e-05,31626.07,18588872438533697492383297397727188634099782021977882462015220831537708906053632,11325440,N/A,2025-07-26 21:16:36
553,5.009572,N/A,N/A,5.00e-05,31614.90,37177744877067394984766594795454377268199564043955764924030441663075417812107264,11345920,N/A,2025-07-26 21:16:36
554,5.520339,N/A,N/A,5.00e-05,31614.27,37177744877067394984766594795454377268199564043955764924030441663075417812107264,11366400,N/A,2025-07-26 21:16:37
555,6.635934,N/A,N/A,5.00e-05,31615.29,37177744877067394984766594795454377268199564043955764924030441663075417812107264,11386880,N/A,2025-07-26 21:16:38
556,4.689115,N/A,N/A,5.00e-05,31725.59,37177744877067394984766594795454377268199564043955764924030441663075417812107264,11407360,N/A,2025-07-26 21:16:38
557,6.749779,N/A,N/A,5.00e-05,31724.33,37177744877067394984766594795454377268199564043955764924030441663075417812107264,11427840,N/A,2025-07-26 21:16:39
558,5.297718,N/A,N/A,5.00e-05,31747.63,37177744877067394984766594795454377268199564043955764924030441663075417812107264,11448320,N/A,2025-07-26 21:16:40
559,6.466461,N/A,N/A,5.00e-05,31864.22,37177744877067394984766594795454377268199564043955764924030441663075417812107264,11468800,N/A,2025-07-26 21:16:41
560,5.605464,N/A,N/A,5.00e-05,31756.89,74355489754134789969533189590908754536399128087911529848060883326150835624214528,11489280,1.0000,2025-07-26 21:16:41
561,5.780112,N/A,N/A,5.00e-05,31753.67,148710979508269579939066379181817509072798256175823059696121766652301671248429056,11509760,N/A,2025-07-26 21:16:42
562,6.553790,N/A,N/A,5.00e-05,31751.23,148710979508269579939066379181817509072798256175823059696121766652301671248429056,11530240,N/A,2025-07-26 21:16:43
563,5.635872,N/A,N/A,5.00e-05,31723.05,297421959016539159878132758363635018145596512351646119392243533304603342496858112,11550720,N/A,2025-07-26 21:16:43
564,6.756603,N/A,N/A,5.00e-05,31713.21,594843918033078319756265516727270036291193024703292238784487066609206684993716224,11571200,N/A,2025-07-26 21:16:44
565,6.477881,N/A,N/A,5.00e-05,31583.21,1189687836066156639512531033454540072582386049406584477568974133218413369987432448,11591680,N/A,2025-07-26 21:16:45
566,4.874406,N/A,N/A,5.00e-05,31593.34,1189687836066156639512531033454540072582386049406584477568974133218413369987432448,11612160,N/A,2025-07-26 21:16:46
567,5.880098,N/A,N/A,5.00e-05,31579.33,2379375672132313279025062066909080145164772098813168955137948266436826739974864896,11632640,N/A,2025-07-26 21:16:46
568,5.302049,N/A,N/A,5.00e-05,31540.79,4758751344264626558050124133818160290329544197626337910275896532873653479949729792,11653120,N/A,2025-07-26 21:16:47
569,5.690596,N/A,N/A,5.00e-05,31637.27,4758751344264626558050124133818160290329544197626337910275896532873653479949729792,11673600,N/A,2025-07-26 21:16:48
570,6.150371,N/A,N/A,5.00e-05,31533.19,9517502688529253116100248267636320580659088395252675820551793065747306959899459584,11694080,0.9629,2025-07-26 21:16:49
571,6.043814,N/A,N/A,5.00e-05,31546.84,9517502688529253116100248267636320580659088395252675820551793065747306959899459584,11714560,N/A,2025-07-26 21:16:49
572,6.415064,N/A,N/A,5.00e-05,31546.84,9517502688529253116100248267636320580659088395252675820551793065747306959899459584,11735040,N/A,2025-07-26 21:16:50
573,6.387700,N/A,N/A,5.00e-05,31545.23,9517502688529253116100248267636320580659088395252675820551793065747306959899459584,11755520,N/A,2025-07-26 21:16:51
574,6.296708,N/A,N/A,5.00e-05,31660.98,9517502688529253116100248267636320580659088395252675820551793065747306959899459584,11776000,N/A,2025-07-26 21:16:51
575,6.169139,N/A,N/A,5.00e-05,31653.35,19035005377058506232200496535272641161318176790505351641103586131494613919798919168,11796480,N/A,2025-07-26 21:16:52
576,6.151576,N/A,N/A,5.00e-05,31642.89,38070010754117012464400993070545282322636353581010703282207172262989227839597838336,11816960,N/A,2025-07-26 21:16:53
577,6.118735,N/A,N/A,5.00e-05,31663.95,38070010754117012464400993070545282322636353581010703282207172262989227839597838336,11837440,N/A,2025-07-26 21:16:54
578,5.123620,N/A,N/A,5.00e-05,31679.12,38070010754117012464400993070545282322636353581010703282207172262989227839597838336,11857920,N/A,2025-07-26 21:16:54
579,5.683501,N/A,N/A,5.00e-05,31751.30,38070010754117012464400993070545282322636353581010703282207172262989227839597838336,11878400,N/A,2025-07-26 21:16:55
580,6.146012,N/A,N/A,5.00e-05,31650.38,76140021508234024928801986141090564645272707162021406564414344525978455679195676672,11898880,0.8921,2025-07-26 21:16:56
581,5.933935,N/A,N/A,5.00e-05,31574.44,152280043016468049857603972282181129290545414324042813128828689051956911358391353344,11919360,N/A,2025-07-26 21:16:56
582,5.280413,N/A,N/A,5.00e-05,31562.54,304560086032936099715207944564362258581090828648085626257657378103913822716782706688,11939840,N/A,2025-07-26 21:16:57
583,5.086281,N/A,N/A,5.00e-05,31572.67,304560086032936099715207944564362258581090828648085626257657378103913822716782706688,11960320,N/A,2025-07-26 21:16:58
584,6.128633,N/A,N/A,5.00e-05,31578.81,304560086032936099715207944564362258581090828648085626257657378103913822716782706688,11980800,N/A,2025-07-26 21:16:59
585,5.560336,N/A,N/A,5.00e-05,31584.75,304560086032936099715207944564362258581090828648085626257657378103913822716782706688,12001280,N/A,2025-07-26 21:16:59
586,6.845032,N/A,N/A,5.00e-05,31591.08,304560086032936099715207944564362258581090828648085626257657378103913822716782706688,12021760,N/A,2025-07-26 21:17:00
587,6.662352,N/A,N/A,5.00e-05,31602.79,304560086032936099715207944564362258581090828648085626257657378103913822716782706688,12042240,N/A,2025-07-26 21:17:01
588,6.945778,N/A,N/A,5.00e-05,31598.21,609120172065872199430415889128724517162181657296171252515314756207827645433565413376,12062720,N/A,2025-07-26 21:17:01
589,6.053046,N/A,N/A,5.00e-05,31688.74,609120172065872199430415889128724517162181657296171252515314756207827645433565413376,12083200,N/A,2025-07-26 21:17:02
590,5.605422,N/A,N/A,5.00e-05,31661.34,1218240344131744398860831778257449034324363314592342505030629512415655290867130826752,12103680,1.0000,2025-07-26 21:17:03
591,5.805733,N/A,N/A,5.00e-05,31696.84,1218240344131744398860831778257449034324363314592342505030629512415655290867130826752,12124160,N/A,2025-07-26 21:17:04
592,5.906718,N/A,N/A,5.00e-05,31716.79,1218240344131744398860831778257449034324363314592342505030629512415655290867130826752,12144640,N/A,2025-07-26 21:17:04
593,6.541963,N/A,N/A,5.00e-05,31736.09,1218240344131744398860831778257449034324363314592342505030629512415655290867130826752,12165120,N/A,2025-07-26 21:17:05
594,5.517454,N/A,N/A,5.00e-05,31769.72,1218240344131744398860831778257449034324363314592342505030629512415655290867130826752,12185600,N/A,2025-07-26 21:17:06
595,6.109922,N/A,N/A,5.00e-05,31746.84,2436480688263488797721663556514898068648726629184685010061259024831310581734261653504,12206080,N/A,2025-07-26 21:17:06
596,7.383074,N/A,N/A,5.00e-05,31749.56,2436480688263488797721663556514898068648726629184685010061259024831310581734261653504,12226560,N/A,2025-07-26 21:17:07
597,7.033061,N/A,N/A,5.00e-05,31798.01,2436480688263488797721663556514898068648726629184685010061259024831310581734261653504,12247040,N/A,2025-07-26 21:17:08
598,6.196062,N/A,N/A,5.00e-05,31733.38,4872961376526977595443327113029796137297453258369370020122518049662621163468523307008,12267520,N/A,2025-07-26 21:17:09
599,5.987924,N/A,N/A,5.00e-05,31822.94,4872961376526977595443327113029796137297453258369370020122518049662621163468523307008,12288000,N/A,2025-07-26 21:17:09
600,6.934280,N/A,N/A,5.00e-05,31450.45,9745922753053955190886654226059592274594906516738740040245036099325242326937046614016,12308480,0.9387,2025-07-26 21:17:10
601,4.989254,N/A,N/A,5.00e-05,21703.02,19491845506107910381773308452119184549189813033477480080490072198650484653874093228032,12328960,N/A,2025-07-26 21:17:14
602,5.867668,N/A,N/A,5.00e-05,21692.04,38983691012215820763546616904238369098379626066954960160980144397300969307748186456064,12349440,N/A,2025-07-26 21:17:14
603,5.284010,N/A,N/A,5.00e-05,21608.33,77967382024431641527093233808476738196759252133909920321960288794601938615496372912128,12369920,N/A,2025-07-26 21:17:15
604,5.877965,N/A,N/A,5.00e-05,21580.14,155934764048863283054186467616953476393518504267819840643920577589203877230992745824256,12390400,N/A,2025-07-26 21:17:16
605,6.181723,N/A,N/A,5.00e-05,21584.77,155934764048863283054186467616953476393518504267819840643920577589203877230992745824256,12410880,N/A,2025-07-26 21:17:17
606,6.720969,N/A,N/A,5.00e-05,21592.02,155934764048863283054186467616953476393518504267819840643920577589203877230992745824256,12431360,N/A,2025-07-26 21:17:17
607,5.708288,N/A,N/A,5.00e-05,21630.69,155934764048863283054186467616953476393518504267819840643920577589203877230992745824256,12451840,N/A,2025-07-26 21:17:18
608,5.452903,N/A,N/A,5.00e-05,21650.85,155934764048863283054186467616953476393518504267819840643920577589203877230992745824256,12472320,N/A,2025-07-26 21:17:19
609,6.264288,N/A,N/A,5.00e-05,21827.44,155934764048863283054186467616953476393518504267819840643920577589203877230992745824256,12492800,N/A,2025-07-26 21:17:20
610,5.323244,N/A,N/A,5.00e-05,31584.38,155934764048863283054186467616953476393518504267819840643920577589203877230992745824256,12513280,1.0000,2025-07-26 21:17:20
611,5.826139,N/A,N/A,5.00e-05,31566.22,311869528097726566108372935233906952787037008535639681287841155178407754461985491648512,12533760,N/A,2025-07-26 21:17:21
612,5.755618,N/A,N/A,5.00e-05,31758.08,311869528097726566108372935233906952787037008535639681287841155178407754461985491648512,12554240,N/A,2025-07-26 21:17:22
613,5.632133,N/A,N/A,5.00e-05,31844.74,311869528097726566108372935233906952787037008535639681287841155178407754461985491648512,12574720,N/A,2025-07-26 21:17:22
614,5.299252,N/A,N/A,5.00e-05,31840.56,623739056195453132216745870467813905574074017071279362575682310356815508923970983297024,12595200,N/A,2025-07-26 21:17:23
615,5.617906,N/A,N/A,5.00e-05,31827.07,1247478112390906264433491740935627811148148034142558725151364620713631017847941966594048,12615680,N/A,2025-07-26 21:17:24
616,6.224315,N/A,N/A,5.00e-05,31798.60,2494956224781812528866983481871255622296296068285117450302729241427262035695883933188096,12636160,N/A,2025-07-26 21:17:25
617,6.519430,N/A,N/A,5.00e-05,31607.85,4989912449563625057733966963742511244592592136570234900605458482854524071391767866376192,12656640,N/A,2025-07-26 21:17:25
618,5.038653,N/A,N/A,5.00e-05,31598.10,9979824899127250115467933927485022489185184273140469801210916965709048142783535732752384,12677120,N/A,2025-07-26 21:17:26
619,5.768249,N/A,N/A,5.00e-05,31613.84,9979824899127250115467933927485022489185184273140469801210916965709048142783535732752384,12697600,N/A,2025-07-26 21:17:27
620,5.180427,N/A,N/A,5.00e-05,31279.76,19959649798254500230935867854970044978370368546280939602421833931418096285567071465504768,12718080,0.9762,2025-07-26 21:17:28
621,6.484938,N/A,N/A,5.00e-05,31114.43,39919299596509000461871735709940089956740737092561879204843667862836192571134142931009536,12738560,N/A,2025-07-26 21:17:28
622,5.704370,N/A,N/A,5.00e-05,31094.75,79838599193018000923743471419880179913481474185123758409687335725672385142268285862019072,12759040,N/A,2025-07-26 21:17:29
623,4.941609,N/A,N/A,5.00e-05,31080.04,159677198386036001847486942839760359826962948370247516819374671451344770284536571724038144,12779520,N/A,2025-07-26 21:17:30
624,6.198684,N/A,N/A,5.00e-05,31013.09,319354396772072003694973885679520719653925896740495033638749342902689540569073143448076288,12800000,N/A,2025-07-26 21:17:30
625,5.941486,N/A,N/A,5.00e-05,31021.15,319354396772072003694973885679520719653925896740495033638749342902689540569073143448076288,12820480,N/A,2025-07-26 21:17:31
626,6.562001,N/A,N/A,5.00e-05,31192.04,319354396772072003694973885679520719653925896740495033638749342902689540569073143448076288,12840960,N/A,2025-07-26 21:17:32
627,6.513363,N/A,N/A,5.00e-05,31181.91,638708793544144007389947771359041439307851793480990067277498685805379081138146286896152576,12861440,N/A,2025-07-26 21:17:33
628,6.270560,N/A,N/A,5.00e-05,31272.58,638708793544144007389947771359041439307851793480990067277498685805379081138146286896152576,12881920,N/A,2025-07-26 21:17:33
629,6.902854,N/A,N/A,5.00e-05,31628.23,638708793544144007389947771359041439307851793480990067277498685805379081138146286896152576,12902400,N/A,2025-07-26 21:17:34
630,6.667889,N/A,N/A,5.00e-05,31657.95,638708793544144007389947771359041439307851793480990067277498685805379081138146286896152576,12922880,1.0000,2025-07-26 21:17:35
631,5.921815,N/A,N/A,5.00e-05,31675.50,638708793544144007389947771359041439307851793480990067277498685805379081138146286896152576,12943360,N/A,2025-07-26 21:17:35
632,6.525720,N/A,N/A,5.00e-05,31669.63,1277417587088288014779895542718082878615703586961980134554997371610758162276292573792305152,12963840,N/A,2025-07-26 21:17:36
633,6.835644,N/A,N/A,5.00e-05,31731.37,1277417587088288014779895542718082878615703586961980134554997371610758162276292573792305152,12984320,N/A,2025-07-26 21:17:37
634,7.290362,N/A,N/A,5.00e-05,31750.32,1277417587088288014779895542718082878615703586961980134554997371610758162276292573792305152,13004800,N/A,2025-07-26 21:17:38
635,5.305817,N/A,N/A,5.00e-05,31749.43,1277417587088288014779895542718082878615703586961980134554997371610758162276292573792305152,13025280,N/A,2025-07-26 21:17:38
636,6.257404,N/A,N/A,5.00e-05,31741.17,2554835174176576029559791085436165757231407173923960269109994743221516324552585147584610304,13045760,N/A,2025-07-26 21:17:39
637,4.489010,N/A,N/A,5.00e-05,31771.68,2554835174176576029559791085436165757231407173923960269109994743221516324552585147584610304,13066240,N/A,2025-07-26 21:17:40
638,5.491335,N/A,N/A,5.00e-05,31789.26,2554835174176576029559791085436165757231407173923960269109994743221516324552585147584610304,13086720,N/A,2025-07-26 21:17:40
639,6.022768,N/A,N/A,5.00e-05,31874.18,2554835174176576029559791085436165757231407173923960269109994743221516324552585147584610304,13107200,N/A,2025-07-26 21:17:41
640,6.180233,N/A,N/A,5.00e-05,31606.19,5109670348353152059119582170872331514462814347847920538219989486443032649105170295169220608,13127680,1.0000,2025-07-26 21:17:42
641,5.701564,N/A,N/A,5.00e-05,31605.05,5109670348353152059119582170872331514462814347847920538219989486443032649105170295169220608,13148160,N/A,2025-07-26 21:17:43
642,6.533735,N/A,N/A,5.00e-05,31618.08,5109670348353152059119582170872331514462814347847920538219989486443032649105170295169220608,13168640,N/A,2025-07-26 21:17:43
643,7.214725,N/A,N/A,5.00e-05,31614.54,10219340696706304118239164341744663028925628695695841076439978972886065298210340590338441216,13189120,N/A,2025-07-26 21:17:44
644,5.997019,N/A,N/A,5.00e-05,31612.15,20438681393412608236478328683489326057851257391391682152879957945772130596420681180676882432,13209600,N/A,2025-07-26 21:17:45
645,5.766362,N/A,N/A,5.00e-05,31632.12,20438681393412608236478328683489326057851257391391682152879957945772130596420681180676882432,13230080,N/A,2025-07-26 21:17:45
646,4.705297,N/A,N/A,5.00e-05,31603.84,40877362786825216472956657366978652115702514782783364305759915891544261192841362361353764864,13250560,N/A,2025-07-26 21:17:46
647,6.180275,N/A,N/A,5.00e-05,31539.46,81754725573650432945913314733957304231405029565566728611519831783088522385682724722707529728,13271040,N/A,2025-07-26 21:17:47
648,6.864079,N/A,N/A,5.00e-05,31560.34,81754725573650432945913314733957304231405029565566728611519831783088522385682724722707529728,13291520,N/A,2025-07-26 21:17:48
649,5.541255,N/A,N/A,5.00e-05,31817.91,81754725573650432945913314733957304231405029565566728611519831783088522385682724722707529728,13312000,N/A,2025-07-26 21:17:48
650,6.313933,N/A,N/A,5.00e-05,31700.63,163509451147300865891826629467914608462810059131133457223039663566177044771365449445415059456,13332480,0.9110,2025-07-26 21:17:49
651,6.214584,N/A,N/A,5.00e-05,31686.88,327018902294601731783653258935829216925620118262266914446079327132354089542730898890830118912,13352960,N/A,2025-07-26 21:17:50
652,5.957876,N/A,N/A,5.00e-05,31673.91,654037804589203463567306517871658433851240236524533828892158654264708179085461797781660237824,13373440,N/A,2025-07-26 21:17:51
653,6.099019,N/A,N/A,5.00e-05,31659.36,1308075609178406927134613035743316867702480473049067657784317308529416358170923595563320475648,13393920,N/A,2025-07-26 21:17:51
654,6.699689,N/A,N/A,5.00e-05,31644.34,2616151218356813854269226071486633735404960946098135315568634617058832716341847191126640951296,13414400,N/A,2025-07-26 21:17:52
655,7.755007,N/A,N/A,5.00e-05,31645.76,2616151218356813854269226071486633735404960946098135315568634617058832716341847191126640951296,13434880,N/A,2025-07-26 21:17:53
656,5.726011,N/A,N/A,5.00e-05,31673.41,2616151218356813854269226071486633735404960946098135315568634617058832716341847191126640951296,13455360,N/A,2025-07-26 21:17:53
657,5.852714,N/A,N/A,5.00e-05,31699.10,2616151218356813854269226071486633735404960946098135315568634617058832716341847191126640951296,13475840,N/A,2025-07-26 21:17:54
658,5.760734,N/A,N/A,5.00e-05,31721.58,2616151218356813854269226071486633735404960946098135315568634617058832716341847191126640951296,13496320,N/A,2025-07-26 21:17:55
659,6.346794,N/A,N/A,5.00e-05,31836.97,2616151218356813854269226071486633735404960946098135315568634617058832716341847191126640951296,13516800,N/A,2025-07-26 21:17:56
660,4.820523,N/A,N/A,5.00e-05,31748.13,5232302436713627708538452142973267470809921892196270631137269234117665432683694382253281902592,13537280,1.0000,2025-07-26 21:17:56
661,6.000354,N/A,N/A,5.00e-05,31717.99,10464604873427255417076904285946534941619843784392541262274538468235330865367388764506563805184,13557760,N/A,2025-07-26 21:17:57
662,4.882371,N/A,N/A,5.00e-05,31728.47,10464604873427255417076904285946534941619843784392541262274538468235330865367388764506563805184,13578240,N/A,2025-07-26 21:17:58
663,5.365305,N/A,N/A,5.00e-05,31729.52,10464604873427255417076904285946534941619843784392541262274538468235330865367388764506563805184,13598720,N/A,2025-07-26 21:17:58
664,5.297669,N/A,N/A,5.00e-05,31703.77,20929209746854510834153808571893069883239687568785082524549076936470661730734777529013127610368,13619200,N/A,2025-07-26 21:17:59
665,6.849390,N/A,N/A,5.00e-05,31717.89,20929209746854510834153808571893069883239687568785082524549076936470661730734777529013127610368,13639680,N/A,2025-07-26 21:18:00
666,6.301183,N/A,N/A,5.00e-05,31686.09,41858419493709021668307617143786139766479375137570165049098153872941323461469555058026255220736,13660160,N/A,2025-07-26 21:18:01
667,6.156543,N/A,N/A,5.00e-05,31653.88,83716838987418043336615234287572279532958750275140330098196307745882646922939110116052510441472,13680640,N/A,2025-07-26 21:18:01
668,5.941756,N/A,N/A,5.00e-05,31677.00,83716838987418043336615234287572279532958750275140330098196307745882646922939110116052510441472,13701120,N/A,2025-07-26 21:18:02
669,6.452583,N/A,N/A,5.00e-05,31674.27,83716838987418043336615234287572279532958750275140330098196307745882646922939110116052510441472,13721600,N/A,2025-07-26 21:18:03
670,5.734791,N/A,N/A,5.00e-05,31590.88,167433677974836086673230468575144559065917500550280660196392615491765293845878220232105020882944,13742080,1.0000,2025-07-26 21:18:03
671,7.100274,N/A,N/A,5.00e-05,31565.81,334867355949672173346460937150289118131835001100561320392785230983530587691756440464210041765888,13762560,N/A,2025-07-26 21:18:04
672,5.826841,N/A,N/A,5.00e-05,31552.68,669734711899344346692921874300578236263670002201122640785570461967061175383512880928420083531776,13783040,N/A,2025-07-26 21:18:05
673,6.153227,N/A,N/A,5.00e-05,31577.62,669734711899344346692921874300578236263670002201122640785570461967061175383512880928420083531776,13803520,N/A,2025-07-26 21:18:06
674,4.478503,N/A,N/A,5.00e-05,31573.90,1339469423798688693385843748601156472527340004402245281571140923934122350767025761856840167063552,13824000,N/A,2025-07-26 21:18:06
675,5.076555,N/A,N/A,5.00e-05,31584.86,1339469423798688693385843748601156472527340004402245281571140923934122350767025761856840167063552,13844480,N/A,2025-07-26 21:18:07
676,5.908778,N/A,N/A,5.00e-05,31607.59,1339469423798688693385843748601156472527340004402245281571140923934122350767025761856840167063552,13864960,N/A,2025-07-26 21:18:08
677,5.235487,N/A,N/A,5.00e-05,31589.59,2678938847597377386771687497202312945054680008804490563142281847868244701534051523713680334127104,13885440,N/A,2025-07-26 21:18:08
678,6.347931,N/A,N/A,5.00e-05,31697.11,2678938847597377386771687497202312945054680008804490563142281847868244701534051523713680334127104,13905920,N/A,2025-07-26 21:18:09
679,5.529098,N/A,N/A,5.00e-05,31818.04,2678938847597377386771687497202312945054680008804490563142281847868244701534051523713680334127104,13926400,N/A,2025-07-26 21:18:10
680,5.520902,N/A,N/A,5.00e-05,31714.69,5357877695194754773543374994404625890109360017608981126284563695736489403068103047427360668254208,13946880,0.8808,2025-07-26 21:18:11
681,5.228229,N/A,N/A,5.00e-05,31740.07,5357877695194754773543374994404625890109360017608981126284563695736489403068103047427360668254208,13967360,N/A,2025-07-26 21:18:11
682,5.974619,N/A,N/A,5.00e-05,31740.27,5357877695194754773543374994404625890109360017608981126284563695736489403068103047427360668254208,13987840,N/A,2025-07-26 21:18:12
683,5.611368,N/A,N/A,5.00e-05,31721.95,10715755390389509547086749988809251780218720035217962252569127391472978806136206094854721336508416,14008320,N/A,2025-07-26 21:18:13
684,6.157856,N/A,N/A,5.00e-05,31572.56,21431510780779019094173499977618503560437440070435924505138254782945957612272412189709442673016832,14028800,N/A,2025-07-26 21:18:14
685,6.099682,N/A,N/A,5.00e-05,31550.40,42863021561558038188346999955237007120874880140871849010276509565891915224544824379418885346033664,14049280,N/A,2025-07-26 21:18:14
686,6.644234,N/A,N/A,5.00e-05,31539.62,85726043123116076376693999910474014241749760281743698020553019131783830449089648758837770692067328,14069760,N/A,2025-07-26 21:18:15
687,5.793765,N/A,N/A,5.00e-05,31512.14,171452086246232152753387999820948028483499520563487396041106038263567660898179297517675541384134656,14090240,N/A,2025-07-26 21:18:16
688,4.884723,N/A,N/A,5.00e-05,31498.74,342904172492464305506775999641896056966999041126974792082212076527135321796358595035351082768269312,14110720,N/A,2025-07-26 21:18:16
689,4.605027,N/A,N/A,5.00e-05,31360.48,685808344984928611013551999283792113933998082253949584164424153054270643592717190070702165536538624,14131200,N/A,2025-07-26 21:18:17
690,6.260305,N/A,N/A,5.00e-05,31248.04,1371616689969857222027103998567584227867996164507899168328848306108541287185434380141404331073077248,14151680,0.8096,2025-07-26 21:18:18
691,5.900813,N/A,N/A,5.00e-05,31249.23,1371616689969857222027103998567584227867996164507899168328848306108541287185434380141404331073077248,14172160,N/A,2025-07-26 21:18:19
692,6.082340,N/A,N/A,5.00e-05,31269.03,1371616689969857222027103998567584227867996164507899168328848306108541287185434380141404331073077248,14192640,N/A,2025-07-26 21:18:19
693,5.569738,N/A,N/A,5.00e-05,31388.86,1371616689969857222027103998567584227867996164507899168328848306108541287185434380141404331073077248,14213120,N/A,2025-07-26 21:18:20
694,5.585672,N/A,N/A,5.00e-05,31310.60,2743233379939714444054207997135168455735992329015798336657696612217082574370868760282808662146154496,14233600,N/A,2025-07-26 21:18:21
695,6.297406,N/A,N/A,5.00e-05,31335.32,2743233379939714444054207997135168455735992329015798336657696612217082574370868760282808662146154496,14254080,N/A,2025-07-26 21:18:22
696,6.198120,N/A,N/A,5.00e-05,31352.39,2743233379939714444054207997135168455735992329015798336657696612217082574370868760282808662146154496,14274560,N/A,2025-07-26 21:18:22
697,5.322485,N/A,N/A,5.00e-05,31128.76,5486466759879428888108415994270336911471984658031596673315393224434165148741737520565617324292308992,14295040,N/A,2025-07-26 21:18:23
698,6.106034,N/A,N/A,5.00e-05,31385.98,5486466759879428888108415994270336911471984658031596673315393224434165148741737520565617324292308992,14315520,N/A,2025-07-26 21:18:24
699,7.020246,N/A,N/A,5.00e-05,31475.39,5486466759879428888108415994270336911471984658031596673315393224434165148741737520565617324292308992,14336000,N/A,2025-07-26 21:18:24
700,5.728942,N/A,N/A,5.00e-05,31268.46,10972933519758857776216831988540673822943969316063193346630786448868330297483475041131234648584617984,14356480,1.0000,2025-07-26 21:18:25
701,4.826696,N/A,N/A,5.00e-05,23518.09,21945867039517715552433663977081347645887938632126386693261572897736660594966950082262469297169235968,14376960,N/A,2025-07-26 21:18:28
702,6.346574,N/A,N/A,5.00e-05,23541.65,21945867039517715552433663977081347645887938632126386693261572897736660594966950082262469297169235968,14397440,N/A,2025-07-26 21:18:29
703,6.462395,N/A,N/A,5.00e-05,23599.21,21945867039517715552433663977081347645887938632126386693261572897736660594966950082262469297169235968,14417920,N/A,2025-07-26 21:18:29
704,6.344388,N/A,N/A,5.00e-05,23600.02,21945867039517715552433663977081347645887938632126386693261572897736660594966950082262469297169235968,14438400,N/A,2025-07-26 21:18:30
705,5.597836,N/A,N/A,5.00e-05,23601.22,21945867039517715552433663977081347645887938632126386693261572897736660594966950082262469297169235968,14458880,N/A,2025-07-26 21:18:31
706,6.116276,N/A,N/A,5.00e-05,23741.68,21945867039517715552433663977081347645887938632126386693261572897736660594966950082262469297169235968,14479360,N/A,2025-07-26 21:18:32
707,5.819534,N/A,N/A,5.00e-05,23734.68,43891734079035431104867327954162695291775877264252773386523145795473321189933900164524938594338471936,14499840,N/A,2025-07-26 21:18:32
708,5.282689,N/A,N/A,5.00e-05,23746.89,43891734079035431104867327954162695291775877264252773386523145795473321189933900164524938594338471936,14520320,N/A,2025-07-26 21:18:33
709,6.250437,N/A,N/A,5.00e-05,23872.41,43891734079035431104867327954162695291775877264252773386523145795473321189933900164524938594338471936,14540800,N/A,2025-07-26 21:18:34
710,6.604213,N/A,N/A,5.00e-05,31778.63,43891734079035431104867327954162695291775877264252773386523145795473321189933900164524938594338471936,14561280,1.0000,2025-07-26 21:18:34
711,6.245017,N/A,N/A,5.00e-05,31762.95,87783468158070862209734655908325390583551754528505546773046291590946642379867800329049877188676943872,14581760,N/A,2025-07-26 21:18:35
712,4.779300,N/A,N/A,5.00e-05,31738.91,175566936316141724419469311816650781167103509057011093546092583181893284759735600658099754377353887744,14602240,N/A,2025-07-26 21:18:36
713,5.764506,N/A,N/A,5.00e-05,31731.80,351133872632283448838938623633301562334207018114022187092185166363786569519471201316199508754707775488,14622720,N/A,2025-07-26 21:18:37
714,4.877059,N/A,N/A,5.00e-05,31720.34,702267745264566897677877247266603124668414036228044374184370332727573139038942402632399017509415550976,14643200,N/A,2025-07-26 21:18:37
715,6.292262,N/A,N/A,5.00e-05,31697.60,1404535490529133795355754494533206249336828072456088748368740665455146278077884805264798035018831101952,14663680,N/A,2025-07-26 21:18:38
716,6.614673,N/A,N/A,5.00e-05,31741.70,1404535490529133795355754494533206249336828072456088748368740665455146278077884805264798035018831101952,14684160,N/A,2025-07-26 21:18:39
717,4.731394,N/A,N/A,5.00e-05,31743.65,1404535490529133795355754494533206249336828072456088748368740665455146278077884805264798035018831101952,14704640,N/A,2025-07-26 21:18:39
718,5.444483,N/A,N/A,5.00e-05,31722.76,2809070981058267590711508989066412498673656144912177496737481330910292556155769610529596070037662203904,14725120,N/A,2025-07-26 21:18:40
719,7.089422,N/A,N/A,5.00e-05,31710.07,5618141962116535181423017978132824997347312289824354993474962661820585112311539221059192140075324407808,14745600,N/A,2025-07-26 21:18:41
720,6.025137,N/A,N/A,5.00e-05,31577.21,11236283924233070362846035956265649994694624579648709986949925323641170224623078442118384280150648815616,14766080,1.0000,2025-07-26 21:18:42
721,5.998104,N/A,N/A,5.00e-05,31583.74,11236283924233070362846035956265649994694624579648709986949925323641170224623078442118384280150648815616,14786560,N/A,2025-07-26 21:18:42
722,6.437998,N/A,N/A,5.00e-05,31568.47,22472567848466140725692071912531299989389249159297419973899850647282340449246156884236768560301297631232,14807040,N/A,2025-07-26 21:18:43
723,6.259397,N/A,N/A,5.00e-05,31580.63,22472567848466140725692071912531299989389249159297419973899850647282340449246156884236768560301297631232,14827520,N/A,2025-07-26 21:18:44
724,5.115347,N/A,N/A,5.00e-05,31593.60,22472567848466140725692071912531299989389249159297419973899850647282340449246156884236768560301297631232,14848000,N/A,2025-07-26 21:18:45
725,6.950385,N/A,N/A,5.00e-05,31541.75,44945135696932281451384143825062599978778498318594839947799701294564680898492313768473537120602595262464,14868480,N/A,2025-07-26 21:18:45
726,5.945763,N/A,N/A,5.00e-05,31538.06,89890271393864562902768287650125199957556996637189679895599402589129361796984627536947074241205190524928,14888960,N/A,2025-07-26 21:18:46
727,6.010868,N/A,N/A,5.00e-05,31548.18,89890271393864562902768287650125199957556996637189679895599402589129361796984627536947074241205190524928,14909440,N/A,2025-07-26 21:18:47
728,5.474069,N/A,N/A,5.00e-05,31669.85,89890271393864562902768287650125199957556996637189679895599402589129361796984627536947074241205190524928,14929920,N/A,2025-07-26 21:18:47
729,5.906889,N/A,N/A,5.00e-05,31806.21,89890271393864562902768287650125199957556996637189679895599402589129361796984627536947074241205190524928,14950400,N/A,2025-07-26 21:18:48
730,5.766700,N/A,N/A,5.00e-05,31606.75,179780542787729125805536575300250399915113993274379359791198805178258723593969255073894148482410381049856,14970880,0.9281,2025-07-26 21:18:49
731,4.551373,N/A,N/A,5.00e-05,31636.73,179780542787729125805536575300250399915113993274379359791198805178258723593969255073894148482410381049856,14991360,N/A,2025-07-26 21:18:50
732,5.828247,N/A,N/A,5.00e-05,31656.54,179780542787729125805536575300250399915113993274379359791198805178258723593969255073894148482410381049856,15011840,N/A,2025-07-26 21:18:50
733,5.968530,N/A,N/A,5.00e-05,31646.61,359561085575458251611073150600500799830227986548758719582397610356517447187938510147788296964820762099712,15032320,N/A,2025-07-26 21:18:51
734,5.939312,N/A,N/A,5.00e-05,31686.75,359561085575458251611073150600500799830227986548758719582397610356517447187938510147788296964820762099712,15052800,N/A,2025-07-26 21:18:52
735,6.623975,N/A,N/A,5.00e-05,31592.64,719122171150916503222146301201001599660455973097517439164795220713034894375877020295576593929641524199424,15073280,N/A,2025-07-26 21:18:52
736,5.855114,N/A,N/A,5.00e-05,31587.30,1438244342301833006444292602402003199320911946195034878329590441426069788751754040591153187859283048398848,15093760,N/A,2025-07-26 21:18:53
737,4.580304,N/A,N/A,5.00e-05,31603.71,1438244342301833006444292602402003199320911946195034878329590441426069788751754040591153187859283048398848,15114240,N/A,2025-07-26 21:18:54
738,5.453146,N/A,N/A,5.00e-05,31592.74,2876488684603666012888585204804006398641823892390069756659180882852139577503508081182306375718566096797696,15134720,N/A,2025-07-26 21:18:55
739,6.134048,N/A,N/A,5.00e-05,31797.55,2876488684603666012888585204804006398641823892390069756659180882852139577503508081182306375718566096797696,15155200,N/A,2025-07-26 21:18:55
740,5.122607,N/A,N/A,5.00e-05,31676.89,5752977369207332025777170409608012797283647784780139513318361765704279155007016162364612751437132193595392,15175680,1.0000,2025-07-26 21:18:56
741,5.387248,N/A,N/A,5.00e-05,31648.18,11505954738414664051554340819216025594567295569560279026636723531408558310014032324729225502874264387190784,15196160,N/A,2025-07-26 21:18:57
742,5.301425,N/A,N/A,5.00e-05,31661.23,11505954738414664051554340819216025594567295569560279026636723531408558310014032324729225502874264387190784,15216640,N/A,2025-07-26 21:18:57
743,4.500272,N/A,N/A,5.00e-05,31679.76,11505954738414664051554340819216025594567295569560279026636723531408558310014032324729225502874264387190784,15237120,N/A,2025-07-26 21:18:58
744,5.199697,N/A,N/A,5.00e-05,31770.72,11505954738414664051554340819216025594567295569560279026636723531408558310014032324729225502874264387190784,15257600,N/A,2025-07-26 21:18:59
745,5.091527,N/A,N/A,5.00e-05,31748.17,23011909476829328103108681638432051189134591139120558053273447062817116620028064649458451005748528774381568,15278080,N/A,2025-07-26 21:19:00
746,6.545100,N/A,N/A,5.00e-05,31757.74,23011909476829328103108681638432051189134591139120558053273447062817116620028064649458451005748528774381568,15298560,N/A,2025-07-26 21:19:00
747,6.811846,N/A,N/A,5.00e-05,31789.44,23011909476829328103108681638432051189134591139120558053273447062817116620028064649458451005748528774381568,15319040,N/A,2025-07-26 21:19:01
748,4.995982,N/A,N/A,5.00e-05,31795.02,23011909476829328103108681638432051189134591139120558053273447062817116620028064649458451005748528774381568,15339520,N/A,2025-07-26 21:19:02
749,6.281844,N/A,N/A,5.00e-05,31829.66,23011909476829328103108681638432051189134591139120558053273447062817116620028064649458451005748528774381568,15360000,N/A,2025-07-26 21:19:02
750,6.879770,N/A,N/A,5.00e-05,31590.56,46023818953658656206217363276864102378269182278241116106546894125634233240056129298916902011497057548763136,15380480,0.9785,2025-07-26 21:19:03
751,6.562162,N/A,N/A,5.00e-05,31592.23,46023818953658656206217363276864102378269182278241116106546894125634233240056129298916902011497057548763136,15400960,N/A,2025-07-26 21:19:04
752,5.643525,N/A,N/A,5.00e-05,31564.70,92047637907317312412434726553728204756538364556482232213093788251268466480112258597833804022994115097526272,15421440,N/A,2025-07-26 21:19:05
753,6.128705,N/A,N/A,5.00e-05,31560.15,184095275814634624824869453107456409513076729112964464426187576502536932960224517195667608045988230195052544,15441920,N/A,2025-07-26 21:19:05
754,5.831264,N/A,N/A,5.00e-05,31370.56,368190551629269249649738906214912819026153458225928928852375153005073865920449034391335216091976460390105088,15462400,N/A,2025-07-26 21:19:06
755,6.051553,N/A,N/A,5.00e-05,31357.99,736381103258538499299477812429825638052306916451857857704750306010147731840898068782670432183952920780210176,15482880,N/A,2025-07-26 21:19:07
756,5.915880,N/A,N/A,5.00e-05,31360.98,736381103258538499299477812429825638052306916451857857704750306010147731840898068782670432183952920780210176,15503360,N/A,2025-07-26 21:19:08
757,6.306084,N/A,N/A,5.00e-05,31354.92,1472762206517076998598955624859651276104613832903715715409500612020295463681796137565340864367905841560420352,15523840,N/A,2025-07-26 21:19:08
758,5.418259,N/A,N/A,5.00e-05,31406.14,1472762206517076998598955624859651276104613832903715715409500612020295463681796137565340864367905841560420352,15544320,N/A,2025-07-26 21:19:09
759,5.938946,N/A,N/A,5.00e-05,31557.59,1472762206517076998598955624859651276104613832903715715409500612020295463681796137565340864367905841560420352,15564800,N/A,2025-07-26 21:19:10
760,5.588372,N/A,N/A,5.00e-05,31464.46,2945524413034153997197911249719302552209227665807431430819001224040590927363592275130681728735811683120840704,15585280,0.9736,2025-07-26 21:19:10
761,6.501131,N/A,N/A,5.00e-05,31470.32,2945524413034153997197911249719302552209227665807431430819001224040590927363592275130681728735811683120840704,15605760,N/A,2025-07-26 21:19:11
762,4.586270,N/A,N/A,5.00e-05,31500.35,2945524413034153997197911249719302552209227665807431430819001224040590927363592275130681728735811683120840704,15626240,N/A,2025-07-26 21:19:12
763,5.854997,N/A,N/A,5.00e-05,31718.21,2945524413034153997197911249719302552209227665807431430819001224040590927363592275130681728735811683120840704,15646720,N/A,2025-07-26 21:19:13
764,5.356848,N/A,N/A,5.00e-05,31716.73,2945524413034153997197911249719302552209227665807431430819001224040590927363592275130681728735811683120840704,15667200,N/A,2025-07-26 21:19:13
765,5.723383,N/A,N/A,5.00e-05,31703.57,5891048826068307994395822499438605104418455331614862861638002448081181854727184550261363457471623366241681408,15687680,N/A,2025-07-26 21:19:14
766,5.876053,N/A,N/A,5.00e-05,31721.81,5891048826068307994395822499438605104418455331614862861638002448081181854727184550261363457471623366241681408,15708160,N/A,2025-07-26 21:19:15
767,5.280741,N/A,N/A,5.00e-05,31733.05,5891048826068307994395822499438605104418455331614862861638002448081181854727184550261363457471623366241681408,15728640,N/A,2025-07-26 21:19:15
768,5.870430,N/A,N/A,5.00e-05,31779.56,5891048826068307994395822499438605104418455331614862861638002448081181854727184550261363457471623366241681408,15749120,N/A,2025-07-26 21:19:16
769,6.366861,N/A,N/A,5.00e-05,31874.74,5891048826068307994395822499438605104418455331614862861638002448081181854727184550261363457471623366241681408,15769600,N/A,2025-07-26 21:19:17
770,5.748780,N/A,N/A,5.00e-05,31744.05,11782097652136615988791644998877210208836910663229725723276004896162363709454369100522726914943246732483362816,15790080,1.0000,2025-07-26 21:19:18
771,5.516530,N/A,N/A,5.00e-05,31721.77,23564195304273231977583289997754420417673821326459451446552009792324727418908738201045453829886493464966725632,15810560,N/A,2025-07-26 21:19:18
772,6.929394,N/A,N/A,5.00e-05,31697.90,47128390608546463955166579995508840835347642652918902893104019584649454837817476402090907659772986929933451264,15831040,N/A,2025-07-26 21:19:19
773,6.045981,N/A,N/A,5.00e-05,31695.80,47128390608546463955166579995508840835347642652918902893104019584649454837817476402090907659772986929933451264,15851520,N/A,2025-07-26 21:19:20
774,5.470284,N/A,N/A,5.00e-05,31678.48,94256781217092927910333159991017681670695285305837805786208039169298909675634952804181815319545973859866902528,15872000,N/A,2025-07-26 21:19:21
775,5.017371,N/A,N/A,5.00e-05,31648.89,188513562434185855820666319982035363341390570611675611572416078338597819351269905608363630639091947719733805056,15892480,N/A,2025-07-26 21:19:21
776,6.029419,N/A,N/A,5.00e-05,31660.41,188513562434185855820666319982035363341390570611675611572416078338597819351269905608363630639091947719733805056,15912960,N/A,2025-07-26 21:19:22
777,6.262084,N/A,N/A,5.00e-05,31705.86,188513562434185855820666319982035363341390570611675611572416078338597819351269905608363630639091947719733805056,15933440,N/A,2025-07-26 21:19:23
778,5.810870,N/A,N/A,5.00e-05,31704.62,377027124868371711641332639964070726682781141223351223144832156677195638702539811216727261278183895439467610112,15953920,N/A,2025-07-26 21:19:23
779,5.437479,N/A,N/A,5.00e-05,31813.09,377027124868371711641332639964070726682781141223351223144832156677195638702539811216727261278183895439467610112,15974400,N/A,2025-07-26 21:19:24
780,6.207504,N/A,N/A,5.00e-05,31622.67,754054249736743423282665279928141453365562282446702446289664313354391277405079622433454522556367790878935220224,15994880,0.9810,2025-07-26 21:19:25
781,6.911429,N/A,N/A,5.00e-05,31380.68,1508108499473486846565330559856282906731124564893404892579328626708782554810159244866909045112735581757870440448,16015360,N/A,2025-07-26 21:19:26
782,5.048644,N/A,N/A,5.00e-05,31379.47,1508108499473486846565330559856282906731124564893404892579328626708782554810159244866909045112735581757870440448,16035840,N/A,2025-07-26 21:19:26
783,5.060627,N/A,N/A,5.00e-05,31400.96,1508108499473486846565330559856282906731124564893404892579328626708782554810159244866909045112735581757870440448,16056320,N/A,2025-07-26 21:19:27
784,5.230605,N/A,N/A,5.00e-05,31401.09,1508108499473486846565330559856282906731124564893404892579328626708782554810159244866909045112735581757870440448,16076800,N/A,2025-07-26 21:19:28
785,5.899123,N/A,N/A,5.00e-05,31405.19,1508108499473486846565330559856282906731124564893404892579328626708782554810159244866909045112735581757870440448,16097280,N/A,2025-07-26 21:19:28
786,4.876361,N/A,N/A,5.00e-05,31375.47,3016216998946973693130661119712565813462249129786809785158657253417565109620318489733818090225471163515740880896,16117760,N/A,2025-07-26 21:19:29
787,5.597801,N/A,N/A,5.00e-05,31364.55,6032433997893947386261322239425131626924498259573619570317314506835130219240636979467636180450942327031481761792,16138240,N/A,2025-07-26 21:19:30
788,5.853222,N/A,N/A,5.00e-05,31313.48,12064867995787894772522644478850263253848996519147239140634629013670260438481273958935272360901884654062963523584,16158720,N/A,2025-07-26 21:19:31
789,6.699457,N/A,N/A,5.00e-05,31401.21,12064867995787894772522644478850263253848996519147239140634629013670260438481273958935272360901884654062963523584,16179200,N/A,2025-07-26 21:19:31
790,5.899464,N/A,N/A,5.00e-05,31540.73,12064867995787894772522644478850263253848996519147239140634629013670260438481273958935272360901884654062963523584,16199680,1.0000,2025-07-26 21:19:32
791,5.269580,N/A,N/A,5.00e-05,31564.88,12064867995787894772522644478850263253848996519147239140634629013670260438481273958935272360901884654062963523584,16220160,N/A,2025-07-26 21:19:33
792,6.284306,N/A,N/A,5.00e-05,31559.54,24129735991575789545045288957700526507697993038294478281269258027340520876962547917870544721803769308125927047168,16240640,N/A,2025-07-26 21:19:34
793,6.043712,N/A,N/A,5.00e-05,31577.62,24129735991575789545045288957700526507697993038294478281269258027340520876962547917870544721803769308125927047168,16261120,N/A,2025-07-26 21:19:34
794,5.947704,N/A,N/A,5.00e-05,31533.96,48259471983151579090090577915401053015395986076588956562538516054681041753925095835741089443607538616251854094336,16281600,N/A,2025-07-26 21:19:35
795,6.485617,N/A,N/A,5.00e-05,31567.87,48259471983151579090090577915401053015395986076588956562538516054681041753925095835741089443607538616251854094336,16302080,N/A,2025-07-26 21:19:36
796,5.733518,N/A,N/A,5.00e-05,31583.76,48259471983151579090090577915401053015395986076588956562538516054681041753925095835741089443607538616251854094336,16322560,N/A,2025-07-26 21:19:36
797,4.889544,N/A,N/A,5.00e-05,31626.81,48259471983151579090090577915401053015395986076588956562538516054681041753925095835741089443607538616251854094336,16343040,N/A,2025-07-26 21:19:37
798,6.185960,N/A,N/A,5.00e-05,31727.29,48259471983151579090090577915401053015395986076588956562538516054681041753925095835741089443607538616251854094336,16363520,N/A,2025-07-26 21:19:38
799,5.952285,N/A,N/A,5.00e-05,31837.28,48259471983151579090090577915401053015395986076588956562538516054681041753925095835741089443607538616251854094336,16384000,N/A,2025-07-26 21:19:39
800,4.548113,N/A,N/A,5.00e-05,31704.84,96518943966303158180181155830802106030791972153177913125077032109362083507850191671482178887215077232503708188672,16404480,0.9485,2025-07-26 21:19:39
801,5.871217,N/A,N/A,5.00e-05,22116.90,193037887932606316360362311661604212061583944306355826250154064218724167015700383342964357774430154465007416377344,16424960,N/A,2025-07-26 21:19:43
802,5.185050,N/A,N/A,5.00e-05,22050.53,386075775865212632720724623323208424123167888612711652500308128437448334031400766685928715548860308930014832754688,16445440,N/A,2025-07-26 21:19:44
803,5.358888,N/A,N/A,5.00e-05,22065.60,386075775865212632720724623323208424123167888612711652500308128437448334031400766685928715548860308930014832754688,16465920,N/A,2025-07-26 21:19:44
804,6.035006,N/A,N/A,5.00e-05,22057.05,772151551730425265441449246646416848246335777225423305000616256874896668062801533371857431097720617860029665509376,16486400,N/A,2025-07-26 21:19:45
805,4.988411,N/A,N/A,5.00e-05,22062.32,772151551730425265441449246646416848246335777225423305000616256874896668062801533371857431097720617860029665509376,16506880,N/A,2025-07-26 21:19:46
806,6.123030,N/A,N/A,5.00e-05,22065.23,772151551730425265441449246646416848246335777225423305000616256874896668062801533371857431097720617860029665509376,16527360,N/A,2025-07-26 21:19:46
807,5.629725,N/A,N/A,5.00e-05,22052.25,1544303103460850530882898493292833696492671554450846610001232513749793336125603066743714862195441235720059331018752,16547840,N/A,2025-07-26 21:19:47
808,5.408055,N/A,N/A,5.00e-05,22058.25,1544303103460850530882898493292833696492671554450846610001232513749793336125603066743714862195441235720059331018752,16568320,N/A,2025-07-26 21:19:48
809,6.006042,N/A,N/A,5.00e-05,22103.74,1544303103460850530882898493292833696492671554450846610001232513749793336125603066743714862195441235720059331018752,16588800,N/A,2025-07-26 21:19:49
810,5.957108,N/A,N/A,5.00e-05,31555.73,1544303103460850530882898493292833696492671554450846610001232513749793336125603066743714862195441235720059331018752,16609280,0.9777,2025-07-26 21:19:49
811,6.281641,N/A,N/A,5.00e-05,31679.19,1544303103460850530882898493292833696492671554450846610001232513749793336125603066743714862195441235720059331018752,16629760,N/A,2025-07-26 21:19:50
812,5.685355,N/A,N/A,5.00e-05,31659.92,3088606206921701061765796986585667392985343108901693220002465027499586672251206133487429724390882471440118662037504,16650240,N/A,2025-07-26 21:19:51
813,5.843521,N/A,N/A,5.00e-05,31666.58,3088606206921701061765796986585667392985343108901693220002465027499586672251206133487429724390882471440118662037504,16670720,N/A,2025-07-26 21:19:51
814,6.042428,N/A,N/A,5.00e-05,31670.00,3088606206921701061765796986585667392985343108901693220002465027499586672251206133487429724390882471440118662037504,16691200,N/A,2025-07-26 21:19:52
815,5.596559,N/A,N/A,5.00e-05,31703.20,3088606206921701061765796986585667392985343108901693220002465027499586672251206133487429724390882471440118662037504,16711680,N/A,2025-07-26 21:19:53
816,5.784993,N/A,N/A,5.00e-05,31474.10,6177212413843402123531593973171334785970686217803386440004930054999173344502412266974859448781764942880237324075008,16732160,N/A,2025-07-26 21:19:54
817,5.531428,N/A,N/A,5.00e-05,31481.59,6177212413843402123531593973171334785970686217803386440004930054999173344502412266974859448781764942880237324075008,16752640,N/A,2025-07-26 21:19:54
818,5.534065,N/A,N/A,5.00e-05,31508.69,6177212413843402123531593973171334785970686217803386440004930054999173344502412266974859448781764942880237324075008,16773120,N/A,2025-07-26 21:19:55
819,5.358132,N/A,N/A,5.00e-05,31601.36,6177212413843402123531593973171334785970686217803386440004930054999173344502412266974859448781764942880237324075008,16793600,N/A,2025-07-26 21:19:56
820,5.047343,N/A,N/A,5.00e-05,31300.02,12354424827686804247063187946342669571941372435606772880009860109998346689004824533949718897563529885760474648150016,16814080,0.9171,2025-07-26 21:19:57
821,5.400631,N/A,N/A,5.00e-05,31213.33,24708849655373608494126375892685339143882744871213545760019720219996693378009649067899437795127059771520949296300032,16834560,N/A,2025-07-26 21:19:57
822,4.712683,N/A,N/A,5.00e-05,31195.90,49417699310747216988252751785370678287765489742427091520039440439993386756019298135798875590254119543041898592600064,16855040,N/A,2025-07-26 21:19:58
823,6.082873,N/A,N/A,5.00e-05,31199.65,49417699310747216988252751785370678287765489742427091520039440439993386756019298135798875590254119543041898592600064,16875520,N/A,2025-07-26 21:19:59
824,5.191778,N/A,N/A,5.00e-05,31209.52,49417699310747216988252751785370678287765489742427091520039440439993386756019298135798875590254119543041898592600064,16896000,N/A,2025-07-26 21:19:59
825,5.781019,N/A,N/A,5.00e-05,31461.27,49417699310747216988252751785370678287765489742427091520039440439993386756019298135798875590254119543041898592600064,16916480,N/A,2025-07-26 21:20:00
826,5.333334,N/A,N/A,5.00e-05,31473.63,49417699310747216988252751785370678287765489742427091520039440439993386756019298135798875590254119543041898592600064,16936960,N/A,2025-07-26 21:20:01
827,6.782276,N/A,N/A,5.00e-05,31478.87,49417699310747216988252751785370678287765489742427091520039440439993386756019298135798875590254119543041898592600064,16957440,N/A,2025-07-26 21:20:02
828,5.644629,N/A,N/A,5.00e-05,31504.12,49417699310747216988252751785370678287765489742427091520039440439993386756019298135798875590254119543041898592600064,16977920,N/A,2025-07-26 21:20:02
829,6.006433,N/A,N/A,5.00e-05,31826.79,49417699310747216988252751785370678287765489742427091520039440439993386756019298135798875590254119543041898592600064,16998400,N/A,2025-07-26 21:20:03
830,5.439081,N/A,N/A,5.00e-05,31753.35,98835398621494433976505503570741356575530979484854183040078880879986773512038596271597751180508239086083797185200128,17018880,1.0000,2025-07-26 21:20:04
831,5.896379,N/A,N/A,5.00e-05,31772.95,98835398621494433976505503570741356575530979484854183040078880879986773512038596271597751180508239086083797185200128,17039360,N/A,2025-07-26 21:20:04
832,6.733129,N/A,N/A,5.00e-05,31754.36,197670797242988867953011007141482713151061958969708366080157761759973547024077192543195502361016478172167594370400256,17059840,N/A,2025-07-26 21:20:05
833,7.011207,N/A,N/A,5.00e-05,31727.04,395341594485977735906022014282965426302123917939416732160315523519947094048154385086391004722032956344335188740800512,17080320,N/A,2025-07-26 21:20:06
834,5.046010,N/A,N/A,5.00e-05,31730.84,395341594485977735906022014282965426302123917939416732160315523519947094048154385086391004722032956344335188740800512,17100800,N/A,2025-07-26 21:20:07
835,5.724126,N/A,N/A,5.00e-05,31714.09,790683188971955471812044028565930852604247835878833464320631047039894188096308770172782009444065912688670377481601024,17121280,N/A,2025-07-26 21:20:07
836,4.992465,N/A,N/A,5.00e-05,31697.48,1581366377943910943624088057131861705208495671757666928641262094079788376192617540345564018888131825377340754963202048,17141760,N/A,2025-07-26 21:20:08
837,6.345322,N/A,N/A,5.00e-05,31712.56,1581366377943910943624088057131861705208495671757666928641262094079788376192617540345564018888131825377340754963202048,17162240,N/A,2025-07-26 21:20:09
838,5.023688,N/A,N/A,5.00e-05,31720.70,1581366377943910943624088057131861705208495671757666928641262094079788376192617540345564018888131825377340754963202048,17182720,N/A,2025-07-26 21:20:09
839,5.742473,N/A,N/A,5.00e-05,31916.70,1581366377943910943624088057131861705208495671757666928641262094079788376192617540345564018888131825377340754963202048,17203200,N/A,2025-07-26 21:20:10
840,5.940873,N/A,N/A,5.00e-05,31785.66,3162732755887821887248176114263723410416991343515333857282524188159576752385235080691128037776263650754681509926404096,17223680,0.9488,2025-07-26 21:20:11
841,5.727960,N/A,N/A,5.00e-05,31775.24,6325465511775643774496352228527446820833982687030667714565048376319153504770470161382256075552527301509363019852808192,17244160,N/A,2025-07-26 21:20:12
842,5.578985,N/A,N/A,5.00e-05,31765.41,12650931023551287548992704457054893641667965374061335429130096752638307009540940322764512151105054603018726039705616384,17264640,N/A,2025-07-26 21:20:12
843,5.604263,N/A,N/A,5.00e-05,31750.25,25301862047102575097985408914109787283335930748122670858260193505276614019081880645529024302210109206037452079411232768,17285120,N/A,2025-07-26 21:20:13
844,5.025015,N/A,N/A,5.00e-05,31751.82,25301862047102575097985408914109787283335930748122670858260193505276614019081880645529024302210109206037452079411232768,17305600,N/A,2025-07-26 21:20:14
845,6.035339,N/A,N/A,5.00e-05,31770.77,25301862047102575097985408914109787283335930748122670858260193505276614019081880645529024302210109206037452079411232768,17326080,N/A,2025-07-26 21:20:14
846,5.932250,N/A,N/A,5.00e-05,31760.29,50603724094205150195970817828219574566671861496245341716520387010553228038163761291058048604420218412074904158822465536,17346560,N/A,2025-07-26 21:20:15
847,5.781392,N/A,N/A,5.00e-05,31758.60,101207448188410300391941635656439149133343722992490683433040774021106456076327522582116097208840436824149808317644931072,17367040,N/A,2025-07-26 21:20:16
848,6.543671,N/A,N/A,5.00e-05,31498.20,202414896376820600783883271312878298266687445984981366866081548042212912152655045164232194417680873648299616635289862144,17387520,N/A,2025-07-26 21:20:17
849,4.878525,N/A,N/A,5.00e-05,31616.84,202414896376820600783883271312878298266687445984981366866081548042212912152655045164232194417680873648299616635289862144,17408000,N/A,2025-07-26 21:20:17
850,5.779965,N/A,N/A,5.00e-05,31458.88,404829792753641201567766542625756596533374891969962733732163096084425824305310090328464388835361747296599233270579724288,17428480,0.8271,2025-07-26 21:20:18
851,5.617454,N/A,N/A,5.00e-05,31461.68,404829792753641201567766542625756596533374891969962733732163096084425824305310090328464388835361747296599233270579724288,17448960,N/A,2025-07-26 21:20:19
852,5.840919,N/A,N/A,5.00e-05,31497.48,404829792753641201567766542625756596533374891969962733732163096084425824305310090328464388835361747296599233270579724288,17469440,N/A,2025-07-26 21:20:20
853,6.348135,N/A,N/A,5.00e-05,31498.73,404829792753641201567766542625756596533374891969962733732163096084425824305310090328464388835361747296599233270579724288,17489920,N/A,2025-07-26 21:20:20
854,6.386233,N/A,N/A,5.00e-05,31314.80,809659585507282403135533085251513193066749783939925467464326192168851648610620180656928777670723494593198466541159448576,17510400,N/A,2025-07-26 21:20:21
855,5.954747,N/A,N/A,5.00e-05,31311.95,1619319171014564806271066170503026386133499567879850934928652384337703297221240361313857555341446989186396933082318897152,17530880,N/A,2025-07-26 21:20:22
856,5.657030,N/A,N/A,5.00e-05,31279.69,3238638342029129612542132341006052772266999135759701869857304768675406594442480722627715110682893978372793866164637794304,17551360,N/A,2025-07-26 21:20:22
857,6.162513,N/A,N/A,5.00e-05,31546.45,3238638342029129612542132341006052772266999135759701869857304768675406594442480722627715110682893978372793866164637794304,17571840,N/A,2025-07-26 21:20:23
858,5.680168,N/A,N/A,5.00e-05,31575.19,3238638342029129612542132341006052772266999135759701869857304768675406594442480722627715110682893978372793866164637794304,17592320,N/A,2025-07-26 21:20:24
859,5.845634,N/A,N/A,5.00e-05,31731.48,3238638342029129612542132341006052772266999135759701869857304768675406594442480722627715110682893978372793866164637794304,17612800,N/A,2025-07-26 21:20:25
860,5.744372,N/A,N/A,5.00e-05,31632.85,6477276684058259225084264682012105544533998271519403739714609537350813188884961445255430221365787956745587732329275588608,17633280,0.9200,2025-07-26 21:20:25
861,5.358100,N/A,N/A,5.00e-05,31603.58,12954553368116518450168529364024211089067996543038807479429219074701626377769922890510860442731575913491175464658551177216,17653760,N/A,2025-07-26 21:20:26
862,6.221493,N/A,N/A,5.00e-05,31588.93,25909106736233036900337058728048422178135993086077614958858438149403252755539845781021720885463151826982350929317102354432,17674240,N/A,2025-07-26 21:20:27
863,6.084938,N/A,N/A,5.00e-05,31763.46,25909106736233036900337058728048422178135993086077614958858438149403252755539845781021720885463151826982350929317102354432,17694720,N/A,2025-07-26 21:20:27
864,5.604606,N/A,N/A,5.00e-05,31752.83,51818213472466073800674117456096844356271986172155229917716876298806505511079691562043441770926303653964701858634204708864,17715200,N/A,2025-07-26 21:20:28
865,5.669500,N/A,N/A,5.00e-05,31774.99,51818213472466073800674117456096844356271986172155229917716876298806505511079691562043441770926303653964701858634204708864,17735680,N/A,2025-07-26 21:20:29
866,5.685645,N/A,N/A,5.00e-05,31613.67,103636426944932147601348234912193688712543972344310459835433752597613011022159383124086883541852607307929403717268409417728,17756160,N/A,2025-07-26 21:20:30
867,5.912072,N/A,N/A,5.00e-05,31567.48,207272853889864295202696469824387377425087944688620919670867505195226022044318766248173767083705214615858807434536818835456,17776640,N/A,2025-07-26 21:20:30
868,5.882000,N/A,N/A,5.00e-05,31569.86,207272853889864295202696469824387377425087944688620919670867505195226022044318766248173767083705214615858807434536818835456,17797120,N/A,2025-07-26 21:20:31
869,5.393156,N/A,N/A,5.00e-05,31657.64,207272853889864295202696469824387377425087944688620919670867505195226022044318766248173767083705214615858807434536818835456,17817600,N/A,2025-07-26 21:20:32
870,6.874794,N/A,N/A,5.00e-05,31548.22,414545707779728590405392939648774754850175889377241839341735010390452044088637532496347534167410429231717614869073637670912,17838080,0.9143,2025-07-26 21:20:32
871,5.444294,N/A,N/A,5.00e-05,31565.78,414545707779728590405392939648774754850175889377241839341735010390452044088637532496347534167410429231717614869073637670912,17858560,N/A,2025-07-26 21:20:33
872,5.042230,N/A,N/A,5.00e-05,31507.70,829091415559457180810785879297549509700351778754483678683470020780904088177275064992695068334820858463435229738147275341824,17879040,N/A,2025-07-26 21:20:34
873,4.862573,N/A,N/A,5.00e-05,31529.32,829091415559457180810785879297549509700351778754483678683470020780904088177275064992695068334820858463435229738147275341824,17899520,N/A,2025-07-26 21:20:35
874,5.609322,N/A,N/A,5.00e-05,31521.12,1658182831118914361621571758595099019400703557508967357366940041561808176354550129985390136669641716926870459476294550683648,17920000,N/A,2025-07-26 21:20:35
875,6.026738,N/A,N/A,5.00e-05,31662.77,1658182831118914361621571758595099019400703557508967357366940041561808176354550129985390136669641716926870459476294550683648,17940480,N/A,2025-07-26 21:20:36
876,4.830365,N/A,N/A,5.00e-05,31695.02,1658182831118914361621571758595099019400703557508967357366940041561808176354550129985390136669641716926870459476294550683648,17960960,N/A,2025-07-26 21:20:37
877,5.942175,N/A,N/A,5.00e-05,31708.00,1658182831118914361621571758595099019400703557508967357366940041561808176354550129985390136669641716926870459476294550683648,17981440,N/A,2025-07-26 21:20:37
878,5.608991,N/A,N/A,5.00e-05,31695.80,3316365662237828723243143517190198038801407115017934714733880083123616352709100259970780273339283433853740918952589101367296,18001920,N/A,2025-07-26 21:20:38
879,6.250992,N/A,N/A,5.00e-05,31823.68,3316365662237828723243143517190198038801407115017934714733880083123616352709100259970780273339283433853740918952589101367296,18022400,N/A,2025-07-26 21:20:39
880,6.015425,N/A,N/A,5.00e-05,31690.70,6632731324475657446486287034380396077602814230035869429467760166247232705418200519941560546678566867707481837905178202734592,18042880,1.0000,2025-07-26 21:20:40
881,6.644922,N/A,N/A,5.00e-05,31735.95,6632731324475657446486287034380396077602814230035869429467760166247232705418200519941560546678566867707481837905178202734592,18063360,N/A,2025-07-26 21:20:40
882,5.398308,N/A,N/A,5.00e-05,31666.00,13265462648951314892972574068760792155205628460071738858935520332494465410836401039883121093357133735414963675810356405469184,18083840,N/A,2025-07-26 21:20:41
883,6.168364,N/A,N/A,5.00e-05,31671.82,13265462648951314892972574068760792155205628460071738858935520332494465410836401039883121093357133735414963675810356405469184,18104320,N/A,2025-07-26 21:20:42
884,5.694509,N/A,N/A,5.00e-05,31490.19,26530925297902629785945148137521584310411256920143477717871040664988930821672802079766242186714267470829927351620712810938368,18124800,N/A,2025-07-26 21:20:43
885,6.267814,N/A,N/A,5.00e-05,31489.28,26530925297902629785945148137521584310411256920143477717871040664988930821672802079766242186714267470829927351620712810938368,18145280,N/A,2025-07-26 21:20:43
886,5.925078,N/A,N/A,5.00e-05,31446.69,53061850595805259571890296275043168620822513840286955435742081329977861643345604159532484373428534941659854703241425621876736,18165760,N/A,2025-07-26 21:20:44
887,5.100637,N/A,N/A,5.00e-05,31471.51,53061850595805259571890296275043168620822513840286955435742081329977861643345604159532484373428534941659854703241425621876736,18186240,N/A,2025-07-26 21:20:45
888,5.323314,N/A,N/A,5.00e-05,31464.47,106123701191610519143780592550086337241645027680573910871484162659955723286691208319064968746857069883319709406482851243753472,18206720,N/A,2025-07-26 21:20:45
889,5.057022,N/A,N/A,5.00e-05,31556.08,106123701191610519143780592550086337241645027680573910871484162659955723286691208319064968746857069883319709406482851243753472,18227200,N/A,2025-07-26 21:20:46
890,6.556041,N/A,N/A,5.00e-05,31364.87,212247402383221038287561185100172674483290055361147821742968325319911446573382416638129937493714139766639418812965702487506944,18247680,0.8272,2025-07-26 21:20:47
891,4.903395,N/A,N/A,5.00e-05,31290.42,424494804766442076575122370200345348966580110722295643485936650639822893146764833276259874987428279533278837625931404975013888,18268160,N/A,2025-07-26 21:20:48
892,5.406854,N/A,N/A,5.00e-05,31277.44,848989609532884153150244740400690697933160221444591286971873301279645786293529666552519749974856559066557675251862809950027776,18288640,N/A,2025-07-26 21:20:48
893,5.095417,N/A,N/A,5.00e-05,31434.79,848989609532884153150244740400690697933160221444591286971873301279645786293529666552519749974856559066557675251862809950027776,18309120,N/A,2025-07-26 21:20:49
894,5.183016,N/A,N/A,5.00e-05,31451.74,848989609532884153150244740400690697933160221444591286971873301279645786293529666552519749974856559066557675251862809950027776,18329600,N/A,2025-07-26 21:20:50
895,4.689190,N/A,N/A,5.00e-05,31501.93,848989609532884153150244740400690697933160221444591286971873301279645786293529666552519749974856559066557675251862809950027776,18350080,N/A,2025-07-26 21:20:51
896,6.181035,N/A,N/A,5.00e-05,31503.58,848989609532884153150244740400690697933160221444591286971873301279645786293529666552519749974856559066557675251862809950027776,18370560,N/A,2025-07-26 21:20:51
897,5.120173,N/A,N/A,5.00e-05,31510.76,848989609532884153150244740400690697933160221444591286971873301279645786293529666552519749974856559066557675251862809950027776,18391040,N/A,2025-07-26 21:20:52
898,5.449356,N/A,N/A,5.00e-05,31555.84,848989609532884153150244740400690697933160221444591286971873301279645786293529666552519749974856559066557675251862809950027776,18411520,N/A,2025-07-26 21:20:53
899,6.863288,N/A,N/A,5.00e-05,31754.90,848989609532884153150244740400690697933160221444591286971873301279645786293529666552519749974856559066557675251862809950027776,18432000,N/A,2025-07-26 21:20:53
900,6.355908,N/A,N/A,5.00e-05,31785.76,848989609532884153150244740400690697933160221444591286971873301279645786293529666552519749974856559066557675251862809950027776,18452480,1.0000,2025-07-26 21:20:54
901,5.793587,N/A,N/A,5.00e-05,23577.28,1697979219065768306300489480801381395866320442889182573943746602559291572587059333105039499949713118133115350503725619900055552,18472960,N/A,2025-07-26 21:20:57
902,5.396409,N/A,N/A,5.00e-05,23590.53,1697979219065768306300489480801381395866320442889182573943746602559291572587059333105039499949713118133115350503725619900055552,18493440,N/A,2025-07-26 21:20:58
903,6.486264,N/A,N/A,5.00e-05,23584.35,3395958438131536612600978961602762791732640885778365147887493205118583145174118666210078999899426236266230701007451239800111104,18513920,N/A,2025-07-26 21:20:58
904,5.168044,N/A,N/A,5.00e-05,23584.50,3395958438131536612600978961602762791732640885778365147887493205118583145174118666210078999899426236266230701007451239800111104,18534400,N/A,2025-07-26 21:20:59
905,5.313260,N/A,N/A,5.00e-05,23593.50,3395958438131536612600978961602762791732640885778365147887493205118583145174118666210078999899426236266230701007451239800111104,18554880,N/A,2025-07-26 21:21:00
906,6.401046,N/A,N/A,5.00e-05,23595.19,3395958438131536612600978961602762791732640885778365147887493205118583145174118666210078999899426236266230701007451239800111104,18575360,N/A,2025-07-26 21:21:01
907,5.255188,N/A,N/A,5.00e-05,23576.22,6791916876263073225201957923205525583465281771556730295774986410237166290348237332420157999798852472532461402014902479600222208,18595840,N/A,2025-07-26 21:21:01
908,5.446188,N/A,N/A,5.00e-05,23578.89,6791916876263073225201957923205525583465281771556730295774986410237166290348237332420157999798852472532461402014902479600222208,18616320,N/A,2025-07-26 21:21:02
909,4.747252,N/A,N/A,5.00e-05,23638.87,6791916876263073225201957923205525583465281771556730295774986410237166290348237332420157999798852472532461402014902479600222208,18636800,N/A,2025-07-26 21:21:03
910,5.338362,N/A,N/A,5.00e-05,31785.16,6791916876263073225201957923205525583465281771556730295774986410237166290348237332420157999798852472532461402014902479600222208,18657280,0.8178,2025-07-26 21:21:04
911,5.998942,N/A,N/A,5.00e-05,31508.69,13583833752526146450403915846411051166930563543113460591549972820474332580696474664840315999597704945064922804029804959200444416,18677760,N/A,2025-07-26 21:21:04
912,5.444521,N/A,N/A,5.00e-05,31496.61,27167667505052292900807831692822102333861127086226921183099945640948665161392949329680631999195409890129845608059609918400888832,18698240,N/A,2025-07-26 21:21:05
913,5.766438,N/A,N/A,5.00e-05,31483.32,54335335010104585801615663385644204667722254172453842366199891281897330322785898659361263998390819780259691216119219836801777664,18718720,N/A,2025-07-26 21:21:06
914,5.670508,N/A,N/A,5.00e-05,31484.00,54335335010104585801615663385644204667722254172453842366199891281897330322785898659361263998390819780259691216119219836801777664,18739200,N/A,2025-07-26 21:21:06
915,5.625561,N/A,N/A,5.00e-05,31485.10,54335335010104585801615663385644204667722254172453842366199891281897330322785898659361263998390819780259691216119219836801777664,18759680,N/A,2025-07-26 21:21:07
916,4.503808,N/A,N/A,5.00e-05,31505.54,54335335010104585801615663385644204667722254172453842366199891281897330322785898659361263998390819780259691216119219836801777664,18780160,N/A,2025-07-26 21:21:08
917,4.554537,N/A,N/A,5.00e-05,31532.31,54335335010104585801615663385644204667722254172453842366199891281897330322785898659361263998390819780259691216119219836801777664,18800640,N/A,2025-07-26 21:21:09
918,6.269492,N/A,N/A,5.00e-05,31519.26,108670670020209171603231326771288409335444508344907684732399782563794660645571797318722527996781639560519382432238439673603555328,18821120,N/A,2025-07-26 21:21:09
919,5.679948,N/A,N/A,5.00e-05,31652.72,108670670020209171603231326771288409335444508344907684732399782563794660645571797318722527996781639560519382432238439673603555328,18841600,N/A,2025-07-26 21:21:10
920,5.867507,N/A,N/A,5.00e-05,31828.25,108670670020209171603231326771288409335444508344907684732399782563794660645571797318722527996781639560519382432238439673603555328,18862080,1.0000,2025-07-26 21:21:11
921,6.754161,N/A,N/A,5.00e-05,31818.36,217341340040418343206462653542576818670889016689815369464799565127589321291143594637445055993563279121038764864476879347207110656,18882560,N/A,2025-07-26 21:21:11
922,5.850129,N/A,N/A,5.00e-05,31811.49,434682680080836686412925307085153637341778033379630738929599130255178642582287189274890111987126558242077529728953758694414221312,18903040,N/A,2025-07-26 21:21:12
923,5.124340,N/A,N/A,5.00e-05,31799.54,869365360161673372825850614170307274683556066759261477859198260510357285164574378549780223974253116484155059457907517388828442624,18923520,N/A,2025-07-26 21:21:13
924,5.864417,N/A,N/A,5.00e-05,31638.18,1738730720323346745651701228340614549367112133518522955718396521020714570329148757099560447948506232968310118915815034777656885248,18944000,N/A,2025-07-26 21:21:14
925,6.046679,N/A,N/A,5.00e-05,31632.64,3477461440646693491303402456681229098734224267037045911436793042041429140658297514199120895897012465936620237831630069555313770496,18964480,N/A,2025-07-26 21:21:14
926,4.983023,N/A,N/A,5.00e-05,31593.15,6954922881293386982606804913362458197468448534074091822873586084082858281316595028398241791794024931873240475663260139110627540992,18984960,N/A,2025-07-26 21:21:15
927,6.340829,N/A,N/A,5.00e-05,31598.44,6954922881293386982606804913362458197468448534074091822873586084082858281316595028398241791794024931873240475663260139110627540992,19005440,N/A,2025-07-26 21:21:16
928,6.329851,N/A,N/A,5.00e-05,31582.94,13909845762586773965213609826724916394936897068148183645747172168165716562633190056796483583588049863746480951326520278221255081984,19025920,N/A,2025-07-26 21:21:16
929,6.074108,N/A,N/A,5.00e-05,31637.97,13909845762586773965213609826724916394936897068148183645747172168165716562633190056796483583588049863746480951326520278221255081984,19046400,N/A,2025-07-26 21:21:17
930,5.682246,N/A,N/A,5.00e-05,31550.47,27819691525173547930427219653449832789873794136296367291494344336331433125266380113592967167176099727492961902653040556442510163968,19066880,0.9514,2025-07-26 21:21:18
931,4.795677,N/A,N/A,5.00e-05,31540.26,55639383050347095860854439306899665579747588272592734582988688672662866250532760227185934334352199454985923805306081112885020327936,19087360,N/A,2025-07-26 21:21:19
932,5.276811,N/A,N/A,5.00e-05,31513.08,111278766100694191721708878613799331159495176545185469165977377345325732501065520454371868668704398909971847610612162225770040655872,19107840,N/A,2025-07-26 21:21:19
933,6.020776,N/A,N/A,5.00e-05,31651.12,111278766100694191721708878613799331159495176545185469165977377345325732501065520454371868668704398909971847610612162225770040655872,19128320,N/A,2025-07-26 21:21:20
934,4.875637,N/A,N/A,5.00e-05,31654.89,111278766100694191721708878613799331159495176545185469165977377345325732501065520454371868668704398909971847610612162225770040655872,19148800,N/A,2025-07-26 21:21:21
935,5.696501,N/A,N/A,5.00e-05,31675.45,111278766100694191721708878613799331159495176545185469165977377345325732501065520454371868668704398909971847610612162225770040655872,19169280,N/A,2025-07-26 21:21:21
936,5.387127,N/A,N/A,5.00e-05,31657.25,222557532201388383443417757227598662318990353090370938331954754690651465002131040908743737337408797819943695221224324451540081311744,19189760,N/A,2025-07-26 21:21:22
937,4.943538,N/A,N/A,5.00e-05,31650.22,445115064402776766886835514455197324637980706180741876663909509381302930004262081817487474674817595639887390442448648903080162623488,19210240,N/A,2025-07-26 21:21:23
938,5.007108,N/A,N/A,5.00e-05,31681.50,445115064402776766886835514455197324637980706180741876663909509381302930004262081817487474674817595639887390442448648903080162623488,19230720,N/A,2025-07-26 21:21:24
939,6.340271,N/A,N/A,5.00e-05,31759.76,445115064402776766886835514455197324637980706180741876663909509381302930004262081817487474674817595639887390442448648903080162623488,19251200,N/A,2025-07-26 21:21:24
940,4.871719,N/A,N/A,5.00e-05,31658.89,890230128805553533773671028910394649275961412361483753327819018762605860008524163634974949349635191279774780884897297806160325246976,19271680,0.9732,2025-07-26 21:21:25
941,5.745928,N/A,N/A,5.00e-05,31687.41,890230128805553533773671028910394649275961412361483753327819018762605860008524163634974949349635191279774780884897297806160325246976,19292160,N/A,2025-07-26 21:21:26
942,6.056414,N/A,N/A,5.00e-05,31696.04,890230128805553533773671028910394649275961412361483753327819018762605860008524163634974949349635191279774780884897297806160325246976,19312640,N/A,2025-07-26 21:21:27
943,6.727145,N/A,N/A,5.00e-05,31699.33,890230128805553533773671028910394649275961412361483753327819018762605860008524163634974949349635191279774780884897297806160325246976,19333120,N/A,2025-07-26 21:21:27
944,5.427077,N/A,N/A,5.00e-05,31688.49,1780460257611107067547342057820789298551922824722967506655638037525211720017048327269949898699270382559549561769794595612320650493952,19353600,N/A,2025-07-26 21:21:28
945,6.023355,N/A,N/A,5.00e-05,31710.37,1780460257611107067547342057820789298551922824722967506655638037525211720017048327269949898699270382559549561769794595612320650493952,19374080,N/A,2025-07-26 21:21:29
946,5.031796,N/A,N/A,5.00e-05,31453.45,3560920515222214135094684115641578597103845649445935013311276075050423440034096654539899797398540765119099123539589191224641300987904,19394560,N/A,2025-07-26 21:21:29
947,5.651293,N/A,N/A,5.00e-05,31463.19,3560920515222214135094684115641578597103845649445935013311276075050423440034096654539899797398540765119099123539589191224641300987904,19415040,N/A,2025-07-26 21:21:30
948,6.332161,N/A,N/A,5.00e-05,31490.35,3560920515222214135094684115641578597103845649445935013311276075050423440034096654539899797398540765119099123539589191224641300987904,19435520,N/A,2025-07-26 21:21:31
949,6.741742,N/A,N/A,5.00e-05,31616.09,3560920515222214135094684115641578597103845649445935013311276075050423440034096654539899797398540765119099123539589191224641300987904,19456000,N/A,2025-07-26 21:21:32
950,5.348158,N/A,N/A,5.00e-05,31520.26,7121841030444428270189368231283157194207691298891870026622552150100846880068193309079799594797081530238198247079178382449282601975808,19476480,1.0000,2025-07-26 21:21:32
951,6.432018,N/A,N/A,5.00e-05,31478.23,14243682060888856540378736462566314388415382597783740053245104300201693760136386618159599189594163060476396494158356764898565203951616,19496960,N/A,2025-07-26 21:21:33
952,6.039108,N/A,N/A,5.00e-05,31505.34,14243682060888856540378736462566314388415382597783740053245104300201693760136386618159599189594163060476396494158356764898565203951616,19517440,N/A,2025-07-26 21:21:34
953,5.452145,N/A,N/A,5.00e-05,31496.19,28487364121777713080757472925132628776830765195567480106490208600403387520272773236319198379188326120952792988316713529797130407903232,19537920,N/A,2025-07-26 21:21:34
954,6.447657,N/A,N/A,5.00e-05,31497.34,28487364121777713080757472925132628776830765195567480106490208600403387520272773236319198379188326120952792988316713529797130407903232,19558400,N/A,2025-07-26 21:21:35
955,6.610610,N/A,N/A,5.00e-05,31767.96,28487364121777713080757472925132628776830765195567480106490208600403387520272773236319198379188326120952792988316713529797130407903232,19578880,N/A,2025-07-26 21:21:36
956,5.468266,N/A,N/A,5.00e-05,31776.00,28487364121777713080757472925132628776830765195567480106490208600403387520272773236319198379188326120952792988316713529797130407903232,19599360,N/A,2025-07-26 21:21:37
957,5.201822,N/A,N/A,5.00e-05,31766.73,56974728243555426161514945850265257553661530391134960212980417200806775040545546472638396758376652241905585976633427059594260815806464,19619840,N/A,2025-07-26 21:21:37
958,5.536623,N/A,N/A,5.00e-05,31747.27,113949456487110852323029891700530515107323060782269920425960834401613550081091092945276793516753304483811171953266854119188521631612928,19640320,N/A,2025-07-26 21:21:38
959,5.816541,N/A,N/A,5.00e-05,31838.55,113949456487110852323029891700530515107323060782269920425960834401613550081091092945276793516753304483811171953266854119188521631612928,19660800,N/A,2025-07-26 21:21:39
960,6.058801,N/A,N/A,5.00e-05,31776.85,227898912974221704646059783401061030214646121564539840851921668803227100162182185890553587033506608967622343906533708238377043263225856,19681280,0.9664,2025-07-26 21:21:39
961,5.235717,N/A,N/A,5.00e-05,31754.78,455797825948443409292119566802122060429292243129079681703843337606454200324364371781107174067013217935244687813067416476754086526451712,19701760,N/A,2025-07-26 21:21:40
962,5.851158,N/A,N/A,5.00e-05,31770.02,455797825948443409292119566802122060429292243129079681703843337606454200324364371781107174067013217935244687813067416476754086526451712,19722240,N/A,2025-07-26 21:21:41
963,5.842041,N/A,N/A,5.00e-05,31745.45,911595651896886818584239133604244120858584486258159363407686675212908400648728743562214348134026435870489375626134832953508173052903424,19742720,N/A,2025-07-26 21:21:42
964,5.719211,N/A,N/A,5.00e-05,31752.27,911595651896886818584239133604244120858584486258159363407686675212908400648728743562214348134026435870489375626134832953508173052903424,19763200,N/A,2025-07-26 21:21:42
965,5.084028,N/A,N/A,5.00e-05,31744.68,1823191303793773637168478267208488241717168972516318726815373350425816801297457487124428696268052871740978751252269665907016346105806848,19783680,N/A,2025-07-26 21:21:43
966,5.758667,N/A,N/A,5.00e-05,31766.88,1823191303793773637168478267208488241717168972516318726815373350425816801297457487124428696268052871740978751252269665907016346105806848,19804160,N/A,2025-07-26 21:21:44
967,5.327220,N/A,N/A,5.00e-05,31723.06,3646382607587547274336956534416976483434337945032637453630746700851633602594914974248857392536105743481957502504539331814032692211613696,19824640,N/A,2025-07-26 21:21:44
968,6.897069,N/A,N/A,5.00e-05,31684.00,7292765215175094548673913068833952966868675890065274907261493401703267205189829948497714785072211486963915005009078663628065384423227392,19845120,N/A,2025-07-26 21:21:45
969,5.869920,N/A,N/A,5.00e-05,31789.75,7292765215175094548673913068833952966868675890065274907261493401703267205189829948497714785072211486963915005009078663628065384423227392,19865600,N/A,2025-07-26 21:21:46
970,6.489649,N/A,N/A,5.00e-05,31683.22,14585530430350189097347826137667905933737351780130549814522986803406534410379659896995429570144422973927830010018157327256130768846454784,19886080,0.9333,2025-07-26 21:21:47
971,5.937492,N/A,N/A,5.00e-05,31699.00,14585530430350189097347826137667905933737351780130549814522986803406534410379659896995429570144422973927830010018157327256130768846454784,19906560,N/A,2025-07-26 21:21:47
972,5.018804,N/A,N/A,5.00e-05,31707.97,14585530430350189097347826137667905933737351780130549814522986803406534410379659896995429570144422973927830010018157327256130768846454784,19927040,N/A,2025-07-26 21:21:48
973,5.403210,N/A,N/A,5.00e-05,31710.45,14585530430350189097347826137667905933737351780130549814522986803406534410379659896995429570144422973927830010018157327256130768846454784,19947520,N/A,2025-07-26 21:21:49
974,6.434881,N/A,N/A,5.00e-05,31700.91,29171060860700378194695652275335811867474703560261099629045973606813068820759319793990859140288845947855660020036314654512261537692909568,19968000,N/A,2025-07-26 21:21:50
975,5.781041,N/A,N/A,5.00e-05,31678.51,58342121721400756389391304550671623734949407120522199258091947213626137641518639587981718280577691895711320040072629309024523075385819136,19988480,N/A,2025-07-26 21:21:50
976,5.842275,N/A,N/A,5.00e-05,31716.72,58342121721400756389391304550671623734949407120522199258091947213626137641518639587981718280577691895711320040072629309024523075385819136,20008960,N/A,2025-07-26 21:21:51
977,5.625189,N/A,N/A,5.00e-05,31742.87,58342121721400756389391304550671623734949407120522199258091947213626137641518639587981718280577691895711320040072629309024523075385819136,20029440,N/A,2025-07-26 21:21:52
978,5.662402,N/A,N/A,5.00e-05,31747.86,58342121721400756389391304550671623734949407120522199258091947213626137641518639587981718280577691895711320040072629309024523075385819136,20049920,N/A,2025-07-26 21:21:52
979,5.205247,N/A,N/A,5.00e-05,31854.66,58342121721400756389391304550671623734949407120522199258091947213626137641518639587981718280577691895711320040072629309024523075385819136,20070400,N/A,2025-07-26 21:21:53
980,5.002220,N/A,N/A,5.00e-05,31622.29,116684243442801512778782609101343247469898814241044398516183894427252275283037279175963436561155383791422640080145258618049046150771638272,20090880,0.9315,2025-07-26 21:21:54
981,5.857831,N/A,N/A,5.00e-05,31634.97,116684243442801512778782609101343247469898814241044398516183894427252275283037279175963436561155383791422640080145258618049046150771638272,20111360,N/A,2025-07-26 21:21:55
982,4.475510,N/A,N/A,5.00e-05,31642.38,116684243442801512778782609101343247469898814241044398516183894427252275283037279175963436561155383791422640080145258618049046150771638272,20131840,N/A,2025-07-26 21:21:55
983,5.780581,N/A,N/A,5.00e-05,31678.09,116684243442801512778782609101343247469898814241044398516183894427252275283037279175963436561155383791422640080145258618049046150771638272,20152320,N/A,2025-07-26 21:21:56
984,5.919957,N/A,N/A,5.00e-05,31685.02,116684243442801512778782609101343247469898814241044398516183894427252275283037279175963436561155383791422640080145258618049046150771638272,20172800,N/A,2025-07-26 21:21:57
985,5.621388,N/A,N/A,5.00e-05,31710.53,116684243442801512778782609101343247469898814241044398516183894427252275283037279175963436561155383791422640080145258618049046150771638272,20193280,N/A,2025-07-26 21:21:57
986,6.381026,N/A,N/A,5.00e-05,31701.16,233368486885603025557565218202686494939797628482088797032367788854504550566074558351926873122310767582845280160290517236098092301543276544,20213760,N/A,2025-07-26 21:21:58
987,5.845609,N/A,N/A,5.00e-05,31711.14,233368486885603025557565218202686494939797628482088797032367788854504550566074558351926873122310767582845280160290517236098092301543276544,20234240,N/A,2025-07-26 21:21:59
988,5.054433,N/A,N/A,5.00e-05,31691.54,466736973771206051115130436405372989879595256964177594064735577709009101132149116703853746244621535165690560320581034472196184603086553088,20254720,N/A,2025-07-26 21:22:00
989,5.809783,N/A,N/A,5.00e-05,31869.72,466736973771206051115130436405372989879595256964177594064735577709009101132149116703853746244621535165690560320581034472196184603086553088,20275200,N/A,2025-07-26 21:22:00
990,5.197330,N/A,N/A,5.00e-05,31755.00,933473947542412102230260872810745979759190513928355188129471155418018202264298233407707492489243070331381120641162068944392369206173106176,20295680,0.9761,2025-07-26 21:22:01
991,5.622101,N/A,N/A,5.00e-05,31730.95,1866947895084824204460521745621491959518381027856710376258942310836036404528596466815414984978486140662762241282324137888784738412346212352,20316160,N/A,2025-07-26 21:22:02
992,4.670481,N/A,N/A,5.00e-05,31695.27,3733895790169648408921043491242983919036762055713420752517884621672072809057192933630829969956972281325524482564648275777569476824692424704,20336640,N/A,2025-07-26 21:22:02
993,5.931218,N/A,N/A,5.00e-05,31693.52,3733895790169648408921043491242983919036762055713420752517884621672072809057192933630829969956972281325524482564648275777569476824692424704,20357120,N/A,2025-07-26 21:22:03
994,5.532887,N/A,N/A,5.00e-05,31509.86,7467791580339296817842086982485967838073524111426841505035769243344145618114385867261659939913944562651048965129296551555138953649384849408,20377600,N/A,2025-07-26 21:22:04
995,5.346436,N/A,N/A,5.00e-05,31524.87,7467791580339296817842086982485967838073524111426841505035769243344145618114385867261659939913944562651048965129296551555138953649384849408,20398080,N/A,2025-07-26 21:22:05
996,5.308821,N/A,N/A,5.00e-05,31496.05,14935583160678593635684173964971935676147048222853683010071538486688291236228771734523319879827889125302097930258593103110277907298769698816,20418560,N/A,2025-07-26 21:22:05
997,5.054863,N/A,N/A,5.00e-05,31514.85,14935583160678593635684173964971935676147048222853683010071538486688291236228771734523319879827889125302097930258593103110277907298769698816,20439040,N/A,2025-07-26 21:22:06
998,4.503511,N/A,N/A,5.00e-05,31537.93,14935583160678593635684173964971935676147048222853683010071538486688291236228771734523319879827889125302097930258593103110277907298769698816,20459520,N/A,2025-07-26 21:22:07
999,6.000442,N/A,N/A,5.00e-05,31630.94,14935583160678593635684173964971935676147048222853683010071538486688291236228771734523319879827889125302097930258593103110277907298769698816,20480000,N/A,2025-07-26 21:22:07
1000,5.242853,5.529136,289.345856,5.00e-05,8886.03,29871166321357187271368347929943871352294096445707366020143076973376582472457543469046639759655778250604195860517186206220555814597539397632,20500480,N/A,2025-07-26 21:22:25
