step,train_loss,val_loss,val_perplexity,learning_rate,tokens_per_sec,total_tokens,grad_norm,timestamp
0,10.000000,N/A,N/A,2.50e-07,0.00,12288,N/A,2025-07-26 12:22:46
1,13.257855,N/A,N/A,5.00e-07,599.29,24576,N/A,2025-07-26 15:53:17
2,12.829161,N/A,N/A,7.50e-07,875.87,36864,N/A,2025-07-26 15:53:18
3,12.819687,N/A,N/A,1.00e-06,1140.91,49152,N/A,2025-07-26 15:53:19
4,12.964499,N/A,N/A,1.25e-06,1394.06,61440,N/A,2025-07-26 15:53:20
5,12.954701,N/A,N/A,1.50e-06,1635.88,73728,N/A,2025-07-26 15:53:21
6,12.921626,N/A,N/A,1.75e-06,1866.99,86016,N/A,2025-07-26 15:53:22
7,12.903520,N/A,N/A,2.00e-06,2088.29,98304,N/A,2025-07-26 15:53:23
8,12.977470,N/A,N/A,2.25e-06,2298.71,110592,N/A,2025-07-26 15:53:24
9,12.954153,N/A,N/A,2.50e-06,2502.44,122880,N/A,2025-07-26 15:53:25
10,12.859659,N/A,N/A,2.75e-06,13344.10,135168,1.0000,2025-07-26 15:53:26
11,12.837671,N/A,N/A,3.00e-06,13448.87,147456,N/A,2025-07-26 15:53:27
12,12.729309,N/A,N/A,3.25e-06,13356.39,159744,N/A,2025-07-26 15:53:28
13,12.704298,N/A,N/A,3.50e-06,13353.48,172032,N/A,2025-07-26 15:53:29
14,12.891578,N/A,N/A,3.75e-06,13261.49,184320,N/A,2025-07-26 15:53:30
15,12.859661,N/A,N/A,4.00e-06,13254.10,196608,N/A,2025-07-26 15:53:31
16,12.645736,N/A,N/A,4.25e-06,13252.47,208896,N/A,2025-07-26 15:53:32
17,12.617905,N/A,N/A,4.50e-06,13249.75,221184,N/A,2025-07-26 15:53:33
18,12.690932,N/A,N/A,4.75e-06,13214.50,233472,N/A,2025-07-26 15:53:34
19,12.653513,N/A,N/A,5.00e-06,13371.33,245760,N/A,2025-07-26 15:53:35
20,12.589274,N/A,N/A,5.25e-06,13237.18,258048,1.0000,2025-07-26 15:53:37
21,12.542982,N/A,N/A,5.50e-06,13331.22,270336,N/A,2025-07-26 15:53:38
22,12.601871,N/A,N/A,5.75e-06,13210.20,282624,N/A,2025-07-26 15:53:39
23,12.560002,N/A,N/A,6.00e-06,13155.96,294912,N/A,2025-07-26 15:53:40
24,12.562191,N/A,N/A,6.25e-06,13164.91,307200,N/A,2025-07-26 15:53:41
25,12.520699,N/A,N/A,6.50e-06,13133.44,319488,N/A,2025-07-26 15:53:42
26,12.425351,N/A,N/A,6.75e-06,13181.69,331776,N/A,2025-07-26 15:53:43
27,12.396936,N/A,N/A,7.00e-06,13196.19,344064,N/A,2025-07-26 15:53:44
28,12.297275,N/A,N/A,7.25e-06,13189.77,356352,N/A,2025-07-26 15:53:45
29,12.230914,N/A,N/A,7.50e-06,13326.84,368640,N/A,2025-07-26 15:53:46
30,12.452003,N/A,N/A,7.75e-06,13154.74,380928,1.0000,2025-07-26 15:53:47
31,12.400743,N/A,N/A,8.00e-06,13232.10,393216,N/A,2025-07-26 15:53:48
32,12.368121,N/A,N/A,8.25e-06,13114.15,405504,N/A,2025-07-26 15:53:49
33,12.326721,N/A,N/A,8.50e-06,13101.99,417792,N/A,2025-07-26 15:53:50
34,12.164961,N/A,N/A,8.75e-06,13058.52,430080,N/A,2025-07-26 15:53:51
35,12.108672,N/A,N/A,9.00e-06,13055.71,442368,N/A,2025-07-26 15:53:52
36,12.169630,N/A,N/A,9.25e-06,13049.75,454656,N/A,2025-07-26 15:53:53
37,12.120697,N/A,N/A,9.50e-06,13054.00,466944,N/A,2025-07-26 15:53:54
38,11.965413,N/A,N/A,9.75e-06,13081.52,479232,N/A,2025-07-26 15:53:55
39,11.894889,N/A,N/A,1.00e-05,13240.86,491520,N/A,2025-07-26 15:53:56
40,11.920049,N/A,N/A,1.03e-05,13159.47,503808,1.0000,2025-07-26 15:53:57
41,11.834639,N/A,N/A,1.05e-05,13398.89,516096,N/A,2025-07-26 15:53:58
42,12.187674,N/A,N/A,1.08e-05,13399.01,528384,N/A,2025-07-26 15:53:59
43,12.130708,N/A,N/A,1.10e-05,13250.69,540672,N/A,2025-07-26 15:54:00
44,11.548047,N/A,N/A,1.13e-05,13167.81,552960,N/A,2025-07-26 15:54:02
45,11.453692,N/A,N/A,1.15e-05,13139.01,565248,N/A,2025-07-26 15:54:03
46,11.604434,N/A,N/A,1.18e-05,13156.17,577536,N/A,2025-07-26 15:54:04
47,11.522642,N/A,N/A,1.20e-05,13081.08,589824,N/A,2025-07-26 15:54:05
48,11.355384,N/A,N/A,1.22e-05,13068.07,602112,N/A,2025-07-26 15:54:06
49,11.251638,N/A,N/A,1.25e-05,13165.80,614400,N/A,2025-07-26 15:54:07
50,10.922687,N/A,N/A,1.28e-05,13045.57,626688,1.0000,2025-07-26 15:54:08
51,10.801494,N/A,N/A,1.30e-05,13073.78,638976,N/A,2025-07-26 15:54:09
52,11.327518,N/A,N/A,1.33e-05,13282.49,651264,N/A,2025-07-26 15:54:10
53,11.229088,N/A,N/A,1.35e-05,13389.65,663552,N/A,2025-07-26 15:54:11
54,10.996455,N/A,N/A,1.38e-05,13397.63,675840,N/A,2025-07-26 15:54:12
55,10.887013,N/A,N/A,1.40e-05,13298.83,688128,N/A,2025-07-26 15:54:13
56,11.397278,N/A,N/A,1.42e-05,13335.65,700416,N/A,2025-07-26 15:54:14
57,11.318270,N/A,N/A,1.45e-05,13302.29,712704,N/A,2025-07-26 15:54:15
58,10.375164,N/A,N/A,1.47e-05,13303.93,724992,N/A,2025-07-26 15:54:16
59,10.252419,N/A,N/A,1.50e-05,13447.12,737280,N/A,2025-07-26 15:54:17
60,11.858406,N/A,N/A,1.52e-05,13290.96,749568,1.0000,2025-07-26 15:54:18
61,11.794195,N/A,N/A,1.55e-05,13224.07,761856,N/A,2025-07-26 15:54:19
62,10.729228,N/A,N/A,1.57e-05,13203.71,774144,N/A,2025-07-26 15:54:20
63,10.613662,N/A,N/A,1.60e-05,13216.62,786432,N/A,2025-07-26 15:54:21
64,10.862639,N/A,N/A,1.63e-05,13288.64,798720,N/A,2025-07-26 15:54:22
65,10.771096,N/A,N/A,1.65e-05,13201.24,811008,N/A,2025-07-26 15:54:23
66,11.068513,N/A,N/A,1.68e-05,13209.98,823296,N/A,2025-07-26 15:54:24
67,10.977433,N/A,N/A,1.70e-05,13187.98,835584,N/A,2025-07-26 15:54:25
68,10.979882,N/A,N/A,1.73e-05,13172.70,847872,N/A,2025-07-26 15:54:26
69,10.902856,N/A,N/A,1.75e-05,13288.64,860160,N/A,2025-07-26 15:54:27
70,11.072035,N/A,N/A,1.78e-05,13247.01,872448,1.0000,2025-07-26 15:54:28
71,10.991352,N/A,N/A,1.80e-05,13191.28,884736,N/A,2025-07-26 15:54:29
72,9.577626,N/A,N/A,1.82e-05,13190.86,897024,N/A,2025-07-26 15:54:30
73,9.436301,N/A,N/A,1.85e-05,13170.46,909312,N/A,2025-07-26 15:54:31
74,11.205523,N/A,N/A,1.88e-05,13234.04,921600,N/A,2025-07-26 15:54:32
75,11.139519,N/A,N/A,1.90e-05,13241.24,933888,N/A,2025-07-26 15:54:33
76,9.401716,N/A,N/A,1.93e-05,13271.01,946176,N/A,2025-07-26 15:54:34
77,9.262571,N/A,N/A,1.95e-05,13279.70,958464,N/A,2025-07-26 15:54:35
78,9.741415,N/A,N/A,1.98e-05,13213.14,970752,N/A,2025-07-26 15:54:36
79,9.633513,N/A,N/A,2.00e-05,13329.66,983040,N/A,2025-07-26 15:54:37
80,11.823426,N/A,N/A,2.02e-05,13119.65,995328,1.0000,2025-07-26 15:54:39
81,11.797353,N/A,N/A,2.05e-05,13155.15,1007616,N/A,2025-07-26 15:54:40
82,9.920239,N/A,N/A,2.07e-05,13178.31,1019904,N/A,2025-07-26 15:54:41
83,9.834219,N/A,N/A,2.10e-05,13196.74,1032192,N/A,2025-07-26 15:54:42
84,9.821714,N/A,N/A,2.13e-05,13153.74,1044480,N/A,2025-07-26 15:54:43
85,9.748289,N/A,N/A,2.15e-05,13100.24,1056768,N/A,2025-07-26 15:54:44
86,9.049367,N/A,N/A,2.18e-05,13101.13,1069056,N/A,2025-07-26 15:54:45
87,8.966686,N/A,N/A,2.20e-05,13152.22,1081344,N/A,2025-07-26 15:54:46
88,10.418066,N/A,N/A,2.22e-05,13154.15,1093632,N/A,2025-07-26 15:54:47
89,10.363845,N/A,N/A,2.25e-05,13392.65,1105920,N/A,2025-07-26 15:54:48
90,9.043283,N/A,N/A,2.28e-05,13250.07,1118208,1.0000,2025-07-26 15:54:49
91,8.970818,N/A,N/A,2.30e-05,13215.02,1130496,N/A,2025-07-26 15:54:50
92,8.908720,N/A,N/A,2.33e-05,13244.73,1142784,N/A,2025-07-26 15:54:51
93,8.856583,N/A,N/A,2.35e-05,13244.13,1155072,N/A,2025-07-26 15:54:52
94,9.280192,N/A,N/A,2.37e-05,13291.70,1167360,N/A,2025-07-26 15:54:53
95,9.239249,N/A,N/A,2.40e-05,13230.66,1179648,N/A,2025-07-26 15:54:54
96,7.031596,N/A,N/A,2.42e-05,13249.49,1191936,N/A,2025-07-26 15:54:55
97,6.784504,N/A,N/A,2.45e-05,13210.22,1204224,N/A,2025-07-26 15:54:56
98,8.680398,N/A,N/A,2.48e-05,13217.53,1216512,N/A,2025-07-26 15:54:57
99,8.616597,N/A,N/A,2.50e-05,13239.57,1228800,N/A,2025-07-26 15:54:58
100,9.695068,N/A,N/A,2.53e-05,13082.45,1241088,1.0000,2025-07-26 15:54:59
101,8.124928,N/A,N/A,2.55e-05,8579.37,1253376,N/A,2025-07-26 15:55:05
102,8.347442,N/A,N/A,2.57e-05,8614.52,1265664,N/A,2025-07-26 15:55:06
103,8.658440,N/A,N/A,2.60e-05,8621.74,1277952,N/A,2025-07-26 15:55:07
104,7.538854,N/A,N/A,2.63e-05,8644.43,1290240,N/A,2025-07-26 15:55:08
105,9.072039,N/A,N/A,2.65e-05,8654.15,1302528,N/A,2025-07-26 15:55:09
106,8.893794,N/A,N/A,2.68e-05,8669.34,1314816,N/A,2025-07-26 15:55:10
107,8.103237,N/A,N/A,2.70e-05,8684.45,1327104,N/A,2025-07-26 15:55:11
108,8.663535,N/A,N/A,2.72e-05,8734.23,1339392,N/A,2025-07-26 15:55:12
109,8.374448,N/A,N/A,2.75e-05,8816.77,1351680,N/A,2025-07-26 15:55:13
110,7.729721,N/A,N/A,2.77e-05,13398.09,1363968,1.0000,2025-07-26 15:55:14
111,7.536876,N/A,N/A,2.80e-05,13366.14,1376256,N/A,2025-07-26 15:55:15
112,9.273306,N/A,N/A,2.83e-05,13331.41,1388544,N/A,2025-07-26 15:55:16
113,9.001470,N/A,N/A,2.85e-05,13314.30,1400832,N/A,2025-07-26 15:55:18
114,8.560814,N/A,N/A,2.87e-05,13083.89,1413120,N/A,2025-07-26 15:55:19
115,7.785859,N/A,N/A,2.90e-05,13076.13,1425408,N/A,2025-07-26 15:55:20
116,6.821732,N/A,N/A,2.92e-05,13077.09,1437696,N/A,2025-07-26 15:55:21
117,7.554969,N/A,N/A,2.95e-05,13066.00,1449984,N/A,2025-07-26 15:55:22
118,8.525346,N/A,N/A,2.98e-05,13070.95,1462272,N/A,2025-07-26 15:55:23
119,8.156569,N/A,N/A,3.00e-05,13281.54,1474560,N/A,2025-07-26 15:55:24
120,8.561689,N/A,N/A,3.03e-05,13154.07,1486848,1.0000,2025-07-26 15:55:25
121,7.358747,N/A,N/A,3.05e-05,13184.06,1499136,N/A,2025-07-26 15:55:26
122,9.952545,N/A,N/A,3.08e-05,13145.28,1511424,N/A,2025-07-26 15:55:27
123,9.779464,N/A,N/A,3.10e-05,13338.66,1523712,N/A,2025-07-26 15:55:28
124,7.294134,N/A,N/A,3.13e-05,13364.30,1536000,N/A,2025-07-26 15:55:29
125,7.194153,N/A,N/A,3.15e-05,13323.64,1548288,N/A,2025-07-26 15:55:30
126,8.420287,N/A,N/A,3.18e-05,13330.08,1560576,N/A,2025-07-26 15:55:31
127,9.703928,N/A,N/A,3.20e-05,13339.95,1572864,N/A,2025-07-26 15:55:32
128,9.418280,N/A,N/A,3.22e-05,13341.85,1585152,N/A,2025-07-26 15:55:33
129,8.770642,N/A,N/A,3.25e-05,13435.99,1597440,N/A,2025-07-26 15:55:34
130,8.873868,N/A,N/A,3.28e-05,13289.81,1609728,1.0000,2025-07-26 15:55:35
131,7.493616,N/A,N/A,3.30e-05,13363.66,1622016,N/A,2025-07-26 15:55:36
132,9.224145,N/A,N/A,3.33e-05,13397.31,1634304,N/A,2025-07-26 15:55:37
133,7.370479,N/A,N/A,3.35e-05,13312.47,1646592,N/A,2025-07-26 15:55:38
134,7.649507,N/A,N/A,3.38e-05,13351.27,1658880,N/A,2025-07-26 15:55:39
135,7.195930,N/A,N/A,3.40e-05,13282.41,1671168,N/A,2025-07-26 15:55:40
136,7.054913,N/A,N/A,3.42e-05,13284.51,1683456,N/A,2025-07-26 15:55:41
137,7.922527,N/A,N/A,3.45e-05,13193.83,1695744,N/A,2025-07-26 15:55:42
138,9.243158,N/A,N/A,3.48e-05,13220.32,1708032,N/A,2025-07-26 15:55:43
139,5.696403,N/A,N/A,3.50e-05,13376.53,1720320,N/A,2025-07-26 15:55:44
140,6.917206,N/A,N/A,3.53e-05,13257.95,1732608,1.0000,2025-07-26 15:55:45
141,6.636854,N/A,N/A,3.55e-05,13259.01,1744896,N/A,2025-07-26 15:55:46
142,7.918638,N/A,N/A,3.58e-05,13230.23,1757184,N/A,2025-07-26 15:55:47
143,7.323039,N/A,N/A,3.60e-05,13179.43,1769472,N/A,2025-07-26 15:55:48
144,6.836220,N/A,N/A,3.63e-05,13215.68,1781760,N/A,2025-07-26 15:55:49
145,6.616420,N/A,N/A,3.65e-05,13195.09,1794048,N/A,2025-07-26 15:55:50
146,5.962506,N/A,N/A,3.68e-05,13298.11,1806336,N/A,2025-07-26 15:55:51
147,6.927637,N/A,N/A,3.70e-05,13317.44,1818624,N/A,2025-07-26 15:55:52
148,7.526357,N/A,N/A,3.72e-05,13321.15,1830912,N/A,2025-07-26 15:55:53
149,8.026444,N/A,N/A,3.75e-05,13430.54,1843200,N/A,2025-07-26 15:55:54
150,6.982947,N/A,N/A,3.78e-05,13208.47,1855488,1.0000,2025-07-26 15:55:56
151,7.900994,N/A,N/A,3.80e-05,13269.74,1867776,N/A,2025-07-26 15:55:57
152,8.489864,N/A,N/A,3.83e-05,13332.85,1880064,N/A,2025-07-26 15:55:58
153,7.766050,N/A,N/A,3.85e-05,13198.41,1892352,N/A,2025-07-26 15:55:59
154,6.645058,N/A,N/A,3.87e-05,13217.86,1904640,N/A,2025-07-26 15:56:00
155,8.131792,N/A,N/A,3.90e-05,13159.83,1916928,N/A,2025-07-26 15:56:01
156,9.835601,N/A,N/A,3.93e-05,13105.00,1929216,N/A,2025-07-26 15:56:02
157,8.336734,N/A,N/A,3.95e-05,13014.53,1941504,N/A,2025-07-26 15:56:03
158,7.820135,N/A,N/A,3.98e-05,13040.68,1953792,N/A,2025-07-26 15:56:04
159,7.976677,N/A,N/A,4.00e-05,13148.85,1966080,N/A,2025-07-26 15:56:05
160,8.075559,N/A,N/A,4.03e-05,12897.47,1978368,1.0000,2025-07-26 15:56:06
161,8.446166,N/A,N/A,4.05e-05,12858.68,1990656,N/A,2025-07-26 15:56:07
162,8.675340,N/A,N/A,4.08e-05,12975.69,2002944,N/A,2025-07-26 15:56:08
163,8.400024,N/A,N/A,4.10e-05,12947.57,2015232,N/A,2025-07-26 15:56:09
164,8.824960,N/A,N/A,4.12e-05,13002.10,2027520,N/A,2025-07-26 15:56:10
165,8.431394,N/A,N/A,4.15e-05,13051.60,2039808,N/A,2025-07-26 15:56:11
166,9.131074,N/A,N/A,4.17e-05,13142.46,2052096,N/A,2025-07-26 15:56:12
167,7.210741,N/A,N/A,4.20e-05,13107.20,2064384,N/A,2025-07-26 15:56:13
168,6.821938,N/A,N/A,4.23e-05,13215.80,2076672,N/A,2025-07-26 15:56:14
169,6.862911,N/A,N/A,4.25e-05,13537.22,2088960,N/A,2025-07-26 15:56:15
170,9.263437,N/A,N/A,4.28e-05,13440.81,2101248,1.0000,2025-07-26 15:56:16
171,7.654076,N/A,N/A,4.30e-05,13487.29,2113536,N/A,2025-07-26 15:56:17
172,6.808744,N/A,N/A,4.33e-05,13387.90,2125824,N/A,2025-07-26 15:56:18
173,7.551408,N/A,N/A,4.35e-05,13371.59,2138112,N/A,2025-07-26 15:56:19
174,7.757743,N/A,N/A,4.38e-05,13372.81,2150400,N/A,2025-07-26 15:56:20
175,8.393308,N/A,N/A,4.40e-05,13358.04,2162688,N/A,2025-07-26 15:56:21
176,10.395794,N/A,N/A,4.42e-05,13245.46,2174976,N/A,2025-07-26 15:56:23
177,7.513913,N/A,N/A,4.45e-05,13197.19,2187264,N/A,2025-07-26 15:56:24
178,8.186100,N/A,N/A,4.47e-05,13182.07,2199552,N/A,2025-07-26 15:56:25
179,7.786771,N/A,N/A,4.50e-05,13291.78,2211840,N/A,2025-07-26 15:56:26
180,8.197297,N/A,N/A,4.53e-05,13095.20,2224128,1.0000,2025-07-26 15:56:27
181,8.113695,N/A,N/A,4.55e-05,13175.15,2236416,N/A,2025-07-26 15:56:28
182,7.500783,N/A,N/A,4.58e-05,13076.92,2248704,N/A,2025-07-26 15:56:29
183,7.510330,N/A,N/A,4.60e-05,13048.33,2260992,N/A,2025-07-26 15:56:30
184,8.871243,N/A,N/A,4.63e-05,12943.72,2273280,N/A,2025-07-26 15:56:31
185,7.448912,N/A,N/A,4.65e-05,13038.13,2285568,N/A,2025-07-26 15:56:32
186,7.595469,N/A,N/A,4.68e-05,13091.34,2297856,N/A,2025-07-26 15:56:33
187,7.488126,N/A,N/A,4.70e-05,13110.75,2310144,N/A,2025-07-26 15:56:34
188,7.650990,N/A,N/A,4.73e-05,12832.27,2322432,N/A,2025-07-26 15:56:35
189,8.792430,N/A,N/A,4.75e-05,12998.50,2334720,N/A,2025-07-26 15:56:36
190,7.892516,N/A,N/A,4.78e-05,12748.64,2347008,1.0000,2025-07-26 15:56:37
191,5.484949,N/A,N/A,4.80e-05,12854.14,2359296,N/A,2025-07-26 15:56:38
192,6.927458,N/A,N/A,4.83e-05,12874.93,2371584,N/A,2025-07-26 15:56:39
193,7.344971,N/A,N/A,4.85e-05,12952.58,2383872,N/A,2025-07-26 15:56:40
194,7.231472,N/A,N/A,4.87e-05,12971.39,2396160,N/A,2025-07-26 15:56:41
195,8.616486,N/A,N/A,4.90e-05,12947.58,2408448,N/A,2025-07-26 15:56:42
196,6.707884,N/A,N/A,4.93e-05,12920.55,2420736,N/A,2025-07-26 15:56:43
197,8.456521,N/A,N/A,4.95e-05,13211.43,2433024,N/A,2025-07-26 15:56:44
198,7.828808,N/A,N/A,4.98e-05,13158.36,2445312,N/A,2025-07-26 15:56:46
199,6.902338,N/A,N/A,5.00e-05,13486.91,2457600,N/A,2025-07-26 15:56:47
200,5.181887,N/A,N/A,5.00e-05,13371.22,2469888,1.0000,2025-07-26 15:56:48
201,6.915932,N/A,N/A,5.00e-05,6939.31,2482176,N/A,2025-07-26 15:56:57
202,5.147161,N/A,N/A,5.00e-05,6939.89,2494464,N/A,2025-07-26 15:56:58
203,5.863503,N/A,N/A,5.00e-05,6939.55,2506752,N/A,2025-07-26 15:56:59
204,7.668696,N/A,N/A,5.00e-05,6940.10,2519040,N/A,2025-07-26 15:57:00
205,6.420093,N/A,N/A,5.00e-05,6941.24,2531328,N/A,2025-07-26 15:57:01
206,6.148799,N/A,N/A,5.00e-05,6944.26,2543616,N/A,2025-07-26 15:57:02
207,7.345621,N/A,N/A,5.00e-05,6968.55,2555904,N/A,2025-07-26 15:57:03
208,7.752568,N/A,N/A,5.00e-05,6970.00,2568192,N/A,2025-07-26 15:57:04
209,6.655276,N/A,N/A,5.00e-05,6988.66,2580480,N/A,2025-07-26 15:57:05
210,6.955830,N/A,N/A,5.00e-05,13464.03,2592768,1.0000,2025-07-26 15:57:06
211,7.376122,N/A,N/A,5.00e-05,13405.88,2605056,N/A,2025-07-26 15:57:07
212,7.000943,N/A,N/A,5.00e-05,13436.65,2617344,N/A,2025-07-26 15:57:08
213,6.316774,N/A,N/A,5.00e-05,13291.71,2629632,N/A,2025-07-26 15:57:09
214,8.802072,N/A,N/A,5.00e-05,13211.20,2641920,N/A,2025-07-26 15:57:10
215,6.460115,N/A,N/A,5.00e-05,13161.74,2654208,N/A,2025-07-26 15:57:12
216,7.636903,N/A,N/A,5.00e-05,13139.78,2666496,N/A,2025-07-26 15:57:13
217,8.079814,N/A,N/A,5.00e-05,13136.64,2678784,N/A,2025-07-26 15:57:14
218,8.313230,N/A,N/A,5.00e-05,13169.87,2691072,N/A,2025-07-26 15:57:15
219,8.237190,N/A,N/A,5.00e-05,13265.88,2703360,N/A,2025-07-26 15:57:16
220,8.414215,N/A,N/A,5.00e-05,13214.59,2715648,1.0000,2025-07-26 15:57:17
221,8.941843,N/A,N/A,5.00e-05,13185.92,2727936,N/A,2025-07-26 15:57:18
222,7.407725,N/A,N/A,5.00e-05,13347.55,2740224,N/A,2025-07-26 15:57:19
223,6.110559,N/A,N/A,5.00e-05,13388.63,2752512,N/A,2025-07-26 15:57:20
224,6.393334,N/A,N/A,5.00e-05,13314.12,2764800,N/A,2025-07-26 15:57:21
225,7.603406,N/A,N/A,5.00e-05,13261.09,2777088,N/A,2025-07-26 15:57:22
226,7.077582,N/A,N/A,5.00e-05,13205.20,2789376,N/A,2025-07-26 15:57:23
227,6.163451,N/A,N/A,5.00e-05,13199.84,2801664,N/A,2025-07-26 15:57:24
228,7.912130,N/A,N/A,5.00e-05,13131.25,2813952,N/A,2025-07-26 15:57:25
229,8.252238,N/A,N/A,5.00e-05,13272.24,2826240,N/A,2025-07-26 15:57:26
230,6.490013,N/A,N/A,5.00e-05,13143.87,2838528,1.0000,2025-07-26 15:57:27
231,8.452519,N/A,N/A,5.00e-05,13125.35,2850816,N/A,2025-07-26 15:57:28
232,6.406276,N/A,N/A,5.00e-05,13172.05,2863104,N/A,2025-07-26 15:57:29
233,5.635638,N/A,N/A,5.00e-05,13235.29,2875392,N/A,2025-07-26 15:57:30
234,6.802750,N/A,N/A,5.00e-05,13194.25,2887680,N/A,2025-07-26 15:57:31
235,9.515633,N/A,N/A,5.00e-05,13225.13,2899968,N/A,2025-07-26 15:57:32
236,7.818963,N/A,N/A,5.00e-05,13247.56,2912256,N/A,2025-07-26 15:57:33
237,7.177140,N/A,N/A,5.00e-05,13284.43,2924544,N/A,2025-07-26 15:57:34
238,6.242691,N/A,N/A,5.00e-05,13284.09,2936832,N/A,2025-07-26 15:57:35
239,7.791189,N/A,N/A,5.00e-05,13330.16,2949120,N/A,2025-07-26 15:57:36
240,7.001920,N/A,N/A,5.00e-05,13040.20,2961408,1.0000,2025-07-26 15:57:37
241,8.751940,N/A,N/A,5.00e-05,12976.37,2973696,N/A,2025-07-26 15:57:38
242,7.074662,N/A,N/A,5.00e-05,12956.49,2985984,N/A,2025-07-26 15:57:40
243,8.967741,N/A,N/A,5.00e-05,13038.62,2998272,N/A,2025-07-26 15:57:41
244,7.352504,N/A,N/A,5.00e-05,12944.97,3010560,N/A,2025-07-26 15:57:42
245,7.172156,N/A,N/A,5.00e-05,12927.14,3022848,N/A,2025-07-26 15:57:43
246,4.832547,N/A,N/A,5.00e-05,12905.43,3035136,N/A,2025-07-26 15:57:44
247,6.474490,N/A,N/A,5.00e-05,12802.73,3047424,N/A,2025-07-26 15:57:45
248,7.132218,N/A,N/A,5.00e-05,12881.48,3059712,N/A,2025-07-26 15:57:46
249,6.565813,N/A,N/A,5.00e-05,13066.11,3072000,N/A,2025-07-26 15:57:47
250,8.172400,N/A,N/A,5.00e-05,12992.94,3084288,1.0000,2025-07-26 15:57:48
251,6.721075,N/A,N/A,5.00e-05,13048.06,3096576,N/A,2025-07-26 15:57:49
252,4.880896,N/A,N/A,5.00e-05,13064.37,3108864,N/A,2025-07-26 15:57:50
253,5.747105,N/A,N/A,5.00e-05,13174.03,3121152,N/A,2025-07-26 15:57:51
254,7.523630,N/A,N/A,5.00e-05,13209.72,3133440,N/A,2025-07-26 15:57:52
255,8.030048,N/A,N/A,5.00e-05,13264.25,3145728,N/A,2025-07-26 15:57:53
256,5.909564,N/A,N/A,5.00e-05,13295.24,3158016,N/A,2025-07-26 15:57:54
257,7.302704,N/A,N/A,5.00e-05,13238.20,3170304,N/A,2025-07-26 15:57:55
258,6.896683,N/A,N/A,5.00e-05,13340.88,3182592,N/A,2025-07-26 15:57:56
259,8.404213,N/A,N/A,5.00e-05,13474.86,3194880,N/A,2025-07-26 15:57:57
260,5.606730,N/A,N/A,5.00e-05,13280.24,3207168,1.0000,2025-07-26 15:57:58
261,6.897469,N/A,N/A,5.00e-05,13266.79,3219456,N/A,2025-07-26 15:57:59
262,8.372819,N/A,N/A,5.00e-05,13265.12,3231744,N/A,2025-07-26 15:58:00
263,7.007959,N/A,N/A,5.00e-05,13237.85,3244032,N/A,2025-07-26 15:58:01
264,6.072292,N/A,N/A,5.00e-05,13232.22,3256320,N/A,2025-07-26 15:58:02
265,7.477908,N/A,N/A,5.00e-05,13234.01,3268608,N/A,2025-07-26 15:58:03
266,6.625608,N/A,N/A,5.00e-05,13256.81,3280896,N/A,2025-07-26 15:58:04
267,6.843164,N/A,N/A,5.00e-05,13203.52,3293184,N/A,2025-07-26 15:58:05
268,7.713298,N/A,N/A,5.00e-05,13203.66,3305472,N/A,2025-07-26 15:58:06
269,6.919335,N/A,N/A,5.00e-05,13381.91,3317760,N/A,2025-07-26 15:58:07
270,8.246036,N/A,N/A,5.00e-05,13255.72,3330048,1.0000,2025-07-26 15:58:08
271,6.991984,N/A,N/A,5.00e-05,13245.02,3342336,N/A,2025-07-26 15:58:09
272,7.353896,N/A,N/A,5.00e-05,13246.98,3354624,N/A,2025-07-26 15:58:10
273,5.524662,N/A,N/A,5.00e-05,13250.90,3366912,N/A,2025-07-26 15:58:11
274,7.308067,N/A,N/A,5.00e-05,13233.23,3379200,N/A,2025-07-26 15:58:13
275,7.327045,N/A,N/A,5.00e-05,13248.82,3391488,N/A,2025-07-26 15:58:14
276,6.797062,N/A,N/A,5.00e-05,13301.62,3403776,N/A,2025-07-26 15:58:15
277,7.733457,N/A,N/A,5.00e-05,13300.15,3416064,N/A,2025-07-26 15:58:16
278,5.798912,N/A,N/A,5.00e-05,13308.91,3428352,N/A,2025-07-26 15:58:17
279,6.476085,N/A,N/A,5.00e-05,13433.56,3440640,N/A,2025-07-26 15:58:18
280,7.410976,N/A,N/A,5.00e-05,13295.58,3452928,1.0000,2025-07-26 15:58:19
281,9.425319,N/A,N/A,5.00e-05,13286.79,3465216,N/A,2025-07-26 15:58:20
282,6.297897,N/A,N/A,5.00e-05,13294.76,3477504,N/A,2025-07-26 15:58:21
283,7.343319,N/A,N/A,5.00e-05,13374.03,3489792,N/A,2025-07-26 15:58:22
284,7.155722,N/A,N/A,5.00e-05,13382.42,3502080,N/A,2025-07-26 15:58:23
285,7.996225,N/A,N/A,5.00e-05,13380.86,3514368,N/A,2025-07-26 15:58:24
286,6.481220,N/A,N/A,5.00e-05,13386.35,3526656,N/A,2025-07-26 15:58:25
287,5.802247,N/A,N/A,5.00e-05,13389.97,3538944,N/A,2025-07-26 15:58:26
288,7.200207,N/A,N/A,5.00e-05,13384.87,3551232,N/A,2025-07-26 15:58:27
289,6.616311,N/A,N/A,5.00e-05,13514.37,3563520,N/A,2025-07-26 15:58:28
290,5.449946,N/A,N/A,5.00e-05,13375.97,3575808,1.0000,2025-07-26 15:58:29
291,6.909877,N/A,N/A,5.00e-05,13305.67,3588096,N/A,2025-07-26 15:58:30
292,7.539889,N/A,N/A,5.00e-05,13271.21,3600384,N/A,2025-07-26 15:58:31
293,5.041741,N/A,N/A,5.00e-05,13272.60,3612672,N/A,2025-07-26 15:58:32
294,7.766433,N/A,N/A,5.00e-05,13276.20,3624960,N/A,2025-07-26 15:58:33
295,7.107821,N/A,N/A,5.00e-05,13264.63,3637248,N/A,2025-07-26 15:58:34
296,7.551581,N/A,N/A,5.00e-05,13227.31,3649536,N/A,2025-07-26 15:58:35
297,7.474346,N/A,N/A,5.00e-05,13231.43,3661824,N/A,2025-07-26 15:58:36
298,4.696453,N/A,N/A,5.00e-05,13237.43,3674112,N/A,2025-07-26 15:58:37
299,6.682541,N/A,N/A,5.00e-05,13337.71,3686400,N/A,2025-07-26 15:58:38
300,5.243320,N/A,N/A,5.00e-05,13301.08,3698688,1.0000,2025-07-26 15:58:39
301,7.140010,N/A,N/A,5.00e-05,8871.44,3710976,N/A,2025-07-26 15:58:45
302,7.088802,N/A,N/A,5.00e-05,8875.53,3723264,N/A,2025-07-26 15:58:46
303,8.386357,N/A,N/A,5.00e-05,8873.39,3735552,N/A,2025-07-26 15:58:47
304,4.843238,N/A,N/A,5.00e-05,8874.24,3747840,N/A,2025-07-26 15:58:48
305,7.109002,N/A,N/A,5.00e-05,8873.41,3760128,N/A,2025-07-26 15:58:49
306,8.400979,N/A,N/A,5.00e-05,8881.70,3772416,N/A,2025-07-26 15:58:50
307,7.645728,N/A,N/A,5.00e-05,8851.34,3784704,N/A,2025-07-26 15:58:51
308,6.752348,N/A,N/A,5.00e-05,8876.19,3796992,N/A,2025-07-26 15:58:52
309,6.740947,N/A,N/A,5.00e-05,8918.43,3809280,N/A,2025-07-26 15:58:53
310,6.193496,N/A,N/A,5.00e-05,13231.17,3821568,1.0000,2025-07-26 15:58:54
311,7.338039,N/A,N/A,5.00e-05,13209.90,3833856,N/A,2025-07-26 15:58:55
312,7.639163,N/A,N/A,5.00e-05,13213.76,3846144,N/A,2025-07-26 15:58:56
313,6.880292,N/A,N/A,5.00e-05,13169.69,3858432,N/A,2025-07-26 15:58:57
314,7.139783,N/A,N/A,5.00e-05,13149.04,3870720,N/A,2025-07-26 15:58:58
315,6.560152,N/A,N/A,5.00e-05,13162.36,3883008,N/A,2025-07-26 15:58:59
316,8.599280,N/A,N/A,5.00e-05,13222.75,3895296,N/A,2025-07-26 15:59:00
317,5.968517,N/A,N/A,5.00e-05,13126.47,3907584,N/A,2025-07-26 15:59:01
318,6.105888,N/A,N/A,5.00e-05,13130.71,3919872,N/A,2025-07-26 15:59:02
319,6.525091,N/A,N/A,5.00e-05,13310.70,3932160,N/A,2025-07-26 15:59:03
320,6.057716,N/A,N/A,5.00e-05,13144.58,3944448,1.0000,2025-07-26 15:59:04
321,6.682595,N/A,N/A,5.00e-05,13140.83,3956736,N/A,2025-07-26 15:59:06
322,7.842265,N/A,N/A,5.00e-05,13197.88,3969024,N/A,2025-07-26 15:59:07
323,6.614757,N/A,N/A,5.00e-05,13253.82,3981312,N/A,2025-07-26 15:59:08
324,7.401985,N/A,N/A,5.00e-05,13213.72,3993600,N/A,2025-07-26 15:59:09
325,7.374093,N/A,N/A,5.00e-05,13218.04,4005888,N/A,2025-07-26 15:59:10
326,4.984490,N/A,N/A,5.00e-05,13307.76,4018176,N/A,2025-07-26 15:59:11
327,6.147059,N/A,N/A,5.00e-05,13323.10,4030464,N/A,2025-07-26 15:59:12
328,5.951500,N/A,N/A,5.00e-05,13359.46,4042752,N/A,2025-07-26 15:59:13
329,7.103861,N/A,N/A,5.00e-05,13569.96,4055040,N/A,2025-07-26 15:59:14
330,6.260417,N/A,N/A,5.00e-05,13446.56,4067328,1.0000,2025-07-26 15:59:15
331,7.480215,N/A,N/A,5.00e-05,13386.53,4079616,N/A,2025-07-26 15:59:16
332,7.304796,N/A,N/A,5.00e-05,13406.78,4091904,N/A,2025-07-26 15:59:17
333,6.539424,N/A,N/A,5.00e-05,13423.23,4104192,N/A,2025-07-26 15:59:18
334,8.504612,N/A,N/A,5.00e-05,13335.85,4116480,N/A,2025-07-26 15:59:19
335,7.221615,N/A,N/A,5.00e-05,13269.54,4128768,N/A,2025-07-26 15:59:20
336,7.295606,N/A,N/A,5.00e-05,13197.86,4141056,N/A,2025-07-26 15:59:21
337,7.417471,N/A,N/A,5.00e-05,13182.32,4153344,N/A,2025-07-26 15:59:22
338,7.903161,N/A,N/A,5.00e-05,13166.97,4165632,N/A,2025-07-26 15:59:23
339,6.802762,N/A,N/A,5.00e-05,13119.20,4177920,N/A,2025-07-26 15:59:24
340,7.541731,N/A,N/A,5.00e-05,13047.99,4190208,1.0000,2025-07-26 15:59:25
341,5.965209,N/A,N/A,5.00e-05,13025.10,4202496,N/A,2025-07-26 15:59:26
342,7.808011,N/A,N/A,5.00e-05,13034.24,4214784,N/A,2025-07-26 15:59:27
343,6.353339,N/A,N/A,5.00e-05,13116.30,4227072,N/A,2025-07-26 15:59:28
344,6.761907,N/A,N/A,5.00e-05,13195.47,4239360,N/A,2025-07-26 15:59:29
345,7.407532,N/A,N/A,5.00e-05,13218.10,4251648,N/A,2025-07-26 15:59:30
346,6.323654,N/A,N/A,5.00e-05,13221.07,4263936,N/A,2025-07-26 15:59:31
347,6.710722,N/A,N/A,5.00e-05,13235.52,4276224,N/A,2025-07-26 15:59:32
348,6.637122,N/A,N/A,5.00e-05,13390.89,4288512,N/A,2025-07-26 15:59:33
349,5.687673,N/A,N/A,5.00e-05,13493.36,4300800,N/A,2025-07-26 15:59:34
350,6.093335,N/A,N/A,5.00e-05,13357.89,4313088,1.0000,2025-07-26 15:59:35
351,5.634207,N/A,N/A,5.00e-05,13332.44,4325376,N/A,2025-07-26 15:59:36
352,5.862003,N/A,N/A,5.00e-05,13266.20,4337664,N/A,2025-07-26 15:59:37
353,6.659110,N/A,N/A,5.00e-05,13222.48,4349952,N/A,2025-07-26 15:59:38
354,9.606037,N/A,N/A,5.00e-05,13198.96,4362240,N/A,2025-07-26 15:59:39
355,7.982914,N/A,N/A,5.00e-05,13196.99,4374528,N/A,2025-07-26 15:59:40
356,5.332037,N/A,N/A,5.00e-05,13199.38,4386816,N/A,2025-07-26 15:59:41
357,6.865291,N/A,N/A,5.00e-05,13183.76,4399104,N/A,2025-07-26 15:59:43
358,5.657815,N/A,N/A,5.00e-05,13213.22,4411392,N/A,2025-07-26 15:59:44
359,5.646637,N/A,N/A,5.00e-05,13224.58,4423680,N/A,2025-07-26 15:59:45
360,5.635645,N/A,N/A,5.00e-05,13056.23,4435968,1.0000,2025-07-26 15:59:46
361,7.123835,N/A,N/A,5.00e-05,13137.24,4448256,N/A,2025-07-26 15:59:47
362,6.130336,N/A,N/A,5.00e-05,13153.27,4460544,N/A,2025-07-26 15:59:48
363,5.450743,N/A,N/A,5.00e-05,13190.81,4472832,N/A,2025-07-26 15:59:49
364,6.550103,N/A,N/A,5.00e-05,13201.37,4485120,N/A,2025-07-26 15:59:50
365,7.870788,N/A,N/A,5.00e-05,13185.34,4497408,N/A,2025-07-26 15:59:51
366,8.180007,N/A,N/A,5.00e-05,13138.36,4509696,N/A,2025-07-26 15:59:52
367,5.591432,N/A,N/A,5.00e-05,13098.21,4521984,N/A,2025-07-26 15:59:53
368,6.423760,N/A,N/A,5.00e-05,13228.18,4534272,N/A,2025-07-26 15:59:54
369,7.273218,N/A,N/A,5.00e-05,13393.42,4546560,N/A,2025-07-26 15:59:55
370,6.798543,N/A,N/A,5.00e-05,13247.10,4558848,1.0000,2025-07-26 15:59:56
371,7.241071,N/A,N/A,5.00e-05,13215.55,4571136,N/A,2025-07-26 15:59:57
372,5.874474,N/A,N/A,5.00e-05,13235.29,4583424,N/A,2025-07-26 15:59:58
373,5.690188,N/A,N/A,5.00e-05,13245.99,4595712,N/A,2025-07-26 15:59:59
374,5.566424,N/A,N/A,5.00e-05,13187.76,4608000,N/A,2025-07-26 16:00:00
375,6.731802,N/A,N/A,5.00e-05,12058.88,4620288,N/A,2025-07-26 16:00:02
376,6.516310,N/A,N/A,5.00e-05,12087.16,4632576,N/A,2025-07-26 16:00:03
377,5.452431,N/A,N/A,5.00e-05,12074.92,4644864,N/A,2025-07-26 16:00:04
378,7.135381,N/A,N/A,5.00e-05,11946.51,4657152,N/A,2025-07-26 16:00:05
379,6.467046,N/A,N/A,5.00e-05,12050.46,4669440,N/A,2025-07-26 16:00:06
380,4.752380,N/A,N/A,5.00e-05,11973.05,4681728,1.0000,2025-07-26 16:00:07
381,7.746087,N/A,N/A,5.00e-05,11975.28,4694016,N/A,2025-07-26 16:00:08
382,7.518660,N/A,N/A,5.00e-05,11976.18,4706304,N/A,2025-07-26 16:00:09
383,7.014609,N/A,N/A,5.00e-05,11996.58,4718592,N/A,2025-07-26 16:00:10
384,6.260430,N/A,N/A,5.00e-05,13199.24,4730880,N/A,2025-07-26 16:00:11
385,5.902833,N/A,N/A,5.00e-05,13194.59,4743168,N/A,2025-07-26 16:00:12
386,5.801419,N/A,N/A,5.00e-05,13204.57,4755456,N/A,2025-07-26 16:00:13
387,7.319818,N/A,N/A,5.00e-05,13265.93,4767744,N/A,2025-07-26 16:00:14
388,6.313847,N/A,N/A,5.00e-05,13273.51,4780032,N/A,2025-07-26 16:00:15
389,8.106437,N/A,N/A,5.00e-05,13404.04,4792320,N/A,2025-07-26 16:00:16
390,4.562466,N/A,N/A,5.00e-05,13234.14,4804608,1.0000,2025-07-26 16:00:18
391,6.763594,N/A,N/A,5.00e-05,13185.56,4816896,N/A,2025-07-26 16:00:19
392,5.587274,N/A,N/A,5.00e-05,13230.12,4829184,N/A,2025-07-26 16:00:20
393,6.934494,N/A,N/A,5.00e-05,13235.74,4841472,N/A,2025-07-26 16:00:21
394,6.251232,N/A,N/A,5.00e-05,13238.67,4853760,N/A,2025-07-26 16:00:22
395,6.494417,N/A,N/A,5.00e-05,13186.84,4866048,N/A,2025-07-26 16:00:23
396,7.181545,N/A,N/A,5.00e-05,13196.89,4878336,N/A,2025-07-26 16:00:24
397,6.105519,N/A,N/A,5.00e-05,13144.96,4890624,N/A,2025-07-26 16:00:25
398,7.385440,N/A,N/A,5.00e-05,13104.06,4902912,N/A,2025-07-26 16:00:26
399,6.708453,N/A,N/A,5.00e-05,13175.26,4915200,N/A,2025-07-26 16:00:27
400,7.329796,N/A,N/A,5.00e-05,13024.74,4927488,1.0000,2025-07-26 16:00:28
401,7.086438,N/A,N/A,5.00e-05,6981.68,4939776,N/A,2025-07-26 16:00:37
402,6.987979,N/A,N/A,5.00e-05,6953.15,4952064,N/A,2025-07-26 16:00:38
403,6.077682,N/A,N/A,5.00e-05,6898.53,4964352,N/A,2025-07-26 16:00:39
404,6.409308,N/A,N/A,5.00e-05,6917.57,4976640,N/A,2025-07-26 16:00:40
405,6.316285,N/A,N/A,5.00e-05,6902.35,4988928,N/A,2025-07-26 16:00:42
406,5.940893,N/A,N/A,5.00e-05,6909.55,5001216,N/A,2025-07-26 16:00:43
407,6.806262,N/A,N/A,5.00e-05,6894.62,5013504,N/A,2025-07-26 16:00:44
408,6.595562,N/A,N/A,5.00e-05,6900.27,5025792,N/A,2025-07-26 16:00:45
409,6.146929,N/A,N/A,5.00e-05,6931.56,5038080,N/A,2025-07-26 16:00:46
410,6.035119,N/A,N/A,5.00e-05,12700.95,5050368,1.0000,2025-07-26 16:00:47
411,6.007848,N/A,N/A,5.00e-05,12790.10,5062656,N/A,2025-07-26 16:00:48
412,8.434408,N/A,N/A,5.00e-05,12988.88,5074944,N/A,2025-07-26 16:00:49
413,8.329465,N/A,N/A,5.00e-05,12953.58,5087232,N/A,2025-07-26 16:00:50
414,5.555038,N/A,N/A,5.00e-05,13075.32,5099520,N/A,2025-07-26 16:00:51
415,7.658323,N/A,N/A,5.00e-05,13069.22,5111808,N/A,2025-07-26 16:00:52
416,6.116856,N/A,N/A,5.00e-05,13151.56,5124096,N/A,2025-07-26 16:00:53
417,6.441233,N/A,N/A,5.00e-05,13219.58,5136384,N/A,2025-07-26 16:00:54
418,6.903455,N/A,N/A,5.00e-05,13309.03,5148672,N/A,2025-07-26 16:00:55
419,6.413033,N/A,N/A,5.00e-05,13493.28,5160960,N/A,2025-07-26 16:00:56
420,6.279914,N/A,N/A,5.00e-05,13255.17,5173248,1.0000,2025-07-26 16:00:57
421,7.733880,N/A,N/A,5.00e-05,13246.66,5185536,N/A,2025-07-26 16:00:58
422,6.579573,N/A,N/A,5.00e-05,13262.26,5197824,N/A,2025-07-26 16:00:59
423,6.817809,N/A,N/A,5.00e-05,13292.89,5210112,N/A,2025-07-26 16:01:00
424,8.018726,N/A,N/A,5.00e-05,13326.77,5222400,N/A,2025-07-26 16:01:01
425,6.303678,N/A,N/A,5.00e-05,13356.02,5234688,N/A,2025-07-26 16:01:02
426,8.520619,N/A,N/A,5.00e-05,13352.78,5246976,N/A,2025-07-26 16:01:03
427,6.998390,N/A,N/A,5.00e-05,13337.23,5259264,N/A,2025-07-26 16:01:04
428,6.966742,N/A,N/A,5.00e-05,13313.93,5271552,N/A,2025-07-26 16:01:05
429,6.287751,N/A,N/A,5.00e-05,13560.80,5283840,N/A,2025-07-26 16:01:06
430,6.376466,N/A,N/A,5.00e-05,13443.73,5296128,1.0000,2025-07-26 16:01:07
431,4.901546,N/A,N/A,5.00e-05,13443.89,5308416,N/A,2025-07-26 16:01:08
432,7.548657,N/A,N/A,5.00e-05,13443.51,5320704,N/A,2025-07-26 16:01:09
433,8.087709,N/A,N/A,5.00e-05,13451.21,5332992,N/A,2025-07-26 16:01:10
434,7.216478,N/A,N/A,5.00e-05,13431.20,5345280,N/A,2025-07-26 16:01:11
435,7.695142,N/A,N/A,5.00e-05,13402.20,5357568,N/A,2025-07-26 16:01:12
436,8.457932,N/A,N/A,5.00e-05,13387.86,5369856,N/A,2025-07-26 16:01:13
437,5.270523,N/A,N/A,5.00e-05,13321.24,5382144,N/A,2025-07-26 16:01:14
438,6.951600,N/A,N/A,5.00e-05,13323.10,5394432,N/A,2025-07-26 16:01:15
439,5.790454,N/A,N/A,5.00e-05,13427.50,5406720,N/A,2025-07-26 16:01:16
440,6.122389,N/A,N/A,5.00e-05,13321.52,5419008,1.0000,2025-07-26 16:01:18
441,8.312715,N/A,N/A,5.00e-05,13255.87,5431296,N/A,2025-07-26 16:01:19
442,6.617361,N/A,N/A,5.00e-05,13190.58,5443584,N/A,2025-07-26 16:01:20
443,6.067834,N/A,N/A,5.00e-05,13122.05,5455872,N/A,2025-07-26 16:01:21
444,6.584693,N/A,N/A,5.00e-05,13151.36,5468160,N/A,2025-07-26 16:01:22
445,5.656322,N/A,N/A,5.00e-05,13160.38,5480448,N/A,2025-07-26 16:01:23
446,5.950330,N/A,N/A,5.00e-05,13221.53,5492736,N/A,2025-07-26 16:01:24
447,7.413526,N/A,N/A,5.00e-05,13235.62,5505024,N/A,2025-07-26 16:01:25
448,5.454858,N/A,N/A,5.00e-05,13260.96,5517312,N/A,2025-07-26 16:01:26
449,5.427937,N/A,N/A,5.00e-05,13218.51,5529600,N/A,2025-07-26 16:01:27
450,7.053179,N/A,N/A,5.00e-05,13196.98,5541888,1.0000,2025-07-26 16:01:28
451,5.937850,N/A,N/A,5.00e-05,13195.65,5554176,N/A,2025-07-26 16:01:29
452,6.929677,N/A,N/A,5.00e-05,13163.93,5566464,N/A,2025-07-26 16:01:30
453,7.015859,N/A,N/A,5.00e-05,13167.66,5578752,N/A,2025-07-26 16:01:31
454,6.226945,N/A,N/A,5.00e-05,13191.03,5591040,N/A,2025-07-26 16:01:32
455,7.255423,N/A,N/A,5.00e-05,13136.31,5603328,N/A,2025-07-26 16:01:33
456,6.569407,N/A,N/A,5.00e-05,13092.36,5615616,N/A,2025-07-26 16:01:34
457,5.398731,N/A,N/A,5.00e-05,13076.98,5627904,N/A,2025-07-26 16:01:35
458,8.167966,N/A,N/A,5.00e-05,13179.00,5640192,N/A,2025-07-26 16:01:36
459,4.796301,N/A,N/A,5.00e-05,13251.90,5652480,N/A,2025-07-26 16:01:37
460,5.357730,N/A,N/A,5.00e-05,13136.73,5664768,1.0000,2025-07-26 16:01:38
461,7.091517,N/A,N/A,5.00e-05,13268.30,5677056,N/A,2025-07-26 16:01:39
462,6.141813,N/A,N/A,5.00e-05,13205.25,5689344,N/A,2025-07-26 16:01:40
463,6.980389,N/A,N/A,5.00e-05,13089.60,5701632,N/A,2025-07-26 16:01:41
464,5.753594,N/A,N/A,5.00e-05,13142.87,5713920,N/A,2025-07-26 16:01:42
465,7.485970,N/A,N/A,5.00e-05,13166.33,5726208,N/A,2025-07-26 16:01:43
466,7.897727,N/A,N/A,5.00e-05,13035.95,5738496,N/A,2025-07-26 16:01:45
467,6.977839,N/A,N/A,5.00e-05,13089.46,5750784,N/A,2025-07-26 16:01:46
468,6.272216,N/A,N/A,5.00e-05,13099.40,5763072,N/A,2025-07-26 16:01:47
469,6.346340,N/A,N/A,5.00e-05,13264.83,5775360,N/A,2025-07-26 16:01:48
470,6.050572,N/A,N/A,5.00e-05,13111.70,5787648,1.0000,2025-07-26 16:01:49
471,4.828760,N/A,N/A,5.00e-05,13175.37,5799936,N/A,2025-07-26 16:01:50
472,5.604050,N/A,N/A,5.00e-05,13260.51,5812224,N/A,2025-07-26 16:01:51
473,7.941770,N/A,N/A,5.00e-05,13258.57,5824512,N/A,2025-07-26 16:01:52
474,5.987766,N/A,N/A,5.00e-05,13262.90,5836800,N/A,2025-07-26 16:01:53
475,6.559172,N/A,N/A,5.00e-05,13377.65,5849088,N/A,2025-07-26 16:01:54
476,8.723192,N/A,N/A,5.00e-05,13278.44,5861376,N/A,2025-07-26 16:01:55
477,6.542422,N/A,N/A,5.00e-05,13283.86,5873664,N/A,2025-07-26 16:01:56
478,6.062102,N/A,N/A,5.00e-05,13278.35,5885952,N/A,2025-07-26 16:01:57
479,5.155935,N/A,N/A,5.00e-05,13401.87,5898240,N/A,2025-07-26 16:01:58
480,6.435493,N/A,N/A,5.00e-05,13279.72,5910528,1.0000,2025-07-26 16:01:59
481,5.707819,N/A,N/A,5.00e-05,13283.70,5922816,N/A,2025-07-26 16:02:00
482,6.692284,N/A,N/A,5.00e-05,13292.47,5935104,N/A,2025-07-26 16:02:01
483,6.779784,N/A,N/A,5.00e-05,13196.07,5947392,N/A,2025-07-26 16:02:02
484,6.780305,N/A,N/A,5.00e-05,13222.84,5959680,N/A,2025-07-26 16:02:03
485,6.300433,N/A,N/A,5.00e-05,13338.04,5971968,N/A,2025-07-26 16:02:04
486,6.311688,N/A,N/A,5.00e-05,13353.08,5984256,N/A,2025-07-26 16:02:05
487,5.056621,N/A,N/A,5.00e-05,13387.53,5996544,N/A,2025-07-26 16:02:06
488,5.914294,N/A,N/A,5.00e-05,13393.05,6008832,N/A,2025-07-26 16:02:07
489,7.038263,N/A,N/A,5.00e-05,13505.75,6021120,N/A,2025-07-26 16:02:08
490,7.993990,N/A,N/A,5.00e-05,13354.51,6033408,1.0000,2025-07-26 16:02:09
491,5.378784,N/A,N/A,5.00e-05,13219.82,6045696,N/A,2025-07-26 16:02:10
492,5.197753,N/A,N/A,5.00e-05,13300.94,6057984,N/A,2025-07-26 16:02:11
493,5.997233,N/A,N/A,5.00e-05,13250.47,6070272,N/A,2025-07-26 16:02:12
494,7.020843,N/A,N/A,5.00e-05,13168.92,6082560,N/A,2025-07-26 16:02:13
495,7.173504,N/A,N/A,5.00e-05,13167.15,6094848,N/A,2025-07-26 16:02:14
496,7.338181,N/A,N/A,5.00e-05,13100.33,6107136,N/A,2025-07-26 16:02:15
497,6.376818,N/A,N/A,5.00e-05,13101.23,6119424,N/A,2025-07-26 16:02:16
498,6.147703,N/A,N/A,5.00e-05,13075.27,6131712,N/A,2025-07-26 16:02:17
499,4.648614,N/A,N/A,5.00e-05,13233.64,6144000,N/A,2025-07-26 16:02:18
500,7.059886,N/A,N/A,5.00e-05,13166.18,6156288,1.0000,2025-07-26 16:02:20
501,6.360021,N/A,N/A,5.00e-05,8769.69,6168576,N/A,2025-07-26 16:02:25
502,7.488866,N/A,N/A,5.00e-05,8800.59,6180864,N/A,2025-07-26 16:02:26
503,7.982135,N/A,N/A,5.00e-05,8837.30,6193152,N/A,2025-07-26 16:02:27
504,8.207829,N/A,N/A,5.00e-05,8833.47,6205440,N/A,2025-07-26 16:02:28
505,4.954473,N/A,N/A,5.00e-05,8864.93,6217728,N/A,2025-07-26 16:02:29
506,7.172843,N/A,N/A,5.00e-05,8835.97,6230016,N/A,2025-07-26 16:02:30
507,5.392364,N/A,N/A,5.00e-05,8852.65,6242304,N/A,2025-07-26 16:02:31
508,6.220115,N/A,N/A,5.00e-05,8847.54,6254592,N/A,2025-07-26 16:02:32
509,6.443696,N/A,N/A,5.00e-05,8903.41,6266880,N/A,2025-07-26 16:02:33
510,7.492784,N/A,N/A,5.00e-05,13286.76,6279168,1.0000,2025-07-26 16:02:35
511,6.839164,N/A,N/A,5.00e-05,13186.58,6291456,N/A,2025-07-26 16:02:36
512,5.689137,N/A,N/A,5.00e-05,13164.83,6303744,N/A,2025-07-26 16:02:37
513,7.577686,N/A,N/A,5.00e-05,13159.04,6316032,N/A,2025-07-26 16:02:38
514,6.252920,N/A,N/A,5.00e-05,13128.26,6328320,N/A,2025-07-26 16:02:39
515,8.339679,N/A,N/A,5.00e-05,13190.82,6340608,N/A,2025-07-26 16:02:40
516,6.405781,N/A,N/A,5.00e-05,13204.62,6352896,N/A,2025-07-26 16:02:41
517,6.200590,N/A,N/A,5.00e-05,13195.29,6365184,N/A,2025-07-26 16:02:42
518,4.379742,N/A,N/A,5.00e-05,13263.80,6377472,N/A,2025-07-26 16:02:43
519,6.719759,N/A,N/A,5.00e-05,13446.73,6389760,N/A,2025-07-26 16:02:44
520,6.733116,N/A,N/A,5.00e-05,13377.31,6402048,1.0000,2025-07-26 16:02:45
521,5.876562,N/A,N/A,5.00e-05,13371.07,6414336,N/A,2025-07-26 16:02:46
522,6.880721,N/A,N/A,5.00e-05,13387.12,6426624,N/A,2025-07-26 16:02:47
523,5.883176,N/A,N/A,5.00e-05,13396.71,6438912,N/A,2025-07-26 16:02:48
524,6.277450,N/A,N/A,5.00e-05,13332.70,6451200,N/A,2025-07-26 16:02:49
525,7.047031,N/A,N/A,5.00e-05,13272.55,6463488,N/A,2025-07-26 16:02:50
526,7.509317,N/A,N/A,5.00e-05,13286.38,6475776,N/A,2025-07-26 16:02:51
527,6.841652,N/A,N/A,5.00e-05,13226.83,6488064,N/A,2025-07-26 16:02:52
528,6.394657,N/A,N/A,5.00e-05,13228.75,6500352,N/A,2025-07-26 16:02:53
529,5.903569,N/A,N/A,5.00e-05,13346.99,6512640,N/A,2025-07-26 16:02:54
530,6.158321,N/A,N/A,5.00e-05,13139.39,6524928,1.0000,2025-07-26 16:02:55
531,6.808853,N/A,N/A,5.00e-05,13076.55,6537216,N/A,2025-07-26 16:02:56
532,6.582971,N/A,N/A,5.00e-05,13084.47,6549504,N/A,2025-07-26 16:02:57
533,5.089818,N/A,N/A,5.00e-05,13137.35,6561792,N/A,2025-07-26 16:02:58
534,7.621800,N/A,N/A,5.00e-05,13173.90,6574080,N/A,2025-07-26 16:02:59
535,7.608647,N/A,N/A,5.00e-05,13072.18,6586368,N/A,2025-07-26 16:03:00
536,6.865363,N/A,N/A,5.00e-05,13126.99,6598656,N/A,2025-07-26 16:03:01
537,5.638484,N/A,N/A,5.00e-05,13151.78,6610944,N/A,2025-07-26 16:03:02
538,6.837323,N/A,N/A,5.00e-05,13190.78,6623232,N/A,2025-07-26 16:03:03
539,6.088975,N/A,N/A,5.00e-05,13396.19,6635520,N/A,2025-07-26 16:03:04
540,5.413866,N/A,N/A,5.00e-05,13326.94,6647808,1.0000,2025-07-26 16:03:05
541,6.712534,N/A,N/A,5.00e-05,13332.30,6660096,N/A,2025-07-26 16:03:06
542,4.469478,N/A,N/A,5.00e-05,13264.71,6672384,N/A,2025-07-26 16:03:07
543,7.100420,N/A,N/A,5.00e-05,13275.67,6684672,N/A,2025-07-26 16:03:09
544,7.092429,N/A,N/A,5.00e-05,13389.79,6696960,N/A,2025-07-26 16:03:10
545,6.799536,N/A,N/A,5.00e-05,13399.30,6709248,N/A,2025-07-26 16:03:11
546,5.530176,N/A,N/A,5.00e-05,13405.53,6721536,N/A,2025-07-26 16:03:11
547,7.196281,N/A,N/A,5.00e-05,13411.72,6733824,N/A,2025-07-26 16:03:12
548,4.877203,N/A,N/A,5.00e-05,13418.24,6746112,N/A,2025-07-26 16:03:13
549,6.326229,N/A,N/A,5.00e-05,13566.65,6758400,N/A,2025-07-26 16:03:14
550,6.178387,N/A,N/A,5.00e-05,13421.95,6770688,1.0000,2025-07-26 16:03:16
551,6.901434,N/A,N/A,5.00e-05,13529.69,6782976,N/A,2025-07-26 16:03:17
552,5.922523,N/A,N/A,5.00e-05,13420.26,6795264,N/A,2025-07-26 16:03:18
553,6.198273,N/A,N/A,5.00e-05,13423.31,6807552,N/A,2025-07-26 16:03:19
554,6.756877,N/A,N/A,5.00e-05,13371.65,6819840,N/A,2025-07-26 16:03:20
555,5.998370,N/A,N/A,5.00e-05,13372.94,6832128,N/A,2025-07-26 16:03:21
556,7.783806,N/A,N/A,5.00e-05,13361.06,6844416,N/A,2025-07-26 16:03:22
557,5.367865,N/A,N/A,5.00e-05,13356.03,6856704,N/A,2025-07-26 16:03:23
558,5.600092,N/A,N/A,5.00e-05,13331.19,6868992,N/A,2025-07-26 16:03:24
559,5.895600,N/A,N/A,5.00e-05,13420.14,6881280,N/A,2025-07-26 16:03:25
560,5.893113,N/A,N/A,5.00e-05,13118.55,6893568,1.0000,2025-07-26 16:03:26
561,6.215117,N/A,N/A,5.00e-05,13180.70,6905856,N/A,2025-07-26 16:03:27
562,5.993334,N/A,N/A,5.00e-05,13167.74,6918144,N/A,2025-07-26 16:03:28
563,6.875124,N/A,N/A,5.00e-05,13225.82,6930432,N/A,2025-07-26 16:03:29
564,7.051815,N/A,N/A,5.00e-05,13180.59,6942720,N/A,2025-07-26 16:03:30
565,5.687655,N/A,N/A,5.00e-05,13170.06,6955008,N/A,2025-07-26 16:03:31
566,5.015746,N/A,N/A,5.00e-05,13104.65,6967296,N/A,2025-07-26 16:03:32
567,6.064780,N/A,N/A,5.00e-05,13092.70,6979584,N/A,2025-07-26 16:03:33
568,6.954992,N/A,N/A,5.00e-05,13143.64,6991872,N/A,2025-07-26 16:03:34
569,4.910008,N/A,N/A,5.00e-05,13427.87,7004160,N/A,2025-07-26 16:03:35
570,6.447690,N/A,N/A,5.00e-05,13337.20,7016448,1.0000,2025-07-26 16:03:36
571,6.438725,N/A,N/A,5.00e-05,13358.86,7028736,N/A,2025-07-26 16:03:37
572,5.851219,N/A,N/A,5.00e-05,13330.00,7041024,N/A,2025-07-26 16:03:38
573,6.359468,N/A,N/A,5.00e-05,13279.42,7053312,N/A,2025-07-26 16:03:39
574,6.324688,N/A,N/A,5.00e-05,13282.96,7065600,N/A,2025-07-26 16:03:40
575,6.515653,N/A,N/A,5.00e-05,13347.92,7077888,N/A,2025-07-26 16:03:41
576,7.372277,N/A,N/A,5.00e-05,13357.02,7090176,N/A,2025-07-26 16:03:42
577,6.689051,N/A,N/A,5.00e-05,13340.34,7102464,N/A,2025-07-26 16:03:43
578,6.026320,N/A,N/A,5.00e-05,13326.45,7114752,N/A,2025-07-26 16:03:44
579,7.760632,N/A,N/A,5.00e-05,13371.88,7127040,N/A,2025-07-26 16:03:45
580,6.119071,N/A,N/A,5.00e-05,13215.41,7139328,1.0000,2025-07-26 16:03:46
581,8.174768,N/A,N/A,5.00e-05,13226.91,7151616,N/A,2025-07-26 16:03:47
582,6.510638,N/A,N/A,5.00e-05,13304.08,7163904,N/A,2025-07-26 16:03:48
583,6.178730,N/A,N/A,5.00e-05,13253.05,7176192,N/A,2025-07-26 16:03:50
584,4.424345,N/A,N/A,5.00e-05,13265.29,7188480,N/A,2025-07-26 16:03:51
585,6.179065,N/A,N/A,5.00e-05,13262.19,7200768,N/A,2025-07-26 16:03:52
586,5.799610,N/A,N/A,5.00e-05,13288.41,7213056,N/A,2025-07-26 16:03:53
587,6.563642,N/A,N/A,5.00e-05,13311.48,7225344,N/A,2025-07-26 16:03:54
588,6.638196,N/A,N/A,5.00e-05,13421.91,7237632,N/A,2025-07-26 16:03:55
589,6.543439,N/A,N/A,5.00e-05,13451.65,7249920,N/A,2025-07-26 16:03:56
590,5.121573,N/A,N/A,5.00e-05,13296.89,7262208,1.0000,2025-07-26 16:03:57
591,5.087506,N/A,N/A,5.00e-05,13172.05,7274496,N/A,2025-07-26 16:03:58
592,5.151375,N/A,N/A,5.00e-05,13159.43,7286784,N/A,2025-07-26 16:03:59
593,7.148476,N/A,N/A,5.00e-05,13123.98,7299072,N/A,2025-07-26 16:04:00
594,7.001575,N/A,N/A,5.00e-05,13122.92,7311360,N/A,2025-07-26 16:04:01
595,7.706318,N/A,N/A,5.00e-05,13092.35,7323648,N/A,2025-07-26 16:04:02
596,6.831923,N/A,N/A,5.00e-05,13070.15,7335936,N/A,2025-07-26 16:04:03
597,5.925643,N/A,N/A,5.00e-05,13041.56,7348224,N/A,2025-07-26 16:04:04
598,6.335938,N/A,N/A,5.00e-05,13126.76,7360512,N/A,2025-07-26 16:04:05
599,4.221714,N/A,N/A,5.00e-05,13270.38,7372800,N/A,2025-07-26 16:04:06
600,5.677662,N/A,N/A,5.00e-05,13227.24,7385088,1.0000,2025-07-26 16:04:07
601,6.003160,N/A,N/A,5.00e-05,7094.55,7397376,N/A,2025-07-26 16:04:16
602,5.343432,N/A,N/A,5.00e-05,7102.48,7409664,N/A,2025-07-26 16:04:17
603,7.434350,N/A,N/A,5.00e-05,7069.68,7421952,N/A,2025-07-26 16:04:18
604,6.125586,N/A,N/A,5.00e-05,7071.37,7434240,N/A,2025-07-26 16:04:19
605,8.659036,N/A,N/A,5.00e-05,7071.50,7446528,N/A,2025-07-26 16:04:20
606,6.028057,N/A,N/A,5.00e-05,7080.97,7458816,N/A,2025-07-26 16:04:21
607,6.894339,N/A,N/A,5.00e-05,7074.74,7471104,N/A,2025-07-26 16:04:22
608,4.248515,N/A,N/A,5.00e-05,7083.34,7483392,N/A,2025-07-26 16:04:23
609,6.276915,N/A,N/A,5.00e-05,7110.27,7495680,N/A,2025-07-26 16:04:24
610,6.323869,N/A,N/A,5.00e-05,13208.08,7507968,1.0000,2025-07-26 16:04:26
611,6.315259,N/A,N/A,5.00e-05,13213.89,7520256,N/A,2025-07-26 16:04:27
612,7.078709,N/A,N/A,5.00e-05,13307.66,7532544,N/A,2025-07-26 16:04:28
613,6.171326,N/A,N/A,5.00e-05,13179.92,7544832,N/A,2025-07-26 16:04:29
614,5.821229,N/A,N/A,5.00e-05,13207.60,7557120,N/A,2025-07-26 16:04:30
615,6.547529,N/A,N/A,5.00e-05,13112.99,7569408,N/A,2025-07-26 16:04:31
616,5.622125,N/A,N/A,5.00e-05,13123.28,7581696,N/A,2025-07-26 16:04:32
617,5.423836,N/A,N/A,5.00e-05,13051.08,7593984,N/A,2025-07-26 16:04:33
618,4.943029,N/A,N/A,5.00e-05,13048.08,7606272,N/A,2025-07-26 16:04:34
619,5.741950,N/A,N/A,5.00e-05,13184.06,7618560,N/A,2025-07-26 16:04:35
620,7.633680,N/A,N/A,5.00e-05,13021.43,7630848,1.0000,2025-07-26 16:04:36
621,6.498033,N/A,N/A,5.00e-05,13061.86,7643136,N/A,2025-07-26 16:04:37
622,7.339488,N/A,N/A,5.00e-05,13192.65,7655424,N/A,2025-07-26 16:04:38
623,8.371695,N/A,N/A,5.00e-05,13125.40,7667712,N/A,2025-07-26 16:04:39
624,8.097008,N/A,N/A,5.00e-05,13184.61,7680000,N/A,2025-07-26 16:04:40
625,7.786994,N/A,N/A,5.00e-05,13221.47,7692288,N/A,2025-07-26 16:04:41
626,4.925039,N/A,N/A,5.00e-05,13275.09,7704576,N/A,2025-07-26 16:04:42
627,5.975339,N/A,N/A,5.00e-05,13255.50,7716864,N/A,2025-07-26 16:04:43
628,6.980795,N/A,N/A,5.00e-05,13251.64,7729152,N/A,2025-07-26 16:04:44
629,7.675735,N/A,N/A,5.00e-05,13418.07,7741440,N/A,2025-07-26 16:04:45
630,6.106295,N/A,N/A,5.00e-05,13149.34,7753728,1.0000,2025-07-26 16:04:46
631,6.762045,N/A,N/A,5.00e-05,13141.33,7766016,N/A,2025-07-26 16:04:47
632,6.441518,N/A,N/A,5.00e-05,13156.56,7778304,N/A,2025-07-26 16:04:48
633,6.115211,N/A,N/A,5.00e-05,13194.39,7790592,N/A,2025-07-26 16:04:49
634,5.638345,N/A,N/A,5.00e-05,13181.24,7802880,N/A,2025-07-26 16:04:50
635,6.435770,N/A,N/A,5.00e-05,13127.57,7815168,N/A,2025-07-26 16:04:51
636,5.246666,N/A,N/A,5.00e-05,13202.56,7827456,N/A,2025-07-26 16:04:52
637,5.221977,N/A,N/A,5.00e-05,13181.45,7839744,N/A,2025-07-26 16:04:53
638,6.875221,N/A,N/A,5.00e-05,13190.94,7852032,N/A,2025-07-26 16:04:54
639,7.603687,N/A,N/A,5.00e-05,13472.14,7864320,N/A,2025-07-26 16:04:55
640,4.714688,N/A,N/A,5.00e-05,13346.13,7876608,1.0000,2025-07-26 16:04:57
641,7.196955,N/A,N/A,5.00e-05,13379.07,7888896,N/A,2025-07-26 16:04:58
642,6.457511,N/A,N/A,5.00e-05,13367.45,7901184,N/A,2025-07-26 16:04:59
643,4.773743,N/A,N/A,5.00e-05,13318.75,7913472,N/A,2025-07-26 16:05:00
644,6.262798,N/A,N/A,5.00e-05,13380.17,7925760,N/A,2025-07-26 16:05:01
645,6.678391,N/A,N/A,5.00e-05,13339.50,7938048,N/A,2025-07-26 16:05:02
646,6.381528,N/A,N/A,5.00e-05,13371.22,7950336,N/A,2025-07-26 16:05:03
647,6.917267,N/A,N/A,5.00e-05,13365.07,7962624,N/A,2025-07-26 16:05:04
648,7.110916,N/A,N/A,5.00e-05,13258.11,7974912,N/A,2025-07-26 16:05:05
649,4.615830,N/A,N/A,5.00e-05,13351.03,7987200,N/A,2025-07-26 16:05:06
650,6.005453,N/A,N/A,5.00e-05,13235.10,7999488,1.0000,2025-07-26 16:05:07
651,7.188693,N/A,N/A,5.00e-05,13223.78,8011776,N/A,2025-07-26 16:05:08
652,6.998919,N/A,N/A,5.00e-05,12998.36,8024064,N/A,2025-07-26 16:05:09
653,5.535694,N/A,N/A,5.00e-05,12989.84,8036352,N/A,2025-07-26 16:05:10
654,4.378368,N/A,N/A,5.00e-05,13009.83,8048640,N/A,2025-07-26 16:05:11
655,7.595048,N/A,N/A,5.00e-05,13003.07,8060928,N/A,2025-07-26 16:05:12
656,6.068309,N/A,N/A,5.00e-05,13006.25,8073216,N/A,2025-07-26 16:05:13
657,6.048400,N/A,N/A,5.00e-05,12994.36,8085504,N/A,2025-07-26 16:05:14
658,7.842685,N/A,N/A,5.00e-05,12950.40,8097792,N/A,2025-07-26 16:05:15
659,7.223288,N/A,N/A,5.00e-05,13016.14,8110080,N/A,2025-07-26 16:05:16
660,6.012669,N/A,N/A,5.00e-05,12832.58,8122368,1.0000,2025-07-26 16:05:17
661,5.470664,N/A,N/A,5.00e-05,13126.07,8134656,N/A,2025-07-26 16:05:18
662,5.884394,N/A,N/A,5.00e-05,13145.15,8146944,N/A,2025-07-26 16:05:19
663,6.605092,N/A,N/A,5.00e-05,13203.16,8159232,N/A,2025-07-26 16:05:20
664,6.227152,N/A,N/A,5.00e-05,13116.72,8171520,N/A,2025-07-26 16:05:21
665,5.206860,N/A,N/A,5.00e-05,13121.22,8183808,N/A,2025-07-26 16:05:22
666,6.674066,N/A,N/A,5.00e-05,13155.11,8196096,N/A,2025-07-26 16:05:23
667,7.413207,N/A,N/A,5.00e-05,13188.15,8208384,N/A,2025-07-26 16:05:25
668,6.158086,N/A,N/A,5.00e-05,13185.71,8220672,N/A,2025-07-26 16:05:26
669,7.166737,N/A,N/A,5.00e-05,13359.56,8232960,N/A,2025-07-26 16:05:27
670,7.774586,N/A,N/A,5.00e-05,13171.88,8245248,1.0000,2025-07-26 16:05:28
671,6.078204,N/A,N/A,5.00e-05,13114.83,8257536,N/A,2025-07-26 16:05:29
672,6.119113,N/A,N/A,5.00e-05,13052.21,8269824,N/A,2025-07-26 16:05:30
673,5.756745,N/A,N/A,5.00e-05,13141.18,8282112,N/A,2025-07-26 16:05:31
674,6.938372,N/A,N/A,5.00e-05,13025.06,8294400,N/A,2025-07-26 16:05:32
675,6.747046,N/A,N/A,5.00e-05,13055.73,8306688,N/A,2025-07-26 16:05:33
676,6.179220,N/A,N/A,5.00e-05,13121.68,8318976,N/A,2025-07-26 16:05:34
677,7.947894,N/A,N/A,5.00e-05,13016.97,8331264,N/A,2025-07-26 16:05:35
678,7.342248,N/A,N/A,5.00e-05,13029.99,8343552,N/A,2025-07-26 16:05:36
679,6.259449,N/A,N/A,5.00e-05,13178.87,8355840,N/A,2025-07-26 16:05:37
680,7.095042,N/A,N/A,5.00e-05,13069.81,8368128,1.0000,2025-07-26 16:05:38
681,5.503447,N/A,N/A,5.00e-05,13018.57,8380416,N/A,2025-07-26 16:05:39
682,5.829286,N/A,N/A,5.00e-05,12976.16,8392704,N/A,2025-07-26 16:05:40
683,6.585513,N/A,N/A,5.00e-05,13081.96,8404992,N/A,2025-07-26 16:05:41
684,6.546198,N/A,N/A,5.00e-05,13107.28,8417280,N/A,2025-07-26 16:05:42
685,5.011879,N/A,N/A,5.00e-05,13076.56,8429568,N/A,2025-07-26 16:05:43
686,5.283771,N/A,N/A,5.00e-05,13171.40,8441856,N/A,2025-07-26 16:05:44
687,4.988943,N/A,N/A,5.00e-05,13171.24,8454144,N/A,2025-07-26 16:05:45
688,6.264102,N/A,N/A,5.00e-05,13186.40,8466432,N/A,2025-07-26 16:05:46
689,6.191542,N/A,N/A,5.00e-05,13328.67,8478720,N/A,2025-07-26 16:05:47
690,6.144721,N/A,N/A,5.00e-05,13313.82,8491008,1.0000,2025-07-26 16:05:48
691,5.740627,N/A,N/A,5.00e-05,13329.33,8503296,N/A,2025-07-26 16:05:49
692,6.692904,N/A,N/A,5.00e-05,13322.23,8515584,N/A,2025-07-26 16:05:50
693,6.632543,N/A,N/A,5.00e-05,13248.03,8527872,N/A,2025-07-26 16:05:52
694,6.843968,N/A,N/A,5.00e-05,13253.04,8540160,N/A,2025-07-26 16:05:53
695,6.045418,N/A,N/A,5.00e-05,13280.02,8552448,N/A,2025-07-26 16:05:54
696,5.239321,N/A,N/A,5.00e-05,13278.94,8564736,N/A,2025-07-26 16:05:55
697,6.557531,N/A,N/A,5.00e-05,13272.01,8577024,N/A,2025-07-26 16:05:56
698,5.614692,N/A,N/A,5.00e-05,13295.06,8589312,N/A,2025-07-26 16:05:57
699,6.816786,N/A,N/A,5.00e-05,13421.76,8601600,N/A,2025-07-26 16:05:58
700,3.373464,N/A,N/A,5.00e-05,13147.98,8613888,1.0000,2025-07-26 16:05:59
701,7.445295,N/A,N/A,5.00e-05,8628.73,8626176,N/A,2025-07-26 16:06:05
702,6.577583,N/A,N/A,5.00e-05,8659.07,8638464,N/A,2025-07-26 16:06:06
703,6.215699,N/A,N/A,5.00e-05,8666.48,8650752,N/A,2025-07-26 16:06:07
704,7.506166,N/A,N/A,5.00e-05,8690.62,8663040,N/A,2025-07-26 16:06:08
705,5.241177,N/A,N/A,5.00e-05,8690.39,8675328,N/A,2025-07-26 16:06:09
706,5.807365,N/A,N/A,5.00e-05,8638.89,8687616,N/A,2025-07-26 16:06:10
707,4.819819,N/A,N/A,5.00e-05,8643.35,8699904,N/A,2025-07-26 16:06:11
708,4.960636,N/A,N/A,5.00e-05,8535.99,8712192,N/A,2025-07-26 16:06:12
709,6.239489,N/A,N/A,5.00e-05,8646.69,8724480,N/A,2025-07-26 16:06:13
710,4.843894,N/A,N/A,5.00e-05,13077.10,8736768,1.0000,2025-07-26 16:06:14
711,6.361851,N/A,N/A,5.00e-05,13078.72,8749056,N/A,2025-07-26 16:06:15
712,6.562348,N/A,N/A,5.00e-05,12969.01,8761344,N/A,2025-07-26 16:06:16
713,6.096510,N/A,N/A,5.00e-05,12864.77,8773632,N/A,2025-07-26 16:06:17
714,6.608328,N/A,N/A,5.00e-05,12892.74,8785920,N/A,2025-07-26 16:06:18
715,7.174679,N/A,N/A,5.00e-05,12988.47,8798208,N/A,2025-07-26 16:06:19
716,5.176683,N/A,N/A,5.00e-05,12706.08,8810496,N/A,2025-07-26 16:06:20
717,6.527195,N/A,N/A,5.00e-05,12909.84,8822784,N/A,2025-07-26 16:06:22
718,6.667558,N/A,N/A,5.00e-05,12962.62,8835072,N/A,2025-07-26 16:06:22
719,5.045756,N/A,N/A,5.00e-05,13069.76,8847360,N/A,2025-07-26 16:06:24
720,6.829628,N/A,N/A,5.00e-05,12931.89,8859648,1.0000,2025-07-26 16:06:25
721,5.769417,N/A,N/A,5.00e-05,12946.19,8871936,N/A,2025-07-26 16:06:26
722,8.316409,N/A,N/A,5.00e-05,13029.27,8884224,N/A,2025-07-26 16:06:27
723,6.747400,N/A,N/A,5.00e-05,13024.99,8896512,N/A,2025-07-26 16:06:28
724,6.573481,N/A,N/A,5.00e-05,12963.83,8908800,N/A,2025-07-26 16:06:29
725,7.327468,N/A,N/A,5.00e-05,13237.92,8921088,N/A,2025-07-26 16:06:30
726,7.104972,N/A,N/A,5.00e-05,13232.99,8933376,N/A,2025-07-26 16:06:31
727,6.466542,N/A,N/A,5.00e-05,13217.51,8945664,N/A,2025-07-26 16:06:32
728,6.631553,N/A,N/A,5.00e-05,13171.78,8957952,N/A,2025-07-26 16:06:33
729,7.196588,N/A,N/A,5.00e-05,13328.35,8970240,N/A,2025-07-26 16:06:34
730,5.793844,N/A,N/A,5.00e-05,13240.28,8982528,1.0000,2025-07-26 16:06:35
731,7.570075,N/A,N/A,5.00e-05,13225.18,8994816,N/A,2025-07-26 16:06:36
732,5.381886,N/A,N/A,5.00e-05,13057.40,9007104,N/A,2025-07-26 16:06:37
733,6.128633,N/A,N/A,5.00e-05,13128.83,9019392,N/A,2025-07-26 16:06:38
734,7.509423,N/A,N/A,5.00e-05,13108.04,9031680,N/A,2025-07-26 16:06:39
735,5.683559,N/A,N/A,5.00e-05,13020.85,9043968,N/A,2025-07-26 16:06:40
736,7.740912,N/A,N/A,5.00e-05,12963.39,9056256,N/A,2025-07-26 16:06:41
737,6.257077,N/A,N/A,5.00e-05,13010.19,9068544,N/A,2025-07-26 16:06:42
738,7.231850,N/A,N/A,5.00e-05,12998.37,9080832,N/A,2025-07-26 16:06:43
739,6.340102,N/A,N/A,5.00e-05,13129.19,9093120,N/A,2025-07-26 16:06:44
740,6.688553,N/A,N/A,5.00e-05,12991.16,9105408,1.0000,2025-07-26 16:06:45
741,5.270257,N/A,N/A,5.00e-05,13134.22,9117696,N/A,2025-07-26 16:06:46
742,6.767257,N/A,N/A,5.00e-05,13146.85,9129984,N/A,2025-07-26 16:06:47
743,6.399794,N/A,N/A,5.00e-05,13164.29,9142272,N/A,2025-07-26 16:06:48
744,6.726030,N/A,N/A,5.00e-05,13190.92,9154560,N/A,2025-07-26 16:06:50
745,7.900680,N/A,N/A,5.00e-05,13233.88,9166848,N/A,2025-07-26 16:06:51
746,6.636187,N/A,N/A,5.00e-05,13238.60,9179136,N/A,2025-07-26 16:06:52
747,7.540586,N/A,N/A,5.00e-05,13240.67,9191424,N/A,2025-07-26 16:06:53
748,4.551380,N/A,N/A,5.00e-05,13204.86,9203712,N/A,2025-07-26 16:06:54
749,5.629299,N/A,N/A,5.00e-05,13357.87,9216000,N/A,2025-07-26 16:06:55
750,6.355348,N/A,N/A,5.00e-05,13217.68,9228288,1.0000,2025-07-26 16:06:56
751,5.000009,N/A,N/A,5.00e-05,13182.93,9240576,N/A,2025-07-26 16:06:57
752,5.770617,N/A,N/A,5.00e-05,13198.68,9252864,N/A,2025-07-26 16:06:58
753,7.039810,N/A,N/A,5.00e-05,13224.05,9265152,N/A,2025-07-26 16:06:59
754,5.400092,N/A,N/A,5.00e-05,13250.79,9277440,N/A,2025-07-26 16:07:00
755,6.612267,N/A,N/A,5.00e-05,13237.91,9289728,N/A,2025-07-26 16:07:01
756,5.259799,N/A,N/A,5.00e-05,13238.46,9302016,N/A,2025-07-26 16:07:02
757,6.274141,N/A,N/A,5.00e-05,13222.34,9314304,N/A,2025-07-26 16:07:03
758,4.539079,N/A,N/A,5.00e-05,13227.65,9326592,N/A,2025-07-26 16:07:04
759,7.870159,N/A,N/A,5.00e-05,13360.32,9338880,N/A,2025-07-26 16:07:05
760,5.838162,N/A,N/A,5.00e-05,13247.55,9351168,1.0000,2025-07-26 16:07:06
761,6.081240,N/A,N/A,5.00e-05,13228.53,9363456,N/A,2025-07-26 16:07:07
762,5.887829,N/A,N/A,5.00e-05,13266.28,9375744,N/A,2025-07-26 16:07:08
763,6.076693,N/A,N/A,5.00e-05,13163.08,9388032,N/A,2025-07-26 16:07:09
764,5.693144,N/A,N/A,5.00e-05,13166.57,9400320,N/A,2025-07-26 16:07:10
765,6.769116,N/A,N/A,5.00e-05,13164.38,9412608,N/A,2025-07-26 16:07:11
766,5.927893,N/A,N/A,5.00e-05,13163.88,9424896,N/A,2025-07-26 16:07:12
767,5.514466,N/A,N/A,5.00e-05,13168.43,9437184,N/A,2025-07-26 16:07:13
768,7.898626,N/A,N/A,5.00e-05,13167.85,9449472,N/A,2025-07-26 16:07:14
769,7.461616,N/A,N/A,5.00e-05,13300.21,9461760,N/A,2025-07-26 16:07:15
770,7.154155,N/A,N/A,5.00e-05,13034.33,9474048,1.0000,2025-07-26 16:07:17
771,6.301377,N/A,N/A,5.00e-05,13017.93,9486336,N/A,2025-07-26 16:07:18
772,5.869813,N/A,N/A,5.00e-05,13106.48,9498624,N/A,2025-07-26 16:07:19
773,5.157623,N/A,N/A,5.00e-05,13130.39,9510912,N/A,2025-07-26 16:07:20
774,5.055980,N/A,N/A,5.00e-05,13134.42,9523200,N/A,2025-07-26 16:07:21
775,7.069979,N/A,N/A,5.00e-05,13043.19,9535488,N/A,2025-07-26 16:07:22
776,6.828379,N/A,N/A,5.00e-05,13009.13,9547776,N/A,2025-07-26 16:07:23
777,5.410717,N/A,N/A,5.00e-05,13019.04,9560064,N/A,2025-07-26 16:07:24
778,4.413741,N/A,N/A,5.00e-05,13013.32,9572352,N/A,2025-07-26 16:07:25
779,7.286946,N/A,N/A,5.00e-05,13285.51,9584640,N/A,2025-07-26 16:07:26
780,6.164150,N/A,N/A,5.00e-05,13097.58,9596928,1.0000,2025-07-26 16:07:27
781,6.275738,N/A,N/A,5.00e-05,13074.76,9609216,N/A,2025-07-26 16:07:28
782,6.848334,N/A,N/A,5.00e-05,13015.72,9621504,N/A,2025-07-26 16:07:29
783,5.267560,N/A,N/A,5.00e-05,12962.79,9633792,N/A,2025-07-26 16:07:30
784,6.967878,N/A,N/A,5.00e-05,13148.84,9646080,N/A,2025-07-26 16:07:31
785,7.399717,N/A,N/A,5.00e-05,13116.84,9658368,N/A,2025-07-26 16:07:32
786,6.564303,N/A,N/A,5.00e-05,13106.42,9670656,N/A,2025-07-26 16:07:33
787,6.752192,N/A,N/A,5.00e-05,13136.24,9682944,N/A,2025-07-26 16:07:34
788,6.091671,N/A,N/A,5.00e-05,13052.50,9695232,N/A,2025-07-26 16:07:35
789,6.521306,N/A,N/A,5.00e-05,13278.57,9707520,N/A,2025-07-26 16:07:36
790,6.789093,N/A,N/A,5.00e-05,13114.49,9719808,1.0000,2025-07-26 16:07:37
791,5.848493,N/A,N/A,5.00e-05,13156.38,9732096,N/A,2025-07-26 16:07:38
792,5.870931,N/A,N/A,5.00e-05,13222.92,9744384,N/A,2025-07-26 16:07:39
793,7.038591,N/A,N/A,5.00e-05,13218.71,9756672,N/A,2025-07-26 16:07:40
794,5.374602,N/A,N/A,5.00e-05,13271.80,9768960,N/A,2025-07-26 16:07:41
795,5.187407,N/A,N/A,5.00e-05,13296.18,9781248,N/A,2025-07-26 16:07:42
796,5.883867,N/A,N/A,5.00e-05,13290.50,9793536,N/A,2025-07-26 16:07:43
797,6.235626,N/A,N/A,5.00e-05,13376.50,9805824,N/A,2025-07-26 16:07:44
798,6.634806,N/A,N/A,5.00e-05,13368.16,9818112,N/A,2025-07-26 16:07:45
799,5.673567,N/A,N/A,5.00e-05,13514.63,9830400,N/A,2025-07-26 16:07:46
800,4.982266,N/A,N/A,5.00e-05,13389.36,9842688,1.0000,2025-07-26 16:07:48
801,6.478942,N/A,N/A,5.00e-05,6920.51,9854976,N/A,2025-07-26 16:07:57
802,6.449336,N/A,N/A,5.00e-05,6918.26,9867264,N/A,2025-07-26 16:07:58
803,4.535089,N/A,N/A,5.00e-05,6919.32,9879552,N/A,2025-07-26 16:07:59
804,6.808539,N/A,N/A,5.00e-05,6892.82,9891840,N/A,2025-07-26 16:08:00
805,5.929288,N/A,N/A,5.00e-05,6891.79,9904128,N/A,2025-07-26 16:08:01
806,7.518335,N/A,N/A,5.00e-05,6891.01,9916416,N/A,2025-07-26 16:08:02
807,6.245614,N/A,N/A,5.00e-05,6875.76,9928704,N/A,2025-07-26 16:08:03
808,6.475949,N/A,N/A,5.00e-05,6884.00,9940992,N/A,2025-07-26 16:08:04
809,7.981645,N/A,N/A,5.00e-05,6913.72,9953280,N/A,2025-07-26 16:08:05
810,6.938758,N/A,N/A,5.00e-05,13215.23,9965568,1.0000,2025-07-26 16:08:06
811,6.060531,N/A,N/A,5.00e-05,13148.13,9977856,N/A,2025-07-26 16:08:07
812,7.195529,N/A,N/A,5.00e-05,13133.61,9990144,N/A,2025-07-26 16:08:08
813,6.117201,N/A,N/A,5.00e-05,13217.14,10002432,N/A,2025-07-26 16:08:09
814,5.734023,N/A,N/A,5.00e-05,13218.34,10014720,N/A,2025-07-26 16:08:10
815,5.966592,N/A,N/A,5.00e-05,13213.03,10027008,N/A,2025-07-26 16:08:11
816,6.199657,N/A,N/A,5.00e-05,13180.83,10039296,N/A,2025-07-26 16:08:13
817,6.253804,N/A,N/A,5.00e-05,13070.51,10051584,N/A,2025-07-26 16:08:14
818,5.806681,N/A,N/A,5.00e-05,13096.75,10063872,N/A,2025-07-26 16:08:15
819,7.954077,N/A,N/A,5.00e-05,13173.10,10076160,N/A,2025-07-26 16:08:16
820,5.442747,N/A,N/A,5.00e-05,13042.13,10088448,1.0000,2025-07-26 16:08:17
821,5.587456,N/A,N/A,5.00e-05,13057.36,10100736,N/A,2025-07-26 16:08:18
822,8.524010,N/A,N/A,5.00e-05,13065.42,10113024,N/A,2025-07-26 16:08:19
823,7.563201,N/A,N/A,5.00e-05,13024.24,10125312,N/A,2025-07-26 16:08:20
824,7.017327,N/A,N/A,5.00e-05,13040.96,10137600,N/A,2025-07-26 16:08:21
825,7.098600,N/A,N/A,5.00e-05,13131.52,10149888,N/A,2025-07-26 16:08:22
826,7.434289,N/A,N/A,5.00e-05,13261.71,10162176,N/A,2025-07-26 16:08:23
827,6.571545,N/A,N/A,5.00e-05,13247.99,10174464,N/A,2025-07-26 16:08:24
828,5.994845,N/A,N/A,5.00e-05,13297.15,10186752,N/A,2025-07-26 16:08:25
829,5.416066,N/A,N/A,5.00e-05,13480.21,10199040,N/A,2025-07-26 16:08:26
830,7.245203,N/A,N/A,5.00e-05,13371.44,10211328,1.0000,2025-07-26 16:08:27
831,5.388045,N/A,N/A,5.00e-05,13303.26,10223616,N/A,2025-07-26 16:08:28
832,6.471758,N/A,N/A,5.00e-05,13200.15,10235904,N/A,2025-07-26 16:08:29
833,6.137767,N/A,N/A,5.00e-05,13180.36,10248192,N/A,2025-07-26 16:08:30
834,6.090922,N/A,N/A,5.00e-05,13196.03,10260480,N/A,2025-07-26 16:08:31
835,4.947005,N/A,N/A,5.00e-05,13204.81,10272768,N/A,2025-07-26 16:08:32
836,6.238298,N/A,N/A,5.00e-05,13207.41,10285056,N/A,2025-07-26 16:08:33
837,7.130772,N/A,N/A,5.00e-05,13210.51,10297344,N/A,2025-07-26 16:08:34
838,6.436167,N/A,N/A,5.00e-05,13210.08,10309632,N/A,2025-07-26 16:08:35
839,5.953159,N/A,N/A,5.00e-05,13291.75,10321920,N/A,2025-07-26 16:08:36
840,7.168807,N/A,N/A,5.00e-05,13163.28,10334208,1.0000,2025-07-26 16:08:37
841,6.104935,N/A,N/A,5.00e-05,13312.31,10346496,N/A,2025-07-26 16:08:38
842,6.060104,N/A,N/A,5.00e-05,13261.15,10358784,N/A,2025-07-26 16:08:39
843,5.218852,N/A,N/A,5.00e-05,13247.14,10371072,N/A,2025-07-26 16:08:41
844,5.737939,N/A,N/A,5.00e-05,13075.71,10383360,N/A,2025-07-26 16:08:42
845,7.306109,N/A,N/A,5.00e-05,13098.87,10395648,N/A,2025-07-26 16:08:43
846,4.864329,N/A,N/A,5.00e-05,12960.23,10407936,N/A,2025-07-26 16:08:44
847,5.895949,N/A,N/A,5.00e-05,12944.90,10420224,N/A,2025-07-26 16:08:45
848,6.361646,N/A,N/A,5.00e-05,12976.89,10432512,N/A,2025-07-26 16:08:46
849,7.019867,N/A,N/A,5.00e-05,13115.93,10444800,N/A,2025-07-26 16:08:47
850,6.043797,N/A,N/A,5.00e-05,12940.51,10457088,1.0000,2025-07-26 16:08:48
851,5.502609,N/A,N/A,5.00e-05,12911.21,10469376,N/A,2025-07-26 16:08:49
852,5.703739,N/A,N/A,5.00e-05,12901.24,10481664,N/A,2025-07-26 16:08:50
853,4.874967,N/A,N/A,5.00e-05,12943.52,10493952,N/A,2025-07-26 16:08:51
854,5.662638,N/A,N/A,5.00e-05,12890.79,10506240,N/A,2025-07-26 16:08:52
855,6.574162,N/A,N/A,5.00e-05,12977.55,10518528,N/A,2025-07-26 16:08:53
856,6.279412,N/A,N/A,5.00e-05,13014.97,10530816,N/A,2025-07-26 16:08:54
857,7.038541,N/A,N/A,5.00e-05,13035.43,10543104,N/A,2025-07-26 16:08:55
858,5.682825,N/A,N/A,5.00e-05,13047.55,10555392,N/A,2025-07-26 16:08:56
859,6.338777,N/A,N/A,5.00e-05,13146.29,10567680,N/A,2025-07-26 16:08:57
860,5.645155,N/A,N/A,5.00e-05,13035.17,10579968,1.0000,2025-07-26 16:08:58
861,5.650867,N/A,N/A,5.00e-05,13031.46,10592256,N/A,2025-07-26 16:08:59
862,5.681513,N/A,N/A,5.00e-05,13032.13,10604544,N/A,2025-07-26 16:09:01
863,7.502042,N/A,N/A,5.00e-05,13028.99,10616832,N/A,2025-07-26 16:09:02
864,5.305475,N/A,N/A,5.00e-05,13077.03,10629120,N/A,2025-07-26 16:09:03
865,6.227664,N/A,N/A,5.00e-05,13000.69,10641408,N/A,2025-07-26 16:09:04
866,5.867733,N/A,N/A,5.00e-05,12989.95,10653696,N/A,2025-07-26 16:09:05
867,5.112603,N/A,N/A,5.00e-05,13044.06,10665984,N/A,2025-07-26 16:09:06
868,5.832257,N/A,N/A,5.00e-05,13078.57,10678272,N/A,2025-07-26 16:09:07
869,6.256275,N/A,N/A,5.00e-05,13225.65,10690560,N/A,2025-07-26 16:09:08
870,6.491830,N/A,N/A,5.00e-05,13044.33,10702848,1.0000,2025-07-26 16:09:09
871,6.067853,N/A,N/A,5.00e-05,13178.76,10715136,N/A,2025-07-26 16:09:10
872,6.166938,N/A,N/A,5.00e-05,13198.17,10727424,N/A,2025-07-26 16:09:11
873,6.339303,N/A,N/A,5.00e-05,13227.81,10739712,N/A,2025-07-26 16:09:12
874,7.959209,N/A,N/A,5.00e-05,13337.67,10752000,N/A,2025-07-26 16:09:13
875,6.614172,N/A,N/A,5.00e-05,13290.98,10764288,N/A,2025-07-26 16:09:14
876,7.214757,N/A,N/A,5.00e-05,13246.39,10776576,N/A,2025-07-26 16:09:15
877,6.922996,N/A,N/A,5.00e-05,13284.04,10788864,N/A,2025-07-26 16:09:16
878,6.161713,N/A,N/A,5.00e-05,13358.66,10801152,N/A,2025-07-26 16:09:17
879,7.247416,N/A,N/A,5.00e-05,13548.45,10813440,N/A,2025-07-26 16:09:18
880,6.503287,N/A,N/A,5.00e-05,13323.57,10825728,1.0000,2025-07-26 16:09:19
881,6.387421,N/A,N/A,5.00e-05,13334.42,10838016,N/A,2025-07-26 16:09:20
882,7.287504,N/A,N/A,5.00e-05,13242.54,10850304,N/A,2025-07-26 16:09:21
883,7.060390,N/A,N/A,5.00e-05,13124.67,10862592,N/A,2025-07-26 16:09:22
884,6.829977,N/A,N/A,5.00e-05,13110.26,10874880,N/A,2025-07-26 16:09:23
885,6.702855,N/A,N/A,5.00e-05,13130.73,10887168,N/A,2025-07-26 16:09:24
886,7.621643,N/A,N/A,5.00e-05,13142.65,10899456,N/A,2025-07-26 16:09:25
887,5.107615,N/A,N/A,5.00e-05,13117.85,10911744,N/A,2025-07-26 16:09:26
888,7.418165,N/A,N/A,5.00e-05,13128.15,10924032,N/A,2025-07-26 16:09:27
889,6.633666,N/A,N/A,5.00e-05,13247.73,10936320,N/A,2025-07-26 16:09:28
890,7.217036,N/A,N/A,5.00e-05,13118.16,10948608,1.0000,2025-07-26 16:09:29
891,3.920726,N/A,N/A,5.00e-05,13201.63,10960896,N/A,2025-07-26 16:09:30
892,5.363148,N/A,N/A,5.00e-05,13233.19,10973184,N/A,2025-07-26 16:09:32
893,6.140936,N/A,N/A,5.00e-05,13273.31,10985472,N/A,2025-07-26 16:09:33
894,5.688974,N/A,N/A,5.00e-05,13263.25,10997760,N/A,2025-07-26 16:09:34
895,5.864621,N/A,N/A,5.00e-05,13244.93,11010048,N/A,2025-07-26 16:09:35
896,5.520203,N/A,N/A,5.00e-05,13263.27,11022336,N/A,2025-07-26 16:09:36
897,5.945012,N/A,N/A,5.00e-05,13259.50,11034624,N/A,2025-07-26 16:09:37
898,7.284701,N/A,N/A,5.00e-05,13324.01,11046912,N/A,2025-07-26 16:09:38
899,6.586062,N/A,N/A,5.00e-05,13364.05,11059200,N/A,2025-07-26 16:09:39
900,6.932211,N/A,N/A,5.00e-05,13212.03,11071488,1.0000,2025-07-26 16:09:40
901,7.236282,N/A,N/A,5.00e-05,8437.31,11083776,N/A,2025-07-26 16:09:46
902,6.713749,N/A,N/A,5.00e-05,8433.50,11096064,N/A,2025-07-26 16:09:47
903,5.541090,N/A,N/A,5.00e-05,8427.61,11108352,N/A,2025-07-26 16:09:48
904,6.128998,N/A,N/A,5.00e-05,8410.44,11120640,N/A,2025-07-26 16:09:49
905,7.330591,N/A,N/A,5.00e-05,8407.56,11132928,N/A,2025-07-26 16:09:50
906,5.269943,N/A,N/A,5.00e-05,8395.76,11145216,N/A,2025-07-26 16:09:51
907,5.987922,N/A,N/A,5.00e-05,8397.61,11157504,N/A,2025-07-26 16:09:52
908,5.367651,N/A,N/A,5.00e-05,8433.23,11169792,N/A,2025-07-26 16:09:53
909,6.971642,N/A,N/A,5.00e-05,8487.25,11182080,N/A,2025-07-26 16:09:54
910,7.762806,N/A,N/A,5.00e-05,13124.91,11194368,1.0000,2025-07-26 16:09:55
911,5.640618,N/A,N/A,5.00e-05,13150.70,11206656,N/A,2025-07-26 16:09:56
912,6.106320,N/A,N/A,5.00e-05,13162.77,11218944,N/A,2025-07-26 16:09:57
913,7.143001,N/A,N/A,5.00e-05,13203.02,11231232,N/A,2025-07-26 16:09:58
914,6.776484,N/A,N/A,5.00e-05,13186.24,11243520,N/A,2025-07-26 16:09:59
915,5.543940,N/A,N/A,5.00e-05,13192.35,11255808,N/A,2025-07-26 16:10:01
916,5.192371,N/A,N/A,5.00e-05,13184.36,11268096,N/A,2025-07-26 16:10:02
917,6.296035,N/A,N/A,5.00e-05,13037.71,11280384,N/A,2025-07-26 16:10:03
918,6.875323,N/A,N/A,5.00e-05,13053.66,11292672,N/A,2025-07-26 16:10:04
919,7.339717,N/A,N/A,5.00e-05,13301.48,11304960,N/A,2025-07-26 16:10:05
920,7.693775,N/A,N/A,5.00e-05,13020.67,11317248,1.0000,2025-07-26 16:10:06
921,8.040432,N/A,N/A,5.00e-05,13038.82,11329536,N/A,2025-07-26 16:10:07
922,6.413798,N/A,N/A,5.00e-05,13046.77,11341824,N/A,2025-07-26 16:10:08
923,7.175777,N/A,N/A,5.00e-05,12971.05,11354112,N/A,2025-07-26 16:10:09
924,5.852144,N/A,N/A,5.00e-05,13014.21,11366400,N/A,2025-07-26 16:10:10
925,5.371204,N/A,N/A,5.00e-05,13016.85,11378688,N/A,2025-07-26 16:10:11
926,6.498882,N/A,N/A,5.00e-05,13115.44,11390976,N/A,2025-07-26 16:10:12
927,8.010936,N/A,N/A,5.00e-05,13067.03,11403264,N/A,2025-07-26 16:10:13
928,4.980811,N/A,N/A,5.00e-05,13024.83,11415552,N/A,2025-07-26 16:10:14
929,4.990713,N/A,N/A,5.00e-05,13274.41,11427840,N/A,2025-07-26 16:10:15
930,5.907415,N/A,N/A,5.00e-05,13149.68,11440128,0.7046,2025-07-26 16:10:16
931,6.919641,N/A,N/A,5.00e-05,13175.91,11452416,N/A,2025-07-26 16:10:17
932,5.062313,N/A,N/A,5.00e-05,13207.43,11464704,N/A,2025-07-26 16:10:18
933,6.206204,N/A,N/A,5.00e-05,13191.55,11476992,N/A,2025-07-26 16:10:19
934,4.573837,N/A,N/A,5.00e-05,13200.56,11489280,N/A,2025-07-26 16:10:20
935,4.757227,N/A,N/A,5.00e-05,13251.11,11501568,N/A,2025-07-26 16:10:21
936,5.223947,N/A,N/A,5.00e-05,13305.02,11513856,N/A,2025-07-26 16:10:22
937,7.066361,N/A,N/A,5.00e-05,13361.35,11526144,N/A,2025-07-26 16:10:23
938,6.415944,N/A,N/A,5.00e-05,13386.42,11538432,N/A,2025-07-26 16:10:24
939,7.272029,N/A,N/A,5.00e-05,13509.94,11550720,N/A,2025-07-26 16:10:25
940,7.021518,N/A,N/A,5.00e-05,13354.84,11563008,1.0000,2025-07-26 16:10:26
941,6.322853,N/A,N/A,5.00e-05,13382.53,11575296,N/A,2025-07-26 16:10:27
942,5.288245,N/A,N/A,5.00e-05,13391.88,11587584,N/A,2025-07-26 16:10:28
943,6.331651,N/A,N/A,5.00e-05,13406.69,11599872,N/A,2025-07-26 16:10:29
944,6.670231,N/A,N/A,5.00e-05,13421.72,11612160,N/A,2025-07-26 16:10:30
945,6.821427,N/A,N/A,5.00e-05,13404.00,11624448,N/A,2025-07-26 16:10:31
946,6.410566,N/A,N/A,5.00e-05,13407.30,11636736,N/A,2025-07-26 16:10:32
947,8.368723,N/A,N/A,5.00e-05,13361.00,11649024,N/A,2025-07-26 16:10:34
948,6.088659,N/A,N/A,5.00e-05,13351.95,11661312,N/A,2025-07-26 16:10:35
949,6.526127,N/A,N/A,5.00e-05,13390.06,11673600,N/A,2025-07-26 16:10:36
950,5.520578,N/A,N/A,5.00e-05,13268.89,11685888,0.9823,2025-07-26 16:10:37
951,6.202099,N/A,N/A,5.00e-05,13257.80,11698176,N/A,2025-07-26 16:10:38
952,5.325815,N/A,N/A,5.00e-05,13239.08,11710464,N/A,2025-07-26 16:10:39
953,6.191267,N/A,N/A,5.00e-05,13221.03,11722752,N/A,2025-07-26 16:10:40
954,4.621225,N/A,N/A,5.00e-05,13221.46,11735040,N/A,2025-07-26 16:10:41
955,4.641091,N/A,N/A,5.00e-05,13107.90,11747328,N/A,2025-07-26 16:10:42
956,5.743749,N/A,N/A,5.00e-05,13160.95,11759616,N/A,2025-07-26 16:10:43
957,5.341439,N/A,N/A,5.00e-05,13174.53,11771904,N/A,2025-07-26 16:10:44
958,7.248674,N/A,N/A,5.00e-05,13203.67,11784192,N/A,2025-07-26 16:10:45
959,5.811456,N/A,N/A,5.00e-05,13347.11,11796480,N/A,2025-07-26 16:10:46
960,6.477558,N/A,N/A,5.00e-05,13119.39,11808768,1.0000,2025-07-26 16:10:47
961,5.860057,N/A,N/A,5.00e-05,13115.25,11821056,N/A,2025-07-26 16:10:48
962,5.448656,N/A,N/A,5.00e-05,13085.73,11833344,N/A,2025-07-26 16:10:49
963,4.904530,N/A,N/A,5.00e-05,13032.02,11845632,N/A,2025-07-26 16:10:50
964,6.024134,N/A,N/A,5.00e-05,13058.86,11857920,N/A,2025-07-26 16:10:51
965,5.843166,N/A,N/A,5.00e-05,13035.34,11870208,N/A,2025-07-26 16:10:52
966,6.807063,N/A,N/A,5.00e-05,12996.33,11882496,N/A,2025-07-26 16:10:53
967,5.883171,N/A,N/A,5.00e-05,13049.12,11894784,N/A,2025-07-26 16:10:54
968,5.998716,N/A,N/A,5.00e-05,13056.19,11907072,N/A,2025-07-26 16:10:55
969,6.377392,N/A,N/A,5.00e-05,13293.83,11919360,N/A,2025-07-26 16:10:56
970,5.810399,N/A,N/A,5.00e-05,13164.15,11931648,0.9846,2025-07-26 16:10:57
971,6.572608,N/A,N/A,5.00e-05,13178.06,11943936,N/A,2025-07-26 16:10:58
972,7.426106,N/A,N/A,5.00e-05,13128.08,11956224,N/A,2025-07-26 16:11:00
973,5.798216,N/A,N/A,5.00e-05,13207.79,11968512,N/A,2025-07-26 16:11:01
974,6.592082,N/A,N/A,5.00e-05,13139.39,11980800,N/A,2025-07-26 16:11:02
975,5.850008,N/A,N/A,5.00e-05,13156.07,11993088,N/A,2025-07-26 16:11:03
976,4.912857,N/A,N/A,5.00e-05,13154.37,12005376,N/A,2025-07-26 16:11:04
977,4.974087,N/A,N/A,5.00e-05,13096.25,12017664,N/A,2025-07-26 16:11:05
978,5.802569,N/A,N/A,5.00e-05,13054.52,12029952,N/A,2025-07-26 16:11:06
979,4.229383,N/A,N/A,5.00e-05,13198.46,12042240,N/A,2025-07-26 16:11:07
980,6.304127,N/A,N/A,5.00e-05,12999.36,12054528,0.7753,2025-07-26 16:11:08
981,7.767379,N/A,N/A,5.00e-05,13083.51,12066816,N/A,2025-07-26 16:11:09
982,6.321215,N/A,N/A,5.00e-05,13110.66,12079104,N/A,2025-07-26 16:11:10
983,5.784549,N/A,N/A,5.00e-05,13187.52,12091392,N/A,2025-07-26 16:11:11
984,6.562687,N/A,N/A,5.00e-05,13210.96,12103680,N/A,2025-07-26 16:11:12
985,5.281839,N/A,N/A,5.00e-05,13202.61,12115968,N/A,2025-07-26 16:11:13
986,6.796965,N/A,N/A,5.00e-05,13180.82,12128256,N/A,2025-07-26 16:11:14
987,6.371788,N/A,N/A,5.00e-05,13151.85,12140544,N/A,2025-07-26 16:11:15
988,4.393192,N/A,N/A,5.00e-05,13088.27,12152832,N/A,2025-07-26 16:11:16
989,6.391758,N/A,N/A,5.00e-05,13312.19,12165120,N/A,2025-07-26 16:11:17
990,6.475488,N/A,N/A,5.00e-05,13181.17,12177408,1.0000,2025-07-26 16:11:18
991,5.684574,N/A,N/A,5.00e-05,13161.12,12189696,N/A,2025-07-26 16:11:19
992,7.412419,N/A,N/A,5.00e-05,13126.20,12201984,N/A,2025-07-26 16:11:20
993,6.729630,N/A,N/A,5.00e-05,13076.78,12214272,N/A,2025-07-26 16:11:21
994,5.883191,N/A,N/A,5.00e-05,13016.93,12226560,N/A,2025-07-26 16:11:22
995,7.167089,N/A,N/A,5.00e-05,13100.71,12238848,N/A,2025-07-26 16:11:23
996,5.550874,N/A,N/A,5.00e-05,13173.01,12251136,N/A,2025-07-26 16:11:24
997,4.713226,N/A,N/A,5.00e-05,13238.15,12263424,N/A,2025-07-26 16:11:25
998,7.123614,N/A,N/A,5.00e-05,13252.98,12275712,N/A,2025-07-26 16:11:26
999,6.127707,N/A,N/A,5.00e-05,13398.35,12288000,N/A,2025-07-26 16:11:27
1000,6.653090,5.892282,439.707855,5.00e-05,3555.32,12300288,N/A,2025-07-26 16:11:54
1001,7.193759,5.892282,439.707855,5.00e-05,2812.61,12312576,N/A,2025-07-26 16:12:04
1002,5.528955,5.892282,439.707855,5.00e-05,2813.69,12324864,N/A,2025-07-26 16:12:05
1003,5.732324,5.892282,439.707855,5.00e-05,2810.01,12337152,N/A,2025-07-26 16:12:06
1004,7.061960,5.892282,439.707855,5.00e-05,2811.03,12349440,N/A,2025-07-26 16:12:07
1005,5.570942,5.892282,439.707855,5.00e-05,2809.53,12361728,N/A,2025-07-26 16:12:08
1006,6.735557,5.892282,439.707855,5.00e-05,2806.61,12374016,N/A,2025-07-26 16:12:09
1007,6.408018,5.892282,439.707855,5.00e-05,2804.28,12386304,N/A,2025-07-26 16:12:10
1008,5.093406,5.892282,439.707855,5.00e-05,2804.50,12398592,N/A,2025-07-26 16:12:11
1009,5.467915,5.892282,439.707855,5.00e-05,6668.54,12410880,N/A,2025-07-26 16:12:12
1010,5.943943,5.892282,439.707855,5.00e-05,13071.64,12423168,0.9140,2025-07-26 16:12:13
1011,6.826306,5.892282,439.707855,5.00e-05,12142.72,12435456,N/A,2025-07-26 16:12:15
1012,6.017604,5.892282,439.707855,5.00e-05,12248.30,12447744,N/A,2025-07-26 16:12:16
1013,7.255129,5.892282,439.707855,5.00e-05,12117.18,12460032,N/A,2025-07-26 16:12:17
1014,7.565843,5.892282,439.707855,5.00e-05,12048.66,12472320,N/A,2025-07-26 16:12:18
1015,6.004992,5.892282,439.707855,5.00e-05,11982.04,12484608,N/A,2025-07-26 16:12:19
1016,4.914779,5.892282,439.707855,5.00e-05,11988.42,12496896,N/A,2025-07-26 16:12:20
1017,6.289602,5.892282,439.707855,5.00e-05,11996.02,12509184,N/A,2025-07-26 16:12:21
1018,4.077307,5.892282,439.707855,5.00e-05,12025.51,12521472,N/A,2025-07-26 16:12:22
1019,6.116120,5.892282,439.707855,5.00e-05,12192.26,12533760,N/A,2025-07-26 16:12:23
1020,6.472434,5.892282,439.707855,5.00e-05,13043.54,12546048,0.9778,2025-07-26 16:12:25
1021,6.061818,5.892282,439.707855,5.00e-05,13030.22,12558336,N/A,2025-07-26 16:12:26
1022,6.530639,5.892282,439.707855,5.00e-05,13119.82,12570624,N/A,2025-07-26 16:12:27
1023,5.663979,5.892282,439.707855,5.00e-05,13134.25,12582912,N/A,2025-07-26 16:12:28
1024,6.136428,5.892282,439.707855,5.00e-05,13265.56,12595200,N/A,2025-07-26 16:12:29
1025,5.052283,5.892282,439.707855,5.00e-05,13203.85,12607488,N/A,2025-07-26 16:12:30
1026,5.748859,5.892282,439.707855,5.00e-05,13140.54,12619776,N/A,2025-07-26 16:12:31
1027,7.418827,5.892282,439.707855,5.00e-05,13122.44,12632064,N/A,2025-07-26 16:12:32
1028,6.126862,5.892282,439.707855,5.00e-05,13102.28,12644352,N/A,2025-07-26 16:12:33
1029,7.402925,5.892282,439.707855,5.00e-05,13230.97,12656640,N/A,2025-07-26 16:12:34
1030,6.054149,5.892282,439.707855,5.00e-05,13132.29,12668928,1.0000,2025-07-26 16:12:35
1031,5.888503,5.892282,439.707855,5.00e-05,13192.46,12681216,N/A,2025-07-26 16:12:36
1032,6.670831,5.892282,439.707855,5.00e-05,13309.04,12693504,N/A,2025-07-26 16:12:37
1033,5.882177,5.892282,439.707855,5.00e-05,13210.53,12705792,N/A,2025-07-26 16:12:38
1034,6.640632,5.892282,439.707855,5.00e-05,13247.79,12718080,N/A,2025-07-26 16:12:39
1035,7.113298,5.892282,439.707855,5.00e-05,13316.12,12730368,N/A,2025-07-26 16:12:40
1036,5.482193,5.892282,439.707855,5.00e-05,13233.06,12742656,N/A,2025-07-26 16:12:41
1037,7.339653,5.892282,439.707855,5.00e-05,13124.94,12754944,N/A,2025-07-26 16:12:42
1038,5.406886,5.892282,439.707855,5.00e-05,13100.78,12767232,N/A,2025-07-26 16:12:43
1039,7.354589,5.892282,439.707855,5.00e-05,13220.13,12779520,N/A,2025-07-26 16:12:44
1040,5.774726,5.892282,439.707855,5.00e-05,13061.18,12791808,1.0000,2025-07-26 16:12:45
1041,5.953624,5.892282,439.707855,5.00e-05,13029.66,12804096,N/A,2025-07-26 16:12:46
1042,5.615380,5.892282,439.707855,5.00e-05,13132.30,12816384,N/A,2025-07-26 16:12:47
1043,5.806231,5.892282,439.707855,5.00e-05,13215.03,12828672,N/A,2025-07-26 16:12:48
1044,6.509032,5.892282,439.707855,5.00e-05,13206.06,12840960,N/A,2025-07-26 16:12:49
1045,6.346570,5.892282,439.707855,5.00e-05,13283.47,12853248,N/A,2025-07-26 16:12:50
1046,5.771919,5.892282,439.707855,5.00e-05,13374.34,12865536,N/A,2025-07-26 16:12:51
1047,4.400586,5.892282,439.707855,5.00e-05,13382.81,12877824,N/A,2025-07-26 16:12:52
1048,6.018364,5.892282,439.707855,5.00e-05,13332.49,12890112,N/A,2025-07-26 16:12:53
1049,5.310529,5.892282,439.707855,5.00e-05,13427.30,12902400,N/A,2025-07-26 16:12:55
1050,6.235688,5.892282,439.707855,5.00e-05,13238.51,12914688,0.9860,2025-07-26 16:12:56
1051,6.313677,5.892282,439.707855,5.00e-05,13243.83,12926976,N/A,2025-07-26 16:12:57
1052,7.247110,5.892282,439.707855,5.00e-05,13233.80,12939264,N/A,2025-07-26 16:12:58
1053,7.606723,5.892282,439.707855,5.00e-05,13238.12,12951552,N/A,2025-07-26 16:12:59
1054,5.254580,5.892282,439.707855,5.00e-05,13233.50,12963840,N/A,2025-07-26 16:13:00
1055,6.264163,5.892282,439.707855,5.00e-05,13242.39,12976128,N/A,2025-07-26 16:13:01
1056,5.727536,5.892282,439.707855,5.00e-05,13215.05,12988416,N/A,2025-07-26 16:13:02
1057,4.251142,5.892282,439.707855,5.00e-05,13182.53,13000704,N/A,2025-07-26 16:13:03
1058,6.433476,5.892282,439.707855,5.00e-05,13207.93,13012992,N/A,2025-07-26 16:13:04
1059,5.730831,5.892282,439.707855,5.00e-05,13396.18,13025280,N/A,2025-07-26 16:13:05
1060,5.753865,5.892282,439.707855,5.00e-05,13102.44,13037568,0.9735,2025-07-26 16:13:06
1061,7.540560,5.892282,439.707855,5.00e-05,12993.14,13049856,N/A,2025-07-26 16:13:07
1062,5.715144,5.892282,439.707855,5.00e-05,12841.44,13062144,N/A,2025-07-26 16:13:08
1063,6.364840,5.892282,439.707855,5.00e-05,12841.97,13074432,N/A,2025-07-26 16:13:09
1064,5.060970,5.892282,439.707855,5.00e-05,12847.18,13086720,N/A,2025-07-26 16:13:10
1065,4.114864,5.892282,439.707855,5.00e-05,12810.31,13099008,N/A,2025-07-26 16:13:11
1066,4.974848,5.892282,439.707855,5.00e-05,12904.87,13111296,N/A,2025-07-26 16:13:12
1067,3.868590,5.892282,439.707855,5.00e-05,12861.72,13123584,N/A,2025-07-26 16:13:13
1068,5.844905,5.892282,439.707855,5.00e-05,12876.03,13135872,N/A,2025-07-26 16:13:14
1069,5.770198,5.892282,439.707855,5.00e-05,13149.89,13148160,N/A,2025-07-26 16:13:15
1070,4.837101,5.892282,439.707855,5.00e-05,13122.35,13160448,0.9497,2025-07-26 16:13:16
1071,6.048387,5.892282,439.707855,5.00e-05,13269.94,13172736,N/A,2025-07-26 16:13:17
1072,6.198853,5.892282,439.707855,5.00e-05,13206.37,13185024,N/A,2025-07-26 16:13:19
1073,5.148517,5.892282,439.707855,5.00e-05,13215.59,13197312,N/A,2025-07-26 16:13:20
1074,7.725968,5.892282,439.707855,5.00e-05,13220.37,13209600,N/A,2025-07-26 16:13:21
1075,7.721831,5.892282,439.707855,5.00e-05,13220.63,13221888,N/A,2025-07-26 16:13:22
1076,5.899580,5.892282,439.707855,5.00e-05,13222.22,13234176,N/A,2025-07-26 16:13:23
1077,5.716622,5.892282,439.707855,5.00e-05,13152.54,13246464,N/A,2025-07-26 16:13:24
1078,5.219657,5.892282,439.707855,5.00e-05,13176.93,13258752,N/A,2025-07-26 16:13:25
1079,7.636623,5.892282,439.707855,5.00e-05,13252.50,13271040,N/A,2025-07-26 16:13:26
1080,6.809449,5.892282,439.707855,5.00e-05,13030.03,13283328,1.0000,2025-07-26 16:13:27
1081,6.542112,5.892282,439.707855,5.00e-05,13114.36,13295616,N/A,2025-07-26 16:13:28
1082,6.223796,5.892282,439.707855,5.00e-05,13137.66,13307904,N/A,2025-07-26 16:13:29
1083,6.283612,5.892282,439.707855,5.00e-05,13170.92,13320192,N/A,2025-07-26 16:13:30
1084,6.281094,5.892282,439.707855,5.00e-05,13168.19,13332480,N/A,2025-07-26 16:13:31
1085,6.715489,5.892282,439.707855,5.00e-05,13255.07,13344768,N/A,2025-07-26 16:13:32
1086,6.173042,5.892282,439.707855,5.00e-05,13190.31,13357056,N/A,2025-07-26 16:13:33
1087,6.188432,5.892282,439.707855,5.00e-05,13184.38,13369344,N/A,2025-07-26 16:13:34
1088,6.133189,5.892282,439.707855,5.00e-05,13255.99,13381632,N/A,2025-07-26 16:13:35
1089,7.237780,5.892282,439.707855,5.00e-05,13513.22,13393920,N/A,2025-07-26 16:13:36
1090,6.694162,5.892282,439.707855,5.00e-05,13330.73,13406208,1.0000,2025-07-26 16:13:37
1091,5.704374,5.892282,439.707855,5.00e-05,13321.49,13418496,N/A,2025-07-26 16:13:38
1092,5.389725,5.892282,439.707855,5.00e-05,13350.14,13430784,N/A,2025-07-26 16:13:39
1093,6.809634,5.892282,439.707855,5.00e-05,13281.18,13443072,N/A,2025-07-26 16:13:40
1094,5.530200,5.892282,439.707855,5.00e-05,13282.44,13455360,N/A,2025-07-26 16:13:41
1095,5.905143,5.892282,439.707855,5.00e-05,13415.44,13467648,N/A,2025-07-26 16:13:42
1096,5.634917,5.892282,439.707855,5.00e-05,13253.96,13479936,N/A,2025-07-26 16:13:43
1097,7.351117,5.892282,439.707855,5.00e-05,13149.74,13492224,N/A,2025-07-26 16:13:44
1098,5.570120,5.892282,439.707855,5.00e-05,13076.45,13504512,N/A,2025-07-26 16:13:45
1099,5.752203,5.892282,439.707855,5.00e-05,13232.67,13516800,N/A,2025-07-26 16:13:46
1100,4.630881,5.892282,439.707855,5.00e-05,13061.86,13529088,0.9352,2025-07-26 16:13:48
1101,6.487044,5.892282,439.707855,5.00e-05,8580.38,13541376,N/A,2025-07-26 16:13:53
1102,6.827160,5.892282,439.707855,5.00e-05,8590.89,13553664,N/A,2025-07-26 16:13:55
1103,5.583470,5.892282,439.707855,5.00e-05,8561.40,13565952,N/A,2025-07-26 16:13:56
1104,4.470899,5.892282,439.707855,5.00e-05,8563.82,13578240,N/A,2025-07-26 16:13:57
1105,6.404079,5.892282,439.707855,5.00e-05,8624.94,13590528,N/A,2025-07-26 16:13:58
1106,6.662950,5.892282,439.707855,5.00e-05,8634.82,13602816,N/A,2025-07-26 16:13:59
1107,6.078107,5.892282,439.707855,5.00e-05,8643.54,13615104,N/A,2025-07-26 16:14:00
1108,5.381244,5.892282,439.707855,5.00e-05,8648.51,13627392,N/A,2025-07-26 16:14:01
1109,4.909243,5.892282,439.707855,5.00e-05,8698.46,13639680,N/A,2025-07-26 16:14:02
1110,6.192873,5.892282,439.707855,5.00e-05,13025.36,13651968,0.9548,2025-07-26 16:14:03
1111,6.696603,5.892282,439.707855,5.00e-05,12929.10,13664256,N/A,2025-07-26 16:14:04
1112,6.852789,5.892282,439.707855,5.00e-05,12927.01,13676544,N/A,2025-07-26 16:14:05
1113,6.352870,5.892282,439.707855,5.00e-05,12933.28,13688832,N/A,2025-07-26 16:14:06
1114,5.374519,5.892282,439.707855,5.00e-05,12955.85,13701120,N/A,2025-07-26 16:14:07
1115,5.910599,5.892282,439.707855,5.00e-05,13030.62,13713408,N/A,2025-07-26 16:14:08
1116,7.288667,5.892282,439.707855,5.00e-05,13073.08,13725696,N/A,2025-07-26 16:14:09
1117,5.619635,5.892282,439.707855,5.00e-05,12953.24,13737984,N/A,2025-07-26 16:14:10
1118,6.833126,5.892282,439.707855,5.00e-05,13002.68,13750272,N/A,2025-07-26 16:14:11
1119,7.424888,5.892282,439.707855,5.00e-05,13244.51,13762560,N/A,2025-07-26 16:14:12
1120,5.373523,5.892282,439.707855,5.00e-05,13267.99,13774848,1.0000,2025-07-26 16:14:13
1121,4.226409,5.892282,439.707855,5.00e-05,13191.90,13787136,N/A,2025-07-26 16:14:14
1122,6.384902,5.892282,439.707855,5.00e-05,13176.70,13799424,N/A,2025-07-26 16:14:15
1123,6.002179,5.892282,439.707855,5.00e-05,13135.48,13811712,N/A,2025-07-26 16:14:16
1124,6.081857,5.892282,439.707855,5.00e-05,13117.50,13824000,N/A,2025-07-26 16:14:17
1125,6.857733,5.892282,439.707855,5.00e-05,13116.70,13836288,N/A,2025-07-26 16:14:18
1126,6.208375,5.892282,439.707855,5.00e-05,13216.14,13848576,N/A,2025-07-26 16:14:19
1127,6.382447,5.892282,439.707855,5.00e-05,13214.48,13860864,N/A,2025-07-26 16:14:20
1128,6.822875,5.892282,439.707855,5.00e-05,13259.29,13873152,N/A,2025-07-26 16:14:21
1129,4.906518,5.892282,439.707855,5.00e-05,13408.33,13885440,N/A,2025-07-26 16:14:22
1130,6.174333,5.892282,439.707855,5.00e-05,13377.72,13897728,0.8045,2025-07-26 16:14:24
1131,7.684119,5.892282,439.707855,5.00e-05,13309.58,13910016,N/A,2025-07-26 16:14:25
1132,5.818199,5.892282,439.707855,5.00e-05,13316.27,13922304,N/A,2025-07-26 16:14:26
1133,6.463144,5.892282,439.707855,5.00e-05,13253.95,13934592,N/A,2025-07-26 16:14:27
1134,4.625466,5.892282,439.707855,5.00e-05,13150.92,13946880,N/A,2025-07-26 16:14:28
1135,5.022775,5.892282,439.707855,5.00e-05,13186.35,13959168,N/A,2025-07-26 16:14:29
1136,5.567239,5.892282,439.707855,5.00e-05,13194.46,13971456,N/A,2025-07-26 16:14:30
1137,6.517805,5.892282,439.707855,5.00e-05,13213.14,13983744,N/A,2025-07-26 16:14:31
1138,5.606715,5.892282,439.707855,5.00e-05,13213.03,13996032,N/A,2025-07-26 16:14:32
1139,5.277994,5.892282,439.707855,5.00e-05,13371.65,14008320,N/A,2025-07-26 16:14:33
1140,5.300434,5.892282,439.707855,5.00e-05,13318.32,14020608,0.9952,2025-07-26 16:14:34
1141,5.571487,5.892282,439.707855,5.00e-05,13339.60,14032896,N/A,2025-07-26 16:14:35
1142,5.095155,5.892282,439.707855,5.00e-05,13301.44,14045184,N/A,2025-07-26 16:14:36
1143,7.286963,5.892282,439.707855,5.00e-05,13184.94,14057472,N/A,2025-07-26 16:14:37
1144,6.234426,5.892282,439.707855,5.00e-05,13142.59,14069760,N/A,2025-07-26 16:14:38
1145,6.953201,5.892282,439.707855,5.00e-05,13115.51,14082048,N/A,2025-07-26 16:14:39
1146,6.709733,5.892282,439.707855,5.00e-05,13036.13,14094336,N/A,2025-07-26 16:14:40
1147,4.995758,5.892282,439.707855,5.00e-05,12982.89,14106624,N/A,2025-07-26 16:14:41
1148,5.568254,5.892282,439.707855,5.00e-05,12989.26,14118912,N/A,2025-07-26 16:14:42
1149,5.834857,5.892282,439.707855,5.00e-05,13110.47,14131200,N/A,2025-07-26 16:14:43
1150,6.585402,5.892282,439.707855,5.00e-05,12945.80,14143488,0.9343,2025-07-26 16:14:44
1151,6.047606,5.892282,439.707855,5.00e-05,13012.55,14155776,N/A,2025-07-26 16:14:45
1152,7.386784,5.892282,439.707855,5.00e-05,13090.47,14168064,N/A,2025-07-26 16:14:46
1153,7.377007,5.892282,439.707855,5.00e-05,13109.64,14180352,N/A,2025-07-26 16:14:47
1154,5.360609,5.892282,439.707855,5.00e-05,13120.08,14192640,N/A,2025-07-26 16:14:48
1155,6.748615,5.892282,439.707855,5.00e-05,13090.67,14204928,N/A,2025-07-26 16:14:50
1156,6.325960,5.892282,439.707855,5.00e-05,13002.88,14217216,N/A,2025-07-26 16:14:51
1157,5.900582,5.892282,439.707855,5.00e-05,13010.55,14229504,N/A,2025-07-26 16:14:52
1158,5.783910,5.892282,439.707855,5.00e-05,12981.93,14241792,N/A,2025-07-26 16:14:53
1159,4.732974,5.892282,439.707855,5.00e-05,13028.63,14254080,N/A,2025-07-26 16:14:54
1160,6.219571,5.892282,439.707855,5.00e-05,12905.88,14266368,0.6816,2025-07-26 16:14:55
1161,5.884851,5.892282,439.707855,5.00e-05,13041.90,14278656,N/A,2025-07-26 16:14:56
1162,6.093071,5.892282,439.707855,5.00e-05,13041.38,14290944,N/A,2025-07-26 16:14:57
1163,6.693593,5.892282,439.707855,5.00e-05,13060.50,14303232,N/A,2025-07-26 16:14:58
1164,4.146131,5.892282,439.707855,5.00e-05,13139.03,14315520,N/A,2025-07-26 16:14:59
1165,5.754675,5.892282,439.707855,5.00e-05,13258.73,14327808,N/A,2025-07-26 16:15:00
1166,5.116601,5.892282,439.707855,5.00e-05,13252.70,14340096,N/A,2025-07-26 16:15:01
1167,6.422392,5.892282,439.707855,5.00e-05,13212.13,14352384,N/A,2025-07-26 16:15:02
1168,5.780614,5.892282,439.707855,5.00e-05,13327.26,14364672,N/A,2025-07-26 16:15:03
1169,4.351145,5.892282,439.707855,5.00e-05,13497.66,14376960,N/A,2025-07-26 16:15:04
1170,5.785780,5.892282,439.707855,5.00e-05,13354.78,14389248,0.7435,2025-07-26 16:15:05
1171,5.757925,5.892282,439.707855,5.00e-05,13330.55,14401536,N/A,2025-07-26 16:15:06
1172,6.825039,5.892282,439.707855,5.00e-05,13262.95,14413824,N/A,2025-07-26 16:15:07
1173,5.699126,5.892282,439.707855,5.00e-05,13230.24,14426112,N/A,2025-07-26 16:15:08
1174,6.554829,5.892282,439.707855,5.00e-05,13247.58,14438400,N/A,2025-07-26 16:15:09
1175,5.519696,5.892282,439.707855,5.00e-05,13158.57,14450688,N/A,2025-07-26 16:15:10
1176,5.665289,5.892282,439.707855,5.00e-05,13179.23,14462976,N/A,2025-07-26 16:15:11
1177,6.187283,5.892282,439.707855,5.00e-05,13172.21,14475264,N/A,2025-07-26 16:15:12
1178,5.833321,5.892282,439.707855,5.00e-05,13106.19,14487552,N/A,2025-07-26 16:15:13
1179,6.500752,5.892282,439.707855,5.00e-05,13206.60,14499840,N/A,2025-07-26 16:15:14
1180,6.268937,5.892282,439.707855,5.00e-05,13057.87,14512128,1.0000,2025-07-26 16:15:16
1181,6.714687,5.892282,439.707855,5.00e-05,13091.05,14524416,N/A,2025-07-26 16:15:17
1182,5.521222,5.892282,439.707855,5.00e-05,13141.76,14536704,N/A,2025-07-26 16:15:18
1183,6.333649,5.892282,439.707855,5.00e-05,13095.44,14548992,N/A,2025-07-26 16:15:19
1184,6.219728,5.892282,439.707855,5.00e-05,13177.17,14561280,N/A,2025-07-26 16:15:20
1185,5.764731,5.892282,439.707855,5.00e-05,13103.68,14573568,N/A,2025-07-26 16:15:21
1186,5.684353,5.892282,439.707855,5.00e-05,13098.81,14585856,N/A,2025-07-26 16:15:22
1187,5.281796,5.892282,439.707855,5.00e-05,13158.60,14598144,N/A,2025-07-26 16:15:23
1188,7.286880,5.892282,439.707855,5.00e-05,13176.42,14610432,N/A,2025-07-26 16:15:24
1189,6.537080,5.892282,439.707855,5.00e-05,13308.34,14622720,N/A,2025-07-26 16:15:25
1190,4.971201,5.892282,439.707855,5.00e-05,13137.89,14635008,1.0000,2025-07-26 16:15:26
1191,5.431105,5.892282,439.707855,5.00e-05,13141.29,14647296,N/A,2025-07-26 16:15:27
1192,5.819582,5.892282,439.707855,5.00e-05,13087.43,14659584,N/A,2025-07-26 16:15:28
1193,6.328462,5.892282,439.707855,5.00e-05,13051.35,14671872,N/A,2025-07-26 16:15:29
1194,6.330535,5.892282,439.707855,5.00e-05,13126.36,14684160,N/A,2025-07-26 16:15:30
1195,4.984053,5.892282,439.707855,5.00e-05,13097.09,14696448,N/A,2025-07-26 16:15:31
1196,5.601565,5.892282,439.707855,5.00e-05,13086.96,14708736,N/A,2025-07-26 16:15:32
1197,6.159024,5.892282,439.707855,5.00e-05,13097.11,14721024,N/A,2025-07-26 16:15:33
1198,5.468635,5.892282,439.707855,5.00e-05,13110.44,14733312,N/A,2025-07-26 16:15:34
1199,5.331853,5.892282,439.707855,5.00e-05,13293.97,14745600,N/A,2025-07-26 16:15:35
1200,4.449671,5.892282,439.707855,5.00e-05,13093.77,14757888,0.8382,2025-07-26 16:15:36
1201,7.164347,5.979350,481.815521,5.00e-05,6428.45,14757894.67,14770176,N/A,2025-07-26 17:04:36
1202,4.674989,5.979350,481.815521,5.00e-05,6459.50,14757894.7,14782464,N/A,2025-07-26 17:04:37
1203,5.094820,5.979350,481.815521,5.00e-05,6473.52,14757894.72,14794752,N/A,2025-07-26 17:04:38
1204,5.929301,5.979350,481.815521,5.00e-05,6488.84,14757894.73,14807040,N/A,2025-07-26 17:04:40
1205,6.480036,5.979350,481.815521,5.00e-05,6491.74,14757894.74,14819328,N/A,2025-07-26 17:04:41
1206,6.482801,5.979350,481.815521,5.00e-05,6498.15,14757894.74,14831616,N/A,2025-07-26 17:04:42
1207,6.900741,5.979350,481.815521,5.00e-05,6483.27,29515789.47,14843904,N/A,2025-07-26 17:04:43
1208,4.949211,5.979350,481.815521,5.00e-05,6489.69,29515789.47,14856192,N/A,2025-07-26 17:04:45
1209,7.184927,5.979350,481.815521,5.00e-05,6506.13,29515789.49,14868480,N/A,2025-07-26 17:04:46
1210,5.519127,5.979350,481.815521,5.00e-05,10976.66,29515794.13,14880768,1.0000,2025-07-26 17:04:47
1211,6.462859,5.979350,481.815521,5.00e-05,10955.08,59031588.24,14893056,N/A,2025-07-26 17:04:48
1212,6.538572,5.979350,481.815521,5.00e-05,10950.99,118063176.47,14905344,N/A,2025-07-26 17:04:50
1213,5.325169,5.979350,481.815521,5.00e-05,10972.73,118063176.5,14917632,N/A,2025-07-26 17:04:51
1214,5.456283,5.979350,481.815521,5.00e-05,10970.84,236126352.99,14929920,N/A,2025-07-26 17:04:52
1215,7.216503,5.979350,481.815521,5.00e-05,10935.35,472252705.95,14942208,N/A,2025-07-26 17:04:53
1216,6.986495,5.979350,481.815521,5.00e-05,11012.01,472252706.03,14954496,N/A,2025-07-26 17:04:55
1217,7.245509,5.979350,481.815521,5.00e-05,11001.24,944505412.05,14966784,N/A,2025-07-26 17:04:56
1218,6.548475,5.979350,481.815521,5.00e-05,11045.69,944505412.09,14979072,N/A,2025-07-26 17:04:57
1219,5.916352,5.979350,481.815521,5.00e-05,11129.98,944505412.18,14991360,N/A,2025-07-26 17:04:58
1220,6.159230,5.979350,481.815521,5.00e-05,11065.66,1889010824.29,15003648,0.9131,2025-07-26 17:05:00
1221,6.916255,5.979350,481.815521,5.00e-05,11052.62,3778021648.57,15015936,N/A,2025-07-26 17:05:01
1222,4.109651,5.979350,481.815521,5.00e-05,11039.04,7556043297.12,15028224,N/A,2025-07-26 17:05:02
1223,6.523176,5.979350,481.815521,5.00e-05,11001.76,15112086594.210001,15040512,N/A,2025-07-26 17:05:03
1224,5.598443,5.979350,481.815521,5.00e-05,11044.09,15112086594.25,15052800,N/A,2025-07-26 17:05:04
1225,6.954406,5.979350,481.815521,5.00e-05,11027.46,30224173188.48,15065088,N/A,2025-07-26 17:05:06
1226,4.866075,5.979350,481.815521,5.00e-05,11019.90,60448346376.950005,15077376,N/A,2025-07-26 17:05:07
1227,6.498895,5.979350,481.815521,5.00e-05,10975.53,120896692753.860001,15089664,N/A,2025-07-26 17:05:08
1228,6.291080,5.979350,481.815521,5.00e-05,10984.89,120896692753.869995,15101952,N/A,2025-07-26 17:05:09
1229,5.804224,5.979350,481.815521,5.00e-05,11076.85,120896692753.960007,15114240,N/A,2025-07-26 17:05:11
1230,5.850337,5.979350,481.815521,5.00e-05,10987.70,241793385507.829987,15126528,0.8917,2025-07-26 17:05:12
1231,6.233402,5.979350,481.815521,5.00e-05,10955.19,483586771015.630005,15138816,N/A,2025-07-26 17:05:13
1232,6.735866,5.979350,481.815521,5.00e-05,10982.70,483586771015.660034,15151104,N/A,2025-07-26 17:05:14
1233,5.923907,5.979350,481.815521,5.00e-05,10956.88,967173542031.290039,15163392,N/A,2025-07-26 17:05:16
1234,5.318536,5.979350,481.815521,5.00e-05,10928.32,1934347084062.550049,15175680,N/A,2025-07-26 17:05:17
1235,5.604258,5.979350,481.815521,5.00e-05,10950.56,1934347084062.570068,15187968,N/A,2025-07-26 17:05:18
1236,5.162560,5.979350,481.815521,5.00e-05,10983.84,1934347084062.609863,15200256,N/A,2025-07-26 17:05:19
1237,5.363221,5.979350,481.815521,5.00e-05,10979.58,3868694168125.209961,15212544,N/A,2025-07-26 17:05:21
1238,5.429470,5.979350,481.815521,5.00e-05,10985.73,3868694168125.219727,15224832,N/A,2025-07-26 17:05:22
1239,7.459407,5.979350,481.815521,5.00e-05,11066.46,3868694168125.299805,15237120,N/A,2025-07-26 17:05:23
1240,6.274250,5.979350,481.815521,5.00e-05,10987.24,7737388336250.519531,15249408,1.0000,2025-07-26 17:05:24
1241,5.544978,5.979350,481.815521,5.00e-05,10961.95,15474776672501.007812,15261696,N/A,2025-07-26 17:05:26
1242,6.595568,5.979350,481.815521,5.00e-05,10985.31,15474776672501.039062,15273984,N/A,2025-07-26 17:05:27
1243,6.386580,5.979350,481.815521,5.00e-05,11015.27,15474776672501.068359,15286272,N/A,2025-07-26 17:05:28
1244,7.276463,5.979350,481.815521,5.00e-05,10974.81,30949553345002.097656,15298560,N/A,2025-07-26 17:05:29
1245,4.664750,5.979350,481.815521,5.00e-05,10973.42,30949553345002.097656,15310848,N/A,2025-07-26 17:05:31
1246,7.308020,5.979350,481.815521,5.00e-05,10988.38,30949553345002.105469,15323136,N/A,2025-07-26 17:05:32
1247,6.199608,5.979350,481.815521,5.00e-05,10984.44,30949553345002.105469,15335424,N/A,2025-07-26 17:05:33
1248,4.380998,5.979350,481.815521,5.00e-05,11002.21,30949553345002.128906,15347712,N/A,2025-07-26 17:05:34
1249,6.078788,5.979350,481.815521,5.00e-05,11115.24,30949553345002.238281,15360000,N/A,2025-07-26 17:05:35
1250,6.229534,5.979350,481.815521,5.00e-05,11047.64,61899106690004.40625,15372288,0.9545,2025-07-26 17:05:37
1251,7.542981,5.979350,481.815521,5.00e-05,11050.62,61899106690004.414062,15384576,N/A,2025-07-26 17:05:38
1252,6.575559,5.979350,481.815521,5.00e-05,11009.20,123798213380008.78125,15396864,N/A,2025-07-26 17:05:39
1253,5.668015,5.979350,481.815521,5.00e-05,11040.36,123798213380008.8125,15409152,N/A,2025-07-26 17:05:40
1254,7.200669,5.979350,481.815521,5.00e-05,11049.64,123798213380008.828125,15421440,N/A,2025-07-26 17:05:42
1255,6.191719,5.979350,481.815521,5.00e-05,11041.35,247596426760017.65625,15433728,N/A,2025-07-26 17:05:43
1256,7.292531,5.979350,481.815521,5.00e-05,11025.10,495192853520035.3125,15446016,N/A,2025-07-26 17:05:44
1257,7.339986,5.979350,481.815521,5.00e-05,11017.76,990385707040070.625,15458304,N/A,2025-07-26 17:05:45
1258,4.840245,5.979350,481.815521,5.00e-05,11014.18,990385707040070.625,15470592,N/A,2025-07-26 17:05:47
1259,6.101298,5.979350,481.815521,5.00e-05,11117.08,990385707040070.75,15482880,N/A,2025-07-26 17:05:48
1260,6.233226,5.979350,481.815521,5.00e-05,11015.79,1980771414080141.5,15495168,0.8722,2025-07-26 17:05:49
1261,6.320673,5.979350,481.815521,5.00e-05,11063.47,1980771414080141.5,15507456,N/A,2025-07-26 17:05:50
1262,5.450878,5.979350,481.815521,5.00e-05,11055.91,3961542828160283,15519744,N/A,2025-07-26 17:05:52
1263,5.255979,5.979350,481.815521,5.00e-05,11031.13,7923085656320565,15532032,N/A,2025-07-26 17:05:53
1264,6.241856,5.979350,481.815521,5.00e-05,11043.09,7923085656320565,15544320,N/A,2025-07-26 17:05:54
1265,5.522183,5.979350,481.815521,5.00e-05,11064.76,7923085656320565,15556608,N/A,2025-07-26 17:05:55
1266,6.044145,5.979350,481.815521,5.00e-05,11042.55,15846171312641132,15568896,N/A,2025-07-26 17:05:56
1267,6.615666,5.979350,481.815521,5.00e-05,11036.97,31692342625282264,15581184,N/A,2025-07-26 17:05:58
1268,6.907161,5.979350,481.815521,5.00e-05,11047.88,31692342625282264,15593472,N/A,2025-07-26 17:05:59
1269,6.924511,5.979350,481.815521,5.00e-05,11148.75,31692342625282264,15605760,N/A,2025-07-26 17:06:00
1270,6.245665,5.979350,481.815521,5.00e-05,11023.63,63384685250564520,15618048,1.0000,2025-07-26 17:06:01
1271,5.721447,5.979350,481.815521,5.00e-05,11022.01,63384685250564520,15630336,N/A,2025-07-26 17:06:03
1272,6.151421,5.979350,481.815521,5.00e-05,11040.17,63384685250564520,15642624,N/A,2025-07-26 17:06:04
1273,5.036983,5.979350,481.815521,5.00e-05,11020.99,126769370501129040,15654912,N/A,2025-07-26 17:06:05
1274,5.598533,5.979350,481.815521,5.00e-05,10994.42,253538741002258048,15667200,N/A,2025-07-26 17:06:06
1275,6.844125,5.979350,481.815521,5.00e-05,11017.06,253538741002258048,15679488,N/A,2025-07-26 17:06:08
1276,6.700281,5.979350,481.815521,5.00e-05,11027.64,253538741002258048,15691776,N/A,2025-07-26 17:06:09
1277,5.169664,5.979350,481.815521,5.00e-05,11028.79,253538741002258048,15704064,N/A,2025-07-26 17:06:10
1278,5.872866,5.979350,481.815521,5.00e-05,11027.40,253538741002258048,15716352,N/A,2025-07-26 17:06:11
1279,7.259367,5.979350,481.815521,5.00e-05,11139.54,253538741002258048,15728640,N/A,2025-07-26 17:06:13
1280,7.024015,5.979350,481.815521,5.00e-05,11064.18,507077482004516096,15740928,1.0000,2025-07-26 17:06:14
1281,5.868009,5.979350,481.815521,5.00e-05,11070.73,507077482004516096,15753216,N/A,2025-07-26 17:06:15
1282,6.880103,5.979350,481.815521,5.00e-05,11085.53,507077482004516096,15765504,N/A,2025-07-26 17:06:16
1283,3.642963,5.979350,481.815521,5.00e-05,11099.89,507077482004516096,15777792,N/A,2025-07-26 17:06:17
1284,4.815301,5.979350,481.815521,5.00e-05,11101.36,507077482004516096,15790080,N/A,2025-07-26 17:06:19
1285,5.760128,5.979350,481.815521,5.00e-05,11101.64,507077482004516096,15802368,N/A,2025-07-26 17:06:20
1286,5.828869,5.979350,481.815521,5.00e-05,11050.23,1014154964009032192,15814656,N/A,2025-07-26 17:06:21
1287,7.285755,5.979350,481.815521,5.00e-05,11062.57,1014154964009032192,15826944,N/A,2025-07-26 17:06:22
1288,6.062450,5.979350,481.815521,5.00e-05,11082.82,1014154964009032192,15839232,N/A,2025-07-26 17:06:24
1289,5.475570,5.979350,481.815521,5.00e-05,11115.50,1014154964009032192,15851520,N/A,2025-07-26 17:06:25
1290,5.501009,5.979350,481.815521,5.00e-05,11004.36,2028309928018064384,15863808,0.7736,2025-07-26 17:06:26
1291,6.283208,5.979350,481.815521,5.00e-05,10987.65,4056619856036128768,15876096,N/A,2025-07-26 17:06:27
1292,4.243977,5.979350,481.815521,5.00e-05,11007.78,4056619856036128768,15888384,N/A,2025-07-26 17:06:29
1293,6.828485,5.979350,481.815521,5.00e-05,11014.92,4056619856036128768,15900672,N/A,2025-07-26 17:06:30
1294,6.629828,5.979350,481.815521,5.00e-05,11025.63,4056619856036128768,15912960,N/A,2025-07-26 17:06:31
1295,6.244586,5.979350,481.815521,5.00e-05,11065.47,4056619856036128768,15925248,N/A,2025-07-26 17:06:32
1296,6.151486,5.979350,481.815521,5.00e-05,11065.91,4056619856036128768,15937536,N/A,2025-07-26 17:06:33
1297,6.442516,5.979350,481.815521,5.00e-05,11070.05,4056619856036128768,15949824,N/A,2025-07-26 17:06:35
1298,6.866000,5.979350,481.815521,5.00e-05,11128.85,4056619856036128768,15962112,N/A,2025-07-26 17:06:36
1299,7.029672,5.979350,481.815521,5.00e-05,11148.48,4056619856036128768,15974400,N/A,2025-07-26 17:06:37
1300,5.923964,5.979350,481.815521,5.00e-05,11079.77,8113239712072257536,15986688,0.9380,2025-07-26 17:06:39
1301,6.896379,5.979350,481.815521,5.00e-05,7953.33,16226479424144515072,15998976,N/A,2025-07-26 17:06:44
1302,5.782622,5.979350,481.815521,5.00e-05,7951.14,16226479424144515072,16011264,N/A,2025-07-26 17:06:45
1303,6.522659,5.979350,481.815521,5.00e-05,7942.22,32452958848289030144,16023552,N/A,2025-07-26 17:06:47
1304,5.409941,5.979350,481.815521,5.00e-05,7941.43,32452958848289030144,16035840,N/A,2025-07-26 17:06:48
1305,6.661951,5.979350,481.815521,5.00e-05,7940.76,32452958848289030144,16048128,N/A,2025-07-26 17:06:49
1306,5.605292,5.979350,481.815521,5.00e-05,7938.86,32452958848289030144,16060416,N/A,2025-07-26 17:06:50
1307,5.004403,5.979350,481.815521,5.00e-05,7938.22,32452958848289030144,16072704,N/A,2025-07-26 17:06:51
1308,6.211463,5.979350,481.815521,5.00e-05,7967.25,32452958848289030144,16084992,N/A,2025-07-26 17:06:53
1309,5.845347,5.979350,481.815521,5.00e-05,8012.15,32452958848289030144,16097280,N/A,2025-07-26 17:06:54
1310,5.085692,5.979350,481.815521,5.00e-05,11100.27,32452958848289030144,16109568,1.0000,2025-07-26 17:06:55
1311,4.995368,5.979350,481.815521,5.00e-05,11097.38,32452958848289030144,16121856,N/A,2025-07-26 17:06:56
1312,7.738778,5.979350,481.815521,5.00e-05,11096.91,64905917696578060288,16134144,N/A,2025-07-26 17:06:58
1313,5.887496,5.979350,481.815521,5.00e-05,11088.03,64905917696578060288,16146432,N/A,2025-07-26 17:06:59
1314,6.660371,5.979350,481.815521,5.00e-05,11077.29,129811835393156120576,16158720,N/A,2025-07-26 17:07:00
1315,4.727981,5.979350,481.815521,5.00e-05,11004.19,259623670786312241152,16171008,N/A,2025-07-26 17:07:01
1316,4.940670,5.979350,481.815521,5.00e-05,10976.27,519247341572624482304,16183296,N/A,2025-07-26 17:07:03
1317,5.040983,5.979350,481.815521,5.00e-05,11024.41,519247341572624482304,16195584,N/A,2025-07-26 17:07:04
1318,5.664929,5.979350,481.815521,5.00e-05,11009.99,1038494683145248964608,16207872,N/A,2025-07-26 17:07:05
1319,4.941509,5.979350,481.815521,5.00e-05,11087.47,1038494683145248964608,16220160,N/A,2025-07-26 17:07:06
1320,5.777284,5.979350,481.815521,5.00e-05,10996.85,2076989366290497929216,16232448,0.8633,2025-07-26 17:07:08
1321,5.032523,5.979350,481.815521,5.00e-05,11015.61,2076989366290497929216,16244736,N/A,2025-07-26 17:07:09
1322,6.134307,5.979350,481.815521,5.00e-05,11012.93,2076989366290497929216,16257024,N/A,2025-07-26 17:07:10
1323,6.018790,5.979350,481.815521,5.00e-05,11029.27,2076989366290497929216,16269312,N/A,2025-07-26 17:07:11
1324,6.961349,5.979350,481.815521,5.00e-05,11102.68,2076989366290497929216,16281600,N/A,2025-07-26 17:07:12
1325,5.139793,5.979350,481.815521,5.00e-05,11135.09,2076989366290497929216,16293888,N/A,2025-07-26 17:07:14
1326,6.063291,5.979350,481.815521,5.00e-05,11067.38,4153978732580995858432,16306176,N/A,2025-07-26 17:07:15
1327,7.959406,5.979350,481.815521,5.00e-05,11057.58,8307957465161991716864,16318464,N/A,2025-07-26 17:07:16
1328,5.294577,5.979350,481.815521,5.00e-05,11060.05,8307957465161991716864,16330752,N/A,2025-07-26 17:07:17
1329,6.247047,5.979350,481.815521,5.00e-05,11148.68,8307957465161991716864,16343040,N/A,2025-07-26 17:07:19
1330,6.910010,5.979350,481.815521,5.00e-05,11055.14,16615914930323983433728,16355328,1.0000,2025-07-26 17:07:20
1331,5.043015,5.979350,481.815521,5.00e-05,11028.70,33231829860647966867456,16367616,N/A,2025-07-26 17:07:21
1332,6.475178,5.979350,481.815521,5.00e-05,11023.56,33231829860647966867456,16379904,N/A,2025-07-26 17:07:22
1333,7.715679,5.979350,481.815521,5.00e-05,10971.17,66463659721295933734912,16392192,N/A,2025-07-26 17:07:24
1334,5.508916,5.979350,481.815521,5.00e-05,10959.72,132927319442591867469824,16404480,N/A,2025-07-26 17:07:25
1335,6.693317,5.979350,481.815521,5.00e-05,10996.10,132927319442591867469824,16416768,N/A,2025-07-26 17:07:26
1336,4.614754,5.979350,481.815521,5.00e-05,11006.87,132927319442591867469824,16429056,N/A,2025-07-26 17:07:27
1337,5.485600,5.979350,481.815521,5.00e-05,10940.44,265854638885183734939648,16441344,N/A,2025-07-26 17:07:29
1338,6.744665,5.979350,481.815521,5.00e-05,10940.66,265854638885183734939648,16453632,N/A,2025-07-26 17:07:30
1339,6.358660,5.979350,481.815521,5.00e-05,11009.54,265854638885183734939648,16465920,N/A,2025-07-26 17:07:31
1340,6.537944,5.979350,481.815521,5.00e-05,10962.14,531709277770367469879296,16478208,0.8340,2025-07-26 17:07:32
1341,4.632917,5.979350,481.815521,5.00e-05,10935.33,1063418555540734939758592,16490496,N/A,2025-07-26 17:07:34
1342,5.337014,5.979350,481.815521,5.00e-05,10990.84,1063418555540734939758592,16502784,N/A,2025-07-26 17:07:35
1343,6.041442,5.979350,481.815521,5.00e-05,10998.45,1063418555540734939758592,16515072,N/A,2025-07-26 17:07:36
1344,6.487577,5.979350,481.815521,5.00e-05,11047.65,1063418555540734939758592,16527360,N/A,2025-07-26 17:07:37
1345,4.455919,5.979350,481.815521,5.00e-05,11053.72,1063418555540734939758592,16539648,N/A,2025-07-26 17:07:38
1346,5.365853,5.979350,481.815521,5.00e-05,11113.47,1063418555540734939758592,16551936,N/A,2025-07-26 17:07:40
1347,6.874541,5.979350,481.815521,5.00e-05,11108.25,1063418555540734939758592,16564224,N/A,2025-07-26 17:07:41
1348,5.799857,5.979350,481.815521,5.00e-05,11116.06,1063418555540734939758592,16576512,N/A,2025-07-26 17:07:42
1349,6.183639,5.979350,481.815521,5.00e-05,11194.96,1063418555540734939758592,16588800,N/A,2025-07-26 17:07:43
1350,5.452254,5.979350,481.815521,5.00e-05,11098.09,2126837111081469879517184,16601088,0.8313,2025-07-26 17:07:45
1351,5.431521,5.979350,481.815521,5.00e-05,11074.19,4253674222162939759034368,16613376,N/A,2025-07-26 17:07:46
1352,6.103980,5.979350,481.815521,5.00e-05,11059.65,8507348444325879518068736,16625664,N/A,2025-07-26 17:07:47
1353,5.568439,5.979350,481.815521,5.00e-05,11026.07,17014696888651759036137472,16637952,N/A,2025-07-26 17:07:48
1354,6.103682,5.979350,481.815521,5.00e-05,11020.88,17014696888651759036137472,16650240,N/A,2025-07-26 17:07:50
1355,6.389401,5.979350,481.815521,5.00e-05,11030.19,17014696888651759036137472,16662528,N/A,2025-07-26 17:07:51
1356,4.499980,5.979350,481.815521,5.00e-05,10989.89,34029393777303518072274944,16674816,N/A,2025-07-26 17:07:52
1357,4.088497,5.979350,481.815521,5.00e-05,10935.49,68058787554607036144549888,16687104,N/A,2025-07-26 17:07:53
1358,5.275049,5.979350,481.815521,5.00e-05,10953.13,68058787554607036144549888,16699392,N/A,2025-07-26 17:07:55
1359,5.889229,5.979350,481.815521,5.00e-05,11035.30,68058787554607036144549888,16711680,N/A,2025-07-26 17:07:56
1360,7.076858,5.979350,481.815521,5.00e-05,10942.58,136117575109214072289099776,16723968,0.8581,2025-07-26 17:07:57
1361,6.391761,5.979350,481.815521,5.00e-05,10911.96,272235150218428144578199552,16736256,N/A,2025-07-26 17:07:58
1362,6.609856,5.979350,481.815521,5.00e-05,10926.13,272235150218428144578199552,16748544,N/A,2025-07-26 17:08:00
1363,5.511951,5.979350,481.815521,5.00e-05,10928.02,272235150218428144578199552,16760832,N/A,2025-07-26 17:08:01
1364,5.789193,5.979350,481.815521,5.00e-05,10938.86,272235150218428144578199552,16773120,N/A,2025-07-26 17:08:02
1365,8.000048,5.979350,481.815521,5.00e-05,10977.28,272235150218428144578199552,16785408,N/A,2025-07-26 17:08:03
1366,6.568883,5.979350,481.815521,5.00e-05,11036.65,272235150218428144578199552,16797696,N/A,2025-07-26 17:08:04
1367,5.080535,5.979350,481.815521,5.00e-05,11036.62,272235150218428144578199552,16809984,N/A,2025-07-26 17:08:06
1368,5.767876,5.979350,481.815521,5.00e-05,11080.10,272235150218428144578199552,16822272,N/A,2025-07-26 17:08:07
1369,5.552254,5.979350,481.815521,5.00e-05,11178.02,272235150218428144578199552,16834560,N/A,2025-07-26 17:08:08
1370,6.075882,5.979350,481.815521,5.00e-05,11131.59,544470300436856289156399104,16846848,0.7724,2025-07-26 17:08:09
1371,6.690802,5.979350,481.815521,5.00e-05,11131.92,544470300436856289156399104,16859136,N/A,2025-07-26 17:08:11
1372,5.741267,5.979350,481.815521,5.00e-05,11134.45,544470300436856289156399104,16871424,N/A,2025-07-26 17:08:12
1373,7.914082,5.979350,481.815521,5.00e-05,11135.00,544470300436856289156399104,16883712,N/A,2025-07-26 17:08:13
1374,5.165250,5.979350,481.815521,5.00e-05,11131.74,544470300436856289156399104,16896000,N/A,2025-07-26 17:08:14
1375,5.605207,5.979350,481.815521,5.00e-05,11142.53,544470300436856289156399104,16908288,N/A,2025-07-26 17:08:15
1376,5.860514,5.979350,481.815521,5.00e-05,11130.52,1088940600873712578312798208,16920576,N/A,2025-07-26 17:08:17
1377,6.508183,5.979350,481.815521,5.00e-05,11092.99,2177881201747425156625596416,16932864,N/A,2025-07-26 17:08:18
1378,6.788888,5.979350,481.815521,5.00e-05,11107.52,2177881201747425156625596416,16945152,N/A,2025-07-26 17:08:19
1379,6.034226,5.979350,481.815521,5.00e-05,11093.12,4355762403494850313251192832,16957440,N/A,2025-07-26 17:08:20
1380,6.470963,5.979350,481.815521,5.00e-05,10999.50,8711524806989700626502385664,16969728,0.8290,2025-07-26 17:08:22
1381,4.373530,5.979350,481.815521,5.00e-05,10970.06,17423049613979401253004771328,16982016,N/A,2025-07-26 17:08:23
1382,5.965674,5.979350,481.815521,5.00e-05,10957.08,34846099227958802506009542656,16994304,N/A,2025-07-26 17:08:24
1383,6.355656,5.979350,481.815521,5.00e-05,10960.37,34846099227958802506009542656,17006592,N/A,2025-07-26 17:08:25
1384,5.376215,5.979350,481.815521,5.00e-05,10936.03,69692198455917605012019085312,17018880,N/A,2025-07-26 17:08:27
1385,6.482859,5.979350,481.815521,5.00e-05,10952.87,69692198455917605012019085312,17031168,N/A,2025-07-26 17:08:28
1386,4.899106,5.979350,481.815521,5.00e-05,10910.64,139384396911835210024038170624,17043456,N/A,2025-07-26 17:08:29
1387,6.493723,5.979350,481.815521,5.00e-05,10908.63,139384396911835210024038170624,17055744,N/A,2025-07-26 17:08:30
1388,5.353668,5.979350,481.815521,5.00e-05,10941.68,139384396911835210024038170624,17068032,N/A,2025-07-26 17:08:32
1389,4.815034,5.979350,481.815521,5.00e-05,11031.87,139384396911835210024038170624,17080320,N/A,2025-07-26 17:08:33
1390,6.032513,5.979350,481.815521,5.00e-05,10974.52,278768793823670420048076341248,17092608,0.6673,2025-07-26 17:08:34
1391,5.865442,5.979350,481.815521,5.00e-05,10953.32,557537587647340840096152682496,17104896,N/A,2025-07-26 17:08:35
1392,5.385671,5.979350,481.815521,5.00e-05,10947.74,1115075175294681680192305364992,17117184,N/A,2025-07-26 17:08:37
1393,6.224940,5.979350,481.815521,5.00e-05,10968.45,1115075175294681680192305364992,17129472,N/A,2025-07-26 17:08:38
1394,5.056056,5.979350,481.815521,5.00e-05,10962.35,1115075175294681680192305364992,17141760,N/A,2025-07-26 17:08:39
1395,6.350801,5.979350,481.815521,5.00e-05,11038.47,1115075175294681680192305364992,17154048,N/A,2025-07-26 17:08:40
1396,4.522147,5.979350,481.815521,5.00e-05,11028.87,2230150350589363360384610729984,17166336,N/A,2025-07-26 17:08:42
1397,6.780549,5.979350,481.815521,5.00e-05,11100.33,2230150350589363360384610729984,17178624,N/A,2025-07-26 17:08:43
1398,6.583551,5.979350,481.815521,5.00e-05,11028.00,4460300701178726720769221459968,17190912,N/A,2025-07-26 17:08:44
1399,5.040101,5.979350,481.815521,5.00e-05,11127.95,4460300701178726720769221459968,17203200,N/A,2025-07-26 17:08:45
1400,5.830667,5.979350,481.815521,5.00e-05,11074.38,8920601402357453441538442919936,17215488,0.7068,2025-07-26 17:08:47
1401,7.669203,5.979350,481.815521,5.00e-05,6476.17,17841202804714906883076885839872,17227776,N/A,2025-07-26 17:08:56
1402,6.035451,5.979350,481.815521,5.00e-05,6472.18,17841202804714906883076885839872,17240064,N/A,2025-07-26 17:08:57
1403,7.114055,5.979350,481.815521,5.00e-05,6465.64,35682405609429813766153771679744,17252352,N/A,2025-07-26 17:08:58
1404,5.659400,5.979350,481.815521,5.00e-05,6452.18,71364811218859627532307543359488,17264640,N/A,2025-07-26 17:08:59
1405,5.822418,5.979350,481.815521,5.00e-05,6447.81,142729622437719255064615086718976,17276928,N/A,2025-07-26 17:09:01
1406,4.912218,5.979350,481.815521,5.00e-05,6448.03,142729622437719255064615086718976,17289216,N/A,2025-07-26 17:09:02
1407,5.716029,5.979350,481.815521,5.00e-05,6474.34,142729622437719255064615086718976,17301504,N/A,2025-07-26 17:09:03
1408,6.852936,5.979350,481.815521,5.00e-05,6433.94,285459244875438510129230173437952,17313792,N/A,2025-07-26 17:09:04
1409,6.486006,5.979350,481.815521,5.00e-05,6451.44,285459244875438510129230173437952,17326080,N/A,2025-07-26 17:09:06
1410,6.186673,5.979350,481.815521,5.00e-05,10906.81,285459244875438510129230173437952,17338368,0.8576,2025-07-26 17:09:07
1411,7.094690,5.979350,481.815521,5.00e-05,10877.99,570918489750877020258460346875904,17350656,N/A,2025-07-26 17:09:08
1412,5.696591,5.979350,481.815521,5.00e-05,10884.34,570918489750877020258460346875904,17362944,N/A,2025-07-26 17:09:09
1413,7.361663,5.979350,481.815521,5.00e-05,10906.99,570918489750877020258460346875904,17375232,N/A,2025-07-26 17:09:11
1414,5.602002,5.979350,481.815521,5.00e-05,10916.81,570918489750877020258460346875904,17387520,N/A,2025-07-26 17:09:12
1415,6.381031,5.979350,481.815521,5.00e-05,10899.23,1141836979501754040516920693751808,17399808,N/A,2025-07-26 17:09:13
1416,5.829320,5.979350,481.815521,5.00e-05,10862.52,2283673959003508081033841387503616,17412096,N/A,2025-07-26 17:09:14
1417,5.396296,5.979350,481.815521,5.00e-05,10926.08,2283673959003508081033841387503616,17424384,N/A,2025-07-26 17:09:16
1418,7.363003,5.979350,481.815521,5.00e-05,10912.94,4567347918007016162067682775007232,17436672,N/A,2025-07-26 17:09:17
1419,7.102195,5.979350,481.815521,5.00e-05,11007.72,4567347918007016162067682775007232,17448960,N/A,2025-07-26 17:09:18
1420,6.891478,5.979350,481.815521,5.00e-05,10943.21,9134695836014032324135365550014464,17461248,0.9568,2025-07-26 17:09:19
1421,7.254930,5.979350,481.815521,5.00e-05,10871.94,18269391672028064648270731100028928,17473536,N/A,2025-07-26 17:09:21
1422,5.167768,5.979350,481.815521,5.00e-05,10877.26,18269391672028064648270731100028928,17485824,N/A,2025-07-26 17:09:22
1423,5.127475,5.979350,481.815521,5.00e-05,10888.70,18269391672028064648270731100028928,17498112,N/A,2025-07-26 17:09:23
1424,6.327314,5.979350,481.815521,5.00e-05,10892.79,18269391672028064648270731100028928,17510400,N/A,2025-07-26 17:09:24
1425,5.465882,5.979350,481.815521,5.00e-05,10833.86,36538783344056129296541462200057856,17522688,N/A,2025-07-26 17:09:26
1426,4.773809,5.979350,481.815521,5.00e-05,10863.81,36538783344056129296541462200057856,17534976,N/A,2025-07-26 17:09:27
1427,6.122262,5.979350,481.815521,5.00e-05,10871.79,36538783344056129296541462200057856,17547264,N/A,2025-07-26 17:09:28
1428,7.771832,5.979350,481.815521,5.00e-05,10890.86,36538783344056129296541462200057856,17559552,N/A,2025-07-26 17:09:29
1429,5.620551,5.979350,481.815521,5.00e-05,10983.97,36538783344056129296541462200057856,17571840,N/A,2025-07-26 17:09:31
1430,5.680617,5.979350,481.815521,5.00e-05,10910.98,73077566688112258593082924400115712,17584128,0.7517,2025-07-26 17:09:32
1431,6.189691,5.979350,481.815521,5.00e-05,10917.71,73077566688112258593082924400115712,17596416,N/A,2025-07-26 17:09:33
1432,6.404531,5.979350,481.815521,5.00e-05,10903.85,146155133376224517186165848800231424,17608704,N/A,2025-07-26 17:09:34
1433,5.906101,5.979350,481.815521,5.00e-05,10918.87,146155133376224517186165848800231424,17620992,N/A,2025-07-26 17:09:36
1434,5.926993,5.979350,481.815521,5.00e-05,11009.83,146155133376224517186165848800231424,17633280,N/A,2025-07-26 17:09:37
1435,5.831752,5.979350,481.815521,5.00e-05,11009.58,146155133376224517186165848800231424,17645568,N/A,2025-07-26 17:09:38
1436,5.797300,5.979350,481.815521,5.00e-05,11053.32,146155133376224517186165848800231424,17657856,N/A,2025-07-26 17:09:39
1437,5.366604,5.979350,481.815521,5.00e-05,11048.89,146155133376224517186165848800231424,17670144,N/A,2025-07-26 17:09:41
1438,5.656984,5.979350,481.815521,5.00e-05,11069.19,146155133376224517186165848800231424,17682432,N/A,2025-07-26 17:09:42
1439,5.534836,5.979350,481.815521,5.00e-05,11212.99,146155133376224517186165848800231424,17694720,N/A,2025-07-26 17:09:43
1440,6.355769,5.979350,481.815521,5.00e-05,11112.24,292310266752449034372331697600462848,17707008,0.7746,2025-07-26 17:09:44
1441,5.750057,5.979350,481.815521,5.00e-05,11120.05,292310266752449034372331697600462848,17719296,N/A,2025-07-26 17:09:45
1442,7.490622,5.979350,481.815521,5.00e-05,11031.94,584620533504898068744663395200925696,17731584,N/A,2025-07-26 17:09:47
1443,5.504560,5.979350,481.815521,5.00e-05,11009.57,1169241067009796137489326790401851392,17743872,N/A,2025-07-26 17:09:48
1444,6.946274,5.979350,481.815521,5.00e-05,11016.05,1169241067009796137489326790401851392,17756160,N/A,2025-07-26 17:09:49
1445,6.452193,5.979350,481.815521,5.00e-05,10979.01,2338482134019592274978653580803702784,17768448,N/A,2025-07-26 17:09:51
1446,6.074452,5.979350,481.815521,5.00e-05,10981.20,2338482134019592274978653580803702784,17780736,N/A,2025-07-26 17:09:52
1447,6.493142,5.979350,481.815521,5.00e-05,10937.77,4676964268039184549957307161607405568,17793024,N/A,2025-07-26 17:09:53
1448,6.739275,5.979350,481.815521,5.00e-05,10927.91,9353928536078369099914614323214811136,17805312,N/A,2025-07-26 17:09:54
1449,5.764395,5.979350,481.815521,5.00e-05,11020.02,9353928536078369099914614323214811136,17817600,N/A,2025-07-26 17:09:55
1450,5.479921,5.979350,481.815521,5.00e-05,10928.62,18707857072156738199829228646429622272,17829888,0.7035,2025-07-26 17:09:57
1451,5.745203,5.979350,481.815521,5.00e-05,10934.93,18707857072156738199829228646429622272,17842176,N/A,2025-07-26 17:09:58
1452,7.192459,5.979350,481.815521,5.00e-05,10895.77,37415714144313476399658457292859244544,17854464,N/A,2025-07-26 17:09:59
1453,6.494456,5.979350,481.815521,5.00e-05,10894.25,74831428288626952799316914585718489088,17866752,N/A,2025-07-26 17:10:01
1454,6.101565,5.979350,481.815521,5.00e-05,10905.66,74831428288626952799316914585718489088,17879040,N/A,2025-07-26 17:10:02
1455,5.532450,5.979350,481.815521,5.00e-05,10913.76,74831428288626952799316914585718489088,17891328,N/A,2025-07-26 17:10:03
1456,5.959461,5.979350,481.815521,5.00e-05,10943.35,74831428288626952799316914585718489088,17903616,N/A,2025-07-26 17:10:04
1457,6.121331,5.979350,481.815521,5.00e-05,10969.97,74831428288626952799316914585718489088,17915904,N/A,2025-07-26 17:10:05
1458,6.850000,5.979350,481.815521,5.00e-05,10977.60,74831428288626952799316914585718489088,17928192,N/A,2025-07-26 17:10:07
1459,6.191972,5.979350,481.815521,5.00e-05,11033.71,74831428288626952799316914585718489088,17940480,N/A,2025-07-26 17:10:08
1460,5.152388,5.979350,481.815521,5.00e-05,11002.05,149662856577253905598633829171436978176,17952768,0.8313,2025-07-26 17:10:09
1461,4.596749,5.979350,481.815521,5.00e-05,11064.03,149662856577253905598633829171436978176,17965056,N/A,2025-07-26 17:10:10
1462,5.675206,5.979350,481.815521,5.00e-05,11078.59,149662856577253905598633829171436978176,17977344,N/A,2025-07-26 17:10:12
1463,6.799556,5.979350,481.815521,5.00e-05,11092.38,149662856577253905598633829171436978176,17989632,N/A,2025-07-26 17:10:13
1464,5.299992,5.979350,481.815521,5.00e-05,11093.71,149662856577253905598633829171436978176,18001920,N/A,2025-07-26 17:10:14
1465,5.787171,5.979350,481.815521,5.00e-05,11078.91,299325713154507811197267658342873956352,18014208,N/A,2025-07-26 17:10:15
1466,5.136693,5.979350,481.815521,5.00e-05,11065.53,598651426309015622394535316685747912704,18026496,N/A,2025-07-26 17:10:17
1467,6.414340,5.979350,481.815521,5.00e-05,11022.28,1197302852618031244789070633371495825408,18038784,N/A,2025-07-26 17:10:18
1468,4.874751,5.979350,481.815521,5.00e-05,11057.27,1197302852618031244789070633371495825408,18051072,N/A,2025-07-26 17:10:19
1469,6.197612,5.979350,481.815521,5.00e-05,11102.34,1197302852618031244789070633371495825408,18063360,N/A,2025-07-26 17:10:20
1470,5.856948,5.979350,481.815521,5.00e-05,10934.24,2394605705236062489578141266742991650816,18075648,0.9411,2025-07-26 17:10:22
1471,5.675587,5.979350,481.815521,5.00e-05,10835.66,4789211410472124979156282533485983301632,18087936,N/A,2025-07-26 17:10:23
1472,6.742181,5.979350,481.815521,5.00e-05,10792.12,9578422820944249958312565066971966603264,18100224,N/A,2025-07-26 17:10:24
1473,6.466864,5.979350,481.815521,5.00e-05,10775.89,19156845641888499916625130133943933206528,18112512,N/A,2025-07-26 17:10:25
1474,6.854214,5.979350,481.815521,5.00e-05,10781.04,19156845641888499916625130133943933206528,18124800,N/A,2025-07-26 17:10:27
1475,5.636856,5.979350,481.815521,5.00e-05,10762.92,38313691283776999833250260267887866413056,18137088,N/A,2025-07-26 17:10:28
1476,5.687743,5.979350,481.815521,5.00e-05,10788.53,38313691283776999833250260267887866413056,18149376,N/A,2025-07-26 17:10:29
1477,6.144360,5.979350,481.815521,5.00e-05,10690.50,76627382567553999666500520535775732826112,18161664,N/A,2025-07-26 17:10:30
1478,5.108689,5.979350,481.815521,5.00e-05,10738.95,76627382567553999666500520535775732826112,18173952,N/A,2025-07-26 17:10:32
1479,6.223444,5.979350,481.815521,5.00e-05,10887.20,76627382567553999666500520535775732826112,18186240,N/A,2025-07-26 17:10:33
1480,5.482258,5.979350,481.815521,5.00e-05,10891.97,76627382567553999666500520535775732826112,18198528,0.8609,2025-07-26 17:10:34
1481,6.196972,5.979350,481.815521,5.00e-05,10902.77,76627382567553999666500520535775732826112,18210816,N/A,2025-07-26 17:10:36
1482,4.873097,5.979350,481.815521,5.00e-05,10901.76,76627382567553999666500520535775732826112,18223104,N/A,2025-07-26 17:10:37
1483,6.378785,5.979350,481.815521,5.00e-05,10837.19,153254765135107999333001041071551465652224,18235392,N/A,2025-07-26 17:10:38
1484,5.109961,5.979350,481.815521,5.00e-05,10798.32,306509530270215998666002082143102931304448,18247680,N/A,2025-07-26 17:10:39
1485,5.484877,5.979350,481.815521,5.00e-05,10772.30,613019060540431997332004164286205862608896,18259968,N/A,2025-07-26 17:10:41
1486,7.127494,5.979350,481.815521,5.00e-05,10876.27,613019060540431997332004164286205862608896,18272256,N/A,2025-07-26 17:10:42
1487,5.852966,5.979350,481.815521,5.00e-05,10863.65,1226038121080863994664008328572411725217792,18284544,N/A,2025-07-26 17:10:43
1488,4.470414,5.979350,481.815521,5.00e-05,10780.20,2452076242161727989328016657144823450435584,18296832,N/A,2025-07-26 17:10:44
1489,5.006273,5.979350,481.815521,5.00e-05,10805.99,2452076242161727989328016657144823450435584,18309120,N/A,2025-07-26 17:10:46
1490,6.077330,5.979350,481.815521,5.00e-05,10711.85,4904152484323455978656033314289646900871168,18321408,0.6491,2025-07-26 17:10:47
1491,5.564034,5.979350,481.815521,5.00e-05,10707.22,9808304968646911957312066628579293801742336,18333696,N/A,2025-07-26 17:10:48
1492,4.606534,5.979350,481.815521,5.00e-05,10779.05,9808304968646911957312066628579293801742336,18345984,N/A,2025-07-26 17:10:49
1493,5.448399,5.979350,481.815521,5.00e-05,10829.40,9808304968646911957312066628579293801742336,18358272,N/A,2025-07-26 17:10:51
1494,4.676940,5.979350,481.815521,5.00e-05,10874.08,9808304968646911957312066628579293801742336,18370560,N/A,2025-07-26 17:10:52
1495,6.827888,5.979350,481.815521,5.00e-05,10875.43,9808304968646911957312066628579293801742336,18382848,N/A,2025-07-26 17:10:53
1496,5.705944,5.979350,481.815521,5.00e-05,10873.82,19616609937293823914624133257158587603484672,18395136,N/A,2025-07-26 17:10:54
1497,6.747200,5.979350,481.815521,5.00e-05,10926.41,19616609937293823914624133257158587603484672,18407424,N/A,2025-07-26 17:10:56
1498,5.395274,5.979350,481.815521,5.00e-05,10999.50,19616609937293823914624133257158587603484672,18419712,N/A,2025-07-26 17:10:57
1499,5.795638,5.979350,481.815521,5.00e-05,11076.61,19616609937293823914624133257158587603484672,18432000,N/A,2025-07-26 17:10:58
1500,5.263968,5.979350,481.815521,5.00e-05,10810.64,39233219874587647829248266514317175206969344,18444288,0.8669,2025-07-26 17:11:00
1501,5.506292,5.979350,481.815521,5.00e-05,7750.65,78466439749175295658496533028634350413938688,18456576,N/A,2025-07-26 17:11:05
1502,4.708048,5.979350,481.815521,5.00e-05,7754.74,78466439749175295658496533028634350413938688,18468864,N/A,2025-07-26 17:11:07
1503,5.797262,5.979350,481.815521,5.00e-05,7745.42,156932879498350591316993066057268700827877376,18481152,N/A,2025-07-26 17:11:08
1504,5.806863,5.979350,481.815521,5.00e-05,7743.86,156932879498350591316993066057268700827877376,18493440,N/A,2025-07-26 17:11:09
1505,5.420360,5.979350,481.815521,5.00e-05,7752.51,156932879498350591316993066057268700827877376,18505728,N/A,2025-07-26 17:11:10
1506,6.769118,5.979350,481.815521,5.00e-05,7742.54,313865758996701182633986132114537401655754752,18518016,N/A,2025-07-26 17:11:11
1507,5.755019,5.979350,481.815521,5.00e-05,7732.19,627731517993402365267972264229074803311509504,18530304,N/A,2025-07-26 17:11:13
1508,5.537411,5.979350,481.815521,5.00e-05,7756.04,627731517993402365267972264229074803311509504,18542592,N/A,2025-07-26 17:11:14
1509,5.196122,5.979350,481.815521,5.00e-05,7868.83,627731517993402365267972264229074803311509504,18554880,N/A,2025-07-26 17:11:15
1510,6.656186,5.979350,481.815521,5.00e-05,10938.19,627731517993402365267972264229074803311509504,18567168,0.7184,2025-07-26 17:11:17
1511,6.247503,5.979350,481.815521,5.00e-05,10914.57,1255463035986804730535944528458149606623019008,18579456,N/A,2025-07-26 17:11:18
1512,5.609512,5.979350,481.815521,5.00e-05,10910.75,2510926071973609461071889056916299213246038016,18591744,N/A,2025-07-26 17:11:19
1513,5.793842,5.979350,481.815521,5.00e-05,10894.07,5021852143947218922143778113832598426492076032,18604032,N/A,2025-07-26 17:11:20
1514,6.552889,5.979350,481.815521,5.00e-05,10906.82,5021852143947218922143778113832598426492076032,18616320,N/A,2025-07-26 17:11:21
1515,4.757758,5.979350,481.815521,5.00e-05,10952.64,5021852143947218922143778113832598426492076032,18628608,N/A,2025-07-26 17:11:23
1516,5.468201,5.979350,481.815521,5.00e-05,10934.90,10043704287894437844287556227665196852984152064,18640896,N/A,2025-07-26 17:11:24
1517,4.599079,5.979350,481.815521,5.00e-05,10930.49,20087408575788875688575112455330393705968304128,18653184,N/A,2025-07-26 17:11:25
1518,4.769100,5.979350,481.815521,5.00e-05,10993.84,20087408575788875688575112455330393705968304128,18665472,N/A,2025-07-26 17:11:26
1519,5.759878,5.979350,481.815521,5.00e-05,11090.06,20087408575788875688575112455330393705968304128,18677760,N/A,2025-07-26 17:11:28
1520,3.993795,5.979350,481.815521,5.00e-05,10971.07,40174817151577751377150224910660787411936608256,18690048,0.7372,2025-07-26 17:11:29
1521,6.378238,5.979350,481.815521,5.00e-05,10977.76,40174817151577751377150224910660787411936608256,18702336,N/A,2025-07-26 17:11:30
1522,7.117815,5.979350,481.815521,5.00e-05,10986.78,40174817151577751377150224910660787411936608256,18714624,N/A,2025-07-26 17:11:31
1523,6.036191,5.979350,481.815521,5.00e-05,10972.89,80349634303155502754300449821321574823873216512,18726912,N/A,2025-07-26 17:11:33
1524,7.462026,5.979350,481.815521,5.00e-05,10976.93,80349634303155502754300449821321574823873216512,18739200,N/A,2025-07-26 17:11:34
1525,5.782322,5.979350,481.815521,5.00e-05,10995.36,80349634303155502754300449821321574823873216512,18751488,N/A,2025-07-26 17:11:35
1526,5.903667,5.979350,481.815521,5.00e-05,11007.98,80349634303155502754300449821321574823873216512,18763776,N/A,2025-07-26 17:11:36
1527,5.755798,5.979350,481.815521,5.00e-05,10990.76,160699268606311005508600899642643149647746433024,18776064,N/A,2025-07-26 17:11:38
1528,5.476450,5.979350,481.815521,5.00e-05,10983.84,160699268606311005508600899642643149647746433024,18788352,N/A,2025-07-26 17:11:39
1529,6.444152,5.979350,481.815521,5.00e-05,11129.61,160699268606311005508600899642643149647746433024,18800640,N/A,2025-07-26 17:11:40
1530,4.527139,5.979350,481.815521,5.00e-05,11006.01,321398537212622011017201799285286299295492866048,18812928,0.9538,2025-07-26 17:11:41
1531,6.329271,5.979350,481.815521,5.00e-05,10966.97,642797074425244022034403598570572598590985732096,18825216,N/A,2025-07-26 17:11:43
1532,5.583948,5.979350,481.815521,5.00e-05,10961.39,1285594148850488044068807197141145197181971464192,18837504,N/A,2025-07-26 17:11:44
1533,4.322537,5.979350,481.815521,5.00e-05,10922.90,2571188297700976088137614394282290394363942928384,18849792,N/A,2025-07-26 17:11:45
1534,6.294563,5.979350,481.815521,5.00e-05,10880.16,5142376595401952176275228788564580788727885856768,18862080,N/A,2025-07-26 17:11:46
1535,6.228492,5.979350,481.815521,5.00e-05,10885.56,5142376595401952176275228788564580788727885856768,18874368,N/A,2025-07-26 17:11:48
1536,6.267100,5.979350,481.815521,5.00e-05,10896.59,5142376595401952176275228788564580788727885856768,18886656,N/A,2025-07-26 17:11:49
1537,5.088885,5.979350,481.815521,5.00e-05,10901.81,5142376595401952176275228788564580788727885856768,18898944,N/A,2025-07-26 17:11:50
1538,5.045479,5.979350,481.815521,5.00e-05,10908.90,5142376595401952176275228788564580788727885856768,18911232,N/A,2025-07-26 17:11:51
1539,6.021597,5.979350,481.815521,5.00e-05,11028.05,5142376595401952176275228788564580788727885856768,18923520,N/A,2025-07-26 17:11:52
1540,6.643998,5.979350,481.815521,5.00e-05,10989.86,10284753190803904352550457577129161577455771713536,18935808,0.7947,2025-07-26 17:11:54
1541,6.077005,5.979350,481.815521,5.00e-05,10996.60,10284753190803904352550457577129161577455771713536,18948096,N/A,2025-07-26 17:11:55
1542,6.710091,5.979350,481.815521,5.00e-05,11052.31,10284753190803904352550457577129161577455771713536,18960384,N/A,2025-07-26 17:11:56
1543,5.665183,5.979350,481.815521,5.00e-05,11096.24,10284753190803904352550457577129161577455771713536,18972672,N/A,2025-07-26 17:11:57
1544,5.601185,5.979350,481.815521,5.00e-05,11071.79,20569506381607808705100915154258323154911543427072,18984960,N/A,2025-07-26 17:11:59
1545,5.343344,5.979350,481.815521,5.00e-05,11061.32,41139012763215617410201830308516646309823086854144,18997248,N/A,2025-07-26 17:12:00
1546,4.168451,5.979350,481.815521,5.00e-05,11060.93,41139012763215617410201830308516646309823086854144,19009536,N/A,2025-07-26 17:12:01
1547,7.178805,5.979350,481.815521,5.00e-05,11057.18,82278025526431234820403660617033292619646173708288,19021824,N/A,2025-07-26 17:12:02
1548,6.503292,5.979350,481.815521,5.00e-05,11052.87,82278025526431234820403660617033292619646173708288,19034112,N/A,2025-07-26 17:12:04
1549,5.700191,5.979350,481.815521,5.00e-05,11104.84,82278025526431234820403660617033292619646173708288,19046400,N/A,2025-07-26 17:12:05
1550,6.088377,5.979350,481.815521,5.00e-05,11007.94,164556051052862469640807321234066585239292347416576,19058688,0.7955,2025-07-26 17:12:06
1551,5.886022,5.979350,481.815521,5.00e-05,10996.17,329112102105724939281614642468133170478584694833152,19070976,N/A,2025-07-26 17:12:07
1552,5.871705,5.979350,481.815521,5.00e-05,10964.81,658224204211449878563229284936266340957169389666304,19083264,N/A,2025-07-26 17:12:09
1553,6.716623,5.979350,481.815521,5.00e-05,10968.20,658224204211449878563229284936266340957169389666304,19095552,N/A,2025-07-26 17:12:10
1554,5.414960,5.979350,481.815521,5.00e-05,10964.16,658224204211449878563229284936266340957169389666304,19107840,N/A,2025-07-26 17:12:11
1555,6.579692,5.979350,481.815521,5.00e-05,10956.65,1316448408422899757126458569872532681914338779332608,19120128,N/A,2025-07-26 17:12:12
1556,6.464171,5.979350,481.815521,5.00e-05,10945.89,2632896816845799514252917139745065363828677558665216,19132416,N/A,2025-07-26 17:12:14
1557,5.707095,5.979350,481.815521,5.00e-05,10949.08,2632896816845799514252917139745065363828677558665216,19144704,N/A,2025-07-26 17:12:15
1558,5.899871,5.979350,481.815521,5.00e-05,10974.97,2632896816845799514252917139745065363828677558665216,19156992,N/A,2025-07-26 17:12:16
1559,6.717504,5.979350,481.815521,5.00e-05,11045.72,2632896816845799514252917139745065363828677558665216,19169280,N/A,2025-07-26 17:12:17
1560,6.639004,5.979350,481.815521,5.00e-05,10954.15,5265793633691599028505834279490130727657355117330432,19181568,0.8849,2025-07-26 17:12:19
1561,6.619042,5.979350,481.815521,5.00e-05,10955.21,5265793633691599028505834279490130727657355117330432,19193856,N/A,2025-07-26 17:12:20
1562,8.019776,5.979350,481.815521,5.00e-05,10960.50,5265793633691599028505834279490130727657355117330432,19206144,N/A,2025-07-26 17:12:21
1563,5.469572,5.979350,481.815521,5.00e-05,10972.41,5265793633691599028505834279490130727657355117330432,19218432,N/A,2025-07-26 17:12:22
1564,6.061763,5.979350,481.815521,5.00e-05,10990.73,5265793633691599028505834279490130727657355117330432,19230720,N/A,2025-07-26 17:12:24
1565,5.667377,5.979350,481.815521,5.00e-05,10987.60,5265793633691599028505834279490130727657355117330432,19243008,N/A,2025-07-26 17:12:25
1566,5.960146,5.979350,481.815521,5.00e-05,10958.31,10531587267383198057011668558980261455314710234660864,19255296,N/A,2025-07-26 17:12:26
1567,5.253557,5.979350,481.815521,5.00e-05,10938.39,21063174534766396114023337117960522910629420469321728,19267584,N/A,2025-07-26 17:12:27
1568,4.426327,5.979350,481.815521,5.00e-05,10958.32,21063174534766396114023337117960522910629420469321728,19279872,N/A,2025-07-26 17:12:29
1569,6.223203,5.979350,481.815521,5.00e-05,11056.97,21063174534766396114023337117960522910629420469321728,19292160,N/A,2025-07-26 17:12:30
1570,5.343544,5.979350,481.815521,5.00e-05,11000.65,42126349069532792228046674235921045821258840938643456,19304448,0.8647,2025-07-26 17:12:31
1571,5.291506,5.979350,481.815521,5.00e-05,11004.18,42126349069532792228046674235921045821258840938643456,19316736,N/A,2025-07-26 17:12:32
1572,5.935251,5.979350,481.815521,5.00e-05,10971.79,84252698139065584456093348471842091642517681877286912,19329024,N/A,2025-07-26 17:12:34
1573,5.772203,5.979350,481.815521,5.00e-05,10953.61,168505396278131168912186696943684183285035363754573824,19341312,N/A,2025-07-26 17:12:35
1574,6.333858,5.979350,481.815521,5.00e-05,10976.34,168505396278131168912186696943684183285035363754573824,19353600,N/A,2025-07-26 17:12:36
1575,6.004461,5.979350,481.815521,5.00e-05,11020.72,168505396278131168912186696943684183285035363754573824,19365888,N/A,2025-07-26 17:12:37
1576,5.579909,5.979350,481.815521,5.00e-05,11004.93,337010792556262337824373393887368366570070727509147648,19378176,N/A,2025-07-26 17:12:38
1577,6.673672,5.979350,481.815521,5.00e-05,11013.95,337010792556262337824373393887368366570070727509147648,19390464,N/A,2025-07-26 17:12:40
1578,5.560673,5.979350,481.815521,5.00e-05,11019.78,337010792556262337824373393887368366570070727509147648,19402752,N/A,2025-07-26 17:12:41
1579,6.969812,5.979350,481.815521,5.00e-05,11119.51,337010792556262337824373393887368366570070727509147648,19415040,N/A,2025-07-26 17:12:42
1580,5.995205,5.979350,481.815521,5.00e-05,11036.08,674021585112524675648746787774736733140141455018295296,19427328,1.0000,2025-07-26 17:12:43
1581,4.944351,5.979350,481.815521,5.00e-05,11071.70,674021585112524675648746787774736733140141455018295296,19439616,N/A,2025-07-26 17:12:45
1582,6.461267,5.979350,481.815521,5.00e-05,11077.71,674021585112524675648746787774736733140141455018295296,19451904,N/A,2025-07-26 17:12:46
1583,6.366103,5.979350,481.815521,5.00e-05,11061.25,1348043170225049351297493575549473466280282910036590592,19464192,N/A,2025-07-26 17:12:47
1584,5.219080,5.979350,481.815521,5.00e-05,11043.35,2696086340450098702594987151098946932560565820073181184,19476480,N/A,2025-07-26 17:12:48
1585,4.988636,5.979350,481.815521,5.00e-05,11080.99,2696086340450098702594987151098946932560565820073181184,19488768,N/A,2025-07-26 17:12:50
1586,6.029169,5.979350,481.815521,5.00e-05,11093.04,2696086340450098702594987151098946932560565820073181184,19501056,N/A,2025-07-26 17:12:51
1587,5.275377,5.979350,481.815521,5.00e-05,11062.76,5392172680900197405189974302197893865121131640146362368,19513344,N/A,2025-07-26 17:12:52
1588,6.453644,5.979350,481.815521,5.00e-05,11032.21,10784345361800394810379948604395787730242263280292724736,19525632,N/A,2025-07-26 17:12:53
1589,6.904220,5.979350,481.815521,5.00e-05,11116.22,10784345361800394810379948604395787730242263280292724736,19537920,N/A,2025-07-26 17:12:54
1590,5.368176,5.979350,481.815521,5.00e-05,10965.88,21568690723600789620759897208791575460484526560585449472,19550208,1.0000,2025-07-26 17:12:56
1591,6.118195,5.979350,481.815521,5.00e-05,10984.10,21568690723600789620759897208791575460484526560585449472,19562496,N/A,2025-07-26 17:12:57
1592,6.859322,5.979350,481.815521,5.00e-05,10994.43,21568690723600789620759897208791575460484526560585449472,19574784,N/A,2025-07-26 17:12:58
1593,6.735924,5.979350,481.815521,5.00e-05,10996.19,21568690723600789620759897208791575460484526560585449472,19587072,N/A,2025-07-26 17:12:59
1594,5.261579,5.979350,481.815521,5.00e-05,10991.80,21568690723600789620759897208791575460484526560585449472,19599360,N/A,2025-07-26 17:13:01
1595,6.105443,5.979350,481.815521,5.00e-05,10972.34,43137381447201579241519794417583150920969053121170898944,19611648,N/A,2025-07-26 17:13:02
1596,4.499582,5.979350,481.815521,5.00e-05,11043.94,43137381447201579241519794417583150920969053121170898944,19623936,N/A,2025-07-26 17:13:03
1597,5.696322,5.979350,481.815521,5.00e-05,11138.99,43137381447201579241519794417583150920969053121170898944,19636224,N/A,2025-07-26 17:13:04
1598,6.030455,5.979350,481.815521,5.00e-05,11204.70,43137381447201579241519794417583150920969053121170898944,19648512,N/A,2025-07-26 17:13:05
1599,5.822587,5.979350,481.815521,5.00e-05,11455.51,43137381447201579241519794417583150920969053121170898944,19660800,N/A,2025-07-26 17:13:07
1600,5.558245,5.979350,481.815521,5.00e-05,11452.66,86274762894403158483039588835166301841938106242341797888,19673088,0.7560,2025-07-26 17:13:08
