step,train_loss,val_loss,val_perplexity,learning_rate,tokens_per_sec,avg_seq_len,batch_size,block_size,total_tokens,grad_norm,timestamp
0,0.341716,N/A,N/A,2.50e-07,0.00,1424.00,5696,N/A,2025-08-18 17:30:14
1,0.371231,N/A,N/A,5.00e-07,2055.70,1754.75,12715,N/A,2025-08-18 17:30:21
2,0.409496,N/A,N/A,7.50e-07,2867.52,1358.25,18148,N/A,2025-08-18 17:30:21
3,0.429915,N/A,N/A,1.00e-06,3944.19,1818.00,25420,N/A,2025-08-18 17:30:21
4,0.407144,N/A,N/A,1.25e-06,4702.45,1362.25,30869,N/A,2025-08-18 17:30:21
5,0.347160,N/A,N/A,1.50e-06,5582.38,1602.75,37280,N/A,2025-08-18 17:30:21
6,0.320021,N/A,N/A,1.75e-06,6526.01,1766.75,44347,N/A,2025-08-18 17:30:21
7,0.291957,N/A,N/A,2.00e-06,7275.36,1492.25,50316,N/A,2025-08-18 17:30:21
8,0.255965,N/A,N/A,2.25e-06,8108.31,1675.00,57016,N/A,2025-08-18 17:30:21
9,0.305079,N/A,N/A,2.50e-06,8875.11,1592.00,63384,N/A,2025-08-18 17:30:22
10,0.376269,N/A,N/A,2.75e-06,59186.39,1493.50,69358,1.0000,2025-08-18 17:30:22
11,0.341344,N/A,N/A,3.00e-06,60667.19,1711.25,76203,N/A,2025-08-18 17:30:22
12,0.295986,N/A,N/A,3.25e-06,61944.76,1687.25,82952,N/A,2025-08-18 17:30:22
13,0.261931,N/A,N/A,3.50e-06,61353.30,1820.75,90235,N/A,2025-08-18 17:30:22
14,0.192840,N/A,N/A,3.75e-06,62499.66,1715.50,97097,N/A,2025-08-18 17:30:22
15,0.240582,N/A,N/A,4.00e-06,63238.27,1749.25,104094,N/A,2025-08-18 17:30:22
16,0.311387,N/A,N/A,4.25e-06,62856.77,1521.00,110178,N/A,2025-08-18 17:30:22
17,0.295313,N/A,N/A,4.50e-06,64798.38,1953.75,117993,N/A,2025-08-18 17:30:23
18,0.470592,N/A,N/A,4.75e-06,64608.04,1707.00,124821,N/A,2025-08-18 17:30:23
19,0.299496,N/A,N/A,5.00e-06,64578.61,1540.75,130984,N/A,2025-08-18 17:30:23
20,0.402398,N/A,N/A,5.25e-06,64340.69,1624.00,137480,1.0000,2025-08-18 17:30:23
21,0.326516,N/A,N/A,5.50e-06,62843.42,1349.25,142877,N/A,2025-08-18 17:30:23
22,0.322573,N/A,N/A,5.75e-06,63815.09,1609.50,149315,N/A,2025-08-18 17:30:23
23,0.097481,N/A,N/A,6.00e-06,62331.04,1308.50,154549,N/A,2025-08-18 17:30:23
24,0.197625,N/A,N/A,6.25e-06,61965.69,1546.25,160734,N/A,2025-08-18 17:30:23
25,0.238228,N/A,N/A,6.50e-06,61333.83,1530.25,166855,N/A,2025-08-18 17:30:23
26,0.320196,N/A,N/A,6.75e-06,62831.88,1835.00,174195,N/A,2025-08-18 17:30:24
27,0.306267,N/A,N/A,7.00e-06,62015.27,1628.25,180708,N/A,2025-08-18 17:30:24
28,0.284028,N/A,N/A,7.25e-06,61463.47,1475.00,186608,N/A,2025-08-18 17:30:24
29,0.250705,N/A,N/A,7.50e-06,63243.67,1705.75,193431,N/A,2025-08-18 17:30:24
30,0.140006,N/A,N/A,7.75e-06,62767.81,1669.00,200107,1.0000,2025-08-18 17:30:24
31,0.257033,N/A,N/A,8.00e-06,63146.96,1544.00,206283,N/A,2025-08-18 17:30:24
32,0.203193,N/A,N/A,8.25e-06,63047.80,1777.50,213393,N/A,2025-08-18 17:30:24
33,0.261037,N/A,N/A,8.50e-06,63822.28,1590.50,219755,N/A,2025-08-18 17:30:24
34,0.275841,N/A,N/A,8.75e-06,63672.02,1591.50,226121,N/A,2025-08-18 17:30:24
35,0.190751,N/A,N/A,9.00e-06,63450.54,1535.75,232264,N/A,2025-08-18 17:30:25
36,0.105915,N/A,N/A,9.25e-06,62210.18,1604.25,238681,N/A,2025-08-18 17:30:25
37,0.266299,N/A,N/A,9.50e-06,62525.84,1746.25,245666,N/A,2025-08-18 17:30:25
38,0.186170,N/A,N/A,9.75e-06,63782.68,1896.75,253253,N/A,2025-08-18 17:30:25
39,0.206320,N/A,N/A,1.00e-05,64631.45,1743.00,260225,N/A,2025-08-18 17:30:25
40,0.178799,N/A,N/A,1.03e-05,63681.39,1699.75,267024,1.0000,2025-08-18 17:30:25
41,0.157680,N/A,N/A,1.05e-05,64712.39,1683.50,273758,N/A,2025-08-18 17:30:25
42,0.210355,N/A,N/A,1.08e-05,62603.66,1200.25,278559,N/A,2025-08-18 17:30:25
43,0.491685,N/A,N/A,1.10e-05,63476.86,1830.50,285881,N/A,2025-08-18 17:30:25
44,0.832575,N/A,N/A,1.13e-05,63520.46,1636.50,292427,N/A,2025-08-18 17:30:26
45,0.103685,N/A,N/A,1.15e-05,63353.28,1526.50,298533,N/A,2025-08-18 17:30:26
46,0.541163,N/A,N/A,1.18e-05,40145.81,1468.50,304407,N/A,2025-08-18 17:30:26
47,0.213216,N/A,N/A,1.20e-05,40364.40,1758.00,311439,N/A,2025-08-18 17:30:27
48,0.177367,N/A,N/A,1.22e-05,40179.77,1724.00,318335,N/A,2025-08-18 17:30:27
49,0.080532,N/A,N/A,1.25e-05,40554.34,1635.50,324877,N/A,2025-08-18 17:30:27
50,0.326650,N/A,N/A,1.28e-05,40227.18,1610.25,331318,1.0000,2025-08-18 17:30:27
51,0.167691,N/A,N/A,1.30e-05,39864.60,1505.50,337340,N/A,2025-08-18 17:30:27
52,0.312986,N/A,N/A,1.33e-05,40042.35,1215.50,342202,N/A,2025-08-18 17:30:27
53,0.062876,N/A,N/A,1.35e-05,39432.56,1511.00,348246,N/A,2025-08-18 17:30:27
54,0.218237,N/A,N/A,1.38e-05,39052.25,1400.00,353846,N/A,2025-08-18 17:30:27
55,0.195917,N/A,N/A,1.40e-05,63429.84,1634.00,360382,N/A,2025-08-18 17:30:27
56,0.070394,N/A,N/A,1.42e-05,63606.48,1555.25,366603,N/A,2025-08-18 17:30:28
57,0.193240,N/A,N/A,1.45e-05,62639.54,1530.50,372725,N/A,2025-08-18 17:30:28
58,0.292822,N/A,N/A,1.47e-05,61008.77,1345.25,378106,N/A,2025-08-18 17:30:28
59,0.168260,N/A,N/A,1.50e-05,61735.65,1701.50,384912,N/A,2025-08-18 17:30:28
60,0.058571,N/A,N/A,1.52e-05,62064.78,1814.00,392168,1.0000,2025-08-18 17:30:28
61,0.139114,N/A,N/A,1.55e-05,62205.00,1526.00,398272,N/A,2025-08-18 17:30:28
62,0.324176,N/A,N/A,1.57e-05,61720.73,1105.25,402693,N/A,2025-08-18 17:30:28
63,0.109892,N/A,N/A,1.60e-05,61925.02,1572.25,408982,N/A,2025-08-18 17:30:28
64,0.171962,N/A,N/A,1.63e-05,61378.95,1258.00,414014,N/A,2025-08-18 17:30:28
65,0.261181,N/A,N/A,1.65e-05,62328.32,1844.00,421390,N/A,2025-08-18 17:30:28
66,0.086827,N/A,N/A,1.68e-05,62309.88,1579.50,427708,N/A,2025-08-18 17:30:29
67,0.204756,N/A,N/A,1.70e-05,62901.89,1697.00,434496,N/A,2025-08-18 17:30:29
68,0.139487,N/A,N/A,1.73e-05,65015.65,1951.25,442301,N/A,2025-08-18 17:30:29
69,0.034604,N/A,N/A,1.75e-05,66232.88,1850.00,449701,N/A,2025-08-18 17:30:29
70,0.131421,N/A,N/A,1.78e-05,63427.11,1327.00,455009,1.0000,2025-08-18 17:30:29
71,0.255978,N/A,N/A,1.80e-05,62903.15,1449.00,460805,N/A,2025-08-18 17:30:29
72,0.364500,N/A,N/A,1.82e-05,64777.12,1572.50,467095,N/A,2025-08-18 17:30:29
73,0.321288,N/A,N/A,1.85e-05,64496.55,1536.75,473242,N/A,2025-08-18 17:30:29
74,0.043180,N/A,N/A,1.88e-05,66552.04,1747.25,480231,N/A,2025-08-18 17:30:29
75,0.171944,N/A,N/A,1.90e-05,65902.61,1631.75,486758,N/A,2025-08-18 17:30:30
76,0.043802,N/A,N/A,1.93e-05,65989.69,1582.00,493086,N/A,2025-08-18 17:30:30
77,0.077076,N/A,N/A,1.95e-05,67051.95,1853.25,500499,N/A,2025-08-18 17:30:30
78,0.132613,N/A,N/A,1.98e-05,64650.44,1340.25,505860,N/A,2025-08-18 17:30:30
79,0.085189,N/A,N/A,2.00e-05,65213.69,1804.00,513076,N/A,2025-08-18 17:30:30
80,0.128020,N/A,N/A,2.02e-05,63848.34,1189.00,517832,1.0000,2025-08-18 17:30:30
81,0.075506,N/A,N/A,2.05e-05,64882.06,1735.50,524774,N/A,2025-08-18 17:30:30
82,0.258936,N/A,N/A,2.07e-05,65517.71,1755.75,531797,N/A,2025-08-18 17:30:30
83,0.055365,N/A,N/A,2.10e-05,66353.48,1745.50,538779,N/A,2025-08-18 17:30:30
84,0.177684,N/A,N/A,2.13e-05,66039.94,1636.25,545324,N/A,2025-08-18 17:30:31
85,0.121141,N/A,N/A,2.15e-05,65543.39,1468.00,551196,N/A,2025-08-18 17:30:31
86,0.188512,N/A,N/A,2.18e-05,66023.28,1728.00,558108,N/A,2025-08-18 17:30:31
87,0.050296,N/A,N/A,2.20e-05,63988.82,1330.25,563429,N/A,2025-08-18 17:30:31
88,0.029466,N/A,N/A,2.22e-05,64523.68,1489.00,569385,N/A,2025-08-18 17:30:31
89,0.097297,N/A,N/A,2.25e-05,63698.09,1376.25,574890,N/A,2025-08-18 17:30:31
90,0.136841,N/A,N/A,2.28e-05,64854.53,1608.50,581324,0.6058,2025-08-18 17:30:31
91,0.064738,N/A,N/A,2.30e-05,65298.40,1803.75,588539,N/A,2025-08-18 17:30:31
92,0.102991,N/A,N/A,2.33e-05,65083.21,1708.75,595374,N/A,2025-08-18 17:30:31
93,0.021180,N/A,N/A,2.35e-05,64957.16,1754.00,602390,N/A,2025-08-18 17:30:32
94,0.219797,N/A,N/A,2.37e-05,63147.44,1227.50,607300,N/A,2025-08-18 17:30:32
95,0.080987,N/A,N/A,2.40e-05,62514.36,1348.75,612695,N/A,2025-08-18 17:30:32
96,0.104010,N/A,N/A,2.42e-05,61566.26,1531.25,618820,N/A,2025-08-18 17:30:32
97,0.334635,N/A,N/A,2.45e-05,62567.49,1613.00,625272,N/A,2025-08-18 17:30:32
98,0.156554,N/A,N/A,2.48e-05,63374.67,1649.25,631869,N/A,2025-08-18 17:30:32
99,0.148353,N/A,N/A,2.50e-05,63628.45,1328.75,637184,N/A,2025-08-18 17:30:32
100,0.146443,N/A,N/A,2.53e-05,62629.94,1538.25,643337,1.0000,2025-08-18 17:30:32
101,0.075686,N/A,N/A,2.55e-05,36446.44,1709.50,650175,N/A,2025-08-18 17:30:33
102,0.061072,N/A,N/A,2.57e-05,36182.29,1610.00,656615,N/A,2025-08-18 17:30:33
103,0.287024,N/A,N/A,2.60e-05,36601.22,1952.75,664426,N/A,2025-08-18 17:30:33
104,0.198615,N/A,N/A,2.63e-05,37673.84,1649.00,671022,N/A,2025-08-18 17:30:33
105,0.369886,N/A,N/A,2.65e-05,38872.06,1854.00,678438,N/A,2025-08-18 17:30:34
106,0.147184,N/A,N/A,2.68e-05,39266.24,1735.75,685381,N/A,2025-08-18 17:30:34
107,0.037263,N/A,N/A,2.70e-05,39258.55,1675.25,692082,N/A,2025-08-18 17:30:34
108,0.170239,N/A,N/A,2.72e-05,39396.83,1697.00,698870,N/A,2025-08-18 17:30:34
109,0.152571,N/A,N/A,2.75e-05,39421.48,1254.00,703886,N/A,2025-08-18 17:30:34
110,0.122993,N/A,N/A,2.77e-05,66617.85,1666.50,710552,1.0000,2025-08-18 17:30:34
111,0.179209,N/A,N/A,2.80e-05,67025.49,1847.00,717940,N/A,2025-08-18 17:30:34
112,0.086263,N/A,N/A,2.83e-05,66563.61,1464.25,723797,N/A,2025-08-18 17:30:34
113,0.161566,N/A,N/A,2.85e-05,65295.30,1619.00,730273,N/A,2025-08-18 17:30:34
114,0.350158,N/A,N/A,2.87e-05,65203.07,1651.25,736878,N/A,2025-08-18 17:30:35
115,0.350194,N/A,N/A,2.90e-05,64423.68,1567.25,743147,N/A,2025-08-18 17:30:35
116,0.332438,N/A,N/A,2.92e-05,64641.38,1780.75,750270,N/A,2025-08-18 17:30:35
117,0.285088,N/A,N/A,2.95e-05,62927.25,1236.75,755217,N/A,2025-08-18 17:30:35
118,0.206105,N/A,N/A,2.98e-05,63730.26,1906.25,762842,N/A,2025-08-18 17:30:35
119,0.127786,N/A,N/A,3.00e-05,66798.13,1794.25,770019,N/A,2025-08-18 17:30:35
120,0.173087,N/A,N/A,3.03e-05,65023.71,1394.75,775598,0.6513,2025-08-18 17:30:35
121,0.173325,N/A,N/A,3.05e-05,63653.74,1525.50,781700,N/A,2025-08-18 17:30:35
122,0.322680,N/A,N/A,3.08e-05,64162.46,1590.25,788061,N/A,2025-08-18 17:30:35
123,0.137596,N/A,N/A,3.10e-05,64470.44,1677.75,794772,N/A,2025-08-18 17:30:36
124,0.177523,N/A,N/A,3.13e-05,64123.19,1518.00,800844,N/A,2025-08-18 17:30:36
125,0.053298,N/A,N/A,3.15e-05,63826.85,1389.75,806403,N/A,2025-08-18 17:30:36
126,0.172160,N/A,N/A,3.18e-05,62850.04,1535.25,812544,N/A,2025-08-18 17:30:36
127,0.118479,N/A,N/A,3.20e-05,64738.02,1720.75,819427,N/A,2025-08-18 17:30:36
128,0.088183,N/A,N/A,3.22e-05,62457.75,1284.25,824564,N/A,2025-08-18 17:30:36
129,0.206290,N/A,N/A,3.25e-05,62331.98,1553.75,830779,N/A,2025-08-18 17:30:36
130,0.154680,N/A,N/A,3.28e-05,60286.23,1411.00,836423,1.0000,2025-08-18 17:30:36
131,0.168578,N/A,N/A,3.30e-05,59820.59,1400.75,842026,N/A,2025-08-18 17:30:36
132,0.300200,N/A,N/A,3.33e-05,59579.93,1562.00,848274,N/A,2025-08-18 17:30:37
133,0.095877,N/A,N/A,3.35e-05,59713.92,1799.00,855470,N/A,2025-08-18 17:30:37
134,0.192484,N/A,N/A,3.38e-05,59846.49,1617.50,861940,N/A,2025-08-18 17:30:37
135,0.221479,N/A,N/A,3.40e-05,60573.76,1590.00,868300,N/A,2025-08-18 17:30:37
136,0.045119,N/A,N/A,3.42e-05,60828.04,1603.50,874714,N/A,2025-08-18 17:30:37
137,0.036857,N/A,N/A,3.45e-05,60829.52,1721.75,881601,N/A,2025-08-18 17:30:37
138,0.088238,N/A,N/A,3.48e-05,61720.02,1522.00,887689,N/A,2025-08-18 17:30:37
139,0.108557,N/A,N/A,3.50e-05,64869.06,1780.00,894809,N/A,2025-08-18 17:30:37
140,0.127906,N/A,N/A,3.53e-05,65571.36,1797.75,902000,1.0000,2025-08-18 17:30:37
141,0.331968,N/A,N/A,3.55e-05,66380.50,1602.50,908410,N/A,2025-08-18 17:30:38
142,0.358991,N/A,N/A,3.58e-05,66509.60,1522.25,914499,N/A,2025-08-18 17:30:38
143,0.294629,N/A,N/A,3.60e-05,65269.72,1512.25,920548,N/A,2025-08-18 17:30:38
144,0.119311,N/A,N/A,3.63e-05,64148.02,1347.00,925936,N/A,2025-08-18 17:30:38
145,0.150294,N/A,N/A,3.65e-05,63159.38,1429.75,931655,N/A,2025-08-18 17:30:38
146,0.095654,N/A,N/A,3.68e-05,64589.47,1991.50,939621,N/A,2025-08-18 17:30:38
147,0.115531,N/A,N/A,3.70e-05,63795.35,1595.25,946002,N/A,2025-08-18 17:30:38
148,0.202946,N/A,N/A,3.72e-05,64199.11,1651.75,952609,N/A,2025-08-18 17:30:38
149,0.166820,N/A,N/A,3.75e-05,64787.24,1763.25,959662,N/A,2025-08-18 17:30:38
150,0.089966,N/A,N/A,3.78e-05,63205.86,1584.50,966000,1.0000,2025-08-18 17:30:39
151,0.162661,N/A,N/A,3.80e-05,64303.58,1877.50,973510,N/A,2025-08-18 17:30:39
152,0.047670,N/A,N/A,3.83e-05,65501.80,1773.25,980603,N/A,2025-08-18 17:30:39
153,0.023365,N/A,N/A,3.85e-05,66324.65,1684.50,987341,N/A,2025-08-18 17:30:39
154,0.196827,N/A,N/A,3.87e-05,68092.17,1662.25,993990,N/A,2025-08-18 17:30:39
155,0.238952,N/A,N/A,3.90e-05,69005.81,1621.50,1000476,N/A,2025-08-18 17:30:39
156,0.198293,N/A,N/A,3.93e-05,68220.56,1715.75,1007339,N/A,2025-08-18 17:30:39
157,0.221023,N/A,N/A,3.95e-05,68102.65,1555.75,1013562,N/A,2025-08-18 17:30:39
158,0.197762,N/A,N/A,3.98e-05,68484.78,1685.00,1020302,N/A,2025-08-18 17:30:39
159,0.100406,N/A,N/A,4.00e-05,69317.16,1785.00,1027442,N/A,2025-08-18 17:30:40
160,0.235899,N/A,N/A,4.03e-05,69091.42,1807.75,1034673,1.0000,2025-08-18 17:30:40
161,0.180174,N/A,N/A,4.05e-05,68555.26,1703.00,1041485,N/A,2025-08-18 17:30:40
162,0.035654,N/A,N/A,4.08e-05,67360.75,1443.00,1047257,N/A,2025-08-18 17:30:40
163,0.343292,N/A,N/A,4.10e-05,68102.92,1822.50,1054547,N/A,2025-08-18 17:30:40
164,0.046499,N/A,N/A,4.12e-05,68436.46,1713.50,1061401,N/A,2025-08-18 17:30:40
165,0.041901,N/A,N/A,4.15e-05,68209.12,1579.75,1067720,N/A,2025-08-18 17:30:40
166,0.153281,N/A,N/A,4.17e-05,67793.25,1584.50,1074058,N/A,2025-08-18 17:30:40
167,0.108156,N/A,N/A,4.20e-05,68339.92,1684.25,1080795,N/A,2025-08-18 17:30:40
168,0.137896,N/A,N/A,4.23e-05,67961.12,1500.25,1086796,N/A,2025-08-18 17:30:41
169,0.083669,N/A,N/A,4.25e-05,67432.61,1397.00,1092384,N/A,2025-08-18 17:30:41
170,0.019201,N/A,N/A,4.28e-05,65556.72,1588.00,1098736,1.0000,2025-08-18 17:30:41
171,0.132627,N/A,N/A,4.30e-05,64886.89,1589.50,1105094,N/A,2025-08-18 17:30:41
172,0.051602,N/A,N/A,4.33e-05,64524.85,1459.25,1110931,N/A,2025-08-18 17:30:41
173,0.105695,N/A,N/A,4.35e-05,63519.99,1594.75,1117310,N/A,2025-08-18 17:30:41
174,0.169792,N/A,N/A,4.38e-05,64046.82,1807.75,1124541,N/A,2025-08-18 17:30:41
175,0.166081,N/A,N/A,4.40e-05,65138.76,1821.75,1131828,N/A,2025-08-18 17:30:41
176,0.055399,N/A,N/A,4.42e-05,64374.23,1422.00,1137516,N/A,2025-08-18 17:30:41
177,0.108190,N/A,N/A,4.45e-05,65113.75,1888.00,1145068,N/A,2025-08-18 17:30:42
178,0.207944,N/A,N/A,4.47e-05,65436.65,1569.25,1151345,N/A,2025-08-18 17:30:42
179,0.080446,N/A,N/A,4.50e-05,66660.29,1511.00,1157389,N/A,2025-08-18 17:30:42
180,0.271562,N/A,N/A,4.53e-05,66642.94,1735.75,1164332,1.0000,2025-08-18 17:30:42
181,0.016421,N/A,N/A,4.55e-05,67543.87,1714.00,1171188,N/A,2025-08-18 17:30:42
182,0.109847,N/A,N/A,4.58e-05,68040.48,1598.25,1177581,N/A,2025-08-18 17:30:42
183,0.061993,N/A,N/A,4.60e-05,67717.00,1524.00,1183677,N/A,2025-08-18 17:30:42
184,0.122406,N/A,N/A,4.63e-05,65655.46,1328.25,1188990,N/A,2025-08-18 17:30:42
185,0.116627,N/A,N/A,4.65e-05,65744.40,1862.50,1196440,N/A,2025-08-18 17:30:42
186,0.090385,N/A,N/A,4.68e-05,65751.34,1415.00,1202100,N/A,2025-08-18 17:30:43
187,0.047497,N/A,N/A,4.70e-05,65495.04,1857.50,1209530,N/A,2025-08-18 17:30:43
188,0.095107,N/A,N/A,4.73e-05,66196.26,1739.00,1216486,N/A,2025-08-18 17:30:43
189,0.447831,N/A,N/A,4.75e-05,67685.66,1695.50,1223268,N/A,2025-08-18 17:30:43
190,0.094908,N/A,N/A,4.78e-05,65567.68,1473.50,1229162,1.0000,2025-08-18 17:30:43
191,0.024704,N/A,N/A,4.80e-05,64898.57,1546.75,1235349,N/A,2025-08-18 17:30:43
192,0.080220,N/A,N/A,4.83e-05,63731.58,1345.50,1240731,N/A,2025-08-18 17:30:43
193,0.160858,N/A,N/A,4.85e-05,64168.68,1655.75,1247354,N/A,2025-08-18 17:30:43
194,0.134094,N/A,N/A,4.87e-05,64508.10,1381.50,1252880,N/A,2025-08-18 17:30:43
195,0.191391,N/A,N/A,4.90e-05,63927.60,1714.50,1259738,N/A,2025-08-18 17:30:44
196,0.060459,N/A,N/A,4.93e-05,65115.25,1649.25,1266335,N/A,2025-08-18 17:30:44
197,0.217592,N/A,N/A,4.95e-05,64013.98,1553.50,1272549,N/A,2025-08-18 17:30:44
198,0.099136,N/A,N/A,4.98e-05,64402.37,1826.75,1279856,N/A,2025-08-18 17:30:44
199,0.123071,N/A,N/A,5.00e-05,64916.57,1650.00,1286456,N/A,2025-08-18 17:30:44
200,0.185734,N/A,N/A,5.00e-05,64645.80,1755.25,1293477,1.0000,2025-08-18 17:30:44
201,0.284181,N/A,N/A,5.00e-05,51486.35,1790.25,1300638,N/A,2025-08-18 17:30:44
202,0.035110,N/A,N/A,5.00e-05,52297.20,1576.75,1306945,N/A,2025-08-18 17:30:45
203,0.049439,N/A,N/A,5.00e-05,52087.18,1568.75,1313220,N/A,2025-08-18 17:30:45
204,0.051601,N/A,N/A,5.00e-05,52738.58,1594.00,1319596,N/A,2025-08-18 17:30:45
205,0.041760,N/A,N/A,5.00e-05,52413.62,1611.50,1326042,N/A,2025-08-18 17:30:45
206,0.055021,N/A,N/A,5.00e-05,52434.52,1662.25,1332691,N/A,2025-08-18 17:30:45
207,0.014984,N/A,N/A,5.00e-05,52559.70,1574.50,1338989,N/A,2025-08-18 17:30:45
208,0.073827,N/A,N/A,5.00e-05,51343.75,1419.75,1344668,N/A,2025-08-18 17:30:45
209,0.078455,N/A,N/A,5.00e-05,51422.83,1389.25,1350225,N/A,2025-08-18 17:30:45
210,0.157005,N/A,N/A,5.00e-05,65477.91,1883.50,1357759,1.0000,2025-08-18 17:30:45
211,0.090588,N/A,N/A,5.00e-05,65666.84,1833.50,1365093,N/A,2025-08-18 17:30:46
212,0.085215,N/A,N/A,5.00e-05,66825.39,1884.25,1372630,N/A,2025-08-18 17:30:46
213,0.091475,N/A,N/A,5.00e-05,66816.12,1560.25,1378871,N/A,2025-08-18 17:30:46
214,0.195509,N/A,N/A,5.00e-05,68277.23,1938.75,1386626,N/A,2025-08-18 17:30:46
215,0.016012,N/A,N/A,5.00e-05,68500.38,1670.25,1393307,N/A,2025-08-18 17:30:46
216,0.019797,N/A,N/A,5.00e-05,68816.87,1751.25,1400312,N/A,2025-08-18 17:30:46
217,0.174258,N/A,N/A,5.00e-05,69488.94,1686.25,1407057,N/A,2025-08-18 17:30:46
218,0.050935,N/A,N/A,5.00e-05,68404.30,1143.00,1411629,N/A,2025-08-18 17:30:46
219,0.030997,N/A,N/A,5.00e-05,71212.28,1787.25,1418778,N/A,2025-08-18 17:30:46
220,0.016522,N/A,N/A,5.00e-05,69293.61,1611.25,1425223,0.8801,2025-08-18 17:30:47
221,0.045722,N/A,N/A,5.00e-05,68956.89,1816.25,1432488,N/A,2025-08-18 17:30:47
222,0.015290,N/A,N/A,5.00e-05,67526.21,1550.00,1438688,N/A,2025-08-18 17:30:47
223,0.288041,N/A,N/A,5.00e-05,66736.78,1381.25,1444213,N/A,2025-08-18 17:30:47
224,0.148635,N/A,N/A,5.00e-05,65765.06,1770.00,1451293,N/A,2025-08-18 17:30:47
225,0.047212,N/A,N/A,5.00e-05,64481.55,1497.50,1457283,N/A,2025-08-18 17:30:47
226,0.127066,N/A,N/A,5.00e-05,62700.95,1305.75,1462506,N/A,2025-08-18 17:30:47
227,0.096197,N/A,N/A,5.00e-05,61720.54,1479.00,1468422,N/A,2025-08-18 17:30:47
228,0.050032,N/A,N/A,5.00e-05,62311.59,1274.25,1473519,N/A,2025-08-18 17:30:47
229,0.026289,N/A,N/A,5.00e-05,62465.05,1663.50,1480173,N/A,2025-08-18 17:30:48
230,0.096018,N/A,N/A,5.00e-05,60987.49,1341.25,1485538,1.0000,2025-08-18 17:30:48
231,0.098246,N/A,N/A,5.00e-05,59654.31,1488.25,1491491,N/A,2025-08-18 17:30:48
232,0.063892,N/A,N/A,5.00e-05,59942.76,1612.25,1497940,N/A,2025-08-18 17:30:48
233,0.050789,N/A,N/A,5.00e-05,60632.26,1478.00,1503852,N/A,2025-08-18 17:30:48
234,0.009968,N/A,N/A,5.00e-05,60167.60,1534.75,1509991,N/A,2025-08-18 17:30:48
235,0.143818,N/A,N/A,5.00e-05,61886.11,1924.75,1517690,N/A,2025-08-18 17:30:48
236,0.057884,N/A,N/A,5.00e-05,63847.60,1755.75,1524713,N/A,2025-08-18 17:30:48
237,0.029479,N/A,N/A,5.00e-05,64083.01,1544.25,1530890,N/A,2025-08-18 17:30:48
238,0.068671,N/A,N/A,5.00e-05,66520.77,1870.50,1538372,N/A,2025-08-18 17:30:48
239,0.053119,N/A,N/A,5.00e-05,66702.54,1550.00,1544572,N/A,2025-08-18 17:30:49
240,0.038503,N/A,N/A,5.00e-05,66411.27,1500.50,1550574,1.0000,2025-08-18 17:30:49
241,0.054197,N/A,N/A,5.00e-05,65963.05,1424.75,1556273,N/A,2025-08-18 17:30:49
242,0.015436,N/A,N/A,5.00e-05,65338.06,1529.25,1562390,N/A,2025-08-18 17:30:49
243,0.047963,N/A,N/A,5.00e-05,66235.57,1716.25,1569255,N/A,2025-08-18 17:30:49
244,0.038235,N/A,N/A,5.00e-05,66443.91,1612.50,1575705,N/A,2025-08-18 17:30:49
245,0.042388,N/A,N/A,5.00e-05,65216.27,1642.75,1582276,N/A,2025-08-18 17:30:49
246,0.023899,N/A,N/A,5.00e-05,65252.25,1777.75,1589387,N/A,2025-08-18 17:30:49
247,0.018888,N/A,N/A,5.00e-05,64246.79,1296.00,1594571,N/A,2025-08-18 17:30:49
248,0.266076,N/A,N/A,5.00e-05,62338.78,1380.50,1600093,N/A,2025-08-18 17:30:50
249,0.032483,N/A,N/A,5.00e-05,64520.12,1846.25,1607478,N/A,2025-08-18 17:30:50
250,0.029466,N/A,N/A,5.00e-05,63635.99,1417.50,1613148,1.0000,2025-08-18 17:30:50
251,0.065984,N/A,N/A,5.00e-05,64664.84,1652.25,1619757,N/A,2025-08-18 17:30:50
252,0.015539,N/A,N/A,5.00e-05,64464.75,1541.75,1625924,N/A,2025-08-18 17:30:50
253,0.006223,N/A,N/A,5.00e-05,65070.33,1847.75,1633315,N/A,2025-08-18 17:30:50
254,0.024299,N/A,N/A,5.00e-05,64614.82,1527.50,1639425,N/A,2025-08-18 17:30:50
255,0.008157,N/A,N/A,5.00e-05,63726.08,1435.00,1645165,N/A,2025-08-18 17:30:50
256,0.021694,N/A,N/A,5.00e-05,63272.12,1686.25,1651910,N/A,2025-08-18 17:30:50
257,0.064749,N/A,N/A,5.00e-05,63903.09,1463.50,1657764,N/A,2025-08-18 17:30:51
258,0.017148,N/A,N/A,5.00e-05,63559.90,1367.50,1663234,N/A,2025-08-18 17:30:51
259,0.014826,N/A,N/A,5.00e-05,63722.91,1747.25,1670223,N/A,2025-08-18 17:30:51
260,0.092305,N/A,N/A,5.00e-05,64734.73,1808.50,1677457,1.0000,2025-08-18 17:30:51
261,0.049263,N/A,N/A,5.00e-05,65332.44,1711.25,1684302,N/A,2025-08-18 17:30:51
262,0.042697,N/A,N/A,5.00e-05,66675.76,1898.75,1691897,N/A,2025-08-18 17:30:51
263,0.007916,N/A,N/A,5.00e-05,65494.66,1551.00,1698101,N/A,2025-08-18 17:30:51
264,0.045164,N/A,N/A,5.00e-05,65478.52,1514.50,1704159,N/A,2025-08-18 17:30:51
265,0.059399,N/A,N/A,5.00e-05,66103.12,1602.50,1710569,N/A,2025-08-18 17:30:51
266,0.147411,N/A,N/A,5.00e-05,64572.42,1303.00,1715781,N/A,2025-08-18 17:30:52
267,0.013734,N/A,N/A,5.00e-05,66325.96,1841.25,1723146,N/A,2025-08-18 17:30:52
268,0.018067,N/A,N/A,5.00e-05,67008.22,1497.00,1729134,N/A,2025-08-18 17:30:52
269,0.026856,N/A,N/A,5.00e-05,67018.30,1594.50,1735512,N/A,2025-08-18 17:30:52
270,0.075833,N/A,N/A,5.00e-05,64431.91,1431.00,1741236,1.0000,2025-08-18 17:30:52
271,0.054154,N/A,N/A,5.00e-05,62492.33,1223.75,1746131,N/A,2025-08-18 17:30:52
272,0.046798,N/A,N/A,5.00e-05,62265.89,1826.25,1753436,N/A,2025-08-18 17:30:52
273,0.044551,N/A,N/A,5.00e-05,62340.06,1564.50,1759694,N/A,2025-08-18 17:30:52
274,0.080249,N/A,N/A,5.00e-05,61648.68,1279.25,1764811,N/A,2025-08-18 17:30:52
275,0.014514,N/A,N/A,5.00e-05,61920.72,1702.00,1771619,N/A,2025-08-18 17:30:53
276,0.020459,N/A,N/A,5.00e-05,64107.25,1881.75,1779146,N/A,2025-08-18 17:30:53
277,0.013856,N/A,N/A,5.00e-05,63209.65,1627.25,1785655,N/A,2025-08-18 17:30:53
278,0.037877,N/A,N/A,5.00e-05,63914.56,1630.00,1792175,N/A,2025-08-18 17:30:53
279,0.047839,N/A,N/A,5.00e-05,63938.82,1447.50,1797965,N/A,2025-08-18 17:30:53
280,0.055450,N/A,N/A,5.00e-05,63625.61,1537.75,1804116,1.0000,2025-08-18 17:30:53
281,0.021239,N/A,N/A,5.00e-05,65520.53,1750.00,1811116,N/A,2025-08-18 17:30:53
282,0.016653,N/A,N/A,5.00e-05,65040.40,1729.25,1818033,N/A,2025-08-18 17:30:53
283,0.033391,N/A,N/A,5.00e-05,65591.48,1796.00,1825217,N/A,2025-08-18 17:30:53
284,0.030051,N/A,N/A,5.00e-05,66984.36,1626.75,1831724,N/A,2025-08-18 17:30:54
285,0.027214,N/A,N/A,5.00e-05,66181.77,1479.50,1837642,N/A,2025-08-18 17:30:54
286,0.089619,N/A,N/A,5.00e-05,64659.51,1572.50,1843932,N/A,2025-08-18 17:30:54
287,0.059565,N/A,N/A,5.00e-05,65239.45,1823.00,1851224,N/A,2025-08-18 17:30:54
288,0.015150,N/A,N/A,5.00e-05,66006.64,1808.50,1858458,N/A,2025-08-18 17:30:54
289,0.008384,N/A,N/A,5.00e-05,66381.79,1394.50,1864036,N/A,2025-08-18 17:30:54
290,0.017320,N/A,N/A,5.00e-05,65756.57,1491.00,1870000,0.2675,2025-08-18 17:30:54
291,0.009760,N/A,N/A,5.00e-05,65208.13,1645.75,1876583,N/A,2025-08-18 17:30:54
292,0.015175,N/A,N/A,5.00e-05,65844.10,1876.75,1884090,N/A,2025-08-18 17:30:54
293,0.011398,N/A,N/A,5.00e-05,64731.59,1546.25,1890275,N/A,2025-08-18 17:30:55
294,0.016577,N/A,N/A,5.00e-05,63818.95,1395.75,1895858,N/A,2025-08-18 17:30:55
295,0.017444,N/A,N/A,5.00e-05,63538.73,1442.50,1901628,N/A,2025-08-18 17:30:55
296,0.012513,N/A,N/A,5.00e-05,64455.79,1752.50,1908638,N/A,2025-08-18 17:30:55
297,0.066786,N/A,N/A,5.00e-05,63760.82,1585.25,1914979,N/A,2025-08-18 17:30:55
298,0.008353,N/A,N/A,5.00e-05,64052.92,1897.25,1922568,N/A,2025-08-18 17:30:55
299,0.007733,N/A,N/A,5.00e-05,65208.82,1526.50,1928674,N/A,2025-08-18 17:30:55
300,0.008724,N/A,N/A,5.00e-05,66247.34,1872.25,1936163,0.1902,2025-08-18 17:30:55
301,0.016650,N/A,N/A,5.00e-05,53152.96,1595.00,1942543,N/A,2025-08-18 17:30:56
302,0.026772,N/A,N/A,5.00e-05,52477.65,1621.75,1949030,N/A,2025-08-18 17:30:56
303,0.014681,N/A,N/A,5.00e-05,52348.61,1436.50,1954776,N/A,2025-08-18 17:30:56
304,0.024765,N/A,N/A,5.00e-05,53008.49,1497.50,1960766,N/A,2025-08-18 17:30:56
305,0.019068,N/A,N/A,5.00e-05,53559.26,1580.00,1967086,N/A,2025-08-18 17:30:56
306,0.007391,N/A,N/A,5.00e-05,52451.46,1388.75,1972641,N/A,2025-08-18 17:30:56
307,0.010226,N/A,N/A,5.00e-05,53355.19,1756.50,1979667,N/A,2025-08-18 17:30:56
308,0.017192,N/A,N/A,5.00e-05,53690.30,1928.00,1987379,N/A,2025-08-18 17:30:56
309,0.021639,N/A,N/A,5.00e-05,54685.91,1636.75,1993926,N/A,2025-08-18 17:30:57
310,0.006947,N/A,N/A,5.00e-05,68585.71,1970.50,2001808,1.0000,2025-08-18 17:30:57
311,0.009405,N/A,N/A,5.00e-05,68124.61,1427.25,2007517,N/A,2025-08-18 17:30:57
312,0.009940,N/A,N/A,5.00e-05,66957.97,1397.75,2013108,N/A,2025-08-18 17:30:57
313,0.088553,N/A,N/A,5.00e-05,66820.63,1370.25,2018589,N/A,2025-08-18 17:30:57
314,0.043851,N/A,N/A,5.00e-05,67554.45,1671.75,2025276,N/A,2025-08-18 17:30:57
315,0.016344,N/A,N/A,5.00e-05,68490.99,1776.00,2032380,N/A,2025-08-18 17:30:57
316,0.077820,N/A,N/A,5.00e-05,69448.89,1680.50,2039102,N/A,2025-08-18 17:30:57
317,0.027101,N/A,N/A,5.00e-05,68015.77,1399.00,2044698,N/A,2025-08-18 17:30:57
318,0.076505,N/A,N/A,5.00e-05,65482.21,1291.00,2049862,N/A,2025-08-18 17:30:57
319,0.021393,N/A,N/A,5.00e-05,65195.62,1348.75,2055257,N/A,2025-08-18 17:30:58
320,0.022012,N/A,N/A,5.00e-05,63142.54,1748.25,2062250,1.0000,2025-08-18 17:30:58
321,0.018350,N/A,N/A,5.00e-05,63948.46,1608.00,2068682,N/A,2025-08-18 17:30:58
322,0.028337,N/A,N/A,5.00e-05,65394.85,1735.75,2075625,N/A,2025-08-18 17:30:58
323,0.015214,N/A,N/A,5.00e-05,66593.79,1652.00,2082233,N/A,2025-08-18 17:30:58
324,0.020893,N/A,N/A,5.00e-05,67203.05,1802.00,2089441,N/A,2025-08-18 17:30:58
325,0.040484,N/A,N/A,5.00e-05,67167.44,1686.00,2096185,N/A,2025-08-18 17:30:58
326,0.019247,N/A,N/A,5.00e-05,66772.25,1612.50,2102635,N/A,2025-08-18 17:30:58
327,0.015841,N/A,N/A,5.00e-05,68366.76,1811.50,2109881,N/A,2025-08-18 17:30:58
328,0.014572,N/A,N/A,5.00e-05,68599.93,1345.00,2115261,N/A,2025-08-18 17:30:59
329,0.006648,N/A,N/A,5.00e-05,70528.58,1515.75,2121324,N/A,2025-08-18 17:30:59
330,0.018331,N/A,N/A,5.00e-05,68892.45,1512.00,2127372,0.5037,2025-08-18 17:30:59
331,0.051978,N/A,N/A,5.00e-05,69106.38,1684.75,2134111,N/A,2025-08-18 17:30:59
332,0.012286,N/A,N/A,5.00e-05,68610.66,1623.75,2140606,N/A,2025-08-18 17:30:59
333,0.012582,N/A,N/A,5.00e-05,67256.05,1374.25,2146103,N/A,2025-08-18 17:30:59
334,0.016922,N/A,N/A,5.00e-05,65131.76,1339.75,2151462,N/A,2025-08-18 17:30:59
335,0.011096,N/A,N/A,5.00e-05,64564.75,1734.75,2158401,N/A,2025-08-18 17:30:59
336,0.013704,N/A,N/A,5.00e-05,64155.60,1550.25,2164602,N/A,2025-08-18 17:30:59
337,0.008520,N/A,N/A,5.00e-05,62931.40,1629.75,2171121,N/A,2025-08-18 17:31:00
338,0.018780,N/A,N/A,5.00e-05,63773.41,1681.75,2177848,N/A,2025-08-18 17:31:00
339,0.010585,N/A,N/A,5.00e-05,64553.85,1659.75,2184487,N/A,2025-08-18 17:31:00
340,0.008490,N/A,N/A,5.00e-05,65300.52,1960.25,2192328,1.0000,2025-08-18 17:31:00
341,0.020557,N/A,N/A,5.00e-05,63742.50,1388.75,2197883,N/A,2025-08-18 17:31:00
342,0.013653,N/A,N/A,5.00e-05,64253.99,1813.25,2205136,N/A,2025-08-18 17:31:00
343,0.017448,N/A,N/A,5.00e-05,64222.53,1415.00,2210796,N/A,2025-08-18 17:31:00
344,0.042215,N/A,N/A,5.00e-05,65645.59,1608.50,2217230,N/A,2025-08-18 17:31:00
345,0.005281,N/A,N/A,5.00e-05,65408.76,1680.25,2223951,N/A,2025-08-18 17:31:00
346,0.012306,N/A,N/A,5.00e-05,65885.64,1719.50,2230829,N/A,2025-08-18 17:31:01
347,0.004482,N/A,N/A,5.00e-05,65216.54,1433.50,2236563,N/A,2025-08-18 17:31:01
348,0.010344,N/A,N/A,5.00e-05,65976.09,1837.25,2243912,N/A,2025-08-18 17:31:01
349,0.033859,N/A,N/A,5.00e-05,66963.28,1737.25,2250861,N/A,2025-08-18 17:31:01
350,0.051298,N/A,N/A,5.00e-05,64574.04,1582.50,2257191,1.0000,2025-08-18 17:31:01
351,0.009060,N/A,N/A,5.00e-05,66647.51,1980.25,2265112,N/A,2025-08-18 17:31:01
352,0.013520,N/A,N/A,5.00e-05,66350.41,1774.00,2272208,N/A,2025-08-18 17:31:01
353,0.005819,N/A,N/A,5.00e-05,66980.71,1571.25,2278493,N/A,2025-08-18 17:31:01
354,0.022709,N/A,N/A,5.00e-05,65693.44,1332.25,2283822,N/A,2025-08-18 17:31:01
355,0.039560,N/A,N/A,5.00e-05,65040.09,1458.50,2289656,N/A,2025-08-18 17:31:02
356,0.010352,N/A,N/A,5.00e-05,64689.33,1628.25,2296169,N/A,2025-08-18 17:31:02
357,0.009777,N/A,N/A,5.00e-05,65278.44,1607.50,2302599,N/A,2025-08-18 17:31:02
358,0.009727,N/A,N/A,5.00e-05,64624.35,1603.75,2309014,N/A,2025-08-18 17:31:02
359,0.008098,N/A,N/A,5.00e-05,65137.17,1632.50,2315544,N/A,2025-08-18 17:31:02
360,0.017696,N/A,N/A,5.00e-05,66068.36,1945.75,2323327,0.9975,2025-08-18 17:31:02
361,0.010251,N/A,N/A,5.00e-05,64893.72,1615.75,2329790,N/A,2025-08-18 17:31:02
362,0.007254,N/A,N/A,5.00e-05,64955.32,1848.00,2337182,N/A,2025-08-18 17:31:02
363,0.008720,N/A,N/A,5.00e-05,65340.58,1611.00,2343626,N/A,2025-08-18 17:31:02
364,0.018602,N/A,N/A,5.00e-05,67520.91,1816.50,2350892,N/A,2025-08-18 17:31:03
365,0.010614,N/A,N/A,5.00e-05,69636.56,1927.00,2358600,N/A,2025-08-18 17:31:03
366,0.007936,N/A,N/A,5.00e-05,69802.97,1660.50,2365242,N/A,2025-08-18 17:31:03
367,0.005871,N/A,N/A,5.00e-05,70480.87,1816.00,2372506,N/A,2025-08-18 17:31:03
368,0.010483,N/A,N/A,5.00e-05,69732.55,1403.25,2378119,N/A,2025-08-18 17:31:03
369,0.009659,N/A,N/A,5.00e-05,70953.20,1682.50,2384849,N/A,2025-08-18 17:31:03
370,0.008398,N/A,N/A,5.00e-05,69547.21,1769.50,2391927,0.6731,2025-08-18 17:31:03
371,0.005851,N/A,N/A,5.00e-05,69941.06,1564.25,2398184,N/A,2025-08-18 17:31:03
372,0.013605,N/A,N/A,5.00e-05,69387.50,1696.25,2404969,N/A,2025-08-18 17:31:03
373,0.011017,N/A,N/A,5.00e-05,68194.81,1356.00,2410393,N/A,2025-08-18 17:31:04
374,0.010411,N/A,N/A,5.00e-05,67784.36,1769.25,2417470,N/A,2025-08-18 17:31:04
375,0.010756,N/A,N/A,5.00e-05,66285.06,1505.75,2423493,N/A,2025-08-18 17:31:04
376,0.009808,N/A,N/A,5.00e-05,65907.25,1512.00,2429541,N/A,2025-08-18 17:31:04
377,0.006720,N/A,N/A,5.00e-05,64943.60,1569.25,2435818,N/A,2025-08-18 17:31:04
378,0.009142,N/A,N/A,5.00e-05,65982.35,1668.25,2442491,N/A,2025-08-18 17:31:04
379,0.005520,N/A,N/A,5.00e-05,67498.35,1918.00,2450163,N/A,2025-08-18 17:31:04
380,0.017031,N/A,N/A,5.00e-05,66179.28,1633.00,2456695,0.1051,2025-08-18 17:31:04
381,0.007214,N/A,N/A,5.00e-05,66577.68,1685.50,2463437,N/A,2025-08-18 17:31:04
382,0.006722,N/A,N/A,5.00e-05,67072.55,1785.50,2470579,N/A,2025-08-18 17:31:04
383,0.008172,N/A,N/A,5.00e-05,68304.92,1641.50,2477145,N/A,2025-08-18 17:31:05
384,0.004600,N/A,N/A,5.00e-05,67487.42,1622.00,2483633,N/A,2025-08-18 17:31:05
385,0.010526,N/A,N/A,5.00e-05,67415.41,1559.50,2489871,N/A,2025-08-18 17:31:05
386,0.004317,N/A,N/A,5.00e-05,68667.20,1919.25,2497548,N/A,2025-08-18 17:31:05
387,0.006619,N/A,N/A,5.00e-05,68136.00,1512.25,2503597,N/A,2025-08-18 17:31:05
388,0.006086,N/A,N/A,5.00e-05,68190.48,1718.25,2510470,N/A,2025-08-18 17:31:05
389,0.007853,N/A,N/A,5.00e-05,66957.88,1508.00,2516502,N/A,2025-08-18 17:31:05
390,0.007482,N/A,N/A,5.00e-05,66451.71,1882.25,2524031,0.1641,2025-08-18 17:31:05
391,0.014136,N/A,N/A,5.00e-05,64930.51,1339.50,2529389,N/A,2025-08-18 17:31:05
392,0.003868,N/A,N/A,5.00e-05,65343.95,1905.25,2537010,N/A,2025-08-18 17:31:06
393,0.001909,N/A,N/A,5.00e-05,66604.22,1947.75,2544801,N/A,2025-08-18 17:31:06
394,0.006300,N/A,N/A,5.00e-05,66755.06,1630.75,2551324,N/A,2025-08-18 17:31:06
395,0.011116,N/A,N/A,5.00e-05,67541.67,1717.75,2558195,N/A,2025-08-18 17:31:06
396,0.008786,N/A,N/A,5.00e-05,67842.07,1948.25,2565988,N/A,2025-08-18 17:31:06
397,0.009536,N/A,N/A,5.00e-05,68256.91,1641.00,2572552,N/A,2025-08-18 17:31:06
398,0.007260,N/A,N/A,5.00e-05,69141.64,1947.00,2580340,N/A,2025-08-18 17:31:06
399,0.011672,N/A,N/A,5.00e-05,70092.46,1400.75,2585943,N/A,2025-08-18 17:31:06
400,0.009978,N/A,N/A,5.00e-05,68394.42,1680.25,2592664,1.0000,2025-08-18 17:31:07
401,0.013530,N/A,N/A,5.00e-05,53911.56,1213.50,2597518,N/A,2025-08-18 17:31:07
402,0.008957,N/A,N/A,5.00e-05,53269.82,1692.00,2604286,N/A,2025-08-18 17:31:07
403,0.011254,N/A,N/A,5.00e-05,51606.23,1467.75,2610157,N/A,2025-08-18 17:31:07
404,0.005297,N/A,N/A,5.00e-05,50940.57,1415.75,2615820,N/A,2025-08-18 17:31:07
405,0.009401,N/A,N/A,5.00e-05,51029.21,1713.25,2622673,N/A,2025-08-18 17:31:07
406,0.010415,N/A,N/A,5.00e-05,50983.73,1887.00,2630221,N/A,2025-08-18 17:31:07
407,0.011614,N/A,N/A,5.00e-05,51785.42,1865.75,2637684,N/A,2025-08-18 17:31:08
408,0.008205,N/A,N/A,5.00e-05,51506.41,1842.75,2645055,N/A,2025-08-18 17:31:08
409,0.007487,N/A,N/A,5.00e-05,53064.44,1693.00,2651827,N/A,2025-08-18 17:31:08
410,0.014637,N/A,N/A,5.00e-05,66096.56,1553.75,2658042,0.5242,2025-08-18 17:31:08
411,0.003675,N/A,N/A,5.00e-05,68162.33,1708.25,2664875,N/A,2025-08-18 17:31:08
412,0.009998,N/A,N/A,5.00e-05,67082.96,1356.25,2670300,N/A,2025-08-18 17:31:08
413,0.011750,N/A,N/A,5.00e-05,68563.13,1811.25,2677545,N/A,2025-08-18 17:31:08
414,0.038077,N/A,N/A,5.00e-05,68677.19,1445.50,2683327,N/A,2025-08-18 17:31:08
415,0.005012,N/A,N/A,5.00e-05,66420.30,1142.50,2687897,N/A,2025-08-18 17:31:08
416,0.002706,N/A,N/A,5.00e-05,66143.64,1792.50,2695067,N/A,2025-08-18 17:31:09
417,0.013458,N/A,N/A,5.00e-05,64369.28,1404.75,2700686,N/A,2025-08-18 17:31:09
418,0.007444,N/A,N/A,5.00e-05,63381.12,1591.00,2707050,N/A,2025-08-18 17:31:09
419,0.009252,N/A,N/A,5.00e-05,62744.24,1350.25,2712451,N/A,2025-08-18 17:31:09
420,0.010661,N/A,N/A,5.00e-05,62794.24,1706.00,2719275,0.2295,2025-08-18 17:31:09
421,0.004579,N/A,N/A,5.00e-05,63498.67,1881.50,2726801,N/A,2025-08-18 17:31:09
422,0.003915,N/A,N/A,5.00e-05,63916.88,1424.25,2732498,N/A,2025-08-18 17:31:09
423,0.012145,N/A,N/A,5.00e-05,63088.84,1576.25,2738803,N/A,2025-08-18 17:31:09
424,0.014834,N/A,N/A,5.00e-05,63216.55,1481.00,2744727,N/A,2025-08-18 17:31:09
425,0.018577,N/A,N/A,5.00e-05,65745.16,1765.25,2751788,N/A,2025-08-18 17:31:09
426,0.005671,N/A,N/A,5.00e-05,64928.37,1594.75,2758167,N/A,2025-08-18 17:31:10
427,0.012706,N/A,N/A,5.00e-05,65045.42,1452.75,2763978,N/A,2025-08-18 17:31:10
428,0.006472,N/A,N/A,5.00e-05,65102.18,1668.50,2770652,N/A,2025-08-18 17:31:10
429,0.006201,N/A,N/A,5.00e-05,66362.68,1491.50,2776618,N/A,2025-08-18 17:31:10
430,0.002853,N/A,N/A,5.00e-05,65020.20,1530.75,2782741,0.8147,2025-08-18 17:31:10
431,0.007200,N/A,N/A,5.00e-05,63694.20,1553.25,2788954,N/A,2025-08-18 17:31:10
432,0.008099,N/A,N/A,5.00e-05,64530.81,1737.25,2795903,N/A,2025-08-18 17:31:10
433,0.011752,N/A,N/A,5.00e-05,63729.19,1396.25,2801488,N/A,2025-08-18 17:31:10
434,0.010371,N/A,N/A,5.00e-05,63886.82,1522.50,2807578,N/A,2025-08-18 17:31:10
435,0.007810,N/A,N/A,5.00e-05,63578.94,1713.00,2814430,N/A,2025-08-18 17:31:11
436,0.004577,N/A,N/A,5.00e-05,62343.52,1287.25,2819579,N/A,2025-08-18 17:31:11
437,0.012111,N/A,N/A,5.00e-05,64550.19,1966.50,2827445,N/A,2025-08-18 17:31:11
438,0.006954,N/A,N/A,5.00e-05,64251.10,1616.50,2833911,N/A,2025-08-18 17:31:11
439,0.020168,N/A,N/A,5.00e-05,64894.42,1495.75,2839894,N/A,2025-08-18 17:31:11
440,0.031712,N/A,N/A,5.00e-05,63850.44,1585.50,2846236,1.0000,2025-08-18 17:31:11
441,0.010618,N/A,N/A,5.00e-05,64983.76,1775.50,2853338,N/A,2025-08-18 17:31:11
442,0.023537,N/A,N/A,5.00e-05,64816.86,1664.50,2859996,N/A,2025-08-18 17:31:11
443,0.010685,N/A,N/A,5.00e-05,65664.55,1619.25,2866473,N/A,2025-08-18 17:31:11
444,0.010863,N/A,N/A,5.00e-05,66440.29,1679.00,2873189,N/A,2025-08-18 17:31:12
445,0.013709,N/A,N/A,5.00e-05,65161.00,1377.25,2878698,N/A,2025-08-18 17:31:12
446,0.015434,N/A,N/A,5.00e-05,66372.11,1618.75,2885173,N/A,2025-08-18 17:31:12
447,0.014842,N/A,N/A,5.00e-05,65794.01,1825.50,2892475,N/A,2025-08-18 17:31:12
448,0.011160,N/A,N/A,5.00e-05,64782.68,1367.50,2897945,N/A,2025-08-18 17:31:12
449,0.014568,N/A,N/A,5.00e-05,67935.53,1964.75,2905804,N/A,2025-08-18 17:31:12
450,0.003302,N/A,N/A,5.00e-05,68088.44,1792.25,2912973,0.9322,2025-08-18 17:31:12
451,0.005803,N/A,N/A,5.00e-05,67669.36,1662.50,2919623,N/A,2025-08-18 17:31:12
452,0.008563,N/A,N/A,5.00e-05,66652.20,1394.50,2925201,N/A,2025-08-18 17:31:12
453,0.007471,N/A,N/A,5.00e-05,66762.31,1661.50,2931847,N/A,2025-08-18 17:31:13
454,0.009101,N/A,N/A,5.00e-05,67071.63,1852.25,2939256,N/A,2025-08-18 17:31:13
455,0.013151,N/A,N/A,5.00e-05,69312.09,1932.00,2946984,N/A,2025-08-18 17:31:13
456,0.008593,N/A,N/A,5.00e-05,68511.09,1377.00,2952492,N/A,2025-08-18 17:31:13
457,0.007763,N/A,N/A,5.00e-05,68677.97,1849.25,2959889,N/A,2025-08-18 17:31:13
458,0.005640,N/A,N/A,5.00e-05,69601.65,1604.00,2966305,N/A,2025-08-18 17:31:13
459,0.010358,N/A,N/A,5.00e-05,69915.62,1822.00,2973593,N/A,2025-08-18 17:31:13
460,0.004890,N/A,N/A,5.00e-05,67917.85,1601.00,2979997,0.4913,2025-08-18 17:31:13
461,0.005274,N/A,N/A,5.00e-05,67467.80,1556.50,2986223,N/A,2025-08-18 17:31:13
462,0.011861,N/A,N/A,5.00e-05,69451.64,1857.50,2993653,N/A,2025-08-18 17:31:14
463,0.015439,N/A,N/A,5.00e-05,70542.83,1856.25,3001078,N/A,2025-08-18 17:31:14
464,0.008741,N/A,N/A,5.00e-05,69072.67,1460.75,3006921,N/A,2025-08-18 17:31:14
465,0.004781,N/A,N/A,5.00e-05,67851.13,1698.50,3013715,N/A,2025-08-18 17:31:14
466,0.011891,N/A,N/A,5.00e-05,68943.60,1672.00,3020403,N/A,2025-08-18 17:31:14
467,0.012574,N/A,N/A,5.00e-05,67808.28,1575.75,3026706,N/A,2025-08-18 17:31:14
468,0.003096,N/A,N/A,5.00e-05,67416.00,1607.25,3033135,N/A,2025-08-18 17:31:14
469,0.008465,N/A,N/A,5.00e-05,67759.57,1651.25,3039740,N/A,2025-08-18 17:31:14
470,0.005092,N/A,N/A,5.00e-05,67471.73,1714.75,3046599,0.6166,2025-08-18 17:31:14
471,0.009388,N/A,N/A,5.00e-05,67672.50,1699.50,3053397,N/A,2025-08-18 17:31:15
472,0.023152,N/A,N/A,5.00e-05,66417.74,1582.50,3059727,N/A,2025-08-18 17:31:15
473,0.009741,N/A,N/A,5.00e-05,64884.03,1559.00,3065963,N/A,2025-08-18 17:31:15
474,0.007615,N/A,N/A,5.00e-05,64313.68,1364.00,3071419,N/A,2025-08-18 17:31:15
475,0.009183,N/A,N/A,5.00e-05,63699.72,1568.75,3077694,N/A,2025-08-18 17:31:15
476,0.017055,N/A,N/A,5.00e-05,62293.46,1359.75,3083133,N/A,2025-08-18 17:31:15
477,0.003826,N/A,N/A,5.00e-05,61906.69,1435.50,3088875,N/A,2025-08-18 17:31:15
478,0.004574,N/A,N/A,5.00e-05,61938.45,1589.50,3095233,N/A,2025-08-18 17:31:15
479,0.016816,N/A,N/A,5.00e-05,62728.17,1706.25,3102058,N/A,2025-08-18 17:31:15
480,0.014746,N/A,N/A,5.00e-05,62239.84,1683.75,3108793,1.0000,2025-08-18 17:31:16
481,0.001920,N/A,N/A,5.00e-05,63252.88,1905.50,3116415,N/A,2025-08-18 17:31:16
482,0.007723,N/A,N/A,5.00e-05,63934.75,1703.25,3123228,N/A,2025-08-18 17:31:16
483,0.028805,N/A,N/A,5.00e-05,64845.50,1687.50,3129978,N/A,2025-08-18 17:31:16
484,0.007325,N/A,N/A,5.00e-05,66495.36,1711.75,3136825,N/A,2025-08-18 17:31:16
485,0.024332,N/A,N/A,5.00e-05,66589.09,1494.50,3142803,N/A,2025-08-18 17:31:16
486,0.009051,N/A,N/A,5.00e-05,66900.91,1384.50,3148341,N/A,2025-08-18 17:31:16
487,0.027899,N/A,N/A,5.00e-05,67209.18,1562.25,3154590,N/A,2025-08-18 17:31:16
488,0.035072,N/A,N/A,5.00e-05,67577.66,1666.75,3161257,N/A,2025-08-18 17:31:16
489,0.021713,N/A,N/A,5.00e-05,67968.97,1621.50,3167743,N/A,2025-08-18 17:31:16
490,0.016397,N/A,N/A,5.00e-05,66838.26,1632.50,3174273,1.0000,2025-08-18 17:31:17
491,0.006840,N/A,N/A,5.00e-05,66936.44,1860.00,3181713,N/A,2025-08-18 17:31:17
492,0.003433,N/A,N/A,5.00e-05,66281.46,1568.25,3187986,N/A,2025-08-18 17:31:17
493,0.032875,N/A,N/A,5.00e-05,65303.46,1532.50,3194116,N/A,2025-08-18 17:31:17
494,0.018398,N/A,N/A,5.00e-05,65535.95,1804.25,3201333,N/A,2025-08-18 17:31:17
495,0.009267,N/A,N/A,5.00e-05,65776.55,1555.00,3207553,N/A,2025-08-18 17:31:17
496,0.037786,N/A,N/A,5.00e-05,67273.17,1764.50,3214611,N/A,2025-08-18 17:31:17
497,0.016527,N/A,N/A,5.00e-05,66741.41,1393.50,3220185,N/A,2025-08-18 17:31:17
498,0.025906,N/A,N/A,5.00e-05,66843.71,1689.50,3226943,N/A,2025-08-18 17:31:17
499,0.033638,N/A,N/A,5.00e-05,67553.35,1588.75,3233298,N/A,2025-08-18 17:31:18
500,0.030271,N/A,N/A,5.00e-05,65078.00,1230.75,3238221,1.0000,2025-08-18 17:31:18
501,0.021739,N/A,N/A,5.00e-05,49817.06,1859.25,3245658,N/A,2025-08-18 17:31:18
502,0.009881,N/A,N/A,5.00e-05,51021.13,1899.50,3253256,N/A,2025-08-18 17:31:18
503,0.037949,N/A,N/A,5.00e-05,50739.89,1438.25,3259009,N/A,2025-08-18 17:31:18
504,0.027477,N/A,N/A,5.00e-05,50052.00,1572.00,3265297,N/A,2025-08-18 17:31:18
505,0.023566,N/A,N/A,5.00e-05,49775.80,1418.50,3270971,N/A,2025-08-18 17:31:19
506,0.022333,N/A,N/A,5.00e-05,48290.53,1296.50,3276157,N/A,2025-08-18 17:31:19
507,0.014837,N/A,N/A,5.00e-05,48356.13,1447.00,3281945,N/A,2025-08-18 17:31:19
508,0.017409,N/A,N/A,5.00e-05,48742.88,1784.50,3289083,N/A,2025-08-18 17:31:19
509,0.031682,N/A,N/A,5.00e-05,49198.03,1578.50,3295397,N/A,2025-08-18 17:31:19
510,0.017550,N/A,N/A,5.00e-05,64982.06,1563.00,3301649,1.0000,2025-08-18 17:31:19
511,0.013689,N/A,N/A,5.00e-05,64484.45,1751.25,3308654,N/A,2025-08-18 17:31:19
512,0.009366,N/A,N/A,5.00e-05,64160.42,1818.00,3315926,N/A,2025-08-18 17:31:19
513,0.003738,N/A,N/A,5.00e-05,64522.83,1586.50,3322272,N/A,2025-08-18 17:31:19
514,0.010621,N/A,N/A,5.00e-05,65072.67,1730.75,3329195,N/A,2025-08-18 17:31:20
515,0.013604,N/A,N/A,5.00e-05,66426.51,1744.75,3336174,N/A,2025-08-18 17:31:20
516,0.014798,N/A,N/A,5.00e-05,67027.51,1385.75,3341717,N/A,2025-08-18 17:31:20
517,0.011577,N/A,N/A,5.00e-05,68039.23,1727.50,3348627,N/A,2025-08-18 17:31:20
518,0.009549,N/A,N/A,5.00e-05,67384.53,1666.25,3355292,N/A,2025-08-18 17:31:20
519,0.003264,N/A,N/A,5.00e-05,69072.99,1753.75,3362307,N/A,2025-08-18 17:31:20
520,0.010710,N/A,N/A,5.00e-05,68348.27,1555.50,3368529,0.2240,2025-08-18 17:31:20
521,0.005996,N/A,N/A,5.00e-05,67196.15,1507.00,3374557,N/A,2025-08-18 17:31:20
522,0.009769,N/A,N/A,5.00e-05,66427.20,1543.00,3380729,N/A,2025-08-18 17:31:20
523,0.006378,N/A,N/A,5.00e-05,66238.00,1460.25,3386570,N/A,2025-08-18 17:31:20
524,0.012792,N/A,N/A,5.00e-05,64768.16,1355.50,3391992,N/A,2025-08-18 17:31:21
525,0.009205,N/A,N/A,5.00e-05,64404.22,1650.00,3398592,N/A,2025-08-18 17:31:21
526,0.010583,N/A,N/A,5.00e-05,66780.73,1916.75,3406259,N/A,2025-08-18 17:31:21
527,0.005350,N/A,N/A,5.00e-05,67073.08,1723.25,3413152,N/A,2025-08-18 17:31:21
528,0.003641,N/A,N/A,5.00e-05,65908.60,1372.00,3418640,N/A,2025-08-18 17:31:21
529,0.007422,N/A,N/A,5.00e-05,65812.53,1520.00,3424720,N/A,2025-08-18 17:31:21
530,0.007430,N/A,N/A,5.00e-05,64937.83,1449.00,3430516,0.4851,2025-08-18 17:31:21
531,0.003886,N/A,N/A,5.00e-05,65359.81,1657.25,3437145,N/A,2025-08-18 17:31:21
532,0.022054,N/A,N/A,5.00e-05,64565.83,1430.00,3442865,N/A,2025-08-18 17:31:21
533,0.015539,N/A,N/A,5.00e-05,64967.23,1646.75,3449452,N/A,2025-08-18 17:31:22
534,0.004486,N/A,N/A,5.00e-05,64687.01,1296.25,3454637,N/A,2025-08-18 17:31:22
535,0.011064,N/A,N/A,5.00e-05,64093.72,1560.50,3460879,N/A,2025-08-18 17:31:22
536,0.028000,N/A,N/A,5.00e-05,62511.31,1595.00,3467259,N/A,2025-08-18 17:31:22
537,0.018596,N/A,N/A,5.00e-05,62587.84,1713.75,3474114,N/A,2025-08-18 17:31:22
538,0.003416,N/A,N/A,5.00e-05,62667.38,1441.50,3479880,N/A,2025-08-18 17:31:22
539,0.006608,N/A,N/A,5.00e-05,64205.97,1769.75,3486959,N/A,2025-08-18 17:31:22
540,0.026088,N/A,N/A,5.00e-05,64503.43,1691.25,3493724,0.6175,2025-08-18 17:31:22
541,0.024940,N/A,N/A,5.00e-05,64775.75,1713.00,3500576,N/A,2025-08-18 17:31:22
542,0.004584,N/A,N/A,5.00e-05,65104.91,1449.75,3506375,N/A,2025-08-18 17:31:23
543,0.008518,N/A,N/A,5.00e-05,65440.54,1776.75,3513482,N/A,2025-08-18 17:31:23
544,0.014373,N/A,N/A,5.00e-05,66171.09,1421.25,3519167,N/A,2025-08-18 17:31:23
545,0.006446,N/A,N/A,5.00e-05,66665.90,1646.00,3525751,N/A,2025-08-18 17:31:23
546,0.010968,N/A,N/A,5.00e-05,67860.53,1893.75,3533326,N/A,2025-08-18 17:31:23
547,0.007942,N/A,N/A,5.00e-05,67397.74,1629.75,3539845,N/A,2025-08-18 17:31:23
548,0.019792,N/A,N/A,5.00e-05,66746.56,1265.75,3544908,N/A,2025-08-18 17:31:23
549,0.009959,N/A,N/A,5.00e-05,67676.88,1846.50,3552294,N/A,2025-08-18 17:31:23
550,0.004169,N/A,N/A,5.00e-05,66104.58,1498.00,3558286,1.0000,2025-08-18 17:31:23
551,0.004156,N/A,N/A,5.00e-05,66390.74,1773.25,3565379,N/A,2025-08-18 17:31:24
552,0.009895,N/A,N/A,5.00e-05,68189.75,1850.75,3572782,N/A,2025-08-18 17:31:24
553,0.006115,N/A,N/A,5.00e-05,68192.10,1801.00,3579986,N/A,2025-08-18 17:31:24
554,0.013674,N/A,N/A,5.00e-05,69918.85,1869.75,3587465,N/A,2025-08-18 17:31:24
555,0.006741,N/A,N/A,5.00e-05,69501.00,1547.50,3593655,N/A,2025-08-18 17:31:24
556,0.016382,N/A,N/A,5.00e-05,68799.85,1661.25,3600300,N/A,2025-08-18 17:31:24
557,0.007547,N/A,N/A,5.00e-05,68394.65,1519.25,3606377,N/A,2025-08-18 17:31:24
558,0.011645,N/A,N/A,5.00e-05,70411.64,1742.00,3613345,N/A,2025-08-18 17:31:24
559,0.016740,N/A,N/A,5.00e-05,70789.00,1783.50,3620479,N/A,2025-08-18 17:31:24
560,0.005289,N/A,N/A,5.00e-05,69653.84,1414.00,3626135,1.0000,2025-08-18 17:31:24
561,0.010241,N/A,N/A,5.00e-05,68781.75,1558.50,3632369,N/A,2025-08-18 17:31:25
562,0.007131,N/A,N/A,5.00e-05,67257.02,1536.25,3638514,N/A,2025-08-18 17:31:25
563,0.012278,N/A,N/A,5.00e-05,66745.27,1739.25,3645471,N/A,2025-08-18 17:31:25
564,0.006572,N/A,N/A,5.00e-05,65203.21,1546.50,3651657,N/A,2025-08-18 17:31:25
565,0.006389,N/A,N/A,5.00e-05,64119.08,1305.00,3656877,N/A,2025-08-18 17:31:25
566,0.005076,N/A,N/A,5.00e-05,63343.97,1571.00,3663161,N/A,2025-08-18 17:31:25
567,0.010328,N/A,N/A,5.00e-05,62829.74,1376.00,3668665,N/A,2025-08-18 17:31:25
568,0.011107,N/A,N/A,5.00e-05,62766.85,1683.25,3675398,N/A,2025-08-18 17:31:25
569,0.004607,N/A,N/A,5.00e-05,62582.87,1617.75,3681869,N/A,2025-08-18 17:31:25
570,0.003636,N/A,N/A,5.00e-05,63033.07,1715.25,3688730,0.1881,2025-08-18 17:31:26
571,0.009682,N/A,N/A,5.00e-05,64442.98,1849.25,3696127,N/A,2025-08-18 17:31:26
572,0.010049,N/A,N/A,5.00e-05,64351.55,1456.75,3701954,N/A,2025-08-18 17:31:26
573,0.007445,N/A,N/A,5.00e-05,63639.44,1535.00,3708094,N/A,2025-08-18 17:31:26
574,0.004300,N/A,N/A,5.00e-05,64424.29,1787.50,3715244,N/A,2025-08-18 17:31:26
575,0.022070,N/A,N/A,5.00e-05,65498.03,1498.50,3721238,N/A,2025-08-18 17:31:26
576,0.013259,N/A,N/A,5.00e-05,66127.46,1722.00,3728126,N/A,2025-08-18 17:31:26
577,0.015952,N/A,N/A,5.00e-05,67889.92,1837.00,3735474,N/A,2025-08-18 17:31:26
578,0.017407,N/A,N/A,5.00e-05,67014.26,1423.50,3741168,N/A,2025-08-18 17:31:26
579,0.003333,N/A,N/A,5.00e-05,68296.30,1733.00,3748100,N/A,2025-08-18 17:31:27
580,0.002883,N/A,N/A,5.00e-05,67304.97,1690.50,3754862,0.6486,2025-08-18 17:31:27
581,0.018479,N/A,N/A,5.00e-05,65492.88,1405.50,3760484,N/A,2025-08-18 17:31:27
582,0.023307,N/A,N/A,5.00e-05,65428.98,1459.25,3766321,N/A,2025-08-18 17:31:27
583,0.014602,N/A,N/A,5.00e-05,66940.48,1985.75,3774264,N/A,2025-08-18 17:31:27
584,0.002497,N/A,N/A,5.00e-05,67378.87,1870.25,3781745,N/A,2025-08-18 17:31:27
585,0.002997,N/A,N/A,5.00e-05,67894.56,1613.50,3788199,N/A,2025-08-18 17:31:27
586,0.012908,N/A,N/A,5.00e-05,67034.99,1481.00,3794123,N/A,2025-08-18 17:31:27
587,0.004860,N/A,N/A,5.00e-05,66427.98,1738.50,3801077,N/A,2025-08-18 17:31:27
588,0.006573,N/A,N/A,5.00e-05,67202.57,1598.25,3807470,N/A,2025-08-18 17:31:28
589,0.009008,N/A,N/A,5.00e-05,68215.45,1769.75,3814549,N/A,2025-08-18 17:31:28
590,0.008711,N/A,N/A,5.00e-05,65873.59,1286.25,3819694,0.4992,2025-08-18 17:31:28
591,0.010593,N/A,N/A,5.00e-05,66623.85,1621.00,3826178,N/A,2025-08-18 17:31:28
592,0.007153,N/A,N/A,5.00e-05,68566.22,1802.25,3833387,N/A,2025-08-18 17:31:28
593,0.008638,N/A,N/A,5.00e-05,67016.53,1611.25,3839832,N/A,2025-08-18 17:31:28
594,0.001838,N/A,N/A,5.00e-05,64515.79,1280.00,3844952,N/A,2025-08-18 17:31:28
595,0.006301,N/A,N/A,5.00e-05,65320.66,1806.00,3852176,N/A,2025-08-18 17:31:28
596,0.011164,N/A,N/A,5.00e-05,66166.59,1640.00,3858736,N/A,2025-08-18 17:31:28
597,0.007541,N/A,N/A,5.00e-05,64980.13,1504.00,3864752,N/A,2025-08-18 17:31:29
598,0.001801,N/A,N/A,5.00e-05,66079.72,1884.50,3872290,N/A,2025-08-18 17:31:29
599,0.003802,N/A,N/A,5.00e-05,66097.45,1588.75,3878645,N/A,2025-08-18 17:31:29
600,0.008177,N/A,N/A,5.00e-05,67248.15,1642.75,3885216,0.1720,2025-08-18 17:31:29
601,0.002473,N/A,N/A,5.00e-05,52264.81,1564.75,3891475,N/A,2025-08-18 17:31:29
602,0.009321,N/A,N/A,5.00e-05,51794.28,1663.25,3898128,N/A,2025-08-18 17:31:29
603,0.007462,N/A,N/A,5.00e-05,51892.25,1626.50,3904634,N/A,2025-08-18 17:31:29
604,0.004219,N/A,N/A,5.00e-05,52305.00,1406.50,3910260,N/A,2025-08-18 17:31:30
605,0.003148,N/A,N/A,5.00e-05,51907.12,1677.00,3916968,N/A,2025-08-18 17:31:30
606,0.008099,N/A,N/A,5.00e-05,51499.88,1462.25,3922817,N/A,2025-08-18 17:31:30
607,0.005747,N/A,N/A,5.00e-05,51135.15,1344.00,3928193,N/A,2025-08-18 17:31:30
608,0.002425,N/A,N/A,5.00e-05,49533.24,1350.50,3933595,N/A,2025-08-18 17:31:30
609,0.004502,N/A,N/A,5.00e-05,50436.01,1732.50,3940525,N/A,2025-08-18 17:31:30
610,0.012805,N/A,N/A,5.00e-05,62866.66,1270.50,3945607,0.1316,2025-08-18 17:31:30
611,0.004418,N/A,N/A,5.00e-05,63953.50,1789.50,3952765,N/A,2025-08-18 17:31:30
612,0.006930,N/A,N/A,5.00e-05,63468.78,1519.75,3958844,N/A,2025-08-18 17:31:30
613,0.005439,N/A,N/A,5.00e-05,63020.33,1500.50,3964846,N/A,2025-08-18 17:31:31
614,0.006034,N/A,N/A,5.00e-05,63120.44,1419.50,3970524,N/A,2025-08-18 17:31:31
615,0.002589,N/A,N/A,5.00e-05,62493.62,1516.50,3976590,N/A,2025-08-18 17:31:31
616,0.002375,N/A,N/A,5.00e-05,62149.24,1379.50,3982108,N/A,2025-08-18 17:31:31
617,0.009966,N/A,N/A,5.00e-05,61867.19,1346.75,3987495,N/A,2025-08-18 17:31:31
618,0.001420,N/A,N/A,5.00e-05,63385.58,1700.50,3994297,N/A,2025-08-18 17:31:31
619,0.004840,N/A,N/A,5.00e-05,61953.45,1219.00,3999173,N/A,2025-08-18 17:31:31
620,0.002588,N/A,N/A,5.00e-05,63577.01,1887.75,4006724,0.2091,2025-08-18 17:31:31
621,0.021072,N/A,N/A,5.00e-05,62144.77,1521.25,4012809,N/A,2025-08-18 17:31:31
622,0.002678,N/A,N/A,5.00e-05,60914.01,1226.75,4017716,N/A,2025-08-18 17:31:31
623,0.004088,N/A,N/A,5.00e-05,61004.16,1503.00,4023728,N/A,2025-08-18 17:31:32
624,0.003793,N/A,N/A,5.00e-05,60396.27,1259.25,4028765,N/A,2025-08-18 17:31:32
625,0.018841,N/A,N/A,5.00e-05,60845.74,1631.75,4035292,N/A,2025-08-18 17:31:32
626,0.006696,N/A,N/A,5.00e-05,60315.97,1185.75,4040035,N/A,2025-08-18 17:31:32
627,0.005587,N/A,N/A,5.00e-05,62915.26,1989.00,4047991,N/A,2025-08-18 17:31:32
628,0.007424,N/A,N/A,5.00e-05,61552.86,1386.50,4053537,N/A,2025-08-18 17:31:32
629,0.004020,N/A,N/A,5.00e-05,63902.63,1547.50,4059727,N/A,2025-08-18 17:31:32
630,0.005711,N/A,N/A,5.00e-05,62054.12,1554.00,4065943,0.3287,2025-08-18 17:31:32
631,0.009168,N/A,N/A,5.00e-05,62221.46,1570.00,4072223,N/A,2025-08-18 17:31:32
632,0.007859,N/A,N/A,5.00e-05,63676.11,1551.25,4078428,N/A,2025-08-18 17:31:33
633,0.010658,N/A,N/A,5.00e-05,63894.87,1548.00,4084620,N/A,2025-08-18 17:31:33
634,0.006275,N/A,N/A,5.00e-05,64298.99,1355.50,4090042,N/A,2025-08-18 17:31:33
635,0.005917,N/A,N/A,5.00e-05,63909.51,1537.75,4096193,N/A,2025-08-18 17:31:33
636,0.005074,N/A,N/A,5.00e-05,65235.89,1468.50,4102067,N/A,2025-08-18 17:31:33
637,0.018448,N/A,N/A,5.00e-05,63914.65,1645.50,4108649,N/A,2025-08-18 17:31:33
638,0.017736,N/A,N/A,5.00e-05,64875.47,1596.75,4115036,N/A,2025-08-18 17:31:33
639,0.019490,N/A,N/A,5.00e-05,64908.48,1375.50,4120538,N/A,2025-08-18 17:31:33
640,0.021090,N/A,N/A,5.00e-05,64012.76,1476.50,4126444,1.0000,2025-08-18 17:31:33
641,0.017572,N/A,N/A,5.00e-05,63749.67,1537.50,4132594,N/A,2025-08-18 17:31:33
642,0.009127,N/A,N/A,5.00e-05,63547.59,1546.75,4138781,N/A,2025-08-18 17:31:34
643,0.013955,N/A,N/A,5.00e-05,64751.81,1818.75,4146056,N/A,2025-08-18 17:31:34
644,0.009282,N/A,N/A,5.00e-05,65515.62,1541.75,4152223,N/A,2025-08-18 17:31:34
645,0.012360,N/A,N/A,5.00e-05,65212.65,1524.75,4158322,N/A,2025-08-18 17:31:34
646,0.008179,N/A,N/A,5.00e-05,65227.71,1504.50,4164340,N/A,2025-08-18 17:31:34
647,0.031332,N/A,N/A,5.00e-05,64927.61,1589.25,4170697,N/A,2025-08-18 17:31:34
648,0.008323,N/A,N/A,5.00e-05,65681.48,1754.50,4177715,N/A,2025-08-18 17:31:34
649,0.003016,N/A,N/A,5.00e-05,66792.42,1464.25,4183572,N/A,2025-08-18 17:31:34
650,0.007003,N/A,N/A,5.00e-05,67135.52,1689.75,4190331,0.6597,2025-08-18 17:31:34
651,0.014849,N/A,N/A,5.00e-05,68458.69,1801.75,4197538,N/A,2025-08-18 17:31:35
652,0.003148,N/A,N/A,5.00e-05,68460.69,1556.25,4203763,N/A,2025-08-18 17:31:35
653,0.004553,N/A,N/A,5.00e-05,66552.35,1380.50,4209285,N/A,2025-08-18 17:31:35
654,0.010839,N/A,N/A,5.00e-05,66843.57,1596.00,4215669,N/A,2025-08-18 17:31:35
655,0.020088,N/A,N/A,5.00e-05,68110.58,1787.50,4222819,N/A,2025-08-18 17:31:35
656,0.011857,N/A,N/A,5.00e-05,68912.47,1702.75,4229630,N/A,2025-08-18 17:31:35
657,0.003547,N/A,N/A,5.00e-05,68962.51,1623.50,4236124,N/A,2025-08-18 17:31:35
658,0.002277,N/A,N/A,5.00e-05,68163.30,1577.00,4242432,N/A,2025-08-18 17:31:35
659,0.006415,N/A,N/A,5.00e-05,69027.90,1553.00,4248644,N/A,2025-08-18 17:31:35
660,0.005596,N/A,N/A,5.00e-05,68999.47,1914.50,4256302,0.3123,2025-08-18 17:31:35
661,0.002580,N/A,N/A,5.00e-05,68721.22,1740.25,4263263,N/A,2025-08-18 17:31:36
662,0.003680,N/A,N/A,5.00e-05,68934.07,1665.25,4269924,N/A,2025-08-18 17:31:36
663,0.000650,N/A,N/A,5.00e-05,71002.77,1870.75,4277407,N/A,2025-08-18 17:31:36
664,0.006692,N/A,N/A,5.00e-05,70219.28,1417.75,4283078,N/A,2025-08-18 17:31:36
665,0.004904,N/A,N/A,5.00e-05,69846.14,1711.75,4289925,N/A,2025-08-18 17:31:36
666,0.003228,N/A,N/A,5.00e-05,69738.32,1660.75,4296568,N/A,2025-08-18 17:31:36
667,0.005184,N/A,N/A,5.00e-05,69202.95,1506.00,4302592,N/A,2025-08-18 17:31:36
668,0.007413,N/A,N/A,5.00e-05,69367.07,1634.75,4309131,N/A,2025-08-18 17:31:36
669,0.007015,N/A,N/A,5.00e-05,69453.27,1462.75,4314982,N/A,2025-08-18 17:31:36
670,0.010924,N/A,N/A,5.00e-05,67732.04,1831.75,4322309,0.9523,2025-08-18 17:31:37
671,0.004118,N/A,N/A,5.00e-05,68176.43,1829.00,4329625,N/A,2025-08-18 17:31:37
672,0.003078,N/A,N/A,5.00e-05,66575.38,1356.25,4335050,N/A,2025-08-18 17:31:37
673,0.008692,N/A,N/A,5.00e-05,65782.03,1779.25,4342167,N/A,2025-08-18 17:31:37
674,0.002854,N/A,N/A,5.00e-05,66053.55,1570.00,4348447,N/A,2025-08-18 17:31:37
675,0.005996,N/A,N/A,5.00e-05,64504.65,1388.75,4354002,N/A,2025-08-18 17:31:37
676,0.008032,N/A,N/A,5.00e-05,64461.74,1681.25,4360727,N/A,2025-08-18 17:31:37
677,0.005694,N/A,N/A,5.00e-05,64675.13,1590.75,4367090,N/A,2025-08-18 17:31:37
678,0.006004,N/A,N/A,5.00e-05,64553.57,1637.75,4373641,N/A,2025-08-18 17:31:37
679,0.008663,N/A,N/A,5.00e-05,66679.25,1733.00,4380573,N/A,2025-08-18 17:31:38
680,0.006601,N/A,N/A,5.00e-05,65076.05,1687.75,4387324,1.0000,2025-08-18 17:31:38
681,0.005516,N/A,N/A,5.00e-05,63896.94,1512.25,4393373,N/A,2025-08-18 17:31:38
682,0.003566,N/A,N/A,5.00e-05,64525.89,1499.25,4399370,N/A,2025-08-18 17:31:38
683,0.009566,N/A,N/A,5.00e-05,64794.92,1832.00,4406698,N/A,2025-08-18 17:31:38
684,0.014210,N/A,N/A,5.00e-05,65205.20,1818.50,4413972,N/A,2025-08-18 17:31:38
685,0.009074,N/A,N/A,5.00e-05,66439.10,1769.25,4421049,N/A,2025-08-18 17:31:38
686,0.007428,N/A,N/A,5.00e-05,65548.79,1494.75,4427028,N/A,2025-08-18 17:31:38
687,0.004210,N/A,N/A,5.00e-05,65757.60,1693.00,4433800,N/A,2025-08-18 17:31:38
688,0.010669,N/A,N/A,5.00e-05,65119.42,1496.50,4439786,N/A,2025-08-18 17:31:39
689,0.013688,N/A,N/A,5.00e-05,66222.25,1796.75,4446973,N/A,2025-08-18 17:31:39
690,0.003869,N/A,N/A,5.00e-05,66052.82,1915.75,4454636,1.0000,2025-08-18 17:31:39
691,0.008667,N/A,N/A,5.00e-05,65589.81,1397.00,4460224,N/A,2025-08-18 17:31:39
692,0.012191,N/A,N/A,5.00e-05,65025.79,1328.00,4465536,N/A,2025-08-18 17:31:39
693,0.003641,N/A,N/A,5.00e-05,63679.48,1356.50,4470962,N/A,2025-08-18 17:31:39
694,0.012617,N/A,N/A,5.00e-05,63835.16,1809.25,4478199,N/A,2025-08-18 17:31:39
695,0.009946,N/A,N/A,5.00e-05,63219.89,1566.75,4484466,N/A,2025-08-18 17:31:39
696,0.004888,N/A,N/A,5.00e-05,64499.74,1793.75,4491641,N/A,2025-08-18 17:31:39
697,0.010069,N/A,N/A,5.00e-05,63902.85,1543.00,4497813,N/A,2025-08-18 17:31:40
698,0.016110,N/A,N/A,5.00e-05,63146.12,1292.00,4502981,N/A,2025-08-18 17:31:40
699,0.013771,N/A,N/A,5.00e-05,62704.46,1453.25,4508794,N/A,2025-08-18 17:31:40
700,0.005811,N/A,N/A,5.00e-05,60676.70,1623.75,4515289,1.0000,2025-08-18 17:31:40
701,0.006185,N/A,N/A,5.00e-05,47538.87,1640.25,4521850,N/A,2025-08-18 17:31:40
702,0.015726,N/A,N/A,5.00e-05,48331.92,1625.50,4528352,N/A,2025-08-18 17:31:40
703,0.017776,N/A,N/A,5.00e-05,49593.15,1773.25,4535445,N/A,2025-08-18 17:31:41
704,0.017584,N/A,N/A,5.00e-05,49190.91,1720.50,4542327,N/A,2025-08-18 17:31:41
705,0.005669,N/A,N/A,5.00e-05,49512.19,1609.50,4548765,N/A,2025-08-18 17:31:41
706,0.003727,N/A,N/A,5.00e-05,49338.97,1747.00,4555753,N/A,2025-08-18 17:31:41
707,0.004858,N/A,N/A,5.00e-05,48749.36,1356.25,4561178,N/A,2025-08-18 17:31:41
708,0.009854,N/A,N/A,5.00e-05,49872.05,1647.25,4567767,N/A,2025-08-18 17:31:41
709,0.009413,N/A,N/A,5.00e-05,51238.45,1711.25,4574612,N/A,2025-08-18 17:31:41
710,0.010559,N/A,N/A,5.00e-05,66298.53,1800.00,4581812,0.7268,2025-08-18 17:31:41
711,0.005853,N/A,N/A,5.00e-05,64483.11,1192.75,4586583,N/A,2025-08-18 17:31:41
712,0.007290,N/A,N/A,5.00e-05,63281.86,1394.00,4592159,N/A,2025-08-18 17:31:42
713,0.006314,N/A,N/A,5.00e-05,62881.79,1679.25,4598876,N/A,2025-08-18 17:31:42
714,0.008596,N/A,N/A,5.00e-05,61729.36,1432.75,4604607,N/A,2025-08-18 17:31:42
715,0.004140,N/A,N/A,5.00e-05,63399.49,2011.50,4612653,N/A,2025-08-18 17:31:42
716,0.011313,N/A,N/A,5.00e-05,63687.53,1770.50,4619735,N/A,2025-08-18 17:31:42
717,0.003927,N/A,N/A,5.00e-05,66369.21,1993.75,4627710,N/A,2025-08-18 17:31:42
718,0.008627,N/A,N/A,5.00e-05,67134.51,1887.50,4635260,N/A,2025-08-18 17:31:42
719,0.004069,N/A,N/A,5.00e-05,66776.76,1460.00,4641100,N/A,2025-08-18 17:31:42
720,0.009198,N/A,N/A,5.00e-05,64195.76,1496.50,4647086,0.2762,2025-08-18 17:31:42
721,0.004958,N/A,N/A,5.00e-05,65774.76,1640.25,4653647,N/A,2025-08-18 17:31:43
722,0.003892,N/A,N/A,5.00e-05,65639.29,1380.75,4659170,N/A,2025-08-18 17:31:43
723,0.007366,N/A,N/A,5.00e-05,65525.53,1768.25,4666243,N/A,2025-08-18 17:31:43
724,0.005615,N/A,N/A,5.00e-05,65510.01,1528.00,4672355,N/A,2025-08-18 17:31:43
725,0.004721,N/A,N/A,5.00e-05,64072.04,1832.00,4679683,N/A,2025-08-18 17:31:43
726,0.008527,N/A,N/A,5.00e-05,63241.84,1557.50,4685913,N/A,2025-08-18 17:31:43
727,0.005131,N/A,N/A,5.00e-05,61315.02,1530.25,4692034,N/A,2025-08-18 17:31:43
728,0.004991,N/A,N/A,5.00e-05,61508.06,1906.00,4699658,N/A,2025-08-18 17:31:43
729,0.000870,N/A,N/A,5.00e-05,63720.00,1681.00,4706382,N/A,2025-08-18 17:31:43
730,0.002136,N/A,N/A,5.00e-05,64595.56,1806.50,4713608,0.1149,2025-08-18 17:31:44
731,0.004390,N/A,N/A,5.00e-05,65330.45,1748.25,4720601,N/A,2025-08-18 17:31:44
732,0.004539,N/A,N/A,5.00e-05,65807.72,1428.25,4726314,N/A,2025-08-18 17:31:44
733,0.003643,N/A,N/A,5.00e-05,66797.36,1909.75,4733953,N/A,2025-08-18 17:31:44
734,0.002492,N/A,N/A,5.00e-05,68189.89,1750.75,4740956,N/A,2025-08-18 17:31:44
735,0.003786,N/A,N/A,5.00e-05,66759.75,1524.75,4747055,N/A,2025-08-18 17:31:44
736,0.001604,N/A,N/A,5.00e-05,66224.30,1309.50,4752293,N/A,2025-08-18 17:31:44
737,0.002706,N/A,N/A,5.00e-05,66113.34,1408.75,4757928,N/A,2025-08-18 17:31:44
738,0.003620,N/A,N/A,5.00e-05,64263.45,1551.00,4764132,N/A,2025-08-18 17:31:44
739,0.002959,N/A,N/A,5.00e-05,64698.49,1670.75,4770815,N/A,2025-08-18 17:31:45
740,0.006097,N/A,N/A,5.00e-05,62196.66,1425.75,4776518,0.7297,2025-08-18 17:31:45
741,0.001588,N/A,N/A,5.00e-05,61120.33,1468.25,4782391,N/A,2025-08-18 17:31:45
742,0.006289,N/A,N/A,5.00e-05,62623.99,1863.25,4789844,N/A,2025-08-18 17:31:45
743,0.003916,N/A,N/A,5.00e-05,59936.54,1275.75,4794947,N/A,2025-08-18 17:31:45
744,0.006088,N/A,N/A,5.00e-05,60237.58,1875.50,4802449,N/A,2025-08-18 17:31:45
745,0.006358,N/A,N/A,5.00e-05,60889.74,1750.00,4809449,N/A,2025-08-18 17:31:45
746,0.004622,N/A,N/A,5.00e-05,61757.37,1595.75,4815832,N/A,2025-08-18 17:31:45
747,0.006405,N/A,N/A,5.00e-05,63578.02,1822.25,4823121,N/A,2025-08-18 17:31:45
748,0.004403,N/A,N/A,5.00e-05,63962.80,1684.50,4829859,N/A,2025-08-18 17:31:46
749,0.012076,N/A,N/A,5.00e-05,64315.02,1571.25,4836144,N/A,2025-08-18 17:31:46
750,0.004511,N/A,N/A,5.00e-05,64388.34,1622.50,4842634,0.8225,2025-08-18 17:31:46
751,0.004980,N/A,N/A,5.00e-05,64292.15,1505.50,4848656,N/A,2025-08-18 17:31:46
752,0.005720,N/A,N/A,5.00e-05,63275.30,1597.75,4855047,N/A,2025-08-18 17:31:46
753,0.009715,N/A,N/A,5.00e-05,64156.74,1430.00,4860767,N/A,2025-08-18 17:31:46
754,0.008358,N/A,N/A,5.00e-05,63617.16,1713.25,4867620,N/A,2025-08-18 17:31:46
755,0.007483,N/A,N/A,5.00e-05,62755.85,1542.00,4873788,N/A,2025-08-18 17:31:46
756,0.005168,N/A,N/A,5.00e-05,62785.51,1531.00,4879912,N/A,2025-08-18 17:31:47
757,0.008051,N/A,N/A,5.00e-05,62211.08,1600.00,4886312,N/A,2025-08-18 17:31:47
758,0.008824,N/A,N/A,5.00e-05,61456.04,1444.50,4892090,N/A,2025-08-18 17:31:47
759,0.007177,N/A,N/A,5.00e-05,63914.54,1963.00,4899942,N/A,2025-08-18 17:31:47
760,0.004065,N/A,N/A,5.00e-05,62774.05,1522.25,4906031,0.4998,2025-08-18 17:31:47
761,0.006479,N/A,N/A,5.00e-05,63270.66,1597.25,4912420,N/A,2025-08-18 17:31:47
762,0.012766,N/A,N/A,5.00e-05,62949.97,1518.75,4918495,N/A,2025-08-18 17:31:47
763,0.013258,N/A,N/A,5.00e-05,63331.44,1555.50,4924717,N/A,2025-08-18 17:31:47
764,0.008314,N/A,N/A,5.00e-05,63494.29,1785.50,4931859,N/A,2025-08-18 17:31:47
765,0.004697,N/A,N/A,5.00e-05,64311.00,1765.50,4938921,N/A,2025-08-18 17:31:48
766,0.007024,N/A,N/A,5.00e-05,64301.71,1539.75,4945080,N/A,2025-08-18 17:31:48
767,0.012386,N/A,N/A,5.00e-05,65116.75,1827.50,4952390,N/A,2025-08-18 17:31:48
768,0.010683,N/A,N/A,5.00e-05,66056.96,1706.50,4959216,N/A,2025-08-18 17:31:48
769,0.008018,N/A,N/A,5.00e-05,66243.84,1771.50,4966302,N/A,2025-08-18 17:31:48
770,0.015733,N/A,N/A,5.00e-05,64622.30,1274.00,4971398,0.5488,2025-08-18 17:31:48
771,0.003995,N/A,N/A,5.00e-05,65553.26,1918.00,4979070,N/A,2025-08-18 17:31:48
772,0.010662,N/A,N/A,5.00e-05,65479.26,1468.50,4984944,N/A,2025-08-18 17:31:48
773,0.012908,N/A,N/A,5.00e-05,65252.08,1433.50,4990678,N/A,2025-08-18 17:31:48
774,0.011791,N/A,N/A,5.00e-05,64374.95,1515.25,4996739,N/A,2025-08-18 17:31:49
775,0.014831,N/A,N/A,5.00e-05,63164.44,1375.00,5002239,N/A,2025-08-18 17:31:49
776,0.010492,N/A,N/A,5.00e-05,63428.61,1579.75,5008558,N/A,2025-08-18 17:31:49
777,0.014174,N/A,N/A,5.00e-05,61772.10,1426.25,5014263,N/A,2025-08-18 17:31:49
778,0.006072,N/A,N/A,5.00e-05,61145.95,1455.75,5020086,N/A,2025-08-18 17:31:49
779,0.006143,N/A,N/A,5.00e-05,60224.15,1355.75,5025509,N/A,2025-08-18 17:31:49
780,0.007707,N/A,N/A,5.00e-05,62064.93,1801.00,5032713,0.0685,2025-08-18 17:31:49
781,0.005340,N/A,N/A,5.00e-05,61217.51,1711.50,5039559,N/A,2025-08-18 17:31:49
782,0.007485,N/A,N/A,5.00e-05,62607.98,1819.25,5046836,N/A,2025-08-18 17:31:49
783,0.006106,N/A,N/A,5.00e-05,63496.25,1716.75,5053703,N/A,2025-08-18 17:31:50
784,0.010072,N/A,N/A,5.00e-05,63335.97,1534.50,5059841,N/A,2025-08-18 17:31:50
785,0.007993,N/A,N/A,5.00e-05,65108.00,1870.50,5067323,N/A,2025-08-18 17:31:50
786,0.007147,N/A,N/A,5.00e-05,65806.09,1755.75,5074346,N/A,2025-08-18 17:31:50
787,0.008248,N/A,N/A,5.00e-05,66146.27,1595.00,5080726,N/A,2025-08-18 17:31:50
788,0.002708,N/A,N/A,5.00e-05,66828.00,1655.50,5087348,N/A,2025-08-18 17:31:50
789,0.006542,N/A,N/A,5.00e-05,67883.52,1426.75,5093055,N/A,2025-08-18 17:31:50
790,0.004071,N/A,N/A,5.00e-05,67170.71,1767.75,5100126,0.2712,2025-08-18 17:31:50
791,0.007305,N/A,N/A,5.00e-05,67628.04,1771.75,5107213,N/A,2025-08-18 17:31:50
792,0.005548,N/A,N/A,5.00e-05,66888.48,1580.25,5113534,N/A,2025-08-18 17:31:51
793,0.006593,N/A,N/A,5.00e-05,65004.12,1265.00,5118594,N/A,2025-08-18 17:31:51
794,0.005363,N/A,N/A,5.00e-05,66303.11,1768.75,5125669,N/A,2025-08-18 17:31:51
795,0.005678,N/A,N/A,5.00e-05,64238.25,1302.50,5130879,N/A,2025-08-18 17:31:51
796,0.011153,N/A,N/A,5.00e-05,65015.83,1880.00,5138399,N/A,2025-08-18 17:31:51
797,0.010578,N/A,N/A,5.00e-05,66088.67,1792.75,5145570,N/A,2025-08-18 17:31:51
798,0.003920,N/A,N/A,5.00e-05,65694.81,1555.00,5151790,N/A,2025-08-18 17:31:51
799,0.003292,N/A,N/A,5.00e-05,66771.58,1588.25,5158143,N/A,2025-08-18 17:31:51
800,0.005379,N/A,N/A,5.00e-05,66009.04,1778.75,5165258,0.2630,2025-08-18 17:31:51
801,0.009774,N/A,N/A,5.00e-05,50792.67,1488.75,5171213,N/A,2025-08-18 17:31:52
802,0.011117,N/A,N/A,5.00e-05,50796.92,1541.25,5177378,N/A,2025-08-18 17:31:52
803,0.004315,N/A,N/A,5.00e-05,52523.42,1811.25,5184623,N/A,2025-08-18 17:31:52
804,0.011726,N/A,N/A,5.00e-05,51248.06,1420.75,5190306,N/A,2025-08-18 17:31:52
805,0.004152,N/A,N/A,5.00e-05,51867.95,1488.50,5196260,N/A,2025-08-18 17:31:52
806,0.008707,N/A,N/A,5.00e-05,51314.46,1705.75,5203083,N/A,2025-08-18 17:31:52
807,0.004148,N/A,N/A,5.00e-05,50563.27,1555.75,5209306,N/A,2025-08-18 17:31:52
808,0.004548,N/A,N/A,5.00e-05,51703.59,1855.75,5216729,N/A,2025-08-18 17:31:53
809,0.004473,N/A,N/A,5.00e-05,52182.93,1586.25,5223074,N/A,2025-08-18 17:31:53
810,0.005985,N/A,N/A,5.00e-05,65393.78,1612.50,5229524,0.5201,2025-08-18 17:31:53
811,0.006929,N/A,N/A,5.00e-05,65777.97,1658.50,5236158,N/A,2025-08-18 17:31:53
812,0.008055,N/A,N/A,5.00e-05,66784.76,1817.00,5243426,N/A,2025-08-18 17:31:53
813,0.011401,N/A,N/A,5.00e-05,64536.73,1290.75,5248589,N/A,2025-08-18 17:31:53
814,0.008356,N/A,N/A,5.00e-05,65072.04,1647.25,5255178,N/A,2025-08-18 17:31:53
815,0.008964,N/A,N/A,5.00e-05,63605.51,1228.50,5260092,N/A,2025-08-18 17:31:53
816,0.017364,N/A,N/A,5.00e-05,63215.66,1687.50,5266842,N/A,2025-08-18 17:31:53
817,0.001491,N/A,N/A,5.00e-05,62653.20,1449.00,5272638,N/A,2025-08-18 17:31:54
818,0.004806,N/A,N/A,5.00e-05,61563.22,1702.00,5279446,N/A,2025-08-18 17:31:54
819,0.008728,N/A,N/A,5.00e-05,61980.68,1557.00,5285674,N/A,2025-08-18 17:31:54
820,0.003629,N/A,N/A,5.00e-05,61187.42,1564.00,5291930,1.0000,2025-08-18 17:31:54
821,0.009005,N/A,N/A,5.00e-05,61005.97,1747.50,5298920,N/A,2025-08-18 17:31:54
822,0.011939,N/A,N/A,5.00e-05,59502.56,1398.25,5304513,N/A,2025-08-18 17:31:54
823,0.007424,N/A,N/A,5.00e-05,61134.35,1674.75,5311212,N/A,2025-08-18 17:31:54
824,0.006157,N/A,N/A,5.00e-05,60888.25,1518.00,5317284,N/A,2025-08-18 17:31:54
825,0.009129,N/A,N/A,5.00e-05,63401.13,1823.75,5324579,N/A,2025-08-18 17:31:54
826,0.005396,N/A,N/A,5.00e-05,63519.13,1658.75,5331214,N/A,2025-08-18 17:31:55
827,0.004179,N/A,N/A,5.00e-05,63093.98,1207.50,5336044,N/A,2025-08-18 17:31:55
828,0.006589,N/A,N/A,5.00e-05,64141.33,1909.25,5343681,N/A,2025-08-18 17:31:55
829,0.003083,N/A,N/A,5.00e-05,64954.34,1585.00,5350021,N/A,2025-08-18 17:31:55
830,0.007153,N/A,N/A,5.00e-05,63993.80,1380.75,5355544,0.3474,2025-08-18 17:31:55
831,0.006435,N/A,N/A,5.00e-05,64537.96,1918.00,5363216,N/A,2025-08-18 17:31:55
832,0.001438,N/A,N/A,5.00e-05,64579.56,1443.25,5368989,N/A,2025-08-18 17:31:55
833,0.005255,N/A,N/A,5.00e-05,65055.92,1927.25,5376698,N/A,2025-08-18 17:31:55
834,0.008881,N/A,N/A,5.00e-05,64871.67,1489.50,5382656,N/A,2025-08-18 17:31:55
835,0.005690,N/A,N/A,5.00e-05,62968.23,1415.50,5388318,N/A,2025-08-18 17:31:56
836,0.016168,N/A,N/A,5.00e-05,62941.38,1688.25,5395071,N/A,2025-08-18 17:31:56
837,0.007073,N/A,N/A,5.00e-05,63690.41,1433.75,5400806,N/A,2025-08-18 17:31:56
838,0.005202,N/A,N/A,5.00e-05,62685.93,1611.50,5407252,N/A,2025-08-18 17:31:56
839,0.007152,N/A,N/A,5.00e-05,62851.75,1474.50,5413150,N/A,2025-08-18 17:31:56
840,0.012924,N/A,N/A,5.00e-05,63892.96,1810.75,5420393,0.1139,2025-08-18 17:31:56
841,0.011274,N/A,N/A,5.00e-05,62624.87,1527.25,5426502,N/A,2025-08-18 17:31:56
842,0.004850,N/A,N/A,5.00e-05,64994.28,1913.75,5434157,N/A,2025-08-18 17:31:56
843,0.004387,N/A,N/A,5.00e-05,63355.53,1484.25,5440094,N/A,2025-08-18 17:31:56
844,0.006083,N/A,N/A,5.00e-05,63737.76,1591.50,5446460,N/A,2025-08-18 17:31:57
845,0.006159,N/A,N/A,5.00e-05,62587.96,1218.25,5451333,N/A,2025-08-18 17:31:57
846,0.019339,N/A,N/A,5.00e-05,63021.11,1822.50,5458623,N/A,2025-08-18 17:31:57
847,0.001955,N/A,N/A,5.00e-05,63566.03,1561.25,5464868,N/A,2025-08-18 17:31:57
848,0.003538,N/A,N/A,5.00e-05,63979.07,1664.25,5471525,N/A,2025-08-18 17:31:57
849,0.011868,N/A,N/A,5.00e-05,65872.19,1699.00,5478321,N/A,2025-08-18 17:31:57
850,0.001886,N/A,N/A,5.00e-05,64366.10,1722.25,5485210,1.0000,2025-08-18 17:31:57
851,0.003699,N/A,N/A,5.00e-05,65107.73,1726.25,5492115,N/A,2025-08-18 17:31:57
852,0.005568,N/A,N/A,5.00e-05,62883.44,1364.75,5497574,N/A,2025-08-18 17:31:57
853,0.007638,N/A,N/A,5.00e-05,63308.43,1565.50,5503836,N/A,2025-08-18 17:31:58
854,0.004855,N/A,N/A,5.00e-05,64012.68,1700.50,5510638,N/A,2025-08-18 17:31:58
855,0.006336,N/A,N/A,5.00e-05,64941.53,1415.00,5516298,N/A,2025-08-18 17:31:58
856,0.006905,N/A,N/A,5.00e-05,62798.05,1281.50,5521424,N/A,2025-08-18 17:31:58
857,0.006659,N/A,N/A,5.00e-05,63913.49,1883.25,5528957,N/A,2025-08-18 17:31:58
858,0.005288,N/A,N/A,5.00e-05,62898.61,1468.75,5534832,N/A,2025-08-18 17:31:58
859,0.007903,N/A,N/A,5.00e-05,64797.32,1934.25,5542569,N/A,2025-08-18 17:31:58
860,0.006921,N/A,N/A,5.00e-05,63568.05,1575.50,5548871,0.2004,2025-08-18 17:31:58
861,0.006308,N/A,N/A,5.00e-05,64152.48,1840.00,5556231,N/A,2025-08-18 17:31:58
862,0.007001,N/A,N/A,5.00e-05,63930.20,1338.75,5561586,N/A,2025-08-18 17:31:59
863,0.004457,N/A,N/A,5.00e-05,65202.66,1869.25,5569063,N/A,2025-08-18 17:31:59
864,0.008403,N/A,N/A,5.00e-05,64383.30,1485.50,5575005,N/A,2025-08-18 17:31:59
865,0.004590,N/A,N/A,5.00e-05,65521.81,1740.75,5581968,N/A,2025-08-18 17:31:59
866,0.003687,N/A,N/A,5.00e-05,66464.97,1495.25,5587949,N/A,2025-08-18 17:31:59
867,0.007012,N/A,N/A,5.00e-05,66398.74,1820.25,5595230,N/A,2025-08-18 17:31:59
868,0.002767,N/A,N/A,5.00e-05,66095.85,1372.50,5600720,N/A,2025-08-18 17:31:59
869,0.010447,N/A,N/A,5.00e-05,65610.33,1671.50,5607406,N/A,2025-08-18 17:31:59
870,0.006207,N/A,N/A,5.00e-05,65215.05,1697.75,5614197,0.9849,2025-08-18 17:31:59
871,0.012037,N/A,N/A,5.00e-05,63534.37,1401.50,5619803,N/A,2025-08-18 17:32:00
872,0.015860,N/A,N/A,5.00e-05,64600.90,1621.75,5626290,N/A,2025-08-18 17:32:00
873,0.003029,N/A,N/A,5.00e-05,62806.86,1436.50,5632036,N/A,2025-08-18 17:32:00
874,0.010923,N/A,N/A,5.00e-05,62753.03,1464.25,5637893,N/A,2025-08-18 17:32:00
875,0.007910,N/A,N/A,5.00e-05,61544.86,1443.75,5643668,N/A,2025-08-18 17:32:00
876,0.011726,N/A,N/A,5.00e-05,62877.35,1808.50,5650902,N/A,2025-08-18 17:32:00
877,0.013026,N/A,N/A,5.00e-05,62544.55,1702.00,5657710,N/A,2025-08-18 17:32:00
878,0.013072,N/A,N/A,5.00e-05,62044.65,1257.25,5662739,N/A,2025-08-18 17:32:00
879,0.010489,N/A,N/A,5.00e-05,62536.23,1588.75,5669094,N/A,2025-08-18 17:32:00
880,0.009404,N/A,N/A,5.00e-05,62002.29,1666.50,5675760,0.1677,2025-08-18 17:32:01
881,0.006810,N/A,N/A,5.00e-05,61439.57,1222.25,5680649,N/A,2025-08-18 17:32:01
882,0.010026,N/A,N/A,5.00e-05,61844.14,1707.50,5687479,N/A,2025-08-18 17:32:01
883,0.005583,N/A,N/A,5.00e-05,61859.96,1403.50,5693093,N/A,2025-08-18 17:32:01
884,0.008798,N/A,N/A,5.00e-05,63246.17,1794.25,5700270,N/A,2025-08-18 17:32:01
885,0.004460,N/A,N/A,5.00e-05,63364.88,1501.50,5706276,N/A,2025-08-18 17:32:01
886,0.001837,N/A,N/A,5.00e-05,63055.79,1800.25,5713477,N/A,2025-08-18 17:32:01
887,0.005878,N/A,N/A,5.00e-05,62300.20,1479.25,5719394,N/A,2025-08-18 17:32:01
888,0.017908,N/A,N/A,5.00e-05,64000.61,1674.25,5726091,N/A,2025-08-18 17:32:01
889,0.004903,N/A,N/A,5.00e-05,65424.09,1825.75,5733394,N/A,2025-08-18 17:32:02
890,0.014903,N/A,N/A,5.00e-05,65209.94,1827.00,5740702,0.9473,2025-08-18 17:32:02
891,0.006448,N/A,N/A,5.00e-05,66004.99,1413.75,5746357,N/A,2025-08-18 17:32:02
892,0.010230,N/A,N/A,5.00e-05,63691.75,1182.50,5751087,N/A,2025-08-18 17:32:02
893,0.008741,N/A,N/A,5.00e-05,64320.62,1583.25,5757420,N/A,2025-08-18 17:32:02
894,0.010067,N/A,N/A,5.00e-05,62239.25,1348.00,5762812,N/A,2025-08-18 17:32:02
895,0.005967,N/A,N/A,5.00e-05,61257.33,1236.75,5767759,N/A,2025-08-18 17:32:02
896,0.003663,N/A,N/A,5.00e-05,61776.60,1929.50,5775477,N/A,2025-08-18 17:32:02
897,0.005188,N/A,N/A,5.00e-05,62965.79,1822.75,5782768,N/A,2025-08-18 17:32:02
898,0.001428,N/A,N/A,5.00e-05,61882.71,1421.50,5788454,N/A,2025-08-18 17:32:03
899,0.002441,N/A,N/A,5.00e-05,61722.98,1694.00,5795230,N/A,2025-08-18 17:32:03
900,0.002373,N/A,N/A,5.00e-05,59492.04,1560.75,5801473,0.1431,2025-08-18 17:32:03
901,0.006808,N/A,N/A,5.00e-05,45737.40,1784.75,5808612,N/A,2025-08-18 17:32:03
902,0.007864,N/A,N/A,5.00e-05,46999.55,1626.00,5815116,N/A,2025-08-18 17:32:03
903,0.005459,N/A,N/A,5.00e-05,46564.56,1440.00,5820876,N/A,2025-08-18 17:32:03
904,0.005163,N/A,N/A,5.00e-05,46534.27,1333.00,5826208,N/A,2025-08-18 17:32:04
905,0.008124,N/A,N/A,5.00e-05,48130.49,1805.25,5833429,N/A,2025-08-18 17:32:04
906,0.007148,N/A,N/A,5.00e-05,47599.46,1746.50,5840415,N/A,2025-08-18 17:32:04
907,0.004326,N/A,N/A,5.00e-05,46476.44,1432.50,5846145,N/A,2025-08-18 17:32:04
908,0.008007,N/A,N/A,5.00e-05,47680.45,1811.25,5853390,N/A,2025-08-18 17:32:04
909,0.008791,N/A,N/A,5.00e-05,46937.03,1288.75,5858545,N/A,2025-08-18 17:32:04
910,0.004300,N/A,N/A,5.00e-05,61571.22,1744.00,5865521,1.0000,2025-08-18 17:32:04
911,0.001107,N/A,N/A,5.00e-05,61402.57,1738.50,5872475,N/A,2025-08-18 17:32:04
912,0.016340,N/A,N/A,5.00e-05,61191.82,1509.00,5878511,N/A,2025-08-18 17:32:05
913,0.009328,N/A,N/A,5.00e-05,61349.27,1495.50,5884493,N/A,2025-08-18 17:32:05
914,0.009649,N/A,N/A,5.00e-05,62932.95,1720.75,5891376,N/A,2025-08-18 17:32:05
915,0.004382,N/A,N/A,5.00e-05,62316.76,1646.75,5897963,N/A,2025-08-18 17:32:05
916,0.002551,N/A,N/A,5.00e-05,60757.47,1400.75,5903566,N/A,2025-08-18 17:32:05
917,0.010441,N/A,N/A,5.00e-05,60674.26,1432.75,5909297,N/A,2025-08-18 17:32:05
918,0.012702,N/A,N/A,5.00e-05,59957.97,1578.50,5915611,N/A,2025-08-18 17:32:05
919,0.007080,N/A,N/A,5.00e-05,63481.25,1779.75,5922730,N/A,2025-08-18 17:32:05
920,0.011977,N/A,N/A,5.00e-05,62001.32,1561.75,5928977,1.0000,2025-08-18 17:32:05
921,0.005809,N/A,N/A,5.00e-05,62052.13,1708.50,5935811,N/A,2025-08-18 17:32:06
922,0.006979,N/A,N/A,5.00e-05,64087.38,1963.00,5943663,N/A,2025-08-18 17:32:06
923,0.007974,N/A,N/A,5.00e-05,64678.18,1633.75,5950198,N/A,2025-08-18 17:32:06
924,0.013398,N/A,N/A,5.00e-05,63053.97,1281.50,5955324,N/A,2025-08-18 17:32:06
925,0.009645,N/A,N/A,5.00e-05,62713.10,1471.00,5961208,N/A,2025-08-18 17:32:06
926,0.004817,N/A,N/A,5.00e-05,65255.36,1926.00,5968912,N/A,2025-08-18 17:32:06
927,0.008958,N/A,N/A,5.00e-05,66105.96,1583.00,5975244,N/A,2025-08-18 17:32:06
928,0.011515,N/A,N/A,5.00e-05,66481.99,1568.00,5981516,N/A,2025-08-18 17:32:06
929,0.009036,N/A,N/A,5.00e-05,67983.10,1875.25,5989017,N/A,2025-08-18 17:32:06
930,0.013048,N/A,N/A,5.00e-05,66712.99,1531.50,5995143,0.4827,2025-08-18 17:32:07
931,0.007741,N/A,N/A,5.00e-05,65410.65,1395.00,6000723,N/A,2025-08-18 17:32:07
932,0.004680,N/A,N/A,5.00e-05,62271.45,1192.50,6005493,N/A,2025-08-18 17:32:07
933,0.004316,N/A,N/A,5.00e-05,61698.40,1522.75,6011584,N/A,2025-08-18 17:32:07
934,0.007290,N/A,N/A,5.00e-05,63461.68,1731.75,6018511,N/A,2025-08-18 17:32:07
935,0.003363,N/A,N/A,5.00e-05,63353.43,1479.25,6024428,N/A,2025-08-18 17:32:07
936,0.010871,N/A,N/A,5.00e-05,61766.44,1581.25,6030753,N/A,2025-08-18 17:32:07
937,0.004827,N/A,N/A,5.00e-05,62046.26,1680.25,6037474,N/A,2025-08-18 17:32:07
938,0.007143,N/A,N/A,5.00e-05,62543.61,1737.25,6044423,N/A,2025-08-18 17:32:07
939,0.006200,N/A,N/A,5.00e-05,61321.85,1325.00,6049723,N/A,2025-08-18 17:32:08
940,0.007035,N/A,N/A,5.00e-05,61892.86,1949.00,6057519,0.4859,2025-08-18 17:32:08
941,0.002632,N/A,N/A,5.00e-05,62467.60,1545.25,6063700,N/A,2025-08-18 17:32:08
942,0.005495,N/A,N/A,5.00e-05,63443.35,1422.25,6069389,N/A,2025-08-18 17:32:08
943,0.006010,N/A,N/A,5.00e-05,63124.28,1522.25,6075478,N/A,2025-08-18 17:32:08
944,0.011032,N/A,N/A,5.00e-05,61113.06,1314.25,6080735,N/A,2025-08-18 17:32:08
945,0.003313,N/A,N/A,5.00e-05,62471.78,1822.25,6088024,N/A,2025-08-18 17:32:08
946,0.009698,N/A,N/A,5.00e-05,63014.02,1736.00,6094968,N/A,2025-08-18 17:32:08
947,0.001757,N/A,N/A,5.00e-05,62625.33,1655.00,6101588,N/A,2025-08-18 17:32:08
948,0.000926,N/A,N/A,5.00e-05,61958.57,1651.75,6108195,N/A,2025-08-18 17:32:09
949,0.003190,N/A,N/A,5.00e-05,63415.30,1599.00,6114591,N/A,2025-08-18 17:32:09
950,0.004063,N/A,N/A,5.00e-05,60925.80,1623.25,6121084,0.2704,2025-08-18 17:32:09
951,0.004170,N/A,N/A,5.00e-05,61089.55,1642.50,6127654,N/A,2025-08-18 17:32:09
952,0.003463,N/A,N/A,5.00e-05,61662.85,1527.75,6133765,N/A,2025-08-18 17:32:09
953,0.012990,N/A,N/A,5.00e-05,61260.33,1353.50,6139179,N/A,2025-08-18 17:32:09
954,0.004894,N/A,N/A,5.00e-05,63349.49,1850.00,6146579,N/A,2025-08-18 17:32:09
955,0.005769,N/A,N/A,5.00e-05,62040.76,1498.00,6152571,N/A,2025-08-18 17:32:09
956,0.003316,N/A,N/A,5.00e-05,60601.58,1327.75,6157882,N/A,2025-08-18 17:32:09
957,0.008631,N/A,N/A,5.00e-05,59542.94,1344.75,6163261,N/A,2025-08-18 17:32:10
958,0.003942,N/A,N/A,5.00e-05,59796.26,1616.25,6169726,N/A,2025-08-18 17:32:10
959,0.004214,N/A,N/A,5.00e-05,61267.54,1759.50,6176764,N/A,2025-08-18 17:32:10
960,0.006522,N/A,N/A,5.00e-05,60322.03,1538.00,6182916,0.7651,2025-08-18 17:32:10
961,0.003754,N/A,N/A,5.00e-05,59226.02,1405.25,6188537,N/A,2025-08-18 17:32:10
962,0.003791,N/A,N/A,5.00e-05,59504.67,1561.50,6194783,N/A,2025-08-18 17:32:10
963,0.017076,N/A,N/A,5.00e-05,61216.76,1830.25,6202104,N/A,2025-08-18 17:32:10
964,0.002835,N/A,N/A,5.00e-05,58700.52,1266.50,6207170,N/A,2025-08-18 17:32:10
965,0.002129,N/A,N/A,5.00e-05,59495.66,1698.50,6213964,N/A,2025-08-18 17:32:11
966,0.006820,N/A,N/A,5.00e-05,61195.84,1776.25,6221069,N/A,2025-08-18 17:32:11
967,0.004660,N/A,N/A,5.00e-05,62502.42,1683.75,6227804,N/A,2025-08-18 17:32:11
968,0.002145,N/A,N/A,5.00e-05,62380.77,1578.25,6234117,N/A,2025-08-18 17:32:11
969,0.010295,N/A,N/A,5.00e-05,62622.64,1698.25,6240910,N/A,2025-08-18 17:32:11
970,0.006462,N/A,N/A,5.00e-05,62244.94,1641.00,6247474,0.8200,2025-08-18 17:32:11
971,0.005064,N/A,N/A,5.00e-05,62243.59,1439.00,6253230,N/A,2025-08-18 17:32:11
972,0.014082,N/A,N/A,5.00e-05,62427.90,1630.25,6259751,N/A,2025-08-18 17:32:11
973,0.009117,N/A,N/A,5.00e-05,61973.16,1629.25,6266268,N/A,2025-08-18 17:32:11
974,0.003662,N/A,N/A,5.00e-05,63612.72,1723.00,6273160,N/A,2025-08-18 17:32:12
975,0.002499,N/A,N/A,5.00e-05,63454.29,1621.50,6279646,N/A,2025-08-18 17:32:12
976,0.007245,N/A,N/A,5.00e-05,62344.78,1550.25,6285847,N/A,2025-08-18 17:32:12
977,0.007384,N/A,N/A,5.00e-05,62176.66,1580.00,6292167,N/A,2025-08-18 17:32:12
978,0.014971,N/A,N/A,5.00e-05,61899.08,1456.00,6297991,N/A,2025-08-18 17:32:12
979,0.003331,N/A,N/A,5.00e-05,63828.19,1997.75,6305982,N/A,2025-08-18 17:32:12
980,0.003355,N/A,N/A,5.00e-05,62951.98,1585.25,6312323,0.1036,2025-08-18 17:32:12
981,0.001800,N/A,N/A,5.00e-05,63771.53,1600.25,6318724,N/A,2025-08-18 17:32:12
982,0.005951,N/A,N/A,5.00e-05,63320.95,1566.50,6324990,N/A,2025-08-18 17:32:12
983,0.005434,N/A,N/A,5.00e-05,63016.68,1455.00,6330810,N/A,2025-08-18 17:32:13
984,0.006468,N/A,N/A,5.00e-05,61450.03,1399.25,6336407,N/A,2025-08-18 17:32:13
985,0.008561,N/A,N/A,5.00e-05,62349.65,1747.75,6343398,N/A,2025-08-18 17:32:13
986,0.007636,N/A,N/A,5.00e-05,61991.15,1424.25,6349095,N/A,2025-08-18 17:32:13
987,0.004104,N/A,N/A,5.00e-05,63079.82,1793.75,6356270,N/A,2025-08-18 17:32:13
988,0.004884,N/A,N/A,5.00e-05,62105.22,1163.25,6360923,N/A,2025-08-18 17:32:13
989,0.004686,N/A,N/A,5.00e-05,62486.19,1940.50,6368685,N/A,2025-08-18 17:32:13
990,0.006745,N/A,N/A,5.00e-05,61692.58,1613.00,6375137,0.4895,2025-08-18 17:32:13
991,0.006237,N/A,N/A,5.00e-05,61700.08,1569.50,6381415,N/A,2025-08-18 17:32:13
992,0.003206,N/A,N/A,5.00e-05,60916.27,1422.50,6387105,N/A,2025-08-18 17:32:14
993,0.009252,N/A,N/A,5.00e-05,61795.97,1636.00,6393649,N/A,2025-08-18 17:32:14
994,0.008235,N/A,N/A,5.00e-05,62255.84,1582.75,6399980,N/A,2025-08-18 17:32:14
995,0.007251,N/A,N/A,5.00e-05,62015.99,1761.75,6407027,N/A,2025-08-18 17:32:14
996,0.004336,N/A,N/A,5.00e-05,62775.24,1691.00,6413791,N/A,2025-08-18 17:32:14
997,0.004126,N/A,N/A,5.00e-05,63013.00,1897.50,6421381,N/A,2025-08-18 17:32:14
998,0.006109,N/A,N/A,5.00e-05,64236.93,1488.00,6427333,N/A,2025-08-18 17:32:14
999,0.007148,N/A,N/A,5.00e-05,63317.21,1441.00,6433097,N/A,2025-08-18 17:32:14
1000,0.005488,0.007457,1.007490,5.00e-05,6824.25,1902.75,6440708,N/A,2025-08-18 17:32:23
1001,3.309653,2.988708,23.941257,5.00e-05,7171.68,1635.75,6422456,N/A,2025-08-18 17:39:32
1002,2.325143,2.988708,23.941257,5.00e-05,7100.35,1370.25,6427937,N/A,2025-08-18 17:39:32
1003,3.574878,2.988708,23.941257,5.00e-05,7062.84,1693.75,6434712,N/A,2025-08-18 17:39:32
1004,2.695179,2.988708,23.941257,5.00e-05,7061.92,1642.00,6441280,N/A,2025-08-18 17:39:32
1005,3.248709,2.988708,23.941257,5.00e-05,7231.34,1725.75,6448183,N/A,2025-08-18 17:39:32
1006,2.974798,2.988708,23.941257,5.00e-05,7161.03,1655.75,6454806,N/A,2025-08-18 17:39:32
1007,3.208454,2.988708,23.941257,5.00e-05,7030.25,1585.75,6461149,N/A,2025-08-18 17:39:32
1008,2.808559,2.988708,23.941257,5.00e-05,7043.80,1548.25,6467342,N/A,2025-08-18 17:39:32
1009,3.380636,2.988708,23.941257,5.00e-05,50762.86,1736.25,6474287,N/A,2025-08-18 17:39:33
1010,2.896282,2.988708,23.941257,5.00e-05,64316.39,1599.25,6480684,0.9248,2025-08-18 17:39:33
1011,3.711649,2.988708,23.941257,5.00e-05,65189.17,1917.00,6488352,N/A,2025-08-18 17:39:33
1012,2.756635,2.988708,23.941257,5.00e-05,65369.83,1372.75,6493843,N/A,2025-08-18 17:39:33
1013,2.981698,2.988708,23.941257,5.00e-05,65629.31,1710.25,6500684,N/A,2025-08-18 17:39:33
1014,2.724328,2.988708,23.941257,5.00e-05,66539.79,1751.75,6507691,N/A,2025-08-18 17:39:33
1015,2.964891,2.988708,23.941257,5.00e-05,65920.26,1613.50,6514145,N/A,2025-08-18 17:39:33
1016,2.536325,2.988708,23.941257,5.00e-05,64973.23,1433.25,6519878,N/A,2025-08-18 17:39:33
1017,2.622560,2.988708,23.941257,5.00e-05,64988.11,1633.75,6526413,N/A,2025-08-18 17:39:33
1018,3.564747,2.988708,23.941257,5.00e-05,64813.63,1474.75,6532312,N/A,2025-08-18 17:39:34
1019,3.139101,2.988708,23.941257,5.00e-05,64821.59,1575.75,6538615,N/A,2025-08-18 17:39:34
1020,2.906590,2.988708,23.941257,5.00e-05,64737.73,1744.00,6545591,0.7611,2025-08-18 17:39:34
1021,3.178960,2.988708,23.941257,5.00e-05,63339.67,1559.50,6551829,N/A,2025-08-18 17:39:34
1022,2.692665,2.988708,23.941257,5.00e-05,63913.48,1528.75,6557944,N/A,2025-08-18 17:39:34
1023,2.703290,2.988708,23.941257,5.00e-05,63218.72,1590.75,6564307,N/A,2025-08-18 17:39:34
1024,3.478119,2.988708,23.941257,5.00e-05,63161.95,1757.75,6571338,N/A,2025-08-18 17:39:34
1025,3.812013,2.988708,23.941257,5.00e-05,64745.37,1999.25,6579335,N/A,2025-08-18 17:39:34
1026,3.576605,2.988708,23.941257,5.00e-05,65851.95,1713.50,6586189,N/A,2025-08-18 17:39:34
1027,2.115485,2.988708,23.941257,5.00e-05,64524.62,1295.75,6591372,N/A,2025-08-18 17:39:35
1028,2.854644,2.988708,23.941257,5.00e-05,64662.51,1492.75,6597343,N/A,2025-08-18 17:39:35
1029,1.386234,2.988708,23.941257,5.00e-05,65201.15,1509.75,6603382,N/A,2025-08-18 17:39:35
1030,2.566133,2.988708,23.941257,5.00e-05,63012.30,1326.50,6608688,0.6359,2025-08-18 17:39:35
1031,1.966305,2.988708,23.941257,5.00e-05,61272.52,1114.75,6613147,N/A,2025-08-18 17:39:35
1032,3.382077,2.988708,23.941257,5.00e-05,62652.91,1854.75,6620566,N/A,2025-08-18 17:39:35
1033,3.053523,2.988708,23.941257,5.00e-05,62378.18,1445.75,6626349,N/A,2025-08-18 17:39:35
1034,3.724625,2.988708,23.941257,5.00e-05,63055.72,1927.25,6634058,N/A,2025-08-18 17:39:35
1035,2.904175,2.988708,23.941257,5.00e-05,61261.18,1501.50,6640064,N/A,2025-08-18 17:39:35
1036,3.004059,2.988708,23.941257,5.00e-05,60915.39,1643.25,6646637,N/A,2025-08-18 17:39:36
1037,2.601791,2.988708,23.941257,5.00e-05,61004.64,1340.50,6651999,N/A,2025-08-18 17:39:36
1038,3.729250,2.988708,23.941257,5.00e-05,62978.85,1933.25,6659732,N/A,2025-08-18 17:39:36
1039,2.373048,2.988708,23.941257,5.00e-05,63603.63,1544.50,6665910,N/A,2025-08-18 17:39:36
1040,3.731691,2.988708,23.941257,5.00e-05,64347.62,1677.50,6672620,0.7160,2025-08-18 17:39:36
1041,3.073180,2.988708,23.941257,5.00e-05,65969.88,1541.50,6678786,N/A,2025-08-18 17:39:36
1042,2.402510,2.988708,23.941257,5.00e-05,64553.61,1526.75,6684893,N/A,2025-08-18 17:39:36
1043,2.611659,2.988708,23.941257,5.00e-05,64264.63,1324.00,6690189,N/A,2025-08-18 17:39:36
1044,3.504703,2.988708,23.941257,5.00e-05,63001.04,1657.25,6696818,N/A,2025-08-18 17:39:36
1045,3.353922,2.988708,23.941257,5.00e-05,63464.39,1576.75,6703125,N/A,2025-08-18 17:39:37
1046,3.236598,2.988708,23.941257,5.00e-05,63371.98,1583.50,6709459,N/A,2025-08-18 17:39:37
1047,2.161843,2.988708,23.941257,5.00e-05,62759.32,1214.75,6714318,N/A,2025-08-18 17:39:37
1048,3.080510,2.988708,23.941257,5.00e-05,61564.41,1693.50,6721092,N/A,2025-08-18 17:39:37
1049,3.414777,2.988708,23.941257,5.00e-05,63290.05,1808.75,6728327,N/A,2025-08-18 17:39:37
1050,3.713470,2.988708,23.941257,5.00e-05,62316.31,1619.50,6734805,0.6584,2025-08-18 17:39:37
1051,3.176520,2.988708,23.941257,5.00e-05,61796.11,1419.00,6740481,N/A,2025-08-18 17:39:37
1052,2.525993,2.988708,23.941257,5.00e-05,62705.16,1746.00,6747465,N/A,2025-08-18 17:39:37
1053,3.036567,2.988708,23.941257,5.00e-05,64024.97,1574.25,6753762,N/A,2025-08-18 17:39:37
1054,3.040041,2.988708,23.941257,5.00e-05,63152.53,1460.00,6759602,N/A,2025-08-18 17:39:38
1055,2.540166,2.988708,23.941257,5.00e-05,62258.92,1334.25,6764939,N/A,2025-08-18 17:39:38
1056,1.926390,2.988708,23.941257,5.00e-05,62197.05,1579.50,6771257,N/A,2025-08-18 17:39:38
1057,3.740434,2.988708,23.941257,5.00e-05,64244.36,1640.00,6777817,N/A,2025-08-18 17:39:38
1058,3.492922,2.988708,23.941257,5.00e-05,64641.72,1765.25,6784878,N/A,2025-08-18 17:39:38
1059,3.648579,2.988708,23.941257,5.00e-05,62715.67,1834.75,6792217,N/A,2025-08-18 17:39:38
1060,3.589430,2.988708,23.941257,5.00e-05,61639.15,1550.25,6798418,0.9007,2025-08-18 17:39:38
1061,3.317120,2.988708,23.941257,5.00e-05,62701.39,1746.50,6805404,N/A,2025-08-18 17:39:38
1062,3.021243,2.988708,23.941257,5.00e-05,61156.22,1400.00,6811004,N/A,2025-08-18 17:39:38
1063,2.885516,2.988708,23.941257,5.00e-05,61213.55,1602.75,6817415,N/A,2025-08-18 17:39:39
1064,3.131146,2.988708,23.941257,5.00e-05,61998.28,1664.50,6824073,N/A,2025-08-18 17:39:39
1065,3.914653,2.988708,23.941257,5.00e-05,63223.11,1638.25,6830626,N/A,2025-08-18 17:39:39
1066,2.604737,2.988708,23.941257,5.00e-05,62665.25,1416.25,6836291,N/A,2025-08-18 17:39:39
1067,2.739986,2.988708,23.941257,5.00e-05,62424.34,1619.50,6842769,N/A,2025-08-18 17:39:39
1068,3.499683,2.988708,23.941257,5.00e-05,65549.69,1874.25,6850266,N/A,2025-08-18 17:39:39
1069,2.356919,2.988708,23.941257,5.00e-05,64938.65,1516.25,6856331,N/A,2025-08-18 17:39:39
1070,3.680837,2.988708,23.941257,5.00e-05,64915.29,1585.75,6862674,0.5066,2025-08-18 17:39:39
1071,1.985599,2.988708,23.941257,5.00e-05,62746.92,1247.75,6867665,N/A,2025-08-18 17:39:39
1072,2.817766,2.988708,23.941257,5.00e-05,63849.24,1649.25,6874262,N/A,2025-08-18 17:39:40
1073,2.229385,2.988708,23.941257,5.00e-05,63798.86,1590.75,6880625,N/A,2025-08-18 17:39:40
1074,1.448547,2.988708,23.941257,5.00e-05,59197.62,512.00,6882673,N/A,2025-08-18 17:39:40
1075,2.866910,2.988708,23.941257,5.00e-05,4354.50,1439.00,6888429,N/A,2025-08-18 17:39:52
1076,2.693493,2.988708,23.941257,5.00e-05,4364.16,1456.25,6894254,N/A,2025-08-18 17:39:52
1077,2.879284,2.988708,23.941257,5.00e-05,4313.11,1446.75,6900041,N/A,2025-08-18 17:39:52
1078,2.407718,2.988708,23.941257,5.00e-05,4232.32,1609.75,6906480,N/A,2025-08-18 17:39:53
1079,3.858562,2.988708,23.941257,5.00e-05,4365.56,1958.25,6914313,N/A,2025-08-18 17:39:53
1080,2.837533,2.988708,23.941257,5.00e-05,4367.68,1614.00,6920769,0.6955,2025-08-18 17:39:53
1081,3.738809,2.988708,23.941257,5.00e-05,4550.22,1865.25,6928230,N/A,2025-08-18 17:39:53
1082,2.715224,2.988708,23.941257,5.00e-05,4490.44,1463.25,6934083,N/A,2025-08-18 17:39:53
1083,3.009093,2.988708,23.941257,5.00e-05,4539.04,1765.75,6941146,N/A,2025-08-18 17:39:53
1084,2.952604,2.988708,23.941257,5.00e-05,61276.24,1580.50,6947468,N/A,2025-08-18 17:39:53
1085,2.988200,2.988708,23.941257,5.00e-05,60285.16,1187.25,6952217,N/A,2025-08-18 17:39:53
1086,3.160120,2.988708,23.941257,5.00e-05,60277.88,1577.50,6958527,N/A,2025-08-18 17:39:53
1087,1.558014,2.988708,23.941257,5.00e-05,60117.06,1438.00,6964279,N/A,2025-08-18 17:39:54
1088,3.765748,2.988708,23.941257,5.00e-05,60583.14,1792.00,6971447,N/A,2025-08-18 17:39:54
1089,2.690902,2.988708,23.941257,5.00e-05,59749.82,1544.50,6977625,N/A,2025-08-18 17:39:54
1090,2.913721,2.988708,23.941257,5.00e-05,58607.98,1447.25,6983414,0.8390,2025-08-18 17:39:54
1091,3.186691,2.988708,23.941257,5.00e-05,57662.83,1579.00,6989730,N/A,2025-08-18 17:39:54
1092,2.852764,2.988708,23.941257,5.00e-05,58212.16,1620.75,6996213,N/A,2025-08-18 17:39:54
1093,3.314470,2.988708,23.941257,5.00e-05,57726.10,1644.00,7002789,N/A,2025-08-18 17:39:54
1094,3.730000,2.988708,23.941257,5.00e-05,57793.75,1580.50,7009111,N/A,2025-08-18 17:39:54
1095,2.878260,2.988708,23.941257,5.00e-05,58607.97,1401.75,7014718,N/A,2025-08-18 17:39:55
1096,3.198224,2.988708,23.941257,5.00e-05,58920.36,1633.25,7021251,N/A,2025-08-18 17:39:55
1097,2.657350,2.988708,23.941257,5.00e-05,59800.03,1667.50,7027921,N/A,2025-08-18 17:39:55
1098,2.448839,2.988708,23.941257,5.00e-05,58671.10,1455.75,7033744,N/A,2025-08-18 17:39:55
1099,3.414359,2.988708,23.941257,5.00e-05,59471.41,1640.75,7040307,N/A,2025-08-18 17:39:55
1100,3.103078,2.988708,23.941257,5.00e-05,59612.12,1678.75,7047022,1.0000,2025-08-18 17:39:55
1101,1.401600,2.988708,23.941257,5.00e-05,45034.62,1347.00,7052410,N/A,2025-08-18 17:39:56
1102,2.976403,2.988708,23.941257,5.00e-05,44864.76,1551.00,7058614,N/A,2025-08-18 17:39:56
1103,3.823038,2.988708,23.941257,5.00e-05,45254.07,1749.00,7065610,N/A,2025-08-18 17:39:56
1104,3.429591,2.988708,23.941257,5.00e-05,45674.15,1698.00,7072402,N/A,2025-08-18 17:39:56
1105,3.249371,2.988708,23.941257,5.00e-05,46282.95,1572.00,7078690,N/A,2025-08-18 17:39:56
1106,3.173441,2.988708,23.941257,5.00e-05,46865.09,1758.00,7085722,N/A,2025-08-18 17:39:56
1107,3.342108,2.988708,23.941257,5.00e-05,46494.67,1477.25,7091631,N/A,2025-08-18 17:39:56
1108,3.780578,2.988708,23.941257,5.00e-05,47463.07,1721.25,7098516,N/A,2025-08-18 17:39:56
1109,3.122350,2.988708,23.941257,5.00e-05,47431.01,1493.50,7104490,N/A,2025-08-18 17:39:56
1110,2.609796,2.988708,23.941257,5.00e-05,61528.06,1620.75,7110973,1.0000,2025-08-18 17:39:57
1111,2.933103,2.988708,23.941257,5.00e-05,62191.18,1582.75,7117304,N/A,2025-08-18 17:39:57
1112,2.571353,2.988708,23.941257,5.00e-05,61306.71,1355.00,7122724,N/A,2025-08-18 17:39:57
1113,3.760563,2.988708,23.941257,5.00e-05,61756.90,1912.75,7130375,N/A,2025-08-18 17:39:57
1114,3.333448,2.988708,23.941257,5.00e-05,60932.72,1560.00,7136615,N/A,2025-08-18 17:39:57
1115,3.408213,2.988708,23.941257,5.00e-05,60935.62,1668.00,7143287,N/A,2025-08-18 17:39:57
1116,3.438215,2.988708,23.941257,5.00e-05,60139.49,1659.75,7149926,N/A,2025-08-18 17:39:57
1117,3.571684,2.988708,23.941257,5.00e-05,61050.12,1782.50,7157056,N/A,2025-08-18 17:39:57
1118,3.106681,2.988708,23.941257,5.00e-05,60884.33,1667.75,7163727,N/A,2025-08-18 17:39:58
1119,3.493817,2.988708,23.941257,5.00e-05,61844.39,1497.25,7169716,N/A,2025-08-18 17:39:58
1120,3.010982,2.988708,23.941257,5.00e-05,62301.29,1739.75,7176675,0.6947,2025-08-18 17:39:58
1121,2.778031,2.988708,23.941257,5.00e-05,61872.49,1340.75,7182038,N/A,2025-08-18 17:39:58
1122,3.440547,2.988708,23.941257,5.00e-05,63996.30,1776.00,7189142,N/A,2025-08-18 17:39:58
1123,2.507165,2.988708,23.941257,5.00e-05,62194.78,1399.75,7194741,N/A,2025-08-18 17:39:58
1124,2.764455,2.988708,23.941257,5.00e-05,62462.95,1539.50,7200899,N/A,2025-08-18 17:39:58
1125,2.817344,2.988708,23.941257,5.00e-05,62671.36,1575.50,7207201,N/A,2025-08-18 17:39:58
1126,2.892353,2.988708,23.941257,5.00e-05,62907.19,1604.75,7213620,N/A,2025-08-18 17:39:58
1127,3.596333,2.988708,23.941257,5.00e-05,62340.93,1514.75,7219679,N/A,2025-08-18 17:39:59
1128,3.811543,2.988708,23.941257,5.00e-05,63865.82,2033.50,7227813,N/A,2025-08-18 17:39:59
1129,3.091220,2.988708,23.941257,5.00e-05,64935.78,1648.75,7234408,N/A,2025-08-18 17:39:59
1130,3.426764,2.988708,23.941257,5.00e-05,63733.22,1685.00,7241148,0.6594,2025-08-18 17:39:59
1131,3.056466,2.988708,23.941257,5.00e-05,65264.88,1783.25,7248281,N/A,2025-08-18 17:39:59
1132,2.792422,2.988708,23.941257,5.00e-05,63656.69,1354.25,7253698,N/A,2025-08-18 17:39:59
1133,2.373217,2.988708,23.941257,5.00e-05,63342.96,1333.00,7259030,N/A,2025-08-18 17:39:59
1134,3.681788,2.988708,23.941257,5.00e-05,63033.14,1529.00,7265146,N/A,2025-08-18 17:39:59
1135,2.954310,2.988708,23.941257,5.00e-05,63336.70,1685.75,7271889,N/A,2025-08-18 17:39:59
1136,2.973891,2.988708,23.941257,5.00e-05,61463.10,1202.00,7276697,N/A,2025-08-18 17:40:00
1137,3.103299,2.988708,23.941257,5.00e-05,62466.94,1760.25,7283738,N/A,2025-08-18 17:40:00
1138,2.725674,2.988708,23.941257,5.00e-05,60307.02,1446.50,7289524,N/A,2025-08-18 17:40:00
1139,3.437474,2.988708,23.941257,5.00e-05,59226.40,1195.25,7294305,N/A,2025-08-18 17:40:00
1140,3.634766,2.988708,23.941257,5.00e-05,58711.41,1758.00,7301337,0.6010,2025-08-18 17:40:00
1141,2.547130,2.988708,23.941257,5.00e-05,57592.11,1483.25,7307270,N/A,2025-08-18 17:40:00
1142,2.587363,2.988708,23.941257,5.00e-05,57769.41,1398.75,7312865,N/A,2025-08-18 17:40:00
1143,3.663974,2.988708,23.941257,5.00e-05,59401.52,1775.00,7319965,N/A,2025-08-18 17:40:00
1144,3.499020,2.988708,23.941257,5.00e-05,59223.46,1516.75,7326032,N/A,2025-08-18 17:40:00
1145,2.584283,2.988708,23.941257,5.00e-05,58005.17,1401.75,7331639,N/A,2025-08-18 17:40:01
1146,3.503961,2.988708,23.941257,5.00e-05,60537.97,1916.75,7339306,N/A,2025-08-18 17:40:01
1147,3.111569,2.988708,23.941257,5.00e-05,58743.16,1374.00,7344802,N/A,2025-08-18 17:40:01
1148,2.592581,2.988708,23.941257,5.00e-05,57905.66,1320.00,7350082,N/A,2025-08-18 17:40:01
1149,3.537738,2.988708,23.941257,5.00e-05,60196.99,1690.75,7356845,N/A,2025-08-18 17:40:01
1150,1.914019,2.988708,23.941257,5.00e-05,57837.79,1336.25,7362190,0.7974,2025-08-18 17:40:01
1151,3.277854,2.988708,23.941257,5.00e-05,58368.54,1680.75,7368913,N/A,2025-08-18 17:40:01
1152,3.583722,2.988708,23.941257,5.00e-05,59684.20,1742.00,7375881,N/A,2025-08-18 17:40:01
1153,3.035081,2.988708,23.941257,5.00e-05,59080.80,1616.25,7382346,N/A,2025-08-18 17:40:02
1154,2.936646,2.988708,23.941257,5.00e-05,59102.83,1482.00,7388274,N/A,2025-08-18 17:40:02
1155,2.498223,2.988708,23.941257,5.00e-05,59883.37,1574.50,7394572,N/A,2025-08-18 17:40:02
1156,3.445941,2.988708,23.941257,5.00e-05,59890.47,1877.00,7402080,N/A,2025-08-18 17:40:02
1157,3.523523,2.988708,23.941257,5.00e-05,61542.20,1731.25,7409005,N/A,2025-08-18 17:40:02
1158,3.241254,2.988708,23.941257,5.00e-05,63788.01,1806.75,7416232,N/A,2025-08-18 17:40:02
1159,3.594434,2.988708,23.941257,5.00e-05,64315.94,1642.00,7422800,N/A,2025-08-18 17:40:02
1160,3.399768,2.988708,23.941257,5.00e-05,64694.45,1562.75,7429051,0.5241,2025-08-18 17:40:02
1161,3.154168,2.988708,23.941257,5.00e-05,63811.72,1479.50,7434969,N/A,2025-08-18 17:40:02
1162,2.627788,2.988708,23.941257,5.00e-05,62874.51,1515.75,7441032,N/A,2025-08-18 17:40:03
1163,3.270794,2.988708,23.941257,5.00e-05,63489.34,1716.25,7447897,N/A,2025-08-18 17:40:03
1164,2.472127,2.988708,23.941257,5.00e-05,63218.61,1338.50,7453251,N/A,2025-08-18 17:40:03
1165,3.167999,2.988708,23.941257,5.00e-05,63078.61,1463.00,7459103,N/A,2025-08-18 17:40:03
1166,2.683128,2.988708,23.941257,5.00e-05,61496.74,1389.00,7464659,N/A,2025-08-18 17:40:03
1167,3.846280,2.988708,23.941257,5.00e-05,62094.12,1828.25,7471972,N/A,2025-08-18 17:40:03
1168,1.313771,2.988708,23.941257,5.00e-05,60319.45,1303.50,7477186,N/A,2025-08-18 17:40:03
1169,3.217586,2.988708,23.941257,5.00e-05,60002.51,1335.25,7482527,N/A,2025-08-18 17:40:03
1170,3.410800,2.988708,23.941257,5.00e-05,60073.39,1659.75,7489166,0.6398,2025-08-18 17:40:03
1171,3.590375,2.988708,23.941257,5.00e-05,62342.71,1949.00,7496962,N/A,2025-08-18 17:40:04
1172,3.547141,2.988708,23.941257,5.00e-05,63208.43,1703.50,7503776,N/A,2025-08-18 17:40:04
1173,2.933430,2.988708,23.941257,5.00e-05,61135.10,1262.00,7508824,N/A,2025-08-18 17:40:04
1174,3.317662,2.988708,23.941257,5.00e-05,62678.06,1806.75,7516051,N/A,2025-08-18 17:40:04
1175,2.645392,2.988708,23.941257,5.00e-05,62643.84,1538.25,7522204,N/A,2025-08-18 17:40:04
1176,2.853626,2.988708,23.941257,5.00e-05,62890.27,1572.75,7528495,N/A,2025-08-18 17:40:04
1177,2.479699,2.988708,23.941257,5.00e-05,60628.14,1359.50,7533933,N/A,2025-08-18 17:40:04
1178,3.500690,2.988708,23.941257,5.00e-05,61704.71,1666.75,7540600,N/A,2025-08-18 17:40:04
1179,3.377927,2.988708,23.941257,5.00e-05,64268.98,1881.25,7548125,N/A,2025-08-18 17:40:04
1180,2.227306,2.988708,23.941257,5.00e-05,62474.22,1493.25,7554098,0.6058,2025-08-18 17:40:05
1181,3.264836,2.988708,23.941257,5.00e-05,60831.97,1628.75,7560613,N/A,2025-08-18 17:40:05
1182,3.318198,2.988708,23.941257,5.00e-05,60985.17,1763.00,7567665,N/A,2025-08-18 17:40:05
1183,3.538759,2.988708,23.941257,5.00e-05,62286.71,1653.25,7574278,N/A,2025-08-18 17:40:05
1184,2.862037,2.988708,23.941257,5.00e-05,61166.19,1587.00,7580626,N/A,2025-08-18 17:40:05
1185,2.552499,2.988708,23.941257,5.00e-05,60695.33,1318.75,7585901,N/A,2025-08-18 17:40:05
1186,2.270810,2.988708,23.941257,5.00e-05,60319.08,1349.75,7591300,N/A,2025-08-18 17:40:05
1187,2.870912,2.988708,23.941257,5.00e-05,61020.03,1463.75,7597155,N/A,2025-08-18 17:40:05
1188,3.091752,2.988708,23.941257,5.00e-05,61387.25,1697.50,7603945,N/A,2025-08-18 17:40:06
1189,3.613761,2.988708,23.941257,5.00e-05,60799.37,1520.25,7610026,N/A,2025-08-18 17:40:06
1190,2.906084,2.988708,23.941257,5.00e-05,60495.00,1536.50,7616172,1.0000,2025-08-18 17:40:06
1191,3.455953,2.988708,23.941257,5.00e-05,59843.58,1477.25,7622081,N/A,2025-08-18 17:40:06
1192,2.686012,2.988708,23.941257,5.00e-05,59379.82,1627.50,7628591,N/A,2025-08-18 17:40:06
1193,3.018086,2.988708,23.941257,5.00e-05,59261.94,1623.50,7635085,N/A,2025-08-18 17:40:06
1194,2.865361,2.988708,23.941257,5.00e-05,59016.88,1589.25,7641442,N/A,2025-08-18 17:40:06
1195,3.123422,2.988708,23.941257,5.00e-05,59872.79,1624.50,7647940,N/A,2025-08-18 17:40:06
1196,3.768666,2.988708,23.941257,5.00e-05,61984.81,1953.25,7655753,N/A,2025-08-18 17:40:06
1197,2.389862,2.988708,23.941257,5.00e-05,61976.18,1527.50,7661863,N/A,2025-08-18 17:40:07
1198,2.934379,2.988708,23.941257,5.00e-05,61111.05,1489.25,7667820,N/A,2025-08-18 17:40:07
1199,2.792528,2.988708,23.941257,5.00e-05,61763.14,1560.50,7674062,N/A,2025-08-18 17:40:07
1200,3.621810,2.988708,23.941257,5.00e-05,61987.26,1736.75,7681009,0.6850,2025-08-18 17:40:07
1201,3.150623,2.988708,23.941257,5.00e-05,48976.47,1598.00,7687401,N/A,2025-08-18 17:40:07
1202,3.622113,2.988708,23.941257,5.00e-05,50117.63,1933.50,7695135,N/A,2025-08-18 17:40:07
1203,2.802066,2.988708,23.941257,5.00e-05,49803.69,1503.75,7701150,N/A,2025-08-18 17:40:08
1204,3.241572,2.988708,23.941257,5.00e-05,50605.28,1832.25,7708479,N/A,2025-08-18 17:40:08
1205,2.652464,2.988708,23.941257,5.00e-05,50408.61,1578.75,7714794,N/A,2025-08-18 17:40:08
1206,3.221063,2.988708,23.941257,5.00e-05,49580.06,1679.75,7721513,N/A,2025-08-18 17:40:08
1207,3.612876,2.988708,23.941257,5.00e-05,49705.01,1544.00,7727689,N/A,2025-08-18 17:40:08
1208,1.727702,2.988708,23.941257,5.00e-05,49087.14,1269.75,7732768,N/A,2025-08-18 17:40:08
1209,3.298620,2.988708,23.941257,5.00e-05,49577.65,1593.75,7739143,N/A,2025-08-18 17:40:08
1210,3.194447,2.988708,23.941257,5.00e-05,62469.23,1751.75,7746150,0.8331,2025-08-18 17:40:08
1211,3.828047,2.988708,23.941257,5.00e-05,63370.41,1803.25,7753363,N/A,2025-08-18 17:40:08
1212,2.465092,2.988708,23.941257,5.00e-05,61303.76,1342.00,7758731,N/A,2025-08-18 17:40:09
1213,3.354141,2.988708,23.941257,5.00e-05,61986.73,1645.25,7765312,N/A,2025-08-18 17:40:09
1214,2.272678,2.988708,23.941257,5.00e-05,61193.69,1556.50,7771538,N/A,2025-08-18 17:40:09
1215,2.519020,2.988708,23.941257,5.00e-05,61245.27,1560.75,7777781,N/A,2025-08-18 17:40:09
1216,3.463988,2.988708,23.941257,5.00e-05,61609.56,1732.75,7784712,N/A,2025-08-18 17:40:09
1217,3.742528,2.988708,23.941257,5.00e-05,62724.03,1767.50,7791782,N/A,2025-08-18 17:40:09
1218,3.505660,2.988708,23.941257,5.00e-05,64928.10,1804.50,7799000,N/A,2025-08-18 17:40:09
1219,3.035428,2.988708,23.941257,5.00e-05,65940.91,1478.75,7804915,N/A,2025-08-18 17:40:09
1220,3.416675,2.988708,23.941257,5.00e-05,65197.01,1792.00,7812083,0.6771,2025-08-18 17:40:09
1221,3.000461,2.988708,23.941257,5.00e-05,64136.00,1571.75,7818370,N/A,2025-08-18 17:40:10
1222,3.412441,2.988708,23.941257,5.00e-05,66112.66,1828.00,7825682,N/A,2025-08-18 17:40:10
1223,3.336250,2.988708,23.941257,5.00e-05,65710.66,1593.75,7832057,N/A,2025-08-18 17:40:10
1224,3.928094,2.988708,23.941257,5.00e-05,67332.86,2021.50,7840143,N/A,2025-08-18 17:40:10
1225,3.733436,2.988708,23.941257,5.00e-05,68071.16,1821.50,7847429,N/A,2025-08-18 17:40:10
1226,3.563751,2.988708,23.941257,5.00e-05,67020.61,1506.50,7853455,N/A,2025-08-18 17:40:10
1227,3.063981,2.988708,23.941257,5.00e-05,66857.71,1687.75,7860206,N/A,2025-08-18 17:40:10
1228,2.597282,2.988708,23.941257,5.00e-05,65902.95,1558.00,7866438,N/A,2025-08-18 17:40:10
1229,3.689058,2.988708,23.941257,5.00e-05,68234.97,1881.00,7873962,N/A,2025-08-18 17:40:11
1230,3.231692,2.988708,23.941257,5.00e-05,65501.22,1282.25,7879091,0.6372,2025-08-18 17:40:11
1231,3.271105,2.988708,23.941257,5.00e-05,66212.50,1719.25,7885968,N/A,2025-08-18 17:40:11
1232,2.036794,2.988708,23.941257,5.00e-05,65192.75,1519.00,7892044,N/A,2025-08-18 17:40:11
1233,3.811338,2.988708,23.941257,5.00e-05,65678.59,1612.25,7898493,N/A,2025-08-18 17:40:11
1234,3.964859,2.988708,23.941257,5.00e-05,65737.58,1919.00,7906169,N/A,2025-08-18 17:40:11
1235,2.322380,2.988708,23.941257,5.00e-05,63689.54,1302.50,7911379,N/A,2025-08-18 17:40:11
1236,2.386950,2.988708,23.941257,5.00e-05,63614.09,1463.75,7917234,N/A,2025-08-18 17:40:11
1237,3.027448,2.988708,23.941257,5.00e-05,62793.79,1473.50,7923128,N/A,2025-08-18 17:40:11
1238,3.294955,2.988708,23.941257,5.00e-05,63016.98,1573.00,7929420,N/A,2025-08-18 17:40:11
1239,3.684168,2.988708,23.941257,5.00e-05,64462.85,2031.75,7937547,N/A,2025-08-18 17:40:12
1240,3.379450,2.988708,23.941257,5.00e-05,65712.89,1837.50,7944897,1.0000,2025-08-18 17:40:12
1241,2.857247,2.988708,23.941257,5.00e-05,64064.85,1276.50,7950003,N/A,2025-08-18 17:40:12
1242,2.763987,2.988708,23.941257,5.00e-05,63922.89,1476.00,7955907,N/A,2025-08-18 17:40:12
1243,3.584858,2.988708,23.941257,5.00e-05,64570.86,1797.00,7963095,N/A,2025-08-18 17:40:12
1244,3.484064,2.988708,23.941257,5.00e-05,63665.32,1644.50,7969673,N/A,2025-08-18 17:40:12
1245,3.251681,2.988708,23.941257,5.00e-05,65205.90,1692.00,7976441,N/A,2025-08-18 17:40:12
1246,2.137217,2.988708,23.941257,5.00e-05,64558.92,1305.50,7981663,N/A,2025-08-18 17:40:12
1247,3.231690,2.988708,23.941257,5.00e-05,64942.58,1602.50,7988073,N/A,2025-08-18 17:40:13
1248,2.562857,2.988708,23.941257,5.00e-05,64611.12,1537.00,7994221,N/A,2025-08-18 17:40:13
1249,2.222285,2.988708,23.941257,5.00e-05,63411.16,1540.00,8000381,N/A,2025-08-18 17:40:13
1250,2.915612,2.988708,23.941257,5.00e-05,61693.43,1695.75,8007164,0.5085,2025-08-18 17:40:13
1251,2.959980,2.988708,23.941257,5.00e-05,62091.94,1515.00,8013224,N/A,2025-08-18 17:40:13
1252,3.062394,2.988708,23.941257,5.00e-05,61786.46,1465.75,8019087,N/A,2025-08-18 17:40:13
1253,3.139856,2.988708,23.941257,5.00e-05,61115.95,1736.25,8026032,N/A,2025-08-18 17:40:13
1254,3.108948,2.988708,23.941257,5.00e-05,61038.10,1718.75,8032907,N/A,2025-08-18 17:40:13
1255,2.955744,2.988708,23.941257,5.00e-05,60327.36,1570.75,8039190,N/A,2025-08-18 17:40:13
1256,2.810339,2.988708,23.941257,5.00e-05,61207.00,1556.75,8045417,N/A,2025-08-18 17:40:14
1257,3.145744,2.988708,23.941257,5.00e-05,60773.77,1521.25,8051502,N/A,2025-08-18 17:40:14
1258,3.594470,2.988708,23.941257,5.00e-05,61232.45,1766.25,8058567,N/A,2025-08-18 17:40:14
1259,4.140039,2.988708,23.941257,5.00e-05,61666.05,1545.25,8064748,N/A,2025-08-18 17:40:14
1260,2.987165,2.988708,23.941257,5.00e-05,60275.15,1496.25,8070733,1.0000,2025-08-18 17:40:14
1261,3.271178,2.988708,23.941257,5.00e-05,59955.49,1489.00,8076689,N/A,2025-08-18 17:40:14
1262,3.661573,2.988708,23.941257,5.00e-05,61564.92,1922.25,8084378,N/A,2025-08-18 17:40:14
1263,3.059949,2.988708,23.941257,5.00e-05,60285.31,1448.75,8090173,N/A,2025-08-18 17:40:14
1264,3.322881,2.988708,23.941257,5.00e-05,59408.14,1527.25,8096282,N/A,2025-08-18 17:40:14
1265,3.176354,2.988708,23.941257,5.00e-05,58650.70,1412.25,8101931,N/A,2025-08-18 17:40:15
1266,3.674626,2.988708,23.941257,5.00e-05,59881.48,1920.50,8109613,N/A,2025-08-18 17:40:15
1267,3.330133,2.988708,23.941257,5.00e-05,60440.27,1648.00,8116205,N/A,2025-08-18 17:40:15
1268,2.399603,2.988708,23.941257,5.00e-05,59211.05,1379.00,8121721,N/A,2025-08-18 17:40:15
1269,3.748675,2.988708,23.941257,5.00e-05,60790.33,1814.50,8128979,N/A,2025-08-18 17:40:15
1270,2.680306,2.988708,23.941257,5.00e-05,59807.22,1531.75,8135106,0.7826,2025-08-18 17:40:15
1271,3.264632,2.988708,23.941257,5.00e-05,60616.04,1736.75,8142053,N/A,2025-08-18 17:40:15
1272,3.312851,2.988708,23.941257,5.00e-05,60558.38,1897.50,8149643,N/A,2025-08-18 17:40:15
1273,3.206668,2.988708,23.941257,5.00e-05,62108.40,1833.50,8156977,N/A,2025-08-18 17:40:16
1274,2.481912,2.988708,23.941257,5.00e-05,61845.04,1438.00,8162729,N/A,2025-08-18 17:40:16
1275,2.215424,2.988708,23.941257,5.00e-05,61459.46,1283.50,8167863,N/A,2025-08-18 17:40:16
1276,2.608181,2.988708,23.941257,5.00e-05,60432.50,1613.25,8174316,N/A,2025-08-18 17:40:16
1277,3.086079,2.988708,23.941257,5.00e-05,60248.72,1621.50,8180802,N/A,2025-08-18 17:40:16
1278,3.265487,2.988708,23.941257,5.00e-05,61645.59,1745.00,8187782,N/A,2025-08-18 17:40:16
1279,3.312997,2.988708,23.941257,5.00e-05,62890.02,1910.50,8195424,N/A,2025-08-18 17:40:16
1280,2.524891,2.988708,23.941257,5.00e-05,61642.57,1339.75,8200783,0.9856,2025-08-18 17:40:16
1281,3.459491,2.988708,23.941257,5.00e-05,61542.64,1688.50,8207537,N/A,2025-08-18 17:40:17
1282,3.324335,2.988708,23.941257,5.00e-05,61097.35,1785.75,8214680,N/A,2025-08-18 17:40:17
1283,3.563308,2.988708,23.941257,5.00e-05,60659.28,1756.25,8221705,N/A,2025-08-18 17:40:17
1284,3.679276,2.988708,23.941257,5.00e-05,61925.91,1838.25,8229058,N/A,2025-08-18 17:40:17
1285,3.076413,2.988708,23.941257,5.00e-05,62893.83,1604.50,8235476,N/A,2025-08-18 17:40:17
1286,3.496914,2.988708,23.941257,5.00e-05,62838.97,1595.25,8241857,N/A,2025-08-18 17:40:17
1287,2.295106,2.988708,23.941257,5.00e-05,61691.52,1309.50,8247095,N/A,2025-08-18 17:40:17
1288,2.846662,2.988708,23.941257,5.00e-05,61316.20,1568.50,8253369,N/A,2025-08-18 17:40:17
1289,1.535136,2.988708,23.941257,5.00e-05,58707.98,1159.00,8258005,N/A,2025-08-18 17:40:17
1290,3.605675,2.988708,23.941257,5.00e-05,59808.36,1865.50,8265467,1.0000,2025-08-18 17:40:18
1291,3.655864,2.988708,23.941257,5.00e-05,60028.83,1767.75,8272538,N/A,2025-08-18 17:40:18
1292,1.743532,2.988708,23.941257,5.00e-05,58472.02,1351.25,8277943,N/A,2025-08-18 17:40:18
1293,1.798798,2.988708,23.941257,5.00e-05,57655.47,1472.25,8283832,N/A,2025-08-18 17:40:18
1294,3.045242,2.988708,23.941257,5.00e-05,56876.72,1632.50,8290362,N/A,2025-08-18 17:40:18
1295,3.065992,2.988708,23.941257,5.00e-05,56398.48,1457.25,8296191,N/A,2025-08-18 17:40:18
1296,2.939786,2.988708,23.941257,5.00e-05,56726.16,1639.00,8302747,N/A,2025-08-18 17:40:18
1297,2.695971,2.988708,23.941257,5.00e-05,57028.72,1423.50,8308441,N/A,2025-08-18 17:40:18
1298,3.436773,2.988708,23.941257,5.00e-05,57783.97,1718.25,8315314,N/A,2025-08-18 17:40:19
1299,3.375114,2.988708,23.941257,5.00e-05,60938.40,1792.75,8322485,N/A,2025-08-18 17:40:19
1300,2.379168,2.988708,23.941257,5.00e-05,59221.51,1542.25,8328654,0.4465,2025-08-18 17:40:19
1301,3.262976,2.988708,23.941257,5.00e-05,47423.45,1437.50,8334404,N/A,2025-08-18 17:40:19
1302,3.629207,2.988708,23.941257,5.00e-05,48418.96,1680.25,8341125,N/A,2025-08-18 17:40:19
1303,2.603345,2.988708,23.941257,5.00e-05,48294.69,1421.25,8346810,N/A,2025-08-18 17:40:19
1304,3.618495,2.988708,23.941257,5.00e-05,48719.85,1829.75,8354129,N/A,2025-08-18 17:40:19
1305,3.827276,2.988708,23.941257,5.00e-05,49656.54,1794.00,8361305,N/A,2025-08-18 17:40:20
1306,2.287969,2.988708,23.941257,5.00e-05,49454.35,1516.75,8367372,N/A,2025-08-18 17:40:20
1307,2.755142,2.988708,23.941257,5.00e-05,50634.51,1728.25,8374285,N/A,2025-08-18 17:40:20
1308,4.021977,2.988708,23.941257,5.00e-05,51289.79,1903.75,8381900,N/A,2025-08-18 17:40:20
1309,2.083110,2.988708,23.941257,5.00e-05,49397.87,1137.25,8386449,N/A,2025-08-18 17:40:20
1310,3.114016,2.988708,23.941257,5.00e-05,60299.85,1655.75,8393072,0.7476,2025-08-18 17:40:20
1311,2.033761,2.988708,23.941257,5.00e-05,59979.03,1403.25,8398685,N/A,2025-08-18 17:40:20
1312,2.726605,2.988708,23.941257,5.00e-05,59689.37,1558.00,8404917,N/A,2025-08-18 17:40:20
1313,1.732035,2.988708,23.941257,5.00e-05,59310.10,1269.75,8409996,N/A,2025-08-18 17:40:21
1314,3.153485,2.988708,23.941257,5.00e-05,58757.18,1602.00,8416404,N/A,2025-08-18 17:40:21
1315,3.019823,2.988708,23.941257,5.00e-05,57706.71,1434.50,8422142,N/A,2025-08-18 17:40:21
1316,2.581841,2.988708,23.941257,5.00e-05,58184.35,1519.50,8428220,N/A,2025-08-18 17:40:21
1317,3.040239,2.988708,23.941257,5.00e-05,58613.97,1731.50,8435146,N/A,2025-08-18 17:40:21
1318,3.145405,2.988708,23.941257,5.00e-05,58503.86,1677.50,8441856,N/A,2025-08-18 17:40:21
1319,3.218424,2.988708,23.941257,5.00e-05,61632.27,1749.25,8448853,N/A,2025-08-18 17:40:21
1320,2.081868,2.988708,23.941257,5.00e-05,60985.64,1494.50,8454831,0.9180,2025-08-18 17:40:21
1321,3.092434,2.988708,23.941257,5.00e-05,62110.76,1543.00,8461003,N/A,2025-08-18 17:40:21
1322,3.021446,2.988708,23.941257,5.00e-05,61997.08,1395.25,8466584,N/A,2025-08-18 17:40:22
1323,3.656157,2.988708,23.941257,5.00e-05,64936.76,1927.50,8474294,N/A,2025-08-18 17:40:22
1324,3.002291,2.988708,23.941257,5.00e-05,64513.66,1464.00,8480150,N/A,2025-08-18 17:40:22
1325,3.496587,2.988708,23.941257,5.00e-05,64818.55,1537.50,8486300,N/A,2025-08-18 17:40:22
1326,2.390334,2.988708,23.941257,5.00e-05,64607.65,1426.50,8492006,N/A,2025-08-18 17:40:22
1327,2.848189,2.988708,23.941257,5.00e-05,64852.92,1758.50,8499040,N/A,2025-08-18 17:40:22
1328,2.934581,2.988708,23.941257,5.00e-05,65271.83,1637.75,8505591,N/A,2025-08-18 17:40:22
1329,2.328063,2.988708,23.941257,5.00e-05,63925.76,1291.50,8510757,N/A,2025-08-18 17:40:22
1330,3.403080,2.988708,23.941257,5.00e-05,63318.19,1536.00,8516901,0.5061,2025-08-18 17:40:22
1331,3.568285,2.988708,23.941257,5.00e-05,64632.28,1839.00,8524257,N/A,2025-08-18 17:40:23
1332,2.525329,2.988708,23.941257,5.00e-05,64558.74,1377.00,8529765,N/A,2025-08-18 17:40:23
1333,2.848256,2.988708,23.941257,5.00e-05,62082.90,1362.25,8535214,N/A,2025-08-18 17:40:23
1334,3.318340,2.988708,23.941257,5.00e-05,62815.30,1649.00,8541810,N/A,2025-08-18 17:40:23
1335,3.961674,2.988708,23.941257,5.00e-05,64689.49,1998.25,8549803,N/A,2025-08-18 17:40:23
1336,3.036803,2.988708,23.941257,5.00e-05,65939.36,1727.75,8556714,N/A,2025-08-18 17:40:23
1337,1.898145,2.988708,23.941257,5.00e-05,64805.14,1497.00,8562702,N/A,2025-08-18 17:40:23
1338,3.717294,2.988708,23.941257,5.00e-05,65945.70,1855.00,8570122,N/A,2025-08-18 17:40:23
1339,3.863728,2.988708,23.941257,5.00e-05,69595.12,2011.25,8578167,N/A,2025-08-18 17:40:23
1340,3.248188,2.988708,23.941257,5.00e-05,69125.57,1696.00,8584951,1.0000,2025-08-18 17:40:24
1341,3.091414,2.988708,23.941257,5.00e-05,67791.28,1518.50,8591025,N/A,2025-08-18 17:40:24
1342,3.605431,2.988708,23.941257,5.00e-05,69027.51,1624.75,8597524,N/A,2025-08-18 17:40:24
1343,2.529740,2.988708,23.941257,5.00e-05,69587.77,1507.25,8603553,N/A,2025-08-18 17:40:24
1344,3.951129,2.988708,23.941257,5.00e-05,71147.92,2048.00,8611745,N/A,2025-08-18 17:40:24
1345,3.633273,2.988708,23.941257,5.00e-05,68967.61,1472.75,8617636,N/A,2025-08-18 17:40:24
1346,3.694068,2.988708,23.941257,5.00e-05,69727.90,1896.50,8625222,N/A,2025-08-18 17:40:24
1347,3.054013,2.988708,23.941257,5.00e-05,71296.38,1849.50,8632620,N/A,2025-08-18 17:40:24
1348,3.701368,2.988708,23.941257,5.00e-05,70310.15,1616.75,8639087,N/A,2025-08-18 17:40:24
1349,3.650707,2.988708,23.941257,5.00e-05,69608.39,1604.75,8645506,N/A,2025-08-18 17:40:24
1350,2.090404,2.988708,23.941257,5.00e-05,66866.60,1227.25,8650415,0.9314,2025-08-18 17:40:25
1351,2.016922,2.988708,23.941257,5.00e-05,66284.33,1442.25,8656184,N/A,2025-08-18 17:40:25
1352,2.749320,2.988708,23.941257,5.00e-05,65309.28,1343.75,8661559,N/A,2025-08-18 17:40:25
1353,2.357761,2.988708,23.941257,5.00e-05,65367.12,1500.75,8667562,N/A,2025-08-18 17:40:25
1354,2.727426,2.988708,23.941257,5.00e-05,63006.11,1476.25,8673467,N/A,2025-08-18 17:40:25
1355,2.879289,2.988708,23.941257,5.00e-05,63248.80,1545.50,8679649,N/A,2025-08-18 17:40:25
1356,1.201572,2.988708,23.941257,5.00e-05,60654.64,1291.75,8684816,N/A,2025-08-18 17:40:25
1357,3.122123,2.988708,23.941257,5.00e-05,59294.92,1537.25,8690965,N/A,2025-08-18 17:40:25
1358,3.560302,2.988708,23.941257,5.00e-05,60419.60,1855.75,8698388,N/A,2025-08-18 17:40:25
1359,3.278557,2.988708,23.941257,5.00e-05,61554.90,1713.75,8705243,N/A,2025-08-18 17:40:26
1360,3.267765,2.988708,23.941257,5.00e-05,63334.46,1780.00,8712363,0.8295,2025-08-18 17:40:26
1361,2.505249,2.988708,23.941257,5.00e-05,62636.60,1275.00,8717463,N/A,2025-08-18 17:40:26
1362,3.332865,2.988708,23.941257,5.00e-05,63384.97,1572.25,8723752,N/A,2025-08-18 17:40:26
1363,3.666524,2.988708,23.941257,5.00e-05,64636.81,1859.00,8731188,N/A,2025-08-18 17:40:26
1364,2.897235,2.988708,23.941257,5.00e-05,65244.86,1618.50,8737662,N/A,2025-08-18 17:40:26
1365,2.210078,2.988708,23.941257,5.00e-05,64095.66,1246.75,8742649,N/A,2025-08-18 17:40:26
1366,3.740263,2.988708,23.941257,5.00e-05,64487.18,1355.50,8748071,N/A,2025-08-18 17:40:26
1367,3.171440,2.988708,23.941257,5.00e-05,65142.73,1708.25,8754904,N/A,2025-08-18 17:40:26
1368,3.281998,2.988708,23.941257,5.00e-05,65022.87,1870.75,8762387,N/A,2025-08-18 17:40:27
1369,3.561901,2.988708,23.941257,5.00e-05,65528.17,1665.25,8769048,N/A,2025-08-18 17:40:27
1370,3.227148,2.988708,23.941257,5.00e-05,63190.57,1419.25,8774725,0.7987,2025-08-18 17:40:27
1371,1.878897,2.988708,23.941257,5.00e-05,63416.00,1312.25,8779974,N/A,2025-08-18 17:40:27
1372,3.580395,2.988708,23.941257,5.00e-05,64919.40,1870.75,8787457,N/A,2025-08-18 17:40:27
1373,3.735642,2.988708,23.941257,5.00e-05,65178.59,1930.25,8795178,N/A,2025-08-18 17:40:27
1374,2.918945,2.988708,23.941257,5.00e-05,64895.10,1529.75,8801297,N/A,2025-08-18 17:40:27
1375,2.050439,2.988708,23.941257,5.00e-05,65091.64,1288.25,8806450,N/A,2025-08-18 17:40:27
1376,2.746090,2.988708,23.941257,5.00e-05,64987.56,1335.50,8811792,N/A,2025-08-18 17:40:27
1377,2.215473,2.988708,23.941257,5.00e-05,64523.96,1537.25,8817941,N/A,2025-08-18 17:40:28
1378,2.851714,2.988708,23.941257,5.00e-05,62715.67,1467.25,8823810,N/A,2025-08-18 17:40:28
1379,3.162908,2.988708,23.941257,5.00e-05,62869.83,1569.75,8830089,N/A,2025-08-18 17:40:28
1380,2.670382,2.988708,23.941257,5.00e-05,62263.03,1406.50,8835715,1.0000,2025-08-18 17:40:28
1381,3.722992,2.988708,23.941257,5.00e-05,64245.10,1789.75,8842874,N/A,2025-08-18 17:40:28
1382,3.426728,2.988708,23.941257,5.00e-05,63361.79,1639.50,8849432,N/A,2025-08-18 17:40:28
1383,2.773697,2.988708,23.941257,5.00e-05,60934.57,1348.25,8854825,N/A,2025-08-18 17:40:28
1384,2.114694,2.988708,23.941257,5.00e-05,60676.73,1453.00,8860637,N/A,2025-08-18 17:40:28
1385,3.755695,2.988708,23.941257,5.00e-05,63104.34,1876.00,8868141,N/A,2025-08-18 17:40:28
1386,2.895464,2.988708,23.941257,5.00e-05,64045.61,1578.50,8874455,N/A,2025-08-18 17:40:29
1387,3.101229,2.988708,23.941257,5.00e-05,64083.96,1491.00,8880419,N/A,2025-08-18 17:40:29
1388,3.589990,2.988708,23.941257,5.00e-05,66105.92,1867.25,8887888,N/A,2025-08-18 17:40:29
1389,2.020291,2.988708,23.941257,5.00e-05,66750.44,1566.25,8894153,N/A,2025-08-18 17:40:29
1390,2.013954,2.988708,23.941257,5.00e-05,65587.67,1356.00,8899577,0.3462,2025-08-18 17:40:29
1391,3.374337,2.988708,23.941257,5.00e-05,64886.61,1646.25,8906162,N/A,2025-08-18 17:40:29
1392,3.692338,2.988708,23.941257,5.00e-05,65954.14,1900.75,8913765,N/A,2025-08-18 17:40:29
1393,2.808772,2.988708,23.941257,5.00e-05,65430.50,1271.00,8918849,N/A,2025-08-18 17:40:29
1394,1.760700,2.988708,23.941257,5.00e-05,65220.83,1394.00,8924425,N/A,2025-08-18 17:40:29
1395,2.611557,2.988708,23.941257,5.00e-05,63635.65,1455.00,8930245,N/A,2025-08-18 17:40:29
1396,2.581061,2.988708,23.941257,5.00e-05,63168.67,1516.50,8936311,N/A,2025-08-18 17:40:30
1397,2.816147,2.988708,23.941257,5.00e-05,63313.26,1537.75,8942462,N/A,2025-08-18 17:40:30
1398,3.880938,2.988708,23.941257,5.00e-05,62279.75,1609.50,8948900,N/A,2025-08-18 17:40:30
1399,1.969951,2.988708,23.941257,5.00e-05,63185.53,1595.00,8955280,N/A,2025-08-18 17:40:30
1400,3.452431,2.988708,23.941257,5.00e-05,63989.82,1743.75,8962255,0.5949,2025-08-18 17:40:30
1401,3.752787,2.988708,23.941257,5.00e-05,51061.70,1767.75,8969326,N/A,2025-08-18 17:40:30
1402,2.582732,2.988708,23.941257,5.00e-05,49148.62,1312.50,8974576,N/A,2025-08-18 17:40:31
1403,2.467857,2.988708,23.941257,5.00e-05,49350.51,1369.00,8980052,N/A,2025-08-18 17:40:31
1404,2.317545,2.988708,23.941257,5.00e-05,49315.55,1453.25,8985865,N/A,2025-08-18 17:40:31
1405,2.732625,2.988708,23.941257,5.00e-05,49199.96,1470.75,8991748,N/A,2025-08-18 17:40:31
1406,2.104631,2.988708,23.941257,5.00e-05,49218.96,1563.50,8998002,N/A,2025-08-18 17:40:31
1407,3.846252,2.988708,23.941257,5.00e-05,49478.72,1661.50,9004648,N/A,2025-08-18 17:40:31
1408,2.971085,2.988708,23.941257,5.00e-05,49277.45,1541.25,9010813,N/A,2025-08-18 17:40:31
1409,2.669496,2.988708,23.941257,5.00e-05,49878.31,1640.25,9017374,N/A,2025-08-18 17:40:31
1410,2.435439,2.988708,23.941257,5.00e-05,60227.13,1358.50,9022808,1.0000,2025-08-18 17:40:31
1411,3.287461,2.988708,23.941257,5.00e-05,60390.17,1772.50,9029898,N/A,2025-08-18 17:40:32
1412,2.413342,2.988708,23.941257,5.00e-05,60743.59,1362.75,9035349,N/A,2025-08-18 17:40:32
1413,2.495942,2.988708,23.941257,5.00e-05,61366.52,1483.00,9041281,N/A,2025-08-18 17:40:32
1414,3.465631,2.988708,23.941257,5.00e-05,62127.07,1557.50,9047511,N/A,2025-08-18 17:40:32
1415,3.877607,2.988708,23.941257,5.00e-05,64318.90,1959.50,9055349,N/A,2025-08-18 17:40:32
1416,3.725260,2.988708,23.941257,5.00e-05,65395.55,1803.00,9062561,N/A,2025-08-18 17:40:32
1417,3.370026,2.988708,23.941257,5.00e-05,65454.34,1671.75,9069248,N/A,2025-08-18 17:40:32
1418,3.729240,2.988708,23.941257,5.00e-05,66354.25,1729.25,9076165,N/A,2025-08-18 17:40:32
1419,3.367895,2.988708,23.941257,5.00e-05,67456.67,1608.75,9082600,N/A,2025-08-18 17:40:32
1420,3.288717,2.988708,23.941257,5.00e-05,67814.38,1624.00,9089096,1.0000,2025-08-18 17:40:32
1421,3.725935,2.988708,23.941257,5.00e-05,67331.61,1709.50,9095934,N/A,2025-08-18 17:40:33
1422,3.330201,2.988708,23.941257,5.00e-05,68656.12,1709.75,9102773,N/A,2025-08-18 17:40:33
1423,3.058540,2.988708,23.941257,5.00e-05,69504.11,1665.25,9109434,N/A,2025-08-18 17:40:33
1424,3.059658,2.988708,23.941257,5.00e-05,69258.94,1526.50,9115540,N/A,2025-08-18 17:40:33
1425,3.388197,2.988708,23.941257,5.00e-05,68238.69,1674.00,9122236,N/A,2025-08-18 17:40:33
1426,3.395217,2.988708,23.941257,5.00e-05,66600.04,1490.75,9128199,N/A,2025-08-18 17:40:33
1427,2.911576,2.988708,23.941257,5.00e-05,66181.02,1622.75,9134690,N/A,2025-08-18 17:40:33
1428,3.436791,2.988708,23.941257,5.00e-05,65532.02,1630.25,9141211,N/A,2025-08-18 17:40:33
1429,2.668134,2.988708,23.941257,5.00e-05,65903.87,1551.75,9147418,N/A,2025-08-18 17:40:33
1430,3.661368,2.988708,23.941257,5.00e-05,66694.32,1993.50,9155392,0.5674,2025-08-18 17:40:34
1431,3.250029,2.988708,23.941257,5.00e-05,65674.97,1471.00,9161276,N/A,2025-08-18 17:40:34
1432,3.652568,2.988708,23.941257,5.00e-05,65810.79,1803.25,9168489,N/A,2025-08-18 17:40:34
1433,3.213297,2.988708,23.941257,5.00e-05,66262.20,1823.25,9175782,N/A,2025-08-18 17:40:34
1434,2.517831,2.988708,23.941257,5.00e-05,64872.30,1222.50,9180672,N/A,2025-08-18 17:40:34
1435,3.818870,2.988708,23.941257,5.00e-05,66266.56,1948.75,9188467,N/A,2025-08-18 17:40:34
1436,3.177777,2.988708,23.941257,5.00e-05,66855.92,1612.75,9194918,N/A,2025-08-18 17:40:34
1437,3.292095,2.988708,23.941257,5.00e-05,66556.11,1532.00,9201046,N/A,2025-08-18 17:40:34
1438,3.646284,2.988708,23.941257,5.00e-05,65825.05,1552.75,9207257,N/A,2025-08-18 17:40:34
1439,3.588652,2.988708,23.941257,5.00e-05,66881.15,1600.25,9213658,N/A,2025-08-18 17:40:35
1440,2.227688,2.988708,23.941257,5.00e-05,63252.84,1273.50,9218752,0.7019,2025-08-18 17:40:35
1441,2.465677,2.988708,23.941257,5.00e-05,63573.97,1486.00,9224696,N/A,2025-08-18 17:40:35
1442,3.127141,2.988708,23.941257,5.00e-05,63476.52,1700.75,9231499,N/A,2025-08-18 17:40:35
1443,2.164121,2.988708,23.941257,5.00e-05,61242.82,1256.50,9236525,N/A,2025-08-18 17:40:35
1444,2.760282,2.988708,23.941257,5.00e-05,62762.57,1607.50,9242955,N/A,2025-08-18 17:40:35
1445,3.832553,2.988708,23.941257,5.00e-05,61984.41,1709.75,9249794,N/A,2025-08-18 17:40:35
1446,2.916233,2.988708,23.941257,5.00e-05,61821.97,1535.00,9255934,N/A,2025-08-18 17:40:35
1447,3.262098,2.988708,23.941257,5.00e-05,62429.79,1542.00,9262102,N/A,2025-08-18 17:40:35
1448,2.838154,2.988708,23.941257,5.00e-05,61949.91,1436.50,9267848,N/A,2025-08-18 17:40:36
1449,2.711328,2.988708,23.941257,5.00e-05,62376.74,1510.75,9273891,N/A,2025-08-18 17:40:36
1450,2.861185,2.988708,23.941257,5.00e-05,62724.54,1564.50,9280149,0.9393,2025-08-18 17:40:36
1451,2.578751,2.988708,23.941257,5.00e-05,62723.37,1666.25,9286814,N/A,2025-08-18 17:40:36
1452,3.220847,2.988708,23.941257,5.00e-05,62831.90,1708.75,9293649,N/A,2025-08-18 17:40:36
1453,3.034916,2.988708,23.941257,5.00e-05,64087.24,1548.75,9299844,N/A,2025-08-18 17:40:36
1454,3.403625,2.988708,23.941257,5.00e-05,63363.41,1489.00,9305800,N/A,2025-08-18 17:40:36
1455,2.991258,2.988708,23.941257,5.00e-05,62836.12,1624.75,9312299,N/A,2025-08-18 17:40:36
1456,3.817959,2.988708,23.941257,5.00e-05,64297.01,1970.50,9320181,N/A,2025-08-18 17:40:36
1457,2.918151,2.988708,23.941257,5.00e-05,64012.45,1555.50,9326403,N/A,2025-08-18 17:40:37
1458,3.391709,2.988708,23.941257,5.00e-05,65231.04,1805.75,9333626,N/A,2025-08-18 17:40:37
1459,3.347641,2.988708,23.941257,5.00e-05,66463.59,1793.00,9340798,N/A,2025-08-18 17:40:37
1460,3.362369,2.988708,23.941257,5.00e-05,66511.70,1800.75,9348001,0.6822,2025-08-18 17:40:37
1461,2.558692,2.988708,23.941257,5.00e-05,65786.23,1632.75,9354532,N/A,2025-08-18 17:40:37
1462,3.159517,2.988708,23.941257,5.00e-05,64744.85,1575.25,9360833,N/A,2025-08-18 17:40:37
1463,3.125186,2.988708,23.941257,5.00e-05,63764.22,1415.00,9366493,N/A,2025-08-18 17:40:37
1464,2.662131,2.988708,23.941257,5.00e-05,63281.08,1512.50,9372543,N/A,2025-08-18 17:40:37
1465,2.882308,2.988708,23.941257,5.00e-05,62042.24,1409.50,9378181,N/A,2025-08-18 17:40:38
1466,3.536642,2.988708,23.941257,5.00e-05,60201.99,1521.75,9384268,N/A,2025-08-18 17:40:38
1467,3.495495,2.988708,23.941257,5.00e-05,60995.58,1816.00,9391532,N/A,2025-08-18 17:40:38
1468,2.670007,2.988708,23.941257,5.00e-05,61001.43,1785.25,9398673,N/A,2025-08-18 17:40:38
1469,3.211137,2.988708,23.941257,5.00e-05,60775.22,1573.00,9404965,N/A,2025-08-18 17:40:38
1470,3.556869,2.988708,23.941257,5.00e-05,60836.66,1983.25,9412898,1.0000,2025-08-18 17:40:38
1471,1.917610,2.988708,23.941257,5.00e-05,60561.06,1560.75,9419141,N/A,2025-08-18 17:40:38
1472,2.738231,2.988708,23.941257,5.00e-05,60602.64,1568.00,9425413,N/A,2025-08-18 17:40:38
1473,2.918935,2.988708,23.941257,5.00e-05,61745.15,1675.00,9432113,N/A,2025-08-18 17:40:38
1474,3.096753,2.988708,23.941257,5.00e-05,61948.60,1579.25,9438430,N/A,2025-08-18 17:40:39
1475,2.840152,2.988708,23.941257,5.00e-05,61938.40,1424.00,9444126,N/A,2025-08-18 17:40:39
1476,3.452873,2.988708,23.941257,5.00e-05,62797.55,1809.00,9451362,N/A,2025-08-18 17:40:39
1477,3.012230,2.988708,23.941257,5.00e-05,62193.50,1678.00,9458074,N/A,2025-08-18 17:40:39
1478,2.118083,2.988708,23.941257,5.00e-05,60230.60,1224.25,9462971,N/A,2025-08-18 17:40:39
1479,2.813331,2.988708,23.941257,5.00e-05,60727.29,1526.50,9469077,N/A,2025-08-18 17:40:39
1480,3.299303,2.988708,23.941257,5.00e-05,58225.19,1489.50,9475035,0.7561,2025-08-18 17:40:39
1481,3.567536,2.988708,23.941257,5.00e-05,59772.77,1969.25,9482912,N/A,2025-08-18 17:40:39
1482,2.698606,2.988708,23.941257,5.00e-05,59786.37,1534.25,9489049,N/A,2025-08-18 17:40:40
1483,3.670020,2.988708,23.941257,5.00e-05,60608.75,1897.50,9496639,N/A,2025-08-18 17:40:40
1484,3.148070,2.988708,23.941257,5.00e-05,59706.24,1360.75,9502082,N/A,2025-08-18 17:40:40
1485,3.248457,2.988708,23.941257,5.00e-05,60709.17,1603.25,9508495,N/A,2025-08-18 17:40:40
1486,1.810254,2.988708,23.941257,5.00e-05,60388.91,1652.00,9515103,N/A,2025-08-18 17:40:40
1487,3.268577,2.988708,23.941257,5.00e-05,61281.64,1849.25,9522500,N/A,2025-08-18 17:40:40
1488,3.181822,2.988708,23.941257,5.00e-05,62192.59,1446.25,9528285,N/A,2025-08-18 17:40:40
1489,3.105777,2.988708,23.941257,5.00e-05,63239.69,1571.75,9534572,N/A,2025-08-18 17:40:40
1490,2.617592,2.988708,23.941257,5.00e-05,63242.59,1608.75,9541007,0.9079,2025-08-18 17:40:40
1491,2.076435,2.988708,23.941257,5.00e-05,61462.94,1499.75,9547006,N/A,2025-08-18 17:40:41
1492,3.022268,2.988708,23.941257,5.00e-05,62458.09,1708.50,9553840,N/A,2025-08-18 17:40:41
1493,3.406172,2.988708,23.941257,5.00e-05,61261.72,1464.25,9559697,N/A,2025-08-18 17:40:41
1494,2.625526,2.988708,23.941257,5.00e-05,61609.08,1390.00,9565257,N/A,2025-08-18 17:40:41
1495,3.337939,2.988708,23.941257,5.00e-05,62412.65,1772.50,9572347,N/A,2025-08-18 17:40:41
1496,2.967443,2.988708,23.941257,5.00e-05,61744.98,1405.50,9577969,N/A,2025-08-18 17:40:41
1497,2.971809,2.988708,23.941257,5.00e-05,60644.25,1491.00,9583933,N/A,2025-08-18 17:40:41
1498,3.339988,2.988708,23.941257,5.00e-05,62583.45,1927.75,9591644,N/A,2025-08-18 17:40:41
1499,1.987741,2.988708,23.941257,5.00e-05,61746.72,1180.00,9596364,N/A,2025-08-18 17:40:41
1500,2.783656,2.988708,23.941257,5.00e-05,61446.41,1618.25,9602837,1.0000,2025-08-18 17:40:42
1501,2.322714,2.988708,23.941257,5.00e-05,46849.79,1654.25,9609454,N/A,2025-08-18 17:40:42
1502,2.308306,2.988708,23.941257,5.00e-05,45618.19,1326.75,9614761,N/A,2025-08-18 17:40:42
1503,3.461724,2.988708,23.941257,5.00e-05,46718.41,1819.75,9622040,N/A,2025-08-18 17:40:42
1504,3.724257,2.988708,23.941257,5.00e-05,47231.38,1558.50,9628274,N/A,2025-08-18 17:40:42
1505,3.252266,2.988708,23.941257,5.00e-05,46960.85,1747.25,9635263,N/A,2025-08-18 17:40:42
1506,3.260323,2.988708,23.941257,5.00e-05,47739.39,1741.50,9642229,N/A,2025-08-18 17:40:43
1507,3.076698,2.988708,23.941257,5.00e-05,47826.44,1605.25,9648650,N/A,2025-08-18 17:40:43
1508,2.834940,2.988708,23.941257,5.00e-05,46778.02,1604.25,9655067,N/A,2025-08-18 17:40:43
1509,3.322189,2.988708,23.941257,5.00e-05,48368.72,1687.50,9661817,N/A,2025-08-18 17:40:43
1510,3.461612,2.988708,23.941257,5.00e-05,63693.30,1841.75,9669184,1.0000,2025-08-18 17:40:43
1511,2.751310,2.988708,23.941257,5.00e-05,62850.47,1480.50,9675106,N/A,2025-08-18 17:40:43
1512,2.683267,2.988708,23.941257,5.00e-05,63531.20,1605.25,9681527,N/A,2025-08-18 17:40:43
1513,2.559706,2.988708,23.941257,5.00e-05,62143.42,1516.00,9687591,N/A,2025-08-18 17:40:43
1514,2.421775,2.988708,23.941257,5.00e-05,61484.53,1458.00,9693423,N/A,2025-08-18 17:40:44
1515,2.820689,2.988708,23.941257,5.00e-05,60824.01,1595.50,9699805,N/A,2025-08-18 17:40:44
1516,2.080869,2.988708,23.941257,5.00e-05,60358.34,1541.50,9705971,N/A,2025-08-18 17:40:44
1517,2.386790,2.988708,23.941257,5.00e-05,60168.72,1580.00,9712291,N/A,2025-08-18 17:40:44
1518,3.131946,2.988708,23.941257,5.00e-05,59400.83,1368.25,9717764,N/A,2025-08-18 17:40:44
1519,2.817831,2.988708,23.941257,5.00e-05,59239.68,1486.25,9723709,N/A,2025-08-18 17:40:44
1520,3.463160,2.988708,23.941257,5.00e-05,57948.00,1729.50,9730627,0.4377,2025-08-18 17:40:44
1521,3.155267,2.988708,23.941257,5.00e-05,58793.36,1690.25,9737388,N/A,2025-08-18 17:40:44
1522,3.029797,2.988708,23.941257,5.00e-05,57923.05,1417.00,9743056,N/A,2025-08-18 17:40:44
1523,2.917531,2.988708,23.941257,5.00e-05,58337.59,1576.50,9749362,N/A,2025-08-18 17:40:45
1524,2.862054,2.988708,23.941257,5.00e-05,58588.78,1470.00,9755242,N/A,2025-08-18 17:40:45
1525,3.561781,2.988708,23.941257,5.00e-05,59773.13,1892.50,9762812,N/A,2025-08-18 17:40:45
1526,2.383392,2.988708,23.941257,5.00e-05,59050.52,1325.00,9768112,N/A,2025-08-18 17:40:45
1527,3.416253,2.988708,23.941257,5.00e-05,59383.58,1704.25,9774929,N/A,2025-08-18 17:40:45
1528,3.047316,2.988708,23.941257,5.00e-05,59600.59,1375.50,9780431,N/A,2025-08-18 17:40:45
1529,3.283435,2.988708,23.941257,5.00e-05,60233.20,1437.00,9786179,N/A,2025-08-18 17:40:45
1530,2.948617,2.988708,23.941257,5.00e-05,58925.68,1539.00,9792335,0.4846,2025-08-18 17:40:45
1531,2.552777,2.988708,23.941257,5.00e-05,57508.64,1296.25,9797520,N/A,2025-08-18 17:40:46
1532,0.995877,2.988708,23.941257,5.00e-05,57516.30,1388.50,9803074,N/A,2025-08-18 17:40:46
1533,2.062457,2.988708,23.941257,5.00e-05,56537.13,1324.75,9808373,N/A,2025-08-18 17:40:46
1534,2.976048,2.988708,23.941257,5.00e-05,56320.94,1474.50,9814271,N/A,2025-08-18 17:40:46
1535,2.378119,2.988708,23.941257,5.00e-05,54414.65,1345.75,9819654,N/A,2025-08-18 17:40:46
1536,3.493131,2.988708,23.941257,5.00e-05,56766.87,1823.25,9826947,N/A,2025-08-18 17:40:46
1537,2.968021,2.988708,23.941257,5.00e-05,56445.43,1544.50,9833125,N/A,2025-08-18 17:40:46
1538,2.661647,2.988708,23.941257,5.00e-05,57294.16,1505.50,9839147,N/A,2025-08-18 17:40:46
1539,3.490691,2.988708,23.941257,5.00e-05,58561.20,1556.25,9845372,N/A,2025-08-18 17:40:46
1540,3.533829,2.988708,23.941257,5.00e-05,58609.12,1641.00,9851936,1.0000,2025-08-18 17:40:47
1541,3.565237,2.988708,23.941257,5.00e-05,61057.79,1921.25,9859621,N/A,2025-08-18 17:40:47
1542,2.057251,2.988708,23.941257,5.00e-05,60720.74,1249.50,9864619,N/A,2025-08-18 17:40:47
1543,1.290302,2.988708,23.941257,5.00e-05,60967.52,1290.50,9869781,N/A,2025-08-18 17:40:47
1544,2.990170,2.988708,23.941257,5.00e-05,62095.42,1775.50,9876883,N/A,2025-08-18 17:40:47
1545,2.924558,2.988708,23.941257,5.00e-05,63349.39,1681.50,9883609,N/A,2025-08-18 17:40:47
1546,3.585159,2.988708,23.941257,5.00e-05,62136.31,1543.75,9889784,N/A,2025-08-18 17:40:47
1547,1.750762,2.988708,23.941257,5.00e-05,62238.12,1548.00,9895976,N/A,2025-08-18 17:40:47
1548,3.527452,2.988708,23.941257,5.00e-05,63269.36,1744.50,9902954,N/A,2025-08-18 17:40:47
1549,2.882786,2.988708,23.941257,5.00e-05,64259.08,1619.75,9909433,N/A,2025-08-18 17:40:48
1550,3.098944,2.988708,23.941257,5.00e-05,63188.01,1560.25,9915674,0.5892,2025-08-18 17:40:48
1551,3.626570,2.988708,23.941257,5.00e-05,63047.79,1881.00,9923198,N/A,2025-08-18 17:40:48
1552,3.583548,2.988708,23.941257,5.00e-05,65583.60,1855.25,9930619,N/A,2025-08-18 17:40:48
1553,2.036628,2.988708,23.941257,5.00e-05,67110.10,1615.75,9937082,N/A,2025-08-18 17:40:48
1554,3.855016,2.988708,23.941257,5.00e-05,67006.39,1840.00,9944442,N/A,2025-08-18 17:40:48
1555,3.114943,2.988708,23.941257,5.00e-05,66571.43,1553.25,9950655,N/A,2025-08-18 17:40:48
1556,3.585749,2.988708,23.941257,5.00e-05,67682.07,1845.75,9958038,N/A,2025-08-18 17:40:48
1557,2.884212,2.988708,23.941257,5.00e-05,67212.73,1407.50,9963668,N/A,2025-08-18 17:40:48
1558,3.633357,2.988708,23.941257,5.00e-05,67190.02,1732.75,9970599,N/A,2025-08-18 17:40:49
1559,3.043044,2.988708,23.941257,5.00e-05,67304.87,1388.50,9976153,N/A,2025-08-18 17:40:49
1560,2.778234,2.988708,23.941257,5.00e-05,66374.87,1485.75,9982096,0.6356,2025-08-18 17:40:49
1561,3.655017,2.988708,23.941257,5.00e-05,66671.60,1958.50,9989930,N/A,2025-08-18 17:40:49
1562,2.730088,2.988708,23.941257,5.00e-05,64986.74,1488.50,9995884,N/A,2025-08-18 17:40:49
1563,3.455126,2.988708,23.941257,5.00e-05,66346.35,1843.75,10003259,N/A,2025-08-18 17:40:49
1564,2.453759,2.988708,23.941257,5.00e-05,65102.80,1523.00,10009351,N/A,2025-08-18 17:40:49
1565,3.359007,2.988708,23.941257,5.00e-05,65982.99,1765.00,10016411,N/A,2025-08-18 17:40:49
1566,2.355980,2.988708,23.941257,5.00e-05,64348.88,1448.75,10022206,N/A,2025-08-18 17:40:49
1567,2.907336,2.988708,23.941257,5.00e-05,65201.91,1639.25,10028763,N/A,2025-08-18 17:40:50
1568,2.243265,2.988708,23.941257,5.00e-05,64363.04,1584.00,10035099,N/A,2025-08-18 17:40:50
1569,2.561140,2.988708,23.941257,5.00e-05,64795.11,1402.25,10040708,N/A,2025-08-18 17:40:50
1570,2.534150,2.988708,23.941257,5.00e-05,63738.21,1520.50,10046790,0.6895,2025-08-18 17:40:50
1571,2.003347,2.988708,23.941257,5.00e-05,62255.78,1609.75,10053229,N/A,2025-08-18 17:40:50
1572,3.539773,2.988708,23.941257,5.00e-05,63016.18,1778.00,10060341,N/A,2025-08-18 17:40:50
1573,2.962294,2.988708,23.941257,5.00e-05,62303.02,1730.00,10067261,N/A,2025-08-18 17:40:50
1574,3.749822,2.988708,23.941257,5.00e-05,62673.51,1681.75,10073988,N/A,2025-08-18 17:40:50
1575,3.538218,2.988708,23.941257,5.00e-05,59736.27,1128.50,10078502,N/A,2025-08-18 17:40:50
1576,2.301449,2.988708,23.941257,5.00e-05,59661.77,1502.75,10084513,N/A,2025-08-18 17:40:51
1577,3.533298,2.988708,23.941257,5.00e-05,58284.40,1320.50,10089795,N/A,2025-08-18 17:40:51
1578,2.565405,2.988708,23.941257,5.00e-05,57430.13,1425.25,10095496,N/A,2025-08-18 17:40:51
1579,3.127688,2.988708,23.941257,5.00e-05,59674.21,1848.00,10102888,N/A,2025-08-18 17:40:51
1580,2.616798,2.988708,23.941257,5.00e-05,59487.92,1708.50,10109722,0.5158,2025-08-18 17:40:51
1581,2.311914,2.988708,23.941257,5.00e-05,58457.89,1361.25,10115167,N/A,2025-08-18 17:40:51
1582,3.207811,2.988708,23.941257,5.00e-05,57941.64,1736.75,10122114,N/A,2025-08-18 17:40:51
1583,2.646693,2.988708,23.941257,5.00e-05,56882.34,1492.25,10128083,N/A,2025-08-18 17:40:51
1584,3.326109,2.988708,23.941257,5.00e-05,55733.11,1356.50,10133509,N/A,2025-08-18 17:40:52
1585,2.668059,2.988708,23.941257,5.00e-05,57655.68,1664.25,10140166,N/A,2025-08-18 17:40:52
1586,3.095178,2.988708,23.941257,5.00e-05,58118.93,1625.75,10146669,N/A,2025-08-18 17:40:52
1587,3.635088,2.988708,23.941257,5.00e-05,59544.65,1680.00,10153389,N/A,2025-08-18 17:40:52
1588,2.305902,2.988708,23.941257,5.00e-05,59819.23,1449.75,10159188,N/A,2025-08-18 17:40:52
1589,3.630727,2.988708,23.941257,5.00e-05,59478.60,1558.75,10165423,N/A,2025-08-18 17:40:52
1590,3.215629,2.988708,23.941257,5.00e-05,58512.85,1611.50,10171869,1.0000,2025-08-18 17:40:52
1591,3.688341,2.988708,23.941257,5.00e-05,60020.93,1652.25,10178478,N/A,2025-08-18 17:40:52
1592,2.910451,2.988708,23.941257,5.00e-05,59308.37,1458.25,10184311,N/A,2025-08-18 17:40:52
1593,3.424834,2.988708,23.941257,5.00e-05,60676.22,1823.00,10191603,N/A,2025-08-18 17:40:53
1594,2.967187,2.988708,23.941257,5.00e-05,62081.27,1669.75,10198282,N/A,2025-08-18 17:40:53
1595,2.909917,2.988708,23.941257,5.00e-05,62125.60,1599.50,10204680,N/A,2025-08-18 17:40:53
1596,3.440226,2.988708,23.941257,5.00e-05,63068.28,1790.00,10211840,N/A,2025-08-18 17:40:53
1597,3.036900,2.988708,23.941257,5.00e-05,62533.91,1493.75,10217815,N/A,2025-08-18 17:40:53
1598,3.668118,2.988708,23.941257,5.00e-05,62657.31,1420.75,10223498,N/A,2025-08-18 17:40:53
1599,3.619503,2.988708,23.941257,5.00e-05,63339.31,1537.75,10229649,N/A,2025-08-18 17:40:53
1600,3.179421,2.988708,23.941257,5.00e-05,62329.42,1530.50,10235771,1.0000,2025-08-18 17:40:53
1601,3.719216,2.988708,23.941257,5.00e-05,49559.02,1376.25,10241276,N/A,2025-08-18 17:40:54
1602,3.461523,2.988708,23.941257,5.00e-05,49895.75,1588.00,10247628,N/A,2025-08-18 17:40:54
1603,2.485525,2.988708,23.941257,5.00e-05,48464.24,1354.50,10253046,N/A,2025-08-18 17:40:54
1604,3.058455,2.988708,23.941257,5.00e-05,47562.20,1433.75,10258781,N/A,2025-08-18 17:40:54
1605,2.981120,2.988708,23.941257,5.00e-05,47080.29,1493.00,10264753,N/A,2025-08-18 17:40:54
1606,3.635014,2.988708,23.941257,5.00e-05,47148.60,1835.75,10272096,N/A,2025-08-18 17:40:54
1607,2.767684,2.988708,23.941257,5.00e-05,46754.23,1404.25,10277713,N/A,2025-08-18 17:40:54
1608,3.289922,2.988708,23.941257,5.00e-05,47809.24,1758.50,10284747,N/A,2025-08-18 17:40:55
1609,2.967991,2.988708,23.941257,5.00e-05,48915.79,1804.75,10291966,N/A,2025-08-18 17:40:55
1610,3.342548,2.988708,23.941257,5.00e-05,59228.92,1512.50,10298016,0.5650,2025-08-18 17:40:55
1611,2.667604,2.988708,23.941257,5.00e-05,60572.94,1675.00,10304716,N/A,2025-08-18 17:40:55
1612,3.414893,2.988708,23.941257,5.00e-05,61192.32,1789.00,10311872,N/A,2025-08-18 17:40:55
1613,3.271265,2.988708,23.941257,5.00e-05,62793.70,1732.00,10318800,N/A,2025-08-18 17:40:55
1614,2.938812,2.988708,23.941257,5.00e-05,63824.20,1596.50,10325186,N/A,2025-08-18 17:40:55
1615,2.820937,2.988708,23.941257,5.00e-05,64717.46,1651.25,10331791,N/A,2025-08-18 17:40:55
1616,3.069414,2.988708,23.941257,5.00e-05,64363.93,1686.25,10338536,N/A,2025-08-18 17:40:55
1617,3.506537,2.988708,23.941257,5.00e-05,65179.06,1613.75,10344991,N/A,2025-08-18 17:40:56
1618,3.676793,2.988708,23.941257,5.00e-05,65920.48,1945.75,10352774,N/A,2025-08-18 17:40:56
1619,1.685630,2.988708,23.941257,5.00e-05,65556.03,1444.00,10358550,N/A,2025-08-18 17:40:56
1620,2.793929,2.988708,23.941257,5.00e-05,64512.75,1507.50,10364580,1.0000,2025-08-18 17:40:56
1621,3.219152,2.988708,23.941257,5.00e-05,63874.53,1472.25,10370469,N/A,2025-08-18 17:40:56
1622,2.968952,2.988708,23.941257,5.00e-05,62664.62,1529.25,10376586,N/A,2025-08-18 17:40:56
1623,2.751538,2.988708,23.941257,5.00e-05,62353.93,1721.75,10383473,N/A,2025-08-18 17:40:56
1624,3.827541,2.988708,23.941257,5.00e-05,63064.19,1852.00,10390881,N/A,2025-08-18 17:40:56
1625,3.401056,2.988708,23.941257,5.00e-05,62515.06,1527.50,10396991,N/A,2025-08-18 17:40:56
1626,1.827377,2.988708,23.941257,5.00e-05,62206.23,1605.50,10403413,N/A,2025-08-18 17:40:57
1627,2.641840,2.988708,23.941257,5.00e-05,62185.80,1582.50,10409743,N/A,2025-08-18 17:40:57
1628,2.993186,2.988708,23.941257,5.00e-05,60975.21,1693.50,10416517,N/A,2025-08-18 17:40:57
1629,3.734296,2.988708,23.941257,5.00e-05,63086.87,1795.00,10423697,N/A,2025-08-18 17:40:57
1630,3.179882,2.988708,23.941257,5.00e-05,63274.17,1776.00,10430801,0.7901,2025-08-18 17:40:57
1631,3.473385,2.988708,23.941257,5.00e-05,64333.52,1732.75,10437732,N/A,2025-08-18 17:40:57
1632,2.039575,2.988708,23.941257,5.00e-05,64148.21,1507.50,10443762,N/A,2025-08-18 17:40:57
1633,3.414938,2.988708,23.941257,5.00e-05,64070.82,1673.50,10450456,N/A,2025-08-18 17:40:57
1634,3.722694,2.988708,23.941257,5.00e-05,63750.45,1765.25,10457517,N/A,2025-08-18 17:40:58
1635,3.360178,2.988708,23.941257,5.00e-05,63839.55,1542.50,10463687,N/A,2025-08-18 17:40:58
1636,3.475626,2.988708,23.941257,5.00e-05,63748.47,1620.75,10470170,N/A,2025-08-18 17:40:58
1637,2.654406,2.988708,23.941257,5.00e-05,63421.83,1451.00,10475974,N/A,2025-08-18 17:40:58
1638,3.425314,2.988708,23.941257,5.00e-05,63172.32,1604.00,10482390,N/A,2025-08-18 17:40:58
1639,3.400905,2.988708,23.941257,5.00e-05,63013.98,1650.50,10488992,N/A,2025-08-18 17:40:58
1640,3.038181,2.988708,23.941257,5.00e-05,61539.57,1579.50,10495310,1.0000,2025-08-18 17:40:58
1641,3.536502,2.988708,23.941257,5.00e-05,61280.45,1694.50,10502088,N/A,2025-08-18 17:40:58
1642,2.821137,2.988708,23.941257,5.00e-05,61221.26,1564.50,10508346,N/A,2025-08-18 17:40:58
1643,3.960803,2.988708,23.941257,5.00e-05,61957.87,1972.75,10516237,N/A,2025-08-18 17:40:59
1644,2.827094,2.988708,23.941257,5.00e-05,60680.37,1490.75,10522200,N/A,2025-08-18 17:40:59
1645,3.005808,2.988708,23.941257,5.00e-05,61443.24,1718.25,10529073,N/A,2025-08-18 17:40:59
1646,1.447481,2.988708,23.941257,5.00e-05,59751.19,1216.75,10533940,N/A,2025-08-18 17:40:59
1647,2.576941,2.988708,23.941257,5.00e-05,59609.65,1488.00,10539892,N/A,2025-08-18 17:40:59
1648,2.069314,2.988708,23.941257,5.00e-05,59789.14,1577.75,10546203,N/A,2025-08-18 17:40:59
1649,3.248761,2.988708,23.941257,5.00e-05,60376.97,1594.25,10552580,N/A,2025-08-18 17:40:59
1650,2.086724,2.988708,23.941257,5.00e-05,59420.45,1462.25,10558429,0.9221,2025-08-18 17:40:59
1651,3.220921,2.988708,23.941257,5.00e-05,59523.43,1697.25,10565218,N/A,2025-08-18 17:41:00
1652,2.844384,2.988708,23.941257,5.00e-05,58292.46,1186.00,10569962,N/A,2025-08-18 17:41:00
1653,3.751453,2.988708,23.941257,5.00e-05,57718.00,1759.50,10577000,N/A,2025-08-18 17:41:00
1654,3.828570,2.988708,23.941257,5.00e-05,58548.98,1690.00,10583760,N/A,2025-08-18 17:41:00
1655,3.492748,2.988708,23.941257,5.00e-05,59413.48,1860.75,10591203,N/A,2025-08-18 17:41:00
1656,2.871624,2.988708,23.941257,5.00e-05,60016.99,1372.75,10596694,N/A,2025-08-18 17:41:00
1657,2.645288,2.988708,23.941257,5.00e-05,59828.12,1446.25,10602479,N/A,2025-08-18 17:41:00
1658,3.167924,2.988708,23.941257,5.00e-05,60825.06,1824.50,10609777,N/A,2025-08-18 17:41:00
1659,3.125116,2.988708,23.941257,5.00e-05,61370.92,1549.00,10615973,N/A,2025-08-18 17:41:00
1660,2.880290,2.988708,23.941257,5.00e-05,60868.76,1464.75,10621832,1.0000,2025-08-18 17:41:01
1661,3.026331,2.988708,23.941257,5.00e-05,60741.20,1645.50,10628414,N/A,2025-08-18 17:41:01
1662,3.686826,2.988708,23.941257,5.00e-05,63711.31,1978.25,10636327,N/A,2025-08-18 17:41:01
1663,2.803360,2.988708,23.941257,5.00e-05,62449.47,1474.25,10642224,N/A,2025-08-18 17:41:01
1664,3.264867,2.988708,23.941257,5.00e-05,62160.39,1618.25,10648697,N/A,2025-08-18 17:41:01
1665,2.517656,2.988708,23.941257,5.00e-05,60362.04,1315.50,10653959,N/A,2025-08-18 17:41:01
1666,3.274205,2.988708,23.941257,5.00e-05,61800.83,1760.00,10660999,N/A,2025-08-18 17:41:01
1667,3.632627,2.988708,23.941257,5.00e-05,63035.27,1787.50,10668149,N/A,2025-08-18 17:41:01
1668,3.162477,2.988708,23.941257,5.00e-05,62426.64,1691.00,10674913,N/A,2025-08-18 17:41:02
1669,3.588946,2.988708,23.941257,5.00e-05,63861.47,1813.00,10682165,N/A,2025-08-18 17:41:02
1670,3.200662,2.988708,23.941257,5.00e-05,63852.40,1647.75,10688756,0.8160,2025-08-18 17:41:02
1671,3.729167,2.988708,23.941257,5.00e-05,63276.61,1471.25,10694641,N/A,2025-08-18 17:41:02
1672,3.162160,2.988708,23.941257,5.00e-05,62807.57,1791.00,10701805,N/A,2025-08-18 17:41:02
1673,2.590355,2.988708,23.941257,5.00e-05,62921.68,1496.50,10707791,N/A,2025-08-18 17:41:02
1674,1.981118,2.988708,23.941257,5.00e-05,62366.95,1471.50,10713677,N/A,2025-08-18 17:41:02
1675,3.347683,2.988708,23.941257,5.00e-05,64709.22,1869.75,10721156,N/A,2025-08-18 17:41:02
1676,2.839083,2.988708,23.941257,5.00e-05,64235.20,1642.00,10727724,N/A,2025-08-18 17:41:02
1677,3.761053,2.988708,23.941257,5.00e-05,64181.85,1780.75,10734847,N/A,2025-08-18 17:41:03
1678,3.143272,2.988708,23.941257,5.00e-05,64337.79,1646.00,10741431,N/A,2025-08-18 17:41:03
1679,4.237471,2.988708,23.941257,5.00e-05,65222.51,1865.00,10748891,N/A,2025-08-18 17:41:03
1680,2.157152,2.988708,23.941257,5.00e-05,64300.30,1582.25,10755220,1.0000,2025-08-18 17:41:03
1681,2.695424,2.988708,23.941257,5.00e-05,65082.17,1695.50,10762002,N/A,2025-08-18 17:41:03
1682,2.984047,2.988708,23.941257,5.00e-05,63884.87,1492.75,10767973,N/A,2025-08-18 17:41:03
1683,3.670206,2.988708,23.941257,5.00e-05,65526.29,1958.25,10775806,N/A,2025-08-18 17:41:03
1684,3.436875,2.988708,23.941257,5.00e-05,66837.35,1814.00,10783062,N/A,2025-08-18 17:41:03
1685,2.474509,2.988708,23.941257,5.00e-05,65997.13,1661.00,10789706,N/A,2025-08-18 17:41:03
1686,2.838191,2.988708,23.941257,5.00e-05,66654.49,1797.75,10796897,N/A,2025-08-18 17:41:04
1687,3.274967,2.988708,23.941257,5.00e-05,65021.58,1380.25,10802418,N/A,2025-08-18 17:41:04
1688,2.892345,2.988708,23.941257,5.00e-05,65641.14,1780.25,10809539,N/A,2025-08-18 17:41:04
1689,3.151515,2.988708,23.941257,5.00e-05,63740.97,1261.75,10814586,N/A,2025-08-18 17:41:04
1690,3.445137,2.988708,23.941257,5.00e-05,63357.06,1688.25,10821339,1.0000,2025-08-18 17:41:04
1691,2.805108,2.988708,23.941257,5.00e-05,63171.49,1577.75,10827650,N/A,2025-08-18 17:41:04
1692,1.929374,2.988708,23.941257,5.00e-05,63463.14,1429.00,10833366,N/A,2025-08-18 17:41:04
1693,2.026639,2.988708,23.941257,5.00e-05,62536.95,1648.50,10839960,N/A,2025-08-18 17:41:04
1694,2.657820,2.988708,23.941257,5.00e-05,61811.11,1530.00,10846080,N/A,2025-08-18 17:41:04
1695,2.817323,2.988708,23.941257,5.00e-05,61494.29,1478.75,10851995,N/A,2025-08-18 17:41:05
1696,3.331723,2.988708,23.941257,5.00e-05,60769.23,1627.00,10858503,N/A,2025-08-18 17:41:05
1697,3.346982,2.988708,23.941257,5.00e-05,61757.50,1557.50,10864733,N/A,2025-08-18 17:41:05
1698,2.948988,2.988708,23.941257,5.00e-05,61077.49,1480.00,10870653,N/A,2025-08-18 17:41:05
1699,2.651027,2.988708,23.941257,5.00e-05,62965.70,1442.25,10876422,N/A,2025-08-18 17:41:05
1700,3.871979,2.988708,23.941257,5.00e-05,60262.13,1310.25,10881663,0.6551,2025-08-18 17:41:05
1701,3.251539,2.988708,23.941257,5.00e-05,48963.09,1852.25,10889072,N/A,2025-08-18 17:41:06
1702,3.406790,2.988708,23.941257,5.00e-05,50053.43,1768.50,10896146,N/A,2025-08-18 17:41:06
1703,1.805117,2.988708,23.941257,5.00e-05,49706.93,1561.75,10902393,N/A,2025-08-18 17:41:06
1704,3.544544,2.988708,23.941257,5.00e-05,49949.77,1630.50,10908915,N/A,2025-08-18 17:41:06
1705,3.206207,2.988708,23.941257,5.00e-05,51099.13,1767.00,10915983,N/A,2025-08-18 17:41:06
1706,2.713936,2.988708,23.941257,5.00e-05,50192.23,1334.00,10921319,N/A,2025-08-18 17:41:06
1707,3.620092,2.988708,23.941257,5.00e-05,50254.51,1583.50,10927653,N/A,2025-08-18 17:41:06
1708,2.745604,2.988708,23.941257,5.00e-05,49778.20,1363.25,10933106,N/A,2025-08-18 17:41:06
1709,2.662487,2.988708,23.941257,5.00e-05,50810.09,1527.00,10939214,N/A,2025-08-18 17:41:06
1710,3.020919,2.988708,23.941257,5.00e-05,63773.77,1532.25,10945343,0.4657,2025-08-18 17:41:07
1711,3.148965,2.988708,23.941257,5.00e-05,62981.76,1716.25,10952208,N/A,2025-08-18 17:41:07
1712,3.082697,2.988708,23.941257,5.00e-05,61901.41,1569.25,10958485,N/A,2025-08-18 17:41:07
1713,2.992608,2.988708,23.941257,5.00e-05,62120.79,1649.25,10965082,N/A,2025-08-18 17:41:07
1714,3.600195,2.988708,23.941257,5.00e-05,61470.95,1464.25,10970939,N/A,2025-08-18 17:41:07
1715,3.503458,2.988708,23.941257,5.00e-05,61231.79,1707.00,10977767,N/A,2025-08-18 17:41:07
1716,2.854170,2.988708,23.941257,5.00e-05,62096.99,1600.25,10984168,N/A,2025-08-18 17:41:07
1717,3.233381,2.988708,23.941257,5.00e-05,62862.78,1743.75,10991143,N/A,2025-08-18 17:41:07
1718,3.765659,2.988708,23.941257,5.00e-05,63583.67,1550.50,10997345,N/A,2025-08-18 17:41:07
1719,2.100484,2.988708,23.941257,5.00e-05,63712.78,1346.25,11002730,N/A,2025-08-18 17:41:08
1720,2.741228,2.988708,23.941257,5.00e-05,63145.48,1524.50,11008828,0.4760,2025-08-18 17:41:08
1721,2.755516,2.988708,23.941257,5.00e-05,62056.23,1451.00,11014632,N/A,2025-08-18 17:41:08
1722,2.778131,2.988708,23.941257,5.00e-05,62138.20,1520.50,11020714,N/A,2025-08-18 17:41:08
1723,2.883132,2.988708,23.941257,5.00e-05,61153.73,1386.75,11026261,N/A,2025-08-18 17:41:08
1724,2.816946,2.988708,23.941257,5.00e-05,61168.47,1461.25,11032106,N/A,2025-08-18 17:41:08
1725,2.938941,2.988708,23.941257,5.00e-05,61248.60,1638.75,11038661,N/A,2025-08-18 17:41:08
1726,3.927428,2.988708,23.941257,5.00e-05,62026.05,1782.75,11045792,N/A,2025-08-18 17:41:08
1727,2.890771,2.988708,23.941257,5.00e-05,60997.04,1472.25,11051681,N/A,2025-08-18 17:41:08
1728,2.310496,2.988708,23.941257,5.00e-05,60499.10,1389.75,11057240,N/A,2025-08-18 17:41:09
1729,2.880571,2.988708,23.941257,5.00e-05,61918.65,1487.75,11063191,N/A,2025-08-18 17:41:09
1730,3.287987,2.988708,23.941257,5.00e-05,62921.46,1826.50,11070497,1.0000,2025-08-18 17:41:09
1731,2.799445,2.988708,23.941257,5.00e-05,63313.38,1524.00,11076593,N/A,2025-08-18 17:41:09
1732,3.431222,2.988708,23.941257,5.00e-05,63660.48,1622.50,11083083,N/A,2025-08-18 17:41:09
1733,3.043407,2.988708,23.941257,5.00e-05,64830.65,1672.50,11089773,N/A,2025-08-18 17:41:09
1734,3.333261,2.988708,23.941257,5.00e-05,64982.91,1500.00,11095773,N/A,2025-08-18 17:41:09
1735,3.370253,2.988708,23.941257,5.00e-05,64996.69,1661.50,11102419,N/A,2025-08-18 17:41:09
1736,2.850574,2.988708,23.941257,5.00e-05,64754.54,1699.25,11109216,N/A,2025-08-18 17:41:09
1737,2.505018,2.988708,23.941257,5.00e-05,63808.58,1264.50,11114274,N/A,2025-08-18 17:41:09
1738,3.595079,2.988708,23.941257,5.00e-05,64585.77,1579.00,11120590,N/A,2025-08-18 17:41:10
1739,3.333751,2.988708,23.941257,5.00e-05,66653.28,1803.75,11127805,N/A,2025-08-18 17:41:10
1740,2.597715,2.988708,23.941257,5.00e-05,63987.25,1446.00,11133589,0.8754,2025-08-18 17:41:10
1741,2.194782,2.988708,23.941257,5.00e-05,63994.42,1538.00,11139741,N/A,2025-08-18 17:41:10
1742,2.859653,2.988708,23.941257,5.00e-05,64105.52,1648.50,11146335,N/A,2025-08-18 17:41:10
1743,2.660062,2.988708,23.941257,5.00e-05,62918.26,1421.25,11152020,N/A,2025-08-18 17:41:10
1744,3.102874,2.988708,23.941257,5.00e-05,63838.70,1695.00,11158800,N/A,2025-08-18 17:41:10
1745,3.306907,2.988708,23.941257,5.00e-05,62989.28,1540.00,11164960,N/A,2025-08-18 17:41:10
1746,2.682572,2.988708,23.941257,5.00e-05,61927.61,1447.75,11170751,N/A,2025-08-18 17:41:10
1747,2.329931,2.988708,23.941257,5.00e-05,63296.30,1601.00,11177155,N/A,2025-08-18 17:41:11
1748,2.818685,2.988708,23.941257,5.00e-05,62421.09,1384.25,11182692,N/A,2025-08-18 17:41:11
1749,2.366411,2.988708,23.941257,5.00e-05,61993.48,1544.75,11188871,N/A,2025-08-18 17:41:11
1750,2.282490,2.988708,23.941257,5.00e-05,61850.59,1607.25,11195300,0.7921,2025-08-18 17:41:11
1751,2.188156,2.988708,23.941257,5.00e-05,61799.50,1593.00,11201672,N/A,2025-08-18 17:41:11
1752,2.596231,2.988708,23.941257,5.00e-05,60402.69,1324.75,11206971,N/A,2025-08-18 17:41:11
1753,3.583102,2.988708,23.941257,5.00e-05,61156.28,1686.00,11213715,N/A,2025-08-18 17:41:11
1754,1.902013,2.988708,23.941257,5.00e-05,59732.99,1325.50,11219017,N/A,2025-08-18 17:41:11
1755,2.468924,2.988708,23.941257,5.00e-05,59220.21,1454.50,11224835,N/A,2025-08-18 17:41:11
1756,3.005517,2.988708,23.941257,5.00e-05,58926.09,1479.00,11230751,N/A,2025-08-18 17:41:12
1757,3.476068,2.988708,23.941257,5.00e-05,58658.69,1640.00,11237311,N/A,2025-08-18 17:41:12
1758,2.712845,2.988708,23.941257,5.00e-05,59373.19,1618.50,11243785,N/A,2025-08-18 17:41:12
1759,2.252794,2.988708,23.941257,5.00e-05,59148.80,1416.50,11249451,N/A,2025-08-18 17:41:12
1760,3.365851,2.988708,23.941257,5.00e-05,58028.64,1558.00,11255683,0.6886,2025-08-18 17:41:12
1761,2.555585,2.988708,23.941257,5.00e-05,57195.25,1452.25,11261492,N/A,2025-08-18 17:41:12
1762,2.769734,2.988708,23.941257,5.00e-05,58467.37,1721.25,11268377,N/A,2025-08-18 17:41:12
1763,1.330928,2.988708,23.941257,5.00e-05,56416.00,1201.00,11273181,N/A,2025-08-18 17:41:12
1764,2.596071,2.988708,23.941257,5.00e-05,56209.52,1331.75,11278508,N/A,2025-08-18 17:41:13
1765,3.740977,2.988708,23.941257,5.00e-05,57503.89,1788.25,11285661,N/A,2025-08-18 17:41:13
1766,2.316024,2.988708,23.941257,5.00e-05,57440.76,1412.50,11291311,N/A,2025-08-18 17:41:13
1767,3.747354,2.988708,23.941257,5.00e-05,58454.37,1959.50,11299149,N/A,2025-08-18 17:41:13
1768,3.242048,2.988708,23.941257,5.00e-05,59019.39,1729.25,11306066,N/A,2025-08-18 17:41:13
1769,3.686542,2.988708,23.941257,5.00e-05,60101.61,1521.00,11312150,N/A,2025-08-18 17:41:13
1770,3.218265,2.988708,23.941257,5.00e-05,60243.22,1691.25,11318915,1.0000,2025-08-18 17:41:13
1771,3.032833,2.988708,23.941257,5.00e-05,60240.77,1482.50,11324845,N/A,2025-08-18 17:41:13
1772,1.937912,2.988708,23.941257,5.00e-05,58571.05,1287.50,11329995,N/A,2025-08-18 17:41:13
1773,3.164938,2.988708,23.941257,5.00e-05,61147.71,1861.50,11337441,N/A,2025-08-18 17:41:14
1774,2.155807,2.988708,23.941257,5.00e-05,62206.23,1645.25,11344022,N/A,2025-08-18 17:41:14
1775,1.757413,2.988708,23.941257,5.00e-05,60485.32,1418.25,11349695,N/A,2025-08-18 17:41:14
1776,2.992908,2.988708,23.941257,5.00e-05,61036.09,1535.00,11355835,N/A,2025-08-18 17:41:14
1777,3.501559,2.988708,23.941257,5.00e-05,59900.89,1709.50,11362673,N/A,2025-08-18 17:41:14
1778,2.369213,2.988708,23.941257,5.00e-05,58216.93,1286.75,11367820,N/A,2025-08-18 17:41:14
1779,3.678958,2.988708,23.941257,5.00e-05,59705.83,1845.50,11375202,N/A,2025-08-18 17:41:14
1780,2.648363,2.988708,23.941257,5.00e-05,58665.55,1544.50,11381380,1.0000,2025-08-18 17:41:14
1781,3.022799,2.988708,23.941257,5.00e-05,59138.00,1622.25,11387869,N/A,2025-08-18 17:41:15
1782,3.066653,2.988708,23.941257,5.00e-05,60524.18,1672.25,11394558,N/A,2025-08-18 17:41:15
1783,3.589531,2.988708,23.941257,5.00e-05,60364.04,1837.00,11401906,N/A,2025-08-18 17:41:15
1784,3.725386,2.988708,23.941257,5.00e-05,60741.38,1708.25,11408739,N/A,2025-08-18 17:41:15
1785,2.599971,2.988708,23.941257,5.00e-05,61279.30,1504.75,11414758,N/A,2025-08-18 17:41:15
1786,3.063867,2.988708,23.941257,5.00e-05,61205.61,1513.25,11420811,N/A,2025-08-18 17:41:15
1787,3.039457,2.988708,23.941257,5.00e-05,60750.11,1581.25,11427136,N/A,2025-08-18 17:41:15
1788,3.156612,2.988708,23.941257,5.00e-05,61713.01,1530.75,11433259,N/A,2025-08-18 17:41:15
1789,2.446729,2.988708,23.941257,5.00e-05,60773.71,1437.25,11439008,N/A,2025-08-18 17:41:15
1790,3.463166,2.988708,23.941257,5.00e-05,59053.46,1829.75,11446327,0.4666,2025-08-18 17:41:16
1791,2.992062,2.988708,23.941257,5.00e-05,58409.61,1428.75,11452042,N/A,2025-08-18 17:41:16
1792,1.363633,2.988708,23.941257,5.00e-05,57075.11,1278.50,11457156,N/A,2025-08-18 17:41:16
1793,2.780413,2.988708,23.941257,5.00e-05,56149.23,1587.00,11463504,N/A,2025-08-18 17:41:16
1794,2.803167,2.988708,23.941257,5.00e-05,55588.82,1576.25,11469809,N/A,2025-08-18 17:41:16
1795,2.231927,2.988708,23.941257,5.00e-05,54830.80,1287.50,11474959,N/A,2025-08-18 17:41:16
1796,3.325967,2.988708,23.941257,5.00e-05,55786.34,1830.50,11482281,N/A,2025-08-18 17:41:16
1797,1.763320,2.988708,23.941257,5.00e-05,55638.76,1494.00,11488257,N/A,2025-08-18 17:41:16
1798,3.689888,2.988708,23.941257,5.00e-05,57137.84,1926.75,11495964,N/A,2025-08-18 17:41:17
1799,3.019886,2.988708,23.941257,5.00e-05,60442.00,1575.50,11502266,N/A,2025-08-18 17:41:17
1800,2.555343,2.988708,23.941257,5.00e-05,58068.67,1421.75,11507953,0.8882,2025-08-18 17:41:17
1801,2.817363,2.988708,23.941257,5.00e-05,46200.57,1524.00,11514049,N/A,2025-08-18 17:41:17
1802,3.389446,2.988708,23.941257,5.00e-05,47587.55,1695.00,11520829,N/A,2025-08-18 17:41:17
1803,2.928265,2.988708,23.941257,5.00e-05,47123.87,1374.50,11526327,N/A,2025-08-18 17:41:17
1804,1.619190,2.988708,23.941257,5.00e-05,46885.03,1470.00,11532207,N/A,2025-08-18 17:41:18
1805,3.680641,2.988708,23.941257,5.00e-05,48677.00,1827.00,11539515,N/A,2025-08-18 17:41:18
1806,2.872775,2.988708,23.941257,5.00e-05,47279.87,1390.25,11545076,N/A,2025-08-18 17:41:18
1807,3.162810,2.988708,23.941257,5.00e-05,47277.62,1500.00,11551076,N/A,2025-08-18 17:41:18
1808,3.252554,2.988708,23.941257,5.00e-05,46212.17,1590.25,11557437,N/A,2025-08-18 17:41:18
1809,2.755237,2.988708,23.941257,5.00e-05,46912.51,1649.50,11564035,N/A,2025-08-18 17:41:18
1810,3.059403,2.988708,23.941257,5.00e-05,59716.13,1680.25,11570756,0.7991,2025-08-18 17:41:18
1811,2.013779,2.988708,23.941257,5.00e-05,58702.23,1349.75,11576155,N/A,2025-08-18 17:41:18
1812,2.435770,2.988708,23.941257,5.00e-05,57028.97,1331.75,11581482,N/A,2025-08-18 17:41:19
1813,2.412726,2.988708,23.941257,5.00e-05,56563.02,1266.50,11586548,N/A,2025-08-18 17:41:19
1814,3.513693,2.988708,23.941257,5.00e-05,56725.05,1541.75,11592715,N/A,2025-08-18 17:41:19
1815,3.425760,2.988708,23.941257,5.00e-05,56340.76,1721.75,11599602,N/A,2025-08-18 17:41:19
1816,3.415174,2.988708,23.941257,5.00e-05,57716.35,1756.00,11606626,N/A,2025-08-18 17:41:19
1817,3.117228,2.988708,23.941257,5.00e-05,56969.19,1362.25,11612075,N/A,2025-08-18 17:41:19
1818,3.448850,2.988708,23.941257,5.00e-05,57784.97,1812.75,11619326,N/A,2025-08-18 17:41:19
1819,3.417713,2.988708,23.941257,5.00e-05,59041.41,1800.00,11626526,N/A,2025-08-18 17:41:19
1820,3.227092,2.988708,23.941257,5.00e-05,57421.09,1363.25,11631979,1.0000,2025-08-18 17:41:19
1821,3.146620,2.988708,23.941257,5.00e-05,59062.65,1778.00,11639091,N/A,2025-08-18 17:41:20
1822,2.087903,2.988708,23.941257,5.00e-05,59426.25,1462.00,11644939,N/A,2025-08-18 17:41:20
1823,3.601465,2.988708,23.941257,5.00e-05,60728.36,1605.25,11651360,N/A,2025-08-18 17:41:20
1824,3.773631,2.988708,23.941257,5.00e-05,60786.85,1586.25,11657705,N/A,2025-08-18 17:41:20
1825,1.365872,2.988708,23.941257,5.00e-05,60535.05,1662.75,11664356,N/A,2025-08-18 17:41:20
1826,2.659459,2.988708,23.941257,5.00e-05,60399.59,1665.75,11671019,N/A,2025-08-18 17:41:20
1827,3.708556,2.988708,23.941257,5.00e-05,60442.74,1377.00,11676527,N/A,2025-08-18 17:41:20
1828,2.609063,2.988708,23.941257,5.00e-05,59808.74,1617.50,11682997,N/A,2025-08-18 17:41:20
1829,3.274083,2.988708,23.941257,5.00e-05,59892.75,1697.00,11689785,N/A,2025-08-18 17:41:21
1830,3.572089,2.988708,23.941257,5.00e-05,60186.72,1615.75,11696248,0.6528,2025-08-18 17:41:21
1831,2.600129,2.988708,23.941257,5.00e-05,58756.27,1379.25,11701765,N/A,2025-08-18 17:41:21
1832,2.531555,2.988708,23.941257,5.00e-05,58645.20,1429.75,11707484,N/A,2025-08-18 17:41:21
1833,3.072800,2.988708,23.941257,5.00e-05,59118.89,1723.00,11714376,N/A,2025-08-18 17:41:21
1834,3.140206,2.988708,23.941257,5.00e-05,58984.34,1558.25,11720609,N/A,2025-08-18 17:41:21
1835,2.950863,2.988708,23.941257,5.00e-05,58212.49,1460.75,11726452,N/A,2025-08-18 17:41:21
1836,2.863454,2.988708,23.941257,5.00e-05,57909.26,1611.50,11732898,N/A,2025-08-18 17:41:21
1837,3.268376,2.988708,23.941257,5.00e-05,58843.53,1623.75,11739393,N/A,2025-08-18 17:41:21
1838,3.298996,2.988708,23.941257,5.00e-05,58913.56,1604.50,11745811,N/A,2025-08-18 17:41:22
1839,3.471915,2.988708,23.941257,5.00e-05,59171.11,1618.75,11752286,N/A,2025-08-18 17:41:22
1840,2.430444,2.988708,23.941257,5.00e-05,57930.98,1523.25,11758379,0.5742,2025-08-18 17:41:22
1841,3.308288,2.988708,23.941257,5.00e-05,58682.05,1626.50,11764885,N/A,2025-08-18 17:41:22
1842,2.608184,2.988708,23.941257,5.00e-05,59249.86,1564.25,11771142,N/A,2025-08-18 17:41:22
1843,2.616704,2.988708,23.941257,5.00e-05,58567.86,1521.00,11777226,N/A,2025-08-18 17:41:22
1844,3.398319,2.988708,23.941257,5.00e-05,58427.61,1502.00,11783234,N/A,2025-08-18 17:41:22
1845,3.696454,2.988708,23.941257,5.00e-05,59425.72,1726.25,11790139,N/A,2025-08-18 17:41:22
1846,3.383500,2.988708,23.941257,5.00e-05,58822.44,1541.75,11796306,N/A,2025-08-18 17:41:23
1847,3.498672,2.988708,23.941257,5.00e-05,59752.20,1849.50,11803704,N/A,2025-08-18 17:41:23
1848,1.688204,2.988708,23.941257,5.00e-05,59485.36,1500.00,11809704,N/A,2025-08-18 17:41:23
1849,3.744562,2.988708,23.941257,5.00e-05,60586.98,1681.00,11816428,N/A,2025-08-18 17:41:23
1850,3.476055,2.988708,23.941257,5.00e-05,61784.33,1931.75,11824155,0.8641,2025-08-18 17:41:23
1851,3.258359,2.988708,23.941257,5.00e-05,62673.62,1808.75,11831390,N/A,2025-08-18 17:41:23
1852,2.590067,2.988708,23.941257,5.00e-05,62120.66,1389.50,11836948,N/A,2025-08-18 17:41:23
1853,2.805211,2.988708,23.941257,5.00e-05,62767.00,1647.75,11843539,N/A,2025-08-18 17:41:23
1854,3.208691,2.988708,23.941257,5.00e-05,63093.50,1502.75,11849550,N/A,2025-08-18 17:41:23
1855,2.899038,2.988708,23.941257,5.00e-05,63255.30,1665.00,11856210,N/A,2025-08-18 17:41:24
1856,2.672814,2.988708,23.941257,5.00e-05,63566.77,1598.75,11862605,N/A,2025-08-18 17:41:24
1857,2.083727,2.988708,23.941257,5.00e-05,60833.50,1107.00,11867033,N/A,2025-08-18 17:41:24
1858,2.273846,2.988708,23.941257,5.00e-05,61302.32,1578.25,11873346,N/A,2025-08-18 17:41:24
1859,3.681372,2.988708,23.941257,5.00e-05,62312.34,1878.00,11880858,N/A,2025-08-18 17:41:24
1860,2.882454,2.988708,23.941257,5.00e-05,58559.72,1212.50,11885708,0.7800,2025-08-18 17:41:24
1861,2.978946,2.988708,23.941257,5.00e-05,57457.99,1546.50,11891894,N/A,2025-08-18 17:41:24
1862,3.661290,2.988708,23.941257,5.00e-05,57870.07,1643.75,11898469,N/A,2025-08-18 17:41:24
1863,3.601804,2.988708,23.941257,5.00e-05,57857.59,1805.00,11905689,N/A,2025-08-18 17:41:25
1864,3.250454,2.988708,23.941257,5.00e-05,59363.21,1889.25,11913246,N/A,2025-08-18 17:41:25
1865,3.285712,2.988708,23.941257,5.00e-05,59660.68,1666.00,11919910,N/A,2025-08-18 17:41:25
1866,3.351771,2.988708,23.941257,5.00e-05,60388.47,1719.25,11926787,N/A,2025-08-18 17:41:25
1867,3.403553,2.988708,23.941257,5.00e-05,62485.93,1646.00,11933371,N/A,2025-08-18 17:41:25
1868,3.782228,2.988708,23.941257,5.00e-05,64122.06,1861.25,11940816,N/A,2025-08-18 17:41:25
1869,2.713549,2.988708,23.941257,5.00e-05,64860.55,1768.00,11947888,N/A,2025-08-18 17:41:25
1870,3.191275,2.988708,23.941257,5.00e-05,66830.59,1884.25,11955425,0.6134,2025-08-18 17:41:25
1871,3.114486,2.988708,23.941257,5.00e-05,67740.28,1532.25,11961554,N/A,2025-08-18 17:41:25
1872,2.554431,2.988708,23.941257,5.00e-05,68779.37,1695.00,11968334,N/A,2025-08-18 17:41:26
1873,3.259188,2.988708,23.941257,5.00e-05,68488.71,1657.75,11974965,N/A,2025-08-18 17:41:26
1874,2.835152,2.988708,23.941257,5.00e-05,66711.07,1501.00,11980969,N/A,2025-08-18 17:41:26
1875,2.491038,2.988708,23.941257,5.00e-05,66302.30,1645.25,11987550,N/A,2025-08-18 17:41:26
1876,3.533970,2.988708,23.941257,5.00e-05,65888.09,1594.25,11993927,N/A,2025-08-18 17:41:26
1877,2.268380,2.988708,23.941257,5.00e-05,64852.73,1388.75,11999482,N/A,2025-08-18 17:41:26
1878,2.833535,2.988708,23.941257,5.00e-05,62605.25,1373.50,12004976,N/A,2025-08-18 17:41:26
1879,3.584534,2.988708,23.941257,5.00e-05,63460.67,1878.25,12012489,N/A,2025-08-18 17:41:26
1880,3.610926,2.988708,23.941257,5.00e-05,61560.22,1682.25,12019218,0.8712,2025-08-18 17:41:26
1881,3.107533,2.988708,23.941257,5.00e-05,61114.30,1519.75,12025297,N/A,2025-08-18 17:41:27
1882,3.409961,2.988708,23.941257,5.00e-05,61024.91,1721.25,12032182,N/A,2025-08-18 17:41:27
1883,3.516089,2.988708,23.941257,5.00e-05,61699.01,1881.75,12039709,N/A,2025-08-18 17:41:27
1884,2.343482,2.988708,23.941257,5.00e-05,61714.61,1516.75,12045776,N/A,2025-08-18 17:41:27
1885,2.509606,2.988708,23.941257,5.00e-05,61050.17,1467.00,12051644,N/A,2025-08-18 17:41:27
1886,2.343582,2.988708,23.941257,5.00e-05,60256.87,1376.25,12057149,N/A,2025-08-18 17:41:27
1887,3.347943,2.988708,23.941257,5.00e-05,61468.23,1585.50,12063491,N/A,2025-08-18 17:41:27
1888,2.734255,2.988708,23.941257,5.00e-05,62260.35,1455.25,12069312,N/A,2025-08-18 17:41:27
1889,3.255307,2.988708,23.941257,5.00e-05,63385.11,1923.25,12077005,N/A,2025-08-18 17:41:28
1890,3.213282,2.988708,23.941257,5.00e-05,63892.17,1816.00,12084269,0.9905,2025-08-18 17:41:28
1891,2.361584,2.988708,23.941257,5.00e-05,63703.57,1520.00,12090349,N/A,2025-08-18 17:41:28
1892,1.506941,2.988708,23.941257,5.00e-05,62523.98,1462.00,12096197,N/A,2025-08-18 17:41:28
1893,2.908582,2.988708,23.941257,5.00e-05,61631.73,1585.00,12102537,N/A,2025-08-18 17:41:28
1894,3.182894,2.988708,23.941257,5.00e-05,61899.49,1574.75,12108836,N/A,2025-08-18 17:41:28
1895,3.405097,2.988708,23.941257,5.00e-05,62488.76,1636.50,12115382,N/A,2025-08-18 17:41:28
1896,2.072070,2.988708,23.941257,5.00e-05,62629.02,1382.75,12120913,N/A,2025-08-18 17:41:28
1897,2.776669,2.988708,23.941257,5.00e-05,63125.53,1662.25,12127562,N/A,2025-08-18 17:41:28
1898,2.081725,2.988708,23.941257,5.00e-05,63741.07,1545.25,12133743,N/A,2025-08-18 17:41:29
1899,3.211032,2.988708,23.941257,5.00e-05,63266.58,1656.00,12140367,N/A,2025-08-18 17:41:29
1900,2.938643,2.988708,23.941257,5.00e-05,62627.84,1702.25,12147176,0.8037,2025-08-18 17:41:29
