step,train_loss,val_loss,val_perplexity,learning_rate,tokens_per_sec,avg_seq_len,batch_size,block_size,total_tokens,grad_norm,timestamp
0,0.000000,N/A,N/A,2.50e-07,0.00,128.00,256,N/A,2025-08-19 21:10:54
1,0.000000,N/A,N/A,5.00e-07,2553.28,128.00,512,N/A,2025-08-19 21:10:54
2,0.000000,N/A,N/A,7.50e-07,2025.81,128.00,768,N/A,2025-08-19 21:10:54
3,0.000000,N/A,N/A,1.00e-06,1898.53,128.00,1024,N/A,2025-08-19 21:10:54
4,0.000000,N/A,N/A,1.25e-06,1801.90,128.00,1280,N/A,2025-08-19 21:10:54
5,0.000000,N/A,N/A,1.50e-06,1790.03,128.00,1536,N/A,2025-08-19 21:10:54
6,0.000000,N/A,N/A,1.75e-06,1765.06,128.00,1792,N/A,2025-08-19 21:10:55
7,0.000000,N/A,N/A,2.00e-06,1707.62,98.00,1988,N/A,2025-08-19 21:10:55
8,0.000000,N/A,N/A,2.25e-06,1696.53,128.00,2244,N/A,2025-08-19 21:10:55
9,0.000000,N/A,N/A,2.50e-06,1637.25,85.00,2414,N/A,2025-08-19 21:10:55
10,0.000000,N/A,N/A,2.75e-06,1697.01,128.00,2670,N/A,2025-08-19 21:10:55
11,0.000000,N/A,N/A,3.00e-06,1699.87,128.00,2926,N/A,2025-08-19 21:10:55
12,0.000000,N/A,N/A,3.25e-06,1673.82,128.00,3182,N/A,2025-08-19 21:10:55
13,0.000000,N/A,N/A,3.50e-06,1654.68,128.00,3438,N/A,2025-08-19 21:10:56
14,0.000000,N/A,N/A,3.75e-06,1659.10,128.00,3694,N/A,2025-08-19 21:10:56
15,0.000000,N/A,N/A,4.00e-06,1682.93,128.00,3950,N/A,2025-08-19 21:10:56
16,0.000000,N/A,N/A,4.25e-06,1686.08,128.00,4206,N/A,2025-08-19 21:10:56
17,0.000000,N/A,N/A,4.50e-06,1781.37,128.00,4462,N/A,2025-08-19 21:10:56
18,0.000000,N/A,N/A,4.75e-06,1828.27,128.00,4718,N/A,2025-08-19 21:10:56
19,0.000000,N/A,N/A,5.00e-06,1960.57,128.00,4974,N/A,2025-08-19 21:10:56
20,0.000000,N/A,N/A,5.25e-06,2054.60,128.00,5230,N/A,2025-08-19 21:10:57
21,0.000000,N/A,N/A,5.50e-06,2125.42,128.00,5486,N/A,2025-08-19 21:10:57
22,0.000000,N/A,N/A,5.75e-06,2241.33,128.00,5742,N/A,2025-08-19 21:10:57
23,0.000000,N/A,N/A,6.00e-06,2174.33,74.50,5891,N/A,2025-08-19 21:10:57
24,0.000000,N/A,N/A,6.25e-06,2187.75,128.00,6147,N/A,2025-08-19 21:10:57
25,0.000000,N/A,N/A,6.50e-06,2187.21,128.00,6403,N/A,2025-08-19 21:10:57
26,0.000000,N/A,N/A,6.75e-06,2145.77,128.00,6659,N/A,2025-08-19 21:10:57
27,0.000000,N/A,N/A,7.00e-06,2159.30,128.00,6915,N/A,2025-08-19 21:10:57
28,0.000000,N/A,N/A,7.25e-06,2131.23,128.00,7171,N/A,2025-08-19 21:10:58
29,0.000000,N/A,N/A,7.50e-06,2081.49,128.00,7427,N/A,2025-08-19 21:10:58
30,0.000000,N/A,N/A,7.75e-06,2045.11,128.00,7683,N/A,2025-08-19 21:10:58
31,0.000000,N/A,N/A,8.00e-06,1999.22,128.00,7939,N/A,2025-08-19 21:10:58
32,0.000000,N/A,N/A,8.25e-06,2000.09,128.00,8195,N/A,2025-08-19 21:10:58
33,0.000000,N/A,N/A,8.50e-06,2057.38,128.00,8451,N/A,2025-08-19 21:10:58
34,0.000000,N/A,N/A,8.75e-06,2068.63,128.00,8707,N/A,2025-08-19 21:10:58
35,0.000000,N/A,N/A,9.00e-06,2105.08,128.00,8963,N/A,2025-08-19 21:10:59
36,0.000000,N/A,N/A,9.25e-06,2066.75,128.00,9219,N/A,2025-08-19 21:10:59
37,0.000000,N/A,N/A,9.50e-06,2050.85,128.00,9475,N/A,2025-08-19 21:10:59
38,0.000000,N/A,N/A,9.75e-06,2091.32,128.00,9731,N/A,2025-08-19 21:10:59
39,0.000000,N/A,N/A,1.00e-05,2143.86,128.00,9987,N/A,2025-08-19 21:10:59
40,0.000000,N/A,N/A,1.03e-05,2177.04,128.00,10243,N/A,2025-08-19 21:10:59
41,0.000000,N/A,N/A,1.05e-05,2163.04,128.00,10499,N/A,2025-08-19 21:10:59
42,0.000000,N/A,N/A,1.08e-05,2119.23,103.00,10705,N/A,2025-08-19 21:11:00
43,0.000000,N/A,N/A,1.10e-05,2083.39,128.00,10961,N/A,2025-08-19 21:11:00
44,0.000000,N/A,N/A,1.13e-05,2051.56,128.00,11217,N/A,2025-08-19 21:11:00
45,0.000000,N/A,N/A,1.15e-05,2069.34,128.00,11473,N/A,2025-08-19 21:11:00
46,0.000000,N/A,N/A,1.18e-05,2027.63,88.50,11650,N/A,2025-08-19 21:11:00
47,0.000000,N/A,N/A,1.20e-05,2063.32,128.00,11906,N/A,2025-08-19 21:11:00
48,0.000000,N/A,N/A,1.22e-05,2018.06,128.00,12162,N/A,2025-08-19 21:11:00
49,0.000000,N/A,N/A,1.25e-05,1996.37,128.00,12418,N/A,2025-08-19 21:11:00
50,0.000000,N/A,N/A,1.28e-05,1984.94,128.00,12674,N/A,2025-08-19 21:11:01
51,0.000000,N/A,N/A,1.30e-05,2003.82,128.00,12930,N/A,2025-08-19 21:11:01
52,0.000000,N/A,N/A,1.33e-05,2020.84,86.50,13103,N/A,2025-08-19 21:11:01
53,0.000000,N/A,N/A,1.35e-05,1981.19,96.00,13295,N/A,2025-08-19 21:11:01
54,0.000000,N/A,N/A,1.38e-05,1933.88,128.00,13551,N/A,2025-08-19 21:11:01
55,0.000000,N/A,N/A,1.40e-05,1921.50,128.00,13807,N/A,2025-08-19 21:11:01
56,0.000000,N/A,N/A,1.42e-05,1955.86,120.00,14047,N/A,2025-08-19 21:11:01
57,0.000000,N/A,N/A,1.45e-05,2052.47,128.00,14303,N/A,2025-08-19 21:11:01
58,0.000000,N/A,N/A,1.47e-05,2116.27,128.00,14559,N/A,2025-08-19 21:11:02
59,0.000000,N/A,N/A,1.50e-05,2079.32,117.00,14793,N/A,2025-08-19 21:11:02
60,0.000000,N/A,N/A,1.52e-05,2057.71,128.00,15049,N/A,2025-08-19 21:11:02
61,0.000000,N/A,N/A,1.55e-05,2070.07,128.00,15305,N/A,2025-08-19 21:11:02
62,0.000000,N/A,N/A,1.57e-05,2129.78,128.00,15561,N/A,2025-08-19 21:11:02
63,0.000000,N/A,N/A,1.60e-05,2227.29,128.00,15817,N/A,2025-08-19 21:11:02
64,0.000000,N/A,N/A,1.63e-05,2220.70,128.00,16073,N/A,2025-08-19 21:11:02
65,0.000000,N/A,N/A,1.65e-05,2200.12,128.00,16329,N/A,2025-08-19 21:11:03
66,0.000000,N/A,N/A,1.68e-05,2148.28,128.00,16585,N/A,2025-08-19 21:11:03
67,0.000000,N/A,N/A,1.70e-05,2108.36,128.00,16841,N/A,2025-08-19 21:11:03
68,0.000000,N/A,N/A,1.73e-05,2010.98,83.00,17007,N/A,2025-08-19 21:11:03
69,0.000000,N/A,N/A,1.75e-05,2024.37,128.00,17263,N/A,2025-08-19 21:11:03
70,0.000000,N/A,N/A,1.78e-05,1985.57,128.00,17519,N/A,2025-08-19 21:11:03
71,0.000000,N/A,N/A,1.80e-05,1914.61,128.00,17775,N/A,2025-08-19 21:11:03
72,0.000000,N/A,N/A,1.82e-05,1887.67,128.00,18031,N/A,2025-08-19 21:11:04
73,0.000000,N/A,N/A,1.85e-05,1834.96,128.00,18287,N/A,2025-08-19 21:11:04
74,0.000000,N/A,N/A,1.88e-05,1808.84,128.00,18543,N/A,2025-08-19 21:11:04
75,0.000000,N/A,N/A,1.90e-05,1811.83,128.00,18799,N/A,2025-08-19 21:11:04
76,0.000000,N/A,N/A,1.93e-05,1835.59,128.00,19055,N/A,2025-08-19 21:11:04
77,0.000000,N/A,N/A,1.95e-05,1869.27,128.00,19311,N/A,2025-08-19 21:11:04
78,0.000000,N/A,N/A,1.98e-05,1854.77,72.50,19456,N/A,2025-08-19 21:11:04
79,0.000000,N/A,N/A,2.00e-05,1857.31,128.00,19712,N/A,2025-08-19 21:11:05
80,0.000000,N/A,N/A,2.02e-05,1890.46,128.00,19968,N/A,2025-08-19 21:11:05
81,0.000000,N/A,N/A,2.05e-05,1889.37,128.00,20224,N/A,2025-08-19 21:11:05
82,0.000000,N/A,N/A,2.07e-05,1807.61,92.00,20408,N/A,2025-08-19 21:11:05
83,0.000000,N/A,N/A,2.10e-05,1781.29,128.00,20664,N/A,2025-08-19 21:11:05
84,0.000000,N/A,N/A,2.13e-05,1768.41,121.50,20907,N/A,2025-08-19 21:11:05
85,0.000000,N/A,N/A,2.15e-05,1731.36,128.00,21163,N/A,2025-08-19 21:11:05
86,0.000000,N/A,N/A,2.18e-05,1720.97,128.00,21419,N/A,2025-08-19 21:11:06
87,0.000000,N/A,N/A,2.20e-05,1725.95,128.00,21675,N/A,2025-08-19 21:11:06
88,0.000000,N/A,N/A,2.22e-05,1811.51,128.00,21931,N/A,2025-08-19 21:11:06
89,0.000000,N/A,N/A,2.25e-05,1834.44,128.00,22187,N/A,2025-08-19 21:11:06
90,0.000000,N/A,N/A,2.28e-05,1841.39,128.00,22443,N/A,2025-08-19 21:11:06
91,0.000000,N/A,N/A,2.30e-05,1887.17,128.00,22699,N/A,2025-08-19 21:11:06
92,0.000000,N/A,N/A,2.33e-05,2003.46,128.00,22955,N/A,2025-08-19 21:11:06
93,0.000000,N/A,N/A,2.35e-05,2042.67,128.00,23211,N/A,2025-08-19 21:11:07
94,0.000000,N/A,N/A,2.37e-05,1973.19,66.00,23343,N/A,2025-08-19 21:11:07
95,0.000000,N/A,N/A,2.40e-05,1980.23,128.00,23599,N/A,2025-08-19 21:11:07
96,0.000000,N/A,N/A,2.42e-05,1990.31,128.00,23855,N/A,2025-08-19 21:11:07
97,0.000000,N/A,N/A,2.45e-05,2032.44,128.00,24111,N/A,2025-08-19 21:11:07
98,0.000000,N/A,N/A,2.48e-05,2086.19,128.00,24367,N/A,2025-08-19 21:11:07
99,0.000000,N/A,N/A,2.50e-05,2085.73,128.00,24623,N/A,2025-08-19 21:11:07
100,0.000000,N/A,N/A,2.53e-05,2116.35,128.00,24879,N/A,2025-08-19 21:11:08
101,1598.524414,N/A,N/A,2.55e-05,3401.88,128.00,24939,N/A,2025-08-19 21:13:43
102,1314.059570,N/A,N/A,2.57e-05,3320.02,128.00,25195,N/A,2025-08-19 21:13:43
103,1210.129395,N/A,N/A,2.60e-05,3287.19,128.00,25451,N/A,2025-08-19 21:13:43
104,1359.584595,N/A,N/A,2.63e-05,3154.36,128.00,25707,N/A,2025-08-19 21:13:43
105,1175.335205,N/A,N/A,2.65e-05,3241.96,128.00,25963,N/A,2025-08-19 21:13:44
106,1145.114868,N/A,N/A,2.68e-05,3270.56,128.00,26219,N/A,2025-08-19 21:13:44
107,1169.742065,N/A,N/A,2.70e-05,3485.53,128.00,26475,N/A,2025-08-19 21:13:44
108,1531.358154,N/A,N/A,2.72e-05,3415.81,128.00,26731,N/A,2025-08-19 21:13:44
109,1382.911621,N/A,N/A,2.75e-05,3539.73,128.00,26987,N/A,2025-08-19 21:13:44
110,1195.551636,N/A,N/A,2.77e-05,3521.68,128.00,27243,1.0000,2025-08-19 21:13:44
111,1249.685425,N/A,N/A,2.80e-05,3515.04,128.00,27499,N/A,2025-08-19 21:13:44
112,1214.100586,N/A,N/A,2.83e-05,3604.67,128.00,27755,N/A,2025-08-19 21:13:44
113,1209.597778,N/A,N/A,2.85e-05,3640.12,128.00,28011,N/A,2025-08-19 21:13:44
114,1106.826660,N/A,N/A,2.87e-05,3706.68,128.00,28267,N/A,2025-08-19 21:13:44
115,1252.835938,N/A,N/A,2.90e-05,3648.76,128.00,28523,N/A,2025-08-19 21:13:44
116,1295.395874,N/A,N/A,2.92e-05,3629.84,128.00,28779,N/A,2025-08-19 21:13:44
117,1542.557373,N/A,N/A,2.95e-05,3704.00,121.00,29021,N/A,2025-08-19 21:13:44
118,1293.566040,N/A,N/A,2.98e-05,3700.71,128.00,29277,N/A,2025-08-19 21:13:45
119,1248.293701,N/A,N/A,3.00e-05,3841.76,101.50,29480,N/A,2025-08-19 21:13:45
120,1270.170654,N/A,N/A,3.03e-05,3694.99,128.00,29736,1.0000,2025-08-19 21:13:45
121,1338.150024,N/A,N/A,3.05e-05,3717.50,128.00,29992,N/A,2025-08-19 21:13:45
122,1246.801758,N/A,N/A,3.08e-05,3816.03,128.00,30248,N/A,2025-08-19 21:13:45
123,1423.848145,N/A,N/A,3.10e-05,3799.38,128.00,30504,N/A,2025-08-19 21:13:45
124,1247.143799,N/A,N/A,3.13e-05,3846.61,128.00,30760,N/A,2025-08-19 21:13:45
125,1419.627686,N/A,N/A,3.15e-05,3867.43,128.00,31016,N/A,2025-08-19 21:13:45
126,1426.012695,N/A,N/A,3.18e-05,3732.70,128.00,31272,N/A,2025-08-19 21:13:45
127,1346.762451,N/A,N/A,3.20e-05,3650.58,128.00,31528,N/A,2025-08-19 21:13:45
128,1339.303711,N/A,N/A,3.22e-05,3535.32,128.00,31784,N/A,2025-08-19 21:13:45
129,1124.694092,N/A,N/A,3.25e-05,3809.88,128.00,32040,N/A,2025-08-19 21:13:45
130,1584.953613,N/A,N/A,3.28e-05,3648.54,128.00,32296,1.0000,2025-08-19 21:13:45
131,1259.613770,N/A,N/A,3.30e-05,3678.28,128.00,32552,N/A,2025-08-19 21:13:46
132,1206.600098,N/A,N/A,3.33e-05,3669.07,128.00,32808,N/A,2025-08-19 21:13:46
133,1312.494507,N/A,N/A,3.35e-05,3712.21,128.00,33064,N/A,2025-08-19 21:13:46
134,1217.421631,N/A,N/A,3.38e-05,3710.66,128.00,33320,N/A,2025-08-19 21:13:46
135,1504.304199,N/A,N/A,3.40e-05,3644.15,128.00,33576,N/A,2025-08-19 21:13:46
136,1254.510254,N/A,N/A,3.42e-05,3663.53,103.00,33782,N/A,2025-08-19 21:13:46
137,1435.925171,N/A,N/A,3.45e-05,3716.81,128.00,34038,N/A,2025-08-19 21:13:46
138,1295.393066,N/A,N/A,3.48e-05,3729.65,128.00,34294,N/A,2025-08-19 21:13:46
139,1190.782837,N/A,N/A,3.50e-05,3894.04,128.00,34550,N/A,2025-08-19 21:13:46
140,1203.402588,N/A,N/A,3.53e-05,3644.51,128.00,34806,1.0000,2025-08-19 21:13:46
141,923.697754,N/A,N/A,3.55e-05,3532.25,128.00,35062,N/A,2025-08-19 21:13:46
142,1354.553589,N/A,N/A,3.58e-05,3555.71,128.00,35318,N/A,2025-08-19 21:13:46
143,1192.859253,N/A,N/A,3.60e-05,3442.85,128.00,35574,N/A,2025-08-19 21:13:46
144,1250.484375,N/A,N/A,3.63e-05,3613.76,128.00,35830,N/A,2025-08-19 21:13:47
145,1449.470581,N/A,N/A,3.65e-05,3583.84,128.00,36086,N/A,2025-08-19 21:13:47
146,1209.570190,N/A,N/A,3.68e-05,3729.19,128.00,36342,N/A,2025-08-19 21:13:47
147,1280.137939,N/A,N/A,3.70e-05,3632.97,128.00,36598,N/A,2025-08-19 21:13:47
148,1512.093750,N/A,N/A,3.72e-05,3604.99,128.00,36854,N/A,2025-08-19 21:13:47
149,1209.683472,N/A,N/A,3.75e-05,3742.83,128.00,37110,N/A,2025-08-19 21:13:47
150,1824.287842,N/A,N/A,3.78e-05,3725.28,128.00,37366,1.0000,2025-08-19 21:13:47
151,1233.330811,N/A,N/A,3.80e-05,3614.33,128.00,37622,N/A,2025-08-19 21:13:47
152,1236.683838,N/A,N/A,3.83e-05,3685.23,128.00,37878,N/A,2025-08-19 21:13:47
153,1093.839600,N/A,N/A,3.85e-05,3518.99,88.00,38054,N/A,2025-08-19 21:13:47
154,1277.702515,N/A,N/A,3.87e-05,3478.94,128.00,38310,N/A,2025-08-19 21:13:47
155,1113.710938,N/A,N/A,3.90e-05,3212.13,128.00,38566,N/A,2025-08-19 21:13:47
156,1322.826416,N/A,N/A,3.93e-05,3217.33,128.00,38822,N/A,2025-08-19 21:13:48
157,1372.829224,N/A,N/A,3.95e-05,3210.55,128.00,39078,N/A,2025-08-19 21:13:48
158,1210.271240,N/A,N/A,3.98e-05,3140.96,128.00,39334,N/A,2025-08-19 21:13:48
159,1183.097412,N/A,N/A,4.00e-05,3227.56,128.00,39590,N/A,2025-08-19 21:13:48
160,1304.223999,N/A,N/A,4.03e-05,3170.63,128.00,39846,1.0000,2025-08-19 21:13:48
161,1130.189941,N/A,N/A,4.05e-05,3205.15,128.00,40102,N/A,2025-08-19 21:13:48
162,1042.301514,N/A,N/A,4.08e-05,3223.34,126.50,40355,N/A,2025-08-19 21:13:48
163,888.787781,N/A,N/A,4.10e-05,3445.24,128.00,40611,N/A,2025-08-19 21:13:48
164,1354.415771,N/A,N/A,4.12e-05,3543.98,128.00,40867,N/A,2025-08-19 21:13:48
165,1195.168945,N/A,N/A,4.15e-05,3683.57,128.00,41123,N/A,2025-08-19 21:13:48
166,600.851013,N/A,N/A,4.17e-05,3311.00,64.00,41251,N/A,2025-08-19 21:13:48
167,1148.276855,N/A,N/A,4.20e-05,3438.69,128.00,41507,N/A,2025-08-19 21:13:48
168,1186.939209,N/A,N/A,4.23e-05,3365.73,128.00,41763,N/A,2025-08-19 21:13:48
169,1222.021484,N/A,N/A,4.25e-05,3414.38,128.00,42019,N/A,2025-08-19 21:13:49
170,844.398804,N/A,N/A,4.28e-05,3179.47,94.00,42207,1.0000,2025-08-19 21:13:49
171,962.340088,N/A,N/A,4.30e-05,3021.92,80.00,42367,N/A,2025-08-19 21:13:49
172,1147.447754,N/A,N/A,4.33e-05,2924.10,128.00,42623,N/A,2025-08-19 21:13:49
173,1183.599731,N/A,N/A,4.35e-05,2989.05,115.00,42853,N/A,2025-08-19 21:13:49
174,762.251709,N/A,N/A,4.38e-05,2816.09,76.50,43006,N/A,2025-08-19 21:13:49
175,1098.358643,N/A,N/A,4.40e-05,2763.39,93.50,43193,N/A,2025-08-19 21:13:49
176,907.475891,N/A,N/A,4.42e-05,2787.94,80.00,43353,N/A,2025-08-19 21:13:49
177,1281.293457,N/A,N/A,4.45e-05,2725.58,86.50,43526,N/A,2025-08-19 21:13:49
178,1250.857910,N/A,N/A,4.47e-05,2825.09,128.00,43782,N/A,2025-08-19 21:13:49
179,1183.296631,N/A,N/A,4.50e-05,2892.58,128.00,44038,N/A,2025-08-19 21:13:49
180,603.974121,N/A,N/A,4.53e-05,2943.32,128.00,44294,1.0000,2025-08-19 21:13:49
181,1743.342896,N/A,N/A,4.55e-05,2991.95,128.00,44550,N/A,2025-08-19 21:13:50
182,1248.923584,N/A,N/A,4.58e-05,2995.70,128.00,44806,N/A,2025-08-19 21:13:50
183,1413.680908,N/A,N/A,4.60e-05,3039.99,128.00,45062,N/A,2025-08-19 21:13:50
184,812.788940,N/A,N/A,4.63e-05,3096.69,81.50,45225,N/A,2025-08-19 21:13:50
185,1077.142578,N/A,N/A,4.65e-05,3239.35,128.00,45481,N/A,2025-08-19 21:13:50
186,1206.661621,N/A,N/A,4.68e-05,3310.04,128.00,45737,N/A,2025-08-19 21:13:50
187,1202.143799,N/A,N/A,4.70e-05,3382.07,128.00,45993,N/A,2025-08-19 21:13:50
188,1263.914307,N/A,N/A,4.73e-05,3375.81,121.00,46235,N/A,2025-08-19 21:13:50
189,1253.092529,N/A,N/A,4.75e-05,3438.45,128.00,46491,N/A,2025-08-19 21:13:50
190,804.141235,N/A,N/A,4.78e-05,3307.47,74.50,46640,1.0000,2025-08-19 21:13:50
191,1164.487549,N/A,N/A,4.80e-05,3353.88,128.00,46896,N/A,2025-08-19 21:13:50
192,1437.731934,N/A,N/A,4.83e-05,3218.56,128.00,47152,N/A,2025-08-19 21:13:50
193,1259.056885,N/A,N/A,4.85e-05,3313.03,128.00,47408,N/A,2025-08-19 21:13:50
194,494.016846,N/A,N/A,4.87e-05,3241.72,71.50,47551,N/A,2025-08-19 21:13:51
195,903.598083,N/A,N/A,4.90e-05,3359.14,128.00,47807,N/A,2025-08-19 21:13:51
196,1241.471680,N/A,N/A,4.93e-05,3292.20,126.00,48059,N/A,2025-08-19 21:13:51
197,1228.979736,N/A,N/A,4.95e-05,3350.47,128.00,48315,N/A,2025-08-19 21:13:51
198,1226.117188,N/A,N/A,4.98e-05,3360.91,128.00,48571,N/A,2025-08-19 21:13:51
199,1268.312256,N/A,N/A,5.00e-05,3552.95,128.00,48827,N/A,2025-08-19 21:13:51
200,1374.359619,N/A,N/A,5.00e-05,3501.47,128.00,49083,1.0000,2025-08-19 21:13:51
201,1365.968018,N/A,N/A,5.00e-05,3533.69,128.00,49339,N/A,2025-08-19 21:13:51
202,1406.781982,N/A,N/A,5.00e-05,3499.57,128.00,49595,N/A,2025-08-19 21:13:51
203,1251.741455,N/A,N/A,5.00e-05,3572.85,128.00,49851,N/A,2025-08-19 21:13:51
204,1410.202881,N/A,N/A,5.00e-05,3627.81,128.00,50107,N/A,2025-08-19 21:13:51
205,1140.309814,N/A,N/A,5.00e-05,3734.19,128.00,50363,N/A,2025-08-19 21:13:51
206,1349.153076,N/A,N/A,5.00e-05,3636.46,128.00,50619,N/A,2025-08-19 21:13:51
207,1376.556519,N/A,N/A,5.00e-05,3721.98,128.00,50875,N/A,2025-08-19 21:13:52
208,1154.750977,N/A,N/A,5.00e-05,3679.59,128.00,51131,N/A,2025-08-19 21:13:52
209,1122.489746,N/A,N/A,5.00e-05,3904.34,128.00,51387,N/A,2025-08-19 21:13:52
210,1408.950439,N/A,N/A,5.00e-05,3931.39,128.00,51643,1.0000,2025-08-19 21:13:52
211,908.102844,N/A,N/A,5.00e-05,3707.16,88.00,51819,N/A,2025-08-19 21:13:52
212,1436.626709,N/A,N/A,5.00e-05,3636.55,128.00,52075,N/A,2025-08-19 21:13:52
213,1103.242798,N/A,N/A,5.00e-05,3748.04,128.00,52331,N/A,2025-08-19 21:13:52
214,1331.430908,N/A,N/A,5.00e-05,3660.08,128.00,52587,N/A,2025-08-19 21:13:52
215,1234.526123,N/A,N/A,5.00e-05,3773.68,128.00,52843,N/A,2025-08-19 21:13:52
216,1239.420166,N/A,N/A,5.00e-05,3678.39,128.00,53099,N/A,2025-08-19 21:13:52
217,1279.637817,N/A,N/A,5.00e-05,3619.99,128.00,53355,N/A,2025-08-19 21:13:52
218,1033.953735,N/A,N/A,5.00e-05,3508.82,106.00,53567,N/A,2025-08-19 21:13:52
219,1116.696289,N/A,N/A,5.00e-05,3622.19,128.00,53823,N/A,2025-08-19 21:13:52
220,1168.545410,N/A,N/A,5.00e-05,3640.60,128.00,54079,1.0000,2025-08-19 21:13:53
221,1105.018066,N/A,N/A,5.00e-05,3765.06,128.00,54335,N/A,2025-08-19 21:13:53
222,1140.796875,N/A,N/A,5.00e-05,3757.95,128.00,54591,N/A,2025-08-19 21:13:53
223,1191.600952,N/A,N/A,5.00e-05,3868.53,128.00,54847,N/A,2025-08-19 21:13:53
224,1246.937744,N/A,N/A,5.00e-05,3883.66,128.00,55103,N/A,2025-08-19 21:13:53
225,1454.852417,N/A,N/A,5.00e-05,3886.40,128.00,55359,N/A,2025-08-19 21:13:53
226,1087.007812,N/A,N/A,5.00e-05,4008.71,128.00,55615,N/A,2025-08-19 21:13:53
227,1194.857666,N/A,N/A,5.00e-05,3959.23,128.00,55871,N/A,2025-08-19 21:13:53
228,1118.800049,N/A,N/A,5.00e-05,4007.76,128.00,56127,N/A,2025-08-19 21:13:53
229,1248.168579,N/A,N/A,5.00e-05,4149.54,128.00,56383,N/A,2025-08-19 21:13:53
230,1091.262695,N/A,N/A,5.00e-05,4084.38,128.00,56639,1.0000,2025-08-19 21:13:53
231,1178.136841,N/A,N/A,5.00e-05,4015.43,119.00,56877,N/A,2025-08-19 21:13:53
232,1239.856689,N/A,N/A,5.00e-05,4041.47,128.00,57133,N/A,2025-08-19 21:13:53
233,1164.210815,N/A,N/A,5.00e-05,3990.31,127.00,57387,N/A,2025-08-19 21:13:53
234,1361.531494,N/A,N/A,5.00e-05,4082.31,128.00,57643,N/A,2025-08-19 21:13:53
235,830.099670,N/A,N/A,5.00e-05,3893.22,72.50,57788,N/A,2025-08-19 21:13:54
236,1199.708008,N/A,N/A,5.00e-05,3974.19,128.00,58044,N/A,2025-08-19 21:13:54
237,1183.436279,N/A,N/A,5.00e-05,4007.40,128.00,58300,N/A,2025-08-19 21:13:54
238,1281.419312,N/A,N/A,5.00e-05,4040.84,128.00,58556,N/A,2025-08-19 21:13:54
239,1241.725586,N/A,N/A,5.00e-05,4158.78,128.00,58812,N/A,2025-08-19 21:13:54
240,1242.671631,N/A,N/A,5.00e-05,4144.34,128.00,59068,1.0000,2025-08-19 21:13:54
241,1251.790283,N/A,N/A,5.00e-05,4103.51,128.00,59324,N/A,2025-08-19 21:13:54
242,1137.128662,N/A,N/A,5.00e-05,4078.04,128.00,59580,N/A,2025-08-19 21:13:54
243,1224.442505,N/A,N/A,5.00e-05,4007.52,128.00,59836,N/A,2025-08-19 21:13:54
244,1222.812256,N/A,N/A,5.00e-05,4042.91,128.00,60092,N/A,2025-08-19 21:13:54
245,1098.667847,N/A,N/A,5.00e-05,4168.76,128.00,60348,N/A,2025-08-19 21:13:54
246,1254.798706,N/A,N/A,5.00e-05,4199.66,128.00,60604,N/A,2025-08-19 21:13:54
247,1620.103394,N/A,N/A,5.00e-05,4053.71,128.00,60860,N/A,2025-08-19 21:13:54
248,1328.066284,N/A,N/A,5.00e-05,4126.44,128.00,61116,N/A,2025-08-19 21:13:54
249,1780.974609,N/A,N/A,5.00e-05,4164.13,128.00,61372,N/A,2025-08-19 21:13:54
250,948.270508,N/A,N/A,5.00e-05,4116.19,128.00,61628,1.0000,2025-08-19 21:13:55
251,941.943359,N/A,N/A,5.00e-05,4119.67,128.00,61884,N/A,2025-08-19 21:13:55
252,1518.878296,N/A,N/A,5.00e-05,4096.56,107.00,62098,N/A,2025-08-19 21:13:55
253,1266.783447,N/A,N/A,5.00e-05,4079.55,128.00,62354,N/A,2025-08-19 21:13:55
254,1197.257324,N/A,N/A,5.00e-05,4159.25,128.00,62610,N/A,2025-08-19 21:13:55
255,1436.349854,N/A,N/A,5.00e-05,4128.63,128.00,62866,N/A,2025-08-19 21:13:55
256,1138.261719,N/A,N/A,5.00e-05,4287.32,128.00,63122,N/A,2025-08-19 21:13:55
257,1244.774048,N/A,N/A,5.00e-05,4187.47,128.00,63378,N/A,2025-08-19 21:13:55
258,1474.148682,N/A,N/A,5.00e-05,4117.93,128.00,63634,N/A,2025-08-19 21:13:55
259,1118.760254,N/A,N/A,5.00e-05,4101.89,128.00,63890,N/A,2025-08-19 21:13:55
260,1273.493042,N/A,N/A,5.00e-05,4020.61,128.00,64146,1.0000,2025-08-19 21:13:55
261,1235.801025,N/A,N/A,5.00e-05,3918.02,128.00,64402,N/A,2025-08-19 21:13:55
262,1373.615601,N/A,N/A,5.00e-05,3946.75,128.00,64658,N/A,2025-08-19 21:13:55
263,1182.873047,N/A,N/A,5.00e-05,3990.25,128.00,64914,N/A,2025-08-19 21:13:55
264,1239.476562,N/A,N/A,5.00e-05,4022.36,128.00,65170,N/A,2025-08-19 21:13:56
265,1006.348633,N/A,N/A,5.00e-05,3897.33,128.00,65426,N/A,2025-08-19 21:13:56
266,1313.896973,N/A,N/A,5.00e-05,3976.97,128.00,65682,N/A,2025-08-19 21:13:56
267,659.949341,N/A,N/A,5.00e-05,3909.58,88.00,65858,N/A,2025-08-19 21:13:56
268,1497.494141,N/A,N/A,5.00e-05,4028.99,128.00,66114,N/A,2025-08-19 21:13:56
269,1062.958252,N/A,N/A,5.00e-05,4133.88,128.00,66370,N/A,2025-08-19 21:13:56
270,1366.895142,N/A,N/A,5.00e-05,4173.32,128.00,66626,1.0000,2025-08-19 21:13:56
271,1314.604248,N/A,N/A,5.00e-05,4172.37,128.00,66882,N/A,2025-08-19 21:13:56
272,1276.113037,N/A,N/A,5.00e-05,4174.90,128.00,67138,N/A,2025-08-19 21:13:56
273,1123.171021,N/A,N/A,5.00e-05,4105.72,128.00,67394,N/A,2025-08-19 21:13:56
274,1124.313232,N/A,N/A,5.00e-05,4176.28,128.00,67650,N/A,2025-08-19 21:13:56
275,1063.138672,N/A,N/A,5.00e-05,4077.36,114.50,67879,N/A,2025-08-19 21:13:56
276,1184.648071,N/A,N/A,5.00e-05,3874.10,128.00,68135,N/A,2025-08-19 21:13:56
277,946.973022,N/A,N/A,5.00e-05,3858.78,128.00,68391,N/A,2025-08-19 21:13:56
278,1002.864990,N/A,N/A,5.00e-05,3754.80,109.50,68610,N/A,2025-08-19 21:13:57
279,1171.533936,N/A,N/A,5.00e-05,3781.86,128.00,68866,N/A,2025-08-19 21:13:57
280,1232.555298,N/A,N/A,5.00e-05,3716.93,128.00,69122,1.0000,2025-08-19 21:13:57
281,1277.582275,N/A,N/A,5.00e-05,3719.76,128.00,69378,N/A,2025-08-19 21:13:57
282,963.050598,N/A,N/A,5.00e-05,3647.27,128.00,69634,N/A,2025-08-19 21:13:57
283,1236.752075,N/A,N/A,5.00e-05,3560.39,104.50,69843,N/A,2025-08-19 21:13:57
284,1129.527466,N/A,N/A,5.00e-05,3550.64,128.00,70099,N/A,2025-08-19 21:13:57
285,1160.205078,N/A,N/A,5.00e-05,3754.40,128.00,70355,N/A,2025-08-19 21:13:57
286,945.477844,N/A,N/A,5.00e-05,3813.32,128.00,70611,N/A,2025-08-19 21:13:57
287,1206.568359,N/A,N/A,5.00e-05,3862.02,128.00,70867,N/A,2025-08-19 21:13:57
288,1068.390381,N/A,N/A,5.00e-05,3878.50,86.50,71040,N/A,2025-08-19 21:13:57
289,1122.609009,N/A,N/A,5.00e-05,4045.32,128.00,71296,N/A,2025-08-19 21:13:57
290,1153.371216,N/A,N/A,5.00e-05,3781.78,128.00,71552,1.0000,2025-08-19 21:13:57
291,1033.998047,N/A,N/A,5.00e-05,3813.32,128.00,71808,N/A,2025-08-19 21:13:57
292,1186.931152,N/A,N/A,5.00e-05,3908.80,128.00,72064,N/A,2025-08-19 21:13:58
293,1205.348389,N/A,N/A,5.00e-05,3952.11,128.00,72320,N/A,2025-08-19 21:13:58
294,1331.674194,N/A,N/A,5.00e-05,4037.36,128.00,72576,N/A,2025-08-19 21:13:58
295,596.281006,N/A,N/A,5.00e-05,3938.62,69.00,72714,N/A,2025-08-19 21:13:58
296,1046.292969,N/A,N/A,5.00e-05,3854.21,128.00,72970,N/A,2025-08-19 21:13:58
297,1175.734009,N/A,N/A,5.00e-05,3765.67,128.00,73226,N/A,2025-08-19 21:13:58
298,1120.299194,N/A,N/A,5.00e-05,3730.24,83.00,73392,N/A,2025-08-19 21:13:58
299,1219.334229,N/A,N/A,5.00e-05,3854.07,128.00,73648,N/A,2025-08-19 21:13:58
300,553.675293,N/A,N/A,5.00e-05,3842.39,128.00,73904,1.0000,2025-08-19 21:13:58
301,1176.362793,N/A,N/A,5.00e-05,3608.43,128.00,74160,N/A,2025-08-19 21:13:58
302,1170.338379,N/A,N/A,5.00e-05,3696.59,128.00,74416,N/A,2025-08-19 21:13:58
303,1215.398926,N/A,N/A,5.00e-05,3638.39,128.00,74672,N/A,2025-08-19 21:13:58
304,1101.607910,N/A,N/A,5.00e-05,3549.42,128.00,74928,N/A,2025-08-19 21:13:58
305,1132.772339,N/A,N/A,5.00e-05,3736.85,128.00,75184,N/A,2025-08-19 21:13:58
306,1342.130249,N/A,N/A,5.00e-05,3682.92,89.00,75362,N/A,2025-08-19 21:13:59
307,1224.030273,N/A,N/A,5.00e-05,3630.69,128.00,75618,N/A,2025-08-19 21:13:59
308,862.186279,N/A,N/A,5.00e-05,3841.62,128.00,75874,N/A,2025-08-19 21:13:59
309,1127.076904,N/A,N/A,5.00e-05,3872.05,128.00,76130,N/A,2025-08-19 21:13:59
310,1031.375366,N/A,N/A,5.00e-05,3984.18,128.00,76386,1.0000,2025-08-19 21:13:59
311,1067.598145,N/A,N/A,5.00e-05,3942.28,128.00,76642,N/A,2025-08-19 21:13:59
312,1155.905762,N/A,N/A,5.00e-05,4013.27,128.00,76898,N/A,2025-08-19 21:13:59
313,1474.676514,N/A,N/A,5.00e-05,3964.25,128.00,77154,N/A,2025-08-19 21:13:59
314,1273.895752,N/A,N/A,5.00e-05,4089.02,128.00,77410,N/A,2025-08-19 21:13:59
315,1102.779297,N/A,N/A,5.00e-05,4052.23,128.00,77666,N/A,2025-08-19 21:13:59
316,1336.768188,N/A,N/A,5.00e-05,4154.38,128.00,77922,N/A,2025-08-19 21:13:59
317,1086.585449,N/A,N/A,5.00e-05,4138.63,128.00,78178,N/A,2025-08-19 21:13:59
318,1070.044678,N/A,N/A,5.00e-05,4221.00,128.00,78434,N/A,2025-08-19 21:13:59
319,619.234314,N/A,N/A,5.00e-05,4097.74,70.00,78574,N/A,2025-08-19 21:13:59
320,1173.280762,N/A,N/A,5.00e-05,3948.31,128.00,78830,1.0000,2025-08-19 21:13:59
321,1426.050537,N/A,N/A,5.00e-05,3813.88,128.00,79086,N/A,2025-08-19 21:14:00
322,973.843689,N/A,N/A,5.00e-05,3937.48,128.00,79342,N/A,2025-08-19 21:14:00
323,1130.532715,N/A,N/A,5.00e-05,3896.81,128.00,79598,N/A,2025-08-19 21:14:00
324,1137.260864,N/A,N/A,5.00e-05,3906.14,123.50,79845,N/A,2025-08-19 21:14:00
325,1262.361572,N/A,N/A,5.00e-05,3929.58,128.00,80101,N/A,2025-08-19 21:14:00
326,1120.808594,N/A,N/A,5.00e-05,4006.91,128.00,80357,N/A,2025-08-19 21:14:00
327,791.942139,N/A,N/A,5.00e-05,3762.37,77.00,80511,N/A,2025-08-19 21:14:00
328,582.877258,N/A,N/A,5.00e-05,3650.83,71.50,80654,N/A,2025-08-19 21:14:00
329,1277.654785,N/A,N/A,5.00e-05,3901.81,128.00,80910,N/A,2025-08-19 21:14:00
330,1155.676270,N/A,N/A,5.00e-05,3920.01,128.00,81166,1.0000,2025-08-19 21:14:00
331,1091.494629,N/A,N/A,5.00e-05,3816.57,128.00,81422,N/A,2025-08-19 21:14:00
332,908.196472,N/A,N/A,5.00e-05,3851.25,128.00,81678,N/A,2025-08-19 21:14:00
333,1253.626953,N/A,N/A,5.00e-05,3739.71,128.00,81934,N/A,2025-08-19 21:14:00
334,1146.602539,N/A,N/A,5.00e-05,3811.55,128.00,82190,N/A,2025-08-19 21:14:00
335,988.965576,N/A,N/A,5.00e-05,3763.74,128.00,82446,N/A,2025-08-19 21:14:00
336,1263.705200,N/A,N/A,5.00e-05,3782.97,128.00,82702,N/A,2025-08-19 21:14:01
337,1393.850342,N/A,N/A,5.00e-05,3842.98,128.00,82958,N/A,2025-08-19 21:14:01
338,1173.496094,N/A,N/A,5.00e-05,3934.06,128.00,83214,N/A,2025-08-19 21:14:01
339,1219.945312,N/A,N/A,5.00e-05,3953.20,128.00,83470,N/A,2025-08-19 21:14:01
340,1172.594971,N/A,N/A,5.00e-05,3860.62,101.50,83673,1.0000,2025-08-19 21:14:01
341,1348.036255,N/A,N/A,5.00e-05,3791.33,128.00,83929,N/A,2025-08-19 21:14:01
342,1069.600830,N/A,N/A,5.00e-05,3866.01,128.00,84185,N/A,2025-08-19 21:14:01
343,1200.774658,N/A,N/A,5.00e-05,3827.65,128.00,84441,N/A,2025-08-19 21:14:01
344,1228.338379,N/A,N/A,5.00e-05,3823.17,128.00,84697,N/A,2025-08-19 21:14:01
345,1130.852539,N/A,N/A,5.00e-05,3760.98,128.00,84953,N/A,2025-08-19 21:14:01
346,1150.950684,N/A,N/A,5.00e-05,3684.97,99.00,85151,N/A,2025-08-19 21:14:01
347,1169.473755,N/A,N/A,5.00e-05,3728.04,128.00,85407,N/A,2025-08-19 21:14:01
348,1239.212280,N/A,N/A,5.00e-05,3764.29,128.00,85663,N/A,2025-08-19 21:14:01
349,1056.437744,N/A,N/A,5.00e-05,3749.77,117.00,85897,N/A,2025-08-19 21:14:02
350,756.925232,N/A,N/A,5.00e-05,3565.05,75.50,86048,1.0000,2025-08-19 21:14:02
351,1159.952026,N/A,N/A,5.00e-05,3460.13,128.00,86304,N/A,2025-08-19 21:14:02
352,1285.578613,N/A,N/A,5.00e-05,3459.75,128.00,86560,N/A,2025-08-19 21:14:02
353,1480.479736,N/A,N/A,5.00e-05,3425.00,128.00,86816,N/A,2025-08-19 21:14:02
354,1129.633301,N/A,N/A,5.00e-05,3503.16,128.00,87072,N/A,2025-08-19 21:14:02
355,1238.215088,N/A,N/A,5.00e-05,3468.89,128.00,87328,N/A,2025-08-19 21:14:02
356,1207.144043,N/A,N/A,5.00e-05,3602.99,128.00,87584,N/A,2025-08-19 21:14:02
357,986.111633,N/A,N/A,5.00e-05,3449.95,97.00,87778,N/A,2025-08-19 21:14:02
358,1143.530151,N/A,N/A,5.00e-05,3462.53,128.00,88034,N/A,2025-08-19 21:14:02
359,1389.802856,N/A,N/A,5.00e-05,3581.89,128.00,88290,N/A,2025-08-19 21:14:02
360,1261.088135,N/A,N/A,5.00e-05,3745.10,128.00,88546,1.0000,2025-08-19 21:14:02
361,1066.809692,N/A,N/A,5.00e-05,3716.71,128.00,88802,N/A,2025-08-19 21:14:02
362,1282.045776,N/A,N/A,5.00e-05,3657.18,128.00,89058,N/A,2025-08-19 21:14:03
363,1129.467896,N/A,N/A,5.00e-05,3570.65,128.00,89314,N/A,2025-08-19 21:14:03
364,1196.134155,N/A,N/A,5.00e-05,3627.54,128.00,89570,N/A,2025-08-19 21:14:03
365,1126.734375,N/A,N/A,5.00e-05,3607.87,128.00,89826,N/A,2025-08-19 21:14:03
366,1214.239746,N/A,N/A,5.00e-05,3624.13,128.00,90082,N/A,2025-08-19 21:14:03
367,1148.105713,N/A,N/A,5.00e-05,3580.39,128.00,90338,N/A,2025-08-19 21:14:03
368,1438.865967,N/A,N/A,5.00e-05,3576.62,128.00,90594,N/A,2025-08-19 21:14:03
369,930.748047,N/A,N/A,5.00e-05,3486.67,91.50,90777,N/A,2025-08-19 21:14:03
370,1133.576904,N/A,N/A,5.00e-05,3397.46,128.00,91033,1.0000,2025-08-19 21:14:03
371,883.868286,N/A,N/A,5.00e-05,3423.68,128.00,91289,N/A,2025-08-19 21:14:03
372,1313.897827,N/A,N/A,5.00e-05,3472.64,128.00,91545,N/A,2025-08-19 21:14:03
373,1166.988770,N/A,N/A,5.00e-05,3460.91,128.00,91801,N/A,2025-08-19 21:14:03
374,1195.923340,N/A,N/A,5.00e-05,3467.01,128.00,92057,N/A,2025-08-19 21:14:03
375,1082.177002,N/A,N/A,5.00e-05,3518.09,128.00,92313,N/A,2025-08-19 21:14:04
376,1248.975708,N/A,N/A,5.00e-05,3696.03,128.00,92569,N/A,2025-08-19 21:14:04
377,1538.633057,N/A,N/A,5.00e-05,3697.00,123.00,92815,N/A,2025-08-19 21:14:04
378,780.955261,N/A,N/A,5.00e-05,3603.76,98.00,93011,N/A,2025-08-19 21:14:04
379,1061.105347,N/A,N/A,5.00e-05,3733.50,108.50,93228,N/A,2025-08-19 21:14:04
380,1108.491089,N/A,N/A,5.00e-05,3607.13,128.00,93484,1.0000,2025-08-19 21:14:04
381,1246.806519,N/A,N/A,5.00e-05,3434.85,128.00,93740,N/A,2025-08-19 21:14:04
382,959.825073,N/A,N/A,5.00e-05,3428.31,128.00,93996,N/A,2025-08-19 21:14:04
383,1245.892334,N/A,N/A,5.00e-05,3459.86,128.00,94252,N/A,2025-08-19 21:14:04
384,1074.913574,N/A,N/A,5.00e-05,3415.01,128.00,94508,N/A,2025-08-19 21:14:04
385,1122.090088,N/A,N/A,5.00e-05,3296.87,128.00,94764,N/A,2025-08-19 21:14:04
386,1070.650391,N/A,N/A,5.00e-05,3341.11,128.00,95020,N/A,2025-08-19 21:14:04
387,1057.111328,N/A,N/A,5.00e-05,3461.14,128.00,95276,N/A,2025-08-19 21:14:04
388,1253.958740,N/A,N/A,5.00e-05,3543.46,128.00,95532,N/A,2025-08-19 21:14:05
389,892.379883,N/A,N/A,5.00e-05,3772.08,122.50,95777,N/A,2025-08-19 21:14:05
390,1255.595215,N/A,N/A,5.00e-05,3777.93,128.00,96033,1.0000,2025-08-19 21:14:05
391,1119.971680,N/A,N/A,5.00e-05,3831.18,128.00,96289,N/A,2025-08-19 21:14:05
392,1225.214600,N/A,N/A,5.00e-05,3802.00,128.00,96545,N/A,2025-08-19 21:14:05
393,1182.428345,N/A,N/A,5.00e-05,3831.17,128.00,96801,N/A,2025-08-19 21:14:05
394,1104.248413,N/A,N/A,5.00e-05,3928.41,128.00,97057,N/A,2025-08-19 21:14:05
395,1126.891113,N/A,N/A,5.00e-05,3924.75,128.00,97313,N/A,2025-08-19 21:14:05
396,976.066406,N/A,N/A,5.00e-05,3887.74,128.00,97569,N/A,2025-08-19 21:14:05
397,1105.739624,N/A,N/A,5.00e-05,3979.72,128.00,97825,N/A,2025-08-19 21:14:05
398,1120.269287,N/A,N/A,5.00e-05,3918.41,128.00,98081,N/A,2025-08-19 21:14:05
399,1137.663696,N/A,N/A,5.00e-05,4081.61,128.00,98337,N/A,2025-08-19 21:14:05
400,1135.666626,N/A,N/A,5.00e-05,3880.31,128.00,98593,1.0000,2025-08-19 21:14:05
401,955.579834,N/A,N/A,5.00e-05,3789.42,128.00,98849,N/A,2025-08-19 21:14:06
402,1304.194824,N/A,N/A,5.00e-05,3663.12,128.00,99105,N/A,2025-08-19 21:14:06
403,1095.650879,N/A,N/A,5.00e-05,3668.59,128.00,99361,N/A,2025-08-19 21:14:06
404,1402.343018,N/A,N/A,5.00e-05,3647.92,128.00,99617,N/A,2025-08-19 21:14:06
405,1447.820312,N/A,N/A,5.00e-05,3563.58,105.00,99827,N/A,2025-08-19 21:14:06
406,1101.722168,N/A,N/A,5.00e-05,3426.32,118.00,100063,N/A,2025-08-19 21:14:06
407,1250.054321,N/A,N/A,5.00e-05,3469.78,128.00,100319,N/A,2025-08-19 21:14:06
408,1191.119995,N/A,N/A,5.00e-05,3488.65,128.00,100575,N/A,2025-08-19 21:14:06
409,1248.194458,N/A,N/A,5.00e-05,3649.34,128.00,100831,N/A,2025-08-19 21:14:06
410,652.986816,N/A,N/A,5.00e-05,3495.56,70.00,100971,1.0000,2025-08-19 21:14:06
411,1163.984131,N/A,N/A,5.00e-05,3540.88,128.00,101227,N/A,2025-08-19 21:14:06
412,1158.838745,N/A,N/A,5.00e-05,3552.20,128.00,101483,N/A,2025-08-19 21:14:06
413,1395.508423,N/A,N/A,5.00e-05,3495.41,128.00,101739,N/A,2025-08-19 21:14:06
414,1162.299561,N/A,N/A,5.00e-05,3351.78,108.00,101955,N/A,2025-08-19 21:14:07
415,1192.438965,N/A,N/A,5.00e-05,3418.56,128.00,102211,N/A,2025-08-19 21:14:07
416,1178.274658,N/A,N/A,5.00e-05,3300.53,128.00,102467,N/A,2025-08-19 21:14:07
417,1286.313354,N/A,N/A,5.00e-05,3343.53,128.00,102723,N/A,2025-08-19 21:14:07
418,1386.897461,N/A,N/A,5.00e-05,3283.51,128.00,102979,N/A,2025-08-19 21:14:07
419,1095.263184,N/A,N/A,5.00e-05,3387.29,128.00,103235,N/A,2025-08-19 21:14:07
420,1313.323364,N/A,N/A,5.00e-05,3592.05,128.00,103491,1.0000,2025-08-19 21:14:07
421,2468.760010,N/A,N/A,5.00e-05,3538.42,103.00,103697,N/A,2025-08-19 21:14:07
422,1296.560303,N/A,N/A,5.00e-05,3612.55,128.00,103953,N/A,2025-08-19 21:14:07
423,1129.729126,N/A,N/A,5.00e-05,3727.50,128.00,104209,N/A,2025-08-19 21:14:07
424,1217.228516,N/A,N/A,5.00e-05,3890.62,128.00,104465,N/A,2025-08-19 21:14:07
425,1308.734131,N/A,N/A,5.00e-05,3812.86,128.00,104721,N/A,2025-08-19 21:14:07
426,1260.410767,N/A,N/A,5.00e-05,3852.25,128.00,104977,N/A,2025-08-19 21:14:07
427,1097.572144,N/A,N/A,5.00e-05,3918.32,128.00,105233,N/A,2025-08-19 21:14:07
428,1164.883545,N/A,N/A,5.00e-05,3959.63,128.00,105489,N/A,2025-08-19 21:14:08
429,1693.401978,N/A,N/A,5.00e-05,4034.12,128.00,105745,N/A,2025-08-19 21:14:08
430,1097.062744,N/A,N/A,5.00e-05,3849.34,128.00,106001,1.0000,2025-08-19 21:14:08
431,1354.884277,N/A,N/A,5.00e-05,3955.06,128.00,106257,N/A,2025-08-19 21:14:08
432,1350.196533,N/A,N/A,5.00e-05,3751.22,128.00,106513,N/A,2025-08-19 21:14:08
433,1286.796143,N/A,N/A,5.00e-05,3660.71,128.00,106769,N/A,2025-08-19 21:14:08
434,1172.495850,N/A,N/A,5.00e-05,3818.44,128.00,107025,N/A,2025-08-19 21:14:08
435,1207.587402,N/A,N/A,5.00e-05,3740.17,128.00,107281,N/A,2025-08-19 21:14:08
436,1116.190063,N/A,N/A,5.00e-05,3714.80,128.00,107537,N/A,2025-08-19 21:14:08
437,1157.398438,N/A,N/A,5.00e-05,3645.49,128.00,107793,N/A,2025-08-19 21:14:08
438,1231.067017,N/A,N/A,5.00e-05,3514.71,128.00,108049,N/A,2025-08-19 21:14:08
439,924.251099,N/A,N/A,5.00e-05,3629.12,128.00,108305,N/A,2025-08-19 21:14:08
440,1278.135010,N/A,N/A,5.00e-05,3528.15,126.50,108558,1.0000,2025-08-19 21:14:08
441,1128.808838,N/A,N/A,5.00e-05,3604.46,128.00,108814,N/A,2025-08-19 21:14:09
442,1315.099854,N/A,N/A,5.00e-05,3691.77,128.00,109070,N/A,2025-08-19 21:14:09
443,1269.500977,N/A,N/A,5.00e-05,3608.04,128.00,109326,N/A,2025-08-19 21:14:09
444,1461.477539,N/A,N/A,5.00e-05,3557.04,128.00,109582,N/A,2025-08-19 21:14:09
445,1198.557129,N/A,N/A,5.00e-05,3540.16,115.00,109812,N/A,2025-08-19 21:14:09
446,1087.332642,N/A,N/A,5.00e-05,3296.99,108.00,110028,N/A,2025-08-19 21:14:09
447,806.914978,N/A,N/A,5.00e-05,3234.74,85.50,110199,N/A,2025-08-19 21:14:09
448,1222.494385,N/A,N/A,5.00e-05,3233.04,128.00,110455,N/A,2025-08-19 21:14:09
449,1229.902100,N/A,N/A,5.00e-05,3295.39,128.00,110711,N/A,2025-08-19 21:14:09
450,1198.230713,N/A,N/A,5.00e-05,3289.34,128.00,110967,1.0000,2025-08-19 21:14:09
451,1044.277344,N/A,N/A,5.00e-05,3251.17,128.00,111223,N/A,2025-08-19 21:14:09
452,547.013489,N/A,N/A,5.00e-05,3110.35,69.00,111361,N/A,2025-08-19 21:14:09
453,996.554260,N/A,N/A,5.00e-05,3057.79,128.00,111617,N/A,2025-08-19 21:14:10
454,633.926819,N/A,N/A,5.00e-05,2899.98,68.00,111753,N/A,2025-08-19 21:14:10
455,928.842712,N/A,N/A,5.00e-05,3105.38,128.00,112009,N/A,2025-08-19 21:14:10
456,1184.098145,N/A,N/A,5.00e-05,3245.52,128.00,112265,N/A,2025-08-19 21:14:10
457,1476.577393,N/A,N/A,5.00e-05,3346.61,128.00,112521,N/A,2025-08-19 21:14:10
458,1023.197021,N/A,N/A,5.00e-05,3249.05,128.00,112777,N/A,2025-08-19 21:14:10
459,1219.939941,N/A,N/A,5.00e-05,3318.75,128.00,113033,N/A,2025-08-19 21:14:10
460,1187.010498,N/A,N/A,5.00e-05,3209.50,116.00,113265,1.0000,2025-08-19 21:14:10
461,1160.096558,N/A,N/A,5.00e-05,3364.35,128.00,113521,N/A,2025-08-19 21:14:10
462,1070.855713,N/A,N/A,5.00e-05,3670.49,128.00,113777,N/A,2025-08-19 21:14:10
463,1420.053711,N/A,N/A,5.00e-05,3622.08,128.00,114033,N/A,2025-08-19 21:14:10
464,1217.270996,N/A,N/A,5.00e-05,3841.06,128.00,114289,N/A,2025-08-19 21:14:10
465,1149.226807,N/A,N/A,5.00e-05,3837.51,128.00,114545,N/A,2025-08-19 21:14:10
466,1226.877441,N/A,N/A,5.00e-05,3871.55,128.00,114801,N/A,2025-08-19 21:14:11
467,1384.592041,N/A,N/A,5.00e-05,3989.07,128.00,115057,N/A,2025-08-19 21:14:11
468,1334.582520,N/A,N/A,5.00e-05,4004.03,128.00,115313,N/A,2025-08-19 21:14:11
469,1196.276855,N/A,N/A,5.00e-05,4133.98,128.00,115569,N/A,2025-08-19 21:14:11
470,1260.104492,N/A,N/A,5.00e-05,3805.44,128.00,115825,1.0000,2025-08-19 21:14:11
471,1168.251587,N/A,N/A,5.00e-05,3809.80,128.00,116081,N/A,2025-08-19 21:14:11
472,1420.602783,N/A,N/A,5.00e-05,3845.57,128.00,116337,N/A,2025-08-19 21:14:11
473,981.760315,N/A,N/A,5.00e-05,3762.98,113.00,116563,N/A,2025-08-19 21:14:11
474,943.030762,N/A,N/A,5.00e-05,3640.60,104.50,116772,N/A,2025-08-19 21:14:11
475,1279.197754,N/A,N/A,5.00e-05,3663.03,128.00,117028,N/A,2025-08-19 21:14:11
476,969.035156,N/A,N/A,5.00e-05,3487.48,97.00,117222,N/A,2025-08-19 21:14:11
477,840.066284,N/A,N/A,5.00e-05,3419.39,128.00,117478,N/A,2025-08-19 21:14:11
478,1117.523682,N/A,N/A,5.00e-05,3309.87,128.00,117734,N/A,2025-08-19 21:14:11
479,1161.859375,N/A,N/A,5.00e-05,3479.89,128.00,117990,N/A,2025-08-19 21:14:12
480,1194.391846,N/A,N/A,5.00e-05,3445.85,128.00,118246,1.0000,2025-08-19 21:14:12
481,927.778809,N/A,N/A,5.00e-05,3366.22,106.00,118458,N/A,2025-08-19 21:14:12
482,1346.113403,N/A,N/A,5.00e-05,3399.90,128.00,118714,N/A,2025-08-19 21:14:12
483,1220.111084,N/A,N/A,5.00e-05,3454.22,128.00,118970,N/A,2025-08-19 21:14:12
484,1273.997803,N/A,N/A,5.00e-05,3461.84,128.00,119226,N/A,2025-08-19 21:14:12
485,1179.451416,N/A,N/A,5.00e-05,3546.29,128.00,119482,N/A,2025-08-19 21:14:12
486,887.227844,N/A,N/A,5.00e-05,3619.36,83.50,119649,N/A,2025-08-19 21:14:12
487,1063.789795,N/A,N/A,5.00e-05,3719.06,102.00,119853,N/A,2025-08-19 21:14:12
488,801.187866,N/A,N/A,5.00e-05,3609.98,66.00,119985,N/A,2025-08-19 21:14:12
489,895.491333,N/A,N/A,5.00e-05,3607.16,86.50,120158,N/A,2025-08-19 21:14:12
490,1091.659424,N/A,N/A,5.00e-05,3367.08,128.00,120414,1.0000,2025-08-19 21:14:12
491,1191.809326,N/A,N/A,5.00e-05,3364.84,128.00,120670,N/A,2025-08-19 21:14:12
492,980.363220,N/A,N/A,5.00e-05,3198.48,96.50,120863,N/A,2025-08-19 21:14:12
493,1236.363647,N/A,N/A,5.00e-05,3239.29,128.00,121119,N/A,2025-08-19 21:14:13
494,1032.171509,N/A,N/A,5.00e-05,3169.74,128.00,121375,N/A,2025-08-19 21:14:13
495,1291.352051,N/A,N/A,5.00e-05,3141.39,128.00,121631,N/A,2025-08-19 21:14:13
496,1267.519775,N/A,N/A,5.00e-05,3217.16,128.00,121887,N/A,2025-08-19 21:14:13
497,965.458008,N/A,N/A,5.00e-05,3199.40,106.50,122100,N/A,2025-08-19 21:14:13
498,1318.603516,N/A,N/A,5.00e-05,3285.34,128.00,122356,N/A,2025-08-19 21:14:13
499,1016.639526,N/A,N/A,5.00e-05,3453.40,100.00,122556,N/A,2025-08-19 21:14:13
500,584.172485,N/A,N/A,5.00e-05,3179.37,68.50,122693,1.0000,2025-08-19 21:14:13
501,1151.048828,N/A,N/A,5.00e-05,3113.40,128.00,122949,N/A,2025-08-19 21:14:13
502,1003.009033,N/A,N/A,5.00e-05,3214.31,128.00,123205,N/A,2025-08-19 21:14:13
503,1198.476318,N/A,N/A,5.00e-05,3243.44,128.00,123461,N/A,2025-08-19 21:14:13
504,1247.672607,N/A,N/A,5.00e-05,3098.89,128.00,123717,N/A,2025-08-19 21:14:13
505,986.093933,N/A,N/A,5.00e-05,3059.07,128.00,123973,N/A,2025-08-19 21:14:14
506,1323.464600,N/A,N/A,5.00e-05,2993.10,128.00,124229,N/A,2025-08-19 21:14:14
507,1102.689453,N/A,N/A,5.00e-05,3036.80,128.00,124485,N/A,2025-08-19 21:14:14
508,811.680298,N/A,N/A,5.00e-05,2978.94,77.00,124639,N/A,2025-08-19 21:14:14
509,1189.502197,N/A,N/A,5.00e-05,3134.86,117.50,124874,N/A,2025-08-19 21:14:14
510,1309.774048,N/A,N/A,5.00e-05,3324.95,111.00,125096,1.0000,2025-08-19 21:14:14
511,1018.829834,N/A,N/A,5.00e-05,3334.91,128.00,125352,N/A,2025-08-19 21:14:14
512,1326.153687,N/A,N/A,5.00e-05,3382.67,128.00,125608,N/A,2025-08-19 21:14:14
513,1151.249268,N/A,N/A,5.00e-05,3583.15,128.00,125864,N/A,2025-08-19 21:14:14
514,2276.312012,N/A,N/A,5.00e-05,3649.32,128.00,126120,N/A,2025-08-19 21:14:14
515,1327.604248,N/A,N/A,5.00e-05,3780.19,119.50,126359,N/A,2025-08-19 21:14:14
516,1054.772705,N/A,N/A,5.00e-05,3814.64,120.50,126600,N/A,2025-08-19 21:14:14
517,1353.077148,N/A,N/A,5.00e-05,3822.91,128.00,126856,N/A,2025-08-19 21:14:14
518,1062.293457,N/A,N/A,5.00e-05,3993.71,128.00,127112,N/A,2025-08-19 21:14:14
519,1170.770264,N/A,N/A,5.00e-05,4028.45,128.00,127368,N/A,2025-08-19 21:14:15
520,1204.335083,N/A,N/A,5.00e-05,3926.87,128.00,127624,1.0000,2025-08-19 21:14:15
521,1198.898560,N/A,N/A,5.00e-05,3814.36,128.00,127880,N/A,2025-08-19 21:14:15
522,1202.857544,N/A,N/A,5.00e-05,3692.18,128.00,128136,N/A,2025-08-19 21:14:15
523,932.837952,N/A,N/A,5.00e-05,3469.80,111.00,128358,N/A,2025-08-19 21:14:15
524,935.970459,N/A,N/A,5.00e-05,3224.49,78.00,128514,N/A,2025-08-19 21:14:15
525,1174.515869,N/A,N/A,5.00e-05,3223.28,128.00,128770,N/A,2025-08-19 21:14:15
526,1238.510010,N/A,N/A,5.00e-05,3237.22,128.00,129026,N/A,2025-08-19 21:14:15
527,1305.926514,N/A,N/A,5.00e-05,3284.86,128.00,129282,N/A,2025-08-19 21:14:15
528,968.822021,N/A,N/A,5.00e-05,3344.16,128.00,129538,N/A,2025-08-19 21:14:15
529,925.921875,N/A,N/A,5.00e-05,3424.95,128.00,129794,N/A,2025-08-19 21:14:15
530,1136.322021,N/A,N/A,5.00e-05,3268.90,128.00,130050,1.0000,2025-08-19 21:14:15
531,1219.022949,N/A,N/A,5.00e-05,3329.93,125.00,130300,N/A,2025-08-19 21:14:16
532,589.873901,N/A,N/A,5.00e-05,3216.72,74.50,130449,N/A,2025-08-19 21:14:16
533,1299.812012,N/A,N/A,5.00e-05,3326.50,128.00,130705,N/A,2025-08-19 21:14:16
534,1111.333008,N/A,N/A,5.00e-05,3462.73,128.00,130961,N/A,2025-08-19 21:14:16
535,820.461975,N/A,N/A,5.00e-05,3232.34,70.00,131101,N/A,2025-08-19 21:14:16
536,1153.994995,N/A,N/A,5.00e-05,3196.32,128.00,131357,N/A,2025-08-19 21:14:16
537,1050.525879,N/A,N/A,5.00e-05,3079.29,128.00,131613,N/A,2025-08-19 21:14:16
538,1279.654175,N/A,N/A,5.00e-05,3110.47,128.00,131869,N/A,2025-08-19 21:14:16
539,1183.456055,N/A,N/A,5.00e-05,3357.14,128.00,132125,N/A,2025-08-19 21:14:16
540,1225.309326,N/A,N/A,5.00e-05,3254.76,114.00,132353,1.0000,2025-08-19 21:14:16
541,1131.831055,N/A,N/A,5.00e-05,3429.92,128.00,132609,N/A,2025-08-19 21:14:16
542,737.571838,N/A,N/A,5.00e-05,3426.21,72.50,132754,N/A,2025-08-19 21:14:16
543,803.195984,N/A,N/A,5.00e-05,3480.25,128.00,133010,N/A,2025-08-19 21:14:16
544,1240.608643,N/A,N/A,5.00e-05,3546.53,128.00,133266,N/A,2025-08-19 21:14:17
545,1016.932617,N/A,N/A,5.00e-05,3660.77,98.00,133462,N/A,2025-08-19 21:14:17
546,1237.226074,N/A,N/A,5.00e-05,3776.83,128.00,133718,N/A,2025-08-19 21:14:17
547,939.416626,N/A,N/A,5.00e-05,3713.53,128.00,133974,N/A,2025-08-19 21:14:17
548,1227.895264,N/A,N/A,5.00e-05,3644.65,128.00,134230,N/A,2025-08-19 21:14:17
549,1210.255981,N/A,N/A,5.00e-05,3701.84,115.00,134460,N/A,2025-08-19 21:14:17
550,1151.785278,N/A,N/A,5.00e-05,3563.49,128.00,134716,1.0000,2025-08-19 21:14:17
551,1512.460205,N/A,N/A,5.00e-05,3545.30,126.00,134968,N/A,2025-08-19 21:14:17
552,1273.135986,N/A,N/A,5.00e-05,3644.28,128.00,135224,N/A,2025-08-19 21:14:17
553,1057.092285,N/A,N/A,5.00e-05,3680.43,128.00,135480,N/A,2025-08-19 21:14:17
554,1042.809570,N/A,N/A,5.00e-05,3565.94,108.50,135697,N/A,2025-08-19 21:14:17
555,1358.102295,N/A,N/A,5.00e-05,3711.09,128.00,135953,N/A,2025-08-19 21:14:17
556,1099.029419,N/A,N/A,5.00e-05,3789.30,128.00,136209,N/A,2025-08-19 21:14:17
557,950.028015,N/A,N/A,5.00e-05,3759.83,114.00,136437,N/A,2025-08-19 21:14:17
558,850.772278,N/A,N/A,5.00e-05,3660.46,103.00,136643,N/A,2025-08-19 21:14:18
559,886.401184,N/A,N/A,5.00e-05,3724.04,95.50,136834,N/A,2025-08-19 21:14:18
560,1191.398315,N/A,N/A,5.00e-05,3613.35,128.00,137090,1.0000,2025-08-19 21:14:18
561,1225.216553,N/A,N/A,5.00e-05,3629.16,128.00,137346,N/A,2025-08-19 21:14:18
562,1203.826172,N/A,N/A,5.00e-05,3640.89,128.00,137602,N/A,2025-08-19 21:14:18
563,1203.864014,N/A,N/A,5.00e-05,3506.56,128.00,137858,N/A,2025-08-19 21:14:18
564,1185.160400,N/A,N/A,5.00e-05,3555.07,128.00,138114,N/A,2025-08-19 21:14:18
565,1146.667725,N/A,N/A,5.00e-05,3482.67,128.00,138370,N/A,2025-08-19 21:14:18
566,1154.717651,N/A,N/A,5.00e-05,3473.47,128.00,138626,N/A,2025-08-19 21:14:18
567,1046.539307,N/A,N/A,5.00e-05,3471.59,128.00,138882,N/A,2025-08-19 21:14:18
568,1033.828857,N/A,N/A,5.00e-05,3505.93,122.50,139127,N/A,2025-08-19 21:14:18
569,1251.825195,N/A,N/A,5.00e-05,3656.81,128.00,139383,N/A,2025-08-19 21:14:18
570,1171.241211,N/A,N/A,5.00e-05,3578.78,115.50,139614,1.0000,2025-08-19 21:14:18
571,927.772461,N/A,N/A,5.00e-05,3456.84,128.00,139870,N/A,2025-08-19 21:14:19
572,1120.801025,N/A,N/A,5.00e-05,3596.74,128.00,140126,N/A,2025-08-19 21:14:19
573,1737.564453,N/A,N/A,5.00e-05,3579.47,128.00,140382,N/A,2025-08-19 21:14:19
574,797.812317,N/A,N/A,5.00e-05,3491.72,71.50,140525,N/A,2025-08-19 21:14:19
575,955.285095,N/A,N/A,5.00e-05,3371.84,101.00,140727,N/A,2025-08-19 21:14:19
576,970.578369,N/A,N/A,5.00e-05,3388.66,128.00,140983,N/A,2025-08-19 21:14:19
577,1259.571533,N/A,N/A,5.00e-05,3464.62,128.00,141239,N/A,2025-08-19 21:14:19
578,1215.600586,N/A,N/A,5.00e-05,3445.67,128.00,141495,N/A,2025-08-19 21:14:19
579,1132.226196,N/A,N/A,5.00e-05,3465.07,128.00,141751,N/A,2025-08-19 21:14:19
580,1186.884521,N/A,N/A,5.00e-05,3522.69,128.00,142007,1.0000,2025-08-19 21:14:19
581,1122.461426,N/A,N/A,5.00e-05,3468.06,128.00,142263,N/A,2025-08-19 21:14:19
582,569.953918,N/A,N/A,5.00e-05,3367.44,128.00,142519,N/A,2025-08-19 21:14:19
583,1247.359375,N/A,N/A,5.00e-05,3247.46,128.00,142775,N/A,2025-08-19 21:14:20
584,1064.286499,N/A,N/A,5.00e-05,3463.09,128.00,143031,N/A,2025-08-19 21:14:20
585,974.396545,N/A,N/A,5.00e-05,3514.58,128.00,143287,N/A,2025-08-19 21:14:20
586,1056.199707,N/A,N/A,5.00e-05,3468.27,128.00,143543,N/A,2025-08-19 21:14:20
587,1223.964600,N/A,N/A,5.00e-05,3541.82,128.00,143799,N/A,2025-08-19 21:14:20
588,1402.980957,N/A,N/A,5.00e-05,3617.97,128.00,144055,N/A,2025-08-19 21:14:20
589,1298.445312,N/A,N/A,5.00e-05,3711.86,128.00,144311,N/A,2025-08-19 21:14:20
590,1219.811035,N/A,N/A,5.00e-05,3577.58,128.00,144567,1.0000,2025-08-19 21:14:20
591,1340.413452,N/A,N/A,5.00e-05,3611.42,128.00,144823,N/A,2025-08-19 21:14:20
592,1324.282227,N/A,N/A,5.00e-05,3726.05,128.00,145079,N/A,2025-08-19 21:14:20
593,870.934692,N/A,N/A,5.00e-05,3635.13,90.50,145260,N/A,2025-08-19 21:14:20
594,807.665771,N/A,N/A,5.00e-05,3536.71,86.50,145433,N/A,2025-08-19 21:14:20
595,1259.395996,N/A,N/A,5.00e-05,3581.55,128.00,145689,N/A,2025-08-19 21:14:20
596,1086.444580,N/A,N/A,5.00e-05,3466.15,128.00,145945,N/A,2025-08-19 21:14:21
597,1298.416260,N/A,N/A,5.00e-05,3470.01,128.00,146201,N/A,2025-08-19 21:14:21
598,973.486450,N/A,N/A,5.00e-05,3396.88,128.00,146457,N/A,2025-08-19 21:14:21
599,1248.195557,N/A,N/A,5.00e-05,3578.11,128.00,146713,N/A,2025-08-19 21:14:21
600,1257.423340,N/A,N/A,5.00e-05,3479.32,128.00,146969,1.0000,2025-08-19 21:14:21
601,1325.948975,N/A,N/A,5.00e-05,3352.19,128.00,147225,N/A,2025-08-19 21:14:21
602,921.600708,N/A,N/A,5.00e-05,3281.70,128.00,147481,N/A,2025-08-19 21:14:21
603,1027.962646,N/A,N/A,5.00e-05,3393.89,128.00,147737,N/A,2025-08-19 21:14:21
604,1112.018433,N/A,N/A,5.00e-05,3359.00,128.00,147993,N/A,2025-08-19 21:14:21
605,1137.759521,N/A,N/A,5.00e-05,3435.41,128.00,148249,N/A,2025-08-19 21:14:21
606,1092.109619,N/A,N/A,5.00e-05,3252.08,128.00,148505,N/A,2025-08-19 21:14:21
607,1146.652100,N/A,N/A,5.00e-05,3305.22,128.00,148761,N/A,2025-08-19 21:14:21
608,1207.259644,N/A,N/A,5.00e-05,3128.83,128.00,149017,N/A,2025-08-19 21:14:22
609,1126.031250,N/A,N/A,5.00e-05,3256.19,128.00,149273,N/A,2025-08-19 21:14:22
610,1032.464233,N/A,N/A,5.00e-05,3172.25,115.00,149503,1.0000,2025-08-19 21:14:22
611,628.713501,N/A,N/A,5.00e-05,3074.75,67.00,149637,N/A,2025-08-19 21:14:22
612,1199.690308,N/A,N/A,5.00e-05,3075.38,128.00,149893,N/A,2025-08-19 21:14:22
613,1168.845459,N/A,N/A,5.00e-05,3117.06,128.00,150149,N/A,2025-08-19 21:14:22
614,1248.489746,N/A,N/A,5.00e-05,3149.06,128.00,150405,N/A,2025-08-19 21:14:22
615,1060.793457,N/A,N/A,5.00e-05,3329.86,128.00,150661,N/A,2025-08-19 21:14:22
616,785.544067,N/A,N/A,5.00e-05,3334.16,128.00,150917,N/A,2025-08-19 21:14:22
617,1047.381348,N/A,N/A,5.00e-05,3514.31,128.00,151173,N/A,2025-08-19 21:14:22
618,921.250549,N/A,N/A,5.00e-05,3534.59,128.00,151429,N/A,2025-08-19 21:14:22
619,1203.141113,N/A,N/A,5.00e-05,3414.76,104.50,151638,N/A,2025-08-19 21:14:22
620,1035.165527,N/A,N/A,5.00e-05,3237.52,128.00,151894,1.0000,2025-08-19 21:14:23
621,1133.737183,N/A,N/A,5.00e-05,3424.87,128.00,152150,N/A,2025-08-19 21:14:23
622,1306.208984,N/A,N/A,5.00e-05,3463.07,128.00,152406,N/A,2025-08-19 21:14:23
623,1213.808594,N/A,N/A,5.00e-05,3433.67,128.00,152662,N/A,2025-08-19 21:14:23
624,909.230896,N/A,N/A,5.00e-05,3288.85,94.50,152851,N/A,2025-08-19 21:14:23
625,1023.067383,N/A,N/A,5.00e-05,3264.18,128.00,153107,N/A,2025-08-19 21:14:23
626,1186.145752,N/A,N/A,5.00e-05,3204.56,128.00,153363,N/A,2025-08-19 21:14:23
627,2056.250977,N/A,N/A,5.00e-05,3187.40,128.00,153619,N/A,2025-08-19 21:14:23
628,1087.601074,N/A,N/A,5.00e-05,3419.56,128.00,153875,N/A,2025-08-19 21:14:23
629,1310.670776,N/A,N/A,5.00e-05,3641.18,128.00,154131,N/A,2025-08-19 21:14:23
630,577.338745,N/A,N/A,5.00e-05,3427.31,79.50,154290,1.0000,2025-08-19 21:14:23
631,1208.938599,N/A,N/A,5.00e-05,3416.79,128.00,154546,N/A,2025-08-19 21:14:23
632,1175.479980,N/A,N/A,5.00e-05,3409.97,128.00,154802,N/A,2025-08-19 21:14:23
633,1318.654785,N/A,N/A,5.00e-05,3434.30,128.00,155058,N/A,2025-08-19 21:14:24
634,1565.992920,N/A,N/A,5.00e-05,3502.48,124.00,155306,N/A,2025-08-19 21:14:24
635,1033.346924,N/A,N/A,5.00e-05,3545.99,128.00,155562,N/A,2025-08-19 21:14:24
636,1071.900269,N/A,N/A,5.00e-05,3516.11,128.00,155818,N/A,2025-08-19 21:14:24
637,1343.191284,N/A,N/A,5.00e-05,3377.55,128.00,156074,N/A,2025-08-19 21:14:24
638,1078.440430,N/A,N/A,5.00e-05,3403.59,128.00,156330,N/A,2025-08-19 21:14:24
639,1242.330566,N/A,N/A,5.00e-05,3418.56,128.00,156586,N/A,2025-08-19 21:14:24
640,1213.447266,N/A,N/A,5.00e-05,3400.75,128.00,156842,1.0000,2025-08-19 21:14:24
641,1127.401733,N/A,N/A,5.00e-05,3415.68,128.00,157098,N/A,2025-08-19 21:14:24
642,1233.713135,N/A,N/A,5.00e-05,3442.94,128.00,157354,N/A,2025-08-19 21:14:24
643,1245.349243,N/A,N/A,5.00e-05,3246.24,128.00,157610,N/A,2025-08-19 21:14:24
644,851.867188,N/A,N/A,5.00e-05,3155.46,96.00,157802,N/A,2025-08-19 21:14:24
645,1058.726074,N/A,N/A,5.00e-05,3174.87,128.00,158058,N/A,2025-08-19 21:14:25
646,1177.058960,N/A,N/A,5.00e-05,3209.01,128.00,158314,N/A,2025-08-19 21:14:25
647,1027.425781,N/A,N/A,5.00e-05,3184.25,104.00,158522,N/A,2025-08-19 21:14:25
648,605.430237,N/A,N/A,5.00e-05,3100.17,71.50,158665,N/A,2025-08-19 21:14:25
649,1411.316406,N/A,N/A,5.00e-05,3162.22,128.00,158921,N/A,2025-08-19 21:14:25
650,1000.092529,N/A,N/A,5.00e-05,3024.73,105.50,159132,1.0000,2025-08-19 21:14:25
651,1070.975220,N/A,N/A,5.00e-05,3021.49,128.00,159388,N/A,2025-08-19 21:14:25
652,870.883179,N/A,N/A,5.00e-05,3022.86,93.00,159574,N/A,2025-08-19 21:14:25
653,1064.017334,N/A,N/A,5.00e-05,3075.16,122.00,159818,N/A,2025-08-19 21:14:25
654,669.860474,N/A,N/A,5.00e-05,3001.73,80.50,159979,N/A,2025-08-19 21:14:25
655,1348.543091,N/A,N/A,5.00e-05,3066.03,128.00,160235,N/A,2025-08-19 21:14:25
656,1374.923584,N/A,N/A,5.00e-05,3064.65,128.00,160491,N/A,2025-08-19 21:14:25
657,1064.707886,N/A,N/A,5.00e-05,3024.21,128.00,160747,N/A,2025-08-19 21:14:26
658,1072.937500,N/A,N/A,5.00e-05,3302.80,128.00,161003,N/A,2025-08-19 21:14:26
659,1038.961426,N/A,N/A,5.00e-05,3280.63,128.00,161259,N/A,2025-08-19 21:14:26
660,1323.658569,N/A,N/A,5.00e-05,3182.46,128.00,161515,1.0000,2025-08-19 21:14:26
661,1135.989990,N/A,N/A,5.00e-05,3315.79,128.00,161771,N/A,2025-08-19 21:14:26
662,838.573730,N/A,N/A,5.00e-05,3348.60,128.00,162027,N/A,2025-08-19 21:14:26
663,1370.011719,N/A,N/A,5.00e-05,3360.63,128.00,162283,N/A,2025-08-19 21:14:26
664,1211.596436,N/A,N/A,5.00e-05,3497.30,128.00,162539,N/A,2025-08-19 21:14:26
665,931.141968,N/A,N/A,5.00e-05,3366.41,96.00,162731,N/A,2025-08-19 21:14:26
666,1118.272217,N/A,N/A,5.00e-05,3462.29,128.00,162987,N/A,2025-08-19 21:14:26
667,1173.543457,N/A,N/A,5.00e-05,3362.46,128.00,163243,N/A,2025-08-19 21:14:26
668,938.760742,N/A,N/A,5.00e-05,3375.00,103.00,163449,N/A,2025-08-19 21:14:26
669,1099.977051,N/A,N/A,5.00e-05,3546.90,128.00,163705,N/A,2025-08-19 21:14:26
670,1095.596313,N/A,N/A,5.00e-05,3314.95,128.00,163961,1.0000,2025-08-19 21:14:27
671,1080.850830,N/A,N/A,5.00e-05,3318.55,128.00,164217,N/A,2025-08-19 21:14:27
672,1211.382080,N/A,N/A,5.00e-05,3347.77,128.00,164473,N/A,2025-08-19 21:14:27
673,776.530884,N/A,N/A,5.00e-05,3185.43,75.50,164624,N/A,2025-08-19 21:14:27
674,720.069946,N/A,N/A,5.00e-05,3145.55,128.00,164880,N/A,2025-08-19 21:14:27
675,1354.024902,N/A,N/A,5.00e-05,3254.88,128.00,165136,N/A,2025-08-19 21:14:27
676,1289.182129,N/A,N/A,5.00e-05,3373.05,128.00,165392,N/A,2025-08-19 21:14:27
677,1206.273315,N/A,N/A,5.00e-05,3428.94,124.50,165641,N/A,2025-08-19 21:14:27
678,1287.970215,N/A,N/A,5.00e-05,3499.68,128.00,165897,N/A,2025-08-19 21:14:27
679,1160.061523,N/A,N/A,5.00e-05,3735.77,128.00,166153,N/A,2025-08-19 21:14:27
680,1152.620117,N/A,N/A,5.00e-05,3729.87,128.00,166409,1.0000,2025-08-19 21:14:27
681,1187.863403,N/A,N/A,5.00e-05,3667.71,128.00,166665,N/A,2025-08-19 21:14:27
682,1033.444336,N/A,N/A,5.00e-05,3689.14,128.00,166921,N/A,2025-08-19 21:14:27
683,1235.970581,N/A,N/A,5.00e-05,3627.86,108.50,167138,N/A,2025-08-19 21:14:28
684,1404.741943,N/A,N/A,5.00e-05,3594.08,128.00,167394,N/A,2025-08-19 21:14:28
685,1561.438965,N/A,N/A,5.00e-05,3532.49,128.00,167650,N/A,2025-08-19 21:14:28
686,1190.133667,N/A,N/A,5.00e-05,3522.44,128.00,167906,N/A,2025-08-19 21:14:28
687,1030.131958,N/A,N/A,5.00e-05,3439.54,128.00,168162,N/A,2025-08-19 21:14:28
688,868.174500,N/A,N/A,5.00e-05,3450.42,128.00,168418,N/A,2025-08-19 21:14:28
689,1199.774414,N/A,N/A,5.00e-05,3509.42,128.00,168674,N/A,2025-08-19 21:14:28
690,953.795288,N/A,N/A,5.00e-05,3354.43,90.50,168855,1.0000,2025-08-19 21:14:28
691,1115.395020,N/A,N/A,5.00e-05,3273.74,128.00,169111,N/A,2025-08-19 21:14:28
692,514.663452,N/A,N/A,5.00e-05,3371.86,128.00,169367,N/A,2025-08-19 21:14:28
693,1355.281738,N/A,N/A,5.00e-05,3327.28,110.50,169588,N/A,2025-08-19 21:14:28
694,1114.056885,N/A,N/A,5.00e-05,3367.58,128.00,169844,N/A,2025-08-19 21:14:28
695,1105.445801,N/A,N/A,5.00e-05,3307.34,128.00,170100,N/A,2025-08-19 21:14:29
696,1154.894775,N/A,N/A,5.00e-05,3408.82,128.00,170356,N/A,2025-08-19 21:14:29
697,1213.967407,N/A,N/A,5.00e-05,3372.05,128.00,170612,N/A,2025-08-19 21:14:29
698,1425.864746,N/A,N/A,5.00e-05,3399.71,128.00,170868,N/A,2025-08-19 21:14:29
699,621.342834,N/A,N/A,5.00e-05,3298.09,69.50,171007,N/A,2025-08-19 21:14:29
700,585.753174,N/A,N/A,5.00e-05,3401.29,128.00,171263,1.0000,2025-08-19 21:14:29
701,941.895508,N/A,N/A,5.00e-05,3417.65,128.00,171519,N/A,2025-08-19 21:14:29
702,1250.516357,N/A,N/A,5.00e-05,3442.47,128.00,171775,N/A,2025-08-19 21:14:29
703,1057.261230,N/A,N/A,5.00e-05,3423.47,128.00,172031,N/A,2025-08-19 21:14:29
704,1214.723511,N/A,N/A,5.00e-05,3453.37,128.00,172287,N/A,2025-08-19 21:14:29
705,985.722290,N/A,N/A,5.00e-05,3346.64,106.50,172500,N/A,2025-08-19 21:14:29
706,159.685440,N/A,N/A,5.00e-05,3385.27,128.00,172756,N/A,2025-08-19 21:14:29
707,1178.081787,N/A,N/A,5.00e-05,3317.38,128.00,173012,N/A,2025-08-19 21:14:29
708,1338.636353,N/A,N/A,5.00e-05,3338.57,128.00,173268,N/A,2025-08-19 21:14:30
709,1009.540527,N/A,N/A,5.00e-05,3509.15,128.00,173524,N/A,2025-08-19 21:14:30
710,1270.624023,N/A,N/A,5.00e-05,3493.29,128.00,173780,1.0000,2025-08-19 21:14:30
711,1178.386963,N/A,N/A,5.00e-05,3420.28,128.00,174036,N/A,2025-08-19 21:14:30
712,1195.564697,N/A,N/A,5.00e-05,3379.24,128.00,174292,N/A,2025-08-19 21:14:30
713,1348.640625,N/A,N/A,5.00e-05,3373.93,128.00,174548,N/A,2025-08-19 21:14:30
714,542.063599,N/A,N/A,5.00e-05,3299.88,128.00,174804,N/A,2025-08-19 21:14:30
715,1275.103516,N/A,N/A,5.00e-05,3363.44,128.00,175060,N/A,2025-08-19 21:14:30
716,1105.475830,N/A,N/A,5.00e-05,3390.18,128.00,175316,N/A,2025-08-19 21:14:30
717,924.416443,N/A,N/A,5.00e-05,3368.63,96.50,175509,N/A,2025-08-19 21:14:30
718,1196.531372,N/A,N/A,5.00e-05,3415.59,128.00,175765,N/A,2025-08-19 21:14:30
719,967.106201,N/A,N/A,5.00e-05,3457.67,128.00,176021,N/A,2025-08-19 21:14:30
720,802.114075,N/A,N/A,5.00e-05,3158.51,85.00,176191,1.0000,2025-08-19 21:14:31
721,616.736206,N/A,N/A,5.00e-05,3249.73,128.00,176447,N/A,2025-08-19 21:14:31
722,1143.136475,N/A,N/A,5.00e-05,3262.97,128.00,176703,N/A,2025-08-19 21:14:31
723,612.861389,N/A,N/A,5.00e-05,3206.01,64.00,176831,N/A,2025-08-19 21:14:31
724,1423.772339,N/A,N/A,5.00e-05,3122.14,128.00,177087,N/A,2025-08-19 21:14:31
725,2059.411621,N/A,N/A,5.00e-05,3168.23,128.00,177343,N/A,2025-08-19 21:14:31
726,1190.548096,N/A,N/A,5.00e-05,3036.17,128.00,177599,N/A,2025-08-19 21:14:31
727,1242.245361,N/A,N/A,5.00e-05,3110.39,128.00,177855,N/A,2025-08-19 21:14:31
728,1108.149780,N/A,N/A,5.00e-05,3132.53,128.00,178111,N/A,2025-08-19 21:14:31
729,1225.690918,N/A,N/A,5.00e-05,3412.59,128.00,178367,N/A,2025-08-19 21:14:31
730,866.912720,N/A,N/A,5.00e-05,3253.70,99.50,178566,1.0000,2025-08-19 21:14:31
731,1144.395996,N/A,N/A,5.00e-05,3144.44,128.00,178822,N/A,2025-08-19 21:14:32
732,1121.143799,N/A,N/A,5.00e-05,3096.86,128.00,179078,N/A,2025-08-19 21:14:32
733,660.729919,N/A,N/A,5.00e-05,3146.60,70.00,179218,N/A,2025-08-19 21:14:32
734,1267.302490,N/A,N/A,5.00e-05,3117.36,128.00,179474,N/A,2025-08-19 21:14:32
735,1159.577393,N/A,N/A,5.00e-05,3260.25,128.00,179730,N/A,2025-08-19 21:14:32
736,1449.434204,N/A,N/A,5.00e-05,3273.66,128.00,179986,N/A,2025-08-19 21:14:32
737,760.827759,N/A,N/A,5.00e-05,3183.98,78.00,180142,N/A,2025-08-19 21:14:32
738,1077.509766,N/A,N/A,5.00e-05,3153.56,128.00,180398,N/A,2025-08-19 21:14:32
739,1283.146729,N/A,N/A,5.00e-05,3398.16,128.00,180654,N/A,2025-08-19 21:14:32
740,1153.105469,N/A,N/A,5.00e-05,3249.46,67.00,180788,1.0000,2025-08-19 21:14:32
741,1227.324463,N/A,N/A,5.00e-05,3259.82,128.00,181044,N/A,2025-08-19 21:14:32
742,1180.032715,N/A,N/A,5.00e-05,3239.81,128.00,181300,N/A,2025-08-19 21:14:32
743,1383.993652,N/A,N/A,5.00e-05,3295.19,128.00,181556,N/A,2025-08-19 21:14:32
744,1008.600159,N/A,N/A,5.00e-05,3203.30,128.00,181812,N/A,2025-08-19 21:14:33
745,1001.047485,N/A,N/A,5.00e-05,3117.76,111.50,182035,N/A,2025-08-19 21:14:33
746,1095.209839,N/A,N/A,5.00e-05,2986.70,128.00,182291,N/A,2025-08-19 21:14:33
747,1196.044800,N/A,N/A,5.00e-05,3137.76,128.00,182547,N/A,2025-08-19 21:14:33
748,1108.566284,N/A,N/A,5.00e-05,3076.49,128.00,182803,N/A,2025-08-19 21:14:33
749,319.722900,N/A,N/A,5.00e-05,3171.95,94.00,182991,N/A,2025-08-19 21:14:33
750,1153.110962,N/A,N/A,5.00e-05,3211.75,128.00,183247,1.0000,2025-08-19 21:14:33
751,828.420349,N/A,N/A,5.00e-05,3147.20,83.00,183413,N/A,2025-08-19 21:14:33
752,1349.271729,N/A,N/A,5.00e-05,3225.62,128.00,183669,N/A,2025-08-19 21:14:33
753,564.562256,N/A,N/A,5.00e-05,3093.76,64.50,183798,N/A,2025-08-19 21:14:33
754,1189.781250,N/A,N/A,5.00e-05,3135.08,128.00,184054,N/A,2025-08-19 21:14:33
755,1184.414307,N/A,N/A,5.00e-05,3327.11,128.00,184310,N/A,2025-08-19 21:14:33
756,1169.596191,N/A,N/A,5.00e-05,3290.30,128.00,184566,N/A,2025-08-19 21:14:33
757,1125.780884,N/A,N/A,5.00e-05,3254.95,128.00,184822,N/A,2025-08-19 21:14:34
758,1339.435059,N/A,N/A,5.00e-05,3195.67,128.00,185078,N/A,2025-08-19 21:14:34
759,1120.712891,N/A,N/A,5.00e-05,3445.65,114.50,185307,N/A,2025-08-19 21:14:34
760,1040.676514,N/A,N/A,5.00e-05,3294.56,128.00,185563,1.0000,2025-08-19 21:14:34
761,1163.780884,N/A,N/A,5.00e-05,3506.82,128.00,185819,N/A,2025-08-19 21:14:34
762,977.006653,N/A,N/A,5.00e-05,3478.97,128.00,186075,N/A,2025-08-19 21:14:34
763,1168.839478,N/A,N/A,5.00e-05,3665.49,128.00,186331,N/A,2025-08-19 21:14:34
764,682.234131,N/A,N/A,5.00e-05,3422.13,71.50,186474,N/A,2025-08-19 21:14:34
765,1217.880371,N/A,N/A,5.00e-05,3444.10,128.00,186730,N/A,2025-08-19 21:14:34
766,1198.590210,N/A,N/A,5.00e-05,3404.33,128.00,186986,N/A,2025-08-19 21:14:34
767,2515.924316,N/A,N/A,5.00e-05,3354.76,88.50,187163,N/A,2025-08-19 21:14:34
768,780.215820,N/A,N/A,5.00e-05,3279.53,128.00,187419,N/A,2025-08-19 21:14:34
769,892.891479,N/A,N/A,5.00e-05,3310.07,92.00,187603,N/A,2025-08-19 21:14:34
770,1110.059448,N/A,N/A,5.00e-05,3164.24,128.00,187859,1.0000,2025-08-19 21:14:35
771,1007.117676,N/A,N/A,5.00e-05,3192.06,128.00,188115,N/A,2025-08-19 21:14:35
772,859.048218,N/A,N/A,5.00e-05,3067.86,104.00,188323,N/A,2025-08-19 21:14:35
773,1225.364746,N/A,N/A,5.00e-05,3103.84,128.00,188579,N/A,2025-08-19 21:14:35
774,1054.730469,N/A,N/A,5.00e-05,3238.08,128.00,188835,N/A,2025-08-19 21:14:35
775,1140.328613,N/A,N/A,5.00e-05,3321.25,128.00,189091,N/A,2025-08-19 21:14:35
776,1202.797241,N/A,N/A,5.00e-05,3289.59,128.00,189347,N/A,2025-08-19 21:14:35
777,1161.638428,N/A,N/A,5.00e-05,3391.83,112.00,189571,N/A,2025-08-19 21:14:35
778,676.063232,N/A,N/A,5.00e-05,3232.39,87.00,189745,N/A,2025-08-19 21:14:35
779,1280.888306,N/A,N/A,5.00e-05,3434.97,128.00,190001,N/A,2025-08-19 21:14:35
780,1101.473389,N/A,N/A,5.00e-05,3218.31,128.00,190257,1.0000,2025-08-19 21:14:35
781,1194.129883,N/A,N/A,5.00e-05,3296.88,128.00,190513,N/A,2025-08-19 21:14:35
782,767.576355,N/A,N/A,5.00e-05,3350.59,128.00,190769,N/A,2025-08-19 21:14:36
783,1229.920532,N/A,N/A,5.00e-05,3303.88,128.00,191025,N/A,2025-08-19 21:14:36
784,1123.897339,N/A,N/A,5.00e-05,3330.98,128.00,191281,N/A,2025-08-19 21:14:36
785,1048.399658,N/A,N/A,5.00e-05,3361.42,128.00,191537,N/A,2025-08-19 21:14:36
786,646.905579,N/A,N/A,5.00e-05,3171.33,80.00,191697,N/A,2025-08-19 21:14:36
787,1228.889893,N/A,N/A,5.00e-05,3280.94,119.50,191936,N/A,2025-08-19 21:14:36
788,1244.668945,N/A,N/A,5.00e-05,3369.56,126.50,192189,N/A,2025-08-19 21:14:36
789,994.230957,N/A,N/A,5.00e-05,3547.69,106.00,192401,N/A,2025-08-19 21:14:36
790,1192.047241,N/A,N/A,5.00e-05,3271.97,128.00,192657,1.0000,2025-08-19 21:14:36
791,1125.171387,N/A,N/A,5.00e-05,3320.79,128.00,192913,N/A,2025-08-19 21:14:36
792,557.267090,N/A,N/A,5.00e-05,3097.65,68.00,193049,N/A,2025-08-19 21:14:36
793,1117.497559,N/A,N/A,5.00e-05,3042.71,128.00,193305,N/A,2025-08-19 21:14:36
794,1062.327026,N/A,N/A,5.00e-05,3053.35,128.00,193561,N/A,2025-08-19 21:14:37
795,1113.450439,N/A,N/A,5.00e-05,3071.63,128.00,193817,N/A,2025-08-19 21:14:37
796,1205.439941,N/A,N/A,5.00e-05,3215.15,128.00,194073,N/A,2025-08-19 21:14:37
797,979.575439,N/A,N/A,5.00e-05,3163.56,85.00,194243,N/A,2025-08-19 21:14:37
798,1058.880249,N/A,N/A,5.00e-05,3151.49,128.00,194499,N/A,2025-08-19 21:14:37
799,1191.803467,N/A,N/A,5.00e-05,3505.64,128.00,194755,N/A,2025-08-19 21:14:37
800,1076.540527,N/A,N/A,5.00e-05,3399.07,128.00,195011,1.0000,2025-08-19 21:14:37
801,1091.906006,N/A,N/A,5.00e-05,3470.52,123.50,195258,N/A,2025-08-19 21:14:37
802,1170.951782,N/A,N/A,5.00e-05,3663.36,128.00,195514,N/A,2025-08-19 21:14:37
803,705.422302,N/A,N/A,5.00e-05,3454.27,70.00,195654,N/A,2025-08-19 21:14:37
804,1127.268677,N/A,N/A,5.00e-05,3321.09,128.00,195910,N/A,2025-08-19 21:14:37
805,943.583984,N/A,N/A,5.00e-05,3279.87,124.00,196158,N/A,2025-08-19 21:14:37
806,993.321899,N/A,N/A,5.00e-05,3144.94,96.50,196351,N/A,2025-08-19 21:14:37
807,1054.640869,N/A,N/A,5.00e-05,3246.59,114.00,196579,N/A,2025-08-19 21:14:38
808,747.732666,N/A,N/A,5.00e-05,3058.58,79.00,196737,N/A,2025-08-19 21:14:38
809,1158.267822,N/A,N/A,5.00e-05,3162.14,128.00,196993,N/A,2025-08-19 21:14:38
810,868.158447,N/A,N/A,5.00e-05,2983.71,90.00,197173,1.0000,2025-08-19 21:14:38
811,1167.353149,N/A,N/A,5.00e-05,3061.69,128.00,197429,N/A,2025-08-19 21:14:38
812,1087.306396,N/A,N/A,5.00e-05,3095.46,128.00,197685,N/A,2025-08-19 21:14:38
813,1223.016113,N/A,N/A,5.00e-05,3370.19,113.50,197912,N/A,2025-08-19 21:14:38
814,1037.990356,N/A,N/A,5.00e-05,3379.97,128.00,198168,N/A,2025-08-19 21:14:38
815,1137.257324,N/A,N/A,5.00e-05,3404.23,128.00,198424,N/A,2025-08-19 21:14:38
816,1045.996704,N/A,N/A,5.00e-05,3524.05,128.00,198680,N/A,2025-08-19 21:14:38
817,969.847473,N/A,N/A,5.00e-05,3461.68,90.50,198861,N/A,2025-08-19 21:14:38
818,1391.294434,N/A,N/A,5.00e-05,3541.60,128.00,199117,N/A,2025-08-19 21:14:38
819,1212.475464,N/A,N/A,5.00e-05,3681.59,128.00,199373,N/A,2025-08-19 21:14:38
820,654.023315,N/A,N/A,5.00e-05,3459.09,65.00,199503,1.0000,2025-08-19 21:14:39
821,1091.758057,N/A,N/A,5.00e-05,3353.71,128.00,199759,N/A,2025-08-19 21:14:39
822,1318.527710,N/A,N/A,5.00e-05,3400.43,128.00,200015,N/A,2025-08-19 21:14:39
823,1091.793457,N/A,N/A,5.00e-05,3410.71,128.00,200271,N/A,2025-08-19 21:14:39
824,928.467773,N/A,N/A,5.00e-05,3448.13,128.00,200527,N/A,2025-08-19 21:14:39
825,868.422852,N/A,N/A,5.00e-05,3407.97,128.00,200783,N/A,2025-08-19 21:14:39
826,1076.346558,N/A,N/A,5.00e-05,3294.89,128.00,201039,N/A,2025-08-19 21:14:39
827,1218.269287,N/A,N/A,5.00e-05,3310.89,128.00,201295,N/A,2025-08-19 21:14:39
828,994.934998,N/A,N/A,5.00e-05,3307.76,128.00,201551,N/A,2025-08-19 21:14:39
829,1173.801758,N/A,N/A,5.00e-05,3377.75,128.00,201807,N/A,2025-08-19 21:14:39
830,1294.599731,N/A,N/A,5.00e-05,3549.91,128.00,202063,1.0000,2025-08-19 21:14:39
831,1315.949585,N/A,N/A,5.00e-05,3483.35,128.00,202319,N/A,2025-08-19 21:14:39
832,1153.590332,N/A,N/A,5.00e-05,3508.89,128.00,202575,N/A,2025-08-19 21:14:39
833,1078.967041,N/A,N/A,5.00e-05,3412.40,128.00,202831,N/A,2025-08-19 21:14:40
834,1230.810547,N/A,N/A,5.00e-05,3369.21,120.50,203072,N/A,2025-08-19 21:14:40
835,1195.110107,N/A,N/A,5.00e-05,3443.29,128.00,203328,N/A,2025-08-19 21:14:40
836,1049.121338,N/A,N/A,5.00e-05,3539.66,115.50,203559,N/A,2025-08-19 21:14:40
837,1162.915649,N/A,N/A,5.00e-05,3588.43,128.00,203815,N/A,2025-08-19 21:14:40
838,783.590576,N/A,N/A,5.00e-05,3580.16,128.00,204071,N/A,2025-08-19 21:14:40
839,1121.258301,N/A,N/A,5.00e-05,3692.84,125.00,204321,N/A,2025-08-19 21:14:40
840,1168.283447,N/A,N/A,5.00e-05,3518.42,128.00,204577,1.0000,2025-08-19 21:14:40
841,1042.165894,N/A,N/A,5.00e-05,3525.63,128.00,204833,N/A,2025-08-19 21:14:40
842,1053.908691,N/A,N/A,5.00e-05,3550.55,128.00,205089,N/A,2025-08-19 21:14:40
843,639.645813,N/A,N/A,5.00e-05,3393.54,64.00,205217,N/A,2025-08-19 21:14:40
844,1033.311768,N/A,N/A,5.00e-05,3394.50,128.00,205473,N/A,2025-08-19 21:14:40
845,1061.437500,N/A,N/A,5.00e-05,3412.78,128.00,205729,N/A,2025-08-19 21:14:40
846,611.920410,N/A,N/A,5.00e-05,3198.24,65.00,205859,N/A,2025-08-19 21:14:41
847,681.148010,N/A,N/A,5.00e-05,3216.19,128.00,206115,N/A,2025-08-19 21:14:41
848,1012.040100,N/A,N/A,5.00e-05,3090.93,128.00,206371,N/A,2025-08-19 21:14:41
849,1038.986694,N/A,N/A,5.00e-05,3295.15,128.00,206627,N/A,2025-08-19 21:14:41
850,526.138855,N/A,N/A,5.00e-05,2893.85,66.00,206759,1.0000,2025-08-19 21:14:41
851,1379.535278,N/A,N/A,5.00e-05,2957.44,123.50,207006,N/A,2025-08-19 21:14:41
852,1091.254517,N/A,N/A,5.00e-05,2908.96,109.00,207224,N/A,2025-08-19 21:14:41
853,1112.218628,N/A,N/A,5.00e-05,3109.55,113.00,207450,N/A,2025-08-19 21:14:41
854,981.183716,N/A,N/A,5.00e-05,2983.86,128.00,207706,N/A,2025-08-19 21:14:41
855,840.100830,N/A,N/A,5.00e-05,3070.42,128.00,207962,N/A,2025-08-19 21:14:41
856,1111.916016,N/A,N/A,5.00e-05,3163.60,128.00,208218,N/A,2025-08-19 21:14:41
857,1140.885742,N/A,N/A,5.00e-05,3269.12,128.00,208474,N/A,2025-08-19 21:14:41
858,1126.771606,N/A,N/A,5.00e-05,3228.77,128.00,208730,N/A,2025-08-19 21:14:42
859,1141.453857,N/A,N/A,5.00e-05,3450.49,128.00,208986,N/A,2025-08-19 21:14:42
860,669.052368,N/A,N/A,5.00e-05,3391.41,115.00,209216,1.0000,2025-08-19 21:14:42
861,1223.779297,N/A,N/A,5.00e-05,3398.96,128.00,209472,N/A,2025-08-19 21:14:42
862,1278.983398,N/A,N/A,5.00e-05,3416.32,128.00,209728,N/A,2025-08-19 21:14:42
863,898.037048,N/A,N/A,5.00e-05,3576.96,128.00,209984,N/A,2025-08-19 21:14:42
864,1190.616699,N/A,N/A,5.00e-05,3563.82,128.00,210240,N/A,2025-08-19 21:14:42
865,712.408936,N/A,N/A,5.00e-05,3659.41,128.00,210496,N/A,2025-08-19 21:14:42
866,977.457520,N/A,N/A,5.00e-05,3481.93,92.00,210680,N/A,2025-08-19 21:14:42
867,708.664551,N/A,N/A,5.00e-05,3309.21,85.50,210851,N/A,2025-08-19 21:14:42
868,1109.113037,N/A,N/A,5.00e-05,3292.10,128.00,211107,N/A,2025-08-19 21:14:42
869,1093.258789,N/A,N/A,5.00e-05,3397.50,128.00,211363,N/A,2025-08-19 21:14:42
870,761.380554,N/A,N/A,5.00e-05,3221.46,128.00,211619,1.0000,2025-08-19 21:14:43
871,1292.939575,N/A,N/A,5.00e-05,3226.60,128.00,211875,N/A,2025-08-19 21:14:43
872,1270.685791,N/A,N/A,5.00e-05,3206.99,128.00,212131,N/A,2025-08-19 21:14:43
873,1451.979858,N/A,N/A,5.00e-05,3207.76,128.00,212387,N/A,2025-08-19 21:14:43
874,948.844910,N/A,N/A,5.00e-05,3155.58,128.00,212643,N/A,2025-08-19 21:14:43
875,930.871582,N/A,N/A,5.00e-05,3233.33,128.00,212899,N/A,2025-08-19 21:14:43
876,992.232788,N/A,N/A,5.00e-05,3390.49,128.00,213155,N/A,2025-08-19 21:14:43
877,1195.715454,N/A,N/A,5.00e-05,3578.61,128.00,213411,N/A,2025-08-19 21:14:43
878,895.286011,N/A,N/A,5.00e-05,3444.57,84.00,213579,N/A,2025-08-19 21:14:43
879,1212.432373,N/A,N/A,5.00e-05,3689.62,128.00,213835,N/A,2025-08-19 21:14:43
880,855.866699,N/A,N/A,5.00e-05,3299.84,76.00,213987,1.0000,2025-08-19 21:14:43
881,1066.795532,N/A,N/A,5.00e-05,3196.40,128.00,214243,N/A,2025-08-19 21:14:43
882,1066.270142,N/A,N/A,5.00e-05,3093.14,128.00,214499,N/A,2025-08-19 21:14:44
883,1162.838623,N/A,N/A,5.00e-05,3036.52,126.00,214751,N/A,2025-08-19 21:14:44
884,1292.525635,N/A,N/A,5.00e-05,3028.68,128.00,215007,N/A,2025-08-19 21:14:44
885,1362.548340,N/A,N/A,5.00e-05,3017.56,128.00,215263,N/A,2025-08-19 21:14:44
886,1245.821167,N/A,N/A,5.00e-05,2941.99,128.00,215519,N/A,2025-08-19 21:14:44
887,982.607178,N/A,N/A,5.00e-05,2967.77,128.00,215775,N/A,2025-08-19 21:14:44
888,1178.811035,N/A,N/A,5.00e-05,3094.25,128.00,216031,N/A,2025-08-19 21:14:44
889,1021.104675,N/A,N/A,5.00e-05,3321.61,128.00,216287,N/A,2025-08-19 21:14:44
890,1257.273438,N/A,N/A,5.00e-05,3447.05,128.00,216543,1.0000,2025-08-19 21:14:44
891,1191.944824,N/A,N/A,5.00e-05,3550.68,128.00,216799,N/A,2025-08-19 21:14:44
892,1237.078857,N/A,N/A,5.00e-05,3669.26,128.00,217055,N/A,2025-08-19 21:14:44
893,1096.650635,N/A,N/A,5.00e-05,3554.99,128.00,217311,N/A,2025-08-19 21:14:44
894,1167.116699,N/A,N/A,5.00e-05,3548.09,128.00,217567,N/A,2025-08-19 21:14:44
895,1146.578125,N/A,N/A,5.00e-05,3627.94,110.50,217788,N/A,2025-08-19 21:14:45
896,442.553162,N/A,N/A,5.00e-05,3608.55,128.00,218044,N/A,2025-08-19 21:14:45
897,1122.912109,N/A,N/A,5.00e-05,3587.96,128.00,218300,N/A,2025-08-19 21:14:45
898,1097.667480,N/A,N/A,5.00e-05,3542.19,128.00,218556,N/A,2025-08-19 21:14:45
899,1304.719849,N/A,N/A,5.00e-05,3722.81,128.00,218812,N/A,2025-08-19 21:14:45
900,1271.587891,N/A,N/A,5.00e-05,3431.23,128.00,219068,1.0000,2025-08-19 21:14:45
901,1053.982422,N/A,N/A,5.00e-05,3340.83,128.00,219324,N/A,2025-08-19 21:14:45
902,1052.119995,N/A,N/A,5.00e-05,3314.47,128.00,219580,N/A,2025-08-19 21:14:45
903,914.759583,N/A,N/A,5.00e-05,3333.54,128.00,219836,N/A,2025-08-19 21:14:45
904,892.330322,N/A,N/A,5.00e-05,3256.46,128.00,220092,N/A,2025-08-19 21:14:45
905,1384.583252,N/A,N/A,5.00e-05,3371.79,128.00,220348,N/A,2025-08-19 21:14:45
906,1088.923096,N/A,N/A,5.00e-05,3193.20,128.00,220604,N/A,2025-08-19 21:14:46
907,1221.546997,N/A,N/A,5.00e-05,3249.54,124.00,220852,N/A,2025-08-19 21:14:46
908,1099.781616,N/A,N/A,5.00e-05,3131.89,128.00,221108,N/A,2025-08-19 21:14:46
909,1207.022461,N/A,N/A,5.00e-05,3402.67,128.00,221364,N/A,2025-08-19 21:14:46
910,1350.722412,N/A,N/A,5.00e-05,3327.87,128.00,221620,1.0000,2025-08-19 21:14:46
911,875.587280,N/A,N/A,5.00e-05,3454.11,128.00,221876,N/A,2025-08-19 21:14:46
912,600.328064,N/A,N/A,5.00e-05,3226.80,64.50,222005,N/A,2025-08-19 21:14:46
913,1397.481934,N/A,N/A,5.00e-05,3280.41,128.00,222261,N/A,2025-08-19 21:14:46
914,674.252075,N/A,N/A,5.00e-05,3224.01,128.00,222517,N/A,2025-08-19 21:14:46
915,660.439453,N/A,N/A,5.00e-05,3273.33,79.00,222675,N/A,2025-08-19 21:14:46
916,1349.755859,N/A,N/A,5.00e-05,3112.29,128.00,222931,N/A,2025-08-19 21:14:46
917,1353.152100,N/A,N/A,5.00e-05,3220.43,128.00,223187,N/A,2025-08-19 21:14:46
918,993.267090,N/A,N/A,5.00e-05,3139.96,128.00,223443,N/A,2025-08-19 21:14:46
919,1132.360352,N/A,N/A,5.00e-05,3196.85,128.00,223699,N/A,2025-08-19 21:14:47
920,1101.604126,N/A,N/A,5.00e-05,3081.27,128.00,223955,1.0000,2025-08-19 21:14:47
921,897.743713,N/A,N/A,5.00e-05,2944.67,88.50,224132,N/A,2025-08-19 21:14:47
922,1546.592407,N/A,N/A,5.00e-05,3066.36,128.00,224388,N/A,2025-08-19 21:14:47
923,1233.188232,N/A,N/A,5.00e-05,3059.28,128.00,224644,N/A,2025-08-19 21:14:47
924,1281.717773,N/A,N/A,5.00e-05,3040.20,128.00,224900,N/A,2025-08-19 21:14:47
925,212.215118,N/A,N/A,5.00e-05,3298.82,128.00,225156,N/A,2025-08-19 21:14:47
926,1089.568970,N/A,N/A,5.00e-05,3268.85,128.00,225412,N/A,2025-08-19 21:14:47
927,1131.901123,N/A,N/A,5.00e-05,3337.39,128.00,225668,N/A,2025-08-19 21:14:47
928,1272.469238,N/A,N/A,5.00e-05,3446.83,128.00,225924,N/A,2025-08-19 21:14:47
929,889.429077,N/A,N/A,5.00e-05,3506.18,94.00,226112,N/A,2025-08-19 21:14:47
930,1333.740356,N/A,N/A,5.00e-05,3514.07,128.00,226368,1.0000,2025-08-19 21:14:47
931,1315.369629,N/A,N/A,5.00e-05,3592.59,128.00,226624,N/A,2025-08-19 21:14:48
932,1107.321533,N/A,N/A,5.00e-05,3578.64,128.00,226880,N/A,2025-08-19 21:14:48
933,944.142456,N/A,N/A,5.00e-05,3470.98,102.00,227084,N/A,2025-08-19 21:14:48
934,1359.820068,N/A,N/A,5.00e-05,3421.32,128.00,227340,N/A,2025-08-19 21:14:48
935,1108.884766,N/A,N/A,5.00e-05,3468.22,128.00,227596,N/A,2025-08-19 21:14:48
936,1261.121216,N/A,N/A,5.00e-05,3426.69,128.00,227852,N/A,2025-08-19 21:14:48
937,1113.419312,N/A,N/A,5.00e-05,3259.31,110.50,228073,N/A,2025-08-19 21:14:48
938,1111.694580,N/A,N/A,5.00e-05,3151.40,128.00,228329,N/A,2025-08-19 21:14:48
939,1200.406738,N/A,N/A,5.00e-05,3369.89,128.00,228585,N/A,2025-08-19 21:14:48
940,1133.713257,N/A,N/A,5.00e-05,3207.80,128.00,228841,1.0000,2025-08-19 21:14:48
941,1139.818481,N/A,N/A,5.00e-05,3261.95,128.00,229097,N/A,2025-08-19 21:14:48
942,1317.843872,N/A,N/A,5.00e-05,3291.83,128.00,229353,N/A,2025-08-19 21:14:48
943,1186.099365,N/A,N/A,5.00e-05,3255.08,65.00,229483,N/A,2025-08-19 21:14:49
944,955.424438,N/A,N/A,5.00e-05,3007.47,95.00,229673,N/A,2025-08-19 21:14:49
945,1047.370361,N/A,N/A,5.00e-05,3026.62,128.00,229929,N/A,2025-08-19 21:14:49
946,1464.664062,N/A,N/A,5.00e-05,3030.14,128.00,230185,N/A,2025-08-19 21:14:49
947,1268.176514,N/A,N/A,5.00e-05,3049.24,128.00,230441,N/A,2025-08-19 21:14:49
948,1279.270508,N/A,N/A,5.00e-05,2995.56,128.00,230697,N/A,2025-08-19 21:14:49
949,1103.046997,N/A,N/A,5.00e-05,3190.38,128.00,230953,N/A,2025-08-19 21:14:49
950,994.901978,N/A,N/A,5.00e-05,2984.07,128.00,231209,1.0000,2025-08-19 21:14:49
951,1054.739502,N/A,N/A,5.00e-05,2966.65,128.00,231465,N/A,2025-08-19 21:14:49
952,1220.841919,N/A,N/A,5.00e-05,2888.83,125.50,231716,N/A,2025-08-19 21:14:49
953,1096.461426,N/A,N/A,5.00e-05,3182.43,128.00,231972,N/A,2025-08-19 21:14:49
954,524.309387,N/A,N/A,5.00e-05,3116.66,64.00,232100,N/A,2025-08-19 21:14:49
955,1058.392578,N/A,N/A,5.00e-05,3114.24,128.00,232356,N/A,2025-08-19 21:14:50
956,1163.700684,N/A,N/A,5.00e-05,3227.99,128.00,232612,N/A,2025-08-19 21:14:50
957,1189.663330,N/A,N/A,5.00e-05,3284.76,128.00,232868,N/A,2025-08-19 21:14:50
958,1424.142578,N/A,N/A,5.00e-05,3174.54,128.00,233124,N/A,2025-08-19 21:14:50
959,1203.488892,N/A,N/A,5.00e-05,3339.37,128.00,233380,N/A,2025-08-19 21:14:50
960,1203.456787,N/A,N/A,5.00e-05,3302.61,128.00,233636,1.0000,2025-08-19 21:14:50
961,1160.076660,N/A,N/A,5.00e-05,3175.21,128.00,233892,N/A,2025-08-19 21:14:50
962,1107.011963,N/A,N/A,5.00e-05,3125.05,128.00,234148,N/A,2025-08-19 21:14:50
963,928.650879,N/A,N/A,5.00e-05,2981.88,128.00,234404,N/A,2025-08-19 21:14:50
964,962.077209,N/A,N/A,5.00e-05,3160.29,95.00,234594,N/A,2025-08-19 21:14:50
965,1187.426514,N/A,N/A,5.00e-05,3122.63,128.00,234850,N/A,2025-08-19 21:14:50
966,1237.604980,N/A,N/A,5.00e-05,3130.30,128.00,235106,N/A,2025-08-19 21:14:51
967,1140.543457,N/A,N/A,5.00e-05,3160.44,128.00,235362,N/A,2025-08-19 21:14:51
968,1284.997070,N/A,N/A,5.00e-05,3146.16,128.00,235618,N/A,2025-08-19 21:14:51
969,883.626099,N/A,N/A,5.00e-05,3104.33,93.00,235804,N/A,2025-08-19 21:14:51
970,1135.815430,N/A,N/A,5.00e-05,3090.62,128.00,236060,1.0000,2025-08-19 21:14:51
971,727.627930,N/A,N/A,5.00e-05,3198.71,128.00,236316,N/A,2025-08-19 21:14:51
972,1163.619141,N/A,N/A,5.00e-05,3206.52,96.00,236508,N/A,2025-08-19 21:14:51
973,1251.969360,N/A,N/A,5.00e-05,3233.64,128.00,236764,N/A,2025-08-19 21:14:51
974,1120.148315,N/A,N/A,5.00e-05,3343.16,128.00,237020,N/A,2025-08-19 21:14:51
975,1319.275024,N/A,N/A,5.00e-05,3270.82,128.00,237276,N/A,2025-08-19 21:14:51
976,1149.443604,N/A,N/A,5.00e-05,3356.03,128.00,237532,N/A,2025-08-19 21:14:51
977,978.593140,N/A,N/A,5.00e-05,3249.39,90.00,237712,N/A,2025-08-19 21:14:51
978,1223.386230,N/A,N/A,5.00e-05,3296.84,128.00,237968,N/A,2025-08-19 21:14:51
979,1458.071533,N/A,N/A,5.00e-05,3434.50,128.00,238224,N/A,2025-08-19 21:14:52
980,1141.109619,N/A,N/A,5.00e-05,3278.28,128.00,238480,1.0000,2025-08-19 21:14:52
981,1278.060669,N/A,N/A,5.00e-05,3358.52,128.00,238736,N/A,2025-08-19 21:14:52
982,1007.317566,N/A,N/A,5.00e-05,3366.76,128.00,238992,N/A,2025-08-19 21:14:52
983,1145.543335,N/A,N/A,5.00e-05,3348.67,128.00,239248,N/A,2025-08-19 21:14:52
984,1174.203125,N/A,N/A,5.00e-05,3347.78,128.00,239504,N/A,2025-08-19 21:14:52
985,1111.105103,N/A,N/A,5.00e-05,3363.50,128.00,239760,N/A,2025-08-19 21:14:52
986,1146.312378,N/A,N/A,5.00e-05,3423.29,112.00,239984,N/A,2025-08-19 21:14:52
987,999.430420,N/A,N/A,5.00e-05,3490.30,128.00,240240,N/A,2025-08-19 21:14:52
988,1182.563721,N/A,N/A,5.00e-05,3720.52,128.00,240496,N/A,2025-08-19 21:14:52
989,1028.408447,N/A,N/A,5.00e-05,3632.87,128.00,240752,N/A,2025-08-19 21:14:52
990,1466.705322,N/A,N/A,5.00e-05,3537.79,128.00,241008,1.0000,2025-08-19 21:14:52
991,890.948364,N/A,N/A,5.00e-05,3510.02,128.00,241264,N/A,2025-08-19 21:14:53
992,1121.562378,N/A,N/A,5.00e-05,3524.55,120.00,241504,N/A,2025-08-19 21:14:53
993,1309.992432,N/A,N/A,5.00e-05,3583.47,128.00,241760,N/A,2025-08-19 21:14:53
994,1163.484375,N/A,N/A,5.00e-05,3586.93,128.00,242016,N/A,2025-08-19 21:14:53
995,1222.080322,N/A,N/A,5.00e-05,3490.83,128.00,242272,N/A,2025-08-19 21:14:53
996,1332.031860,N/A,N/A,5.00e-05,3489.28,128.00,242528,N/A,2025-08-19 21:14:53
997,957.254761,N/A,N/A,5.00e-05,3256.88,84.50,242697,N/A,2025-08-19 21:14:53
998,1031.046875,N/A,N/A,5.00e-05,3399.92,128.00,242953,N/A,2025-08-19 21:14:53
999,1294.783936,N/A,N/A,5.00e-05,3280.94,128.00,243209,N/A,2025-08-19 21:14:53
1000,1292.119507,N/A,N/A,5.00e-05,3172.54,128.00,243465,1.0000,2025-08-19 21:14:53
1001,1463.421021,N/A,N/A,5.00e-05,3004.41,102.50,243670,N/A,2025-08-19 21:14:53
1002,597.716309,N/A,N/A,5.00e-05,2828.98,64.50,243799,N/A,2025-08-19 21:14:54
1003,737.530640,N/A,N/A,5.00e-05,2646.54,74.50,243948,N/A,2025-08-19 21:14:54
1004,796.058289,N/A,N/A,5.00e-05,2548.99,128.00,244204,N/A,2025-08-19 21:14:54
1005,1091.931152,N/A,N/A,5.00e-05,2539.67,128.00,244460,N/A,2025-08-19 21:14:54
1006,1228.893799,N/A,N/A,5.00e-05,2487.00,128.00,244716,N/A,2025-08-19 21:14:54
1007,1314.942383,N/A,N/A,5.00e-05,2498.27,118.00,244952,N/A,2025-08-19 21:14:54
1008,1072.316284,N/A,N/A,5.00e-05,2557.89,128.00,245208,N/A,2025-08-19 21:14:54
1009,1099.930664,N/A,N/A,5.00e-05,2681.45,128.00,245464,N/A,2025-08-19 21:14:54
1010,1240.056885,N/A,N/A,5.00e-05,2687.87,128.00,245720,1.0000,2025-08-19 21:14:54
1011,1161.400024,N/A,N/A,5.00e-05,2793.84,128.00,245976,N/A,2025-08-19 21:14:54
1012,632.610352,N/A,N/A,5.00e-05,2812.13,71.00,246118,N/A,2025-08-19 21:14:54
1013,1188.880615,N/A,N/A,5.00e-05,3119.28,128.00,246374,N/A,2025-08-19 21:14:54
1014,1109.126831,N/A,N/A,5.00e-05,3155.04,128.00,246630,N/A,2025-08-19 21:14:55
1015,1183.594116,N/A,N/A,5.00e-05,3293.66,128.00,246886,N/A,2025-08-19 21:14:55
1016,1167.828369,N/A,N/A,5.00e-05,3347.47,128.00,247142,N/A,2025-08-19 21:14:55
1017,1075.104614,N/A,N/A,5.00e-05,3441.67,128.00,247398,N/A,2025-08-19 21:14:55
1018,1169.432739,N/A,N/A,5.00e-05,3416.44,128.00,247654,N/A,2025-08-19 21:14:55
1019,614.280945,N/A,N/A,5.00e-05,3315.11,64.00,247782,N/A,2025-08-19 21:14:55
1020,1156.877930,N/A,N/A,5.00e-05,3203.72,128.00,248038,1.0000,2025-08-19 21:14:55
1021,1042.072266,N/A,N/A,5.00e-05,3281.56,128.00,248294,N/A,2025-08-19 21:14:55
1022,1414.088135,N/A,N/A,5.00e-05,3377.49,128.00,248550,N/A,2025-08-19 21:14:55
1023,718.119873,N/A,N/A,5.00e-05,3189.49,79.50,248709,N/A,2025-08-19 21:14:55
1024,1220.863403,N/A,N/A,5.00e-05,3194.16,128.00,248965,N/A,2025-08-19 21:14:55
1025,943.198914,N/A,N/A,5.00e-05,3317.21,128.00,249221,N/A,2025-08-19 21:14:55
1026,1240.182373,N/A,N/A,5.00e-05,3293.76,128.00,249477,N/A,2025-08-19 21:14:56
1027,1300.379761,N/A,N/A,5.00e-05,3359.37,128.00,249733,N/A,2025-08-19 21:14:56
1028,933.619568,N/A,N/A,5.00e-05,3285.49,111.00,249955,N/A,2025-08-19 21:14:56
1029,1280.004517,N/A,N/A,5.00e-05,3460.61,128.00,250211,N/A,2025-08-19 21:14:56
1030,1895.073730,N/A,N/A,5.00e-05,3299.73,128.00,250467,1.0000,2025-08-19 21:14:56
1031,1092.803345,N/A,N/A,5.00e-05,3367.74,128.00,250723,N/A,2025-08-19 21:14:56
1032,1077.050293,N/A,N/A,5.00e-05,3390.42,128.00,250979,N/A,2025-08-19 21:14:56
1033,1236.125244,N/A,N/A,5.00e-05,3557.38,128.00,251235,N/A,2025-08-19 21:14:56
1034,475.022888,N/A,N/A,5.00e-05,3462.52,128.00,251491,N/A,2025-08-19 21:14:56
1035,796.046387,N/A,N/A,5.00e-05,3420.46,91.50,251674,N/A,2025-08-19 21:14:56
1036,1252.903809,N/A,N/A,5.00e-05,3349.94,128.00,251930,N/A,2025-08-19 21:14:56
1037,1157.124268,N/A,N/A,5.00e-05,3441.66,128.00,252186,N/A,2025-08-19 21:14:56
1038,833.289246,N/A,N/A,5.00e-05,3564.19,128.00,252442,N/A,2025-08-19 21:14:56
1039,1158.717651,N/A,N/A,5.00e-05,3744.11,128.00,252698,N/A,2025-08-19 21:14:57
1040,911.115967,N/A,N/A,5.00e-05,3460.55,87.00,252872,1.0000,2025-08-19 21:14:57
1041,1210.839844,N/A,N/A,5.00e-05,3564.13,128.00,253128,N/A,2025-08-19 21:14:57
1042,1233.338623,N/A,N/A,5.00e-05,3574.53,128.00,253384,N/A,2025-08-19 21:14:57
1043,1205.670044,N/A,N/A,5.00e-05,3624.24,128.00,253640,N/A,2025-08-19 21:14:57
1044,1120.786133,N/A,N/A,5.00e-05,3541.93,128.00,253896,N/A,2025-08-19 21:14:57
1045,1124.145874,N/A,N/A,5.00e-05,3694.13,128.00,254152,N/A,2025-08-19 21:14:57
1046,1292.640991,N/A,N/A,5.00e-05,3664.07,128.00,254408,N/A,2025-08-19 21:14:57
1047,1163.958740,N/A,N/A,5.00e-05,3658.72,128.00,254664,N/A,2025-08-19 21:14:57
1048,871.740601,N/A,N/A,5.00e-05,3372.34,96.00,254856,N/A,2025-08-19 21:14:57
1049,1207.289551,N/A,N/A,5.00e-05,3442.46,128.00,255112,N/A,2025-08-19 21:14:57
1050,1189.707031,N/A,N/A,5.00e-05,3360.77,128.00,255368,1.0000,2025-08-19 21:14:57
1051,1038.716309,N/A,N/A,5.00e-05,3361.25,128.00,255624,N/A,2025-08-19 21:14:58
1052,1157.098877,N/A,N/A,5.00e-05,3303.95,113.00,255850,N/A,2025-08-19 21:14:58
1053,1280.516968,N/A,N/A,5.00e-05,3288.79,128.00,256106,N/A,2025-08-19 21:14:58
1054,1232.039795,N/A,N/A,5.00e-05,3205.69,128.00,256362,N/A,2025-08-19 21:14:58
1055,983.498291,N/A,N/A,5.00e-05,3225.61,128.00,256618,N/A,2025-08-19 21:14:58
1056,1284.087646,N/A,N/A,5.00e-05,3290.37,128.00,256874,N/A,2025-08-19 21:14:58
1057,1109.281006,N/A,N/A,5.00e-05,3366.89,128.00,257130,N/A,2025-08-19 21:14:58
1058,1403.926270,N/A,N/A,5.00e-05,3535.93,128.00,257386,N/A,2025-08-19 21:14:58
1059,827.724670,N/A,N/A,5.00e-05,3601.55,93.50,257573,N/A,2025-08-19 21:14:58
1060,1060.233398,N/A,N/A,5.00e-05,3474.35,122.00,257817,1.0000,2025-08-19 21:14:58
1061,1332.529297,N/A,N/A,5.00e-05,3442.55,128.00,258073,N/A,2025-08-19 21:14:58
1062,1151.883057,N/A,N/A,5.00e-05,3561.05,128.00,258329,N/A,2025-08-19 21:14:58
1063,916.174194,N/A,N/A,5.00e-05,3537.66,97.50,258524,N/A,2025-08-19 21:14:58
1064,1270.609863,N/A,N/A,5.00e-05,3528.05,128.00,258780,N/A,2025-08-19 21:14:59
1065,1239.401611,N/A,N/A,5.00e-05,3423.94,115.00,259010,N/A,2025-08-19 21:14:59
1066,730.125183,N/A,N/A,5.00e-05,3378.87,84.00,259178,N/A,2025-08-19 21:14:59
1067,1183.195435,N/A,N/A,5.00e-05,3326.20,128.00,259434,N/A,2025-08-19 21:14:59
1068,787.517700,N/A,N/A,5.00e-05,3161.02,80.50,259595,N/A,2025-08-19 21:14:59
1069,579.572510,N/A,N/A,5.00e-05,3126.58,65.50,259726,N/A,2025-08-19 21:14:59
1070,1445.728271,N/A,N/A,5.00e-05,3094.01,128.00,259982,1.0000,2025-08-19 21:14:59
1071,1232.026978,N/A,N/A,5.00e-05,3088.53,128.00,260238,N/A,2025-08-19 21:14:59
1072,1086.520508,N/A,N/A,5.00e-05,3159.90,128.00,260494,N/A,2025-08-19 21:14:59
1073,1127.601562,N/A,N/A,5.00e-05,3104.96,85.00,260664,N/A,2025-08-19 21:14:59
1074,1159.603149,N/A,N/A,5.00e-05,3117.43,128.00,260920,N/A,2025-08-19 21:14:59
1075,1087.188110,N/A,N/A,5.00e-05,3094.37,128.00,261176,N/A,2025-08-19 21:14:59
1076,971.504150,N/A,N/A,5.00e-05,3177.87,99.50,261375,N/A,2025-08-19 21:14:59
1077,1085.534180,N/A,N/A,5.00e-05,3228.16,128.00,261631,N/A,2025-08-19 21:15:00
1078,1012.122070,N/A,N/A,5.00e-05,3319.69,128.00,261887,N/A,2025-08-19 21:15:00
1079,1046.240112,N/A,N/A,5.00e-05,3624.01,128.00,262143,N/A,2025-08-19 21:15:00
1080,699.762207,N/A,N/A,5.00e-05,3278.81,67.50,262278,1.0000,2025-08-19 21:15:00
1081,714.518066,N/A,N/A,5.00e-05,3147.91,94.50,262467,N/A,2025-08-19 21:15:00
1082,1261.035400,N/A,N/A,5.00e-05,3088.53,128.00,262723,N/A,2025-08-19 21:15:00
1083,1583.254883,N/A,N/A,5.00e-05,3242.06,128.00,262979,N/A,2025-08-19 21:15:00
1084,1270.985352,N/A,N/A,5.00e-05,3190.68,128.00,263235,N/A,2025-08-19 21:15:00
1085,1866.173828,N/A,N/A,5.00e-05,3219.73,128.00,263491,N/A,2025-08-19 21:15:00
1086,809.342712,N/A,N/A,5.00e-05,3289.00,128.00,263747,N/A,2025-08-19 21:15:00
1087,1243.683960,N/A,N/A,5.00e-05,3422.06,128.00,264003,N/A,2025-08-19 21:15:00
1088,1292.522461,N/A,N/A,5.00e-05,3322.61,123.00,264249,N/A,2025-08-19 21:15:00
1089,1196.010742,N/A,N/A,5.00e-05,3501.03,128.00,264505,N/A,2025-08-19 21:15:00
1090,1118.539307,N/A,N/A,5.00e-05,3531.42,120.50,264746,1.0000,2025-08-19 21:15:01
1091,1334.717529,N/A,N/A,5.00e-05,3713.60,122.00,264990,N/A,2025-08-19 21:15:01
1092,1888.369629,N/A,N/A,5.00e-05,3516.01,75.00,265140,N/A,2025-08-19 21:15:01
1093,1185.143188,N/A,N/A,5.00e-05,3636.29,128.00,265396,N/A,2025-08-19 21:15:01
1094,1013.033203,N/A,N/A,5.00e-05,3492.87,128.00,265652,N/A,2025-08-19 21:15:01
1095,1183.437256,N/A,N/A,5.00e-05,3470.33,128.00,265908,N/A,2025-08-19 21:15:01
1096,1220.082520,N/A,N/A,5.00e-05,3333.41,128.00,266164,N/A,2025-08-19 21:15:01
1097,1426.058350,N/A,N/A,5.00e-05,3379.36,128.00,266420,N/A,2025-08-19 21:15:01
1098,589.145020,N/A,N/A,5.00e-05,3339.00,128.00,266676,N/A,2025-08-19 21:15:01
1099,812.337830,N/A,N/A,5.00e-05,3288.59,78.50,266833,N/A,2025-08-19 21:15:01
1100,1106.522095,N/A,N/A,5.00e-05,3072.40,128.00,267089,1.0000,2025-08-19 21:15:01
1101,1008.617493,N/A,N/A,5.00e-05,2996.48,128.00,267345,N/A,2025-08-19 21:15:01
1102,1131.332520,N/A,N/A,5.00e-05,3159.82,128.00,267601,N/A,2025-08-19 21:15:02
1103,1195.784668,N/A,N/A,5.00e-05,3196.20,120.00,267841,N/A,2025-08-19 21:15:02
1104,1273.275635,N/A,N/A,5.00e-05,3218.64,128.00,268097,N/A,2025-08-19 21:15:02
1105,580.403320,N/A,N/A,5.00e-05,3253.51,128.00,268353,N/A,2025-08-19 21:15:02
1106,1118.392822,N/A,N/A,5.00e-05,3302.04,128.00,268609,N/A,2025-08-19 21:15:02
1107,1045.785645,N/A,N/A,5.00e-05,3342.96,128.00,268865,N/A,2025-08-19 21:15:02
1108,685.514648,N/A,N/A,5.00e-05,3307.93,128.00,269121,N/A,2025-08-19 21:15:02
1109,1200.315674,N/A,N/A,5.00e-05,3562.28,127.00,269375,N/A,2025-08-19 21:15:02
1110,1025.543213,N/A,N/A,5.00e-05,3591.87,128.00,269631,1.0000,2025-08-19 21:15:02
1111,1258.245728,N/A,N/A,5.00e-05,3524.50,128.00,269887,N/A,2025-08-19 21:15:02
1112,1369.720215,N/A,N/A,5.00e-05,3531.86,128.00,270143,N/A,2025-08-19 21:15:02
1113,1120.271973,N/A,N/A,5.00e-05,3452.33,128.00,270399,N/A,2025-08-19 21:15:02
1114,1374.708740,N/A,N/A,5.00e-05,3494.41,128.00,270655,N/A,2025-08-19 21:15:02
1115,1108.953003,N/A,N/A,5.00e-05,3425.55,128.00,270911,N/A,2025-08-19 21:15:03
1116,1416.491699,N/A,N/A,5.00e-05,3459.01,128.00,271167,N/A,2025-08-19 21:15:03
1117,1179.364624,N/A,N/A,5.00e-05,3517.24,128.00,271423,N/A,2025-08-19 21:15:03
1118,797.100220,N/A,N/A,5.00e-05,3507.79,82.00,271587,N/A,2025-08-19 21:15:03
1119,1319.145020,N/A,N/A,5.00e-05,3485.69,128.00,271843,N/A,2025-08-19 21:15:03
1120,1035.627075,N/A,N/A,5.00e-05,3457.72,128.00,272099,1.0000,2025-08-19 21:15:03
1121,1272.695068,N/A,N/A,5.00e-05,3471.54,128.00,272355,N/A,2025-08-19 21:15:03
1122,1012.936157,N/A,N/A,5.00e-05,3579.86,120.50,272596,N/A,2025-08-19 21:15:03
1123,1202.762085,N/A,N/A,5.00e-05,3545.59,128.00,272852,N/A,2025-08-19 21:15:03
1124,1156.576904,N/A,N/A,5.00e-05,3639.89,128.00,273108,N/A,2025-08-19 21:15:03
1125,1320.672852,N/A,N/A,5.00e-05,3535.46,122.00,273352,N/A,2025-08-19 21:15:03
1126,1207.217285,N/A,N/A,5.00e-05,3445.13,128.00,273608,N/A,2025-08-19 21:15:03
1127,1160.387695,N/A,N/A,5.00e-05,3291.44,128.00,273864,N/A,2025-08-19 21:15:04
1128,1014.382690,N/A,N/A,5.00e-05,3576.77,128.00,274120,N/A,2025-08-19 21:15:04
1129,929.612427,N/A,N/A,5.00e-05,3604.54,128.00,274376,N/A,2025-08-19 21:15:04
1130,1234.294678,N/A,N/A,5.00e-05,3427.30,128.00,274632,1.0000,2025-08-19 21:15:04
1131,1128.544678,N/A,N/A,5.00e-05,3436.21,128.00,274888,N/A,2025-08-19 21:15:04
1132,1252.049805,N/A,N/A,5.00e-05,3385.13,128.00,275144,N/A,2025-08-19 21:15:04
1133,1107.885498,N/A,N/A,5.00e-05,3314.94,128.00,275400,N/A,2025-08-19 21:15:04
1134,1190.270752,N/A,N/A,5.00e-05,3348.33,128.00,275656,N/A,2025-08-19 21:15:04
1135,1174.787842,N/A,N/A,5.00e-05,3459.61,128.00,275912,N/A,2025-08-19 21:15:04
1136,917.788635,N/A,N/A,5.00e-05,3558.68,128.00,276168,N/A,2025-08-19 21:15:04
1137,1011.938538,N/A,N/A,5.00e-05,3547.20,128.00,276424,N/A,2025-08-19 21:15:04
1138,848.775146,N/A,N/A,5.00e-05,3434.47,94.00,276612,N/A,2025-08-19 21:15:04
1139,1182.987061,N/A,N/A,5.00e-05,3659.84,128.00,276868,N/A,2025-08-19 21:15:04
1140,1093.789551,N/A,N/A,5.00e-05,3402.00,128.00,277124,1.0000,2025-08-19 21:15:05
1141,1337.810181,N/A,N/A,5.00e-05,3520.28,128.00,277380,N/A,2025-08-19 21:15:05
1142,1296.831909,N/A,N/A,5.00e-05,3572.20,128.00,277636,N/A,2025-08-19 21:15:05
1143,1180.102539,N/A,N/A,5.00e-05,3625.79,128.00,277892,N/A,2025-08-19 21:15:05
1144,1007.801270,N/A,N/A,5.00e-05,3554.69,128.00,278148,N/A,2025-08-19 21:15:05
1145,1195.627197,N/A,N/A,5.00e-05,3612.95,128.00,278404,N/A,2025-08-19 21:15:05
1146,1272.217163,N/A,N/A,5.00e-05,3519.22,128.00,278660,N/A,2025-08-19 21:15:05
1147,1228.207520,N/A,N/A,5.00e-05,3593.79,128.00,278916,N/A,2025-08-19 21:15:05
1148,1204.151489,N/A,N/A,5.00e-05,3632.98,128.00,279172,N/A,2025-08-19 21:15:05
1149,1210.166992,N/A,N/A,5.00e-05,3892.84,128.00,279428,N/A,2025-08-19 21:15:05
1150,1139.119873,N/A,N/A,5.00e-05,3698.63,128.00,279684,1.0000,2025-08-19 21:15:05
1151,1083.443604,N/A,N/A,5.00e-05,3723.48,128.00,279940,N/A,2025-08-19 21:15:05
1152,1407.946777,N/A,N/A,5.00e-05,3584.79,128.00,280196,N/A,2025-08-19 21:15:05
1153,1354.134766,N/A,N/A,5.00e-05,3601.28,128.00,280452,N/A,2025-08-19 21:15:06
1154,1033.055420,N/A,N/A,5.00e-05,3565.75,128.00,280708,N/A,2025-08-19 21:15:06
1155,931.870361,N/A,N/A,5.00e-05,3611.09,128.00,280964,N/A,2025-08-19 21:15:06
1156,1349.803345,N/A,N/A,5.00e-05,3517.54,128.00,281220,N/A,2025-08-19 21:15:06
1157,1070.653931,N/A,N/A,5.00e-05,3549.31,128.00,281476,N/A,2025-08-19 21:15:06
1158,1184.308838,N/A,N/A,5.00e-05,3482.98,128.00,281732,N/A,2025-08-19 21:15:06
1159,1171.441162,N/A,N/A,5.00e-05,3660.37,128.00,281988,N/A,2025-08-19 21:15:06
1160,1235.695557,N/A,N/A,5.00e-05,3413.51,128.00,282244,1.0000,2025-08-19 21:15:06
1161,1197.131592,N/A,N/A,5.00e-05,3501.50,128.00,282500,N/A,2025-08-19 21:15:06
1162,1263.502441,N/A,N/A,5.00e-05,3461.51,128.00,282756,N/A,2025-08-19 21:15:06
1163,1196.941406,N/A,N/A,5.00e-05,3491.92,128.00,283012,N/A,2025-08-19 21:15:06
1164,922.066711,N/A,N/A,5.00e-05,3422.81,128.00,283268,N/A,2025-08-19 21:15:06
1165,1379.245605,N/A,N/A,5.00e-05,3512.06,128.00,283524,N/A,2025-08-19 21:15:07
1166,1266.922852,N/A,N/A,5.00e-05,3448.91,128.00,283780,N/A,2025-08-19 21:15:07
1167,1141.337646,N/A,N/A,5.00e-05,3481.44,128.00,284036,N/A,2025-08-19 21:15:07
1168,1211.224121,N/A,N/A,5.00e-05,3379.44,128.00,284292,N/A,2025-08-19 21:15:07
1169,1065.155029,N/A,N/A,5.00e-05,3593.91,128.00,284548,N/A,2025-08-19 21:15:07
1170,1080.745728,N/A,N/A,5.00e-05,3428.41,128.00,284804,1.0000,2025-08-19 21:15:07
1171,1133.471924,N/A,N/A,5.00e-05,3347.25,76.00,284956,N/A,2025-08-19 21:15:07
1172,1275.063110,N/A,N/A,5.00e-05,3362.53,128.00,285212,N/A,2025-08-19 21:15:07
1173,1176.638184,N/A,N/A,5.00e-05,3419.90,128.00,285468,N/A,2025-08-19 21:15:07
1174,1144.705688,N/A,N/A,5.00e-05,3207.61,106.50,285681,N/A,2025-08-19 21:15:07
1175,1169.036865,N/A,N/A,5.00e-05,3240.19,128.00,285937,N/A,2025-08-19 21:15:07
1176,1229.145020,N/A,N/A,5.00e-05,3287.91,128.00,286193,N/A,2025-08-19 21:15:07
1177,1026.521240,N/A,N/A,5.00e-05,3405.11,128.00,286449,N/A,2025-08-19 21:15:08
1178,1235.382812,N/A,N/A,5.00e-05,3364.40,128.00,286705,N/A,2025-08-19 21:15:08
1179,943.039001,N/A,N/A,5.00e-05,3468.86,128.00,286961,N/A,2025-08-19 21:15:08
1180,1056.268188,N/A,N/A,5.00e-05,3373.17,112.50,287186,1.0000,2025-08-19 21:15:08
1181,1140.017578,N/A,N/A,5.00e-05,3490.11,128.00,287442,N/A,2025-08-19 21:15:08
1182,1129.574097,N/A,N/A,5.00e-05,3558.14,128.00,287698,N/A,2025-08-19 21:15:08
1183,1016.119751,N/A,N/A,5.00e-05,3648.03,128.00,287954,N/A,2025-08-19 21:15:08
1184,1105.597046,N/A,N/A,5.00e-05,3684.98,128.00,288210,N/A,2025-08-19 21:15:08
1185,1021.221130,N/A,N/A,5.00e-05,3577.63,128.00,288466,N/A,2025-08-19 21:15:08
1186,1074.237671,N/A,N/A,5.00e-05,3524.75,128.00,288722,N/A,2025-08-19 21:15:08
1187,1038.866821,N/A,N/A,5.00e-05,3522.51,128.00,288978,N/A,2025-08-19 21:15:08
1188,1069.645386,N/A,N/A,5.00e-05,3569.33,128.00,289234,N/A,2025-08-19 21:15:08
1189,1157.236816,N/A,N/A,5.00e-05,3583.42,128.00,289490,N/A,2025-08-19 21:15:08
1190,1248.583008,N/A,N/A,5.00e-05,3465.53,118.00,289726,1.0000,2025-08-19 21:15:09
1191,1075.958252,N/A,N/A,5.00e-05,3381.59,128.00,289982,N/A,2025-08-19 21:15:09
1192,1642.337158,N/A,N/A,5.00e-05,3414.76,123.00,290228,N/A,2025-08-19 21:15:09
1193,1082.275146,N/A,N/A,5.00e-05,3383.29,128.00,290484,N/A,2025-08-19 21:15:09
1194,1060.293945,N/A,N/A,5.00e-05,3467.46,128.00,290740,N/A,2025-08-19 21:15:09
1195,1119.023926,N/A,N/A,5.00e-05,3389.23,118.00,290976,N/A,2025-08-19 21:15:09
1196,1302.881836,N/A,N/A,5.00e-05,3413.44,128.00,291232,N/A,2025-08-19 21:15:09
1197,1561.459229,N/A,N/A,5.00e-05,3389.19,128.00,291488,N/A,2025-08-19 21:15:09
1198,1057.609619,N/A,N/A,5.00e-05,3400.52,128.00,291744,N/A,2025-08-19 21:15:09
1199,1243.307861,N/A,N/A,5.00e-05,3475.73,128.00,292000,N/A,2025-08-19 21:15:09
1200,1080.084717,N/A,N/A,5.00e-05,3455.79,128.00,292256,1.0000,2025-08-19 21:15:09
1201,1059.623657,N/A,N/A,5.00e-05,3311.57,128.00,292512,N/A,2025-08-19 21:15:09
1202,706.534851,N/A,N/A,5.00e-05,3238.52,92.00,292696,N/A,2025-08-19 21:15:10
1203,1320.874023,N/A,N/A,5.00e-05,3223.34,128.00,292952,N/A,2025-08-19 21:15:10
1204,1145.899658,N/A,N/A,5.00e-05,3231.78,128.00,293208,N/A,2025-08-19 21:15:10
1205,1223.367920,N/A,N/A,5.00e-05,3249.54,128.00,293464,N/A,2025-08-19 21:15:10
1206,1299.444336,N/A,N/A,5.00e-05,3185.67,128.00,293720,N/A,2025-08-19 21:15:10
1207,1175.326172,N/A,N/A,5.00e-05,3198.94,128.00,293976,N/A,2025-08-19 21:15:10
1208,1188.102783,N/A,N/A,5.00e-05,3292.89,128.00,294232,N/A,2025-08-19 21:15:10
1209,1327.703613,N/A,N/A,5.00e-05,3402.77,128.00,294488,N/A,2025-08-19 21:15:10
1210,1152.133667,N/A,N/A,5.00e-05,3395.57,128.00,294744,1.0000,2025-08-19 21:15:10
1211,831.364868,N/A,N/A,5.00e-05,3274.77,91.00,294926,N/A,2025-08-19 21:15:10
1212,1279.650635,N/A,N/A,5.00e-05,3319.91,128.00,295182,N/A,2025-08-19 21:15:10
1213,1143.477661,N/A,N/A,5.00e-05,3312.64,128.00,295438,N/A,2025-08-19 21:15:10
1214,1226.375610,N/A,N/A,5.00e-05,3283.88,119.50,295677,N/A,2025-08-19 21:15:11
1215,1223.517578,N/A,N/A,5.00e-05,3389.82,128.00,295933,N/A,2025-08-19 21:15:11
1216,1162.740234,N/A,N/A,5.00e-05,3325.25,128.00,296189,N/A,2025-08-19 21:15:11
1217,1246.128174,N/A,N/A,5.00e-05,3264.03,128.00,296445,N/A,2025-08-19 21:15:11
1218,1099.768311,N/A,N/A,5.00e-05,3199.30,128.00,296701,N/A,2025-08-19 21:15:11
1219,1262.764648,N/A,N/A,5.00e-05,3351.04,128.00,296957,N/A,2025-08-19 21:15:11
1220,1138.904907,N/A,N/A,5.00e-05,3249.34,128.00,297213,1.0000,2025-08-19 21:15:11
1221,1322.920654,N/A,N/A,5.00e-05,3305.00,128.00,297469,N/A,2025-08-19 21:15:11
1222,1002.916260,N/A,N/A,5.00e-05,3382.18,128.00,297725,N/A,2025-08-19 21:15:11
1223,1055.270996,N/A,N/A,5.00e-05,3440.78,128.00,297981,N/A,2025-08-19 21:15:11
1224,1133.471069,N/A,N/A,5.00e-05,3413.89,128.00,298237,N/A,2025-08-19 21:15:11
1225,993.359558,N/A,N/A,5.00e-05,3521.16,128.00,298493,N/A,2025-08-19 21:15:11
1226,1180.435791,N/A,N/A,5.00e-05,3489.36,128.00,298749,N/A,2025-08-19 21:15:12
1227,824.552063,N/A,N/A,5.00e-05,3482.40,93.50,298936,N/A,2025-08-19 21:15:12
1228,1003.865479,N/A,N/A,5.00e-05,3477.19,128.00,299192,N/A,2025-08-19 21:15:12
1229,1124.831787,N/A,N/A,5.00e-05,3659.09,128.00,299448,N/A,2025-08-19 21:15:12
1230,1153.996094,N/A,N/A,5.00e-05,3622.84,128.00,299704,1.0000,2025-08-19 21:15:12
1231,614.069702,N/A,N/A,5.00e-05,3455.64,65.00,299834,N/A,2025-08-19 21:15:12
1232,1036.843750,N/A,N/A,5.00e-05,3391.63,128.00,300090,N/A,2025-08-19 21:15:12
1233,991.370483,N/A,N/A,5.00e-05,3226.85,101.50,300293,N/A,2025-08-19 21:15:12
1234,978.394165,N/A,N/A,5.00e-05,3205.42,128.00,300549,N/A,2025-08-19 21:15:12
1235,1214.711426,N/A,N/A,5.00e-05,3131.12,128.00,300805,N/A,2025-08-19 21:15:12
1236,1158.804688,N/A,N/A,5.00e-05,3119.59,128.00,301061,N/A,2025-08-19 21:15:12
1237,1045.060791,N/A,N/A,5.00e-05,3191.67,128.00,301317,N/A,2025-08-19 21:15:12
1238,1073.334229,N/A,N/A,5.00e-05,3178.91,120.00,301557,N/A,2025-08-19 21:15:12
1239,1100.628174,N/A,N/A,5.00e-05,3227.68,128.00,301813,N/A,2025-08-19 21:15:13
1240,1119.664307,N/A,N/A,5.00e-05,2999.22,128.00,302069,1.0000,2025-08-19 21:15:13
1241,1287.812500,N/A,N/A,5.00e-05,3080.13,114.50,302298,N/A,2025-08-19 21:15:13
1242,1266.878418,N/A,N/A,5.00e-05,3121.21,128.00,302554,N/A,2025-08-19 21:15:13
1243,1053.981934,N/A,N/A,5.00e-05,3184.91,128.00,302810,N/A,2025-08-19 21:15:13
1244,1692.941406,N/A,N/A,5.00e-05,3241.53,128.00,303066,N/A,2025-08-19 21:15:13
1245,1282.415527,N/A,N/A,5.00e-05,3253.87,128.00,303322,N/A,2025-08-19 21:15:13
1246,1458.745972,N/A,N/A,5.00e-05,3175.84,128.00,303578,N/A,2025-08-19 21:15:13
1247,964.790100,N/A,N/A,5.00e-05,3125.19,100.50,303779,N/A,2025-08-19 21:15:13
1248,1380.636475,N/A,N/A,5.00e-05,3163.21,128.00,304035,N/A,2025-08-19 21:15:13
1249,1231.679688,N/A,N/A,5.00e-05,3372.80,128.00,304291,N/A,2025-08-19 21:15:13
1250,1146.311890,N/A,N/A,5.00e-05,3262.56,122.00,304535,1.0000,2025-08-19 21:15:14
1251,1234.115479,N/A,N/A,5.00e-05,3401.81,128.00,304791,N/A,2025-08-19 21:15:14
1252,1135.847900,N/A,N/A,5.00e-05,3340.04,116.00,305023,N/A,2025-08-19 21:15:14
1253,1050.278320,N/A,N/A,5.00e-05,3416.95,128.00,305279,N/A,2025-08-19 21:15:14
1254,1164.943848,N/A,N/A,5.00e-05,3415.38,128.00,305535,N/A,2025-08-19 21:15:14
1255,1019.636475,N/A,N/A,5.00e-05,3249.62,101.50,305738,N/A,2025-08-19 21:15:14
1256,1168.783813,N/A,N/A,5.00e-05,3189.82,128.00,305994,N/A,2025-08-19 21:15:14
1257,1087.135132,N/A,N/A,5.00e-05,3211.05,128.00,306250,N/A,2025-08-19 21:15:14
1258,1011.474854,N/A,N/A,5.00e-05,3211.48,128.00,306506,N/A,2025-08-19 21:15:14
1259,1478.090820,N/A,N/A,5.00e-05,3339.45,128.00,306762,N/A,2025-08-19 21:15:14
1260,1068.366943,N/A,N/A,5.00e-05,3231.07,128.00,307018,1.0000,2025-08-19 21:15:14
1261,1121.518311,N/A,N/A,5.00e-05,3280.73,128.00,307274,N/A,2025-08-19 21:15:14
1262,1101.976929,N/A,N/A,5.00e-05,3309.12,128.00,307530,N/A,2025-08-19 21:15:15
1263,1537.132690,N/A,N/A,5.00e-05,3195.48,128.00,307786,N/A,2025-08-19 21:15:15
1264,1059.424316,N/A,N/A,5.00e-05,3384.66,128.00,308042,N/A,2025-08-19 21:15:15
1265,1087.581909,N/A,N/A,5.00e-05,3493.43,128.00,308298,N/A,2025-08-19 21:15:15
1266,1260.473389,N/A,N/A,5.00e-05,3478.50,128.00,308554,N/A,2025-08-19 21:15:15
1267,1108.111572,N/A,N/A,5.00e-05,3462.31,128.00,308810,N/A,2025-08-19 21:15:15
1268,1258.022949,N/A,N/A,5.00e-05,3456.99,128.00,309066,N/A,2025-08-19 21:15:15
1269,1335.869141,N/A,N/A,5.00e-05,3528.39,108.50,309283,N/A,2025-08-19 21:15:15
1270,1201.780029,N/A,N/A,5.00e-05,3329.24,128.00,309539,1.0000,2025-08-19 21:15:15
1271,1065.690308,N/A,N/A,5.00e-05,3277.97,110.50,309760,N/A,2025-08-19 21:15:15
1272,1093.271851,N/A,N/A,5.00e-05,3306.55,108.00,309976,N/A,2025-08-19 21:15:15
1273,1135.866821,N/A,N/A,5.00e-05,3329.39,128.00,310232,N/A,2025-08-19 21:15:15
1274,1240.248291,N/A,N/A,5.00e-05,3333.90,128.00,310488,N/A,2025-08-19 21:15:16
1275,707.934631,N/A,N/A,5.00e-05,3261.76,77.00,310642,N/A,2025-08-19 21:15:16
1276,927.721069,N/A,N/A,5.00e-05,3248.14,128.00,310898,N/A,2025-08-19 21:15:16
1277,1483.241211,N/A,N/A,5.00e-05,3319.69,128.00,311154,N/A,2025-08-19 21:15:16
1278,784.958130,N/A,N/A,5.00e-05,3206.15,128.00,311410,N/A,2025-08-19 21:15:16
1279,1104.786133,N/A,N/A,5.00e-05,3434.85,128.00,311666,N/A,2025-08-19 21:15:16
1280,1148.420288,N/A,N/A,5.00e-05,3240.89,117.50,311901,1.0000,2025-08-19 21:15:16
1281,1062.826660,N/A,N/A,5.00e-05,3323.88,128.00,312157,N/A,2025-08-19 21:15:16
1282,750.368042,N/A,N/A,5.00e-05,3195.10,69.00,312295,N/A,2025-08-19 21:15:16
1283,996.662964,N/A,N/A,5.00e-05,3166.63,128.00,312551,N/A,2025-08-19 21:15:16
1284,1285.770020,N/A,N/A,5.00e-05,3206.08,128.00,312807,N/A,2025-08-19 21:15:16
1285,1209.687256,N/A,N/A,5.00e-05,3372.08,128.00,313063,N/A,2025-08-19 21:15:16
1286,1215.191650,N/A,N/A,5.00e-05,3322.60,128.00,313319,N/A,2025-08-19 21:15:16
1287,912.177368,N/A,N/A,5.00e-05,3445.22,128.00,313575,N/A,2025-08-19 21:15:17
1288,1421.658691,N/A,N/A,5.00e-05,3391.29,119.50,313814,N/A,2025-08-19 21:15:17
1289,1203.652832,N/A,N/A,5.00e-05,3579.14,128.00,314070,N/A,2025-08-19 21:15:17
1290,1243.285889,N/A,N/A,5.00e-05,3370.92,128.00,314326,1.0000,2025-08-19 21:15:17
1291,684.043396,N/A,N/A,5.00e-05,3257.62,128.00,314582,N/A,2025-08-19 21:15:17
1292,1258.950195,N/A,N/A,5.00e-05,3472.80,128.00,314838,N/A,2025-08-19 21:15:17
1293,1098.095703,N/A,N/A,5.00e-05,3401.37,109.00,315056,N/A,2025-08-19 21:15:17
1294,1171.562012,N/A,N/A,5.00e-05,3429.30,128.00,315312,N/A,2025-08-19 21:15:17
1295,1036.063965,N/A,N/A,5.00e-05,3430.55,128.00,315568,N/A,2025-08-19 21:15:17
1296,906.400269,N/A,N/A,5.00e-05,3391.61,128.00,315824,N/A,2025-08-19 21:15:17
1297,1511.538452,N/A,N/A,5.00e-05,3457.58,126.50,316077,N/A,2025-08-19 21:15:17
1298,1123.100342,N/A,N/A,5.00e-05,3407.53,113.50,316304,N/A,2025-08-19 21:15:17
1299,1150.998901,N/A,N/A,5.00e-05,3506.99,128.00,316560,N/A,2025-08-19 21:15:18
1300,1260.238037,N/A,N/A,5.00e-05,3556.42,128.00,316816,1.0000,2025-08-19 21:15:18
1301,947.388428,N/A,N/A,5.00e-05,3420.24,128.00,317072,N/A,2025-08-19 21:15:18
1302,1175.834106,N/A,N/A,5.00e-05,3483.48,128.00,317328,N/A,2025-08-19 21:15:18
1303,1127.846436,N/A,N/A,5.00e-05,3432.65,128.00,317584,N/A,2025-08-19 21:15:18
1304,1139.571777,N/A,N/A,5.00e-05,3482.85,128.00,317840,N/A,2025-08-19 21:15:18
1305,1099.997803,N/A,N/A,5.00e-05,3497.34,128.00,318096,N/A,2025-08-19 21:15:18
1306,1191.272705,N/A,N/A,5.00e-05,3503.88,128.00,318352,N/A,2025-08-19 21:15:18
1307,1124.306396,N/A,N/A,5.00e-05,3466.32,111.50,318575,N/A,2025-08-19 21:15:18
1308,978.877563,N/A,N/A,5.00e-05,3579.16,108.00,318791,N/A,2025-08-19 21:15:18
1309,1199.787720,N/A,N/A,5.00e-05,3609.41,128.00,319047,N/A,2025-08-19 21:15:18
1310,1266.567627,N/A,N/A,5.00e-05,3574.88,128.00,319303,1.0000,2025-08-19 21:15:18
1311,902.138916,N/A,N/A,5.00e-05,3541.71,128.00,319559,N/A,2025-08-19 21:15:18
1312,1078.614014,N/A,N/A,5.00e-05,3648.38,128.00,319815,N/A,2025-08-19 21:15:19
1313,998.793762,N/A,N/A,5.00e-05,3511.92,97.00,320009,N/A,2025-08-19 21:15:19
1314,1134.243286,N/A,N/A,5.00e-05,3525.03,128.00,320265,N/A,2025-08-19 21:15:19
1315,845.874023,N/A,N/A,5.00e-05,3433.35,123.00,320511,N/A,2025-08-19 21:15:19
1316,1253.796875,N/A,N/A,5.00e-05,3473.82,128.00,320767,N/A,2025-08-19 21:15:19
1317,1195.277588,N/A,N/A,5.00e-05,3526.03,128.00,321023,N/A,2025-08-19 21:15:19
1318,1230.125244,N/A,N/A,5.00e-05,3626.20,128.00,321279,N/A,2025-08-19 21:15:19
1319,1215.759644,N/A,N/A,5.00e-05,3842.71,128.00,321535,N/A,2025-08-19 21:15:19
1320,1228.892822,N/A,N/A,5.00e-05,3676.53,128.00,321791,1.0000,2025-08-19 21:15:19
1321,1201.235718,N/A,N/A,5.00e-05,3661.28,128.00,322047,N/A,2025-08-19 21:15:19
1322,1214.565186,N/A,N/A,5.00e-05,3675.64,128.00,322303,N/A,2025-08-19 21:15:19
1323,1458.324463,N/A,N/A,5.00e-05,3806.52,128.00,322559,N/A,2025-08-19 21:15:19
1324,980.528625,N/A,N/A,5.00e-05,3774.80,128.00,322815,N/A,2025-08-19 21:15:19
1325,809.071716,N/A,N/A,5.00e-05,3670.23,85.00,322985,N/A,2025-08-19 21:15:20
1326,986.652100,N/A,N/A,5.00e-05,3570.87,128.00,323241,N/A,2025-08-19 21:15:20
1327,1118.507202,N/A,N/A,5.00e-05,3612.05,128.00,323497,N/A,2025-08-19 21:15:20
1328,641.459839,N/A,N/A,5.00e-05,3423.41,72.00,323641,N/A,2025-08-19 21:15:20
1329,1053.753540,N/A,N/A,5.00e-05,3571.02,128.00,323897,N/A,2025-08-19 21:15:20
1330,1137.207520,N/A,N/A,5.00e-05,3334.32,112.50,324122,1.0000,2025-08-19 21:15:20
1331,697.987366,N/A,N/A,5.00e-05,3220.32,99.50,324321,N/A,2025-08-19 21:15:20
1332,1074.809326,N/A,N/A,5.00e-05,3180.92,128.00,324577,N/A,2025-08-19 21:15:20
1333,1223.013916,N/A,N/A,5.00e-05,3255.78,128.00,324833,N/A,2025-08-19 21:15:20
1334,1072.372803,N/A,N/A,5.00e-05,3178.37,128.00,325089,N/A,2025-08-19 21:15:20
1335,1509.126953,N/A,N/A,5.00e-05,3310.00,126.50,325342,N/A,2025-08-19 21:15:20
1336,1168.418335,N/A,N/A,5.00e-05,3225.06,128.00,325598,N/A,2025-08-19 21:15:20
1337,1010.281616,N/A,N/A,5.00e-05,3214.77,128.00,325854,N/A,2025-08-19 21:15:20
1338,1119.308105,N/A,N/A,5.00e-05,3336.43,128.00,326110,N/A,2025-08-19 21:15:21
1339,961.290466,N/A,N/A,5.00e-05,3388.42,96.00,326302,N/A,2025-08-19 21:15:21
1340,1136.588379,N/A,N/A,5.00e-05,3323.21,114.00,326530,1.0000,2025-08-19 21:15:21
1341,1169.328613,N/A,N/A,5.00e-05,3388.90,128.00,326786,N/A,2025-08-19 21:15:21
1342,907.653259,N/A,N/A,5.00e-05,3202.51,92.50,326971,N/A,2025-08-19 21:15:21
1343,1058.063110,N/A,N/A,5.00e-05,3245.25,128.00,327227,N/A,2025-08-19 21:15:21
1344,1024.643921,N/A,N/A,5.00e-05,3237.32,128.00,327483,N/A,2025-08-19 21:15:21
1345,1024.936401,N/A,N/A,5.00e-05,3309.28,128.00,327739,N/A,2025-08-19 21:15:21
1346,1135.931885,N/A,N/A,5.00e-05,3293.11,128.00,327995,N/A,2025-08-19 21:15:21
1347,1157.245850,N/A,N/A,5.00e-05,3327.34,128.00,328251,N/A,2025-08-19 21:15:21
1348,1258.863892,N/A,N/A,5.00e-05,3298.38,128.00,328507,N/A,2025-08-19 21:15:21
1349,1378.017578,N/A,N/A,5.00e-05,3506.09,128.00,328763,N/A,2025-08-19 21:15:21
1350,1445.133911,N/A,N/A,5.00e-05,3426.70,128.00,329019,1.0000,2025-08-19 21:15:22
1351,1300.812622,N/A,N/A,5.00e-05,3484.76,128.00,329275,N/A,2025-08-19 21:15:22
1352,1329.554932,N/A,N/A,5.00e-05,3586.01,128.00,329531,N/A,2025-08-19 21:15:22
1353,1208.532715,N/A,N/A,5.00e-05,3604.76,128.00,329787,N/A,2025-08-19 21:15:22
1354,1044.260010,N/A,N/A,5.00e-05,3632.62,128.00,330043,N/A,2025-08-19 21:15:22
1355,1068.288574,N/A,N/A,5.00e-05,3558.65,128.00,330299,N/A,2025-08-19 21:15:22
1356,1224.748535,N/A,N/A,5.00e-05,3565.18,127.50,330554,N/A,2025-08-19 21:15:22
1357,1055.371948,N/A,N/A,5.00e-05,3527.95,128.00,330810,N/A,2025-08-19 21:15:22
1358,1155.686768,N/A,N/A,5.00e-05,3553.67,128.00,331066,N/A,2025-08-19 21:15:22
1359,982.204834,N/A,N/A,5.00e-05,3714.42,125.50,331317,N/A,2025-08-19 21:15:22
1360,1213.311768,N/A,N/A,5.00e-05,3555.29,128.00,331573,1.0000,2025-08-19 21:15:22
1361,1070.637939,N/A,N/A,5.00e-05,3552.22,128.00,331829,N/A,2025-08-19 21:15:22
1362,1037.011475,N/A,N/A,5.00e-05,3548.45,100.50,332030,N/A,2025-08-19 21:15:22
1363,1104.690430,N/A,N/A,5.00e-05,3424.43,128.00,332286,N/A,2025-08-19 21:15:23
1364,1325.571777,N/A,N/A,5.00e-05,3535.60,128.00,332542,N/A,2025-08-19 21:15:23
1365,1213.468994,N/A,N/A,5.00e-05,3508.26,128.00,332798,N/A,2025-08-19 21:15:23
1366,1178.716553,N/A,N/A,5.00e-05,3549.21,128.00,333054,N/A,2025-08-19 21:15:23
1367,1146.841064,N/A,N/A,5.00e-05,3484.03,128.00,333310,N/A,2025-08-19 21:15:23
1368,922.854126,N/A,N/A,5.00e-05,3528.56,128.00,333566,N/A,2025-08-19 21:15:23
1369,1307.945557,N/A,N/A,5.00e-05,3676.94,128.00,333822,N/A,2025-08-19 21:15:23
1370,1365.170044,N/A,N/A,5.00e-05,3600.62,128.00,334078,1.0000,2025-08-19 21:15:23
1371,843.967896,N/A,N/A,5.00e-05,3484.13,128.00,334334,N/A,2025-08-19 21:15:23
1372,1171.016602,N/A,N/A,5.00e-05,3620.71,117.00,334568,N/A,2025-08-19 21:15:23
1373,1018.873962,N/A,N/A,5.00e-05,3494.58,104.50,334777,N/A,2025-08-19 21:15:23
1374,972.475952,N/A,N/A,5.00e-05,3425.75,119.00,335015,N/A,2025-08-19 21:15:23
1375,1158.936401,N/A,N/A,5.00e-05,3427.35,128.00,335271,N/A,2025-08-19 21:15:23
1376,1174.254639,N/A,N/A,5.00e-05,3497.54,128.00,335527,N/A,2025-08-19 21:15:24
1377,1181.079956,N/A,N/A,5.00e-05,3399.03,128.00,335783,N/A,2025-08-19 21:15:24
1378,1044.051392,N/A,N/A,5.00e-05,3420.24,128.00,336039,N/A,2025-08-19 21:15:24
1379,1185.078857,N/A,N/A,5.00e-05,3507.80,128.00,336295,N/A,2025-08-19 21:15:24
1380,1244.970337,N/A,N/A,5.00e-05,3533.03,128.00,336551,1.0000,2025-08-19 21:15:24
1381,1180.120361,N/A,N/A,5.00e-05,3555.92,128.00,336807,N/A,2025-08-19 21:15:24
1382,1299.989502,N/A,N/A,5.00e-05,3639.85,128.00,337063,N/A,2025-08-19 21:15:24
1383,1204.453613,N/A,N/A,5.00e-05,3775.92,128.00,337319,N/A,2025-08-19 21:15:24
1384,144.250427,N/A,N/A,5.00e-05,3716.66,73.50,337466,N/A,2025-08-19 21:15:24
1385,1136.670044,N/A,N/A,5.00e-05,3706.25,128.00,337722,N/A,2025-08-19 21:15:24
1386,842.708374,N/A,N/A,5.00e-05,3706.69,99.00,337920,N/A,2025-08-19 21:15:24
1387,1180.592041,N/A,N/A,5.00e-05,3694.49,128.00,338176,N/A,2025-08-19 21:15:24
1388,1247.838623,N/A,N/A,5.00e-05,3619.95,128.00,338432,N/A,2025-08-19 21:15:24
1389,1312.116821,N/A,N/A,5.00e-05,3605.42,128.00,338688,N/A,2025-08-19 21:15:25
1390,632.963867,N/A,N/A,5.00e-05,3286.68,66.50,338821,1.0000,2025-08-19 21:15:25
1391,1049.099365,N/A,N/A,5.00e-05,3210.59,128.00,339077,N/A,2025-08-19 21:15:25
1392,837.393738,N/A,N/A,5.00e-05,3068.17,95.00,339267,N/A,2025-08-19 21:15:25
1393,863.174072,N/A,N/A,5.00e-05,2910.65,92.50,339452,N/A,2025-08-19 21:15:25
1394,1121.864014,N/A,N/A,5.00e-05,2902.47,128.00,339708,N/A,2025-08-19 21:15:25
1395,992.750671,N/A,N/A,5.00e-05,2907.52,128.00,339964,N/A,2025-08-19 21:15:25
1396,1121.786133,N/A,N/A,5.00e-05,2957.13,118.00,340200,N/A,2025-08-19 21:15:25
1397,1609.429810,N/A,N/A,5.00e-05,3000.96,128.00,340456,N/A,2025-08-19 21:15:25
1398,1089.604980,N/A,N/A,5.00e-05,2993.51,128.00,340712,N/A,2025-08-19 21:15:25
1399,1270.581299,N/A,N/A,5.00e-05,3107.58,128.00,340968,N/A,2025-08-19 21:15:25
1400,1011.061157,N/A,N/A,5.00e-05,3156.07,128.00,341224,1.0000,2025-08-19 21:15:25
1401,1444.094727,N/A,N/A,5.00e-05,3139.73,128.00,341480,N/A,2025-08-19 21:15:26
1402,869.416199,N/A,N/A,5.00e-05,3163.76,97.50,341675,N/A,2025-08-19 21:15:26
1403,1065.609863,N/A,N/A,5.00e-05,3408.67,128.00,341931,N/A,2025-08-19 21:15:26
1404,1227.258789,N/A,N/A,5.00e-05,3373.57,128.00,342187,N/A,2025-08-19 21:15:26
1405,1047.157227,N/A,N/A,5.00e-05,3431.34,128.00,342443,N/A,2025-08-19 21:15:26
1406,964.795654,N/A,N/A,5.00e-05,3359.82,128.00,342699,N/A,2025-08-19 21:15:26
1407,1256.802490,N/A,N/A,5.00e-05,3444.18,114.50,342928,N/A,2025-08-19 21:15:26
1408,1272.497070,N/A,N/A,5.00e-05,3408.58,128.00,343184,N/A,2025-08-19 21:15:26
1409,1339.170654,N/A,N/A,5.00e-05,3640.39,128.00,343440,N/A,2025-08-19 21:15:26
1410,1075.838623,N/A,N/A,5.00e-05,3531.93,125.00,343690,1.0000,2025-08-19 21:15:26
1411,1100.083740,N/A,N/A,5.00e-05,3596.93,128.00,343946,N/A,2025-08-19 21:15:26
1412,960.926086,N/A,N/A,5.00e-05,3553.75,100.00,344146,N/A,2025-08-19 21:15:26
1413,783.763428,N/A,N/A,5.00e-05,3420.25,78.00,344302,N/A,2025-08-19 21:15:26
1414,1074.113525,N/A,N/A,5.00e-05,3388.92,128.00,344558,N/A,2025-08-19 21:15:27
1415,1082.766235,N/A,N/A,5.00e-05,3518.89,128.00,344814,N/A,2025-08-19 21:15:27
1416,1820.524414,N/A,N/A,5.00e-05,3351.97,92.00,344998,N/A,2025-08-19 21:15:27
1417,1131.340332,N/A,N/A,5.00e-05,3376.33,109.00,345216,N/A,2025-08-19 21:15:27
1418,1131.378906,N/A,N/A,5.00e-05,3336.27,128.00,345472,N/A,2025-08-19 21:15:27
1419,1124.902588,N/A,N/A,5.00e-05,3387.80,128.00,345728,N/A,2025-08-19 21:15:27
1420,1057.737061,N/A,N/A,5.00e-05,3211.87,114.00,345956,1.0000,2025-08-19 21:15:27
1421,1071.608887,N/A,N/A,5.00e-05,3158.66,128.00,346212,N/A,2025-08-19 21:15:27
1422,865.511047,N/A,N/A,5.00e-05,3190.96,128.00,346468,N/A,2025-08-19 21:15:27
1423,1029.808472,N/A,N/A,5.00e-05,3230.35,99.50,346667,N/A,2025-08-19 21:15:27
1424,1034.933838,N/A,N/A,5.00e-05,3158.79,128.00,346923,N/A,2025-08-19 21:15:27
1425,840.142883,N/A,N/A,5.00e-05,3024.51,84.00,347091,N/A,2025-08-19 21:15:27
1426,1065.231934,N/A,N/A,5.00e-05,3134.68,128.00,347347,N/A,2025-08-19 21:15:28
1427,1113.816650,N/A,N/A,5.00e-05,3136.72,128.00,347603,N/A,2025-08-19 21:15:28
1428,1342.559814,N/A,N/A,5.00e-05,3273.91,128.00,347859,N/A,2025-08-19 21:15:28
1429,1074.822266,N/A,N/A,5.00e-05,3348.08,128.00,348115,N/A,2025-08-19 21:15:28
1430,1117.610596,N/A,N/A,5.00e-05,3323.59,128.00,348371,1.0000,2025-08-19 21:15:28
1431,1146.711548,N/A,N/A,5.00e-05,3278.73,128.00,348627,N/A,2025-08-19 21:15:28
1432,698.660767,N/A,N/A,5.00e-05,3130.99,69.50,348766,N/A,2025-08-19 21:15:28
1433,1279.349121,N/A,N/A,5.00e-05,3298.11,128.00,349022,N/A,2025-08-19 21:15:28
1434,1219.347900,N/A,N/A,5.00e-05,3266.91,128.00,349278,N/A,2025-08-19 21:15:28
1435,1397.205566,N/A,N/A,5.00e-05,3351.57,128.00,349534,N/A,2025-08-19 21:15:28
1436,761.860168,N/A,N/A,5.00e-05,3303.96,89.00,349712,N/A,2025-08-19 21:15:28
1437,1145.543213,N/A,N/A,5.00e-05,3306.93,128.00,349968,N/A,2025-08-19 21:15:28
1438,1058.782837,N/A,N/A,5.00e-05,3258.94,128.00,350224,N/A,2025-08-19 21:15:28
1439,1087.131104,N/A,N/A,5.00e-05,3454.41,128.00,350480,N/A,2025-08-19 21:15:29
1440,1050.927246,N/A,N/A,5.00e-05,3269.92,117.00,350714,1.0000,2025-08-19 21:15:29
1441,650.096313,N/A,N/A,5.00e-05,3157.78,81.50,350877,N/A,2025-08-19 21:15:29
1442,1471.762695,N/A,N/A,5.00e-05,3131.16,128.00,351133,N/A,2025-08-19 21:15:29
1443,1208.468994,N/A,N/A,5.00e-05,3146.62,120.00,351373,N/A,2025-08-19 21:15:29
1444,1072.908203,N/A,N/A,5.00e-05,3160.73,128.00,351629,N/A,2025-08-19 21:15:29
1445,1053.152344,N/A,N/A,5.00e-05,3107.35,128.00,351885,N/A,2025-08-19 21:15:29
1446,1340.233032,N/A,N/A,5.00e-05,3167.45,128.00,352141,N/A,2025-08-19 21:15:29
1447,1102.703125,N/A,N/A,5.00e-05,3194.80,113.50,352368,N/A,2025-08-19 21:15:29
1448,788.042419,N/A,N/A,5.00e-05,3047.73,73.00,352514,N/A,2025-08-19 21:15:29
1449,1173.220825,N/A,N/A,5.00e-05,3246.03,128.00,352770,N/A,2025-08-19 21:15:29
1450,1153.217529,N/A,N/A,5.00e-05,3125.95,126.00,353022,1.0000,2025-08-19 21:15:29
1451,1174.927002,N/A,N/A,5.00e-05,3364.33,128.00,353278,N/A,2025-08-19 21:15:30
1452,1222.086670,N/A,N/A,5.00e-05,3423.73,128.00,353534,N/A,2025-08-19 21:15:30
1453,1143.538330,N/A,N/A,5.00e-05,3397.43,128.00,353790,N/A,2025-08-19 21:15:30
1454,1212.789307,N/A,N/A,5.00e-05,3491.09,128.00,354046,N/A,2025-08-19 21:15:30
1455,1320.973511,N/A,N/A,5.00e-05,3473.94,128.00,354302,N/A,2025-08-19 21:15:30
1456,1244.644531,N/A,N/A,5.00e-05,3536.85,128.00,354558,N/A,2025-08-19 21:15:30
1457,1384.136475,N/A,N/A,5.00e-05,3565.81,128.00,354814,N/A,2025-08-19 21:15:30
1458,814.763306,N/A,N/A,5.00e-05,3688.99,97.50,355009,N/A,2025-08-19 21:15:30
1459,1002.307617,N/A,N/A,5.00e-05,3806.97,124.50,355258,N/A,2025-08-19 21:15:30
1460,933.611938,N/A,N/A,5.00e-05,3651.69,85.50,355429,1.0000,2025-08-19 21:15:30
1461,732.732849,N/A,N/A,5.00e-05,3447.09,91.50,355612,N/A,2025-08-19 21:15:30
1462,1110.837891,N/A,N/A,5.00e-05,3464.49,110.50,355833,N/A,2025-08-19 21:15:30
1463,884.709290,N/A,N/A,5.00e-05,3392.66,128.00,356089,N/A,2025-08-19 21:15:30
1464,974.555542,N/A,N/A,5.00e-05,3340.18,100.00,356289,N/A,2025-08-19 21:15:31
1465,1092.296997,N/A,N/A,5.00e-05,3285.28,128.00,356545,N/A,2025-08-19 21:15:31
1466,1132.135742,N/A,N/A,5.00e-05,3315.63,128.00,356801,N/A,2025-08-19 21:15:31
1467,1182.862183,N/A,N/A,5.00e-05,3295.53,128.00,357057,N/A,2025-08-19 21:15:31
1468,1504.967773,N/A,N/A,5.00e-05,3347.45,116.50,357290,N/A,2025-08-19 21:15:31
1469,1204.711060,N/A,N/A,5.00e-05,3430.06,128.00,357546,N/A,2025-08-19 21:15:31
1470,1336.708496,N/A,N/A,5.00e-05,3493.90,128.00,357802,1.0000,2025-08-19 21:15:31
1471,723.773071,N/A,N/A,5.00e-05,3412.64,71.00,357944,N/A,2025-08-19 21:15:31
1472,1161.181763,N/A,N/A,5.00e-05,3400.58,128.00,358200,N/A,2025-08-19 21:15:31
1473,887.199585,N/A,N/A,5.00e-05,3420.56,128.00,358456,N/A,2025-08-19 21:15:31
1474,1097.265625,N/A,N/A,5.00e-05,3524.13,128.00,358712,N/A,2025-08-19 21:15:31
1475,1336.484863,N/A,N/A,5.00e-05,3513.70,128.00,358968,N/A,2025-08-19 21:15:31
1476,1368.722656,N/A,N/A,5.00e-05,3524.74,128.00,359224,N/A,2025-08-19 21:15:31
1477,754.792664,N/A,N/A,5.00e-05,3494.61,80.50,359385,N/A,2025-08-19 21:15:31
1478,845.683533,N/A,N/A,5.00e-05,3472.39,128.00,359641,N/A,2025-08-19 21:15:32
1479,1215.748047,N/A,N/A,5.00e-05,3619.88,128.00,359897,N/A,2025-08-19 21:15:32
1480,1117.725342,N/A,N/A,5.00e-05,3428.74,128.00,360153,1.0000,2025-08-19 21:15:32
1481,999.513489,N/A,N/A,5.00e-05,3673.83,128.00,360409,N/A,2025-08-19 21:15:32
1482,1101.140137,N/A,N/A,5.00e-05,3688.48,128.00,360665,N/A,2025-08-19 21:15:32
1483,920.413940,N/A,N/A,5.00e-05,3601.79,98.00,360861,N/A,2025-08-19 21:15:32
1484,1228.366455,N/A,N/A,5.00e-05,3643.45,128.00,361117,N/A,2025-08-19 21:15:32
1485,1201.833496,N/A,N/A,5.00e-05,3582.84,128.00,361373,N/A,2025-08-19 21:15:32
1486,1201.878418,N/A,N/A,5.00e-05,3588.34,128.00,361629,N/A,2025-08-19 21:15:32
1487,1308.589355,N/A,N/A,5.00e-05,3784.22,104.50,361838,N/A,2025-08-19 21:15:32
1488,912.336670,N/A,N/A,5.00e-05,3831.82,127.50,362093,N/A,2025-08-19 21:15:32
1489,1129.268311,N/A,N/A,5.00e-05,4084.11,128.00,362349,N/A,2025-08-19 21:15:32
1490,1187.317505,N/A,N/A,5.00e-05,4024.62,127.50,362604,1.0000,2025-08-19 21:15:32
1491,1281.129395,N/A,N/A,5.00e-05,3949.41,128.00,362860,N/A,2025-08-19 21:15:33
1492,1623.508911,N/A,N/A,5.00e-05,3845.86,128.00,363116,N/A,2025-08-19 21:15:33
1493,1155.254639,N/A,N/A,5.00e-05,3903.53,128.00,363372,N/A,2025-08-19 21:15:33
1494,1136.412354,N/A,N/A,5.00e-05,3926.93,128.00,363628,N/A,2025-08-19 21:15:33
1495,1093.433838,N/A,N/A,5.00e-05,3920.06,128.00,363884,N/A,2025-08-19 21:15:33
1496,1234.803711,N/A,N/A,5.00e-05,3860.88,125.00,364134,N/A,2025-08-19 21:15:33
1497,1259.339844,N/A,N/A,5.00e-05,3863.02,124.00,364382,N/A,2025-08-19 21:15:33
1498,1433.420288,N/A,N/A,5.00e-05,3918.82,128.00,364638,N/A,2025-08-19 21:15:33
1499,1227.340820,N/A,N/A,5.00e-05,4064.19,128.00,364894,N/A,2025-08-19 21:15:33
1500,1066.885132,N/A,N/A,5.00e-05,3974.96,128.00,365150,1.0000,2025-08-19 21:15:33
1501,1235.155396,N/A,N/A,5.00e-05,4016.56,128.00,365406,N/A,2025-08-19 21:15:33
1502,1377.491699,N/A,N/A,5.00e-05,4011.06,128.00,365662,N/A,2025-08-19 21:15:33
1503,995.774780,N/A,N/A,5.00e-05,4083.62,128.00,365918,N/A,2025-08-19 21:15:33
1504,699.951660,N/A,N/A,5.00e-05,3924.88,90.00,366098,N/A,2025-08-19 21:15:33
1505,1113.212891,N/A,N/A,5.00e-05,3905.02,128.00,366354,N/A,2025-08-19 21:15:33
1506,1281.895996,N/A,N/A,5.00e-05,3950.91,128.00,366610,N/A,2025-08-19 21:15:34
1507,694.673096,N/A,N/A,5.00e-05,3813.20,128.00,366866,N/A,2025-08-19 21:15:34
1508,1171.775635,N/A,N/A,5.00e-05,3872.52,128.00,367122,N/A,2025-08-19 21:15:34
1509,1026.536743,N/A,N/A,5.00e-05,3980.97,128.00,367378,N/A,2025-08-19 21:15:34
1510,1146.965454,N/A,N/A,5.00e-05,4001.45,128.00,367634,1.0000,2025-08-19 21:15:34
1511,1132.325439,N/A,N/A,5.00e-05,4003.34,128.00,367890,N/A,2025-08-19 21:15:34
1512,1515.798462,N/A,N/A,5.00e-05,3990.17,128.00,368146,N/A,2025-08-19 21:15:34
1513,1055.307251,N/A,N/A,5.00e-05,3868.57,128.00,368402,N/A,2025-08-19 21:15:34
1514,1085.553955,N/A,N/A,5.00e-05,4075.75,128.00,368658,N/A,2025-08-19 21:15:34
1515,1539.093872,N/A,N/A,5.00e-05,4002.84,128.00,368914,N/A,2025-08-19 21:15:34
1516,1200.146362,N/A,N/A,5.00e-05,4063.81,128.00,369170,N/A,2025-08-19 21:15:34
1517,1223.249023,N/A,N/A,5.00e-05,3844.95,128.00,369426,N/A,2025-08-19 21:15:34
1518,1087.495239,N/A,N/A,5.00e-05,3820.44,128.00,369682,N/A,2025-08-19 21:15:34
1519,983.005615,N/A,N/A,5.00e-05,3846.97,128.00,369938,N/A,2025-08-19 21:15:35
1520,1091.171631,N/A,N/A,5.00e-05,3717.73,128.00,370194,1.0000,2025-08-19 21:15:35
1521,1279.839355,N/A,N/A,5.00e-05,3664.80,128.00,370450,N/A,2025-08-19 21:15:35
1522,851.818970,N/A,N/A,5.00e-05,3664.34,84.00,370618,N/A,2025-08-19 21:15:35
1523,1281.408936,N/A,N/A,5.00e-05,3573.26,128.00,370874,N/A,2025-08-19 21:15:35
1524,1129.065430,N/A,N/A,5.00e-05,3518.18,128.00,371130,N/A,2025-08-19 21:15:35
1525,634.559143,N/A,N/A,5.00e-05,3342.27,73.00,371276,N/A,2025-08-19 21:15:35
1526,459.536102,N/A,N/A,5.00e-05,3284.04,79.00,371434,N/A,2025-08-19 21:15:35
1527,1218.035522,N/A,N/A,5.00e-05,3250.37,114.50,371663,N/A,2025-08-19 21:15:35
1528,1306.513428,N/A,N/A,5.00e-05,3175.37,128.00,371919,N/A,2025-08-19 21:15:35
1529,908.595093,N/A,N/A,5.00e-05,3224.63,128.00,372175,N/A,2025-08-19 21:15:35
1530,958.742920,N/A,N/A,5.00e-05,3118.65,128.00,372431,1.0000,2025-08-19 21:15:35
1531,1167.117188,N/A,N/A,5.00e-05,3096.58,128.00,372687,N/A,2025-08-19 21:15:35
1532,1107.277832,N/A,N/A,5.00e-05,3215.47,128.00,372943,N/A,2025-08-19 21:15:36
1533,566.960938,N/A,N/A,5.00e-05,3130.24,69.00,373081,N/A,2025-08-19 21:15:36
1534,1101.995850,N/A,N/A,5.00e-05,3111.59,128.00,373337,N/A,2025-08-19 21:15:36
1535,874.856079,N/A,N/A,5.00e-05,3286.44,128.00,373593,N/A,2025-08-19 21:15:36
1536,125.528244,N/A,N/A,5.00e-05,3330.79,75.00,373743,N/A,2025-08-19 21:15:36
1537,1207.363159,N/A,N/A,5.00e-05,3384.70,128.00,373999,N/A,2025-08-19 21:15:36
1538,1226.857788,N/A,N/A,5.00e-05,3403.95,128.00,374255,N/A,2025-08-19 21:15:36
1539,705.012024,N/A,N/A,5.00e-05,3453.63,96.50,374448,N/A,2025-08-19 21:15:36
1540,881.726868,N/A,N/A,5.00e-05,3226.05,128.00,374704,1.0000,2025-08-19 21:15:36
1541,1570.748779,N/A,N/A,5.00e-05,3271.62,128.00,374960,N/A,2025-08-19 21:15:36
1542,858.852356,N/A,N/A,5.00e-05,3135.52,99.00,375158,N/A,2025-08-19 21:15:36
1543,1159.111206,N/A,N/A,5.00e-05,3182.64,128.00,375414,N/A,2025-08-19 21:15:36
1544,1206.320068,N/A,N/A,5.00e-05,3128.77,128.00,375670,N/A,2025-08-19 21:15:36
1545,1101.436035,N/A,N/A,5.00e-05,3055.98,128.00,375926,N/A,2025-08-19 21:15:37
1546,1264.585693,N/A,N/A,5.00e-05,3153.42,128.00,376182,N/A,2025-08-19 21:15:37
1547,1053.506958,N/A,N/A,5.00e-05,3155.34,128.00,376438,N/A,2025-08-19 21:15:37
1548,1194.130371,N/A,N/A,5.00e-05,3167.90,128.00,376694,N/A,2025-08-19 21:15:37
1549,1074.549316,N/A,N/A,5.00e-05,3429.21,128.00,376950,N/A,2025-08-19 21:15:37
1550,1224.389893,N/A,N/A,5.00e-05,3390.57,128.00,377206,1.0000,2025-08-19 21:15:37
1551,1229.679321,N/A,N/A,5.00e-05,3410.80,128.00,377462,N/A,2025-08-19 21:15:37
1552,1256.037231,N/A,N/A,5.00e-05,3509.15,128.00,377718,N/A,2025-08-19 21:15:37
1553,1164.849976,N/A,N/A,5.00e-05,3576.42,128.00,377974,N/A,2025-08-19 21:15:37
1554,1195.461060,N/A,N/A,5.00e-05,3559.53,128.00,378230,N/A,2025-08-19 21:15:37
1555,1165.379395,N/A,N/A,5.00e-05,3688.35,128.00,378486,N/A,2025-08-19 21:15:37
1556,655.447693,N/A,N/A,5.00e-05,3484.43,67.50,378621,N/A,2025-08-19 21:15:37
1557,1215.090820,N/A,N/A,5.00e-05,3427.98,128.00,378877,N/A,2025-08-19 21:15:38
1558,1076.555176,N/A,N/A,5.00e-05,3347.01,128.00,379133,N/A,2025-08-19 21:15:38
1559,1236.249634,N/A,N/A,5.00e-05,3431.33,128.00,379389,N/A,2025-08-19 21:15:38
1560,1142.532593,N/A,N/A,5.00e-05,3415.23,128.00,379645,1.0000,2025-08-19 21:15:38
1561,1331.199463,N/A,N/A,5.00e-05,3612.18,128.00,379901,N/A,2025-08-19 21:15:38
1562,948.313721,N/A,N/A,5.00e-05,3626.54,128.00,380157,N/A,2025-08-19 21:15:38
1563,1049.871826,N/A,N/A,5.00e-05,3768.49,128.00,380413,N/A,2025-08-19 21:15:38
1564,1254.565552,N/A,N/A,5.00e-05,3728.46,128.00,380669,N/A,2025-08-19 21:15:38
1565,1222.179688,N/A,N/A,5.00e-05,3849.73,128.00,380925,N/A,2025-08-19 21:15:38
1566,1332.685181,N/A,N/A,5.00e-05,4064.38,128.00,381181,N/A,2025-08-19 21:15:38
1567,1078.244507,N/A,N/A,5.00e-05,4180.62,108.00,381397,N/A,2025-08-19 21:15:38
1568,1379.883179,N/A,N/A,5.00e-05,4173.26,128.00,381653,N/A,2025-08-19 21:15:38
1569,829.448853,N/A,N/A,5.00e-05,3974.67,87.00,381827,N/A,2025-08-19 21:15:38
1570,1344.331543,N/A,N/A,5.00e-05,3821.56,128.00,382083,1.0000,2025-08-19 21:15:38
1571,1067.784668,N/A,N/A,5.00e-05,3691.67,121.00,382325,N/A,2025-08-19 21:15:39
1572,1165.783691,N/A,N/A,5.00e-05,3677.33,128.00,382581,N/A,2025-08-19 21:15:39
1573,1163.800537,N/A,N/A,5.00e-05,3763.18,124.00,382829,N/A,2025-08-19 21:15:39
1574,1084.850220,N/A,N/A,5.00e-05,3623.33,120.50,383070,N/A,2025-08-19 21:15:39
1575,1159.753662,N/A,N/A,5.00e-05,3710.71,128.00,383326,N/A,2025-08-19 21:15:39
1576,1124.854004,N/A,N/A,5.00e-05,3680.95,128.00,383582,N/A,2025-08-19 21:15:39
1577,970.200256,N/A,N/A,5.00e-05,3666.30,106.50,383795,N/A,2025-08-19 21:15:39
1578,1249.312012,N/A,N/A,5.00e-05,3590.37,128.00,384051,N/A,2025-08-19 21:15:39
1579,686.618042,N/A,N/A,5.00e-05,3910.57,128.00,384307,N/A,2025-08-19 21:15:39
1580,1332.532837,N/A,N/A,5.00e-05,3925.97,128.00,384563,1.0000,2025-08-19 21:15:39
1581,736.687256,N/A,N/A,5.00e-05,3873.68,98.50,384760,N/A,2025-08-19 21:15:39
1582,1223.659790,N/A,N/A,5.00e-05,3744.10,128.00,385016,N/A,2025-08-19 21:15:39
1583,1231.963135,N/A,N/A,5.00e-05,3895.89,128.00,385272,N/A,2025-08-19 21:15:39
1584,1154.914673,N/A,N/A,5.00e-05,3888.93,128.00,385528,N/A,2025-08-19 21:15:39
1585,1265.433594,N/A,N/A,5.00e-05,3958.87,128.00,385784,N/A,2025-08-19 21:15:39
1586,1155.348267,N/A,N/A,5.00e-05,3786.61,128.00,386040,N/A,2025-08-19 21:15:40
1587,1012.460449,N/A,N/A,5.00e-05,4104.51,128.00,386296,N/A,2025-08-19 21:15:40
1588,1084.533936,N/A,N/A,5.00e-05,3936.08,128.00,386552,N/A,2025-08-19 21:15:40
1589,1115.770020,N/A,N/A,5.00e-05,4057.38,128.00,386808,N/A,2025-08-19 21:15:40
1590,1145.091797,N/A,N/A,5.00e-05,3846.97,128.00,387064,1.0000,2025-08-19 21:15:40
1591,1067.695435,N/A,N/A,5.00e-05,4065.89,128.00,387320,N/A,2025-08-19 21:15:40
1592,1169.809082,N/A,N/A,5.00e-05,3852.08,128.00,387576,N/A,2025-08-19 21:15:40
1593,1144.309326,N/A,N/A,5.00e-05,3811.73,128.00,387832,N/A,2025-08-19 21:15:40
1594,979.129333,N/A,N/A,5.00e-05,3728.84,128.00,388088,N/A,2025-08-19 21:15:40
1595,1209.549561,N/A,N/A,5.00e-05,3860.62,128.00,388344,N/A,2025-08-19 21:15:40
1596,698.981995,N/A,N/A,5.00e-05,3701.34,91.00,388526,N/A,2025-08-19 21:15:40
1597,1102.813965,N/A,N/A,5.00e-05,3743.51,128.00,388782,N/A,2025-08-19 21:15:40
1598,1199.996826,N/A,N/A,5.00e-05,3593.26,128.00,389038,N/A,2025-08-19 21:15:40
1599,1251.069458,N/A,N/A,5.00e-05,3598.39,112.50,389263,N/A,2025-08-19 21:15:41
1600,998.508423,N/A,N/A,5.00e-05,3537.72,128.00,389519,1.0000,2025-08-19 21:15:41
1601,1183.720703,N/A,N/A,5.00e-05,3559.01,128.00,389775,N/A,2025-08-19 21:15:41
1602,863.292847,N/A,N/A,5.00e-05,3355.38,92.00,389959,N/A,2025-08-19 21:15:41
1603,1041.324585,N/A,N/A,5.00e-05,3412.83,128.00,390215,N/A,2025-08-19 21:15:41
1604,1037.677002,N/A,N/A,5.00e-05,3447.53,128.00,390471,N/A,2025-08-19 21:15:41
1605,1345.181885,N/A,N/A,5.00e-05,3377.23,128.00,390727,N/A,2025-08-19 21:15:41
1606,1558.698608,N/A,N/A,5.00e-05,3393.54,128.00,390983,N/A,2025-08-19 21:15:41
1607,1272.944824,N/A,N/A,5.00e-05,3485.38,128.00,391239,N/A,2025-08-19 21:15:41
1608,912.623657,N/A,N/A,5.00e-05,3531.68,128.00,391495,N/A,2025-08-19 21:15:41
1609,899.419434,N/A,N/A,5.00e-05,3559.67,128.00,391751,N/A,2025-08-19 21:15:41
1610,1178.308594,N/A,N/A,5.00e-05,3596.54,128.00,392007,1.0000,2025-08-19 21:15:41
1611,1123.212646,N/A,N/A,5.00e-05,3790.69,128.00,392263,N/A,2025-08-19 21:15:41
1612,1429.883911,N/A,N/A,5.00e-05,3733.12,128.00,392519,N/A,2025-08-19 21:15:42
1613,1139.468872,N/A,N/A,5.00e-05,3675.52,128.00,392775,N/A,2025-08-19 21:15:42
1614,656.058472,N/A,N/A,5.00e-05,3643.23,65.50,392906,N/A,2025-08-19 21:15:42
1615,616.977722,N/A,N/A,5.00e-05,3608.19,73.50,393053,N/A,2025-08-19 21:15:42
1616,1515.973633,N/A,N/A,5.00e-05,3672.94,128.00,393309,N/A,2025-08-19 21:15:42
1617,1149.655151,N/A,N/A,5.00e-05,3783.99,128.00,393565,N/A,2025-08-19 21:15:42
1618,1241.329590,N/A,N/A,5.00e-05,3801.38,128.00,393821,N/A,2025-08-19 21:15:42
1619,1169.162354,N/A,N/A,5.00e-05,3902.11,128.00,394077,N/A,2025-08-19 21:15:42
1620,1067.050537,N/A,N/A,5.00e-05,3658.91,128.00,394333,1.0000,2025-08-19 21:15:42
1621,1087.025146,N/A,N/A,5.00e-05,3687.66,99.50,394532,N/A,2025-08-19 21:15:42
1622,1301.265625,N/A,N/A,5.00e-05,3724.92,128.00,394788,N/A,2025-08-19 21:15:42
1623,1100.894287,N/A,N/A,5.00e-05,3654.00,128.00,395044,N/A,2025-08-19 21:15:42
1624,1262.668823,N/A,N/A,5.00e-05,3854.18,128.00,395300,N/A,2025-08-19 21:15:42
1625,1247.120483,N/A,N/A,5.00e-05,3850.49,128.00,395556,N/A,2025-08-19 21:15:42
1626,708.863708,N/A,N/A,5.00e-05,3534.14,77.50,395711,N/A,2025-08-19 21:15:43
1627,680.124817,N/A,N/A,5.00e-05,3350.20,66.00,395843,N/A,2025-08-19 21:15:43
1628,1162.773926,N/A,N/A,5.00e-05,3187.98,128.00,396099,N/A,2025-08-19 21:15:43
1629,1061.185547,N/A,N/A,5.00e-05,3268.31,108.00,396315,N/A,2025-08-19 21:15:43
1630,1112.678223,N/A,N/A,5.00e-05,3238.00,126.50,396568,1.0000,2025-08-19 21:15:43
1631,1278.116699,N/A,N/A,5.00e-05,3314.33,128.00,396824,N/A,2025-08-19 21:15:43
1632,1046.346436,N/A,N/A,5.00e-05,3266.74,128.00,397080,N/A,2025-08-19 21:15:43
1633,848.267761,N/A,N/A,5.00e-05,3231.36,128.00,397336,N/A,2025-08-19 21:15:43
1634,519.718384,N/A,N/A,5.00e-05,3351.02,128.00,397592,N/A,2025-08-19 21:15:43
1635,1311.857422,N/A,N/A,5.00e-05,3411.04,128.00,397848,N/A,2025-08-19 21:15:43
1636,1198.440430,N/A,N/A,5.00e-05,3483.71,128.00,398104,N/A,2025-08-19 21:15:43
1637,1018.098206,N/A,N/A,5.00e-05,3719.87,128.00,398360,N/A,2025-08-19 21:15:43
1638,1314.207520,N/A,N/A,5.00e-05,3602.85,128.00,398616,N/A,2025-08-19 21:15:43
1639,1204.944702,N/A,N/A,5.00e-05,3581.51,128.00,398872,N/A,2025-08-19 21:15:44
1640,1171.663696,N/A,N/A,5.00e-05,3498.79,128.00,399128,1.0000,2025-08-19 21:15:44
1641,1279.322388,N/A,N/A,5.00e-05,3434.21,128.00,399384,N/A,2025-08-19 21:15:44
1642,1019.172729,N/A,N/A,5.00e-05,3441.73,128.00,399640,N/A,2025-08-19 21:15:44
1643,961.196777,N/A,N/A,5.00e-05,3430.61,128.00,399896,N/A,2025-08-19 21:15:44
1644,1340.876709,N/A,N/A,5.00e-05,3494.02,128.00,400152,N/A,2025-08-19 21:15:44
1645,2106.635742,N/A,N/A,5.00e-05,3601.81,128.00,400408,N/A,2025-08-19 21:15:44
1646,1110.095825,N/A,N/A,5.00e-05,3753.82,128.00,400664,N/A,2025-08-19 21:15:44
1647,1145.962891,N/A,N/A,5.00e-05,3944.73,128.00,400920,N/A,2025-08-19 21:15:44
1648,1168.211426,N/A,N/A,5.00e-05,4090.45,128.00,401176,N/A,2025-08-19 21:15:44
1649,1345.560791,N/A,N/A,5.00e-05,4250.27,128.00,401432,N/A,2025-08-19 21:15:44
1650,1143.186035,N/A,N/A,5.00e-05,4296.08,128.00,401688,1.0000,2025-08-19 21:15:44
1651,1150.233154,N/A,N/A,5.00e-05,4263.00,128.00,401944,N/A,2025-08-19 21:15:44
1652,1429.440063,N/A,N/A,5.00e-05,4164.15,128.00,402200,N/A,2025-08-19 21:15:45
1653,1206.052490,N/A,N/A,5.00e-05,4130.05,128.00,402456,N/A,2025-08-19 21:15:45
1654,1295.822510,N/A,N/A,5.00e-05,4118.95,128.00,402712,N/A,2025-08-19 21:15:45
1655,1185.925781,N/A,N/A,5.00e-05,4109.71,128.00,402968,N/A,2025-08-19 21:15:45
1656,1075.820557,N/A,N/A,5.00e-05,4025.19,128.00,403224,N/A,2025-08-19 21:15:45
1657,800.928772,N/A,N/A,5.00e-05,3819.47,65.00,403354,N/A,2025-08-19 21:15:45
1658,929.320007,N/A,N/A,5.00e-05,3785.15,128.00,403610,N/A,2025-08-19 21:15:45
1659,1168.870361,N/A,N/A,5.00e-05,3972.69,128.00,403866,N/A,2025-08-19 21:15:45
1660,638.400024,N/A,N/A,5.00e-05,3730.82,66.00,403998,1.0000,2025-08-19 21:15:45
1661,934.961548,N/A,N/A,5.00e-05,3881.70,128.00,404254,N/A,2025-08-19 21:15:45
1662,1279.994873,N/A,N/A,5.00e-05,3890.00,128.00,404510,N/A,2025-08-19 21:15:45
1663,929.799011,N/A,N/A,5.00e-05,3974.82,128.00,404766,N/A,2025-08-19 21:15:45
1664,1106.431885,N/A,N/A,5.00e-05,3887.81,128.00,405022,N/A,2025-08-19 21:15:45
1665,1294.608643,N/A,N/A,5.00e-05,3935.37,128.00,405278,N/A,2025-08-19 21:15:45
1666,1117.627075,N/A,N/A,5.00e-05,4023.97,128.00,405534,N/A,2025-08-19 21:15:45
1667,1204.997314,N/A,N/A,5.00e-05,4166.01,128.00,405790,N/A,2025-08-19 21:15:45
1668,1140.142944,N/A,N/A,5.00e-05,4060.52,128.00,406046,N/A,2025-08-19 21:15:46
1669,1224.937134,N/A,N/A,5.00e-05,4183.85,128.00,406302,N/A,2025-08-19 21:15:46
1670,1056.140503,N/A,N/A,5.00e-05,4112.14,128.00,406558,1.0000,2025-08-19 21:15:46
1671,992.758423,N/A,N/A,5.00e-05,4100.21,128.00,406814,N/A,2025-08-19 21:15:46
1672,1165.293457,N/A,N/A,5.00e-05,3974.88,128.00,407070,N/A,2025-08-19 21:15:46
1673,1127.002930,N/A,N/A,5.00e-05,4028.55,128.00,407326,N/A,2025-08-19 21:15:46
1674,870.405762,N/A,N/A,5.00e-05,3984.70,128.00,407582,N/A,2025-08-19 21:15:46
1675,867.604431,N/A,N/A,5.00e-05,3912.11,107.50,407797,N/A,2025-08-19 21:15:46
1676,1164.889648,N/A,N/A,5.00e-05,3973.23,128.00,408053,N/A,2025-08-19 21:15:46
1677,1117.774292,N/A,N/A,5.00e-05,3959.26,109.00,408271,N/A,2025-08-19 21:15:46
1678,1198.068726,N/A,N/A,5.00e-05,3903.82,128.00,408527,N/A,2025-08-19 21:15:46
1679,1194.976318,N/A,N/A,5.00e-05,4151.93,128.00,408783,N/A,2025-08-19 21:15:46
1680,1042.094116,N/A,N/A,5.00e-05,4061.99,128.00,409039,1.0000,2025-08-19 21:15:46
1681,1190.426270,N/A,N/A,5.00e-05,4191.96,128.00,409295,N/A,2025-08-19 21:15:46
1682,944.624512,N/A,N/A,5.00e-05,4083.76,128.00,409551,N/A,2025-08-19 21:15:47
1683,717.814941,N/A,N/A,5.00e-05,4125.33,128.00,409807,N/A,2025-08-19 21:15:47
1684,1241.358643,N/A,N/A,5.00e-05,3985.05,128.00,410063,N/A,2025-08-19 21:15:47
1685,1163.785400,N/A,N/A,5.00e-05,4090.29,128.00,410319,N/A,2025-08-19 21:15:47
1686,1009.804504,N/A,N/A,5.00e-05,3806.13,95.50,410510,N/A,2025-08-19 21:15:47
1687,1106.934570,N/A,N/A,5.00e-05,3890.59,101.50,410713,N/A,2025-08-19 21:15:47
1688,860.591003,N/A,N/A,5.00e-05,3780.35,104.00,410921,N/A,2025-08-19 21:15:47
1689,1331.623291,N/A,N/A,5.00e-05,3906.98,128.00,411177,N/A,2025-08-19 21:15:47
1690,1120.929077,N/A,N/A,5.00e-05,3654.48,128.00,411433,1.0000,2025-08-19 21:15:47
1691,993.826904,N/A,N/A,5.00e-05,3562.35,128.00,411689,N/A,2025-08-19 21:15:47
1692,1042.167847,N/A,N/A,5.00e-05,3524.38,128.00,411945,N/A,2025-08-19 21:15:47
1693,647.135010,N/A,N/A,5.00e-05,3407.61,74.00,412093,N/A,2025-08-19 21:15:47
1694,679.687195,N/A,N/A,5.00e-05,3200.37,70.00,412233,N/A,2025-08-19 21:15:47
1695,1112.132812,N/A,N/A,5.00e-05,3300.11,128.00,412489,N/A,2025-08-19 21:15:47
1696,1191.466431,N/A,N/A,5.00e-05,3409.78,128.00,412745,N/A,2025-08-19 21:15:48
1697,627.009521,N/A,N/A,5.00e-05,3356.80,83.50,412912,N/A,2025-08-19 21:15:48
1698,1309.825928,N/A,N/A,5.00e-05,3405.47,128.00,413168,N/A,2025-08-19 21:15:48
1699,1062.375732,N/A,N/A,5.00e-05,3555.93,128.00,413424,N/A,2025-08-19 21:15:48
1700,1163.922119,N/A,N/A,5.00e-05,3688.23,128.00,413680,1.0000,2025-08-19 21:15:48
1701,1156.688965,N/A,N/A,5.00e-05,3563.03,128.00,413936,N/A,2025-08-19 21:15:48
1702,1147.415771,N/A,N/A,5.00e-05,3615.73,128.00,414192,N/A,2025-08-19 21:15:48
1703,839.201538,N/A,N/A,5.00e-05,3871.84,128.00,414448,N/A,2025-08-19 21:15:48
1704,1049.765381,N/A,N/A,5.00e-05,4033.63,111.00,414670,N/A,2025-08-19 21:15:48
1705,1301.939209,N/A,N/A,5.00e-05,4042.70,128.00,414926,N/A,2025-08-19 21:15:48
1706,1285.036377,N/A,N/A,5.00e-05,4013.85,128.00,415182,N/A,2025-08-19 21:15:48
1707,1137.944946,N/A,N/A,5.00e-05,4144.43,128.00,415438,N/A,2025-08-19 21:15:48
1708,784.286926,N/A,N/A,5.00e-05,3976.68,71.00,415580,N/A,2025-08-19 21:15:48
1709,1094.992920,N/A,N/A,5.00e-05,4033.92,128.00,415836,N/A,2025-08-19 21:15:48
1710,1045.408813,N/A,N/A,5.00e-05,4090.08,128.00,416092,1.0000,2025-08-19 21:15:49
1711,1138.651611,N/A,N/A,5.00e-05,4100.09,128.00,416348,N/A,2025-08-19 21:15:49
1712,1133.227173,N/A,N/A,5.00e-05,4058.73,128.00,416604,N/A,2025-08-19 21:15:49
1713,1213.082031,N/A,N/A,5.00e-05,4053.29,128.00,416860,N/A,2025-08-19 21:15:49
1714,1231.032104,N/A,N/A,5.00e-05,4029.43,128.00,417116,N/A,2025-08-19 21:15:49
1715,1064.580811,N/A,N/A,5.00e-05,3933.82,128.00,417372,N/A,2025-08-19 21:15:49
1716,1147.610352,N/A,N/A,5.00e-05,3935.51,128.00,417628,N/A,2025-08-19 21:15:49
1717,1093.212524,N/A,N/A,5.00e-05,3931.27,128.00,417884,N/A,2025-08-19 21:15:49
1718,1121.686890,N/A,N/A,5.00e-05,3966.07,113.00,418110,N/A,2025-08-19 21:15:49
1719,671.031738,N/A,N/A,5.00e-05,3866.80,82.50,418275,N/A,2025-08-19 21:15:49
1720,1291.712158,N/A,N/A,5.00e-05,3689.24,128.00,418531,1.0000,2025-08-19 21:15:49
1721,1110.006836,N/A,N/A,5.00e-05,3713.81,128.00,418787,N/A,2025-08-19 21:15:49
1722,798.218140,N/A,N/A,5.00e-05,3626.45,85.00,418957,N/A,2025-08-19 21:15:49
1723,1054.671997,N/A,N/A,5.00e-05,3585.20,128.00,419213,N/A,2025-08-19 21:15:49
1724,985.909119,N/A,N/A,5.00e-05,3690.96,128.00,419469,N/A,2025-08-19 21:15:49
1725,854.256226,N/A,N/A,5.00e-05,3602.08,87.50,419644,N/A,2025-08-19 21:15:50
1726,1199.802490,N/A,N/A,5.00e-05,3505.82,128.00,419900,N/A,2025-08-19 21:15:50
1727,1331.873291,N/A,N/A,5.00e-05,3630.11,128.00,420156,N/A,2025-08-19 21:15:50
1728,1631.565918,N/A,N/A,5.00e-05,3782.11,128.00,420412,N/A,2025-08-19 21:15:50
1729,1124.671631,N/A,N/A,5.00e-05,4014.55,128.00,420668,N/A,2025-08-19 21:15:50
1730,950.232544,N/A,N/A,5.00e-05,3746.47,128.00,420924,1.0000,2025-08-19 21:15:50
1731,1146.283447,N/A,N/A,5.00e-05,3757.16,128.00,421180,N/A,2025-08-19 21:15:50
1732,1059.247314,N/A,N/A,5.00e-05,3968.08,128.00,421436,N/A,2025-08-19 21:15:50
1733,1192.758545,N/A,N/A,5.00e-05,3955.62,128.00,421692,N/A,2025-08-19 21:15:50
1734,1121.290283,N/A,N/A,5.00e-05,3875.06,128.00,421948,N/A,2025-08-19 21:15:50
1735,1020.844727,N/A,N/A,5.00e-05,4057.89,128.00,422204,N/A,2025-08-19 21:15:50
1736,1066.087402,N/A,N/A,5.00e-05,3970.68,128.00,422460,N/A,2025-08-19 21:15:50
1737,1478.493164,N/A,N/A,5.00e-05,3978.43,128.00,422716,N/A,2025-08-19 21:15:50
1738,842.782654,N/A,N/A,5.00e-05,4027.79,128.00,422972,N/A,2025-08-19 21:15:50
1739,1088.096436,N/A,N/A,5.00e-05,4308.97,128.00,423228,N/A,2025-08-19 21:15:51
1740,1180.274048,N/A,N/A,5.00e-05,4084.70,128.00,423484,1.0000,2025-08-19 21:15:51
1741,1176.428955,N/A,N/A,5.00e-05,4046.86,107.50,423699,N/A,2025-08-19 21:15:51
1742,1158.499634,N/A,N/A,5.00e-05,4045.17,128.00,423955,N/A,2025-08-19 21:15:51
1743,2267.390625,N/A,N/A,5.00e-05,3927.48,65.00,424085,N/A,2025-08-19 21:15:51
1744,1240.957397,N/A,N/A,5.00e-05,4054.28,128.00,424341,N/A,2025-08-19 21:15:51
1745,1065.733398,N/A,N/A,5.00e-05,3999.65,113.50,424568,N/A,2025-08-19 21:15:51
1746,1142.696045,N/A,N/A,5.00e-05,3877.09,128.00,424824,N/A,2025-08-19 21:15:51
1747,1151.620117,N/A,N/A,5.00e-05,3876.08,128.00,425080,N/A,2025-08-19 21:15:51
1748,1157.437866,N/A,N/A,5.00e-05,3873.38,128.00,425336,N/A,2025-08-19 21:15:51
1749,1321.138306,N/A,N/A,5.00e-05,4057.64,128.00,425592,N/A,2025-08-19 21:15:51
1750,1015.148682,N/A,N/A,5.00e-05,3908.09,128.00,425848,1.0000,2025-08-19 21:15:51
1751,1187.251465,N/A,N/A,5.00e-05,3968.43,128.00,426104,N/A,2025-08-19 21:15:51
1752,797.574463,N/A,N/A,5.00e-05,3913.51,128.00,426360,N/A,2025-08-19 21:15:51
1753,1184.616211,N/A,N/A,5.00e-05,4055.94,128.00,426616,N/A,2025-08-19 21:15:51
1754,1095.622192,N/A,N/A,5.00e-05,4179.34,128.00,426872,N/A,2025-08-19 21:15:52
1755,1231.583740,N/A,N/A,5.00e-05,4299.16,128.00,427128,N/A,2025-08-19 21:15:52
1756,1125.719971,N/A,N/A,5.00e-05,4376.00,128.00,427384,N/A,2025-08-19 21:15:52
1757,795.015259,N/A,N/A,5.00e-05,4319.26,112.50,427609,N/A,2025-08-19 21:15:52
1758,1212.380127,N/A,N/A,5.00e-05,4246.70,128.00,427865,N/A,2025-08-19 21:15:52
1759,1598.136597,N/A,N/A,5.00e-05,4228.94,128.00,428121,N/A,2025-08-19 21:15:52
1760,1142.754883,N/A,N/A,5.00e-05,4097.06,128.00,428377,1.0000,2025-08-19 21:15:52
1761,574.903442,N/A,N/A,5.00e-05,3935.89,74.50,428526,N/A,2025-08-19 21:15:52
1762,1322.270020,N/A,N/A,5.00e-05,3867.10,128.00,428782,N/A,2025-08-19 21:15:52
1763,1034.040771,N/A,N/A,5.00e-05,3608.54,105.00,428992,N/A,2025-08-19 21:15:52
1764,1694.736328,N/A,N/A,5.00e-05,3498.86,97.50,429187,N/A,2025-08-19 21:15:52
1765,1153.872559,N/A,N/A,5.00e-05,3460.23,128.00,429443,N/A,2025-08-19 21:15:52
1766,1138.610107,N/A,N/A,5.00e-05,3400.99,128.00,429699,N/A,2025-08-19 21:15:52
1767,1041.291504,N/A,N/A,5.00e-05,3486.49,128.00,429955,N/A,2025-08-19 21:15:52
1768,774.325500,N/A,N/A,5.00e-05,3639.48,128.00,430211,N/A,2025-08-19 21:15:53
1769,1148.868896,N/A,N/A,5.00e-05,3712.84,128.00,430467,N/A,2025-08-19 21:15:53
1770,956.167542,N/A,N/A,5.00e-05,3502.53,104.50,430676,1.0000,2025-08-19 21:15:53
1771,1036.675049,N/A,N/A,5.00e-05,3675.55,106.50,430889,N/A,2025-08-19 21:15:53
1772,991.320496,N/A,N/A,5.00e-05,3716.05,128.00,431145,N/A,2025-08-19 21:15:53
1773,945.219727,N/A,N/A,5.00e-05,3721.38,128.00,431401,N/A,2025-08-19 21:15:53
1774,617.732178,N/A,N/A,5.00e-05,3819.31,128.00,431657,N/A,2025-08-19 21:15:53
1775,1154.466797,N/A,N/A,5.00e-05,3801.03,128.00,431913,N/A,2025-08-19 21:15:53
1776,1038.636963,N/A,N/A,5.00e-05,3808.67,128.00,432169,N/A,2025-08-19 21:15:53
1777,1259.916138,N/A,N/A,5.00e-05,3758.19,128.00,432425,N/A,2025-08-19 21:15:53
1778,1056.764648,N/A,N/A,5.00e-05,3671.68,128.00,432681,N/A,2025-08-19 21:15:53
1779,1135.791260,N/A,N/A,5.00e-05,3785.29,128.00,432937,N/A,2025-08-19 21:15:53
1780,554.294373,N/A,N/A,5.00e-05,3421.28,69.00,433075,1.0000,2025-08-19 21:15:53
1781,1105.742920,N/A,N/A,5.00e-05,3552.43,128.00,433331,N/A,2025-08-19 21:15:54
1782,1462.246460,N/A,N/A,5.00e-05,3578.26,121.50,433574,N/A,2025-08-19 21:15:54
1783,826.122437,N/A,N/A,5.00e-05,3474.34,94.00,433762,N/A,2025-08-19 21:15:54
1784,919.085327,N/A,N/A,5.00e-05,3555.72,128.00,434018,N/A,2025-08-19 21:15:54
1785,1137.299316,N/A,N/A,5.00e-05,3478.51,128.00,434274,N/A,2025-08-19 21:15:54
1786,1281.049683,N/A,N/A,5.00e-05,3441.39,128.00,434530,N/A,2025-08-19 21:15:54
1787,1726.125732,N/A,N/A,5.00e-05,3563.96,128.00,434786,N/A,2025-08-19 21:15:54
1788,1036.788330,N/A,N/A,5.00e-05,3565.22,128.00,435042,N/A,2025-08-19 21:15:54
1789,1301.907471,N/A,N/A,5.00e-05,3798.02,128.00,435298,N/A,2025-08-19 21:15:54
1790,1193.669067,N/A,N/A,5.00e-05,3866.15,128.00,435554,1.0000,2025-08-19 21:15:54
1791,1015.505066,N/A,N/A,5.00e-05,3885.44,128.00,435810,N/A,2025-08-19 21:15:54
1792,938.722656,N/A,N/A,5.00e-05,3874.34,128.00,436066,N/A,2025-08-19 21:15:54
1793,1124.494141,N/A,N/A,5.00e-05,3924.93,128.00,436322,N/A,2025-08-19 21:15:54
1794,1208.041504,N/A,N/A,5.00e-05,4061.15,128.00,436578,N/A,2025-08-19 21:15:54
1795,1080.827026,N/A,N/A,5.00e-05,4003.08,128.00,436834,N/A,2025-08-19 21:15:55
1796,1181.706787,N/A,N/A,5.00e-05,4002.66,128.00,437090,N/A,2025-08-19 21:15:55
1797,1024.916748,N/A,N/A,5.00e-05,4065.36,125.50,437341,N/A,2025-08-19 21:15:55
1798,1069.668457,N/A,N/A,5.00e-05,3942.62,128.00,437597,N/A,2025-08-19 21:15:55
1799,1115.421143,N/A,N/A,5.00e-05,4063.69,128.00,437853,N/A,2025-08-19 21:15:55
1800,1028.287842,N/A,N/A,5.00e-05,3977.32,128.00,438109,1.0000,2025-08-19 21:15:55
1801,666.728882,N/A,N/A,5.00e-05,3775.30,69.00,438247,N/A,2025-08-19 21:15:55
1802,1133.200073,N/A,N/A,5.00e-05,3710.04,115.00,438477,N/A,2025-08-19 21:15:55
1803,1121.228516,N/A,N/A,5.00e-05,3685.20,128.00,438733,N/A,2025-08-19 21:15:55
1804,930.940430,N/A,N/A,5.00e-05,3607.97,90.00,438913,N/A,2025-08-19 21:15:55
1805,1178.957764,N/A,N/A,5.00e-05,3497.72,128.00,439169,N/A,2025-08-19 21:15:55
1806,1115.250488,N/A,N/A,5.00e-05,3454.23,128.00,439425,N/A,2025-08-19 21:15:55
1807,1024.808594,N/A,N/A,5.00e-05,3598.68,128.00,439681,N/A,2025-08-19 21:15:55
1808,975.351685,N/A,N/A,5.00e-05,3550.47,128.00,439937,N/A,2025-08-19 21:15:55
1809,867.662170,N/A,N/A,5.00e-05,3539.93,81.50,440100,N/A,2025-08-19 21:15:56
1810,1117.690308,N/A,N/A,5.00e-05,3501.52,128.00,440356,1.0000,2025-08-19 21:15:56
1811,1185.072754,N/A,N/A,5.00e-05,3723.91,128.00,440612,N/A,2025-08-19 21:15:56
1812,551.105530,N/A,N/A,5.00e-05,3661.77,128.00,440868,N/A,2025-08-19 21:15:56
1813,996.560852,N/A,N/A,5.00e-05,3665.52,104.00,441076,N/A,2025-08-19 21:15:56
1814,2464.823730,N/A,N/A,5.00e-05,3632.75,128.00,441332,N/A,2025-08-19 21:15:56
1815,981.342529,N/A,N/A,5.00e-05,3695.12,128.00,441588,N/A,2025-08-19 21:15:56
1816,1085.594727,N/A,N/A,5.00e-05,3623.00,128.00,441844,N/A,2025-08-19 21:15:56
1817,1335.822632,N/A,N/A,5.00e-05,3632.17,128.00,442100,N/A,2025-08-19 21:15:56
1818,1025.451538,N/A,N/A,5.00e-05,3639.90,128.00,442356,N/A,2025-08-19 21:15:56
1819,1225.527100,N/A,N/A,5.00e-05,3913.94,128.00,442612,N/A,2025-08-19 21:15:56
1820,1297.161011,N/A,N/A,5.00e-05,3770.84,128.00,442868,1.0000,2025-08-19 21:15:56
1821,575.947144,N/A,N/A,5.00e-05,3642.07,69.50,443007,N/A,2025-08-19 21:15:56
1822,1166.734619,N/A,N/A,5.00e-05,3608.88,128.00,443263,N/A,2025-08-19 21:15:56
1823,1111.444214,N/A,N/A,5.00e-05,4002.09,128.00,443519,N/A,2025-08-19 21:15:57
1824,1120.750244,N/A,N/A,5.00e-05,3963.82,128.00,443775,N/A,2025-08-19 21:15:57
1825,1108.527832,N/A,N/A,5.00e-05,4136.00,128.00,444031,N/A,2025-08-19 21:15:57
1826,1278.967651,N/A,N/A,5.00e-05,4223.56,128.00,444287,N/A,2025-08-19 21:15:57
1827,1221.844604,N/A,N/A,5.00e-05,4188.07,119.50,444526,N/A,2025-08-19 21:15:57
1828,1173.329102,N/A,N/A,5.00e-05,4196.93,128.00,444782,N/A,2025-08-19 21:15:57
1829,1157.150757,N/A,N/A,5.00e-05,4335.25,128.00,445038,N/A,2025-08-19 21:15:57
1830,1133.367432,N/A,N/A,5.00e-05,4225.32,128.00,445294,1.0000,2025-08-19 21:15:57
1831,983.260620,N/A,N/A,5.00e-05,4462.36,128.00,445550,N/A,2025-08-19 21:15:57
1832,1534.697266,N/A,N/A,5.00e-05,4139.21,100.00,445750,N/A,2025-08-19 21:15:57
1833,1097.133545,N/A,N/A,5.00e-05,4161.76,128.00,446006,N/A,2025-08-19 21:15:57
1834,990.029785,N/A,N/A,5.00e-05,4055.95,128.00,446262,N/A,2025-08-19 21:15:57
1835,1331.082520,N/A,N/A,5.00e-05,4065.06,128.00,446518,N/A,2025-08-19 21:15:57
1836,1140.745483,N/A,N/A,5.00e-05,3955.86,128.00,446774,N/A,2025-08-19 21:15:57
1837,1199.464478,N/A,N/A,5.00e-05,3752.67,128.00,447030,N/A,2025-08-19 21:15:57
1838,1316.071045,N/A,N/A,5.00e-05,3783.94,128.00,447286,N/A,2025-08-19 21:15:58
1839,1127.931885,N/A,N/A,5.00e-05,3821.02,128.00,447542,N/A,2025-08-19 21:15:58
1840,1403.738525,N/A,N/A,5.00e-05,3500.05,128.00,447798,1.0000,2025-08-19 21:15:58
1841,1156.400635,N/A,N/A,5.00e-05,3608.78,128.00,448054,N/A,2025-08-19 21:15:58
1842,1117.533203,N/A,N/A,5.00e-05,3663.36,128.00,448310,N/A,2025-08-19 21:15:58
1843,1144.879395,N/A,N/A,5.00e-05,3665.87,128.00,448566,N/A,2025-08-19 21:15:58
1844,819.573608,N/A,N/A,5.00e-05,3638.00,128.00,448822,N/A,2025-08-19 21:15:58
1845,782.159546,N/A,N/A,5.00e-05,3552.57,87.50,448997,N/A,2025-08-19 21:15:58
1846,613.672913,N/A,N/A,5.00e-05,3564.05,65.00,449127,N/A,2025-08-19 21:15:58
1847,703.168945,N/A,N/A,5.00e-05,3402.05,77.50,449282,N/A,2025-08-19 21:15:58
1848,1206.229736,N/A,N/A,5.00e-05,3474.94,128.00,449538,N/A,2025-08-19 21:15:58
1849,1108.819214,N/A,N/A,5.00e-05,3776.25,128.00,449794,N/A,2025-08-19 21:15:58
1850,1024.762085,N/A,N/A,5.00e-05,3653.91,102.00,449998,1.0000,2025-08-19 21:15:58
1851,1223.653931,N/A,N/A,5.00e-05,3561.58,128.00,450254,N/A,2025-08-19 21:15:58
1852,1029.653564,N/A,N/A,5.00e-05,3618.05,128.00,450510,N/A,2025-08-19 21:15:59
1853,1129.014160,N/A,N/A,5.00e-05,3610.83,128.00,450766,N/A,2025-08-19 21:15:59
1854,1300.044678,N/A,N/A,5.00e-05,3483.07,128.00,451022,N/A,2025-08-19 21:15:59
1855,614.393250,N/A,N/A,5.00e-05,3393.05,69.00,451160,N/A,2025-08-19 21:15:59
1856,1060.060913,N/A,N/A,5.00e-05,3639.06,128.00,451416,N/A,2025-08-19 21:15:59
1857,1136.927246,N/A,N/A,5.00e-05,3732.75,128.00,451672,N/A,2025-08-19 21:15:59
1858,1072.977661,N/A,N/A,5.00e-05,3654.18,128.00,451928,N/A,2025-08-19 21:15:59
1859,751.902649,N/A,N/A,5.00e-05,3522.29,96.50,452121,N/A,2025-08-19 21:15:59
1860,1014.185547,N/A,N/A,5.00e-05,3518.61,128.00,452377,1.0000,2025-08-19 21:15:59
1861,1228.764404,N/A,N/A,5.00e-05,3512.36,128.00,452633,N/A,2025-08-19 21:15:59
1862,770.321350,N/A,N/A,5.00e-05,3229.10,88.50,452810,N/A,2025-08-19 21:15:59
1863,1183.192139,N/A,N/A,5.00e-05,3374.43,128.00,453066,N/A,2025-08-19 21:15:59
1864,1084.119995,N/A,N/A,5.00e-05,3357.66,128.00,453322,N/A,2025-08-19 21:15:59
1865,1709.393677,N/A,N/A,5.00e-05,3541.61,128.00,453578,N/A,2025-08-19 21:16:00
1866,1106.946045,N/A,N/A,5.00e-05,3541.62,128.00,453834,N/A,2025-08-19 21:16:00
1867,1164.008545,N/A,N/A,5.00e-05,3571.30,128.00,454090,N/A,2025-08-19 21:16:00
1868,1129.964722,N/A,N/A,5.00e-05,3591.68,128.00,454346,N/A,2025-08-19 21:16:00
1869,1198.106567,N/A,N/A,5.00e-05,3809.42,128.00,454602,N/A,2025-08-19 21:16:00
1870,1197.066895,N/A,N/A,5.00e-05,3613.06,128.00,454858,1.0000,2025-08-19 21:16:00
1871,1123.550903,N/A,N/A,5.00e-05,3834.02,128.00,455114,N/A,2025-08-19 21:16:00
1872,1196.225342,N/A,N/A,5.00e-05,3867.70,128.00,455370,N/A,2025-08-19 21:16:00
1873,1237.831421,N/A,N/A,5.00e-05,3854.95,128.00,455626,N/A,2025-08-19 21:16:00
1874,1148.217773,N/A,N/A,5.00e-05,3786.66,128.00,455882,N/A,2025-08-19 21:16:00
1875,1125.435059,N/A,N/A,5.00e-05,3636.70,128.00,456138,N/A,2025-08-19 21:16:00
1876,1167.509521,N/A,N/A,5.00e-05,3579.59,128.00,456394,N/A,2025-08-19 21:16:00
1877,1113.223755,N/A,N/A,5.00e-05,3563.47,128.00,456650,N/A,2025-08-19 21:16:00
1878,1200.851807,N/A,N/A,5.00e-05,3560.12,128.00,456906,N/A,2025-08-19 21:16:01
1879,878.414429,N/A,N/A,5.00e-05,3495.53,128.00,457162,N/A,2025-08-19 21:16:01
1880,1185.021851,N/A,N/A,5.00e-05,3396.69,128.00,457418,1.0000,2025-08-19 21:16:01
1881,1141.075439,N/A,N/A,5.00e-05,3363.36,128.00,457674,N/A,2025-08-19 21:16:01
1882,1294.978149,N/A,N/A,5.00e-05,3380.95,128.00,457930,N/A,2025-08-19 21:16:01
1883,562.018433,N/A,N/A,5.00e-05,3405.48,128.00,458186,N/A,2025-08-19 21:16:01
1884,1031.850830,N/A,N/A,5.00e-05,3599.32,128.00,458442,N/A,2025-08-19 21:16:01
1885,1019.022095,N/A,N/A,5.00e-05,3669.42,128.00,458698,N/A,2025-08-19 21:16:01
1886,1161.869019,N/A,N/A,5.00e-05,3717.55,128.00,458954,N/A,2025-08-19 21:16:01
1887,1484.046509,N/A,N/A,5.00e-05,3674.73,128.00,459210,N/A,2025-08-19 21:16:01
1888,1187.969238,N/A,N/A,5.00e-05,3737.96,128.00,459466,N/A,2025-08-19 21:16:01
1889,997.382568,N/A,N/A,5.00e-05,3735.11,128.00,459722,N/A,2025-08-19 21:16:01
1890,800.067871,N/A,N/A,5.00e-05,3627.11,84.00,459890,1.0000,2025-08-19 21:16:01
1891,1041.195435,N/A,N/A,5.00e-05,3528.03,128.00,460146,N/A,2025-08-19 21:16:02
1892,716.455933,N/A,N/A,5.00e-05,3406.44,77.00,460300,N/A,2025-08-19 21:16:02
1893,1432.293457,N/A,N/A,5.00e-05,3243.23,117.00,460534,N/A,2025-08-19 21:16:02
1894,740.417053,N/A,N/A,5.00e-05,2992.80,75.00,460684,N/A,2025-08-19 21:16:02
1895,1346.871582,N/A,N/A,5.00e-05,2987.28,128.00,460940,N/A,2025-08-19 21:16:02
1896,990.731567,N/A,N/A,5.00e-05,2901.01,97.00,461134,N/A,2025-08-19 21:16:02
1897,976.058228,N/A,N/A,5.00e-05,2984.11,128.00,461390,N/A,2025-08-19 21:16:02
1898,680.748230,N/A,N/A,5.00e-05,2788.01,77.00,461544,N/A,2025-08-19 21:16:02
1899,1312.620361,N/A,N/A,5.00e-05,2750.89,128.00,461800,N/A,2025-08-19 21:16:02
1900,633.999695,N/A,N/A,5.00e-05,2577.28,68.50,461937,1.0000,2025-08-19 21:16:02
